block_hour,horizon_min,kt_now,final_forecast_kw,residual_kw,date
7.0,15.0,0.11787830938012066,278.1485357432867,74.14146425671333,2026-07-01
7.25,30.0,0.11787830938012066,375.6956471821314,254.30435281786862,2026-07-01
7.5,45.0,0.11787830938012066,477.7763318447575,229.02366815524243,2026-07-01
7.75,60.0,0.11787830938012066,579.8664407647926,366.3335592352074,2026-07-01
8.0,75.0,0.11787830938012066,683.1654402976509,84.83455970234911,2026-07-01
8.25,90.0,0.11787830938012066,786.4720263141886,-16.072026314188633,2026-07-01
8.5,105.0,0.11787830938012066,887.4577222850908,584.9422777149093,2026-07-01
8.75,120.0,0.11787830938012066,980.502690121038,2792.297309878962,2026-07-01
9.0,135.0,0.11787830938012066,1073.281204746531,4581.118795253468,2026-07-01
9.25,150.0,0.11787830938012066,1163.5848415623982,4985.215158437602,2026-07-01
9.5,165.0,0.11787830938012066,1248.2313271986743,6079.568672801326,2026-07-01
9.75,180.0,0.11787830938012066,1327.6772550010364,5617.322744998964,2026-07-01
10.0,195.0,0.11787830938012066,1402.937213852689,6542.132786147311,2026-07-01
10.25,210.0,0.11787830938012066,1474.6801891486264,4841.519810851373,2026-07-01
10.5,225.0,0.11787830938012066,1541.9711397791752,3386.4288602208244,2026-07-01
10.75,240.0,0.11787830938012066,1614.2243452876846,2497.5756547123156,2026-07-01
11.0,255.0,0.11787830938012066,1678.1274509139628,2367.672549086037,2026-07-01
11.25,270.0,0.11787830938012066,1736.5113505685688,2761.6886494314313,2026-07-01
11.5,285.0,0.11787830938012066,1787.4406814251704,3793.759318574829,2026-07-01
11.75,300.0,0.11787830938012066,1835.733210970723,4123.466789029277,2026-07-01
12.0,315.0,0.11787830938012066,1878.127483198749,3891.5125168012514,2026-07-01
12.25,330.0,0.11787830938012066,1913.807450958448,3989.5925490415516,2026-07-01
12.5,345.0,0.11787830938012066,1941.733568134211,3931.6664318657886,2026-07-01
12.75,360.0,0.11787830938012066,1942.7567103594067,6364.2432896405935,2026-07-01
13.0,375.0,0.11787830938012066,1941.7306866637,5819.2693133363,2026-07-01
13.25,390.0,0.11787830938012066,1936.2673668637176,6482.5926331362825,2026-07-01
13.5,405.0,0.11787830938012066,1924.2787177971536,6964.511282202848,2026-07-01
13.75,420.0,0.11787830938012066,1875.8287586882288,5642.7712413117715,2026-07-01
14.0,435.0,0.11787830938012066,1821.262432273657,4358.737567726343,2026-07-01
14.25,450.0,0.11787830938012066,1760.7486602798488,5982.251339720151,2026-07-01
14.5,465.0,0.11787830938012066,1695.2206928195696,7274.1793071804295,2026-07-01
14.75,480.0,0.11787830938012066,1608.513326509138,6285.086673490862,2026-07-01
15.0,495.0,0.11787830938012066,1517.189887199177,4396.450112800823,2026-07-01
15.25,510.0,0.11787830938012066,1420.7399837776372,9269.880016222363,2026-07-01
15.5,525.0,0.11787830938012066,1318.3232118639578,4661.536788136042,2026-07-01
15.75,540.0,0.11787830938012066,1209.4169504397516,3940.3830495602488,2026-07-01
16.0,555.0,0.11787830938012066,1098.570099823836,3559.8299001761634,2026-07-01
16.25,570.0,0.11787830938012066,984.846356041482,4590.953643958518,2026-07-01
16.5,585.0,0.11787830938012066,869.8182661993811,2623.381733800619,2026-07-01
16.75,600.0,0.11787830938012066,753.3718374312772,3940.428162568723,2026-07-01
17.0,615.0,0.11787830938012066,637.2375011946434,2887.5524988053567,2026-07-01
17.25,630.0,0.11787830938012066,523.626059766462,1707.1739402335381,2026-07-01
17.5,645.0,0.11787830938012066,413.7951609298969,864.2048390701032,2026-07-01
17.75,660.0,0.11787830938012066,314.5013178594426,1221.4986821405573,2026-07-01
18.0,675.0,0.11787830938012066,225.4586065573639,899.541393442636,2026-07-01
18.25,690.0,0.11787830938012066,151.23039895434027,591.5696010456597,2026-07-01
18.5,705.0,0.11787830938012066,40.57633644721005,207.22366355278996,2026-07-01
18.75,720.0,0.11787830938012066,1.4213464181199786,41.00865358188002,2026-07-01
19.0,735.0,0.11787830938012066,0.0,0.0,2026-07-01
8.5,15.0,0.15616747339660403,1040.0536970450005,432.3463029549996,2026-07-01
8.75,30.0,0.15616747339660403,1152.005880427347,2620.7941195726535,2026-07-01
9.0,45.0,0.15616747339660403,1260.9777689620114,4393.422231037988,2026-07-01
9.25,60.0,0.15616747339660403,1366.5170757793671,4782.2829242206335,2026-07-01
9.5,75.0,0.15616747339660403,1468.006122702733,5859.7938772972675,2026-07-01
9.75,90.0,0.15616747339660403,1562.397787200054,5382.602212799946,2026-07-01
10.0,105.0,0.15616747339660403,1647.8567061115111,6297.213293888489,2026-07-01
10.25,120.0,0.15616747339660403,1729.9358866008142,4586.264113399186,2026-07-01
10.5,135.0,0.15616747339660403,1810.851638632378,3117.5483613676215,2026-07-01
10.75,150.0,0.15616747339660403,1895.3819350204385,2216.4180649795617,2026-07-01
11.0,165.0,0.15616747339660403,1967.1814560240755,2078.6185439759247,2026-07-01
11.25,180.0,0.15616747339660403,2031.2894452480743,2466.9105547519257,2026-07-01
11.5,195.0,0.15616747339660403,2087.189945726604,3494.010054273396,2026-07-01
11.75,210.0,0.15616747339660403,2137.675905682345,3821.524094317655,2026-07-01
12.0,225.0,0.15616747339660403,2187.160397853506,3582.4796021464945,2026-07-01
12.25,240.0,0.15616747339660403,2229.5970196500584,3673.802980349941,2026-07-01
12.5,255.0,0.15616747339660403,2259.566235098358,3613.8337649016416,2026-07-01
12.75,270.0,0.15616747339660403,2269.31532920853,6037.68467079147,2026-07-01
13.0,285.0,0.15616747339660403,2280.887711355555,5480.112288644445,2026-07-01
13.25,300.0,0.15616747339660403,2280.945626889436,6137.914373110565,2026-07-01
13.5,315.0,0.15616747339660403,2262.758745487763,6626.031254512238,2026-07-01
13.75,330.0,0.15616747339660403,2200.11894830998,5318.48105169002,2026-07-01
14.0,345.0,0.15616747339660403,2124.790102118872,4055.209897881128,2026-07-01
14.25,360.0,0.15616747339660403,2039.7159317411129,5703.284068258887,2026-07-01
14.5,375.0,0.15616747339660403,1957.1668575287156,7012.233142471284,2026-07-01
14.75,390.0,0.15616747339660403,1852.9773592046663,6040.6226407953345,2026-07-01
15.0,405.0,0.15616747339660403,1743.6177880984274,4170.0222119015725,2026-07-01
15.25,420.0,0.15616747339660403,1629.94195367192,9060.678046328081,2026-07-01
15.5,435.0,0.15616747339660403,1512.0603077697851,4467.7996922302145,2026-07-01
15.75,450.0,0.15616747339660403,1384.1936559843775,3765.6063440156227,2026-07-01
16.0,465.0,0.15616747339660403,1253.8890459284316,3404.510954071568,2026-07-01
16.25,480.0,0.15616747339660403,1123.8458094616303,4451.95419053837,2026-07-01
16.5,495.0,0.15616747339660403,992.2360166124846,2500.9639833875153,2026-07-01
16.75,510.0,0.15616747339660403,857.901294812485,3835.898705187515,2026-07-01
17.0,525.0,0.15616747339660403,722.7209565034303,2802.0690434965695,2026-07-01
17.25,540.0,0.15616747339660403,590.62337298646,1640.1766270135402,2026-07-01
17.5,555.0,0.15616747339660403,463.8618174287262,814.1381825712738,2026-07-01
17.75,570.0,0.15616747339660403,348.69199024533447,1187.3080097546656,2026-07-01
18.0,585.0,0.15616747339660403,246.0425446912121,878.9574553087879,2026-07-01
18.25,600.0,0.15616747339660403,160.92946864863416,581.8705313513658,2026-07-01
18.5,615.0,0.15616747339660403,43.55146387525966,204.24853612474035,2026-07-01
18.75,630.0,0.15616747339660403,1.529428396564963,40.90057160343504,2026-07-01
19.0,645.0,0.15616747339660403,0.0,0.0,2026-07-01
10.0,15.0,0.7194540427736242,6063.896004032828,1881.1739959671713,2026-07-01
10.25,30.0,0.7194540427736242,6263.836139352136,52.363860647863476,2026-07-01
10.5,45.0,0.7194540427736242,6433.622065095977,-1505.222065095977,2026-07-01
10.75,60.0,0.7194540427736242,6575.485387646804,-2463.685387646804,2026-07-01
11.0,75.0,0.7194540427736242,6673.192988298435,-2627.392988298435,2026-07-01
11.25,90.0,0.7194540427736242,6732.923759263557,-2234.7237592635574,2026-07-01
11.5,105.0,0.7194540427736242,6723.245545602038,-1142.0455456020381,2026-07-01
11.75,120.0,0.7194540427736242,6675.789082536933,-716.5890825369333,2026-07-01
12.0,135.0,0.7194540427736242,6641.014464972341,-871.3744649723403,2026-07-01
12.25,150.0,0.7194540427736242,6594.521649668745,-691.1216496687457,2026-07-01
12.5,165.0,0.7194540427736242,6575.914653321188,-702.5146533211882,2026-07-01
12.75,180.0,0.7194540427736242,6539.033367566145,1767.966632433855,2026-07-01
13.0,195.0,0.7194540427736242,6498.836754484438,1262.1632455155623,2026-07-01
13.25,210.0,0.7194540427736242,6419.160802576985,1999.699197423016,2026-07-01
13.5,225.0,0.7194540427736242,6314.770152128058,2574.019847871943,2026-07-01
13.75,240.0,0.7194540427736242,6149.760734722702,1368.8392652772982,2026-07-01
14.0,255.0,0.7194540427736242,5955.620397722765,224.37960227723488,2026-07-01
14.25,270.0,0.7194540427736242,5784.094434174456,1958.9055658255438,2026-07-01
14.5,285.0,0.7194540427736242,5704.777695917156,3264.6223040828436,2026-07-01
14.75,300.0,0.7194540427736242,5655.429308843657,2238.1706911563433,2026-07-01
15.0,315.0,0.7194540427736242,5552.942874610392,360.6971253896081,2026-07-01
15.25,330.0,0.7194540427736242,5303.985419927104,5386.634580072897,2026-07-01
15.5,345.0,0.7194540427736242,4952.538579419584,1027.321420580416,2026-07-01
15.75,360.0,0.7194540427736242,4487.289704397483,662.5102956025175,2026-07-01
16.0,375.0,0.7194540427736242,4007.8772567294527,650.5227432705469,2026-07-01
16.25,390.0,0.7194540427736242,3513.6523820285806,2062.1476179714195,2026-07-01
16.5,405.0,0.7194540427736242,3024.50033333563,468.69966666436994,2026-07-01
16.75,420.0,0.7194540427736242,2553.8630178481963,2139.936982151804,2026-07-01
17.0,435.0,0.7194540427736242,2091.228594300825,1433.5614056991749,2026-07-01
17.25,450.0,0.7194540427736242,1642.5087698658108,588.2912301341894,2026-07-01
17.5,465.0,0.7194540427736242,1223.4849638938742,54.51503610612576,2026-07-01
17.75,480.0,0.7194540427736242,852.9230297041482,683.0769702958518,2026-07-01
18.0,495.0,0.7194540427736242,539.2567837731708,585.7432162268292,2026-07-01
18.25,510.0,0.7194540427736242,295.61518232155544,447.1848176784445,2026-07-01
18.5,525.0,0.7194540427736242,83.96912624547947,163.83087375452055,2026-07-01
18.75,540.0,0.7194540427736242,2.940939764179875,39.489060235820126,2026-07-01
19.0,555.0,0.7194540427736242,0.0,0.0,2026-07-01
11.5,15.0,0.3202234655117764,3642.734303017983,1938.4656969820167,2026-07-01
11.75,30.0,0.3202234655117764,3633.563135348372,2325.636864651628,2026-07-01
12.0,45.0,0.3202234655117764,3613.148029285053,2156.4919707149475,2026-07-01
12.25,60.0,0.3202234655117764,3596.1523862881927,2307.247613711807,2026-07-01
12.5,75.0,0.3202234655117764,3607.8355545607496,2265.56444543925,2026-07-01
12.75,90.0,0.3202234655117764,3596.008011118424,4710.991988881577,2026-07-01
13.0,105.0,0.3202234655117764,3565.734424984755,4195.265575015244,2026-07-01
13.25,120.0,0.3202234655117764,3522.471980300983,4896.388019699018,2026-07-01
13.5,135.0,0.3202234655117764,3469.213871650186,5419.576128349815,2026-07-01
13.75,150.0,0.3202234655117764,3358.1017818596406,4160.498218140359,2026-07-01
14.0,165.0,0.3202234655117764,3244.62468270505,2935.37531729495,2026-07-01
14.25,180.0,0.3202234655117764,3166.2023852455254,4576.797614754474,2026-07-01
14.5,195.0,0.3202234655117764,3150.4400160216,5818.9599839784,2026-07-01
14.75,210.0,0.3202234655117764,3248.2175730784847,4645.382426921516,2026-07-01
15.0,225.0,0.3202234655117764,3270.7355915152725,2642.904408484728,2026-07-01
15.25,240.0,0.3202234655117764,3194.369938404092,7496.250061595909,2026-07-01
15.5,255.0,0.3202234655117764,3008.8593781236823,2971.0006218763174,2026-07-01
15.75,270.0,0.3202234655117764,2728.32123741761,2421.47876258239,2026-07-01
16.0,285.0,0.3202234655117764,2405.3274055384686,2253.072594461531,2026-07-01
16.25,300.0,0.3202234655117764,2047.83107496825,3527.96892503175,2026-07-01
16.5,315.0,0.3202234655117764,1705.4010933083396,1787.7989066916602,2026-07-01
16.75,330.0,0.3202234655117764,1404.057706922428,3289.742293077572,2026-07-01
17.0,345.0,0.3202234655117764,1151.1363853196954,2373.6536146803046,2026-07-01
17.25,360.0,0.3202234655117764,920.2160263156404,1310.5839736843598,2026-07-01
17.5,375.0,0.3202234655117764,698.9116178892903,579.0883821107097,2026-07-01
17.75,390.0,0.3202234655117764,505.65782222003367,1030.3421777799663,2026-07-01
18.0,405.0,0.3202234655117764,337.0702901460424,787.9297098539575,2026-07-01
18.25,420.0,0.3202234655117764,201.983424343756,540.8165756562439,2026-07-01
18.5,435.0,0.3202234655117764,55.778984502838746,192.02101549716127,2026-07-01
18.75,450.0,0.3202234655117764,1.9551756347296525,40.47482436527035,2026-07-01
19.0,465.0,0.3202234655117764,0.0,0.0,2026-07-01
13.0,15.0,0.47695175898445685,6135.737849831806,1625.2621501681942,2026-07-01
13.25,30.0,0.47695175898445685,5983.297341337337,2435.562658662664,2026-07-01
13.5,45.0,0.47695175898445685,5817.233195774422,3071.556804225579,2026-07-01
13.75,60.0,0.47695175898445685,5639.831441029543,1878.768558970457,2026-07-01
14.0,75.0,0.47695175898445685,5444.263533902616,735.7364660973844,2026-07-01
14.25,90.0,0.47695175898445685,5266.224285095349,2476.775714904651,2026-07-01
14.5,105.0,0.47695175898445685,5115.003479698942,3854.3965203010575,2026-07-01
14.75,120.0,0.47695175898445685,4961.885792416088,2931.714207583912,2026-07-01
15.0,135.0,0.47695175898445685,4782.527126334073,1131.1128736659275,2026-07-01
15.25,150.0,0.47695175898445685,4555.625594492703,6134.994405507297,2026-07-01
15.5,165.0,0.47695175898445685,4268.7071136020295,1711.1528863979702,2026-07-01
15.75,180.0,0.47695175898445685,3908.918092282626,1240.8819077173744,2026-07-01
16.0,195.0,0.47695175898445685,3506.014954774436,1152.3850452255638,2026-07-01
16.25,210.0,0.47695175898445685,3075.4153248000366,2500.3846751999636,2026-07-01
16.5,225.0,0.47695175898445685,2650.2577938127115,842.9422061872883,2026-07-01
16.75,240.0,0.47695175898445685,2230.155344052174,2463.6446559478263,2026-07-01
17.0,255.0,0.47695175898445685,1843.257719170877,1681.532280829123,2026-07-01
17.25,270.0,0.47695175898445685,1479.0038171058875,751.7961828941127,2026-07-01
17.5,285.0,0.47695175898445685,1135.41044783829,142.5895521617099,2026-07-01
17.75,300.0,0.47695175898445685,826.4777176549367,709.5222823450633,2026-07-01
18.0,315.0,0.47695175898445685,548.4265848232978,576.5734151767022,2026-07-01
18.25,330.0,0.47695175898445685,263.2065403180758,479.5934596819242,2026-07-01
18.5,345.0,0.47695175898445685,73.68848072369313,174.11151927630686,2026-07-01
18.75,360.0,0.47695175898445685,2.5993544411052776,39.83064555889472,2026-07-01
19.0,375.0,0.47695175898445685,0.0,0.0,2026-07-01
14.5,15.0,0.5998226261305097,5908.282414521844,3061.117585478156,2026-07-01
14.75,30.0,0.5998226261305097,5736.170279088721,2157.429720911279,2026-07-01
15.0,45.0,0.5998226261305097,5502.795551584307,410.8444484156935,2026-07-01
15.25,60.0,0.5998226261305097,5199.552693896855,5491.067306103146,2026-07-01
15.5,75.0,0.5998226261305097,4845.342502107689,1134.5174978923105,2026-07-01
15.75,90.0,0.5998226261305097,4425.38324875416,724.4167512458398,2026-07-01
16.0,105.0,0.5998226261305097,3961.148749001483,697.2512509985168,2026-07-01
16.25,120.0,0.5998226261305097,3481.1133074088016,2094.6866925911986,2026-07-01
16.5,135.0,0.5998226261305097,3004.158348364925,489.0416516350747,2026-07-01
16.75,150.0,0.5998226261305097,2524.3261727846943,2169.473827215306,2026-07-01
17.0,165.0,0.5998226261305097,2079.444612464837,1445.345387535163,2026-07-01
17.25,180.0,0.5998226261305097,1663.7287647637618,567.0712352362384,2026-07-01
17.5,195.0,0.5998226261305097,1274.5057703712305,3.494229628769517,2026-07-01
17.75,210.0,0.5998226261305097,922.2965304874634,613.7034695125366,2026-07-01
18.0,225.0,0.5998226261305097,606.5187147034801,518.4812852965199,2026-07-01
18.25,240.0,0.5998226261305097,290.819813705731,451.98018629426895,2026-07-01
18.5,255.0,0.5998226261305097,82.11883438627444,165.68116561372557,2026-07-01
18.75,270.0,0.5998226261305097,2.8932726897814964,39.5367273102185,2026-07-01
19.0,285.0,0.5998226261305097,0.0,0.0,2026-07-01
16.0,15.0,0.7952573377403447,4711.030595890558,-52.63059589055865,2026-07-01
16.25,30.0,0.7952573377403447,4142.860990873554,1432.9390091264459,2026-07-01
16.5,45.0,0.7952573377403447,3570.3333631985943,-77.13336319859445,2026-07-01
16.75,60.0,0.7952573377403447,3001.5659256206736,1692.2340743793266,2026-07-01
17.0,75.0,0.7952573377403447,2467.0285326407507,1057.7614673592493,2026-07-01
17.25,90.0,0.7952573377403447,1967.948524941149,262.8514750588513,2026-07-01
17.5,105.0,0.7952573377403447,1497.2864949563686,-219.28649495636864,2026-07-01
17.75,120.0,0.7952573377403447,1069.7845633701666,466.21543662983345,2026-07-01
18.0,135.0,0.7952573377403447,691.8059778161374,433.19402218386256,2026-07-01
18.25,150.0,0.7952573377403447,330.119178506,412.68082149399993,2026-07-01
18.5,165.0,0.7952573377403447,93.48236714255977,154.31763285744023,2026-07-01
18.75,180.0,0.7952573377403447,3.281648923017751,39.14835107698225,2026-07-01
19.0,195.0,0.7952573377403447,0.0,0.0,2026-07-01
17.5,15.0,0.7464921596395818,1501.887077563105,-223.8870775631051,2026-07-01
17.75,30.0,0.7464921596395818,1072.4528779913308,463.54712200866925,2026-07-01
18.0,45.0,0.7464921596395818,692.9428871500086,432.0571128499914,2026-07-01
18.25,60.0,0.7464921596395818,329.7689101436717,413.03108985632826,2026-07-01
18.5,75.0,0.7464921596395818,93.04742238653915,154.75257761346086,2026-07-01
18.75,90.0,0.7464921596395818,3.261926472673674,39.16807352732633,2026-07-01
19.0,105.0,0.7464921596395818,0.0,0.0,2026-07-01
7.0,15.0,0.18113259526707734,491.3428122184246,91.08718778157532,2026-07-02
7.25,30.0,0.18113259526707734,667.3810875347629,213.4189124652371,2026-07-02
7.5,45.0,0.18113259526707734,853.1080503528585,662.7519496471414,2026-07-02
7.75,60.0,0.18113259526707734,1017.6821658974372,536.3178341025628,2026-07-02
8.0,75.0,0.18113259526707734,1209.802845870154,-44.60284587015394,2026-07-02
8.25,90.0,0.18113259526707734,1418.840939897143,88.95906010285694,2026-07-02
8.5,105.0,0.18113259526707734,1628.1994225960243,70.23057740397576,2026-07-02
8.75,120.0,0.18113259526707734,1796.1420174576692,1328.1479825423307,2026-07-02
9.0,135.0,0.18113259526707734,1981.365701402427,4206.134298597573,2026-07-02
9.25,150.0,0.18113259526707734,2139.1811434309634,3818.8188565690366,2026-07-02
9.5,165.0,0.18113259526707734,2261.4882422377177,2159.911757762282,2026-07-02
9.75,180.0,0.18113259526707734,2329.0173088403167,2743.7726911596833,2026-07-02
10.0,195.0,0.18113259526707734,2380.525262739708,3936.7847372602923,2026-07-02
10.25,210.0,0.18113259526707734,2424.7942589181907,5471.805741081809,2026-07-02
10.5,225.0,0.18113259526707734,2471.8296592288048,5163.770340771196,2026-07-02
10.75,240.0,0.18113259526707734,2522.859948624061,6139.940051375938,2026-07-02
11.0,255.0,0.18113259526707734,2559.952982980026,5445.247017019974,2026-07-02
11.25,270.0,0.18113259526707734,2592.3562968536344,4479.243703146366,2026-07-02
11.5,285.0,0.18113259526707734,2651.726292509723,4669.133707490277,2026-07-02
11.75,300.0,0.18113259526707734,2694.099390057266,5286.500609942734,2026-07-02
12.0,315.0,0.18113259526707734,2682.472364530815,6404.527635469185,2026-07-02
12.25,330.0,0.18113259526707734,2622.4734332252606,6880.326566774738,2026-07-02
12.5,345.0,0.18113259526707734,2600.75501400382,6315.24498599618,2026-07-02
12.75,360.0,0.18113259526707734,2591.736194560518,3387.8638054394823,2026-07-02
13.0,375.0,0.18113259526707734,2563.9729692615,2089.6270307385003,2026-07-02
13.25,390.0,0.18113259526707734,2532.4965831481977,1810.3034168518025,2026-07-02
13.5,405.0,0.18113259526707734,2493.8957255881564,283.50427441184365,2026-07-02
13.75,420.0,0.18113259526707734,2429.773533048773,195.22646695122694,2026-07-02
14.0,435.0,0.18113259526707734,2395.96988711041,1366.6701128895897,2026-07-02
14.25,450.0,0.18113259526707734,2374.357808864858,2855.332191135142,2026-07-02
14.5,465.0,0.18113259526707734,2345.958004825337,3963.041995174663,2026-07-02
14.75,480.0,0.18113259526707734,2286.0065250025773,3235.1934749974225,2026-07-02
15.0,495.0,0.18113259526707734,2214.9113340570234,1889.0886659429766,2026-07-02
15.25,510.0,0.18113259526707734,2094.688568350657,1500.5114316493427,2026-07-02
15.5,525.0,0.18113259526707734,1938.0485753831283,1349.9514246168717,2026-07-02
15.75,540.0,0.18113259526707734,1757.3453529855335,1813.8546470144663,2026-07-02
16.0,555.0,0.18113259526707734,1580.2929705165834,1228.3070294834165,2026-07-02
16.25,570.0,0.18113259526707734,1396.6302041826948,533.5697958173052,2026-07-02
16.5,585.0,0.18113259526707734,1216.17403014112,501.6259698588799,2026-07-02
16.75,600.0,0.18113259526707734,1029.9077922224474,651.8922077775526,2026-07-02
17.0,615.0,0.18113259526707734,853.5178267055094,669.2821732944906,2026-07-02
17.25,630.0,0.18113259526707734,683.9317565831386,853.2682434168614,2026-07-02
17.5,645.0,0.18113259526707734,525.2200700358093,686.1799299641908,2026-07-02
17.75,660.0,0.18113259526707734,380.3993447017968,124.8006552982032,2026-07-02
18.0,675.0,0.18113259526707734,250.82579729558967,-183.02579729558965,2026-07-02
18.25,690.0,0.18113259526707734,147.59915765625942,-61.799157656259425,2026-07-02
18.5,705.0,0.18113259526707734,48.73525137736734,30.464748622632662,2026-07-02
18.75,720.0,0.18113259526707734,1.7394621881316954,27.510537811868303,2026-07-02
19.0,735.0,0.18113259526707734,0.0,0.0,2026-07-02
8.5,15.0,0.2698015176841064,1942.051019587769,-243.62101958776884,2026-07-02
8.75,30.0,0.2698015176841064,2171.641776903529,952.6482230964712,2026-07-02
9.0,45.0,0.2698015176841064,2419.3235528618256,3768.1764471381744,2026-07-02
9.25,60.0,0.2698015176841064,2636.879726894333,3321.120273105667,2026-07-02
9.5,75.0,0.2698015176841064,2807.647036787478,1613.7529632125215,2026-07-02
9.75,90.0,0.2698015176841064,2928.188226393136,2144.601773606864,2026-07-02
10.0,105.0,0.2698015176841064,2993.1650869939317,3324.1449130060687,2026-07-02
10.25,120.0,0.2698015176841064,3023.517978950522,4873.0820210494785,2026-07-02
10.5,135.0,0.2698015176841064,3086.8767833903507,4548.723216609649,2026-07-02
10.75,150.0,0.2698015176841064,3167.3022904510008,5495.4977095489985,2026-07-02
11.0,165.0,0.2698015176841064,3234.0344847889487,4771.165515211051,2026-07-02
11.25,180.0,0.2698015176841064,3288.563353358576,3783.0366466414243,2026-07-02
11.5,195.0,0.2698015176841064,3357.896310554458,3962.9636894455416,2026-07-02
11.75,210.0,0.2698015176841064,3403.628182663899,4576.971817336102,2026-07-02
12.0,225.0,0.2698015176841064,3413.9439153614444,5673.056084638556,2026-07-02
12.25,240.0,0.2698015176841064,3423.5940467665328,6079.205953233466,2026-07-02
12.5,255.0,0.2698015176841064,3441.4872189709645,5474.512781029036,2026-07-02
12.75,270.0,0.2698015176841064,3432.5664258074376,2547.033574192563,2026-07-02
13.0,285.0,0.2698015176841064,3407.845672918824,1245.7543270811761,2026-07-02
13.25,300.0,0.2698015176841064,3377.166432601708,965.6335673982921,2026-07-02
13.5,315.0,0.2698015176841064,3321.99610825444,-544.59610825444,2026-07-02
13.75,330.0,0.2698015176841064,3232.053421431145,-607.0534214311451,2026-07-02
14.0,345.0,0.2698015176841064,3177.924468617481,584.7155313825187,2026-07-02
14.25,360.0,0.2698015176841064,3132.6915168056976,2096.998483194302,2026-07-02
14.5,375.0,0.2698015176841064,3073.5104215072543,3235.4895784927457,2026-07-02
14.75,390.0,0.2698015176841064,2962.5083646084504,2558.6916353915494,2026-07-02
15.0,405.0,0.2698015176841064,2830.668930943884,1273.3310690561161,2026-07-02
15.25,420.0,0.2698015176841064,2667.179618713512,928.0203812864879,2026-07-02
15.5,435.0,0.2698015176841064,2471.971906234088,816.0280937659122,2026-07-02
15.75,450.0,0.2698015176841064,2243.681365535334,1327.5186344646659,2026-07-02
16.0,465.0,0.2698015176841064,2000.8966619040525,807.7033380959474,2026-07-02
16.25,480.0,0.2698015176841064,1756.4424249822964,173.75757501770363,2026-07-02
16.5,495.0,0.2698015176841064,1529.1504280455904,188.64957195440957,2026-07-02
16.75,510.0,0.2698015176841064,1289.051407917509,392.74859208249086,2026-07-02
17.0,525.0,0.2698015176841064,1054.4764111279112,468.32358887208875,2026-07-02
17.25,540.0,0.2698015176841064,839.3793827709715,697.8206172290286,2026-07-02
17.5,555.0,0.2698015176841064,642.715718007386,568.684281992614,2026-07-02
17.75,570.0,0.2698015176841064,458.64744784675423,46.552552153245756,2026-07-02
18.0,585.0,0.2698015176841064,295.4155759618601,-227.6155759618601,2026-07-02
18.25,600.0,0.2698015176841064,168.0797751667386,-82.27977516673862,2026-07-02
18.5,615.0,0.2698015176841064,54.8619770770256,24.338022922974403,2026-07-02
18.75,630.0,0.2698015176841064,1.956774711240708,27.29322528875929,2026-07-02
19.0,645.0,0.2698015176841064,0.0,0.0,2026-07-02
10.0,15.0,0.564895900245305,4968.898133799251,1348.4118662007495,2026-07-02
10.25,30.0,0.564895900245305,5112.708481304755,2783.8915186952454,2026-07-02
10.5,45.0,0.564895900245305,5249.828446136005,2385.771553863995,2026-07-02
10.75,60.0,0.564895900245305,5382.770950188033,3280.0290498119666,2026-07-02
11.0,75.0,0.564895900245305,5514.591983922473,2490.6080160775264,2026-07-02
11.25,90.0,0.564895900245305,5646.720942058204,1424.8790579417964,2026-07-02
11.5,105.0,0.564895900245305,5787.352391880553,1533.5076081194466,2026-07-02
11.75,120.0,0.564895900245305,5866.5327609492815,2114.067239050719,2026-07-02
12.0,135.0,0.564895900245305,5908.237394062693,3178.762605937307,2026-07-02
12.25,150.0,0.564895900245305,5931.508753522491,3571.291246477508,2026-07-02
12.5,165.0,0.564895900245305,5958.195224926173,2957.804775073827,2026-07-02
12.75,180.0,0.564895900245305,5949.2828063365705,30.31719366342986,2026-07-02
13.0,195.0,0.564895900245305,5899.525577193441,-1245.9255771934404,2026-07-02
13.25,210.0,0.564895900245305,5792.720355736674,-1449.9203557366736,2026-07-02
13.5,225.0,0.564895900245305,5657.711345778757,-2880.311345778757,2026-07-02
13.75,240.0,0.564895900245305,5512.81582111855,-2887.81582111855,2026-07-02
14.0,255.0,0.564895900245305,5408.3782601219245,-1645.7382601219247,2026-07-02
14.25,270.0,0.564895900245305,5298.240246912961,-68.55024691296148,2026-07-02
14.5,285.0,0.564895900245305,5145.936736190678,1163.063263809322,2026-07-02
14.75,300.0,0.564895900245305,4932.969522842676,588.2304771573235,2026-07-02
15.0,315.0,0.564895900245305,4705.413824767579,-601.4138247675792,2026-07-02
15.25,330.0,0.564895900245305,4392.189592494187,-796.9895924941875,2026-07-02
15.5,345.0,0.564895900245305,4038.9807524224007,-750.9807524224007,2026-07-02
15.75,360.0,0.564895900245305,3689.2296920619615,-118.02969206196167,2026-07-02
16.0,375.0,0.564895900245305,3342.1182513380963,-533.5182513380964,2026-07-02
16.25,390.0,0.564895900245305,2958.6479050022085,-1028.4479050022085,2026-07-02
16.5,405.0,0.564895900245305,2580.378811017676,-862.5788110176761,2026-07-02
16.75,420.0,0.564895900245305,2180.347621584265,-498.54762158426524,2026-07-02
17.0,435.0,0.564895900245305,1779.265727327279,-256.46572732727896,2026-07-02
17.25,450.0,0.564895900245305,1402.8693346107016,134.33066538929847,2026-07-02
17.5,465.0,0.564895900245305,1057.735106068037,153.66489393196298,2026-07-02
17.75,480.0,0.564895900245305,735.8032470265275,-230.60324702652753,2026-07-02
18.0,495.0,0.564895900245305,456.7645726863664,-388.9645726863664,2026-07-02
18.25,510.0,0.564895900245305,241.16924941577503,-155.36924941577502,2026-07-02
18.5,525.0,0.564895900245305,76.20767343281508,2.992326567184918,2026-07-02
18.75,540.0,0.564895900245305,2.7025419847992684,26.547458015200732,2026-07-02
19.0,555.0,0.564895900245305,0.0,0.0,2026-07-02
11.5,15.0,0.6172983591678801,6398.425988938394,922.4340110616058,2026-07-02
11.75,30.0,0.6172983591678801,6474.253476222004,1506.3465237779965,2026-07-02
12.0,45.0,0.6172983591678801,6511.645572711424,2575.3544272885756,2026-07-02
12.25,60.0,0.6172983591678801,6502.835394622086,2999.9646053779134,2026-07-02
12.5,75.0,0.6172983591678801,6514.863790762326,2401.136209237674,2026-07-02
12.75,90.0,0.6172983591678801,6490.646336919624,-511.0463369196241,2026-07-02
13.0,105.0,0.6172983591678801,6404.414811887666,-1750.8148118876652,2026-07-02
13.25,120.0,0.6172983591678801,6287.675630120882,-1944.8756301208814,2026-07-02
13.5,135.0,0.6172983591678801,6163.141084634077,-3385.7410846340767,2026-07-02
13.75,150.0,0.6172983591678801,5992.506403117828,-3367.506403117828,2026-07-02
14.0,165.0,0.6172983591678801,5845.989274354838,-2083.349274354838,2026-07-02
14.25,180.0,0.6172983591678801,5692.566652166098,-462.8766521660982,2026-07-02
14.5,195.0,0.6172983591678801,5507.689494032788,801.3105059672116,2026-07-02
14.75,210.0,0.6172983591678801,5280.389747856908,240.81025214309193,2026-07-02
15.0,225.0,0.6172983591678801,5027.701426626547,-923.7014266265469,2026-07-02
15.25,240.0,0.6172983591678801,4695.083968182561,-1099.8839681825611,2026-07-02
15.5,255.0,0.6172983591678801,4331.475394513869,-1043.475394513869,2026-07-02
15.75,270.0,0.6172983591678801,3957.572396793104,-386.37239679310414,2026-07-02
16.0,285.0,0.6172983591678801,3576.723890192621,-768.1238901926213,2026-07-02
16.25,300.0,0.6172983591678801,3158.184902726029,-1227.984902726029,2026-07-02
16.5,315.0,0.6172983591678801,2739.7600209474654,-1021.9600209474654,2026-07-02
16.75,330.0,0.6172983591678801,2308.0707710576694,-626.2707710576694,2026-07-02
17.0,345.0,0.6172983591678801,1885.8710104872816,-363.0710104872817,2026-07-02
17.25,360.0,0.6172983591678801,1481.2006524904457,55.999347509554354,2026-07-02
17.5,375.0,0.6172983591678801,1120.858016616428,90.54198338357219,2026-07-02
17.75,390.0,0.6172983591678801,784.8498500368122,-279.6498500368122,2026-07-02
18.0,405.0,0.6172983591678801,486.68882611505165,-418.88882611505164,2026-07-02
18.25,420.0,0.6172983591678801,254.52028476063205,-168.72028476063207,2026-07-02
18.5,435.0,0.6172983591678801,80.40398168315535,-1.203981683155348,2026-07-02
18.75,450.0,0.6172983591678801,2.858899571739353,26.391100428260646,2026-07-02
19.0,465.0,0.6172983591678801,0.0,0.0,2026-07-02
13.0,15.0,0.6131137864683652,7035.435944044876,-2381.8359440448758,2026-07-02
13.25,30.0,0.6131137864683652,6951.772104622753,-2608.9721046227532,2026-07-02
13.5,45.0,0.6131137864683652,6860.7824911388525,-4083.3824911388524,2026-07-02
13.75,60.0,0.6131137864683652,6656.477627672402,-4031.4776276724024,2026-07-02
14.0,75.0,0.6131137864683652,6453.264607303679,-2690.6246073036796,2026-07-02
14.25,90.0,0.6131137864683652,6251.355454190889,-1021.6654541908892,2026-07-02
14.5,105.0,0.6131137864683652,5999.075822863372,309.9241771366278,2026-07-02
14.75,120.0,0.6131137864683652,5684.451119762267,-163.25111976226708,2026-07-02
15.0,135.0,0.6131137864683652,5345.639337666147,-1241.6393376661472,2026-07-02
15.25,150.0,0.6131137864683652,4926.165066602086,-1330.9650666020862,2026-07-02
15.5,165.0,0.6131137864683652,4483.1381501825945,-1195.1381501825945,2026-07-02
15.75,180.0,0.6131137864683652,4063.194515532945,-491.9945155329451,2026-07-02
16.0,195.0,0.6131137864683652,3641.415135485112,-832.815135485112,2026-07-02
16.25,210.0,0.6131137864683652,3188.856041995444,-1258.6560419954437,2026-07-02
16.5,225.0,0.6131137864683652,2739.357296794725,-1021.5572967947248,2026-07-02
16.75,240.0,0.6131137864683652,2310.8881768101246,-629.0881768101247,2026-07-02
17.0,255.0,0.6131137864683652,1878.740900133999,-355.9409001339991,2026-07-02
17.25,270.0,0.6131137864683652,1470.8329307188667,66.36706928113335,2026-07-02
17.5,285.0,0.6131137864683652,1104.4085850399435,106.99141496005655,2026-07-02
17.75,300.0,0.6131137864683652,778.0610457289988,-272.8610457289988,2026-07-02
18.0,315.0,0.6131137864683652,475.9983765266312,-408.1983765266312,2026-07-02
18.25,330.0,0.6131137864683652,245.4988854429576,-159.6988854429576,2026-07-02
18.5,345.0,0.6131137864683652,79.4229874105524,-0.2229874105523919,2026-07-02
18.75,360.0,0.6131137864683652,2.830114110984636,26.419885889015365,2026-07-02
19.0,375.0,0.6131137864683652,0.0,0.0,2026-07-02
14.5,15.0,0.27286318012956234,3613.9721972542047,2695.0278027457953,2026-07-02
14.75,30.0,0.27286318012956234,3445.8673584792546,2075.3326415207453,2026-07-02
15.0,45.0,0.27286318012956234,3254.6572066075296,849.3427933924704,2026-07-02
15.25,60.0,0.27286318012956234,2994.0114063208507,601.1885936791491,2026-07-02
15.5,75.0,0.27286318012956234,2704.221273519104,583.7787264808958,2026-07-02
15.75,90.0,0.27286318012956234,2440.416845338041,1130.7831546619586,2026-07-02
16.0,105.0,0.27286318012956234,2161.3624140186603,647.2375859813396,2026-07-02
16.25,120.0,0.27286318012956234,1870.678017274906,59.52198272509395,2026-07-02
16.5,135.0,0.27286318012956234,1582.9564298610696,134.84357013893032,2026-07-02
16.75,150.0,0.27286318012956234,1332.5871362053394,349.2128637946605,2026-07-02
17.0,165.0,0.27286318012956234,1090.9761081632992,431.8238918367008,2026-07-02
17.25,180.0,0.27286318012956234,861.6365489163263,675.5634510836737,2026-07-02
17.5,195.0,0.27286318012956234,646.8470811529179,564.5529188470822,2026-07-02
17.75,210.0,0.27286318012956234,462.5594132395348,42.64058676046517,2026-07-02
18.0,225.0,0.27286318012956234,299.9353518326721,-232.1353518326721,2026-07-02
18.25,240.0,0.27286318012956234,167.85586464249076,-82.05586464249076,2026-07-02
18.5,255.0,0.27286318012956234,56.24259680712043,22.957403192879575,2026-07-02
18.75,270.0,0.27286318012956234,1.9918452788328704,27.25815472116713,2026-07-02
19.0,285.0,0.27286318012956234,0.0,0.0,2026-07-02
16.0,15.0,0.3972744342374727,2588.0714705468013,220.52852945319864,2026-07-02
16.25,30.0,0.3972744342374727,2263.167693284001,-332.9676932840009,2026-07-02
16.5,45.0,0.3972744342374727,1941.587026443793,-223.78702644379314,2026-07-02
16.75,60.0,0.3972744342374727,1644.3583732522288,37.441626747771124,2026-07-02
17.0,75.0,0.3972744342374727,1347.382832163515,175.41716783648485,2026-07-02
17.25,90.0,0.3972744342374727,1065.4062826640568,471.79371733594326,2026-07-02
17.5,105.0,0.3972744342374727,798.5773284249387,412.82267157506135,2026-07-02
17.75,120.0,0.3972744342374727,565.982714413529,-60.78271441352905,2026-07-02
18.0,135.0,0.3972744342374727,360.9284441636665,-293.1284441636665,2026-07-02
18.25,150.0,0.3972744342374727,196.93625203937867,-111.13625203937868,2026-07-02
18.5,165.0,0.3972744342374727,65.1568955433303,14.04310445666971,2026-07-02
18.75,180.0,0.3972744342374727,2.312172635126579,26.93782736487342,2026-07-02
19.0,195.0,0.3972744342374727,0.0,0.0,2026-07-02
17.5,15.0,0.3520697497435421,759.6646813297629,451.73531867023723,2026-07-02
17.75,30.0,0.3520697497435421,538.9864293318352,-33.78642933183522,2026-07-02
18.0,45.0,0.3520697497435421,344.60881163640244,-276.8088116364024,2026-07-02
18.25,60.0,0.3520697497435421,188.61707015064064,-102.81707015064065,2026-07-02
18.5,75.0,0.3520697497435421,62.53691341974559,16.663086580254415,2026-07-02
18.75,90.0,0.3520697497435421,2.221898144289592,27.028101855710407,2026-07-02
19.0,105.0,0.3520697497435421,0.0,0.0,2026-07-02
7.0,15.0,0.28763761315169684,488.49316242226143,-3.133162422261421,2026-07-03
7.25,30.0,0.28763761315169684,663.410084201799,14.589915798200991,2026-07-03
7.5,45.0,0.28763761315169684,845.7140370017821,-45.3540370017821,2026-07-03
7.75,60.0,0.28763761315169684,1041.585786867602,298.814213132398,2026-07-03
8.0,75.0,0.28763761315169684,1264.9120150457795,322.0879849542205,2026-07-03
8.25,90.0,0.28763761315169684,1514.7887406273708,-396.3887406273707,2026-07-03
8.5,105.0,0.28763761315169684,1767.8133086389228,-789.8133086389228,2026-07-03
8.75,120.0,0.28763761315169684,2010.713859801726,-717.113859801726,2026-07-03
9.0,135.0,0.28763761315169684,2214.8377209078217,-633.2377209078218,2026-07-03
9.25,150.0,0.28763761315169684,2396.435582254346,142.16441774565374,2026-07-03
9.5,165.0,0.28763761315169684,2566.979317339109,66.16068266089087,2026-07-03
9.75,180.0,0.28763761315169684,2714.5989483458707,418.60105165412915,2026-07-03
10.0,195.0,0.28763761315169684,2826.803781740821,1652.1962182591792,2026-07-03
10.25,210.0,0.28763761315169684,2947.8121892398126,904.1878107601874,2026-07-03
10.5,225.0,0.28763761315169684,3079.699445335448,1109.5005546645516,2026-07-03
10.75,240.0,0.28763761315169684,3223.9366180863763,-34.07661808637613,2026-07-03
11.0,255.0,0.28763761315169684,3363.635645041624,-1377.6356450416238,2026-07-03
11.25,270.0,0.28763761315169684,3492.5200280344297,-1672.1200280344297,2026-07-03
11.5,285.0,0.28763761315169684,3569.7948933617786,-945.3948933617785,2026-07-03
11.75,300.0,0.28763761315169684,3631.6125963524046,-1093.6125963524046,2026-07-03
12.0,315.0,0.28763761315169684,3689.659235631542,-1494.2592356315417,2026-07-03
12.25,330.0,0.28763761315169684,3745.706144723437,-1613.3461447234367,2026-07-03
12.5,345.0,0.28763761315169684,3766.048836855242,-1325.2488368552417,2026-07-03
12.75,360.0,0.28763761315169684,3717.742875607952,-1888.9428756079521,2026-07-03
13.0,375.0,0.28763761315169684,3674.6481832520753,-1842.5081832520752,2026-07-03
13.25,390.0,0.28763761315169684,3638.962755915241,-443.362755915241,2026-07-03
13.5,405.0,0.28763761315169684,3595.7262296345966,187.27377036540338,2026-07-03
13.75,420.0,0.28763761315169684,3532.5110246987747,26.08897530122522,2026-07-03
14.0,435.0,0.28763761315169684,3498.113766503559,-1013.513766503559,2026-07-03
14.25,450.0,0.28763761315169684,3453.4364242702723,-943.6364242702721,2026-07-03
14.5,465.0,0.28763761315169684,3363.37530212073,344.0246978792702,2026-07-03
14.75,480.0,0.28763761315169684,3207.3248524215624,-689.7248524215624,2026-07-03
15.0,495.0,0.28763761315169684,3001.4333713436245,-1989.8333713436245,2026-07-03
15.25,510.0,0.28763761315169684,2784.344057463369,-1120.5440574633692,2026-07-03
15.5,525.0,0.28763761315169684,2560.9625899319526,1144.4674100680472,2026-07-03
15.75,540.0,0.28763761315169684,2321.725380707313,626.0746192926872,2026-07-03
16.0,555.0,0.28763761315169684,2067.610142727249,-24.010142727248876,2026-07-03
16.25,570.0,0.28763761315169684,1825.694014767565,-344.29401476756493,2026-07-03
16.5,585.0,0.28763761315169684,1593.26734059308,-686.34734059308,2026-07-03
16.75,600.0,0.28763761315169684,1366.494499247942,-135.29449924794199,2026-07-03
17.0,615.0,0.28763761315169684,1145.802649694056,-66.40264969405598,2026-07-03
17.25,630.0,0.28763761315169684,931.4503558891236,-158.74035588912352,2026-07-03
17.5,645.0,0.28763761315169684,716.2518788064638,-716.2518788064638,2026-07-03
17.75,660.0,0.28763761315169684,517.8930853265734,-517.8930853265734,2026-07-03
18.0,675.0,0.28763761315169684,349.4566866621116,-349.4566866621116,2026-07-03
18.25,690.0,0.28763761315169684,209.04149986793325,-209.04149986793325,2026-07-03
18.5,705.0,0.28763761315169684,57.13829021183849,-57.13829021183849,2026-07-03
18.75,720.0,0.28763761315169684,2.049750084710668,-2.049750084710668,2026-07-03
19.0,735.0,0.28763761315169684,0.0,0.0,2026-07-03
8.5,15.0,0.23912826822471633,1409.8546737852982,-431.85467378529825,2026-07-03
8.75,30.0,0.23912826822471633,1624.286124541369,-330.68612454136905,2026-07-03
9.0,45.0,0.23912826822471633,1813.573338684388,-231.97333868438818,2026-07-03
9.25,60.0,0.23912826822471633,1980.4152412905055,558.1847587094944,2026-07-03
9.5,75.0,0.23912826822471633,2139.403692493011,493.73630750698885,2026-07-03
9.75,90.0,0.23912826822471633,2293.517809696496,839.6821903035038,2026-07-03
10.0,105.0,0.23912826822471633,2410.999421543485,2068.000578456515,2026-07-03
10.25,120.0,0.23912826822471633,2531.983881245293,1320.016118754707,2026-07-03
10.5,135.0,0.23912826822471633,2663.819932291699,1525.3800677083009,2026-07-03
10.75,150.0,0.23912826822471633,2802.2994125613764,387.56058743862377,2026-07-03
11.0,165.0,0.23912826822471633,2909.5250124467284,-923.5250124467284,2026-07-03
11.25,180.0,0.23912826822471633,2998.530346475663,-1178.130346475663,2026-07-03
11.5,195.0,0.23912826822471633,3074.799550185774,-450.39955018577393,2026-07-03
11.75,210.0,0.23912826822471633,3147.329445483101,-609.3294454831012,2026-07-03
12.0,225.0,0.23912826822471633,3207.3988000612985,-1011.9988000612984,2026-07-03
12.25,240.0,0.23912826822471633,3272.758088982527,-1140.398088982527,2026-07-03
12.5,255.0,0.23912826822471633,3296.689493417892,-855.889493417892,2026-07-03
12.75,270.0,0.23912826822471633,3270.481161571754,-1441.681161571754,2026-07-03
13.0,285.0,0.23912826822471633,3243.135874250533,-1410.995874250533,2026-07-03
13.25,300.0,0.23912826822471633,3220.861351556322,-25.261351556322097,2026-07-03
13.5,315.0,0.23912826822471633,3179.5362452173977,603.4637547826023,2026-07-03
13.75,330.0,0.23912826822471633,3121.913511463585,436.6864885364148,2026-07-03
14.0,345.0,0.23912826822471633,3076.338104713079,-591.7381047130789,2026-07-03
14.25,360.0,0.23912826822471633,3002.7103848680176,-492.91038486801745,2026-07-03
14.5,375.0,0.23912826822471633,2912.280911176439,795.119088823561,2026-07-03
14.75,390.0,0.23912826822471633,2785.743019777145,-268.1430197771451,2026-07-03
15.0,405.0,0.23912826822471633,2618.273540143808,-1606.6735401438082,2026-07-03
15.25,420.0,0.23912826822471633,2429.9809717386306,-766.1809717386307,2026-07-03
15.5,435.0,0.23912826822471633,2240.0501432624137,1465.3798567375861,2026-07-03
15.75,450.0,0.23912826822471633,2040.0420620198051,907.757937980195,2026-07-03
16.0,465.0,0.23912826822471633,1822.5722376225067,221.02776237749322,2026-07-03
16.25,480.0,0.23912826822471633,1614.7692210058658,-133.3692210058657,2026-07-03
16.5,495.0,0.23912826822471633,1411.9335232211538,-505.01352322115383,2026-07-03
16.75,510.0,0.23912826822471633,1213.6527109055955,17.547289094404505,2026-07-03
17.0,525.0,0.23912826822471633,1013.9889750157704,65.4110249842297,2026-07-03
17.25,540.0,0.23912826822471633,824.1462255355428,-51.4362255355428,2026-07-03
17.5,555.0,0.23912826822471633,641.3346818461688,-641.3346818461688,2026-07-03
17.75,570.0,0.23912826822471633,469.9621023736079,-469.9621023736079,2026-07-03
18.0,585.0,0.23912826822471633,320.74422411913264,-320.74422411913264,2026-07-03
18.25,600.0,0.23912826822471633,195.190595988706,-195.190595988706,2026-07-03
18.5,615.0,0.23912826822471633,53.059605285254094,-53.059605285254094,2026-07-03
18.75,630.0,0.23912826822471633,1.9110572233555312,-1.9110572233555312,2026-07-03
19.0,645.0,0.23912826822471633,0.0,0.0,2026-07-03
10.0,15.0,0.23147307248382162,2256.939644120196,2222.060355879804,2026-07-03
10.25,30.0,0.23147307248382162,2386.067686559225,1465.932313440775,2026-07-03
10.5,45.0,0.23147307248382162,2516.281224004525,1672.9187759954748,2026-07-03
10.75,60.0,0.23147307248382162,2652.896028449781,536.963971550219,2026-07-03
11.0,75.0,0.23147307248382162,2772.874915604052,-786.8749156040521,2026-07-03
11.25,90.0,0.23147307248382162,2876.595956144214,-1056.195956144214,2026-07-03
11.5,105.0,0.23147307248382162,2936.893534503246,-312.4935345032459,2026-07-03
11.75,120.0,0.23147307248382162,2992.5879788566385,-454.58797885663853,2026-07-03
12.0,135.0,0.23147307248382162,3044.36403973238,-848.9640397323801,2026-07-03
12.25,150.0,0.23147307248382162,3112.016532975425,-979.6565329754249,2026-07-03
12.5,165.0,0.23147307248382162,3159.3694476453074,-718.5694476453073,2026-07-03
12.75,180.0,0.23147307248382162,3154.737389083459,-1325.9373890834593,2026-07-03
13.0,195.0,0.23147307248382162,3136.3677337722074,-1304.2277337722073,2026-07-03
13.25,210.0,0.23147307248382162,3108.607015394849,86.99298460515092,2026-07-03
13.5,225.0,0.23147307248382162,3072.579332433485,710.420667566515,2026-07-03
13.75,240.0,0.23147307248382162,3014.819308544681,543.7806914553189,2026-07-03
14.0,255.0,0.23147307248382162,2966.3922857291354,-481.79228572913553,2026-07-03
14.25,270.0,0.23147307248382162,2894.5554354160386,-384.7554354160384,2026-07-03
14.5,285.0,0.23147307248382162,2783.594661636148,923.8053383638521,2026-07-03
14.75,300.0,0.23147307248382162,2639.410897762067,-121.81089776206727,2026-07-03
15.0,315.0,0.23147307248382162,2476.318360824804,-1464.7183608248042,2026-07-03
15.25,330.0,0.23147307248382162,2306.783381560221,-642.9833815602212,2026-07-03
15.5,345.0,0.23147307248382162,2137.244502673762,1568.185497326238,2026-07-03
15.75,360.0,0.23147307248382162,1955.0486439017748,992.7513560982254,2026-07-03
16.0,375.0,0.23147307248382162,1765.413242677059,278.1867573229408,2026-07-03
16.25,390.0,0.23147307248382162,1569.8128729183727,-88.41287291837261,2026-07-03
16.5,405.0,0.23147307248382162,1372.303786591444,-465.38378659144394,2026-07-03
16.75,420.0,0.23147307248382162,1178.843926029905,52.35607397009494,2026-07-03
17.0,435.0,0.23147307248382162,992.423223683103,86.97677631689714,2026-07-03
17.25,450.0,0.23147307248382162,811.3385227251209,-38.62852272512089,2026-07-03
17.5,465.0,0.23147307248382162,632.2956341665899,-632.2956341665899,2026-07-03
17.75,480.0,0.23147307248382162,465.759888879322,-465.759888879322,2026-07-03
18.0,495.0,0.23147307248382162,319.28536196616227,-319.28536196616227,2026-07-03
18.25,510.0,0.23147307248382162,194.3405206901594,-194.3405206901594,2026-07-03
18.5,525.0,0.23147307248382162,52.56159773034564,-52.56159773034564,2026-07-03
18.75,540.0,0.23147307248382162,1.8914314088181257,-1.8914314088181257,2026-07-03
19.0,555.0,0.23147307248382162,0.0,0.0,2026-07-03
11.5,15.0,0.21628240901241103,2600.35237902822,24.047620971779907,2026-07-03
11.75,30.0,0.21628240901241103,2685.898544417032,-147.8985444170321,2026-07-03
12.0,45.0,0.21628240901241103,2765.014263112704,-569.6142631127041,2026-07-03
12.25,60.0,0.21628240901241103,2841.218776238508,-708.8587762385077,2026-07-03
12.5,75.0,0.21628240901241103,2891.1146310783256,-450.3146310783254,2026-07-03
12.75,90.0,0.21628240901241103,2890.232636998636,-1061.4326369986359,2026-07-03
13.0,105.0,0.21628240901241103,2878.314574743231,-1046.1745747432308,2026-07-03
13.25,120.0,0.21628240901241103,2870.6824832764373,324.9175167235626,2026-07-03
13.5,135.0,0.21628240901241103,2853.12525038836,929.8747496116398,2026-07-03
13.75,150.0,0.21628240901241103,2805.5362039482693,753.0637960517306,2026-07-03
14.0,165.0,0.21628240901241103,2757.3581870704256,-272.7581870704257,2026-07-03
14.25,180.0,0.21628240901241103,2687.51344869665,-177.71344869664972,2026-07-03
14.5,195.0,0.21628240901241103,2605.468815701201,1101.931184298799,2026-07-03
14.75,210.0,0.21628240901241103,2494.786646103482,22.813353896518038,2026-07-03
15.0,225.0,0.21628240901241103,2357.7400952015687,-1346.1400952015688,2026-07-03
15.25,240.0,0.21628240901241103,2205.5879250791354,-541.7879250791354,2026-07-03
15.5,255.0,0.21628240901241103,2041.0603211040705,1664.3696788959294,2026-07-03
15.75,270.0,0.21628240901241103,1862.0006589277964,1085.7993410722038,2026-07-03
16.0,285.0,0.21628240901241103,1668.6903989955624,374.9096010044375,2026-07-03
16.25,300.0,0.21628240901241103,1482.7449695409714,-1.3449695409713058,2026-07-03
16.5,315.0,0.21628240901241103,1297.2493959297913,-390.3293959297913,2026-07-03
16.75,330.0,0.21628240901241103,1110.4933737515978,120.70662624840224,2026-07-03
17.0,345.0,0.21628240901241103,931.0882573812144,148.31174261878573,2026-07-03
17.25,360.0,0.21628240901241103,759.8205028801053,12.889497119894713,2026-07-03
17.5,375.0,0.21628240901241103,593.4499585621899,-593.4499585621899,2026-07-03
17.75,390.0,0.21628240901241103,439.9144136595649,-439.9144136595649,2026-07-03
18.0,405.0,0.21628240901241103,306.0498465611213,-306.0498465611213,2026-07-03
18.25,420.0,0.21628240901241103,188.9436080519357,-188.9436080519357,2026-07-03
18.5,435.0,0.21628240901241103,51.07556250754419,-51.07556250754419,2026-07-03
18.75,450.0,0.21628240901241103,1.8374235295235968,-1.8374235295235968,2026-07-03
19.0,465.0,0.21628240901241103,0.0,0.0,2026-07-03
13.0,15.0,0.1726927368040296,3028.507742899742,-1196.3677428997419,2026-07-03
13.25,30.0,0.1726927368040296,2934.443781143204,261.15621885679593,2026-07-03
13.5,45.0,0.1726927368040296,2829.733113577476,953.2668864225238,2026-07-03
13.75,60.0,0.1726927368040296,2725.991404466816,832.6085955331837,2026-07-03
14.0,75.0,0.1726927368040296,2642.7381854305736,-158.13818543057369,2026-07-03
14.25,90.0,0.1726927368040296,2543.2571410611754,-33.45714106117521,2026-07-03
14.5,105.0,0.1726927368040296,2402.560329217072,1304.839670782928,2026-07-03
14.75,120.0,0.1726927368040296,2255.39361986854,262.2063801314598,2026-07-03
15.0,135.0,0.1726927368040296,2097.178313874744,-1085.5783138747443,2026-07-03
15.25,150.0,0.1726927368040296,1927.0650774755156,-263.2650774755157,2026-07-03
15.5,165.0,0.1726927368040296,1745.568603942203,1959.8613960577968,2026-07-03
15.75,180.0,0.1726927368040296,1576.6493442432736,1371.1506557567266,2026-07-03
16.0,195.0,0.1726927368040296,1398.2873198261536,645.3126801738463,2026-07-03
16.25,210.0,0.1726927368040296,1223.788383755336,257.611616244664,2026-07-03
16.5,225.0,0.1726927368040296,1046.909484333004,-139.98948433300404,2026-07-03
16.75,240.0,0.1726927368040296,890.0457655708947,341.1542344291054,2026-07-03
17.0,255.0,0.1726927368040296,737.4583304930272,341.94166950697286,2026-07-03
17.25,270.0,0.1726927368040296,594.156092207312,178.55390779268805,2026-07-03
17.5,285.0,0.1726927368040296,453.8731365618276,-453.8731365618276,2026-07-03
17.75,300.0,0.1726927368040296,332.67743910804006,-332.67743910804006,2026-07-03
18.0,315.0,0.1726927368040296,228.08463222712453,-228.08463222712453,2026-07-03
18.25,330.0,0.1726927368040296,143.8663603008955,-143.8663603008955,2026-07-03
18.5,345.0,0.1726927368040296,46.88393792132852,-46.88393792132852,2026-07-03
18.75,360.0,0.1726927368040296,1.6925172922461946,-1.6925172922461946,2026-07-03
19.0,375.0,0.1726927368040296,0.0,0.0,2026-07-03
14.5,15.0,0.2566480100043286,2868.877351333353,838.522648666647,2026-07-03
14.75,30.0,0.2566480100043286,2714.8562299138243,-197.25622991382443,2026-07-03
15.0,45.0,0.2566480100043286,2532.551644647269,-1520.951644647269,2026-07-03
15.25,60.0,0.2566480100043286,2335.1298012056345,-671.3298012056346,2026-07-03
15.5,75.0,0.2566480100043286,2133.3492939620746,1572.0807060379252,2026-07-03
15.75,90.0,0.2566480100043286,1934.482753627414,1013.3172463725862,2026-07-03
16.0,105.0,0.2566480100043286,1714.5246816693857,329.0753183306142,2026-07-03
16.25,120.0,0.2566480100043286,1501.7405884099044,-20.340588409904285,2026-07-03
16.5,135.0,0.2566480100043286,1294.7952384433684,-387.8752384433684,2026-07-03
16.75,150.0,0.2566480100043286,1105.1822105585504,126.01778944144962,2026-07-03
17.0,165.0,0.2566480100043286,916.2754900671064,163.12450993289372,2026-07-03
17.25,180.0,0.2566480100043286,735.2020248097255,37.50797519027458,2026-07-03
17.5,195.0,0.2566480100043286,559.8295563302812,-559.8295563302812,2026-07-03
17.75,210.0,0.2566480100043286,405.86441294603134,-405.86441294603134,2026-07-03
18.0,225.0,0.2566480100043286,272.64256809987864,-272.64256809987864,2026-07-03
18.25,240.0,0.2566480100043286,165.51360896173955,-165.51360896173955,2026-07-03
18.5,255.0,0.2566480100043286,53.51105125214424,-53.51105125214424,2026-07-03
18.75,270.0,0.2566480100043286,1.9296472157027376,-1.9296472157027376,2026-07-03
19.0,285.0,0.2566480100043286,0.0,0.0,2026-07-03
16.0,15.0,0.2524947484909216,1743.4740617149373,300.1259382850626,2026-07-03
16.25,30.0,0.2524947484909216,1525.642636376727,-44.24263637672698,2026-07-03
16.5,45.0,0.2524947484909216,1307.5031089186632,-400.58310891866324,2026-07-03
16.75,60.0,0.2524947484909216,1111.744207549847,119.45579245015301,2026-07-03
17.0,75.0,0.2524947484909216,920.1410843604432,159.2589156395569,2026-07-03
17.25,90.0,0.2524947484909216,735.8697927824644,36.840207217535635,2026-07-03
17.5,105.0,0.2524947484909216,558.018772542363,-558.018772542363,2026-07-03
17.75,120.0,0.2524947484909216,404.27611846426805,-404.27611846426805,2026-07-03
18.0,135.0,0.2524947484909216,271.4182138572022,-271.4182138572022,2026-07-03
18.25,150.0,0.2524947484909216,164.95589922532636,-164.95589922532636,2026-07-03
18.5,165.0,0.2524947484909216,53.31126281782525,-53.31126281782525,2026-07-03
18.75,180.0,0.2524947484909216,1.9199980123496676,-1.9199980123496676,2026-07-03
19.0,195.0,0.2524947484909216,0.0,0.0,2026-07-03
17.5,15.0,0.2220635883576608,508.8085203871264,-508.8085203871264,2026-07-03
17.75,30.0,0.2220635883576608,372.0225724993585,-372.0225724993585,2026-07-03
18.0,45.0,0.2220635883576608,252.11510167936945,-252.11510167936945,2026-07-03
18.25,60.0,0.2220635883576608,155.6207747771128,-155.6207747771128,2026-07-03
18.5,75.0,0.2220635883576608,50.50955540722772,-50.50955540722772,2026-07-03
18.75,90.0,0.2220635883576608,1.818904642183648,-1.818904642183648,2026-07-03
19.0,105.0,0.2220635883576608,0.0,0.0,2026-07-03
7.0,15.0,0.19294444699477817,413.8051317863878,-8.205131786387767,2026-07-04
7.25,30.0,0.19294444699477817,562.5350834366368,-54.67508343663678,2026-07-04
7.5,45.0,0.19294444699477817,720.9244382869194,-239.12443828691943,2026-07-04
7.75,60.0,0.19294444699477817,881.8078171262825,-146.80781712628254,2026-07-04
8.0,75.0,0.19294444699477817,1050.4645378191854,-117.46453781918535,2026-07-04
8.25,90.0,0.19294444699477817,1223.5639891014305,-135.1639891014304,2026-07-04
8.5,105.0,0.19294444699477817,1392.5287864637005,-178.1287864637004,2026-07-04
8.75,120.0,0.19294444699477817,1538.5437996406686,-281.54379964066857,2026-07-04
9.0,135.0,0.19294444699477817,1688.226045342634,447.17395465736604,2026-07-04
9.25,150.0,0.19294444699477817,1844.6207443026144,1115.7792556973857,2026-07-04
9.5,165.0,0.19294444699477817,1985.209874497261,1193.5901255027393,2026-07-04
9.75,180.0,0.19294444699477817,2109.032507046048,1019.7574929539519,2026-07-04
10.0,195.0,0.19294444699477817,2228.908643723196,1563.691356276804,2026-07-04
10.25,210.0,0.19294444699477817,2346.9760612614978,1691.0239387385022,2026-07-04
10.5,225.0,0.19294444699477817,2462.6271244716227,446.7728755283774,2026-07-04
10.75,240.0,0.19294444699477817,2614.0755500705127,459.7244499294875,2026-07-04
11.0,255.0,0.19294444699477817,2751.370821940532,1973.629178059468,2026-07-04
11.25,270.0,0.19294444699477817,2872.3605155574223,1375.6394844425777,2026-07-04
11.5,285.0,0.19294444699477817,2988.4671504399685,87.73284956003135,2026-07-04
11.75,300.0,0.19294444699477817,3118.8428331908926,735.7271668091075,2026-07-04
12.0,315.0,0.19294444699477817,3239.406710822669,-106.20671082266927,2026-07-04
12.25,330.0,0.19294444699477817,3328.944360532514,-636.1443605325139,2026-07-04
12.5,345.0,0.19294444699477817,3416.117938008963,-1533.317938008963,2026-07-04
12.75,360.0,0.19294444699477817,3471.4140943012,-1853.8140943012,2026-07-04
13.0,375.0,0.19294444699477817,3535.933247648655,13.92675235134493,2026-07-04
13.25,390.0,0.19294444699477817,3579.460615150633,-1415.2606151506334,2026-07-04
13.5,405.0,0.19294444699477817,3620.735534753133,-1440.9355347531327,2026-07-04
13.75,420.0,0.19294444699477817,3595.955722817586,-2274.155722817586,2026-07-04
14.0,435.0,0.19294444699477817,3570.310379763996,-2294.710379763996,2026-07-04
14.25,450.0,0.19294444699477817,3532.0511796932306,-1936.6511796932305,2026-07-04
14.5,465.0,0.19294444699477817,3472.478107815195,-1731.278107815195,2026-07-04
14.75,480.0,0.19294444699477817,3323.3901199107904,-1624.7901199107905,2026-07-04
15.0,495.0,0.19294444699477817,3177.140118545064,-1668.140118545064,2026-07-04
15.25,510.0,0.19294444699477817,3033.5425201684466,-1610.9425201684467,2026-07-04
15.5,525.0,0.19294444699477817,2872.228639126207,-1507.2286391262069,2026-07-04
15.75,540.0,0.19294444699477817,2630.426841992774,-1392.0268419927738,2026-07-04
16.0,555.0,0.19294444699477817,2392.238305866065,-1149.0383058660648,2026-07-04
16.25,570.0,0.19294444699477817,2157.565707000741,-1265.365707000741,2026-07-04
16.5,585.0,0.19294444699477817,1924.1973550658383,-836.9973550658383,2026-07-04
16.75,600.0,0.19294444699477817,1652.1707966561935,-387.97079665619344,2026-07-04
17.0,615.0,0.19294444699477817,1381.190381008406,-235.1903810084059,2026-07-04
17.25,630.0,0.19294444699477817,1115.9810573896243,-55.781057389624266,2026-07-04
17.5,645.0,0.19294444699477817,863.0616368148679,-141.26163681486798,2026-07-04
17.75,660.0,0.19294444699477817,648.4114156558413,-335.21141565584134,2026-07-04
18.0,675.0,0.19294444699477817,391.53009962461147,-134.1300996246115,2026-07-04
18.25,690.0,0.19294444699477817,183.3993739670433,123.20062603295673,2026-07-04
18.5,705.0,0.19294444699477817,53.78349745774651,102.2165025422535,2026-07-04
18.75,720.0,0.19294444699477817,1.9528537272079087,41.247146272792094,2026-07-04
19.0,735.0,0.19294444699477817,0.0,0.0,2026-07-04
8.5,15.0,0.13866818393005406,1062.275707250364,152.1242927496362,2026-07-04
8.75,30.0,0.13866818393005406,1188.078422674432,68.92157732556802,2026-07-04
9.0,45.0,0.13866818393005406,1316.2560950199645,819.1439049800356,2026-07-04
9.25,60.0,0.13866818393005406,1440.375949211052,1520.024050788948,2026-07-04
9.5,75.0,0.13866818393005406,1558.7858653288863,1620.0141346711139,2026-07-04
9.75,90.0,0.13866818393005406,1677.361173791888,1451.428826208112,2026-07-04
10.0,105.0,0.13866818393005406,1783.1483989192257,2009.4516010807743,2026-07-04
10.25,120.0,0.13866818393005406,1883.2281317384247,2154.771868261575,2026-07-04
10.5,135.0,0.13866818393005406,1976.9058596996229,932.4941403003772,2026-07-04
10.75,150.0,0.13866818393005406,2105.629173645974,968.1708263540263,2026-07-04
11.0,165.0,0.13866818393005406,2229.916468405985,2495.083531594015,2026-07-04
11.25,180.0,0.13866818393005406,2349.674795843394,1898.325204156606,2026-07-04
11.5,195.0,0.13866818393005406,2468.066832721926,608.1331672780739,2026-07-04
11.75,210.0,0.13866818393005406,2598.1197095628354,1256.4502904371648,2026-07-04
12.0,225.0,0.13866818393005406,2717.651641471094,415.54835852890574,2026-07-04
12.25,240.0,0.13866818393005406,2821.885612896814,-129.08561289681393,2026-07-04
12.5,255.0,0.13866818393005406,2921.518004281216,-1038.7180042812158,2026-07-04
12.75,270.0,0.13866818393005406,2983.0438003841878,-1365.4438003841879,2026-07-04
13.0,285.0,0.13866818393005406,3038.104589145578,511.7554108544223,2026-07-04
13.25,300.0,0.13866818393005406,3083.818394305679,-919.618394305679,2026-07-04
13.5,315.0,0.13866818393005406,3130.1200833647263,-950.3200833647261,2026-07-04
13.75,330.0,0.13866818393005406,3108.6829020622854,-1786.8829020622854,2026-07-04
14.0,345.0,0.13866818393005406,3082.0976719299715,-1806.4976719299716,2026-07-04
14.25,360.0,0.13866818393005406,3036.1083425560223,-1440.7083425560222,2026-07-04
14.5,375.0,0.13866818393005406,2983.601315495093,-1242.4013154950928,2026-07-04
14.75,390.0,0.13866818393005406,2872.0096268419898,-1173.4096268419898,2026-07-04
15.0,405.0,0.13866818393005406,2763.847216528396,-1254.847216528396,2026-07-04
15.25,420.0,0.13866818393005406,2651.235260478249,-1228.6352604782492,2026-07-04
15.5,435.0,0.13866818393005406,2524.6312950367696,-1159.6312950367696,2026-07-04
15.75,450.0,0.13866818393005406,2323.7695393464264,-1085.3695393464263,2026-07-04
16.0,465.0,0.13866818393005406,2119.403906114845,-876.203906114845,2026-07-04
16.25,480.0,0.13866818393005406,1915.626345040315,-1023.426345040315,2026-07-04
16.5,495.0,0.13866818393005406,1712.0133680671354,-624.8133680671353,2026-07-04
16.75,510.0,0.13866818393005406,1469.151095054283,-204.95109505428286,2026-07-04
17.0,525.0,0.13866818393005406,1231.3876711957153,-85.38767119571526,2026-07-04
17.25,540.0,0.13866818393005406,1000.669811481137,59.53018851886304,2026-07-04
17.5,555.0,0.13866818393005406,778.9698089212898,-57.169808921289814,2026-07-04
17.75,570.0,0.13866818393005406,591.3271281960265,-278.1271281960265,2026-07-04
18.0,585.0,0.13866818393005406,357.4297387175444,-100.02973871754443,2026-07-04
18.25,600.0,0.13866818393005406,167.57289782594407,139.02710217405595,2026-07-04
18.5,615.0,0.13866818393005406,49.09524254595945,106.90475745404055,2026-07-04
18.75,630.0,0.13866818393005406,1.7841697076795997,41.4158302923204,2026-07-04
19.0,645.0,0.13866818393005406,0.0,0.0,2026-07-04
10.0,15.0,0.27100909857484323,2657.9547644390154,1134.6452355609845,2026-07-04
10.25,30.0,0.27100909857484323,2797.569614978555,1240.430385021445,2026-07-04
10.5,45.0,0.27100909857484323,2925.4949823367374,-16.094982336737303,2026-07-04
10.75,60.0,0.27100909857484323,3077.9680834958403,-4.168083495840165,2026-07-04
11.0,75.0,0.27100909857484323,3228.0954444905237,1496.9045555094763,2026-07-04
11.25,90.0,0.27100909857484323,3367.480291602428,880.5197083975718,2026-07-04
11.5,105.0,0.27100909857484323,3484.2624749284064,-408.0624749284066,2026-07-04
11.75,120.0,0.27100909857484323,3615.989139958075,238.580860041925,2026-07-04
12.0,135.0,0.27100909857484323,3745.340934242329,-612.140934242329,2026-07-04
12.25,150.0,0.27100909857484323,3859.177529795821,-1166.377529795821,2026-07-04
12.5,165.0,0.27100909857484323,3956.1639656446623,-2073.363965644662,2026-07-04
12.75,180.0,0.27100909857484323,4006.255092064057,-2388.655092064057,2026-07-04
13.0,195.0,0.27100909857484323,4044.937429268623,-495.07742926862284,2026-07-04
13.25,210.0,0.27100909857484323,4062.453780114529,-1898.253780114529,2026-07-04
13.5,225.0,0.27100909857484323,4089.4077758950752,-1909.607775895075,2026-07-04
13.75,240.0,0.27100909857484323,4051.6335537654095,-2729.8335537654093,2026-07-04
14.0,255.0,0.27100909857484323,4001.22706198,-2725.6270619800002,2026-07-04
14.25,270.0,0.27100909857484323,3933.117449474001,-2337.717449474001,2026-07-04
14.5,285.0,0.27100909857484323,3843.8271703074406,-2102.627170307441,2026-07-04
14.75,300.0,0.27100909857484323,3689.552348190706,-1990.9523481907063,2026-07-04
15.0,315.0,0.27100909857484323,3542.673193057072,-2033.6731930570718,2026-07-04
15.25,330.0,0.27100909857484323,3384.953299475172,-1962.3532994751722,2026-07-04
15.5,345.0,0.27100909857484323,3199.505787534141,-1834.5057875341408,2026-07-04
15.75,360.0,0.27100909857484323,2931.320301161967,-1692.920301161967,2026-07-04
16.0,375.0,0.27100909857484323,2663.7166103397326,-1420.5166103397326,2026-07-04
16.25,390.0,0.27100909857484323,2397.65088012659,-1505.45088012659,2026-07-04
16.5,405.0,0.27100909857484323,2129.914451994472,-1042.714451994472,2026-07-04
16.75,420.0,0.27100909857484323,1821.3703678770808,-557.1703678770807,2026-07-04
17.0,435.0,0.27100909857484323,1519.7704924731402,-373.77049247314017,2026-07-04
17.25,450.0,0.27100909857484323,1226.2684812545822,-166.06848125458214,2026-07-04
17.5,465.0,0.27100909857484323,945.2692750248492,-223.46927502484925,2026-07-04
17.75,480.0,0.27100909857484323,705.2445692543074,-392.0445692543074,2026-07-04
18.0,495.0,0.27100909857484323,425.99182152518864,-168.59182152518866,2026-07-04
18.25,510.0,0.27100909857484323,199.8148297033636,106.78517029663641,2026-07-04
18.5,525.0,0.27100909857484323,58.79147743383424,97.20852256616575,2026-07-04
18.75,540.0,0.27100909857484323,2.136200263001116,41.06379973699889,2026-07-04
19.0,555.0,0.27100909857484323,0.0,0.0,2026-07-04
11.5,15.0,0.2783097864499742,3663.7623485714153,-587.5623485714154,2026-07-04
11.75,30.0,0.2783097864499742,3779.744785229852,74.82521477014825,2026-07-04
12.0,45.0,0.2783097864499742,3892.266228375474,-759.0662283754741,2026-07-04
12.25,60.0,0.2783097864499742,3987.8136001134817,-1295.0136001134815,2026-07-04
12.5,75.0,0.2783097864499742,4077.071918049887,-2194.271918049887,2026-07-04
12.75,90.0,0.2783097864499742,4114.44438194837,-2496.8443819483705,2026-07-04
13.0,105.0,0.2783097864499742,4140.540737311044,-590.6807373110437,2026-07-04
13.25,120.0,0.2783097864499742,4158.1134315370255,-1993.9134315370256,2026-07-04
13.5,135.0,0.2783097864499742,4181.986383224298,-2002.186383224298,2026-07-04
13.75,150.0,0.2783097864499742,4137.647808415622,-2815.8478084156222,2026-07-04
14.0,165.0,0.2783097864499742,4081.978922889564,-2806.378922889564,2026-07-04
14.25,180.0,0.2783097864499742,4002.09820672339,-2406.69820672339,2026-07-04
14.5,195.0,0.2783097864499742,3909.5924382494336,-2168.3924382494333,2026-07-04
14.75,210.0,0.2783097864499742,3751.5090311124727,-2052.909031112473,2026-07-04
15.0,225.0,0.2783097864499742,3597.382351169609,-2088.382351169609,2026-07-04
15.25,240.0,0.2783097864499742,3442.462313448397,-2019.862313448397,2026-07-04
15.5,255.0,0.2783097864499742,3255.1485646331653,-1890.1485646331653,2026-07-04
15.75,270.0,0.2783097864499742,2986.998248400116,-1748.598248400116,2026-07-04
16.0,285.0,0.2783097864499742,2714.7165067111114,-1471.5165067111113,2026-07-04
16.25,300.0,0.2783097864499742,2441.1620952568705,-1548.9620952568705,2026-07-04
16.5,315.0,0.2783097864499742,2166.522571882237,-1079.322571882237,2026-07-04
16.75,330.0,0.2783097864499742,1856.6266151606944,-592.4266151606944,2026-07-04
17.0,345.0,0.2783097864499742,1552.9589604622545,-406.9589604622545,2026-07-04
17.25,360.0,0.2783097864499742,1251.501189097562,-191.30118909756197,2026-07-04
17.5,375.0,0.2783097864499742,963.052836564299,-241.25283656429906,2026-07-04
17.75,390.0,0.2783097864499742,717.7516871541657,-404.5516871541657,2026-07-04
18.0,405.0,0.2783097864499742,433.3476382597235,-175.94763825972353,2026-07-04
18.25,420.0,0.2783097864499742,202.93296833335245,103.66703166664757,2026-07-04
18.5,435.0,0.2783097864499742,59.71377664692739,96.28622335307261,2026-07-04
18.75,450.0,0.2783097864499742,2.1679354582628347,41.03206454173717,2026-07-04
19.0,465.0,0.2783097864499742,0.0,0.0,2026-07-04
13.0,15.0,0.18149528870631582,4141.608949329344,-591.7489493293438,2026-07-04
13.25,30.0,0.18149528870631582,4105.380062071139,-1941.1800620711392,2026-07-04
13.5,45.0,0.18149528870631582,4063.10770865568,-1883.30770865568,2026-07-04
13.75,60.0,0.18149528870631582,3907.8038898396658,-2586.003889839666,2026-07-04
14.0,75.0,0.18149528870631582,3760.675107130448,-2485.075107130448,2026-07-04
14.25,90.0,0.18149528870631582,3597.551554911829,-2002.151554911829,2026-07-04
14.5,105.0,0.18149528870631582,3403.3182897212564,-1662.1182897212564,2026-07-04
14.75,120.0,0.18149528870631582,3157.3855458979333,-1458.7855458979334,2026-07-04
15.0,135.0,0.18149528870631582,2933.360026911532,-1424.3600269115318,2026-07-04
15.25,150.0,0.18149528870631582,2706.3156374986675,-1283.7156374986675,2026-07-04
15.5,165.0,0.18149528870631582,2451.812871428827,-1086.8128714288268,2026-07-04
15.75,180.0,0.18149528870631582,2213.147085331138,-974.7470853311379,2026-07-04
16.0,195.0,0.18149528870631582,1973.171303042317,-729.971303042317,2026-07-04
16.25,210.0,0.18149528870631582,1730.5771006344837,-838.3771006344837,2026-07-04
16.5,225.0,0.18149528870631582,1487.4171811176848,-400.21718111768473,2026-07-04
16.75,240.0,0.18149528870631582,1293.6249387905375,-29.424938790537453,2026-07-04
17.0,255.0,0.18149528870631582,1103.5357218417505,42.4642781582495,2026-07-04
17.25,270.0,0.18149528870631582,915.075539488908,145.12446051109202,2026-07-04
17.5,285.0,0.18149528870631582,732.4551559141788,-10.655155914178863,2026-07-04
17.75,300.0,0.18149528870631582,568.8362300758814,-255.63623007588143,2026-07-04
18.0,315.0,0.18149528870631582,378.56136721666894,-121.16136721666896,2026-07-04
18.25,330.0,0.18149528870631582,177.06220132211905,129.53779867788097,2026-07-04
18.5,345.0,0.18149528870631582,51.8486131877272,104.15138681227279,2026-07-04
18.75,360.0,0.18149528870631582,1.8842145518982425,41.315785448101764,2026-07-04
19.0,375.0,0.18149528870631582,0.0,0.0,2026-07-04
14.5,15.0,0.12278147799116898,2936.275084348592,-1195.0750843485919,2026-07-04
14.75,30.0,0.12278147799116898,2745.3602081482404,-1046.7602081482405,2026-07-04
15.0,45.0,0.12278147799116898,2554.9962516910377,-1045.9962516910377,2026-07-04
15.25,60.0,0.12278147799116898,2347.749450958367,-925.1494509583672,2026-07-04
15.5,75.0,0.12278147799116898,2119.411227157103,-754.411227157103,2026-07-04
15.75,90.0,0.12278147799116898,1910.5338588683735,-672.1338588683734,2026-07-04
16.0,105.0,0.12278147799116898,1702.577010620334,-459.377010620334,2026-07-04
16.25,120.0,0.12278147799116898,1494.9079377432888,-602.7079377432888,2026-07-04
16.5,135.0,0.12278147799116898,1286.1116736738916,-198.91167367389153,2026-07-04
16.75,150.0,0.12278147799116898,1125.954474033542,138.245525966458,2026-07-04
17.0,165.0,0.12278147799116898,967.685700832582,178.31429916741797,2026-07-04
17.25,180.0,0.12278147799116898,808.7905251058728,251.40947489412724,2026-07-04
17.5,195.0,0.12278147799116898,653.9261712541643,67.87382874583568,2026-07-04
17.75,210.0,0.12278147799116898,515.6703105933431,-202.47031059334307,2026-07-04
18.0,225.0,0.12278147799116898,347.0552986849667,-89.65529868496674,2026-07-04
18.25,240.0,0.12278147799116898,162.4304490267449,144.16955097325513,2026-07-04
18.5,255.0,0.12278147799116898,47.46387742119025,108.53612257880975,2026-07-04
18.75,270.0,0.12278147799116898,1.725435062517187,41.47456493748282,2026-07-04
19.0,285.0,0.12278147799116898,0.0,0.0,2026-07-04
16.0,15.0,0.13812092266871523,1692.0772516253555,-448.8772516253555,2026-07-04
16.25,30.0,0.13812092266871523,1491.688268566642,-599.4882685666419,2026-07-04
16.5,45.0,0.13812092266871523,1285.3592183476692,-198.15921834766914,2026-07-04
16.75,60.0,0.13812092266871523,1125.6277672174356,138.57223278256447,2026-07-04
17.0,75.0,0.13812092266871523,971.65623107761,174.34376892239004,2026-07-04
17.25,90.0,0.13812092266871523,813.6192617487305,246.5807382512695,2026-07-04
17.5,105.0,0.13812092266871523,659.8787327341818,61.92126726581819,2026-07-04
17.75,120.0,0.13812092266871523,521.6271401884578,-208.42714018845783,2026-07-04
18.0,135.0,0.13812092266871523,351.35721620749064,-93.95721620749066,2026-07-04
18.25,150.0,0.13812092266871523,164.8819574223437,141.71804257765632,2026-07-04
18.5,165.0,0.13812092266871523,48.289293515045614,107.71070648495439,2026-07-04
18.75,180.0,0.13812092266871523,1.75663756675432,41.44336243324568,2026-07-04
19.0,195.0,0.13812092266871523,0.0,0.0,2026-07-04
17.5,15.0,0.22054494647256853,786.9240823623236,-65.12408236232363,2026-07-04
17.75,30.0,0.22054494647256853,605.1570858847676,-291.95708588476765,2026-07-04
18.0,45.0,0.22054494647256853,399.7450847453874,-142.3450847453874,2026-07-04
18.25,60.0,0.22054494647256853,187.14168146364105,119.45831853635897,2026-07-04
18.5,75.0,0.22054494647256853,54.94643941838086,101.05356058161914,2026-07-04
18.75,90.0,0.22054494647256853,1.9951253382558929,41.20487466174411,2026-07-04
19.0,105.0,0.22054494647256853,0.0,0.0,2026-07-04
7.0,15.0,0.1922795194768174,417.2695640651619,189.93043593483816,2026-07-05
7.25,30.0,0.1922795194768174,566.2442926518964,195.75570734810356,2026-07-05
7.5,45.0,0.1922795194768174,722.4733588218984,128.32664117810157,2026-07-05
7.75,60.0,0.1922795194768174,904.5521890404436,-132.3521890404436,2026-07-05
8.0,75.0,0.1922795194768174,1095.9329982907527,-363.9329982907527,2026-07-05
8.25,90.0,0.1922795194768174,1287.201258196032,-677.001258196032,2026-07-05
8.5,105.0,0.1922795194768174,1475.4063806929737,-379.20638069297365,2026-07-05
8.75,120.0,0.1922795194768174,1689.9323638701585,-143.13236387015854,2026-07-05
9.0,135.0,0.1922795194768174,1913.4872668939151,-376.2872668939151,2026-07-05
9.25,150.0,0.1922795194768174,2125.9644655635943,-812.5644655635942,2026-07-05
9.5,165.0,0.1922795194768174,2327.4447436638543,-1374.0847436638542,2026-07-05
9.75,180.0,0.1922795194768174,2523.21392314194,-1404.81392314194,2026-07-05
10.0,195.0,0.1922795194768174,2715.4623019046708,-1209.2523019046707,2026-07-05
10.25,210.0,0.1922795194768174,2895.4784852002203,-1535.2784852002203,2026-07-05
10.5,225.0,0.1922795194768174,3070.80944908476,-1918.8094490847602,2026-07-05
10.75,240.0,0.1922795194768174,3216.70716061038,-1812.70716061038,2026-07-05
11.0,255.0,0.1922795194768174,3345.2155928283414,-1680.8155928283413,2026-07-05
11.25,270.0,0.1922795194768174,3454.0213086791846,-1255.0213086791846,2026-07-05
11.5,285.0,0.1922795194768174,3560.289154400599,-1265.9291544005987,2026-07-05
11.75,300.0,0.1922795194768174,3626.854779869756,-1348.0547798697557,2026-07-05
12.0,315.0,0.1922795194768174,3670.0547339558816,-779.1247339558818,2026-07-05
12.25,330.0,0.1922795194768174,3686.316969117071,-427.71696911707113,2026-07-05
12.5,345.0,0.1922795194768174,3708.124855954784,-232.9248559547841,2026-07-05
12.75,360.0,0.1922795194768174,3685.480284359001,59.71971564099886,2026-07-05
13.0,375.0,0.1922795194768174,3656.1262450072672,-741.3262450072671,2026-07-05
13.25,390.0,0.1922795194768174,3619.539248246625,-1294.329248246625,2026-07-05
13.5,405.0,0.1922795194768174,3578.62007671986,-1820.0200767198603,2026-07-05
13.75,420.0,0.1922795194768174,3476.6159107683334,-1281.8159107683332,2026-07-05
14.0,435.0,0.1922795194768174,3370.3286466747536,-916.3286466747536,2026-07-05
14.25,450.0,0.1922795194768174,3248.0966095780554,-730.4966095780555,2026-07-05
14.5,465.0,0.1922795194768174,3121.183621231592,-1316.983621231592,2026-07-05
14.75,480.0,0.1922795194768174,2966.483749277309,-1402.283749277309,2026-07-05
15.0,495.0,0.1922795194768174,2811.386115385567,-995.9561153855668,2026-07-05
15.25,510.0,0.1922795194768174,2628.972267994715,-360.33226799471504,2026-07-05
15.5,525.0,0.1922795194768174,2434.073424680741,-326.6934246807409,2026-07-05
15.75,540.0,0.1922795194768174,2233.497816136456,-350.69781613645614,2026-07-05
16.0,555.0,0.1922795194768174,2030.280031879891,-489.48003187989116,2026-07-05
16.25,570.0,0.1922795194768174,1820.3067662495964,-292.7067662495965,2026-07-05
16.5,585.0,0.1922795194768174,1610.6272825212154,-293.0272825212155,2026-07-05
16.75,600.0,0.1922795194768174,1403.7581242377314,-346.55812423773136,2026-07-05
17.0,615.0,0.1922795194768174,1192.7664085162414,-370.1664085162414,2026-07-05
17.25,630.0,0.1922795194768174,984.7188829706068,-290.5188829706068,2026-07-05
17.5,645.0,0.1922795194768174,787.7193248218836,-115.71932482188356,2026-07-05
17.75,660.0,0.1922795194768174,606.1006186130177,65.43938138698229,2026-07-05
18.0,675.0,0.1922795194768174,390.6604251594055,245.33957484059448,2026-07-05
18.25,690.0,0.1922795194768174,183.13807082881863,271.06192917118136,2026-07-05
18.5,705.0,0.1922795194768174,53.75624327922975,164.64375672077026,2026-07-05
18.75,720.0,0.1922795194768174,1.961530906378437,66.76846909362156,2026-07-05
19.0,735.0,0.1922795194768174,0.0,0.0,2026-07-05
8.5,15.0,0.1365620924271988,1189.2137560669862,-93.01375606698616,2026-07-05
8.75,30.0,0.1365620924271988,1381.9704659074948,164.82953409250513,2026-07-05
9.0,45.0,0.1365620924271988,1574.630627505738,-37.4306275057379,2026-07-05
9.25,60.0,0.1365620924271988,1757.359453633068,-443.9594536330678,2026-07-05
9.5,75.0,0.1365620924271988,1940.3660349948948,-987.0060349948948,2026-07-05
9.75,90.0,0.1365620924271988,2116.0748224962927,-997.6748224962926,2026-07-05
10.0,105.0,0.1365620924271988,2275.4190627522858,-769.2090627522857,2026-07-05
10.25,120.0,0.1365620924271988,2427.822930226678,-1067.6229302266781,2026-07-05
10.5,135.0,0.1365620924271988,2591.717629569116,-1439.717629569116,2026-07-05
10.75,150.0,0.1365620924271988,2730.18510983889,-1326.1851098388902,2026-07-05
11.0,165.0,0.1365620924271988,2850.350467294126,-1185.9504672941257,2026-07-05
11.25,180.0,0.1365620924271988,2951.5379227494145,-752.5379227494145,2026-07-05
11.5,195.0,0.1365620924271988,3052.1810646591025,-757.8210646591024,2026-07-05
11.75,210.0,0.1365620924271988,3120.257653367742,-841.4576533677418,2026-07-05
12.0,225.0,0.1365620924271988,3164.141070641416,-273.211070641416,2026-07-05
12.25,240.0,0.1365620924271988,3183.610941384387,74.98905861561298,2026-07-05
12.5,255.0,0.1365620924271988,3205.753928590333,269.44607140966673,2026-07-05
12.75,270.0,0.1365620924271988,3192.819814725716,552.380185274284,2026-07-05
13.0,285.0,0.1365620924271988,3169.5301326389035,-254.73013263890334,2026-07-05
13.25,300.0,0.1365620924271988,3131.149045507074,-805.9390455070738,2026-07-05
13.5,315.0,0.1365620924271988,3086.4287633641,-1327.8287633641003,2026-07-05
13.75,330.0,0.1365620924271988,2987.461660825232,-792.6616608252316,2026-07-05
14.0,345.0,0.1365620924271988,2887.380954189814,-433.380954189814,2026-07-05
14.25,360.0,0.1365620924271988,2786.805746985078,-269.2057469850779,2026-07-05
14.5,375.0,0.1365620924271988,2686.160583953603,-881.9605839536027,2026-07-05
14.75,390.0,0.1365620924271988,2555.2438960800687,-991.0438960800686,2026-07-05
15.0,405.0,0.1365620924271988,2419.874406683104,-604.444406683104,2026-07-05
15.25,420.0,0.1365620924271988,2269.047815439363,-0.4078154393632758,2026-07-05
15.5,435.0,0.1365620924271988,2107.922977732597,-0.5429777325966825,2026-07-05
15.75,450.0,0.1365620924271988,1934.6492060452624,-51.84920604526246,2026-07-05
16.0,465.0,0.1365620924271988,1756.691582075903,-215.891582075903,2026-07-05
16.25,480.0,0.1365620924271988,1576.643715930703,-49.043715930703,2026-07-05
16.5,495.0,0.1365620924271988,1401.0313869388467,-83.4313869388468,2026-07-05
16.75,510.0,0.1365620924271988,1227.920654422706,-170.72065442270605,2026-07-05
17.0,525.0,0.1365620924271988,1051.3830223842874,-228.7830223842874,2026-07-05
17.25,540.0,0.1365620924271988,875.8064309975778,-181.60643099757772,2026-07-05
17.5,555.0,0.1365620924271988,707.4614064091974,-35.461406409197366,2026-07-05
17.75,570.0,0.1365620924271988,551.6948598057115,119.84514019428843,2026-07-05
18.0,585.0,0.1365620924271988,358.0816781457489,277.9183218542511,2026-07-05
18.25,600.0,0.1365620924271988,167.75298708105058,286.44701291894944,2026-07-05
18.5,615.0,0.1365620924271988,49.05906713962659,169.3409328603734,2026-07-05
18.75,630.0,0.1365620924271988,1.7901365864655934,66.93986341353441,2026-07-05
19.0,645.0,0.1365620924271988,0.0,0.0,2026-07-05
10.0,15.0,0.13195263020488457,2160.928953643458,-654.718953643458,2026-07-05
10.25,30.0,0.13195263020488457,2333.373095112041,-973.173095112041,2026-07-05
10.5,45.0,0.13195263020488457,2494.4044454365494,-1342.4044454365494,2026-07-05
10.75,60.0,0.13195263020488457,2624.085291880658,-1220.0852918806581,2026-07-05
11.0,75.0,0.13195263020488457,2757.29683061416,-1092.89683061416,2026-07-05
11.25,90.0,0.13195263020488457,2867.60165977025,-668.6016597702501,2026-07-05
11.5,105.0,0.13195263020488457,2963.4969546676184,-669.1369546676183,2026-07-05
11.75,120.0,0.13195263020488457,3028.6201785791463,-749.8201785791462,2026-07-05
12.0,135.0,0.13195263020488457,3090.976862099457,-200.04686209945703,2026-07-05
12.25,150.0,0.13195263020488457,3125.3714522483688,133.22854775163114,2026-07-05
12.5,165.0,0.13195263020488457,3154.105826288849,321.0941737111507,2026-07-05
12.75,180.0,0.13195263020488457,3147.5203761107587,597.6796238892412,2026-07-05
13.0,195.0,0.13195263020488457,3133.223672211146,-218.4236722111459,2026-07-05
13.25,210.0,0.13195263020488457,3098.492689782446,-773.2826897824461,2026-07-05
13.5,225.0,0.13195263020488457,3059.6682339847066,-1301.0682339847067,2026-07-05
13.75,240.0,0.13195263020488457,2973.432343804948,-778.6323438049476,2026-07-05
14.0,255.0,0.13195263020488457,2880.881965390824,-426.881965390824,2026-07-05
14.25,270.0,0.13195263020488457,2774.6037763506,-257.0037763506002,2026-07-05
14.5,285.0,0.13195263020488457,2666.7968075717185,-862.5968075717185,2026-07-05
14.75,300.0,0.13195263020488457,2532.0294842492904,-967.8294842492903,2026-07-05
15.0,315.0,0.13195263020488457,2394.5242318831697,-579.0942318831696,2026-07-05
15.25,330.0,0.13195263020488457,2235.796450944817,32.84354905518285,2026-07-05
15.5,345.0,0.13195263020488457,2068.170358016983,39.209641983017264,2026-07-05
15.75,360.0,0.13195263020488457,1896.072133625568,-13.27213362556813,2026-07-05
16.0,375.0,0.13195263020488457,1725.3114674965748,-184.51146749657482,2026-07-05
16.25,390.0,0.13195263020488457,1552.0918258024583,-24.49182580245838,2026-07-05
16.5,405.0,0.13195263020488457,1378.0270998263686,-60.4270998263687,2026-07-05
16.75,420.0,0.13195263020488457,1207.1457259955316,-149.94572599553157,2026-07-05
17.0,435.0,0.13195263020488457,1037.0439733154228,-214.4439733154228,2026-07-05
17.25,450.0,0.13195263020488457,864.6553201655861,-170.45532016558604,2026-07-05
17.5,465.0,0.13195263020488457,698.2436501835858,-26.243650183585828,2026-07-05
17.75,480.0,0.13195263020488457,545.0132292337446,126.52677076625537,2026-07-05
18.0,495.0,0.13195263020488457,354.9826777770797,281.0173222229203,2026-07-05
18.25,510.0,0.13195263020488457,166.42550707999615,287.7744929200038,2026-07-05
18.5,525.0,0.13195263020488457,48.68206176181197,169.71793823818803,2026-07-05
18.75,540.0,0.13195263020488457,1.7786759552616258,66.95132404473839,2026-07-05
19.0,555.0,0.13195263020488457,0.0,0.0,2026-07-05
11.5,15.0,0.12058537864110544,2839.9790649031847,-545.6190649031846,2026-07-05
11.75,30.0,0.12058537864110544,2904.507065155616,-625.707065155616,2026-07-05
12.0,45.0,0.12058537864110544,2951.7802536416984,-60.8502536416986,2026-07-05
12.25,60.0,0.12058537864110544,2986.5901281395813,272.00987186041857,2026-07-05
12.5,75.0,0.12058537864110544,3029.6571943021536,445.54280569784623,2026-07-05
12.75,90.0,0.12058537864110544,3021.732258366369,723.4677416336308,2026-07-05
13.0,105.0,0.12058537864110544,2999.354028601631,-84.55402860163076,2026-07-05
13.25,120.0,0.12058537864110544,2969.320958292388,-644.1109582923877,2026-07-05
13.5,135.0,0.12058537864110544,2939.0710521561764,-1180.4710521561765,2026-07-05
13.75,150.0,0.12058537864110544,2854.1561551251925,-659.3561551251923,2026-07-05
14.0,165.0,0.12058537864110544,2765.097659606548,-311.09765960654795,2026-07-05
14.25,180.0,0.12058537864110544,2668.964912963408,-151.3649129634082,2026-07-05
14.5,195.0,0.12058537864110544,2571.775909400978,-767.5759094009779,2026-07-05
14.75,210.0,0.12058537864110544,2437.8122104577037,-873.6122104577037,2026-07-05
15.0,225.0,0.12058537864110544,2299.925718110091,-484.49571811009105,2026-07-05
15.25,240.0,0.12058537864110544,2151.791781350142,116.8482186498577,2026-07-05
15.5,255.0,0.12058537864110544,1993.9677454482169,113.41225455178324,2026-07-05
15.75,270.0,0.12058537864110544,1827.760348292391,55.03965170760898,2026-07-05
16.0,285.0,0.12058537864110544,1659.143831013682,-118.34383101368212,2026-07-05
16.25,300.0,0.12058537864110544,1491.2476283345618,36.35237166543811,2026-07-05
16.5,315.0,0.12058537864110544,1325.1598128925752,-7.559812892575337,2026-07-05
16.75,330.0,0.12058537864110544,1158.6783368313477,-101.47833683134763,2026-07-05
17.0,345.0,0.12058537864110544,993.85141415877,-171.25141415877,2026-07-05
17.25,360.0,0.12058537864110544,831.9244459271981,-137.72444592719808,2026-07-05
17.5,375.0,0.12058537864110544,675.7113195785051,-3.7113195785051403,2026-07-05
17.75,390.0,0.12058537864110544,529.9995373038992,141.5404626961008,2026-07-05
18.0,405.0,0.12058537864110544,345.4644663150208,290.5355336849792,2026-07-05
18.25,420.0,0.12058537864110544,162.123084388011,292.07691561198897,2026-07-05
18.5,435.0,0.12058537864110544,47.47703943913063,170.92296056086937,2026-07-05
18.75,450.0,0.12058537864110544,1.731581568359676,66.99841843164033,2026-07-05
19.0,465.0,0.12058537864110544,0.0,0.0,2026-07-05
13.0,15.0,0.23658804966964092,4205.7682741421,-1290.9682741421002,2026-07-05
13.25,30.0,0.23658804966964092,4148.541315072228,-1823.3313150722279,2026-07-05
13.5,45.0,0.23658804966964092,4083.351986083985,-2324.7519860839852,2026-07-05
13.75,60.0,0.23658804966964092,3953.188427540702,-1758.3884275407017,2026-07-05
14.0,75.0,0.23658804966964092,3826.275759242205,-1372.275759242205,2026-07-05
14.25,90.0,0.23658804966964092,3687.0476036396713,-1169.4476036396713,2026-07-05
14.5,105.0,0.23658804966964092,3537.870008610587,-1733.6700086105868,2026-07-05
14.75,120.0,0.23658804966964092,3353.5990496794107,-1789.3990496794106,2026-07-05
15.0,135.0,0.23658804966964092,3163.64367662228,-1348.21367662228,2026-07-05
15.25,150.0,0.23658804966964092,2954.115725572109,-685.4757255721092,2026-07-05
15.5,165.0,0.23658804966964092,2737.309114931101,-629.9291149311007,2026-07-05
15.75,180.0,0.23658804966964092,2505.223624049066,-622.4236240490661,2026-07-05
16.0,195.0,0.23658804966964092,2269.620690108627,-728.8206901086271,2026-07-05
16.25,210.0,0.23658804966964092,2029.4975391930927,-501.8975391930928,2026-07-05
16.5,225.0,0.23658804966964092,1790.0233284406108,-472.42332844061093,2026-07-05
16.75,240.0,0.23658804966964092,1552.8968512035212,-495.6968512035212,2026-07-05
17.0,255.0,0.23658804966964092,1317.0980837186785,-494.49808371867846,2026-07-05
17.25,270.0,0.23658804966964092,1084.9925336261836,-390.7925336261835,2026-07-05
17.5,285.0,0.23658804966964092,861.7783600756512,-189.77836007565122,2026-07-05
17.75,300.0,0.23658804966964092,658.387736656317,13.15226334368299,2026-07-05
18.0,315.0,0.23658804966964092,411.07621691154696,224.92378308845304,2026-07-05
18.25,330.0,0.23658804966964092,193.15021746771197,261.049782532288,2026-07-05
18.5,345.0,0.23658804966964092,56.93167414705988,161.46832585294013,2026-07-05
18.75,360.0,0.23658804966964092,2.076847982264204,66.6531520177358,2026-07-05
19.0,375.0,0.23658804966964092,0.0,0.0,2026-07-05
14.5,15.0,0.1719997575284795,3092.8333590037755,-1288.6333590037755,2026-07-05
14.75,30.0,0.1719997575284795,2932.3095391237557,-1368.1095391237557,2026-07-05
15.0,45.0,0.1719997575284795,2766.2296594152035,-950.7996594152035,2026-07-05
15.25,60.0,0.1719997575284795,2583.712960443175,-315.0729604431749,2026-07-05
15.5,75.0,0.1719997575284795,2393.842100400802,-286.4621004008018,2026-07-05
15.75,90.0,0.1719997575284795,2191.1996566165435,-308.39965661654355,2026-07-05
16.0,105.0,0.1719997575284795,1983.2052631993167,-442.4052631993168,2026-07-05
16.25,120.0,0.1719997575284795,1772.5414292893736,-244.94142928937367,2026-07-05
16.5,135.0,0.1719997575284795,1567.6256029949514,-250.02560299495144,2026-07-05
16.75,150.0,0.1719997575284795,1367.4905248586783,-310.2905248586783,2026-07-05
17.0,165.0,0.1719997575284795,1165.038430271129,-342.43843027112905,2026-07-05
17.25,180.0,0.1719997575284795,964.7362641533592,-270.5362641533592,2026-07-05
17.5,195.0,0.1719997575284795,772.6191610744144,-100.61916107441436,2026-07-05
17.75,210.0,0.1719997575284795,597.5968117155132,73.94318828448672,2026-07-05
18.0,225.0,0.1719997575284795,374.7554387197702,261.2445612802298,2026-07-05
18.25,240.0,0.1719997575284795,176.19312791358547,278.00687208641455,2026-07-05
18.5,255.0,0.1719997575284795,51.74255766001582,166.6574423399842,2026-07-05
18.75,270.0,0.1719997575284795,1.8876766382167331,66.84232336178327,2026-07-05
19.0,285.0,0.1719997575284795,0.0,0.0,2026-07-05
16.0,15.0,0.20644946481493454,2128.421390332589,-587.621390332589,2026-07-05
16.25,30.0,0.20644946481493454,1903.45672822004,-375.85672822004017,2026-07-05
16.5,45.0,0.20644946481493454,1679.7006332127562,-362.1006332127563,2026-07-05
16.75,60.0,0.20644946481493454,1459.6801591366827,-402.4801591366827,2026-07-05
17.0,75.0,0.20644946481493454,1241.53350716968,-418.93350716967996,2026-07-05
17.25,90.0,0.20644946481493454,1025.6771136186137,-331.47711361861366,2026-07-05
17.5,105.0,0.20644946481493454,817.5834094916829,-145.58340949168291,2026-07-05
17.75,120.0,0.20644946481493454,628.4837467733857,43.05625322661422,2026-07-05
18.0,135.0,0.20644946481493454,393.1984719090959,242.80152809090413,2026-07-05
18.25,150.0,0.20644946481493454,184.60520844951984,269.5947915504802,2026-07-05
18.5,165.0,0.20644946481493454,54.26610665975876,164.13389334024123,2026-07-05
18.75,180.0,0.20644946481493454,1.982634482066044,66.74736551793396,2026-07-05
19.0,195.0,0.20644946481493454,0.0,0.0,2026-07-05
17.5,15.0,0.21914429907760466,832.5249107043504,-160.52491070435042,2026-07-05
17.75,30.0,0.21914429907760466,638.8890372555715,32.65096274442851,2026-07-05
18.0,45.0,0.21914429907760466,399.2616672805296,236.7383327194704,2026-07-05
18.25,60.0,0.21914429907760466,187.40257117147576,266.79742882852423,2026-07-05
18.5,75.0,0.21914429907760466,55.11218392334295,163.28781607665707,2026-07-05
18.75,90.0,0.21914429907760466,2.012543832744373,66.71745616725563,2026-07-05
19.0,105.0,0.21914429907760466,0.0,0.0,2026-07-05
7.0,15.0,0.3862944793769468,601.6389261758267,42.50107382417332,2026-07-06
7.25,30.0,0.3862944793769468,816.293685574348,5.106314425651931,2026-07-06
7.5,45.0,0.3862944793769468,1041.635726664318,279.43427333568184,2026-07-06
7.75,60.0,0.3862944793769468,1266.9601211222464,510.23987887775365,2026-07-06
8.0,75.0,0.3862944793769468,1495.5388679689656,451.0311320310343,2026-07-06
8.25,90.0,0.3862944793769468,1729.315334551142,-40.08533455114207,2026-07-06
8.5,105.0,0.3862944793769468,1965.819441599884,187.58055840011616,2026-07-06
8.75,120.0,0.3862944793769468,2185.297205942577,75.50279405742322,2026-07-06
9.0,135.0,0.3862944793769468,2393.00092742215,-649.4009274221503,2026-07-06
9.25,150.0,0.3862944793769468,2591.420975698563,-639.0209756985628,2026-07-06
9.5,165.0,0.3862944793769468,2776.8777512802976,-378.3777512802976,2026-07-06
9.75,180.0,0.3862944793769468,2945.0380772422604,278.2519227577395,2026-07-06
10.0,195.0,0.3862944793769468,3094.954279373092,1469.8457206269081,2026-07-06
10.25,210.0,0.3862944793769468,3243.6587536704287,2587.0512463295713,2026-07-06
10.5,225.0,0.3862944793769468,3394.1834083446097,2986.21659165539,2026-07-06
10.75,240.0,0.3862944793769468,3556.009553385698,5857.990446614302,2026-07-06
11.0,255.0,0.3862944793769468,3697.801303021568,7165.198696978432,2026-07-06
11.25,270.0,0.3862944793769468,3827.4769337495018,7127.923066250498,2026-07-06
11.5,285.0,0.3862944793769468,3953.555605859948,5905.594394140051,2026-07-06
11.75,300.0,0.3862944793769468,4067.533919471508,4050.466080528492,2026-07-06
12.0,315.0,0.3862944793769468,4143.444686097263,2154.755313902737,2026-07-06
12.25,330.0,0.3862944793769468,4210.66800076742,-662.8680007674202,2026-07-06
12.5,345.0,0.3862944793769468,4273.064822275665,-742.6648222756653,2026-07-06
12.75,360.0,0.3862944793769468,4268.705705088503,-1148.2757050885034,2026-07-06
13.0,375.0,0.3862944793769468,4228.627646286866,1256.5223537131333,2026-07-06
13.25,390.0,0.3862944793769468,4176.733855756298,1461.4661442437018,2026-07-06
13.5,405.0,0.3862944793769468,4142.389573094461,832.8104269055384,2026-07-06
13.75,420.0,0.3862944793769468,4076.02096661558,1612.6190333844202,2026-07-06
14.0,435.0,0.3862944793769468,3973.568987577576,917.5810124224236,2026-07-06
14.25,450.0,0.3862944793769468,3859.109060326545,853.2909396734544,2026-07-06
14.5,465.0,0.3862944793769468,3754.7197733141898,3254.48022668581,2026-07-06
14.75,480.0,0.3862944793769468,3620.933673162898,3843.6663268371026,2026-07-06
15.0,495.0,0.3862944793769468,3457.739608028948,1955.1203919710515,2026-07-06
15.25,510.0,0.3862944793769468,3270.806471583662,1499.8335284163381,2026-07-06
15.5,525.0,0.3862944793769468,3080.5755315881192,2791.2844684118804,2026-07-06
15.75,540.0,0.3862944793769468,2846.4622228564945,1923.5377771435055,2026-07-06
16.0,555.0,0.3862944793769468,2596.811670476651,2266.188329523349,2026-07-06
16.25,570.0,0.3862944793769468,2337.163061541746,1287.4369384582537,2026-07-06
16.5,585.0,0.3862944793769468,2079.587911415655,1020.0120885843448,2026-07-06
16.75,600.0,0.3862944793769468,1797.070768581494,950.9292314185061,2026-07-06
17.0,615.0,0.3862944793769468,1513.4698373401664,763.5301626598336,2026-07-06
17.25,630.0,0.3862944793769468,1232.5576910357358,-457.9576910357358,2026-07-06
17.5,645.0,0.3862944793769468,962.5609971729876,-22.360997172987595,2026-07-06
17.75,660.0,0.3862944793769468,713.3680286864918,154.83197131350823,2026-07-06
18.0,675.0,0.3862944793769468,479.5045668930489,208.09543310695113,2026-07-06
18.25,690.0,0.3862944793769468,225.23518322769664,154.56481677230337,2026-07-06
18.5,705.0,0.3862944793769468,62.11268327781212,178.48731672218787,2026-07-06
18.75,720.0,0.3862944793769468,2.2653572197883087,81.30464278021168,2026-07-06
19.0,735.0,0.3862944793769468,0.0,13.5,2026-07-06
8.5,15.0,0.3226206985370037,1770.0019166043032,383.39808339569686,2026-07-06
8.75,30.0,0.3226206985370037,1965.000850109975,295.7991498900251,2026-07-06
9.0,45.0,0.3226206985370037,2146.632789503574,-403.0327895035739,2026-07-06
9.25,60.0,0.3226206985370037,2318.700020528643,-366.300020528643,2026-07-06
9.5,75.0,0.3226206985370037,2483.527516707206,-85.0275167072059,2026-07-06
9.75,90.0,0.3226206985370037,2634.152372704739,589.1376272952612,2026-07-06
10.0,105.0,0.3226206985370037,2766.9581412835823,1797.8418587164178,2026-07-06
10.25,120.0,0.3226206985370037,2895.1855241322264,2935.5244758677736,2026-07-06
10.5,135.0,0.3226206985370037,3025.1909315838498,3355.20906841615,2026-07-06
10.75,150.0,0.3226206985370037,3175.869962466212,6238.130037533788,2026-07-06
11.0,165.0,0.3226206985370037,3310.843679933182,7552.156320066818,2026-07-06
11.25,180.0,0.3226206985370037,3430.8384663404536,7524.561533659546,2026-07-06
11.5,195.0,0.3226206985370037,3538.819709963812,6320.330290036188,2026-07-06
11.75,210.0,0.3226206985370037,3635.684725519431,4482.315274480568,2026-07-06
12.0,225.0,0.3226206985370037,3706.833471872266,2591.366528127734,2026-07-06
12.25,240.0,0.3226206985370037,3768.0389632532297,-220.23896325322949,2026-07-06
12.5,255.0,0.3226206985370037,3815.060783117695,-284.6607831176948,2026-07-06
12.75,270.0,0.3226206985370037,3822.093861320077,-701.6638613200771,2026-07-06
13.0,285.0,0.3226206985370037,3797.337843557792,1687.8121564422077,2026-07-06
13.25,300.0,0.3226206985370037,3754.8118151987214,1883.3881848012784,2026-07-06
13.5,315.0,0.3226206985370037,3719.181354766866,1256.0186452331336,2026-07-06
13.75,330.0,0.3226206985370037,3666.650765741278,2021.9892342587223,2026-07-06
14.0,345.0,0.3226206985370037,3591.0390993145515,1300.110900685448,2026-07-06
14.25,360.0,0.3226206985370037,3491.471144213422,1220.9288557865775,2026-07-06
14.5,375.0,0.3226206985370037,3400.6095411953897,3608.59045880461,2026-07-06
14.75,390.0,0.3226206985370037,3283.164864727583,4181.435135272417,2026-07-06
15.0,405.0,0.3226206985370037,3140.7294500385037,2272.130549961496,2026-07-06
15.25,420.0,0.3226206985370037,2976.402292150258,1794.2377078497425,2026-07-06
15.5,435.0,0.3226206985370037,2804.9770746997706,3066.882925300229,2026-07-06
15.75,450.0,0.3226206985370037,2587.477583579393,2182.522416420607,2026-07-06
16.0,465.0,0.3226206985370037,2362.294029497423,2500.705970502577,2026-07-06
16.25,480.0,0.3226206985370037,2133.2941705051967,1491.3058294948032,2026-07-06
16.5,495.0,0.3226206985370037,1904.6771206522112,1194.9228793477887,2026-07-06
16.75,510.0,0.3226206985370037,1646.482937832202,1101.517062167798,2026-07-06
17.0,525.0,0.3226206985370037,1387.71654221558,889.2834577844201,2026-07-06
17.25,540.0,0.3226206985370037,1134.665316864719,-360.06531686471897,2026-07-06
17.5,555.0,0.3226206985370037,891.8336381142785,48.36636188572152,2026-07-06
17.75,570.0,0.3226206985370037,663.8375941493034,204.36240585069663,2026-07-06
18.0,585.0,0.3226206985370037,449.0716942475176,238.52830575248242,2026-07-06
18.25,600.0,0.3226206985370037,211.07361936977097,168.72638063022904,2026-07-06
18.5,615.0,0.3226206985370037,57.854974574134346,182.74502542586566,2026-07-06
18.75,630.0,0.3226206985370037,2.106084527463415,81.46391547253658,2026-07-06
19.0,645.0,0.3226206985370037,0.0,13.5,2026-07-06
10.0,15.0,0.20885583453072187,2046.32384671278,2518.47615328722,2026-07-06
10.25,30.0,0.20885583453072187,2135.7458009317043,3694.964199068296,2026-07-06
10.5,45.0,0.20885583453072187,2225.2226649506497,4155.1773350493495,2026-07-06
10.75,60.0,0.20885583453072187,2335.280652900922,7078.719347099078,2026-07-06
11.0,75.0,0.20885583453072187,2439.351249497916,8423.648750502085,2026-07-06
11.25,90.0,0.20885583453072187,2537.411253799069,8417.98874620093,2026-07-06
11.5,105.0,0.20885583453072187,2634.5038466947817,7224.646153305218,2026-07-06
11.75,120.0,0.20885583453072187,2728.077451135709,5389.9225488642915,2026-07-06
12.0,135.0,0.20885583453072187,2797.052626156829,3501.147373843171,2026-07-06
12.25,150.0,0.20885583453072187,2850.135133279128,697.6648667208724,2026-07-06
12.5,165.0,0.20885583453072187,2894.437270543196,635.962729456804,2026-07-06
12.75,180.0,0.20885583453072187,2908.969542932835,211.46045706716495,2026-07-06
13.0,195.0,0.20885583453072187,2899.1323548986998,2586.0176451013,2026-07-06
13.25,210.0,0.20885583453072187,2879.524318575009,2758.6756814249907,2026-07-06
13.5,225.0,0.20885583453072187,2866.601216319253,2108.5987836807467,2026-07-06
13.75,240.0,0.20885583453072187,2837.0744639009217,2851.5655360990786,2026-07-06
14.0,255.0,0.20885583453072187,2789.521666050269,2101.628333949731,2026-07-06
14.25,270.0,0.20885583453072187,2727.942206635348,1984.4577933646515,2026-07-06
14.5,285.0,0.20885583453072187,2672.092921487053,4337.107078512947,2026-07-06
14.75,300.0,0.20885583453072187,2588.830421230813,4875.769578769187,2026-07-06
15.0,315.0,0.20885583453072187,2487.223952804465,2925.6360471955345,2026-07-06
15.25,330.0,0.20885583453072187,2371.9113632214,2398.7286367786005,2026-07-06
15.5,345.0,0.20885583453072187,2250.262002004525,3621.5979979954745,2026-07-06
15.75,360.0,0.20885583453072187,2082.619430114076,2687.380569885924,2026-07-06
16.0,375.0,0.20885583453072187,1906.1287922732945,2956.8712077267055,2026-07-06
16.25,390.0,0.20885583453072187,1729.3958009339572,1895.2041990660427,2026-07-06
16.5,405.0,0.20885583453072187,1552.689866307957,1546.910133692043,2026-07-06
16.75,420.0,0.20885583453072187,1347.9504625425875,1400.0495374574125,2026-07-06
17.0,435.0,0.20885583453072187,1143.2527739943423,1133.7472260056577,2026-07-06
17.25,450.0,0.20885583453072187,941.4085038137492,-166.8085038137492,2026-07-06
17.5,465.0,0.20885583453072187,747.0093379342635,193.19066206573655,2026-07-06
17.75,480.0,0.20885583453072187,564.0492054833147,304.1507945166853,2026-07-06
18.0,495.0,0.20885583453072187,388.9101406101334,298.6898593898666,2026-07-06
18.25,510.0,0.20885583453072187,182.39747323579428,197.40252676420573,2026-07-06
18.5,525.0,0.20885583453072187,49.13859453768848,191.46140546231152,2026-07-06
18.75,540.0,0.20885583453072187,1.78702548752818,81.78297451247181,2026-07-06
19.0,555.0,0.20885583453072187,0.0,13.5,2026-07-06
11.5,15.0,0.800123451600252,8460.350442440493,1398.7995575595069,2026-07-06
11.75,30.0,0.800123451600252,8551.713927757226,-433.713927757226,2026-07-06
12.0,45.0,0.800123451600252,8534.764581597286,-2236.5645815972866,2026-07-06
12.25,60.0,0.800123451600252,8430.963747784119,-4883.163747784119,2026-07-06
12.5,75.0,0.800123451600252,8275.92888605016,-4745.5288860501605,2026-07-06
12.75,90.0,0.800123451600252,8117.160129218309,-4996.730129218309,2026-07-06
13.0,105.0,0.800123451600252,7936.759519984188,-2451.6095199841884,2026-07-06
13.25,120.0,0.800123451600252,7755.614307128274,-2117.4143071282742,2026-07-06
13.5,135.0,0.800123451600252,7600.284401531862,-2625.0844015318626,2026-07-06
13.75,150.0,0.800123451600252,7412.855066569185,-1724.2150665691843,2026-07-06
14.0,165.0,0.800123451600252,7181.664835877103,-2290.514835877103,2026-07-06
14.25,180.0,0.800123451600252,6926.804918006946,-2214.404918006946,2026-07-06
14.5,195.0,0.800123451600252,6692.225025692973,316.97497430702697,2026-07-06
14.75,210.0,0.800123451600252,6427.878115551824,1036.7218844481768,2026-07-06
15.0,225.0,0.800123451600252,6101.07046471353,-688.2104647135302,2026-07-06
15.25,240.0,0.800123451600252,5743.31597845261,-972.6759784526093,2026-07-06
15.5,255.0,0.800123451600252,5347.607753194825,524.2522468051748,2026-07-06
15.75,270.0,0.800123451600252,4896.664320680634,-126.66432068063386,2026-07-06
16.0,285.0,0.800123451600252,4444.005686994563,418.9943130054371,2026-07-06
16.25,300.0,0.800123451600252,4000.362878427808,-375.7628784278081,2026-07-06
16.5,315.0,0.800123451600252,3541.185107060648,-441.58510706064817,2026-07-06
16.75,330.0,0.800123451600252,3043.9314817639383,-295.93148176393834,2026-07-06
17.0,345.0,0.800123451600252,2542.080463510762,-265.080463510762,2026-07-06
17.25,360.0,0.800123451600252,2046.4637887434808,-1271.8637887434807,2026-07-06
17.5,375.0,0.800123451600252,1569.6050085520244,-629.4050085520244,2026-07-06
17.75,390.0,0.800123451600252,1129.8514713267905,-261.65147132679044,2026-07-06
18.0,405.0,0.800123451600252,725.6641318720674,-38.06413187206738,2026-07-06
18.25,420.0,0.800123451600252,338.9961617438963,40.80383825610369,2026-07-06
18.5,435.0,0.800123451600252,95.81789034215063,144.78210965784936,2026-07-06
18.75,450.0,0.800123451600252,3.4655437498292585,80.10445625017073,2026-07-06
19.0,465.0,0.800123451600252,0.0,13.5,2026-07-06
13.0,15.0,0.2927614979928059,3863.788678995776,1621.3613210042236,2026-07-06
13.25,30.0,0.2927614979928059,3848.690759530261,1789.5092404697389,2026-07-06
13.5,45.0,0.2927614979928059,3831.7756276601726,1143.4243723398272,2026-07-06
13.75,60.0,0.2927614979928059,3755.3749032269466,1933.2650967730538,2026-07-06
14.0,75.0,0.2927614979928059,3662.8238459974,1228.3261540025997,2026-07-06
14.25,90.0,0.2927614979928059,3549.785128652166,1162.6148713478337,2026-07-06
14.5,105.0,0.2927614979928059,3436.673625219613,3572.526374780387,2026-07-06
14.75,120.0,0.2927614979928059,3286.1605445662267,4178.439455433774,2026-07-06
15.0,135.0,0.2927614979928059,3122.901175232429,2289.9588247675706,2026-07-06
15.25,150.0,0.2927614979928059,2936.861824645521,1833.7781753544791,2026-07-06
15.5,165.0,0.2927614979928059,2741.804152819905,3130.0558471800946,2026-07-06
15.75,180.0,0.2927614979928059,2521.002435640267,2248.997564359733,2026-07-06
16.0,195.0,0.2927614979928059,2298.851762034713,2564.148237965287,2026-07-06
16.25,210.0,0.2927614979928059,2070.962347953211,1553.6376520467888,2026-07-06
16.5,225.0,0.2927614979928059,1835.0417500444917,1264.5582499555082,2026-07-06
16.75,240.0,0.2927614979928059,1593.7586224263468,1154.2413775736532,2026-07-06
17.0,255.0,0.2927614979928059,1350.8342825954164,926.1657174045836,2026-07-06
17.25,270.0,0.2927614979928059,1102.637575763364,-328.0375757633641,2026-07-06
17.5,285.0,0.2927614979928059,857.0074818350325,83.19251816496751,2026-07-06
17.75,300.0,0.2927614979928059,632.6559097039054,235.54409029609462,2026-07-06
18.0,315.0,0.2927614979928059,432.8820944750124,254.7179055249876,2026-07-06
18.25,330.0,0.2927614979928059,203.3610423913375,176.43895760866252,2026-07-06
18.5,345.0,0.2927614979928059,55.238361248422606,185.3616387515774,2026-07-06
18.75,360.0,0.2927614979928059,2.002350113330921,81.56764988666907,2026-07-06
19.0,375.0,0.2927614979928059,0.0,13.5,2026-07-06
14.5,15.0,0.37799578018090285,4249.162862399362,2760.037137600638,2026-07-06
14.75,30.0,0.37799578018090285,4046.385520246971,3418.2144797530295,2026-07-06
15.0,45.0,0.37799578018090285,3816.664600756926,1596.1953992430736,2026-07-06
15.25,60.0,0.37799578018090285,3564.9781379369165,1205.6618620630838,2026-07-06
15.5,75.0,0.37799578018090285,3312.124915251108,2559.7350847488915,2026-07-06
15.75,90.0,0.37799578018090285,3039.750705740099,1730.249294259901,2026-07-06
16.0,105.0,0.37799578018090285,2759.0534763620385,2103.9465236379615,2026-07-06
16.25,120.0,0.37799578018090285,2476.698099044757,1147.901900955243,2026-07-06
16.5,135.0,0.37799578018090285,2190.1797626115344,909.4202373884655,2026-07-06
16.75,150.0,0.37799578018090285,1894.1792713228529,853.8207286771471,2026-07-06
17.0,165.0,0.37799578018090285,1596.7541092951403,680.2458907048597,2026-07-06
17.25,180.0,0.37799578018090285,1295.9657083220914,-521.3657083220913,2026-07-06
17.5,195.0,0.37799578018090285,998.0149922500624,-57.814992250062346,2026-07-06
17.75,210.0,0.37799578018090285,728.8376978552722,139.3623021447279,2026-07-06
18.0,225.0,0.37799578018090285,489.06394046742287,198.53605953257716,2026-07-06
18.25,240.0,0.37799578018090285,229.1939420787929,150.6060579212071,2026-07-06
18.5,255.0,0.37799578018090285,62.91617607469351,177.68382392530648,2026-07-06
18.75,270.0,0.37799578018090285,2.2842653307312992,81.28573466926869,2026-07-06
19.0,285.0,0.37799578018090285,0.0,13.5,2026-07-06
16.0,15.0,0.5641654737549173,3719.542485812487,1143.457514187513,2026-07-06
16.25,30.0,0.5641654737549173,3304.887960865041,319.712039134959,2026-07-06
16.5,45.0,0.5641654737549173,2890.9002328376323,208.6997671623676,2026-07-06
16.75,60.0,0.5641654737549173,2472.4357241147018,275.56427588529823,2026-07-06
17.0,75.0,0.5641654737549173,2062.799763660338,214.20023633966184,2026-07-06
17.25,90.0,0.5641654737549173,1662.360036210935,-887.760036210935,2026-07-06
17.5,105.0,0.5641654737549173,1271.2166432630438,-331.01664326304376,2026-07-06
17.75,120.0,0.5641654737549173,914.347313440928,-46.147313440927974,2026-07-06
18.0,135.0,0.5641654737549173,600.2714579417845,87.32854205821548,2026-07-06
18.25,150.0,0.5641654737549173,281.56227990925134,98.23772009074867,2026-07-06
18.5,165.0,0.5641654737549173,78.6653386917993,161.9346613082007,2026-07-06
18.75,180.0,0.5641654737549173,2.8563443801177604,80.71365561988223,2026-07-06
19.0,195.0,0.5641654737549173,0.0,13.5,2026-07-06
17.5,15.0,0.4733239952140835,1048.3951693159088,-108.19516931590874,2026-07-06
17.75,30.0,0.4733239952140835,770.8373396957758,97.36266030422428,2026-07-06
18.0,45.0,0.4733239952140835,519.6857511169962,167.91424888300378,2026-07-06
18.25,60.0,0.4733239952140835,246.12578062765883,133.67421937234118,2026-07-06
18.5,75.0,0.4733239952140835,68.57369818401989,172.0263018159801,2026-07-06
18.75,90.0,0.4733239952140835,2.5014359957618684,81.06856400423813,2026-07-06
19.0,105.0,0.4733239952140835,0.0,13.5,2026-07-06
7.0,15.0,0.6115155075599851,1082.4245122057807,89.97548779421936,2026-07-07
7.25,30.0,0.6115155075599851,1474.7522264123652,-25.75222641236519,2026-07-07
7.5,45.0,0.6115155075599851,1886.2968047712093,26.503195228790673,2026-07-07
7.75,60.0,0.6115155075599851,2310.971587410921,-230.6815874109211,2026-07-07
8.0,75.0,0.6115155075599851,2738.663918748451,-608.0639187484512,2026-07-07
8.25,90.0,0.6115155075599851,3174.774356513017,-382.3743565130171,2026-07-07
8.5,105.0,0.6115155075599851,3598.216259811314,-1009.816259811314,2026-07-07
8.75,120.0,0.6115155075599851,4004.977073738428,-2205.617073738428,2026-07-07
9.0,135.0,0.6115155075599851,4400.596932703463,-1933.9969327034628,2026-07-07
9.25,150.0,0.6115155075599851,4796.853731984676,-752.2537319846765,2026-07-07
9.5,165.0,0.6115155075599851,5170.217075290723,-1004.417075290723,2026-07-07
9.75,180.0,0.6115155075599851,5522.96083803036,-1383.5608380303602,2026-07-07
10.0,195.0,0.6115155075599851,5857.16702344376,-3965.3670234437595,2026-07-07
10.25,210.0,0.6115155075599851,6181.784902765937,-3859.184902765937,2026-07-07
10.5,225.0,0.6115155075599851,6481.027497538767,-3473.5274975387674,2026-07-07
10.75,240.0,0.6115155075599851,6767.662658164346,-1945.462658164346,2026-07-07
11.0,255.0,0.6115155075599851,7016.583001615395,-4536.1830016153945,2026-07-07
11.25,270.0,0.6115155075599851,7233.652352845036,-5847.652352845036,2026-07-07
11.5,285.0,0.6115155075599851,7405.422477340953,-5559.822477340953,2026-07-07
11.75,300.0,0.6115155075599851,7520.983838200584,-5017.783838200584,2026-07-07
12.0,315.0,0.6115155075599851,7593.834637935157,-5534.634637935157,2026-07-07
12.25,330.0,0.6115155075599851,7656.851553976902,-3651.8515539769023,2026-07-07
12.5,345.0,0.6115155075599851,7696.348595944145,-2237.548595944145,2026-07-07
12.75,360.0,0.6115155075599851,7646.615112327418,-4482.215112327418,2026-07-07
13.0,375.0,0.6115155075599851,7575.527469053878,-29.327469053878303,2026-07-07
13.25,390.0,0.6115155075599851,7504.325752323149,1110.4742476768506,2026-07-07
13.5,405.0,0.6115155075599851,7404.588492612107,-5704.788492612107,2026-07-07
13.75,420.0,0.6115155075599851,7195.18993050673,-5017.789930506729,2026-07-07
14.0,435.0,0.6115155075599851,6970.304907533448,1346.8950924665523,2026-07-07
14.25,450.0,0.6115155075599851,6748.0000319444,-580.0000319443998,2026-07-07
14.5,465.0,0.6115155075599851,6496.667174255488,-4272.467174255488,2026-07-07
14.75,480.0,0.6115155075599851,6154.952751370058,1234.6872486299426,2026-07-07
15.0,495.0,0.6115155075599851,5780.832838259998,1076.5671617400012,2026-07-07
15.25,510.0,0.6115155075599851,5392.9755749647,-2991.7755749647004,2026-07-07
15.5,525.0,0.6115155075599851,4988.42163164791,3841.778368352091,2026-07-07
15.75,540.0,0.6115155075599851,4567.425048324586,2981.774951675414,2026-07-07
16.0,555.0,0.6115155075599851,4143.724711545797,-362.5247115457969,2026-07-07
16.25,570.0,0.6115155075599851,3714.110950731991,-1731.5409507319912,2026-07-07
16.5,585.0,0.6115155075599851,3270.35745406504,30.242545934959708,2026-07-07
16.75,600.0,0.6115155075599851,2814.820496763544,360.379503236456,2026-07-07
17.0,615.0,0.6115155075599851,2355.134920207918,718.665079792082,2026-07-07
17.25,630.0,0.6115155075599851,1911.039356671156,2164.160643328844,2026-07-07
17.5,645.0,0.6115155075599851,1483.4439591334228,50.75604086657722,2026-07-07
17.75,660.0,0.6115155075599851,1021.2022755902076,-120.5622755902076,2026-07-07
18.0,675.0,0.6115155075599851,609.8241285075786,-168.82412850757862,2026-07-07
18.25,690.0,0.6115155075599851,286.2380102932659,686.3619897067341,2026-07-07
18.5,705.0,0.6115155075599851,80.02370968229675,399.37629031770325,2026-07-07
18.75,720.0,0.6115155075599851,2.8871607681087528,286.31283923189125,2026-07-07
19.0,735.0,0.6115155075599851,0.0,88.88,2026-07-07
8.5,15.0,0.4185852912780934,2798.617567312983,-210.21756731298274,2026-07-07
8.75,30.0,0.4185852912780934,3122.611319395031,-1323.251319395031,2026-07-07
9.0,45.0,0.4185852912780934,3435.5883739457827,-968.9883739457828,2026-07-07
9.25,60.0,0.4185852912780934,3742.335933316013,302.26406668398704,2026-07-07
9.5,75.0,0.4185852912780934,4034.267680137165,131.53231986283527,2026-07-07
9.75,90.0,0.4185852912780934,4320.2992427835,-180.89924278350009,2026-07-07
10.0,105.0,0.4185852912780934,4593.114518757397,-2701.3145187573964,2026-07-07
10.25,120.0,0.4185852912780934,4851.865639726112,-2529.265639726112,2026-07-07
10.5,135.0,0.4185852912780934,5100.644435069637,-2093.1444350696374,2026-07-07
10.75,150.0,0.4185852912780934,5335.647245767071,-513.4472457670709,2026-07-07
11.0,165.0,0.4185852912780934,5549.255100560326,-3068.8551005603263,2026-07-07
11.25,180.0,0.4185852912780934,5746.252580119576,-4360.252580119576,2026-07-07
11.5,195.0,0.4185852912780934,5910.57199709795,-4064.97199709795,2026-07-07
11.75,210.0,0.4185852912780934,6028.84682924391,-3525.6468292439104,2026-07-07
12.0,225.0,0.4185852912780934,6094.529462651098,-4035.329462651098,2026-07-07
12.25,240.0,0.4185852912780934,6146.575013373174,-2141.5750133731744,2026-07-07
12.5,255.0,0.4185852912780934,6168.3550476167175,-709.5550476167173,2026-07-07
12.75,270.0,0.4185852912780934,6119.862568942117,-2955.462568942117,2026-07-07
13.0,285.0,0.4185852912780934,6062.746383176377,1483.4536168236227,2026-07-07
13.25,300.0,0.4185852912780934,6010.36005177519,2604.439948224809,2026-07-07
13.5,315.0,0.4185852912780934,5948.370285316366,-4248.570285316366,2026-07-07
13.75,330.0,0.4185852912780934,5783.381729137339,-3605.981729137339,2026-07-07
14.0,345.0,0.4185852912780934,5607.725663538688,2709.4743364613123,2026-07-07
14.25,360.0,0.4185852912780934,5429.105538625453,738.8944613745471,2026-07-07
14.5,375.0,0.4185852912780934,5231.26855725882,-3007.06855725882,2026-07-07
14.75,390.0,0.4185852912780934,4960.860736657281,2428.779263342719,2026-07-07
15.0,405.0,0.4185852912780934,4667.378148964635,2190.0218510353643,2026-07-07
15.25,420.0,0.4185852912780934,4366.334221527738,-1965.1342215277382,2026-07-07
15.5,435.0,0.4185852912780934,4049.127347440954,4781.072652559047,2026-07-07
15.75,450.0,0.4185852912780934,3709.46236831304,3839.73763168696,2026-07-07
16.0,465.0,0.4185852912780934,3369.826030603873,411.373969396127,2026-07-07
16.25,480.0,0.4185852912780934,3024.111940962217,-1041.541940962217,2026-07-07
16.5,495.0,0.4185852912780934,2669.7965287949905,630.8034712050094,2026-07-07
16.75,510.0,0.4185852912780934,2303.033125341681,872.1668746583186,2026-07-07
17.0,525.0,0.4185852912780934,1939.2629838666676,1134.5370161333326,2026-07-07
17.25,540.0,0.4185852912780934,1585.9182797487686,2489.2817202512315,2026-07-07
17.5,555.0,0.4185852912780934,1241.8145271010883,292.38547289891176,2026-07-07
17.75,570.0,0.4185852912780934,854.8830333453423,45.75696665465773,2026-07-07
18.0,585.0,0.4185852912780934,509.4561074859164,-68.45610748591639,2026-07-07
18.25,600.0,0.4185852912780934,238.52155367453463,734.0784463254654,2026-07-07
18.5,615.0,0.4185852912780934,65.56746555437108,413.8325344456289,2026-07-07
18.75,630.0,0.4185852912780934,2.363976202283756,286.8360237977162,2026-07-07
19.0,645.0,0.4185852912780934,0.0,88.88,2026-07-07
10.0,15.0,0.36181179939053515,4155.1590352108615,-2263.3590352108613,2026-07-07
10.25,30.0,0.36181179939053515,4395.105855392904,-2072.5058553929043,2026-07-07
10.5,45.0,0.36181179939053515,4620.629754525854,-1613.129754525854,2026-07-07
10.75,60.0,0.36181179939053515,4832.975596545685,-10.775596545685403,2026-07-07
11.0,75.0,0.36181179939053515,5021.085459600833,-2540.685459600833,2026-07-07
11.25,90.0,0.36181179939053515,5210.7767940458525,-3824.7767940458525,2026-07-07
11.5,105.0,0.36181179939053515,5377.173742966881,-3531.573742966881,2026-07-07
11.75,120.0,0.36181179939053515,5504.818710362621,-3001.6187103626207,2026-07-07
12.0,135.0,0.36181179939053515,5585.840380150445,-3526.640380150445,2026-07-07
12.25,150.0,0.36181179939053515,5638.817608917075,-1633.8176089170747,2026-07-07
12.5,165.0,0.36181179939053515,5667.351021723586,-208.55102172358602,2026-07-07
12.75,180.0,0.36181179939053515,5628.841469644237,-2464.441469644237,2026-07-07
13.0,195.0,0.36181179939053515,5582.085012846866,1964.1149871531334,2026-07-07
13.25,210.0,0.36181179939053515,5539.766476850562,3075.0335231494373,2026-07-07
13.5,225.0,0.36181179939053515,5480.382984500452,-3780.582984500452,2026-07-07
13.75,240.0,0.36181179939053515,5327.118558830345,-3149.718558830345,2026-07-07
14.0,255.0,0.36181179939053515,5157.739039090759,3159.4609609092413,2026-07-07
14.25,270.0,0.36181179939053515,4986.632009697423,1181.3679903025768,2026-07-07
14.5,285.0,0.36181179939053515,4795.492249932324,-2571.292249932324,2026-07-07
14.75,300.0,0.36181179939053515,4540.849873176652,2848.790126823348,2026-07-07
15.0,315.0,0.36181179939053515,4274.702285201853,2582.697714798147,2026-07-07
15.25,330.0,0.36181179939053515,4001.050969458645,-1599.850969458645,2026-07-07
15.5,345.0,0.36181179939053515,3711.308995394638,5118.8910046053625,2026-07-07
15.75,360.0,0.36181179939053515,3398.926089709418,4150.273910290582,2026-07-07
16.0,375.0,0.36181179939053515,3087.672668388502,693.5273316114976,2026-07-07
16.25,390.0,0.36181179939053515,2776.659062463204,-794.0890624632041,2026-07-07
16.5,405.0,0.36181179939053515,2453.369906449544,847.2300935504559,2026-07-07
16.75,420.0,0.36181179939053515,2121.0463328644123,1054.1536671355875,2026-07-07
17.0,435.0,0.36181179939053515,1788.9096199593016,1284.8903800406986,2026-07-07
17.25,450.0,0.36181179939053515,1464.9455811819237,2610.2544188180764,2026-07-07
17.5,465.0,0.36181179939053515,1151.322945839202,382.877054160798,2026-07-07
17.75,480.0,0.36181179939053515,794.1498246178933,106.49017538210671,2026-07-07
18.0,495.0,0.36181179939053515,473.75036186758376,-32.75036186758376,2026-07-07
18.25,510.0,0.36181179939053515,221.5445689362656,751.0554310637344,2026-07-07
18.5,525.0,0.36181179939053515,60.52120252788361,418.8787974721164,2026-07-07
18.75,540.0,0.36181179939053515,2.1869603542506746,287.0130396457493,2026-07-07
19.0,555.0,0.36181179939053515,0.0,88.88,2026-07-07
11.5,15.0,0.2304851479182048,3937.207613162204,-2091.607613162204,2026-07-07
11.75,30.0,0.2304851479182048,4084.61208598723,-1581.41208598723,2026-07-07
12.0,45.0,0.2304851479182048,4198.483318221098,-2139.283318221098,2026-07-07
12.25,60.0,0.2304851479182048,4293.642415301748,-288.64241530174786,2026-07-07
12.5,75.0,0.2304851479182048,4372.6180739303945,1086.1819260696057,2026-07-07
12.75,90.0,0.2304851479182048,4370.934750060305,-1206.5347500603052,2026-07-07
13.0,105.0,0.2304851479182048,4355.228353478985,3190.971646521015,2026-07-07
13.25,120.0,0.2304851479182048,4342.103225792929,4272.69677420707,2026-07-07
13.5,135.0,0.2304851479182048,4332.648299151587,-2632.8482991515866,2026-07-07
13.75,150.0,0.2304851479182048,4227.633342439741,-2050.2333424397407,2026-07-07
14.0,165.0,0.2304851479182048,4105.600102706437,4211.599897293564,2026-07-07
14.25,180.0,0.2304851479182048,3983.009144062456,2184.990855937544,2026-07-07
14.5,195.0,0.2304851479182048,3848.253331038221,-1624.0533310382211,2026-07-07
14.75,210.0,0.2304851479182048,3653.0177998322993,3736.622200167701,2026-07-07
15.0,225.0,0.2304851479182048,3443.600518671717,3413.7994813282826,2026-07-07
15.25,240.0,0.2304851479182048,3227.633703612219,-826.4337036122192,2026-07-07
15.5,255.0,0.2304851479182048,2997.021728287709,5833.1782717122915,2026-07-07
15.75,270.0,0.2304851479182048,2743.9774411333883,4805.2225588666115,2026-07-07
16.0,285.0,0.2304851479182048,2492.6476118864493,1288.5523881135505,2026-07-07
16.25,300.0,0.2304851479182048,2242.729851170169,-260.15985117016885,2026-07-07
16.5,315.0,0.2304851479182048,1989.3578826918556,1311.2421173081443,2026-07-07
16.75,330.0,0.2304851479182048,1727.2283193426344,1447.9716806573654,2026-07-07
17.0,345.0,0.2304851479182048,1462.4039980331634,1611.3960019668368,2026-07-07
17.25,360.0,0.2304851479182048,1204.0237009650934,2871.176299034906,2026-07-07
17.5,375.0,0.2304851479182048,955.6350968649294,578.5649031350706,2026-07-07
17.75,390.0,0.2304851479182048,661.2429379329562,239.39706206704375,2026-07-07
18.0,405.0,0.2304851479182048,395.4962887823714,45.50371121762862,2026-07-07
18.25,420.0,0.2304851479182048,185.5991113706398,787.0008886293602,2026-07-07
18.5,435.0,0.2304851479182048,49.95722785724136,429.4427721427586,2026-07-07
18.75,450.0,0.2304851479182048,1.8025194384686527,287.3974805615313,2026-07-07
19.0,465.0,0.2304851479182048,0.0,88.88,2026-07-07
13.0,15.0,0.26452630998020527,4839.916153846179,2706.2838461538204,2026-07-07
13.25,30.0,0.26452630998020527,4827.423897285214,3787.3761027147857,2026-07-07
13.5,45.0,0.26452630998020527,4804.633359701652,-3104.8333597016517,2026-07-07
13.75,60.0,0.26452630998020527,4699.146749975368,-2521.746749975368,2026-07-07
14.0,75.0,0.26452630998020527,4586.575023704283,3730.6249762957177,2026-07-07
14.25,90.0,0.26452630998020527,4472.933121946781,1695.0668780532187,2026-07-07
14.5,105.0,0.26452630998020527,4333.7414858169,-2109.5414858169006,2026-07-07
14.75,120.0,0.26452630998020527,4125.996988311169,3263.6430116888314,2026-07-07
15.0,135.0,0.26452630998020527,3914.622929349372,2942.7770706506276,2026-07-07
15.25,150.0,0.26452630998020527,3696.630593965366,-1295.4305939653664,2026-07-07
15.5,165.0,0.26452630998020527,3462.7129922251684,5367.487007774833,2026-07-07
15.75,180.0,0.26452630998020527,3189.7351660913887,4359.464833908611,2026-07-07
16.0,195.0,0.26452630998020527,2914.416227703257,866.7837722967429,2026-07-07
16.25,210.0,0.26452630998020527,2636.9123367464863,-654.3423367464864,2026-07-07
16.5,225.0,0.26452630998020527,2353.513496341898,947.0865036581017,2026-07-07
16.75,240.0,0.26452630998020527,2047.60809149326,1127.5919085067399,2026-07-07
17.0,255.0,0.26452630998020527,1728.187809749175,1345.6121902508253,2026-07-07
17.25,270.0,0.26452630998020527,1365.2025851392757,2709.9974148607243,2026-07-07
17.5,285.0,0.26452630998020527,1019.598049889546,514.601950110454,2026-07-07
17.75,300.0,0.26452630998020527,699.175218194953,201.46478180504698,2026-07-07
18.0,315.0,0.26452630998020527,418.2751273339829,22.72487266601712,2026-07-07
18.25,330.0,0.26452630998020527,196.3080455698506,776.2919544301494,2026-07-07
18.5,345.0,0.26452630998020527,53.11167285439805,426.2883271456019,2026-07-07
18.75,360.0,0.26452630998020527,1.915823142491166,287.28417685750884,2026-07-07
19.0,375.0,0.26452630998020527,0.0,88.88,2026-07-07
14.5,15.0,0.40157239183240334,5650.25558767505,-3426.0555876750504,2026-07-07
14.75,30.0,0.40157239183240334,5286.120449467121,2103.5195505328793,2026-07-07
15.0,45.0,0.40157239183240334,4946.126956030569,1911.2730439694305,2026-07-07
15.25,60.0,0.40157239183240334,4626.238026449368,-2225.038026449368,2026-07-07
15.5,75.0,0.40157239183240334,4294.433167989907,4535.766832010094,2026-07-07
15.75,90.0,0.40157239183240334,3935.2593171732433,3613.9406828267565,2026-07-07
16.0,105.0,0.40157239183240334,3572.5414701040286,208.65852989597124,2026-07-07
16.25,120.0,0.40157239183240334,3209.781855717965,-1227.211855717965,2026-07-07
16.5,135.0,0.40157239183240334,2837.233975151882,463.36602484811783,2026-07-07
16.75,150.0,0.40157239183240334,2447.826325632607,727.3736743673926,2026-07-07
17.0,165.0,0.40157239183240334,2052.64956429781,1021.1504357021904,2026-07-07
17.25,180.0,0.40157239183240334,1618.7816983244206,2456.418301675579,2026-07-07
17.5,195.0,0.40157239183240334,1207.6823327100358,326.51766728996427,2026-07-07
17.75,210.0,0.40157239183240334,828.3500394902638,72.28996050973615,2026-07-07
18.0,225.0,0.40157239183240334,495.6993650145602,-54.699365014560215,2026-07-07
18.25,240.0,0.40157239183240334,232.8199747905416,739.7800252094585,2026-07-07
18.5,255.0,0.40157239183240334,64.06018057170212,415.33981942829786,2026-07-07
18.75,270.0,0.40157239183240334,2.3103938481268016,286.8896061518732,2026-07-07
19.0,285.0,0.40157239183240334,0.0,88.88,2026-07-07
16.0,15.0,0.7797807035501227,5516.066589399095,-1734.8665893990956,2026-07-07
16.25,30.0,0.7797807035501227,4806.876531877876,-2824.3065318778763,2026-07-07
16.5,45.0,0.7797807035501227,4176.36746636631,-875.7674663663097,2026-07-07
16.75,60.0,0.7797807035501227,3570.8838132688365,-395.68381326883673,2026-07-07
17.0,75.0,0.7797807035501227,2960.3126367099685,113.48736329003168,2026-07-07
17.25,90.0,0.7797807035501227,2330.50263143183,1744.6973685681696,2026-07-07
17.5,105.0,0.7797807035501227,1736.557761856462,-202.35776185646205,2026-07-07
17.75,120.0,0.7797807035501227,1188.0990584897509,-287.4590584897509,2026-07-07
18.0,135.0,0.7797807035501227,708.629087205709,-267.62908720570897,2026-07-07
18.25,150.0,0.7797807035501227,331.84293200395643,640.7570679960436,2026-07-07
18.5,165.0,0.7797807035501227,93.7104650835383,385.6895349164617,2026-07-07
18.75,180.0,0.7797807035501227,3.377008684695963,285.822991315304,2026-07-07
19.0,195.0,0.7797807035501227,0.0,88.88,2026-07-07
17.5,15.0,0.8135052775845439,1950.3947757486771,-416.1947757486771,2026-07-07
17.75,30.0,0.8135052775845439,1308.6010596639314,-407.96105966393145,2026-07-07
18.0,45.0,0.8135052775845439,770.8427764787638,-329.84277647876377,2026-07-07
18.25,60.0,0.8135052775845439,358.65762335085327,613.9423766491468,2026-07-07
18.5,75.0,0.8135052775845439,100.88360305351549,378.5163969464845,2026-07-07
18.75,90.0,0.8135052775845439,3.626878495544618,285.57312150445534,2026-07-07
19.0,105.0,0.8135052775845439,0.0,88.88,2026-07-07
7.0,15.0,0.431631614873283,676.0795839599277,-143.8795839599277,2026-07-08
7.25,30.0,0.431631614873283,933.1412442886644,-228.14124428866444,2026-07-08
7.5,45.0,0.431631614873283,1208.9450734801765,840.0549265198235,2026-07-08
7.75,60.0,0.431631614873283,1492.317997516766,519.8220024832342,2026-07-08
8.0,75.0,0.431631614873283,1776.307195545961,-85.50719554596094,2026-07-08
8.25,90.0,0.431631614873283,2060.0690793467406,446.73092065325955,2026-07-08
8.5,105.0,0.431631614873283,2341.7678431434865,2850.632156856513,2026-07-08
8.75,120.0,0.431631614873283,2616.954687456083,2397.335312543917,2026-07-08
9.0,135.0,0.431631614873283,2900.89019582704,2284.9098041729603,2026-07-08
9.25,150.0,0.431631614873283,3179.136325109037,-40.53632510903708,2026-07-08
9.5,165.0,0.431631614873283,3441.543068724715,1485.656931275285,2026-07-08
9.75,180.0,0.431631614873283,3673.333764390218,235.06623560978187,2026-07-08
10.0,195.0,0.431631614873283,3900.783994683521,-543.7839946835211,2026-07-08
10.25,210.0,0.431631614873283,4148.650838261757,1076.4891617382436,2026-07-08
10.5,225.0,0.431631614873283,4386.274559990753,1851.3254400092474,2026-07-08
10.75,240.0,0.431631614873283,4600.134135877256,861.6658641227441,2026-07-08
11.0,255.0,0.431631614873283,4786.129280669632,1255.2707193303677,2026-07-08
11.25,270.0,0.431631614873283,4942.27120107834,354.5287989216604,2026-07-08
11.5,285.0,0.431631614873283,5089.382438305213,-1111.3824383052133,2026-07-08
11.75,300.0,0.431631614873283,5214.618930631768,22.741069368231365,2026-07-08
12.0,315.0,0.431631614873283,5326.307900564896,-26.507900564895863,2026-07-08
12.25,330.0,0.431631614873283,5411.07656339847,-2355.8765633984704,2026-07-08
12.5,345.0,0.431631614873283,5479.93103539578,-2442.08103539578,2026-07-08
12.75,360.0,0.431631614873283,5465.47130608978,1937.9286939102194,2026-07-08
13.0,375.0,0.431631614873283,5443.728753643812,-633.8687536438119,2026-07-08
13.25,390.0,0.431631614873283,5410.4558941247205,4032.3441058752787,2026-07-08
13.5,405.0,0.431631614873283,5371.93511708292,1350.4248829170792,2026-07-08
13.75,420.0,0.431631614873283,5253.413997314688,-2133.4139973146875,2026-07-08
14.0,435.0,0.431631614873283,5115.380247993814,-2319.380247993814,2026-07-08
14.25,450.0,0.431631614873283,4950.815346053813,-711.2153460538129,2026-07-08
14.5,465.0,0.431631614873283,4768.909622565124,1132.6903774348766,2026-07-08
14.75,480.0,0.431631614873283,4527.2612004475495,-993.4712004475496,2026-07-08
15.0,495.0,0.431631614873283,4278.5130540852415,1656.0869459147589,2026-07-08
15.25,510.0,0.431631614873283,4015.317037956821,-208.31703795682097,2026-07-08
15.5,525.0,0.431631614873283,3743.060665128599,-381.2606651285987,2026-07-08
15.75,540.0,0.431631614873283,3431.2253040035384,4924.374695996462,2026-07-08
16.0,555.0,0.431631614873283,3110.985306267336,5398.214693732665,2026-07-08
16.25,570.0,0.431631614873283,2787.645304456742,4219.754695543257,2026-07-08
16.5,585.0,0.431631614873283,2464.247141738013,4194.552858261987,2026-07-08
16.75,600.0,0.431631614873283,2121.751751326279,3374.848248673721,2026-07-08
17.0,615.0,0.431631614873283,1773.4950773219616,1792.4349226780382,2026-07-08
17.25,630.0,0.431631614873283,1398.9314167246205,1333.4685832753796,2026-07-08
17.5,645.0,0.431631614873283,1041.6901842649668,-222.00018426496672,2026-07-08
17.75,660.0,0.431631614873283,713.3640605112219,51.63593948877815,2026-07-08
18.0,675.0,0.431631614873283,427.3055860930602,-427.3055860930602,2026-07-08
18.25,690.0,0.431631614873283,200.52664462981485,-200.52664462981485,2026-07-08
18.5,705.0,0.431631614873283,56.28244322518928,-56.28244322518928,2026-07-08
18.75,720.0,0.431631614873283,2.0028832066828595,-2.0028832066828595,2026-07-08
19.0,735.0,0.431631614873283,0.0,0.0,2026-07-08
8.5,15.0,0.41538905345450744,2304.2967828695814,2888.103217130418,2026-07-08
8.75,30.0,0.41538905345450744,2570.8570283153754,2443.4329716846246,2026-07-08
9.0,45.0,0.41538905345450744,2843.14735884745,2342.65264115255,2026-07-08
9.25,60.0,0.41538905345450744,3107.521595615879,31.07840438412086,2026-07-08
9.5,75.0,0.41538905345450744,3357.108676486961,1570.0913235130388,2026-07-08
9.75,90.0,0.41538905345450744,3601.917156617747,306.4828433822531,2026-07-08
10.0,105.0,0.41538905345450744,3839.897950012214,-482.8979500122141,2026-07-08
10.25,120.0,0.41538905345450744,4066.654747135851,1158.4852528641495,2026-07-08
10.5,135.0,0.41538905345450744,4278.137445628408,1959.462554371592,2026-07-08
10.75,150.0,0.41538905345450744,4475.367518935945,986.4324810640555,2026-07-08
11.0,165.0,0.41538905345450744,4659.8582977198985,1381.5417022801012,2026-07-08
11.25,180.0,0.41538905345450744,4819.599503576186,477.200496423814,2026-07-08
11.5,195.0,0.41538905345450744,4944.783153111348,-966.7831531113479,2026-07-08
11.75,210.0,0.41538905345450744,5053.82155980946,183.5384401905394,2026-07-08
12.0,225.0,0.41538905345450744,5156.632831226106,143.16716877389445,2026-07-08
12.25,240.0,0.41538905345450744,5233.977514048846,-2178.7775140488466,2026-07-08
12.5,255.0,0.41538905345450744,5277.802937302797,-2239.9529373027967,2026-07-08
12.75,270.0,0.41538905345450744,5271.593041034589,2131.8069589654106,2026-07-08
13.0,285.0,0.41538905345450744,5263.759432909926,-453.89943290992596,2026-07-08
13.25,300.0,0.41538905345450744,5229.549619931158,4213.250380068841,2026-07-08
13.5,315.0,0.41538905345450744,5176.582632636923,1545.7773673630763,2026-07-08
13.75,330.0,0.41538905345450744,5056.121230752774,-1936.121230752774,2026-07-08
14.0,345.0,0.41538905345450744,4924.290997396913,-2128.2909973969126,2026-07-08
14.25,360.0,0.41538905345450744,4760.345279958016,-520.745279958016,2026-07-08
14.5,375.0,0.41538905345450744,4587.688935668447,1313.9110643315535,2026-07-08
14.75,390.0,0.41538905345450744,4366.016347455337,-832.2263474553374,2026-07-08
15.0,405.0,0.41538905345450744,4137.9142742334,1796.6857257666006,2026-07-08
15.25,420.0,0.41538905345450744,3891.143001677413,-84.14300167741294,2026-07-08
15.5,435.0,0.41538905345450744,3628.591805881927,-266.79180588192685,2026-07-08
15.75,450.0,0.41538905345450744,3330.3962425511586,5025.203757448842,2026-07-08
16.0,465.0,0.41538905345450744,3027.049381901229,5482.150618098772,2026-07-08
16.25,480.0,0.41538905345450744,2715.270197675645,4292.129802324354,2026-07-08
16.5,495.0,0.41538905345450744,2398.968600609624,4259.831399390376,2026-07-08
16.75,510.0,0.41538905345450744,2065.856185207786,3430.7438147922144,2026-07-08
17.0,525.0,0.41538905345450744,1730.2270998804763,1835.7029001195235,2026-07-08
17.25,540.0,0.41538905345450744,1367.5047598554256,1364.8952401445745,2026-07-08
17.5,555.0,0.41538905345450744,1018.8004709553644,-199.11047095536435,2026-07-08
17.75,570.0,0.41538905345450744,696.2352165661266,68.76478343387339,2026-07-08
18.0,585.0,0.41538905345450744,416.9144113702579,-416.9144113702579,2026-07-08
18.25,600.0,0.41538905345450744,195.53489715375,-195.53489715375,2026-07-08
18.5,615.0,0.41538905345450744,54.73638019930553,-54.73638019930553,2026-07-08
18.75,630.0,0.41538905345450744,1.951889508244788,-1.951889508244788,2026-07-08
19.0,645.0,0.41538905345450744,0.0,0.0,2026-07-08
10.0,15.0,0.44550836550758177,4024.9559568059417,-667.9559568059417,2026-07-08
10.25,30.0,0.44550836550758177,4259.323693974528,965.8163060254719,2026-07-08
10.5,45.0,0.44550836550758177,4487.766101926508,1749.8338980734925,2026-07-08
10.75,60.0,0.44550836550758177,4695.334202915888,766.4657970841117,2026-07-08
11.0,75.0,0.44550836550758177,4877.03803814078,1164.3619618592193,2026-07-08
11.25,90.0,0.44550836550758177,5050.418045911077,246.38195408892352,2026-07-08
11.5,105.0,0.44550836550758177,5208.775414255138,-1230.7754142551375,2026-07-08
11.75,120.0,0.44550836550758177,5326.49035819652,-89.13035819652032,2026-07-08
12.0,135.0,0.44550836550758177,5426.9794468616,-127.1794468615999,2026-07-08
12.25,150.0,0.44550836550758177,5494.38565037032,-2439.18565037032,2026-07-08
12.5,165.0,0.44550836550758177,5544.801323566273,-2506.951323566273,2026-07-08
12.75,180.0,0.44550836550758177,5540.75914113714,1862.6408588628592,2026-07-08
13.0,195.0,0.44550836550758177,5528.244792150013,-718.3847921500137,2026-07-08
13.25,210.0,0.44550836550758177,5496.345498061906,3946.454501938093,2026-07-08
13.5,225.0,0.44550836550758177,5440.690655140286,1281.6693448597134,2026-07-08
13.75,240.0,0.44550836550758177,5318.714014860896,-2198.714014860896,2026-07-08
14.0,255.0,0.44550836550758177,5176.630431684072,-2380.6304316840724,2026-07-08
14.25,270.0,0.44550836550758177,5008.859636645953,-769.2596366459529,2026-07-08
14.5,285.0,0.44550836550758177,4831.808880860462,1069.7911191395388,2026-07-08
14.75,300.0,0.44550836550758177,4593.142200484559,-1059.352200484559,2026-07-08
15.0,315.0,0.44550836550758177,4338.763864139828,1595.8361358601724,2026-07-08
15.25,330.0,0.44550836550758177,4072.8266035566894,-265.8266035566894,2026-07-08
15.5,345.0,0.44550836550758177,3800.254816665577,-438.4548166655768,2026-07-08
15.75,360.0,0.44550836550758177,3478.084542732462,4877.515457267538,2026-07-08
16.0,375.0,0.44550836550758177,3152.040478384043,5357.159521615958,2026-07-08
16.25,390.0,0.44550836550758177,2823.264556730874,4184.135443269126,2026-07-08
16.5,405.0,0.44550836550758177,2493.6144252867352,4165.185574713265,2026-07-08
16.75,420.0,0.44550836550758177,2147.9828783034072,3348.617121696593,2026-07-08
17.0,435.0,0.44550836550758177,1799.1697336958275,1766.7602663041723,2026-07-08
17.25,450.0,0.44550836550758177,1423.1043252612842,1309.295674738716,2026-07-08
17.5,465.0,0.44550836550758177,1062.9586369857354,-243.26863698573538,2026-07-08
17.75,480.0,0.44550836550758177,726.2600118423271,38.73998815767288,2026-07-08
18.0,495.0,0.44550836550758177,434.0361816550142,-434.0361816550142,2026-07-08
18.25,510.0,0.44550836550758177,203.09325684210592,-203.09325684210592,2026-07-08
18.5,525.0,0.44550836550758177,57.08815780806542,-57.08815780806542,2026-07-08
18.75,540.0,0.44550836550758177,2.0391970366153207,-2.0391970366153207,2026-07-08
19.0,555.0,0.44550836550758177,0.0,0.0,2026-07-08
11.5,15.0,0.47809511598256277,5498.241650586737,-1520.2416505867368,2026-07-08
11.75,30.0,0.47809511598256277,5612.09189361389,-374.73189361388995,2026-07-08
12.0,45.0,0.47809511598256277,5712.664600156469,-412.86460015646844,2026-07-08
12.25,60.0,0.47809511598256277,5781.93150336025,-2726.73150336025,2026-07-08
12.5,75.0,0.47809511598256277,5830.675176029699,-2792.8251760296994,2026-07-08
12.75,90.0,0.47809511598256277,5820.85396431856,1582.5460356814392,2026-07-08
13.0,105.0,0.47809511598256277,5802.40805665766,-992.5480566576607,2026-07-08
13.25,120.0,0.47809511598256277,5745.427205988424,3697.372794011575,2026-07-08
13.5,135.0,0.47809511598256277,5683.8349402146605,1038.5250597853392,2026-07-08
13.75,150.0,0.47809511598256277,5551.890213503154,-2431.890213503154,2026-07-08
14.0,165.0,0.47809511598256277,5409.894193969808,-2613.894193969808,2026-07-08
14.25,180.0,0.47809511598256277,5229.209341992258,-989.6093419922572,2026-07-08
14.5,195.0,0.47809511598256277,5046.050889838543,855.5491101614571,2026-07-08
14.75,210.0,0.47809511598256277,4800.386405141786,-1266.596405141786,2026-07-08
15.0,225.0,0.47809511598256277,4524.301331753265,1410.2986682467354,2026-07-08
15.25,240.0,0.47809511598256277,4239.319636885965,-432.31963688596534,2026-07-08
15.5,255.0,0.47809511598256277,3950.9211925475374,-589.1211925475372,2026-07-08
15.75,270.0,0.47809511598256277,3621.008822915011,4734.591177084989,2026-07-08
16.0,285.0,0.47809511598256277,3286.4974587043025,5222.702541295698,2026-07-08
16.25,300.0,0.47809511598256277,2943.4198596719198,4063.98014032808,2026-07-08
16.5,315.0,0.47809511598256277,2598.1312554598967,4060.6687445401035,2026-07-08
16.75,330.0,0.47809511598256277,2235.019694310365,3261.580305689635,2026-07-08
17.0,345.0,0.47809511598256277,1875.0230051290528,1690.906994870947,2026-07-08
17.25,360.0,0.47809511598256277,1481.7608743267715,1250.6391256732286,2026-07-08
17.5,375.0,0.47809511598256277,1105.622539623448,-285.93253962344784,2026-07-08
17.75,390.0,0.47809511598256277,755.1402324414412,9.859767558558815,2026-07-08
18.0,405.0,0.47809511598256277,451.2507113177476,-451.2507113177476,2026-07-08
18.25,420.0,0.47809511598256277,211.31407532191596,-211.31407532191596,2026-07-08
18.5,435.0,0.47809511598256277,59.68247166517055,-59.68247166517055,2026-07-08
18.75,450.0,0.47809511598256277,2.1319185597922097,-2.1319185597922097,2026-07-08
19.0,465.0,0.47809511598256277,0.0,0.0,2026-07-08
13.0,15.0,0.33004834706165,4901.080699785563,-91.22069978556374,2026-07-08
13.25,30.0,0.33004834706165,4797.46825300114,4645.33174699886,2026-07-08
13.5,45.0,0.33004834706165,4708.134731324856,2014.2252686751435,2026-07-08
13.75,60.0,0.33004834706165,4573.222491033369,-1453.222491033369,2026-07-08
14.0,75.0,0.33004834706165,4428.728276699621,-1632.7282766996213,2026-07-08
14.25,90.0,0.33004834706165,4261.840913267375,-22.240913267374708,2026-07-08
14.5,105.0,0.33004834706165,4083.855076537175,1817.7449234628252,2026-07-08
14.75,120.0,0.33004834706165,3856.40050265188,-322.61050265187987,2026-07-08
15.0,135.0,0.33004834706165,3614.986593662843,2319.6134063371574,2026-07-08
15.25,150.0,0.33004834706165,3359.9067767260244,447.0932232739756,2026-07-08
15.5,165.0,0.33004834706165,3101.4845986445234,260.31540135547675,2026-07-08
15.75,180.0,0.33004834706165,2826.4486607875883,5529.1513392124125,2026-07-08
16.0,195.0,0.33004834706165,2552.110970398282,5957.089029601719,2026-07-08
16.25,210.0,0.33004834706165,2282.974252392129,4724.425747607871,2026-07-08
16.5,225.0,0.33004834706165,2001.466787204849,4657.333212795151,2026-07-08
16.75,240.0,0.33004834706165,1723.7044836284335,3772.895516371567,2026-07-08
17.0,255.0,0.33004834706165,1452.5815732093497,2113.34842679065,2026-07-08
17.25,270.0,0.33004834706165,1186.1001954344342,1546.2998045655659,2026-07-08
17.5,285.0,0.33004834706165,910.389392665686,-90.69939266568599,2026-07-08
17.75,300.0,0.33004834706165,621.8393227229072,143.16067727709276,2026-07-08
18.0,315.0,0.33004834706165,372.0035447717195,-372.0035447717195,2026-07-08
18.25,330.0,0.33004834706165,173.93286380884223,-173.93286380884223,2026-07-08
18.5,345.0,0.33004834706165,48.333820404788696,-48.333820404788696,2026-07-08
18.75,360.0,0.33004834706165,1.723902776410489,-1.723902776410489,2026-07-08
19.0,375.0,0.33004834706165,0.0,0.0,2026-07-08
14.5,15.0,0.3084183824360501,3833.105752272228,2068.4942477277723,2026-07-08
14.75,30.0,0.3084183824360501,3615.607988626847,-81.81798862684718,2026-07-08
15.0,45.0,0.3084183824360501,3396.801635731352,2537.7983642686486,2026-07-08
15.25,60.0,0.3084183824360501,3168.5362786714336,638.4637213285664,2026-07-08
15.5,75.0,0.3084183824360501,2926.6599322888096,435.14006771119057,2026-07-08
15.75,90.0,0.3084183824360501,2676.446568092308,5679.153431907693,2026-07-08
16.0,105.0,0.3084183824360501,2425.9556161379014,6083.244383862099,2026-07-08
16.25,120.0,0.3084183824360501,2168.488140385069,4838.911859614931,2026-07-08
16.5,135.0,0.3084183824360501,1903.746740681417,4755.0532593185835,2026-07-08
16.75,150.0,0.3084183824360501,1642.260829318405,3854.3391706815955,2026-07-08
17.0,165.0,0.3084183824360501,1387.582274082914,2178.347725917086,2026-07-08
17.25,180.0,0.3084183824360501,1133.5135965183576,1598.8864034816424,2026-07-08
17.5,195.0,0.3084183824360501,871.5424673499095,-51.85246734990949,2026-07-08
17.75,210.0,0.3084183824360501,597.4050506347613,167.59494936523868,2026-07-08
18.0,225.0,0.3084183824360501,357.31634546663366,-357.31634546663366,2026-07-08
18.25,240.0,0.3084183824360501,167.20171431201084,-167.20171431201084,2026-07-08
18.5,255.0,0.3084183824360501,46.40986034787643,-46.40986034787643,2026-07-08
18.75,270.0,0.3084183824360501,1.659848916782251,-1.659848916782251,2026-07-08
19.0,285.0,0.3084183824360501,0.0,0.0,2026-07-08
16.0,15.0,0.5810526352367672,3842.800995031142,4666.399004968858,2026-07-08
16.25,30.0,0.5810526352367672,3350.4171582424315,3656.982841757568,2026-07-08
16.5,45.0,0.5810526352367672,2901.395646489656,3757.404353510344,2026-07-08
16.75,60.0,0.5810526352367672,2478.0112160089443,3018.588783991056,2026-07-08
17.0,75.0,0.5810526352367672,2060.136448428659,1505.7935515713407,2026-07-08
17.25,90.0,0.5810526352367672,1659.8523754788305,1072.5476245211696,2026-07-08
17.5,105.0,0.5810526352367672,1260.778520450637,-441.0885204506369,2026-07-08
17.75,120.0,0.5810526352367672,860.320858488913,-95.32085848891302,2026-07-08
18.0,135.0,0.5810526352367672,512.6095796699385,-512.6095796699385,2026-07-08
18.25,150.0,0.5810526352367672,239.5439904118083,-239.5439904118083,2026-07-08
18.5,165.0,0.5810526352367672,67.9671123206609,-67.9671123206609,2026-07-08
18.75,180.0,0.5810526352367672,2.427131730587884,-2.427131730587884,2026-07-08
19.0,195.0,0.5810526352367672,0.0,0.0,2026-07-08
17.5,15.0,1.1038609145727714,2032.724824620237,-1213.034824620237,2026-07-08
17.75,30.0,1.1038609145727714,1379.348324053879,-614.348324053879,2026-07-08
18.0,45.0,1.1038609145727714,817.9028495257768,-817.9028495257768,2026-07-08
18.25,60.0,1.1038609145727714,380.1910852192228,-380.1910852192228,2026-07-08
18.5,75.0,1.1038609145727714,109.2377231463721,-109.2377231463721,2026-07-08
18.75,90.0,1.1038609145727714,3.892196084824728,-3.892196084824728,2026-07-08
19.0,105.0,1.1038609145727714,0.0,0.0,2026-07-08
7.0,15.0,0.27105641240755923,444.96813694306206,29.63186305693796,2026-07-09
7.25,30.0,0.27105641240755923,619.5664163047172,20.633583695282823,2026-07-09
7.5,45.0,0.27105641240755923,800.6066485249355,98.79335147506447,2026-07-09
7.75,60.0,0.27105641240755923,1002.2188935643676,845.7811064356324,2026-07-09
8.0,75.0,0.27105641240755923,1209.1400290458878,1643.8599709541122,2026-07-09
8.25,90.0,0.27105641240755923,1428.3544428996229,674.6455571003771,2026-07-09
8.5,105.0,0.27105641240755923,1633.0821937749558,182.51780622504407,2026-07-09
8.75,120.0,0.27105641240755923,1851.638356394217,214.7616436057831,2026-07-09
9.0,135.0,0.27105641240755923,2074.9831036571404,418.6168963428595,2026-07-09
9.25,150.0,0.27105641240755923,2300.110146548583,374.08985345141673,2026-07-09
9.5,165.0,0.27105641240755923,2496.3594706284,895.4405293716004,2026-07-09
9.75,180.0,0.27105641240755923,2710.223414345437,905.2065856545628,2026-07-09
10.0,195.0,0.27105641240755923,2942.108237984698,-69.30823798469783,2026-07-09
10.25,210.0,0.27105641240755923,3169.276588224293,1475.3234117757074,2026-07-09
10.5,225.0,0.27105641240755923,3326.9262343909286,2834.473765609071,2026-07-09
10.75,240.0,0.27105641240755923,3444.682541500416,2931.817458499584,2026-07-09
11.0,255.0,0.27105641240755923,3547.5367161488502,3669.17328385115,2026-07-09
11.25,270.0,0.27105641240755923,3664.910442127353,5200.689557872647,2026-07-09
11.5,285.0,0.27105641240755923,3773.443936792901,6005.3560632070985,2026-07-09
11.75,300.0,0.27105641240755923,3880.507384199721,4195.492615800279,2026-07-09
12.0,315.0,0.27105641240755923,3965.166733943592,5593.433266056409,2026-07-09
12.25,330.0,0.27105641240755923,4056.017852156565,4722.582147843435,2026-07-09
12.5,345.0,0.27105641240755923,4143.64137828858,6887.95862171142,2026-07-09
12.75,360.0,0.27105641240755923,4176.132442760494,8672.267557239506,2026-07-09
13.0,375.0,0.27105641240755923,4182.752034760769,8756.84796523923,2026-07-09
13.25,390.0,0.27105641240755923,4195.404568980135,8556.995431019865,2026-07-09
13.5,405.0,0.27105641240755923,4176.919642957254,7807.480357042746,2026-07-09
13.75,420.0,0.27105641240755923,4107.276849945573,7250.723150054427,2026-07-09
14.0,435.0,0.27105641240755923,4030.709677985029,7302.09032201497,2026-07-09
14.25,450.0,0.27105641240755923,3965.525317873057,6769.674682126944,2026-07-09
14.5,465.0,0.27105641240755923,3877.3699163371,5276.8300836629005,2026-07-09
14.75,480.0,0.27105641240755923,3729.143252933354,6657.496747066645,2026-07-09
15.0,495.0,0.27105641240755923,3578.080212074585,5660.7197879254145,2026-07-09
15.25,510.0,0.27105641240755923,3423.624766176696,3858.5752338233037,2026-07-09
15.5,525.0,0.27105641240755923,3240.100079716597,2385.4999202834033,2026-07-09
15.75,540.0,0.27105641240755923,3016.933749010168,4391.866250989832,2026-07-09
16.0,555.0,0.27105641240755923,2776.5130964698824,4080.8469035301173,2026-07-09
16.25,570.0,0.27105641240755923,2518.731741971918,3168.0682580280823,2026-07-09
16.5,585.0,0.27105641240755923,2227.543266095508,3272.0567339044924,2026-07-09
16.75,600.0,0.27105641240755923,1921.2191744624172,3117.490825537583,2026-07-09
17.0,615.0,0.27105641240755923,1572.8557827545822,1183.714217245418,2026-07-09
17.25,630.0,0.27105641240755923,1212.281759973313,594.918240026687,2026-07-09
17.5,645.0,0.27105641240755923,895.7411180006179,135.05888199938204,2026-07-09
17.75,660.0,0.27105641240755923,611.4332118706764,350.9667881293236,2026-07-09
18.0,675.0,0.27105641240755923,359.6910862381799,370.50891376182017,2026-07-09
18.25,690.0,0.27105641240755923,165.58247905964905,276.017520940351,2026-07-09
18.5,705.0,0.27105641240755923,45.30192658752024,81.51807341247975,2026-07-09
18.75,720.0,0.27105641240755923,1.5911596771006564,-1.5911596771006564,2026-07-09
19.0,735.0,0.27105641240755923,0.0,0.0,2026-07-09
8.5,15.0,0.3791540809269993,1974.115931135979,-158.51593113597914,2026-07-09
8.75,30.0,0.3791540809269993,2241.353841170022,-174.95384117002186,2026-07-09
9.0,45.0,0.3791540809269993,2509.66301020925,-16.063010209250024,2026-07-09
9.25,60.0,0.3791540809269993,2788.512841895384,-114.31284189538428,2026-07-09
9.5,75.0,0.3791540809269993,3042.565872763937,349.23412723606316,2026-07-09
9.75,90.0,0.3791540809269993,3310.53533302626,304.89466697373973,2026-07-09
10.0,105.0,0.3791540809269993,3588.56484048984,-715.76484048984,2026-07-09
10.25,120.0,0.3791540809269993,3849.5981223146855,795.0018776853149,2026-07-09
10.5,135.0,0.3791540809269993,4036.7478460031934,2124.652153996806,2026-07-09
10.75,150.0,0.3791540809269993,4186.888418891655,2189.6115811083446,2026-07-09
11.0,165.0,0.3791540809269993,4314.420165604562,2902.2898343954384,2026-07-09
11.25,180.0,0.3791540809269993,4425.090696651935,4440.509303348065,2026-07-09
11.5,195.0,0.3791540809269993,4526.290657351866,5252.5093426481335,2026-07-09
11.75,210.0,0.3791540809269993,4644.01576753102,3431.98423246898,2026-07-09
12.0,225.0,0.3791540809269993,4747.102863266024,4811.497136733977,2026-07-09
12.25,240.0,0.3791540809269993,4842.199787506371,3936.4002124936296,2026-07-09
12.5,255.0,0.3791540809269993,4917.56635225339,6114.033647746611,2026-07-09
12.75,270.0,0.3791540809269993,4948.108063294301,7900.291936705698,2026-07-09
13.0,285.0,0.3791540809269993,4953.302328198256,7986.297671801744,2026-07-09
13.25,300.0,0.3791540809269993,4945.4723269401065,7806.927673059893,2026-07-09
13.5,315.0,0.3791540809269993,4927.42443880766,7056.975561192339,2026-07-09
13.75,330.0,0.3791540809269993,4861.59143504433,6496.40856495567,2026-07-09
14.0,345.0,0.3791540809269993,4765.218840190243,6567.581159809756,2026-07-09
14.25,360.0,0.3791540809269993,4649.926450980403,6085.273549019597,2026-07-09
14.5,375.0,0.3791540809269993,4520.068579099594,4634.131420900407,2026-07-09
14.75,390.0,0.3791540809269993,4342.9244494652985,6043.715550534701,2026-07-09
15.0,405.0,0.3791540809269993,4149.599972448121,5089.2000275518785,2026-07-09
15.25,420.0,0.3791540809269993,3960.126614965304,3322.073385034696,2026-07-09
15.5,435.0,0.3791540809269993,3738.795001457149,1886.8049985428515,2026-07-09
15.75,450.0,0.3791540809269993,3466.7932675097404,3942.0067324902598,2026-07-09
16.0,465.0,0.3791540809269993,3182.0514653581167,3675.308534641883,2026-07-09
16.25,480.0,0.3791540809269993,2869.406350299685,2817.393649700315,2026-07-09
16.5,495.0,0.3791540809269993,2534.7352570113007,2964.8647429886996,2026-07-09
16.75,510.0,0.3791540809269993,2164.3498287817097,2874.3601712182904,2026-07-09
17.0,525.0,0.3791540809269993,1760.3233818447331,996.246618155267,2026-07-09
17.25,540.0,0.3791540809269993,1372.9016551877114,434.29834481228863,2026-07-09
17.5,555.0,0.3791540809269993,1021.3180924834188,9.481907516581146,2026-07-09
17.75,570.0,0.3791540809269993,703.4144282875458,258.9855717124542,2026-07-09
18.0,585.0,0.3791540809269993,411.9539183462502,318.24608165374985,2026-07-09
18.25,600.0,0.3791540809269993,189.16003514202183,252.4399648579782,2026-07-09
18.5,615.0,0.3791540809269993,52.03134571321379,74.7886542867862,2026-07-09
18.75,630.0,0.3791540809269993,1.8230608978330247,-1.8230608978330247,2026-07-09
19.0,645.0,0.3791540809269993,0.0,0.0,2026-07-09
10.0,15.0,0.326781824211523,3163.176194364446,-290.37619436444584,2026-07-09
10.25,30.0,0.326781824211523,3417.2621857841013,1227.337814215899,2026-07-09
10.5,45.0,0.326781824211523,3609.159486943898,2552.2405130561015,2026-07-09
10.75,60.0,0.326781824211523,3765.7096950220416,2610.7903049779584,2026-07-09
11.0,75.0,0.326781824211523,3895.2959191072473,3321.4140808927527,2026-07-09
11.25,90.0,0.326781824211523,4019.471197928903,4846.128802071097,2026-07-09
11.5,105.0,0.326781824211523,4138.313204704808,5640.486795295191,2026-07-09
11.75,120.0,0.326781824211523,4236.578774157097,3839.4212258429034,2026-07-09
12.0,135.0,0.326781824211523,4335.709698133137,5222.890301866863,2026-07-09
12.25,150.0,0.326781824211523,4450.152555211327,4328.447444788673,2026-07-09
12.5,165.0,0.326781824211523,4538.467616854679,6493.132383145321,2026-07-09
12.75,180.0,0.326781824211523,4560.200960963072,8288.199039036928,2026-07-09
13.0,195.0,0.326781824211523,4566.447228340259,8373.152771659741,2026-07-09
13.25,210.0,0.326781824211523,4563.783456921168,8188.6165430788315,2026-07-09
13.5,225.0,0.326781824211523,4537.579487691483,7446.820512308516,2026-07-09
13.75,240.0,0.326781824211523,4468.910111806815,6889.089888193185,2026-07-09
14.0,255.0,0.326781824211523,4373.756827819201,6959.043172180798,2026-07-09
14.25,270.0,0.326781824211523,4261.631402679777,6473.5685973202235,2026-07-09
14.5,285.0,0.326781824211523,4150.135202683992,5004.0647973160085,2026-07-09
14.75,300.0,0.326781824211523,3991.759670101916,6394.880329898084,2026-07-09
15.0,315.0,0.326781824211523,3813.268472348853,5425.5315276511465,2026-07-09
15.25,330.0,0.326781824211523,3636.031114765936,3646.168885234064,2026-07-09
15.5,345.0,0.326781824211523,3434.37622899278,2191.2237710072204,2026-07-09
15.75,360.0,0.326781824211523,3178.5549394955538,4230.245060504447,2026-07-09
16.0,375.0,0.326781824211523,2915.787085172916,3941.572914827084,2026-07-09
16.25,390.0,0.326781824211523,2635.395953840456,3051.404046159544,2026-07-09
16.5,405.0,0.326781824211523,2326.776676185957,3172.8233238140433,2026-07-09
16.75,420.0,0.326781824211523,1987.230318211526,3051.479681788474,2026-07-09
17.0,435.0,0.326781824211523,1628.1751947606265,1128.3948052393737,2026-07-09
17.25,450.0,0.326781824211523,1278.786374504317,528.4136254956829,2026-07-09
17.5,465.0,0.326781824211523,949.4259941752516,81.37400582474834,2026-07-09
17.75,480.0,0.326781824211523,645.765778946631,316.63422105336895,2026-07-09
18.0,495.0,0.326781824211523,380.1734460316658,350.02655396833427,2026-07-09
18.25,510.0,0.326781824211523,175.06401915982045,266.5359808401796,2026-07-09
18.5,525.0,0.326781824211523,48.06086622256296,78.75913377743703,2026-07-09
18.75,540.0,0.326781824211523,1.6859777687685042,-1.6859777687685042,2026-07-09
19.0,555.0,0.326781824211523,0.0,0.0,2026-07-09
11.5,15.0,0.561590418823562,6341.435678395066,3437.364321604933,2026-07-09
11.75,30.0,0.561590418823562,6386.480567663853,1689.5194323361466,2026-07-09
12.0,45.0,0.561590418823562,6407.861126436777,3150.738873563223,2026-07-09
12.25,60.0,0.561590418823562,6453.50585532258,2325.0941446774204,2026-07-09
12.5,75.0,0.561590418823562,6507.474624267112,4524.125375732889,2026-07-09
12.75,90.0,0.561590418823562,6506.655280704495,6341.744719295504,2026-07-09
13.0,105.0,0.561590418823562,6467.313358701823,6472.2866412981775,2026-07-09
13.25,120.0,0.561590418823562,6420.4042542939615,6331.995745706038,2026-07-09
13.5,135.0,0.561590418823562,6351.853703690806,5632.546296309194,2026-07-09
13.75,150.0,0.561590418823562,6230.252741993461,5127.747258006539,2026-07-09
14.0,165.0,0.561590418823562,6081.246404335208,5251.553595664791,2026-07-09
14.25,180.0,0.561590418823562,5908.945139122456,4826.254860877545,2026-07-09
14.5,195.0,0.561590418823562,5711.21343594335,3442.9865640566504,2026-07-09
14.75,210.0,0.561590418823562,5457.521355391697,4929.118644608302,2026-07-09
15.0,225.0,0.561590418823562,5177.6377063185855,4061.1622936814138,2026-07-09
15.25,240.0,0.561590418823562,4898.300740604907,2383.8992593950925,2026-07-09
15.5,255.0,0.561590418823562,4598.583820843031,1027.016179156969,2026-07-09
15.75,270.0,0.561590418823562,4244.2726383751005,3164.5273616248996,2026-07-09
16.0,285.0,0.561590418823562,3874.112725409727,2983.247274590273,2026-07-09
16.25,300.0,0.561590418823562,3486.767655861015,2200.032344138985,2026-07-09
16.5,315.0,0.561590418823562,3070.693443500549,2428.906556499451,2026-07-09
16.75,330.0,0.561590418823562,2617.371277862792,2421.338722137208,2026-07-09
17.0,345.0,0.561590418823562,2142.40310615466,614.1668938453404,2026-07-09
17.25,360.0,0.561590418823562,1684.086517576519,123.11348242348095,2026-07-09
17.5,375.0,0.561590418823562,1251.566021291,-220.76602129100002,2026-07-09
17.75,390.0,0.561590418823562,855.2470825289658,107.15291747103413,2026-07-09
18.0,405.0,0.561590418823562,504.82814111231846,225.37185888768158,2026-07-09
18.25,420.0,0.561590418823562,233.74298893491752,207.8570110650825,2026-07-09
18.5,435.0,0.561590418823562,65.70140058756074,61.11859941243925,2026-07-09
18.75,450.0,0.561590418823562,2.3078117738188286,-2.3078117738188286,2026-07-09
19.0,465.0,0.561590418823562,0.0,0.0,2026-07-09
13.0,15.0,0.8320123400947839,9227.145591752596,3712.454408247404,2026-07-09
13.25,30.0,0.8320123400947839,9022.846369145638,3729.5536308543615,2026-07-09
13.5,45.0,0.8320123400947839,8798.008087190503,3186.3919128094967,2026-07-09
13.75,60.0,0.8320123400947839,8531.419330651795,2826.5806693482045,2026-07-09
14.0,75.0,0.8320123400947839,8235.512314559108,3097.2876854408914,2026-07-09
14.25,90.0,0.8320123400947839,7928.168673909147,2807.0313260908533,2026-07-09
14.5,105.0,0.8320123400947839,7586.243659911386,1567.9563400886145,2026-07-09
14.75,120.0,0.8320123400947839,7206.02697054808,3180.61302945192,2026-07-09
15.0,135.0,0.8320123400947839,6804.67217437602,2434.1278256239793,2026-07-09
15.25,150.0,0.8320123400947839,6382.980003978231,899.2199960217686,2026-07-09
15.5,165.0,0.8320123400947839,5933.463902976589,-307.8639029765891,2026-07-09
15.75,180.0,0.8320123400947839,5439.802316913443,1968.9976830865571,2026-07-09
16.0,195.0,0.8320123400947839,4932.080700016981,1925.279299983019,2026-07-09
16.25,210.0,0.8320123400947839,4406.224974381221,1280.5750256187794,2026-07-09
16.5,225.0,0.8320123400947839,3853.669000877289,1645.9309991227115,2026-07-09
16.75,240.0,0.8320123400947839,3286.9304289207475,1751.7795710792525,2026-07-09
17.0,255.0,0.8320123400947839,2718.098588948997,38.47141105100309,2026-07-09
17.25,270.0,0.8320123400947839,2165.205377041674,-358.00537704167414,2026-07-09
17.5,285.0,0.8320123400947839,1628.651240171706,-597.851240171706,2026-07-09
17.75,300.0,0.8320123400947839,1113.3677678783215,-150.96776787832152,2026-07-09
18.0,315.0,0.8320123400947839,659.3049630709371,70.89503692906294,2026-07-09
18.25,330.0,0.8320123400947839,305.0906333260468,136.5093666739532,2026-07-09
18.5,345.0,0.8320123400947839,86.708467338096,40.11153266190399,2026-07-09
18.75,360.0,0.8320123400947839,3.0499435353100237,-3.0499435353100237,2026-07-09
19.0,375.0,0.8320123400947839,0.0,0.0,2026-07-09
14.5,15.0,1.0518711595485708,9530.482217895407,-376.2822178954066,2026-07-09
14.75,30.0,1.0518711595485708,9033.37145562151,1353.2685443784885,2026-07-09
15.0,45.0,1.0518711595485708,8493.565752668637,745.234247331362,2026-07-09
15.25,60.0,1.0518711595485708,7918.345081760992,-636.1450817609921,2026-07-09
15.5,75.0,1.0518711595485708,7310.798024531858,-1685.1980245318573,2026-07-09
15.75,90.0,1.0518711595485708,6675.536414117449,733.2635858825515,2026-07-09
16.0,105.0,1.0518711595485708,6024.19241813206,833.1675818679396,2026-07-09
16.25,120.0,1.0518711595485708,5359.473917023327,327.3260829766732,2026-07-09
16.5,135.0,1.0518711595485708,4676.584482509312,823.0155174906886,2026-07-09
16.75,150.0,1.0518711595485708,3977.870890090732,1060.8391099092682,2026-07-09
17.0,165.0,1.0518711595485708,3283.551560641577,-526.9815606415768,2026-07-09
17.25,180.0,1.0518711595485708,2612.142031982229,-804.9420319822291,2026-07-09
17.5,195.0,1.0518711595485708,1959.8602133915176,-929.0602133915177,2026-07-09
17.75,210.0,1.0518711595485708,1337.8365302758202,-375.43653027582025,2026-07-09
18.0,225.0,1.0518711595485708,795.705438079421,-65.50543807942097,2026-07-09
18.25,240.0,1.0518711595485708,371.20852779997074,70.39147220002928,2026-07-09
18.5,255.0,1.0518711595485708,106.56436212442708,20.255637875572916,2026-07-09
18.75,270.0,1.0518711595485708,3.75200029122238,-3.75200029122238,2026-07-09
19.0,285.0,1.0518711595485708,0.0,0.0,2026-07-09
16.0,15.0,0.9413606784116468,5595.55531049617,1261.8046895038296,2026-07-09
16.25,30.0,0.9413606784116468,4975.258158691397,711.5418413086036,2026-07-09
16.5,45.0,0.9413606784116468,4330.74684375054,1168.85315624946,2026-07-09
16.75,60.0,0.9413606784116468,3679.404265629619,1359.3057343703808,2026-07-09
17.0,75.0,0.9413606784116468,3031.0770251010786,-274.5070251010784,2026-07-09
17.25,90.0,0.9413606784116468,2406.503623239661,-599.303623239661,2026-07-09
17.5,105.0,0.9413606784116468,1802.334467515452,-771.534467515452,2026-07-09
17.75,120.0,0.9413606784116468,1230.739238687046,-268.3392386870461,2026-07-09
18.0,135.0,0.9413606784116468,729.998401629401,0.20159837059907204,2026-07-09
18.25,150.0,0.9413606784116468,339.10350200008594,102.49649799991408,2026-07-09
18.5,165.0,0.9413606784116468,97.10669809854828,29.713301901451715,2026-07-09
18.75,180.0,0.9413606784116468,3.421811811691121,-3.421811811691121,2026-07-09
19.0,195.0,0.9413606784116468,0.0,0.0,2026-07-09
17.5,15.0,0.849555608701901,1610.7589520093486,-579.9589520093486,2026-07-09
17.75,30.0,0.849555608701901,1106.9748930007936,-144.57489300079362,2026-07-09
18.0,45.0,0.849555608701901,660.4501739057018,69.74982609429821,2026-07-09
18.25,60.0,0.849555608701901,308.2806794497557,133.3193205502443,2026-07-09
18.5,75.0,0.849555608701901,87.98624713896848,38.83375286103151,2026-07-09
18.75,90.0,0.849555608701901,3.107800504274375,-3.107800504274375,2026-07-09
19.0,105.0,0.849555608701901,0.0,0.0,2026-07-09
7.0,15.0,0.8197731739829212,1305.8011431747402,-171.16114317474012,2026-07-10
7.25,30.0,0.8197731739829212,1790.7350832371533,-284.13508323715337,2026-07-10
7.5,45.0,0.8197731739829212,2303.9732156741884,-589.4732156741884,2026-07-10
7.75,60.0,0.8197731739829212,2847.34869188593,-462.94869188592975,2026-07-10
8.0,75.0,0.8197731739829212,3393.32522967931,504.2747703206901,2026-07-10
8.25,90.0,0.8197731739829212,3926.7508514101296,319.4491485898702,2026-07-10
8.5,105.0,0.8197731739829212,4444.562127701116,1436.0378722988844,2026-07-10
8.75,120.0,0.8197731739829212,4966.628515989848,1760.5714840101518,2026-07-10
9.0,135.0,0.8197731739829212,5479.04195991928,2032.3580400807195,2026-07-10
9.25,150.0,0.8197731739829212,5961.522388243005,2236.2776117569947,2026-07-10
9.5,165.0,0.8197731739829212,6428.75366549585,2375.046334504149,2026-07-10
9.75,180.0,0.8197731739829212,6881.906966734153,2487.093033265847,2026-07-10
10.0,195.0,0.8197731739829212,7315.016992708716,2547.783007291283,2026-07-10
10.25,210.0,0.8197731739829212,7692.172974266567,2647.027025733434,2026-07-10
10.5,225.0,0.8197731739829212,8034.118533934308,2770.681466065691,2026-07-10
10.75,240.0,0.8197731739829212,8309.400313236438,2843.3996867635615,2026-07-10
11.0,255.0,0.8197731739829212,8572.274420186075,2946.525579813924,2026-07-10
11.25,270.0,0.8197731739829212,8807.804767309819,627.195232690181,2026-07-10
11.5,285.0,0.8197731739829212,9006.343952789808,3170.656047210192,2026-07-10
11.75,300.0,0.8197731739829212,9087.720242830888,3167.879757169112,2026-07-10
12.0,315.0,0.8197731739829212,9154.300245548313,3015.4997544516864,2026-07-10
12.25,330.0,0.8197731739829212,9235.257064484624,3451.142935515376,2026-07-10
12.5,345.0,0.8197731739829212,9274.672893571074,2384.5271064289263,2026-07-10
12.75,360.0,0.8197731739829212,9213.18402471613,2639.815975283869,2026-07-10
13.0,375.0,0.8197731739829212,9116.10843420015,703.4915657998499,2026-07-10
13.25,390.0,0.8197731739829212,8966.791993324061,347.60800667593867,2026-07-10
13.5,405.0,0.8197731739829212,8768.864793483584,2247.1352065164156,2026-07-10
13.75,420.0,0.8197731739829212,8549.42828222579,641.3717177742092,2026-07-10
14.0,435.0,0.8197731739829212,8328.863852540562,2551.4961474594384,2026-07-10
14.25,450.0,0.8197731739829212,8071.742152071767,-351.5421520717673,2026-07-10
14.5,465.0,0.8197731739829212,7784.665600241619,-1547.6656002416194,2026-07-10
14.75,480.0,0.8197731739829212,7443.701382391859,-1236.7013823918587,2026-07-10
15.0,495.0,0.8197731739829212,7081.12943351099,-880.72943351099,2026-07-10
15.25,510.0,0.8197731739829212,6678.048708934393,-822.0487089343933,2026-07-10
15.5,525.0,0.8197731739829212,6241.476626391602,-897.8766263916013,2026-07-10
15.75,540.0,0.8197731739829212,5751.53999241729,-611.8999924172895,2026-07-10
16.0,555.0,0.8197731739829212,5237.959872891071,-289.7598728910716,2026-07-10
16.25,570.0,0.8197731739829212,4702.535549075056,-759.8955490750564,2026-07-10
16.5,585.0,0.8197731739829212,4156.548649330425,-679.5486493304252,2026-07-10
16.75,600.0,0.8197731739829212,3535.9891990760125,-120.78919907601266,2026-07-10
17.0,615.0,0.8197731739829212,2880.8039408425684,300.3960591574314,2026-07-10
17.25,630.0,0.8197731739829212,2270.8125175736773,342.18748242632273,2026-07-10
17.5,645.0,0.8197731739829212,1705.5278238587964,408.2721761412038,2026-07-10
17.75,660.0,0.8197731739829212,1155.4078587824383,543.1921412175616,2026-07-10
18.0,675.0,0.8197731739829212,681.7954880407872,524.8445119592129,2026-07-10
18.25,690.0,0.8197731739829212,317.7911830419608,460.40881695803927,2026-07-10
18.5,705.0,0.8197731739829212,89.74092319101173,381.25907680898825,2026-07-10
18.75,720.0,0.8197731739829212,3.091250828386513,165.5087491716135,2026-07-10
19.0,735.0,0.8197731739829212,0.0,21.0,2026-07-10
8.5,15.0,0.5692180984776631,3541.750845171168,2338.8491548288325,2026-07-10
8.75,30.0,0.5692180984776631,3948.002323867781,2779.197676132219,2026-07-10
9.0,45.0,0.5692180984776631,4342.44728256442,3168.95271743558,2026-07-10
9.25,60.0,0.5692180984776631,4727.899813610604,3469.9001863893955,2026-07-10
9.5,75.0,0.5692180984776631,5099.176358334422,3704.6236416655775,2026-07-10
9.75,90.0,0.5692180984776631,5460.284720650031,3908.715279349969,2026-07-10
10.0,105.0,0.5692180984776631,5807.069145790956,4055.730854209043,2026-07-10
10.25,120.0,0.5692180984776631,6108.593277400966,4230.606722599035,2026-07-10
10.5,135.0,0.5692180984776631,6378.610774543028,4426.189225456971,2026-07-10
10.75,150.0,0.5692180984776631,6581.334761943527,4571.465238056472,2026-07-10
11.0,165.0,0.5692180984776631,6756.49898238366,4762.301017616339,2026-07-10
11.25,180.0,0.5692180984776631,6929.396528772287,2505.6034712277133,2026-07-10
11.5,195.0,0.5692180984776631,7105.105860177446,5071.894139822554,2026-07-10
11.75,210.0,0.5692180984776631,7197.827481295706,5057.772518704294,2026-07-10
12.0,225.0,0.5692180984776631,7244.50020977033,4925.299790229669,2026-07-10
12.25,240.0,0.5692180984776631,7311.8239712917875,5374.576028708212,2026-07-10
12.5,255.0,0.5692180984776631,7328.637074083242,4330.562925916759,2026-07-10
12.75,270.0,0.5692180984776631,7285.044308008969,4567.955691991031,2026-07-10
13.0,285.0,0.5692180984776631,7201.759358237335,2617.8406417626657,2026-07-10
13.25,300.0,0.5692180984776631,7075.459993723509,2238.9400062764907,2026-07-10
13.5,315.0,0.5692180984776631,6926.352106605737,4089.6478933942626,2026-07-10
13.75,330.0,0.5692180984776631,6772.531515170705,2418.2684848292947,2026-07-10
14.0,345.0,0.5692180984776631,6610.612049509393,4269.747950490608,2026-07-10
14.25,360.0,0.5692180984776631,6416.290594048232,1303.9094059517674,2026-07-10
14.5,375.0,0.5692180984776631,6204.68454388932,32.315456110680316,2026-07-10
14.75,390.0,0.5692180984776631,5942.476221183429,264.5237788165714,2026-07-10
15.0,405.0,0.5692180984776631,5658.023287210912,542.3767127890878,2026-07-10
15.25,420.0,0.5692180984776631,5365.781975779042,490.2180242209579,2026-07-10
15.5,435.0,0.5692180984776631,5037.334739628305,306.26526037169515,2026-07-10
15.75,450.0,0.5692180984776631,4642.151921653065,497.48807834693525,2026-07-10
16.0,465.0,0.5692180984776631,4240.158049385243,708.0419506147564,2026-07-10
16.25,480.0,0.5692180984776631,3832.746427610016,109.893572389984,2026-07-10
16.5,495.0,0.5692180984776631,3386.395449745697,90.60455025430292,2026-07-10
16.75,510.0,0.5692180984776631,2873.3925505493894,541.8074494506104,2026-07-10
17.0,525.0,0.5692180984776631,2350.402112360364,830.797887639636,2026-07-10
17.25,540.0,0.5692180984776631,1854.3439326589275,758.6560673410725,2026-07-10
17.5,555.0,0.5692180984776631,1385.0235806570108,728.7764193429894,2026-07-10
17.75,570.0,0.5692180984776631,938.2041166854076,760.3958833145923,2026-07-10
18.0,585.0,0.5692180984776631,553.317695742028,653.3223042579721,2026-07-10
18.25,600.0,0.5692180984776631,257.3466796273291,520.853320372671,2026-07-10
18.5,615.0,0.5692180984776631,71.59806902075397,399.401930979246,2026-07-10
18.75,630.0,0.5692180984776631,2.467587931333981,166.132412068666,2026-07-10
19.0,645.0,0.5692180984776631,0.0,21.0,2026-07-10
10.0,15.0,0.9444994002376125,8738.82048518459,1123.9795148154099,2026-07-10
10.25,30.0,0.9444994002376125,9175.25694091471,1163.9430590852899,2026-07-10
10.5,45.0,0.9444994002376125,9570.174569414963,1234.6254305850362,2026-07-10
10.75,60.0,0.9444994002376125,9864.499408709817,1288.3005912901826,2026-07-10
11.0,75.0,0.9444994002376125,10124.623496888476,1394.1765031115228,2026-07-10
11.25,90.0,0.9444994002376125,10371.90471016733,-936.9047101673295,2026-07-10
11.5,105.0,0.9444994002376125,10583.885637308013,1593.1143626919875,2026-07-10
11.75,120.0,0.9444994002376125,10681.16543030184,1574.43456969816,2026-07-10
12.0,135.0,0.9444994002376125,10739.199824875002,1430.600175124997,2026-07-10
12.25,150.0,0.9444994002376125,10784.53137039765,1901.8686296023498,2026-07-10
12.5,165.0,0.9444994002376125,10769.541578160532,889.6584218394692,2026-07-10
12.75,180.0,0.9444994002376125,10668.303228680012,1184.6967713199883,2026-07-10
13.0,195.0,0.9444994002376125,10536.186057216746,-716.5860572167458,2026-07-10
13.25,210.0,0.9444994002376125,10350.411607541166,-1036.011607541166,2026-07-10
13.5,225.0,0.9444994002376125,10134.63371338293,881.3662866170707,2026-07-10
13.75,240.0,0.9444994002376125,9873.64078588582,-682.8407858858209,2026-07-10
14.0,255.0,0.9444994002376125,9585.084340592406,1295.2756594075945,2026-07-10
14.25,270.0,0.9444994002376125,9265.763026194856,-1545.5630261948563,2026-07-10
14.5,285.0,0.9444994002376125,8923.77760791511,-2686.77760791511,2026-07-10
14.75,300.0,0.9444994002376125,8508.675604297761,-2301.6756042977613,2026-07-10
15.0,315.0,0.9444994002376125,8051.307788805696,-1850.9077888056963,2026-07-10
15.25,330.0,0.9444994002376125,7568.852833480203,-1712.8528334802031,2026-07-10
15.5,345.0,0.9444994002376125,7060.206174676554,-1716.6061746765536,2026-07-10
15.75,360.0,0.9444994002376125,6484.674441400355,-1345.0344414003548,2026-07-10
16.0,375.0,0.9444994002376125,5887.56273487029,-939.3627348702903,2026-07-10
16.25,390.0,0.9444994002376125,5263.231931662873,-1320.5919316628729,2026-07-10
16.5,405.0,0.9444994002376125,4622.117245843361,-1145.1172458433612,2026-07-10
16.75,420.0,0.9444994002376125,3937.331848158749,-522.1318481587491,2026-07-10
17.0,435.0,0.9444994002376125,3234.292230245625,-53.09223024562516,2026-07-10
17.25,450.0,0.9444994002376125,2550.7004040926854,62.2995959073146,2026-07-10
17.5,465.0,0.9444994002376125,1904.035576176709,209.76442382329128,2026-07-10
17.75,480.0,0.9444994002376125,1298.797698157587,399.8023018424128,2026-07-10
18.0,495.0,0.9444994002376125,772.5595494307344,434.08045056926574,2026-07-10
18.25,510.0,0.9444994002376125,361.0965631434115,417.10343685658853,2026-07-10
18.5,525.0,0.9444994002376125,102.4221021773946,368.5778978226054,2026-07-10
18.75,540.0,0.9444994002376125,3.5293917589824457,165.07060824101754,2026-07-10
19.0,555.0,0.9444994002376125,0.0,21.0,2026-07-10
11.5,15.0,0.7709557389311653,9079.505197551536,3097.494802448464,2026-07-10
11.75,30.0,0.7709557389311653,9166.623617134825,3088.9763828651758,2026-07-10
12.0,45.0,0.7709557389311653,9209.23933936519,2960.56066063481,2026-07-10
12.25,60.0,0.7709557389311653,9245.30573254143,3441.0942674585694,2026-07-10
12.5,75.0,0.7709557389311653,9234.183994539007,2425.0160054609933,2026-07-10
12.75,90.0,0.7709557389311653,9141.886823657596,2711.1131763424037,2026-07-10
13.0,105.0,0.7709557389311653,9022.902358296114,796.6976417038859,2026-07-10
13.25,120.0,0.7709557389311653,8866.951680826454,447.4483191735453,2026-07-10
13.5,135.0,0.7709557389311653,8674.665129636182,2341.3348703638185,2026-07-10
13.75,150.0,0.7709557389311653,8457.625051164234,733.1749488357655,2026-07-10
14.0,165.0,0.7709557389311653,8235.76606217633,2644.593937823671,2026-07-10
14.25,180.0,0.7709557389311653,7983.034486752557,-262.8344867525575,2026-07-10
14.5,195.0,0.7709557389311653,7697.039044642354,-1460.0390446423544,2026-07-10
14.75,210.0,0.7709557389311653,7353.96421073723,-1146.9642107372301,2026-07-10
15.0,225.0,0.7709557389311653,6974.543625006915,-774.1436250069155,2026-07-10
15.25,240.0,0.7709557389311653,6570.241278982559,-714.2412789825594,2026-07-10
15.5,255.0,0.7709557389311653,6141.897519827187,-798.297519827187,2026-07-10
15.75,270.0,0.7709557389311653,5652.295391689579,-512.6553916895791,2026-07-10
16.0,285.0,0.7709557389311653,5138.467887556653,-190.26788755665348,2026-07-10
16.25,300.0,0.7709557389311653,4591.047141938986,-648.4071419389861,2026-07-10
16.5,315.0,0.7709557389311653,4027.245468356646,-550.2454683566461,2026-07-10
16.75,330.0,0.7709557389311653,3425.642983263257,-10.442983263257247,2026-07-10
17.0,345.0,0.7709557389311653,2810.988242584512,370.2117574154877,2026-07-10
17.25,360.0,0.7709557389311653,2216.592284594754,396.4077154052461,2026-07-10
17.5,375.0,0.7709557389311653,1654.2283505434946,459.5716494565056,2026-07-10
17.75,390.0,0.7709557389311653,1127.6322293935596,570.9677706064404,2026-07-10
18.0,405.0,0.7709557389311653,669.4807741606177,537.1592258393824,2026-07-10
18.25,420.0,0.7709557389311653,312.5945535961611,465.6054464038389,2026-07-10
18.5,435.0,0.7709557389311653,88.26025219320029,382.7397478067997,2026-07-10
18.75,450.0,0.7709557389311653,3.038296265417906,165.5617037345821,2026-07-10
19.0,465.0,0.7709557389311653,0.0,21.0,2026-07-10
13.0,15.0,1.0168656636764584,11480.420713570504,-1660.8207135705034,2026-07-10
13.25,30.0,1.0168656636764584,11285.024726961568,-1970.6247269615687,2026-07-10
13.5,45.0,1.0168656636764584,11040.903910198567,-24.903910198567246,2026-07-10
13.75,60.0,1.0168656636764584,10712.120481034308,-1521.3204810343086,2026-07-10
14.0,75.0,1.0168656636764584,10348.19767378921,532.1623262107914,2026-07-10
14.25,90.0,1.0168656636764584,9956.267661926984,-2236.0676619269843,2026-07-10
14.5,105.0,1.0168656636764584,9530.680282201163,-3293.680282201163,2026-07-10
14.75,120.0,1.0168656636764584,9037.724496525458,-2830.7244965254577,2026-07-10
15.0,135.0,1.0168656636764584,8492.700444025442,-2292.3004440254426,2026-07-10
15.25,150.0,1.0168656636764584,7914.86910532311,-2058.8691053231096,2026-07-10
15.5,165.0,1.0168656636764584,7314.605844234409,-1971.0058442344089,2026-07-10
15.75,180.0,1.0168656636764584,6684.4507453329325,-1544.8107453329321,2026-07-10
16.0,195.0,1.0168656636764584,6038.8303562762285,-1090.6303562762287,2026-07-10
16.25,210.0,1.0168656636764584,5368.196021917878,-1425.5560219178783,2026-07-10
16.5,225.0,1.0168656636764584,4683.461193491583,-1206.461193491583,2026-07-10
16.75,240.0,1.0168656636764584,3982.061237423954,-566.8612374239542,2026-07-10
17.0,255.0,1.0168656636764584,3293.4900963988944,-112.29009639889455,2026-07-10
17.25,270.0,1.0168656636764584,2638.943215352875,-25.943215352875086,2026-07-10
17.5,285.0,1.0168656636764584,2002.7028868030893,111.09711319691087,2026-07-10
17.75,300.0,1.0168656636764584,1368.701003647492,329.898996352508,2026-07-10
18.0,315.0,1.0168656636764584,814.0879159252096,392.5520840747905,2026-07-10
18.25,330.0,1.0168656636764584,380.3072255666708,397.89277443332924,2026-07-10
18.5,345.0,1.0168656636764584,108.36647985995891,362.63352014004107,2026-07-10
18.75,360.0,1.0168656636764584,3.7375894254906177,164.86241057450937,2026-07-10
19.0,375.0,1.0168656636764584,0.0,21.0,2026-07-10
14.5,15.0,0.8879931110628145,8486.876799156258,-2249.876799156258,2026-07-10
14.75,30.0,0.8879931110628145,8068.112340212151,-1861.1123402121511,2026-07-10
15.0,45.0,0.8879931110628145,7605.32557825282,-1404.9255782528207,2026-07-10
15.25,60.0,0.8879931110628145,7102.808999121261,-1246.808999121261,2026-07-10
15.5,75.0,0.8879931110628145,6577.801674680115,-1234.2016746801146,2026-07-10
15.75,90.0,0.8879931110628145,6034.060714807774,-894.420714807774,2026-07-10
16.0,105.0,0.8879931110628145,5461.876244747005,-513.6762447470055,2026-07-10
16.25,120.0,0.8879931110628145,4859.892542072174,-917.2525420721745,2026-07-10
16.5,135.0,0.8879931110628145,4242.66776098827,-765.66776098827,2026-07-10
16.75,150.0,0.8879931110628145,3617.392863819257,-202.19286381925713,2026-07-10
17.0,165.0,0.8879931110628145,2997.3711592839672,183.82884071603257,2026-07-10
17.25,180.0,0.8879931110628145,2401.012040051842,211.98795994815782,2026-07-10
17.5,195.0,0.8879931110628145,1821.977746502515,291.82225349748524,2026-07-10
17.75,210.0,0.8879931110628145,1246.9565503556266,451.6434496443733,2026-07-10
18.0,225.0,0.8879931110628145,743.911800582942,462.72819941705814,2026-07-10
18.25,240.0,0.8879931110628145,348.0627520684154,430.1372479315846,2026-07-10
18.5,255.0,0.8879931110628145,98.76443355320109,372.2355664467989,2026-07-10
18.75,270.0,0.8879931110628145,3.4101213279599363,165.18987867204007,2026-07-10
19.0,285.0,0.8879931110628145,0.0,21.0,2026-07-10
16.0,15.0,0.6358062018562635,4307.884643618575,640.3153563814249,2026-07-10
16.25,30.0,0.6358062018562635,3837.245700720159,105.39429927984065,2026-07-10
16.5,45.0,0.6358062018562635,3350.951743454302,126.04825654569822,2026-07-10
16.75,60.0,0.6358062018562635,2861.9465729118097,553.2534270881902,2026-07-10
17.0,75.0,0.6358062018562635,2378.6876118608525,802.5123881391473,2026-07-10
17.25,90.0,0.6358062018562635,1916.2185160471056,696.7814839528944,2026-07-10
17.5,105.0,0.6358062018562635,1461.6664994344785,652.1335005655217,2026-07-10
17.75,120.0,0.6358062018562635,1000.8974902697304,697.7025097302695,2026-07-10
18.0,135.0,0.6358062018562635,596.5800872545843,610.0599127454158,2026-07-10
18.25,150.0,0.6358062018562635,278.8429379541653,499.35706204583477,2026-07-10
18.5,165.0,0.6358062018562635,78.23039714463393,392.7696028553661,2026-07-10
18.75,180.0,0.6358062018562635,2.69629326231539,165.90370673768462,2026-07-10
19.0,195.0,0.6358062018562635,0.0,21.0,2026-07-10
17.5,15.0,0.7213569303277051,1614.4871408785302,499.31285912146996,2026-07-10
17.75,30.0,0.7213569303277051,1104.740465035047,593.8595349649529,2026-07-10
18.0,45.0,0.7213569303277051,659.1754128567142,547.4645871432859,2026-07-10
18.25,60.0,0.7213569303277051,308.5070946253439,469.69290537465616,2026-07-10
18.5,75.0,0.7213569303277051,87.12949516082928,383.87050483917074,2026-07-10
18.75,90.0,0.7213569303277051,3.0123818636033373,165.58761813639666,2026-07-10
19.0,105.0,0.7213569303277051,0.0,21.0,2026-07-10
7.0,15.0,0.8627871940986855,1487.9237293271976,-8.923729327197634,2026-07-11
7.25,30.0,0.8627871940986855,2045.427057114168,-204.92705711416806,2026-07-11
7.5,45.0,0.8627871940986855,2634.1835143968297,-331.98351439682983,2026-07-11
7.75,60.0,0.8627871940986855,3255.462455753073,-153.46245575307285,2026-07-11
8.0,75.0,0.8627871940986855,3877.5765026066906,-76.57650260669061,2026-07-11
8.25,90.0,0.8627871940986855,4498.805943180992,-305.4059431809919,2026-07-11
8.5,105.0,0.8627871940986855,5113.264978274422,-120.66497827442163,2026-07-11
8.75,120.0,0.8627871940986855,5727.841429468458,871.5585705315416,2026-07-11
9.0,135.0,0.8627871940986855,6323.50744805811,637.9925519418903,2026-07-11
9.25,150.0,0.8627871940986855,6900.185706265796,1409.2142937342032,2026-07-11
9.5,165.0,0.8627871940986855,7462.854684984666,1449.5453150153335,2026-07-11
9.75,180.0,0.8627871940986855,7986.518895325788,657.0811046742119,2026-07-11
10.0,195.0,0.8627871940986855,8451.412682018068,1535.3773179819327,2026-07-11
10.25,210.0,0.8627871940986855,8881.40152972668,1520.798470273321,2026-07-11
10.5,225.0,0.8627871940986855,9292.91601130599,1171.0839886940103,2026-07-11
10.75,240.0,0.8627871940986855,9637.341400376925,1054.6585996230751,2026-07-11
11.0,255.0,0.8627871940986855,9925.347687960142,621.4523120398571,2026-07-11
11.25,270.0,0.8627871940986855,10193.61482147358,-1372.4148214735797,2026-07-11
11.5,285.0,0.8627871940986855,10419.6104269239,-56.41042692389965,2026-07-11
11.75,300.0,0.8627871940986855,10555.306654653825,1814.2933453461756,2026-07-11
12.0,315.0,0.8627871940986855,10645.231355674769,1274.9686443252322,2026-07-11
12.25,330.0,0.8627871940986855,10674.183109863025,2074.6168901369747,2026-07-11
12.5,345.0,0.8627871940986855,10663.534275768878,2595.865724231122,2026-07-11
12.75,360.0,0.8627871940986855,10575.20259887478,2092.297401125221,2026-07-11
13.0,375.0,0.8627871940986855,10451.526641822358,2492.9233581776425,2026-07-11
13.25,390.0,0.8627871940986855,10306.923343416182,2533.676656583819,2026-07-11
13.5,405.0,0.8627871940986855,10132.24424517426,1418.9557548257399,2026-07-11
13.75,420.0,0.8627871940986855,9882.873933948327,1756.6960660516725,2026-07-11
14.0,435.0,0.8627871940986855,9574.00365377718,281.596346222821,2026-07-11
14.25,450.0,0.8627871940986855,9221.644302175557,-3521.6443021755567,2026-07-11
14.5,465.0,0.8627871940986855,8847.568262459032,-4118.968262459031,2026-07-11
14.75,480.0,0.8627871940986855,8410.520778749511,-1142.1207787495114,2026-07-11
15.0,495.0,0.8627871940986855,7943.124056606355,571.4759433936451,2026-07-11
15.25,510.0,0.8627871940986855,7448.213122113108,-501.50312211310757,2026-07-11
15.5,525.0,0.8627871940986855,6936.23396917941,-737.1639691794107,2026-07-11
15.75,540.0,0.8627871940986855,6372.779095537186,201.08090446281403,2026-07-11
16.0,555.0,0.8627871940986855,5773.427007959345,375.9729920406544,2026-07-11
16.25,570.0,0.8627871940986855,5162.75487667984,-184.55487667984016,2026-07-11
16.5,585.0,0.8627871940986855,4554.812167798945,-578.0121677989446,2026-07-11
16.75,600.0,0.8627871940986855,3922.3310745697313,1047.4689254302689,2026-07-11
17.0,615.0,0.8627871940986855,3248.9479833398063,1356.652016660194,2026-07-11
17.25,630.0,0.8627871940986855,2564.306076489722,546.6939235102782,2026-07-11
17.5,645.0,0.8627871940986855,1908.6321214989105,166.16787850108972,2026-07-11
17.75,660.0,0.8627871940986855,1304.0497759991354,445.1602240008647,2026-07-11
18.0,675.0,0.8627871940986855,778.7429299098395,381.6570700901606,2026-07-11
18.25,690.0,0.8627871940986855,364.61054564207376,375.7894543579262,2026-07-11
18.5,705.0,0.8627871940986855,101.34571525319052,362.4542847468095,2026-07-11
18.75,720.0,0.8627871940986855,3.4167392051806686,179.58326079481932,2026-07-11
19.0,735.0,0.8627871940986855,0.0,18.0,2026-07-11
8.5,15.0,0.6216353101140158,4035.087254860445,957.5127451395556,2026-07-11
8.75,30.0,0.6216353101140158,4536.748102088639,2062.6518979113607,2026-07-11
9.0,45.0,0.6216353101140158,5024.989953053809,1936.5100469461913,2026-07-11
9.25,60.0,0.6216353101140158,5497.700096706807,2811.6999032931926,2026-07-11
9.5,75.0,0.6216353101140158,5956.725953706012,2955.674046293988,2026-07-11
9.75,90.0,0.6216353101140158,6388.925538963146,2254.674461036854,2026-07-11
10.0,105.0,0.6216353101140158,6775.040343959026,3211.7496560409745,2026-07-11
10.25,120.0,0.6216353101140158,7132.846419105139,3269.353580894862,2026-07-11
10.5,135.0,0.6216353101140158,7469.528973669296,2994.4710263307043,2026-07-11
10.75,150.0,0.6216353101140158,7750.087294084533,2941.912705915467,2026-07-11
11.0,165.0,0.6216353101140158,8006.163016603295,2540.6369833967046,2026-07-11
11.25,180.0,0.6216353101140158,8255.142563501031,566.0574364989698,2026-07-11
11.5,195.0,0.6216353101140158,8464.23422903671,1898.9657709632902,2026-07-11
11.75,210.0,0.6216353101140158,8599.725368052572,3769.8746319474285,2026-07-11
12.0,225.0,0.6216353101140158,8683.239494462166,3236.9605055378343,2026-07-11
12.25,240.0,0.6216353101140158,8719.000074926678,4029.799925073321,2026-07-11
12.5,255.0,0.6216353101140158,8704.34202804967,4555.057971950329,2026-07-11
12.75,270.0,0.6216353101140158,8626.23680184278,4041.2631981572194,2026-07-11
13.0,285.0,0.6216353101140158,8515.204967799235,4429.245032200766,2026-07-11
13.25,300.0,0.6216353101140158,8389.398574576415,4451.2014254235855,2026-07-11
13.5,315.0,0.6216353101140158,8244.16919620883,3307.030803791171,2026-07-11
13.75,330.0,0.6216353101140158,8030.468187355184,3609.1018126448153,2026-07-11
14.0,345.0,0.6216353101140158,7785.597969724336,2070.0020302756648,2026-07-11
14.25,360.0,0.6216353101140158,7516.271006352979,-1816.2710063529794,2026-07-11
14.5,375.0,0.6216353101140158,7223.119048778261,-2494.51904877826,2026-07-11
14.75,390.0,0.6216353101140158,6884.839197437618,383.56080256238147,2026-07-11
15.0,405.0,0.6216353101140158,6523.095432722455,1991.504567277545,2026-07-11
15.25,420.0,0.6216353101140158,6139.014432306956,807.6955676930438,2026-07-11
15.5,435.0,0.6216353101140158,5735.785055469431,463.2849445305683,2026-07-11
15.75,450.0,0.6216353101140158,5281.881111903542,1291.978888096458,2026-07-11
16.0,465.0,0.6216353101140158,4800.022603116182,1349.3773968838177,2026-07-11
16.25,480.0,0.6216353101140158,4304.731558351104,673.4684416488963,2026-07-11
16.5,495.0,0.6216353101140158,3805.099236883673,171.70076311632738,2026-07-11
16.75,510.0,0.6216353101140158,3286.100195602471,1683.699804397529,2026-07-11
17.0,525.0,0.6216353101140158,2734.564486680338,1871.0355133196622,2026-07-11
17.25,540.0,0.6216353101140158,2165.837785815016,945.1622141849839,2026-07-11
17.5,555.0,0.6216353101140158,1615.5913030239865,459.2086969760137,2026-07-11
17.75,570.0,0.6216353101140158,1105.7730472372234,643.4369527627766,2026-07-11
18.0,585.0,0.6216353101140158,660.7049352375521,499.69506476244794,2026-07-11
18.25,600.0,0.6216353101140158,308.83945552645054,431.56054447354944,2026-07-11
18.5,615.0,0.6216353101140158,84.67245967572305,379.127540324277,2026-07-11
18.75,630.0,0.6216353101140158,2.8510162635772693,180.14898373642274,2026-07-11
19.0,645.0,0.6216353101140158,0.0,18.0,2026-07-11
10.0,15.0,0.9098695383567349,8880.175357448075,1106.6146425519255,2026-07-11
10.25,30.0,0.9098695383567349,9326.66485671142,1075.53514328858,2026-07-11
10.5,45.0,0.9098695383567349,9747.90169207478,716.0983079252201,2026-07-11
10.75,60.0,0.9098695383567349,10097.483808691395,594.5161913086049,2026-07-11
11.0,75.0,0.9098695383567349,10403.233963815106,143.56603618489316,2026-07-11
11.25,90.0,0.9098695383567349,10688.585364974226,-1867.385364974225,2026-07-11
11.5,105.0,0.9098695383567349,10943.521397758292,-580.3213977582909,2026-07-11
11.75,120.0,0.9098695383567349,11109.02666450028,1260.573335499721,2026-07-11
12.0,135.0,0.9098695383567349,11194.806941819295,725.3930581807053,2026-07-11
12.25,150.0,0.9098695383567349,11220.204928227906,1528.5950717720934,2026-07-11
12.5,165.0,0.9098695383567349,11207.82172511818,2051.57827488182,2026-07-11
12.75,180.0,0.9098695383567349,11113.079022486929,1554.4209775130712,2026-07-11
13.0,195.0,0.9098695383567349,10965.70766948018,1978.7423305198208,2026-07-11
13.25,210.0,0.9098695383567349,10793.769848509051,2046.830151490949,2026-07-11
13.5,225.0,0.9098695383567349,10593.819481513236,957.3805184867651,2026-07-11
13.75,240.0,0.9098695383567349,10313.520366920611,1326.0496330793885,2026-07-11
14.0,255.0,0.9098695383567349,9978.639045596296,-123.03904559629518,2026-07-11
14.25,270.0,0.9098695383567349,9632.960286375455,-3932.9602863754553,2026-07-11
14.5,285.0,0.9098695383567349,9255.841831311473,-4527.241831311472,2026-07-11
14.75,300.0,0.9098695383567349,8797.44576724198,-1529.0457672419798,2026-07-11
15.0,315.0,0.9098695383567349,8298.42618599899,216.17381400101112,2026-07-11
15.25,330.0,0.9098695383567349,7776.92459754128,-830.2145975412795,2026-07-11
15.5,345.0,0.9098695383567349,7235.780659288275,-1036.7106592882756,2026-07-11
15.75,360.0,0.9098695383567349,6629.651390095015,-55.79139009501523,2026-07-11
16.0,375.0,0.9098695383567349,6004.622931314179,144.77706868582027,2026-07-11
16.25,390.0,0.9098695383567349,5375.291189731669,-397.09118973166915,2026-07-11
16.5,405.0,0.9098695383567349,4742.158042222303,-765.3580422223031,2026-07-11
16.75,420.0,0.9098695383567349,4080.926447207468,888.8735527925323,2026-07-11
17.0,435.0,0.9098695383567349,3382.439263258161,1223.1607367418392,2026-07-11
17.25,450.0,0.9098695383567349,2670.050564862962,440.9494351370381,2026-07-11
17.5,465.0,0.9098695383567349,1992.7757511028,82.0242488972001,2026-07-11
17.75,480.0,0.9098695383567349,1364.8776330640349,384.3323669359652,2026-07-11
18.0,495.0,0.9098695383567349,815.1590001359116,345.2409998640885,2026-07-11
18.25,510.0,0.9098695383567349,380.95370559802507,359.4462944019749,2026-07-11
18.5,525.0,0.9098695383567349,105.93988207779432,357.8601179222057,2026-07-11
18.75,540.0,0.9098695383567349,3.5693132904698293,179.43068670953016,2026-07-11
19.0,555.0,0.9098695383567349,0.0,18.0,2026-07-11
11.5,15.0,0.7327254744694299,9435.245522981402,927.9544770185985,2026-07-11
11.75,30.0,0.7327254744694299,9573.753544621795,2795.846455378205,2026-07-11
12.0,45.0,0.7327254744694299,9658.121946016145,2262.078053983856,2026-07-11
12.25,60.0,0.7327254744694299,9697.589768292004,3051.2102317079953,2026-07-11
12.5,75.0,0.7327254744694299,9695.490634618016,3563.9093653819837,2026-07-11
12.75,90.0,0.7327254744694299,9630.204798025408,3037.2952019745917,2026-07-11
13.0,105.0,0.7327254744694299,9525.201415744665,3419.248584255336,2026-07-11
13.25,120.0,0.7327254744694299,9384.835677704426,3455.764322295574,2026-07-11
13.5,135.0,0.7327254744694299,9215.377388680452,2335.8226113195487,2026-07-11
13.75,150.0,0.7327254744694299,8969.283349336552,2670.2866506634473,2026-07-11
14.0,165.0,0.7327254744694299,8699.8098451859,1155.7901548140999,2026-07-11
14.25,180.0,0.7327254744694299,8408.006561573653,-2708.006561573653,2026-07-11
14.5,195.0,0.7327254744694299,8080.1147025424625,-3351.514702542462,2026-07-11
14.75,210.0,0.7327254744694299,7693.001316762708,-424.60131676270794,2026-07-11
15.0,225.0,0.7327254744694299,7282.498322222777,1232.1016777772238,2026-07-11
15.25,240.0,0.7327254744694299,6842.021909099633,104.68809090036666,2026-07-11
15.5,255.0,0.7327254744694299,6369.208727438127,-170.13872743812772,2026-07-11
15.75,270.0,0.7327254744694299,5858.851272194674,715.0087278053261,2026-07-11
16.0,285.0,0.7327254744694299,5322.932286401568,826.467713598432,2026-07-11
16.25,300.0,0.7327254744694299,4761.460489335737,216.73951066426253,2026-07-11
16.5,315.0,0.7327254744694299,4195.173610523276,-218.3736105232756,2026-07-11
16.75,330.0,0.7327254744694299,3610.148117177719,1359.651882822281,2026-07-11
17.0,345.0,0.7327254744694299,2998.5075737939424,1607.092426206058,2026-07-11
17.25,360.0,0.7327254744694299,2367.591716760676,743.4082832393242,2026-07-11
17.5,375.0,0.7327254744694299,1765.724813053621,309.0751869463793,2026-07-11
17.75,390.0,0.7327254744694299,1209.1329226438584,540.0770773561417,2026-07-11
18.0,405.0,0.7327254744694299,722.9029796579503,437.49702034204984,2026-07-11
18.25,420.0,0.7327254744694299,338.2670638048385,402.1329361951615,2026-07-11
18.5,435.0,0.7327254744694299,93.46859475226786,370.33140524773216,2026-07-11
18.75,450.0,0.7327254744694299,3.14877454486958,179.85122545513042,2026-07-11
19.0,465.0,0.7327254744694299,0.0,18.0,2026-07-11
13.0,15.0,1.0425398490410982,12467.307220627545,477.14277937245606,2026-07-11
13.25,30.0,1.0425398490410982,12223.289029016923,617.3109709830769,2026-07-11
13.5,45.0,1.0425398490410982,11955.411073072017,-404.211073072016,2026-07-11
13.75,60.0,1.0425398490410982,11578.275219332314,61.2947806676857,2026-07-11
14.0,75.0,1.0425398490410982,11156.18334423094,-1300.5833442309395,2026-07-11
14.25,90.0,1.0425398490410982,10713.610553520171,-5013.610553520171,2026-07-11
14.5,105.0,1.0425398490410982,10251.186417563536,-5522.586417563536,2026-07-11
14.75,120.0,1.0425398490410982,9715.38614190677,-2446.986141906771,2026-07-11
15.0,135.0,1.0425398490410982,9124.288596837952,-609.688596837952,2026-07-11
15.25,150.0,1.0425398490410982,8499.950462684026,-1553.2404626840262,2026-07-11
15.5,165.0,1.0425398490410982,7848.528833195722,-1649.458833195722,2026-07-11
15.75,180.0,1.0425398490410982,7172.435775845126,-598.5757758451264,2026-07-11
16.0,195.0,1.0425398490410982,6470.469633971963,-321.0696339719634,2026-07-11
16.25,210.0,1.0425398490410982,5741.481588107259,-763.2815881072593,2026-07-11
16.5,225.0,1.0425398490410982,5004.854746910667,-1028.0547469106668,2026-07-11
16.75,240.0,1.0425398490410982,4294.610276735059,675.1897232649408,2026-07-11
17.0,255.0,1.0425398490410982,3599.3734639381832,1006.2265360618171,2026-07-11
17.25,270.0,1.0425398490410982,2923.396398837111,187.60360116288894,2026-07-11
17.5,285.0,1.0425398490410982,2216.2277952729737,-141.42779527297353,2026-07-11
17.75,300.0,1.0425398490410982,1518.9378934215677,230.27210657843239,2026-07-11
18.0,315.0,1.0425398490410982,908.6801420282162,251.71985797178388,2026-07-11
18.25,330.0,1.0425398490410982,424.8871420445215,315.51285795547847,2026-07-11
18.5,345.0,1.0425398490410982,118.71491357168388,345.0850864283161,2026-07-11
18.75,360.0,1.0425398490410982,3.986577855791543,179.01342214420845,2026-07-11
19.0,375.0,1.0425398490410982,0.0,18.0,2026-07-11
14.5,15.0,0.8645681555375418,8588.625012063434,-3860.0250120634337,2026-07-11
14.75,30.0,0.8645681555375418,8189.431457687379,-921.0314576873798,2026-07-11
15.0,45.0,0.8645681555375418,7740.199423843695,774.4005761563058,2026-07-11
15.25,60.0,0.8645681555375418,7234.840421925952,-288.13042192595185,2026-07-11
15.5,75.0,0.8645681555375418,6697.906680839846,-498.83668083984594,2026-07-11
15.75,90.0,0.8645681555375418,6144.906499827544,428.9535001724553,2026-07-11
16.0,105.0,0.8645681555375418,5560.836986412084,588.5630135879155,2026-07-11
16.25,120.0,0.8645681555375418,4949.837353566375,28.362646433624832,2026-07-11
16.5,135.0,0.8645681555375418,4328.614104966307,-351.81410496630724,2026-07-11
16.75,150.0,0.8645681555375418,3725.763441889338,1244.036558110662,2026-07-11
17.0,165.0,0.8645681555375418,3133.2595160445,1472.3404839555005,2026-07-11
17.25,180.0,0.8645681555375418,2554.2085973221083,556.7914026778917,2026-07-11
17.5,195.0,0.8645681555375418,1939.2643418888288,135.53565811117141,2026-07-11
17.75,210.0,0.8645681555375418,1330.761369334351,418.44863066564903,2026-07-11
18.0,225.0,0.8645681555375418,796.9118391675687,363.4881608324314,2026-07-11
18.25,240.0,0.8645681555375418,372.6852242766088,367.7147757233912,2026-07-11
18.5,255.0,0.8645681555375418,103.53300945227,360.26699054773,2026-07-11
18.75,270.0,0.8645681555375418,3.4899799121447064,179.51002008785528,2026-07-11
19.0,285.0,0.8645681555375418,0.0,18.0,2026-07-11
16.0,15.0,0.8352513821042417,5649.911474556716,499.48852544328383,2026-07-11
16.25,30.0,0.8352513821042417,5015.34948146502,-37.14948146502047,2026-07-11
16.5,45.0,0.8352513821042417,4376.7145487077,-399.9145487076994,2026-07-11
16.75,60.0,0.8352513821042417,3760.436166422868,1209.363833577132,2026-07-11
17.0,75.0,0.8352513821042417,3153.687840931519,1451.9121590684813,2026-07-11
17.25,90.0,0.8352513821042417,2567.491646513558,543.508353486442,2026-07-11
17.5,105.0,0.8352513821042417,1950.980327934138,123.81967206586228,2026-07-11
17.75,120.0,0.8352513821042417,1339.0617571540183,410.1482428459817,2026-07-11
18.0,135.0,0.8352513821042417,800.5224242757223,359.8775757242778,2026-07-11
18.25,150.0,0.8352513821042417,374.1581847448214,366.24181525517855,2026-07-11
18.5,165.0,0.8352513821042417,103.86075765231674,359.93924234768326,2026-07-11
18.75,180.0,0.8352513821042417,3.4953272007188363,179.50467279928117,2026-07-11
19.0,195.0,0.8352513821042417,0.0,18.0,2026-07-11
17.5,15.0,1.0053123137808395,2215.096992665207,-140.29699266520674,2026-07-11
17.75,30.0,1.0053123137808395,1517.7948106269323,231.41518937306773,2026-07-11
18.0,45.0,1.0053123137808395,906.3831968138888,254.01680318611125,2026-07-11
18.25,60.0,1.0053123137808395,423.2157578992518,317.1842421007482,2026-07-11
18.5,75.0,1.0053123137808395,118.22149468357632,345.5785053164237,2026-07-11
18.75,90.0,1.0053123137808395,3.9788261629041535,179.02117383709586,2026-07-11
19.0,105.0,1.0053123137808395,0.0,18.0,2026-07-11
7.0,15.0,0.8357568644518719,1473.1336064369357,-63.13360643693568,2026-07-12
7.25,30.0,0.8357568644518719,2036.7995718644045,201.20042813559553,2026-07-12
7.5,45.0,0.8357568644518719,2633.912202860964,374.48779713903605,2026-07-12
7.75,60.0,0.8357568644518719,3260.567059673136,379.0329403268638,2026-07-12
8.0,75.0,0.8357568644518719,3895.868037628466,442.73196237153434,2026-07-12
8.25,90.0,0.8357568644518719,4535.187605286099,175.67239471390076,2026-07-12
8.5,105.0,0.8357568644518719,5168.201312037115,773.5986879628854,2026-07-12
8.75,120.0,0.8357568644518719,5796.232437321292,1136.7675626787077,2026-07-12
9.0,135.0,0.8357568644518719,6413.019773792269,1434.3802262077306,2026-07-12
9.25,150.0,0.8357568644518719,7008.05346937546,1485.3765306245405,2026-07-12
9.5,165.0,0.8357568644518719,7588.720810213147,1445.4791897868536,2026-07-12
9.75,180.0,0.8357568644518719,8112.834913985882,1431.9650860141173,2026-07-12
10.0,195.0,0.8357568644518719,8587.749974522194,1763.8900254778055,2026-07-12
10.25,210.0,0.8357568644518719,9033.64350328328,1899.556496716721,2026-07-12
10.5,225.0,0.8357568644518719,9475.48715078283,1726.94284921717,2026-07-12
10.75,240.0,0.8357568644518719,9831.933376665258,1712.066623334742,2026-07-12
11.0,255.0,0.8357568644518719,10144.858520282174,1421.3414797178266,2026-07-12
11.25,270.0,0.8357568644518719,10423.129787471087,1665.670212528912,2026-07-12
11.5,285.0,0.8357568644518719,10671.130306067967,950.2696939320322,2026-07-12
11.75,300.0,0.8357568644518719,10801.403780405137,1612.3662195948637,2026-07-12
12.0,315.0,0.8357568644518719,10869.35086543788,1524.2491345621202,2026-07-12
12.25,330.0,0.8357568644518719,10875.528923153835,1501.2710768461639,2026-07-12
12.5,345.0,0.8357568644518719,10852.513214015851,1406.6867859841495,2026-07-12
12.75,360.0,0.8357568644518719,10739.341582060371,1688.458417939628,2026-07-12
13.0,375.0,0.8357568644518719,10600.327248558302,2062.0327514416986,2026-07-12
13.25,390.0,0.8357568644518719,10426.169182449965,1301.4308175500355,2026-07-12
13.5,405.0,0.8357568644518719,10208.572223529578,1897.0277764704224,2026-07-12
13.75,420.0,0.8357568644518719,9895.955559536958,1769.2444404630423,2026-07-12
14.0,435.0,0.8357568644518719,9565.579292515837,1817.620707484164,2026-07-12
14.25,450.0,0.8357568644518719,9212.685466444982,554.1145335550173,2026-07-12
14.5,465.0,0.8357568644518719,8830.64222179595,-1372.6422217959498,2026-07-12
14.75,480.0,0.8357568644518719,8370.687816716023,-2504.487816716023,2026-07-12
15.0,495.0,0.8357568644518719,7878.250231207598,415.59976879240276,2026-07-12
15.25,510.0,0.8357568644518719,7357.59971154877,1205.2602884512307,2026-07-12
15.5,525.0,0.8357568644518719,6824.081955253446,456.9180447465542,2026-07-12
15.75,540.0,0.8357568644518719,6252.212065844355,900.9879341556452,2026-07-12
16.0,555.0,0.8357568644518719,5654.5644211635135,1180.0355788364868,2026-07-12
16.25,570.0,0.8357568644518719,5053.554139613115,1248.2458603868854,2026-07-12
16.5,585.0,0.8357568644518719,4456.46159214513,1207.9984078548696,2026-07-12
16.75,600.0,0.8357568644518719,3845.8478173287785,945.7521826712218,2026-07-12
17.0,615.0,0.8357568644518719,3228.43997311918,531.1600268808197,2026-07-12
17.25,630.0,0.8357568644518719,2567.513505992168,809.4164940078317,2026-07-12
17.5,645.0,0.8357568644518719,1917.840803606992,618.9591963930081,2026-07-12
17.75,660.0,0.8357568644518719,1315.222637723988,444.917362276012,2026-07-12
18.0,675.0,0.8357568644518719,785.5711734657174,483.4288265342826,2026-07-12
18.25,690.0,0.8357568644518719,366.0978143868917,345.50218561310834,2026-07-12
18.5,705.0,0.8357568644518719,100.64891275116068,227.85108724883932,2026-07-12
18.75,720.0,0.8357568644518719,3.284332658057922,155.71566734194207,2026-07-12
19.0,735.0,0.8357568644518719,0.0,48.6,2026-07-12
8.5,15.0,0.6260962087817357,4483.151925224375,1458.648074775625,2026-07-12
8.75,30.0,0.6260962087817357,5025.009545016601,1907.990454983399,2026-07-12
9.0,45.0,0.6260962087817357,5544.021550873573,2303.378449126427,2026-07-12
9.25,60.0,0.6260962087817357,6047.522391322604,2445.9076086773966,2026-07-12
9.5,75.0,0.6260962087817357,6529.854881973475,2504.3451180265256,2026-07-12
9.75,90.0,0.6260962087817357,6944.771127036996,2600.028872963003,2026-07-12
10.0,105.0,0.6260962087817357,7320.138606072858,3031.501393927141,2026-07-12
10.25,120.0,0.6260962087817357,7695.679398641519,3237.520601358482,2026-07-12
10.5,135.0,0.6260962087817357,8090.134873960744,3112.2951260392565,2026-07-12
10.75,150.0,0.6260962087817357,8407.095347551574,3136.9046524484256,2026-07-12
11.0,165.0,0.6260962087817357,8699.31024286125,2866.8897571387515,2026-07-12
11.25,180.0,0.6260962087817357,8982.893572262998,3105.9064277370016,2026-07-12
11.5,195.0,0.6260962087817357,9252.933796423516,2368.466203576483,2026-07-12
11.75,210.0,0.6260962087817357,9393.04923034592,3020.720769654081,2026-07-12
12.0,225.0,0.6260962087817357,9441.53791599618,2952.062084003821,2026-07-12
12.25,240.0,0.6260962087817357,9406.698679808684,2970.1013201913156,2026-07-12
12.5,255.0,0.6260962087817357,9342.939806418992,2916.260193581009,2026-07-12
12.75,270.0,0.6260962087817357,9217.705316864156,3210.0946831358433,2026-07-12
13.0,285.0,0.6260962087817357,9073.832095805874,3588.5279041941267,2026-07-12
13.25,300.0,0.6260962087817357,8897.712831024706,2829.887168975294,2026-07-12
13.5,315.0,0.6260962087817357,8686.08145667457,3419.51854332543,2026-07-12
13.75,330.0,0.6260962087817357,8391.59985051437,3273.60014948563,2026-07-12
14.0,345.0,0.6260962087817357,8100.14086708195,3283.0591329180506,2026-07-12
14.25,360.0,0.6260962087817357,7815.634343364165,1951.1656566358342,2026-07-12
14.5,375.0,0.6260962087817357,7513.628896206301,-55.62889620630085,2026-07-12
14.75,390.0,0.6260962087817357,7130.540340417628,-1264.3403404176279,2026-07-12
15.0,405.0,0.6260962087817357,6715.698580020617,1578.1514199793837,2026-07-12
15.25,420.0,0.6260962087817357,6285.152588746698,2277.707411253303,2026-07-12
15.5,435.0,0.6260962087817357,5835.893119275617,1445.1068807243828,2026-07-12
15.75,450.0,0.6260962087817357,5337.669925998644,1815.5300740013554,2026-07-12
16.0,465.0,0.6260962087817357,4822.971055578057,2011.6289444219437,2026-07-12
16.25,480.0,0.6260962087817357,4318.831125823322,1982.9688741766786,2026-07-12
16.5,495.0,0.6260962087817357,3820.607714576469,1843.8522854235312,2026-07-12
16.75,510.0,0.6260962087817357,3310.256721216888,1481.3432787831125,2026-07-12
17.0,525.0,0.6260962087817357,2799.786138229624,959.8138617703758,2026-07-12
17.25,540.0,0.6260962087817357,2239.5508500958704,1137.3791499041295,2026-07-12
17.5,555.0,0.6260962087817357,1680.8314826382273,855.9685173617729,2026-07-12
17.75,570.0,0.6260962087817357,1154.6833374239534,605.4566625760467,2026-07-12
18.0,585.0,0.6260962087817357,688.959752214345,580.040247785655,2026-07-12
18.25,600.0,0.6260962087817357,319.7402621262797,391.85973787372035,2026-07-12
18.5,615.0,0.6260962087817357,86.54014941271411,241.95985058728587,2026-07-12
18.75,630.0,0.6260962087817357,2.8113447124690825,156.1886552875309,2026-07-12
19.0,645.0,0.6260962087817357,0.0,48.6,2026-07-12
10.0,15.0,0.9835412318074236,9819.267579381,532.372420619,2026-07-12
10.25,30.0,0.9835412318074236,10294.273203180195,638.9267968198055,2026-07-12
10.5,45.0,0.9835412318074236,10789.107039965716,413.3229600342838,2026-07-12
10.75,60.0,0.9835412318074236,11179.94164409937,364.05835590063,2026-07-12
11.0,75.0,0.9835412318074236,11528.555424890965,37.64457510903594,2026-07-12
11.25,90.0,0.9835412318074236,11875.685684851756,213.1143151482429,2026-07-12
11.5,105.0,0.9835412318074236,12196.7083727808,-575.3083727808007,2026-07-12
11.75,120.0,0.9835412318074236,12404.49587857292,9.2741214270809,2026-07-12
12.0,135.0,0.9835412318074236,12494.495469461852,-100.89546946185146,2026-07-12
12.25,150.0,0.9835412318074236,12473.989775348202,-97.1897753482026,2026-07-12
12.5,165.0,0.9835412318074236,12381.834516941371,-122.63451694137075,2026-07-12
12.75,180.0,0.9835412318074236,12220.61079963772,207.18920036227973,2026-07-12
13.0,195.0,0.9835412318074236,12047.752451522849,614.6075484771518,2026-07-12
13.25,210.0,0.9835412318074236,11828.08370308874,-100.48370308873928,2026-07-12
13.5,225.0,0.9835412318074236,11552.37867462316,553.2213253768405,2026-07-12
13.75,240.0,0.9835412318074236,11133.601236036086,531.5987639639152,2026-07-12
14.0,255.0,0.9835412318074236,10715.91790362054,667.2820963794602,2026-07-12
14.25,270.0,0.9835412318074236,10325.13539667354,-558.3353966735413,2026-07-12
14.5,285.0,0.9835412318074236,9926.1728781873,-2468.1728781873007,2026-07-12
14.75,300.0,0.9835412318074236,9446.672008598129,-3580.472008598129,2026-07-12
15.0,315.0,0.9835412318074236,8907.737470408247,-613.8874704082464,2026-07-12
15.25,330.0,0.9835412318074236,8335.378443234986,227.48155676501483,2026-07-12
15.5,345.0,0.9835412318074236,7728.998311293449,-447.99831129344875,2026-07-12
15.75,360.0,0.9835412318074236,7062.868806004765,90.33119399523457,2026-07-12
16.0,375.0,0.9835412318074236,6364.265116890808,470.33488310919256,2026-07-12
16.25,390.0,0.9835412318074236,5672.568908343799,629.231091656201,2026-07-12
16.5,405.0,0.9835412318074236,5001.453845548586,663.0061544514137,2026-07-12
16.75,420.0,0.9835412318074236,4314.304533063483,477.2954669365172,2026-07-12
17.0,435.0,0.9835412318074236,3626.052609956934,133.54739004306612,2026-07-12
17.25,450.0,0.9835412318074236,2893.887080892496,483.0429191075036,2026-07-12
17.5,465.0,0.9835412318074236,2168.9599556595963,367.8400443404039,2026-07-12
17.75,480.0,0.9835412318074236,1489.6907398613876,270.44926013861254,2026-07-12
18.0,495.0,0.9835412318074236,888.0454274813765,380.95457251862354,2026-07-12
18.25,510.0,0.9835412318074236,412.166812736014,299.43318726398604,2026-07-12
18.5,525.0,0.9835412318074236,113.33455012503435,215.16544987496565,2026-07-12
18.75,540.0,0.9835412318074236,3.683394563400424,155.3166054365996,2026-07-12
19.0,555.0,0.9835412318074236,0.0,48.6,2026-07-12
11.5,15.0,0.847766093294815,11282.06785378118,339.3321462188196,2026-07-12
11.75,30.0,0.847766093294815,11390.067961193496,1023.7020388065048,2026-07-12
12.0,45.0,0.847766093294815,11421.89321148845,971.7067885115503,2026-07-12
12.25,60.0,0.847766093294815,11381.01743048966,995.7825695103402,2026-07-12
12.5,75.0,0.847766093294815,11296.484893466682,962.7151065333182,2026-07-12
12.75,90.0,0.847766093294815,11140.39633145531,1287.40366854469,2026-07-12
13.0,105.0,0.847766093294815,10967.396192272388,1694.9638077276122,2026-07-12
13.25,120.0,0.847766093294815,10766.523377676507,961.0766223234932,2026-07-12
13.5,135.0,0.847766093294815,10527.159288629126,1578.4407113708749,2026-07-12
13.75,150.0,0.847766093294815,10190.615667871947,1474.5843321280536,2026-07-12
14.0,165.0,0.847766093294815,9838.851905127884,1544.3480948721171,2026-07-12
14.25,180.0,0.847766093294815,9480.40011556912,286.39988443087896,2026-07-12
14.5,195.0,0.847766093294815,9113.40985833607,-1655.40985833607,2026-07-12
14.75,210.0,0.847766093294815,8659.810700935739,-2793.6107009357393,2026-07-12
15.0,225.0,0.847766093294815,8167.56587638399,126.28412361601022,2026-07-12
15.25,240.0,0.847766093294815,7635.9897037855635,926.8702962144371,2026-07-12
15.5,255.0,0.847766093294815,7081.797656053233,199.20234394676663,2026-07-12
15.75,270.0,0.847766093294815,6484.988514750288,668.2114852497116,2026-07-12
16.0,285.0,0.847766093294815,5861.005331329731,973.5946686702691,2026-07-12
16.25,300.0,0.847766093294815,5222.426523201707,1079.3734767982933,2026-07-12
16.5,315.0,0.847766093294815,4591.991925802553,1072.468074197447,2026-07-12
16.75,330.0,0.847766093294815,3960.510741952819,831.0892580471814,2026-07-12
17.0,345.0,0.847766093294815,3334.0237951549634,425.5762048450365,2026-07-12
17.25,360.0,0.847766093294815,2658.569738379825,718.3602616201747,2026-07-12
17.5,375.0,0.847766093294815,1990.7395233017696,546.0604766982306,2026-07-12
17.75,390.0,0.847766093294815,1364.7532204981885,395.3867795018116,2026-07-12
18.0,405.0,0.847766093294815,814.1550253349111,454.8449746650889,2026-07-12
18.25,420.0,0.847766093294815,378.3328207717339,333.2671792282661,2026-07-12
18.5,435.0,0.847766093294815,103.86322490836092,224.6367750916391,2026-07-12
18.75,450.0,0.847766093294815,3.3805419592332915,155.61945804076672,2026-07-12
19.0,465.0,0.847766093294815,0.0,48.6,2026-07-12
13.0,15.0,1.0505275105222516,12545.89390925588,116.46609074412117,2026-07-12
13.25,30.0,1.0505275105222516,12248.137980602523,-520.537980602523,2026-07-12
13.5,45.0,1.0505275105222516,11891.06507971178,214.53492028822075,2026-07-12
13.75,60.0,1.0505275105222516,11440.2286437249,224.97135627510033,2026-07-12
14.0,75.0,1.0505275105222516,10968.4235833104,414.7764166896013,2026-07-12
14.25,90.0,1.0505275105222516,10540.724610862815,-773.9246108628158,2026-07-12
14.5,105.0,1.0505275105222516,10128.768004953376,-2670.7680049533756,2026-07-12
14.75,120.0,1.0505275105222516,9641.834128263776,-3775.634128263776,2026-07-12
15.0,135.0,1.0505275105222516,9101.111638055416,-807.2616380554155,2026-07-12
15.25,150.0,1.0505275105222516,8520.2172664728,42.64273352720011,2026-07-12
15.5,165.0,1.0505275105222516,7914.808756080371,-633.8087560803706,2026-07-12
15.75,180.0,1.0505275105222516,7243.812760292631,-90.61276029263081,2026-07-12
16.0,195.0,1.0505275105222516,6538.659513390885,295.9404866091154,2026-07-12
16.25,210.0,1.0505275105222516,5822.995784610015,478.8042153899851,2026-07-12
16.5,225.0,1.0505275105222516,5115.941971113919,548.5180288860811,2026-07-12
16.75,240.0,1.0505275105222516,4391.844857210272,399.7551427897288,2026-07-12
17.0,255.0,1.0505275105222516,3675.821613587417,83.77838641258313,2026-07-12
17.25,270.0,1.0505275105222516,2975.0481139123444,401.8818860876554,2026-07-12
17.5,285.0,1.0505275105222516,2283.299868645608,253.50013135439212,2026-07-12
17.75,300.0,1.0505275105222516,1567.5205017342432,192.61949826575687,2026-07-12
18.0,315.0,1.0505275105222516,934.7240427948274,334.27595720517263,2026-07-12
18.25,330.0,1.0505275105222516,433.3174974114173,278.2825025885827,2026-07-12
18.5,345.0,1.0505275105222516,119.35407203860558,209.14592796139442,2026-07-12
18.75,360.0,1.0505275105222516,3.872832101501535,155.12716789849847,2026-07-12
19.0,375.0,1.0505275105222516,0.0,48.6,2026-07-12
14.5,15.0,1.0216976056384768,10057.17706796093,-2599.177067960931,2026-07-12
14.75,30.0,1.0216976056384768,9560.707920306104,-3694.507920306104,2026-07-12
15.0,45.0,1.0216976056384768,9022.76488574195,-728.9148857419495,2026-07-12
15.25,60.0,1.0216976056384768,8446.35839093519,116.50160906481142,2026-07-12
15.5,75.0,1.0216976056384768,7834.8781863578,-553.8781863577997,2026-07-12
15.75,90.0,1.0216976056384768,7165.798553623108,-12.598553623108273,2026-07-12
16.0,105.0,1.0216976056384768,6465.1924856021615,369.4075143978389,2026-07-12
16.25,120.0,1.0216976056384768,5757.809485827365,543.9905141726349,2026-07-12
16.5,135.0,1.0216976056384768,5055.320483356763,609.1395166432367,2026-07-12
16.75,150.0,1.0216976056384768,4340.718926607065,450.8810733929349,2026-07-12
17.0,165.0,1.0216976056384768,3632.639745553891,126.96025444610905,2026-07-12
17.25,180.0,1.0216976056384768,2936.569171662992,440.36082833700766,2026-07-12
17.5,195.0,1.0216976056384768,2249.711842738667,287.088157261333,2026-07-12
17.75,210.0,1.0216976056384768,1543.4651470028032,216.67485299719692,2026-07-12
18.0,225.0,1.0216976056384768,920.7030093245831,348.29699067541685,2026-07-12
18.25,240.0,1.0216976056384768,426.81765909008425,284.7823409099158,2026-07-12
18.5,255.0,1.0216976056384768,117.6064947078298,210.8935052921702,2026-07-12
18.75,270.0,1.0216976056384768,3.824078830622177,155.17592116937783,2026-07-12
19.0,285.0,1.0216976056384768,0.0,48.6,2026-07-12
16.0,15.0,0.966478055003744,6306.418120084197,528.1818799158036,2026-07-12
16.25,30.0,0.966478055003744,5599.721659541439,702.0783404585609,2026-07-12
16.5,45.0,0.966478055003744,4905.664424063864,758.7955759361357,2026-07-12
16.75,60.0,0.966478055003744,4205.205571963882,586.3944280361184,2026-07-12
17.0,75.0,0.966478055003744,3518.018181890072,241.581818109928,2026-07-12
17.25,90.0,0.966478055003744,2843.4197546321006,533.5102453678992,2026-07-12
17.5,105.0,0.966478055003744,2182.2134602110204,354.58653978897974,2026-07-12
17.75,120.0,0.966478055003744,1499.2980304682428,260.8419695317573,2026-07-12
18.0,135.0,0.966478055003744,895.0910743185025,373.9089256814975,2026-07-12
18.25,150.0,0.966478055003744,415.6545712279704,295.94542877202963,2026-07-12
18.5,165.0,0.966478055003744,114.55337159026412,213.94662840973587,2026-07-12
18.75,180.0,0.966478055003744,3.724283479797749,155.27571652020225,2026-07-12
19.0,195.0,0.966478055003744,0.0,48.6,2026-07-12
17.5,15.0,1.0737212969175705,2369.894120736586,166.90587926341414,2026-07-12
17.75,30.0,1.0737212969175705,1618.8089261977047,141.33107380229535,2026-07-12
18.0,45.0,1.0737212969175705,963.238304646297,305.761695353703,2026-07-12
18.25,60.0,1.0737212969175705,447.14538809679306,264.45461190320697,2026-07-12
18.5,75.0,1.0737212969175705,123.71274035477464,204.78725964522536,2026-07-12
18.75,90.0,1.0737212969175705,4.026540001218613,154.97345999878138,2026-07-12
19.0,105.0,1.0737212969175705,0.0,48.6,2026-07-12
7.0,15.0,0.7116971740158721,1364.6274012951346,161.17259870486532,2026-07-13
7.25,30.0,0.7116971740158721,1881.2118694502003,317.7881305497997,2026-07-13
7.5,45.0,0.7116971740158721,2432.575754851004,509.1342451489959,2026-07-13
7.75,60.0,0.7116971740158721,3033.0695055968963,565.1304944031035,2026-07-13
8.0,75.0,0.7116971740158721,3667.644459249344,744.1555407506562,2026-07-13
8.25,90.0,0.7116971740158721,4319.757727455136,1024.3122725448638,2026-07-13
8.5,105.0,0.7116971740158721,4962.163570195467,897.436429804533,2026-07-13
8.75,120.0,0.7116971740158721,5598.799679646672,1090.0003203533279,2026-07-13
9.0,135.0,0.7116971740158721,6214.490816423835,1214.1091835761654,2026-07-13
9.25,150.0,0.7116971740158721,6786.629463812153,1310.9705361878478,2026-07-13
9.5,165.0,0.7116971740158721,7322.023336089897,1444.616663910102,2026-07-13
9.75,180.0,0.7116971740158721,7787.657603466469,1496.1423965335307,2026-07-13
10.0,195.0,0.7116971740158721,8222.49723387501,1470.5027661249896,2026-07-13
10.25,210.0,0.7116971740158721,8661.127774075145,1580.8722259248552,2026-07-13
10.5,225.0,0.7116971740158721,9098.386435027338,1509.403564972663,2026-07-13
10.75,240.0,0.7116971740158721,9454.144152960422,1649.925847039578,2026-07-13
11.0,255.0,0.7116971740158721,9793.763518816222,1567.2364811837779,2026-07-13
11.25,270.0,0.7116971740158721,10101.695216492884,1520.3047835071156,2026-07-13
11.5,285.0,0.7116971740158721,10335.620991887792,1451.3790081122079,2026-07-13
11.75,300.0,0.7116971740158721,10422.047070961273,1431.5529290387276,2026-07-13
12.0,315.0,0.7116971740158721,10408.842665688577,1031.9573343114225,2026-07-13
12.25,330.0,0.7116971740158721,10320.477919623345,1269.1220803766555,2026-07-13
12.5,345.0,0.7116971740158721,10227.148991269576,772.6510087304232,2026-07-13
12.75,360.0,0.7116971740158721,10106.053965351137,-696.2539653511376,2026-07-13
13.0,375.0,0.7116971740158721,9940.65262456451,-613.6526245645091,2026-07-13
13.25,390.0,0.7116971740158721,9743.994160055809,-356.9941600558086,2026-07-13
13.5,405.0,0.7116971740158721,9463.199569197155,-970.1995691971551,2026-07-13
13.75,420.0,0.7116971740158721,9166.34668507884,35.25331492115947,2026-07-13
14.0,435.0,0.7116971740158721,8884.549608703792,-2548.549608703792,2026-07-13
14.25,450.0,0.7116971740158721,8605.051169364304,-1279.0511693643039,2026-07-13
14.5,465.0,0.7116971740158721,8297.080335378325,883.5596646216745,2026-07-13
14.75,480.0,0.7116971740158721,7954.025667703003,-226.62566770300327,2026-07-13
15.0,495.0,0.7116971740158721,7577.511456878736,67.68854312126405,2026-07-13
15.25,510.0,0.7116971740158721,7158.062177605848,1109.3378223941518,2026-07-13
15.5,525.0,0.7116971740158721,6708.51574838389,652.8442516161094,2026-07-13
15.75,540.0,0.7116971740158721,6185.453034115665,-204.05303411566547,2026-07-13
16.0,555.0,0.7116971740158721,5651.27430584048,1290.7256941595197,2026-07-13
16.25,570.0,0.7116971740158721,5116.304877896285,968.3351221037155,2026-07-13
16.5,585.0,0.7116971740158721,4551.278796292104,582.3212037078965,2026-07-13
16.75,600.0,0.7116971740158721,3884.448856419014,898.7511435809856,2026-07-13
17.0,615.0,0.7116971740158721,3214.802000211904,966.5979997880954,2026-07-13
17.25,630.0,0.7116971740158721,2555.50282171902,586.0971782809797,2026-07-13
17.5,645.0,0.7116971740158721,1908.1477624596316,356.8522375403684,2026-07-13
17.75,660.0,0.7116971740158721,1299.7059626361215,299.2940373638785,2026-07-13
18.0,675.0,0.7116971740158721,764.0370395473456,512.1629604526545,2026-07-13
18.25,690.0,0.7116971740158721,349.2220653465838,517.1779346534162,2026-07-13
18.5,705.0,0.7116971740158721,94.51577133635082,354.88422866364914,2026-07-13
18.75,720.0,0.7116971740158721,2.9655662945861003,159.0344337054139,2026-07-13
19.0,735.0,0.7116971740158721,0.0,37.8,2026-07-13
8.5,15.0,0.6536506935656453,4732.282613709023,1127.317386290977,2026-07-13
8.75,30.0,0.6536506935656453,5334.661153500391,1354.138846499609,2026-07-13
9.0,45.0,0.6536506935656453,5917.292684837325,1511.307315162675,2026-07-13
9.25,60.0,0.6536506935656453,6463.000398252832,1634.599601747168,2026-07-13
9.5,75.0,0.6536506935656453,6966.822513977561,1799.817486022438,2026-07-13
9.75,90.0,0.6536506935656453,7392.437426846745,1891.3625731532538,2026-07-13
10.0,105.0,0.6536506935656453,7777.105989526881,1915.8940104731191,2026-07-13
10.25,120.0,0.6536506935656453,8188.221445363893,2053.7785546361074,2026-07-13
10.5,135.0,0.6536506935656453,8622.15549597474,1985.6345040252618,2026-07-13
10.75,150.0,0.6536506935656453,8967.904709329861,2136.1652906701383,2026-07-13
11.0,165.0,0.6536506935656453,9300.694118828937,2060.3058811710634,2026-07-13
11.25,180.0,0.6536506935656453,9604.666023431248,2017.3339765687524,2026-07-13
11.5,195.0,0.6536506935656453,9844.322207189703,1942.6777928102965,2026-07-13
11.75,210.0,0.6536506935656453,9941.894096958593,1911.7059030414075,2026-07-13
12.0,225.0,0.6536506935656453,9965.884970566009,1474.9150294339906,2026-07-13
12.25,240.0,0.6536506935656453,9925.398961036704,1664.201038963296,2026-07-13
12.5,255.0,0.6536506935656453,9868.897573106791,1130.902426893208,2026-07-13
12.75,270.0,0.6536506935656453,9803.908282420114,-394.10828242011485,2026-07-13
13.0,285.0,0.6536506935656453,9655.907690321712,-328.9076903217119,2026-07-13
13.25,300.0,0.6536506935656453,9443.632583169016,-56.63258316901556,2026-07-13
13.5,315.0,0.6536506935656453,9069.391194158465,-576.3911941584647,2026-07-13
13.75,330.0,0.6536506935656453,8664.8514694144,536.7485305856007,2026-07-13
14.0,345.0,0.6536506935656453,8332.724661599366,-1996.7246615993663,2026-07-13
14.25,360.0,0.6536506935656453,8102.234266722114,-776.2342667221137,2026-07-13
14.5,375.0,0.6536506935656453,7810.498687795878,1370.1413122041213,2026-07-13
14.75,390.0,0.6536506935656453,7493.704910200044,233.6950897999559,2026-07-13
15.0,405.0,0.6536506935656453,7150.009659195606,495.1903408043936,2026-07-13
15.25,420.0,0.6536506935656453,6768.481724636627,1498.9182753633722,2026-07-13
15.5,435.0,0.6536506935656453,6343.118672542839,1018.2413274571609,2026-07-13
15.75,450.0,0.6536506935656453,5848.426281709089,132.97371829091026,2026-07-13
16.0,465.0,0.6536506935656453,5347.611076903381,1594.3889230966188,2026-07-13
16.25,480.0,0.6536506935656453,4858.597049466585,1226.042950533415,2026-07-13
16.5,495.0,0.6536506935656453,4341.7409257526415,791.8590742473589,2026-07-13
16.75,510.0,0.6536506935656453,3712.274382543796,1070.9256174562038,2026-07-13
17.0,525.0,0.6536506935656453,3076.349063321268,1105.0509366787314,2026-07-13
17.25,540.0,0.6536506935656453,2447.089246214059,694.5107537859408,2026-07-13
17.5,555.0,0.6536506935656453,1829.1436132873464,435.8563867126536,2026-07-13
17.75,570.0,0.6536506935656453,1245.4355201996966,353.5644798003034,2026-07-13
18.0,585.0,0.6536506935656453,729.7898488006824,546.4101511993176,2026-07-13
18.25,600.0,0.6536506935656453,331.7958890894963,534.6041109105037,2026-07-13
18.5,615.0,0.6536506935656453,88.83348933869857,360.56651066130144,2026-07-13
18.75,630.0,0.6536506935656453,2.772012152217413,159.2279878477826,2026-07-13
19.0,645.0,0.6536506935656453,0.0,37.8,2026-07-13
10.0,15.0,0.9230113655257952,9457.993858381124,235.00614161887643,2026-07-13
10.25,30.0,0.9230113655257952,9952.389124683315,289.61087531668454,2026-07-13
10.5,45.0,0.9230113655257952,10444.293656578237,163.49634342176432,2026-07-13
10.75,60.0,0.9230113655257952,10842.874496235503,261.1955037644966,2026-07-13
11.0,75.0,0.9230113655257952,11246.370822006833,114.6291779931671,2026-07-13
11.25,90.0,0.9230113655257952,11607.267370487094,14.732629512905987,2026-07-13
11.5,105.0,0.9230113655257952,11896.317393434703,-109.31739343470326,2026-07-13
11.75,120.0,0.9230113655257952,12025.77124448916,-172.17124448916002,2026-07-13
12.0,135.0,0.9230113655257952,12047.893796970517,-607.0937969705174,2026-07-13
12.25,150.0,0.9230113655257952,11975.165553529216,-385.5655535292153,2026-07-13
12.5,165.0,0.9230113655257952,11904.54715609779,-904.7471560977901,2026-07-13
12.75,180.0,0.9230113655257952,11791.73488579094,-2381.934885790941,2026-07-13
13.0,195.0,0.9230113655257952,11616.215807336936,-2289.2158073369355,2026-07-13
13.25,210.0,0.9230113655257952,11412.877763465003,-2025.8777634650032,2026-07-13
13.5,225.0,0.9230113655257952,10984.73531377743,-2491.73531377743,2026-07-13
13.75,240.0,0.9230113655257952,10556.728031589188,-1355.1280315891872,2026-07-13
14.0,255.0,0.9230113655257952,10192.491065309738,-3856.4910653097377,2026-07-13
14.25,270.0,0.9230113655257952,9887.808153046391,-2561.8081530463915,2026-07-13
14.5,285.0,0.9230113655257952,9532.576080527802,-351.9360805278029,2026-07-13
14.75,300.0,0.9230113655257952,9135.979287604312,-1408.5792876043124,2026-07-13
15.0,315.0,0.9230113655257952,8707.413410104302,-1062.213410104302,2026-07-13
15.25,330.0,0.9230113655257952,8215.359228704283,52.040771295716695,2026-07-13
15.5,345.0,0.9230113655257952,7683.879462344571,-322.51946234457137,2026-07-13
15.75,360.0,0.9230113655257952,7075.020467221747,-1093.6204672217473,2026-07-13
16.0,375.0,0.9230113655257952,6456.682960006067,485.31703999393267,2026-07-13
16.25,390.0,0.9230113655257952,5847.051007883458,237.5889921165426,2026-07-13
16.5,405.0,0.9230113655257952,5190.746996186983,-57.146996186982506,2026-07-13
16.75,420.0,0.9230113655257952,4425.062871653651,358.1371283463486,2026-07-13
17.0,435.0,0.9230113655257952,3666.7809266298,514.6190733701997,2026-07-13
17.25,450.0,0.9230113655257952,2915.038022633854,226.56197736614604,2026-07-13
17.5,465.0,0.9230113655257952,2178.0254626836004,86.97453731639962,2026-07-13
17.75,480.0,0.9230113655257952,1480.3132697952824,118.6867302047176,2026-07-13
18.0,495.0,0.9230113655257952,868.1443173805388,408.0556826194612,2026-07-13
18.25,510.0,0.9230113655257952,395.7789299761611,470.62107002383885,2026-07-13
18.5,525.0,0.9230113655257952,107.381076429251,342.018923570749,2026-07-13
18.75,540.0,0.9230113655257952,3.3600226013254577,158.63997739867455,2026-07-13
19.0,555.0,0.9230113655257952,0.0,37.8,2026-07-13
11.5,15.0,0.8388558853655812,11212.689876419956,574.3101235800441,2026-07-13
11.75,30.0,0.8388558853655812,11333.593037282688,520.0069627173125,2026-07-13
12.0,45.0,0.8388558853655812,11333.219420890957,107.58057910904245,2026-07-13
12.25,60.0,0.8388558853655812,11254.038193647168,335.5618063528327,2026-07-13
12.5,75.0,0.8388558853655812,11154.323587108283,-154.52358710828412,2026-07-13
12.75,90.0,0.8388558853655812,11019.988195320077,-1610.1881953200773,2026-07-13
13.0,105.0,0.8388558853655812,10835.867520206106,-1508.8675202061058,2026-07-13
13.25,120.0,0.8388558853655812,10623.201033123134,-1236.201033123134,2026-07-13
13.5,135.0,0.8388558853655812,10300.00785243553,-1807.0078524355304,2026-07-13
13.75,150.0,0.8388558853655812,9934.11998514674,-732.5199851467405,2026-07-13
14.0,165.0,0.8388558853655812,9632.256797670538,-3296.2567976705377,2026-07-13
14.25,180.0,0.8388558853655812,9385.124221283151,-2059.124221283151,2026-07-13
14.5,195.0,0.8388558853655812,9056.76116240583,123.87883759416945,2026-07-13
14.75,210.0,0.8388558853655812,8662.174417835904,-934.7744178359044,2026-07-13
15.0,225.0,0.8388558853655812,8237.966506405808,-592.7665064058083,2026-07-13
15.25,240.0,0.8388558853655812,7785.913910632118,481.4860893678815,2026-07-13
15.5,255.0,0.8388558853655812,7285.487486862123,75.87251313787692,2026-07-13
15.75,270.0,0.8388558853655812,6713.070876187876,-731.6708761878763,2026-07-13
16.0,285.0,0.8388558853655812,6121.993775002838,820.0062249971616,2026-07-13
16.25,300.0,0.8388558853655812,5521.409529355513,563.2304706444875,2026-07-13
16.5,315.0,0.8388558853655812,4891.56107137154,242.03892862846078,2026-07-13
16.75,330.0,0.8388558853655812,4169.197717496792,614.0022825032074,2026-07-13
17.0,345.0,0.8388558853655812,3461.3059546039003,720.0940453960993,2026-07-13
17.25,360.0,0.8388558853655812,2755.632438456547,385.96756154345303,2026-07-13
17.5,375.0,0.8388558853655812,2060.293255806107,204.70674419389297,2026-07-13
17.75,390.0,0.8388558853655812,1405.000736331082,193.99926366891805,2026-07-13
18.0,405.0,0.8388558853655812,827.6692989438541,448.530701056146,2026-07-13
18.25,420.0,0.8388558853655812,378.9557234746609,487.4442765253391,2026-07-13
18.5,435.0,0.8388558853655812,102.85266968156532,346.54733031843466,2026-07-13
18.75,450.0,0.8388558853655812,3.2159777201093256,158.78402227989068,2026-07-13
19.0,465.0,0.8388558853655812,0.0,37.8,2026-07-13
13.0,15.0,0.8616818762400944,10496.841941266894,-1169.8419412668936,2026-07-13
13.25,30.0,0.8616818762400944,10519.631004944576,-1132.6310049445765,2026-07-13
13.5,45.0,0.8616818762400944,10248.342858685384,-1755.3428586853843,2026-07-13
13.75,60.0,0.8616818762400944,9861.716676328422,-660.1166763284218,2026-07-13
14.0,75.0,0.8616818762400944,9566.79286279938,-3230.7928627993806,2026-07-13
14.25,90.0,0.8616818762400944,9322.29895096324,-1996.2989509632407,2026-07-13
14.5,105.0,0.8616818762400944,9025.05886210632,155.58113789367962,2026-07-13
14.75,120.0,0.8616818762400944,8656.694723466851,-929.2947234668518,2026-07-13
15.0,135.0,0.8616818762400944,8252.628969575038,-607.4289695750385,2026-07-13
15.25,150.0,0.8616818762400944,7803.106406569999,464.2935934300003,2026-07-13
15.5,165.0,0.8616818762400944,7315.656494293449,45.70350570655046,2026-07-13
15.75,180.0,0.8616818762400944,6750.329770412708,-768.9297704127084,2026-07-13
16.0,195.0,0.8616818762400944,6174.11750734302,767.8824926569796,2026-07-13
16.25,210.0,0.8616818762400944,5588.049360788089,496.59063921191137,2026-07-13
16.5,225.0,0.8616818762400944,4932.044942795618,201.55505720438214,2026-07-13
16.75,240.0,0.8616818762400944,4202.794074603817,580.4059253961832,2026-07-13
17.0,255.0,0.8616818762400944,3489.6850473027603,691.7149526972394,2026-07-13
17.25,270.0,0.8616818762400944,2783.887131100999,357.712868899001,2026-07-13
17.5,285.0,0.8616818762400944,2083.119578190061,181.88042180993898,2026-07-13
17.75,300.0,0.8616818762400944,1417.8066633031742,181.19333669682578,2026-07-13
18.0,315.0,0.8616818762400944,832.06215923548,444.1378407645201,2026-07-13
18.25,330.0,0.8616818762400944,379.1782354806256,487.2217645193744,2026-07-13
18.5,345.0,0.8616818762400944,102.69268396474833,346.70731603525167,2026-07-13
18.75,360.0,0.8616818762400944,3.2127787678227486,158.78722123217725,2026-07-13
19.0,375.0,0.8616818762400944,0.0,37.8,2026-07-13
14.5,15.0,0.6867388116059614,7788.778840558116,1391.8611594418835,2026-07-13
14.75,30.0,0.6867388116059614,7504.889431854672,222.51056814532785,2026-07-13
15.0,45.0,0.6867388116059614,7177.189617350816,468.01038264918407,2026-07-13
15.25,60.0,0.6867388116059614,6812.632856908099,1454.7671430919008,2026-07-13
15.5,75.0,0.6867388116059614,6408.566881669311,952.7931183306882,2026-07-13
15.75,90.0,0.6867388116059614,5926.242984601065,55.15701539893507,2026-07-13
16.0,105.0,0.6867388116059614,5437.013954480625,1504.9860455193748,2026-07-13
16.25,120.0,0.6867388116059614,4942.028449624215,1142.6115503757856,2026-07-13
16.5,135.0,0.6867388116059614,4385.351988707076,748.2480112929243,2026-07-13
16.75,150.0,0.6867388116059614,3750.889417694417,1032.310582305583,2026-07-13
17.0,165.0,0.6867388116059614,3117.1090860283334,1064.2909139716662,2026-07-13
17.25,180.0,0.6867388116059614,2489.804070751403,651.7959292485971,2026-07-13
17.5,195.0,0.6867388116059614,1857.672385758804,407.327614241196,2026-07-13
17.75,210.0,0.6867388116059614,1259.9245020382425,339.0754979617575,2026-07-13
18.0,225.0,0.6867388116059614,738.547155812231,537.652844187769,2026-07-13
18.25,240.0,0.6867388116059614,335.6328657592964,530.7671342407036,2026-07-13
18.5,255.0,0.6867388116059614,90.16886310637734,359.23113689362265,2026-07-13
18.75,270.0,0.6867388116059614,2.817989676546656,159.18201032345334,2026-07-13
19.0,285.0,0.6867388116059614,0.0,37.8,2026-07-13
16.0,15.0,0.7793634199248111,5701.52279310524,1240.4772068947595,2026-07-13
16.25,30.0,0.7793634199248111,5193.835343136068,890.804656863932,2026-07-13
16.5,45.0,0.7793634199248111,4614.578105186066,519.0218948139345,2026-07-13
16.75,60.0,0.7793634199248111,3953.164965244787,830.035034755213,2026-07-13
17.0,75.0,0.7793634199248111,3291.446330349294,889.9536696507057,2026-07-13
17.25,90.0,0.7793634199248111,2625.140781758308,516.4592182416918,2026-07-13
17.5,105.0,0.7793634199248111,1963.206269224573,301.7937307754271,2026-07-13
17.75,120.0,0.7793634199248111,1339.314824077985,259.6851759220151,2026-07-13
18.0,135.0,0.7793634199248111,788.6611840701339,487.53881592986613,2026-07-13
18.25,150.0,0.7793634199248111,360.0913061273954,506.3086938726046,2026-07-13
18.5,165.0,0.7793634199248111,97.61744924329116,351.7825507567088,2026-07-13
18.75,180.0,0.7793634199248111,3.056303498572085,158.94369650142792,2026-07-13
19.0,195.0,0.7793634199248111,0.0,37.8,2026-07-13
17.5,15.0,1.0482246033655598,2327.07043938826,-62.07043938826018,2026-07-13
17.75,30.0,1.0482246033655598,1585.7621998694624,13.237800130537607,2026-07-13
18.0,45.0,1.0482246033655598,934.9060656417236,341.2939343582765,2026-07-13
18.25,60.0,1.0482246033655598,427.7277547780599,438.6722452219401,2026-07-13
18.5,75.0,1.0482246033655598,116.67441864993572,332.72558135006426,2026-07-13
18.75,90.0,1.0482246033655598,3.647174579857585,158.3528254201424,2026-07-13
19.0,105.0,1.0482246033655598,0.0,37.8,2026-07-13
7.0,15.0,0.6410039659351251,1166.1947562952662,-51.99475629526614,2026-07-14
7.25,30.0,0.6410039659351251,1618.8951107889725,-37.89511078897249,2026-07-14
7.5,45.0,0.6410039659351251,2100.9702151745223,-117.97021517452231,2026-07-14
7.75,60.0,0.6410039659351251,2596.97648646081,-406.37648646081016,2026-07-14
8.0,75.0,0.6410039659351251,3150.908520210932,-668.8385202109316,2026-07-14
8.25,90.0,0.6410039659351251,3703.763234588871,-920.1932345888708,2026-07-14
8.5,105.0,0.6410039659351251,4234.957203293312,-684.1572032933118,2026-07-14
8.75,120.0,0.6410039659351251,4703.978836637149,80.8111633628514,2026-07-14
9.0,135.0,0.6410039659351251,5173.283960246579,829.7160397534208,2026-07-14
9.25,150.0,0.6410039659351251,5610.599234653134,175.20076534686632,2026-07-14
9.5,165.0,0.6410039659351251,6016.694023609719,-100.09402360971853,2026-07-14
9.75,180.0,0.6410039659351251,6387.324487371064,44.07551262893594,2026-07-14
10.0,195.0,0.6410039659351251,6711.5990003132965,1457.4009996867035,2026-07-14
10.25,210.0,0.6410039659351251,7023.663354411688,1982.566645588312,2026-07-14
10.5,225.0,0.6410039659351251,7368.059232048883,1360.1407679511176,2026-07-14
10.75,240.0,0.6410039659351251,7784.090997602519,418.1190023974805,2026-07-14
11.0,255.0,0.6410039659351251,8141.124086539911,353.67591346008794,2026-07-14
11.25,270.0,0.6410039659351251,8447.912450111484,-866.3124501114835,2026-07-14
11.5,285.0,0.6410039659351251,8691.826486188684,-2265.2264861886833,2026-07-14
11.75,300.0,0.6410039659351251,8861.859333985838,-2926.359333985838,2026-07-14
12.0,315.0,0.6410039659351251,8938.55295275149,-1609.34295275149,2026-07-14
12.25,330.0,0.6410039659351251,8929.646635716275,-1934.2466357162757,2026-07-14
12.5,345.0,0.6410039659351251,8931.582379676707,1902.6176203232935,2026-07-14
12.75,360.0,0.6410039659351251,8878.682548061528,2546.817451938472,2026-07-14
13.0,375.0,0.6410039659351251,8807.159957271015,2755.4400427289856,2026-07-14
13.25,390.0,0.6410039659351251,8712.650352060362,1779.5496479396388,2026-07-14
13.5,405.0,0.6410039659351251,8568.04806164012,1837.7519383598792,2026-07-14
13.75,420.0,0.6410039659351251,8376.963177419266,3444.236822580735,2026-07-14
14.0,435.0,0.6410039659351251,8272.324756853915,2593.6752431460845,2026-07-14
14.25,450.0,0.6410039659351251,8103.413276596955,3128.5867234030447,2026-07-14
14.5,465.0,0.6410039659351251,7872.190384961875,3283.009615038126,2026-07-14
14.75,480.0,0.6410039659351251,7531.482975770733,2782.517024229267,2026-07-14
15.0,495.0,0.6410039659351251,7183.30769704901,2650.69230295099,2026-07-14
15.25,510.0,0.6410039659351251,6800.846262706131,1423.35373729387,2026-07-14
15.5,525.0,0.6410039659351251,6391.331934497595,408.1680655024047,2026-07-14
15.75,540.0,0.6410039659351251,5896.247764604871,267.5522353951292,2026-07-14
16.0,555.0,0.6410039659351251,5369.788788589133,-1095.988788589133,2026-07-14
16.25,570.0,0.6410039659351251,4826.922224082979,-1102.2122240829785,2026-07-14
16.5,585.0,0.6410039659351251,4283.347751675089,-950.947751675089,2026-07-14
16.75,600.0,0.6410039659351251,3684.6058979429126,206.39410205708737,2026-07-14
17.0,615.0,0.6410039659351251,3049.041120863353,28.95887913664683,2026-07-14
17.25,630.0,0.6410039659351251,2417.519948884118,33.69005111588194,2026-07-14
17.5,645.0,0.6410039659351251,1801.3377105564882,255.46228944351196,2026-07-14
17.75,660.0,0.6410039659351251,1222.180403955174,57.01959604482613,2026-07-14
18.0,675.0,0.6410039659351251,715.8787122494692,169.3312877505308,2026-07-14
18.25,690.0,0.6410039659351251,325.2298035318411,328.7701964681589,2026-07-14
18.5,705.0,0.6410039659351251,86.69329435328099,282.90670564671905,2026-07-14
18.75,720.0,0.6410039659351251,2.599815526670008,83.65018447332999,2026-07-14
19.0,735.0,0.6410039659351251,0.0,0.0,2026-07-14
8.5,15.0,0.456449727948561,3148.8672946001093,401.9327053998909,2026-07-14
8.75,30.0,0.456449727948561,3562.101319841154,1222.6886801588462,2026-07-14
9.0,45.0,0.456449727948561,3985.384537450333,2017.615462549667,2026-07-14
9.25,60.0,0.456449727948561,4376.760823467081,1409.0391765329196,2026-07-14
9.5,75.0,0.456449727948561,4726.816757511216,1189.7832424887847,2026-07-14
9.75,90.0,0.456449727948561,5066.937669911526,1364.4623300884732,2026-07-14
10.0,105.0,0.456449727948561,5378.620897116847,2790.379102883153,2026-07-14
10.25,120.0,0.456449727948561,5672.816567363213,3333.4134326367866,2026-07-14
10.5,135.0,0.456449727948561,5983.609800982193,2744.590199017808,2026-07-14
10.75,150.0,0.456449727948561,6325.444133967254,1876.7658660327452,2026-07-14
11.0,165.0,0.456449727948561,6633.629271228778,1861.1707287712215,2026-07-14
11.25,180.0,0.456449727948561,6888.110308699304,693.489691300696,2026-07-14
11.5,195.0,0.456449727948561,7114.474758666795,-687.8747586667951,2026-07-14
11.75,210.0,0.456449727948561,7279.657157857412,-1344.1571578574121,2026-07-14
12.0,225.0,0.456449727948561,7334.105651309739,-4.895651309739151,2026-07-14
12.25,240.0,0.456449727948561,7318.6292480676175,-323.22924806761785,2026-07-14
12.5,255.0,0.456449727948561,7290.367437773012,3543.8325622269886,2026-07-14
12.75,270.0,0.456449727948561,7242.178231490558,4183.321768509442,2026-07-14
13.0,285.0,0.456449727948561,7202.821270002408,4359.778729997593,2026-07-14
13.25,300.0,0.456449727948561,7157.576317039428,3334.6236829605723,2026-07-14
13.5,315.0,0.456449727948561,7048.886863521341,3356.913136478658,2026-07-14
13.75,330.0,0.456449727948561,6858.844687433881,4962.35531256612,2026-07-14
14.0,345.0,0.456449727948561,6758.85717125355,4107.14282874645,2026-07-14
14.25,360.0,0.456449727948561,6646.951481067232,4585.048518932768,2026-07-14
14.5,375.0,0.456449727948561,6496.462264880143,4658.7377351198575,2026-07-14
14.75,390.0,0.456449727948561,6244.608398573946,4069.391601426054,2026-07-14
15.0,405.0,0.456449727948561,5995.56365305368,3838.4363469463196,2026-07-14
15.25,420.0,0.456449727948561,5713.092323043918,2511.1076769560823,2026-07-14
15.5,435.0,0.456449727948561,5379.978901544986,1419.521098455014,2026-07-14
15.75,450.0,0.456449727948561,4977.770859321798,1186.0291406782026,2026-07-14
16.0,465.0,0.456449727948561,4547.9297379587615,-274.1297379587613,2026-07-14
16.25,480.0,0.456449727948561,4104.713842012204,-380.0038420122037,2026-07-14
16.5,495.0,0.456449727948561,3662.305383827731,-329.90538382773093,2026-07-14
16.75,510.0,0.456449727948561,3155.1484946101577,735.8515053898423,2026-07-14
17.0,525.0,0.456449727948561,2611.912762313334,466.08723768666596,2026-07-14
17.25,540.0,0.456449727948561,2064.532603294334,386.67739670566607,2026-07-14
17.5,555.0,0.456449727948561,1537.8394635116565,518.9605364883437,2026-07-14
17.75,570.0,0.456449727948561,1043.394624872127,235.80537512787305,2026-07-14
18.0,585.0,0.456449727948561,610.0726221561764,275.13737784382363,2026-07-14
18.25,600.0,0.456449727948561,276.48388049030183,377.51611950969817,2026-07-14
18.5,615.0,0.456449727948561,72.5139747388583,297.08602526114174,2026-07-14
18.75,630.0,0.456449727948561,2.1722045657063807,84.07779543429362,2026-07-14
19.0,645.0,0.456449727948561,0.0,0.0,2026-07-14
10.0,15.0,0.634643537421907,6283.678424300839,1885.3215756991613,2026-07-14
10.25,30.0,0.634643537421907,6642.575605636013,2363.6543943639863,2026-07-14
10.5,45.0,0.634643537421907,7015.097523598743,1713.1024764012582,2026-07-14
10.75,60.0,0.634643537421907,7422.724124340287,779.4858756597123,2026-07-14
11.0,75.0,0.634643537421907,7790.305429833556,704.4945701664428,2026-07-14
11.25,90.0,0.634643537421907,8094.36412353774,-512.7641235377396,2026-07-14
11.5,105.0,0.634643537421907,8344.655974549753,-1918.0559745497521,2026-07-14
11.75,120.0,0.634643537421907,8534.94101557981,-2599.4410155798105,2026-07-14
12.0,135.0,0.634643537421907,8626.39267756128,-1297.18267756128,2026-07-14
12.25,150.0,0.634643537421907,8637.816810992124,-1642.4168109921247,2026-07-14
12.5,165.0,0.634643537421907,8623.845136382679,2210.354863617322,2026-07-14
12.75,180.0,0.634643537421907,8560.87254709285,2864.6274529071507,2026-07-14
13.0,195.0,0.634643537421907,8504.756710309572,3057.8432896904287,2026-07-14
13.25,210.0,0.634643537421907,8429.575219821761,2062.6247801782392,2026-07-14
13.5,225.0,0.634643537421907,8310.631579640676,2095.168420359323,2026-07-14
13.75,240.0,0.634643537421907,8104.885966205542,3716.3140337944587,2026-07-14
14.0,255.0,0.634643537421907,7933.275116052885,2932.724883947115,2026-07-14
14.25,270.0,0.634643537421907,7765.56500534621,3466.4349946537905,2026-07-14
14.5,285.0,0.634643537421907,7570.209535639052,3584.990464360949,2026-07-14
14.75,300.0,0.634643537421907,7279.045812002621,3034.9541879973794,2026-07-14
15.0,315.0,0.634643537421907,6958.102132591418,2875.897867408582,2026-07-14
15.25,330.0,0.634643537421907,6583.002535197369,1641.1974648026317,2026-07-14
15.5,345.0,0.634643537421907,6172.826684330588,626.6733156694117,2026-07-14
15.75,360.0,0.634643537421907,5693.559351896118,470.24064810388245,2026-07-14
16.0,375.0,0.634643537421907,5202.564119297766,-928.7641192977662,2026-07-14
16.25,390.0,0.634643537421907,4688.007386310548,-963.2973863105481,2026-07-14
16.5,405.0,0.634643537421907,4170.801227027384,-838.4012270273838,2026-07-14
16.75,420.0,0.634643537421907,3588.556424780269,302.443575219731,2026-07-14
17.0,435.0,0.634643537421907,2971.038256906072,106.96174309392791,2026-07-14
17.25,450.0,0.634643537421907,2351.7110814920484,99.49891850795166,2026-07-14
17.5,465.0,0.634643537421907,1752.3333638734086,304.46663612659154,2026-07-14
17.75,480.0,0.634643537421907,1190.583987351822,88.61601264817796,2026-07-14
18.0,495.0,0.634643537421907,700.6728921347611,184.5371078652389,2026-07-14
18.25,510.0,0.634643537421907,319.5590600988823,334.4409399011177,2026-07-14
18.5,525.0,0.634643537421907,84.7734177732623,284.82658222673774,2026-07-14
18.75,540.0,0.634643537421907,2.5341168251814485,83.71588317481856,2026-07-14
19.0,555.0,0.634643537421907,0.0,0.0,2026-07-14
11.5,15.0,0.6546682876167585,7911.335313867663,-1484.7353138676626,2026-07-14
11.75,30.0,0.6546682876167585,8183.617883895535,-2248.1178838955348,2026-07-14
12.0,45.0,0.6546682876167585,8367.078196310042,-1037.8681963100416,2026-07-14
12.25,60.0,0.6546682876167585,8476.962322151327,-1481.562322151327,2026-07-14
12.5,75.0,0.6546682876167585,8546.123961762009,2288.076038237992,2026-07-14
12.75,90.0,0.6546682876167585,8536.82342522408,2888.67657477592,2026-07-14
13.0,105.0,0.6546682876167585,8487.802931472588,3074.797068527412,2026-07-14
13.25,120.0,0.6546682876167585,8411.645246408483,2080.5547535915175,2026-07-14
13.5,135.0,0.6546682876167585,8329.292502814124,2076.5074971858758,2026-07-14
13.75,150.0,0.6546682876167585,8159.154260393709,3662.045739606292,2026-07-14
14.0,165.0,0.6546682876167585,7990.447768028705,2875.5522319712954,2026-07-14
14.25,180.0,0.6546682876167585,7809.370088108257,3422.629911891743,2026-07-14
14.5,195.0,0.6546682876167585,7603.619979427838,3551.5800205721625,2026-07-14
14.75,210.0,0.6546682876167585,7302.97300062602,3011.0269993739803,2026-07-14
15.0,225.0,0.6546682876167585,6974.488172696074,2859.511827303926,2026-07-14
15.25,240.0,0.6546682876167585,6607.326023850455,1616.8739761495453,2026-07-14
15.5,255.0,0.6546682876167585,6202.3577155080575,597.1422844919425,2026-07-14
15.75,270.0,0.6546682876167585,5728.498117015303,435.30188298469693,2026-07-14
16.0,285.0,0.6546682876167585,5237.107726022926,-963.3077260229256,2026-07-14
16.25,300.0,0.6546682876167585,4704.551482907955,-979.8414829079547,2026-07-14
16.5,315.0,0.6546682876167585,4160.620272016257,-828.2202720162572,2026-07-14
16.75,330.0,0.6546682876167585,3567.1755813401987,323.82441865980127,2026-07-14
17.0,345.0,0.6546682876167585,2951.2001097690745,126.79989023092548,2026-07-14
17.25,360.0,0.6546682876167585,2332.8086330946207,118.40136690537929,2026-07-14
17.5,375.0,0.6546682876167585,1738.223359031493,318.57664096850726,2026-07-14
17.75,390.0,0.6546682876167585,1182.4934528840245,96.70654711597558,2026-07-14
18.0,405.0,0.6546682876167585,696.200999122867,189.00900087713308,2026-07-14
18.25,420.0,0.6546682876167585,318.53632266417054,335.46367733582946,2026-07-14
18.5,435.0,0.6546682876167585,85.02496639619586,284.5750336038042,2026-07-14
18.75,450.0,0.6546682876167585,2.551509062228156,83.69849093777185,2026-07-14
19.0,465.0,0.6546682876167585,0.0,0.0,2026-07-14
13.0,15.0,0.7170210299538493,9855.55399066842,1707.0460093315796,2026-07-14
13.25,30.0,0.7170210299538493,9590.62381720002,901.5761827999813,2026-07-14
13.5,45.0,0.7170210299538493,9339.416338173276,1066.3836618267233,2026-07-14
13.75,60.0,0.7170210299538493,9059.337466660683,2761.8625333393175,2026-07-14
14.0,75.0,0.7170210299538493,8804.404140073882,2061.5958599261176,2026-07-14
14.25,90.0,0.7170210299538493,8561.814609778685,2670.185390221315,2026-07-14
14.5,105.0,0.7170210299538493,8296.98435573301,2858.215644266991,2026-07-14
14.75,120.0,0.7170210299538493,7948.396638785606,2365.6033612143938,2026-07-14
15.0,135.0,0.7170210299538493,7569.830306126427,2264.169693873573,2026-07-14
15.25,150.0,0.7170210299538493,7146.786680333897,1077.4133196661041,2026-07-14
15.5,165.0,0.7170210299538493,6696.867337734167,102.63266226583255,2026-07-14
15.75,180.0,0.7170210299538493,6175.479528397961,-11.679528397960894,2026-07-14
16.0,195.0,0.7170210299538493,5634.85740644084,-1361.0574064408402,2026-07-14
16.25,210.0,0.7170210299538493,5068.889267864066,-1344.1792678640659,2026-07-14
16.5,225.0,0.7170210299538493,4462.546994718077,-1130.1469947180772,2026-07-14
16.75,240.0,0.7170210299538493,3803.746243635442,87.25375636455783,2026-07-14
17.0,255.0,0.7170210299538493,3144.7138434921835,-66.71384349218351,2026-07-14
17.25,270.0,0.7170210299538493,2488.679878013113,-37.469878013112975,2026-07-14
17.5,285.0,0.7170210299538493,1853.1215967982569,203.67840320174332,2026-07-14
17.75,300.0,0.7170210299538493,1257.456660826876,21.743339173124014,2026-07-14
18.0,315.0,0.7170210299538493,739.1958435583178,146.0141564416822,2026-07-14
18.25,330.0,0.7170210299538493,337.64622901865096,316.35377098134904,2026-07-14
18.5,345.0,0.7170210299538493,90.40978967064356,279.19021032935643,2026-07-14
18.75,360.0,0.7170210299538493,2.715516875900123,83.53448312409988,2026-07-14
19.0,375.0,0.7170210299538493,0.0,0.0,2026-07-14
14.5,15.0,1.0197433063028694,10675.069871876029,480.1301281239721,2026-07-14
14.75,30.0,1.0197433063028694,10135.705514392104,178.2944856078957,2026-07-14
15.0,45.0,1.0197433063028694,9572.27638231294,261.72361768705923,2026-07-14
15.25,60.0,1.0197433063028694,8975.91457350514,-751.7145735051399,2026-07-14
15.5,75.0,1.0197433063028694,8360.440801703216,-1560.9408017032165,2026-07-14
15.75,90.0,1.0197433063028694,7679.121894372731,-1515.3218943727306,2026-07-14
16.0,105.0,1.0197433063028694,6974.896723451658,-2701.0967234516575,2026-07-14
16.25,120.0,1.0197433063028694,6245.556237360286,-2520.846237360286,2026-07-14
16.5,135.0,1.0197433063028694,5481.712870641467,-2149.312870641467,2026-07-14
16.75,150.0,1.0197433063028694,4669.674269694244,-778.6742696942438,2026-07-14
17.0,165.0,1.0197433063028694,3855.0234483432287,-777.0234483432287,2026-07-14
17.25,180.0,1.0197433063028694,3047.8319399352813,-596.6219399352813,2026-07-14
17.5,195.0,1.0197433063028694,2266.967561042458,-210.1675610424577,2026-07-14
17.75,210.0,1.0197433063028694,1538.7363083333414,-259.53630833334137,2026-07-14
18.0,225.0,1.0197433063028694,906.2797478131168,-21.069747813116805,2026-07-14
18.25,240.0,1.0197433063028694,415.2382067200897,238.7617932799103,2026-07-14
18.5,255.0,1.0197433063028694,112.6400850418346,256.9599149581654,2026-07-14
18.75,270.0,1.0197433063028694,3.385637788011674,82.86436221198832,2026-07-14
19.0,285.0,1.0197433063028694,0.0,0.0,2026-07-14
16.0,15.0,0.9291012665613726,6454.402379737629,-2180.6023797376292,2026-07-14
16.25,30.0,0.9291012665613726,5812.134402967381,-2087.424402967381,2026-07-14
16.5,45.0,0.9291012665613726,5123.613661731413,-1791.2136617314131,2026-07-14
16.75,60.0,0.9291012665613726,4379.562247040055,-488.5622470400549,2026-07-14
17.0,75.0,0.9291012665613726,3623.933280224733,-545.9332802247332,2026-07-14
17.25,90.0,0.9291012665613726,2867.639483705697,-416.42948370569684,2026-07-14
17.5,105.0,0.9291012665613726,2137.044712137138,-80.24471213713787,2026-07-14
17.75,120.0,0.9291012665613726,1455.2511517139772,-176.0511517139771,2026-07-14
18.0,135.0,0.9291012665613726,859.3311630996806,25.87883690031947,2026-07-14
18.25,150.0,0.9291012665613726,394.601011512878,259.398988487122,2026-07-14
18.5,165.0,0.9291012665613726,106.98199916363436,262.6180008363657,2026-07-14
18.75,180.0,0.9291012665613726,3.217852101015781,83.03214789898422,2026-07-14
19.0,195.0,0.9291012665613726,0.0,0.0,2026-07-14
17.5,15.0,0.7451533974186255,1843.530024686558,213.26997531344227,2026-07-14
17.75,30.0,0.7451533974186255,1258.9211918953556,20.27880810464444,2026-07-14
18.0,45.0,0.7451533974186255,745.2340406963299,139.97595930367015,2026-07-14
18.25,60.0,0.7451533974186255,343.4456200950836,310.5543799049164,2026-07-14
18.5,75.0,0.7451533974186255,92.6350388401012,276.96496115989885,2026-07-14
18.75,90.0,0.7451533974186255,2.7921935045174022,83.4578064954826,2026-07-14
19.0,105.0,0.7451533974186255,0.0,0.0,2026-07-14
7.0,15.0,0.7750183151606539,1366.870272871868,325.1297271281319,2026-07-15
7.25,30.0,0.7750183151606539,1892.365224577848,614.7747754221518,2026-07-15
7.5,45.0,0.7750183151606539,2458.1768071308493,778.8231928691507,2026-07-15
7.75,60.0,0.7750183151606539,3073.9956288317057,811.0043711682943,2026-07-15
8.0,75.0,0.7750183151606539,3708.177486293741,1170.4625137062594,2026-07-15
8.25,90.0,0.7750183151606539,4339.242398931692,1094.3576010683082,2026-07-15
8.5,105.0,0.7750183151606539,4963.794999615848,799.8050003841527,2026-07-15
8.75,120.0,0.7750183151606539,5587.246081273927,1888.1539187260723,2026-07-15
9.0,135.0,0.7750183151606539,6184.1683934568255,1206.7616065431748,2026-07-15
9.25,150.0,0.7750183151606539,6754.54491195871,2130.255088041289,2026-07-15
9.5,165.0,0.7750183151606539,7313.692716048299,-48.29271604829955,2026-07-15
9.75,180.0,0.7750183151606539,7803.749919522209,2003.6800804777913,2026-07-15
10.0,195.0,0.7750183151606539,8269.3366871319,4916.863312868101,2026-07-15
10.25,210.0,0.7750183151606539,8766.644400095438,3370.7555999045617,2026-07-15
10.5,225.0,0.7750183151606539,9262.388708956772,288.4112910432268,2026-07-15
10.75,240.0,0.7750183151606539,9658.03215984976,-609.8221598497603,2026-07-15
11.0,255.0,0.7750183151606539,9987.209027779929,959.1909722200708,2026-07-15
11.25,270.0,0.7750183151606539,10274.844249157655,2421.755750842345,2026-07-15
11.5,285.0,0.7750183151606539,10513.165832644629,1402.194167355372,2026-07-15
11.75,300.0,0.7750183151606539,10625.043821298912,-1362.2438212989127,2026-07-15
12.0,315.0,0.7750183151606539,10660.487421120164,-2992.487421120164,2026-07-15
12.25,330.0,0.7750183151606539,10669.879570965204,-2168.339570965203,2026-07-15
12.5,345.0,0.7750183151606539,10674.389003503147,1349.0109964968524,2026-07-15
12.75,360.0,0.7750183151606539,10573.729628602216,-223.7296286022156,2026-07-15
13.0,375.0,0.7750183151606539,10458.328706318964,-220.5287063189644,2026-07-15
13.25,390.0,0.7750183151606539,10350.535904324275,-3395.935904324275,2026-07-15
13.5,405.0,0.7750183151606539,10232.714533673836,-2979.314533673836,2026-07-15
13.75,420.0,0.7750183151606539,10035.834752380171,-1599.234752380171,2026-07-15
14.0,435.0,0.7750183151606539,9802.573218984204,-2211.073218984204,2026-07-15
14.25,450.0,0.7750183151606539,9505.965323576816,-1256.5653235768168,2026-07-15
14.5,465.0,0.7750183151606539,9160.412674448786,-1367.0126744487861,2026-07-15
14.75,480.0,0.7750183151606539,8725.519930455874,-3636.9199304558733,2026-07-15
15.0,495.0,0.7750183151606539,8246.690556801894,-3728.6905568018938,2026-07-15
15.25,510.0,0.7750183151606539,7740.308229261499,-3204.308229261499,2026-07-15
15.5,525.0,0.7750183151606539,7215.340523903712,-1107.340523903712,2026-07-15
15.75,540.0,0.7750183151606539,6605.855271712251,-130.6552717122513,2026-07-15
16.0,555.0,0.7750183151606539,5987.139544260225,-1707.339544260225,2026-07-15
16.25,570.0,0.7750183151606539,5339.946523591984,-1221.5465235919846,2026-07-15
16.5,585.0,0.7750183151606539,4671.082712777001,148.11728722299904,2026-07-15
16.75,600.0,0.7750183151606539,3974.896125748364,1149.3138742516362,2026-07-15
17.0,615.0,0.7750183151606539,3268.471757510581,-416.67175751058085,2026-07-15
17.25,630.0,0.7750183151606539,2579.8936910260795,-130.09369102607934,2026-07-15
17.5,645.0,0.7750183151606539,1919.4214762700133,-112.22147627001323,2026-07-15
17.75,660.0,0.7750183151606539,1304.5218315676468,-140.5218315676468,2026-07-15
18.0,675.0,0.7750183151606539,769.8018463155349,75.59815368446505,2026-07-15
18.25,690.0,0.7750183151606539,353.8603215613612,312.1396784386388,2026-07-15
18.5,705.0,0.7750183151606539,94.57910311821574,229.42089688178424,2026-07-15
18.75,720.0,0.7750183151606539,2.710765373226347,100.78923462677365,2026-07-15
19.0,735.0,0.7750183151606539,0.0,9.0,2026-07-15
8.5,15.0,0.6418232791326604,4499.669241366931,1263.9307586330697,2026-07-15
8.75,30.0,0.6418232791326604,5052.118072534968,2423.281927465032,2026-07-15
9.0,45.0,0.6418232791326604,5578.283390543305,1812.646609456695,2026-07-15
9.25,60.0,0.6418232791326604,6089.796668813548,2795.003331186451,2026-07-15
9.5,75.0,0.6418232791326604,6581.012069210695,684.3879307893048,2026-07-15
9.75,90.0,0.6418232791326604,7016.579549428944,2790.850450571056,2026-07-15
10.0,105.0,0.6418232791326604,7439.91348370908,5746.286516290921,2026-07-15
10.25,120.0,0.6418232791326604,7897.277416919292,4240.122583080708,2026-07-15
10.5,135.0,0.6418232791326604,8346.25967878597,1204.54032121403,2026-07-15
10.75,150.0,0.6418232791326604,8690.090274204173,358.1197257958265,2026-07-15
11.0,165.0,0.6418232791326604,8990.328911729759,1956.0710882702406,2026-07-15
11.25,180.0,0.6418232791326604,9259.96913476566,3436.6308652343396,2026-07-15
11.5,195.0,0.6418232791326604,9473.833430205828,2441.5265697941722,2026-07-15
11.75,210.0,0.6418232791326604,9570.55772745527,-307.7577274552714,2026-07-15
12.0,225.0,0.6418232791326604,9612.21274856368,-1944.2127485636793,2026-07-15
12.25,240.0,0.6418232791326604,9622.37930080714,-1120.8393008071398,2026-07-15
12.5,255.0,0.6418232791326604,9626.437464785808,2396.962535214192,2026-07-15
12.75,270.0,0.6418232791326604,9546.817656694318,803.1823433056816,2026-07-15
13.0,285.0,0.6418232791326604,9442.482042061069,795.3179579389307,2026-07-15
13.25,300.0,0.6418232791326604,9324.708082268582,-2370.1080822685817,2026-07-15
13.5,315.0,0.6418232791326604,9195.15428418746,-1941.7542841874601,2026-07-15
13.75,330.0,0.6418232791326604,8989.648103767235,-553.0481037672344,2026-07-15
14.0,345.0,0.6418232791326604,8787.038833805706,-1195.5388338057055,2026-07-15
14.25,360.0,0.6418232791326604,8564.826502906782,-315.42650290678284,2026-07-15
14.5,375.0,0.6418232791326604,8283.596285776684,-490.1962857766848,2026-07-15
14.75,390.0,0.6418232791326604,7891.919224854683,-2803.319224854683,2026-07-15
15.0,405.0,0.6418232791326604,7457.153416177138,-2939.153416177138,2026-07-15
15.25,420.0,0.6418232791326604,7007.327189697534,-2471.327189697534,2026-07-15
15.5,435.0,0.6418232791326604,6535.599959657032,-427.59995965703183,2026-07-15
15.75,450.0,0.6418232791326604,5989.848148536506,485.3518514634934,2026-07-15
16.0,465.0,0.6418232791326604,5436.105157393295,-1156.3051573932944,2026-07-15
16.25,480.0,0.6418232791326604,4851.996924497596,-733.5969244975968,2026-07-15
16.5,495.0,0.6418232791326604,4246.140416635193,573.0595833648067,2026-07-15
16.75,510.0,0.6418232791326604,3613.398998121033,1510.811001878967,2026-07-15
17.0,525.0,0.6418232791326604,2975.9065516190904,-124.10655161909017,2026-07-15
17.25,540.0,0.6418232791326604,2349.0868947463737,100.71310525362651,2026-07-15
17.5,555.0,0.6418232791326604,1745.4877241918632,61.71227580813684,2026-07-15
17.75,570.0,0.6418232791326604,1185.5712081475983,-21.571208147598327,2026-07-15
18.0,585.0,0.6418232791326604,699.9652484780836,145.43475152191638,2026-07-15
18.25,600.0,0.6418232791326604,321.6342610319035,344.3657389680965,2026-07-15
18.5,615.0,0.6418232791326604,85.34021530371047,238.65978469628953,2026-07-15
18.75,630.0,0.6418232791326604,2.4484412035614245,101.05155879643857,2026-07-15
19.0,645.0,0.6418232791326604,0.0,9.0,2026-07-15
10.0,15.0,0.9253671976530626,9377.574456343957,3808.625543656044,2026-07-15
10.25,30.0,0.9253671976530626,9917.358839483366,2220.0411605166337,2026-07-15
10.5,45.0,0.9253671976530626,10431.192773036366,-880.3927730363666,2026-07-15
10.75,60.0,0.9253671976530626,10836.46052111528,-1788.2505211152802,2026-07-15
11.0,75.0,0.9253671976530626,11180.698686710177,-234.2986867101772,2026-07-15
11.25,90.0,0.9253671976530626,11497.846915681772,1198.7530843182285,2026-07-15
11.5,105.0,0.9253671976530626,11739.072115179591,176.2878848204091,2026-07-15
11.75,120.0,0.9253671976530626,11854.02323179051,-2591.223231790511,2026-07-15
12.0,135.0,0.9253671976530626,11892.9765705562,-4224.9765705562,2026-07-15
12.25,150.0,0.9253671976530626,11900.089411160185,-3398.549411160184,2026-07-15
12.5,165.0,0.9253671976530626,11875.03559708386,148.36440291614053,2026-07-15
12.75,180.0,0.9253671976530626,11768.107691744872,-1418.1076917448718,2026-07-15
13.0,195.0,0.9253671976530626,11638.592203756223,-1400.792203756224,2026-07-15
13.25,210.0,0.9253671976530626,11491.752646083249,-4537.152646083248,2026-07-15
13.5,225.0,0.9253671976530626,11314.799531053628,-4061.3995310536284,2026-07-15
13.75,240.0,0.9253671976530626,11063.270625323048,-2626.6706253230477,2026-07-15
14.0,255.0,0.9253671976530626,10820.55318855775,-3229.0531885577493,2026-07-15
14.25,270.0,0.9253671976530626,10566.261185271402,-2316.861185271402,2026-07-15
14.5,285.0,0.9253671976530626,10200.142743427768,-2406.742743427769,2026-07-15
14.75,300.0,0.9253671976530626,9714.322259110964,-4625.722259110964,2026-07-15
15.0,315.0,0.9253671976530626,9176.776127768791,-4658.776127768791,2026-07-15
15.25,330.0,0.9253671976530626,8612.91081339682,-4076.9108133968202,2026-07-15
15.5,345.0,0.9253671976530626,8002.174684251109,-1894.1746842511093,2026-07-15
15.75,360.0,0.9253671976530626,7320.46548834338,-845.2654883433797,2026-07-15
16.0,375.0,0.9253671976530626,6636.520744385134,-2356.720744385134,2026-07-15
16.25,390.0,0.9253671976530626,5920.3335415472375,-1801.9335415472378,2026-07-15
16.5,405.0,0.9253671976530626,5173.827484787781,-354.6274847877812,2026-07-15
16.75,420.0,0.9253671976530626,4396.863417116186,727.3465828838143,2026-07-15
17.0,435.0,0.9253671976530626,3616.390907002018,-764.590907002018,2026-07-15
17.25,450.0,0.9253671976530626,2856.0925474483997,-406.29254744839955,2026-07-15
17.5,465.0,0.9253671976530626,2121.44381615885,-314.24381615885,2026-07-15
17.75,480.0,0.9253671976530626,1440.0485126658537,-276.04851266585365,2026-07-15
18.0,495.0,0.9253671976530626,849.8465211648056,-4.446521164805631,2026-07-15
18.25,510.0,0.9253671976530626,390.87528097087,275.12471902913,2026-07-15
18.5,525.0,0.9253671976530626,104.72657287052505,219.27342712947495,2026-07-15
18.75,540.0,0.9253671976530626,3.0030275521585583,100.49697244784144,2026-07-15
19.0,555.0,0.9253671976530626,0.0,9.0,2026-07-15
11.5,15.0,0.8683638605359876,11509.952859458836,405.40714054116506,2026-07-15
11.75,30.0,0.8683638605359876,11595.176245524934,-2332.3762455249343,2026-07-15
12.0,45.0,0.8683638605359876,11583.32514762215,-3915.3251476221503,2026-07-15
12.25,60.0,0.8683638605359876,11543.713886669111,-3042.1738866691103,2026-07-15
12.5,75.0,0.8683638605359876,11502.77614064781,520.6238593521903,2026-07-15
12.75,90.0,0.8683638605359876,11379.6938460334,-1029.6938460334004,2026-07-15
13.0,105.0,0.8683638605359876,11236.933109468542,-999.1331094685429,2026-07-15
13.25,120.0,0.8683638605359876,11083.46130860828,-4128.8613086082805,2026-07-15
13.5,135.0,0.8683638605359876,10918.573033816136,-3665.173033816136,2026-07-15
13.75,150.0,0.8683638605359876,10669.18984005654,-2232.58984005654,2026-07-15
14.0,165.0,0.8683638605359876,10419.749109920593,-2828.2491099205927,2026-07-15
14.25,180.0,0.8683638605359876,10144.808948599735,-1895.4089485997356,2026-07-15
14.5,195.0,0.8683638605359876,9799.406797801552,-2006.0067978015522,2026-07-15
14.75,210.0,0.8683638605359876,9342.41150360444,-4253.81150360444,2026-07-15
15.0,225.0,0.8683638605359876,8835.790766005777,-4317.790766005777,2026-07-15
15.25,240.0,0.8683638605359876,8301.572834696415,-3765.572834696415,2026-07-15
15.5,255.0,0.8683638605359876,7729.898719837321,-1621.8987198373206,2026-07-15
15.75,270.0,0.8683638605359876,7087.10390399143,-611.9039039914305,2026-07-15
16.0,285.0,0.8683638605359876,6437.667624422108,-2157.867624422108,2026-07-15
16.25,300.0,0.8683638605359876,5734.959249452784,-1616.5592494527846,2026-07-15
16.5,315.0,0.8683638605359876,5001.260632880851,-182.0606328808508,2026-07-15
16.75,330.0,0.8683638605359876,4250.10298594403,874.1070140559705,2026-07-15
17.0,345.0,0.8683638605359876,3500.341426311071,-648.5414263110706,2026-07-15
17.25,360.0,0.8683638605359876,2767.9409462522417,-318.1409462522415,2026-07-15
17.5,375.0,0.8683638605359876,2057.663460620193,-250.4634606201928,2026-07-15
17.75,390.0,0.8683638605359876,1397.350352395693,-233.3503523956931,2026-07-15
18.0,405.0,0.8683638605359876,823.1435571173907,22.256442882609235,2026-07-15
18.25,420.0,0.8683638605359876,378.3433835635315,287.6566164364685,2026-07-15
18.5,435.0,0.8683638605359876,101.4028407702348,222.5971592297652,2026-07-15
18.75,450.0,0.8683638605359876,2.90440871240007,100.59559128759993,2026-07-15
19.0,465.0,0.8683638605359876,0.0,9.0,2026-07-15
13.0,15.0,0.7500584575270532,10357.05753984073,-119.25753984073162,2026-07-15
13.25,30.0,0.7500584575270532,10227.30119374145,-3272.70119374145,2026-07-15
13.5,45.0,0.7500584575270532,10071.199504737027,-2817.7995047370277,2026-07-15
13.75,60.0,0.7500584575270532,9829.835241445937,-1393.2352414459365,2026-07-15
14.0,75.0,0.7500584575270532,9584.812224140402,-1993.3122241404017,2026-07-15
14.25,90.0,0.7500584575270532,9323.2306756811,-1073.8306756810998,2026-07-15
14.5,105.0,0.7500584575270532,9006.613881729749,-1213.2138817297491,2026-07-15
14.75,120.0,0.7500584575270532,8583.777551086814,-3495.1775510868138,2026-07-15
15.0,135.0,0.7500584575270532,8116.622053878588,-3598.6220538785883,2026-07-15
15.25,150.0,0.7500584575270532,7617.289301812131,-3081.2893018121313,2026-07-15
15.5,165.0,0.7500584575270532,7088.270114998312,-980.2701149983122,2026-07-15
15.75,180.0,0.7500584575270532,6488.31765943943,-13.1176594394301,2026-07-15
16.0,195.0,0.7500584575270532,5879.771898871769,-1599.9718988717686,2026-07-15
16.25,210.0,0.7500584575270532,5270.595453968912,-1152.1954539689123,2026-07-15
16.5,225.0,0.7500584575270532,4590.982497654392,228.2175023456075,2026-07-15
16.75,240.0,0.7500584575270532,3898.863457511796,1225.3465424882042,2026-07-15
17.0,255.0,0.7500584575270532,3212.126066922842,-360.3260669228416,2026-07-15
17.25,270.0,0.7500584575270532,2540.8308062576925,-91.03080625769235,2026-07-15
17.5,285.0,0.7500584575270532,1887.7086215481024,-80.50862154810238,2026-07-15
17.75,300.0,0.7500584575270532,1282.3212108830069,-118.32121088300687,2026-07-15
18.0,315.0,0.7500584575270532,758.6807095145286,86.71929048547133,2026-07-15
18.25,330.0,0.7500584575270532,349.8496043268497,316.1503956731503,2026-07-15
18.5,345.0,0.7500584575270532,93.5338049189894,230.4661950810106,2026-07-15
18.75,360.0,0.7500584575270532,2.683440032427012,100.81655996757299,2026-07-15
19.0,375.0,0.7500584575270532,0.0,9.0,2026-07-15
14.5,15.0,0.7054843135385197,8624.031019125689,-830.6310191256889,2026-07-15
14.75,30.0,0.7054843135385197,8238.568365156925,-3149.968365156925,2026-07-15
15.0,45.0,0.7054843135385197,7800.118286724574,-3282.1182867245743,2026-07-15
15.25,60.0,0.7054843135385197,7328.5021750509695,-2792.5021750509695,2026-07-15
15.5,75.0,0.7054843135385197,6833.330592475375,-725.3305924753749,2026-07-15
15.75,90.0,0.7054843135385197,6271.999446430414,203.2005535695862,2026-07-15
16.0,105.0,0.7054843135385197,5692.19945221458,-1412.3994522145795,2026-07-15
16.25,120.0,0.7054843135385197,5110.359360362972,-991.9593603629728,2026-07-15
16.5,135.0,0.7054843135385197,4451.039701077963,368.1602989220364,2026-07-15
16.75,150.0,0.7054843135385197,3779.09759705474,1345.1124029452599,2026-07-15
17.0,165.0,0.7054843135385197,3114.2427386287504,-262.44273862875025,2026-07-15
17.25,180.0,0.7054843135385197,2465.7078777453435,-15.907877745343285,2026-07-15
17.5,195.0,0.7054843135385197,1831.1133095653104,-23.91330956531033,2026-07-15
17.75,210.0,0.7054843135385197,1239.986582642153,-75.98658264215305,2026-07-15
18.0,225.0,0.7054843135385197,731.043520865102,114.356479134898,2026-07-15
18.25,240.0,0.7054843135385197,336.5672230266529,329.4327769733471,2026-07-15
18.5,255.0,0.7054843135385197,89.8514619962747,234.14853800372532,2026-07-15
18.75,270.0,0.7054843135385197,2.5779327120855884,100.92206728791442,2026-07-15
19.0,285.0,0.7054843135385197,0.0,9.0,2026-07-15
16.0,15.0,0.6824423174541288,5631.965851674098,-1352.1658516740981,2026-07-15
16.25,30.0,0.6824423174541288,5025.6551096939575,-907.2551096939578,2026-07-15
16.5,45.0,0.6824423174541288,4359.541134378052,459.65886562194737,2026-07-15
16.75,60.0,0.6824423174541288,3699.399762077992,1424.8102379220081,2026-07-15
17.0,75.0,0.6824423174541288,3044.842607778932,-193.0426077789316,2026-07-15
17.25,90.0,0.6824423174541288,2403.770055028781,46.029944971219265,2026-07-15
17.5,105.0,0.6824423174541288,1786.1771998235165,21.022800176483543,2026-07-15
17.75,120.0,0.6824423174541288,1215.3069392913994,-51.30693929139943,2026-07-15
18.0,135.0,0.6824423174541288,719.0394776961713,126.3605223038287,2026-07-15
18.25,150.0,0.6824423174541288,331.76116945018435,334.23883054981565,2026-07-15
18.5,165.0,0.6824423174541288,88.61817951362558,235.3818204863744,2026-07-15
18.75,180.0,0.6824423174541288,2.546364268839092,100.95363573116092,2026-07-15
19.0,195.0,0.6824423174541288,0.0,9.0,2026-07-15
17.5,15.0,0.8802627071684469,2021.2100426713369,-214.0100426713368,2026-07-15
17.75,30.0,0.8802627071684469,1377.4609837073122,-213.46098370731215,2026-07-15
18.0,45.0,0.8802627071684469,817.0754235985049,28.32457640149505,2026-07-15
18.25,60.0,0.8802627071684469,377.5656613535434,288.4343386464566,2026-07-15
18.5,75.0,0.8802627071684469,101.5204482640867,222.4795517359133,2026-07-15
18.75,90.0,0.8802627071684469,2.919739058863708,100.58026094113629,2026-07-15
19.0,105.0,0.8802627071684469,0.0,9.0,2026-07-15
7.0,15.0,0.16985897396339014,439.31508405390855,157.8949159460915,2026-07-16
7.25,30.0,0.16985897396339014,629.4586350013981,339.5413649986019,2026-07-16
7.5,45.0,0.16985897396339014,841.8098500220814,451.1901499779186,2026-07-16
7.75,60.0,0.16985897396339014,1067.7913557255076,445.4086442744924,2026-07-16
8.0,75.0,0.16985897396339014,1300.4048269358054,290.7951730641946,2026-07-16
8.25,90.0,0.16985897396339014,1538.8564090195362,610.943590980464,2026-07-16
8.5,105.0,0.16985897396339014,1780.4575357007045,1340.7424642992953,2026-07-16
8.75,120.0,0.16985897396339014,2008.9698482664576,1168.0301517335424,2026-07-16
9.0,135.0,0.16985897396339014,2243.3471749427363,283.25282505726364,2026-07-16
9.25,150.0,0.16985897396339014,2483.2795063728818,-374.82950637288195,2026-07-16
9.5,165.0,0.16985897396339014,2710.603679474973,-199.60367947497298,2026-07-16
9.75,180.0,0.16985897396339014,2894.024999630048,795.375000369952,2026-07-16
10.0,195.0,0.16985897396339014,3074.279932464045,1237.3600675359553,2026-07-16
10.25,210.0,0.16985897396339014,3268.7384576276504,1524.0615423723498,2026-07-16
10.5,225.0,0.16985897396339014,3434.3501662421527,2743.2498337578477,2026-07-16
10.75,240.0,0.16985897396339014,3531.4257241007563,3031.9742758992434,2026-07-16
11.0,255.0,0.16985897396339014,3623.540817948952,4747.099182051048,2026-07-16
11.25,270.0,0.16985897396339014,3689.273604414196,7708.326395585804,2026-07-16
11.5,285.0,0.16985897396339014,3742.782629369384,3832.217370630616,2026-07-16
11.75,300.0,0.16985897396339014,3751.7806311194927,2772.0193688805075,2026-07-16
12.0,315.0,0.16985897396339014,3748.875170119608,2616.694829880392,2026-07-16
12.25,330.0,0.16985897396339014,3718.398509180639,5406.961490819362,2026-07-16
12.5,345.0,0.16985897396339014,3686.846656562702,6693.753343437298,2026-07-16
12.75,360.0,0.16985897396339014,3634.7523252951073,3306.6476747048923,2026-07-16
13.0,375.0,0.16985897396339014,3570.8757262646013,2774.764273735399,2026-07-16
13.25,390.0,0.16985897396339014,3530.6628110405927,2072.737188959407,2026-07-16
13.5,405.0,0.16985897396339014,3486.63725678095,1685.3627432190501,2026-07-16
13.75,420.0,0.16985897396339014,3444.834898859482,2000.7651011405183,2026-07-16
14.0,435.0,0.16985897396339014,3379.3033977350387,3287.1266022649615,2026-07-16
14.25,450.0,0.16985897396339014,3291.219490963172,3702.3805090368282,2026-07-16
14.5,465.0,0.16985897396339014,3192.3004663781057,3066.1595336218943,2026-07-16
14.75,480.0,0.16985897396339014,3052.599854760317,1862.0001452396832,2026-07-16
15.0,495.0,0.16985897396339014,2909.459590965171,1267.2304090348284,2026-07-16
15.25,510.0,0.16985897396339014,2763.5055848876477,898.8944151123524,2026-07-16
15.5,525.0,0.16985897396339014,2607.592389109509,-298.1923891095089,2026-07-16
15.75,540.0,0.16985897396339014,2392.402718426022,-32.00271842602206,2026-07-16
16.0,555.0,0.16985897396339014,2185.0777573057185,492.7222426942817,2026-07-16
16.25,570.0,0.16985897396339014,1989.219073813455,961.5809261865452,2026-07-16
16.5,585.0,0.16985897396339014,1777.4730859219003,748.5269140780997,2026-07-16
16.75,600.0,0.16985897396339014,1523.4769744802747,1033.1230255197252,2026-07-16
17.0,615.0,0.16985897396339014,1272.5610454684793,682.2389545315207,2026-07-16
17.25,630.0,0.16985897396339014,1027.947522041446,-70.94752204144606,2026-07-16
17.5,645.0,0.16985897396339014,791.7743692466696,-260.7743692466696,2026-07-16
17.75,660.0,0.16985897396339014,580.6400035522807,-287.84000355228073,2026-07-16
18.0,675.0,0.16985897396339014,392.6743755359423,-278.6743755359423,2026-07-16
18.25,690.0,0.16985897396339014,199.6326998370424,-150.5426998370424,2026-07-16
18.5,705.0,0.16985897396339014,50.55700889270721,-24.15700889270721,2026-07-16
18.75,720.0,0.16985897396339014,1.3768943494824892,7.623105650517511,2026-07-16
19.0,735.0,0.16985897396339014,0.0,0.0,2026-07-16
8.5,15.0,0.3212592311419491,2160.0679238577045,961.1320761422953,2026-07-16
8.75,30.0,0.3212592311419491,2448.543312216786,728.456687783214,2026-07-16
9.0,45.0,0.3212592311419491,2741.8445181563134,-215.24451815631346,2026-07-16
9.25,60.0,0.3212592311419491,3033.6099611749028,-925.159961174903,2026-07-16
9.5,75.0,0.3212592311419491,3317.6380291183223,-806.6380291183223,2026-07-16
9.75,90.0,0.3212592311419491,3569.265839087387,120.13416091261297,2026-07-16
10.0,105.0,0.3212592311419491,3809.873863280008,501.7661367199921,2026-07-16
10.25,120.0,0.3212592311419491,4028.469950160315,764.3300498396852,2026-07-16
10.5,135.0,0.3212592311419491,4228.2961378559,1949.3038621441,2026-07-16
10.75,150.0,0.3212592311419491,4355.135606133928,2208.2643938660713,2026-07-16
11.0,165.0,0.3212592311419491,4475.4130179624735,3895.226982037526,2026-07-16
11.25,180.0,0.3212592311419491,4566.226967293912,6831.373032706088,2026-07-16
11.5,195.0,0.3212592311419491,4640.38272317433,2934.61727682567,2026-07-16
11.75,210.0,0.3212592311419491,4676.713425955983,1847.0865740440167,2026-07-16
12.0,225.0,0.3212592311419491,4689.686618261708,1675.883381738292,2026-07-16
12.25,240.0,0.3212592311419491,4671.048905013213,4454.311094986788,2026-07-16
12.5,255.0,0.3212592311419491,4631.658304869836,5748.941695130165,2026-07-16
12.75,270.0,0.3212592311419491,4590.345810441699,2351.054189558301,2026-07-16
13.0,285.0,0.3212592311419491,4537.447974334563,1808.1920256654375,2026-07-16
13.25,300.0,0.3212592311419491,4464.127670666135,1139.272329333865,2026-07-16
13.5,315.0,0.3212592311419491,4396.252908171935,775.7470918280651,2026-07-16
13.75,330.0,0.3212592311419491,4331.829311226147,1113.7706887738532,2026-07-16
14.0,345.0,0.3212592311419491,4244.184826806774,2422.245173193226,2026-07-16
14.25,360.0,0.3212592311419491,4111.403535918368,2882.1964640816323,2026-07-16
14.5,375.0,0.3212592311419491,3954.766224888481,2303.6937751115192,2026-07-16
14.75,390.0,0.3212592311419491,3774.2659024658446,1140.3340975341557,2026-07-16
15.0,405.0,0.3212592311419491,3588.3796997212216,588.310300278778,2026-07-16
15.25,420.0,0.3212592311419491,3398.3735779920385,264.0264220079616,2026-07-16
15.5,435.0,0.3212592311419491,3192.9142855807318,-883.5142855807317,2026-07-16
15.75,450.0,0.3212592311419491,2937.7659580091745,-577.3659580091744,2026-07-16
16.0,465.0,0.3212592311419491,2686.613890444154,-8.813890444153913,2026-07-16
16.25,480.0,0.3212592311419491,2429.4374730628065,521.3625269371937,2026-07-16
16.5,495.0,0.3212592311419491,2164.620387905636,361.3796120943639,2026-07-16
16.75,510.0,0.3212592311419491,1855.1405787064984,701.4594212935015,2026-07-16
17.0,525.0,0.3212592311419491,1549.7773059966476,405.0226940033524,2026-07-16
17.25,540.0,0.3212592311419491,1246.02324339225,-289.0232433922499,2026-07-16
17.5,555.0,0.3212592311419491,953.793615606346,-422.79361560634595,2026-07-16
17.75,570.0,0.3212592311419491,692.2729519413141,-399.4729519413141,2026-07-16
18.0,585.0,0.3212592311419491,459.5657975141824,-345.5657975141824,2026-07-16
18.25,600.0,0.3212592311419491,230.4412929772295,-181.3512929772295,2026-07-16
18.5,615.0,0.3212592311419491,58.8803692200548,-32.480369220054804,2026-07-16
18.75,630.0,0.3212592311419491,1.6033793548225113,7.396620645177489,2026-07-16
19.0,645.0,0.3212592311419491,0.0,0.0,2026-07-16
10.0,15.0,0.2873852411184992,3394.9045758914776,916.7354241085227,2026-07-16
10.25,30.0,0.2873852411184992,3623.90998813097,1168.8900118690303,2026-07-16
10.5,45.0,0.2873852411184992,3833.3747553403264,2344.225244659674,2026-07-16
10.75,60.0,0.2873852411184992,3957.9411485923774,2605.458851407622,2026-07-16
11.0,75.0,0.2873852411184992,4068.636904693087,4302.003095306913,2026-07-16
11.25,90.0,0.2873852411184992,4164.437010871291,7233.162989128709,2026-07-16
11.5,105.0,0.2873852411184992,4258.149065372186,3316.8509346278142,2026-07-16
11.75,120.0,0.2873852411184992,4292.056471624583,2231.7435283754176,2026-07-16
12.0,135.0,0.2873852411184992,4327.19174568757,2038.3782543124298,2026-07-16
12.25,150.0,0.2873852411184992,4329.157123739643,4796.202876260358,2026-07-16
12.5,165.0,0.2873852411184992,4309.244921843139,6071.355078156861,2026-07-16
12.75,180.0,0.2873852411184992,4269.227902802432,2672.1720971975674,2026-07-16
13.0,195.0,0.2873852411184992,4225.957190736274,2119.682809263726,2026-07-16
13.25,210.0,0.2873852411184992,4169.506660689378,1433.8933393106217,2026-07-16
13.5,225.0,0.2873852411184992,4103.483937711849,1068.5160622881513,2026-07-16
13.75,240.0,0.2873852411184992,4053.945474737936,1391.6545252620645,2026-07-16
14.0,255.0,0.2873852411184992,3986.059384625192,2680.3706153748085,2026-07-16
14.25,270.0,0.2873852411184992,3881.71896754918,3111.8810324508204,2026-07-16
14.5,285.0,0.2873852411184992,3750.847738373337,2507.612261626663,2026-07-16
14.75,300.0,0.2873852411184992,3570.3172428774565,1344.282757122544,2026-07-16
15.0,315.0,0.2873852411184992,3376.041359373533,800.6486406264667,2026-07-16
15.25,330.0,0.2873852411184992,3176.345957992505,486.0540420074949,2026-07-16
15.5,345.0,0.2873852411184992,2984.6855523209624,-675.2855523209623,2026-07-16
15.75,360.0,0.2873852411184992,2744.1616879217395,-383.7616879217394,2026-07-16
16.0,375.0,0.2873852411184992,2510.264588664266,167.53541133573435,2026-07-16
16.25,390.0,0.2873852411184992,2278.152468816133,672.6475311838672,2026-07-16
16.5,405.0,0.2873852411184992,2034.002433388244,491.99756661175593,2026-07-16
16.75,420.0,0.2873852411184992,1744.008436913038,812.591563086962,2026-07-16
17.0,435.0,0.2873852411184992,1456.2153273564954,498.5846726435045,2026-07-16
17.25,450.0,0.2873852411184992,1174.3661446175454,-217.3661446175454,2026-07-16
17.5,465.0,0.2873852411184992,904.4221254342062,-373.42212543420624,2026-07-16
17.75,480.0,0.2873852411184992,657.0093537910099,-364.20935379100985,2026-07-16
18.0,495.0,0.2873852411184992,437.9962951907333,-323.9962951907333,2026-07-16
18.25,510.0,0.2873852411184992,220.1860936510037,-171.09609365100368,2026-07-16
18.5,525.0,0.2873852411184992,56.1023313378532,-29.702331337853202,2026-07-16
18.75,540.0,0.2873852411184992,1.524669373648203,7.475330626351797,2026-07-16
19.0,555.0,0.2873852411184992,0.0,0.0,2026-07-16
11.5,15.0,0.6948430818498889,8329.248480485123,-754.2484804851229,2026-07-16
11.75,30.0,0.6948430818498889,8248.220715320875,-1724.4207153208745,2026-07-16
12.0,45.0,0.6948430818498889,8152.47378655545,-1786.90378655545,2026-07-16
12.25,60.0,0.6948430818498889,8072.405316143342,1052.9546838566584,2026-07-16
12.5,75.0,0.6948430818498889,7975.467730872823,2405.132269127177,2026-07-16
12.75,90.0,0.6948430818498889,7857.591138294581,-916.1911382945809,2026-07-16
13.0,105.0,0.6948430818498889,7718.5700010615155,-1372.9300010615152,2026-07-16
13.25,120.0,0.6948430818498889,7557.091463443976,-1953.6914634439763,2026-07-16
13.5,135.0,0.6948430818498889,7413.930725337598,-2241.9307253375982,2026-07-16
13.75,150.0,0.6948430818498889,7267.128432374399,-1821.528432374399,2026-07-16
14.0,165.0,0.6948430818498889,7077.877970307461,-411.4479703074603,2026-07-16
14.25,180.0,0.6948430818498889,6832.3881868172775,161.21181318272284,2026-07-16
14.5,195.0,0.6948430818498889,6561.989141480227,-303.5291414802268,2026-07-16
14.75,210.0,0.6948430818498889,6242.861113950743,-1328.2611139507426,2026-07-16
15.0,225.0,0.6948430818498889,5893.362273922622,-1716.6722739226225,2026-07-16
15.25,240.0,0.6948430818498889,5545.367477474564,-1882.967477474564,2026-07-16
15.5,255.0,0.6948430818498889,5173.678086537667,-2864.2780865376667,2026-07-16
15.75,270.0,0.6948430818498889,4748.648799114823,-2388.248799114823,2026-07-16
16.0,285.0,0.6948430818498889,4315.463575379403,-1637.6635753794026,2026-07-16
16.25,300.0,0.6948430818498889,3869.465781196153,-918.6657811961527,2026-07-16
16.5,315.0,0.6948430818498889,3417.1538961533047,-891.1538961533047,2026-07-16
16.75,330.0,0.6948430818498889,2920.408276285106,-363.8082762851059,2026-07-16
17.0,345.0,0.6948430818498889,2428.181448880853,-473.3814488808532,2026-07-16
17.25,360.0,0.6948430818498889,1944.9654437265956,-987.9654437265956,2026-07-16
17.5,375.0,0.6948430818498889,1476.4907425503236,-945.4907425503236,2026-07-16
17.75,390.0,0.6948430818498889,1045.7652578672537,-752.9652578672537,2026-07-16
18.0,405.0,0.6948430818498889,666.8266149713329,-552.8266149713329,2026-07-16
18.25,420.0,0.6948430818498889,325.8173741296015,-276.72737412960146,2026-07-16
18.5,435.0,0.6948430818498889,85.6841645575129,-59.2841645575129,2026-07-16
18.75,450.0,0.6948430818498889,2.3303496972381765,6.6696503027618235,2026-07-16
19.0,465.0,0.6948430818498889,0.0,0.0,2026-07-16
13.0,15.0,0.637175042789292,7221.318528923495,-875.6785289234949,2026-07-16
13.25,30.0,0.637175042789292,7128.92273878669,-1525.5227387866908,2026-07-16
13.5,45.0,0.637175042789292,7015.515651484496,-1843.5156514844957,2026-07-16
13.75,60.0,0.637175042789292,6859.950621573275,-1414.350621573275,2026-07-16
14.0,75.0,0.637175042789292,6660.205589324045,6.224410675955369,2026-07-16
14.25,90.0,0.637175042789292,6407.054447648638,586.545552351362,2026-07-16
14.5,105.0,0.637175042789292,6115.424411201984,143.03558879801585,2026-07-16
14.75,120.0,0.637175042789292,5788.449047720422,-873.8490477204214,2026-07-16
15.0,135.0,0.637175042789292,5440.735994480519,-1264.0459944805198,2026-07-16
15.25,150.0,0.637175042789292,5079.603066367592,-1417.2030663675919,2026-07-16
15.5,165.0,0.637175042789292,4710.8001530648025,-2401.4001530648025,2026-07-16
15.75,180.0,0.637175042789292,4315.683500391619,-1955.2835003916193,2026-07-16
16.0,195.0,0.637175042789292,3910.871384564218,-1233.0713845642176,2026-07-16
16.25,210.0,0.637175042789292,3498.4918464698235,-547.6918464698233,2026-07-16
16.5,225.0,0.637175042789292,3068.1221497943648,-542.1221497943648,2026-07-16
16.75,240.0,0.637175042789292,2623.133368028233,-66.53336802823287,2026-07-16
17.0,255.0,0.637175042789292,2188.803740778956,-234.00374077895617,2026-07-16
17.25,270.0,0.637175042789292,1759.6393545125738,-802.6393545125738,2026-07-16
17.5,285.0,0.637175042789292,1344.801904953178,-813.8019049531781,2026-07-16
17.75,300.0,0.637175042789292,961.4587295002358,-668.6587295002357,2026-07-16
18.0,315.0,0.637175042789292,625.5297757498696,-511.5297757498696,2026-07-16
18.25,330.0,0.637175042789292,308.6057029164916,-259.5157029164916,2026-07-16
18.5,345.0,0.637175042789292,81.03079354469199,-54.63079354469199,2026-07-16
18.75,360.0,0.637175042789292,2.202952852333837,6.797047147666163,2026-07-16
19.0,375.0,0.637175042789292,0.0,0.0,2026-07-16
14.5,15.0,0.5133900262325699,5288.663608333767,969.7963916662329,2026-07-16
14.75,30.0,0.5133900262325699,4996.8736991320975,-82.27369913209714,2026-07-16
15.0,45.0,0.5133900262325699,4691.2092129844,-514.5192129844008,2026-07-16
15.25,60.0,0.5133900262325699,4377.154918753442,-714.7549187534419,2026-07-16
15.5,75.0,0.5133900262325699,4049.562502211035,-1740.1625022110347,2026-07-16
15.75,90.0,0.5133900262325699,3707.316456405224,-1346.916456405224,2026-07-16
16.0,105.0,0.5133900262325699,3368.1469455431784,-690.3469455431782,2026-07-16
16.25,120.0,0.5133900262325699,3022.861384720766,-72.061384720766,2026-07-16
16.5,135.0,0.5133900262325699,2660.020022660299,-134.02002266029922,2026-07-16
16.75,150.0,0.5133900262325699,2282.750937499802,273.84906250019776,2026-07-16
17.0,165.0,0.5133900262325699,1911.6875278853415,43.11247211465843,2026-07-16
17.25,180.0,0.5133900262325699,1543.111130974195,-586.111130974195,2026-07-16
17.5,195.0,0.5133900262325699,1180.8587723825344,-649.8587723825344,2026-07-16
17.75,210.0,0.5133900262325699,847.1729572212873,-554.3729572212874,2026-07-16
18.0,225.0,0.5133900262325699,557.5678161308149,-443.5678161308149,2026-07-16
18.25,240.0,0.5133900262325699,277.44814510325824,-228.35814510325824,2026-07-16
18.5,255.0,0.5133900262325699,72.24787941074608,-45.84787941074608,2026-07-16
18.75,270.0,0.5133900262325699,1.96394990072456,7.03605009927544,2026-07-16
19.0,285.0,0.5133900262325699,0.0,0.0,2026-07-16
16.0,15.0,0.3384443284042661,2337.256540277175,340.543459722825,2026-07-16
16.25,30.0,0.3384443284042661,2151.4482877928863,799.3517122071139,2026-07-16
16.5,45.0,0.3384443284042661,1930.1178877102768,595.8821122897232,2026-07-16
16.75,60.0,0.3384443284042661,1673.0881143689053,883.5118856310946,2026-07-16
17.0,75.0,0.3384443284042661,1410.834896113721,543.9651038862789,2026-07-16
17.25,90.0,0.3384443284042661,1152.8414884535543,-195.84148845355435,2026-07-16
17.5,105.0,0.3384443284042661,899.3990089160757,-368.3990089160757,2026-07-16
17.75,120.0,0.3384443284042661,660.8107958520508,-368.01079585205076,2026-07-16
18.0,135.0,0.3384443284042661,448.4608008450239,-334.4608008450239,2026-07-16
18.25,150.0,0.3384443284042661,227.79128102939197,-178.70128102939196,2026-07-16
18.5,165.0,0.3384443284042661,58.57494828942671,-32.17494828942671,2026-07-16
18.75,180.0,0.3384443284042661,1.5955310008337489,7.404468999166252,2026-07-16
19.0,195.0,0.3384443284042661,0.0,0.0,2026-07-16
17.5,15.0,0.4284890274477839,957.4919898055527,-426.49198980555275,2026-07-16
17.75,30.0,0.4284890274477839,709.2929917023889,-416.4929917023889,2026-07-16
18.0,45.0,0.4284890274477839,481.4042433378309,-367.4042433378309,2026-07-16
18.25,60.0,0.4284890274477839,243.80860811995444,-194.71860811995444,2026-07-16
18.5,75.0,0.4284890274477839,63.16610955440434,-36.766109554404345,2026-07-16
18.75,90.0,0.4284890274477839,1.7220884315410605,7.27791156845894,2026-07-16
19.0,105.0,0.4284890274477839,0.0,0.0,2026-07-16
7.0,15.0,0.15899560381829372,449.4377942095704,-52.05779420957043,2026-07-17
7.25,30.0,0.15899560381829372,627.1241338831942,-87.12413388319419,2026-07-17
7.5,45.0,0.15899560381829372,818.2969966118847,-75.79699661188465,2026-07-17
7.75,60.0,0.15899560381829372,1019.9044682160212,154.29553178397884,2026-07-17
8.0,75.0,0.15899560381829372,1227.873707564801,509.72629243519896,2026-07-17
8.25,90.0,0.15899560381829372,1433.113307965385,589.4366920346149,2026-07-17
8.5,105.0,0.15899560381829372,1628.686384775095,162.9536152249052,2026-07-17
8.75,120.0,0.15899560381829372,1804.4010783476856,135.39892165231436,2026-07-17
9.0,135.0,0.15899560381829372,1976.2469803974527,595.9530196025471,2026-07-17
9.25,150.0,0.15899560381829372,2162.198187546311,535.4018124536888,2026-07-17
9.5,165.0,0.15899560381829372,2339.0717204224543,587.1282795775455,2026-07-17
9.75,180.0,0.15899560381829372,2494.46356372555,635.7364362744497,2026-07-17
10.0,195.0,0.15899560381829372,2640.327163955553,1446.872836044447,2026-07-17
10.25,210.0,0.15899560381829372,2786.610126863709,1665.389873136291,2026-07-17
10.5,225.0,0.15899560381829372,2913.748412933052,2250.001587066948,2026-07-17
10.75,240.0,0.15899560381829372,3035.0557563533525,2148.9442436466475,2026-07-17
11.0,255.0,0.15899560381829372,3128.542791837261,2616.457208162739,2026-07-17
11.25,270.0,0.15899560381829372,3200.0872648163,1596.9127351837,2026-07-17
11.5,285.0,0.15899560381829372,3265.807502171428,862.7924978285723,2026-07-17
11.75,300.0,0.15899560381829372,3332.7351533052206,884.4048466947797,2026-07-17
12.0,315.0,0.15899560381829372,3382.3637270827403,1307.23627291726,2026-07-17
12.25,330.0,0.15899560381829372,3420.842130791042,600.517869208958,2026-07-17
12.5,345.0,0.15899560381829372,3441.9724806351737,589.3375193648262,2026-07-17
12.75,360.0,0.15899560381829372,3427.074265518456,1758.7257344815444,2026-07-17
13.0,375.0,0.15899560381829372,3403.6374947542963,768.7625052457033,2026-07-17
13.25,390.0,0.15899560381829372,3389.525507810089,-272.52550781008904,2026-07-17
13.5,405.0,0.15899560381829372,3365.3054444589843,784.8945555410155,2026-07-17
13.75,420.0,0.15899560381829372,3323.8488659670948,-186.44886596709466,2026-07-17
14.0,435.0,0.15899560381829372,3255.8880748895263,-316.0980748895263,2026-07-17
14.25,450.0,0.15899560381829372,3159.5950174977584,221.13498250224166,2026-07-17
14.5,465.0,0.15899560381829372,3047.6282991867392,1234.4417008132605,2026-07-17
14.75,480.0,0.15899560381829372,2909.4380076026387,1226.3619923973615,2026-07-17
15.0,495.0,0.15899560381829372,2768.4628416723813,578.3371583276189,2026-07-17
15.25,510.0,0.15899560381829372,2628.464351751431,-301.96435175143097,2026-07-17
15.5,525.0,0.15899560381829372,2478.7622340242237,-619.6222340242236,2026-07-17
15.75,540.0,0.15899560381829372,2289.8402747417467,-585.8402747417467,2026-07-17
16.0,555.0,0.15899560381829372,2102.855406485735,-436.0554064857349,2026-07-17
16.25,570.0,0.15899560381829372,1913.1169674813616,-369.31696748136164,2026-07-17
16.5,585.0,0.15899560381829372,1706.4635861847312,-88.86358618473128,2026-07-17
16.75,600.0,0.15899560381829372,1474.4301570063296,-97.43015700632964,2026-07-17
17.0,615.0,0.15899560381829372,1240.5178702681162,-148.30787026811618,2026-07-17
17.25,630.0,0.15899560381829372,1015.2129980843108,-20.412998084310857,2026-07-17
17.5,645.0,0.15899560381829372,799.0618429008294,67.33815709917053,2026-07-17
17.75,660.0,0.15899560381829372,608.3438555921216,-17.943855592121622,2026-07-17
8.5,15.0,0.27205390801801227,2062.325801455919,-270.6858014559191,2026-07-17
8.75,30.0,0.27205390801801227,2291.139886862937,-351.3398868629372,2026-07-17
9.0,45.0,0.27205390801801227,2512.016229541856,60.183770458143954,2026-07-17
9.25,60.0,0.27205390801801227,2730.564913678324,-32.96491367832414,2026-07-17
9.5,75.0,0.27205390801801227,2946.8681680230093,-20.668168023009457,2026-07-17
9.75,90.0,0.27205390801801227,3150.934689661159,-20.734689661159337,2026-07-17
10.0,105.0,0.27205390801801227,3346.7483401302425,740.4516598697573,2026-07-17
10.25,120.0,0.27205390801801227,3531.843432019092,920.1565679809082,2026-07-17
10.5,135.0,0.27205390801801227,3698.318621127458,1465.4313788725422,2026-07-17
10.75,150.0,0.27205390801801227,3849.199545717644,1334.800454282356,2026-07-17
11.0,165.0,0.27205390801801227,3969.868614104555,1775.131385895445,2026-07-17
11.25,180.0,0.27205390801801227,4057.436650098606,739.5633499013938,2026-07-17
11.5,195.0,0.27205390801801227,4145.996423544543,-17.396423544542813,2026-07-17
11.75,210.0,0.27205390801801227,4231.051493363684,-13.911493363683803,2026-07-17
12.0,225.0,0.27205390801801227,4276.237654201673,413.3623457983276,2026-07-17
12.25,240.0,0.27205390801801227,4314.006009269816,-292.64600926981575,2026-07-17
12.5,255.0,0.27205390801801227,4328.210361787866,-296.9003617878657,2026-07-17
12.75,270.0,0.27205390801801227,4309.518803612863,876.2811963871372,2026-07-17
13.0,285.0,0.27205390801801227,4280.703037889572,-108.3030378895728,2026-07-17
13.25,300.0,0.27205390801801227,4256.850685167637,-1139.8506851676366,2026-07-17
13.5,315.0,0.27205390801801227,4223.509658134804,-73.30965813480452,2026-07-17
13.75,330.0,0.27205390801801227,4155.179676958723,-1017.7796769587226,2026-07-17
14.0,345.0,0.27205390801801227,4067.439176856343,-1127.6491768563428,2026-07-17
14.25,360.0,0.27205390801801227,3942.472354783065,-561.7423547830649,2026-07-17
14.5,375.0,0.27205390801801227,3790.202705454124,491.86729454587567,2026-07-17
14.75,390.0,0.27205390801801227,3612.8760484578297,522.9239515421705,2026-07-17
15.0,405.0,0.27205390801801227,3423.525787682654,-76.72578768265384,2026-07-17
15.25,420.0,0.27205390801801227,3232.547102941314,-906.0471029413138,2026-07-17
15.5,435.0,0.27205390801801227,3033.807857516555,-1174.667857516555,2026-07-17
15.75,450.0,0.27205390801801227,2799.5156049898724,-1095.5156049898724,2026-07-17
16.0,465.0,0.27205390801801227,2565.715159449944,-898.9151594499442,2026-07-17
16.25,480.0,0.27205390801801227,2321.101433181432,-777.3014331814322,2026-07-17
16.5,495.0,0.27205390801801227,2063.931283637959,-446.33128363795913,2026-07-17
16.75,510.0,0.27205390801801227,1776.563776038959,-399.5637760389591,2026-07-17
17.0,525.0,0.27205390801801227,1492.559189860672,-400.3491898606719,2026-07-17
17.25,540.0,0.27205390801801227,1215.035496277178,-220.23549627717807,2026-07-17
17.5,555.0,0.27205390801801227,950.8249906796684,-84.42499067966844,2026-07-17
17.75,570.0,0.27205390801801227,713.6803080589353,-123.28030805893536,2026-07-17
10.0,15.0,0.2872098641638522,3366.965905367552,720.234094632448,2026-07-17
10.25,30.0,0.2872098641638522,3565.594693322072,886.4053066779279,2026-07-17
10.5,45.0,0.2872098641638522,3750.157296495181,1413.592703504819,2026-07-17
10.75,60.0,0.2872098641638522,3914.3387215834937,1269.6612784165063,2026-07-17
11.0,75.0,0.2872098641638522,4042.9364021042647,1702.0635978957353,2026-07-17
11.25,90.0,0.2872098641638522,4139.098321601112,657.9016783988882,2026-07-17
11.5,105.0,0.2872098641638522,4223.017093202978,-94.41709320297741,2026-07-17
11.75,120.0,0.2872098641638522,4302.467932888282,-85.3279328882818,2026-07-17
12.0,135.0,0.2872098641638522,4351.631459381362,337.96854061863814,2026-07-17
12.25,150.0,0.2872098641638522,4389.553132951183,-368.1931329511831,2026-07-17
12.5,165.0,0.2872098641638522,4408.27268229242,-376.9626822924197,2026-07-17
12.75,180.0,0.2872098641638522,4390.549071233662,795.2509287663379,2026-07-17
13.0,195.0,0.2872098641638522,4359.956784711168,-187.5567847111688,2026-07-17
13.25,210.0,0.2872098641638522,4325.476521863255,-1208.4765218632547,2026-07-17
13.5,225.0,0.2872098641638522,4280.728860228728,-130.52886022872826,2026-07-17
13.75,240.0,0.2872098641638522,4216.783312089789,-1079.3833120897893,2026-07-17
14.0,255.0,0.2872098641638522,4137.017607170664,-1197.2276071706638,2026-07-17
14.25,270.0,0.2872098641638522,4028.550114165598,-647.8201141655982,2026-07-17
14.5,285.0,0.2872098641638522,3873.523411399217,408.5465886007828,2026-07-17
14.75,300.0,0.2872098641638522,3679.166149232492,456.6338507675082,2026-07-17
15.0,315.0,0.2872098641638522,3485.006783598228,-138.20678359822796,2026-07-17
15.25,330.0,0.2872098641638522,3286.952109353352,-960.4521093533522,2026-07-17
15.5,345.0,0.2872098641638522,3083.219215601311,-1224.079215601311,2026-07-17
15.75,360.0,0.2872098641638522,2845.5398823923124,-1141.5398823923124,2026-07-17
16.0,375.0,0.2872098641638522,2609.613213883243,-942.8132138832432,2026-07-17
16.25,390.0,0.2872098641638522,2357.147180233779,-813.3471802337792,2026-07-17
16.5,405.0,0.2872098641638522,2089.6634917426254,-472.0634917426255,2026-07-17
16.75,420.0,0.2872098641638522,1796.7181080334317,-419.7181080334317,2026-07-17
17.0,435.0,0.2872098641638522,1507.479416615101,-415.2694166151009,2026-07-17
17.25,450.0,0.2872098641638522,1225.20691215175,-230.40691215175002,2026-07-17
17.5,465.0,0.2872098641638522,956.8134121962572,-90.41341219625724,2026-07-17
17.75,480.0,0.2872098641638522,717.4513492865669,-127.05134928656696,2026-07-17
11.5,15.0,0.4237491399477425,5352.122967759201,-1223.5229677592006,2026-07-17
11.75,30.0,0.4237491399477425,5452.131352361144,-1234.991352361144,2026-07-17
12.0,45.0,0.4237491399477425,5520.462159091747,-830.8621590917464,2026-07-17
12.25,60.0,0.4237491399477425,5550.728418283644,-1529.3684182836437,2026-07-17
12.5,75.0,0.4237491399477425,5547.90730913038,-1516.59730913038,2026-07-17
12.75,90.0,0.4237491399477425,5509.181744566434,-323.38174456643355,2026-07-17
13.0,105.0,0.4237491399477425,5464.12470944532,-1291.7247094453205,2026-07-17
13.25,120.0,0.4237491399477425,5417.698011848559,-2300.698011848559,2026-07-17
13.5,135.0,0.4237491399477425,5357.166112817706,-1206.9661128177058,2026-07-17
13.75,150.0,0.4237491399477425,5274.912730383041,-2137.512730383041,2026-07-17
14.0,165.0,0.4237491399477425,5168.353661281679,-2228.563661281679,2026-07-17
14.25,180.0,0.4237491399477425,5007.485650498227,-1626.7556504982272,2026-07-17
14.5,195.0,0.4237491399477425,4799.528598763298,-517.4585987632981,2026-07-17
14.75,210.0,0.4237491399477425,4556.44695903172,-420.64695903172014,2026-07-17
15.0,225.0,0.4237491399477425,4311.506383695839,-964.7063836958387,2026-07-17
15.25,240.0,0.4237491399477425,4064.323073488518,-1737.8230734885178,2026-07-17
15.5,255.0,0.4237491399477425,3811.967896876969,-1952.827896876969,2026-07-17
15.75,270.0,0.4237491399477425,3517.91207345593,-1813.91207345593,2026-07-17
16.0,285.0,0.4237491399477425,3214.284151959408,-1547.484151959408,2026-07-17
16.25,300.0,0.4237491399477425,2893.9089964594887,-1350.1089964594887,2026-07-17
16.5,315.0,0.4237491399477425,2559.5497451730994,-941.9497451730995,2026-07-17
16.75,330.0,0.4237491399477425,2197.973415859257,-820.9734158592569,2026-07-17
17.0,345.0,0.4237491399477425,1838.407622881332,-746.1976228813319,2026-07-17
17.25,360.0,0.4237491399477425,1483.2098280599917,-488.4098280599917,2026-07-17
17.5,375.0,0.4237491399477425,1146.8068421276794,-280.4068421276794,2026-07-17
17.75,390.0,0.4237491399477425,846.4441176537138,-256.0441176537138,2026-07-17
13.0,15.0,0.34662384463664864,4923.268394956618,-750.8683949566184,2026-07-17
13.25,30.0,0.34662384463664864,4804.502194939772,-1687.5021949397724,2026-07-17
13.5,45.0,0.34662384463664864,4677.221280824925,-527.0212808249253,2026-07-17
13.75,60.0,0.34662384463664864,4603.4638414190695,-1466.0638414190694,2026-07-17
14.0,75.0,0.34662384463664864,4497.271665270045,-1557.4816652700447,2026-07-17
14.25,90.0,0.34662384463664864,4346.396960118636,-965.6669601186363,2026-07-17
14.5,105.0,0.34662384463664864,4160.845240445776,121.22475955422397,2026-07-17
14.75,120.0,0.34662384463664864,3972.172300383952,163.62769961604818,2026-07-17
15.0,135.0,0.34662384463664864,3770.531091373277,-423.73109137327674,2026-07-17
15.25,150.0,0.34662384463664864,3567.432483132808,-1240.932483132808,2026-07-17
15.5,165.0,0.34662384463664864,3366.6528263578707,-1507.5128263578706,2026-07-17
15.75,180.0,0.34662384463664864,3133.4179630086373,-1429.4179630086373,2026-07-17
16.0,195.0,0.34662384463664864,2889.9591966105377,-1223.1591966105377,2026-07-17
16.25,210.0,0.34662384463664864,2631.455940684804,-1087.655940684804,2026-07-17
16.5,225.0,0.34662384463664864,2357.3320938290917,-739.7320938290918,2026-07-17
16.75,240.0,0.34662384463664864,2040.407354277812,-663.4073542778119,2026-07-17
17.0,255.0,0.34662384463664864,1718.415092190606,-626.2050921906059,2026-07-17
17.25,270.0,0.34662384463664864,1401.8008267855355,-407.00082678553554,2026-07-17
17.5,285.0,0.34662384463664864,1096.6064772217785,-230.20647722177853,2026-07-17
17.75,300.0,0.34662384463664864,815.7985259542759,-225.3985259542759,2026-07-17
14.5,15.0,0.27974595118376466,3496.3713643730257,785.698635626974,2026-07-17
14.75,30.0,0.27974595118376466,3355.7637579226107,780.0362420773895,2026-07-17
15.0,45.0,0.27974595118376466,3205.6676957564077,141.13230424359244,2026-07-17
15.25,60.0,0.27974595118376466,3046.200648712361,-719.7006487123608,2026-07-17
15.5,75.0,0.27974595118376466,2884.386808186004,-1025.246808186004,2026-07-17
15.75,90.0,0.27974595118376466,2686.7490879173783,-982.7490879173783,2026-07-17
16.0,105.0,0.27974595118376466,2483.76508174685,-816.9650817468498,2026-07-17
16.25,120.0,0.27974595118376466,2273.355693612115,-729.555693612115,2026-07-17
16.5,135.0,0.27974595118376466,2043.2022243350384,-425.6022243350385,2026-07-17
16.75,150.0,0.27974595118376466,1769.7191739377472,-392.7191739377472,2026-07-17
17.0,165.0,0.27974595118376466,1493.6889188789785,-401.47891887897845,2026-07-17
17.25,180.0,0.27974595118376466,1223.1962315859398,-228.39623158593986,2026-07-17
17.5,195.0,0.27974595118376466,964.361478034055,-97.96147803405506,2026-07-17
17.75,210.0,0.27974595118376466,728.3837727332066,-137.9837727332066,2026-07-17
16.0,15.0,0.2456895964535181,2261.796662466897,-594.9966624668971,2026-07-17
16.25,30.0,0.2456895964535181,2077.536639320121,-533.7366393201212,2026-07-17
16.5,45.0,0.2456895964535181,1878.3571820888656,-260.75718208886565,2026-07-17
16.75,60.0,0.2456895964535181,1635.73522122832,-258.7352212283199,2026-07-17
17.0,75.0,0.2456895964535181,1388.8230645459212,-296.61306454592113,2026-07-17
17.25,90.0,0.2456895964535181,1144.4027975716276,-149.60279757162766,2026-07-17
17.5,105.0,0.2456895964535181,908.337169244114,-41.93716924411399,2026-07-17
17.75,120.0,0.2456895964535181,690.1103304775575,-99.71033047755748,2026-07-17
17.5,15.0,0.28304993332056694,965.3458678710876,-98.94586787108767,2026-07-17
17.75,30.0,0.28304993332056694,730.0564526182171,-139.65645261821714,2026-07-17
7.0,15.0,0.33029774362568776,546.4930523615859,64.8669476384141,2026-07-18
7.25,30.0,0.33029774362568776,762.733918012835,280.66608198716506,2026-07-18
7.5,45.0,0.33029774362568776,990.9736597930728,532.4263402069273,2026-07-18
7.75,60.0,0.33029774362568776,1265.286449472762,232.91355052723816,2026-07-18
8.0,75.0,0.33029774362568776,1553.605221967213,357.60477803278695,2026-07-18
8.25,90.0,0.33029774362568776,1844.331614823664,274.128385176336,2026-07-18
8.5,105.0,0.33029774362568776,2127.077710810863,837.5222891891367,2026-07-18
8.75,120.0,0.33029774362568776,2451.7925287201915,881.8074712798084,2026-07-18
9.0,135.0,0.33029774362568776,2758.22352042119,1829.5264795788098,2026-07-18
9.25,150.0,0.33029774362568776,3047.4473948925106,3204.9826051074897,2026-07-18
9.5,165.0,0.33029774362568776,3339.194846334947,3272.3451536650527,2026-07-18
9.75,180.0,0.33029774362568776,3627.618801172852,2491.091198827148,2026-07-18
10.0,195.0,0.33029774362568776,3911.7758673802314,2292.4341326197687,2026-07-18
10.25,210.0,0.33029774362568776,4191.703183618729,2162.296816381271,2026-07-18
10.5,225.0,0.33029774362568776,4475.493868472707,2505.5061315272933,2026-07-18
10.75,240.0,0.33029774362568776,4686.276022344731,3392.7239776552688,2026-07-18
11.0,255.0,0.33029774362568776,4868.480740418262,3091.1192595817383,2026-07-18
11.25,270.0,0.33029774362568776,4999.627087307261,3956.192912692739,2026-07-18
11.5,285.0,0.33029774362568776,5076.745945608377,2389.054054391623,2026-07-18
11.75,300.0,0.33029774362568776,5083.107045666708,2447.492954333293,2026-07-18
12.0,315.0,0.33029774362568776,5095.926737023695,1123.6732629763055,2026-07-18
12.25,330.0,0.33029774362568776,5092.015490922477,1105.384509077523,2026-07-18
12.5,345.0,0.33029774362568776,5069.572100333169,1380.4278996668309,2026-07-18
12.75,360.0,0.33029774362568776,4984.492035490263,2065.5079645097367,2026-07-18
13.0,375.0,0.33029774362568776,4896.036320176375,2030.9636798236252,2026-07-18
13.25,390.0,0.33029774362568776,4799.752228716917,1878.2477712830832,2026-07-18
13.5,405.0,0.33029774362568776,4695.594649285479,-317.3946492854793,2026-07-18
13.75,420.0,0.33029774362568776,4563.389209614678,-1252.589209614678,2026-07-18
14.0,435.0,0.33029774362568776,4432.850114686249,1660.7498853137513,2026-07-18
14.25,450.0,0.33029774362568776,4270.863073019196,838.566926980804,2026-07-18
14.5,465.0,0.33029774362568776,4068.86424860278,443.1357513972198,2026-07-18
14.75,480.0,0.33029774362568776,3831.588504515906,84.01149548409376,2026-07-18
15.0,495.0,0.33029774362568776,3578.679264001302,342.750735998698,2026-07-18
15.25,510.0,0.33029774362568776,3310.0105506064315,-168.3705506064316,2026-07-18
15.5,525.0,0.33029774362568776,3046.584250752425,-660.944250752425,2026-07-18
15.75,540.0,0.33029774362568776,2799.951242550851,-839.751242550851,2026-07-18
16.0,555.0,0.33029774362568776,2549.039444769276,-506.639444769276,2026-07-18
16.25,570.0,0.33029774362568776,2293.364928722352,342.43507127764815,2026-07-18
16.5,585.0,0.33029774362568776,2032.786353910672,415.8136460893279,2026-07-18
16.75,600.0,0.33029774362568776,1775.7481942014915,-242.1481942014916,2026-07-18
17.0,615.0,0.33029774362568776,1507.929321650732,-343.92932165073194,2026-07-18
17.25,630.0,0.33029774362568776,1237.659929254684,-472.6599292546839,2026-07-18
17.5,645.0,0.33029774362568776,975.7045471339748,-357.10454713397473,2026-07-18
17.75,660.0,0.33029774362568776,731.2584312864391,-416.89843128643906,2026-07-18
18.0,675.0,0.33029774362568776,460.5311177628775,-249.9311177628775,2026-07-18
18.25,690.0,0.33029774362568776,210.03297193896603,-72.03297193896603,2026-07-18
18.5,705.0,0.33029774362568776,51.95132598319951,12.248674016800493,2026-07-18
18.75,720.0,0.33029774362568776,1.2461479787551215,10.753852021244878,2026-07-18
19.0,735.0,0.33029774362568776,0.0,0.0,2026-07-18
8.5,15.0,0.3446608621273378,2142.4121327820503,822.1878672179496,2026-07-18
8.75,30.0,0.3446608621273378,2473.7114624078204,859.8885375921795,2026-07-18
9.0,45.0,0.3446608621273378,2794.440206041201,1793.3097939587992,2026-07-18
9.25,60.0,0.3446608621273378,3101.949297494843,3150.4807025051573,2026-07-18
9.5,75.0,0.3446608621273378,3405.18303851802,3206.35696148198,2026-07-18
9.75,90.0,0.3446608621273378,3692.134158720696,2426.575841279304,2026-07-18
10.0,105.0,0.3446608621273378,3970.700855051193,2233.5091449488073,2026-07-18
10.25,120.0,0.3446608621273378,4252.640685775329,2101.359314224671,2026-07-18
10.5,135.0,0.3446608621273378,4520.479811413344,2460.5201885866563,2026-07-18
10.75,150.0,0.3446608621273378,4705.85060243612,3373.1493975638796,2026-07-18
11.0,165.0,0.3446608621273378,4880.62938618108,3078.9706138189204,2026-07-18
11.25,180.0,0.3446608621273378,5018.676606998508,3937.143393001492,2026-07-18
11.5,195.0,0.3446608621273378,5117.833202752028,2347.966797247972,2026-07-18
11.75,210.0,0.3446608621273378,5137.264135346892,2393.3358646531087,2026-07-18
12.0,225.0,0.3446608621273378,5155.723270498213,1063.876729501787,2026-07-18
12.25,240.0,0.3446608621273378,5159.123121524719,1038.2768784752807,2026-07-18
12.5,255.0,0.3446608621273378,5143.222005483163,1306.7779945168368,2026-07-18
12.75,270.0,0.3446608621273378,5080.415398969885,1969.5846010301148,2026-07-18
13.0,285.0,0.3446608621273378,4993.880850459553,1933.1191495404473,2026-07-18
13.25,300.0,0.3446608621273378,4895.1077190749465,1782.8922809250535,2026-07-18
13.5,315.0,0.3446608621273378,4788.10321491067,-409.9032149106706,2026-07-18
13.75,330.0,0.3446608621273378,4648.306266851198,-1337.5062668511982,2026-07-18
14.0,345.0,0.3446608621273378,4497.746030944252,1595.8539690557482,2026-07-18
14.25,360.0,0.3446608621273378,4316.268922600664,793.1610773993361,2026-07-18
14.5,375.0,0.3446608621273378,4121.232586632513,390.7674133674873,2026-07-18
14.75,390.0,0.3446608621273378,3894.509596983924,21.090403016075925,2026-07-18
15.0,405.0,0.3446608621273378,3651.798550473765,269.631449526235,2026-07-18
15.25,420.0,0.3446608621273378,3391.46374057304,-249.82374057304014,2026-07-18
15.5,435.0,0.3446608621273378,3127.0709621742426,-741.4309621742427,2026-07-18
15.75,450.0,0.3446608621273378,2863.780814994099,-903.5808149940988,2026-07-18
16.0,465.0,0.3446608621273378,2596.6834184891923,-554.2834184891922,2026-07-18
16.25,480.0,0.3446608621273378,2329.718162035525,306.0818379644752,2026-07-18
16.5,495.0,0.3446608621273378,2055.6760909688187,392.9239090311812,2026-07-18
16.75,510.0,0.3446608621273378,1788.001309483163,-254.401309483163,2026-07-18
17.0,525.0,0.3446608621273378,1519.1521826110848,-355.15218261108475,2026-07-18
17.25,540.0,0.3446608621273378,1248.987774802386,-483.98777480238596,2026-07-18
17.5,555.0,0.3446608621273378,986.1275815958128,-367.52758159581276,2026-07-18
17.75,570.0,0.3446608621273378,739.7951256140346,-425.43512561403463,2026-07-18
18.0,585.0,0.3446608621273378,466.81555528131065,-256.2155552813107,2026-07-18
18.25,600.0,0.3446608621273378,213.2136200669634,-75.21362006696339,2026-07-18
18.5,615.0,0.3446608621273378,52.78413301668074,11.415866983319262,2026-07-18
18.75,630.0,0.3446608621273378,1.2675796888223128,10.732420311177687,2026-07-18
19.0,645.0,0.3446608621273378,0.0,0.0,2026-07-18
10.0,15.0,0.6446925874605327,6222.345070230518,-18.135070230518068,2026-07-18
10.25,30.0,0.6446925874605327,6618.636848284477,-264.6368482844773,2026-07-18
10.5,45.0,0.6446925874605327,6996.6016334442575,-15.601633444257459,2026-07-18
10.75,60.0,0.6446925874605327,7282.8066350141535,796.1933649858465,2026-07-18
11.0,75.0,0.6446925874605327,7561.871590005879,397.72840999412165,2026-07-18
11.25,90.0,0.6446925874605327,7756.052621721896,1199.767378278104,2026-07-18
11.5,105.0,0.6446925874605327,7858.26298955718,-392.46298955717975,2026-07-18
11.75,120.0,0.6446925874605327,7884.645299015677,-354.0452990156764,2026-07-18
12.0,135.0,0.6446925874605327,7917.886907968786,-1698.2869079687853,2026-07-18
12.25,150.0,0.6446925874605327,7914.036235087441,-1716.6362350874415,2026-07-18
12.5,165.0,0.6446925874605327,7874.451925246918,-1424.451925246918,2026-07-18
12.75,180.0,0.6446925874605327,7774.934603747277,-724.9346037472769,2026-07-18
13.0,195.0,0.6446925874605327,7655.015292327347,-728.0152923273472,2026-07-18
13.25,210.0,0.6446925874605327,7490.897883418852,-812.897883418852,2026-07-18
13.5,225.0,0.6446925874605327,7321.688184691606,-2943.488184691606,2026-07-18
13.75,240.0,0.6446925874605327,7140.32774664474,-3829.5277466447396,2026-07-18
14.0,255.0,0.6446925874605327,6952.713404226503,-859.113404226503,2026-07-18
14.25,270.0,0.6446925874605327,6714.868313714784,-1605.4383137147834,2026-07-18
14.5,285.0,0.6446925874605327,6415.486346561371,-1903.4863465613707,2026-07-18
14.75,300.0,0.6446925874605327,6067.699175313129,-2152.099175313129,2026-07-18
15.0,315.0,0.6446925874605327,5705.021029376868,-1783.591029376868,2026-07-18
15.25,330.0,0.6446925874605327,5313.856519738308,-2172.216519738308,2026-07-18
15.5,345.0,0.6446925874605327,4902.9386579812535,-2517.2986579812537,2026-07-18
15.75,360.0,0.6446925874605327,4474.023789004219,-2513.823789004219,2026-07-18
16.0,375.0,0.6446925874605327,4055.7538314835383,-2013.3538314835382,2026-07-18
16.25,390.0,0.6446925874605327,3631.060357379153,-995.260357379153,2026-07-18
16.5,405.0,0.6446925874605327,3191.578431802376,-742.9784318023762,2026-07-18
16.75,420.0,0.6446925874605327,2751.7479152432416,-1218.1479152432416,2026-07-18
17.0,435.0,0.6446925874605327,2317.05748435468,-1153.0574843546801,2026-07-18
17.25,450.0,0.6446925874605327,1877.486381701511,-1112.486381701511,2026-07-18
17.5,465.0,0.6446925874605327,1450.4222291397243,-831.8222291397243,2026-07-18
17.75,480.0,0.6446925874605327,1054.5125918594072,-740.1525918594072,2026-07-18
18.0,495.0,0.6446925874605327,652.9549698575579,-442.3549698575579,2026-07-18
18.25,510.0,0.6446925874605327,297.9056266288086,-159.9056266288086,2026-07-18
18.5,525.0,0.6446925874605327,75.6177730308351,-11.417773030835093,2026-07-18
18.75,540.0,0.6446925874605327,1.8130864133868176,10.186913586613182,2026-07-18
19.0,555.0,0.6446925874605327,0.0,0.0,2026-07-18
11.5,15.0,0.6558106571798915,8099.183929232372,-633.3839292323719,2026-07-18
11.75,30.0,0.6558106571798915,8129.748934321677,-599.1489343216763,2026-07-18
12.0,45.0,0.6558106571798915,8149.784862445408,-1930.1848624454078,2026-07-18
12.25,60.0,0.6558106571798915,8144.545619967816,-1947.145619967816,2026-07-18
12.5,75.0,0.6558106571798915,8101.549365147309,-1651.549365147309,2026-07-18
12.75,90.0,0.6558106571798915,7984.80055269726,-934.8005526972602,2026-07-18
13.0,105.0,0.6558106571798915,7839.687557673175,-912.6875576731754,2026-07-18
13.25,120.0,0.6558106571798915,7678.147758091191,-1000.1477580911906,2026-07-18
13.5,135.0,0.6558106571798915,7492.761716114157,-3114.561716114157,2026-07-18
13.75,150.0,0.6558106571798915,7269.615549349059,-3958.8155493490585,2026-07-18
14.0,165.0,0.6558106571798915,7042.227369239688,-948.627369239688,2026-07-18
14.25,180.0,0.6558106571798915,6779.68944415007,-1670.2594441500696,2026-07-18
14.5,195.0,0.6558106571798915,6471.009271482066,-1959.0092714820657,2026-07-18
14.75,210.0,0.6558106571798915,6115.201474990338,-2199.6014749903384,2026-07-18
15.0,225.0,0.6558106571798915,5741.144241164469,-1819.7142411644695,2026-07-18
15.25,240.0,0.6558106571798915,5349.68040952463,-2208.04040952463,2026-07-18
15.5,255.0,0.6558106571798915,4935.566297844088,-2549.926297844088,2026-07-18
15.75,270.0,0.6558106571798915,4515.238485206141,-2555.0384852061416,2026-07-18
16.0,285.0,0.6558106571798915,4082.41622520129,-2040.0162252012901,2026-07-18
16.25,300.0,0.6558106571798915,3644.012296248092,-1008.2122962480917,2026-07-18
16.5,315.0,0.6558106571798915,3201.583429887025,-752.9834298870251,2026-07-18
16.75,330.0,0.6558106571798915,2765.848935060703,-1232.248935060703,2026-07-18
17.0,345.0,0.6558106571798915,2326.287870693322,-1162.287870693322,2026-07-18
17.25,360.0,0.6558106571798915,1882.8111992532845,-1117.8111992532845,2026-07-18
17.5,375.0,0.6558106571798915,1455.391926216299,-836.791926216299,2026-07-18
17.75,390.0,0.6558106571798915,1058.8850573537593,-744.5250573537593,2026-07-18
18.0,405.0,0.6558106571798915,655.5162146954572,-444.91621469545714,2026-07-18
18.25,420.0,0.6558106571798915,299.51893676825165,-161.51893676825165,2026-07-18
18.5,435.0,0.6558106571798915,76.21919436298812,-12.019194362988117,2026-07-18
18.75,450.0,0.6558106571798915,1.8269355105449232,10.173064489455077,2026-07-18
19.0,465.0,0.6558106571798915,0.0,0.0,2026-07-18
13.0,15.0,0.4792340324222587,6308.1040635802,618.8959364197999,2026-07-18
13.25,30.0,0.4792340324222587,6186.619790892924,491.38020910707564,2026-07-18
13.5,45.0,0.4792340324222587,6037.2930273700285,-1659.0930273700287,2026-07-18
13.75,60.0,0.4792340324222587,5855.920781928843,-2545.120781928843,2026-07-18
14.0,75.0,0.4792340324222587,5674.478756173606,419.1212438263947,2026-07-18
14.25,90.0,0.4792340324222587,5461.058894633074,-351.6288946330733,2026-07-18
14.5,105.0,0.4792340324222587,5210.77195151975,-698.7719515197496,2026-07-18
14.75,120.0,0.4792340324222587,4936.574680836418,-1020.9746808364184,2026-07-18
15.0,135.0,0.4792340324222587,4646.238489607668,-724.8084896076684,2026-07-18
15.25,150.0,0.4792340324222587,4327.793418674751,-1186.1534186747508,2026-07-18
15.5,165.0,0.4792340324222587,3982.788873908036,-1597.148873908036,2026-07-18
15.75,180.0,0.4792340324222587,3632.570049630017,-1672.3700496300169,2026-07-18
16.0,195.0,0.4792340324222587,3286.9169291360618,-1244.5169291360617,2026-07-18
16.25,210.0,0.4792340324222587,2938.98747557114,-303.18747557113966,2026-07-18
16.5,225.0,0.4792340324222587,2582.254860847373,-133.65486084737313,2026-07-18
16.75,240.0,0.4792340324222587,2223.1932364174604,-689.5932364174605,2026-07-18
17.0,255.0,0.4792340324222587,1863.15417038653,-699.15417038653,2026-07-18
17.25,270.0,0.4792340324222587,1501.6473358358503,-736.6473358358503,2026-07-18
17.5,285.0,0.4792340324222587,1148.8107594335129,-530.2107594335129,2026-07-18
17.75,300.0,0.4792340324222587,831.3043776230077,-516.9443776230077,2026-07-18
18.0,315.0,0.4792340324222587,553.767677390646,-343.16767739064596,2026-07-18
18.25,330.0,0.4792340324222587,253.70318789444428,-115.70318789444428,2026-07-18
18.5,345.0,0.4792340324222587,63.821374215908925,0.37862578409107783,2026-07-18
18.75,360.0,0.4792340324222587,1.531346399494027,10.468653600505974,2026-07-18
19.0,375.0,0.4792340324222587,0.0,0.0,2026-07-18
14.5,15.0,0.37722955328701446,4420.362649232716,91.63735076728426,2026-07-18
14.75,30.0,0.37722955328701446,4198.12245604019,-282.5224560401898,2026-07-18
15.0,45.0,0.37722955328701446,3963.2578095933386,-41.82780959333877,2026-07-18
15.25,60.0,0.37722955328701446,3685.9797693380033,-544.3397693380034,2026-07-18
15.5,75.0,0.37722955328701446,3388.373084228089,-1002.733084228089,2026-07-18
15.75,90.0,0.37722955328701446,3092.5702520168456,-1132.3702520168456,2026-07-18
16.0,105.0,0.37722955328701446,2798.125159987469,-755.7251599874689,2026-07-18
16.25,120.0,0.37722955328701446,2503.544127638985,132.255872361015,2026-07-18
16.5,135.0,0.37722955328701446,2204.1639377178444,244.4360622821555,2026-07-18
16.75,150.0,0.37722955328701446,1904.419615434613,-370.81961543461307,2026-07-18
17.0,165.0,0.37722955328701446,1599.7112382453188,-435.7112382453188,2026-07-18
17.25,180.0,0.37722955328701446,1293.1955577869394,-528.1955577869394,2026-07-18
17.5,195.0,0.37722955328701446,993.1095057419574,-374.50950574195735,2026-07-18
17.75,210.0,0.37722955328701446,724.8754957276976,-410.5154957276976,2026-07-18
18.0,225.0,0.37722955328701446,490.83000052850525,-280.23000052850523,2026-07-18
18.25,240.0,0.37722955328701446,224.7639093395436,-86.7639093395436,2026-07-18
18.5,255.0,0.37722955328701446,55.9878114257158,8.212188574284205,2026-07-18
18.75,270.0,0.37722955328701446,1.346462166172408,10.653537833827592,2026-07-18
19.0,285.0,0.37722955328701446,0.0,0.0,2026-07-18
16.0,15.0,0.30335587188528723,2281.694160218968,-239.29416021896805,2026-07-18
16.25,30.0,0.30335587188528723,2049.974876566453,585.8251234335471,2026-07-18
16.5,45.0,0.30335587188528723,1812.7309898500143,635.8690101499856,2026-07-18
16.75,60.0,0.30335587188528723,1571.184726369474,-37.58472636947408,2026-07-18
17.0,75.0,0.30335587188528723,1324.3234725456016,-160.3234725456016,2026-07-18
17.25,90.0,0.30335587188528723,1074.944014336893,-309.9440143368929,2026-07-18
17.5,105.0,0.30335587188528723,833.4542215231044,-214.85422152310434,2026-07-18
17.75,120.0,0.30335587188528723,618.9805796951617,-304.6205796951617,2026-07-18
18.0,135.0,0.30335587188528723,428.9708235605332,-218.37082356053318,2026-07-18
18.25,150.0,0.30335587188528723,196.9362972894725,-58.93629728947249,2026-07-18
18.5,165.0,0.30335587188528723,48.43334845477181,15.766651545228193,2026-07-18
18.75,180.0,0.30335587188528723,1.1644199558481547,10.835580044151845,2026-07-18
19.0,195.0,0.30335587188528723,0.0,0.0,2026-07-18
17.5,15.0,0.30010750845341283,809.3847047120042,-190.7847047120042,2026-07-18
17.75,30.0,0.30010750845341283,603.16279792949,-288.80279792949,2026-07-18
18.0,45.0,0.30010750845341283,419.9734968327313,-209.37349683273132,2026-07-18
18.25,60.0,0.30010750845341283,193.206261871032,-55.20626187103201,2026-07-18
18.5,75.0,0.30010750845341283,47.56034622075257,16.639653779247432,2026-07-18
18.75,90.0,0.30010750845341283,1.1437862691102632,10.856213730889737,2026-07-18
19.0,105.0,0.30010750845341283,0.0,0.0,2026-07-18
7.0,15.0,1.104560436011746,1758.5894563774084,759.4805436225918,2026-07-19
7.25,30.0,1.104560436011746,2424.6308437215275,694.1691562784727,2026-07-19
7.5,45.0,1.104560436011746,3113.967748007607,921.8922519923931,2026-07-19
7.75,60.0,1.104560436011746,3837.86585908942,943.5341409105795,2026-07-19
8.0,75.0,1.104560436011746,4571.482224564816,520.1177754351847,2026-07-19
8.25,90.0,1.104560436011746,5295.5433216104775,-1959.3133216104775,2026-07-19
8.5,105.0,1.104560436011746,5981.491691651725,-2482.291691651725,2026-07-19
8.75,120.0,1.104560436011746,6655.6364194908,-1374.7164194908,2026-07-19
9.0,135.0,1.104560436011746,7309.892123238458,-1697.1021232384583,2026-07-19
9.25,150.0,1.104560436011746,7948.534514234127,-2846.8245142341266,2026-07-19
9.5,165.0,1.104560436011746,8571.946954387487,-3797.7469543874877,2026-07-19
9.75,180.0,1.104560436011746,9161.098091210672,-3810.2980912106714,2026-07-19
10.0,195.0,1.104560436011746,9707.043002510574,-1732.443002510574,2026-07-19
10.25,210.0,1.104560436011746,10207.391377388029,-3221.5913773880284,2026-07-19
10.5,225.0,1.104560436011746,10653.076744969208,-3220.2767449692083,2026-07-19
10.75,240.0,1.104560436011746,11020.42898164973,-4945.428981649729,2026-07-19
11.0,255.0,1.104560436011746,11330.099955811827,-3641.0999558118274,2026-07-19
11.25,270.0,1.104560436011746,11562.41935093449,-5067.62935093449,2026-07-19
11.5,285.0,1.104560436011746,11717.787502181502,-7040.187502181501,2026-07-19
11.75,300.0,1.104560436011746,11820.97199948647,-6875.77199948647,2026-07-19
12.0,315.0,1.104560436011746,11903.479009794804,-6912.079009794805,2026-07-19
12.25,330.0,1.104560436011746,11975.702216315196,-6536.102216315196,2026-07-19
12.5,345.0,1.104560436011746,11971.830527469356,-3667.2305274693554,2026-07-19
12.75,360.0,1.104560436011746,11877.984304952284,-3127.5843049522846,2026-07-19
13.0,375.0,1.104560436011746,11718.051014168555,-2032.7610141685545,2026-07-19
13.25,390.0,1.104560436011746,11510.333103908144,1199.5968960918563,2026-07-19
13.5,405.0,1.104560436011746,11237.18189587594,812.0181041240612,2026-07-19
13.75,420.0,1.104560436011746,10944.071172956792,551.928827043208,2026-07-19
14.0,435.0,1.104560436011746,10625.394918266838,-2113.3249182668387,2026-07-19
14.25,450.0,1.104560436011746,10223.147998646917,-2093.747998646917,2026-07-19
14.5,465.0,1.104560436011746,9763.60153839496,-97.60153839495979,2026-07-19
14.75,480.0,1.104560436011746,9265.678438587944,-2931.478438587944,2026-07-19
15.0,495.0,1.104560436011746,8734.449289406431,-4034.049289406432,2026-07-19
15.25,510.0,1.104560436011746,8162.896895099592,-5087.896895099592,2026-07-19
15.5,525.0,1.104560436011746,7567.520430494787,-5138.720430494787,2026-07-19
15.75,540.0,1.104560436011746,6950.541298878838,-6580.941298878837,2026-07-19
16.0,555.0,1.104560436011746,6315.747838684442,-6028.347838684443,2026-07-19
16.25,570.0,1.104560436011746,5643.076418964232,-4637.476418964232,2026-07-19
16.5,585.0,1.104560436011746,4957.743918657711,-3922.1439186577113,2026-07-19
16.75,600.0,1.104560436011746,4248.889782467646,-3099.289782467646,2026-07-19
17.0,615.0,1.104560436011746,3541.95606242546,-2387.55606242546,2026-07-19
17.25,630.0,1.104560436011746,2840.314950128486,-1534.114950128486,2026-07-19
17.5,645.0,1.104560436011746,2138.640478573933,-1072.4404785739328,2026-07-19
17.75,660.0,1.104560436011746,1453.199108515534,-506.6991085155339,2026-07-19
18.0,675.0,1.104560436011746,859.3861745513785,-34.59617455137857,2026-07-19
18.25,690.0,1.104560436011746,392.8693795620444,332.5306204379556,2026-07-19
18.5,705.0,1.104560436011746,100.5742996609888,501.7857003390112,2026-07-19
18.75,720.0,1.104560436011746,2.24646455072555,187.95353544927443,2026-07-19
19.0,735.0,1.104560436011746,0.0,22.5,2026-07-19
8.5,15.0,0.6888385687366039,4061.165426443575,-561.9654264435753,2026-07-19
8.75,30.0,0.6888385687366039,4543.398253498391,737.5217465016094,2026-07-19
9.0,45.0,0.6888385687366039,5008.2170865540775,604.5729134459225,2026-07-19
9.25,60.0,0.6888385687366039,5447.656376445406,-345.9463764454058,2026-07-19
9.5,75.0,0.6888385687366039,5888.562390337391,-1114.362390337391,2026-07-19
9.75,90.0,0.6888385687366039,6311.262716866201,-960.4627168662009,2026-07-19
10.0,105.0,0.6888385687366039,6723.182572176317,1251.4174278236833,2026-07-19
10.25,120.0,0.6888385687366039,7091.117504645248,-105.31750464524794,2026-07-19
10.5,135.0,0.6888385687366039,7440.923160090858,-8.12316009085771,2026-07-19
10.75,150.0,0.6888385687366039,7703.384942134294,-1628.3849421342939,2026-07-19
11.0,165.0,0.6888385687366039,7917.767669936327,-228.76766993632737,2026-07-19
11.25,180.0,0.6888385687366039,8061.479164750121,-1566.6891647501207,2026-07-19
11.5,195.0,0.6888385687366039,8164.3087660123665,-3486.708766012366,2026-07-19
11.75,210.0,0.6888385687366039,8224.838371187128,-3279.6383711871285,2026-07-19
12.0,225.0,0.6888385687366039,8283.973976337464,-3292.573976337464,2026-07-19
12.25,240.0,0.6888385687366039,8324.664152239862,-2885.064152239862,2026-07-19
12.5,255.0,0.6888385687366039,8320.826976708908,-16.226976708907387,2026-07-19
12.75,270.0,0.6888385687366039,8236.70673776999,513.6932622300101,2026-07-19
13.0,285.0,0.6888385687366039,8118.865216533583,1566.4247834664175,2026-07-19
13.25,300.0,0.6888385687366039,7959.485699708265,4750.444300291735,2026-07-19
13.5,315.0,0.6888385687366039,7794.419232725285,4254.780767274716,2026-07-19
13.75,330.0,0.6888385687366039,7607.387818738089,3888.6121812619112,2026-07-19
14.0,345.0,0.6888385687366039,7385.307803008246,1126.7621969917536,2026-07-19
14.25,360.0,0.6888385687366039,7108.506321838491,1020.8936781615084,2026-07-19
14.5,375.0,0.6888385687366039,6797.584280482552,2868.4157195174485,2026-07-19
14.75,390.0,0.6888385687366039,6456.705397772498,-122.50539777249833,2026-07-19
15.0,405.0,0.6888385687366039,6092.293062057008,-1391.8930620570081,2026-07-19
15.25,420.0,0.6888385687366039,5703.77452982943,-2628.7745298294303,2026-07-19
15.5,435.0,0.6888385687366039,5323.377701280013,-2894.5777012800127,2026-07-19
15.75,450.0,0.6888385687366039,4904.847372154686,-4535.247372154686,2026-07-19
16.0,465.0,0.6888385687366039,4477.081381621513,-4189.6813816215135,2026-07-19
16.25,480.0,0.6888385687366039,4014.334005542172,-3008.734005542172,2026-07-19
16.5,495.0,0.6888385687366039,3548.045250262325,-2512.4452502623253,2026-07-19
16.75,510.0,0.6888385687366039,3051.362787585488,-1901.7627875854882,2026-07-19
17.0,525.0,0.6888385687366039,2553.555903951874,-1399.1559039518738,2026-07-19
17.25,540.0,0.6888385687366039,2057.446497515079,-751.246497515079,2026-07-19
17.5,555.0,0.6888385687366039,1557.7306060298158,-491.5306060298158,2026-07-19
17.75,570.0,0.6888385687366039,1059.7318819530603,-113.23188195306034,2026-07-19
18.0,585.0,0.6888385687366039,627.7826301804961,197.00736981950388,2026-07-19
18.25,600.0,0.6888385687366039,286.6208205576602,438.7791794423398,2026-07-19
18.5,615.0,0.6888385687366039,72.16641898519129,530.1935810148087,2026-07-19
18.75,630.0,0.6888385687366039,1.611690528714251,188.58830947128573,2026-07-19
19.0,645.0,0.6888385687366039,0.0,22.5,2026-07-19
10.0,15.0,0.6071692674397943,6287.330501037408,1687.2694989625925,2026-07-19
10.25,30.0,0.6071692674397943,6638.540388760544,347.2596112394558,2026-07-19
10.5,45.0,0.6071692674397943,6966.048822526971,466.7511774730292,2026-07-19
10.75,60.0,0.6071692674397943,7210.39118783782,-1135.3911878378203,2026-07-19
11.0,75.0,0.6071692674397943,7399.19868216523,289.8013178347701,2026-07-19
11.25,90.0,0.6071692674397943,7532.441648165764,-1037.6516481657636,2026-07-19
11.5,105.0,0.6071692674397943,7615.072701382007,-2937.4727013820066,2026-07-19
11.75,120.0,0.6071692674397943,7653.129915224828,-2707.9299152248286,2026-07-19
12.0,135.0,0.6071692674397943,7703.349956179328,-2711.949956179328,2026-07-19
12.25,150.0,0.6071692674397943,7735.911511166769,-2296.3115111667685,2026-07-19
12.5,165.0,0.6071692674397943,7725.269160760578,579.330839239422,2026-07-19
12.75,180.0,0.6071692674397943,7642.963150406318,1107.4368495936815,2026-07-19
13.0,195.0,0.6071692674397943,7522.601900460374,2162.688099539627,2026-07-19
13.25,210.0,0.6071692674397943,7384.819482764279,5325.110517235721,2026-07-19
13.5,225.0,0.6071692674397943,7228.659499508086,4820.540500491915,2026-07-19
13.75,240.0,0.6071692674397943,7053.932249828566,4442.067750171434,2026-07-19
14.0,255.0,0.6071692674397943,6844.218299949108,1667.8517000508918,2026-07-19
14.25,270.0,0.6071692674397943,6597.241882354361,1532.1581176456384,2026-07-19
14.5,285.0,0.6071692674397943,6321.619300483156,3344.3806995168443,2026-07-19
14.75,300.0,0.6071692674397943,6005.508694755901,328.69130524409866,2026-07-19
15.0,315.0,0.6071692674397943,5662.119484938718,-961.7194849387188,2026-07-19
15.25,330.0,0.6071692674397943,5298.536805480008,-2223.5368054800083,2026-07-19
15.5,345.0,0.6071692674397943,4938.474205742595,-2509.6742057425945,2026-07-19
15.75,360.0,0.6071692674397943,4547.391191338148,-4177.791191338148,2026-07-19
16.0,375.0,0.6071692674397943,4146.187716998695,-3858.7877169986946,2026-07-19
16.25,390.0,0.6071692674397943,3726.7717395906047,-2721.171739590605,2026-07-19
16.5,405.0,0.6071692674397943,3292.547775539974,-2256.947775539974,2026-07-19
16.75,420.0,0.6071692674397943,2831.0328049399222,-1681.4328049399223,2026-07-19
17.0,435.0,0.6071692674397943,2370.121735611762,-1215.7217356117617,2026-07-19
17.25,450.0,0.6071692674397943,1913.2544614515853,-607.0544614515852,2026-07-19
17.5,465.0,0.6071692674397943,1451.311475356497,-385.11147535649707,2026-07-19
17.75,480.0,0.6071692674397943,988.0731657396656,-41.57316573966557,2026-07-19
18.0,495.0,0.6071692674397943,585.8935290294337,238.89647097056627,2026-07-19
18.25,510.0,0.6071692674397943,267.60331455441315,457.79668544558683,2026-07-19
18.5,525.0,0.6071692674397943,67.09499451834081,535.2650054816592,2026-07-19
18.75,540.0,0.6071692674397943,1.4981295743721064,188.70187042562787,2026-07-19
19.0,555.0,0.6071692674397943,0.0,22.5,2026-07-19
11.5,15.0,0.5550022671905823,7175.526450598921,-2497.9264505989204,2026-07-19
11.75,30.0,0.5550022671905823,7224.223550496388,-2279.0235504963885,2026-07-19
12.0,45.0,0.5550022671905823,7262.6460408435905,-2271.246040843591,2026-07-19
12.25,60.0,0.5550022671905823,7279.172175070478,-1839.572175070478,2026-07-19
12.5,75.0,0.5550022671905823,7266.79206706866,1037.8079329313405,2026-07-19
12.75,90.0,0.5550022671905823,7193.964260825774,1556.435739174226,2026-07-19
13.0,105.0,0.5550022671905823,7080.782833122133,2604.5071668778683,2026-07-19
13.25,120.0,0.5550022671905823,6935.474155939043,5774.455844060957,2026-07-19
13.5,135.0,0.5550022671905823,6790.109138317045,5259.090861682956,2026-07-19
13.75,150.0,0.5550022671905823,6638.841900864914,4857.158099135086,2026-07-19
14.0,165.0,0.5550022671905823,6441.230621081495,2070.8393789185047,2026-07-19
14.25,180.0,0.5550022671905823,6201.352138212222,1928.047861787778,2026-07-19
14.5,195.0,0.5550022671905823,5947.100977623735,3718.899022376265,2026-07-19
14.75,210.0,0.5550022671905823,5649.888539505688,684.3114604943121,2026-07-19
15.0,225.0,0.5550022671905823,5315.112023964198,-614.7120239641981,2026-07-19
15.25,240.0,0.5550022671905823,4965.365138070148,-1890.3651380701476,2026-07-19
15.5,255.0,0.5550022671905823,4631.278258658243,-2202.4782586582432,2026-07-19
15.75,270.0,0.5550022671905823,4263.404850851465,-3893.8048508514653,2026-07-19
16.0,285.0,0.5550022671905823,3891.9669682161207,-3604.5669682161206,2026-07-19
16.25,300.0,0.5550022671905823,3502.3016751007267,-2496.701675100727,2026-07-19
16.5,315.0,0.5550022671905823,3094.580092839447,-2058.980092839447,2026-07-19
16.75,330.0,0.5550022671905823,2664.1396970130254,-1514.5396970130255,2026-07-19
17.0,345.0,0.5550022671905823,2234.486281932134,-1080.0862819321337,2026-07-19
17.25,360.0,0.5550022671905823,1808.849701956117,-502.64970195611704,2026-07-19
17.5,375.0,0.5550022671905823,1375.9730443525432,-309.77304435254314,2026-07-19
17.75,390.0,0.5550022671905823,936.9322456791632,9.567754320836798,2026-07-19
18.0,405.0,0.5550022671905823,555.081554145524,269.70844585447594,2026-07-19
18.25,420.0,0.5550022671905823,253.7504732171534,471.6495267828466,2026-07-19
18.5,435.0,0.5550022671905823,63.525463498181104,538.8345365018189,2026-07-19
18.75,450.0,0.5550022671905823,1.41961135983287,188.78038864016713,2026-07-19
19.0,465.0,0.5550022671905823,0.0,22.5,2026-07-19
13.0,15.0,0.561965586187932,7219.898158472024,2465.391841527977,2026-07-19
13.25,30.0,0.561965586187932,6964.832515966817,5745.097484033184,2026-07-19
13.5,45.0,0.561965586187932,6737.411264709036,5311.788735290965,2026-07-19
13.75,60.0,0.561965586187932,6589.110348790233,4906.889651209767,2026-07-19
14.0,75.0,0.561965586187932,6421.137325936301,2090.932674063699,2026-07-19
14.25,90.0,0.561965586187932,6184.807483565031,1944.5925164349683,2026-07-19
14.5,105.0,0.561965586187932,5920.833298876716,3745.166701123284,2026-07-19
14.75,120.0,0.561965586187932,5629.293501254297,704.9064987457032,2026-07-19
15.0,135.0,0.561965586187932,5317.393098999987,-616.9930989999875,2026-07-19
15.25,150.0,0.561965586187932,4991.446543413193,-1916.4465434131926,2026-07-19
15.5,165.0,0.561965586187932,4685.252466645951,-2256.452466645951,2026-07-19
15.75,180.0,0.561965586187932,4334.5838420471,-3964.9838420471,2026-07-19
16.0,195.0,0.561965586187932,3988.382906332801,-3700.982906332801,2026-07-19
16.25,210.0,0.561965586187932,3608.7558445755726,-2603.1558445755727,2026-07-19
16.5,225.0,0.561965586187932,3196.9486715011003,-2161.3486715011004,2026-07-19
16.75,240.0,0.561965586187932,2729.2319322065223,-1579.6319322065224,2026-07-19
17.0,255.0,0.561965586187932,2273.7511242274086,-1119.3511242274085,2026-07-19
17.25,270.0,0.561965586187932,1822.491444999172,-516.291444999172,2026-07-19
17.5,285.0,0.561965586187932,1380.9580936842365,-314.7580936842364,2026-07-19
17.75,300.0,0.561965586187932,940.646278579974,5.853721420025977,2026-07-19
18.0,315.0,0.561965586187932,559.519469000265,265.270530999735,2026-07-19
18.25,330.0,0.561965586187932,258.683734680732,466.71626531926796,2026-07-19
18.5,345.0,0.561965586187932,65.57339537976279,536.7866046202372,2026-07-19
18.75,360.0,0.561965586187932,1.4700463972343376,188.72995360276565,2026-07-19
19.0,375.0,0.561965586187932,0.0,22.5,2026-07-19
14.5,15.0,1.048298375579555,9349.927838703665,316.07216129633525,2026-07-19
14.75,30.0,1.048298375579555,8883.488601785935,-2549.2886017859355,2026-07-19
15.0,45.0,1.048298375579555,8372.662825107853,-3672.262825107853,2026-07-19
15.25,60.0,1.048298375579555,7841.154921437536,-4766.154921437536,2026-07-19
15.5,75.0,1.048298375579555,7313.480265285037,-4884.6802652850365,2026-07-19
15.75,90.0,1.048298375579555,6733.326904737441,-6363.72690473744,2026-07-19
16.0,105.0,1.048298375579555,6140.236861513901,-5852.836861513902,2026-07-19
16.25,120.0,1.048298375579555,5516.570910627713,-4510.970910627712,2026-07-19
16.5,135.0,1.048298375579555,4867.804108267195,-3832.2041082671954,2026-07-19
16.75,150.0,1.048298375579555,4150.466893205943,-3000.866893205943,2026-07-19
17.0,165.0,1.048298375579555,3430.727674819597,-2276.3276748195967,2026-07-19
17.25,180.0,1.048298375579555,2724.8369666701424,-1418.6369666701423,2026-07-19
17.5,195.0,1.048298375579555,2043.8581019905616,-977.6581019905616,2026-07-19
17.75,210.0,1.048298375579555,1388.766171570694,-442.26617157069404,2026-07-19
18.0,225.0,1.048298375579555,822.0123913613451,2.777608638654897,2026-07-19
18.25,240.0,1.048298375579555,375.97457577439536,349.4254242256046,2026-07-19
18.5,255.0,1.048298375579555,96.22866945923364,506.1313305407664,2026-07-19
18.75,270.0,1.048298375579555,2.1522281299199504,188.04777187008003,2026-07-19
19.0,285.0,1.048298375579555,0.0,22.5,2026-07-19
16.0,15.0,0.28888681874633415,2608.990552254784,-2321.5905522547837,2026-07-19
16.25,30.0,0.28888681874633415,2391.179634095924,-1385.5796340959241,2026-07-19
16.5,45.0,0.28888681874633415,2160.190400124551,-1124.5904001245513,2026-07-19
16.75,60.0,0.28888681874633415,1865.710515478705,-716.1105154787051,2026-07-19
17.0,75.0,0.28888681874633415,1577.4101511753245,-423.0101511753244,2026-07-19
17.25,90.0,0.28888681874633415,1282.533988071145,23.66601192885514,2026-07-19
17.5,105.0,0.28888681874633415,983.934684248888,82.2653157511121,2026-07-19
17.75,120.0,0.28888681874633415,671.2677612413979,275.2322387586021,2026-07-19
18.0,135.0,0.28888681874633415,400.1105937923927,424.67940620760726,2026-07-19
18.25,150.0,0.28888681874633415,183.5656874774301,541.8343125225699,2026-07-19
18.5,165.0,0.28888681874633415,44.747038290915015,557.612961709085,2026-07-19
18.75,180.0,0.28888681874633415,1.0035089435745237,189.19649105642546,2026-07-19
19.0,195.0,0.28888681874633415,0.0,22.5,2026-07-19
17.5,15.0,0.2517349233220189,978.929845735795,87.27015426420508,2026-07-19
17.75,30.0,0.2517349233220189,666.6583597301352,279.8416402698648,2026-07-19
18.0,45.0,0.2517349233220189,398.1864490538963,426.60355094610367,2026-07-19
18.25,60.0,0.2517349233220189,185.0213980102944,540.3786019897055,2026-07-19
18.5,75.0,0.2517349233220189,45.81728280959826,556.5427171904017,2026-07-19
18.75,90.0,0.2517349233220189,1.0246922675099397,189.17530773249004,2026-07-19
19.0,105.0,0.2517349233220189,0.0,22.5,2026-07-19
7.0,15.0,0.5355768797417921,907.1271079884852,-5.927107988485204,2026-07-20
7.25,30.0,0.5355768797417921,1264.563054002165,21.836945997835073,2026-07-20
7.5,45.0,0.5355768797417921,1640.1292289411554,-390.3292289411554,2026-07-20
7.75,60.0,0.5355768797417921,2052.511442695165,-271.71144269516503,2026-07-20
8.0,75.0,0.5355768797417921,2465.3958613758878,-645.4658613758877,2026-07-20
8.25,90.0,0.5355768797417921,2883.0637826303337,-1005.0637826303337,2026-07-20
8.5,105.0,0.5355768797417921,3301.0695592766897,-1324.6695592766896,2026-07-20
8.75,120.0,0.5355768797417921,3749.611657993208,-934.4116579932083,2026-07-20
9.0,135.0,0.5355768797417921,4173.63284002772,-359.43284002772,2026-07-20
9.25,150.0,0.5355768797417921,4570.935536496807,-786.7355364968071,2026-07-20
9.5,165.0,0.5355768797417921,4950.283120063301,-1977.0731200633008,2026-07-20
9.75,180.0,0.5355768797417921,5304.380199048876,-1789.2401990488765,2026-07-20
10.0,195.0,0.5355768797417921,5651.061035266997,-1478.0610352669974,2026-07-20
10.25,210.0,0.5355768797417921,5984.37476908241,-1054.94476908241,2026-07-20
10.5,225.0,0.5355768797417921,6276.907292858572,-183.26729285857164,2026-07-20
10.75,240.0,0.5355768797417921,6469.015429420614,1252.984570579386,2026-07-20
11.0,255.0,0.5355768797417921,6635.561558638443,1378.638441361557,2026-07-20
11.25,270.0,0.5355768797417921,6751.750816513214,-554.500816513214,2026-07-20
11.5,285.0,0.5355768797417921,6841.349083818827,231.45091618117294,2026-07-20
11.75,300.0,0.5355768797417921,6862.338496412465,2339.8615035875355,2026-07-20
12.0,315.0,0.5355768797417921,6873.183538278642,1354.0164617213586,2026-07-20
12.25,330.0,0.5355768797417921,6860.281818112565,1441.9181818874358,2026-07-20
12.5,345.0,0.5355768797417921,6814.397443443733,1282.3925565562668,2026-07-20
12.75,360.0,0.5355768797417921,6709.183404031203,5418.316595968797,2026-07-20
13.0,375.0,0.5355768797417921,6571.616453078633,5392.983546921368,2026-07-20
13.25,390.0,0.5355768797417921,6407.327595870525,5728.272404129475,2026-07-20
13.5,405.0,0.5355768797417921,6218.549589814109,6290.810410185892,2026-07-20
13.75,420.0,0.5355768797417921,6004.242393157808,4632.467606842191,2026-07-20
14.0,435.0,0.5355768797417921,5752.109000650088,2637.180999349913,2026-07-20
14.25,450.0,0.5355768797417921,5454.863680190848,2762.136319809152,2026-07-20
14.5,465.0,0.5355768797417921,5148.52866852249,3937.271331477509,2026-07-20
14.75,480.0,0.5355768797417921,4845.413843394279,4300.986156605721,2026-07-20
15.0,495.0,0.5355768797417921,4509.06104447158,3860.1889555284197,2026-07-20
15.25,510.0,0.5355768797417921,4144.3043626161525,4910.985637383848,2026-07-20
15.5,525.0,0.5355768797417921,3772.279795442819,5899.510204557182,2026-07-20
15.75,540.0,0.5355768797417921,3429.5651545916744,5353.744845408325,2026-07-20
16.0,555.0,0.5355768797417921,3089.0005592555253,3192.3594407444743,2026-07-20
16.25,570.0,0.5355768797417921,2732.720544632557,2354.6794553674426,2026-07-20
16.5,585.0,0.5355768797417921,2367.812340031318,2556.387659968682,2026-07-20
16.75,600.0,0.5355768797417921,2028.9001855510703,1581.2998144489295,2026-07-20
17.0,615.0,0.5355768797417921,1698.6859892608084,170.31401073919164,2026-07-20
17.25,630.0,0.5355768797417921,1366.5788594650478,545.6211405349522,2026-07-20
17.5,645.0,0.5355768797417921,1043.6627946835836,83.73720531641652,2026-07-20
17.75,660.0,0.5355768797417921,752.5519750358083,47.2480249641917,2026-07-20
18.0,675.0,0.5355768797417921,494.2418549283578,148.35814507164224,2026-07-20
18.25,690.0,0.5355768797417921,244.41945002976277,41.18054997023725,2026-07-20
18.5,705.0,0.5355768797417921,60.16599599676385,135.43400400323614,2026-07-20
18.75,720.0,0.5355768797417921,1.2377220378000895,68.19227796219992,2026-07-20
19.0,735.0,0.5355768797417921,0.0,9.0,2026-07-20
8.5,15.0,0.3544593988575182,2432.736582677583,-456.336582677583,2026-07-20
8.75,30.0,0.3544593988575182,2802.8406682159084,12.35933178409141,2026-07-20
9.0,45.0,0.3544593988575182,3155.1084405944084,659.0915594055914,2026-07-20
9.25,60.0,0.3544593988575182,3480.9326315436715,303.2673684563283,2026-07-20
9.5,75.0,0.3544593988575182,3805.686961702918,-832.4769617029178,2026-07-20
9.75,90.0,0.3544593988575182,4111.105372802332,-595.9653728023318,2026-07-20
10.0,105.0,0.3544593988575182,4419.863689847895,-246.86368984789533,2026-07-20
10.25,120.0,0.3544593988575182,4709.067640210764,220.3623597892365,2026-07-20
10.5,135.0,0.3544593988575182,4978.5761283740685,1115.0638716259318,2026-07-20
10.75,150.0,0.3544593988575182,5133.156179811366,2588.843820188634,2026-07-20
11.0,165.0,0.3544593988575182,5259.08142430269,2755.11857569731,2026-07-20
11.25,180.0,0.3544593988575182,5346.385043891518,850.8649561084821,2026-07-20
11.5,195.0,0.3544593988575182,5401.039672645731,1671.760327354269,2026-07-20
11.75,210.0,0.3544593988575182,5381.567079129152,3820.6329208708485,2026-07-20
12.0,225.0,0.3544593988575182,5370.877308243289,2856.3226917567117,2026-07-20
12.25,240.0,0.3544593988575182,5368.429979503901,2933.7700204960993,2026-07-20
12.5,255.0,0.3544593988575182,5350.143292030475,2746.646707969525,2026-07-20
12.75,270.0,0.3544593988575182,5259.762071302688,6867.737928697312,2026-07-20
13.0,285.0,0.3544593988575182,5138.182546243862,6826.4174537561385,2026-07-20
13.25,300.0,0.3544593988575182,4973.707887357049,7161.892112642951,2026-07-20
13.5,315.0,0.3544593988575182,4806.846624626497,7702.513375373504,2026-07-20
13.75,330.0,0.3544593988575182,4631.266974732438,6005.443025267561,2026-07-20
14.0,345.0,0.3544593988575182,4423.321055142413,3965.968944857588,2026-07-20
14.25,360.0,0.3544593988575182,4177.537610202501,4039.462389797499,2026-07-20
14.5,375.0,0.3544593988575182,3927.959209503028,5157.840790496972,2026-07-20
14.75,390.0,0.3544593988575182,3685.453671805905,5460.946328194095,2026-07-20
15.0,405.0,0.3544593988575182,3407.072491498239,4962.177508501762,2026-07-20
15.25,420.0,0.3544593988575182,3097.896249176192,5957.393750823809,2026-07-20
15.5,435.0,0.3544593988575182,2804.437598352125,6867.352401647876,2026-07-20
15.75,450.0,0.3544593988575182,2543.475530667939,6239.8344693320605,2026-07-20
16.0,465.0,0.3544593988575182,2294.07939744235,3987.2806025576497,2026-07-20
16.25,480.0,0.3544593988575182,2035.2849746273127,3052.115025372687,2026-07-20
16.5,495.0,0.3544593988575182,1769.171505332348,3155.028494667652,2026-07-20
16.75,510.0,0.3544593988575182,1519.7944627520096,2090.40553724799,2026-07-20
17.0,525.0,0.3544593988575182,1275.9539879505626,593.0460120494374,2026-07-20
17.25,540.0,0.3544593988575182,1036.3006569989673,875.8993430010328,2026-07-20
17.5,555.0,0.3544593988575182,804.2000780238393,323.1999219761608,2026-07-20
17.75,570.0,0.3544593988575182,592.0334589217301,207.76654107826982,2026-07-20
18.0,585.0,0.3544593988575182,400.7393711926357,241.86062880736432,2026-07-20
18.25,600.0,0.3544593988575182,201.64528378393663,83.95471621606339,2026-07-20
18.5,615.0,0.3544593988575182,48.83655033790844,146.76344966209155,2026-07-20
18.75,630.0,0.3544593988575182,1.0017288649177805,68.42827113508223,2026-07-20
19.0,645.0,0.3544593988575182,0.0,9.0,2026-07-20
10.0,15.0,0.39818697012548443,4590.454324370507,-417.4543243705066,2026-07-20
10.25,30.0,0.39818697012548443,4875.973791880058,53.45620811994195,2026-07-20
10.5,45.0,0.39818697012548443,5145.665581305703,947.9744186942971,2026-07-20
10.75,60.0,0.39818697012548443,5306.475404747548,2415.524595252452,2026-07-20
11.0,75.0,0.39818697012548443,5448.518536749338,2565.681463250662,2026-07-20
11.25,90.0,0.39818697012548443,5552.899774501511,644.3502254984887,2026-07-20
11.5,105.0,0.39818697012548443,5632.765891958894,1440.0341080411063,2026-07-20
11.75,120.0,0.39818697012548443,5628.352085440788,3573.8479145592128,2026-07-20
12.0,135.0,0.39818697012548443,5623.685560276909,2603.5144397230915,2026-07-20
12.25,150.0,0.39818697012548443,5600.355661287566,2701.8443387124344,2026-07-20
12.5,165.0,0.39818697012548443,5556.257046841774,2540.5329531582256,2026-07-20
12.75,180.0,0.39818697012548443,5453.666185235923,6673.833814764077,2026-07-20
13.0,195.0,0.39818697012548443,5319.921000459529,6644.6789995404715,2026-07-20
13.25,210.0,0.39818697012548443,5168.980919074105,6966.619080925895,2026-07-20
13.5,225.0,0.39818697012548443,5011.52980367626,7497.830196323741,2026-07-20
13.75,240.0,0.39818697012548443,4836.782723864635,5799.927276135364,2026-07-20
14.0,255.0,0.39818697012548443,4642.430801731426,3746.859198268575,2026-07-20
14.25,270.0,0.39818697012548443,4415.013177559951,3801.986822440049,2026-07-20
14.5,285.0,0.39818697012548443,4180.947435464069,4904.8525645359305,2026-07-20
14.75,300.0,0.39818697012548443,3927.8037184830423,5218.596281516957,2026-07-20
15.0,315.0,0.39818697012548443,3647.639598855876,4721.610401144124,2026-07-20
15.25,330.0,0.39818697012548443,3339.4132445883147,5715.876755411686,2026-07-20
15.5,345.0,0.39818697012548443,3036.398346253025,6635.391653746976,2026-07-20
15.75,360.0,0.39818697012548443,2762.1301289035005,6021.1798710964995,2026-07-20
16.0,375.0,0.39818697012548443,2486.5906853381834,3794.769314661816,2026-07-20
16.25,390.0,0.39818697012548443,2205.456469454488,2881.9435305455117,2026-07-20
16.5,405.0,0.39818697012548443,1919.3457676515263,3004.8542323484735,2026-07-20
16.75,420.0,0.39818697012548443,1650.583481951831,1959.616518048169,2026-07-20
17.0,435.0,0.39818697012548443,1383.1619064813074,485.83809351869263,2026-07-20
17.25,450.0,0.39818697012548443,1115.0501690360986,797.1498309639014,2026-07-20
17.5,465.0,0.39818697012548443,858.8429494421426,268.55705055785745,2026-07-20
17.75,480.0,0.39818697012548443,626.1463299518485,173.6536700481514,2026-07-20
18.0,495.0,0.39818697012548443,419.0501226601984,223.54987733980164,2026-07-20
18.25,510.0,0.39818697012548443,209.23060002593127,76.36939997406876,2026-07-20
18.5,525.0,0.39818697012548443,50.78466004122092,144.81533995877908,2026-07-20
18.75,540.0,0.39818697012548443,1.041495616624756,68.38850438337525,2026-07-20
19.0,555.0,0.39818697012548443,0.0,9.0,2026-07-20
11.5,15.0,0.5840031008712371,7251.807846390156,-179.00784639015546,2026-07-20
11.75,30.0,0.5840031008712371,7263.869662935194,1938.3303370648064,2026-07-20
12.0,45.0,0.5840031008712371,7261.283651369057,965.9163486309435,2026-07-20
12.25,60.0,0.5840031008712371,7250.177321600219,1052.0226783997814,2026-07-20
12.5,75.0,0.5840031008712371,7228.33627216868,868.4537278313201,2026-07-20
12.75,90.0,0.5840031008712371,7152.188790366179,4975.311209633821,2026-07-20
13.0,105.0,0.5840031008712371,7012.940251681599,4951.659748318401,2026-07-20
13.25,120.0,0.5840031008712371,6837.055577222903,5298.544422777098,2026-07-20
13.5,135.0,0.5840031008712371,6634.612699741699,5874.747300258302,2026-07-20
13.75,150.0,0.5840031008712371,6415.285313487292,4221.424686512707,2026-07-20
14.0,165.0,0.5840031008712371,6142.643019744665,2246.6469802553356,2026-07-20
14.25,180.0,0.5840031008712371,5822.498663511558,2394.5013364884417,2026-07-20
14.5,195.0,0.5840031008712371,5483.890981851803,3601.909018148196,2026-07-20
14.75,210.0,0.5840031008712371,5133.695683127544,4012.704316872456,2026-07-20
15.0,225.0,0.5840031008712371,4750.374886399976,3618.8751136000237,2026-07-20
15.25,240.0,0.5840031008712371,4343.810012313127,4711.479987686874,2026-07-20
15.5,255.0,0.5840031008712371,3946.2121115417,5725.5778884583015,2026-07-20
15.75,270.0,0.5840031008712371,3586.519459431346,5196.790540568653,2026-07-20
16.0,285.0,0.5840031008712371,3223.649270707283,3057.7107292927167,2026-07-20
16.25,300.0,0.5840031008712371,2856.602403885274,2230.797596114726,2026-07-20
16.5,315.0,0.5840031008712371,2485.9359423801448,2438.264057619855,2026-07-20
16.75,330.0,0.5840031008712371,2134.695103484613,1475.504896515387,2026-07-20
17.0,345.0,0.5840031008712371,1781.4856091271035,87.51439087289646,2026-07-20
17.25,360.0,0.5840031008712371,1434.8806804352012,477.3193195647989,2026-07-20
17.5,375.0,0.5840031008712371,1102.7527149494913,24.6472850505088,2026-07-20
17.75,390.0,0.5840031008712371,796.4924413553412,3.3075586446587977,2026-07-20
18.0,405.0,0.5840031008712371,520.7528002662592,121.84719973374081,2026-07-20
18.25,420.0,0.5840031008712371,256.3688194130688,29.231180586931202,2026-07-20
18.5,435.0,0.5840031008712371,63.31997630812733,132.28002369187266,2026-07-20
18.75,450.0,0.5840031008712371,1.2981640173546798,68.13183598264533,2026-07-20
19.0,465.0,0.5840031008712371,0.0,9.0,2026-07-20
13.0,15.0,0.707423590050012,8331.998564531581,3632.6014354684194,2026-07-20
13.25,30.0,0.707423590050012,8129.356077904527,4006.243922095473,2026-07-20
13.5,45.0,0.707423590050012,7883.8157800222525,4625.544219977748,2026-07-20
13.75,60.0,0.707423590050012,7626.925159291982,3009.7848407080173,2026-07-20
14.0,75.0,0.707423590050012,7332.317915278404,1056.9720847215967,2026-07-20
14.25,90.0,0.707423590050012,7007.419437758936,1209.5805622410644,2026-07-20
14.5,105.0,0.707423590050012,6660.179405585544,2425.620594414455,2026-07-20
14.75,120.0,0.707423590050012,6276.127858094258,2870.2721419057416,2026-07-20
15.0,135.0,0.707423590050012,5872.416016098945,2496.833983901055,2026-07-20
15.25,150.0,0.707423590050012,5456.148065111836,3599.1419348881645,2026-07-20
15.5,165.0,0.707423590050012,5042.343708811602,4629.446291188399,2026-07-20
15.75,180.0,0.707423590050012,4606.573853544235,4176.736146455764,2026-07-20
16.0,195.0,0.707423590050012,4177.976179207178,2103.383820792822,2026-07-20
16.25,210.0,0.707423590050012,3751.297596586468,1336.1024034135316,2026-07-20
16.5,225.0,0.707423590050012,3316.567507249912,1607.6324927500877,2026-07-20
16.75,240.0,0.707423590050012,2856.083590697096,754.1164093029038,2026-07-20
17.0,255.0,0.707423590050012,2394.214346499232,-525.2143464992319,2026-07-20
17.25,270.0,0.707423590050012,1934.4088264687105,-22.208826468710413,2026-07-20
17.5,285.0,0.707423590050012,1499.4527009147043,-372.05270091470425,2026-07-20
17.75,300.0,0.707423590050012,1067.6437442850197,-267.84374428501974,2026-07-20
18.0,315.0,0.707423590050012,636.8024061019757,5.7975938980242745,2026-07-20
18.25,330.0,0.707423590050012,290.85684482107905,-5.256844821079028,2026-07-20
18.5,345.0,0.707423590050012,72.40710090658774,123.19289909341225,2026-07-20
18.75,360.0,0.707423590050012,1.483889784618697,67.94611021538131,2026-07-20
19.0,375.0,0.707423590050012,0.0,9.0,2026-07-20
14.5,15.0,0.9232054630866406,8502.991725528394,582.8082744716048,2026-07-20
14.75,30.0,0.9232054630866406,8039.386712734259,1107.0132872657405,2026-07-20
15.0,45.0,0.9232054630866406,7535.053202439646,834.1967975603538,2026-07-20
15.25,60.0,0.9232054630866406,7001.080936183013,2054.2090638169875,2026-07-20
15.5,75.0,0.9232054630866406,6449.829016191805,3221.960983808196,2026-07-20
15.75,90.0,0.9232054630866406,5893.122347509187,2890.187652490812,2026-07-20
16.0,105.0,0.9232054630866406,5334.326550345812,947.0334496541873,2026-07-20
16.25,120.0,0.9232054630866406,4760.791823353724,326.60817664627575,2026-07-20
16.5,135.0,0.9232054630866406,4180.48576583515,743.7142341648496,2026-07-20
16.75,150.0,0.9232054630866406,3581.025725207317,29.17427479268281,2026-07-20
17.0,165.0,0.9232054630866406,2986.5939947402458,-1117.5939947402458,2026-07-20
17.25,180.0,0.9232054630866406,2397.014744039188,-484.8147440391879,2026-07-20
17.5,195.0,0.9232054630866406,1835.6784723935436,-708.2784723935436,2026-07-20
17.75,210.0,0.9232054630866406,1291.487497420972,-491.687497420972,2026-07-20
18.0,225.0,0.9232054630866406,765.7024408435738,-123.10244084357373,2026-07-20
18.25,240.0,0.9232054630866406,348.66015712448814,-63.060157124488114,2026-07-20
18.5,255.0,0.9232054630866406,87.40370237125939,108.19629762874061,2026-07-20
18.75,270.0,0.9232054630866406,1.7920459374404707,67.63795406255953,2026-07-20
19.0,285.0,0.9232054630866406,0.0,9.0,2026-07-20
16.0,15.0,1.0737920670157775,6492.394869311252,-211.0348693112519,2026-07-20
16.25,30.0,1.0737920670157775,5748.175132610917,-660.7751326109174,2026-07-20
16.5,45.0,1.0737920670157775,5009.213806341303,-85.01380634130328,2026-07-20
16.75,60.0,1.0737920670157775,4259.669329416761,-649.469329416761,2026-07-20
17.0,75.0,1.0737920670157775,3522.531769503469,-1653.5317695034691,2026-07-20
17.25,90.0,1.0737920670157775,2811.106236690199,-898.9062366901987,2026-07-20
17.5,105.0,1.0737920670157775,2135.347215139293,-1007.9472151392929,2026-07-20
17.75,120.0,1.0737920670157775,1487.3954129117558,-687.5954129117558,2026-07-20
18.0,135.0,1.0737920670157775,876.9810284959323,-234.38102849593224,2026-07-20
18.25,150.0,1.0737920670157775,397.0567479526424,-111.45674795264239,2026-07-20
18.5,165.0,1.0737920670157775,99.91031845194098,95.68968154805901,2026-07-20
18.75,180.0,1.0737920670157775,2.042375320879984,67.38762467912002,2026-07-20
19.0,195.0,1.0737920670157775,0.0,9.0,2026-07-20
17.5,15.0,0.6820798920036117,1533.7494196242417,-406.3494196242416,2026-07-20
17.75,30.0,0.6820798920036117,1082.4546249441591,-282.6546249441592,2026-07-20
18.0,45.0,0.6820798920036117,640.8734342697359,1.7265657302641557,2026-07-20
18.25,60.0,0.6820798920036117,291.06388319367306,-5.463883193673041,2026-07-20
18.5,75.0,0.6820798920036117,72.24904771839182,123.35095228160817,2026-07-20
18.75,90.0,0.6820798920036117,1.4832045606894262,67.94679543931058,2026-07-20
19.0,105.0,0.6820798920036117,0.0,9.0,2026-07-20
7.0,15.0,0.08368945992583625,188.36542137112733,-5.96542137112732,2026-07-21
7.25,30.0,0.08368945992583625,270.5080333876396,105.09196661236041,2026-07-21
7.5,45.0,0.08368945992583625,355.0752766437662,135.72472335623382,2026-07-21
7.75,60.0,0.08368945992583625,453.460918350157,46.339081649843024,2026-07-21
8.0,75.0,0.08368945992583625,562.29287237716,-9.092872377160006,2026-07-21
8.25,90.0,0.08368945992583625,672.2165671596016,195.98343284039845,2026-07-21
8.5,105.0,0.08368945992583625,776.399886102042,207.60011389795795,2026-07-21
8.75,120.0,0.08368945992583625,894.8066673327346,192.99333266726535,2026-07-21
9.0,135.0,0.08368945992583625,1030.4542592892624,345.3457407107376,2026-07-21
9.25,150.0,0.08368945992583625,1155.5060584564385,380.4939415435615,2026-07-21
9.5,165.0,0.08368945992583625,1240.6564300967657,81.70356990323421,2026-07-21
9.75,180.0,0.08368945992583625,1327.8443841605708,-224.44438416057073,2026-07-21
10.0,195.0,0.08368945992583625,1417.1400139731866,-132.54001397318666,2026-07-21
10.25,210.0,0.08368945992583625,1524.057300440881,-114.05730044088091,2026-07-21
10.5,225.0,0.08368945992583625,1608.3194034467997,-131.6794034467996,2026-07-21
10.75,240.0,0.08368945992583625,1686.494865305079,-383.89486530507907,2026-07-21
11.0,255.0,0.08368945992583625,1738.0479819320894,-214.64798193208935,2026-07-21
11.25,270.0,0.08368945992583625,1779.774802962262,507.4251970377379,2026-07-21
11.5,285.0,0.08368945992583625,1817.0358507183075,939.3641492816926,2026-07-21
11.75,300.0,0.08368945992583625,1858.039686648072,972.7603133519283,2026-07-21
12.0,315.0,0.08368945992583625,1905.9513886982784,842.2586113017217,2026-07-21
12.25,330.0,0.08368945992583625,1944.0999747990588,692.3000252009413,2026-07-21
12.5,345.0,0.08368945992583625,1947.4632597306245,907.9367402693756,2026-07-21
12.75,360.0,0.08368945992583625,1932.3471203640383,1723.4528796359618,2026-07-21
13.0,375.0,0.08368945992583625,1904.242058614259,2476.957941385741,2026-07-21
13.25,390.0,0.08368945992583625,1890.0518497887235,1932.3781502112763,2026-07-21
13.5,405.0,0.08368945992583625,1848.638863127055,1014.5611368729449,2026-07-21
13.75,420.0,0.08368945992583625,1819.979352573232,974.2206474267678,2026-07-21
14.0,435.0,0.08368945992583625,1776.3318466367568,1014.868153363243,2026-07-21
14.25,450.0,0.08368945992583625,1716.0132456025751,1476.5867543974248,2026-07-21
14.5,465.0,0.08368945992583625,1652.9413519555294,1283.8286480444706,2026-07-21
14.75,480.0,0.08368945992583625,1593.6424849895589,1615.497515010441,2026-07-21
15.0,495.0,0.08368945992583625,1525.7699643594094,1444.8300356405905,2026-07-21
15.25,510.0,0.08368945992583625,1430.7267386237604,1554.2732613762396,2026-07-21
15.5,525.0,0.08368945992583625,1308.4600628813776,1043.5399371186224,2026-07-21
15.75,540.0,0.08368945992583625,1196.3622910890442,1393.707708910956,2026-07-21
16.0,555.0,0.08368945992583625,1086.9163605488718,1350.8836394511284,2026-07-21
16.25,570.0,0.08368945992583625,976.7768428045188,841.8231571954811,2026-07-21
16.5,585.0,0.08368945992583625,858.1218018650438,639.4781981349561,2026-07-21
16.75,600.0,0.08368945992583625,741.3070773366626,424.1929226633374,2026-07-21
17.0,615.0,0.08368945992583625,618.7223952596627,227.27760474033732,2026-07-21
17.25,630.0,0.08368945992583625,499.9018070212935,85.73819297870648,2026-07-21
17.5,645.0,0.08368945992583625,384.8722832851169,12.327716714883081,2026-07-21
17.75,660.0,0.08368945992583625,284.04946194094765,26.75053805905236,2026-07-21
18.0,675.0,0.08368945992583625,194.52285122422708,-13.922851224227088,2026-07-21
18.25,690.0,0.08368945992583625,119.42487591099736,-37.13487591099735,2026-07-21
18.5,705.0,0.08368945992583625,32.9505678832218,-5.950567883221801,2026-07-21
18.75,720.0,0.08368945992583625,0.6135181675904482,-0.6135181675904482,2026-07-21
19.0,735.0,0.08368945992583625,0.0,0.0,2026-07-21
8.5,15.0,0.1241193029322334,793.9051847103693,190.09481528963067,2026-07-21
8.75,30.0,0.1241193029322334,929.2300157523092,158.56998424769074,2026-07-21
9.0,45.0,0.1241193029322334,1047.4245642735473,328.3754357264527,2026-07-21
9.25,60.0,0.1241193029322334,1170.231046951886,365.7689530481141,2026-07-21
9.5,75.0,0.1241193029322334,1294.323059524945,28.036940475054962,2026-07-21
9.75,90.0,0.1241193029322334,1404.2357414823553,-300.83574148235516,2026-07-21
10.0,105.0,0.1241193029322334,1493.48953599278,-208.8895359927801,2026-07-21
10.25,120.0,0.1241193029322334,1601.5416153804397,-191.54161538043968,2026-07-21
10.5,135.0,0.1241193029322334,1721.7205797059485,-245.08057970594837,2026-07-21
10.75,150.0,0.1241193029322334,1819.564797848896,-516.9647978488961,2026-07-21
11.0,165.0,0.1241193029322334,1872.715436507319,-349.31543650731896,2026-07-21
11.25,180.0,0.1241193029322334,1932.618989035785,354.5810109642148,2026-07-21
11.5,195.0,0.1241193029322334,1976.848266963919,779.551733036081,2026-07-21
11.75,210.0,0.1241193029322334,2028.321262532619,802.4787374673813,2026-07-21
12.0,225.0,0.1241193029322334,2059.455693825229,688.754306174771,2026-07-21
12.25,240.0,0.1241193029322334,2107.1474885943853,529.2525114056148,2026-07-21
12.5,255.0,0.1241193029322334,2123.813409179197,731.5865908208029,2026-07-21
12.75,270.0,0.1241193029322334,2122.2548105158403,1533.54518948416,2026-07-21
13.0,285.0,0.1241193029322334,2116.283718809043,2264.916281190957,2026-07-21
13.25,300.0,0.1241193029322334,2108.767172101902,1713.662827898098,2026-07-21
13.5,315.0,0.1241193029322334,2079.114507182555,784.0854928174449,2026-07-21
13.75,330.0,0.1241193029322334,2038.2722433083147,755.9277566916851,2026-07-21
14.0,345.0,0.1241193029322334,1959.1143174029005,832.0856825970993,2026-07-21
14.25,360.0,0.1241193029322334,1868.7218339146,1323.8781660854,2026-07-21
14.5,375.0,0.1241193029322334,1777.3953455082558,1159.3746544917442,2026-07-21
14.75,390.0,0.1241193029322334,1712.5617598468425,1496.5782401531574,2026-07-21
15.0,405.0,0.1241193029322334,1610.457668607167,1360.1423313928328,2026-07-21
15.25,420.0,0.1241193029322334,1505.088612302539,1479.911387697461,2026-07-21
15.5,435.0,0.1241193029322334,1395.2741686687204,956.7258313312796,2026-07-21
15.75,450.0,0.1241193029322334,1270.7769619096157,1319.2930380903845,2026-07-21
16.0,465.0,0.1241193029322334,1141.6503881197957,1296.1496118802045,2026-07-21
16.25,480.0,0.1241193029322334,1023.2217363312732,795.3782636687267,2026-07-21
16.5,495.0,0.1241193029322334,907.7039800428944,589.8960199571055,2026-07-21
16.75,510.0,0.1241193029322334,778.979430746505,386.52056925349495,2026-07-21
17.0,525.0,0.1241193029322334,644.5997568367219,201.4002431632781,2026-07-21
17.25,540.0,0.1241193029322334,524.5481058288854,61.09189417111463,2026-07-21
17.5,555.0,0.1241193029322334,409.18380645792297,-11.98380645792298,2026-07-21
17.75,570.0,0.1241193029322334,301.814584292881,8.985415707118989,2026-07-21
18.0,585.0,0.1241193029322334,203.21100348095305,-22.61100348095306,2026-07-21
18.25,600.0,0.1241193029322334,123.136036074433,-40.84603607443299,2026-07-21
18.5,615.0,0.1241193029322334,33.991689238485385,-6.991689238485385,2026-07-21
18.75,630.0,0.1241193029322334,0.633917890365639,-0.633917890365639,2026-07-21
19.0,645.0,0.1241193029322334,0.0,0.0,2026-07-21
10.0,15.0,0.13535670558842033,1369.5286638794012,-84.92866387940126,2026-07-21
10.25,30.0,0.13535670558842033,1461.3370016451468,-51.337001645146756,2026-07-21
10.5,45.0,0.13535670558842033,1541.032452224916,-64.39245222491581,2026-07-21
10.75,60.0,0.13535670558842033,1616.372390041964,-313.7723900419642,2026-07-21
11.0,75.0,0.13535670558842033,1669.6519363729808,-146.2519363729807,2026-07-21
11.25,90.0,0.13535670558842033,1717.0156524185231,570.1843475814767,2026-07-21
11.5,105.0,0.13535670558842033,1771.653277837289,984.7467221627112,2026-07-21
11.75,120.0,0.13535670558842033,1825.44028462044,1005.3597153795602,2026-07-21
12.0,135.0,0.13535670558842033,1882.4366201140544,865.7733798859456,2026-07-21
12.25,150.0,0.13535670558842033,1913.4797746965755,722.9202253034246,2026-07-21
12.5,165.0,0.13535670558842033,1922.5962155854816,932.8037844145185,2026-07-21
12.75,180.0,0.13535670558842033,1936.465705529804,1719.3342944701963,2026-07-21
13.0,195.0,0.13535670558842033,1922.2322010138776,2458.967798986122,2026-07-21
13.25,210.0,0.13535670558842033,1900.957650698364,1921.4723493016359,2026-07-21
13.5,225.0,0.13535670558842033,1877.8016874381449,985.3983125618549,2026-07-21
13.75,240.0,0.13535670558842033,1858.960490876889,935.2395091231108,2026-07-21
14.0,255.0,0.13535670558842033,1805.7022317008064,985.4977682991935,2026-07-21
14.25,270.0,0.13535670558842033,1752.224428304626,1440.375571695374,2026-07-21
14.5,285.0,0.13535670558842033,1695.7544819415325,1241.0155180584675,2026-07-21
14.75,300.0,0.13535670558842033,1627.2612201237278,1581.8787798762721,2026-07-21
15.0,315.0,0.13535670558842033,1552.4531090964963,1418.1468909035036,2026-07-21
15.25,330.0,0.13535670558842033,1456.0989380360254,1528.9010619639746,2026-07-21
15.5,345.0,0.13535670558842033,1346.2534807413776,1005.7465192586224,2026-07-21
15.75,360.0,0.13535670558842033,1246.0259573290791,1344.044042670921,2026-07-21
16.0,375.0,0.13535670558842033,1136.7338939562003,1301.0661060438,2026-07-21
16.25,390.0,0.13535670558842033,1027.9797900187205,790.6202099812795,2026-07-21
16.5,405.0,0.13535670558842033,913.0389498880444,584.5610501119555,2026-07-21
16.75,420.0,0.13535670558842033,792.158812990146,373.341187009854,2026-07-21
17.0,435.0,0.13535670558842033,661.545482826715,184.454517173285,2026-07-21
17.25,450.0,0.13535670558842033,534.4690186500789,51.170981349921135,2026-07-21
17.5,465.0,0.13535670558842033,415.9645124273594,-18.76451242735942,2026-07-21
17.75,480.0,0.13535670558842033,308.6752180122968,2.1247819877032157,2026-07-21
18.0,495.0,0.13535670558842033,211.21491868956275,-30.614918689562757,2026-07-21
18.25,510.0,0.13535670558842033,126.65701704186452,-44.367017041864514,2026-07-21
18.5,525.0,0.13535670558842033,34.87110289232262,-7.871102892322618,2026-07-21
18.75,540.0,0.13535670558842033,0.6543087744209363,-0.6543087744209363,2026-07-21
19.0,555.0,0.13535670558842033,0.0,0.0,2026-07-21
11.5,15.0,0.11958353971481281,1628.4781011978043,1127.9218988021958,2026-07-21
11.75,30.0,0.11958353971481281,1650.125147169705,1180.674852830295,2026-07-21
12.0,45.0,0.11958353971481281,1681.6984312162458,1066.5115687837542,2026-07-21
12.25,60.0,0.11958353971481281,1729.3724233962748,907.0275766037253,2026-07-21
12.5,75.0,0.11958353971481281,1753.3459715888855,1102.0540284111146,2026-07-21
12.75,90.0,0.11958353971481281,1759.0704957260975,1896.7295042739026,2026-07-21
13.0,105.0,0.11958353971481281,1749.3479405736518,2631.852059426348,2026-07-21
13.25,120.0,0.11958353971481281,1744.3667187737144,2078.0632812262857,2026-07-21
13.5,135.0,0.11958353971481281,1714.3252697342868,1148.874730265713,2026-07-21
13.75,150.0,0.11958353971481281,1682.884061154611,1111.315938845389,2026-07-21
14.0,165.0,0.11958353971481281,1637.1445881254836,1154.0554118745163,2026-07-21
14.25,180.0,0.11958353971481281,1588.2191336540743,1604.3808663459256,2026-07-21
14.5,195.0,0.11958353971481281,1520.6379831166428,1416.1320168833572,2026-07-21
14.75,210.0,0.11958353971481281,1451.966733055953,1757.1732669440469,2026-07-21
15.0,225.0,0.11958353971481281,1372.3955153682516,1598.2044846317483,2026-07-21
15.25,240.0,0.11958353971481281,1297.2145696278978,1687.7854303721022,2026-07-21
15.5,255.0,0.11958353971481281,1207.2856108469357,1144.7143891530643,2026-07-21
15.75,270.0,0.11958353971481281,1117.3376513601393,1472.732348639861,2026-07-21
16.0,285.0,0.11958353971481281,1018.2100190031996,1419.5899809968005,2026-07-21
16.25,300.0,0.11958353971481281,921.7232473803832,896.8767526196167,2026-07-21
16.5,315.0,0.11958353971481281,818.3170635471647,679.2829364528352,2026-07-21
16.75,330.0,0.11958353971481281,707.7616732851662,457.73832671483376,2026-07-21
17.0,345.0,0.11958353971481281,595.3907977520885,250.60920224791153,2026-07-21
17.25,360.0,0.11958353971481281,487.5526266225396,98.08737337746038,2026-07-21
17.5,375.0,0.11958353971481281,380.1102112809496,17.089788719050375,2026-07-21
17.75,390.0,0.11958353971481281,282.00667104653195,28.793328953468063,2026-07-21
18.0,405.0,0.11958353971481281,193.4662459722939,-12.86624597229391,2026-07-21
18.25,420.0,0.11958353971481281,119.14605186694824,-36.856051866948235,2026-07-21
18.5,435.0,0.11958353971481281,32.9183666653604,-5.918366665360402,2026-07-21
18.75,450.0,0.11958353971481281,0.6129336268178408,-0.6129336268178408,2026-07-21
19.0,465.0,0.11958353971481281,0.0,0.0,2026-07-21
13.0,15.0,0.2013619625160356,2579.070438861356,1802.129561138644,2026-07-21
13.25,30.0,0.2013619625160356,2559.681424957448,1262.7485750425517,2026-07-21
13.5,45.0,0.2013619625160356,2521.4296514980088,341.77034850199107,2026-07-21
13.75,60.0,0.2013619625160356,2468.037158238838,326.16284176116187,2026-07-21
14.0,75.0,0.2013619625160356,2396.893537468751,394.3064625312486,2026-07-21
14.25,90.0,0.2013619625160356,2304.9590640625765,887.6409359374234,2026-07-21
14.5,105.0,0.2013619625160356,2208.2924268837783,728.4775731162217,2026-07-21
14.75,120.0,0.2013619625160356,2102.3802750576,1106.7597249423998,2026-07-21
15.0,135.0,0.2013619625160356,1984.5373704458375,986.0626295541624,2026-07-21
15.25,150.0,0.2013619625160356,1860.607924073807,1124.392075926193,2026-07-21
15.5,165.0,0.2013619625160356,1718.4435511386266,633.5564488613734,2026-07-21
15.75,180.0,0.2013619625160356,1571.3908246160695,1018.6791753839307,2026-07-21
16.0,195.0,0.2013619625160356,1417.739956799059,1020.0600432009412,2026-07-21
16.25,210.0,0.2013619625160356,1269.401127999681,549.1988720003189,2026-07-21
16.5,225.0,0.2013619625160356,1114.7286661324515,382.8713338675484,2026-07-21
16.75,240.0,0.2013619625160356,964.291453885434,201.20854611456605,2026-07-21
17.0,255.0,0.2013619625160356,806.726926771566,39.27307322843399,2026-07-21
17.25,270.0,0.2013619625160356,650.5697503393242,-64.92975033932419,2026-07-21
17.5,285.0,0.2013619625160356,501.4328312357831,-104.23283123578312,2026-07-21
17.75,300.0,0.2013619625160356,366.94568108777054,-56.14568108777053,2026-07-21
18.0,315.0,0.2013619625160356,245.0651846239123,-64.46518462391231,2026-07-21
18.25,330.0,0.2013619625160356,143.8592537548234,-61.56925375482341,2026-07-21
18.5,345.0,0.2013619625160356,38.62663915169136,-11.626639151691357,2026-07-21
18.75,360.0,0.2013619625160356,0.7206079877169662,-0.7206079877169662,2026-07-21
19.0,375.0,0.2013619625160356,0.0,0.0,2026-07-21
14.5,15.0,0.22036244178065426,2349.5777495602383,587.1922504397617,2026-07-21
14.75,30.0,0.22036244178065426,2239.3008491141327,969.8391508858672,2026-07-21
15.0,45.0,0.22036244178065426,2120.063912221603,850.5360877783969,2026-07-21
15.25,60.0,0.22036244178065426,1988.6652862030448,996.3347137969552,2026-07-21
15.5,75.0,0.22036244178065426,1831.651135621068,520.3488643789319,2026-07-21
15.75,90.0,0.22036244178065426,1677.6717323184691,912.398267681531,2026-07-21
16.0,105.0,0.22036244178065426,1519.2776423410237,918.5223576589765,2026-07-21
16.25,120.0,0.22036244178065426,1356.2710370709258,462.3289629290741,2026-07-21
16.5,135.0,0.22036244178065426,1192.8829323866066,304.7170676133933,2026-07-21
16.75,150.0,0.22036244178065426,1030.119239632644,135.38076036735606,2026-07-21
17.0,165.0,0.22036244178065426,856.8759425930002,-10.875942593000218,2026-07-21
17.25,180.0,0.22036244178065426,691.2443360442035,-105.60433604420348,2026-07-21
17.5,195.0,0.22036244178065426,531.4902949695235,-134.29029496952347,2026-07-21
17.75,210.0,0.22036244178065426,388.21898122957856,-77.41898122957855,2026-07-21
18.0,225.0,0.22036244178065426,258.12165869213595,-77.52165869213596,2026-07-21
18.25,240.0,0.22036244178065426,151.16755512423504,-68.87755512423503,2026-07-21
18.5,255.0,0.22036244178065426,40.79763375108235,-13.797633751082351,2026-07-21
18.75,270.0,0.22036244178065426,0.7650362807022358,-0.7650362807022358,2026-07-21
19.0,285.0,0.22036244178065426,0.0,0.0,2026-07-21
16.0,15.0,0.2786044701086534,1744.168422270527,693.6315777294733,2026-07-21
16.25,30.0,0.2786044701086534,1557.0151176241648,261.58488237583515,2026-07-21
16.5,45.0,0.2786044701086534,1365.355971950528,132.2440280494718,2026-07-21
16.75,60.0,0.2786044701086534,1171.4190619064846,-5.919061906484558,2026-07-21
17.0,75.0,0.2786044701086534,976.4895737178538,-130.48957371785377,2026-07-21
17.25,90.0,0.2786044701086534,785.316968855976,-199.67696885597604,2026-07-21
17.5,105.0,0.2786044701086534,600.7866733306364,-203.58667333063642,2026-07-21
17.75,120.0,0.2786044701086534,434.3488105931948,-123.54881059319479,2026-07-21
18.0,135.0,0.2786044701086534,283.7942081303827,-103.19420813038269,2026-07-21
18.25,150.0,0.2786044701086534,161.30732867703486,-79.01732867703485,2026-07-21
18.5,165.0,0.2786044701086534,43.20415718046498,-16.204157180464982,2026-07-21
18.75,180.0,0.2786044701086534,0.809123393571042,-0.809123393571042,2026-07-21
19.0,195.0,0.2786044701086534,0.0,0.0,2026-07-21
17.5,15.0,0.2130651790961714,483.8765106572866,-86.6765106572866,2026-07-21
17.75,30.0,0.2130651790961714,354.91307729361307,-44.11307729361306,2026-07-21
18.0,45.0,0.2130651790961714,238.53212005689585,-57.932120056895855,2026-07-21
18.25,60.0,0.2130651790961714,141.37036406542043,-59.080364065420426,2026-07-21
18.5,75.0,0.2130651790961714,38.19202957190198,-11.192029571901983,2026-07-21
18.75,90.0,0.2130651790961714,0.7173364449428519,-0.7173364449428519,2026-07-21
19.0,105.0,0.2130651790961714,0.0,0.0,2026-07-21
7.0,15.0,0.19065364283861808,311.7363774280587,74.66362257194129,2026-07-22
7.25,30.0,0.19065364283861808,437.0930936173217,288.3069063826783,2026-07-22
7.5,45.0,0.19065364283861808,568.2091355529938,669.5908644470062,2026-07-22
7.75,60.0,0.19065364283861808,707.0523783895151,689.7476216104849,2026-07-22
8.0,75.0,0.19065364283861808,850.7339889188364,249.06601108116354,2026-07-22
8.25,90.0,0.19065364283861808,993.7353153912228,756.4646846087772,2026-07-22
8.5,105.0,0.19065364283861808,1130.6026504069246,1296.9973495930753,2026-07-22
8.75,120.0,0.19065364283861808,1278.1283540677978,728.8716459322022,2026-07-22
9.0,135.0,0.19065364283861808,1424.5319367886311,1555.6680632113687,2026-07-22
9.25,150.0,0.19065364283861808,1555.9534800900071,1370.846519909993,2026-07-22
9.5,165.0,0.19065364283861808,1668.229953292613,571.5700467073873,2026-07-22
9.75,180.0,0.19065364283861808,1792.4949316834636,571.9350683165362,2026-07-22
10.0,195.0,0.19065364283861808,1908.685735010702,488.91426498929786,2026-07-22
10.25,210.0,0.19065364283861808,2008.784792087877,673.2152079121231,2026-07-22
10.5,225.0,0.19065364283861808,2100.334811023537,1125.8651889764628,2026-07-22
10.75,240.0,0.19065364283861808,2191.394678721225,1634.205321278775,2026-07-22
11.0,255.0,0.19065364283861808,2273.769669864665,878.0303301353351,2026-07-22
11.25,270.0,0.19065364283861808,2350.5327804110343,1407.6072195889656,2026-07-22
11.5,285.0,0.19065364283861808,2417.927724485408,2365.272275514592,2026-07-22
11.75,300.0,0.19065364283861808,2492.26917938331,2897.53082061669,2026-07-22
12.0,315.0,0.19065364283861808,2559.369718490272,5685.320281509728,2026-07-22
12.25,330.0,0.19065364283861808,2588.9685507852328,3865.231449214767,2026-07-22
12.5,345.0,0.19065364283861808,2589.94452208026,2007.8554779197402,2026-07-22
12.75,360.0,0.19065364283861808,2584.2232442116283,-1056.0232442116283,2026-07-22
13.0,375.0,0.19065364283861808,2578.3864511553834,-400.3864511553834,2026-07-22
13.25,390.0,0.19065364283861808,2561.337218294379,1314.662781705621,2026-07-22
13.5,405.0,0.19065364283861808,2529.4091274093757,2674.3908725906244,2026-07-22
13.75,420.0,0.19065364283861808,2465.8679440707483,2950.932055929252,2026-07-22
14.0,435.0,0.19065364283861808,2388.777825376548,2444.222174623452,2026-07-22
14.25,450.0,0.19065364283861808,2306.5738889872573,1255.0261110127426,2026-07-22
14.5,465.0,0.19065364283861808,2216.550530287708,2145.449469712292,2026-07-22
14.75,480.0,0.19065364283861808,2126.1083560437705,2676.03164395623,2026-07-22
15.0,495.0,0.19065364283861808,2018.812066182061,3064.987933817939,2026-07-22
15.25,510.0,0.19065364283861808,1887.349861158576,3536.650138841424,2026-07-22
15.5,525.0,0.19065364283861808,1740.7790484627467,2853.420951537253,2026-07-22
15.75,540.0,0.19065364283861808,1607.1406138429982,2270.659386157002,2026-07-22
16.0,555.0,0.19065364283861808,1467.5033419188974,1405.2966580811028,2026-07-22
16.25,570.0,0.19065364283861808,1311.1954076515976,134.80459234840237,2026-07-22
16.5,585.0,0.19065364283861808,1152.144956075905,148.05504392409512,2026-07-22
16.75,600.0,0.19065364283861808,992.0977357571988,-99.2977357571989,2026-07-22
17.0,615.0,0.19065364283861808,835.4030839372832,134.1969160627168,2026-07-22
17.25,630.0,0.19065364283861808,680.5458711578962,335.81412884210386,2026-07-22
17.5,645.0,0.19065364283861808,529.4371922175023,422.1628077824977,2026-07-22
17.75,660.0,0.19065364283861808,391.19861802354507,507.001381976455,2026-07-22
18.0,675.0,0.19065364283861808,266.7657854150958,411.2342145849042,2026-07-22
18.25,690.0,0.19065364283861808,162.36051947064246,311.63948052935757,2026-07-22
18.5,705.0,0.19065364283861808,36.63889765702005,291.86110234297996,2026-07-22
18.75,720.0,0.19065364283861808,0.6148645786648863,79.69513542133511,2026-07-22
19.0,735.0,0.19065364283861808,0.0,0.0,2026-07-22
8.5,15.0,0.246420270734255,1358.9430514249118,1068.656948575088,2026-07-22
8.75,30.0,0.246420270734255,1529.5795277653287,477.42047223467125,2026-07-22
9.0,45.0,0.246420270734255,1688.3719054725068,1291.828094527493,2026-07-22
9.25,60.0,0.246420270734255,1848.59125157086,1078.20874842914,2026-07-22
9.5,75.0,0.246420270734255,1993.8079869514104,245.9920130485898,2026-07-22
9.75,90.0,0.246420270734255,2128.3286681716363,236.10133182836353,2026-07-22
10.0,105.0,0.246420270734255,2246.3393883939057,151.26061160609424,2026-07-22
10.25,120.0,0.246420270734255,2371.6868206425647,310.3131793574353,2026-07-22
10.5,135.0,0.246420270734255,2489.879708089444,736.3202919105556,2026-07-22
10.75,150.0,0.246420270734255,2587.2526856793265,1238.3473143206734,2026-07-22
11.0,165.0,0.246420270734255,2667.142553503234,484.65744649676617,2026-07-22
11.25,180.0,0.246420270734255,2759.278689505374,998.8613104946257,2026-07-22
11.5,195.0,0.246420270734255,2839.057876089881,1944.1421239101187,2026-07-22
11.75,210.0,0.246420270734255,2914.391076520425,2475.408923479575,2026-07-22
12.0,225.0,0.246420270734255,2976.7051255264523,5267.984874473548,2026-07-22
12.25,240.0,0.246420270734255,3024.40621047644,3429.79378952356,2026-07-22
12.5,255.0,0.246420270734255,3018.717211502049,1579.0827884979512,2026-07-22
12.75,270.0,0.246420270734255,3010.327550587939,-1482.1275505879391,2026-07-22
13.0,285.0,0.246420270734255,2997.19114678787,-819.1911467878699,2026-07-22
13.25,300.0,0.246420270734255,2974.680279968011,901.3197200319892,2026-07-22
13.5,315.0,0.246420270734255,2925.2644144293254,2278.535585570675,2026-07-22
13.75,330.0,0.246420270734255,2833.9737501076665,2582.8262498923336,2026-07-22
14.0,345.0,0.246420270734255,2729.5081338201053,2103.4918661798947,2026-07-22
14.25,360.0,0.246420270734255,2634.8285731529104,926.7714268470895,2026-07-22
14.5,375.0,0.246420270734255,2546.97861081917,1815.0213891808298,2026-07-22
14.75,390.0,0.246420270734255,2444.215583095915,2357.9244169040853,2026-07-22
15.0,405.0,0.246420270734255,2316.959820373313,2766.840179626687,2026-07-22
15.25,420.0,0.246420270734255,2176.541919988484,3247.458080011516,2026-07-22
15.5,435.0,0.246420270734255,2018.0249097265817,2576.1750902734184,2026-07-22
15.75,450.0,0.246420270734255,1849.13741345224,2028.6625865477602,2026-07-22
16.0,465.0,0.246420270734255,1670.7651391763418,1202.0348608236584,2026-07-22
16.25,480.0,0.246420270734255,1499.511033051713,-53.51103305171296,2026-07-22
16.5,495.0,0.246420270734255,1324.4656475188376,-24.265647518837568,2026-07-22
16.75,510.0,0.246420270734255,1138.3395260257482,-245.53952602574827,2026-07-22
17.0,525.0,0.246420270734255,950.1567820114504,19.443217988549577,2026-07-22
17.25,540.0,0.246420270734255,772.9230474359236,243.43695256407636,2026-07-22
17.5,555.0,0.246420270734255,601.4618103529524,350.1381896470476,2026-07-22
17.75,570.0,0.246420270734255,440.2069797257016,457.99302027429843,2026-07-22
18.0,585.0,0.246420270734255,295.2046963952555,382.7953036047445,2026-07-22
18.25,600.0,0.246420270734255,175.29637196259688,298.7036280374031,2026-07-22
18.5,615.0,0.246420270734255,39.91164115538821,288.5883588446118,2026-07-22
18.75,630.0,0.246420270734255,0.6708523894645634,79.63914761053545,2026-07-22
19.0,645.0,0.246420270734255,0.0,0.0,2026-07-22
10.0,15.0,0.2610339653191883,2313.958233062488,83.64176693751187,2026-07-22
10.25,30.0,0.2610339653191883,2441.744265222245,240.25573477775515,2026-07-22
10.5,45.0,0.2610339653191883,2549.1067649124084,677.0932350875914,2026-07-22
10.75,60.0,0.2610339653191883,2659.029850583324,1166.570149416676,2026-07-22
11.0,75.0,0.2610339653191883,2756.1972613505936,395.60273864940655,2026-07-22
11.25,90.0,0.2610339653191883,2842.9894085454293,915.1505914545705,2026-07-22
11.5,105.0,0.2610339653191883,2909.2864801454475,1873.9135198545523,2026-07-22
11.75,120.0,0.2610339653191883,2992.82176920977,2396.97823079023,2026-07-22
12.0,135.0,0.2610339653191883,3073.837169726767,5170.852830273234,2026-07-22
12.25,150.0,0.2610339653191883,3109.7888695179386,3344.4111304820613,2026-07-22
12.5,165.0,0.2610339653191883,3101.7998174017675,1496.0001825982326,2026-07-22
12.75,180.0,0.2610339653191883,3092.87958647778,-1564.6795864777798,2026-07-22
13.0,195.0,0.2610339653191883,3083.073546578485,-905.0735465784851,2026-07-22
13.25,210.0,0.2610339653191883,3058.075247210465,817.924752789535,2026-07-22
13.5,225.0,0.2610339653191883,3003.8154307090063,2199.984569290994,2026-07-22
13.75,240.0,0.2610339653191883,2926.1349294291454,2490.665070570855,2026-07-22
14.0,255.0,0.2610339653191883,2817.5513070128777,2015.4486929871223,2026-07-22
14.25,270.0,0.2610339653191883,2720.4550973997,841.1449026002997,2026-07-22
14.5,285.0,0.2610339653191883,2614.939879193754,1747.0601208062458,2026-07-22
14.75,300.0,0.2610339653191883,2491.9425345981517,2310.1974654018486,2026-07-22
15.0,315.0,0.2610339653191883,2357.7604782924523,2726.039521707548,2026-07-22
15.25,330.0,0.2610339653191883,2201.7016025359967,3222.2983974640033,2026-07-22
15.5,345.0,0.2610339653191883,2036.8102793722264,2557.3897206277734,2026-07-22
15.75,360.0,0.2610339653191883,1866.8607163134127,2010.9392836865875,2026-07-22
16.0,375.0,0.2610339653191883,1697.9144583526042,1174.885541647396,2026-07-22
16.25,390.0,0.2610339653191883,1522.1498012818915,-76.14980128189154,2026-07-22
16.5,405.0,0.2610339653191883,1340.0430488968757,-39.84304889687564,2026-07-22
16.75,420.0,0.2610339653191883,1151.1188125332449,-258.3188125332449,2026-07-22
17.0,435.0,0.2610339653191883,961.6586500425292,7.941349957470834,2026-07-22
17.25,450.0,0.2610339653191883,779.5600401513971,236.79995984860295,2026-07-22
17.5,465.0,0.2610339653191883,603.0880839979837,348.5119160020163,2026-07-22
17.75,480.0,0.2610339653191883,441.2657794553003,456.93422054469977,2026-07-22
18.0,495.0,0.2610339653191883,296.5171790125611,381.4828209874389,2026-07-22
18.25,510.0,0.2610339653191883,175.73142150780467,298.26857849219533,2026-07-22
18.5,525.0,0.2610339653191883,40.077288435286775,288.4227115647132,2026-07-22
18.75,540.0,0.2610339653191883,0.6744138842244639,79.63558611577554,2026-07-22
19.0,555.0,0.2610339653191883,0.0,0.0,2026-07-22
11.5,15.0,0.24462633073963466,2808.989660680674,1974.2103393193256,2026-07-22
11.75,30.0,0.24462633073963466,2869.334046214952,2520.465953785048,2026-07-22
12.0,45.0,0.24462633073963466,2927.832696098844,5316.857303901157,2026-07-22
12.25,60.0,0.24462633073963466,2982.860959186237,3471.339040813763,2026-07-22
12.5,75.0,0.24462633073963466,3013.267740064468,1584.5322599355322,2026-07-22
12.75,90.0,0.24462633073963466,3019.068005267156,-1490.868005267156,2026-07-22
13.0,105.0,0.24462633073963466,3012.9380038395725,-834.9380038395725,2026-07-22
13.25,120.0,0.24462633073963466,3002.3358210069973,873.6641789930027,2026-07-22
13.5,135.0,0.24462633073963466,2963.6864907228305,2240.1135092771697,2026-07-22
13.75,150.0,0.24462633073963466,2884.626892960642,2532.173107039358,2026-07-22
14.0,165.0,0.24462633073963466,2786.4304105305896,2046.5695894694104,2026-07-22
14.25,180.0,0.24462633073963466,2693.7669612645627,867.8330387354372,2026-07-22
14.5,195.0,0.24462633073963466,2600.1283454498785,1761.8716545501215,2026-07-22
14.75,210.0,0.24462633073963466,2479.259193220799,2322.8808067792015,2026-07-22
15.0,225.0,0.24462633073963466,2340.125131903085,2743.6748680969154,2026-07-22
15.25,240.0,0.24462633073963466,2198.529922713853,3225.470077286147,2026-07-22
15.5,255.0,0.24462633073963466,2032.484116598917,2561.715883401083,2026-07-22
15.75,270.0,0.24462633073963466,1860.817403849084,2016.9825961509162,2026-07-22
16.0,285.0,0.24462633073963466,1687.3656880332037,1185.4343119667965,2026-07-22
16.25,300.0,0.24462633073963466,1513.8326718826345,-67.83267188263449,2026-07-22
16.5,315.0,0.24462633073963466,1334.36892316402,-34.16892316402004,2026-07-22
16.75,330.0,0.24462633073963466,1145.394893707076,-252.59489370707615,2026-07-22
17.0,345.0,0.24462633073963466,958.3696715774884,11.230328422511661,2026-07-22
17.25,360.0,0.24462633073963466,774.7179372479778,241.64206275202218,2026-07-22
17.5,375.0,0.24462633073963466,601.4627650778472,350.13723492215286,2026-07-22
17.75,390.0,0.24462633073963466,439.61430630340135,458.5856936965987,2026-07-22
18.0,405.0,0.24462633073963466,294.6620186167505,383.3379813832495,2026-07-22
18.25,420.0,0.24462633073963466,174.89500214128194,299.1049978587181,2026-07-22
18.5,435.0,0.24462633073963466,39.844713987531534,288.6552860124685,2026-07-22
18.75,450.0,0.24462633073963466,0.6680783423082278,79.64192165769177,2026-07-22
19.0,465.0,0.24462633073963466,0.0,0.0,2026-07-22
13.0,15.0,0.3653799197202018,4000.425470887552,-1822.425470887552,2026-07-22
13.25,30.0,0.3653799197202018,3978.1918286137343,-102.19182861373429,2026-07-22
13.5,45.0,0.3653799197202018,3910.761150683284,1293.038849316716,2026-07-22
13.75,60.0,0.3653799197202018,3822.870260026788,1593.9297399732122,2026-07-22
14.0,75.0,0.3653799197202018,3731.875020491217,1101.1249795087829,2026-07-22
14.25,90.0,0.3653799197202018,3616.0587989445226,-54.45879894452264,2026-07-22
14.5,105.0,0.3653799197202018,3485.788231083443,876.211768916557,2026-07-22
14.75,120.0,0.3653799197202018,3332.145882553658,1469.9941174463424,2026-07-22
15.0,135.0,0.3653799197202018,3166.798082856731,1917.001917143269,2026-07-22
15.25,150.0,0.3653799197202018,2973.329486861669,2450.670513138331,2026-07-22
15.5,165.0,0.3653799197202018,2763.270824027799,1830.929175972201,2026-07-22
15.75,180.0,0.3653799197202018,2533.397813878385,1344.4021861216152,2026-07-22
16.0,195.0,0.3653799197202018,2296.6283233103554,576.1716766896448,2026-07-22
16.25,210.0,0.3653799197202018,2052.0633867070305,-606.0633867070305,2026-07-22
16.5,225.0,0.3653799197202018,1809.6703556869677,-509.47035568696765,2026-07-22
16.75,240.0,0.3653799197202018,1553.972847975922,-661.172847975922,2026-07-22
17.0,255.0,0.3653799197202018,1293.237269546958,-323.637269546958,2026-07-22
17.25,270.0,0.3653799197202018,1037.8381071625429,-21.47810716254287,2026-07-22
17.5,285.0,0.3653799197202018,794.2067436886921,157.39325631130794,2026-07-22
17.75,300.0,0.3653799197202018,575.5636100058706,322.63638999412944,2026-07-22
18.0,315.0,0.3653799197202018,378.5207575365444,299.4792424634556,2026-07-22
18.25,330.0,0.3653799197202018,199.6720632732064,274.3279367267936,2026-07-22
18.5,345.0,0.3653799197202018,45.9722861608812,282.5277138391188,2026-07-22
18.75,360.0,0.3653799197202018,0.7691014863479719,79.54089851365202,2026-07-22
19.0,375.0,0.3653799197202018,0.0,0.0,2026-07-22
14.5,15.0,0.37186082946209054,3651.329634581508,710.6703654184921,2026-07-22
14.75,30.0,0.37186082946209054,3487.2423184783293,1314.897681521671,2026-07-22
15.0,45.0,0.37186082946209054,3303.923586794196,1779.876413205804,2026-07-22
15.25,60.0,0.37186082946209054,3107.306754040288,2316.693245959712,2026-07-22
15.5,75.0,0.37186082946209054,2883.9056519108326,1710.2943480891672,2026-07-22
15.75,90.0,0.37186082946209054,2639.1588348147097,1238.6411651852904,2026-07-22
16.0,105.0,0.37186082946209054,2386.926960872468,485.87303912753214,2026-07-22
16.25,120.0,0.37186082946209054,2135.571537151656,-689.5715371516558,2026-07-22
16.5,135.0,0.37186082946209054,1884.350247356692,-584.150247356692,2026-07-22
16.75,150.0,0.37186082946209054,1610.9715204737945,-718.1715204737945,2026-07-22
17.0,165.0,0.37186082946209054,1337.1282360878154,-367.52823608781534,2026-07-22
17.25,180.0,0.37186082946209054,1072.387183546596,-56.02718354659589,2026-07-22
17.5,195.0,0.37186082946209054,816.287904669089,135.312095330911,2026-07-22
17.75,210.0,0.37186082946209054,589.2057109277773,308.9942890722227,2026-07-22
18.0,225.0,0.37186082946209054,386.4398520876637,291.5601479123363,2026-07-22
18.25,240.0,0.37186082946209054,204.06993307123005,269.93006692877,2026-07-22
18.5,255.0,0.37186082946209054,47.07180730234069,281.4281926976593,2026-07-22
18.75,270.0,0.37186082946209054,0.7904853512770998,79.5195146487229,2026-07-22
19.0,285.0,0.37186082946209054,0.0,0.0,2026-07-22
16.0,15.0,0.5037103980850547,3099.2603319683817,-226.46033196838152,2026-07-22
16.25,30.0,0.5037103980850547,2761.9537435005027,-1315.9537435005027,2026-07-22
16.5,45.0,0.5037103980850547,2417.7413414980547,-1117.5413414980546,2026-07-22
16.75,60.0,0.5037103980850547,2061.987376023638,-1169.1873760236379,2026-07-22
17.0,75.0,0.5037103980850547,1708.2798239332276,-738.6798239332276,2026-07-22
17.25,90.0,0.5037103980850547,1361.7874656443296,-345.4274656443296,2026-07-22
17.5,105.0,0.5037103980850547,1028.8256689251737,-77.22566892517364,2026-07-22
17.75,120.0,0.5037103980850547,734.5333247042845,163.66667529571555,2026-07-22
18.0,135.0,0.5037103980850547,471.9009082592839,206.09909174071612,2026-07-22
18.25,150.0,0.5037103980850547,241.271386859721,232.728613140279,2026-07-22
18.5,165.0,0.5037103980850547,56.35418314397826,272.1458168560217,2026-07-22
18.75,180.0,0.5037103980850547,0.945287032464596,79.36471296753541,2026-07-22
19.0,195.0,0.5037103980850547,0.0,0.0,2026-07-22
17.5,15.0,0.2262889656449697,646.7350325742358,304.86496742576423,2026-07-22
17.75,30.0,0.2262889656449697,478.4099589769038,419.79004102309625,2026-07-22
18.0,45.0,0.2262889656449697,324.0893315546765,353.9106684453235,2026-07-22
18.25,60.0,0.2262889656449697,176.00437662763926,297.99562337236074,2026-07-22
18.5,75.0,0.2262889656449697,39.8698174419068,288.6301825580932,2026-07-22
18.75,90.0,0.2262889656449697,0.6659705251825051,79.6440294748175,2026-07-22
19.0,105.0,0.2262889656449697,0.0,0.0,2026-07-22
7.0,15.0,0.9024044226777106,1436.1774477220088,565.6825522779911,2026-07-23
7.25,30.0,0.9024044226777106,2002.87886888236,22.12113111764006,2026-07-23
7.5,45.0,0.9024044226777106,2597.1585169545606,-745.0885169545606,2026-07-23
7.75,60.0,0.9024044226777106,3234.04985419764,-1435.8498541976398,2026-07-23
8.0,75.0,0.9024044226777106,3867.765631708752,-944.5656317087523,2026-07-23
8.25,90.0,0.9024044226777106,4505.500300928415,-1561.9003009284147,2026-07-23
8.5,105.0,0.9024044226777106,5145.506065005656,-1796.306065005656,2026-07-23
8.75,120.0,0.9024044226777106,5827.25900132257,-1053.3990013225703,2026-07-23
9.0,135.0,0.9024044226777106,6482.46875996703,-1809.6687599670295,2026-07-23
9.25,150.0,0.9024044226777106,7095.423948644835,-2369.8239486448347,2026-07-23
9.5,165.0,0.9024044226777106,7655.876564626481,-3141.4765646264814,2026-07-23
9.75,180.0,0.9024044226777106,8165.278795084298,-2825.708795084298,2026-07-23
10.0,195.0,0.9024044226777106,8630.832797798246,-2785.032797798246,2026-07-23
10.25,210.0,0.9024044226777106,9062.809390614782,-3051.499390614782,2026-07-23
10.5,225.0,0.9024044226777106,9460.09351066316,-3708.49351066316,2026-07-23
10.75,240.0,0.9024044226777106,9786.300137318834,-1598.700137318834,2026-07-23
11.0,255.0,0.9024044226777106,10051.35318780725,-2335.9531878072503,2026-07-23
11.25,270.0,0.9024044226777106,10281.346372370344,-2588.746372370344,2026-07-23
11.5,285.0,0.9024044226777106,10512.244200260708,-1239.2442002607077,2026-07-23
11.75,300.0,0.9024044226777106,10722.484163085122,-1772.2841630851217,2026-07-23
12.0,315.0,0.9024044226777106,10927.0558602712,-2368.6958602712,2026-07-23
12.25,330.0,0.9024044226777106,10982.586818922526,-2141.8168189225253,2026-07-23
12.5,345.0,0.9024044226777106,10905.513602819914,-2541.513602819914,2026-07-23
12.75,360.0,0.9024044226777106,10778.937289725014,-2158.227289725015,2026-07-23
13.0,375.0,0.9024044226777106,10673.722437070004,-858.3224370700045,2026-07-23
13.25,390.0,0.9024044226777106,10545.659477774398,-1802.4594777743969,2026-07-23
13.5,405.0,0.9024044226777106,10367.492879437696,-3030.092879437696,2026-07-23
13.75,420.0,0.9024044226777106,10063.978768799245,-703.9787687992448,2026-07-23
14.0,435.0,0.9024044226777106,9709.102720613148,-3146.9027206131477,2026-07-23
14.25,450.0,0.9024044226777106,9337.141483409514,-7482.541483409514,2026-07-23
14.5,465.0,0.9024044226777106,8969.381038862264,-8340.581038862265,2026-07-23
14.75,480.0,0.9024044226777106,8556.853493034574,-7542.853493034574,2026-07-23
15.0,495.0,0.9024044226777106,8092.81184878302,-6975.01184878302,2026-07-23
15.25,510.0,0.9024044226777106,7560.747276532977,-5216.547276532977,2026-07-23
15.5,525.0,0.9024044226777106,6994.488433930153,-3659.0884339301533,2026-07-23
15.75,540.0,0.9024044226777106,6407.142291280464,-3451.542291280464,2026-07-23
16.0,555.0,0.9024044226777106,5807.5830946724345,-3480.1830946724344,2026-07-23
16.25,570.0,0.9024044226777106,5184.518286161554,-3161.318286161554,2026-07-23
16.5,585.0,0.9024044226777106,4555.865940951373,382.7340590486274,2026-07-23
16.75,600.0,0.9024044226777106,3924.979865300053,-305.7798653000532,2026-07-23
17.0,615.0,0.9024044226777106,3239.76281193084,-1982.1628119308402,2026-07-23
17.25,630.0,0.9024044226777106,2550.456044722487,-1564.6560447224872,2026-07-23
17.5,645.0,0.9024044226777106,1893.7975247964428,-725.5975247964427,2026-07-23
17.75,660.0,0.9024044226777106,1288.517460664622,-715.5174606646219,2026-07-23
18.0,675.0,0.9024044226777106,759.1704297933704,-347.10042979337044,2026-07-23
18.25,690.0,0.9024044226777106,338.8112832839928,-147.2412832839928,2026-07-23
18.5,705.0,0.9024044226777106,80.98266788916945,-30.58266788916945,2026-07-23
18.75,720.0,0.9024044226777106,1.2111424881209911,-1.2111424881209911,2026-07-23
19.0,735.0,0.9024044226777106,0.0,0.0,2026-07-23
8.5,15.0,0.49675463071189496,3288.4312020567413,60.768797943258505,2026-07-23
8.75,30.0,0.49675463071189496,3752.065234343114,1021.7947656568858,2026-07-23
9.0,45.0,0.49675463071189496,4202.193738786124,470.60626121387577,2026-07-23
9.25,60.0,0.49675463071189496,4620.373965792535,105.22603420746509,2026-07-23
9.5,75.0,0.49675463071189496,5008.401556536064,-494.0015565360645,2026-07-23
9.75,90.0,0.49675463071189496,5375.713948473733,-36.14394847373296,2026-07-23
10.0,105.0,0.49675463071189496,5709.862771652097,135.93722834790333,2026-07-23
10.25,120.0,0.49675463071189496,6036.542829295694,-25.23282929569359,2026-07-23
10.5,135.0,0.49675463071189496,6367.971821620812,-616.3718216208117,2026-07-23
10.75,150.0,0.49675463071189496,6633.901257519703,1553.6987424802974,2026-07-23
11.0,165.0,0.49675463071189496,6875.14642458705,840.2535754129494,2026-07-23
11.25,180.0,0.49675463071189496,7127.807812682509,564.792187317491,2026-07-23
11.5,195.0,0.49675463071189496,7380.8567615209395,1892.1432384790605,2026-07-23
11.75,210.0,0.49675463071189496,7583.996483663824,1366.203516336177,2026-07-23
12.0,225.0,0.49675463071189496,7750.7543623479005,807.6056376521001,2026-07-23
12.25,240.0,0.49675463071189496,7853.760729226306,987.0092707736949,2026-07-23
12.5,255.0,0.49675463071189496,7866.920056215459,497.0799437845408,2026-07-23
12.75,270.0,0.49675463071189496,7796.388493187768,824.3215068122308,2026-07-23
13.0,285.0,0.49675463071189496,7720.106857478178,2095.293142521821,2026-07-23
13.25,300.0,0.49675463071189496,7634.295910512825,1108.904089487176,2026-07-23
13.5,315.0,0.49675463071189496,7516.839869713229,-179.4398697132292,2026-07-23
13.75,330.0,0.49675463071189496,7294.613219907264,2065.3867800927364,2026-07-23
14.0,345.0,0.49675463071189496,7052.258667954834,-490.05866795483416,2026-07-23
14.25,360.0,0.49675463071189496,6799.862647270604,-4945.262647270603,2026-07-23
14.5,375.0,0.49675463071189496,6542.758315622562,-5913.958315622562,2026-07-23
14.75,390.0,0.49675463071189496,6231.734697084181,-5217.734697084181,2026-07-23
15.0,405.0,0.49675463071189496,5896.168181061727,-4778.368181061727,2026-07-23
15.25,420.0,0.49675463071189496,5528.917444833139,-3184.717444833139,2026-07-23
15.5,435.0,0.49675463071189496,5136.1272156801615,-1800.7272156801614,2026-07-23
15.75,450.0,0.49675463071189496,4703.36177465844,-1747.7617746584397,2026-07-23
16.0,465.0,0.49675463071189496,4248.325846309913,-1920.9258463099127,2026-07-23
16.25,480.0,0.49675463071189496,3791.821600326559,-1768.6216003265588,2026-07-23
16.5,495.0,0.49675463071189496,3343.8244096149924,1594.775590385008,2026-07-23
16.75,510.0,0.49675463071189496,2891.034463616836,728.1655363831637,2026-07-23
17.0,525.0,0.49675463071189496,2384.513496010501,-1126.9134960105011,2026-07-23
17.25,540.0,0.49675463071189496,1882.55882559062,-896.7588255906201,2026-07-23
17.5,555.0,0.49675463071189496,1403.3316527944291,-235.1316527944291,2026-07-23
17.75,570.0,0.49675463071189496,958.6904354232646,-385.6904354232646,2026-07-23
18.0,585.0,0.49675463071189496,565.6297744979942,-153.55977449799417,2026-07-23
18.25,600.0,0.49675463071189496,252.08707596907024,-60.51707596907025,2026-07-23
18.5,615.0,0.49675463071189496,59.581817439498494,-9.181817439498495,2026-07-23
18.75,630.0,0.49675463071189496,0.8903171533161434,-0.8903171533161434,2026-07-23
19.0,645.0,0.49675463071189496,0.0,0.0,2026-07-23
10.0,15.0,0.5094646546176178,5814.093279545307,31.706720454692913,2026-07-23
10.25,30.0,0.5094646546176178,6158.009109136776,-146.6991091367754,2026-07-23
10.5,45.0,0.5094646546176178,6505.979200742541,-754.3792007425409,2026-07-23
10.75,60.0,0.5094646546176178,6778.721845576507,1408.8781544234935,2026-07-23
11.0,75.0,0.5094646546176178,7023.006984460936,692.3930155390635,2026-07-23
11.25,90.0,0.5094646546176178,7279.05839412653,413.54160587346996,2026-07-23
11.5,105.0,0.5094646546176178,7532.675292747383,1740.3247072526174,2026-07-23
11.75,120.0,0.5094646546176178,7760.038104859958,1190.1618951400424,2026-07-23
12.0,135.0,0.5094646546176178,7963.363606308078,594.996393691923,2026-07-23
12.25,150.0,0.5094646546176178,8061.02642712978,779.7435728702203,2026-07-23
12.5,165.0,0.5094646546176178,8032.7160356611985,331.2839643388015,2026-07-23
12.75,180.0,0.5094646546176178,7920.29601350481,700.4139864951894,2026-07-23
13.0,195.0,0.5094646546176178,7846.638837916282,1968.7611620837179,2026-07-23
13.25,210.0,0.5094646546176178,7780.993355626943,962.2066443730573,2026-07-23
13.5,225.0,0.5094646546176178,7662.385501620179,-324.9855016201791,2026-07-23
13.75,240.0,0.5094646546176178,7416.310947623381,1943.6890523766187,2026-07-23
14.0,255.0,0.5094646546176178,7160.599703491929,-598.3997034919294,2026-07-23
14.25,270.0,0.5094646546176178,6921.195916495795,-5066.595916495795,2026-07-23
14.5,285.0,0.5094646546176178,6666.296958028669,-6037.496958028669,2026-07-23
14.75,300.0,0.5094646546176178,6342.287768330154,-5328.287768330154,2026-07-23
15.0,315.0,0.5094646546176178,5997.739268193138,-4879.939268193138,2026-07-23
15.25,330.0,0.5094646546176178,5613.835947834712,-3269.635947834712,2026-07-23
15.5,345.0,0.5094646546176178,5199.388359761636,-1863.9883597616358,2026-07-23
15.75,360.0,0.5094646546176178,4741.578068339868,-1785.978068339868,2026-07-23
16.0,375.0,0.5094646546176178,4270.680186685077,-1943.2801866850773,2026-07-23
16.25,390.0,0.5094646546176178,3810.640130066722,-1787.440130066722,2026-07-23
16.5,405.0,0.5094646546176178,3364.013589285512,1574.5864107144885,2026-07-23
16.75,420.0,0.5094646546176178,2912.334409545914,706.865590454086,2026-07-23
17.0,435.0,0.5094646546176178,2403.1511160907453,-1145.5511160907454,2026-07-23
17.25,450.0,0.5094646546176178,1894.334504242408,-908.534504242408,2026-07-23
17.5,465.0,0.5094646546176178,1410.8047904798116,-242.60479047981153,2026-07-23
17.75,480.0,0.5094646546176178,967.1488425789814,-394.14884257898143,2026-07-23
18.0,495.0,0.5094646546176178,573.5378372847475,-161.46783728474753,2026-07-23
18.25,510.0,0.5094646546176178,256.0217460482011,-64.45174604820113,2026-07-23
18.5,525.0,0.5094646546176178,60.43229253348443,-10.03229253348443,2026-07-23
18.75,540.0,0.5094646546176178,0.9001232939687609,-0.9001232939687609,2026-07-23
19.0,555.0,0.5094646546176178,0.0,0.0,2026-07-23
11.5,15.0,0.5875713306543914,8467.74266970725,805.2573302927503,2026-07-23
11.75,30.0,0.5875713306543914,8690.814489164108,259.385510835893,2026-07-23
12.0,45.0,0.5875713306543914,8887.965593383053,-329.6055933830521,2026-07-23
12.25,60.0,0.5875713306543914,9000.403362508112,-159.63336250811153,2026-07-23
12.5,75.0,0.5875713306543914,9000.98830284027,-636.9883028402692,2026-07-23
12.75,90.0,0.5875713306543914,8915.226557496255,-294.5165574962557,2026-07-23
13.0,105.0,0.5875713306543914,8814.954329579019,1000.4456704209806,2026-07-23
13.25,120.0,0.5875713306543914,8696.265437775159,46.93456222484201,2026-07-23
13.5,135.0,0.5875713306543914,8537.854837973078,-1200.4548379730786,2026-07-23
13.75,150.0,0.5875713306543914,8273.395112223772,1086.6048877762278,2026-07-23
14.0,165.0,0.5875713306543914,7981.631415443298,-1419.4314154432977,2026-07-23
14.25,180.0,0.5875713306543914,7687.803280392904,-5833.203280392903,2026-07-23
14.5,195.0,0.5875713306543914,7396.083305129154,-6767.283305129154,2026-07-23
14.75,210.0,0.5875713306543914,7037.676690000563,-6023.676690000563,2026-07-23
15.0,225.0,0.5875713306543914,6642.993288845761,-5525.19328884576,2026-07-23
15.25,240.0,0.5875713306543914,6213.766070937212,-3869.5660709372123,2026-07-23
15.5,255.0,0.5875713306543914,5743.458011395107,-2408.058011395107,2026-07-23
15.75,270.0,0.5875713306543914,5252.666010916511,-2297.0660109165115,2026-07-23
16.0,285.0,0.5875713306543914,4738.188930305827,-2410.788930305827,2026-07-23
16.25,300.0,0.5875713306543914,4213.309176228381,-2190.1091762283813,2026-07-23
16.5,315.0,0.5875713306543914,3697.849640685609,1240.7503593143915,2026-07-23
16.75,330.0,0.5875713306543914,3194.5235491454628,424.67645085453705,2026-07-23
17.0,345.0,0.5875713306543914,2636.154417607532,-1378.5544176075323,2026-07-23
17.25,360.0,0.5875713306543914,2069.8696809502285,-1084.0696809502285,2026-07-23
17.5,375.0,0.5875713306543914,1538.9247070687263,-370.7247070687263,2026-07-23
17.75,390.0,0.5875713306543914,1052.2295425809943,-479.22954258099435,2026-07-23
18.0,405.0,0.5875713306543914,621.4246999484792,-209.3546999484792,2026-07-23
18.25,420.0,0.5875713306543914,277.4081009981025,-85.8381009981025,2026-07-23
18.5,435.0,0.5875713306543914,65.9028044253957,-15.502804425395702,2026-07-23
18.75,450.0,0.5875713306543914,0.9821070073475296,-0.9821070073475296,2026-07-23
19.0,465.0,0.5875713306543914,0.0,0.0,2026-07-23
13.0,15.0,0.6676668803503454,8981.701837177736,833.6981628222638,2026-07-23
13.25,30.0,0.6676668803503454,8885.083148794267,-141.88314879426616,2026-07-23
13.5,45.0,0.6676668803503454,8737.11592122561,-1399.7159212256101,2026-07-23
13.75,60.0,0.6676668803503454,8495.109318566947,864.890681433053,2026-07-23
14.0,75.0,0.6676668803503454,8245.961491417549,-1683.7614914175492,2026-07-23
14.25,90.0,0.6676668803503454,7982.754697590541,-6128.15469759054,2026-07-23
14.5,105.0,0.6676668803503454,7694.851686204413,-7066.051686204413,2026-07-23
14.75,120.0,0.6676668803503454,7336.765373456513,-6322.765373456513,2026-07-23
15.0,135.0,0.6676668803503454,6949.597720758046,-5831.797720758046,2026-07-23
15.25,150.0,0.6676668803503454,6525.308719963127,-4181.108719963127,2026-07-23
15.5,165.0,0.6676668803503454,6063.898731608648,-2728.4987316086476,2026-07-23
15.75,180.0,0.6676668803503454,5552.773496683152,-2597.1734966831523,2026-07-23
16.0,195.0,0.6676668803503454,5032.196274174322,-2704.7962741743218,2026-07-23
16.25,210.0,0.6676668803503454,4496.72197602956,-2473.5219760295604,2026-07-23
16.5,225.0,0.6676668803503454,3958.1851751707136,980.4148248292868,2026-07-23
16.75,240.0,0.6676668803503454,3401.5820456028414,217.61795439715843,2026-07-23
17.0,255.0,0.6676668803503454,2852.4347908200443,-1594.8347908200444,2026-07-23
17.25,270.0,0.6676668803503454,2250.929675028546,-1265.1296750285462,2026-07-23
17.5,285.0,0.6676668803503454,1669.81390249912,-501.61390249912006,2026-07-23
17.75,300.0,0.6676668803503454,1136.0711786356965,-563.0711786356965,2026-07-23
18.0,315.0,0.6676668803503454,667.8624657504145,-255.79246575041446,2026-07-23
18.25,330.0,0.6676668803503454,296.9360263257829,-105.36602632578291,2026-07-23
18.5,345.0,0.6676668803503454,70.55466053175232,-20.15466053175232,2026-07-23
18.75,360.0,0.6676668803503454,1.0502018956840191,-1.0502018956840191,2026-07-23
19.0,375.0,0.6676668803503454,0.0,0.0,2026-07-23
14.5,15.0,0.4922818441039615,5919.877934179831,-5291.077934179831,2026-07-23
14.75,30.0,0.4922818441039615,5635.658171800926,-4621.658171800926,2026-07-23
15.0,45.0,0.4922818441039615,5341.780612786744,-4223.980612786744,2026-07-23
15.25,60.0,0.4922818441039615,5034.965699210863,-2690.765699210863,2026-07-23
15.5,75.0,0.4922818441039615,4696.42776677944,-1361.0277667794403,2026-07-23
15.75,90.0,0.4922818441039615,4308.8268957862665,-1353.2268957862666,2026-07-23
16.0,105.0,0.4922818441039615,3910.997971026175,-1583.597971026175,2026-07-23
16.25,120.0,0.4922818441039615,3507.952888937726,-1484.752888937726,2026-07-23
16.5,135.0,0.4922818441039615,3117.0929761021707,1821.5070238978296,2026-07-23
16.75,150.0,0.4922818441039615,2697.745187395635,921.4548126043646,2026-07-23
17.0,165.0,0.4922818441039615,2275.593033972776,-1017.9930339727762,2026-07-23
17.25,180.0,0.4922818441039615,1802.3452503192664,-816.5452503192664,2026-07-23
17.5,195.0,0.4922818441039615,1339.7123247937836,-171.5123247937836,2026-07-23
17.75,210.0,0.4922818441039615,912.2404608529793,-339.24046085297925,2026-07-23
18.0,225.0,0.4922818441039615,537.0626621613625,-124.99266216136249,2026-07-23
18.25,240.0,0.4922818441039615,239.7807448904612,-48.2107448904612,2026-07-23
18.5,255.0,0.4922818441039615,56.55084181556976,-6.150841815569763,2026-07-23
18.75,270.0,0.4922818441039615,0.8434597719540988,-0.8434597719540988,2026-07-23
19.0,285.0,0.4922818441039615,0.0,0.0,2026-07-23
16.0,15.0,0.25979151425320607,3075.880841182239,-748.4808411822387,2026-07-23
16.25,30.0,0.25979151425320607,2777.003625270435,-753.8036252704348,2026-07-23
16.5,45.0,0.25979151425320607,2477.251978587995,2461.3480214120054,2026-07-23
16.75,60.0,0.25979151425320607,2154.024173597505,1465.1758264024947,2026-07-23
17.0,75.0,0.25979151425320607,1827.4881753385407,-569.8881753385408,2026-07-23
17.25,90.0,0.25979151425320607,1447.9917297565285,-462.1917297565285,2026-07-23
17.5,105.0,0.25979151425320607,1077.7007230322165,90.49927696778354,2026-07-23
17.75,120.0,0.25979151425320607,735.4539206557927,-162.45392065579267,2026-07-23
18.0,135.0,0.25979151425320607,433.65422952558527,-21.584229525585272,2026-07-23
18.25,150.0,0.25979151425320607,193.74197811767576,-2.1719781176757635,2026-07-23
18.5,165.0,0.25979151425320607,45.45039968818741,4.949600311812588,2026-07-23
18.75,180.0,0.25979151425320607,0.6815270755520139,-0.6815270755520139,2026-07-23
19.0,195.0,0.25979151425320607,0.0,0.0,2026-07-23
17.5,15.0,0.5464776352028269,1418.5305820499634,-250.33058204996337,2026-07-23
17.75,30.0,0.5464776352028269,967.6626972902094,-394.6626972902094,2026-07-23
18.0,45.0,0.5464776352028269,571.0592041783816,-158.9892041783816,2026-07-23
18.25,60.0,0.5464776352028269,254.6554868580289,-63.0854868580289,2026-07-23
18.5,75.0,0.5464776352028269,60.32113394702823,-9.921133947028231,2026-07-23
18.75,90.0,0.5464776352028269,0.9023767348930204,-0.9023767348930204,2026-07-23
19.0,105.0,0.5464776352028269,0.0,0.0,2026-07-23
7.0,15.0,0.40125326983669124,830.3027200171445,-209.94272001714444,2026-07-24
7.25,30.0,0.40125326983669124,1157.497607526897,-324.9976075268969,2026-07-24
7.5,45.0,0.40125326983669124,1498.0289233312876,-310.6289233312875,2026-07-24
7.75,60.0,0.40125326983669124,1865.3460632604852,-628.7460632604852,2026-07-24
8.0,75.0,0.40125326983669124,2235.980433499337,-650.0504334993368,2026-07-24
8.25,90.0,0.40125326983669124,2610.3958950396373,-146.19589503963743,2026-07-24
8.5,105.0,0.40125326983669124,2987.4461503474217,-367.8461503474218,2026-07-24
8.75,120.0,0.40125326983669124,3383.015827498434,-791.6158274984341,2026-07-24
9.0,135.0,0.40125326983669124,3770.466003497254,-799.2660034972541,2026-07-24
9.25,150.0,0.40125326983669124,4147.856013508047,-1869.566013508047,2026-07-24
9.5,165.0,0.40125326983669124,4500.863130904708,-2187.223130904708,2026-07-24
9.75,180.0,0.40125326983669124,4828.339419286588,-2982.6994192865877,2026-07-24
10.0,195.0,0.40125326983669124,5142.558412065105,-3194.698412065105,2026-07-24
10.25,210.0,0.40125326983669124,5445.826353274786,-494.02635327478583,2026-07-24
10.5,225.0,0.40125326983669124,5738.397478393152,3591.6025216068483,2026-07-24
10.75,240.0,0.40125326983669124,5971.481032479521,2901.918967520479,2026-07-24
11.0,255.0,0.40125326983669124,6188.185777204105,-1035.3857772041047,2026-07-24
11.25,270.0,0.40125326983669124,6395.666203481105,-1891.4662034811054,2026-07-24
11.5,285.0,0.40125326983669124,6610.735645239469,-1708.7356452394688,2026-07-24
11.75,300.0,0.40125326983669124,6768.87834486152,36.3216551384794,2026-07-24
12.0,315.0,0.40125326983669124,6912.700254645215,2045.299745354785,2026-07-24
12.25,330.0,0.40125326983669124,7021.7591731359535,2282.4408268640473,2026-07-24
12.5,345.0,0.40125326983669124,7065.502052280809,1579.8979477191906,2026-07-24
12.75,360.0,0.40125326983669124,7015.913054192786,3906.4869458072135,2026-07-24
13.0,375.0,0.40125326983669124,6966.765750361917,2561.0242496380843,2026-07-24
13.25,390.0,0.40125326983669124,6900.316364540556,-404.1163645405559,2026-07-24
13.5,405.0,0.40125326983669124,6806.333557842112,3012.0664421578876,2026-07-24
13.75,420.0,0.40125326983669124,6634.776745757336,2434.2232542426636,2026-07-24
14.0,435.0,0.40125326983669124,6454.052865989375,4861.717134010625,2026-07-24
14.25,450.0,0.40125326983669124,6256.377380634803,5095.022619365197,2026-07-24
14.5,465.0,0.40125326983669124,6053.585663014186,4996.614336985815,2026-07-24
14.75,480.0,0.40125326983669124,5781.6578491974105,4872.54215080259,2026-07-24
15.0,495.0,0.40125326983669124,5494.832433763047,3350.3675662369533,2026-07-24
15.25,510.0,0.40125326983669124,5190.009691019329,3628.190308980672,2026-07-24
15.5,525.0,0.40125326983669124,4855.599127814238,2600.6008721857615,2026-07-24
15.75,540.0,0.40125326983669124,4435.758033925117,1136.4419660748827,2026-07-24
16.0,555.0,0.40125326983669124,3982.96870942735,245.23129057264987,2026-07-24
16.25,570.0,0.40125326983669124,3519.69471397259,694.7052860274098,2026-07-24
16.5,585.0,0.40125326983669124,3056.020373803899,1052.7796261961012,2026-07-24
16.75,600.0,0.40125326983669124,2588.287557078449,2438.212442921551,2026-07-24
17.0,615.0,0.40125326983669124,2123.047901196197,99.95209880380298,2026-07-24
17.25,630.0,0.40125326983669124,1671.8858840549208,-173.68588405492073,2026-07-24
17.5,645.0,0.40125326983669124,1242.918067804774,814.4819321952261,2026-07-24
17.75,660.0,0.40125326983669124,845.1895460784206,1270.4504539215793,2026-07-24
18.0,675.0,0.40125326983669124,495.594088014893,1019.615911985107,2026-07-24
18.25,690.0,0.40125326983669124,219.28850002708688,500.11149997291307,2026-07-24
18.5,705.0,0.40125326983669124,50.29926381171733,298.3007361882827,2026-07-24
18.75,720.0,0.40125326983669124,0.6597573971541464,136.14024260284586,2026-07-24
19.0,735.0,0.40125326983669124,0.0,0.0,2026-07-24
8.5,15.0,0.31763422956837434,2715.7896724276097,-96.18967242760982,2026-07-24
8.75,30.0,0.31763422956837434,3077.914050531725,-486.51405053172493,2026-07-24
9.0,45.0,0.31763422956837434,3432.198176926199,-460.998176926199,2026-07-24
9.25,60.0,0.31763422956837434,3767.058454238717,-1488.768454238717,2026-07-24
9.5,75.0,0.31763422956837434,4085.65779394057,-1772.0177939405703,2026-07-24
9.75,90.0,0.31763422956837434,4383.643474753936,-2538.0034747539357,2026-07-24
10.0,105.0,0.31763422956837434,4662.079659884527,-2714.2196598845276,2026-07-24
10.25,120.0,0.31763422956837434,4936.352950626402,15.44704937359802,2026-07-24
10.5,135.0,0.31763422956837434,5213.886307099734,4116.113692900266,2026-07-24
10.75,150.0,0.31763422956837434,5432.857210773944,3440.542789226056,2026-07-24
11.0,165.0,0.31763422956837434,5619.361724972703,-466.5617249727029,2026-07-24
11.25,180.0,0.31763422956837434,5824.728887979234,-1320.5288879792342,2026-07-24
11.5,195.0,0.31763422956837434,6035.639142484153,-1133.6391424841531,2026-07-24
11.75,210.0,0.31763422956837434,6179.559901838454,625.6400981615461,2026-07-24
12.0,225.0,0.31763422956837434,6297.405850452776,2660.5941495472243,2026-07-24
12.25,240.0,0.31763422956837434,6379.598845925186,2924.601154074815,2026-07-24
12.5,255.0,0.31763422956837434,6420.779859521977,2224.620140478022,2026-07-24
12.75,270.0,0.31763422956837434,6377.759864927988,4544.640135072012,2026-07-24
13.0,285.0,0.31763422956837434,6333.277809378528,3194.5121906214727,2026-07-24
13.25,300.0,0.31763422956837434,6274.8282741301055,221.37172586989436,2026-07-24
13.5,315.0,0.31763422956837434,6194.388769214313,3624.011230785687,2026-07-24
13.75,330.0,0.31763422956837434,6043.53990608151,3025.46009391849,2026-07-24
14.0,345.0,0.31763422956837434,5886.375120252576,5429.394879747424,2026-07-24
14.25,360.0,0.31763422956837434,5729.3331594888405,5622.066840511159,2026-07-24
14.5,375.0,0.31763422956837434,5553.660132236252,5496.539867763749,2026-07-24
14.75,390.0,0.31763422956837434,5311.722064891851,5342.47793510815,2026-07-24
15.0,405.0,0.31763422956837434,5053.640365818567,3791.5596341814335,2026-07-24
15.25,420.0,0.31763422956837434,4771.443014588658,4046.7569854113426,2026-07-24
15.5,435.0,0.31763422956837434,4467.291638507937,2988.908361492063,2026-07-24
15.75,450.0,0.31763422956837434,4075.304266989847,1496.895733010153,2026-07-24
16.0,465.0,0.31763422956837434,3655.84764007188,572.3523599281198,2026-07-24
16.25,480.0,0.31763422956837434,3230.105138921582,984.2948610784179,2026-07-24
16.5,495.0,0.31763422956837434,2806.466718782457,1302.3332812175431,2026-07-24
16.75,510.0,0.31763422956837434,2376.4787845812307,2650.0212154187693,2026-07-24
17.0,525.0,0.31763422956837434,1945.8814751042105,277.1185248957895,2026-07-24
17.25,540.0,0.31763422956837434,1534.596920389863,-36.396920389863,2026-07-24
17.5,555.0,0.31763422956837434,1142.2514463769642,915.1485536230359,2026-07-24
17.75,570.0,0.31763422956837434,776.3324139701014,1339.3075860298986,2026-07-24
18.0,585.0,0.31763422956837434,454.3326797916475,1060.8773202083526,2026-07-24
18.25,600.0,0.31763422956837434,200.3611354894264,519.0388645105736,2026-07-24
18.5,615.0,0.31763422956837434,45.76536290181131,302.8346370981887,2026-07-24
18.75,630.0,0.31763422956837434,0.5999001147340804,136.20009988526593,2026-07-24
19.0,645.0,0.31763422956837434,0.0,0.0,2026-07-24
10.0,15.0,0.249023798290726,3968.292543316851,-2020.4325433168513,2026-07-24
10.25,30.0,0.249023798290726,4220.306555232855,731.4934447671449,2026-07-24
10.5,45.0,0.249023798290726,4467.521389189416,4862.478610810584,2026-07-24
10.75,60.0,0.249023798290726,4669.363128299877,4204.036871700123,2026-07-24
11.0,75.0,0.249023798290726,4863.976681692519,288.8233183074808,2026-07-24
11.25,90.0,0.249023798290726,5060.416342534195,-556.2163425341951,2026-07-24
11.5,105.0,0.249023798290726,5250.122336859853,-348.122336859853,2026-07-24
11.75,120.0,0.249023798290726,5387.871780623993,1417.328219376007,2026-07-24
12.0,135.0,0.249023798290726,5515.513917712448,3442.4860822875517,2026-07-24
12.25,150.0,0.249023798290726,5611.107408399318,3693.0925916006827,2026-07-24
12.5,165.0,0.249023798290726,5655.517667336788,2989.882332663212,2026-07-24
12.75,180.0,0.249023798290726,5626.556288879327,5295.843711120672,2026-07-24
13.0,195.0,0.249023798290726,5606.798408265281,3920.99159173472,2026-07-24
13.25,210.0,0.249023798290726,5578.750413405492,917.4495865945082,2026-07-24
13.5,225.0,0.249023798290726,5523.152634892453,4295.247365107547,2026-07-24
13.75,240.0,0.249023798290726,5394.286777677799,3674.7132223222006,2026-07-24
14.0,255.0,0.249023798290726,5258.827195763581,6056.94280423642,2026-07-24
14.25,270.0,0.249023798290726,5121.629463301916,6229.770536698084,2026-07-24
14.5,285.0,0.249023798290726,4976.803691474214,6073.3963085257865,2026-07-24
14.75,300.0,0.249023798290726,4761.14068523003,5893.059314769971,2026-07-24
15.0,315.0,0.249023798290726,4529.120618369315,4316.079381630686,2026-07-24
15.25,330.0,0.249023798290726,4276.356845079891,4541.84315492011,2026-07-24
15.5,345.0,0.249023798290726,4005.836115872833,3450.363884127167,2026-07-24
15.75,360.0,0.249023798290726,3654.2586173632494,1917.9413826367504,2026-07-24
16.0,375.0,0.249023798290726,3281.276932954237,946.9230670457628,2026-07-24
16.25,390.0,0.249023798290726,2903.298176293967,1311.1018237060325,2026-07-24
16.5,405.0,0.249023798290726,2523.361287556812,1585.4387124431883,2026-07-24
16.75,420.0,0.249023798290726,2137.934305949781,2888.565694050219,2026-07-24
17.0,435.0,0.249023798290726,1754.0574576687789,468.94254233122115,2026-07-24
17.25,450.0,0.249023798290726,1382.1694454456303,116.0305545543697,2026-07-24
17.5,465.0,0.249023798290726,1027.8502633302708,1029.5497366697293,2026-07-24
17.75,480.0,0.249023798290726,699.0257251535232,1416.6142748464767,2026-07-24
18.0,495.0,0.249023798290726,409.9383490940562,1105.2716509059437,2026-07-24
18.25,510.0,0.249023798290726,181.12472717109088,538.2752728289091,2026-07-24
18.5,525.0,0.249023798290726,41.16944357524419,307.4305564247558,2026-07-24
18.75,540.0,0.249023798290726,0.5400966273335132,136.25990337266649,2026-07-24
19.0,555.0,0.249023798290726,0.0,0.0,2026-07-24
11.5,15.0,0.6037260601532187,8239.047774958071,-3337.0477749580714,2026-07-24
11.75,30.0,0.6037260601532187,8414.383703244892,-1609.183703244892,2026-07-24
12.0,45.0,0.6037260601532187,8579.725596003507,378.27440399649277,2026-07-24
12.25,60.0,0.6037260601532187,8700.53862426727,603.6613757327304,2026-07-24
12.5,75.0,0.6037260601532187,8722.41347063199,-77.01347063198955,2026-07-24
12.75,90.0,0.6037260601532187,8644.56469669418,2277.8353033058193,2026-07-24
13.0,105.0,0.6037260601532187,8566.88016813301,960.9098318669912,2026-07-24
13.25,120.0,0.6037260601532187,8468.527295161555,-1972.3272951615554,2026-07-24
13.5,135.0,0.6037260601532187,8341.711093312779,1476.6889066872209,2026-07-24
13.75,150.0,0.6037260601532187,8137.961902621415,931.038097378585,2026-07-24
14.0,165.0,0.6037260601532187,7896.665473569128,3419.1045264308723,2026-07-24
14.25,180.0,0.6037260601532187,7642.824014331315,3708.5759856686846,2026-07-24
14.5,195.0,0.6037260601532187,7377.841462954409,3672.358537045592,2026-07-24
14.75,210.0,0.6037260601532187,7029.636850219082,3624.563149780919,2026-07-24
15.0,225.0,0.6037260601532187,6651.162326773628,2194.037673226373,2026-07-24
15.25,240.0,0.6037260601532187,6252.529772666368,2565.6702273336323,2026-07-24
15.5,255.0,0.6037260601532187,5835.867837457287,1620.3321625427125,2026-07-24
15.75,270.0,0.6037260601532187,5323.422148525238,248.77785147476152,2026-07-24
16.0,285.0,0.6037260601532187,4788.874133195071,-560.6741331950716,2026-07-24
16.25,300.0,0.6037260601532187,4271.412323100279,-57.01232310027899,2026-07-24
16.5,315.0,0.6037260601532187,3768.994463414752,339.8055365852483,2026-07-24
16.75,330.0,0.6037260601532187,3195.9424192199617,1830.5575807800383,2026-07-24
17.0,345.0,0.6037260601532187,2592.6791577735585,-369.6791577735585,2026-07-24
17.25,360.0,0.6037260601532187,2032.0322600184004,-533.8322600184003,2026-07-24
17.5,375.0,0.6037260601532187,1509.9056796493687,547.4943203506314,2026-07-24
17.75,390.0,0.6037260601532187,1025.6211018708434,1090.0188981291565,2026-07-24
18.0,405.0,0.6037260601532187,600.8759421587115,914.3340578412885,2026-07-24
18.25,420.0,0.6037260601532187,265.70162723668324,453.69837276331674,2026-07-24
18.5,435.0,0.6037260601532187,61.41895439721611,287.1810456027839,2026-07-24
18.75,450.0,0.6037260601532187,0.8037124289028097,135.9962875710972,2026-07-24
19.0,465.0,0.6037260601532187,0.0,0.0,2026-07-24
13.0,15.0,0.7353787265960897,9771.481885572948,-243.69188557294729,2026-07-24
13.25,30.0,0.7353787265960897,9611.205490867442,-3115.005490867442,2026-07-24
13.5,45.0,0.7353787265960897,9407.718644487526,410.6813555124736,2026-07-24
13.75,60.0,0.7353787265960897,9133.40302924938,-64.40302924938078,2026-07-24
14.0,75.0,0.7353787265960897,8852.815054994348,2462.954945005653,2026-07-24
14.25,90.0,0.7353787265960897,8561.104452932692,2790.295547067308,2026-07-24
14.5,105.0,0.7353787265960897,8247.363363892884,2802.8366361071166,2026-07-24
14.75,120.0,0.7353787265960897,7868.055960419048,2786.144039580953,2026-07-24
15.0,135.0,0.7353787265960897,7472.284893368609,1372.9151066313916,2026-07-24
15.25,150.0,0.7353787265960897,7041.0787393122655,1777.1212606877352,2026-07-24
15.5,165.0,0.7353787265960897,6576.628297173407,879.5717028265926,2026-07-24
15.75,180.0,0.7353787265960897,6033.870950858694,-461.6709508586946,2026-07-24
16.0,195.0,0.7353787265960897,5486.2439931594645,-1258.0439931594647,2026-07-24
16.25,210.0,0.7353787265960897,4863.721775988606,-649.3217759886065,2026-07-24
16.5,225.0,0.7353787265960897,4233.880156329678,-125.08015632967818,2026-07-24
16.75,240.0,0.7353787265960897,3587.6358939481383,1438.8641060518617,2026-07-24
17.0,255.0,0.7353787265960897,2936.098063798528,-713.0980637985281,2026-07-24
17.25,270.0,0.7353787265960897,2307.25522725924,-809.0552272592402,2026-07-24
17.5,285.0,0.7353787265960897,1713.124492102691,344.2755078973091,2026-07-24
17.75,300.0,0.7353787265960897,1164.7726552466977,950.8673447533022,2026-07-24
18.0,315.0,0.7353787265960897,683.6186189365702,831.5913810634298,2026-07-24
18.25,330.0,0.7353787265960897,302.66911313909253,416.73088686090745,2026-07-24
18.5,345.0,0.7353787265960897,70.39029475633494,278.2097052436651,2026-07-24
18.75,360.0,0.7353787265960897,0.9227705152266996,135.87722948477332,2026-07-24
19.0,375.0,0.7353787265960897,0.0,0.0,2026-07-24
14.5,15.0,0.9203896984905813,10162.672537751316,887.527462248685,2026-07-24
14.75,30.0,0.9203896984905813,9624.15460552543,1030.0453944745714,2026-07-24
15.0,45.0,0.9203896984905813,9054.124148846982,-208.92414884698155,2026-07-24
15.25,60.0,0.9203896984905813,8468.847802813838,349.3521971861628,2026-07-24
15.5,75.0,0.9203896984905813,7862.976329853868,-406.77632985386845,2026-07-24
15.75,90.0,0.9203896984905813,7203.244722913128,-1631.0447229131278,2026-07-24
16.0,105.0,0.9203896984905813,6527.85074877285,-2299.6507487728504,2026-07-24
16.25,120.0,0.9203896984905813,5767.136126617272,-1552.736126617272,2026-07-24
16.5,135.0,0.9203896984905813,4999.465208276953,-890.6652082769524,2026-07-24
16.75,150.0,0.9203896984905813,4226.40794038691,800.09205961309,2026-07-24
17.0,165.0,0.9203896984905813,3461.1805353793857,-1238.1805353793857,2026-07-24
17.25,180.0,0.9203896984905813,2718.5925671117197,-1220.3925671117197,2026-07-24
17.5,195.0,0.9203896984905813,2015.6962204131487,41.7037795868514,2026-07-24
17.75,210.0,0.9203896984905813,1368.6440019588938,746.9959980411061,2026-07-24
18.0,225.0,0.9203896984905813,800.5781963211156,714.6318036788845,2026-07-24
18.25,240.0,0.9203896984905813,353.3262111446625,366.07378885533745,2026-07-24
18.5,255.0,0.9203896984905813,82.42943714811477,266.1705628518853,2026-07-24
18.75,270.0,0.9203896984905813,1.0827574078895934,135.7172425921104,2026-07-24
19.0,285.0,0.9203896984905813,0.0,0.0,2026-07-24
16.0,15.0,0.9437739182999518,6660.257413810593,-2432.057413810593,2026-07-24
16.25,30.0,0.9437739182999518,5886.552490470862,-1672.1524904708622,2026-07-24
16.5,45.0,0.9437739182999518,5109.906128195323,-1001.1061281953225,2026-07-24
16.75,60.0,0.9437739182999518,4323.91366570914,702.5863342908597,2026-07-24
17.0,75.0,0.9437739182999518,3538.809433069991,-1315.809433069991,2026-07-24
17.25,90.0,0.9437739182999518,2784.704397318357,-1286.5043973183572,2026-07-24
17.5,105.0,0.9437739182999518,2064.9628121798087,-7.5628121798085886,2026-07-24
17.75,120.0,0.9437739182999518,1398.3083874355805,717.3316125644194,2026-07-24
18.0,135.0,0.9437739182999518,817.0591890333961,698.1508109666039,2026-07-24
18.25,150.0,0.9437739182999518,360.4109226072501,358.9890773927499,2026-07-24
18.5,165.0,0.9437739182999518,84.12525235752263,264.4747476424774,2026-07-24
18.75,180.0,0.9437739182999518,1.1025504887218025,135.69744951127822,2026-07-24
19.0,195.0,0.9437739182999518,0.0,0.0,2026-07-24
17.5,15.0,0.714817067629065,1689.9342178160834,367.46578218391664,2026-07-24
17.75,30.0,0.714817067629065,1150.6356030255404,965.0043969744595,2026-07-24
18.0,45.0,0.714817067629065,675.0622652596901,840.1477347403099,2026-07-24
18.25,60.0,0.714817067629065,298.33589398752093,421.06410601247904,2026-07-24
18.5,75.0,0.714817067629065,69.34083808359918,279.25916191640084,2026-07-24
18.75,90.0,0.714817067629065,0.9107758529872624,135.88922414701275,2026-07-24
19.0,105.0,0.714817067629065,0.0,0.0,2026-07-24
7.0,15.0,0.6306794296001873,1185.3516229640838,-192.95162296408387,2026-07-25
7.25,30.0,0.6306794296001873,1661.3713972149635,-391.7313972149634,2026-07-25
7.5,45.0,0.6306794296001873,2164.33449173173,-443.4044917317299,2026-07-25
7.75,60.0,0.6306794296001873,2701.7171966434366,-65.31719664343655,2026-07-25
8.0,75.0,0.6306794296001873,3243.2923160924097,849.3076839075902,2026-07-25
8.25,90.0,0.6306794296001873,3793.160562801917,2590.2394371980827,2026-07-25
8.5,105.0,0.6306794296001873,4341.30184558414,3005.69815441586,2026-07-25
8.75,120.0,0.6306794296001873,4886.701131500225,3276.2988684997754,2026-07-25
9.0,135.0,0.6306794296001873,5403.8518310832105,3288.218168916789,2026-07-25
9.25,150.0,0.6306794296001873,5888.8566953596655,1709.543304640334,2026-07-25
9.5,165.0,0.6306794296001873,6347.147006392015,2009.6529936079842,2026-07-25
9.75,180.0,0.6306794296001873,6758.079500369433,2835.920499630567,2026-07-25
10.0,195.0,0.6306794296001873,7140.695275661012,3079.1047243389876,2026-07-25
10.25,210.0,0.6306794296001873,7536.4885225517055,3075.111477448295,2026-07-25
10.5,225.0,0.6306794296001873,7945.2477050136895,2769.2522949863105,2026-07-25
10.75,240.0,0.6306794296001873,8267.932230871602,3166.8677691283974,2026-07-25
11.0,255.0,0.6306794296001873,8517.990400728851,2615.609599271149,2026-07-25
11.25,270.0,0.6306794296001873,8750.061287499513,2601.3387125004865,2026-07-25
11.5,285.0,0.6306794296001873,9016.547914382109,3248.052085617892,2026-07-25
11.75,300.0,0.6306794296001873,9226.567221158752,2909.632778841249,2026-07-25
12.0,315.0,0.6306794296001873,9381.677808979452,241.1221910205477,2026-07-25
12.25,330.0,0.6306794296001873,9443.792804948049,604.4071950519519,2026-07-25
12.5,345.0,0.6306794296001873,9399.860723766717,2155.539276233283,2026-07-25
12.75,360.0,0.6306794296001873,9257.923074119652,-754.7230741196508,2026-07-25
13.0,375.0,0.6306794296001873,9130.52301798488,1433.07698201512,2026-07-25
13.25,390.0,0.6306794296001873,9008.53787921476,-1.9378792147599597,2026-07-25
13.5,405.0,0.6306794296001873,8864.072300534324,2385.3276994656753,2026-07-25
13.75,420.0,0.6306794296001873,8649.970963086675,2588.0290369133254,2026-07-25
14.0,435.0,0.6306794296001873,8387.664452143315,2073.3355478566846,2026-07-25
14.25,450.0,0.6306794296001873,8100.969360009099,-613.609360009099,2026-07-25
14.5,465.0,0.6306794296001873,7805.684608048757,2251.515391951244,2026-07-25
14.75,480.0,0.6306794296001873,7451.036271582858,-32.63627158285817,2026-07-25
15.0,495.0,0.6306794296001873,7056.272714492884,208.52728550711618,2026-07-25
15.25,510.0,0.6306794296001873,6624.74438741522,-1996.3443874152208,2026-07-25
15.5,525.0,0.6306794296001873,6168.986734548737,-40.586734548737695,2026-07-25
15.75,540.0,0.6306794296001873,5649.179836935254,1453.7501630647466,2026-07-25
16.0,555.0,0.6306794296001873,5069.446074930834,1178.3539250691665,2026-07-25
16.25,570.0,0.6306794296001873,4487.533243438224,-4.89324343822409,2026-07-25
16.5,585.0,0.6306794296001873,3906.879672997321,1403.120327002679,2026-07-25
16.75,600.0,0.6306794296001873,3317.937264094131,2048.6327359058687,2026-07-25
17.0,615.0,0.6306794296001873,2719.9374499968926,803.2625500031072,2026-07-25
17.25,630.0,0.6306794296001873,2139.2130754665927,-177.85307546659283,2026-07-25
17.5,645.0,0.6306794296001873,1589.1256338713936,865.4743661286063,2026-07-25
17.75,660.0,0.6306794296001873,1081.326202686925,1547.273797313075,2026-07-25
18.0,675.0,0.6306794296001873,632.7622500685019,1165.4377499314983,2026-07-25
18.25,690.0,0.6306794296001873,277.4534607302978,1079.146539269702,2026-07-25
18.5,705.0,0.6306794296001873,62.411788082739285,747.5882119172608,2026-07-25
18.75,720.0,0.6306794296001873,0.7071670760446265,188.2928329239554,2026-07-25
19.0,735.0,0.6306794296001873,0.0,22.5,2026-07-25
8.5,15.0,0.7289359587578577,5100.657239653591,2246.342760346409,2026-07-25
8.75,30.0,0.7289359587578577,5708.034806918627,2454.9651930813734,2026-07-25
9.0,45.0,0.7289359587578577,6272.187705360127,2419.8822946398723,2026-07-25
9.25,60.0,0.7289359587578577,6798.19720177233,800.2027982276695,2026-07-25
9.5,75.0,0.7289359587578577,7290.951575552537,1065.848424447462,2026-07-25
9.75,90.0,0.7289359587578577,7734.895346445061,1859.1046535549394,2026-07-25
10.0,105.0,0.7289359587578577,8131.387312162467,2088.412687837532,2026-07-25
10.25,120.0,0.7289359587578577,8538.150231860514,2073.449768139486,2026-07-25
10.5,135.0,0.7289359587578577,8976.749146375912,1737.7508536240875,2026-07-25
10.75,150.0,0.7289359587578577,9302.63710948854,2132.1628905114594,2026-07-25
11.0,165.0,0.7289359587578577,9541.274184189422,1592.3258158105782,2026-07-25
11.25,180.0,0.7289359587578577,9806.274111710292,1545.1258882897073,2026-07-25
11.5,195.0,0.7289359587578577,10129.819971699835,2134.780028300165,2026-07-25
11.75,210.0,0.7289359587578577,10378.172965720154,1758.0270342798467,2026-07-25
12.0,225.0,0.7289359587578577,10533.703130560652,-910.9031305606532,2026-07-25
12.25,240.0,0.7289359587578577,10572.009672565538,-523.8096725655378,2026-07-25
12.5,255.0,0.7289359587578577,10482.400748113523,1072.9992518864765,2026-07-25
12.75,270.0,0.7289359587578577,10311.114147679657,-1807.9141476796558,2026-07-25
13.0,285.0,0.7289359587578577,10136.900879182822,426.6991208171785,2026-07-25
13.25,300.0,0.7289359587578577,9955.0997529513,-948.4997529513003,2026-07-25
13.5,315.0,0.7289359587578577,9775.8877015594,1473.512298440599,2026-07-25
13.75,330.0,0.7289359587578577,9565.555688914374,1672.4443110856264,2026-07-25
14.0,345.0,0.7289359587578577,9322.161110263038,1138.8388897369623,2026-07-25
14.25,360.0,0.7289359587578577,9043.486217471143,-1556.1262174711437,2026-07-25
14.5,375.0,0.7289359587578577,8727.0172095618,1330.1827904382008,2026-07-25
14.75,390.0,0.7289359587578577,8332.32183973599,-913.9218397359909,2026-07-25
15.0,405.0,0.7289359587578577,7877.567549067273,-612.7675490672727,2026-07-25
15.25,420.0,0.7289359587578577,7394.227384427866,-2765.8273844278665,2026-07-25
15.5,435.0,0.7289359587578577,6881.9502897543,-753.5502897543001,2026-07-25
15.75,450.0,0.7289359587578577,6280.4296949185255,822.5003050814748,2026-07-25
16.0,465.0,0.7289359587578577,5609.015875523692,638.7841244763085,2026-07-25
16.25,480.0,0.7289359587578577,4959.944587572679,-477.30458757267843,2026-07-25
16.5,495.0,0.7289359587578577,4321.774514194832,988.2254858051683,2026-07-25
16.75,510.0,0.7289359587578577,3656.882993772087,1709.6870062279127,2026-07-25
17.0,525.0,0.7289359587578577,2981.720454629449,541.479545370551,2026-07-25
17.25,540.0,0.7289359587578577,2345.961935305017,-384.60193530501715,2026-07-25
17.5,555.0,0.7289359587578577,1751.1400845292644,703.4599154707355,2026-07-25
17.75,570.0,0.7289359587578577,1194.5485464425708,1434.051453557429,2026-07-25
18.0,585.0,0.7289359587578577,699.8430757276765,1098.3569242723236,2026-07-25
18.25,600.0,0.7289359587578577,306.8602030630528,1049.7397969369472,2026-07-25
18.5,615.0,0.7289359587578577,69.19264428623755,740.8073557137625,2026-07-25
18.75,630.0,0.7289359587578577,0.7830273000509675,188.21697269994903,2026-07-25
19.0,645.0,0.7289359587578577,0.0,22.5,2026-07-25
10.0,15.0,1.0286992970229538,10323.308525133163,-103.50852513316386,2026-07-25
10.25,30.0,1.0286992970229538,10823.71351678084,-212.11351678083884,2026-07-25
10.5,45.0,1.0286992970229538,11330.791299301314,-616.2912993013142,2026-07-25
10.75,60.0,1.0286992970229538,11728.229165921468,-293.42916592146867,2026-07-25
11.0,75.0,1.0286992970229538,12040.285544191654,-906.6855441916541,2026-07-25
11.25,90.0,1.0286992970229538,12361.629013028994,-1010.2290130289948,2026-07-25
11.5,105.0,1.0286992970229538,12697.584889902066,-432.98488990206533,2026-07-25
11.75,120.0,1.0286992970229538,12962.35721662125,-826.15721662125,2026-07-25
12.0,135.0,1.0286992970229538,13139.179770694916,-3516.379770694917,2026-07-25
12.25,150.0,1.0286992970229538,13191.444503310971,-3143.2445033109707,2026-07-25
12.5,165.0,1.0286992970229538,13081.65063472778,-1526.2506347277795,2026-07-25
12.75,180.0,1.0286992970229538,12874.215765724815,-4371.015765724815,2026-07-25
13.0,195.0,1.0286992970229538,12674.653258031243,-2111.053258031243,2026-07-25
13.25,210.0,1.0286992970229538,12441.283199733774,-3434.683199733774,2026-07-25
13.5,225.0,1.0286992970229538,12195.09382375144,-945.6938237514405,2026-07-25
13.75,240.0,1.0286992970229538,11911.187800668966,-673.1878006689658,2026-07-25
14.0,255.0,1.0286992970229538,11597.725359694374,-1136.7253596943738,2026-07-25
14.25,270.0,1.0286992970229538,11235.339205678518,-3747.979205678518,2026-07-25
14.5,285.0,1.0286992970229538,10814.04188496068,-756.8418849606787,2026-07-25
14.75,300.0,1.0286992970229538,10310.480633148742,-2892.080633148742,2026-07-25
15.0,315.0,1.0286992970229538,9763.624084583773,-2498.8240845837727,2026-07-25
15.25,330.0,1.0286992970229538,9161.317744975757,-4532.917744975757,2026-07-25
15.5,345.0,1.0286992970229538,8500.649836374672,-2372.2498363746727,2026-07-25
15.75,360.0,1.0286992970229538,7750.56030284994,-647.6303028499397,2026-07-25
16.0,375.0,1.0286992970229538,6925.709818415334,-677.9098184153336,2026-07-25
16.25,390.0,1.0286992970229538,6103.687125848548,-1621.0471258485477,2026-07-25
16.5,405.0,1.0286992970229538,5300.815100591657,9.184899408342972,2026-07-25
16.75,420.0,1.0286992970229538,4492.289550001049,874.2804499989506,2026-07-25
17.0,435.0,1.0286992970229538,3677.22633241018,-154.0263324101802,2026-07-25
17.25,450.0,1.0286992970229538,2894.901833278252,-933.5418332782522,2026-07-25
17.5,465.0,1.0286992970229538,2155.1354067409043,299.46459325909564,2026-07-25
17.75,480.0,1.0286992970229538,1467.156209281446,1161.4437907185538,2026-07-25
18.0,495.0,1.0286992970229538,857.7875830057781,940.412416994222,2026-07-25
18.25,510.0,1.0286992970229538,375.52836976331656,981.0716302366834,2026-07-25
18.5,525.0,1.0286992970229538,85.1761211593611,724.8238788406389,2026-07-25
18.75,540.0,1.0286992970229538,0.9640439930643584,188.03595600693563,2026-07-25
19.0,555.0,1.0286992970229538,0.0,22.5,2026-07-25
11.5,15.0,0.9758793171528914,12541.625017325545,-277.02501732554447,2026-07-25
11.75,30.0,0.9758793171528914,12779.6172257145,-643.4172257145001,2026-07-25
12.0,45.0,0.9758793171528914,12920.416750769453,-3297.6167507694536,2026-07-25
12.25,60.0,0.9758793171528914,12946.204055594832,-2898.004055594831,2026-07-25
12.5,75.0,0.9758793171528914,12846.289269274015,-1290.8892692740155,2026-07-25
12.75,90.0,0.9758793171528914,12656.30561716985,-4153.105617169849,2026-07-25
13.0,105.0,0.9758793171528914,12434.709215784384,-1871.1092157843832,2026-07-25
13.25,120.0,0.9758793171528914,12195.27208410811,-3188.6720841081096,2026-07-25
13.5,135.0,0.9758793171528914,11962.282983712128,-712.8829837121284,2026-07-25
13.75,150.0,0.9758793171528914,11700.26017888572,-462.26017888571914,2026-07-25
14.0,165.0,0.9758793171528914,11382.004469550153,-921.0044695501529,2026-07-25
14.25,180.0,0.9758793171528914,10997.94154406991,-3510.5815440699107,2026-07-25
14.5,195.0,0.9758793171528914,10570.967617517888,-513.7676175178876,2026-07-25
14.75,210.0,0.9758793171528914,10067.317395993394,-2648.917395993394,2026-07-25
15.0,225.0,0.9758793171528914,9519.27838861642,-2254.4783886164196,2026-07-25
15.25,240.0,0.9758793171528914,8923.294983459593,-4294.894983459593,2026-07-25
15.5,255.0,0.9758793171528914,8281.53697467488,-2153.1369746748805,2026-07-25
15.75,270.0,0.9758793171528914,7563.546390080247,-460.6163900802467,2026-07-25
16.0,285.0,0.9758793171528914,6779.202542149087,-531.4025421490869,2026-07-25
16.25,300.0,0.9758793171528914,5997.020385275463,-1514.3803852754627,2026-07-25
16.5,315.0,0.9758793171528914,5219.88479183495,90.11520816504981,2026-07-25
16.75,330.0,0.9758793171528914,4426.688649469576,939.8813505304233,2026-07-25
17.0,345.0,0.9758793171528914,3620.977352704831,-97.77735270483117,2026-07-25
17.25,360.0,0.9758793171528914,2846.194662199339,-884.8346621993389,2026-07-25
17.5,375.0,0.9758793171528914,2115.978264099757,338.62173590024304,2026-07-25
17.75,390.0,0.9758793171528914,1435.9477557237224,1192.6522442762775,2026-07-25
18.0,405.0,0.9758793171528914,836.2507978583017,961.9492021416984,2026-07-25
18.25,420.0,0.9758793171528914,365.1630187676014,991.4369812323985,2026-07-25
18.5,435.0,0.9758793171528914,82.74691358493293,727.2530864150671,2026-07-25
18.75,450.0,0.9758793171528914,0.9366204956690553,188.06337950433095,2026-07-25
19.0,465.0,0.9758793171528914,0.0,22.5,2026-07-25
13.0,15.0,0.8887145470486055,11662.780900982389,-1099.1809009823883,2026-07-25
13.25,30.0,0.8887145470486055,11512.399426514196,-2505.799426514195,2026-07-25
13.5,45.0,0.8887145470486055,11344.494310388674,-95.09431038867478,2026-07-25
13.75,60.0,0.8887145470486055,11073.809191706956,164.19080829304403,2026-07-25
14.0,75.0,0.8887145470486055,10779.368659856029,-318.3686598560289,2026-07-25
14.25,90.0,0.8887145470486055,10432.955033314784,-2945.595033314784,2026-07-25
14.5,105.0,0.8887145470486055,10034.028301922684,23.17169807731625,2026-07-25
14.75,120.0,0.8887145470486055,9531.929853951911,-2113.5298539519117,2026-07-25
15.0,135.0,0.8887145470486055,8997.928921329118,-1733.1289213291175,2026-07-25
15.25,150.0,0.8887145470486055,8406.14645896753,-3777.746458967531,2026-07-25
15.5,165.0,0.8887145470486055,7769.616461467955,-1641.216461467955,2026-07-25
15.75,180.0,0.8887145470486055,7086.777435073112,16.152564926887862,2026-07-25
16.0,195.0,0.8887145470486055,6388.574824003306,-140.7748240033061,2026-07-25
16.25,210.0,0.8887145470486055,5665.418077771278,-1182.7780777712778,2026-07-25
16.5,225.0,0.8887145470486055,4929.536956477571,380.46304352242896,2026-07-25
16.75,240.0,0.8887145470486055,4178.091957113458,1188.4780428865415,2026-07-25
17.0,255.0,0.8887145470486055,3420.1471524171493,103.05284758285052,2026-07-25
17.25,270.0,0.8887145470486055,2689.71773298528,-728.3577329852799,2026-07-25
17.5,285.0,0.8887145470486055,2000.3100161940504,454.28998380594953,2026-07-25
17.75,300.0,0.8887145470486055,1357.2336297630811,1271.3663702369188,2026-07-25
18.0,315.0,0.8887145470486055,791.3095577452247,1006.8904422547754,2026-07-25
18.25,330.0,0.8887145470486055,345.621450469032,1010.9785495309679,2026-07-25
18.5,345.0,0.8887145470486055,78.24303883008787,731.7569611699121,2026-07-25
18.75,360.0,0.8887145470486055,0.8853094023672031,188.1146905976328,2026-07-25
19.0,375.0,0.8887145470486055,0.0,22.5,2026-07-25
14.5,15.0,0.8699149215909827,9765.67089123758,291.52910876242095,2026-07-25
14.75,30.0,0.8699149215909827,9295.116231073904,-1876.716231073904,2026-07-25
15.0,45.0,0.8699149215909827,8771.72152128656,-1506.9215212865593,2026-07-25
15.25,60.0,0.8699149215909827,8200.517363900151,-3572.1173639001518,2026-07-25
15.5,75.0,0.8699149215909827,7589.83247411234,-1461.43247411234,2026-07-25
15.75,90.0,0.8699149215909827,6940.33031600938,162.59968399062018,2026-07-25
16.0,105.0,0.8699149215909827,6265.569075815119,-17.769075815118413,2026-07-25
16.25,120.0,0.8699149215909827,5566.150276068162,-1083.510276068162,2026-07-25
16.5,135.0,0.8699149215909827,4848.078349651836,461.9216503481639,2026-07-25
16.75,150.0,0.8699149215909827,4108.942449784859,1257.6275502151411,2026-07-25
17.0,165.0,0.8699149215909827,3366.003564322926,157.19643567707362,2026-07-25
17.25,180.0,0.8699149215909827,2650.6183790721348,-689.2583790721349,2026-07-25
17.5,195.0,0.8699149215909827,1971.79333931768,482.80666068231994,2026-07-25
17.75,210.0,0.8699149215909827,1337.4422224075902,1291.1577775924097,2026-07-25
18.0,225.0,0.8699149215909827,779.0029430808044,1019.1970569191957,2026-07-25
18.25,240.0,0.8699149215909827,340.6979542106827,1015.9020457893172,2026-07-25
18.5,255.0,0.8699149215909827,77.08475783442408,732.9152421655759,2026-07-25
18.75,270.0,0.8699149215909827,0.8739768613633041,188.1260231386367,2026-07-25
19.0,285.0,0.8699149215909827,0.0,22.5,2026-07-25
16.0,15.0,0.7481203466867538,6018.842462205744,228.9575377942565,2026-07-25
16.25,30.0,0.7481203466867538,5332.39863695262,-849.7586369526198,2026-07-25
16.5,45.0,0.7481203466867538,4623.823437532649,686.1765624673508,2026-07-25
16.75,60.0,0.7481203466867538,3904.4138531078215,1462.1561468921782,2026-07-25
17.0,75.0,0.7481203466867538,3186.065854834784,337.1341451652156,2026-07-25
17.25,90.0,0.7481203466867538,2502.1084945195,-540.7484945194999,2026-07-25
17.5,105.0,0.7481203466867538,1856.8600365905768,597.7399634094231,2026-07-25
17.75,120.0,0.7481203466867538,1258.6345861175707,1369.9654138824292,2026-07-25
18.0,135.0,0.7481203466867538,732.0020011988532,1066.1979988011467,2026-07-25
18.25,150.0,0.7481203466867538,319.39603384594744,1037.2039661540525,2026-07-25
18.5,165.0,0.7481203466867538,72.10367823449602,737.896321765504,2026-07-25
18.75,180.0,0.7481203466867538,0.816040829625811,188.18395917037418,2026-07-25
19.0,195.0,0.7481203466867538,0.0,22.5,2026-07-25
17.5,15.0,1.001967074841413,2123.1384042145337,331.4615957854662,2026-07-25
17.75,30.0,1.001967074841413,1445.5299085486124,1183.0700914513875,2026-07-25
18.0,45.0,1.001967074841413,844.2543810516189,953.9456189483811,2026-07-25
18.25,60.0,1.001967074841413,368.9678597084345,987.6321402915654,2026-07-25
18.5,75.0,1.001967074841413,83.81165139484385,726.1883486051562,2026-07-25
18.75,90.0,1.001967074841413,0.9516559532869526,188.04834404671305,2026-07-25
19.0,105.0,1.001967074841413,0.0,22.5,2026-07-25
7.0,15.0,0.385975491077106,704.0213740547375,380.1786259452625,2026-07-26
7.25,30.0,0.385975491077106,1005.4858698177012,264.71413018229885,2026-07-26
7.5,45.0,0.385975491077106,1331.6188791788045,-48.2188791788044,2026-07-26
7.75,60.0,0.385975491077106,1723.39115514636,-264.7911551463601,2026-07-26
8.0,75.0,0.385975491077106,2129.5791517017547,-46.079151701754654,2026-07-26
8.25,90.0,0.385975491077106,2547.5915761536626,-660.5915761536626,2026-07-26
8.5,105.0,0.385975491077106,2965.9589407006947,-1246.9589407006947,2026-07-26
8.75,120.0,0.385975491077106,3424.939688082237,-1765.339688082237,2026-07-26
9.0,135.0,0.385975491077106,3865.324570156503,-1245.124570156503,2026-07-26
9.25,150.0,0.385975491077106,4287.903984882778,-849.303984882778,2026-07-26
9.5,165.0,0.385975491077106,4707.219672528176,607.5803274718246,2026-07-26
9.75,180.0,0.385975491077106,5134.581587710948,1382.6184122890518,2026-07-26
10.0,195.0,0.385975491077106,5533.806437187275,643.1935628127248,2026-07-26
10.25,210.0,0.385975491077106,5932.616682978163,481.3833170218368,2026-07-26
10.5,225.0,0.385975491077106,6341.24299414481,-247.64299414480956,2026-07-26
10.75,240.0,0.385975491077106,6621.312228063332,270.2877719366679,2026-07-26
11.0,255.0,0.385975491077106,6828.957202493442,2471.642797506558,2026-07-26
11.25,270.0,0.385975491077106,7016.516281428828,1425.4837185711722,2026-07-26
11.5,285.0,0.385975491077106,7249.088618755344,1707.711381244655,2026-07-26
11.75,300.0,0.385975491077106,7377.64002158734,-103.84002158733983,2026-07-26
12.0,315.0,0.385975491077106,7448.229898774036,-332.82989877403634,2026-07-26
12.25,330.0,0.385975491077106,7471.608909621691,1227.7910903783086,2026-07-26
12.5,345.0,0.385975491077106,7461.685066044769,-88.88506604476879,2026-07-26
12.75,360.0,0.385975491077106,7349.589352149806,-153.78935214980538,2026-07-26
13.0,375.0,0.385975491077106,7212.200056423058,-4422.800056423059,2026-07-26
13.25,390.0,0.385975491077106,7066.598298165706,-1496.1982981657065,2026-07-26
13.5,405.0,0.385975491077106,6917.503294665242,5305.696705334759,2026-07-26
13.75,420.0,0.385975491077106,6695.606056960839,-3423.206056960839,2026-07-26
14.0,435.0,0.385975491077106,6448.973550199109,-4868.183550199109,2026-07-26
14.25,450.0,0.385975491077106,6174.113526844188,-4306.913526844188,2026-07-26
14.5,465.0,0.385975491077106,5883.891335030785,-5041.491335030785,2026-07-26
14.75,480.0,0.385975491077106,5517.978816309663,-4331.178816309663,2026-07-26
15.0,495.0,0.385975491077106,5128.75646742816,-3917.35646742816,2026-07-26
15.25,510.0,0.385975491077106,4731.005732020061,-3471.0057320200613,2026-07-26
15.5,525.0,0.385975491077106,4328.5122326841365,-3241.9122326841366,2026-07-26
15.75,540.0,0.385975491077106,3946.396559490771,-2916.936559490771,2026-07-26
16.0,555.0,0.385975491077106,3538.464831643985,-2423.0648316439847,2026-07-26
16.25,570.0,0.385975491077106,3135.779385377326,-1807.979385377326,2026-07-26
16.5,585.0,0.385975491077106,2742.8683803983795,-1160.0683803983795,2026-07-26
16.75,600.0,0.385975491077106,2363.916563167595,-910.1165631675951,2026-07-26
17.0,615.0,0.385975491077106,1960.5722868647783,-397.57228686477833,2026-07-26
17.25,630.0,0.385975491077106,1575.1691146762694,595.6308853237308,2026-07-26
17.5,645.0,0.385975491077106,1219.5113958343154,550.4886041656846,2026-07-26
17.75,660.0,0.385975491077106,901.2708531699924,362.92914683000765,2026-07-26
18.0,675.0,0.385975491077106,531.5986540999384,268.1113459000617,2026-07-26
18.25,690.0,0.385975491077106,229.3250698607422,167.27493013925783,2026-07-26
18.5,705.0,0.385975491077106,47.77979239340786,60.820207606592135,2026-07-26
18.75,720.0,0.385975491077106,0.4626289699319147,24.287371030068087,2026-07-26
19.0,735.0,0.385975491077106,0.0,0.0,2026-07-26
8.5,15.0,0.34635091517420463,2440.882214463237,-721.8822144632368,2026-07-26
8.75,30.0,0.34635091517420463,2865.834197806925,-1206.2341978069253,2026-07-26
9.0,45.0,0.34635091517420463,3270.574591053052,-650.374591053052,2026-07-26
9.25,60.0,0.34635091517420463,3661.5821662416297,-222.98216624162978,2026-07-26
9.5,75.0,0.34635091517420463,4059.09373185706,1255.7062681429402,2026-07-26
9.75,90.0,0.34635091517420463,4434.768592281463,2082.4314077185372,2026-07-26
10.0,105.0,0.34635091517420463,4793.7770546839965,1383.2229453160035,2026-07-26
10.25,120.0,0.34635091517420463,5193.115037446939,1220.884962553061,2026-07-26
10.5,135.0,0.34635091517420463,5681.85297995272,411.7470200472808,2026-07-26
10.75,150.0,0.34635091517420463,5995.7488933447,895.8511066553001,2026-07-26
11.0,165.0,0.34635091517420463,6132.576898185906,3168.023101814094,2026-07-26
11.25,180.0,0.34635091517420463,6291.478642054742,2150.5213579452584,2026-07-26
11.5,195.0,0.34635091517420463,6558.38526393584,2398.414736064159,2026-07-26
11.75,210.0,0.34635091517420463,6733.869780889369,539.9302191106308,2026-07-26
12.0,225.0,0.34635091517420463,6811.855982117323,303.5440178826766,2026-07-26
12.25,240.0,0.34635091517420463,6836.769008398013,1862.6309916019864,2026-07-26
12.5,255.0,0.34635091517420463,6813.477448225618,559.3225517743822,2026-07-26
12.75,270.0,0.34635091517420463,6704.868194108394,490.931805891606,2026-07-26
13.0,285.0,0.34635091517420463,6599.080911178407,-3809.6809111784073,2026-07-26
13.25,300.0,0.34635091517420463,6444.153489285405,-873.7534892854055,2026-07-26
13.5,315.0,0.34635091517420463,6282.939014910404,5940.260985089597,2026-07-26
13.75,330.0,0.34635091517420463,6068.731056774298,-2796.331056774298,2026-07-26
14.0,345.0,0.34635091517420463,5840.946790159996,-4260.1567901599965,2026-07-26
14.25,360.0,0.34635091517420463,5569.7386332495225,-3702.5386332495227,2026-07-26
14.5,375.0,0.34635091517420463,5297.77038904203,-4455.37038904203,2026-07-26
14.75,390.0,0.34635091517420463,4981.328240377318,-3794.528240377318,2026-07-26
15.0,405.0,0.34635091517420463,4633.134838416353,-3421.734838416353,2026-07-26
15.25,420.0,0.34635091517420463,4277.913048488619,-3017.913048488619,2026-07-26
15.5,435.0,0.34635091517420463,3923.1373732582215,-2836.5373732582216,2026-07-26
15.75,450.0,0.34635091517420463,3566.486328482988,-2537.026328482988,2026-07-26
16.0,465.0,0.34635091517420463,3194.884924860936,-2079.4849248609357,2026-07-26
16.25,480.0,0.34635091517420463,2842.354442816106,-1514.5544428161058,2026-07-26
16.5,495.0,0.34635091517420463,2523.6221193057404,-940.8221193057404,2026-07-26
16.75,510.0,0.34635091517420463,2185.797454972036,-731.9974549720362,2026-07-26
17.0,525.0,0.34635091517420463,1807.1773227548128,-244.17732275481285,2026-07-26
17.25,540.0,0.34635091517420463,1453.904762848338,716.8952371516623,2026-07-26
17.5,555.0,0.34635091517420463,1135.747282535823,634.2527174641771,2026-07-26
17.75,570.0,0.34635091517420463,847.4760478141999,416.72395218580016,2026-07-26
18.0,585.0,0.34635091517420463,500.7218785269366,298.9881214730634,2026-07-26
18.25,600.0,0.34635091517420463,215.99545556176545,180.60454443823457,2026-07-26
18.5,615.0,0.34635091517420463,44.64640238584646,63.95359761415354,2026-07-26
18.75,630.0,0.34635091517420463,0.4305755620554081,24.31942443794459,2026-07-26
19.0,645.0,0.34635091517420463,0.0,0.0,2026-07-26
10.0,15.0,0.46554486589407185,5870.313987465565,306.68601253443467,2026-07-26
10.25,30.0,0.46554486589407185,6271.92562282098,142.0743771790203,2026-07-26
10.5,45.0,0.46554486589407185,6695.625365399159,-602.0253653991585,2026-07-26
10.75,60.0,0.46554486589407185,6979.7745638801625,-88.17456388016217,2026-07-26
11.0,75.0,0.46554486589407185,7168.600669411601,2131.999330588399,2026-07-26
11.25,90.0,0.46554486589407185,7369.786903754062,1072.2130962459378,2026-07-26
11.5,105.0,0.46554486589407185,7610.793929084233,1346.006070915766,2026-07-26
11.75,120.0,0.46554486589407185,7744.5740005237185,-470.7740005237183,2026-07-26
12.0,135.0,0.46554486589407185,7807.860429612734,-692.4604296127345,2026-07-26
12.25,150.0,0.46554486589407185,7821.612641065636,877.7873589343635,2026-07-26
12.5,165.0,0.46554486589407185,7805.625745593306,-432.82574559330624,2026-07-26
12.75,180.0,0.46554486589407185,7695.855328669928,-500.0553286699278,2026-07-26
13.0,195.0,0.46554486589407185,7568.47314250644,-4779.0731425064405,2026-07-26
13.25,210.0,0.46554486589407185,7395.55046046521,-1825.15046046521,2026-07-26
13.5,225.0,0.46554486589407185,7215.197323562039,5008.002676437962,2026-07-26
13.75,240.0,0.46554486589407185,6968.720472892645,-3696.3204728926453,2026-07-26
14.0,255.0,0.46554486589407185,6691.70021564735,-5110.91021564735,2026-07-26
14.25,270.0,0.46554486589407185,6373.115132976329,-4505.915132976329,2026-07-26
14.5,285.0,0.46554486589407185,6043.964220047002,-5201.564220047002,2026-07-26
14.75,300.0,0.46554486589407185,5677.41075050679,-4490.610750506789,2026-07-26
15.0,315.0,0.46554486589407185,5305.541268914309,-4094.1412689143085,2026-07-26
15.25,330.0,0.46554486589407185,4911.916508719935,-3651.9165087199353,2026-07-26
15.5,345.0,0.46554486589407185,4516.417780226009,-3429.8177802260093,2026-07-26
15.75,360.0,0.46554486589407185,4122.350989487118,-3092.8909894871176,2026-07-26
16.0,375.0,0.46554486589407185,3706.87416366851,-2591.47416366851,2026-07-26
16.25,390.0,0.46554486589407185,3290.545852992736,-1962.745852992736,2026-07-26
16.5,405.0,0.46554486589407185,2887.5428207833074,-1304.7428207833075,2026-07-26
16.75,420.0,0.46554486589407185,2491.062976114993,-1037.262976114993,2026-07-26
17.0,435.0,0.46554486589407185,2065.273741785721,-502.2737417857211,2026-07-26
17.25,450.0,0.46554486589407185,1656.415206145043,514.3847938549573,2026-07-26
17.5,465.0,0.46554486589407185,1280.3189879459744,489.6810120540256,2026-07-26
17.75,480.0,0.46554486589407185,941.7723572550258,322.42764274497426,2026-07-26
18.0,495.0,0.46554486589407185,555.1786496601371,244.5313503398629,2026-07-26
18.25,510.0,0.46554486589407185,239.62075768278453,156.9792423172155,2026-07-26
18.5,525.0,0.46554486589407185,50.24001995394463,58.35998004605536,2026-07-26
18.75,540.0,0.46554486589407185,0.486402274825981,24.26359772517402,2026-07-26
19.0,555.0,0.46554486589407185,0.0,0.0,2026-07-26
11.5,15.0,0.6143841830027705,8786.148726784535,170.65127321546424,2026-07-26
11.75,30.0,0.6143841830027705,8933.85987314344,-1660.0598731434393,2026-07-26
12.0,45.0,0.6143841830027705,9015.189895622076,-1899.789895622076,2026-07-26
12.25,60.0,0.6143841830027705,9043.061359754878,-343.6613597548785,2026-07-26
12.5,75.0,0.6143841830027705,9018.314675458529,-1645.5146754585285,2026-07-26
12.75,90.0,0.6143841830027705,8897.543636493656,-1701.7436364936557,2026-07-26
13.0,105.0,0.6143841830027705,8739.731497190654,-5950.331497190655,2026-07-26
13.25,120.0,0.6143841830027705,8538.328592609554,-2967.9285926095545,2026-07-26
13.5,135.0,0.6143841830027705,8324.863279448778,3898.3367205512222,2026-07-26
13.75,150.0,0.6143841830027705,8048.116370720252,-4775.716370720253,2026-07-26
14.0,165.0,0.6143841830027705,7744.663768150181,-6163.873768150181,2026-07-26
14.25,180.0,0.6143841830027705,7398.839079392953,-5531.639079392953,2026-07-26
14.5,195.0,0.6143841830027705,7031.59516055299,-6189.19516055299,2026-07-26
14.75,210.0,0.6143841830027705,6614.786045728242,-5427.986045728242,2026-07-26
15.0,225.0,0.6143841830027705,6179.192905419817,-4967.7929054198175,2026-07-26
15.25,240.0,0.6143841830027705,5725.73989894697,-4465.73989894697,2026-07-26
15.5,255.0,0.6143841830027705,5263.254284179129,-4176.654284179129,2026-07-26
15.75,270.0,0.6143841830027705,4803.075151015469,-3773.6151510154687,2026-07-26
16.0,285.0,0.6143841830027705,4322.541899541867,-3207.1418995418667,2026-07-26
16.25,300.0,0.6143841830027705,3839.3750710489626,-2511.575071048963,2026-07-26
16.5,315.0,0.6143841830027705,3358.7751274986813,-1775.9751274986813,2026-07-26
16.75,330.0,0.6143841830027705,2885.58192126313,-1431.78192126313,2026-07-26
17.0,345.0,0.6143841830027705,2391.5718215270363,-828.5718215270363,2026-07-26
17.25,360.0,0.6143841830027705,1916.224282716585,254.5757172834151,2026-07-26
17.5,375.0,0.6143841830027705,1473.4234308559944,296.5765691440056,2026-07-26
17.75,390.0,0.6143841830027705,1072.2258679515576,191.97413204844247,2026-07-26
18.0,405.0,0.6143841830027705,631.5007073059531,168.2092926940469,2026-07-26
18.25,420.0,0.6143841830027705,273.2251499791809,123.37485002081911,2026-07-26
18.5,435.0,0.6143841830027705,57.89879263791496,50.701207362085036,2026-07-26
18.75,450.0,0.6143841830027705,0.5596396751806728,24.190360324819327,2026-07-26
19.0,465.0,0.6143841830027705,0.0,0.0,2026-07-26
13.0,15.0,0.5976251681035786,8332.403895461539,-5543.003895461539,2026-07-26
13.25,30.0,0.5976251681035786,8165.554074158573,-2595.154074158573,2026-07-26
13.5,45.0,0.5976251681035786,7982.899140105175,4240.300859894825,2026-07-26
13.75,60.0,0.5976251681035786,7704.828333093475,-4432.428333093474,2026-07-26
14.0,75.0,0.5976251681035786,7400.580214583973,-5819.7902145839735,2026-07-26
14.25,90.0,0.5976251681035786,7063.460649603006,-5196.260649603006,2026-07-26
14.5,105.0,0.5976251681035786,6714.134493023221,-5871.734493023221,2026-07-26
14.75,120.0,0.5976251681035786,6308.7709382968815,-5121.970938296881,2026-07-26
15.0,135.0,0.5976251681035786,5869.904488085897,-4658.504488085897,2026-07-26
15.25,150.0,0.5976251681035786,5409.39466922833,-4149.39466922833,2026-07-26
15.5,165.0,0.5976251681035786,4950.267818773956,-3863.667818773956,2026-07-26
15.75,180.0,0.5976251681035786,4511.852544943978,-3482.3925449439776,2026-07-26
16.0,195.0,0.5976251681035786,4044.544726594485,-2929.144726594485,2026-07-26
16.25,210.0,0.5976251681035786,3572.538507715334,-2244.738507715334,2026-07-26
16.5,225.0,0.5976251681035786,3105.102816234922,-1522.3028162349221,2026-07-26
16.75,240.0,0.5976251681035786,2661.068476662141,-1207.2684766621412,2026-07-26
17.0,255.0,0.5976251681035786,2201.1717624257853,-638.1717624257853,2026-07-26
17.25,270.0,0.5976251681035786,1753.8067812110332,416.99321878896694,2026-07-26
17.5,285.0,0.5976251681035786,1333.943242052402,436.05675794759804,2026-07-26
17.75,300.0,0.5976251681035786,958.1617687458285,306.0382312541716,2026-07-26
18.0,315.0,0.5976251681035786,620.4965280861252,179.21347191387486,2026-07-26
18.25,330.0,0.5976251681035786,268.14648849878324,128.45351150121678,2026-07-26
18.5,345.0,0.5976251681035786,56.748303022902256,51.85169697709774,2026-07-26
18.75,360.0,0.5976251681035786,0.5495086970486865,24.200491302951313,2026-07-26
19.0,375.0,0.5976251681035786,0.0,0.0,2026-07-26
14.5,15.0,0.4198195127790528,4949.645227400053,-4107.245227400053,2026-07-26
14.75,30.0,0.4198195127790528,4684.210688432957,-3497.4106884329567,2026-07-26
15.0,45.0,0.4198195127790528,4397.601875017732,-3186.2018750177317,2026-07-26
15.25,60.0,0.4198195127790528,4071.641103617157,-2811.641103617157,2026-07-26
15.5,75.0,0.4198195127790528,3744.448978585475,-2657.848978585475,2026-07-26
15.75,90.0,0.4198195127790528,3437.0950667623824,-2407.6350667623824,2026-07-26
16.0,105.0,0.4198195127790528,3097.4574771168604,-1982.0574771168604,2026-07-26
16.25,120.0,0.4198195127790528,2753.718182230328,-1425.9181822303278,2026-07-26
16.5,135.0,0.4198195127790528,2410.0929382094014,-827.2929382094014,2026-07-26
16.75,150.0,0.4198195127790528,2080.812731336947,-627.0127313369469,2026-07-26
17.0,165.0,0.4198195127790528,1728.63039900644,-165.63039900644003,2026-07-26
17.25,180.0,0.4198195127790528,1387.581315534727,783.2186844652731,2026-07-26
17.5,195.0,0.4198195127790528,1064.442380122996,705.5576198770041,2026-07-26
17.75,210.0,0.4198195127790528,777.9094913234138,486.2905086765862,2026-07-26
18.0,225.0,0.4198195127790528,516.6845516163014,283.02544838369863,2026-07-26
18.25,240.0,0.4198195127790528,223.5235777479948,173.07642225200522,2026-07-26
18.5,255.0,0.4198195127790528,46.56556750273735,62.03443249726264,2026-07-26
18.75,270.0,0.4198195127790528,0.4505139812960846,24.299486018703917,2026-07-26
19.0,285.0,0.4198195127790528,0.0,0.0,2026-07-26
16.0,15.0,0.12938224247820698,1674.2608434268325,-558.8608434268324,2026-07-26
16.25,30.0,0.12938224247820698,1514.546340643394,-186.74634064339398,2026-07-26
16.5,45.0,0.12938224247820698,1346.8593874536027,235.94061254639723,2026-07-26
16.75,60.0,0.12938224247820698,1181.2097675805394,272.59023241946056,2026-07-26
17.0,75.0,0.12938224247820698,994.929341818878,568.070658181122,2026-07-26
17.25,90.0,0.12938224247820698,817.7192580999147,1353.0807419000855,2026-07-26
17.5,105.0,0.12938224247820698,648.7829238976122,1121.2170761023876,2026-07-26
17.75,120.0,0.12938224247820698,499.3021564458725,764.8978435541276,2026-07-26
18.0,135.0,0.12938224247820698,356.33415919636167,443.37584080363837,2026-07-26
18.25,150.0,0.12938224247820698,154.92693082186727,241.67306917813275,2026-07-26
18.5,165.0,0.12938224247820698,31.20465457749197,77.39534542250803,2026-07-26
18.75,180.0,0.12938224247820698,0.3014985247948388,24.448501475205163,2026-07-26
19.0,195.0,0.12938224247820698,0.0,0.0,2026-07-26
17.5,15.0,0.4121519977337737,1083.0527372570882,686.9472627429118,2026-07-26
17.75,30.0,0.4121519977337737,786.3456053446308,477.8543946553692,2026-07-26
18.0,45.0,0.4121519977337737,519.8302797216741,279.879720278326,2026-07-26
18.25,60.0,0.4121519977337737,224.20139885042707,172.39860114957295,2026-07-26
18.5,75.0,0.4121519977337737,46.42509798225908,62.17490201774091,2026-07-26
18.75,90.0,0.4121519977337737,0.4470426757771829,24.302957324222817,2026-07-26
19.0,105.0,0.4121519977337737,0.0,0.0,2026-07-26
7.0,15.0,0.4163215500709243,685.6006679778113,20.59933202218872,2026-07-27
7.25,30.0,0.4163215500709243,962.2711926196456,-370.07119261964556,2026-07-27
7.5,45.0,0.4163215500709243,1256.755416358002,-799.555416358002,2026-07-27
7.75,60.0,0.4163215500709243,1573.1217266617318,-174.9117266617318,2026-07-27
8.0,75.0,0.4163215500709243,1898.047068032895,89.15293196710513,2026-07-27
8.25,90.0,0.4163215500709243,2235.1071036666644,-566.5071036666645,2026-07-27
8.5,105.0,0.4163215500709243,2560.290642762136,-438.0906427621362,2026-07-27
8.75,120.0,0.4163215500709243,2883.791845370839,574.6081546291612,2026-07-27
9.0,135.0,0.4163215500709243,3213.0791847649016,-615.0791847649016,2026-07-27
9.25,150.0,0.4163215500709243,3546.9775809358352,-1326.9775809358352,2026-07-27
9.5,165.0,0.4163215500709243,3859.408510251021,-1382.608510251021,2026-07-27
9.75,180.0,0.4163215500709243,4144.831219597354,-447.76121959735383,2026-07-27
10.0,195.0,0.4163215500709243,4428.361710545098,-578.9317105450978,2026-07-27
10.25,210.0,0.4163215500709243,4725.715162036578,-1363.3151620365775,2026-07-27
10.5,225.0,0.4163215500709243,5020.148462846424,319.8515371535759,2026-07-27
10.75,240.0,0.4163215500709243,5257.775949939375,1623.024050060625,2026-07-27
11.0,255.0,0.4163215500709243,5463.301986399657,964.4980136003433,2026-07-27
11.25,270.0,0.4163215500709243,5666.936286969806,-402.57628696980646,2026-07-27
11.5,285.0,0.4163215500709243,5861.17730291469,221.02269708531003,2026-07-27
11.75,300.0,0.4163215500709243,5974.927288731073,-147.7272887310728,2026-07-27
12.0,315.0,0.4163215500709243,6039.8553418097445,-69.85534180974446,2026-07-27
12.25,330.0,0.4163215500709243,6041.623274774059,-343.4232747740589,2026-07-27
12.5,345.0,0.4163215500709243,5974.525053463268,3097.474946536732,2026-07-27
12.75,360.0,0.4163215500709243,5818.729995038689,2412.670004961311,2026-07-27
13.0,375.0,0.4163215500709243,5679.388255144394,3186.2117448556064,2026-07-27
13.25,390.0,0.4163215500709243,5561.252350217987,6439.947649782013,2026-07-27
13.5,405.0,0.4163215500709243,5440.85137278434,3956.948627215659,2026-07-27
13.75,420.0,0.4163215500709243,5246.504494348767,7172.855505651233,2026-07-27
14.0,435.0,0.4163215500709243,5036.808381274141,7251.79161872586,2026-07-27
14.25,450.0,0.4163215500709243,4833.471436099056,778.928563900944,2026-07-27
14.5,465.0,0.4163215500709243,4604.735902210139,-1011.9359022101389,2026-07-27
14.75,480.0,0.4163215500709243,4340.86171419357,-1307.8617141935702,2026-07-27
15.0,495.0,0.4163215500709243,4055.569858776282,-1304.5698587762822,2026-07-27
15.25,510.0,0.4163215500709243,3752.341159059988,-1032.5411590599879,2026-07-27
15.5,525.0,0.4163215500709243,3438.4796842943542,-890.8796842943543,2026-07-27
15.75,540.0,0.4163215500709243,3142.9328451455203,-1430.5328451455202,2026-07-27
16.0,555.0,0.4163215500709243,2840.3903657277187,-1562.3903657277187,2026-07-27
16.25,570.0,0.4163215500709243,2532.3020262358027,-1499.7020262358028,2026-07-27
16.5,585.0,0.4163215500709243,2218.9157578452728,-1411.9157578452728,2026-07-27
16.75,600.0,0.4163215500709243,1910.2967678869345,-1396.0067678869345,2026-07-27
17.0,615.0,0.4163215500709243,1592.70484918053,-1301.10484918053,2026-07-27
17.25,630.0,0.4163215500709243,1288.0080046429314,-1095.4080046429315,2026-07-27
17.5,645.0,0.4163215500709243,991.8210580225827,-806.0310580225828,2026-07-27
17.75,660.0,0.4163215500709243,714.8001443036724,-499.44014430367235,2026-07-27
18.0,675.0,0.4163215500709243,455.99826702442766,-253.19826702442765,2026-07-27
18.25,690.0,0.4163215500709243,195.00657570047235,-35.40657570047236,2026-07-27
18.5,705.0,0.4163215500709243,39.6212708430552,7.178729156944797,2026-07-27
18.75,720.0,0.4163215500709243,0.3178165154722827,8.682183484527718,2026-07-27
19.0,735.0,0.4163215500709243,0.0,0.0,2026-07-27
8.5,15.0,0.2768075742723016,1896.1502592813224,226.0497407186774,2026-07-27
8.75,30.0,0.2768075742723016,2142.349791150136,1316.0502088498642,2026-07-27
9.0,45.0,0.2768075742723016,2382.749762029649,215.250237970351,2026-07-27
9.25,60.0,0.2768075742723016,2630.042241123296,-410.0422411232962,2026-07-27
9.5,75.0,0.2768075742723016,2889.2897604731293,-412.4897604731291,2026-07-27
9.75,90.0,0.2768075742723016,3128.4628574475087,568.6071425524915,2026-07-27
10.0,105.0,0.2768075742723016,3346.8239410405217,502.6060589594781,2026-07-27
10.25,120.0,0.2768075742723016,3587.099066293388,-224.6990662933881,2026-07-27
10.5,135.0,0.2768075742723016,3873.27833129071,1466.72166870929,2026-07-27
10.75,150.0,0.2768075742723016,4112.91757932422,2767.88242067578,2026-07-27
11.0,165.0,0.2768075742723016,4316.620450755467,2111.1795492445335,2026-07-27
11.25,180.0,0.2768075742723016,4528.077435180648,736.282564819352,2026-07-27
11.5,195.0,0.2768075742723016,4723.030899399491,1359.1691006005085,2026-07-27
11.75,210.0,0.2768075742723016,4846.520353011696,980.6796469883038,2026-07-27
12.0,225.0,0.2768075742723016,4904.920526599783,1065.0794734002166,2026-07-27
12.25,240.0,0.2768075742723016,4882.984160620401,815.215839379599,2026-07-27
12.5,255.0,0.2768075742723016,4749.27673484096,4322.72326515904,2026-07-27
12.75,270.0,0.2768075742723016,4564.649788742235,3666.750211257765,2026-07-27
13.0,285.0,0.2768075742723016,4433.246072852335,4432.353927147666,2026-07-27
13.25,300.0,0.2768075742723016,4336.666604021589,7664.533395978412,2026-07-27
13.5,315.0,0.2768075742723016,4238.295182608225,5159.504817391774,2026-07-27
13.75,330.0,0.2768075742723016,4075.432166975604,8343.927833024396,2026-07-27
14.0,345.0,0.2768075742723016,3900.233172262153,8388.366827737847,2026-07-27
14.25,360.0,0.2768075742723016,3731.34590478163,1881.0540952183696,2026-07-27
14.5,375.0,0.2768075742723016,3548.807235339239,43.99276466076117,2026-07-27
14.75,390.0,0.2768075742723016,3335.5900872777024,-302.5900872777024,2026-07-27
15.0,405.0,0.2768075742723016,3102.388273504996,-351.38827350499605,2026-07-27
15.25,420.0,0.2768075742723016,2865.3688933613694,-145.5688933613692,2026-07-27
15.5,435.0,0.2768075742723016,2628.3644597477896,-80.76445974778972,2026-07-27
15.75,450.0,0.2768075742723016,2399.379052757598,-686.9790527575979,2026-07-27
16.0,465.0,0.2768075742723016,2157.9736419256506,-879.9736419256506,2026-07-27
16.25,480.0,0.2768075742723016,1934.9877305501043,-902.3877305501044,2026-07-27
16.5,495.0,0.2768075742723016,1722.478708195949,-915.4787081959489,2026-07-27
16.75,510.0,0.2768075742723016,1504.3692945131552,-990.0792945131552,2026-07-27
17.0,525.0,0.2768075742723016,1270.4488243178437,-978.8488243178437,2026-07-27
17.25,540.0,0.2768075742723016,1042.411250815509,-849.811250815509,2026-07-27
17.5,555.0,0.2768075742723016,814.5247455388092,-628.7347455388092,2026-07-27
17.75,570.0,0.2768075742723016,597.116796524252,-381.75679652425197,2026-07-27
18.0,585.0,0.2768075742723016,388.1483073616304,-185.34830736163036,2026-07-27
18.25,600.0,0.2768075742723016,164.9034014772501,-5.303401477250105,2026-07-27
18.5,615.0,0.2768075742723016,32.639291650488296,14.160708349511701,2026-07-27
18.75,630.0,0.2768075742723016,0.2593108792018005,8.7406891207982,2026-07-27
19.0,645.0,0.2768075742723016,0.0,0.0,2026-07-27
10.0,15.0,0.2840207462810418,3448.6240223042014,400.80597769579845,2026-07-27
10.25,30.0,0.2840207462810418,3694.829711983197,-332.42971198319674,2026-07-27
10.5,45.0,0.2840207462810418,3974.437786298041,1365.562213701959,2026-07-27
10.75,60.0,0.2840207462810418,4205.80948229494,2674.9905177050605,2026-07-27
11.0,75.0,0.2840207462810418,4398.249738049351,2029.5502619506487,2026-07-27
11.25,90.0,0.2840207462810418,4596.416043072171,667.9439569278284,2026-07-27
11.5,105.0,0.2840207462810418,4784.122000247106,1298.0779997528934,2026-07-27
11.75,120.0,0.2840207462810418,4900.134292472116,927.0657075278841,2026-07-27
12.0,135.0,0.2840207462810418,4956.003477091508,1013.9965229084919,2026-07-27
12.25,150.0,0.2840207462810418,4928.187399706373,770.0126002936267,2026-07-27
12.5,165.0,0.2840207462810418,4794.15903032775,4277.84096967225,2026-07-27
12.75,180.0,0.2840207462810418,4623.850001926629,3607.5499980733703,2026-07-27
13.0,195.0,0.2840207462810418,4490.088318737307,4375.511681262693,2026-07-27
13.25,210.0,0.2840207462810418,4374.20702989048,7626.992970109521,2026-07-27
13.5,225.0,0.2840207462810418,4286.283125551414,5111.516874448585,2026-07-27
13.75,240.0,0.2840207462810418,4165.022126982272,8254.337873017728,2026-07-27
14.0,255.0,0.2840207462810418,4010.674767278873,8277.925232721127,2026-07-27
14.25,270.0,0.2840207462810418,3832.17132067006,1780.2286793299395,2026-07-27
14.5,285.0,0.2840207462810418,3653.2401996470953,-60.44019964709514,2026-07-27
14.75,300.0,0.2840207462810418,3441.990379448215,-408.9903794482152,2026-07-27
15.0,315.0,0.2840207462810418,3204.476044425161,-453.47604442516104,2026-07-27
15.25,330.0,0.2840207462810418,2946.292534310991,-226.49253431099078,2026-07-27
15.5,345.0,0.2840207462810418,2690.2712348055707,-142.67123480557075,2026-07-27
15.75,360.0,0.2840207462810418,2464.713867937938,-752.3138679379381,2026-07-27
16.0,375.0,0.2840207462810418,2226.197076641712,-948.1970766417121,2026-07-27
16.25,390.0,0.2840207462810418,1990.3305188247225,-957.7305188247226,2026-07-27
16.5,405.0,0.2840207462810418,1762.7925420600316,-955.7925420600316,2026-07-27
16.75,420.0,0.2840207462810418,1541.1227175836398,-1026.8327175836398,2026-07-27
17.0,435.0,0.2840207462810418,1300.4053421428998,-1008.8053421428998,2026-07-27
17.25,450.0,0.2840207462810418,1062.0395806420304,-869.4395806420304,2026-07-27
17.5,465.0,0.2840207462810418,828.7803995699627,-642.9903995699627,2026-07-27
17.75,480.0,0.2840207462810418,606.6622133058283,-391.30221330582833,2026-07-27
18.0,495.0,0.2840207462810418,393.5523083593018,-190.75230835930176,2026-07-27
18.25,510.0,0.2840207462810418,166.80533791702968,-7.205337917029681,2026-07-27
18.5,525.0,0.2840207462810418,33.018618141468785,13.781381858531212,2026-07-27
18.75,540.0,0.2840207462810418,0.262353317494738,8.737646682505263,2026-07-27
19.0,555.0,0.2840207462810418,0.0,0.0,2026-07-27
11.5,15.0,0.48957472235890304,6097.040970345502,-14.840970345501773,2026-07-27
11.75,30.0,0.48957472235890304,6248.170066990644,-420.9700669906442,2026-07-27
12.0,45.0,0.48957472235890304,6345.518427381242,-375.51842738124196,2026-07-27
12.25,60.0,0.48957472235890304,6365.834044725576,-667.6340447255761,2026-07-27
12.5,75.0,0.48957472235890304,6297.101369261928,2774.898630738072,2026-07-27
12.75,90.0,0.48957472235890304,6174.920587493896,2056.4794125061035,2026-07-27
13.0,105.0,0.48957472235890304,6038.094185539952,2827.505814460048,2026-07-27
13.25,120.0,0.48957472235890304,5916.789036464252,6084.410963535749,2026-07-27
13.5,135.0,0.48957472235890304,5798.037657608895,3599.7623423911045,2026-07-27
13.75,150.0,0.48957472235890304,5626.86142510811,6792.498574891891,2026-07-27
14.0,165.0,0.48957472235890304,5416.592679731703,6872.007320268297,2026-07-27
14.25,180.0,0.48957472235890304,5182.398320963406,430.0016790365935,2026-07-27
14.5,195.0,0.48957472235890304,4937.900920141524,-1345.1009201415236,2026-07-27
14.75,210.0,0.48957472235890304,4659.596772429116,-1626.5967724291158,2026-07-27
15.0,225.0,0.48957472235890304,4354.71689017984,-1603.7168901798404,2026-07-27
15.25,240.0,0.48957472235890304,4030.374204121229,-1310.5742041212288,2026-07-27
15.5,255.0,0.48957472235890304,3701.3610777112863,-1153.7610777112864,2026-07-27
15.75,270.0,0.48957472235890304,3394.575113788394,-1682.175113788394,2026-07-27
16.0,285.0,0.48957472235890304,3069.8342641646423,-1791.8342641646423,2026-07-27
16.25,300.0,0.48957472235890304,2737.4557125828887,-1704.8557125828888,2026-07-27
16.5,315.0,0.48957472235890304,2405.58269771705,-1598.58269771705,2026-07-27
16.75,330.0,0.48957472235890304,2077.0115557018908,-1562.7215557018908,2026-07-27
17.0,345.0,0.48957472235890304,1731.8197402082103,-1440.2197402082102,2026-07-27
17.25,360.0,0.48957472235890304,1390.6943982821103,-1198.0943982821104,2026-07-27
17.5,375.0,0.48957472235890304,1068.105802781723,-882.315802781723,2026-07-27
17.75,390.0,0.48957472235890304,767.4807939789462,-552.1207939789462,2026-07-27
18.0,405.0,0.48957472235890304,486.1603977467952,-283.3603977467952,2026-07-27
18.25,420.0,0.48957472235890304,207.2356151595124,-47.63561515951241,2026-07-27
18.5,435.0,0.48957472235890304,42.24670266201232,4.553297337987679,2026-07-27
18.75,450.0,0.48957472235890304,0.3385457539678217,8.661454246032179,2026-07-27
19.0,465.0,0.48957472235890304,0.0,0.0,2026-07-27
13.0,15.0,0.5218910183758934,6618.785302294649,2246.814697705351,2026-07-27
13.25,30.0,0.5218910183758934,6488.436831816896,5512.763168183104,2026-07-27
13.5,45.0,0.5218910183758934,6346.753066960658,3051.0469330393416,2026-07-27
13.75,60.0,0.5218910183758934,6104.005569162871,6315.354430837129,2026-07-27
14.0,75.0,0.5218910183758934,5829.947235958984,6458.652764041017,2026-07-27
14.25,90.0,0.5218910183758934,5550.279601846919,62.120398153080714,2026-07-27
14.5,105.0,0.5218910183758934,5265.67359570483,-1672.8735957048302,2026-07-27
14.75,120.0,0.5218910183758934,4926.801156171153,-1893.8011561711528,2026-07-27
15.0,135.0,0.5218910183758934,4566.3670968206025,-1815.3670968206025,2026-07-27
15.25,150.0,0.5218910183758934,4194.400819976444,-1474.6008199764437,2026-07-27
15.5,165.0,0.5218910183758934,3829.018078715701,-1281.418078715701,2026-07-27
15.75,180.0,0.5218910183758934,3489.5871954881923,-1777.1871954881922,2026-07-27
16.0,195.0,0.5218910183758934,3133.515578626572,-1855.5155786265718,2026-07-27
16.25,210.0,0.5218910183758934,2773.621649353685,-1741.021649353685,2026-07-27
16.5,225.0,0.5218910183758934,2422.96212196336,-1615.96212196336,2026-07-27
16.75,240.0,0.5218910183758934,2089.325848944569,-1575.035848944569,2026-07-27
17.0,255.0,0.5218910183758934,1739.9487340049554,-1448.3487340049555,2026-07-27
17.25,270.0,0.5218910183758934,1393.3750395747677,-1200.7750395747678,2026-07-27
17.5,285.0,0.5218910183758934,1066.3814643204844,-880.5914643204844,2026-07-27
17.75,300.0,0.5218910183758934,760.4425536936092,-545.0825536936092,2026-07-27
18.0,315.0,0.5218910183758934,484.925681353885,-282.125681353885,2026-07-27
18.25,330.0,0.5218910183758934,215.11330344920728,-55.513303449207285,2026-07-27
18.5,345.0,0.5218910183758934,43.8434190772164,2.956580922783594,2026-07-27
18.75,360.0,0.5218910183758934,0.3510911547026755,8.648908845297324,2026-07-27
19.0,375.0,0.5218910183758934,0.0,0.0,2026-07-27
14.5,15.0,0.9280039915748319,8059.875972595962,-4467.0759725959615,2026-07-27
14.75,30.0,0.9280039915748319,7578.510556568925,-4545.510556568925,2026-07-27
15.0,45.0,0.9280039915748319,7063.253700153124,-4312.253700153124,2026-07-27
15.25,60.0,0.9280039915748319,6518.719437765162,-3798.919437765162,2026-07-27
15.5,75.0,0.9280039915748319,5961.716405929282,-3414.116405929282,2026-07-27
15.75,90.0,0.9280039915748319,5443.28031001222,-3730.88031001222,2026-07-27
16.0,105.0,0.9280039915748319,4895.265747967929,-3617.265747967929,2026-07-27
16.25,120.0,0.9280039915748319,4327.686154665874,-3295.086154665874,2026-07-27
16.5,135.0,0.9280039915748319,3762.376884746905,-2955.376884746905,2026-07-27
16.75,150.0,0.9280039915748319,3215.8597261984887,-2701.5697261984888,2026-07-27
17.0,165.0,0.9280039915748319,2660.6064575339205,-2369.0064575339206,2026-07-27
17.25,180.0,0.9280039915748319,2120.1846925822792,-1927.5846925822793,2026-07-27
17.5,195.0,0.9280039915748319,1600.632555461444,-1414.8425554614441,2026-07-27
17.75,210.0,0.9280039915748319,1119.4770657114548,-904.1170657114548,2026-07-27
18.0,225.0,0.9280039915748319,690.8278597101546,-488.0278597101546,2026-07-27
18.25,240.0,0.9280039915748319,304.4613241668711,-144.86132416687113,2026-07-27
18.5,255.0,0.9280039915748319,63.71941649668511,-16.919416496685116,2026-07-27
18.75,270.0,0.9280039915748319,0.5152312751886399,8.48476872481136,2026-07-27
19.0,285.0,0.9280039915748319,0.0,0.0,2026-07-27
16.0,15.0,0.24714072234178353,1785.5832796673396,-507.58327966733964,2026-07-27
16.25,30.0,0.24714072234178353,1607.449281907992,-574.849281907992,2026-07-27
16.5,45.0,0.24714072234178353,1426.5333331082425,-619.5333331082425,2026-07-27
16.75,60.0,0.24714072234178353,1249.155315368274,-734.865315368274,2026-07-27
17.0,75.0,0.24714072234178353,1061.7607978968774,-770.1607978968774,2026-07-27
17.25,90.0,0.24714072234178353,875.2006721898554,-682.6006721898553,2026-07-27
17.5,105.0,0.24714072234178353,686.2008691819459,-500.41086918194594,2026-07-27
17.75,120.0,0.24714072234178353,504.9595827516592,-289.59958275165917,2026-07-27
18.0,135.0,0.24714072234178353,338.6207089141155,-135.82070891411547,2026-07-27
18.25,150.0,0.24714072234178353,153.77369452216018,5.82630547783981,2026-07-27
18.5,165.0,0.24714072234178353,30.75349587157377,16.04650412842623,2026-07-27
18.75,180.0,0.24714072234178353,0.2469078205321842,8.753092179467815,2026-07-27
19.0,195.0,0.24714072234178353,0.0,0.0,2026-07-27
17.5,15.0,0.1021859655516484,384.22098063731,-198.43098063731,2026-07-27
17.75,30.0,0.1021859655516484,304.37630125150935,-89.01630125150933,2026-07-27
18.0,45.0,0.1021859655516484,223.7230284438302,-20.92302844383019,2026-07-27
18.25,60.0,0.1021859655516484,105.63428782292448,53.96571217707552,2026-07-27
18.5,75.0,0.1021859655516484,20.632296508136797,26.1677034918632,2026-07-27
18.75,90.0,0.1021859655516484,0.1686087917913459,8.831391208208654,2026-07-27
19.0,105.0,0.1021859655516484,0.0,0.0,2026-07-27
7.0,15.0,0.1945306195866851,319.04695316973937,-26.246953169739356,2026-07-28
7.25,30.0,0.1945306195866851,458.3625883052833,231.63741169471672,2026-07-28
7.5,45.0,0.1945306195866851,606.7487076470508,488.25129235294924,2026-07-28
7.75,60.0,0.1945306195866851,766.4797949958288,642.3202050041712,2026-07-28
8.0,75.0,0.1945306195866851,943.1556644480834,319.84433555191663,2026-07-28
8.25,90.0,0.1945306195866851,1120.978517852771,304.621482147229,2026-07-28
8.5,105.0,0.1945306195866851,1275.8600381162337,660.3399618837664,2026-07-28
8.75,120.0,0.1945306195866851,1434.5666897725796,698.4333102274204,2026-07-28
9.0,135.0,0.1945306195866851,1605.402587982483,366.23741201751704,2026-07-28
9.25,150.0,0.1945306195866851,1778.582048066473,464.2179519335273,2026-07-28
9.5,165.0,0.1945306195866851,1927.114718475692,1153.2852815243082,2026-07-28
9.75,180.0,0.1945306195866851,2069.054809573773,3425.1451904262267,2026-07-28
10.0,195.0,0.1945306195866851,2204.1934113851325,4212.806588614867,2026-07-28
10.25,210.0,0.1945306195866851,2334.5189063535995,6926.4810936464,2026-07-28
10.5,225.0,0.1945306195866851,2459.572355229376,4060.6276447706236,2026-07-28
10.75,240.0,0.1945306195866851,2594.009929175665,2186.920070824335,2026-07-28
11.0,255.0,0.1945306195866851,2707.484972243122,3703.515027756878,2026-07-28
11.25,270.0,0.1945306195866851,2810.173850970346,3447.826149029654,2026-07-28
11.5,285.0,0.1945306195866851,2900.118866270554,4712.681133729446,2026-07-28
11.75,300.0,0.1945306195866851,2983.699633841794,805.3003661582061,2026-07-28
12.0,315.0,0.1945306195866851,3057.633861543007,4447.766138456993,2026-07-28
12.25,330.0,0.1945306195866851,3117.73928307174,7385.26071692826,2026-07-28
12.5,345.0,0.1945306195866851,3140.8733929889545,1064.6966070110452,2026-07-28
12.75,360.0,0.1945306195866851,3110.3712560477225,-1570.1712560477224,2026-07-28
13.0,375.0,0.1945306195866851,3096.887295443177,-1820.0872954431773,2026-07-28
13.25,390.0,0.1945306195866851,3101.593241122977,-2064.7932411229767,2026-07-28
13.5,405.0,0.1945306195866851,3071.4000396182464,-609.6000396182462,2026-07-28
13.75,420.0,0.1945306195866851,2997.772801991707,1399.0771980082932,2026-07-28
14.0,435.0,0.1945306195866851,2915.942534226615,2134.8574657733852,2026-07-28
14.25,450.0,0.1945306195866851,2811.3332083242867,2400.9567916757132,2026-07-28
14.5,465.0,0.1945306195866851,2683.2626177064403,2062.7373822935597,2026-07-28
14.75,480.0,0.1945306195866851,2563.22827799216,266.3717220078397,2026-07-28
15.0,495.0,0.1945306195866851,2438.4547932060805,1513.7452067939194,2026-07-28
15.25,510.0,0.1945306195866851,2292.126623812313,871.0733761876868,2026-07-28
15.5,525.0,0.1945306195866851,2135.996983801964,-28.196983801963597,2026-07-28
15.75,540.0,0.1945306195866851,1972.548156440762,-780.3481564407621,2026-07-28
16.0,555.0,0.1945306195866851,1807.820053612005,-129.620053612005,2026-07-28
16.25,570.0,0.1945306195866851,1633.3208316471073,456.4791683528929,2026-07-28
16.5,585.0,0.1945306195866851,1454.16624859252,327.8337514074799,2026-07-28
16.75,600.0,0.1945306195866851,1263.380105027316,624.689894972684,2026-07-28
17.0,615.0,0.1945306195866851,1068.92172051467,460.4782794853302,2026-07-28
17.25,630.0,0.1945306195866851,878.1026568526728,717.8973431473272,2026-07-28
17.5,645.0,0.1945306195866851,691.4508035018765,23.1491964981235,2026-07-28
17.75,660.0,0.1945306195866851,517.1773003744323,-8.37730037443231,2026-07-28
18.0,675.0,0.1945306195866851,318.79099533020974,133.00900466979027,2026-07-28
18.25,690.0,0.1945306195866851,135.48745066735032,18.712549332649672,2026-07-28
18.5,705.0,0.1945306195866851,26.002548777525845,51.78745122247416,2026-07-28
18.75,720.0,0.1945306195866851,0.1714791901514165,26.828520809848584,2026-07-28
19.0,735.0,0.1945306195866851,0.0,0.0,2026-07-28
8.5,15.0,0.2583060535365263,1445.6591321408623,490.54086785913773,2026-07-28
8.75,30.0,0.2583060535365263,1637.936009274679,495.063990725321,2026-07-28
9.0,45.0,0.2583060535365263,1821.152106621056,150.48789337894414,2026-07-28
9.25,60.0,0.2583060535365263,2004.605224051527,238.19477594847308,2026-07-28
9.5,75.0,0.2583060535365263,2201.669003875438,878.7309961245619,2026-07-28
9.75,90.0,0.2583060535365263,2390.908180522545,3103.2918194774547,2026-07-28
10.0,105.0,0.2583060535365263,2536.030892558941,3880.969107441059,2026-07-28
10.25,120.0,0.2583060535365263,2686.2880133668787,6574.711986633121,2026-07-28
10.5,135.0,0.2583060535365263,2856.79728261511,3663.40271738489,2026-07-28
10.75,150.0,0.2583060535365263,3020.208307434779,1760.7216925652215,2026-07-28
11.0,165.0,0.2583060535365263,3138.68509414518,3272.31490585482,2026-07-28
11.25,180.0,0.2583060535365263,3246.2165565384757,3011.7834434615243,2026-07-28
11.5,195.0,0.2583060535365263,3354.056841702225,4258.743158297775,2026-07-28
11.75,210.0,0.2583060535365263,3451.2810307975383,337.7189692024617,2026-07-28
12.0,225.0,0.2583060535365263,3521.6491956970845,3983.750804302915,2026-07-28
12.25,240.0,0.2583060535365263,3584.728819463511,6918.271180536489,2026-07-28
12.5,255.0,0.2583060535365263,3593.265425065758,612.3045749342418,2026-07-28
12.75,270.0,0.2583060535365263,3570.811600177977,-2030.6116001779772,2026-07-28
13.0,285.0,0.2583060535365263,3562.830741716808,-2286.030741716808,2026-07-28
13.25,300.0,0.2583060535365263,3561.6093091350954,-2524.8093091350956,2026-07-28
13.5,315.0,0.2583060535365263,3525.352945903791,-1063.5529459037907,2026-07-28
13.75,330.0,0.2583060535365263,3447.908568872623,948.9414311273772,2026-07-28
14.0,345.0,0.2583060535365263,3337.2342475061687,1713.5657524938315,2026-07-28
14.25,360.0,0.2583060535365263,3186.623155337468,2025.6668446625322,2026-07-28
14.5,375.0,0.2583060535365263,3030.881599064892,1715.1184009351082,2026-07-28
14.75,390.0,0.2583060535365263,2882.510176647321,-52.910176647320895,2026-07-28
15.0,405.0,0.2583060535365263,2722.3906100770487,1229.8093899229511,2026-07-28
15.25,420.0,0.2583060535365263,2553.2611461018337,609.9388538981661,2026-07-28
15.5,435.0,0.2583060535365263,2395.724452005757,-287.92445200575685,2026-07-28
15.75,450.0,0.2583060535365263,2213.196204505003,-1020.9962045050031,2026-07-28
16.0,465.0,0.2583060535365263,2009.137141119381,-330.93714111938107,2026-07-28
16.25,480.0,0.2583060535365263,1819.13487704448,270.66512295552025,2026-07-28
16.5,495.0,0.2583060535365263,1629.7670123403057,152.23298765969434,2026-07-28
16.75,510.0,0.2583060535365263,1411.5098299949268,476.56017000507313,2026-07-28
17.0,525.0,0.2583060535365263,1189.4046845799458,339.99531542005434,2026-07-28
17.25,540.0,0.2583060535365263,977.3644524978578,618.6355475021422,2026-07-28
17.5,555.0,0.2583060535365263,770.9433535014902,-56.34335350149013,2026-07-28
17.75,570.0,0.2583060535365263,572.3618678201836,-63.561867820183636,2026-07-28
18.0,585.0,0.2583060535365263,350.5950240443911,101.20497595560892,2026-07-28
18.25,600.0,0.2583060535365263,148.92729263969525,5.272707360304736,2026-07-28
18.5,615.0,0.2583060535365263,28.743662381127567,49.04633761887244,2026-07-28
18.75,630.0,0.2583060535365263,0.189453692822672,26.81054630717733,2026-07-28
19.0,645.0,0.2583060535365263,0.0,0.0,2026-07-28
10.0,15.0,0.3199740216601872,3317.698527104931,3099.301472895069,2026-07-28
10.25,30.0,0.3199740216601872,3491.531283596891,5769.468716403109,2026-07-28
10.5,45.0,0.3199740216601872,3675.458093552424,2844.7419064475757,2026-07-28
10.75,60.0,0.3199740216601872,3843.588226406204,937.3417735937965,2026-07-28
11.0,75.0,0.3199740216601872,3983.42969393259,2427.57030606741,2026-07-28
11.25,90.0,0.3199740216601872,4112.073005380144,2145.9269946198556,2026-07-28
11.5,105.0,0.3199740216601872,4221.838220408602,3390.961779591398,2026-07-28
11.75,120.0,0.3199740216601872,4316.777482814969,-527.7774828149686,2026-07-28
12.0,135.0,0.3199740216601872,4376.295504305569,3129.1044956944306,2026-07-28
12.25,150.0,0.3199740216601872,4404.263372433249,6098.736627566751,2026-07-28
12.5,165.0,0.3199740216601872,4382.499550843646,-176.9295508436462,2026-07-28
12.75,180.0,0.3199740216601872,4343.727727579624,-2803.5277275796243,2026-07-28
13.0,195.0,0.3199740216601872,4311.05984476409,-3034.2598447640894,2026-07-28
13.25,210.0,0.3199740216601872,4267.227078970622,-3230.4270789706216,2026-07-28
13.5,225.0,0.3199740216601872,4175.72728999661,-1713.92728999661,2026-07-28
13.75,240.0,0.3199740216601872,4074.703003019441,322.1469969805594,2026-07-28
14.0,255.0,0.3199740216601872,3940.752886095268,1110.0471139047322,2026-07-28
14.25,270.0,0.3199740216601872,3748.107838728074,1464.182161271926,2026-07-28
14.5,285.0,0.3199740216601872,3554.515789959479,1191.4842100405208,2026-07-28
14.75,300.0,0.3199740216601872,3385.8475674590645,-556.2475674590646,2026-07-28
15.0,315.0,0.3199740216601872,3214.9431636064583,737.2568363935416,2026-07-28
15.25,330.0,0.3199740216601872,3009.917813480881,153.28218651911902,2026-07-28
15.5,345.0,0.3199740216601872,2811.6962734082576,-703.8962734082575,2026-07-28
15.75,360.0,0.3199740216601872,2605.8528742432427,-1413.6528742432426,2026-07-28
16.0,375.0,0.3199740216601872,2372.388085198395,-694.1880851983949,2026-07-28
16.25,390.0,0.3199740216601872,2136.487886898029,-46.687886898028864,2026-07-28
16.5,405.0,0.3199740216601872,1896.9967286098456,-114.9967286098456,2026-07-28
16.75,420.0,0.3199740216601872,1637.585787725704,250.48421227429594,2026-07-28
17.0,435.0,0.3199740216601872,1372.4512570234667,156.94874297653337,2026-07-28
17.25,450.0,0.3199740216601872,1112.8184456935376,483.18155430646243,2026-07-28
17.5,465.0,0.3199740216601872,864.9445530471114,-150.3445530471114,2026-07-28
17.75,480.0,0.3199740216601872,634.0522028954056,-125.25220289540556,2026-07-28
18.0,495.0,0.3199740216601872,385.6011218520451,66.19887814795493,2026-07-28
18.25,510.0,0.3199740216601872,162.38786560230278,-8.187865602302793,2026-07-28
18.5,525.0,0.3199740216601872,31.41677847329573,46.37322152670428,2026-07-28
18.75,540.0,0.3199740216601872,0.2068238264282659,26.793176173571734,2026-07-28
19.0,555.0,0.3199740216601872,0.0,0.0,2026-07-28
11.5,15.0,0.49425227112141396,5516.532712637863,2096.267287362137,2026-07-28
11.75,30.0,0.49425227112141396,5625.06357594399,-1836.0635759439901,2026-07-28
12.0,45.0,0.49425227112141396,5705.336037148165,1800.0639628518347,2026-07-28
12.25,60.0,0.49425227112141396,5761.094707474141,4741.905292525859,2026-07-28
12.5,75.0,0.49425227112141396,5777.209581771649,-1571.6395817716493,2026-07-28
12.75,90.0,0.49425227112141396,5749.2992912928885,-4209.099291292889,2026-07-28
13.0,105.0,0.49425227112141396,5690.156271215808,-4413.356271215808,2026-07-28
13.25,120.0,0.49425227112141396,5634.453605923788,-4597.653605923788,2026-07-28
13.5,135.0,0.49425227112141396,5533.4954028048805,-3071.6954028048804,2026-07-28
13.75,150.0,0.49425227112141396,5373.397648517453,-976.5476485174522,2026-07-28
14.0,165.0,0.49425227112141396,5167.807837108123,-117.00783710812266,2026-07-28
14.25,180.0,0.49425227112141396,4926.75084855554,285.53915144446,2026-07-28
14.5,195.0,0.49425227112141396,4688.351178079884,57.64882192011555,2026-07-28
14.75,210.0,0.49425227112141396,4450.034883895686,-1620.4348838956862,2026-07-28
15.0,225.0,0.49425227112141396,4200.721476824305,-248.52147682430495,2026-07-28
15.25,240.0,0.49425227112141396,3928.447586346977,-765.2475863469772,2026-07-28
15.5,255.0,0.49425227112141396,3655.9634460784255,-1548.1634460784253,2026-07-28
15.75,270.0,0.49425227112141396,3370.0993322152804,-2177.89933221528,2026-07-28
16.0,285.0,0.49425227112141396,3073.4364119812917,-1395.2364119812917,2026-07-28
16.25,300.0,0.49425227112141396,2766.110688086772,-676.3106880867717,2026-07-28
16.5,315.0,0.49425227112141396,2449.2232784815446,-667.2232784815446,2026-07-28
16.75,330.0,0.49425227112141396,2107.1945105307136,-219.12451053071368,2026-07-28
17.0,345.0,0.49425227112141396,1762.380691676854,-232.9806916768539,2026-07-28
17.25,360.0,0.49425227112141396,1421.5629576983963,174.4370423016037,2026-07-28
17.5,375.0,0.49425227112141396,1095.637255964626,-381.03725596462607,2026-07-28
17.75,390.0,0.49425227112141396,788.8362104723622,-280.03621047236214,2026-07-28
18.0,405.0,0.49425227112141396,473.5281031590574,-21.72810315905741,2026-07-28
18.25,420.0,0.49425227112141396,200.3761824984425,-46.1761824984425,2026-07-28
18.5,435.0,0.49425227112141396,39.707606160350615,38.08239383964939,2026-07-28
18.75,450.0,0.49425227112141396,0.2616352771764629,26.738364722823537,2026-07-28
19.0,465.0,0.49425227112141396,0.0,0.0,2026-07-28
13.0,15.0,0.48942834228741267,5771.432345629957,-4494.632345629957,2026-07-28
13.25,30.0,0.48942834228741267,5756.133844196816,-4719.333844196816,2026-07-28
13.5,45.0,0.48942834228741267,5693.308747646324,-3231.508747646324,2026-07-28
13.75,60.0,0.48942834228741267,5468.317977827068,-1071.4679778270674,2026-07-28
14.0,75.0,0.48942834228741267,5200.546150435631,-149.74615043563062,2026-07-28
14.25,90.0,0.48942834228741267,4914.298032289103,297.99196771089737,2026-07-28
14.5,105.0,0.48942834228741267,4623.978302745346,122.0216972546541,2026-07-28
14.75,120.0,0.48942834228741267,4295.588380197473,-1465.9883801974734,2026-07-28
15.0,135.0,0.48942834228741267,3949.558654521313,2.641345478686617,2026-07-28
15.25,150.0,0.48942834228741267,3597.9087310522664,-434.70873105226656,2026-07-28
15.5,165.0,0.48942834228741267,3250.8967677219407,-1143.0967677219405,2026-07-28
15.75,180.0,0.48942834228741267,2963.28319389026,-1771.08319389026,2026-07-28
16.0,195.0,0.48942834228741267,2640.9119373350445,-962.7119373350445,2026-07-28
16.25,210.0,0.48942834228741267,2301.4272271844857,-211.6272271844855,2026-07-28
16.5,225.0,0.48942834228741267,1966.9487461348904,-184.94874613489037,2026-07-28
16.75,240.0,0.48942834228741267,1677.83882017856,210.23117982144004,2026-07-28
17.0,255.0,0.48942834228741267,1382.564616891602,146.835383108398,2026-07-28
17.25,270.0,0.48942834228741267,1091.6848705722248,504.3151294277752,2026-07-28
17.5,285.0,0.48942834228741267,814.1500373649453,-99.5500373649453,2026-07-28
17.75,300.0,0.48942834228741267,567.2161358654682,-58.41613586546822,2026-07-28
18.0,315.0,0.48942834228741267,346.6537102204181,105.14628977958193,2026-07-28
18.25,330.0,0.48942834228741267,170.87917561601265,-16.679175616012657,2026-07-28
18.5,345.0,0.48942834228741267,38.18865385405817,39.60134614594184,2026-07-28
18.75,360.0,0.48942834228741267,0.2511324228887813,26.74886757711122,2026-07-28
19.0,375.0,0.48942834228741267,0.0,0.0,2026-07-28
14.5,15.0,0.32317703668877695,3937.7562538339794,808.2437461660206,2026-07-28
14.75,30.0,0.32317703668877695,3645.919792095304,-816.3197920953039,2026-07-28
15.0,45.0,0.32317703668877695,3337.7366363863807,614.4633636136191,2026-07-28
15.25,60.0,0.32317703668877695,3025.249508577221,137.95049142277867,2026-07-28
15.5,75.0,0.32317703668877695,2726.020783827133,-618.2207838271329,2026-07-28
15.75,90.0,0.32317703668877695,2494.2976915723707,-1302.0976915723706,2026-07-28
16.0,105.0,0.32317703668877695,2226.343284647556,-548.1432846475561,2026-07-28
16.25,120.0,0.32317703668877695,1938.020037721012,151.77996227898825,2026-07-28
16.5,135.0,0.32317703668877695,1643.7530204230477,138.2469795769523,2026-07-28
16.75,150.0,0.32317703668877695,1403.712814860192,484.3571851398078,2026-07-28
17.0,165.0,0.32317703668877695,1157.9509471377576,371.4490528622425,2026-07-28
17.25,180.0,0.32317703668877695,917.4954582185628,678.5045417814372,2026-07-28
17.5,195.0,0.32317703668877695,680.8247405244158,33.77525947558422,2026-07-28
17.75,210.0,0.32317703668877695,474.90093539262017,33.89906460737984,2026-07-28
18.0,225.0,0.32317703668877695,291.27549915994035,160.52450084005966,2026-07-28
18.25,240.0,0.32317703668877695,146.90008575339508,7.299914246604914,2026-07-28
18.5,255.0,0.32317703668877695,32.916877192296184,44.87312280770382,2026-07-28
18.75,270.0,0.32317703668877695,0.2157370106197371,26.784262989380263,2026-07-28
19.0,285.0,0.32317703668877695,0.0,0.0,2026-07-28
16.0,15.0,0.25892673441824543,1619.8772047785208,58.32279522147928,2026-07-28
16.25,30.0,0.25892673441824543,1410.9990640724957,678.8009359275045,2026-07-28
16.5,45.0,0.25892673441824543,1192.146645464647,589.853354535353,2026-07-28
16.75,60.0,0.25892673441824543,1022.138392234912,865.931607765088,2026-07-28
17.0,75.0,0.25892673441824543,858.6903073062686,670.7096926937315,2026-07-28
17.25,90.0,0.25892673441824543,692.0572029543433,903.9427970456567,2026-07-28
17.5,105.0,0.25892673441824543,518.2138791494659,196.3861208505341,2026-07-28
17.75,120.0,0.25892673441824543,367.4568667601796,141.34313323982042,2026-07-28
18.0,135.0,0.25892673441824543,232.95026130371213,218.8497386962879,2026-07-28
18.25,150.0,0.25892673441824543,123.3098060389902,30.890193961009786,2026-07-28
18.5,165.0,0.25892673441824543,28.1818590936087,49.608140906391306,2026-07-28
18.75,180.0,0.25892673441824543,0.1855561630304783,26.81444383696952,2026-07-28
19.0,195.0,0.25892673441824543,0.0,0.0,2026-07-28
17.5,15.0,0.3821369363883238,726.1821492207532,-11.582149220753195,2026-07-28
17.75,30.0,0.3821369363883238,503.5406459641839,5.259354035816102,2026-07-28
18.0,45.0,0.3821369363883238,308.6344420327853,143.16555796721474,2026-07-28
18.25,60.0,0.3821369363883238,154.3098647057896,-0.10986470578961871,2026-07-28
18.5,75.0,0.3821369363883238,34.510555815618055,43.27944418438195,2026-07-28
18.75,90.0,0.3821369363883238,0.2264561998632935,26.773543800136707,2026-07-28
19.0,105.0,0.3821369363883238,0.0,0.0,2026-07-28
7.0,15.0,0.06130190529281193,119.45011987461666,-101.45011987461666,2026-07-29
7.25,30.0,0.06130190529281193,182.62642123325676,-129.82642123325678,2026-07-29
7.5,45.0,0.06130190529281193,249.96259715329995,-77.16259715329994,2026-07-29
7.75,60.0,0.06130190529281193,336.027479341372,-130.22747934137197,2026-07-29
8.0,75.0,0.06130190529281193,426.5553750256449,-271.75537502564487,2026-07-29
8.25,90.0,0.06130190529281193,511.1768441930454,-352.38684419304536,2026-07-29
8.5,105.0,0.06130190529281193,583.7516405207188,-340.11164052071877,2026-07-29
8.75,120.0,0.06130190529281193,675.7851823853367,-459.7851823853367,2026-07-29
9.0,135.0,0.06130190529281193,787.632516020513,-575.232516020513,2026-07-29
9.25,150.0,0.06130190529281193,900.1735165145534,-589.0335165145534,2026-07-29
9.5,165.0,0.06130190529281193,1016.971196740565,-765.571196740565,2026-07-29
9.75,180.0,0.06130190529281193,1163.5402128389042,-919.2502128389042,2026-07-29
10.0,195.0,0.06130190529281193,1290.9390025078285,-539.7390025078284,2026-07-29
10.25,210.0,0.06130190529281193,1417.8275265321265,-15.027526532126558,2026-07-29
10.5,225.0,0.06130190529281193,1527.864555500335,-680.064555500335,2026-07-29
10.75,240.0,0.06130190529281193,1623.4216989669687,-806.2216989669687,2026-07-29
11.0,255.0,0.06130190529281193,1703.7540494198863,78.8459505801136,2026-07-29
11.25,270.0,0.06130190529281193,1776.7299623028412,318.9800376971589,2026-07-29
11.5,285.0,0.06130190529281193,1788.5258268938724,-263.92582689387245,2026-07-29
11.75,300.0,0.06130190529281193,1771.7540096750088,-227.35400967500868,2026-07-29
12.0,315.0,0.06130190529281193,1800.619627386612,286.1803726133883,2026-07-29
12.25,330.0,0.06130190529281193,1803.5085880513009,304.8914119486992,2026-07-29
12.5,345.0,0.06130190529281193,1653.6625881178031,945.5374118821967,2026-07-29
12.75,360.0,0.06130190529281193,1524.2577178317788,1635.942282168221,2026-07-29
13.0,375.0,0.06130190529281193,1449.8048342977156,1958.1951657022844,2026-07-29
13.25,390.0,0.06130190529281193,1428.5604585959982,1426.839541404002,2026-07-29
13.5,405.0,0.06130190529281193,1389.1702214492086,1090.3297785507914,2026-07-29
13.75,420.0,0.06130190529281193,1379.7158709481462,1114.4841290518536,2026-07-29
14.0,435.0,0.06130190529281193,1347.1060683215153,1640.8939316784847,2026-07-29
14.25,450.0,0.06130190529281193,1273.3586334185818,749.7113665814181,2026-07-29
14.5,465.0,0.06130190529281193,1186.9603445307996,-15.760344530799557,2026-07-29
14.75,480.0,0.06130190529281193,1120.6481976591294,-518.8481976591295,2026-07-29
15.0,495.0,0.06130190529281193,1080.697517615435,-721.8975176154349,2026-07-29
15.25,510.0,0.06130190529281193,1027.4802284175078,-664.4802284175078,2026-07-29
15.5,525.0,0.06130190529281193,974.2018054365052,-545.2018054365052,2026-07-29
15.75,540.0,0.06130190529281193,927.6614698179804,-679.8614698179804,2026-07-29
16.0,555.0,0.06130190529281193,868.7416852344165,-572.9416852344166,2026-07-29
16.25,570.0,0.06130190529281193,810.629892642631,-665.3398926426311,2026-07-29
16.5,585.0,0.06130190529281193,748.0950798364889,-533.895079836489,2026-07-29
16.75,600.0,0.06130190529281193,664.9244703279093,-102.12447032790931,2026-07-29
17.0,615.0,0.06130190529281193,571.4542191707072,41.83578082929273,2026-07-29
17.25,630.0,0.06130190529281193,480.8145870500889,-183.1245870500889,2026-07-29
17.5,645.0,0.06130190529281193,379.5771161285901,27.22288387140992,2026-07-29
17.75,660.0,0.06130190529281193,282.23182676143,41.76817323857,2026-07-29
18.0,675.0,0.06130190529281193,196.024088718093,-30.424088718093003,2026-07-29
18.25,690.0,0.06130190529281193,112.86401399236595,47.05598600763403,2026-07-29
18.5,705.0,0.06130190529281193,19.6979004400639,45.7520995599361,2026-07-29
18.75,720.0,0.06130190529281193,0.1019975579764234,-0.1019975579764234,2026-07-29
19.0,735.0,0.06130190529281193,0.0,0.0,2026-07-29
8.5,15.0,0.04962322230245605,382.6436238206007,-139.0036238206007,2026-07-29
8.75,30.0,0.04962322230245605,473.94348363138334,-257.94348363138334,2026-07-29
9.0,45.0,0.04962322230245605,561.7275992900263,-349.32759929002634,2026-07-29
9.25,60.0,0.04962322230245605,658.8477910059784,-347.7077910059784,2026-07-29
9.5,75.0,0.04962322230245605,782.3438373496247,-530.9438373496247,2026-07-29
9.75,90.0,0.04962322230245605,925.0526573355892,-680.7626573355892,2026-07-29
10.0,105.0,0.04962322230245605,1051.82260282971,-300.6226028297099,2026-07-29
10.25,120.0,0.04962322230245605,1176.6438200262144,226.15617997378558,2026-07-29
10.5,135.0,0.04962322230245605,1285.993980562449,-438.19398056244904,2026-07-29
10.75,150.0,0.04962322230245605,1355.3361694130829,-538.1361694130828,2026-07-29
11.0,165.0,0.04962322230245605,1430.8684064977715,351.7315935022284,2026-07-29
11.25,180.0,0.04962322230245605,1509.1760979733083,586.5339020266917,2026-07-29
11.5,195.0,0.04962322230245605,1524.7133502106906,-0.11335021069066897,2026-07-29
11.75,210.0,0.04962322230245605,1514.5214433490796,29.878556650920473,2026-07-29
12.0,225.0,0.04962322230245605,1518.742480287538,568.0575197124622,2026-07-29
12.25,240.0,0.04962322230245605,1500.5085220052013,607.8914779947988,2026-07-29
12.5,255.0,0.04962322230245605,1349.5973206192562,1249.6026793807437,2026-07-29
12.75,270.0,0.04962322230245605,1230.8439269205871,1929.3560730794127,2026-07-29
13.0,285.0,0.04962322230245605,1162.0607305604096,2245.93926943959,2026-07-29
13.25,300.0,0.04962322230245605,1141.9063126226124,1713.4936873773877,2026-07-29
13.5,315.0,0.04962322230245605,1127.496688577067,1352.003311422933,2026-07-29
13.75,330.0,0.04962322230245605,1127.7342927788477,1366.4657072211521,2026-07-29
14.0,345.0,0.04962322230245605,1093.3103316144206,1894.6896683855794,2026-07-29
14.25,360.0,0.04962322230245605,1019.0407122585838,1004.0292877414162,2026-07-29
14.5,375.0,0.04962322230245605,961.692663284834,209.50733671516605,2026-07-29
14.75,390.0,0.04962322230245605,924.2738094970111,-322.4738094970112,2026-07-29
15.0,405.0,0.04962322230245605,884.9683519957657,-526.1683519957658,2026-07-29
15.25,420.0,0.04962322230245605,842.3485806803737,-479.34858068037374,2026-07-29
15.5,435.0,0.04962322230245605,804.8775082650005,-375.87750826500053,2026-07-29
15.75,450.0,0.04962322230245605,759.763666876051,-511.96366687605104,2026-07-29
16.0,465.0,0.04962322230245605,710.9698403968416,-415.1698403968416,2026-07-29
16.25,480.0,0.04962322230245605,671.3413958819737,-526.0513958819737,2026-07-29
16.5,495.0,0.04962322230245605,625.9348570593789,-411.73485705937895,2026-07-29
16.75,510.0,0.04962322230245605,555.427079073947,7.372920926052984,2026-07-29
17.0,525.0,0.04962322230245605,484.6925973146917,128.59740268530828,2026-07-29
17.25,540.0,0.04962322230245605,412.33055870491546,-114.64055870491546,2026-07-29
17.5,555.0,0.04962322230245605,328.0432299366235,78.7567700633765,2026-07-29
17.75,570.0,0.04962322230245605,246.96229593399943,77.03770406600057,2026-07-29
18.0,585.0,0.04962322230245605,175.60996913266808,-10.00996913266809,2026-07-29
18.25,600.0,0.04962322230245605,104.27222210740598,55.64777789259401,2026-07-29
18.5,615.0,0.04962322230245605,17.958537383402227,47.49146261659777,2026-07-29
18.75,630.0,0.04962322230245605,0.0926653158485988,-0.0926653158485988,2026-07-29
19.0,645.0,0.04962322230245605,0.0,0.0,2026-07-29
10.0,15.0,0.034399062586192665,599.0191903853541,152.1808096146459,2026-07-29
10.25,30.0,0.034399062586192665,693.3481618914936,709.4518381085063,2026-07-29
10.5,45.0,0.034399062586192665,762.6688156911106,85.13118430888937,2026-07-29
10.75,60.0,0.034399062586192665,813.8521278359499,3.347872164050159,2026-07-29
11.0,75.0,0.034399062586192665,891.607990780345,890.992009219655,2026-07-29
11.25,90.0,0.034399062586192665,965.931698599109,1129.778301400891,2026-07-29
11.5,105.0,0.034399062586192665,979.1970502550088,545.4029497449911,2026-07-29
11.75,120.0,0.034399062586192665,982.1414260939746,562.2585739060255,2026-07-29
12.0,135.0,0.034399062586192665,1014.5621217466391,1072.237878253361,2026-07-29
12.25,150.0,0.034399062586192665,1013.990410400028,1094.4095895999722,2026-07-29
12.5,165.0,0.034399062586192665,940.5526614850814,1658.6473385149184,2026-07-29
12.75,180.0,0.034399062586192665,895.1596653026446,2265.0403346973553,2026-07-29
13.0,195.0,0.034399062586192665,855.9011486248016,2552.098851375198,2026-07-29
13.25,210.0,0.034399062586192665,823.5145993731475,2031.8854006268525,2026-07-29
13.5,225.0,0.034399062586192665,804.3471102380026,1675.1528897619974,2026-07-29
13.75,240.0,0.034399062586192665,824.6088042033675,1669.5911957966323,2026-07-29
14.0,255.0,0.034399062586192665,811.0066145557735,2176.9933854442265,2026-07-29
14.25,270.0,0.034399062586192665,782.1746490692852,1240.8953509307148,2026-07-29
14.5,285.0,0.034399062586192665,746.6671749529065,424.5328250470935,2026-07-29
14.75,300.0,0.034399062586192665,728.437190661953,-126.63719066195301,2026-07-29
15.0,315.0,0.034399062586192665,706.6801246009634,-347.88012460096337,2026-07-29
15.25,330.0,0.034399062586192665,675.4994874800886,-312.49948748008865,2026-07-29
15.5,345.0,0.034399062586192665,644.3717731960211,-215.37177319602108,2026-07-29
15.75,360.0,0.034399062586192665,625.6674087419185,-377.8674087419185,2026-07-29
16.0,375.0,0.034399062586192665,604.4932258307178,-308.69322583071784,2026-07-29
16.25,390.0,0.034399062586192665,576.6177763478687,-431.32777634786873,2026-07-29
16.5,405.0,0.034399062586192665,533.6616773040136,-319.46167730401356,2026-07-29
16.75,420.0,0.034399062586192665,473.2980075814656,89.50199241853437,2026-07-29
17.0,435.0,0.034399062586192665,415.2937183536994,197.9962816463006,2026-07-29
17.25,450.0,0.034399062586192665,354.9044542993865,-57.21445429938649,2026-07-29
17.5,465.0,0.034399062586192665,284.6516905977482,122.14830940225181,2026-07-29
17.75,480.0,0.034399062586192665,219.3566103449201,104.64338965507989,2026-07-29
18.0,495.0,0.034399062586192665,160.32659232664074,5.273407673359259,2026-07-29
18.25,510.0,0.034399062586192665,97.7257725303946,62.194227469605394,2026-07-29
18.5,525.0,0.034399062586192665,16.927907350492433,48.52209264950757,2026-07-29
18.75,540.0,0.034399062586192665,0.0885957270378799,-0.0885957270378799,2026-07-29
19.0,555.0,0.034399062586192665,0.0,0.0,2026-07-29
11.5,15.0,0.10156074066948421,1481.8315656648963,42.76843433510362,2026-07-29
11.75,30.0,0.10156074066948421,1501.7478350420229,42.65216495797722,2026-07-29
12.0,45.0,0.10156074066948421,1527.5837841445984,559.2162158554017,2026-07-29
12.25,60.0,0.10156074066948421,1538.4195266361044,569.9804733638957,2026-07-29
12.5,75.0,0.10156074066948421,1496.807832699326,1102.392167300674,2026-07-29
12.75,90.0,0.10156074066948421,1444.0911576502756,1716.1088423497242,2026-07-29
13.0,105.0,0.10156074066948421,1397.1862000913052,2010.8137999086948,2026-07-29
13.25,120.0,0.10156074066948421,1377.197641228903,1478.2023587710971,2026-07-29
13.5,135.0,0.10156074066948421,1356.2348926140496,1123.2651073859504,2026-07-29
13.75,150.0,0.10156074066948421,1342.92258260431,1151.2774173956898,2026-07-29
14.0,165.0,0.10156074066948421,1307.5908358179745,1680.4091641820255,2026-07-29
14.25,180.0,0.10156074066948421,1263.6224580520277,759.4475419479722,2026-07-29
14.5,195.0,0.10156074066948421,1208.8958882076029,-37.69588820760282,2026-07-29
14.75,210.0,0.10156074066948421,1158.6242025743002,-556.8242025743002,2026-07-29
15.0,225.0,0.10156074066948421,1115.719682614442,-756.9196826144421,2026-07-29
15.25,240.0,0.10156074066948421,1083.5240506947714,-720.5240506947714,2026-07-29
15.5,255.0,0.10156074066948421,1038.5377700038907,-609.5377700038907,2026-07-29
15.75,270.0,0.10156074066948421,984.1974297526024,-736.3974297526024,2026-07-29
16.0,285.0,0.10156074066948421,921.9510373545486,-626.1510373545486,2026-07-29
16.25,300.0,0.10156074066948421,855.2578051560711,-709.9678051560711,2026-07-29
16.5,315.0,0.10156074066948421,779.4157257122088,-565.2157257122087,2026-07-29
16.75,330.0,0.10156074066948421,681.5058681853872,-118.7058681853872,2026-07-29
17.0,345.0,0.10156074066948421,584.3804435255557,28.90955647444423,2026-07-29
17.25,360.0,0.10156074066948421,483.7622629123329,-186.07226291233292,2026-07-29
17.5,375.0,0.10156074066948421,382.06106347752416,24.738936522475854,2026-07-29
17.75,390.0,0.10156074066948421,284.68965883305964,39.31034116694036,2026-07-29
18.0,405.0,0.10156074066948421,196.3224195774985,-30.7224195774985,2026-07-29
18.25,420.0,0.10156074066948421,112.90140026060983,47.018599739390154,2026-07-29
18.5,435.0,0.10156074066948421,20.153527174412982,45.29647282558702,2026-07-29
18.75,450.0,0.10156074066948421,0.1050082026266517,-0.1050082026266517,2026-07-29
19.0,465.0,0.10156074066948421,0.0,0.0,2026-07-29
13.0,15.0,0.1698653417448125,2155.391805251517,1252.6081947484831,2026-07-29
13.25,30.0,0.1698653417448125,2127.1809278758737,728.2190721241263,2026-07-29
13.5,45.0,0.1698653417448125,2095.2985840810748,384.20141591892525,2026-07-29
13.75,60.0,0.1698653417448125,2062.549263414709,431.6507365852908,2026-07-29
14.0,75.0,0.1698653417448125,2011.1489540444124,976.8510459555876,2026-07-29
14.25,90.0,0.1698653417448125,1942.5947220903515,80.47527790964841,2026-07-29
14.5,105.0,0.1698653417448125,1862.5306096897627,-691.3306096897627,2026-07-29
14.75,120.0,0.1698653417448125,1783.8655311206,-1182.0655311206,2026-07-29
15.0,135.0,0.1698653417448125,1715.8871768918457,-1357.0871768918457,2026-07-29
15.25,150.0,0.1698653417448125,1649.678878806542,-1286.678878806542,2026-07-29
15.5,165.0,0.1698653417448125,1567.2393063531763,-1138.2393063531763,2026-07-29
15.75,180.0,0.1698653417448125,1455.9959914731346,-1208.1959914731347,2026-07-29
16.0,195.0,0.1698653417448125,1341.2390558748789,-1045.439055874879,2026-07-29
16.25,210.0,0.1698653417448125,1225.8329142670957,-1080.5429142670957,2026-07-29
16.5,225.0,0.1698653417448125,1103.677605249881,-889.477605249881,2026-07-29
16.75,240.0,0.1698653417448125,955.5339784781518,-392.7339784781518,2026-07-29
17.0,255.0,0.1698653417448125,804.3620512220853,-191.0720512220853,2026-07-29
17.25,270.0,0.1698653417448125,652.4772159118442,-354.78721591184416,2026-07-29
17.5,285.0,0.1698653417448125,501.30152874848375,-94.50152874848374,2026-07-29
17.75,300.0,0.1698653417448125,364.6608556899786,-40.660855689978575,2026-07-29
18.0,315.0,0.1698653417448125,243.37877450006064,-77.77877450006065,2026-07-29
18.25,330.0,0.1698653417448125,125.36368013468538,34.556319865314606,2026-07-29
18.5,345.0,0.1698653417448125,22.836209192431564,42.613790807568435,2026-07-29
18.75,360.0,0.1698653417448125,0.1197972306736055,-0.1197972306736055,2026-07-29
19.0,375.0,0.1698653417448125,0.0,0.0,2026-07-29
14.5,15.0,0.18689560558603496,1962.9914167628235,-791.7914167628235,2026-07-29
14.75,30.0,0.18689560558603496,1893.0726647011843,-1291.2726647011843,2026-07-29
15.0,45.0,0.18689560558603496,1810.6664648609103,-1451.8664648609104,2026-07-29
15.25,60.0,0.18689560558603496,1728.5945298619542,-1365.5945298619542,2026-07-29
15.5,75.0,0.18689560558603496,1648.796637436852,-1219.796637436852,2026-07-29
15.75,90.0,0.18689560558603496,1541.0484040561628,-1293.2484040561628,2026-07-29
16.0,105.0,0.18689560558603496,1413.739745281874,-1117.9397452818741,2026-07-29
16.25,120.0,0.18689560558603496,1285.4938775776673,-1140.2038775776673,2026-07-29
16.5,135.0,0.18689560558603496,1158.7500798531562,-944.5500798531561,2026-07-29
16.75,150.0,0.18689560558603496,1006.2895368148012,-443.4895368148012,2026-07-29
17.0,165.0,0.18689560558603496,846.0071280437948,-232.7171280437948,2026-07-29
17.25,180.0,0.18689560558603496,685.2027574939736,-387.51275749397365,2026-07-29
17.5,195.0,0.18689560558603496,526.4113048009017,-119.61130480090168,2026-07-29
17.75,210.0,0.18689560558603496,383.1082244810635,-59.10822448106347,2026-07-29
18.0,225.0,0.18689560558603496,253.6836258688465,-88.0836258688465,2026-07-29
18.25,240.0,0.18689560558603496,130.14137871492457,29.778621285075417,2026-07-29
18.5,255.0,0.18689560558603496,23.898843856884948,41.55115614311505,2026-07-29
18.75,270.0,0.18689560558603496,0.1263228363385011,-0.1263228363385011,2026-07-29
19.0,285.0,0.18689560558603496,0.0,0.0,2026-07-29
16.0,15.0,0.04311511209014876,704.4835836331931,-408.6835836331931,2026-07-29
16.25,30.0,0.04311511209014876,661.6530170937826,-516.3630170937827,2026-07-29
16.5,45.0,0.04311511209014876,610.5399458220008,-396.33994582200086,2026-07-29
16.75,60.0,0.04311511209014876,538.1845346214661,24.615465378533827,2026-07-29
17.0,75.0,0.04311511209014876,470.401116376638,142.88888362336195,2026-07-29
17.25,90.0,0.04311511209014876,395.9858439477823,-98.29584394778232,2026-07-29
17.5,105.0,0.04311511209014876,312.253250241976,94.54674975802402,2026-07-29
17.75,120.0,0.04311511209014876,239.31154940874288,84.68845059125712,2026-07-29
18.0,135.0,0.04311511209014876,172.94216468040787,-7.342164680407876,2026-07-29
18.25,150.0,0.04311511209014876,96.06098116944544,63.85901883055455,2026-07-29
18.5,165.0,0.04311511209014876,16.85658201341106,48.593417986588946,2026-07-29
18.75,180.0,0.04311511209014876,0.0888415402369067,-0.0888415402369067,2026-07-29
19.0,195.0,0.04311511209014876,0.0,0.0,2026-07-29
17.5,15.0,0.10957495345697876,379.1390948206272,27.660905179372833,2026-07-29
17.75,30.0,0.10957495345697876,285.9508182764581,38.04918172354189,2026-07-29
18.0,45.0,0.10957495345697876,199.81403681066348,-34.21403681066349,2026-07-29
18.25,60.0,0.10957495345697876,107.72005929045436,52.19994070954563,2026-07-29
18.5,75.0,0.10957495345697876,19.3852839863689,46.0647160136311,2026-07-29
18.75,90.0,0.10957495345697876,0.1025583167911503,-0.1025583167911503,2026-07-29
19.0,105.0,0.10957495345697876,0.0,0.0,2026-07-29
7.0,15.0,0.057236422647290675,91.77815335031204,-91.77815335031204,2026-07-30
7.25,30.0,0.057236422647290675,136.39451241982678,-127.39451241982678,2026-07-30
7.5,45.0,0.057236422647290675,182.0454040375222,-119.04540403752219,2026-07-30
7.75,60.0,0.057236422647290675,255.78575346292217,-202.42575346292216,2026-07-30
8.0,75.0,0.057236422647290675,328.0792669730161,-257.8792669730161,2026-07-30
8.25,90.0,0.057236422647290675,390.9457089105656,-201.3457089105656,2026-07-30
8.5,105.0,0.057236422647290675,449.16987852138857,-123.87987852138855,2026-07-30
8.75,120.0,0.057236422647290675,539.6060012187429,-131.00600121874288,2026-07-30
9.0,135.0,0.057236422647290675,633.701280899362,85.658719100638,2026-07-30
9.25,150.0,0.057236422647290675,730.5666703835826,-64.56667038358262,2026-07-30
9.5,165.0,0.057236422647290675,820.7219556759909,-519.521955675991,2026-07-30
9.75,180.0,0.057236422647290675,938.5015624961673,-660.8815624961672,2026-07-30
10.0,195.0,0.057236422647290675,1051.9355924762074,-537.6455924762074,2026-07-30
10.25,210.0,0.057236422647290675,1168.0501351672358,-860.8501351672357,2026-07-30
10.5,225.0,0.057236422647290675,1290.9587745994852,-864.9587745994852,2026-07-30
10.75,240.0,0.057236422647290675,1404.6616416722052,-963.6616416722052,2026-07-30
11.0,255.0,0.057236422647290675,1476.7701605940313,-775.9701605940313,2026-07-30
11.25,270.0,0.057236422647290675,1533.457660275424,-609.4576602754239,2026-07-30
11.5,285.0,0.057236422647290675,1574.213690773851,-444.41369077385116,2026-07-30
11.75,300.0,0.057236422647290675,1612.2000451484294,22.799954851570646,2026-07-30
12.0,315.0,0.057236422647290675,1692.0108680016808,-420.6108680016807,2026-07-30
12.25,330.0,0.057236422647290675,1747.811260552858,-1009.8112605528579,2026-07-30
12.5,345.0,0.057236422647290675,1704.5968309798186,-1174.2368309798185,2026-07-30
12.75,360.0,0.057236422647290675,1639.5478607183604,-1177.5478607183604,2026-07-30
13.0,375.0,0.057236422647290675,1621.428622519204,-1066.428622519204,2026-07-30
13.25,390.0,0.057236422647290675,1610.7183010123997,-1043.1183010123996,2026-07-30
13.5,405.0,0.057236422647290675,1579.7494934160263,-920.3494934160263,2026-07-30
13.75,420.0,0.057236422647290675,1573.776955963143,-344.97695596314315,2026-07-30
14.0,435.0,0.057236422647290675,1529.1444684510896,-130.54446845108964,2026-07-30
14.25,450.0,0.057236422647290675,1427.538631164786,-548.538631164786,2026-07-30
14.5,465.0,0.057236422647290675,1311.344990370098,-600.344990370098,2026-07-30
14.75,480.0,0.057236422647290675,1214.5741286369562,-714.7741286369562,2026-07-30
15.0,495.0,0.057236422647290675,1134.2228472334173,-719.0228472334172,2026-07-30
15.25,510.0,0.057236422647290675,1057.5607774213076,-381.9607774213076,2026-07-30
15.5,525.0,0.057236422647290675,977.0860015361476,75.91399846385241,2026-07-30
15.75,540.0,0.057236422647290675,911.1514783928218,213.2485216071783,2026-07-30
16.0,555.0,0.057236422647290675,841.0100651217447,480.1899348782554,2026-07-30
16.25,570.0,0.057236422647290675,772.2365019666892,601.7634980333108,2026-07-30
16.5,585.0,0.057236422647290675,699.1315742288781,688.6684257711219,2026-07-30
16.75,600.0,0.057236422647290675,621.2378347395169,795.362165260483,2026-07-30
17.0,615.0,0.057236422647290675,528.2555406424132,870.2044593575869,2026-07-30
17.25,630.0,0.057236422647290675,439.848504449924,735.5514955500761,2026-07-30
17.5,645.0,0.057236422647290675,351.7849309886504,720.4150690113497,2026-07-30
17.75,660.0,0.057236422647290675,271.246004893855,484.153995106145,2026-07-30
18.0,675.0,0.057236422647290675,198.7813333315136,326.81866666848646,2026-07-30
18.25,690.0,0.057236422647290675,112.6871244476738,52.9128755523262,2026-07-30
18.5,705.0,0.057236422647290675,19.06043108694401,-2.26043108694401,2026-07-30
18.75,720.0,0.057236422647290675,0.0768152128663583,13.423184787133641,2026-07-30
19.0,735.0,0.057236422647290675,0.0,0.0,2026-07-30
8.5,15.0,0.04001839597823111,334.5954294276962,-9.305429427696197,2026-07-30
8.75,30.0,0.04001839597823111,410.3426048410297,-1.7426048410296744,2026-07-30
9.0,45.0,0.04001839597823111,485.6476529813576,233.7123470186424,2026-07-30
9.25,60.0,0.04001839597823111,564.8882545487622,101.11174545123777,2026-07-30
9.5,75.0,0.04001839597823111,637.5025916601529,-336.3025916601529,2026-07-30
9.75,90.0,0.04001839597823111,725.9298817039282,-448.3098817039282,2026-07-30
10.0,105.0,0.04001839597823111,822.0008130115759,-307.71081301157596,2026-07-30
10.25,120.0,0.04001839597823111,923.691752627532,-616.4917526275319,2026-07-30
10.5,135.0,0.04001839597823111,1026.110947922301,-600.110947922301,2026-07-30
10.75,150.0,0.04001839597823111,1100.994363993272,-659.9943639932719,2026-07-30
11.0,165.0,0.04001839597823111,1168.657589203974,-467.85758920397416,2026-07-30
11.25,180.0,0.04001839597823111,1224.29891569025,-300.29891569024994,2026-07-30
11.5,195.0,0.04001839597823111,1265.8931094350776,-136.09310943507762,2026-07-30
11.75,210.0,0.04001839597823111,1292.2340165227802,342.76598347721983,2026-07-30
12.0,225.0,0.04001839597823111,1325.7372115452908,-54.33721154529076,2026-07-30
12.25,240.0,0.04001839597823111,1362.3314827650152,-624.3314827650152,2026-07-30
12.5,255.0,0.04001839597823111,1332.2467999882008,-801.8867999882008,2026-07-30
12.75,270.0,0.04001839597823111,1283.2903395519593,-821.2903395519593,2026-07-30
13.0,285.0,0.04001839597823111,1269.646158853522,-714.6461588535219,2026-07-30
13.25,300.0,0.04001839597823111,1265.1443414528687,-697.5443414528687,2026-07-30
13.5,315.0,0.04001839597823111,1233.8834831045792,-574.4834831045792,2026-07-30
13.75,330.0,0.04001839597823111,1213.1296202924482,15.670379707551774,2026-07-30
14.0,345.0,0.04001839597823111,1175.094212059841,223.50578794015883,2026-07-30
14.25,360.0,0.04001839597823111,1087.769165013813,-208.7691650138131,2026-07-30
14.5,375.0,0.04001839597823111,1000.4255422605578,-289.4255422605578,2026-07-30
14.75,390.0,0.04001839597823111,926.6535547352232,-426.8535547352232,2026-07-30
15.0,405.0,0.04001839597823111,860.4858736941752,-445.2858736941752,2026-07-30
15.25,420.0,0.04001839597823111,793.6396357719223,-118.03963577192224,2026-07-30
15.5,435.0,0.04001839597823111,725.1243417714376,327.87565822856243,2026-07-30
15.75,450.0,0.04001839597823111,672.3612817265998,452.03871827340026,2026-07-30
16.0,465.0,0.04001839597823111,627.3011263360063,693.8988736639938,2026-07-30
16.25,480.0,0.04001839597823111,578.0740130133604,795.9259869866396,2026-07-30
16.5,495.0,0.04001839597823111,523.1995000990746,864.6004999009253,2026-07-30
16.75,510.0,0.04001839597823111,468.0590541656709,948.540945834329,2026-07-30
17.0,525.0,0.04001839597823111,410.292368302343,988.167631697657,2026-07-30
17.25,540.0,0.04001839597823111,350.1990356127337,825.2009643872664,2026-07-30
17.5,555.0,0.04001839597823111,285.127140882424,787.0728591175761,2026-07-30
17.75,570.0,0.04001839597823111,224.98891684044983,530.4110831595501,2026-07-30
18.0,585.0,0.04001839597823111,171.07161426198536,354.52838573801466,2026-07-30
18.25,600.0,0.04001839597823111,99.682612810109,65.91738718989099,2026-07-30
18.5,615.0,0.04001839597823111,16.314390694693653,0.4856093053063475,2026-07-30
18.75,630.0,0.04001839597823111,0.0648549949424829,13.435145005057517,2026-07-30
19.0,645.0,0.04001839597823111,0.0,0.0,2026-07-30
10.0,15.0,0.05667761478742393,888.6075077911453,-374.3175077911453,2026-07-30
10.25,30.0,0.05667761478742393,977.8204877714194,-670.6204877714194,2026-07-30
10.5,45.0,0.05667761478742393,1069.2371300792067,-643.2371300792067,2026-07-30
10.75,60.0,0.05667761478742393,1144.6875748138732,-703.6875748138732,2026-07-30
11.0,75.0,0.05667761478742393,1225.642137787503,-524.8421377875031,2026-07-30
11.25,90.0,0.05667761478742393,1291.7420298015509,-367.74202980155087,2026-07-30
11.5,105.0,0.05667761478742393,1332.9497631576187,-203.14976315761874,2026-07-30
11.75,120.0,0.05667761478742393,1359.0972868465224,275.90271315347763,2026-07-30
12.0,135.0,0.05667761478742393,1397.5119193103333,-126.11191931033318,2026-07-30
12.25,150.0,0.05667761478742393,1429.982655977682,-691.982655977682,2026-07-30
12.5,165.0,0.05667761478742393,1421.4961746356414,-891.1361746356414,2026-07-30
12.75,180.0,0.05667761478742393,1402.9389904243098,-940.9389904243098,2026-07-30
13.0,195.0,0.05667761478742393,1400.9521893804508,-845.9521893804508,2026-07-30
13.25,210.0,0.05667761478742393,1388.970467503845,-821.3704675038449,2026-07-30
13.5,225.0,0.05667761478742393,1351.811442669563,-692.4114426695629,2026-07-30
13.75,240.0,0.05667761478742393,1327.841920707819,-99.04192070781914,2026-07-30
14.0,255.0,0.05667761478742393,1279.50644703468,119.09355296531999,2026-07-30
14.25,270.0,0.05667761478742393,1196.4843377027478,-317.4843377027478,2026-07-30
14.5,285.0,0.05667761478742393,1104.0432015693411,-393.04320156934114,2026-07-30
14.75,300.0,0.05667761478742393,1026.8637488906909,-527.0637488906909,2026-07-30
15.0,315.0,0.05667761478742393,957.3927624583956,-542.1927624583957,2026-07-30
15.25,330.0,0.05667761478742393,884.1623183424916,-208.5623183424916,2026-07-30
15.5,345.0,0.05667761478742393,810.4939588004083,242.50604119959166,2026-07-30
15.75,360.0,0.05667761478742393,749.8519839815568,374.54801601844326,2026-07-30
16.0,375.0,0.05667761478742393,694.9925978843178,626.2074021156823,2026-07-30
16.25,390.0,0.05667761478742393,634.6233301781496,739.3766698218504,2026-07-30
16.5,405.0,0.05667761478742393,575.4214307229823,812.3785692770176,2026-07-30
16.75,420.0,0.05667761478742393,516.5532956766,900.0467043233999,2026-07-30
17.0,435.0,0.05667761478742393,452.0522468640173,946.4077531359827,2026-07-30
17.25,450.0,0.05667761478742393,380.5643680654478,794.8356319345523,2026-07-30
17.5,465.0,0.05667761478742393,307.2492000561096,764.9507999438904,2026-07-30
17.75,480.0,0.05667761478742393,238.15723370771693,517.242766292283,2026-07-30
18.0,495.0,0.05667761478742393,177.31197550699895,348.2880244930011,2026-07-30
18.25,510.0,0.05667761478742393,103.1887458144652,62.4112541855348,2026-07-30
18.5,525.0,0.05667761478742393,17.083003366529237,-0.2830033665292362,2026-07-30
18.75,540.0,0.05667761478742393,0.0683261417638221,13.431673858236177,2026-07-30
19.0,555.0,0.05667761478742393,0.0,0.0,2026-07-30
11.5,15.0,0.05280911834274023,1227.219944627128,-97.41994462712796,2026-07-30
11.75,30.0,0.05280911834274023,1260.0783445041425,374.9216554958575,2026-07-30
12.0,45.0,0.05280911834274023,1304.0597837252622,-32.65978372526206,2026-07-30
12.25,60.0,0.05280911834274023,1339.330935830807,-601.330935830807,2026-07-30
12.5,75.0,0.05280911834274023,1341.6492574104873,-811.2892574104873,2026-07-30
12.75,90.0,0.05280911834274023,1326.2866638508078,-864.2866638508078,2026-07-30
13.0,105.0,0.05280911834274023,1320.2076854721138,-765.2076854721138,2026-07-30
13.25,120.0,0.05280911834274023,1310.5931494102017,-742.9931494102017,2026-07-30
13.5,135.0,0.05280911834274023,1283.846917974491,-624.4469179744909,2026-07-30
13.75,150.0,0.05280911834274023,1264.8208161851428,-36.02081618514285,2026-07-30
14.0,165.0,0.05280911834274023,1225.4152798825708,173.18472011742915,2026-07-30
14.25,180.0,0.05280911834274023,1148.3236398030497,-269.3236398030497,2026-07-30
14.5,195.0,0.05280911834274023,1050.4366351123929,-339.4366351123929,2026-07-30
14.75,210.0,0.05280911834274023,964.8749568561047,-465.07495685610473,2026-07-30
15.0,225.0,0.05280911834274023,898.6363238661368,-483.4363238661368,2026-07-30
15.25,240.0,0.05280911834274023,841.8694987041797,-166.26949870417968,2026-07-30
15.5,255.0,0.05280911834274023,776.6932113743801,276.3067886256199,2026-07-30
15.75,270.0,0.05280911834274023,721.9240175877105,402.47598241228957,2026-07-30
16.0,285.0,0.05280911834274023,665.012374516403,656.187625483597,2026-07-30
16.25,300.0,0.05280911834274023,606.3139632683434,767.6860367316566,2026-07-30
16.5,315.0,0.05280911834274023,547.3319191107087,840.4680808892913,2026-07-30
16.75,330.0,0.05280911834274023,486.5130502395696,930.0869497604303,2026-07-30
17.0,345.0,0.05280911834274023,425.0897849986738,973.3702150013262,2026-07-30
17.25,360.0,0.05280911834274023,361.45269149219945,813.9473085078007,2026-07-30
17.5,375.0,0.05280911834274023,295.78708023593106,776.412919764069,2026-07-30
17.75,390.0,0.05280911834274023,232.41516324683312,522.9848367531669,2026-07-30
18.0,405.0,0.05280911834274023,175.20246356565508,350.39753643434494,2026-07-30
18.25,420.0,0.05280911834274023,101.8039270421933,63.7960729578067,2026-07-30
18.5,435.0,0.05280911834274023,16.870537395073733,-0.0705373950737318,2026-07-30
18.75,450.0,0.05280911834274023,0.0676961149072018,13.432303885092798,2026-07-30
19.0,465.0,0.05280911834274023,0.0,0.0,2026-07-30
13.0,15.0,0.05856466058117991,1107.7309278991606,-552.7309278991606,2026-07-30
13.25,30.0,0.05856466058117991,1135.5261799217765,-567.9261799217765,2026-07-30
13.5,45.0,0.05856466058117991,1148.7427603043943,-489.34276030439435,2026-07-30
13.75,60.0,0.05856466058117991,1180.5107537595188,48.289246240481134,2026-07-30
14.0,75.0,0.05856466058117991,1204.9458193240284,193.65418067597147,2026-07-30
14.25,90.0,0.05856466058117991,1213.1579710588446,-334.1579710588446,2026-07-30
14.5,105.0,0.05856466058117991,1209.5373959506917,-498.5373959506917,2026-07-30
14.75,120.0,0.05856466058117991,1192.922855024167,-693.1228550241669,2026-07-30
15.0,135.0,0.05856466058117991,1176.2224147469992,-761.0224147469992,2026-07-30
15.25,150.0,0.05856466058117991,1162.3272062034612,-486.72720620346115,2026-07-30
15.5,165.0,0.05856466058117991,1143.8833160517963,-90.88331605179633,2026-07-30
15.75,180.0,0.05856466058117991,1089.089207292466,35.31079270753412,2026-07-30
16.0,195.0,0.05856466058117991,1029.262778327946,291.93722167205397,2026-07-30
16.25,210.0,0.05856466058117991,969.5190918872174,404.4809081127826,2026-07-30
16.5,225.0,0.05856466058117991,908.0330311569757,479.7669688430243,2026-07-30
16.75,240.0,0.05856466058117991,812.4163964806395,604.1836035193604,2026-07-30
17.0,255.0,0.05856466058117991,710.2462794843808,688.2137205156192,2026-07-30
17.25,270.0,0.05856466058117991,606.2338965149169,569.1661034850832,2026-07-30
17.5,285.0,0.05856466058117991,501.8216903483293,570.3783096516707,2026-07-30
17.75,300.0,0.05856466058117991,398.0285665857267,357.37143341427327,2026-07-30
18.0,315.0,0.05856466058117991,242.1762886828821,283.4237113171179,2026-07-30
18.25,330.0,0.05856466058117991,99.89701699636004,65.70298300363996,2026-07-30
18.5,345.0,0.05856466058117991,16.631057879274813,0.16894212072518755,2026-07-30
18.75,360.0,0.05856466058117991,0.0673400817238049,13.432659918276196,2026-07-30
19.0,375.0,0.05856466058117991,0.0,0.0,2026-07-30
14.5,15.0,0.08449909048290857,1381.3037512732274,-670.3037512732274,2026-07-30
14.75,30.0,0.08449909048290857,1358.9363785030248,-859.1363785030248,2026-07-30
15.0,45.0,0.08449909048290857,1335.1747770050238,-919.9747770050237,2026-07-30
15.25,60.0,0.08449909048290857,1312.4054946922577,-636.8054946922576,2026-07-30
15.5,75.0,0.08449909048290857,1279.5712640184563,-226.5712640184563,2026-07-30
15.75,90.0,0.08449909048290857,1207.2933589692036,-82.89335896920352,2026-07-30
16.0,105.0,0.08449909048290857,1140.014880596679,181.1851194033211,2026-07-30
16.25,120.0,0.08449909048290857,1076.8168468852866,297.1831531147134,2026-07-30
16.5,135.0,0.08449909048290857,1007.9300362099888,379.8699637900112,2026-07-30
16.75,150.0,0.08449909048290857,895.8627755798186,520.7372244201813,2026-07-30
17.0,165.0,0.08449909048290857,780.8013641788592,617.6586358211408,2026-07-30
17.25,180.0,0.08449909048290857,662.9954382012114,512.4045617987887,2026-07-30
17.5,195.0,0.08449909048290857,544.7122615929475,527.4877384070526,2026-07-30
17.75,210.0,0.08449909048290857,427.707142669827,327.69285733017296,2026-07-30
18.0,225.0,0.08449909048290857,259.3346840727676,266.26531592723245,2026-07-30
18.25,240.0,0.08449909048290857,108.25074393511004,57.34925606488996,2026-07-30
18.5,255.0,0.08449909048290857,18.34739760818833,-1.54739760818833,2026-07-30
18.75,270.0,0.08449909048290857,0.074183831985299,13.4258161680147,2026-07-30
19.0,285.0,0.08449909048290857,0.0,0.0,2026-07-30
16.0,15.0,0.09055989429917072,1237.664563096,83.53543690400011,2026-07-30
16.25,30.0,0.09055989429917072,1146.7286827103526,227.2713172896474,2026-07-30
16.5,45.0,0.09055989429917072,1061.8794339551596,325.92056604484037,2026-07-30
16.75,60.0,0.09055989429917072,937.9908249325852,478.60917506741475,2026-07-30
17.0,75.0,0.09055989429917072,810.4187226597801,588.04127734022,2026-07-30
17.25,90.0,0.09055989429917072,684.3299780778568,491.07002192214327,2026-07-30
17.5,105.0,0.09055989429917072,558.0032494971604,514.1967505028397,2026-07-30
17.75,120.0,0.09055989429917072,435.1547403026372,320.24525969736277,2026-07-30
18.0,135.0,0.09055989429917072,262.7855773753381,262.8144226246619,2026-07-30
18.25,150.0,0.09055989429917072,108.7955710348048,56.8044289651952,2026-07-30
18.5,165.0,0.09055989429917072,18.417748852317644,-1.6177488523176429,2026-07-30
18.75,180.0,0.09055989429917072,0.0743546411700113,13.425645358829989,2026-07-30
19.0,195.0,0.09055989429917072,0.0,0.0,2026-07-30
17.5,15.0,0.2993279161126372,887.1374046073205,185.06259539267955,2026-07-30
17.75,30.0,0.2993279161126372,654.5920461233383,100.80795387666171,2026-07-30
18.0,45.0,0.2993279161126372,387.648861962107,137.95113803789303,2026-07-30
18.25,60.0,0.2993279161126372,160.89829571396984,4.70170428603015,2026-07-30
18.5,75.0,0.2993279161126372,28.796244226691456,-11.996244226691456,2026-07-30
18.75,90.0,0.2993279161126372,0.1173763153362555,13.382623684663745,2026-07-30
19.0,105.0,0.2993279161126372,0.0,0.0,2026-07-30
7.0,15.0,0.5070227153536724,701.3834504126762,429.40654958732375,2026-07-31
7.25,30.0,0.5070227153536724,999.7722756980504,872.8677243019497,2026-07-31
7.5,45.0,0.5070227153536724,1314.7865600177413,253.01343998225866,2026-07-31
7.75,60.0,0.5070227153536724,1665.8882984908266,210.91170150917333,2026-07-31
8.0,75.0,0.5070227153536724,2013.5936469218368,1553.4063530781632,2026-07-31
8.25,90.0,0.5070227153536724,2356.512919345311,1208.687080654689,2026-07-31
8.5,105.0,0.5070227153536724,2687.245213688333,-239.84521368833293,2026-07-31
8.75,120.0,0.5070227153536724,3043.3928344678893,-1346.5928344678894,2026-07-31
9.0,135.0,0.5070227153536724,3385.958364671096,-1968.7583646710962,2026-07-31
9.25,150.0,0.5070227153536724,3721.128441370387,-1976.928441370387,2026-07-31
9.5,165.0,0.5070227153536724,4049.597117205805,-1440.2371172058047,2026-07-31
9.75,180.0,0.5070227153536724,4397.108695059016,-550.5086950590162,2026-07-31
10.0,195.0,0.5070227153536724,4733.934025913735,-1414.7340259137354,2026-07-31
10.25,210.0,0.5070227153536724,5053.058762415772,397.3412375842272,2026-07-31
10.5,225.0,0.5070227153536724,5340.654925533236,-1029.0149255332353,2026-07-31
10.75,240.0,0.5070227153536724,5619.854487981702,-1890.254487981702,2026-07-31
11.0,255.0,0.5070227153536724,5879.9165816214745,-2095.1165816214743,2026-07-31
11.25,270.0,0.5070227153536724,6119.220908241069,-2619.510908241069,2026-07-31
11.5,285.0,0.5070227153536724,6295.609757922739,-964.6097579227389,2026-07-31
11.75,300.0,0.5070227153536724,6425.87281310955,-3306.7328131095505,2026-07-31
12.0,315.0,0.5070227153536724,6551.583028112098,-1754.583028112098,2026-07-31
12.25,330.0,0.5070227153536724,6632.482691654325,-2120.482691654325,2026-07-31
12.5,345.0,0.5070227153536724,6625.037776544407,-1643.237776544407,2026-07-31
12.75,360.0,0.5070227153536724,6545.509633579636,262.6903664203637,2026-07-31
13.0,375.0,0.5070227153536724,6506.582423426669,113.81757657333037,2026-07-31
13.25,390.0,0.5070227153536724,6481.8676237024365,-1348.8676237024365,2026-07-31
13.5,405.0,0.5070227153536724,6428.746514397119,-545.1465143971191,2026-07-31
13.75,420.0,0.5070227153536724,6291.224298180026,-822.8242981800267,2026-07-31
14.0,435.0,0.5070227153536724,6108.803225779487,1610.7967742205137,2026-07-31
14.25,450.0,0.5070227153536724,5889.92219486752,689.0778051324796,2026-07-31
14.5,465.0,0.5070227153536724,5645.242311251512,2405.2576887484884,2026-07-31
14.75,480.0,0.5070227153536724,5346.136202588818,3173.8637974111816,2026-07-31
15.0,495.0,0.5070227153536724,5029.662804408285,3072.1371955917148,2026-07-31
15.25,510.0,0.5070227153536724,4702.62049932206,4082.579500677941,2026-07-31
15.5,525.0,0.5070227153536724,4373.16554285485,-1086.36554285485,2026-07-31
15.75,540.0,0.5070227153536724,4030.967030568447,-2643.1670305684474,2026-07-31
16.0,555.0,0.5070227153536724,3678.1248061263145,26.275193873685566,2026-07-31
16.25,570.0,0.5070227153536724,3315.3297178250764,2.6702821749236136,2026-07-31
16.5,585.0,0.5070227153536724,2937.994790134493,1485.805209865507,2026-07-31
16.75,600.0,0.5070227153536724,2542.7097538484268,1190.490246151573,2026-07-31
17.0,615.0,0.5070227153536724,2138.535178615424,3631.0648213845766,2026-07-31
17.25,630.0,0.5070227153536724,1720.1855624998557,3343.6044375001443,2026-07-31
17.5,645.0,0.5070227153536724,1259.983344703332,2013.616655296668,2026-07-31
17.75,660.0,0.5070227153536724,837.9474164922707,1355.0525835077292,2026-07-31
18.0,675.0,0.5070227153536724,474.71943906245417,1308.4805609375458,2026-07-31
18.25,690.0,0.5070227153536724,194.3325897828272,937.0974102171729,2026-07-31
18.5,705.0,0.5070227153536724,33.83834744398208,669.9616525560178,2026-07-31
18.75,720.0,0.5070227153536724,0.1013857942077361,130.69861420579227,2026-07-31
19.0,735.0,0.5070227153536724,0.0,12.0,2026-07-31
8.5,15.0,0.49118005802237774,2703.253287999675,-255.8532879996751,2026-07-31
8.75,30.0,0.49118005802237774,3051.401378467757,-1354.6013784677568,2026-07-31
9.0,45.0,0.49118005802237774,3388.652034409528,-1971.4520344095279,2026-07-31
9.25,60.0,0.49118005802237774,3714.860505220684,-1970.660505220684,2026-07-31
9.5,75.0,0.49118005802237774,4053.784067486298,-1444.424067486298,2026-07-31
9.75,90.0,0.49118005802237774,4430.168312262201,-583.5683122622008,2026-07-31
10.0,105.0,0.49118005802237774,4784.561982683675,-1465.3619826836748,2026-07-31
10.25,120.0,0.49118005802237774,5094.713502091095,355.68649790890504,2026-07-31
10.5,135.0,0.49118005802237774,5348.477185437632,-1036.837185437632,2026-07-31
10.75,150.0,0.49118005802237774,5569.832800117331,-1840.2328001173314,2026-07-31
11.0,165.0,0.49118005802237774,5828.7889656025945,-2043.9889656025944,2026-07-31
11.25,180.0,0.49118005802237774,6056.549417711014,-2556.839417711014,2026-07-31
11.5,195.0,0.49118005802237774,6188.076346714282,-857.0763467142824,2026-07-31
11.75,210.0,0.49118005802237774,6290.645450749094,-3171.5054507490945,2026-07-31
12.0,225.0,0.49118005802237774,6429.695973038884,-1632.6959730388844,2026-07-31
12.25,240.0,0.49118005802237774,6546.839040254964,-2034.839040254964,2026-07-31
12.5,255.0,0.49118005802237774,6376.541968487615,-1394.741968487615,2026-07-31
12.75,270.0,0.49118005802237774,6278.410289149045,529.7897108509551,2026-07-31
13.0,285.0,0.49118005802237774,6233.161641878328,387.2383581216718,2026-07-31
13.25,300.0,0.49118005802237774,6216.728078438359,-1083.7280784383593,2026-07-31
13.5,315.0,0.49118005802237774,6176.439913686914,-292.83991368691386,2026-07-31
13.75,330.0,0.49118005802237774,6027.971711582615,-559.5717115826155,2026-07-31
14.0,345.0,0.49118005802237774,5855.036130493129,1864.563869506871,2026-07-31
14.25,360.0,0.49118005802237774,5637.169644453645,941.8303555463553,2026-07-31
14.5,375.0,0.49118005802237774,5401.37800218464,2649.1219978153604,2026-07-31
14.75,390.0,0.49118005802237774,5117.612157643274,3402.3878423567257,2026-07-31
15.0,405.0,0.49118005802237774,4832.146860020886,3269.653139979114,2026-07-31
15.25,420.0,0.49118005802237774,4523.747005721487,4261.452994278514,2026-07-31
15.5,435.0,0.49118005802237774,4216.252257512686,-929.4522575126857,2026-07-31
15.75,450.0,0.49118005802237774,3898.564721071499,-2510.7647210714995,2026-07-31
16.0,465.0,0.49118005802237774,3560.1098625024074,144.2901374975927,2026-07-31
16.25,480.0,0.49118005802237774,3201.255302369581,116.74469763041907,2026-07-31
16.5,495.0,0.49118005802237774,2828.544204950411,1595.2557950495893,2026-07-31
16.75,510.0,0.49118005802237774,2438.956202428505,1294.2437975714947,2026-07-31
17.0,525.0,0.49118005802237774,2060.685086648928,3708.9149133510723,2026-07-31
17.25,540.0,0.49118005802237774,1660.9268229646962,3402.863177035304,2026-07-31
17.5,555.0,0.49118005802237774,1215.6424206688275,2057.9575793311724,2026-07-31
17.75,570.0,0.49118005802237774,808.7895459385028,1384.2104540614973,2026-07-31
18.0,585.0,0.49118005802237774,460.465493634472,1322.734506365528,2026-07-31
18.25,600.0,0.49118005802237774,189.87869097186476,941.5513090281353,2026-07-31
18.5,615.0,0.49118005802237774,32.461660869990475,671.3383391300094,2026-07-31
18.75,630.0,0.49118005802237774,0.0972708846501139,130.7027291153499,2026-07-31
19.0,645.0,0.49118005802237774,0.0,12.0,2026-07-31
10.0,15.0,0.22854128131087198,2942.852730404519,376.3472695954806,2026-07-31
10.25,30.0,0.22854128131087198,3175.545953848842,2274.8540461511575,2026-07-31
10.5,45.0,0.22854128131087198,3387.517961936265,924.1220380637355,2026-07-31
10.75,60.0,0.22854128131087198,3588.193903794623,141.4060962053768,2026-07-31
11.0,75.0,0.22854128131087198,3795.151213445973,-10.351213445972917,2026-07-31
11.25,90.0,0.22854128131087198,3984.111087823334,-484.4010878233339,2026-07-31
11.5,105.0,0.22854128131087198,4113.526547577866,1217.473452422134,2026-07-31
11.75,120.0,0.22854128131087198,4242.166022982963,-1123.0260229829632,2026-07-31
12.0,135.0,0.22854128131087198,4413.31631031642,383.68368968358027,2026-07-31
12.25,150.0,0.22854128131087198,4524.217654257228,-12.217654257227878,2026-07-31
12.5,165.0,0.22854128131087198,4435.809046732188,545.9909532678121,2026-07-31
12.75,180.0,0.22854128131087198,4335.87169272725,2472.32830727275,2026-07-31
13.0,195.0,0.22854128131087198,4324.52573077083,2295.87426922917,2026-07-31
13.25,210.0,0.22854128131087198,4323.764922677664,809.2350773223361,2026-07-31
13.5,225.0,0.22854128131087198,4282.809881209004,1600.7901187909965,2026-07-31
13.75,240.0,0.22854128131087198,4187.617412773092,1280.7825872269077,2026-07-31
14.0,255.0,0.22854128131087198,4082.293094188848,3637.3069058111523,2026-07-31
14.25,270.0,0.22854128131087198,3933.410570229407,2645.589429770593,2026-07-31
14.5,285.0,0.22854128131087198,3737.608448224872,4312.891551775128,2026-07-31
14.75,300.0,0.22854128131087198,3500.186470538518,5019.813529461482,2026-07-31
15.0,315.0,0.22854128131087198,3289.904598988248,4811.895401011752,2026-07-31
15.25,330.0,0.22854128131087198,3084.60149175428,5700.598508245721,2026-07-31
15.5,345.0,0.22854128131087198,2885.763545832163,401.0364541678373,2026-07-31
15.75,360.0,0.22854128131087198,2673.893831033773,-1286.093831033773,2026-07-31
16.0,375.0,0.22854128131087198,2458.78036741741,1245.61963258259,2026-07-31
16.25,390.0,0.22854128131087198,2228.98385457227,1089.01614542773,2026-07-31
16.5,405.0,0.22854128131087198,1982.4329632071656,2441.3670367928344,2026-07-31
16.75,420.0,0.22854128131087198,1725.8890010950283,2007.3109989049715,2026-07-31
17.0,435.0,0.22854128131087198,1473.9503032666084,4295.6496967333915,2026-07-31
17.25,450.0,0.22854128131087198,1201.7454510704845,3862.0445489295153,2026-07-31
17.5,465.0,0.22854128131087198,880.1478261087593,2393.452173891241,2026-07-31
17.75,480.0,0.22854128131087198,588.289903363676,1604.7100966363241,2026-07-31
18.0,495.0,0.22854128131087198,337.7603939402089,1445.439606059791,2026-07-31
18.25,510.0,0.22854128131087198,139.10077157103487,992.3292284289652,2026-07-31
18.5,525.0,0.22854128131087198,23.121346447478956,680.678653552521,2026-07-31
18.75,540.0,0.22854128131087198,0.0683821621293635,130.73161783787066,2026-07-31
19.0,555.0,0.22854128131087198,0.0,12.0,2026-07-31
11.5,15.0,0.2964707199500385,4305.597286716117,1025.4027132838828,2026-07-31
11.75,30.0,0.2964707199500385,4417.773228095008,-1298.6332280950078,2026-07-31
12.0,45.0,0.2964707199500385,4550.787618194326,246.21238180567434,2026-07-31
12.25,60.0,0.2964707199500385,4651.001491735003,-139.00149173500267,2026-07-31
12.5,75.0,0.2964707199500385,4593.97539767346,387.8246023265401,2026-07-31
12.75,90.0,0.2964707199500385,4538.819461841877,2269.3805381581233,2026-07-31
13.0,105.0,0.2964707199500385,4535.1143200601055,2085.285679939894,2026-07-31
13.25,120.0,0.2964707199500385,4537.734830159333,595.2651698406671,2026-07-31
13.5,135.0,0.2964707199500385,4519.812235127711,1363.7877648722897,2026-07-31
13.75,150.0,0.2964707199500385,4435.490980871992,1032.9090191280075,2026-07-31
14.0,165.0,0.2964707199500385,4328.375476273762,3391.2245237262387,2026-07-31
14.25,180.0,0.2964707199500385,4173.554440071619,2405.445559928381,2026-07-31
14.5,195.0,0.2964707199500385,3975.0029385052703,4075.4970614947297,2026-07-31
14.75,210.0,0.2964707199500385,3731.13421420922,4788.86578579078,2026-07-31
15.0,225.0,0.2964707199500385,3524.455550693063,4577.344449306937,2026-07-31
15.25,240.0,0.2964707199500385,3322.417713300284,5462.782286699717,2026-07-31
15.5,255.0,0.2964707199500385,3105.963657378355,180.83634262164514,2026-07-31
15.75,270.0,0.2964707199500385,2877.6618538790526,-1489.8618538790527,2026-07-31
16.0,285.0,0.2964707199500385,2652.420590493245,1051.979409506755,2026-07-31
16.25,300.0,0.2964707199500385,2408.43361883059,909.5663811694099,2026-07-31
16.5,315.0,0.2964707199500385,2143.5862089930856,2280.2137910069146,2026-07-31
16.75,330.0,0.2964707199500385,1862.863143432412,1870.3368565675878,2026-07-31
17.0,345.0,0.2964707199500385,1582.995383992003,4186.604616007997,2026-07-31
17.25,360.0,0.2964707199500385,1284.008279267866,3779.781720732134,2026-07-31
17.5,375.0,0.2964707199500385,941.30781967296,2332.29218032704,2026-07-31
17.75,390.0,0.2964707199500385,627.6693968143355,1565.3306031856646,2026-07-31
18.0,405.0,0.2964707199500385,358.2003979019398,1424.9996020980602,2026-07-31
18.25,420.0,0.2964707199500385,147.25557087072195,984.1744291292781,2026-07-31
18.5,435.0,0.2964707199500385,24.77832343118991,679.02167656881,2026-07-31
18.75,450.0,0.2964707199500385,0.0739763439285591,130.72602365607145,2026-07-31
19.0,465.0,0.2964707199500385,0.0,12.0,2026-07-31
13.0,15.0,0.3597908544851062,5581.463597635016,1038.9364023649832,2026-07-31
13.25,30.0,0.3597908544851062,5537.608366253811,-404.60836625381125,2026-07-31
13.5,45.0,0.3597908544851062,5463.4447403347285,420.15525966527184,2026-07-31
13.75,60.0,0.3597908544851062,5323.190517113625,145.20948288637464,2026-07-31
14.0,75.0,0.3597908544851062,5154.025272116528,2565.5747278834724,2026-07-31
14.25,90.0,0.3597908544851062,4945.676341965249,1633.3236580347511,2026-07-31
14.5,105.0,0.3597908544851062,4685.975759465268,3364.5242405347317,2026-07-31
14.75,120.0,0.3597908544851062,4379.338576298847,4140.661423701153,2026-07-31
15.0,135.0,0.3597908544851062,4093.169960194648,4008.630039805352,2026-07-31
15.25,150.0,0.3597908544851062,3823.274046741141,4961.92595325886,2026-07-31
15.5,165.0,0.3597908544851062,3557.3434261864745,-270.54342618647433,2026-07-31
15.75,180.0,0.3597908544851062,3285.982884063258,-1898.1828840632581,2026-07-31
16.0,195.0,0.3597908544851062,3000.5841730922302,703.8158269077699,2026-07-31
16.25,210.0,0.3597908544851062,2707.4629789080136,610.5370210919864,2026-07-31
16.5,225.0,0.3597908544851062,2395.572571462537,2028.2274285374633,2026-07-31
16.75,240.0,0.3597908544851062,2079.018733251754,1654.181266748246,2026-07-31
17.0,255.0,0.3597908544851062,1761.6873675318564,4007.912632468144,2026-07-31
17.25,270.0,0.3597908544851062,1438.742034733964,3625.047965266036,2026-07-31
17.5,285.0,0.3597908544851062,1054.3589663670798,2219.2410336329203,2026-07-31
17.75,300.0,0.3597908544851062,701.2884445928538,1491.711555407146,2026-07-31
18.0,315.0,0.3597908544851062,397.9742882155976,1385.2257117844024,2026-07-31
18.25,330.0,0.3597908544851062,163.1156919650256,968.3143080349745,2026-07-31
18.5,345.0,0.3597908544851062,28.00856989343652,675.7914301065634,2026-07-31
18.75,360.0,0.3597908544851062,0.0838421625295534,130.71615783747046,2026-07-31
19.0,375.0,0.3597908544851062,0.0,12.0,2026-07-31
14.5,15.0,0.536034886183404,5992.253513148165,2058.2464868518346,2026-07-31
14.75,30.0,0.536034886183404,5577.0206596175085,2942.9793403824915,2026-07-31
15.0,45.0,0.536034886183404,5204.796027869324,2897.0039721306766,2026-07-31
15.25,60.0,0.536034886183404,4847.039112204313,3938.160887795688,2026-07-31
15.5,75.0,0.536034886183404,4491.225291769804,-1204.425291769804,2026-07-31
15.75,90.0,0.536034886183404,4139.032690841268,-2751.232690841268,2026-07-31
16.0,105.0,0.536034886183404,3785.3666799683456,-80.96667996834549,2026-07-31
16.25,120.0,0.536034886183404,3409.032020266243,-91.03202026624285,2026-07-31
16.5,135.0,0.536034886183404,2992.853175717244,1430.946824282756,2026-07-31
16.75,150.0,0.536034886183404,2565.4799094927407,1167.720090507259,2026-07-31
17.0,165.0,0.536034886183404,2158.2025919317857,3611.3974080682146,2026-07-31
17.25,180.0,0.536034886183404,1748.0500746238376,3315.7399253761623,2026-07-31
17.5,195.0,0.536034886183404,1280.8959959535775,1992.7040040464224,2026-07-31
17.75,210.0,0.536034886183404,853.3591859511625,1339.6408140488375,2026-07-31
18.0,225.0,0.536034886183404,485.1899933909129,1298.0100066090872,2026-07-31
18.25,240.0,0.536034886183404,198.92049031348668,932.5095096865134,2026-07-31
18.5,255.0,0.536034886183404,34.32586118954055,669.4741388104594,2026-07-31
18.75,270.0,0.536034886183404,0.1027495883107421,130.69725041168928,2026-07-31
19.0,285.0,0.536034886183404,0.0,12.0,2026-07-31
16.0,15.0,0.5715770553546843,3732.883930022392,-28.483930022392087,2026-07-31
16.25,30.0,0.5715770553546843,3347.885043935052,-29.88504393505218,2026-07-31
16.5,45.0,0.5715770553546843,2954.575643683736,1469.2243563162642,2026-07-31
16.75,60.0,0.5715770553546843,2549.602571924748,1183.5974280752516,2026-07-31
17.0,75.0,0.5715770553546843,2143.2681295605626,3626.331870439438,2026-07-31
17.25,90.0,0.5715770553546843,1736.7912704747002,3326.9987295252995,2026-07-31
17.5,105.0,0.5715770553546843,1273.9828907553276,1999.6171092446723,2026-07-31
17.75,120.0,0.5715770553546843,847.9211607834295,1345.0788392165705,2026-07-31
18.0,135.0,0.5715770553546843,479.69077868844965,1303.5092213115504,2026-07-31
18.25,150.0,0.5715770553546843,196.15565952903984,935.2743404709602,2026-07-31
18.5,165.0,0.5715770553546843,34.31729626270965,669.4827037372903,2026-07-31
18.75,180.0,0.5715770553546843,0.1032553848942338,130.69674461510579,2026-07-31
19.0,195.0,0.5715770553546843,0.0,12.0,2026-07-31
17.5,15.0,1.0103415885985718,2068.349143916256,1205.250856083744,2026-07-31
17.75,30.0,1.0103415885985718,1365.3565132321762,827.6434867678238,2026-07-31
18.0,45.0,1.0103415885985718,767.8819664050901,1015.3180335949099,2026-07-31
18.25,60.0,1.0103415885985718,312.18970026087334,819.2402997391267,2026-07-31
18.5,75.0,1.0103415885985718,55.57792350868779,648.2220764913121,2026-07-31
18.75,90.0,1.0103415885985718,0.1660364316561017,130.63396356834392,2026-07-31
19.0,105.0,1.0103415885985718,0.0,12.0,2026-07-31
7.0,15.0,0.9251421526357402,1409.8060466831926,262.9939533168074,2026-08-01
7.25,30.0,0.9251421526357402,1998.299106565219,438.30089343478085,2026-08-01
7.5,45.0,0.9251421526357402,2616.703340086615,631.6566599133853,2026-08-01
7.75,60.0,0.9251421526357402,3266.115206645663,663.884793354337,2026-08-01
8.0,75.0,0.9251421526357402,3920.860700587944,1204.9392994120562,2026-08-01
8.25,90.0,0.9251421526357402,4571.770109462859,1336.4298905371406,2026-08-01
8.5,105.0,0.9251421526357402,5208.18443381452,853.61556618548,2026-08-01
8.75,120.0,0.9251421526357402,5832.417492519028,764.5825074809718,2026-08-01
9.0,135.0,0.9251421526357402,6433.57517666551,879.8248233344893,2026-08-01
9.25,150.0,0.9251421526357402,7013.562531106712,609.4374688932876,2026-08-01
9.5,165.0,0.9251421526357402,7571.856083148087,1096.943916851912,2026-08-01
9.75,180.0,0.9251421526357402,8083.908208127951,794.8917918720481,2026-08-01
10.0,195.0,0.9251421526357402,8577.90128267256,1769.698717327441,2026-08-01
10.25,210.0,0.9251421526357402,9053.004359331457,790.5956406685436,2026-08-01
10.5,225.0,0.9251421526357402,9484.2128027962,-3189.062802796201,2026-08-01
10.75,240.0,0.9251421526357402,9833.168062400418,-3213.9680624004186,2026-08-01
11.0,255.0,0.9251421526357402,10161.863316104984,-1307.0633161049846,2026-08-01
11.25,270.0,0.9251421526357402,10452.26461019664,-1705.554610196641,2026-08-01
11.5,285.0,0.9251421526357402,10675.142421339466,312.65757866053355,2026-08-01
11.75,300.0,0.9251421526357402,10790.403856314291,2029.196143685709,2026-08-01
12.0,315.0,0.9251421526357402,10881.60299897718,-2550.6029989771796,2026-08-01
12.25,330.0,0.9251421526357402,10940.969337587368,-6092.9693375873685,2026-08-01
12.5,345.0,0.9251421526357402,10938.75196253,-1507.3519625299996,2026-08-01
12.75,360.0,0.9251421526357402,10833.607222879233,-38.10722287923272,2026-08-01
13.0,375.0,0.9251421526357402,10712.695922412537,-2107.495922412536,2026-08-01
13.25,390.0,0.9251421526357402,10549.995854068706,-465.19585406870647,2026-08-01
13.5,405.0,0.9251421526357402,10331.598635365162,1334.3313646348379,2026-08-01
13.75,420.0,0.9251421526357402,10054.253364503436,45.546635496562885,2026-08-01
14.0,435.0,0.9251421526357402,9748.433123705208,-1723.003123705208,2026-08-01
14.25,450.0,0.9251421526357402,9385.246741251858,475.0032587481419,2026-08-01
14.5,465.0,0.9251421526357402,8990.343415777688,405.6565842223117,2026-08-01
14.75,480.0,0.9251421526357402,8530.326757486502,-1287.7267574865018,2026-08-01
15.0,495.0,0.9251421526357402,8037.204436903472,-1547.0044369034722,2026-08-01
15.25,510.0,0.9251421526357402,7510.358990267463,-1923.7589902674627,2026-08-01
15.5,525.0,0.9251421526357402,6969.478535349752,-1142.278535349752,2026-08-01
15.75,540.0,0.9251421526357402,6384.141050864944,123.45894913505617,2026-08-01
16.0,555.0,0.9251421526357402,5783.691069866597,593.7089301334026,2026-08-01
16.25,570.0,0.9251421526357402,5152.343623367273,-1800.4836233672727,2026-08-01
16.5,585.0,0.9251421526357402,4472.326463332372,-1567.7264633323725,2026-08-01
16.75,600.0,0.9251421526357402,3779.796130044047,-186.3961300440469,2026-08-01
17.0,615.0,0.9251421526357402,3084.598358260141,632.4016417398589,2026-08-01
17.25,630.0,0.9251421526357402,2409.6664575643736,315.53354243562626,2026-08-01
17.5,645.0,0.9251421526357402,1761.041586659807,151.75841334019287,2026-08-01
17.75,660.0,0.9251421526357402,1164.9740839692072,161.0259160307928,2026-08-01
18.0,675.0,0.9251421526357402,653.7355671895039,294.86443281049617,2026-08-01
18.25,690.0,0.9251421526357402,263.9488830896635,336.4811169103364,2026-08-01
18.5,705.0,0.9251421526357402,45.07843380066775,215.92156619933223,2026-08-01
18.75,720.0,0.9251421526357402,0.0946586681539811,62.90534133184602,2026-08-01
19.0,735.0,0.9251421526357402,0.0,0.0,2026-08-01
8.5,15.0,1.0033517265534275,5764.648835404298,297.15116459570254,2026-08-01
8.75,30.0,1.0033517265534275,6443.978131299592,153.02186870040805,2026-08-01
9.0,45.0,1.0033517265534275,7111.989247987804,201.4107520121952,2026-08-01
9.25,60.0,1.0033517265534275,7758.071046820168,-135.0710468201678,2026-08-01
9.5,75.0,1.0033517265534275,8362.33415365523,306.4658463447686,2026-08-01
9.75,90.0,1.0033517265534275,8928.748549255251,-49.948549255252146,2026-08-01
10.0,105.0,1.0033517265534275,9477.2393169501,870.3606830499011,2026-08-01
10.25,120.0,1.0033517265534275,9980.158891973611,-136.55889197361103,2026-08-01
10.5,135.0,1.0033517265534275,10437.720995834268,-4142.570995834269,2026-08-01
10.75,150.0,1.0033517265534275,10821.619645639788,-4202.4196456397885,2026-08-01
11.0,165.0,1.0033517265534275,11184.973159542353,-2330.1731595423535,2026-08-01
11.25,180.0,1.0033517265534275,11487.365335292488,-2740.6553352924893,2026-08-01
11.5,195.0,1.0033517265534275,11716.618563758411,-728.818563758412,2026-08-01
11.75,210.0,1.0033517265534275,11853.328655836154,966.2713441638462,2026-08-01
12.0,225.0,1.0033517265534275,11956.82143644807,-3625.82143644807,2026-08-01
12.25,240.0,1.0033517265534275,12002.26476215052,-7154.26476215052,2026-08-01
12.5,255.0,1.0033517265534275,11959.107686336583,-2527.7076863365837,2026-08-01
12.75,270.0,1.0033517265534275,11834.76015757779,-1039.2601575777899,2026-08-01
13.0,285.0,1.0033517265534275,11687.637573804268,-3082.4375738042672,2026-08-01
13.25,300.0,1.0033517265534275,11489.97652923157,-1405.1765292315704,2026-08-01
13.5,315.0,1.0033517265534275,11239.819876675614,426.1101233243862,2026-08-01
13.75,330.0,1.0033517265534275,10920.721983513851,-820.921983513852,2026-08-01
14.0,345.0,1.0033517265534275,10568.661213032849,-2543.2312130328482,2026-08-01
14.25,360.0,1.0033517265534275,10150.847824641683,-290.5978246416835,2026-08-01
14.5,375.0,1.0033517265534275,9685.552011087928,-289.5520110879279,2026-08-01
14.75,390.0,1.0033517265534275,9155.405059074694,-1912.8050590746934,2026-08-01
15.0,405.0,1.0033517265534275,8614.344961121516,-2124.1449611215166,2026-08-01
15.25,420.0,1.0033517265534275,8056.593502939699,-2469.9935029396984,2026-08-01
15.5,435.0,1.0033517265534275,7463.10878419931,-1635.9087841993105,2026-08-01
15.75,450.0,1.0033517265534275,6810.003265900085,-302.403265900085,2026-08-01
16.0,465.0,1.0033517265534275,6162.053179827317,215.34682017268278,2026-08-01
16.25,480.0,1.0033517265534275,5483.068172703773,-2131.2081727037726,2026-08-01
16.5,495.0,1.0033517265534275,4752.432283167112,-1847.8322831671117,2026-08-01
16.75,510.0,1.0033517265534275,4013.557976260428,-420.15797626042786,2026-08-01
17.0,525.0,1.0033517265534275,3285.0016725280416,431.9983274719584,2026-08-01
17.25,540.0,1.0033517265534275,2567.973721118548,157.2262788814519,2026-08-01
17.5,555.0,1.0033517265534275,1874.8210201602312,37.978979839768726,2026-08-01
17.75,570.0,1.0033517265534275,1240.131148129503,85.86885187049711,2026-08-01
18.0,585.0,1.0033517265534275,696.3672440661095,252.23275593389053,2026-08-01
18.25,600.0,1.0033517265534275,280.95230792615155,319.4776920738484,2026-08-01
18.5,615.0,1.0033517265534275,48.00930519877625,212.99069480122375,2026-08-01
18.75,630.0,1.0033517265534275,0.1008894895498576,62.89911051045014,2026-08-01
19.0,645.0,1.0033517265534275,0.0,0.0,2026-08-01
10.0,15.0,0.9945136322877308,9759.540074829558,588.0599251704425,2026-08-01
10.25,30.0,0.9945136322877308,10277.114082252656,-433.5140822526555,2026-08-01
10.5,45.0,0.9945136322877308,10745.034090940688,-4449.884090940688,2026-08-01
10.75,60.0,0.9945136322877308,11131.942945284123,-4512.742945284123,2026-08-01
11.0,75.0,0.9945136322877308,11480.763544858642,-2625.963544858643,2026-08-01
11.25,90.0,0.9945136322877308,11789.370421456191,-3042.660421456192,2026-08-01
11.5,105.0,0.9945136322877308,12034.13199565949,-1046.3319956594914,2026-08-01
11.75,120.0,0.9945136322877308,12159.949012141396,659.6509878586039,2026-08-01
12.0,135.0,0.9945136322877308,12236.781395610047,-3905.781395610047,2026-08-01
12.25,150.0,0.9945136322877308,12259.04207299716,-7411.042072997159,2026-08-01
12.5,165.0,0.9945136322877308,12229.304259710863,-2797.9042597108637,2026-08-01
12.75,180.0,0.9945136322877308,12095.56290302319,-1300.0629030231903,2026-08-01
13.0,195.0,0.9945136322877308,11946.756673211145,-3341.556673211144,2026-08-01
13.25,210.0,0.9945136322877308,11768.635924419092,-1683.8359244190924,2026-08-01
13.5,225.0,0.9945136322877308,11535.987469450887,129.94253054911314,2026-08-01
13.75,240.0,0.9945136322877308,11216.285367807504,-1116.485367807505,2026-08-01
14.0,255.0,0.9945136322877308,10848.582822419585,-2823.1528224195845,2026-08-01
14.25,270.0,0.9945136322877308,10432.39232614627,-572.1423261462696,2026-08-01
14.5,285.0,0.9945136322877308,9955.767293436744,-559.7672934367438,2026-08-01
14.75,300.0,0.9945136322877308,9409.712135645856,-2167.1121356458552,2026-08-01
15.0,315.0,0.9945136322877308,8855.495224340179,-2365.2952243401787,2026-08-01
15.25,330.0,0.9945136322877308,8279.557132012942,-2692.9571320129417,2026-08-01
15.5,345.0,0.9945136322877308,7670.88535510062,-1843.6853551006197,2026-08-01
15.75,360.0,0.9945136322877308,6994.066168279484,-486.466168279484,2026-08-01
16.0,375.0,0.9945136322877308,6312.732483693544,64.66751630645558,2026-08-01
16.25,390.0,0.9945136322877308,5607.3072230729285,-2255.4472230729284,2026-08-01
16.5,405.0,0.9945136322877308,4853.8063013690935,-1949.2063013690936,2026-08-01
16.75,420.0,0.9945136322877308,4098.653603934378,-505.25360393437813,2026-08-01
17.0,435.0,0.9945136322877308,3349.3895020381,367.6104979618999,2026-08-01
17.25,450.0,0.9945136322877308,2612.491600552214,112.70839944778572,2026-08-01
17.5,465.0,0.9945136322877308,1908.446995437815,4.3530045621848785,2026-08-01
17.75,480.0,0.9945136322877308,1260.4382184042818,65.56178159571823,2026-08-01
18.0,495.0,0.9945136322877308,705.5391543374792,243.06084566252082,2026-08-01
18.25,510.0,0.9945136322877308,284.0538129748023,316.3761870251976,2026-08-01
18.5,525.0,0.9945136322877308,48.7380483325709,212.26195166742912,2026-08-01
18.75,540.0,0.9945136322877308,0.1025213707092706,62.89747862929073,2026-08-01
19.0,555.0,0.9945136322877308,0.0,0.0,2026-08-01
11.5,15.0,0.6873455596348574,9081.858650239554,1905.9413497604455,2026-08-01
11.75,30.0,0.6873455596348574,9185.411275871504,3634.1887241284967,2026-08-01
12.0,45.0,0.6873455596348574,9256.033666768926,-925.0336667689262,2026-08-01
12.25,60.0,0.6873455596348574,9268.833505255096,-4420.833505255096,2026-08-01
12.5,75.0,0.6873455596348574,9247.167501766162,184.23249823383776,2026-08-01
12.75,90.0,0.6873455596348574,9167.45145261461,1628.0485473853896,2026-08-01
13.0,105.0,0.6873455596348574,9067.094339554882,-461.8943395548813,2026-08-01
13.25,120.0,0.6873455596348574,8921.983310719828,1162.816689280171,2026-08-01
13.5,135.0,0.6873455596348574,8735.957850301289,2929.9721496987113,2026-08-01
13.75,150.0,0.6873455596348574,8481.157804924507,1618.642195075492,2026-08-01
14.0,165.0,0.6873455596348574,8209.160381952825,-183.73038195282425,2026-08-01
14.25,180.0,0.6873455596348574,7884.538274651057,1975.7117253489432,2026-08-01
14.5,195.0,0.6873455596348574,7537.122143473385,1858.8778565266148,2026-08-01
14.75,210.0,0.6873455596348574,7135.449595379037,107.15040462096295,2026-08-01
15.0,225.0,0.6873455596348574,6706.8168918558,-216.61689185580053,2026-08-01
15.25,240.0,0.6873455596348574,6276.121003579367,-689.5210035793671,2026-08-01
15.5,255.0,0.6873455596348574,5836.317918490692,-9.117918490692318,2026-08-01
15.75,270.0,0.6873455596348574,5340.3262266153615,1167.2737733846388,2026-08-01
16.0,285.0,0.6873455596348574,4839.083563254338,1538.316436745662,2026-08-01
16.25,300.0,0.6873455596348574,4312.074474801187,-960.2144748011865,2026-08-01
16.5,315.0,0.6873455596348574,3734.11968757096,-829.5196875709603,2026-08-01
16.75,330.0,0.6873455596348574,3154.6300772915424,438.76992270845767,2026-08-01
17.0,345.0,0.6873455596348574,2584.7524722287303,1132.2475277712697,2026-08-01
17.25,360.0,0.6873455596348574,2014.894993511217,710.3050064887827,2026-08-01
17.5,375.0,0.6873455596348574,1469.8270582530995,442.97294174690046,2026-08-01
17.75,390.0,0.6873455596348574,972.4179893424,353.5820106576,2026-08-01
18.0,405.0,0.6873455596348574,545.1058949645079,403.4941050354921,2026-08-01
18.25,420.0,0.6873455596348574,219.4499528210416,380.98004717895833,2026-08-01
18.5,435.0,0.6873455596348574,37.13174034759795,223.86825965240206,2026-08-01
18.75,450.0,0.6873455596348574,0.0781288777870646,62.921871122212934,2026-08-01
19.0,465.0,0.6873455596348574,0.0,0.0,2026-08-01
13.0,15.0,0.6730381337663449,9265.85559775591,-660.6555977559092,2026-08-01
13.25,30.0,0.6730381337663449,9122.479580633362,962.320419366637,2026-08-01
13.5,45.0,0.6730381337663449,8932.374683141312,2733.5553168586885,2026-08-01
13.75,60.0,0.6730381337663449,8668.577893540902,1431.2221064590976,2026-08-01
14.0,75.0,0.6730381337663449,8367.507735836964,-342.07773583696326,2026-08-01
14.25,90.0,0.6730381337663449,8025.439487178592,1834.8105128214083,2026-08-01
14.5,105.0,0.6730381337663449,7656.058899355778,1739.9411006442224,2026-08-01
14.75,120.0,0.6730381337663449,7221.84740308554,20.75259691446081,2026-08-01
15.0,135.0,0.6730381337663449,6781.56298467412,-291.3629846741205,2026-08-01
15.25,150.0,0.6730381337663449,6322.257052457926,-735.6570524579256,2026-08-01
15.5,165.0,0.6730381337663449,5838.129903569613,-10.929903569613089,2026-08-01
15.75,180.0,0.6730381337663449,5320.654267002508,1186.945732997492,2026-08-01
16.0,195.0,0.6730381337663449,4801.899074408478,1575.500925591522,2026-08-01
16.25,210.0,0.6730381337663449,4270.698649540107,-918.8386495401069,2026-08-01
16.5,225.0,0.6730381337663449,3725.816402244424,-821.216402244424,2026-08-01
16.75,240.0,0.6730381337663449,3182.8242632019656,410.57573679803454,2026-08-01
17.0,255.0,0.6730381337663449,2641.1755844428444,1075.8244155571556,2026-08-01
17.25,270.0,0.6730381337663449,2058.3449248049947,666.8550751950052,2026-08-01
17.5,285.0,0.6730381337663449,1503.1415628471564,409.6584371528436,2026-08-01
17.75,300.0,0.6730381337663449,994.2973926944336,331.7026073055664,2026-08-01
18.0,315.0,0.6730381337663449,556.1985968093018,392.40140319069826,2026-08-01
18.25,330.0,0.6730381337663449,223.63406543738253,376.7959345626174,2026-08-01
18.5,345.0,0.6730381337663449,37.87890230509312,223.1210976949069,2026-08-01
18.75,360.0,0.6730381337663449,0.0796918903987411,62.92030810960126,2026-08-01
19.0,375.0,0.6730381337663449,0.0,0.0,2026-08-01
14.5,15.0,0.8524410207909336,9048.436809165869,347.5631908341311,2026-08-01
14.75,30.0,0.8524410207909336,8519.33534122801,-1276.73534122801,2026-08-01
15.0,45.0,0.8524410207909336,7983.433383923317,-1493.233383923317,2026-08-01
15.25,60.0,0.8524410207909336,7435.539083505188,-1848.9390835051872,2026-08-01
15.5,75.0,0.8524410207909336,6860.955727877008,-1033.7557278770082,2026-08-01
15.75,90.0,0.8524410207909336,6245.278125593633,262.321874406367,2026-08-01
16.0,105.0,0.8524410207909336,5627.505193969585,749.8948060304147,2026-08-01
16.25,120.0,0.8524410207909336,4999.345697465653,-1647.4856974656527,2026-08-01
16.5,135.0,0.8524410207909336,4363.14896415879,-1458.5489641587897,2026-08-01
16.75,150.0,0.8524410207909336,3714.5709542708846,-121.17095427088452,2026-08-01
17.0,165.0,0.8524410207909336,3075.727153781189,641.2728462188111,2026-08-01
17.25,180.0,0.8524410207909336,2398.58858437855,326.61141562144985,2026-08-01
17.5,195.0,0.8524410207909336,1755.3913083699365,157.40869163006346,2026-08-01
17.75,210.0,0.8524410207909336,1161.758252746795,164.24174725320495,2026-08-01
18.0,225.0,0.8524410207909336,649.4030947501473,299.19690524985276,2026-08-01
18.25,240.0,0.8524410207909336,261.3498875310387,339.08011246896126,2026-08-01
18.5,255.0,0.8524410207909336,44.64888409748782,216.35111590251216,2026-08-01
18.75,270.0,0.8524410207909336,0.0939330719369831,62.90606692806302,2026-08-01
19.0,285.0,0.8524410207909336,0.0,0.0,2026-08-01
16.0,15.0,0.695572490729901,5065.572625495549,1311.8273745044507,2026-08-01
16.25,30.0,0.695572490729901,4493.273073296294,-1141.4130732962935,2026-08-01
16.5,45.0,0.695572490729901,3916.3436418159617,-1011.7436418159618,2026-08-01
16.75,60.0,0.695572490729901,3333.9139086326395,259.4860913673606,2026-08-01
17.0,75.0,0.695572490729901,2760.313720350465,956.6862796495352,2026-08-01
17.25,90.0,0.695572490729901,2150.9003575901256,574.2996424098742,2026-08-01
17.5,105.0,0.695572490729901,1571.6165540798602,341.1834459201398,2026-08-01
17.75,120.0,0.695572490729901,1040.182296673198,285.8177033268021,2026-08-01
18.0,135.0,0.695572490729901,581.9330344856132,366.6669655143868,2026-08-01
18.25,150.0,0.695572490729901,233.82823743963667,366.6017625603633,2026-08-01
18.5,165.0,0.695572490729901,39.67372021180569,221.3262797881943,2026-08-01
18.75,180.0,0.695572490729901,0.0835718397824587,62.91642816021754,2026-08-01
19.0,195.0,0.695572490729901,0.0,0.0,2026-08-01
17.5,15.0,0.7610800560324595,1680.018033022725,232.78196697727503,2026-08-01
17.75,30.0,0.7610800560324595,1110.464595269742,215.53540473025805,2026-08-01
18.0,45.0,0.7610800560324595,620.3260443567646,328.27395564323547,2026-08-01
18.25,60.0,0.7610800560324595,248.9244575137673,351.5055424862327,2026-08-01
18.5,75.0,0.7610800560324595,42.32228219848285,218.67771780151713,2026-08-01
18.75,90.0,0.7610800560324595,0.0889313599791176,62.91106864002088,2026-08-01
19.0,105.0,0.7610800560324595,0.0,0.0,2026-08-01
7.0,15.0,0.9878452484695943,1535.0716085380222,180.92839146197775,2026-08-02
7.25,30.0,0.9878452484695943,2174.4928904385797,63.50710956142029,2026-08-02
7.5,45.0,0.9878452484695943,2842.383626707677,-175.3836267076772,2026-08-02
7.75,60.0,0.9878452484695943,3542.3684128294326,-320.3684128294326,2026-08-02
8.0,75.0,0.9878452484695943,4253.688649055166,459.91135094483434,2026-08-02
8.25,90.0,0.9878452484695943,4959.092056381305,705.5079436186952,2026-08-02
8.5,105.0,0.9878452484695943,5646.2604664505525,92.13953354944715,2026-08-02
8.75,120.0,0.9878452484695943,6329.980515977005,-2092.780515977005,2026-08-02
9.0,135.0,0.9878452484695943,6994.711920808239,-887.3119208082389,2026-08-02
9.25,150.0,0.9878452484695943,7623.972742000566,-3119.1727420005654,2026-08-02
9.5,165.0,0.9878452484695943,8219.066268659504,-3512.066268659504,2026-08-02
9.75,180.0,0.9878452484695943,8768.211581659167,-2224.5715816591664,2026-08-02
10.0,195.0,0.9878452484695943,9302.450340781988,-2096.6603407819885,2026-08-02
10.25,210.0,0.9878452484695943,9775.343508344207,-819.1435083442066,2026-08-02
10.5,225.0,0.9878452484695943,10166.774424841971,-599.7744248419713,2026-08-02
10.75,240.0,0.9878452484695943,10486.972931846796,-3956.1829318467962,2026-08-02
11.0,255.0,0.9878452484695943,10779.51500288678,-3369.5150028867793,2026-08-02
11.25,270.0,0.9878452484695943,11026.587486250315,-3284.1874862503155,2026-08-02
11.5,285.0,0.9878452484695943,11243.168674756476,-3350.1686747564763,2026-08-02
11.75,300.0,0.9878452484695943,11346.955438656492,-4199.665438656492,2026-08-02
12.0,315.0,0.9878452484695943,11375.972730250674,-8121.1827302506745,2026-08-02
12.25,330.0,0.9878452484695943,11369.081619614031,-8298.881619614032,2026-08-02
12.5,345.0,0.9878452484695943,11341.60714163132,-964.6071416313207,2026-08-02
12.75,360.0,0.9878452484695943,11199.255515111452,-3957.255515111452,2026-08-02
13.0,375.0,0.9878452484695943,11042.831482942142,-1597.6314829421408,2026-08-02
13.25,390.0,0.9878452484695943,10859.630984306334,-1743.8309843063344,2026-08-02
13.5,405.0,0.9878452484695943,10613.30703367375,2700.2629663262505,2026-08-02
13.75,420.0,0.9878452484695943,10274.02006518778,-2784.8200651877805,2026-08-02
14.0,435.0,0.9878452484695943,9907.77975870521,-1035.7097587052103,2026-08-02
14.25,450.0,0.9878452484695943,9487.344599266762,-78.14459926676136,2026-08-02
14.5,465.0,0.9878452484695943,9050.73764392304,-1318.5376439230395,2026-08-02
14.75,480.0,0.9878452484695943,8571.754099405201,-1678.3540994052019,2026-08-02
15.0,495.0,0.9878452484695943,8067.949186160945,167.05081383905508,2026-08-02
15.25,510.0,0.9878452484695943,7516.285721957609,1755.6442780423913,2026-08-02
15.5,525.0,0.9878452484695943,6939.949476846393,1278.8505231536064,2026-08-02
15.75,540.0,0.9878452484695943,6334.202190011379,-1848.0021900113788,2026-08-02
16.0,555.0,0.9878452484695943,5728.484435572707,329.11556442729307,2026-08-02
16.25,570.0,0.9878452484695943,5093.516071963933,2482.5539280360663,2026-08-02
16.5,585.0,0.9878452484695943,4443.731941600071,-603.1319416000711,2026-08-02
16.75,600.0,0.9878452484695943,3797.653822963349,1303.546177036651,2026-08-02
17.0,615.0,0.9878452484695943,3118.579129937843,2629.210870062157,2026-08-02
17.25,630.0,0.9878452484695943,2428.2415677772738,2072.3984322227266,2026-08-02
17.5,645.0,0.9878452484695943,1770.365063688877,1155.924936311123,2026-08-02
17.75,660.0,0.9878452484695943,1168.03866315861,1051.36133684139,2026-08-02
18.0,675.0,0.9878452484695943,649.3764120129796,533.2235879870203,2026-08-02
18.25,690.0,0.9878452484695943,257.884162886332,577.3158371136681,2026-08-02
18.5,705.0,0.9878452484695943,41.92234718395121,443.47765281604876,2026-08-02
18.75,720.0,0.9878452484695943,0.056458633401937,121.74354136659807,2026-08-02
19.0,735.0,0.9878452484695943,0.0,0.0,2026-08-02
8.5,15.0,0.8552614783872917,5224.624389564279,513.7756104357204,2026-08-02
8.75,30.0,0.8552614783872917,5851.4400218370265,-1614.2400218370267,2026-08-02
9.0,45.0,0.8552614783872917,6465.618337844467,-358.218337844467,2026-08-02
9.25,60.0,0.8552614783872917,7056.761787989911,-2551.9617879899106,2026-08-02
9.5,75.0,0.8552614783872917,7623.534288086856,-2916.5342880868557,2026-08-02
9.75,90.0,0.8552614783872917,8138.242263539174,-1594.6022635391737,2026-08-02
10.0,105.0,0.8552614783872917,8630.871887154035,-1425.081887154035,2026-08-02
10.25,120.0,0.8552614783872917,9087.79329838332,-131.59329838331905,2026-08-02
10.5,135.0,0.8552614783872917,9498.139661988149,68.86033801185113,2026-08-02
10.75,150.0,0.8552614783872917,9811.09664611133,-3280.3066461113294,2026-08-02
11.0,165.0,0.8552614783872917,10089.604869098652,-2679.6048690986518,2026-08-02
11.25,180.0,0.8552614783872917,10341.329783388925,-2598.929783388925,2026-08-02
11.5,195.0,0.8552614783872917,10564.824654846236,-2671.8246548462357,2026-08-02
11.75,210.0,0.8552614783872917,10667.245603282592,-3519.955603282592,2026-08-02
12.0,225.0,0.8552614783872917,10713.521981707485,-7458.731981707485,2026-08-02
12.25,240.0,0.8552614783872917,10723.902083325966,-7653.702083325966,2026-08-02
12.5,255.0,0.8552614783872917,10686.74023437658,-309.7402343765807,2026-08-02
12.75,270.0,0.8552614783872917,10564.272503036853,-3322.272503036853,2026-08-02
13.0,285.0,0.8552614783872917,10425.024789626928,-979.8247896269277,2026-08-02
13.25,300.0,0.8552614783872917,10238.590402440966,-1122.7904024409672,2026-08-02
13.5,315.0,0.8552614783872917,9993.440090816535,3320.1299091834644,2026-08-02
13.75,330.0,0.8552614783872917,9677.34868670075,-2188.1486867007507,2026-08-02
14.0,345.0,0.8552614783872917,9348.67562242184,-476.60562242184096,2026-08-02
14.25,360.0,0.8552614783872917,8968.008961529158,441.1910384708426,2026-08-02
14.5,375.0,0.8552614783872917,8559.955841042303,-827.7558410423035,2026-08-02
14.75,390.0,0.8552614783872917,8088.182602455365,-1194.7826024553651,2026-08-02
15.0,405.0,0.8552614783872917,7600.994145988093,634.0058540119071,2026-08-02
15.25,420.0,0.8552614783872917,7090.958421348689,2180.9715786513116,2026-08-02
15.5,435.0,0.8552614783872917,6555.716266724779,1663.0837332752199,2026-08-02
15.75,450.0,0.8552614783872917,5968.18347437594,-1481.9834743759402,2026-08-02
16.0,465.0,0.8552614783872917,5385.507686452579,672.0923135474213,2026-08-02
16.25,480.0,0.8552614783872917,4796.804297669781,2779.265702330219,2026-08-02
16.5,495.0,0.8552614783872917,4199.742747415825,-359.14274741582494,2026-08-02
16.75,510.0,0.8552614783872917,3584.656004646597,1516.5439953534028,2026-08-02
17.0,525.0,0.8552614783872917,2931.1425508311586,2816.6474491688414,2026-08-02
17.25,540.0,0.8552614783872917,2282.6775810932186,2217.9624189067817,2026-08-02
17.5,555.0,0.8552614783872917,1667.4119537866068,1258.8780462133932,2026-08-02
17.75,570.0,0.8552614783872917,1097.7874416736988,1121.6125583263013,2026-08-02
18.0,585.0,0.8552614783872917,609.6586450368641,572.9413549631358,2026-08-02
18.25,600.0,0.8552614783872917,241.8635694460487,593.3364305539513,2026-08-02
18.5,615.0,0.8552614783872917,39.131083585457525,446.26891641454245,2026-08-02
18.75,630.0,0.8552614783872917,0.052715172794755,121.74728482720525,2026-08-02
19.0,645.0,0.8552614783872917,0.0,0.0,2026-08-02
10.0,15.0,0.5927877791569507,6766.781632427184,439.0083675728156,2026-08-02
10.25,30.0,0.5927877791569507,7090.155714298104,1866.044285701897,2026-08-02
10.5,45.0,0.5927877791569507,7368.791517948691,2198.208482051309,2026-08-02
10.75,60.0,0.5927877791569507,7566.568770745987,-1035.7787707459875,2026-08-02
11.0,75.0,0.5927877791569507,7763.232398166572,-353.23239816657224,2026-08-02
11.25,90.0,0.5927877791569507,7952.928419427049,-210.5284194270498,2026-08-02
11.5,105.0,0.5927877791569507,8105.166267204037,-212.16626720403656,2026-08-02
11.75,120.0,0.5927877791569507,8153.223085082986,-1005.9330850829856,2026-08-02
12.0,135.0,0.5927877791569507,8154.023732417454,-4899.233732417454,2026-08-02
12.25,150.0,0.5927877791569507,8115.032726599299,-5044.832726599299,2026-08-02
12.5,165.0,0.5927877791569507,8064.784178228895,2312.215821771105,2026-08-02
12.75,180.0,0.5927877791569507,7938.589163258838,-696.5891632588382,2026-08-02
13.0,195.0,0.5927877791569507,7809.858592747265,1635.3414072527357,2026-08-02
13.25,210.0,0.5927877791569507,7667.523590438695,1448.2764095613047,2026-08-02
13.5,225.0,0.5927877791569507,7483.216727614993,5830.353272385007,2026-08-02
13.75,240.0,0.5927877791569507,7245.024653045999,244.17534695400082,2026-08-02
14.0,255.0,0.5927877791569507,6970.645002525459,1901.4249974745408,2026-08-02
14.25,270.0,0.5927877791569507,6655.486897222395,2753.713102777606,2026-08-02
14.5,285.0,0.5927877791569507,6349.289720200627,1382.9102797993728,2026-08-02
14.75,300.0,0.5927877791569507,6019.112168856611,874.2878311433888,2026-08-02
15.0,315.0,0.5927877791569507,5667.069394146885,2567.9306058531147,2026-08-02
15.25,330.0,0.5927877791569507,5273.799286642767,3998.1307133572336,2026-08-02
15.5,345.0,0.5927877791569507,4873.910337254085,3344.8896627459144,2026-08-02
15.75,360.0,0.5927877791569507,4462.000328446345,24.199671553655207,2026-08-02
16.0,375.0,0.5927877791569507,4042.812242834693,2014.7877571653075,2026-08-02
16.25,390.0,0.5927877791569507,3610.791601583701,3965.278398416299,2026-08-02
16.5,405.0,0.5927877791569507,3174.942002353848,665.6579976461521,2026-08-02
16.75,420.0,0.5927877791569507,2727.619071093399,2373.580928906601,2026-08-02
17.0,435.0,0.5927877791569507,2240.344602584289,3507.445397415711,2026-08-02
17.25,450.0,0.5927877791569507,1746.4064356473707,2754.2335643526294,2026-08-02
17.5,465.0,0.5927877791569507,1274.634378848723,1651.655621151277,2026-08-02
17.75,480.0,0.5927877791569507,841.8824247075424,1377.5175752924576,2026-08-02
18.0,495.0,0.5927877791569507,469.1862316781302,713.4137683218697,2026-08-02
18.25,510.0,0.5927877791569507,186.3260045714783,648.8739954285218,2026-08-02
18.5,525.0,0.5927877791569507,29.7021082928657,455.69789170713426,2026-08-02
18.75,540.0,0.5927877791569507,0.0400540977503959,121.7599459022496,2026-08-02
19.0,555.0,0.5927877791569507,0.0,0.0,2026-08-02
11.5,15.0,0.7033030798411599,9409.216186743946,-1516.2161867439463,2026-08-02
11.75,30.0,0.7033030798411599,9496.682201028349,-2349.3922010283486,2026-08-02
12.0,45.0,0.7033030798411599,9533.851784926195,-6279.061784926195,2026-08-02
12.25,60.0,0.7033030798411599,9507.10875923432,-6436.908759234319,2026-08-02
12.5,75.0,0.7033030798411599,9462.70460025785,914.29539974215,2026-08-02
12.75,90.0,0.7033030798411599,9353.623770002418,-2111.6237700024176,2026-08-02
13.0,105.0,0.7033030798411599,9213.756920072916,231.4430799270849,2026-08-02
13.25,120.0,0.7033030798411599,9036.115007089456,79.68499291054286,2026-08-02
13.5,135.0,0.7033030798411599,8832.33692918509,4481.233070814909,2026-08-02
13.75,150.0,0.7033030798411599,8558.545646092522,-1069.3456460925217,2026-08-02
14.0,165.0,0.7033030798411599,8254.922625597714,617.147374402286,2026-08-02
14.25,180.0,0.7033030798411599,7909.160033594093,1500.0399664059078,2026-08-02
14.5,195.0,0.7033030798411599,7554.998654086544,177.20134591345595,2026-08-02
14.75,210.0,0.7033030798411599,7133.969448314269,-240.56944831426972,2026-08-02
15.0,225.0,0.7033030798411599,6682.65977464141,1552.34022535859,2026-08-02
15.25,240.0,0.7033030798411599,6232.797843134436,3039.132156865564,2026-08-02
15.5,255.0,0.7033030798411599,5768.790186492752,2450.0098135072476,2026-08-02
15.75,270.0,0.7033030798411599,5258.369095863986,-772.1690958639865,2026-08-02
16.0,285.0,0.7033030798411599,4749.092775009215,1308.5072249907853,2026-08-02
16.25,300.0,0.7033030798411599,4233.794056546912,3342.275943453088,2026-08-02
16.5,315.0,0.7033030798411599,3709.1846169965247,131.4153830034752,2026-08-02
16.75,330.0,0.7033030798411599,3178.146014483684,1923.0539855163156,2026-08-02
17.0,345.0,0.7033030798411599,2611.6541381681222,3136.1358618318777,2026-08-02
17.25,360.0,0.7033030798411599,2028.7983097607057,2471.8416902392946,2026-08-02
17.5,375.0,0.7033030798411599,1477.3803857514222,1448.9096142485778,2026-08-02
17.75,390.0,0.7033030798411599,975.759993710952,1243.640006289048,2026-08-02
18.0,405.0,0.7033030798411599,543.5943682146791,639.0056317853208,2026-08-02
18.25,420.0,0.7033030798411599,215.0121916904431,620.1878083095569,2026-08-02
18.5,435.0,0.7033030798411599,34.38719515595649,451.0128048440435,2026-08-02
18.75,450.0,0.7033030798411599,0.0462257324099674,121.75377426759003,2026-08-02
19.0,465.0,0.7033030798411599,0.0,0.0,2026-08-02
13.0,15.0,0.46926334530786823,7172.543133412951,2272.65686658705,2026-08-02
13.25,30.0,0.46926334530786823,7039.347462983996,2076.4525370160036,2026-08-02
13.5,45.0,0.46926334530786823,6874.134144812455,6439.435855187545,2026-08-02
13.75,60.0,0.46926334530786823,6633.511820486464,855.6881795135359,2026-08-02
14.0,75.0,0.46926334530786823,6389.074747021644,2482.995252978356,2026-08-02
14.25,90.0,0.46926334530786823,6135.439513594736,3273.7604864052646,2026-08-02
14.5,105.0,0.46926334530786823,5851.580752162467,1880.6192478375324,2026-08-02
14.75,120.0,0.46926334530786823,5504.617444522103,1388.7825554778965,2026-08-02
15.0,135.0,0.46926334530786823,5161.808712566179,3073.1912874338213,2026-08-02
15.25,150.0,0.46926334530786823,4813.739499182558,4458.190500817443,2026-08-02
15.5,165.0,0.46926334530786823,4461.841915314683,3756.958084685316,2026-08-02
15.75,180.0,0.46926334530786823,4068.0665290987135,418.1334709012863,2026-08-02
16.0,195.0,0.46926334530786823,3682.5926150742016,2375.0073849257988,2026-08-02
16.25,210.0,0.46926334530786823,3295.389986447119,4280.680013552881,2026-08-02
16.5,225.0,0.46926334530786823,2906.584267591181,934.0157324088191,2026-08-02
16.75,240.0,0.46926334530786823,2493.533615521329,2607.666384478671,2026-08-02
17.0,255.0,0.46926334530786823,2030.1520466124352,3717.6379533875647,2026-08-02
17.25,270.0,0.46926334530786823,1574.296760368022,2926.3432396319786,2026-08-02
17.5,285.0,0.46926334530786823,1148.6545203007986,1777.6354796992014,2026-08-02
17.75,300.0,0.46926334530786823,759.9831361316774,1459.4168638683227,2026-08-02
18.0,315.0,0.46926334530786823,422.8270380736084,759.7729619263915,2026-08-02
18.25,330.0,0.46926334530786823,167.01170252295492,668.1882974770451,2026-08-02
18.5,345.0,0.46926334530786823,26.25235707160416,459.14764292839584,2026-08-02
18.75,360.0,0.46926334530786823,0.0354106187754557,121.76458938122454,2026-08-02
19.0,375.0,0.46926334530786823,0.0,0.0,2026-08-02
14.5,15.0,0.7842464204541841,8411.137404461886,-678.9374044618862,2026-08-02
14.75,30.0,0.7842464204541841,7950.172541543098,-1056.7725415430987,2026-08-02
15.0,45.0,0.7842464204541841,7477.533055125422,757.4669448745781,2026-08-02
15.25,60.0,0.7842464204541841,6965.719520696523,2306.210479303477,2026-08-02
15.5,75.0,0.7842464204541841,6437.7862768907335,1781.0137231092658,2026-08-02
15.75,90.0,0.7842464204541841,5876.251308992297,-1390.051308992297,2026-08-02
16.0,105.0,0.7842464204541841,5316.92418795476,740.6758120452405,2026-08-02
16.25,120.0,0.7842464204541841,4734.620448755568,2841.449551244432,2026-08-02
16.5,135.0,0.7842464204541841,4149.247997561643,-308.6479975616435,2026-08-02
16.75,150.0,0.7842464204541841,3537.6613631877794,1563.5386368122204,2026-08-02
17.0,165.0,0.7842464204541841,2884.20085314744,2863.58914685256,2026-08-02
17.25,180.0,0.7842464204541841,2239.712976502516,2260.9270234974842,2026-08-02
17.5,195.0,0.7842464204541841,1635.435293210294,1290.854706789706,2026-08-02
17.75,210.0,0.7842464204541841,1079.7463701688566,1139.6536298311435,2026-08-02
18.0,225.0,0.7842464204541841,600.0285980754913,582.5714019245086,2026-08-02
18.25,240.0,0.7842464204541841,238.0724634691895,597.1275365308105,2026-08-02
18.5,255.0,0.7842464204541841,38.50203637319486,446.8979636268051,2026-08-02
18.75,270.0,0.7842464204541841,0.0518237697222948,121.7481762302777,2026-08-02
19.0,285.0,0.7842464204541841,0.0,0.0,2026-08-02
16.0,15.0,0.9235109540839053,6014.01824523785,43.58175476215001,2026-08-02
16.25,30.0,0.9235109540839053,5395.108726329343,2180.9612736706567,2026-08-02
16.5,45.0,0.9235109540839053,4756.076120845673,-915.4761208456734,2026-08-02
16.75,60.0,0.9235109540839053,4062.6772634526087,1038.522736547391,2026-08-02
17.0,75.0,0.9235109540839053,3324.710351140322,2423.079648859678,2026-08-02
17.25,90.0,0.9235109540839053,2595.7985661341686,1904.8414338658317,2026-08-02
17.5,105.0,0.9235109540839053,1894.8880741083533,1031.4019258916467,2026-08-02
17.75,120.0,0.9235109540839053,1249.785290033429,969.6147099665711,2026-08-02
18.0,135.0,0.9235109540839053,697.8266072152034,484.77339278479656,2026-08-02
18.25,150.0,0.9235109540839053,277.52149230186734,557.6785076981328,2026-08-02
18.5,165.0,0.9235109540839053,45.24614031098509,440.1538596890149,2026-08-02
18.75,180.0,0.9235109540839053,0.0609994453135237,121.73900055468647,2026-08-02
19.0,195.0,0.9235109540839053,0.0,0.0,2026-08-02
17.5,15.0,1.1013357925902751,2196.918783629455,729.371216370545,2026-08-02
17.75,30.0,1.1013357925902751,1448.3083762156955,771.0916237843046,2026-08-02
18.0,45.0,1.1013357925902751,807.481513676742,375.1184863232579,2026-08-02
18.25,60.0,1.1013357925902751,320.7260682495809,514.4739317504191,2026-08-02
18.5,75.0,1.1013357925902751,52.59391960475782,432.80608039524213,2026-08-02
18.75,90.0,1.1013357925902751,0.0708357263140459,121.72916427368595,2026-08-02
19.0,105.0,1.1013357925902751,0.0,0.0,2026-08-02
7.0,15.0,0.5280024254232223,975.8494954409812,-116.34949544098117,2026-08-03
7.25,30.0,0.5280024254232223,1416.096311918384,-447.6963119183839,2026-08-03
7.5,45.0,0.5280024254232223,1880.239661120921,-856.8096611209211,2026-08-03
7.75,60.0,0.5280024254232223,2357.6889986159745,-1125.8889986159745,2026-08-03
8.0,75.0,0.5280024254232223,2846.7145182065933,-933.1745182065933,2026-08-03
8.25,90.0,0.5280024254232223,3337.738533281449,-891.538533281449,2026-08-03
8.5,105.0,0.5280024254232223,3812.4451680823295,898.1548319176709,2026-08-03
8.75,120.0,0.5280024254232223,4264.499169965735,4236.900830034265,2026-08-03
9.0,135.0,0.5280024254232223,4728.149427721536,1850.2105722784636,2026-08-03
9.25,150.0,0.5280024254232223,5190.425078230759,2384.364921769241,2026-08-03
9.5,165.0,0.5280024254232223,5634.146474524422,-294.7464745244224,2026-08-03
9.75,180.0,0.5280024254232223,5993.903098945802,2033.4969010541972,2026-08-03
10.0,195.0,0.5280024254232223,6353.225830763619,4398.17416923638,2026-08-03
10.25,210.0,0.5280024254232223,6711.378327357871,2849.621672642129,2026-08-03
10.5,225.0,0.5280024254232223,7027.591133762597,3117.808866237403,2026-08-03
10.75,240.0,0.5280024254232223,7212.204293078797,4602.865706921203,2026-08-03
11.0,255.0,0.5280024254232223,7416.815765122522,4736.784234877478,2026-08-03
11.25,270.0,0.5280024254232223,7598.410028939254,2334.5899710607464,2026-08-03
11.5,285.0,0.5280024254232223,7750.535449404595,-961.535449404595,2026-08-03
11.75,300.0,0.5280024254232223,7772.0679739657135,69.50202603428625,2026-08-03
12.0,315.0,0.5280024254232223,7769.007025621311,2447.1929743786895,2026-08-03
12.25,330.0,0.5280024254232223,7756.420950389043,28.579049610956645,2026-08-03
12.5,345.0,0.5280024254232223,7762.19896092635,1027.5910390736508,2026-08-03
12.75,360.0,0.5280024254232223,7658.672449556445,3090.9275504435554,2026-08-03
13.0,375.0,0.5280024254232223,7526.275047229255,435.7249527707454,2026-08-03
13.25,390.0,0.5280024254232223,7370.595090354538,609.1949096454618,2026-08-03
13.5,405.0,0.5280024254232223,7200.382619959959,3713.0173800400407,2026-08-03
13.75,420.0,0.5280024254232223,6952.753790297301,-922.7537902973008,2026-08-03
14.0,435.0,0.5280024254232223,6695.538975627603,1543.0610243723977,2026-08-03
14.25,450.0,0.5280024254232223,6396.254865377617,3640.0351346223842,2026-08-03
14.5,465.0,0.5280024254232223,6081.216523671248,5618.183476328752,2026-08-03
14.75,480.0,0.5280024254232223,5730.718340491602,5572.081659508397,2026-08-03
15.0,495.0,0.5280024254232223,5364.954414682829,3174.84558531717,2026-08-03
15.25,510.0,0.5280024254232223,4970.229718690773,3581.0602813092282,2026-08-03
15.5,525.0,0.5280024254232223,4576.08790083124,-2183.28790083124,2026-08-03
15.75,540.0,0.5280024254232223,4175.91843791787,-2325.5184379178695,2026-08-03
16.0,555.0,0.5280024254232223,3763.40727340472,-903.80727340472,2026-08-03
16.25,570.0,0.5280024254232223,3331.0981536395366,-499.9581536395367,2026-08-03
16.5,585.0,0.5280024254232223,2897.7775453139006,-221.77754531390065,2026-08-03
16.75,600.0,0.5280024254232223,2481.248345195424,-142.44834519542383,2026-08-03
17.0,615.0,0.5280024254232223,2075.524103090097,-524.314103090097,2026-08-03
17.25,630.0,0.5280024254232223,1660.2867621698788,-160.8867621698787,2026-08-03
17.5,645.0,0.5280024254232223,1258.094811536909,-146.89481153690895,2026-08-03
17.75,660.0,0.5280024254232223,888.3085362191075,-126.30853621910751,2026-08-03
18.0,675.0,0.5280024254232223,493.66028870770106,60.1397112922989,2026-08-03
18.25,690.0,0.5280024254232223,193.2390115576188,327.56098844238113,2026-08-03
18.5,705.0,0.5280024254232223,29.262197188061783,163.33780281193822,2026-08-03
18.75,720.0,0.5280024254232223,0.0213452049837062,41.598654795016294,2026-08-03
19.0,735.0,0.5280024254232223,0.0,0.0,2026-08-03
8.5,15.0,0.33585484579155334,2623.8137532423857,2086.7862467576147,2026-08-03
8.75,30.0,0.33585484579155334,2966.088470125057,5535.311529874943,2026-08-03
9.0,45.0,0.33585484579155334,3319.5348338968656,3258.825166103134,2026-08-03
9.25,60.0,0.33585484579155334,3662.149803044667,3912.640196955333,2026-08-03
9.5,75.0,0.33585484579155334,4007.675008640914,1331.7249913590858,2026-08-03
9.75,90.0,0.33585484579155334,4305.427862003426,3721.972137996574,2026-08-03
10.0,105.0,0.33585484579155334,4597.210972273351,6154.189027726648,2026-08-03
10.25,120.0,0.33585484579155334,4862.140034135119,4698.859965864881,2026-08-03
10.5,135.0,0.33585484579155334,5122.594723892844,5022.805276107156,2026-08-03
10.75,150.0,0.33585484579155334,5305.258796380357,6509.811203619643,2026-08-03
11.0,165.0,0.33585484579155334,5475.991327872266,6677.608672127734,2026-08-03
11.25,180.0,0.33585484579155334,5604.7174123699415,4328.2825876300585,2026-08-03
11.5,195.0,0.33585484579155334,5725.6905788845415,1063.3094211154585,2026-08-03
11.75,210.0,0.33585484579155334,5767.6910483995325,2073.878951600467,2026-08-03
12.0,225.0,0.33585484579155334,5802.272357298197,4413.927642701804,2026-08-03
12.25,240.0,0.33585484579155334,5784.6928022981465,2000.3071977018535,2026-08-03
12.5,255.0,0.33585484579155334,5741.858306573657,3047.9316934263443,2026-08-03
12.75,270.0,0.33585484579155334,5629.714308650889,5119.885691349112,2026-08-03
13.0,285.0,0.33585484579155334,5547.317311769369,2414.6826882306314,2026-08-03
13.25,300.0,0.33585484579155334,5445.501681340104,2534.2883186598956,2026-08-03
13.5,315.0,0.33585484579155334,5320.943418046857,5592.456581953143,2026-08-03
13.75,330.0,0.33585484579155334,5129.430634993142,900.5693650068579,2026-08-03
14.0,345.0,0.33585484579155334,4938.2349110021705,3300.36508899783,2026-08-03
14.25,360.0,0.33585484579155334,4718.7769722145895,5317.513027785411,2026-08-03
14.5,375.0,0.33585484579155334,4479.733128280659,7219.666871719341,2026-08-03
14.75,390.0,0.33585484579155334,4216.840558552782,7085.959441447218,2026-08-03
15.0,405.0,0.33585484579155334,3965.1180921639934,4574.681907836006,2026-08-03
15.25,420.0,0.33585484579155334,3684.0198793981967,4867.270120601805,2026-08-03
15.5,435.0,0.33585484579155334,3389.689378421108,-996.8893784211077,2026-08-03
15.75,450.0,0.33585484579155334,3087.7066583572464,-1237.3066583572463,2026-08-03
16.0,465.0,0.33585484579155334,2794.025606556601,65.574393443399,2026-08-03
16.25,480.0,0.33585484579155334,2489.061561180029,342.07843881997087,2026-08-03
16.5,495.0,0.33585484579155334,2175.8687486742,500.1312513257999,2026-08-03
16.75,510.0,0.33585484579155334,1873.9407207092067,464.85927929079344,2026-08-03
17.0,525.0,0.33585484579155334,1576.2263615881825,-25.016361588182463,2026-08-03
17.25,540.0,0.33585484579155334,1275.1353864304358,224.2646135695643,2026-08-03
17.5,555.0,0.33585484579155334,981.8257220131431,129.3742779868569,2026-08-03
17.75,570.0,0.33585484579155334,705.2014187576613,56.79858124233874,2026-08-03
18.0,585.0,0.33585484579155334,391.60027579627047,162.1997242037295,2026-08-03
18.25,600.0,0.33585484579155334,153.07705219030652,367.72294780969344,2026-08-03
18.5,615.0,0.33585484579155334,22.744833216243027,169.85516678375697,2026-08-03
18.75,630.0,0.33585484579155334,0.0165422006404745,41.603457799359525,2026-08-03
19.0,645.0,0.33585484579155334,0.0,0.0,2026-08-03
10.0,15.0,0.7471336247285064,7723.696157757823,3027.7038422421765,2026-08-03
10.25,30.0,0.7471336247285064,8117.473525110838,1443.5264748891623,2026-08-03
10.5,45.0,0.7471336247285064,8463.528721964465,1681.8712780355345,2026-08-03
10.75,60.0,0.7471336247285064,8715.18246249636,3099.8875375036405,2026-08-03
11.0,75.0,0.7471336247285064,8962.196778685853,3191.4032213141472,2026-08-03
11.25,90.0,0.7471336247285064,9177.35201100818,755.6479889918191,2026-08-03
11.5,105.0,0.7471336247285064,9350.09573195991,-2561.0957319599092,2026-08-03
11.75,120.0,0.7471336247285064,9416.012076491555,-1574.4420764915558,2026-08-03
12.0,135.0,0.7471336247285064,9442.873293763712,773.3267062362884,2026-08-03
12.25,150.0,0.7471336247285064,9420.671792580972,-1635.6717925809717,2026-08-03
12.5,165.0,0.7471336247285064,9372.431208915654,-582.6412089156529,2026-08-03
12.75,180.0,0.7471336247285064,9245.277412514584,1504.322587485416,2026-08-03
13.0,195.0,0.7471336247285064,9096.896224607292,-1134.8962246072915,2026-08-03
13.25,210.0,0.7471336247285064,8915.673787840347,-935.8837878403474,2026-08-03
13.5,225.0,0.7471336247285064,8703.953839252661,2209.4461607473386,2026-08-03
13.75,240.0,0.7471336247285064,8432.989745463467,-2402.9897454634665,2026-08-03
14.0,255.0,0.7471336247285064,8137.591102767553,101.00889723244745,2026-08-03
14.25,270.0,0.7471336247285064,7795.489734843672,2240.8002651563293,2026-08-03
14.5,285.0,0.7471336247285064,7424.249529208143,4275.150470791857,2026-08-03
14.75,300.0,0.7471336247285064,7006.029659780588,4296.770340219411,2026-08-03
15.0,315.0,0.7471336247285064,6572.450705842863,1967.3492941571367,2026-08-03
15.25,330.0,0.7471336247285064,6111.753149537529,2439.536850462472,2026-08-03
15.5,345.0,0.7471336247285064,5629.52724606904,-3236.72724606904,2026-08-03
15.75,360.0,0.7471336247285064,5128.039139507609,-3277.6391395076093,2026-08-03
16.0,375.0,0.7471336247285064,4618.075444709103,-1758.4754447091032,2026-08-03
16.25,390.0,0.7471336247285064,4088.298062516524,-1257.1580625165243,2026-08-03
16.5,405.0,0.7471336247285064,3546.301623997336,-870.3016239973358,2026-08-03
16.75,420.0,0.7471336247285064,3020.373804462915,-681.5738044629147,2026-08-03
17.0,435.0,0.7471336247285064,2506.8923860316845,-955.6823860316845,2026-08-03
17.25,450.0,0.7471336247285064,1997.7692740635216,-498.3692740635215,2026-08-03
17.5,465.0,0.7471336247285064,1508.542933431899,-397.3429334318989,2026-08-03
17.75,480.0,0.7471336247285064,1052.289362199166,-290.2893621991659,2026-08-03
18.0,495.0,0.7471336247285064,582.6341734225565,-28.834173422556546,2026-08-03
18.25,510.0,0.7471336247285064,227.7012304722976,293.09876952770236,2026-08-03
18.5,525.0,0.7471336247285064,34.870563531362855,157.72943646863715,2026-08-03
18.75,540.0,0.7471336247285064,0.0254749466454047,41.594525053354594,2026-08-03
19.0,555.0,0.7471336247285064,0.0,0.0,2026-08-03
11.5,15.0,1.0317574456588683,11995.984541134112,-5206.984541134112,2026-08-03
11.75,30.0,1.0317574456588683,12092.397547059572,-4250.827547059573,2026-08-03
12.0,45.0,1.0317574456588683,12139.19903456815,-1922.999034568149,2026-08-03
12.25,60.0,1.0317574456588683,12103.494703620152,-4318.494703620152,2026-08-03
12.5,75.0,1.0317574456588683,12031.954555285269,-3242.164555285268,2026-08-03
12.75,90.0,1.0317574456588683,11880.624966353484,-1131.0249663534833,2026-08-03
13.0,105.0,1.0317574456588683,11691.294336463769,-3729.2943364637686,2026-08-03
13.25,120.0,1.0317574456588683,11446.47169332347,-3466.6816933234704,2026-08-03
13.5,135.0,1.0317574456588683,11172.734440107197,-259.3344401071972,2026-08-03
13.75,150.0,1.0317574456588683,10825.022408871857,-4795.022408871857,2026-08-03
14.0,165.0,1.0317574456588683,10446.909378755929,-2208.3093787559283,2026-08-03
14.25,180.0,1.0317574456588683,9996.72961244274,39.56038755726149,2026-08-03
14.5,195.0,1.0317574456588683,9517.990750842147,2181.409249157852,2026-08-03
14.75,210.0,1.0317574456588683,8976.633163075378,2326.1668369246217,2026-08-03
15.0,225.0,1.0317574456588683,8425.630589102146,114.1694108978536,2026-08-03
15.25,240.0,1.0317574456588683,7839.105776253985,712.184223746016,2026-08-03
15.5,255.0,1.0317574456588683,7218.073202063753,-4825.273202063753,2026-08-03
15.75,270.0,1.0317574456588683,6576.469968463059,-4726.069968463058,2026-08-03
16.0,285.0,1.0317574456588683,5926.038311515113,-3066.4383115151127,2026-08-03
16.25,300.0,1.0317574456588683,5246.267101552113,-2415.127101552113,2026-08-03
16.5,315.0,1.0317574456588683,4550.838481281817,-1874.8384812818167,2026-08-03
16.75,330.0,1.0317574456588683,3870.1078354449214,-1531.3078354449212,2026-08-03
17.0,345.0,1.0317574456588683,3205.67661902408,-1654.46661902408,2026-08-03
17.25,360.0,1.0317574456588683,2542.3732964079154,-1042.9732964079153,2026-08-03
17.5,375.0,1.0317574456588683,1904.9612523180576,-793.7612523180576,2026-08-03
17.75,390.0,1.0317574456588683,1312.2672136461686,-550.2672136461686,2026-08-03
18.0,405.0,1.0317574456588683,726.5650563610601,-172.76505636106015,2026-08-03
18.25,420.0,1.0317574456588683,283.7855877792698,237.01441222073015,2026-08-03
18.5,435.0,1.0317574456588683,43.92707041197895,148.67292958802105,2026-08-03
18.75,450.0,1.0317574456588683,0.0320939547483717,41.58790604525163,2026-08-03
19.0,465.0,1.0317574456588683,0.0,0.0,2026-08-03
13.0,15.0,0.9332702441705255,11709.422218081603,-3747.422218081603,2026-08-03
13.25,30.0,0.9332702441705255,11468.37053410148,-3488.5805341014793,2026-08-03
13.5,45.0,0.9332702441705255,11189.847756341123,-276.44775634112375,2026-08-03
13.75,60.0,0.9332702441705255,10844.682141978774,-4814.682141978774,2026-08-03
14.0,75.0,0.9332702441705255,10485.609688110686,-2247.0096881106856,2026-08-03
14.25,90.0,0.9332702441705255,10075.489040343433,-39.19904034343199,2026-08-03
14.5,105.0,0.9332702441705255,9612.651189978676,2086.748810021323,2026-08-03
14.75,120.0,0.9332702441705255,9083.3008706503,2219.4991293496987,2026-08-03
15.0,135.0,0.9332702441705255,8543.089778543203,-3.2897785432032833,2026-08-03
15.25,150.0,0.9332702441705255,7978.866638768317,572.4233612316839,2026-08-03
15.5,165.0,0.9332702441705255,7381.735429804175,-4988.935429804174,2026-08-03
15.75,180.0,0.9332702441705255,6732.15784507445,-4881.7578450744495,2026-08-03
16.0,195.0,0.9332702441705255,6078.7252511070965,-3219.1252511070966,2026-08-03
16.25,210.0,0.9332702441705255,5398.210844474364,-2567.0708444743645,2026-08-03
16.5,225.0,0.9332702441705255,4709.8039811738445,-2033.8039811738445,2026-08-03
16.75,240.0,0.9332702441705255,4009.718965349432,-1670.9189653494318,2026-08-03
17.0,255.0,0.9332702441705255,3314.7244816590805,-1763.5144816590805,2026-08-03
17.25,270.0,0.9332702441705255,2599.187829439075,-1099.7878294390748,2026-08-03
17.5,285.0,0.9332702441705255,1892.277916250367,-781.077916250367,2026-08-03
17.75,300.0,0.9332702441705255,1246.04099805283,-484.04099805283,2026-08-03
18.0,315.0,0.9332702441705255,690.6146250115596,-136.81462501155966,2026-08-03
18.25,330.0,0.9332702441705255,269.88004138107965,250.9199586189203,2026-08-03
18.5,345.0,0.9332702441705255,41.64811037678484,150.95188962321515,2026-08-03
18.75,360.0,0.9332702441705255,0.0304344127909739,41.58956558720902,2026-08-03
19.0,375.0,0.9332702441705255,0.0,0.0,2026-08-03
14.5,15.0,0.802466497193342,8587.761527718707,3111.6384722812927,2026-08-03
14.75,30.0,0.802466497193342,8104.891995777709,3197.9080042222904,2026-08-03
15.0,45.0,0.802466497193342,7623.615360438809,916.1846395611901,2026-08-03
15.25,60.0,0.802466497193342,7117.332709494811,1433.95729050519,2026-08-03
15.5,75.0,0.802466497193342,6581.97909123528,-4189.17909123528,2026-08-03
15.75,90.0,0.802466497193342,6010.606039256476,-4160.206039256476,2026-08-03
16.0,105.0,0.802466497193342,5436.490219345434,-2576.8902193454337,2026-08-03
16.25,120.0,0.802466497193342,4841.061317102998,-2009.9213171029983,2026-08-03
16.5,135.0,0.802466497193342,4227.147385891253,-1551.1473858912532,2026-08-03
16.75,150.0,0.802466497193342,3599.596375353012,-1260.7963753530116,2026-08-03
17.0,165.0,0.802466497193342,2986.8421292216417,-1435.6321292216417,2026-08-03
17.25,180.0,0.802466497193342,2347.1487878077264,-847.7487878077263,2026-08-03
17.5,195.0,0.802466497193342,1709.3547705630988,-598.1547705630987,2026-08-03
17.75,210.0,0.802466497193342,1123.0399210106625,-361.0399210106625,2026-08-03
18.0,225.0,0.802466497193342,620.1983715221336,-66.39837152213363,2026-08-03
18.25,240.0,0.802466497193342,242.1209469310336,278.67905306896637,2026-08-03
18.5,255.0,0.802466497193342,37.18635977580932,155.41364022419066,2026-08-03
18.75,270.0,0.802466497193342,0.0271597662531105,41.592840233746884,2026-08-03
19.0,285.0,0.802466497193342,0.0,0.0,2026-08-03
16.0,15.0,0.5905255240942445,4229.465467968525,-1369.8654679685255,2026-08-03
16.25,30.0,0.5905255240942445,3849.048766282625,-1017.908766282625,2026-08-03
16.5,45.0,0.5905255240942445,3427.6441370512293,-751.6441370512293,2026-08-03
16.75,60.0,0.5905255240942445,2952.243785687655,-613.4437856876548,2026-08-03
17.0,75.0,0.5905255240942445,2462.293444167967,-911.0834441679672,2026-08-03
17.25,90.0,0.5905255240942445,1947.0509472959477,-447.6509472959476,2026-08-03
17.5,105.0,0.5905255240942445,1423.5737489079124,-312.3737489079124,2026-08-03
17.75,120.0,0.5905255240942445,938.4873151330604,-176.4873151330604,2026-08-03
18.0,135.0,0.5905255240942445,521.0334181195849,32.76658188041506,2026-08-03
18.25,150.0,0.5905255240942445,203.90739477825625,316.8926052217437,2026-08-03
18.5,165.0,0.5905255240942445,31.015685280278856,161.58431471972114,2026-08-03
18.75,180.0,0.5905255240942445,0.0226903717429682,41.59730962825703,2026-08-03
19.0,195.0,0.5905255240942445,0.0,0.0,2026-08-03
17.5,15.0,0.4707883554342379,1213.3825121027996,-102.18251210279959,2026-08-03
17.75,30.0,0.4707883554342379,804.7395605792957,-42.7395605792957,2026-08-03
18.0,45.0,0.4707883554342379,448.5883581028339,105.21164189716603,2026-08-03
18.25,60.0,0.4707883554342379,176.02631405891714,344.7736859410828,2026-08-03
18.5,75.0,0.4707883554342379,26.57950753574779,166.02049246425221,2026-08-03
18.75,90.0,0.4707883554342379,0.019453480753453,41.60054651924654,2026-08-03
19.0,105.0,0.4707883554342379,0.0,0.0,2026-08-03
7.0,15.0,0.038635721661545386,337.62292938665934,-321.42292938665935,2026-08-04
7.25,30.0,0.038635721661545386,516.4035718789147,-467.2035718789147,2026-08-04
7.5,45.0,0.038635721661545386,714.0920994873501,-622.01209948735,2026-08-04
7.75,60.0,0.038635721661545386,924.6360071540104,-802.8360071540104,2026-08-04
8.0,75.0,0.038635721661545386,1129.963125931429,-962.563125931429,2026-08-04
8.25,90.0,0.038635721661545386,1344.9349065523058,-1145.134906552306,2026-08-04
8.5,105.0,0.038635721661545386,1561.8712648088488,-1304.471264808849,2026-08-04
8.75,120.0,0.038635721661545386,1782.8203323236069,-1479.8203323236069,2026-08-04
9.0,135.0,0.038635721661545386,2004.960192201456,-1689.360192201456,2026-08-04
9.25,150.0,0.038635721661545386,2216.884486138647,-1876.814486138647,2026-08-04
9.5,165.0,0.038635721661545386,2416.456537682673,-2014.4565376826731,2026-08-04
9.75,180.0,0.038635721661545386,2607.720393399059,-2055.120393399059,2026-08-04
10.0,195.0,0.038635721661545386,2785.5863783324207,-2088.986378332421,2026-08-04
10.25,210.0,0.038635721661545386,2965.775620676891,-2112.575620676891,2026-08-04
10.5,225.0,0.038635721661545386,3123.566541002071,-2004.566541002071,2026-08-04
10.75,240.0,0.038635721661545386,3231.06159967394,-1875.6615996739397,2026-08-04
11.0,255.0,0.038635721661545386,3331.425302437421,-1001.025302437421,2026-08-04
11.25,270.0,0.038635721661545386,3425.19246280297,-750.3924628029699,2026-08-04
11.5,285.0,0.038635721661545386,3502.057429599646,-351.4574295996463,2026-08-04
11.75,300.0,0.038635721661545386,3528.2159564692533,534.3840435307466,2026-08-04
12.0,315.0,0.038635721661545386,3547.812665140696,1220.897334859304,2026-08-04
12.25,330.0,0.038635721661545386,3553.240516046232,2533.3294839537675,2026-08-04
12.5,345.0,0.038635721661545386,3539.417863858337,2894.292136141663,2026-08-04
12.75,360.0,0.038635721661545386,3482.566868856225,3128.233131143775,2026-08-04
13.0,375.0,0.038635721661545386,3420.325565454505,2147.0744345454946,2026-08-04
13.25,390.0,0.038635721661545386,3392.0577042407085,1585.5422957592918,2026-08-04
13.5,405.0,0.038635721661545386,3337.4634365972947,1212.936563402705,2026-08-04
13.75,420.0,0.038635721661545386,3263.4422585983816,659.3577414016186,2026-08-04
14.0,435.0,0.038635721661545386,3177.9967417119205,317.8632582880796,2026-08-04
14.25,450.0,0.038635721661545386,3091.091078898509,508.2689211014913,2026-08-04
14.5,465.0,0.038635721661545386,2987.533526640212,716.266473359788,2026-08-04
14.75,480.0,0.038635721661545386,2854.4827617992078,585.9172382007923,2026-08-04
15.0,495.0,0.038635721661545386,2720.1042591475607,1214.8257408524391,2026-08-04
15.25,510.0,0.038635721661545386,2582.502664171899,1721.297335828101,2026-08-04
15.5,525.0,0.038635721661545386,2432.205488837144,1283.5945111628562,2026-08-04
15.75,540.0,0.038635721661545386,2245.4865168572305,1713.3134831427697,2026-08-04
16.0,555.0,0.038635721661545386,2050.4313740483917,2793.4986259516086,2026-08-04
16.25,570.0,0.038635721661545386,1860.476983194655,2701.323016805345,2026-08-04
16.5,585.0,0.038635721661545386,1662.5753443301512,1297.8246556698489,2026-08-04
16.75,600.0,0.038635721661545386,1437.3028110152543,1043.6971889847457,2026-08-04
17.0,615.0,0.038635721661545386,1214.1895820983716,945.2104179016285,2026-08-04
17.25,630.0,0.038635721661545386,997.1853369367486,480.6146630632513,2026-08-04
17.5,645.0,0.038635721661545386,760.9112733180935,577.0887266819065,2026-08-04
17.75,660.0,0.038635721661545386,500.31902528161896,761.480974718381,2026-08-04
18.0,675.0,0.038635721661545386,275.32686161373823,600.6731383862618,2026-08-04
18.25,690.0,0.038635721661545386,105.9625641874482,458.0374358125518,2026-08-04
18.5,705.0,0.038635721661545386,14.361191662169174,223.8388083378308,2026-08-04
18.75,720.0,0.038635721661545386,0.0035968871196047,60.426403112880394,2026-08-04
19.0,735.0,0.038635721661545386,0.0,0.0,2026-08-04
8.5,15.0,0.03856364768347594,1003.8013817136656,-746.4013817136656,2026-08-04
8.75,30.0,0.03856364768347594,1269.470290615268,-966.4702906152679,2026-08-04
9.0,45.0,0.03856364768347594,1520.465043675042,-1204.8650436750418,2026-08-04
9.25,60.0,0.03856364768347594,1731.7962325356652,-1391.7262325356653,2026-08-04
9.5,75.0,0.03856364768347594,1917.501874243848,-1515.501874243848,2026-08-04
9.75,90.0,0.03856364768347594,2096.179715939728,-1543.579715939728,2026-08-04
10.0,105.0,0.03856364768347594,2272.408135836233,-1575.8081358362333,2026-08-04
10.25,120.0,0.03856364768347594,2437.2149607948086,-1584.0149607948085,2026-08-04
10.5,135.0,0.03856364768347594,2596.28393964543,-1477.28393964543,2026-08-04
10.75,150.0,0.03856364768347594,2695.9546910860745,-1340.5546910860744,2026-08-04
11.0,165.0,0.03856364768347594,2787.417489811437,-457.0174898114369,2026-08-04
11.25,180.0,0.03856364768347594,2872.6712319054536,-197.87123190545344,2026-08-04
11.5,195.0,0.03856364768347594,2934.101165378458,216.49883462154185,2026-08-04
11.75,210.0,0.03856364768347594,2967.53259995648,1095.0674000435197,2026-08-04
12.0,225.0,0.03856364768347594,2992.965458806062,1775.744541193938,2026-08-04
12.25,240.0,0.03856364768347594,3006.8240707774503,3079.7459292225494,2026-08-04
12.5,255.0,0.03856364768347594,2974.4808017292,3459.2291982708,2026-08-04
12.75,270.0,0.03856364768347594,2926.2626961233145,3684.5373038766857,2026-08-04
13.0,285.0,0.03856364768347594,2890.6010922371984,2676.7989077628013,2026-08-04
13.25,300.0,0.03856364768347594,2853.25150597354,2124.3484940264602,2026-08-04
13.5,315.0,0.03856364768347594,2799.581149566344,1750.8188504336558,2026-08-04
13.75,330.0,0.03856364768347594,2734.0006214715104,1188.7993785284898,2026-08-04
14.0,345.0,0.03856364768347594,2675.96113005743,819.89886994257,2026-08-04
14.25,360.0,0.03856364768347594,2597.284197798068,1002.0758022019322,2026-08-04
14.5,375.0,0.03856364768347594,2512.332625392571,1191.467374607429,2026-08-04
14.75,390.0,0.03856364768347594,2423.183626290124,1017.2163737098763,2026-08-04
15.0,405.0,0.03856364768347594,2324.043834751017,1610.8861652489827,2026-08-04
15.25,420.0,0.03856364768347594,2217.177278314396,2086.622721685604,2026-08-04
15.5,435.0,0.03856364768347594,2097.1300205293546,1618.6699794706456,2026-08-04
15.75,450.0,0.03856364768347594,1940.685200472612,2018.1147995273882,2026-08-04
16.0,465.0,0.03856364768347594,1780.5894105293798,3063.34058947062,2026-08-04
16.25,480.0,0.03856364768347594,1616.7948126864785,2945.0051873135217,2026-08-04
16.5,495.0,0.03856364768347594,1453.0113679691513,1507.3886320308488,2026-08-04
16.75,510.0,0.03856364768347594,1263.50207597613,1217.49792402387,2026-08-04
17.0,525.0,0.03856364768347594,1073.2731871593026,1086.1268128406975,2026-08-04
17.25,540.0,0.03856364768347594,884.4534868131119,593.346513186888,2026-08-04
17.5,555.0,0.03856364768347594,676.3217135492054,661.6782864507946,2026-08-04
17.75,570.0,0.03856364768347594,444.27660314084926,817.5233968591507,2026-08-04
18.0,585.0,0.03856364768347594,244.82481534374548,631.1751846562545,2026-08-04
18.25,600.0,0.03856364768347594,94.16467248152796,469.835327518472,2026-08-04
18.5,615.0,0.03856364768347594,12.510876398338302,225.6891236016617,2026-08-04
18.75,630.0,0.03856364768347594,0.0031329903272217,60.426867009672776,2026-08-04
19.0,645.0,0.03856364768347594,0.0,0.0,2026-08-04
10.0,15.0,0.04503444276746072,1776.8685208227314,-1080.2685208227313,2026-08-04
10.25,30.0,0.04503444276746072,1959.614343122863,-1106.4143431228629,2026-08-04
10.5,45.0,0.04503444276746072,2090.423581298704,-971.423581298704,2026-08-04
10.75,60.0,0.04503444276746072,2168.354421887431,-812.9544218874307,2026-08-04
11.0,75.0,0.04503444276746072,2298.8768000524647,31.52319994753543,2026-08-04
11.25,90.0,0.04503444276746072,2409.0526598625897,265.74734013741045,2026-08-04
11.5,105.0,0.04503444276746072,2474.3721213946374,676.2278786053625,2026-08-04
11.75,120.0,0.04503444276746072,2508.938263121919,1553.6617368780808,2026-08-04
12.0,135.0,0.04503444276746072,2536.0229816180067,2232.6870183819933,2026-08-04
12.25,150.0,0.04503444276746072,2533.635357277004,3552.9346427229957,2026-08-04
12.5,165.0,0.04503444276746072,2506.4598036809025,3927.2501963190975,2026-08-04
12.75,180.0,0.04503444276746072,2471.0230177276567,4139.776982272344,2026-08-04
13.0,195.0,0.04503444276746072,2415.4233347381723,3151.9766652618273,2026-08-04
13.25,210.0,0.04503444276746072,2361.7616607564955,2615.838339243505,2026-08-04
13.5,225.0,0.04503444276746072,2331.983319726342,2218.4166802736577,2026-08-04
13.75,240.0,0.04503444276746072,2312.75655385525,1610.0434461447503,2026-08-04
14.0,255.0,0.04503444276746072,2280.5024990783386,1215.3575009216615,2026-08-04
14.25,270.0,0.04503444276746072,2250.674698175121,1348.685301824879,2026-08-04
14.5,285.0,0.04503444276746072,2206.956553465984,1496.843446534016,2026-08-04
14.75,300.0,0.04503444276746072,2135.0310515229617,1305.3689484770384,2026-08-04
15.0,315.0,0.04503444276746072,2052.199362823372,1882.7306371766276,2026-08-04
15.25,330.0,0.04503444276746072,1952.604767413441,2351.195232586559,2026-08-04
15.5,345.0,0.04503444276746072,1850.6996889030288,1865.1003110969714,2026-08-04
15.75,360.0,0.04503444276746072,1734.2332388238158,2224.5667611761846,2026-08-04
16.0,375.0,0.04503444276746072,1620.5355942426077,3223.3944057573926,2026-08-04
16.25,390.0,0.04503444276746072,1500.1269328550356,3061.6730671449645,2026-08-04
16.5,405.0,0.04503444276746072,1357.8448705220842,1602.555129477916,2026-08-04
16.75,420.0,0.04503444276746072,1184.1196064270391,1296.8803935729609,2026-08-04
17.0,435.0,0.04503444276746072,1015.4841149583036,1143.9158850416966,2026-08-04
17.25,450.0,0.04503444276746072,843.4707067283782,634.3292932716217,2026-08-04
17.5,465.0,0.04503444276746072,647.3731939044051,690.6268060955949,2026-08-04
17.75,480.0,0.04503444276746072,429.17537108423807,832.6246289157618,2026-08-04
18.0,495.0,0.04503444276746072,237.7714684911108,638.2285315088892,2026-08-04
18.25,510.0,0.04503444276746072,90.95789602161425,473.04210397838574,2026-08-04
18.5,525.0,0.04503444276746072,11.973077667292516,226.22692233270746,2026-08-04
18.75,540.0,0.04503444276746072,0.0029985253577927,60.4270014746422,2026-08-04
19.0,555.0,0.04503444276746072,0.0,0.0,2026-08-04
11.5,15.0,0.1422480655967874,3231.042632205499,-80.4426322054992,2026-08-04
11.75,30.0,0.1422480655967874,3257.998233842349,804.6017661576511,2026-08-04
12.0,45.0,0.1422480655967874,3262.6061755074693,1506.1038244925307,2026-08-04
12.25,60.0,0.1422480655967874,3236.551207102716,2850.0187928972837,2026-08-04
12.5,75.0,0.1422480655967874,3238.9665066052157,3194.7434933947843,2026-08-04
12.75,90.0,0.1422480655967874,3221.9681344090704,3388.8318655909297,2026-08-04
13.0,105.0,0.1422480655967874,3181.505418471598,2385.8945815284014,2026-08-04
13.25,120.0,0.1422480655967874,3146.6632712197934,1830.936728780207,2026-08-04
13.5,135.0,0.1422480655967874,3083.9614802664414,1466.4385197335582,2026-08-04
13.75,150.0,0.1422480655967874,3013.123499017779,909.6765009822211,2026-08-04
14.0,165.0,0.1422480655967874,2957.0915881062665,538.7684118937336,2026-08-04
14.25,180.0,0.1422480655967874,2887.6893659255024,711.6706340744977,2026-08-04
14.5,195.0,0.1422480655967874,2784.269522545921,919.5304774540791,2026-08-04
14.75,210.0,0.1422480655967874,2639.7558620787745,800.6441379212256,2026-08-04
15.0,225.0,0.1422480655967874,2525.5495216238623,1409.3804783761375,2026-08-04
15.25,240.0,0.1422480655967874,2419.9674500578094,1883.8325499421908,2026-08-04
15.5,255.0,0.1422480655967874,2291.971770809253,1423.8282291907472,2026-08-04
15.75,270.0,0.1422480655967874,2137.105066485773,1821.6949335142272,2026-08-04
16.0,285.0,0.1422480655967874,1982.238354382004,2861.691645617996,2026-08-04
16.25,300.0,0.1422480655967874,1806.727270890623,2755.072729109377,2026-08-04
16.5,315.0,0.1422480655967874,1617.8699664105418,1342.5300335894583,2026-08-04
16.75,330.0,0.1422480655967874,1398.1034569419126,1082.8965430580874,2026-08-04
17.0,345.0,0.1422480655967874,1190.8925665488416,968.5074334511585,2026-08-04
17.25,360.0,0.1422480655967874,984.1560688946012,493.6439311053988,2026-08-04
17.5,375.0,0.1422480655967874,756.3764403895996,581.6235596104004,2026-08-04
17.75,390.0,0.1422480655967874,499.3707407658164,762.4292592341835,2026-08-04
18.0,405.0,0.1422480655967874,275.38731740495416,600.6126825950458,2026-08-04
18.25,420.0,0.1422480655967874,105.05411725831571,458.9458827416843,2026-08-04
18.5,435.0,0.1422480655967874,14.148220145182924,224.05177985481706,2026-08-04
18.75,450.0,0.1422480655967874,0.0035378200509726,60.42646217994903,2026-08-04
19.0,465.0,0.1422480655967874,0.0,0.0,2026-08-04
13.0,15.0,0.42492812971723065,6198.664236269433,-631.2642362694332,2026-08-04
13.25,30.0,0.42492812971723065,6241.854226515479,-1264.2542265154789,2026-08-04
13.5,45.0,0.42492812971723065,6238.104542570492,-1687.7045425704928,2026-08-04
13.75,60.0,0.42492812971723065,6091.132705102518,-2168.332705102518,2026-08-04
14.0,75.0,0.42492812971723065,5939.407456944498,-2443.547456944498,2026-08-04
14.25,90.0,0.42492812971723065,5776.3223133386,-2176.9623133386,2026-08-04
14.5,105.0,0.42492812971723065,5574.208934727226,-1870.4089347272256,2026-08-04
14.75,120.0,0.42492812971723065,5280.427904999012,-1840.0279049990118,2026-08-04
15.0,135.0,0.42492812971723065,4976.148692738194,-1041.218692738194,2026-08-04
15.25,150.0,0.42492812971723065,4674.290952830836,-370.49095283083625,2026-08-04
15.5,165.0,0.42492812971723065,4358.923006821659,-643.1230068216591,2026-08-04
15.75,180.0,0.42492812971723065,3988.815325293584,-30.015325293583828,2026-08-04
16.0,195.0,0.42492812971723065,3611.2167776429937,1232.7132223570065,2026-08-04
16.25,210.0,0.42492812971723065,3217.9226244660167,1343.8773755339835,2026-08-04
16.5,225.0,0.42492812971723065,2819.4348161222247,140.96518387777542,2026-08-04
16.75,240.0,0.42492812971723065,2416.5890738141443,64.41092618585571,2026-08-04
17.0,255.0,0.42492812971723065,2014.8717358898973,144.52826411010278,2026-08-04
17.25,270.0,0.42492812971723065,1601.5229698998544,-123.72296989985443,2026-08-04
17.5,285.0,0.42492812971723065,1167.3100197065169,170.68998029348313,2026-08-04
17.75,300.0,0.42492812971723065,767.4487200175737,494.35127998242626,2026-08-04
18.0,315.0,0.42492812971723065,422.8731808082858,453.1268191917142,2026-08-04
18.25,330.0,0.42492812971723065,162.56392295100687,401.4360770489931,2026-08-04
18.5,345.0,0.42492812971723065,22.933602377846924,215.26639762215308,2026-08-04
18.75,360.0,0.42492812971723065,0.0056988276269911,60.424301172373006,2026-08-04
19.0,375.0,0.42492812971723065,0.0,0.0,2026-08-04
14.5,15.0,0.2973751159582632,4332.18802416529,-628.3880241652896,2026-08-04
14.75,30.0,0.2973751159582632,4107.150999630633,-666.750999630633,2026-08-04
15.0,45.0,0.2973751159582632,3882.2507193539273,52.679280646072584,2026-08-04
15.25,60.0,0.2973751159582632,3659.1809183197,644.6190816803,2026-08-04
15.5,75.0,0.2973751159582632,3425.389514166297,290.4104858337032,2026-08-04
15.75,90.0,0.2973751159582632,3143.971123499702,814.8288765002981,2026-08-04
16.0,105.0,0.2973751159582632,2852.001878483462,1991.9281215165383,2026-08-04
16.25,120.0,0.2973751159582632,2554.263221894467,2007.5367781055334,2026-08-04
16.5,135.0,0.2973751159582632,2260.277444274446,700.1225557255539,2026-08-04
16.75,150.0,0.2973751159582632,1950.0885623738427,530.9114376261573,2026-08-04
17.0,165.0,0.2973751159582632,1635.3318696092217,524.0681303907784,2026-08-04
17.25,180.0,0.2973751159582632,1306.543233554186,171.25676644581404,2026-08-04
17.5,195.0,0.2973751159582632,956.569606081845,381.430393918155,2026-08-04
17.75,210.0,0.2973751159582632,632.8919233117592,628.9080766882407,2026-08-04
18.0,225.0,0.2973751159582632,349.44772262130164,526.5522773786984,2026-08-04
18.25,240.0,0.2973751159582632,134.9137132911558,429.0862867088442,2026-08-04
18.5,255.0,0.2973751159582632,18.72331979784513,219.47668020215485,2026-08-04
18.75,270.0,0.2973751159582632,0.0046488315753008,60.4253511684247,2026-08-04
19.0,285.0,0.2973751159582632,0.0,0.0,2026-08-04
16.0,15.0,0.4471102319872594,3731.00475219333,1112.92524780667,2026-08-04
16.25,30.0,0.4471102319872594,3334.2997490090543,1227.500250990946,2026-08-04
16.5,45.0,0.4471102319872594,2924.464179286669,35.93582071333094,2026-08-04
16.75,60.0,0.4471102319872594,2502.689365224433,-21.689365224433004,2026-08-04
17.0,75.0,0.4471102319872594,2082.5446353090847,76.8553646909154,2026-08-04
17.25,90.0,0.4471102319872594,1653.6827134532273,-175.88271345322732,2026-08-04
17.5,105.0,0.4471102319872594,1202.8021562197123,135.1978437802877,2026-08-04
17.75,120.0,0.4471102319872594,789.9087520202902,471.89124797970976,2026-08-04
18.0,135.0,0.4471102319872594,434.2949242048227,441.7050757951773,2026-08-04
18.25,150.0,0.4471102319872594,167.18594146297724,396.8140585370228,2026-08-04
18.5,165.0,0.4471102319872594,23.693917191677635,214.50608280832236,2026-08-04
18.75,180.0,0.4471102319872594,0.0059158641594043,60.424084135840594,2026-08-04
19.0,195.0,0.4471102319872594,0.0,0.0,2026-08-04
17.5,15.0,0.6273318583222687,1444.9869645503834,-106.98696455038339,2026-08-04
17.75,30.0,0.6273318583222687,951.6072473082868,310.19275269171317,2026-08-04
18.0,45.0,0.6273318583222687,524.0094597788928,351.99054022110715,2026-08-04
18.25,60.0,0.6273318583222687,201.67929837839517,362.3207016216048,2026-08-04
18.5,75.0,0.6273318583222687,28.92707913484004,209.27292086515996,2026-08-04
18.75,90.0,0.6273318583222687,0.0072249055188493,60.42277509448115,2026-08-04
19.0,105.0,0.6273318583222687,0.0,0.0,2026-08-04
7.0,15.0,0.2540472341143135,455.4842899440647,161.31571005593526,2026-08-05
7.25,30.0,0.2540472341143135,655.635869648023,126.76413035197697,2026-08-05
7.5,45.0,0.2540472341143135,864.8494402716294,-113.04944027162946,2026-08-05
7.75,60.0,0.2540472341143135,1104.5735356301125,-232.77353563011252,2026-08-05
8.0,75.0,0.2540472341143135,1360.0129120512192,-445.61291205121927,2026-08-05
8.25,90.0,0.2540472341143135,1637.0117208499098,-262.4117208499099,2026-08-05
8.5,105.0,0.2540472341143135,1903.2764414184064,-507.0764414184064,2026-08-05
8.75,120.0,0.2540472341143135,2183.644767729421,-285.4647677294208,2026-08-05
9.0,135.0,0.2540472341143135,2469.6636755474688,536.9363244525312,2026-08-05
9.25,150.0,0.2540472341143135,2752.909298077569,1120.090701922431,2026-08-05
9.5,165.0,0.2540472341143135,2989.371438092205,940.6285619077948,2026-08-05
9.75,180.0,0.2540472341143135,3252.864703507058,-126.654703507058,2026-08-05
10.0,195.0,0.2540472341143135,3542.5246683852074,-327.1246683852073,2026-08-05
10.25,210.0,0.2540472341143135,3821.3382010776863,-1035.5382010776862,2026-08-05
10.5,225.0,0.2540472341143135,4038.2764195628974,-554.0764195628976,2026-08-05
10.75,240.0,0.2540472341143135,4198.113485000518,-37.11348500051827,2026-08-05
11.0,255.0,0.2540472341143135,4360.891032426465,-121.89103242646524,2026-08-05
11.25,270.0,0.2540472341143135,4505.0932884213225,1086.306711578677,2026-08-05
11.5,285.0,0.2540472341143135,4614.285982406869,2528.714017593131,2026-08-05
11.75,300.0,0.2540472341143135,4685.744873507933,3104.6551264920663,2026-08-05
12.0,315.0,0.2540472341143135,4730.676946521673,7421.123053478326,2026-08-05
12.25,330.0,0.2540472341143135,4682.740549787712,5544.859450212289,2026-08-05
12.5,345.0,0.2540472341143135,4483.20452805936,4702.195471940639,2026-08-05
12.75,360.0,0.2540472341143135,4295.960223060101,7302.639776939899,2026-08-05
13.0,375.0,0.2540472341143135,4155.063802636903,8476.136197363097,2026-08-05
13.25,390.0,0.2540472341143135,4069.794784742535,7944.005215257464,2026-08-05
13.5,405.0,0.2540472341143135,3962.3002509850767,7106.499749014923,2026-08-05
13.75,420.0,0.2540472341143135,3845.158326880948,8345.641673119051,2026-08-05
14.0,435.0,0.2540472341143135,3722.45426737996,6906.545732620039,2026-08-05
14.25,450.0,0.2540472341143135,3628.6208678676926,7300.979132132308,2026-08-05
14.5,465.0,0.2540472341143135,3495.6472635567934,4779.552736443207,2026-08-05
14.75,480.0,0.2540472341143135,3336.7944072082337,4226.415592791766,2026-08-05
15.0,495.0,0.2540472341143135,3155.4919580754336,7007.308041924565,2026-08-05
15.25,510.0,0.2540472341143135,2962.2957314017167,4355.304268598284,2026-08-05
15.5,525.0,0.2540472341143135,2729.1000533906063,3116.0999466093936,2026-08-05
15.75,540.0,0.2540472341143135,2528.912323333632,744.6876766663681,2026-08-05
16.0,555.0,0.2540472341143135,2326.530413689314,1213.4695863106858,2026-08-05
16.25,570.0,0.2540472341143135,2107.482122599401,243.31787740059917,2026-08-05
16.5,585.0,0.2540472341143135,1861.272664271649,492.2273357283509,2026-08-05
16.75,600.0,0.2540472341143135,1606.0981106513814,756.4018893486186,2026-08-05
17.0,615.0,0.2540472341143135,1345.2264817751195,181.17351822488058,2026-08-05
17.25,630.0,0.2540472341143135,1088.0510434408568,-446.6510434408568,2026-08-05
17.5,645.0,0.2540472341143135,836.5912406433974,-547.3912406433974,2026-08-05
17.75,660.0,0.2540472341143135,608.5804579018076,-106.51045790180757,2026-08-05
18.0,675.0,0.2540472341143135,358.0706625880186,314.52933741198143,2026-08-05
18.25,690.0,0.2540472341143135,134.3636538899548,350.4363461100452,2026-08-05
18.5,705.0,0.2540472341143135,17.00252072045761,225.39747927954238,2026-08-05
18.75,720.0,0.2540472341143135,0.0,64.0,2026-08-05
19.0,735.0,0.2540472341143135,0.0,0.0,2026-08-05
8.5,15.0,0.18877959112320142,1492.6473187033932,-96.4473187033932,2026-08-05
8.75,30.0,0.18877959112320142,1743.525387181524,154.65461281847615,2026-08-05
9.0,45.0,0.18877959112320142,1991.4962544222255,1015.1037455777744,2026-08-05
9.25,60.0,0.18877959112320142,2236.988495886461,1636.011504113539,2026-08-05
9.5,75.0,0.18877959112320142,2465.8328797747577,1464.1671202252423,2026-08-05
9.75,90.0,0.18877959112320142,2718.403284638744,407.806715361256,2026-08-05
10.0,105.0,0.18877959112320142,2990.2766613309977,225.12333866900235,2026-08-05
10.25,120.0,0.18877959112320142,3233.3792835106656,-447.5792835106654,2026-08-05
10.5,135.0,0.18877959112320142,3419.0033977735293,65.19660222647053,2026-08-05
10.75,150.0,0.18877959112320142,3583.663409171342,577.3365908286578,2026-08-05
11.0,165.0,0.18877959112320142,3736.304835206012,502.69516479398817,2026-08-05
11.25,180.0,0.18877959112320142,3845.3658015549554,1746.0341984450442,2026-08-05
11.5,195.0,0.18877959112320142,3918.118839038096,3224.881160961904,2026-08-05
11.75,210.0,0.18877959112320142,3979.81314108976,3810.5868589102397,2026-08-05
12.0,225.0,0.18877959112320142,4032.3901133019904,8119.409886698009,2026-08-05
12.25,240.0,0.18877959112320142,4013.53535966294,6214.06464033706,2026-08-05
12.5,255.0,0.18877959112320142,3793.467576576144,5391.932423423856,2026-08-05
12.75,270.0,0.18877959112320142,3653.912488555603,7944.687511444397,2026-08-05
13.0,285.0,0.18877959112320142,3569.850146982861,9061.34985301714,2026-08-05
13.25,300.0,0.18877959112320142,3478.736041565089,8535.06395843491,2026-08-05
13.5,315.0,0.18877959112320142,3353.0558326159457,7715.744167384053,2026-08-05
13.75,330.0,0.18877959112320142,3241.2505951530607,8949.549404846939,2026-08-05
14.0,345.0,0.18877959112320142,3121.681193164716,7507.318806835284,2026-08-05
14.25,360.0,0.18877959112320142,3008.0564027045007,7921.5435972955,2026-08-05
14.5,375.0,0.18877959112320142,2914.641601415973,5360.558398584028,2026-08-05
14.75,390.0,0.18877959112320142,2801.0434307074725,4762.166569292527,2026-08-05
15.0,405.0,0.18877959112320142,2669.7047430262865,7493.095256973713,2026-08-05
15.25,420.0,0.18877959112320142,2521.1568702240534,4796.443129775947,2026-08-05
15.5,435.0,0.18877959112320142,2349.9308254460734,3495.2691745539264,2026-08-05
15.75,450.0,0.18877959112320142,2195.7891793646445,1077.8108206353554,2026-08-05
16.0,465.0,0.18877959112320142,2042.281571655036,1497.718428344964,2026-08-05
16.25,480.0,0.18877959112320142,1849.58292519419,501.21707480581017,2026-08-05
16.5,495.0,0.18877959112320142,1628.2648487891524,725.2351512108476,2026-08-05
16.75,510.0,0.18877959112320142,1421.9647922178744,940.5352077821256,2026-08-05
17.0,525.0,0.18877959112320142,1208.6473529374755,317.7526470625246,2026-08-05
17.25,540.0,0.18877959112320142,982.3832065629322,-340.9832065629322,2026-08-05
17.5,555.0,0.18877959112320142,757.817501221584,-468.61750122158406,2026-08-05
17.75,570.0,0.18877959112320142,557.2627848933146,-55.19278489331458,2026-08-05
18.0,585.0,0.18877959112320142,330.35600468400395,342.2439953159961,2026-08-05
18.25,600.0,0.18877959112320142,123.3659880070412,361.4340119929588,2026-08-05
18.5,615.0,0.18877959112320142,15.117583064849796,227.2824169351502,2026-08-05
18.75,630.0,0.18877959112320142,0.0,64.0,2026-08-05
19.0,645.0,0.18877959112320142,0.0,0.0,2026-08-05
10.0,15.0,0.3615182711690341,4037.054978262025,-821.654978262025,2026-08-05
10.25,30.0,0.3615182711690341,4344.37305347737,-1558.5730534773702,2026-08-05
10.5,45.0,0.3615182711690341,4593.553525967112,-1109.3535259671125,2026-08-05
10.75,60.0,0.3615182711690341,4795.504550041118,-634.5045500411179,2026-08-05
11.0,75.0,0.3615182711690341,4979.759246225576,-740.7592462255761,2026-08-05
11.25,90.0,0.3615182711690341,5131.624732863376,459.77526713662337,2026-08-05
11.5,105.0,0.3615182711690341,5259.794658008395,1883.2053419916047,2026-08-05
11.75,120.0,0.3615182711690341,5364.832497337319,2425.5675026626805,2026-08-05
12.0,135.0,0.3615182711690341,5420.594531076554,6731.205468923446,2026-08-05
12.25,150.0,0.3615182711690341,5383.406304245899,4844.193695754101,2026-08-05
12.5,165.0,0.3615182711690341,5214.532392104281,3970.8676078957187,2026-08-05
12.75,180.0,0.3615182711690341,5052.274828949671,6546.325171050329,2026-08-05
13.0,195.0,0.3615182711690341,4921.833905041421,7709.36609495858,2026-08-05
13.25,210.0,0.3615182711690341,4792.476444037496,7221.323555962504,2026-08-05
13.5,225.0,0.3615182711690341,4644.2191035347705,6424.580896465229,2026-08-05
13.75,240.0,0.3615182711690341,4507.728392806131,7683.071607193869,2026-08-05
14.0,255.0,0.3615182711690341,4359.75698846255,6269.24301153745,2026-08-05
14.25,270.0,0.3615182711690341,4218.669887996069,6710.930112003932,2026-08-05
14.5,285.0,0.3615182711690341,4068.04451412891,4207.155485871091,2026-08-05
14.75,300.0,0.3615182711690341,3886.3974667635016,3676.8125332364984,2026-08-05
15.0,315.0,0.3615182711690341,3687.324497600286,6475.475502399713,2026-08-05
15.25,330.0,0.3615182711690341,3481.206533947426,3836.3934660525742,2026-08-05
15.5,345.0,0.3615182711690341,3220.072685402514,2625.127314597486,2026-08-05
15.75,360.0,0.3615182711690341,2959.201182043336,314.39881795666406,2026-08-05
16.0,375.0,0.3615182711690341,2715.2245535611364,824.7754464388636,2026-08-05
16.25,390.0,0.3615182711690341,2452.540184149005,-101.74018414900502,2026-08-05
16.5,405.0,0.3615182711690341,2152.939878251563,200.5601217484368,2026-08-05
16.75,420.0,0.3615182711690341,1856.654666165443,505.8453338345571,2026-08-05
17.0,435.0,0.3615182711690341,1556.6343448878442,-30.234344887844145,2026-08-05
17.25,450.0,0.3615182711690341,1251.3384653824642,-609.9384653824642,2026-08-05
17.5,465.0,0.3615182711690341,956.4483675429608,-667.2483675429608,2026-08-05
17.75,480.0,0.3615182711690341,687.6174252332967,-185.54742523329668,2026-08-05
18.0,495.0,0.3615182711690341,401.3902717913599,271.2097282086401,2026-08-05
18.25,510.0,0.3615182711690341,150.62287617928132,334.1771238207187,2026-08-05
18.5,525.0,0.3615182711690341,19.41640228278816,222.98359771721184,2026-08-05
18.75,540.0,0.3615182711690341,0.0,64.0,2026-08-05
19.0,555.0,0.3615182711690341,0.0,0.0,2026-08-05
11.5,15.0,0.3413191521571064,5004.294101280117,2138.7058987198834,2026-08-05
11.75,30.0,0.3413191521571064,5111.606338374682,2678.7936616253173,2026-08-05
12.0,45.0,0.3413191521571064,5203.430319826029,6948.369680173971,2026-08-05
12.25,60.0,0.3413191521571064,5209.188664437649,5018.411335562351,2026-08-05
12.5,75.0,0.3413191521571064,5103.031876865681,4082.368123134319,2026-08-05
12.75,90.0,0.3413191521571064,4984.551873809835,6614.048126190165,2026-08-05
13.0,105.0,0.3413191521571064,4860.730898231517,7770.469101768484,2026-08-05
13.25,120.0,0.3413191521571064,4737.22332263803,7276.576677361969,2026-08-05
13.5,135.0,0.3413191521571064,4590.3008471756975,6478.499152824302,2026-08-05
13.75,150.0,0.3413191521571064,4438.9075102085535,7751.892489791446,2026-08-05
14.0,165.0,0.3413191521571064,4291.942900474699,6337.057099525301,2026-08-05
14.25,180.0,0.3413191521571064,4159.840224769387,6769.759775230614,2026-08-05
14.5,195.0,0.3413191521571064,3998.833504432251,4276.36649556775,2026-08-05
14.75,210.0,0.3413191521571064,3810.344707823685,3752.865292176315,2026-08-05
15.0,225.0,0.3413191521571064,3625.735713741923,6537.064286258076,2026-08-05
15.25,240.0,0.3413191521571064,3434.864066457368,3882.735933542632,2026-08-05
15.5,255.0,0.3413191521571064,3180.5906255487944,2664.6093744512054,2026-08-05
15.75,270.0,0.3413191521571064,2931.323798756769,342.27620124323084,2026-08-05
16.0,285.0,0.3413191521571064,2681.0727253205982,858.9272746794018,2026-08-05
16.25,300.0,0.3413191521571064,2404.5936896379744,-53.79368963797424,2026-08-05
16.5,315.0,0.3413191521571064,2108.7045766317688,244.79542336823124,2026-08-05
16.75,330.0,0.3413191521571064,1816.0424396753608,546.4575603246392,2026-08-05
17.0,345.0,0.3413191521571064,1524.6161958726968,1.7838041273032559,2026-08-05
17.25,360.0,0.3413191521571064,1226.685617281923,-585.285617281923,2026-08-05
17.5,375.0,0.3413191521571064,941.3392670593896,-652.1392670593896,2026-08-05
17.75,390.0,0.3413191521571064,680.0456425639586,-177.97564256395862,2026-08-05
18.0,405.0,0.3413191521571064,398.4559087168562,274.14409128314384,2026-08-05
18.25,420.0,0.3413191521571064,149.55641170521932,335.2435882947807,2026-08-05
18.5,435.0,0.3413191521571064,19.328783095811623,223.0712169041884,2026-08-05
18.75,450.0,0.3413191521571064,0.0,64.0,2026-08-05
19.0,465.0,0.3413191521571064,0.0,0.0,2026-08-05
13.0,15.0,0.8434479157237897,9667.672751050291,2963.5272489497092,2026-08-05
13.25,30.0,0.8434479157237897,9487.807961857969,2525.9920381420307,2026-08-05
13.5,45.0,0.8434479157237897,9241.73700197955,1827.0629980204485,2026-08-05
13.75,60.0,0.8434479157237897,8966.392749228966,3224.4072507710334,2026-08-05
14.0,75.0,0.8434479157237897,8687.683291020594,1941.316708979406,2026-08-05
14.25,90.0,0.8434479157237897,8407.31227746373,2522.28772253627,2026-08-05
14.5,105.0,0.8434479157237897,8089.021512746975,186.1784872530261,2026-08-05
14.75,120.0,0.8434479157237897,7703.318787716766,-140.10878771676562,2026-08-05
15.0,135.0,0.8434479157237897,7300.40658772377,2862.3934122762294,2026-08-05
15.25,150.0,0.8434479157237897,6866.571813454862,451.02818654513794,2026-08-05
15.5,165.0,0.8434479157237897,6380.220888553244,-535.0208885532438,2026-08-05
15.75,180.0,0.8434479157237897,5859.064144694921,-2585.4641446949213,2026-08-05
16.0,195.0,0.8434479157237897,5341.070017500618,-1801.0700175006177,2026-08-05
16.25,210.0,0.8434479157237897,4781.347530349505,-2430.547530349505,2026-08-05
16.5,225.0,0.8434479157237897,4182.485623428867,-1828.9856234288673,2026-08-05
16.75,240.0,0.8434479157237897,3569.756780070849,-1207.256780070849,2026-08-05
17.0,255.0,0.8434479157237897,2963.6505035426558,-1437.2505035426557,2026-08-05
17.25,270.0,0.8434479157237897,2357.68352961288,-1716.28352961288,2026-08-05
17.5,285.0,0.8434479157237897,1769.5071914985429,-1480.3071914985428,2026-08-05
17.75,300.0,0.8434479157237897,1165.6270185783749,-663.5570185783749,2026-08-05
18.0,315.0,0.8434479157237897,637.4144982049489,35.185501795051096,2026-08-05
18.25,330.0,0.8434479157237897,239.9553482675706,244.8446517324294,2026-08-05
18.5,345.0,0.8434479157237897,32.31250943860951,210.0874905613905,2026-08-05
18.75,360.0,0.8434479157237897,0.0,64.0,2026-08-05
19.0,375.0,0.8434479157237897,0.0,0.0,2026-08-05
14.5,15.0,1.072090304040793,10006.188150527298,-1730.988150527297,2026-08-05
14.75,30.0,1.072090304040793,9500.157552989376,-1936.9475529893762,2026-08-05
15.0,45.0,1.072090304040793,8955.487627448732,1207.312372551267,2026-08-05
15.25,60.0,1.072090304040793,8364.72401082987,-1047.1240108298698,2026-08-05
15.5,75.0,1.072090304040793,7714.584957428242,-1869.3849574282422,2026-08-05
15.75,90.0,1.072090304040793,7053.652757902154,-3780.052757902154,2026-08-05
16.0,105.0,1.072090304040793,6389.494181583857,-2849.4941815838574,2026-08-05
16.25,120.0,1.072090304040793,5690.533732540198,-3339.7337325401977,2026-08-05
16.5,135.0,1.072090304040793,4960.810969587471,-2607.310969587471,2026-08-05
16.75,150.0,1.072090304040793,4209.605986691312,-1847.105986691312,2026-08-05
17.0,165.0,1.072090304040793,3474.942841387642,-1948.542841387642,2026-08-05
17.25,180.0,1.072090304040793,2753.2323270586617,-2111.8323270586616,2026-08-05
17.5,195.0,1.072090304040793,2058.1450862113797,-1768.9450862113797,2026-08-05
17.75,210.0,1.072090304040793,1357.8232337573295,-855.7532337573296,2026-08-05
18.0,225.0,1.072090304040793,743.5128492249328,-70.91284922493276,2026-08-05
18.25,240.0,1.072090304040793,280.914667494219,203.88533250578104,2026-08-05
18.5,255.0,1.072090304040793,38.26017798854105,204.13982201145896,2026-08-05
18.75,270.0,1.072090304040793,0.0,64.0,2026-08-05
19.0,285.0,1.072090304040793,0.0,0.0,2026-08-05
16.0,15.0,0.8179923957148515,4929.236410369046,-1389.236410369046,2026-08-05
16.25,30.0,0.8179923957148515,4447.136227773743,-2096.3362277737424,2026-08-05
16.5,45.0,0.8179923957148515,3927.5612214120974,-1574.0612214120974,2026-08-05
16.75,60.0,0.8179923957148515,3362.2456211305057,-999.7456211305057,2026-08-05
17.0,75.0,0.8179923957148515,2794.3527142506023,-1267.9527142506022,2026-08-05
17.25,90.0,0.8179923957148515,2234.359175874151,-1592.9591758741508,2026-08-05
17.5,105.0,0.8179923957148515,1685.2453052554383,-1396.0453052554383,2026-08-05
17.75,120.0,0.8179923957148515,1115.0297984114493,-612.9597984114494,2026-08-05
18.0,135.0,0.8179923957148515,611.3884581964276,61.21154180357246,2026-08-05
18.25,150.0,0.8179923957148515,229.17622608208623,255.62377391791378,2026-08-05
18.5,165.0,0.8179923957148515,30.518557242816648,211.88144275718335,2026-08-05
18.75,180.0,0.8179923957148515,0.0,64.0,2026-08-05
19.0,195.0,0.8179923957148515,0.0,0.0,2026-08-05
17.5,15.0,0.37355213306985446,996.842676879007,-707.642676879007,2026-08-05
17.75,30.0,0.37355213306985446,665.1071992807396,-163.03719928073957,2026-08-05
18.0,45.0,0.37355213306985446,367.4581873400956,305.1418126599044,2026-08-05
18.25,60.0,0.37355213306985446,139.98063735090523,344.8193626490948,2026-08-05
18.5,75.0,0.37355213306985446,18.372500620968896,224.0274993790311,2026-08-05
18.75,90.0,0.37355213306985446,0.0,64.0,2026-08-05
19.0,105.0,0.37355213306985446,0.0,0.0,2026-08-05
7.0,15.0,1.2,1682.5378834278283,193.0621165721716,2026-08-06
7.25,30.0,1.2,2393.2881992613466,-991.0881992613465,2026-08-06
7.5,45.0,1.2,3128.9796140573376,1353.6203859426628,2026-08-06
7.75,60.0,1.2,3927.0963561105705,-1068.0963561105705,2026-08-06
8.0,75.0,1.2,4732.271150840555,-1117.8711508405545,2026-08-06
8.25,90.0,1.2,5549.815542867415,-1749.2455428674152,2026-08-06
8.5,105.0,1.2,6341.107489688135,-2585.1074896881346,2026-08-06
8.75,120.0,1.2,7166.992288750244,-2620.7922887502446,2026-08-06
9.0,135.0,1.2,7954.245640361025,-3043.455640361025,2026-08-06
9.25,150.0,1.2,8680.532248729896,-3229.7422487298963,2026-08-06
9.5,165.0,1.2,9335.946236745283,-3082.146236745283,2026-08-06
9.75,180.0,1.2,9972.072399094446,-5164.872399094446,2026-08-06
10.0,195.0,1.2,10574.883320436042,-5756.883320436042,2026-08-06
10.25,210.0,1.2,11165.511814416452,-6349.221814416452,2026-08-06
10.5,225.0,1.2,11698.988422035804,-3902.588422035804,2026-08-06
10.75,240.0,1.2,12112.462180508855,-4793.062180508856,2026-08-06
11.0,255.0,1.2,12478.693836170049,-3638.8938361700493,2026-08-06
11.25,270.0,1.2,12813.387764115649,-1460.187764115648,2026-08-06
11.5,285.0,1.2,13066.27006932056,-2739.41006932056,2026-08-06
11.75,300.0,1.2,13263.533180095872,-5088.963180095872,2026-08-06
12.0,315.0,1.2,13453.627567953088,-5136.987567953089,2026-08-06
12.25,330.0,1.2,13517.675785305128,-8811.275785305128,2026-08-06
12.5,345.0,1.2,13391.923597691628,-3766.1235976916287,2026-08-06
12.75,360.0,1.2,13203.258419852844,-4398.258419852844,2026-08-06
13.0,375.0,1.2,12975.127499298598,-4220.697499298598,2026-08-06
13.25,390.0,1.2,12704.194583274451,-5298.394583274451,2026-08-06
13.5,405.0,1.2,12355.868847796315,-1762.2688477963147,2026-08-06
13.75,420.0,1.2,11981.772837402204,-1753.2728374022045,2026-08-06
14.0,435.0,1.2,11560.237576688476,-778.2375766884761,2026-08-06
14.25,450.0,1.2,11117.712586362635,632.0874136373641,2026-08-06
14.5,465.0,1.2,10621.45569678128,-4238.055696781281,2026-08-06
14.75,480.0,1.2,10084.36572985086,-1672.3657298508606,2026-08-06
15.0,495.0,1.2,9491.160033977489,-249.36003397748937,2026-08-06
15.25,510.0,1.2,8827.465406637059,986.1345933629418,2026-08-06
15.5,525.0,1.2,8109.337089523554,-2028.547089523554,2026-08-06
15.75,540.0,1.2,7404.110322507004,-1238.5103225070034,2026-08-06
16.0,555.0,1.2,6674.570255665524,-2491.5002556655245,2026-08-06
16.25,570.0,1.2,5932.112808257533,-2705.9128082575335,2026-08-06
16.5,585.0,1.2,5173.173875362084,-2442.963875362084,2026-08-06
16.75,600.0,1.2,4393.48752481879,-2056.48752481879,2026-08-06
17.0,615.0,1.2,3606.995297031846,-1673.7952970318458,2026-08-06
17.25,630.0,1.2,2848.663795455845,-1172.263795455845,2026-08-06
17.5,645.0,1.2,2117.169045604927,-802.5690456049269,2026-08-06
17.75,660.0,1.2,1396.8451516288117,-354.6451516288116,2026-08-06
18.0,675.0,1.2,761.7303814132797,96.86961858672032,2026-08-06
18.25,690.0,1.2,282.8143779041621,165.98562209583793,2026-08-06
18.5,705.0,1.2,35.74994824275448,56.820051757245515,2026-08-06
18.75,720.0,1.2,0.0,25.5,2026-08-06
19.0,735.0,1.2,0.0,0.0,2026-08-06
8.5,15.0,0.8686001773616489,4941.764734443687,-1185.7647344436873,2026-08-06
8.75,30.0,0.8686001773616489,5627.148110236694,-1080.9481102366944,2026-08-06
9.0,45.0,0.8686001773616489,6283.293201754736,-1372.5032017547364,2026-08-06
9.25,60.0,0.8686001773616489,6885.412861159985,-1434.6228611599854,2026-08-06
9.5,75.0,0.8686001773616489,7412.28237478447,-1158.4823747844703,2026-08-06
9.75,90.0,0.8686001773616489,7935.446901770704,-3128.2469017707044,2026-08-06
10.0,105.0,0.8686001773616489,8432.164745650834,-3614.1647456508344,2026-08-06
10.25,120.0,0.8686001773616489,8888.132063612024,-4071.8420636120236,2026-08-06
10.5,135.0,0.8686001773616489,9307.894299670452,-1511.4942996704522,2026-08-06
10.75,150.0,0.8686001773616489,9619.894830840449,-2300.494830840449,2026-08-06
11.0,165.0,0.8686001773616489,9921.223626184576,-1081.4236261845763,2026-08-06
11.25,180.0,0.8686001773616489,10180.981000084344,1172.2189999156562,2026-08-06
11.5,195.0,0.8686001773616489,10410.291783574066,-83.43178357406578,2026-08-06
11.75,210.0,0.8686001773616489,10638.878125194298,-2464.3081251942986,2026-08-06
12.0,225.0,0.8686001773616489,10818.61651176246,-2501.976511762461,2026-08-06
12.25,240.0,0.8686001773616489,10823.545424133988,-6117.145424133989,2026-08-06
12.5,255.0,0.8686001773616489,10646.8987289065,-1021.0987289065015,2026-08-06
12.75,270.0,0.8686001773616489,10455.782062727394,-1650.782062727394,2026-08-06
13.0,285.0,0.8686001773616489,10260.439935865314,-1506.0099358653133,2026-08-06
13.25,300.0,0.8686001773616489,10019.61981551125,-2613.8198155112505,2026-08-06
13.5,315.0,0.8686001773616489,9731.922789148786,861.6772108512141,2026-08-06
13.75,330.0,0.8686001773616489,9408.733948864816,819.7660511351842,2026-08-06
14.0,345.0,0.8686001773616489,9049.1682098285,1732.8317901715,2026-08-06
14.25,360.0,0.8686001773616489,8659.047515001872,3090.7524849981273,2026-08-06
14.5,375.0,0.8686001773616489,8272.046832484839,-1888.6468324848393,2026-08-06
14.75,390.0,0.8686001773616489,7879.168115369725,532.8318846302755,2026-08-06
15.0,405.0,0.8686001773616489,7448.729381860076,1793.0706181399237,2026-08-06
15.25,420.0,0.8686001773616489,6954.951058898809,2858.6489411011917,2026-08-06
15.5,435.0,0.8686001773616489,6405.656573845538,-324.86657384553837,2026-08-06
15.75,450.0,0.8686001773616489,5844.17233899604,321.42766100396057,2026-08-06
16.0,465.0,0.8686001773616489,5275.2549929128745,-1092.1849929128748,2026-08-06
16.25,480.0,0.8686001773616489,4687.811873883155,-1461.6118738831556,2026-08-06
16.5,495.0,0.8686001773616489,4088.972019608561,-1358.7620196085609,2026-08-06
16.75,510.0,0.8686001773616489,3475.7410322245883,-1138.7410322245883,2026-08-06
17.0,525.0,0.8686001773616489,2873.7420570648305,-940.5420570648305,2026-08-06
17.25,540.0,0.8686001773616489,2282.529595428517,-606.129595428517,2026-08-06
17.5,555.0,0.8686001773616489,1710.3710514541956,-395.7710514541957,2026-08-06
17.75,570.0,0.8686001773616489,1137.2692763219777,-95.06927632197767,2026-08-06
18.0,585.0,0.8686001773616489,623.6552170747749,234.94478292522513,2026-08-06
18.25,600.0,0.8686001773616489,230.9502814884396,217.8497185115604,2026-08-06
18.5,615.0,0.8686001773616489,28.696935806358283,63.87306419364171,2026-08-06
18.75,630.0,0.8686001773616489,0.0,25.5,2026-08-06
19.0,645.0,0.8686001773616489,0.0,0.0,2026-08-06
10.0,15.0,0.5951213452423189,6330.373874018391,-1512.3738740183908,2026-08-06
10.25,30.0,0.5951213452423189,6748.488506993667,-1932.1985069936673,2026-08-06
10.5,45.0,0.5951213452423189,7125.854263370581,670.5457366294186,2026-08-06
10.75,60.0,0.5951213452423189,7416.554954143316,-97.15495414331599,2026-08-06
11.0,75.0,0.5951213452423189,7673.156270888925,1166.6437291110742,2026-08-06
11.25,90.0,0.5951213452423189,7895.78433572246,3457.4156642775406,2026-08-06
11.5,105.0,0.5951213452423189,8107.710498250653,2219.149501749348,2026-08-06
11.75,120.0,0.5951213452423189,8296.532470722716,-121.9624707227158,2026-08-06
12.0,135.0,0.5951213452423189,8480.098573885733,-163.45857388573313,2026-08-06
12.25,150.0,0.5951213452423189,8523.105592394171,-3816.7055923941716,2026-08-06
12.5,165.0,0.5951213452423189,8416.564289608024,1209.2357103919749,2026-08-06
12.75,180.0,0.5951213452423189,8291.031044134257,513.9689558657428,2026-08-06
13.0,195.0,0.5951213452423189,8155.622479443433,598.8075205565674,2026-08-06
13.25,210.0,0.5951213452423189,7972.742074085002,-566.9420740850019,2026-08-06
13.5,225.0,0.5951213452423189,7730.798988945979,2862.8010110540217,2026-08-06
13.75,240.0,0.5951213452423189,7479.002741133284,2749.497258866716,2026-08-06
14.0,255.0,0.5951213452423189,7210.030145306438,3571.9698546935624,2026-08-06
14.25,270.0,0.5951213452423189,6937.795119926165,4812.004880073834,2026-08-06
14.5,285.0,0.5951213452423189,6638.660375165481,-255.2603751654815,2026-08-06
14.75,300.0,0.5951213452423189,6288.118887821478,2123.881112178522,2026-08-06
15.0,315.0,0.5951213452423189,5924.453094919382,3317.346905080617,2026-08-06
15.25,330.0,0.5951213452423189,5531.419094417362,4282.180905582638,2026-08-06
15.5,345.0,0.5951213452423189,5079.93287869263,1000.8571213073701,2026-08-06
15.75,360.0,0.5951213452423189,4603.636908161235,1561.9630918387656,2026-08-06
16.0,375.0,0.5951213452423189,4146.228551830439,36.84144816956086,2026-08-06
16.25,390.0,0.5951213452423189,3693.9796645899146,-467.7796645899148,2026-08-06
16.5,405.0,0.5951213452423189,3225.390912656022,-495.180912656022,2026-08-06
16.75,420.0,0.5951213452423189,2754.451088892563,-417.4510888925629,2026-08-06
17.0,435.0,0.5951213452423189,2286.1882798645674,-352.9882798645674,2026-08-06
17.25,450.0,0.5951213452423189,1820.7350587940612,-144.33505879406107,2026-08-06
17.5,465.0,0.5951213452423189,1377.8652288954122,-63.26522889541229,2026-08-06
17.75,480.0,0.5951213452423189,919.3461382226964,122.85386177730368,2026-08-06
18.0,495.0,0.5951213452423189,505.853601728162,352.746398271838,2026-08-06
18.25,510.0,0.5951213452423189,188.0716307826276,260.7283692173724,2026-08-06
18.5,525.0,0.5951213452423189,23.27851845457777,69.29148154542222,2026-08-06
18.75,540.0,0.5951213452423189,0.0,25.5,2026-08-06
19.0,555.0,0.5951213452423189,0.0,0.0,2026-08-06
11.5,15.0,0.8485718991643824,10985.608053045991,-658.7480530459907,2026-08-06
11.75,30.0,0.8485718991643824,11138.131740925315,-2963.5617409253155,2026-08-06
12.0,45.0,0.8485718991643824,11265.627253234748,-2948.987253234749,2026-08-06
12.25,60.0,0.8485718991643824,11281.924084271684,-6575.524084271685,2026-08-06
12.5,75.0,0.8485718991643824,11144.632959754805,-1518.8329597548054,2026-08-06
12.75,90.0,0.8485718991643824,10961.407220514166,-2156.4072205141656,2026-08-06
13.0,105.0,0.8485718991643824,10717.318587015494,-1962.8885870154936,2026-08-06
13.25,120.0,0.8485718991643824,10437.488412089057,-3031.6884120890563,2026-08-06
13.5,135.0,0.8485718991643824,10126.881271409253,466.71872859074756,2026-08-06
13.75,150.0,0.8485718991643824,9784.134286582444,444.3657134175555,2026-08-06
14.0,165.0,0.8485718991643824,9417.028697708492,1364.9713022915075,2026-08-06
14.25,180.0,0.8485718991643824,9042.649193545429,2707.1508064545706,2026-08-06
14.5,195.0,0.8485718991643824,8651.38278710873,-2267.982787108731,2026-08-06
14.75,210.0,0.8485718991643824,8204.324353507922,207.67564649207816,2026-08-06
15.0,225.0,0.8485718991643824,7705.65318170251,1536.1468182974895,2026-08-06
15.25,240.0,0.8485718991643824,7180.010474896643,2633.589525103357,2026-08-06
15.5,255.0,0.8485718991643824,6595.861662771816,-515.0716627718157,2026-08-06
15.75,270.0,0.8485718991643824,5992.875071340329,172.7249286596716,2026-08-06
16.0,285.0,0.8485718991643824,5387.057134136299,-1203.9871341362996,2026-08-06
16.25,300.0,0.8485718991643824,4783.022489723178,-1556.8224897231785,2026-08-06
16.5,315.0,0.8485718991643824,4165.644444098717,-1435.434444098717,2026-08-06
16.75,330.0,0.8485718991643824,3542.0026283782963,-1205.0026283782963,2026-08-06
17.0,345.0,0.8485718991643824,2924.9934408105505,-991.7934408105505,2026-08-06
17.25,360.0,0.8485718991643824,2311.5487857209205,-635.1487857209204,2026-08-06
17.5,375.0,0.8485718991643824,1728.7479628193546,-414.1479628193547,2026-08-06
17.75,390.0,0.8485718991643824,1142.9884674072005,-100.78846740720041,2026-08-06
18.0,405.0,0.8485718991643824,623.129619977407,235.47038002259308,2026-08-06
18.25,420.0,0.8485718991643824,230.948476424222,217.851523575778,2026-08-06
18.5,435.0,0.8485718991643824,28.958192067814487,63.611807932185506,2026-08-06
18.75,450.0,0.8485718991643824,0.0,25.5,2026-08-06
19.0,465.0,0.8485718991643824,0.0,0.0,2026-08-06
13.0,15.0,0.6455080291012776,8874.840310436612,-120.41031043661133,2026-08-06
13.25,30.0,0.6455080291012776,8738.942541416236,-1333.1425414162359,2026-08-06
13.5,45.0,0.6455080291012776,8565.150250797986,2028.4497492020146,2026-08-06
13.75,60.0,0.6455080291012776,8305.876131235264,1922.6238687647365,2026-08-06
14.0,75.0,0.6455080291012776,8024.026754727287,2757.973245272713,2026-08-06
14.25,90.0,0.6455080291012776,7743.83224368952,4005.9677563104797,2026-08-06
14.5,105.0,0.6455080291012776,7442.681737839315,-1059.2817378393156,2026-08-06
14.75,120.0,0.6455080291012776,7070.261941689192,1341.738058310808,2026-08-06
15.0,135.0,0.6455080291012776,6679.33519293863,2562.4648070613694,2026-08-06
15.25,150.0,0.6455080291012776,6236.825511615687,3576.7744883843134,2026-08-06
15.5,165.0,0.6455080291012776,5767.137498068434,313.6525019315659,2026-08-06
15.75,180.0,0.6455080291012776,5267.43077154775,898.1692284522505,2026-08-06
16.0,195.0,0.6455080291012776,4766.77981086786,-583.7098108678601,2026-08-06
16.25,210.0,0.6455080291012776,4254.7580644602285,-1028.5580644602287,2026-08-06
16.5,225.0,0.6455080291012776,3732.7660581035457,-1002.5560581035456,2026-08-06
16.75,240.0,0.6455080291012776,3195.785777031081,-858.7857770310811,2026-08-06
17.0,255.0,0.6455080291012776,2624.797550740741,-691.5975507407409,2026-08-06
17.25,270.0,0.6455080291012776,2036.38912111965,-359.98912111965,2026-08-06
17.5,285.0,0.6455080291012776,1474.176205216277,-159.576205216277,2026-08-06
17.75,300.0,0.6455080291012776,962.0066614433464,80.19333855665366,2026-08-06
18.0,315.0,0.6455080291012776,523.8530851495615,334.74691485043854,2026-08-06
18.25,330.0,0.6455080291012776,193.7544483649416,255.04555163505842,2026-08-06
18.5,345.0,0.6455080291012776,24.06915080328198,68.50084919671801,2026-08-06
18.75,360.0,0.6455080291012776,0.0,25.5,2026-08-06
19.0,375.0,0.6455080291012776,0.0,0.0,2026-08-06
14.5,15.0,1.039207389449409,10878.551348508234,-4495.151348508234,2026-08-06
14.75,30.0,1.039207389449409,10287.651672240609,-1875.6516722406086,2026-08-06
15.0,45.0,1.039207389449409,9668.526545381985,-426.7265453819855,2026-08-06
15.25,60.0,1.039207389449409,8999.463837715093,814.1361622849072,2026-08-06
15.5,75.0,1.039207389449409,8282.296026027689,-2201.5060260276887,2026-08-06
15.75,90.0,1.039207389449409,7538.672834463704,-1373.0728344637037,2026-08-06
16.0,105.0,1.039207389449409,6788.002098995548,-2604.9320989955486,2026-08-06
16.25,120.0,1.039207389449409,6013.734160273587,-2787.534160273587,2026-08-06
16.5,135.0,1.039207389449409,5247.230236426806,-2517.020236426806,2026-08-06
16.75,150.0,1.039207389449409,4463.864773458652,-2126.864773458652,2026-08-06
17.0,165.0,1.039207389449409,3650.18026047018,-1716.9802604701802,2026-08-06
17.25,180.0,1.039207389449409,2830.905343249544,-1154.5053432495438,2026-08-06
17.5,195.0,1.039207389449409,2050.9682092846783,-736.3682092846784,2026-08-06
17.75,210.0,1.039207389449409,1338.7552987232978,-296.5552987232977,2026-08-06
18.0,225.0,1.039207389449409,727.5845175442779,131.01548245572212,2026-08-06
18.25,240.0,1.039207389449409,269.6018957956901,179.1981042043099,2026-08-06
18.5,255.0,1.039207389449409,34.140727983922616,58.42927201607738,2026-08-06
18.75,270.0,1.039207389449409,0.0,25.5,2026-08-06
19.0,285.0,1.039207389449409,0.0,0.0,2026-08-06
16.0,15.0,0.9725074946856671,6369.656396248111,-2186.5863962481117,2026-08-06
16.25,30.0,0.9725074946856671,5646.586467657965,-2420.386467657965,2026-08-06
16.5,45.0,0.9725074946856671,4921.577302313276,-2191.367302313276,2026-08-06
16.75,60.0,0.9725074946856671,4181.97902759739,-1844.97902759739,2026-08-06
17.0,75.0,0.9725074946856671,3417.422265811311,-1484.2222658113108,2026-08-06
17.25,90.0,0.9725074946856671,2653.2884504651465,-976.8884504651464,2026-08-06
17.5,105.0,0.9725074946856671,1918.15590175965,-603.5559017596502,2026-08-06
17.75,120.0,0.9725074946856671,1251.958728618428,-209.758728618428,2026-08-06
18.0,135.0,0.9725074946856671,680.7692498531688,177.83075014683118,2026-08-06
18.25,150.0,0.9725074946856671,251.98542591008817,196.81457408991184,2026-08-06
18.5,165.0,0.9725074946856671,31.75956886467173,60.81043113532826,2026-08-06
18.75,180.0,0.9725074946856671,0.0,25.5,2026-08-06
19.0,195.0,0.9725074946856671,0.0,0.0,2026-08-06
17.5,15.0,0.50932975866098,1284.3770322682722,30.22296773172775,2026-08-06
17.75,30.0,0.50932975866098,842.4229484264283,199.77705157357173,2026-08-06
18.0,45.0,0.50932975866098,460.91168315932606,397.68831684067396,2026-08-06
18.25,60.0,0.50932975866098,171.45206764076866,277.3479323592313,2026-08-06
18.5,75.0,0.50932975866098,21.20824868215021,71.36175131784978,2026-08-06
18.75,90.0,0.50932975866098,0.0,25.5,2026-08-06
19.0,105.0,0.50932975866098,0.0,0.0,2026-08-06
