sat_frames_used,sat_brightness_mean,sat_brightness_std,sat_contrast,sat_clear_pct,sat_thin_cloud_pct,sat_thick_cloud_pct,sat_entropy,sat_north_cloud_pct,sat_south_cloud_pct,sat_west_cloud_pct,sat_east_cloud_pct,sat_cloud_trend_pct,sat_flow_divergence,sat_flow_vorticity,sat_flow_kinetic_energy,clip,captured_at,target_time,day,horizon_min,kt_now,solar_elevation_deg,clearsky_mw,actual_mw,target_kt
24,97.31,1.18,28.89,94.35,1.77,3.88,3.256,9.97,2.33,10.31,1.94,0.68,-2.8e-05,0.002748,0.000272,20260715T054125Z_733985759da8_SIRMOUR_satellite_2026-07-14_09-31-55_clean.mp4,2026-07-14 09:30:00+05:30,2026-07-14 09:45:00+05:30,2026-07-14,15,0.8656975245163937,50.855640997844645,2.5359643840124773,2.424343333333333,0.9559847719538812
24,97.31,1.18,28.89,94.35,1.77,3.88,3.256,9.97,2.33,10.31,1.94,0.68,-2.8e-05,0.002748,0.000272,20260715T054125Z_733985759da8_SIRMOUR_satellite_2026-07-14_09-31-55_clean.mp4,2026-07-14 09:30:00+05:30,2026-07-14 10:00:00+05:30,2026-07-14,30,0.8656975245163937,54.25549550080292,2.7053284002859717,2.1013086666666663,0.7767296075569028
24,97.31,1.18,28.89,94.35,1.77,3.88,3.256,9.97,2.33,10.31,1.94,0.68,-2.8e-05,0.002748,0.000272,20260715T054125Z_733985759da8_SIRMOUR_satellite_2026-07-14_09-31-55_clean.mp4,2026-07-14 09:30:00+05:30,2026-07-14 10:15:00+05:30,2026-07-14,45,0.8656975245163937,57.66005251331036,2.8625416176158067,2.9327433333333333,1.0245242602886582
24,97.31,1.18,28.89,94.35,1.77,3.88,3.256,9.97,2.33,10.31,1.94,0.68,-2.8e-05,0.002748,0.000272,20260715T054125Z_733985759da8_SIRMOUR_satellite_2026-07-14_09-31-55_clean.mp4,2026-07-14 09:30:00+05:30,2026-07-14 10:30:00+05:30,2026-07-14,60,0.8656975245163937,61.06771841175715,3.0065834968426084,2.771086000000001,0.9216727235116146
24,97.31,1.18,28.89,94.35,1.77,3.88,3.256,9.97,2.33,10.31,1.94,0.68,-2.8e-05,0.002748,0.000272,20260715T054125Z_733985759da8_SIRMOUR_satellite_2026-07-14_09-31-55_clean.mp4,2026-07-14 09:30:00+05:30,2026-07-14 10:45:00+05:30,2026-07-14,75,0.8656975245163937,64.47653284044397,3.136553812074523,3.1038213333333333,0.98956419028579
24,97.31,1.18,28.89,94.35,1.77,3.88,3.256,9.97,2.33,10.31,1.94,0.68,-2.8e-05,0.002748,0.000272,20260715T054125Z_733985759da8_SIRMOUR_satellite_2026-07-14_09-31-55_clean.mp4,2026-07-14 09:30:00+05:30,2026-07-14 11:00:00+05:30,2026-07-14,90,0.8656975245163937,67.88384066653248,3.2516649956615606,3.205690666666667,0.9858612959649183
24,97.31,1.18,28.89,94.35,1.77,3.88,3.256,9.97,2.33,10.31,1.94,0.68,-2.8e-05,0.002748,0.000272,20260715T054125Z_733985759da8_SIRMOUR_satellite_2026-07-14_09-31-55_clean.mp4,2026-07-14 09:30:00+05:30,2026-07-14 11:15:00+05:30,2026-07-14,105,0.8656975245163937,71.28561471558619,3.3512367236569074,2.9815513333333334,0.8896868765748756
24,97.31,1.18,28.89,94.35,1.77,3.88,3.256,9.97,2.33,10.31,1.94,0.68,-2.8e-05,0.002748,0.000272,20260715T054125Z_733985759da8_SIRMOUR_satellite_2026-07-14_09-31-55_clean.mp4,2026-07-14 09:30:00+05:30,2026-07-14 11:30:00+05:30,2026-07-14,120,0.8656975245163937,74.67489620730105,3.4346921558017076,2.794314,0.8135558801914712
24,97.31,1.18,28.89,94.35,1.77,3.88,3.256,9.97,2.33,10.31,1.94,0.68,-2.8e-05,0.002748,0.000272,20260715T054125Z_733985759da8_SIRMOUR_satellite_2026-07-14_09-31-55_clean.mp4,2026-07-14 09:30:00+05:30,2026-07-14 11:45:00+05:30,2026-07-14,135,0.8656975245163937,78.03764130989678,3.5015553911163644,3.246104666666667,0.9270464990792978
24,97.31,1.18,28.89,94.35,1.77,3.88,3.256,9.97,2.33,10.31,1.94,0.68,-2.8e-05,0.002748,0.000272,20260715T054125Z_733985759da8_SIRMOUR_satellite_2026-07-14_09-31-55_clean.mp4,2026-07-14 09:30:00+05:30,2026-07-14 12:00:00+05:30,2026-07-14,150,0.8656975245163937,81.33916812784705,3.55144974810441,3.452662666666666,0.9721840126020447
24,97.31,1.18,28.89,94.35,1.77,3.88,3.256,9.97,2.33,10.31,1.94,0.68,-2.8e-05,0.002748,0.000272,20260715T054125Z_733985759da8_SIRMOUR_satellite_2026-07-14_09-31-55_clean.mp4,2026-07-14 09:30:00+05:30,2026-07-14 12:15:00+05:30,2026-07-14,165,0.8656975245163937,84.4644808186736,3.584096825918012,2.747190666666667,0.766494545236795
24,97.31,1.18,28.89,94.35,1.77,3.88,3.256,9.97,2.33,10.31,1.94,0.68,-2.8e-05,0.002748,0.000272,20260715T054125Z_733985759da8_SIRMOUR_satellite_2026-07-14_09-31-55_clean.mp4,2026-07-14 09:30:00+05:30,2026-07-14 12:30:00+05:30,2026-07-14,180,0.8656975245163937,86.83381554984793,3.599317146238126,2.614284,0.7263277710141085
24,97.31,1.18,28.89,94.35,1.77,3.88,3.256,9.97,2.33,10.31,1.94,0.68,-2.8e-05,0.002748,0.000272,20260715T054125Z_733985759da8_SIRMOUR_satellite_2026-07-14_09-31-55_clean.mp4,2026-07-14 09:30:00+05:30,2026-07-14 12:45:00+05:30,2026-07-14,195,0.8656975245163937,86.37052836277965,3.5970327848896035,2.455029333333334,0.6825151396023991
24,97.31,1.18,28.89,94.35,1.77,3.88,3.256,9.97,2.33,10.31,1.94,0.68,-2.8e-05,0.002748,0.000272,20260715T054125Z_733985759da8_SIRMOUR_satellite_2026-07-14_09-31-55_clean.mp4,2026-07-14 09:30:00+05:30,2026-07-14 13:00:00+05:30,2026-07-14,210,0.8656975245163937,83.66867522883821,3.577253914571779,2.915417333333333,0.8149875303672225
24,97.31,1.18,28.89,94.35,1.77,3.88,3.256,9.97,2.33,10.31,1.94,0.68,-2.8e-05,0.002748,0.000272,20260715T054125Z_733985759da8_SIRMOUR_satellite_2026-07-14_09-31-55_clean.mp4,2026-07-14 09:30:00+05:30,2026-07-14 13:15:00+05:30,2026-07-14,225,0.8656975245163937,80.47397316464946,3.5400835425132438,2.6411,0.7460558397232003
24,97.31,1.18,28.89,94.35,1.77,3.88,3.256,9.97,2.33,10.31,1.94,0.68,-2.8e-05,0.002748,0.000272,20260715T054125Z_733985759da8_SIRMOUR_satellite_2026-07-14_09-31-55_clean.mp4,2026-07-14 09:30:00+05:30,2026-07-14 13:30:00+05:30,2026-07-14,240,0.8656975245163937,77.1501683251361,3.4857261108606883,2.4857326666666673,0.7131176080994198
24,97.23,1.56,29.56,94.15,1.79,4.06,3.54,9.97,2.33,10.31,1.94,0.26,-6.1e-05,0.003981,0.000348,20260715T054338Z_b16472ce346f_SIRMOUR_satellite_2026-07-14_09-55-46_clean.mp4,2026-07-14 09:45:00+05:30,2026-07-14 10:00:00+05:30,2026-07-14,15,0.8756357850320765,54.25549550080292,2.7053284002859717,2.1013086666666663,0.7767296075569028
24,97.23,1.56,29.56,94.15,1.79,4.06,3.54,9.97,2.33,10.31,1.94,0.26,-6.1e-05,0.003981,0.000348,20260715T054338Z_b16472ce346f_SIRMOUR_satellite_2026-07-14_09-55-46_clean.mp4,2026-07-14 09:45:00+05:30,2026-07-14 10:15:00+05:30,2026-07-14,30,0.8756357850320765,57.66005251331036,2.8625416176158067,2.9327433333333333,1.0245242602886582
24,97.23,1.56,29.56,94.15,1.79,4.06,3.54,9.97,2.33,10.31,1.94,0.26,-6.1e-05,0.003981,0.000348,20260715T054338Z_b16472ce346f_SIRMOUR_satellite_2026-07-14_09-55-46_clean.mp4,2026-07-14 09:45:00+05:30,2026-07-14 10:30:00+05:30,2026-07-14,45,0.8756357850320765,61.06771841175715,3.0065834968426084,2.771086000000001,0.9216727235116146
24,97.23,1.56,29.56,94.15,1.79,4.06,3.54,9.97,2.33,10.31,1.94,0.26,-6.1e-05,0.003981,0.000348,20260715T054338Z_b16472ce346f_SIRMOUR_satellite_2026-07-14_09-55-46_clean.mp4,2026-07-14 09:45:00+05:30,2026-07-14 10:45:00+05:30,2026-07-14,60,0.8756357850320765,64.47653284044397,3.136553812074523,3.1038213333333333,0.98956419028579
24,97.23,1.56,29.56,94.15,1.79,4.06,3.54,9.97,2.33,10.31,1.94,0.26,-6.1e-05,0.003981,0.000348,20260715T054338Z_b16472ce346f_SIRMOUR_satellite_2026-07-14_09-55-46_clean.mp4,2026-07-14 09:45:00+05:30,2026-07-14 11:00:00+05:30,2026-07-14,75,0.8756357850320765,67.88384066653248,3.2516649956615606,3.205690666666667,0.9858612959649183
24,97.23,1.56,29.56,94.15,1.79,4.06,3.54,9.97,2.33,10.31,1.94,0.26,-6.1e-05,0.003981,0.000348,20260715T054338Z_b16472ce346f_SIRMOUR_satellite_2026-07-14_09-55-46_clean.mp4,2026-07-14 09:45:00+05:30,2026-07-14 11:15:00+05:30,2026-07-14,90,0.8756357850320765,71.28561471558619,3.3512367236569074,2.9815513333333334,0.8896868765748756
24,97.23,1.56,29.56,94.15,1.79,4.06,3.54,9.97,2.33,10.31,1.94,0.26,-6.1e-05,0.003981,0.000348,20260715T054338Z_b16472ce346f_SIRMOUR_satellite_2026-07-14_09-55-46_clean.mp4,2026-07-14 09:45:00+05:30,2026-07-14 11:30:00+05:30,2026-07-14,105,0.8756357850320765,74.67489620730105,3.4346921558017076,2.794314,0.8135558801914712
24,97.23,1.56,29.56,94.15,1.79,4.06,3.54,9.97,2.33,10.31,1.94,0.26,-6.1e-05,0.003981,0.000348,20260715T054338Z_b16472ce346f_SIRMOUR_satellite_2026-07-14_09-55-46_clean.mp4,2026-07-14 09:45:00+05:30,2026-07-14 11:45:00+05:30,2026-07-14,120,0.8756357850320765,78.03764130989678,3.5015553911163644,3.246104666666667,0.9270464990792978
24,97.23,1.56,29.56,94.15,1.79,4.06,3.54,9.97,2.33,10.31,1.94,0.26,-6.1e-05,0.003981,0.000348,20260715T054338Z_b16472ce346f_SIRMOUR_satellite_2026-07-14_09-55-46_clean.mp4,2026-07-14 09:45:00+05:30,2026-07-14 12:00:00+05:30,2026-07-14,135,0.8756357850320765,81.33916812784705,3.55144974810441,3.452662666666666,0.9721840126020447
24,97.23,1.56,29.56,94.15,1.79,4.06,3.54,9.97,2.33,10.31,1.94,0.26,-6.1e-05,0.003981,0.000348,20260715T054338Z_b16472ce346f_SIRMOUR_satellite_2026-07-14_09-55-46_clean.mp4,2026-07-14 09:45:00+05:30,2026-07-14 12:15:00+05:30,2026-07-14,150,0.8756357850320765,84.4644808186736,3.584096825918012,2.747190666666667,0.766494545236795
24,97.23,1.56,29.56,94.15,1.79,4.06,3.54,9.97,2.33,10.31,1.94,0.26,-6.1e-05,0.003981,0.000348,20260715T054338Z_b16472ce346f_SIRMOUR_satellite_2026-07-14_09-55-46_clean.mp4,2026-07-14 09:45:00+05:30,2026-07-14 12:30:00+05:30,2026-07-14,165,0.8756357850320765,86.83381554984793,3.599317146238126,2.614284,0.7263277710141085
24,97.23,1.56,29.56,94.15,1.79,4.06,3.54,9.97,2.33,10.31,1.94,0.26,-6.1e-05,0.003981,0.000348,20260715T054338Z_b16472ce346f_SIRMOUR_satellite_2026-07-14_09-55-46_clean.mp4,2026-07-14 09:45:00+05:30,2026-07-14 12:45:00+05:30,2026-07-14,180,0.8756357850320765,86.37052836277965,3.5970327848896035,2.455029333333334,0.6825151396023991
24,97.23,1.56,29.56,94.15,1.79,4.06,3.54,9.97,2.33,10.31,1.94,0.26,-6.1e-05,0.003981,0.000348,20260715T054338Z_b16472ce346f_SIRMOUR_satellite_2026-07-14_09-55-46_clean.mp4,2026-07-14 09:45:00+05:30,2026-07-14 13:00:00+05:30,2026-07-14,195,0.8756357850320765,83.66867522883821,3.577253914571779,2.915417333333333,0.8149875303672225
24,97.23,1.56,29.56,94.15,1.79,4.06,3.54,9.97,2.33,10.31,1.94,0.26,-6.1e-05,0.003981,0.000348,20260715T054338Z_b16472ce346f_SIRMOUR_satellite_2026-07-14_09-55-46_clean.mp4,2026-07-14 09:45:00+05:30,2026-07-14 13:15:00+05:30,2026-07-14,210,0.8756357850320765,80.47397316464946,3.5400835425132438,2.6411,0.7460558397232003
24,97.23,1.56,29.56,94.15,1.79,4.06,3.54,9.97,2.33,10.31,1.94,0.26,-6.1e-05,0.003981,0.000348,20260715T054338Z_b16472ce346f_SIRMOUR_satellite_2026-07-14_09-55-46_clean.mp4,2026-07-14 09:45:00+05:30,2026-07-14 13:30:00+05:30,2026-07-14,225,0.8756357850320765,77.1501683251361,3.4857261108606883,2.4857326666666673,0.7131176080994198
24,97.23,1.56,29.56,94.15,1.79,4.06,3.54,9.97,2.33,10.31,1.94,0.26,-6.1e-05,0.003981,0.000348,20260715T054338Z_b16472ce346f_SIRMOUR_satellite_2026-07-14_09-55-46_clean.mp4,2026-07-14 09:45:00+05:30,2026-07-14 13:45:00+05:30,2026-07-14,240,0.8756357850320765,73.77795677218384,3.4144845366445677,2.5030426666666665,0.7330660425618504
24,97.23,1.56,29.56,94.15,1.79,4.06,3.54,9.97,2.33,10.31,1.94,0.26,-6.1e-05,0.003981,0.000348,20260715T062103Z_1dc1fef5ba78_SIRMOUR_satellite_2026-07-14_09-55-46_clean.mp4,2026-07-14 09:45:00+05:30,2026-07-14 10:00:00+05:30,2026-07-14,15,0.8756357850320765,54.25549550080292,2.7053284002859717,2.1013086666666663,0.7767296075569028
24,97.23,1.56,29.56,94.15,1.79,4.06,3.54,9.97,2.33,10.31,1.94,0.26,-6.1e-05,0.003981,0.000348,20260715T062103Z_1dc1fef5ba78_SIRMOUR_satellite_2026-07-14_09-55-46_clean.mp4,2026-07-14 09:45:00+05:30,2026-07-14 10:15:00+05:30,2026-07-14,30,0.8756357850320765,57.66005251331036,2.8625416176158067,2.9327433333333333,1.0245242602886582
24,97.23,1.56,29.56,94.15,1.79,4.06,3.54,9.97,2.33,10.31,1.94,0.26,-6.1e-05,0.003981,0.000348,20260715T062103Z_1dc1fef5ba78_SIRMOUR_satellite_2026-07-14_09-55-46_clean.mp4,2026-07-14 09:45:00+05:30,2026-07-14 10:30:00+05:30,2026-07-14,45,0.8756357850320765,61.06771841175715,3.0065834968426084,2.771086000000001,0.9216727235116146
24,97.23,1.56,29.56,94.15,1.79,4.06,3.54,9.97,2.33,10.31,1.94,0.26,-6.1e-05,0.003981,0.000348,20260715T062103Z_1dc1fef5ba78_SIRMOUR_satellite_2026-07-14_09-55-46_clean.mp4,2026-07-14 09:45:00+05:30,2026-07-14 10:45:00+05:30,2026-07-14,60,0.8756357850320765,64.47653284044397,3.136553812074523,3.1038213333333333,0.98956419028579
24,97.23,1.56,29.56,94.15,1.79,4.06,3.54,9.97,2.33,10.31,1.94,0.26,-6.1e-05,0.003981,0.000348,20260715T062103Z_1dc1fef5ba78_SIRMOUR_satellite_2026-07-14_09-55-46_clean.mp4,2026-07-14 09:45:00+05:30,2026-07-14 11:00:00+05:30,2026-07-14,75,0.8756357850320765,67.88384066653248,3.2516649956615606,3.205690666666667,0.9858612959649183
24,97.23,1.56,29.56,94.15,1.79,4.06,3.54,9.97,2.33,10.31,1.94,0.26,-6.1e-05,0.003981,0.000348,20260715T062103Z_1dc1fef5ba78_SIRMOUR_satellite_2026-07-14_09-55-46_clean.mp4,2026-07-14 09:45:00+05:30,2026-07-14 11:15:00+05:30,2026-07-14,90,0.8756357850320765,71.28561471558619,3.3512367236569074,2.9815513333333334,0.8896868765748756
24,97.23,1.56,29.56,94.15,1.79,4.06,3.54,9.97,2.33,10.31,1.94,0.26,-6.1e-05,0.003981,0.000348,20260715T062103Z_1dc1fef5ba78_SIRMOUR_satellite_2026-07-14_09-55-46_clean.mp4,2026-07-14 09:45:00+05:30,2026-07-14 11:30:00+05:30,2026-07-14,105,0.8756357850320765,74.67489620730105,3.4346921558017076,2.794314,0.8135558801914712
24,97.23,1.56,29.56,94.15,1.79,4.06,3.54,9.97,2.33,10.31,1.94,0.26,-6.1e-05,0.003981,0.000348,20260715T062103Z_1dc1fef5ba78_SIRMOUR_satellite_2026-07-14_09-55-46_clean.mp4,2026-07-14 09:45:00+05:30,2026-07-14 11:45:00+05:30,2026-07-14,120,0.8756357850320765,78.03764130989678,3.5015553911163644,3.246104666666667,0.9270464990792978
24,97.23,1.56,29.56,94.15,1.79,4.06,3.54,9.97,2.33,10.31,1.94,0.26,-6.1e-05,0.003981,0.000348,20260715T062103Z_1dc1fef5ba78_SIRMOUR_satellite_2026-07-14_09-55-46_clean.mp4,2026-07-14 09:45:00+05:30,2026-07-14 12:00:00+05:30,2026-07-14,135,0.8756357850320765,81.33916812784705,3.55144974810441,3.452662666666666,0.9721840126020447
24,97.23,1.56,29.56,94.15,1.79,4.06,3.54,9.97,2.33,10.31,1.94,0.26,-6.1e-05,0.003981,0.000348,20260715T062103Z_1dc1fef5ba78_SIRMOUR_satellite_2026-07-14_09-55-46_clean.mp4,2026-07-14 09:45:00+05:30,2026-07-14 12:15:00+05:30,2026-07-14,150,0.8756357850320765,84.4644808186736,3.584096825918012,2.747190666666667,0.766494545236795
24,97.23,1.56,29.56,94.15,1.79,4.06,3.54,9.97,2.33,10.31,1.94,0.26,-6.1e-05,0.003981,0.000348,20260715T062103Z_1dc1fef5ba78_SIRMOUR_satellite_2026-07-14_09-55-46_clean.mp4,2026-07-14 09:45:00+05:30,2026-07-14 12:30:00+05:30,2026-07-14,165,0.8756357850320765,86.83381554984793,3.599317146238126,2.614284,0.7263277710141085
24,97.23,1.56,29.56,94.15,1.79,4.06,3.54,9.97,2.33,10.31,1.94,0.26,-6.1e-05,0.003981,0.000348,20260715T062103Z_1dc1fef5ba78_SIRMOUR_satellite_2026-07-14_09-55-46_clean.mp4,2026-07-14 09:45:00+05:30,2026-07-14 12:45:00+05:30,2026-07-14,180,0.8756357850320765,86.37052836277965,3.5970327848896035,2.455029333333334,0.6825151396023991
24,97.23,1.56,29.56,94.15,1.79,4.06,3.54,9.97,2.33,10.31,1.94,0.26,-6.1e-05,0.003981,0.000348,20260715T062103Z_1dc1fef5ba78_SIRMOUR_satellite_2026-07-14_09-55-46_clean.mp4,2026-07-14 09:45:00+05:30,2026-07-14 13:00:00+05:30,2026-07-14,195,0.8756357850320765,83.66867522883821,3.577253914571779,2.915417333333333,0.8149875303672225
24,97.23,1.56,29.56,94.15,1.79,4.06,3.54,9.97,2.33,10.31,1.94,0.26,-6.1e-05,0.003981,0.000348,20260715T062103Z_1dc1fef5ba78_SIRMOUR_satellite_2026-07-14_09-55-46_clean.mp4,2026-07-14 09:45:00+05:30,2026-07-14 13:15:00+05:30,2026-07-14,210,0.8756357850320765,80.47397316464946,3.5400835425132438,2.6411,0.7460558397232003
24,97.23,1.56,29.56,94.15,1.79,4.06,3.54,9.97,2.33,10.31,1.94,0.26,-6.1e-05,0.003981,0.000348,20260715T062103Z_1dc1fef5ba78_SIRMOUR_satellite_2026-07-14_09-55-46_clean.mp4,2026-07-14 09:45:00+05:30,2026-07-14 13:30:00+05:30,2026-07-14,225,0.8756357850320765,77.1501683251361,3.4857261108606883,2.4857326666666673,0.7131176080994198
24,97.23,1.56,29.56,94.15,1.79,4.06,3.54,9.97,2.33,10.31,1.94,0.26,-6.1e-05,0.003981,0.000348,20260715T062103Z_1dc1fef5ba78_SIRMOUR_satellite_2026-07-14_09-55-46_clean.mp4,2026-07-14 09:45:00+05:30,2026-07-14 13:45:00+05:30,2026-07-14,240,0.8756357850320765,73.77795677218384,3.4144845366445677,2.5030426666666665,0.7330660425618504
24,90.28,2.4,30.55,94.27,1.73,3.99,3.399,9.81,2.33,10.15,1.94,0.46,-3.4e-05,0.003575,0.000343,20260715T054357Z_65b4364d0f47_SIRMOUR_satellite_2026-07-14_10-20-34_clean.mp4,2026-07-14 10:15:00+05:30,2026-07-14 10:30:00+05:30,2026-07-14,15,0.9149782900418956,61.06771841175715,3.0065834968426084,2.771086000000001,0.9216727235116146
24,90.28,2.4,30.55,94.27,1.73,3.99,3.399,9.81,2.33,10.15,1.94,0.46,-3.4e-05,0.003575,0.000343,20260715T054357Z_65b4364d0f47_SIRMOUR_satellite_2026-07-14_10-20-34_clean.mp4,2026-07-14 10:15:00+05:30,2026-07-14 10:45:00+05:30,2026-07-14,30,0.9149782900418956,64.47653284044397,3.136553812074523,3.1038213333333333,0.98956419028579
24,90.28,2.4,30.55,94.27,1.73,3.99,3.399,9.81,2.33,10.15,1.94,0.46,-3.4e-05,0.003575,0.000343,20260715T054357Z_65b4364d0f47_SIRMOUR_satellite_2026-07-14_10-20-34_clean.mp4,2026-07-14 10:15:00+05:30,2026-07-14 11:00:00+05:30,2026-07-14,45,0.9149782900418956,67.88384066653248,3.2516649956615606,3.205690666666667,0.9858612959649183
24,90.28,2.4,30.55,94.27,1.73,3.99,3.399,9.81,2.33,10.15,1.94,0.46,-3.4e-05,0.003575,0.000343,20260715T054357Z_65b4364d0f47_SIRMOUR_satellite_2026-07-14_10-20-34_clean.mp4,2026-07-14 10:15:00+05:30,2026-07-14 11:15:00+05:30,2026-07-14,60,0.9149782900418956,71.28561471558619,3.3512367236569074,2.9815513333333334,0.8896868765748756
24,90.28,2.4,30.55,94.27,1.73,3.99,3.399,9.81,2.33,10.15,1.94,0.46,-3.4e-05,0.003575,0.000343,20260715T054357Z_65b4364d0f47_SIRMOUR_satellite_2026-07-14_10-20-34_clean.mp4,2026-07-14 10:15:00+05:30,2026-07-14 11:30:00+05:30,2026-07-14,75,0.9149782900418956,74.67489620730105,3.4346921558017076,2.794314,0.8135558801914712
24,90.28,2.4,30.55,94.27,1.73,3.99,3.399,9.81,2.33,10.15,1.94,0.46,-3.4e-05,0.003575,0.000343,20260715T054357Z_65b4364d0f47_SIRMOUR_satellite_2026-07-14_10-20-34_clean.mp4,2026-07-14 10:15:00+05:30,2026-07-14 11:45:00+05:30,2026-07-14,90,0.9149782900418956,78.03764130989678,3.5015553911163644,3.246104666666667,0.9270464990792978
24,90.28,2.4,30.55,94.27,1.73,3.99,3.399,9.81,2.33,10.15,1.94,0.46,-3.4e-05,0.003575,0.000343,20260715T054357Z_65b4364d0f47_SIRMOUR_satellite_2026-07-14_10-20-34_clean.mp4,2026-07-14 10:15:00+05:30,2026-07-14 12:00:00+05:30,2026-07-14,105,0.9149782900418956,81.33916812784705,3.55144974810441,3.452662666666666,0.9721840126020447
24,90.28,2.4,30.55,94.27,1.73,3.99,3.399,9.81,2.33,10.15,1.94,0.46,-3.4e-05,0.003575,0.000343,20260715T054357Z_65b4364d0f47_SIRMOUR_satellite_2026-07-14_10-20-34_clean.mp4,2026-07-14 10:15:00+05:30,2026-07-14 12:15:00+05:30,2026-07-14,120,0.9149782900418956,84.4644808186736,3.584096825918012,2.747190666666667,0.766494545236795
24,90.28,2.4,30.55,94.27,1.73,3.99,3.399,9.81,2.33,10.15,1.94,0.46,-3.4e-05,0.003575,0.000343,20260715T054357Z_65b4364d0f47_SIRMOUR_satellite_2026-07-14_10-20-34_clean.mp4,2026-07-14 10:15:00+05:30,2026-07-14 12:30:00+05:30,2026-07-14,135,0.9149782900418956,86.83381554984793,3.599317146238126,2.614284,0.7263277710141085
24,90.28,2.4,30.55,94.27,1.73,3.99,3.399,9.81,2.33,10.15,1.94,0.46,-3.4e-05,0.003575,0.000343,20260715T054357Z_65b4364d0f47_SIRMOUR_satellite_2026-07-14_10-20-34_clean.mp4,2026-07-14 10:15:00+05:30,2026-07-14 12:45:00+05:30,2026-07-14,150,0.9149782900418956,86.37052836277965,3.5970327848896035,2.455029333333334,0.6825151396023991
24,90.28,2.4,30.55,94.27,1.73,3.99,3.399,9.81,2.33,10.15,1.94,0.46,-3.4e-05,0.003575,0.000343,20260715T054357Z_65b4364d0f47_SIRMOUR_satellite_2026-07-14_10-20-34_clean.mp4,2026-07-14 10:15:00+05:30,2026-07-14 13:00:00+05:30,2026-07-14,165,0.9149782900418956,83.66867522883821,3.577253914571779,2.915417333333333,0.8149875303672225
24,90.28,2.4,30.55,94.27,1.73,3.99,3.399,9.81,2.33,10.15,1.94,0.46,-3.4e-05,0.003575,0.000343,20260715T054357Z_65b4364d0f47_SIRMOUR_satellite_2026-07-14_10-20-34_clean.mp4,2026-07-14 10:15:00+05:30,2026-07-14 13:15:00+05:30,2026-07-14,180,0.9149782900418956,80.47397316464946,3.5400835425132438,2.6411,0.7460558397232003
24,90.28,2.4,30.55,94.27,1.73,3.99,3.399,9.81,2.33,10.15,1.94,0.46,-3.4e-05,0.003575,0.000343,20260715T054357Z_65b4364d0f47_SIRMOUR_satellite_2026-07-14_10-20-34_clean.mp4,2026-07-14 10:15:00+05:30,2026-07-14 13:30:00+05:30,2026-07-14,195,0.9149782900418956,77.1501683251361,3.4857261108606883,2.4857326666666673,0.7131176080994198
24,90.28,2.4,30.55,94.27,1.73,3.99,3.399,9.81,2.33,10.15,1.94,0.46,-3.4e-05,0.003575,0.000343,20260715T054357Z_65b4364d0f47_SIRMOUR_satellite_2026-07-14_10-20-34_clean.mp4,2026-07-14 10:15:00+05:30,2026-07-14 13:45:00+05:30,2026-07-14,210,0.9149782900418956,73.77795677218384,3.4144845366445677,2.5030426666666665,0.7330660425618504
24,90.28,2.4,30.55,94.27,1.73,3.99,3.399,9.81,2.33,10.15,1.94,0.46,-3.4e-05,0.003575,0.000343,20260715T054357Z_65b4364d0f47_SIRMOUR_satellite_2026-07-14_10-20-34_clean.mp4,2026-07-14 10:15:00+05:30,2026-07-14 14:00:00+05:30,2026-07-14,225,0.9149782900418956,70.38399315007044,3.326760204061326,2.958258666666666,0.8892311093102558
24,90.28,2.4,30.55,94.27,1.73,3.99,3.399,9.81,2.33,10.15,1.94,0.46,-3.4e-05,0.003575,0.000343,20260715T054357Z_65b4364d0f47_SIRMOUR_satellite_2026-07-14_10-20-34_clean.mp4,2026-07-14 10:15:00+05:30,2026-07-14 14:15:00+05:30,2026-07-14,240,0.9149782900418956,66.97973732836365,3.223054127826901,2.5006933333333334,0.775876927335189
24,86.13,2.18,31.64,94.25,1.7,4.04,3.207,9.81,2.33,10.15,1.94,0.43,-3e-05,0.002454,0.000139,sirmour_260717_06_45.mp4,2026-07-17 06:45:00+05:30,2026-07-17 07:00:00+05:30,2026-07-17,15,1.2,13.938614514143431,0.34949284458412094,0.40729066666666663,1.1653762672918875
24,86.13,2.18,31.64,94.25,1.7,4.04,3.207,9.81,2.33,10.15,1.94,0.43,-3e-05,0.002454,0.000139,sirmour_260717_06_45.mp4,2026-07-17 06:45:00+05:30,2026-07-17 07:15:00+05:30,2026-07-17,30,1.2,17.19331484360392,0.5204016847933719,0.5612766666666666,1.0785450606093336
24,86.13,2.18,31.64,94.25,1.7,4.04,3.207,9.81,2.33,10.15,1.94,0.43,-3e-05,0.002454,0.000139,sirmour_260717_06_45.mp4,2026-07-17 06:45:00+05:30,2026-07-17 07:30:00+05:30,2026-07-17,45,1.2,20.472539526619062,0.7097331974347257,0.6328446153846154,0.8916655127194022
24,86.13,2.18,31.64,94.25,1.7,4.04,3.207,9.81,2.33,10.15,1.94,0.43,-3e-05,0.002454,0.000139,sirmour_260717_06_45.mp4,2026-07-17 06:45:00+05:30,2026-07-17 07:45:00+05:30,2026-07-17,60,1.2,23.77277754667037,0.9113513238741743,0.9709220000000001,1.065365215987825
24,86.13,2.18,31.64,94.25,1.7,4.04,3.207,9.81,2.33,10.15,1.94,0.43,-3e-05,0.002454,0.000139,sirmour_260717_06_45.mp4,2026-07-17 06:45:00+05:30,2026-07-17 08:00:00+05:30,2026-07-17,75,1.2,27.091351761356332,1.1203622750821254,1.0552266666666665,0.9418620120793658
24,86.13,2.18,31.64,94.25,1.7,4.04,3.207,9.81,2.33,10.15,1.94,0.43,-3e-05,0.002454,0.000139,sirmour_260717_06_45.mp4,2026-07-17 06:45:00+05:30,2026-07-17 08:15:00+05:30,2026-07-17,90,1.2,30.426066426307276,1.3328451368268557,1.0969050000000002,0.8229800820007003
24,86.13,2.18,31.64,94.25,1.7,4.04,3.207,9.81,2.33,10.15,1.94,0.43,-3e-05,0.002454,0.000139,sirmour_260717_06_45.mp4,2026-07-17 06:45:00+05:30,2026-07-17 08:30:00+05:30,2026-07-17,105,1.2,33.77503402940677,1.5456067459776888,1.3540833333333333,0.8760852893902159
24,86.13,2.18,31.64,94.25,1.7,4.04,3.207,9.81,2.33,10.15,1.94,0.43,-3e-05,0.002454,0.000139,sirmour_260717_06_45.mp4,2026-07-17 06:45:00+05:30,2026-07-17 08:45:00+05:30,2026-07-17,120,1.2,37.136578187565625,1.7559952417487044,1.4937273333333334,0.8506442943693903
24,86.13,2.18,31.64,94.25,1.7,4.04,3.207,9.81,2.33,10.15,1.94,0.43,-3e-05,0.002454,0.000139,sirmour_260717_06_45.mp4,2026-07-17 06:45:00+05:30,2026-07-17 09:00:00+05:30,2026-07-17,135,1.2,40.50916884959175,1.961766412406867,1.9015306666666663,0.9692951488213634
24,86.13,2.18,31.64,94.25,1.7,4.04,3.207,9.81,2.33,10.15,1.94,0.43,-3e-05,0.002454,0.000139,sirmour_260717_06_45.mp4,2026-07-17 06:45:00+05:30,2026-07-17 09:15:00+05:30,2026-07-17,150,1.2,43.891372481312004,2.160989923882521,2.1122726666666662,0.977456046103016
24,86.13,2.18,31.64,94.25,1.7,4.04,3.207,9.81,2.33,10.15,1.94,0.43,-3e-05,0.002454,0.000139,sirmour_260717_06_45.mp4,2026-07-17 06:45:00+05:30,2026-07-17 09:30:00+05:30,2026-07-17,165,1.2,47.28180825259308,2.351983960609085,2.280676,0.9696817827828136
24,86.13,2.18,31.64,94.25,1.7,4.04,3.207,9.81,2.33,10.15,1.94,0.43,-3e-05,0.002454,0.000139,sirmour_260717_06_45.mp4,2026-07-17 06:45:00+05:30,2026-07-17 09:45:00+05:30,2026-07-17,180,1.2,50.67909968208757,2.533269503552496,2.315999333333333,0.9142332981491006
24,86.13,2.18,31.64,94.25,1.7,4.04,3.207,9.81,2.33,10.15,1.94,0.43,-3e-05,0.002454,0.000139,sirmour_260717_06_45.mp4,2026-07-17 06:45:00+05:30,2026-07-17 10:00:00+05:30,2026-07-17,195,1.2,54.08181435929752,2.703538288126391,2.5466313333333335,0.9419623700236931
24,86.13,2.18,31.64,94.25,1.7,4.04,3.207,9.81,2.33,10.15,1.94,0.43,-3e-05,0.002454,0.000139,sirmour_260717_06_45.mp4,2026-07-17 06:45:00+05:30,2026-07-17 10:15:00+05:30,2026-07-17,210,1.2,57.488379948492636,2.8616303417413027,2.3761946666666667,0.8303639474345075
24,86.13,2.18,31.64,94.25,1.7,4.04,3.207,9.81,2.33,10.15,1.94,0.43,-3e-05,0.002454,0.000139,sirmour_260717_06_45.mp4,2026-07-17 06:45:00+05:30,2026-07-17 10:30:00+05:30,2026-07-17,225,1.2,60.89695002520825,3.006518096005713,2.5298859999999994,0.8414670789312928
24,86.13,2.18,31.64,94.25,1.7,4.04,3.207,9.81,2.33,10.15,1.94,0.43,-3e-05,0.002454,0.000139,sirmour_260717_06_45.mp4,2026-07-17 06:45:00+05:30,2026-07-17 10:45:00+05:30,2026-07-17,240,1.2,64.3051735537061,3.1372951893424514,2.118602666666667,0.6752959281178469
24,112.81,27.18,33.82,53.14,35.86,11.0,5.916,92.81,90.48,93.36,89.91,-26.99,-9.5e-05,0.01287,0.002241,sirmour_260719_11_37.webm,2026-07-19 11:30:00+05:30,2026-07-19 11:45:00+05:30,2026-07-19,15,0.3182719686077549,77.67613747171468,3.5106383123812592,1.4294773333333333,0.4071844508424229
24,112.81,27.18,33.82,53.14,35.86,11.0,5.916,92.81,90.48,93.36,89.91,-26.99,-9.5e-05,0.01287,0.002241,sirmour_260719_11_37.webm,2026-07-19 11:30:00+05:30,2026-07-19 12:00:00+05:30,2026-07-19,30,0.3182719686077549,80.90792588477315,3.5614127477065884,1.1885286666666668,0.3337239322883968
24,112.81,27.18,33.82,53.14,35.86,11.0,5.916,92.81,90.48,93.36,89.91,-26.99,-9.5e-05,0.01287,0.002241,sirmour_260719_11_37.webm,2026-07-19 11:30:00+05:30,2026-07-19 12:15:00+05:30,2026-07-19,45,0.3182719686077549,83.89120810857665,3.5948229479070566,1.2599873333333333,0.35050052578164137
24,112.81,27.18,33.82,53.14,35.86,11.0,5.916,92.81,90.48,93.36,89.91,-26.99,-9.5e-05,0.01287,0.002241,sirmour_260719_11_37.webm,2026-07-19 11:30:00+05:30,2026-07-19 12:30:00+05:30,2026-07-19,60,0.3182719686077549,86.01718853820324,3.610685459857641,1.5940060000000003,0.4414690832867085
24,112.81,27.18,33.82,53.14,35.86,11.0,5.916,92.81,90.48,93.36,89.91,-26.99,-9.5e-05,0.01287,0.002241,sirmour_260719_11_37.webm,2026-07-19 11:30:00+05:30,2026-07-19 12:45:00+05:30,2026-07-19,75,0.3182719686077549,85.72014466617678,3.6089172833776204,1.802364,0.4994195927685963
24,112.81,27.18,33.82,53.14,35.86,11.0,5.916,92.81,90.48,93.36,89.91,-26.99,-9.5e-05,0.01287,0.002241,sirmour_260719_11_37.webm,2026-07-19 11:30:00+05:30,2026-07-19 13:00:00+05:30,2026-07-19,90,0.3182719686077549,83.3157034108611,3.5895264820815767,1.7028626666666669,0.4743975772757559
24,112.81,27.18,33.82,53.14,35.86,11.0,5.916,92.81,90.48,93.36,89.91,-26.99,-9.5e-05,0.01287,0.002241,sirmour_260719_11_37.webm,2026-07-19 11:30:00+05:30,2026-07-19 13:15:00+05:30,2026-07-19,105,0.3182719686077549,80.25656557148743,3.5526145608163455,1.802732,0.5074381048491101
24,112.81,27.18,33.82,53.14,35.86,11.0,5.916,92.81,90.48,93.36,89.91,-26.99,-9.5e-05,0.01287,0.002241,sirmour_260719_11_37.webm,2026-07-19 11:30:00+05:30,2026-07-19 13:30:00+05:30,2026-07-19,120,0.3182719686077549,76.99810237499706,3.4983837602586245,1.685054,0.48166642526245584
24,112.81,27.18,33.82,53.14,35.86,11.0,5.916,92.81,90.48,93.36,89.91,-26.99,-9.5e-05,0.01287,0.002241,sirmour_260719_11_37.webm,2026-07-19 11:30:00+05:30,2026-07-19 13:45:00+05:30,2026-07-19,135,0.3182719686077549,73.66058920264486,3.4271355009675517,1.3461033333333337,0.3927779724359602
24,112.81,27.18,33.82,53.14,35.86,11.0,5.916,92.81,90.48,93.36,89.91,-26.99,-9.5e-05,0.01287,0.002241,sirmour_260719_11_37.webm,2026-07-19 11:30:00+05:30,2026-07-19 14:00:00+05:30,2026-07-19,150,0.3182719686077549,70.28576692845117,3.339270301894225,1.0263206666666669,0.30734878397968535
24,112.81,27.18,33.82,53.14,35.86,11.0,5.916,92.81,90.48,93.36,89.91,-26.99,-9.5e-05,0.01287,0.002241,sirmour_260719_11_37.webm,2026-07-19 11:30:00+05:30,2026-07-19 14:15:00+05:30,2026-07-19,165,0.3182719686077549,66.89174568306751,3.2352888967375706,0.8526313333333333,0.2635410192249345
24,112.81,27.18,33.82,53.14,35.86,11.0,5.916,92.81,90.48,93.36,89.91,-26.99,-9.5e-05,0.01287,0.002241,sirmour_260719_11_37.webm,2026-07-19 11:30:00+05:30,2026-07-19 14:30:00+05:30,2026-07-19,180,0.3182719686077549,63.48778505759793,3.115794170031886,0.8455386666666668,0.2713717981756201
24,112.81,27.18,33.82,53.14,35.86,11.0,5.916,92.81,90.48,93.36,89.91,-26.99,-9.5e-05,0.01287,0.002241,sirmour_260719_11_37.webm,2026-07-19 11:30:00+05:30,2026-07-19 14:45:00+05:30,2026-07-19,195,0.3182719686077549,60.07927323389574,2.981494008264577,0.98133,0.3291403562374414
24,112.81,27.18,33.82,53.14,35.86,11.0,5.916,92.81,90.48,93.36,89.91,-26.99,-9.5e-05,0.01287,0.002241,sirmour_260719_11_37.webm,2026-07-19 11:30:00+05:30,2026-07-19 15:00:00+05:30,2026-07-19,210,0.3182719686077549,56.66971031050835,2.8332054997486966,1.1575346666666668,0.40856008036456914
24,112.81,27.18,33.82,53.14,35.86,11.0,5.916,92.81,90.48,93.36,89.91,-26.99,-9.5e-05,0.01287,0.002241,sirmour_260719_11_37.webm,2026-07-19 11:30:00+05:30,2026-07-19 15:15:00+05:30,2026-07-19,225,0.3182719686077549,53.26160419030841,2.671860975380204,1.2746706666666667,0.47707222733970356
24,112.81,27.18,33.82,53.14,35.86,11.0,5.916,92.81,90.48,93.36,89.91,-26.99,-9.5e-05,0.01287,0.002241,sirmour_260719_11_37.webm,2026-07-19 11:30:00+05:30,2026-07-19 15:30:00+05:30,2026-07-19,240,0.3182719686077549,49.85691649921427,2.498516555619404,1.3682033333333337,0.5476062707113599
24,184.55,33.93,16.89,2.63,34.28,63.08,5.565,100.0,100.0,100.0,100.0,-5.27,0.000126,0.125117,0.601645,sirmour_260719_18_34.webm,2026-07-19 18:30:00+05:30,2026-07-19 18:45:00+05:30,2026-07-19,15,0.9572809844099397,6.674399743871126,0.07788483533027306,0.14379266666666665,1.2
24,55.98,0.01,24.83,97.9,0.4,1.7,1.325,4.27,0.0,3.45,0.77,0.02,0.0,0.000242,6e-06,sirmour_260721_02_37.mp4,2026-07-21 02:30:00+05:30,2026-07-21 06:30:00+05:30,2026-07-21,240,,7.183780348320983,0.09060188632025641,0.075068,0.8285478707877254
24,55.97,0.01,24.81,97.89,0.42,1.69,1.326,4.22,0.0,3.4,0.77,0.02,0.0,0.000125,5e-06,sirmour_260721_03_02.mp4,2026-07-21 03:00:00+05:30,2026-07-21 06:30:00+05:30,2026-07-21,210,,7.183780348320983,0.09060188632025641,0.075068,0.8285478707877254
24,55.97,0.01,24.81,97.89,0.42,1.69,1.326,4.22,0.0,3.4,0.77,0.02,0.0,0.000125,5e-06,sirmour_260721_03_02.mp4,2026-07-21 03:00:00+05:30,2026-07-21 06:45:00+05:30,2026-07-21,225,,10.379988058682144,0.19411773006836897,0.12056733333333333,0.6211041788448128
24,55.97,0.01,24.81,97.89,0.42,1.69,1.326,4.22,0.0,3.4,0.77,0.02,0.0,0.000125,5e-06,sirmour_260721_03_02.mp4,2026-07-21 03:00:00+05:30,2026-07-21 07:00:00+05:30,2026-07-21,240,,13.61585333840952,0.3384105119283192,0.16500666666666666,0.4875932066247922
24,55.98,0.01,24.82,97.88,0.41,1.71,1.286,4.27,0.0,3.45,0.77,0.01,0.0,0.0,0.0,sirmour_260721_03_26.mp4,2026-07-21 03:15:00+05:30,2026-07-21 06:30:00+05:30,2026-07-21,195,,7.183780348320983,0.09060188632025641,0.075068,0.8285478707877254
24,55.98,0.01,24.82,97.88,0.41,1.71,1.286,4.27,0.0,3.45,0.77,0.01,0.0,0.0,0.0,sirmour_260721_03_26.mp4,2026-07-21 03:15:00+05:30,2026-07-21 06:45:00+05:30,2026-07-21,210,,10.379988058682144,0.19411773006836897,0.12056733333333333,0.6211041788448128
24,55.98,0.01,24.82,97.88,0.41,1.71,1.286,4.27,0.0,3.45,0.77,0.01,0.0,0.0,0.0,sirmour_260721_03_26.mp4,2026-07-21 03:15:00+05:30,2026-07-21 07:00:00+05:30,2026-07-21,225,,13.61585333840952,0.3384105119283192,0.16500666666666666,0.4875932066247922
24,55.98,0.01,24.82,97.88,0.41,1.71,1.286,4.27,0.0,3.45,0.77,0.01,0.0,0.0,0.0,sirmour_260721_03_26.mp4,2026-07-21 03:15:00+05:30,2026-07-21 07:15:00+05:30,2026-07-21,240,,16.88131865293157,0.5095030904529283,0.21706399999999998,0.4260307818879736
24,55.97,0.02,24.86,97.88,0.43,1.69,1.34,4.27,0.0,3.45,0.77,0.01,0.0,0.000385,1.5e-05,sirmour_260721_03_51.mp4,2026-07-21 03:45:00+05:30,2026-07-21 06:30:00+05:30,2026-07-21,165,,7.183780348320983,0.09060188632025641,0.075068,0.8285478707877254
24,55.97,0.02,24.86,97.88,0.43,1.69,1.34,4.27,0.0,3.45,0.77,0.01,0.0,0.000385,1.5e-05,sirmour_260721_03_51.mp4,2026-07-21 03:45:00+05:30,2026-07-21 06:45:00+05:30,2026-07-21,180,,10.379988058682144,0.19411773006836897,0.12056733333333333,0.6211041788448128
24,55.97,0.02,24.86,97.88,0.43,1.69,1.34,4.27,0.0,3.45,0.77,0.01,0.0,0.000385,1.5e-05,sirmour_260721_03_51.mp4,2026-07-21 03:45:00+05:30,2026-07-21 07:00:00+05:30,2026-07-21,195,,13.61585333840952,0.3384105119283192,0.16500666666666666,0.4875932066247922
24,55.97,0.02,24.86,97.88,0.43,1.69,1.34,4.27,0.0,3.45,0.77,0.01,0.0,0.000385,1.5e-05,sirmour_260721_03_51.mp4,2026-07-21 03:45:00+05:30,2026-07-21 07:15:00+05:30,2026-07-21,210,,16.88131865293157,0.5095030904529283,0.21706399999999998,0.4260307818879736
24,55.97,0.02,24.86,97.88,0.43,1.69,1.34,4.27,0.0,3.45,0.77,0.01,0.0,0.000385,1.5e-05,sirmour_260721_03_51.mp4,2026-07-21 03:45:00+05:30,2026-07-21 07:30:00+05:30,2026-07-21,225,,20.170943284059184,0.6995963368326151,0.276042,0.39457324955382894
24,55.97,0.02,24.86,97.88,0.43,1.69,1.34,4.27,0.0,3.45,0.77,0.01,0.0,0.000385,1.5e-05,sirmour_260721_03_51.mp4,2026-07-21 03:45:00+05:30,2026-07-21 07:45:00+05:30,2026-07-21,240,,23.48111484775638,0.9023413960627719,0.3090146666666667,0.3424587057792148
24,55.99,0.02,24.86,97.91,0.38,1.72,1.294,4.22,0.0,3.4,0.77,0.05,0.0,9.7e-05,1e-06,sirmour_260721_04_16.mp4,2026-07-21 04:15:00+05:30,2026-07-21 06:30:00+05:30,2026-07-21,135,,7.183780348320983,0.09060188632025641,0.075068,0.8285478707877254
24,55.99,0.02,24.86,97.91,0.38,1.72,1.294,4.22,0.0,3.4,0.77,0.05,0.0,9.7e-05,1e-06,sirmour_260721_04_16.mp4,2026-07-21 04:15:00+05:30,2026-07-21 06:45:00+05:30,2026-07-21,150,,10.379988058682144,0.19411773006836897,0.12056733333333333,0.6211041788448128
24,55.99,0.02,24.86,97.91,0.38,1.72,1.294,4.22,0.0,3.4,0.77,0.05,0.0,9.7e-05,1e-06,sirmour_260721_04_16.mp4,2026-07-21 04:15:00+05:30,2026-07-21 07:00:00+05:30,2026-07-21,165,,13.61585333840952,0.3384105119283192,0.16500666666666666,0.4875932066247922
24,55.99,0.02,24.86,97.91,0.38,1.72,1.294,4.22,0.0,3.4,0.77,0.05,0.0,9.7e-05,1e-06,sirmour_260721_04_16.mp4,2026-07-21 04:15:00+05:30,2026-07-21 07:15:00+05:30,2026-07-21,180,,16.88131865293157,0.5095030904529283,0.21706399999999998,0.4260307818879736
24,55.99,0.02,24.86,97.91,0.38,1.72,1.294,4.22,0.0,3.4,0.77,0.05,0.0,9.7e-05,1e-06,sirmour_260721_04_16.mp4,2026-07-21 04:15:00+05:30,2026-07-21 07:30:00+05:30,2026-07-21,195,,20.170943284059184,0.6995963368326151,0.276042,0.39457324955382894
24,55.99,0.02,24.86,97.91,0.38,1.72,1.294,4.22,0.0,3.4,0.77,0.05,0.0,9.7e-05,1e-06,sirmour_260721_04_16.mp4,2026-07-21 04:15:00+05:30,2026-07-21 07:45:00+05:30,2026-07-21,210,,23.48111484775638,0.9023413960627719,0.3090146666666667,0.3424587057792148
24,55.99,0.02,24.86,97.91,0.38,1.72,1.294,4.22,0.0,3.4,0.77,0.05,0.0,9.7e-05,1e-06,sirmour_260721_04_16.mp4,2026-07-21 04:15:00+05:30,2026-07-21 08:00:00+05:30,2026-07-21,225,,26.809107077978712,1.1127024669589085,0.273978,0.24622754791656076
24,55.99,0.02,24.86,97.91,0.38,1.72,1.294,4.22,0.0,3.4,0.77,0.05,0.0,9.7e-05,1e-06,sirmour_260721_04_16.mp4,2026-07-21 04:15:00+05:30,2026-07-21 08:15:00+05:30,2026-07-21,240,,30.152691658859414,1.3266651413319093,0.2659466666666666,0.20046254203955996
24,55.98,0.01,24.86,97.88,0.42,1.69,1.286,4.32,0.0,3.51,0.77,0.03,0.0,0.0,0.0,sirmour_260721_04_40.mp4,2026-07-21 04:30:00+05:30,2026-07-21 06:30:00+05:30,2026-07-21,120,,7.183780348320983,0.09060188632025641,0.075068,0.8285478707877254
24,55.98,0.01,24.86,97.88,0.42,1.69,1.286,4.32,0.0,3.51,0.77,0.03,0.0,0.0,0.0,sirmour_260721_04_40.mp4,2026-07-21 04:30:00+05:30,2026-07-21 06:45:00+05:30,2026-07-21,135,,10.379988058682144,0.19411773006836897,0.12056733333333333,0.6211041788448128
24,55.98,0.01,24.86,97.88,0.42,1.69,1.286,4.32,0.0,3.51,0.77,0.03,0.0,0.0,0.0,sirmour_260721_04_40.mp4,2026-07-21 04:30:00+05:30,2026-07-21 07:00:00+05:30,2026-07-21,150,,13.61585333840952,0.3384105119283192,0.16500666666666666,0.4875932066247922
24,55.98,0.01,24.86,97.88,0.42,1.69,1.286,4.32,0.0,3.51,0.77,0.03,0.0,0.0,0.0,sirmour_260721_04_40.mp4,2026-07-21 04:30:00+05:30,2026-07-21 07:15:00+05:30,2026-07-21,165,,16.88131865293157,0.5095030904529283,0.21706399999999998,0.4260307818879736
24,55.98,0.01,24.86,97.88,0.42,1.69,1.286,4.32,0.0,3.51,0.77,0.03,0.0,0.0,0.0,sirmour_260721_04_40.mp4,2026-07-21 04:30:00+05:30,2026-07-21 07:30:00+05:30,2026-07-21,180,,20.170943284059184,0.6995963368326151,0.276042,0.39457324955382894
24,55.98,0.01,24.86,97.88,0.42,1.69,1.286,4.32,0.0,3.51,0.77,0.03,0.0,0.0,0.0,sirmour_260721_04_40.mp4,2026-07-21 04:30:00+05:30,2026-07-21 07:45:00+05:30,2026-07-21,195,,23.48111484775638,0.9023413960627719,0.3090146666666667,0.3424587057792148
24,55.98,0.01,24.86,97.88,0.42,1.69,1.286,4.32,0.0,3.51,0.77,0.03,0.0,0.0,0.0,sirmour_260721_04_40.mp4,2026-07-21 04:30:00+05:30,2026-07-21 08:00:00+05:30,2026-07-21,210,,26.809107077978712,1.1127024669589085,0.273978,0.24622754791656076
24,55.98,0.01,24.86,97.88,0.42,1.69,1.286,4.32,0.0,3.51,0.77,0.03,0.0,0.0,0.0,sirmour_260721_04_40.mp4,2026-07-21 04:30:00+05:30,2026-07-21 08:15:00+05:30,2026-07-21,225,,30.152691658859414,1.3266651413319093,0.2659466666666666,0.20046254203955996
24,55.98,0.01,24.86,97.88,0.42,1.69,1.286,4.32,0.0,3.51,0.77,0.03,0.0,0.0,0.0,sirmour_260721_04_40.mp4,2026-07-21 04:30:00+05:30,2026-07-21 08:30:00+05:30,2026-07-21,240,,33.50994983016795,1.5409741058313866,0.3306226666666667,0.21455432989789863
24,55.97,0.02,24.81,97.87,0.45,1.68,1.338,4.38,0.0,3.56,0.77,0.01,0.0,0.000144,1e-06,sirmour_260721_05_05.mp4,2026-07-21 05:00:00+05:30,2026-07-21 06:30:00+05:30,2026-07-21,90,,7.183780348320983,0.09060188632025641,0.075068,0.8285478707877254
24,55.97,0.02,24.81,97.87,0.45,1.68,1.338,4.38,0.0,3.56,0.77,0.01,0.0,0.000144,1e-06,sirmour_260721_05_05.mp4,2026-07-21 05:00:00+05:30,2026-07-21 06:45:00+05:30,2026-07-21,105,,10.379988058682144,0.19411773006836897,0.12056733333333333,0.6211041788448128
24,55.97,0.02,24.81,97.87,0.45,1.68,1.338,4.38,0.0,3.56,0.77,0.01,0.0,0.000144,1e-06,sirmour_260721_05_05.mp4,2026-07-21 05:00:00+05:30,2026-07-21 07:00:00+05:30,2026-07-21,120,,13.61585333840952,0.3384105119283192,0.16500666666666666,0.4875932066247922
24,55.97,0.02,24.81,97.87,0.45,1.68,1.338,4.38,0.0,3.56,0.77,0.01,0.0,0.000144,1e-06,sirmour_260721_05_05.mp4,2026-07-21 05:00:00+05:30,2026-07-21 07:15:00+05:30,2026-07-21,135,,16.88131865293157,0.5095030904529283,0.21706399999999998,0.4260307818879736
24,55.97,0.02,24.81,97.87,0.45,1.68,1.338,4.38,0.0,3.56,0.77,0.01,0.0,0.000144,1e-06,sirmour_260721_05_05.mp4,2026-07-21 05:00:00+05:30,2026-07-21 07:30:00+05:30,2026-07-21,150,,20.170943284059184,0.6995963368326151,0.276042,0.39457324955382894
24,55.97,0.02,24.81,97.87,0.45,1.68,1.338,4.38,0.0,3.56,0.77,0.01,0.0,0.000144,1e-06,sirmour_260721_05_05.mp4,2026-07-21 05:00:00+05:30,2026-07-21 07:45:00+05:30,2026-07-21,165,,23.48111484775638,0.9023413960627719,0.3090146666666667,0.3424587057792148
24,55.97,0.02,24.81,97.87,0.45,1.68,1.338,4.38,0.0,3.56,0.77,0.01,0.0,0.000144,1e-06,sirmour_260721_05_05.mp4,2026-07-21 05:00:00+05:30,2026-07-21 08:00:00+05:30,2026-07-21,180,,26.809107077978712,1.1127024669589085,0.273978,0.24622754791656076
24,55.97,0.02,24.81,97.87,0.45,1.68,1.338,4.38,0.0,3.56,0.77,0.01,0.0,0.000144,1e-06,sirmour_260721_05_05.mp4,2026-07-21 05:00:00+05:30,2026-07-21 08:15:00+05:30,2026-07-21,195,,30.152691658859414,1.3266651413319093,0.2659466666666666,0.20046254203955996
24,55.97,0.02,24.81,97.87,0.45,1.68,1.338,4.38,0.0,3.56,0.77,0.01,0.0,0.000144,1e-06,sirmour_260721_05_05.mp4,2026-07-21 05:00:00+05:30,2026-07-21 08:30:00+05:30,2026-07-21,210,,33.50994983016795,1.5409741058313866,0.3306226666666667,0.21455432989789863
24,55.97,0.02,24.81,97.87,0.45,1.68,1.338,4.38,0.0,3.56,0.77,0.01,0.0,0.000144,1e-06,sirmour_260721_05_05.mp4,2026-07-21 05:00:00+05:30,2026-07-21 08:45:00+05:30,2026-07-21,225,,36.87916682816087,1.752935264139492,0.2824506666666667,0.1611301184047549
24,55.97,0.02,24.81,97.87,0.45,1.68,1.338,4.38,0.0,3.56,0.77,0.01,0.0,0.000144,1e-06,sirmour_260721_05_05.mp4,2026-07-21 05:00:00+05:30,2026-07-21 09:00:00+05:30,2026-07-21,240,,40.25876054034069,1.9602748487816624,0.35317933333333335,0.1801682726036296
24,55.99,0.02,24.86,97.89,0.42,1.69,1.297,4.27,0.0,3.45,0.77,0.03,0.0,0.000104,2e-06,sirmour_260721_05_29.mp4,2026-07-21 05:15:00+05:30,2026-07-21 06:30:00+05:30,2026-07-21,75,,7.183780348320983,0.09060188632025641,0.075068,0.8285478707877254
24,55.99,0.02,24.86,97.89,0.42,1.69,1.297,4.27,0.0,3.45,0.77,0.03,0.0,0.000104,2e-06,sirmour_260721_05_29.mp4,2026-07-21 05:15:00+05:30,2026-07-21 06:45:00+05:30,2026-07-21,90,,10.379988058682144,0.19411773006836897,0.12056733333333333,0.6211041788448128
24,55.99,0.02,24.86,97.89,0.42,1.69,1.297,4.27,0.0,3.45,0.77,0.03,0.0,0.000104,2e-06,sirmour_260721_05_29.mp4,2026-07-21 05:15:00+05:30,2026-07-21 07:00:00+05:30,2026-07-21,105,,13.61585333840952,0.3384105119283192,0.16500666666666666,0.4875932066247922
24,55.99,0.02,24.86,97.89,0.42,1.69,1.297,4.27,0.0,3.45,0.77,0.03,0.0,0.000104,2e-06,sirmour_260721_05_29.mp4,2026-07-21 05:15:00+05:30,2026-07-21 07:15:00+05:30,2026-07-21,120,,16.88131865293157,0.5095030904529283,0.21706399999999998,0.4260307818879736
24,55.99,0.02,24.86,97.89,0.42,1.69,1.297,4.27,0.0,3.45,0.77,0.03,0.0,0.000104,2e-06,sirmour_260721_05_29.mp4,2026-07-21 05:15:00+05:30,2026-07-21 07:30:00+05:30,2026-07-21,135,,20.170943284059184,0.6995963368326151,0.276042,0.39457324955382894
24,55.99,0.02,24.86,97.89,0.42,1.69,1.297,4.27,0.0,3.45,0.77,0.03,0.0,0.000104,2e-06,sirmour_260721_05_29.mp4,2026-07-21 05:15:00+05:30,2026-07-21 07:45:00+05:30,2026-07-21,150,,23.48111484775638,0.9023413960627719,0.3090146666666667,0.3424587057792148
24,55.99,0.02,24.86,97.89,0.42,1.69,1.297,4.27,0.0,3.45,0.77,0.03,0.0,0.000104,2e-06,sirmour_260721_05_29.mp4,2026-07-21 05:15:00+05:30,2026-07-21 08:00:00+05:30,2026-07-21,165,,26.809107077978712,1.1127024669589085,0.273978,0.24622754791656076
24,55.99,0.02,24.86,97.89,0.42,1.69,1.297,4.27,0.0,3.45,0.77,0.03,0.0,0.000104,2e-06,sirmour_260721_05_29.mp4,2026-07-21 05:15:00+05:30,2026-07-21 08:15:00+05:30,2026-07-21,180,,30.152691658859414,1.3266651413319093,0.2659466666666666,0.20046254203955996
24,55.99,0.02,24.86,97.89,0.42,1.69,1.297,4.27,0.0,3.45,0.77,0.03,0.0,0.000104,2e-06,sirmour_260721_05_29.mp4,2026-07-21 05:15:00+05:30,2026-07-21 08:30:00+05:30,2026-07-21,195,,33.50994983016795,1.5409741058313866,0.3306226666666667,0.21455432989789863
24,55.99,0.02,24.86,97.89,0.42,1.69,1.297,4.27,0.0,3.45,0.77,0.03,0.0,0.000104,2e-06,sirmour_260721_05_29.mp4,2026-07-21 05:15:00+05:30,2026-07-21 08:45:00+05:30,2026-07-21,210,,36.87916682816087,1.752935264139492,0.2824506666666667,0.1611301184047549
24,55.99,0.02,24.86,97.89,0.42,1.69,1.297,4.27,0.0,3.45,0.77,0.03,0.0,0.000104,2e-06,sirmour_260721_05_29.mp4,2026-07-21 05:15:00+05:30,2026-07-21 09:00:00+05:30,2026-07-21,225,,40.25876054034069,1.9602748487816624,0.35317933333333335,0.1801682726036296
24,55.99,0.02,24.86,97.89,0.42,1.69,1.297,4.27,0.0,3.45,0.77,0.03,0.0,0.000104,2e-06,sirmour_260721_05_29.mp4,2026-07-21 05:15:00+05:30,2026-07-21 09:15:00+05:30,2026-07-21,240,,43.647224767248055,2.1610411329421892,0.47962799999999994,0.22194302213350356
24,55.98,0.01,24.86,97.84,0.45,1.7,1.31,4.43,0.0,3.61,0.77,-0.01,0.0,0.000356,1e-05,sirmour_260721_05_54.mp4,2026-07-21 05:45:00+05:30,2026-07-21 06:30:00+05:30,2026-07-21,45,,7.183780348320983,0.09060188632025641,0.075068,0.8285478707877254
24,55.98,0.01,24.86,97.84,0.45,1.7,1.31,4.43,0.0,3.61,0.77,-0.01,0.0,0.000356,1e-05,sirmour_260721_05_54.mp4,2026-07-21 05:45:00+05:30,2026-07-21 06:45:00+05:30,2026-07-21,60,,10.379988058682144,0.19411773006836897,0.12056733333333333,0.6211041788448128
24,55.98,0.01,24.86,97.84,0.45,1.7,1.31,4.43,0.0,3.61,0.77,-0.01,0.0,0.000356,1e-05,sirmour_260721_05_54.mp4,2026-07-21 05:45:00+05:30,2026-07-21 07:00:00+05:30,2026-07-21,75,,13.61585333840952,0.3384105119283192,0.16500666666666666,0.4875932066247922
24,55.98,0.01,24.86,97.84,0.45,1.7,1.31,4.43,0.0,3.61,0.77,-0.01,0.0,0.000356,1e-05,sirmour_260721_05_54.mp4,2026-07-21 05:45:00+05:30,2026-07-21 07:15:00+05:30,2026-07-21,90,,16.88131865293157,0.5095030904529283,0.21706399999999998,0.4260307818879736
24,55.98,0.01,24.86,97.84,0.45,1.7,1.31,4.43,0.0,3.61,0.77,-0.01,0.0,0.000356,1e-05,sirmour_260721_05_54.mp4,2026-07-21 05:45:00+05:30,2026-07-21 07:30:00+05:30,2026-07-21,105,,20.170943284059184,0.6995963368326151,0.276042,0.39457324955382894
24,55.98,0.01,24.86,97.84,0.45,1.7,1.31,4.43,0.0,3.61,0.77,-0.01,0.0,0.000356,1e-05,sirmour_260721_05_54.mp4,2026-07-21 05:45:00+05:30,2026-07-21 07:45:00+05:30,2026-07-21,120,,23.48111484775638,0.9023413960627719,0.3090146666666667,0.3424587057792148
24,55.98,0.01,24.86,97.84,0.45,1.7,1.31,4.43,0.0,3.61,0.77,-0.01,0.0,0.000356,1e-05,sirmour_260721_05_54.mp4,2026-07-21 05:45:00+05:30,2026-07-21 08:00:00+05:30,2026-07-21,135,,26.809107077978712,1.1127024669589085,0.273978,0.24622754791656076
24,55.98,0.01,24.86,97.84,0.45,1.7,1.31,4.43,0.0,3.61,0.77,-0.01,0.0,0.000356,1e-05,sirmour_260721_05_54.mp4,2026-07-21 05:45:00+05:30,2026-07-21 08:15:00+05:30,2026-07-21,150,,30.152691658859414,1.3266651413319093,0.2659466666666666,0.20046254203955996
24,55.98,0.01,24.86,97.84,0.45,1.7,1.31,4.43,0.0,3.61,0.77,-0.01,0.0,0.000356,1e-05,sirmour_260721_05_54.mp4,2026-07-21 05:45:00+05:30,2026-07-21 08:30:00+05:30,2026-07-21,165,,33.50994983016795,1.5409741058313866,0.3306226666666667,0.21455432989789863
24,55.98,0.01,24.86,97.84,0.45,1.7,1.31,4.43,0.0,3.61,0.77,-0.01,0.0,0.000356,1e-05,sirmour_260721_05_54.mp4,2026-07-21 05:45:00+05:30,2026-07-21 08:45:00+05:30,2026-07-21,180,,36.87916682816087,1.752935264139492,0.2824506666666667,0.1611301184047549
24,55.98,0.01,24.86,97.84,0.45,1.7,1.31,4.43,0.0,3.61,0.77,-0.01,0.0,0.000356,1e-05,sirmour_260721_05_54.mp4,2026-07-21 05:45:00+05:30,2026-07-21 09:00:00+05:30,2026-07-21,195,,40.25876054034069,1.9602748487816624,0.35317933333333335,0.1801682726036296
24,55.98,0.01,24.86,97.84,0.45,1.7,1.31,4.43,0.0,3.61,0.77,-0.01,0.0,0.000356,1e-05,sirmour_260721_05_54.mp4,2026-07-21 05:45:00+05:30,2026-07-21 09:15:00+05:30,2026-07-21,210,,43.647224767248055,2.1610411329421892,0.47962799999999994,0.22194302213350356
24,55.98,0.01,24.86,97.84,0.45,1.7,1.31,4.43,0.0,3.61,0.77,-0.01,0.0,0.000356,1e-05,sirmour_260721_05_54.mp4,2026-07-21 05:45:00+05:30,2026-07-21 09:30:00+05:30,2026-07-21,225,,47.04307647413637,2.3535362493034966,0.5210246666666667,0.22137949514092178
24,55.98,0.01,24.86,97.84,0.45,1.7,1.31,4.43,0.0,3.61,0.77,-0.01,0.0,0.000356,1e-05,sirmour_260721_05_54.mp4,2026-07-21 05:45:00+05:30,2026-07-21 09:45:00+05:30,2026-07-21,240,,50.44479457887688,2.5362686909695005,0.6100833333333334,0.24054365198196972
24,55.96,0.01,24.82,97.89,0.4,1.71,1.359,4.27,0.0,3.45,0.77,0.03,0.0,0.000335,1.6e-05,sirmour_260721_06_19.mp4,2026-07-21 06:15:00+05:30,2026-07-21 06:30:00+05:30,2026-07-21,15,,7.183780348320983,0.09060188632025641,0.075068,0.8285478707877254
24,55.96,0.01,24.82,97.89,0.4,1.71,1.359,4.27,0.0,3.45,0.77,0.03,0.0,0.000335,1.6e-05,sirmour_260721_06_19.mp4,2026-07-21 06:15:00+05:30,2026-07-21 06:45:00+05:30,2026-07-21,30,,10.379988058682144,0.19411773006836897,0.12056733333333333,0.6211041788448128
24,55.96,0.01,24.82,97.89,0.4,1.71,1.359,4.27,0.0,3.45,0.77,0.03,0.0,0.000335,1.6e-05,sirmour_260721_06_19.mp4,2026-07-21 06:15:00+05:30,2026-07-21 07:00:00+05:30,2026-07-21,45,,13.61585333840952,0.3384105119283192,0.16500666666666666,0.4875932066247922
24,55.96,0.01,24.82,97.89,0.4,1.71,1.359,4.27,0.0,3.45,0.77,0.03,0.0,0.000335,1.6e-05,sirmour_260721_06_19.mp4,2026-07-21 06:15:00+05:30,2026-07-21 07:15:00+05:30,2026-07-21,60,,16.88131865293157,0.5095030904529283,0.21706399999999998,0.4260307818879736
24,55.96,0.01,24.82,97.89,0.4,1.71,1.359,4.27,0.0,3.45,0.77,0.03,0.0,0.000335,1.6e-05,sirmour_260721_06_19.mp4,2026-07-21 06:15:00+05:30,2026-07-21 07:30:00+05:30,2026-07-21,75,,20.170943284059184,0.6995963368326151,0.276042,0.39457324955382894
24,55.96,0.01,24.82,97.89,0.4,1.71,1.359,4.27,0.0,3.45,0.77,0.03,0.0,0.000335,1.6e-05,sirmour_260721_06_19.mp4,2026-07-21 06:15:00+05:30,2026-07-21 07:45:00+05:30,2026-07-21,90,,23.48111484775638,0.9023413960627719,0.3090146666666667,0.3424587057792148
24,55.96,0.01,24.82,97.89,0.4,1.71,1.359,4.27,0.0,3.45,0.77,0.03,0.0,0.000335,1.6e-05,sirmour_260721_06_19.mp4,2026-07-21 06:15:00+05:30,2026-07-21 08:00:00+05:30,2026-07-21,105,,26.809107077978712,1.1127024669589085,0.273978,0.24622754791656076
24,55.96,0.01,24.82,97.89,0.4,1.71,1.359,4.27,0.0,3.45,0.77,0.03,0.0,0.000335,1.6e-05,sirmour_260721_06_19.mp4,2026-07-21 06:15:00+05:30,2026-07-21 08:15:00+05:30,2026-07-21,120,,30.152691658859414,1.3266651413319093,0.2659466666666666,0.20046254203955996
24,55.96,0.01,24.82,97.89,0.4,1.71,1.359,4.27,0.0,3.45,0.77,0.03,0.0,0.000335,1.6e-05,sirmour_260721_06_19.mp4,2026-07-21 06:15:00+05:30,2026-07-21 08:30:00+05:30,2026-07-21,135,,33.50994983016795,1.5409741058313866,0.3306226666666667,0.21455432989789863
24,55.96,0.01,24.82,97.89,0.4,1.71,1.359,4.27,0.0,3.45,0.77,0.03,0.0,0.000335,1.6e-05,sirmour_260721_06_19.mp4,2026-07-21 06:15:00+05:30,2026-07-21 08:45:00+05:30,2026-07-21,150,,36.87916682816087,1.752935264139492,0.2824506666666667,0.1611301184047549
24,55.96,0.01,24.82,97.89,0.4,1.71,1.359,4.27,0.0,3.45,0.77,0.03,0.0,0.000335,1.6e-05,sirmour_260721_06_19.mp4,2026-07-21 06:15:00+05:30,2026-07-21 09:00:00+05:30,2026-07-21,165,,40.25876054034069,1.9602748487816624,0.35317933333333335,0.1801682726036296
24,55.96,0.01,24.82,97.89,0.4,1.71,1.359,4.27,0.0,3.45,0.77,0.03,0.0,0.000335,1.6e-05,sirmour_260721_06_19.mp4,2026-07-21 06:15:00+05:30,2026-07-21 09:15:00+05:30,2026-07-21,180,,43.647224767248055,2.1610411329421892,0.47962799999999994,0.22194302213350356
24,55.96,0.01,24.82,97.89,0.4,1.71,1.359,4.27,0.0,3.45,0.77,0.03,0.0,0.000335,1.6e-05,sirmour_260721_06_19.mp4,2026-07-21 06:15:00+05:30,2026-07-21 09:30:00+05:30,2026-07-21,195,,47.04307647413637,2.3535362493034966,0.5210246666666667,0.22137949514092178
24,55.96,0.01,24.82,97.89,0.4,1.71,1.359,4.27,0.0,3.45,0.77,0.03,0.0,0.000335,1.6e-05,sirmour_260721_06_19.mp4,2026-07-21 06:15:00+05:30,2026-07-21 09:45:00+05:30,2026-07-21,210,,50.44479457887688,2.5362686909695005,0.6100833333333334,0.24054365198196972
24,55.96,0.01,24.82,97.89,0.4,1.71,1.359,4.27,0.0,3.45,0.77,0.03,0.0,0.000335,1.6e-05,sirmour_260721_06_19.mp4,2026-07-21 06:15:00+05:30,2026-07-21 10:00:00+05:30,2026-07-21,225,,53.8507400027306,2.707920140006949,0.8292626666666666,0.30623601280373747
24,55.96,0.01,24.82,97.89,0.4,1.71,1.359,4.27,0.0,3.45,0.77,0.03,0.0,0.000335,1.6e-05,sirmour_260721_06_19.mp4,2026-07-21 06:15:00+05:30,2026-07-21 10:15:00+05:30,2026-07-21,240,,57.25904015495893,2.8673222814256296,0.9517966666666668,0.33194617599575676
24,55.97,0.03,24.85,97.87,0.45,1.68,1.344,4.32,0.0,3.51,0.77,0.04,0.0,0.001082,0.000132,sirmour_260721_06_44.mp4,2026-07-21 06:30:00+05:30,2026-07-21 06:45:00+05:30,2026-07-21,15,0.8285478707877254,10.379988058682144,0.19411773006836897,0.12056733333333333,0.6211041788448128
24,55.97,0.03,24.85,97.87,0.45,1.68,1.344,4.32,0.0,3.51,0.77,0.04,0.0,0.001082,0.000132,sirmour_260721_06_44.mp4,2026-07-21 06:30:00+05:30,2026-07-21 07:00:00+05:30,2026-07-21,30,0.8285478707877254,13.61585333840952,0.3384105119283192,0.16500666666666666,0.4875932066247922
24,55.97,0.03,24.85,97.87,0.45,1.68,1.344,4.32,0.0,3.51,0.77,0.04,0.0,0.001082,0.000132,sirmour_260721_06_44.mp4,2026-07-21 06:30:00+05:30,2026-07-21 07:15:00+05:30,2026-07-21,45,0.8285478707877254,16.88131865293157,0.5095030904529283,0.21706399999999998,0.4260307818879736
24,55.97,0.03,24.85,97.87,0.45,1.68,1.344,4.32,0.0,3.51,0.77,0.04,0.0,0.001082,0.000132,sirmour_260721_06_44.mp4,2026-07-21 06:30:00+05:30,2026-07-21 07:30:00+05:30,2026-07-21,60,0.8285478707877254,20.170943284059184,0.6995963368326151,0.276042,0.39457324955382894
24,55.97,0.03,24.85,97.87,0.45,1.68,1.344,4.32,0.0,3.51,0.77,0.04,0.0,0.001082,0.000132,sirmour_260721_06_44.mp4,2026-07-21 06:30:00+05:30,2026-07-21 07:45:00+05:30,2026-07-21,75,0.8285478707877254,23.48111484775638,0.9023413960627719,0.3090146666666667,0.3424587057792148
24,55.97,0.03,24.85,97.87,0.45,1.68,1.344,4.32,0.0,3.51,0.77,0.04,0.0,0.001082,0.000132,sirmour_260721_06_44.mp4,2026-07-21 06:30:00+05:30,2026-07-21 08:00:00+05:30,2026-07-21,90,0.8285478707877254,26.809107077978712,1.1127024669589085,0.273978,0.24622754791656076
24,55.97,0.03,24.85,97.87,0.45,1.68,1.344,4.32,0.0,3.51,0.77,0.04,0.0,0.001082,0.000132,sirmour_260721_06_44.mp4,2026-07-21 06:30:00+05:30,2026-07-21 08:15:00+05:30,2026-07-21,105,0.8285478707877254,30.152691658859414,1.3266651413319093,0.2659466666666666,0.20046254203955996
24,55.97,0.03,24.85,97.87,0.45,1.68,1.344,4.32,0.0,3.51,0.77,0.04,0.0,0.001082,0.000132,sirmour_260721_06_44.mp4,2026-07-21 06:30:00+05:30,2026-07-21 08:30:00+05:30,2026-07-21,120,0.8285478707877254,33.50994983016795,1.5409741058313866,0.3306226666666667,0.21455432989789863
24,55.97,0.03,24.85,97.87,0.45,1.68,1.344,4.32,0.0,3.51,0.77,0.04,0.0,0.001082,0.000132,sirmour_260721_06_44.mp4,2026-07-21 06:30:00+05:30,2026-07-21 08:45:00+05:30,2026-07-21,135,0.8285478707877254,36.87916682816087,1.752935264139492,0.2824506666666667,0.1611301184047549
24,55.97,0.03,24.85,97.87,0.45,1.68,1.344,4.32,0.0,3.51,0.77,0.04,0.0,0.001082,0.000132,sirmour_260721_06_44.mp4,2026-07-21 06:30:00+05:30,2026-07-21 09:00:00+05:30,2026-07-21,150,0.8285478707877254,40.25876054034069,1.9602748487816624,0.35317933333333335,0.1801682726036296
24,55.97,0.03,24.85,97.87,0.45,1.68,1.344,4.32,0.0,3.51,0.77,0.04,0.0,0.001082,0.000132,sirmour_260721_06_44.mp4,2026-07-21 06:30:00+05:30,2026-07-21 09:15:00+05:30,2026-07-21,165,0.8285478707877254,43.647224767248055,2.1610411329421892,0.47962799999999994,0.22194302213350356
24,55.97,0.03,24.85,97.87,0.45,1.68,1.344,4.32,0.0,3.51,0.77,0.04,0.0,0.001082,0.000132,sirmour_260721_06_44.mp4,2026-07-21 06:30:00+05:30,2026-07-21 09:30:00+05:30,2026-07-21,180,0.8285478707877254,47.04307647413637,2.3535362493034966,0.5210246666666667,0.22137949514092178
24,55.97,0.03,24.85,97.87,0.45,1.68,1.344,4.32,0.0,3.51,0.77,0.04,0.0,0.001082,0.000132,sirmour_260721_06_44.mp4,2026-07-21 06:30:00+05:30,2026-07-21 09:45:00+05:30,2026-07-21,195,0.8285478707877254,50.44479457887688,2.5362686909695005,0.6100833333333334,0.24054365198196972
24,55.97,0.03,24.85,97.87,0.45,1.68,1.344,4.32,0.0,3.51,0.77,0.04,0.0,0.001082,0.000132,sirmour_260721_06_44.mp4,2026-07-21 06:30:00+05:30,2026-07-21 10:00:00+05:30,2026-07-21,210,0.8285478707877254,53.8507400027306,2.707920140006949,0.8292626666666666,0.30623601280373747
24,55.97,0.03,24.85,97.87,0.45,1.68,1.344,4.32,0.0,3.51,0.77,0.04,0.0,0.001082,0.000132,sirmour_260721_06_44.mp4,2026-07-21 06:30:00+05:30,2026-07-21 10:15:00+05:30,2026-07-21,225,0.8285478707877254,57.25904015495893,2.8673222814256296,0.9517966666666668,0.33194617599575676
24,55.97,0.03,24.85,97.87,0.45,1.68,1.344,4.32,0.0,3.51,0.77,0.04,0.0,0.001082,0.000132,sirmour_260721_06_44.mp4,2026-07-21 06:30:00+05:30,2026-07-21 10:30:00+05:30,2026-07-21,240,0.8285478707877254,60.66740194569949,3.013440447096285,0.8515526666666668,0.28258486657242976
24,55.98,0.01,24.8,97.85,0.45,1.7,1.281,4.43,0.0,3.61,0.77,0.01,0.0,0.0,0.0,sirmour_260721_07_08.mp4,2026-07-21 07:00:00+05:30,2026-07-21 07:15:00+05:30,2026-07-21,15,0.6457484187524435,16.88131865293157,0.5095030904529283,0.21706399999999998,0.4260307818879736
24,55.98,0.01,24.8,97.85,0.45,1.7,1.281,4.43,0.0,3.61,0.77,0.01,0.0,0.0,0.0,sirmour_260721_07_08.mp4,2026-07-21 07:00:00+05:30,2026-07-21 07:30:00+05:30,2026-07-21,30,0.6457484187524435,20.170943284059184,0.6995963368326151,0.276042,0.39457324955382894
24,55.98,0.01,24.8,97.85,0.45,1.7,1.281,4.43,0.0,3.61,0.77,0.01,0.0,0.0,0.0,sirmour_260721_07_08.mp4,2026-07-21 07:00:00+05:30,2026-07-21 07:45:00+05:30,2026-07-21,45,0.6457484187524435,23.48111484775638,0.9023413960627719,0.3090146666666667,0.3424587057792148
24,55.98,0.01,24.8,97.85,0.45,1.7,1.281,4.43,0.0,3.61,0.77,0.01,0.0,0.0,0.0,sirmour_260721_07_08.mp4,2026-07-21 07:00:00+05:30,2026-07-21 08:00:00+05:30,2026-07-21,60,0.6457484187524435,26.809107077978712,1.1127024669589085,0.273978,0.24622754791656076
24,55.98,0.01,24.8,97.85,0.45,1.7,1.281,4.43,0.0,3.61,0.77,0.01,0.0,0.0,0.0,sirmour_260721_07_08.mp4,2026-07-21 07:00:00+05:30,2026-07-21 08:15:00+05:30,2026-07-21,75,0.6457484187524435,30.152691658859414,1.3266651413319093,0.2659466666666666,0.20046254203955996
24,55.98,0.01,24.8,97.85,0.45,1.7,1.281,4.43,0.0,3.61,0.77,0.01,0.0,0.0,0.0,sirmour_260721_07_08.mp4,2026-07-21 07:00:00+05:30,2026-07-21 08:30:00+05:30,2026-07-21,90,0.6457484187524435,33.50994983016795,1.5409741058313866,0.3306226666666667,0.21455432989789863
24,55.98,0.01,24.8,97.85,0.45,1.7,1.281,4.43,0.0,3.61,0.77,0.01,0.0,0.0,0.0,sirmour_260721_07_08.mp4,2026-07-21 07:00:00+05:30,2026-07-21 08:45:00+05:30,2026-07-21,105,0.6457484187524435,36.87916682816087,1.752935264139492,0.2824506666666667,0.1611301184047549
24,55.98,0.01,24.8,97.85,0.45,1.7,1.281,4.43,0.0,3.61,0.77,0.01,0.0,0.0,0.0,sirmour_260721_07_08.mp4,2026-07-21 07:00:00+05:30,2026-07-21 09:00:00+05:30,2026-07-21,120,0.6457484187524435,40.25876054034069,1.9602748487816624,0.35317933333333335,0.1801682726036296
24,55.98,0.01,24.8,97.85,0.45,1.7,1.281,4.43,0.0,3.61,0.77,0.01,0.0,0.0,0.0,sirmour_260721_07_08.mp4,2026-07-21 07:00:00+05:30,2026-07-21 09:15:00+05:30,2026-07-21,135,0.6457484187524435,43.647224767248055,2.1610411329421892,0.47962799999999994,0.22194302213350356
24,55.98,0.01,24.8,97.85,0.45,1.7,1.281,4.43,0.0,3.61,0.77,0.01,0.0,0.0,0.0,sirmour_260721_07_08.mp4,2026-07-21 07:00:00+05:30,2026-07-21 09:30:00+05:30,2026-07-21,150,0.6457484187524435,47.04307647413637,2.3535362493034966,0.5210246666666667,0.22137949514092178
24,55.98,0.01,24.8,97.85,0.45,1.7,1.281,4.43,0.0,3.61,0.77,0.01,0.0,0.0,0.0,sirmour_260721_07_08.mp4,2026-07-21 07:00:00+05:30,2026-07-21 09:45:00+05:30,2026-07-21,165,0.6457484187524435,50.44479457887688,2.5362686909695005,0.6100833333333334,0.24054365198196972
24,55.98,0.01,24.8,97.85,0.45,1.7,1.281,4.43,0.0,3.61,0.77,0.01,0.0,0.0,0.0,sirmour_260721_07_08.mp4,2026-07-21 07:00:00+05:30,2026-07-21 10:00:00+05:30,2026-07-21,180,0.6457484187524435,53.8507400027306,2.707920140006949,0.8292626666666666,0.30623601280373747
24,55.98,0.01,24.8,97.85,0.45,1.7,1.281,4.43,0.0,3.61,0.77,0.01,0.0,0.0,0.0,sirmour_260721_07_08.mp4,2026-07-21 07:00:00+05:30,2026-07-21 10:15:00+05:30,2026-07-21,195,0.6457484187524435,57.25904015495893,2.8673222814256296,0.9517966666666668,0.33194617599575676
24,55.98,0.01,24.8,97.85,0.45,1.7,1.281,4.43,0.0,3.61,0.77,0.01,0.0,0.0,0.0,sirmour_260721_07_08.mp4,2026-07-21 07:00:00+05:30,2026-07-21 10:30:00+05:30,2026-07-21,210,0.6457484187524435,60.66740194569949,3.013440447096285,0.8515526666666668,0.28258486657242976
24,55.98,0.01,24.8,97.85,0.45,1.7,1.281,4.43,0.0,3.61,0.77,0.01,0.0,0.0,0.0,sirmour_260721_07_08.mp4,2026-07-21 07:00:00+05:30,2026-07-21 10:45:00+05:30,2026-07-21,225,0.6457484187524435,64.07278831961648,3.1453621141543446,0.8440426666666665,0.26834514947211224
24,55.98,0.01,24.8,97.85,0.45,1.7,1.281,4.43,0.0,3.61,0.77,0.01,0.0,0.0,0.0,sirmour_260721_07_08.mp4,2026-07-21 07:00:00+05:30,2026-07-21 11:00:00+05:30,2026-07-21,240,0.6457484187524435,67.47081536894922,3.2622888790534303,0.914078,0.28019529658122255
24,55.96,0.01,24.8,97.89,0.44,1.68,1.352,4.27,0.0,3.45,0.77,0.02,0.0,0.000536,5.2e-05,sirmour_260721_07_32.mp4,2026-07-21 07:30:00+05:30,2026-07-21 07:45:00+05:30,2026-07-21,15,0.4823253542278519,23.48111484775638,0.9023413960627719,0.3090146666666667,0.3424587057792148
24,55.96,0.01,24.8,97.89,0.44,1.68,1.352,4.27,0.0,3.45,0.77,0.02,0.0,0.000536,5.2e-05,sirmour_260721_07_32.mp4,2026-07-21 07:30:00+05:30,2026-07-21 08:00:00+05:30,2026-07-21,30,0.4823253542278519,26.809107077978712,1.1127024669589085,0.273978,0.24622754791656076
24,55.96,0.01,24.8,97.89,0.44,1.68,1.352,4.27,0.0,3.45,0.77,0.02,0.0,0.000536,5.2e-05,sirmour_260721_07_32.mp4,2026-07-21 07:30:00+05:30,2026-07-21 08:15:00+05:30,2026-07-21,45,0.4823253542278519,30.152691658859414,1.3266651413319093,0.2659466666666666,0.20046254203955996
24,55.96,0.01,24.8,97.89,0.44,1.68,1.352,4.27,0.0,3.45,0.77,0.02,0.0,0.000536,5.2e-05,sirmour_260721_07_32.mp4,2026-07-21 07:30:00+05:30,2026-07-21 08:30:00+05:30,2026-07-21,60,0.4823253542278519,33.50994983016795,1.5409741058313866,0.3306226666666667,0.21455432989789863
24,55.96,0.01,24.8,97.89,0.44,1.68,1.352,4.27,0.0,3.45,0.77,0.02,0.0,0.000536,5.2e-05,sirmour_260721_07_32.mp4,2026-07-21 07:30:00+05:30,2026-07-21 08:45:00+05:30,2026-07-21,75,0.4823253542278519,36.87916682816087,1.752935264139492,0.2824506666666667,0.1611301184047549
24,55.96,0.01,24.8,97.89,0.44,1.68,1.352,4.27,0.0,3.45,0.77,0.02,0.0,0.000536,5.2e-05,sirmour_260721_07_32.mp4,2026-07-21 07:30:00+05:30,2026-07-21 09:00:00+05:30,2026-07-21,90,0.4823253542278519,40.25876054034069,1.9602748487816624,0.35317933333333335,0.1801682726036296
24,55.96,0.01,24.8,97.89,0.44,1.68,1.352,4.27,0.0,3.45,0.77,0.02,0.0,0.000536,5.2e-05,sirmour_260721_07_32.mp4,2026-07-21 07:30:00+05:30,2026-07-21 09:15:00+05:30,2026-07-21,105,0.4823253542278519,43.647224767248055,2.1610411329421892,0.47962799999999994,0.22194302213350356
24,55.96,0.01,24.8,97.89,0.44,1.68,1.352,4.27,0.0,3.45,0.77,0.02,0.0,0.000536,5.2e-05,sirmour_260721_07_32.mp4,2026-07-21 07:30:00+05:30,2026-07-21 09:30:00+05:30,2026-07-21,120,0.4823253542278519,47.04307647413637,2.3535362493034966,0.5210246666666667,0.22137949514092178
24,55.96,0.01,24.8,97.89,0.44,1.68,1.352,4.27,0.0,3.45,0.77,0.02,0.0,0.000536,5.2e-05,sirmour_260721_07_32.mp4,2026-07-21 07:30:00+05:30,2026-07-21 09:45:00+05:30,2026-07-21,135,0.4823253542278519,50.44479457887688,2.5362686909695005,0.6100833333333334,0.24054365198196972
24,55.96,0.01,24.8,97.89,0.44,1.68,1.352,4.27,0.0,3.45,0.77,0.02,0.0,0.000536,5.2e-05,sirmour_260721_07_32.mp4,2026-07-21 07:30:00+05:30,2026-07-21 10:00:00+05:30,2026-07-21,150,0.4823253542278519,53.8507400027306,2.707920140006949,0.8292626666666666,0.30623601280373747
24,55.96,0.01,24.8,97.89,0.44,1.68,1.352,4.27,0.0,3.45,0.77,0.02,0.0,0.000536,5.2e-05,sirmour_260721_07_32.mp4,2026-07-21 07:30:00+05:30,2026-07-21 10:15:00+05:30,2026-07-21,165,0.4823253542278519,57.25904015495893,2.8673222814256296,0.9517966666666668,0.33194617599575676
24,55.96,0.01,24.8,97.89,0.44,1.68,1.352,4.27,0.0,3.45,0.77,0.02,0.0,0.000536,5.2e-05,sirmour_260721_07_32.mp4,2026-07-21 07:30:00+05:30,2026-07-21 10:30:00+05:30,2026-07-21,180,0.4823253542278519,60.66740194569949,3.013440447096285,0.8515526666666668,0.28258486657242976
24,55.96,0.01,24.8,97.89,0.44,1.68,1.352,4.27,0.0,3.45,0.77,0.02,0.0,0.000536,5.2e-05,sirmour_260721_07_32.mp4,2026-07-21 07:30:00+05:30,2026-07-21 10:45:00+05:30,2026-07-21,195,0.4823253542278519,64.07278831961648,3.1453621141543446,0.8440426666666665,0.26834514947211224
24,55.96,0.01,24.8,97.89,0.44,1.68,1.352,4.27,0.0,3.45,0.77,0.02,0.0,0.000536,5.2e-05,sirmour_260721_07_32.mp4,2026-07-21 07:30:00+05:30,2026-07-21 11:00:00+05:30,2026-07-21,210,0.4823253542278519,67.47081536894922,3.2622888790534303,0.914078,0.28019529658122255
24,55.96,0.01,24.8,97.89,0.44,1.68,1.352,4.27,0.0,3.45,0.77,0.02,0.0,0.000536,5.2e-05,sirmour_260721_07_32.mp4,2026-07-21 07:30:00+05:30,2026-07-21 11:15:00+05:30,2026-07-21,225,0.4823253542278519,70.85452408397256,3.3635307949360875,0.9231606666666664,0.2744617852336946
24,55.96,0.01,24.8,97.89,0.44,1.68,1.352,4.27,0.0,3.45,0.77,0.02,0.0,0.000536,5.2e-05,sirmour_260721_07_32.mp4,2026-07-21 07:30:00+05:30,2026-07-21 11:30:00+05:30,2026-07-21,240,0.4823253542278519,74.21161901302371,3.448502448380031,0.8502526666666667,0.24655707206068
24,55.98,0.02,24.83,97.89,0.42,1.68,1.29,4.27,0.0,3.45,0.77,0.03,0.0,0.0,0.0,sirmour_260721_07_57.mp4,2026-07-21 07:45:00+05:30,2026-07-21 08:00:00+05:30,2026-07-21,15,0.4126639859614524,26.809107077978712,1.1127024669589085,0.273978,0.24622754791656076
24,55.98,0.02,24.83,97.89,0.42,1.68,1.29,4.27,0.0,3.45,0.77,0.03,0.0,0.0,0.0,sirmour_260721_07_57.mp4,2026-07-21 07:45:00+05:30,2026-07-21 08:15:00+05:30,2026-07-21,30,0.4126639859614524,30.152691658859414,1.3266651413319093,0.2659466666666666,0.20046254203955996
24,55.98,0.02,24.83,97.89,0.42,1.68,1.29,4.27,0.0,3.45,0.77,0.03,0.0,0.0,0.0,sirmour_260721_07_57.mp4,2026-07-21 07:45:00+05:30,2026-07-21 08:30:00+05:30,2026-07-21,45,0.4126639859614524,33.50994983016795,1.5409741058313866,0.3306226666666667,0.21455432989789863
24,55.98,0.02,24.83,97.89,0.42,1.68,1.29,4.27,0.0,3.45,0.77,0.03,0.0,0.0,0.0,sirmour_260721_07_57.mp4,2026-07-21 07:45:00+05:30,2026-07-21 08:45:00+05:30,2026-07-21,60,0.4126639859614524,36.87916682816087,1.752935264139492,0.2824506666666667,0.1611301184047549
24,55.98,0.02,24.83,97.89,0.42,1.68,1.29,4.27,0.0,3.45,0.77,0.03,0.0,0.0,0.0,sirmour_260721_07_57.mp4,2026-07-21 07:45:00+05:30,2026-07-21 09:00:00+05:30,2026-07-21,75,0.4126639859614524,40.25876054034069,1.9602748487816624,0.35317933333333335,0.1801682726036296
24,55.98,0.02,24.83,97.89,0.42,1.68,1.29,4.27,0.0,3.45,0.77,0.03,0.0,0.0,0.0,sirmour_260721_07_57.mp4,2026-07-21 07:45:00+05:30,2026-07-21 09:15:00+05:30,2026-07-21,90,0.4126639859614524,43.647224767248055,2.1610411329421892,0.47962799999999994,0.22194302213350356
24,55.98,0.02,24.83,97.89,0.42,1.68,1.29,4.27,0.0,3.45,0.77,0.03,0.0,0.0,0.0,sirmour_260721_07_57.mp4,2026-07-21 07:45:00+05:30,2026-07-21 09:30:00+05:30,2026-07-21,105,0.4126639859614524,47.04307647413637,2.3535362493034966,0.5210246666666667,0.22137949514092178
24,55.98,0.02,24.83,97.89,0.42,1.68,1.29,4.27,0.0,3.45,0.77,0.03,0.0,0.0,0.0,sirmour_260721_07_57.mp4,2026-07-21 07:45:00+05:30,2026-07-21 09:45:00+05:30,2026-07-21,120,0.4126639859614524,50.44479457887688,2.5362686909695005,0.6100833333333334,0.24054365198196972
24,55.98,0.02,24.83,97.89,0.42,1.68,1.29,4.27,0.0,3.45,0.77,0.03,0.0,0.0,0.0,sirmour_260721_07_57.mp4,2026-07-21 07:45:00+05:30,2026-07-21 10:00:00+05:30,2026-07-21,135,0.4126639859614524,53.8507400027306,2.707920140006949,0.8292626666666666,0.30623601280373747
24,55.98,0.02,24.83,97.89,0.42,1.68,1.29,4.27,0.0,3.45,0.77,0.03,0.0,0.0,0.0,sirmour_260721_07_57.mp4,2026-07-21 07:45:00+05:30,2026-07-21 10:15:00+05:30,2026-07-21,150,0.4126639859614524,57.25904015495893,2.8673222814256296,0.9517966666666668,0.33194617599575676
24,55.98,0.02,24.83,97.89,0.42,1.68,1.29,4.27,0.0,3.45,0.77,0.03,0.0,0.0,0.0,sirmour_260721_07_57.mp4,2026-07-21 07:45:00+05:30,2026-07-21 10:30:00+05:30,2026-07-21,165,0.4126639859614524,60.66740194569949,3.013440447096285,0.8515526666666668,0.28258486657242976
24,55.98,0.02,24.83,97.89,0.42,1.68,1.29,4.27,0.0,3.45,0.77,0.03,0.0,0.0,0.0,sirmour_260721_07_57.mp4,2026-07-21 07:45:00+05:30,2026-07-21 10:45:00+05:30,2026-07-21,180,0.4126639859614524,64.07278831961648,3.1453621141543446,0.8440426666666665,0.26834514947211224
24,55.98,0.02,24.83,97.89,0.42,1.68,1.29,4.27,0.0,3.45,0.77,0.03,0.0,0.0,0.0,sirmour_260721_07_57.mp4,2026-07-21 07:45:00+05:30,2026-07-21 11:00:00+05:30,2026-07-21,195,0.4126639859614524,67.47081536894922,3.2622888790534303,0.914078,0.28019529658122255
24,55.98,0.02,24.83,97.89,0.42,1.68,1.29,4.27,0.0,3.45,0.77,0.03,0.0,0.0,0.0,sirmour_260721_07_57.mp4,2026-07-21 07:45:00+05:30,2026-07-21 11:15:00+05:30,2026-07-21,210,0.4126639859614524,70.85452408397256,3.3635307949360875,0.9231606666666664,0.2744617852336946
24,55.98,0.02,24.83,97.89,0.42,1.68,1.29,4.27,0.0,3.45,0.77,0.03,0.0,0.0,0.0,sirmour_260721_07_57.mp4,2026-07-21 07:45:00+05:30,2026-07-21 11:30:00+05:30,2026-07-21,225,0.4126639859614524,74.21161901302371,3.448502448380031,0.8502526666666667,0.24655707206068
24,55.98,0.02,24.83,97.89,0.42,1.68,1.29,4.27,0.0,3.45,0.77,0.03,0.0,0.0,0.0,sirmour_260721_07_57.mp4,2026-07-21 07:45:00+05:30,2026-07-21 11:45:00+05:30,2026-07-21,240,0.4126639859614524,77.51741840876001,3.516720314060386,0.9468966666666666,0.2692556080962222
24,55.97,0.01,24.84,97.89,0.41,1.7,1.341,4.27,0.0,3.45,0.77,0.03,0.0,0.000427,3.6e-05,sirmour_260721_10_53.mp4,2026-07-21 10:45:00+05:30,2026-07-21 11:00:00+05:30,2026-07-21,15,0.2972780512110091,67.47081536894922,3.2622888790534303,0.914078,0.28019529658122255
24,55.97,0.01,24.84,97.89,0.41,1.7,1.341,4.27,0.0,3.45,0.77,0.03,0.0,0.000427,3.6e-05,sirmour_260721_10_53.mp4,2026-07-21 10:45:00+05:30,2026-07-21 11:15:00+05:30,2026-07-21,30,0.2972780512110091,70.85452408397256,3.3635307949360875,0.9231606666666664,0.2744617852336946
24,55.97,0.01,24.84,97.89,0.41,1.7,1.341,4.27,0.0,3.45,0.77,0.03,0.0,0.000427,3.6e-05,sirmour_260721_10_53.mp4,2026-07-21 10:45:00+05:30,2026-07-21 11:30:00+05:30,2026-07-21,45,0.2972780512110091,74.21161901302371,3.448502448380031,0.8502526666666667,0.24655707206068
24,55.97,0.01,24.84,97.89,0.41,1.7,1.341,4.27,0.0,3.45,0.77,0.03,0.0,0.000427,3.6e-05,sirmour_260721_10_53.mp4,2026-07-21 10:45:00+05:30,2026-07-21 11:45:00+05:30,2026-07-21,60,0.2972780512110091,77.51741840876001,3.516720314060386,0.9468966666666666,0.2692556080962222
24,55.97,0.01,24.84,97.89,0.41,1.7,1.341,4.27,0.0,3.45,0.77,0.03,0.0,0.000427,3.6e-05,sirmour_260721_10_53.mp4,2026-07-21 10:45:00+05:30,2026-07-21 12:00:00+05:30,2026-07-21,75,0.2972780512110091,80.71359219232936,3.567800988362116,0.7811653333333333,0.21894868460472788
24,55.97,0.01,24.84,97.89,0.41,1.7,1.341,4.27,0.0,3.45,0.77,0.03,0.0,0.000427,3.6e-05,sirmour_260721_10_53.mp4,2026-07-21 10:45:00+05:30,2026-07-21 12:15:00+05:30,2026-07-21,90,0.2972780512110091,83.6292250528257,3.601460267048232,0.8686453333333334,0.2411925355059596
24,55.97,0.01,24.84,97.89,0.41,1.7,1.341,4.27,0.0,3.45,0.77,0.03,0.0,0.000427,3.6e-05,sirmour_260721_10_53.mp4,2026-07-21 10:45:00+05:30,2026-07-21 12:30:00+05:30,2026-07-21,105,0.2972780512110091,85.65333726992426,3.617513532274734,0.7628420000000001,0.21087467764642095
24,55.97,0.01,24.84,97.89,0.41,1.7,1.341,4.27,0.0,3.45,0.77,0.03,0.0,0.000427,3.6e-05,sirmour_260721_10_53.mp4,2026-07-21 10:45:00+05:30,2026-07-21 12:45:00+05:30,2026-07-21,120,0.2972780512110091,85.39864498392127,3.61587625278345,0.5529713333333333,0.15292872174695243
24,55.97,0.01,24.84,97.89,0.41,1.7,1.341,4.27,0.0,3.45,0.77,0.03,0.0,0.000427,3.6e-05,sirmour_260721_10_53.mp4,2026-07-21 10:45:00+05:30,2026-07-21 13:00:00+05:30,2026-07-21,135,0.2972780512110091,83.11354248108799,3.5965559327818624,0.721532,0.20061748336050755
24,55.97,0.01,24.84,97.89,0.41,1.7,1.341,4.27,0.0,3.45,0.77,0.03,0.0,0.000427,3.6e-05,sirmour_260721_10_53.mp4,2026-07-21 10:45:00+05:30,2026-07-21 13:15:00+05:30,2026-07-21,150,0.2972780512110091,80.11920532569711,3.5596539270357304,0.7613953333333332,0.21389588677441412
24,55.97,0.01,24.84,97.89,0.41,1.7,1.341,4.27,0.0,3.45,0.77,0.03,0.0,0.000427,3.6e-05,sirmour_260721_10_53.mp4,2026-07-21 10:45:00+05:30,2026-07-21 13:30:00+05:30,2026-07-21,165,0.2972780512110091,76.8942164509907,3.505372021620211,0.697384,0.19894721464618284
24,55.97,0.01,24.84,97.89,0.41,1.7,1.341,4.27,0.0,3.45,0.77,0.03,0.0,0.000427,3.6e-05,sirmour_260721_10_53.mp4,2026-07-21 10:45:00+05:30,2026-07-21 13:45:00+05:30,2026-07-21,180,0.2972780512110091,73.57530839275785,3.4340113960519356,0.7502958333333333,0.21848961660288732
24,55.97,0.01,24.84,97.89,0.41,1.7,1.341,4.27,0.0,3.45,0.77,0.03,0.0,0.000427,3.6e-05,sirmour_260721_10_53.mp4,2026-07-21 10:45:00+05:30,2026-07-21 14:00:00+05:30,2026-07-21,195,0.2972780512110091,70.21128235844729,3.3459725586873197,0.7522913333333332,0.22483487839137256
24,55.97,0.01,24.84,97.89,0.41,1.7,1.341,4.27,0.0,3.45,0.77,0.03,0.0,0.000427,3.6e-05,sirmour_260721_10_53.mp4,2026-07-21 10:45:00+05:30,2026-07-21 14:15:00+05:30,2026-07-21,210,0.2972780512110091,66.82351468507159,3.2417564467312716,0.6498506666666668,0.20046252003969156
24,55.97,0.01,24.84,97.89,0.41,1.7,1.341,4.27,0.0,3.45,0.77,0.03,0.0,0.000427,3.6e-05,sirmour_260721_10_53.mp4,2026-07-21 10:45:00+05:30,2026-07-21 14:30:00+05:30,2026-07-21,225,0.2972780512110091,63.422938565631064,3.121966360947332,0.6232173333333334,0.199623333911972
24,55.97,0.01,24.84,97.89,0.41,1.7,1.341,4.27,0.0,3.45,0.77,0.03,0.0,0.000427,3.6e-05,sirmour_260721_10_53.mp4,2026-07-21 10:45:00+05:30,2026-07-21 14:45:00+05:30,2026-07-21,240,0.2972780512110091,60.0158757882757,2.987310826003246,0.4949373333333333,0.16567989143450298
24,55.99,0.01,24.83,97.9,0.39,1.72,1.337,4.27,0.0,3.45,0.77,0.04,0.0,0.0,0.0,sirmour_260721_11_18.mp4,2026-07-21 11:15:00+05:30,2026-07-21 11:30:00+05:30,2026-07-21,15,0.27639677446486477,74.21161901302371,3.448502448380031,0.8502526666666667,0.24655707206068
24,55.99,0.01,24.83,97.9,0.39,1.72,1.337,4.27,0.0,3.45,0.77,0.04,0.0,0.0,0.0,sirmour_260721_11_18.mp4,2026-07-21 11:15:00+05:30,2026-07-21 11:45:00+05:30,2026-07-21,30,0.27639677446486477,77.51741840876001,3.516720314060386,0.9468966666666666,0.2692556080962222
24,55.99,0.01,24.83,97.9,0.39,1.72,1.337,4.27,0.0,3.45,0.77,0.04,0.0,0.0,0.0,sirmour_260721_11_18.mp4,2026-07-21 11:15:00+05:30,2026-07-21 12:00:00+05:30,2026-07-21,45,0.27639677446486477,80.71359219232936,3.567800988362116,0.7811653333333333,0.21894868460472788
24,55.99,0.01,24.83,97.9,0.39,1.72,1.337,4.27,0.0,3.45,0.77,0.04,0.0,0.0,0.0,sirmour_260721_11_18.mp4,2026-07-21 11:15:00+05:30,2026-07-21 12:15:00+05:30,2026-07-21,60,0.27639677446486477,83.6292250528257,3.601460267048232,0.8686453333333334,0.2411925355059596
24,55.99,0.01,24.83,97.9,0.39,1.72,1.337,4.27,0.0,3.45,0.77,0.04,0.0,0.0,0.0,sirmour_260721_11_18.mp4,2026-07-21 11:15:00+05:30,2026-07-21 12:30:00+05:30,2026-07-21,75,0.27639677446486477,85.65333726992426,3.617513532274734,0.7628420000000001,0.21087467764642095
24,55.99,0.01,24.83,97.9,0.39,1.72,1.337,4.27,0.0,3.45,0.77,0.04,0.0,0.0,0.0,sirmour_260721_11_18.mp4,2026-07-21 11:15:00+05:30,2026-07-21 12:45:00+05:30,2026-07-21,90,0.27639677446486477,85.39864498392127,3.61587625278345,0.5529713333333333,0.15292872174695243
24,55.99,0.01,24.83,97.9,0.39,1.72,1.337,4.27,0.0,3.45,0.77,0.04,0.0,0.0,0.0,sirmour_260721_11_18.mp4,2026-07-21 11:15:00+05:30,2026-07-21 13:00:00+05:30,2026-07-21,105,0.27639677446486477,83.11354248108799,3.5965559327818624,0.721532,0.20061748336050755
24,55.99,0.01,24.83,97.9,0.39,1.72,1.337,4.27,0.0,3.45,0.77,0.04,0.0,0.0,0.0,sirmour_260721_11_18.mp4,2026-07-21 11:15:00+05:30,2026-07-21 13:15:00+05:30,2026-07-21,120,0.27639677446486477,80.11920532569711,3.5596539270357304,0.7613953333333332,0.21389588677441412
24,55.99,0.01,24.83,97.9,0.39,1.72,1.337,4.27,0.0,3.45,0.77,0.04,0.0,0.0,0.0,sirmour_260721_11_18.mp4,2026-07-21 11:15:00+05:30,2026-07-21 13:30:00+05:30,2026-07-21,135,0.27639677446486477,76.8942164509907,3.505372021620211,0.697384,0.19894721464618284
24,55.99,0.01,24.83,97.9,0.39,1.72,1.337,4.27,0.0,3.45,0.77,0.04,0.0,0.0,0.0,sirmour_260721_11_18.mp4,2026-07-21 11:15:00+05:30,2026-07-21 13:45:00+05:30,2026-07-21,150,0.27639677446486477,73.57530839275785,3.4340113960519356,0.7502958333333333,0.21848961660288732
24,55.99,0.01,24.83,97.9,0.39,1.72,1.337,4.27,0.0,3.45,0.77,0.04,0.0,0.0,0.0,sirmour_260721_11_18.mp4,2026-07-21 11:15:00+05:30,2026-07-21 14:00:00+05:30,2026-07-21,165,0.27639677446486477,70.21128235844729,3.3459725586873197,0.7522913333333332,0.22483487839137256
24,55.99,0.01,24.83,97.9,0.39,1.72,1.337,4.27,0.0,3.45,0.77,0.04,0.0,0.0,0.0,sirmour_260721_11_18.mp4,2026-07-21 11:15:00+05:30,2026-07-21 14:15:00+05:30,2026-07-21,180,0.27639677446486477,66.82351468507159,3.2417564467312716,0.6498506666666668,0.20046252003969156
24,55.99,0.01,24.83,97.9,0.39,1.72,1.337,4.27,0.0,3.45,0.77,0.04,0.0,0.0,0.0,sirmour_260721_11_18.mp4,2026-07-21 11:15:00+05:30,2026-07-21 14:30:00+05:30,2026-07-21,195,0.27639677446486477,63.422938565631064,3.121966360947332,0.6232173333333334,0.199623333911972
24,55.99,0.01,24.83,97.9,0.39,1.72,1.337,4.27,0.0,3.45,0.77,0.04,0.0,0.0,0.0,sirmour_260721_11_18.mp4,2026-07-21 11:15:00+05:30,2026-07-21 14:45:00+05:30,2026-07-21,210,0.27639677446486477,60.0158757882757,2.987310826003246,0.4949373333333333,0.16567989143450298
24,55.99,0.01,24.83,97.9,0.39,1.72,1.337,4.27,0.0,3.45,0.77,0.04,0.0,0.0,0.0,sirmour_260721_11_18.mp4,2026-07-21 11:15:00+05:30,2026-07-21 15:00:00+05:30,2026-07-21,225,0.27639677446486477,56.606383108570746,2.8386078107236883,0.42267200000000005,0.14890116147895824
24,55.99,0.01,24.83,97.9,0.39,1.72,1.337,4.27,0.0,3.45,0.77,0.04,0.0,0.0,0.0,sirmour_260721_11_18.mp4,2026-07-21 11:15:00+05:30,2026-07-21 15:15:00+05:30,2026-07-21,240,0.27639677446486477,53.197317906663095,2.676790805221729,0.4198619999999999,0.15685275038339094
24,55.96,0.02,24.8,97.88,0.43,1.69,1.338,4.38,0.0,3.56,0.77,0.02,0.0,0.00036,1.2e-05,sirmour_260721_11_43.mp4,2026-07-21 11:30:00+05:30,2026-07-21 11:45:00+05:30,2026-07-21,15,0.26738982583692733,77.51741840876001,3.516720314060386,0.9468966666666666,0.2692556080962222
24,55.96,0.02,24.8,97.88,0.43,1.69,1.338,4.38,0.0,3.56,0.77,0.02,0.0,0.00036,1.2e-05,sirmour_260721_11_43.mp4,2026-07-21 11:30:00+05:30,2026-07-21 12:00:00+05:30,2026-07-21,30,0.26738982583692733,80.71359219232936,3.567800988362116,0.7811653333333333,0.21894868460472788
24,55.96,0.02,24.8,97.88,0.43,1.69,1.338,4.38,0.0,3.56,0.77,0.02,0.0,0.00036,1.2e-05,sirmour_260721_11_43.mp4,2026-07-21 11:30:00+05:30,2026-07-21 12:15:00+05:30,2026-07-21,45,0.26738982583692733,83.6292250528257,3.601460267048232,0.8686453333333334,0.2411925355059596
24,55.96,0.02,24.8,97.88,0.43,1.69,1.338,4.38,0.0,3.56,0.77,0.02,0.0,0.00036,1.2e-05,sirmour_260721_11_43.mp4,2026-07-21 11:30:00+05:30,2026-07-21 12:30:00+05:30,2026-07-21,60,0.26738982583692733,85.65333726992426,3.617513532274734,0.7628420000000001,0.21087467764642095
24,55.96,0.02,24.8,97.88,0.43,1.69,1.338,4.38,0.0,3.56,0.77,0.02,0.0,0.00036,1.2e-05,sirmour_260721_11_43.mp4,2026-07-21 11:30:00+05:30,2026-07-21 12:45:00+05:30,2026-07-21,75,0.26738982583692733,85.39864498392127,3.61587625278345,0.5529713333333333,0.15292872174695243
24,55.96,0.02,24.8,97.88,0.43,1.69,1.338,4.38,0.0,3.56,0.77,0.02,0.0,0.00036,1.2e-05,sirmour_260721_11_43.mp4,2026-07-21 11:30:00+05:30,2026-07-21 13:00:00+05:30,2026-07-21,90,0.26738982583692733,83.11354248108799,3.5965559327818624,0.721532,0.20061748336050755
24,55.96,0.02,24.8,97.88,0.43,1.69,1.338,4.38,0.0,3.56,0.77,0.02,0.0,0.00036,1.2e-05,sirmour_260721_11_43.mp4,2026-07-21 11:30:00+05:30,2026-07-21 13:15:00+05:30,2026-07-21,105,0.26738982583692733,80.11920532569711,3.5596539270357304,0.7613953333333332,0.21389588677441412
24,55.96,0.02,24.8,97.88,0.43,1.69,1.338,4.38,0.0,3.56,0.77,0.02,0.0,0.00036,1.2e-05,sirmour_260721_11_43.mp4,2026-07-21 11:30:00+05:30,2026-07-21 13:30:00+05:30,2026-07-21,120,0.26738982583692733,76.8942164509907,3.505372021620211,0.697384,0.19894721464618284
24,55.96,0.02,24.8,97.88,0.43,1.69,1.338,4.38,0.0,3.56,0.77,0.02,0.0,0.00036,1.2e-05,sirmour_260721_11_43.mp4,2026-07-21 11:30:00+05:30,2026-07-21 13:45:00+05:30,2026-07-21,135,0.26738982583692733,73.57530839275785,3.4340113960519356,0.7502958333333333,0.21848961660288732
24,55.96,0.02,24.8,97.88,0.43,1.69,1.338,4.38,0.0,3.56,0.77,0.02,0.0,0.00036,1.2e-05,sirmour_260721_11_43.mp4,2026-07-21 11:30:00+05:30,2026-07-21 14:00:00+05:30,2026-07-21,150,0.26738982583692733,70.21128235844729,3.3459725586873197,0.7522913333333332,0.22483487839137256
24,55.96,0.02,24.8,97.88,0.43,1.69,1.338,4.38,0.0,3.56,0.77,0.02,0.0,0.00036,1.2e-05,sirmour_260721_11_43.mp4,2026-07-21 11:30:00+05:30,2026-07-21 14:15:00+05:30,2026-07-21,165,0.26738982583692733,66.82351468507159,3.2417564467312716,0.6498506666666668,0.20046252003969156
24,55.96,0.02,24.8,97.88,0.43,1.69,1.338,4.38,0.0,3.56,0.77,0.02,0.0,0.00036,1.2e-05,sirmour_260721_11_43.mp4,2026-07-21 11:30:00+05:30,2026-07-21 14:30:00+05:30,2026-07-21,180,0.26738982583692733,63.422938565631064,3.121966360947332,0.6232173333333334,0.199623333911972
24,55.96,0.02,24.8,97.88,0.43,1.69,1.338,4.38,0.0,3.56,0.77,0.02,0.0,0.00036,1.2e-05,sirmour_260721_11_43.mp4,2026-07-21 11:30:00+05:30,2026-07-21 14:45:00+05:30,2026-07-21,195,0.26738982583692733,60.0158757882757,2.987310826003246,0.4949373333333333,0.16567989143450298
24,55.96,0.02,24.8,97.88,0.43,1.69,1.338,4.38,0.0,3.56,0.77,0.02,0.0,0.00036,1.2e-05,sirmour_260721_11_43.mp4,2026-07-21 11:30:00+05:30,2026-07-21 15:00:00+05:30,2026-07-21,210,0.26738982583692733,56.606383108570746,2.8386078107236883,0.42267200000000005,0.14890116147895824
24,55.96,0.02,24.8,97.88,0.43,1.69,1.338,4.38,0.0,3.56,0.77,0.02,0.0,0.00036,1.2e-05,sirmour_260721_11_43.mp4,2026-07-21 11:30:00+05:30,2026-07-21 15:15:00+05:30,2026-07-21,225,0.26738982583692733,53.197317906663095,2.676790805221729,0.4198619999999999,0.15685275038339094
24,55.96,0.02,24.8,97.88,0.43,1.69,1.338,4.38,0.0,3.56,0.77,0.02,0.0,0.00036,1.2e-05,sirmour_260721_11_43.mp4,2026-07-21 11:30:00+05:30,2026-07-21 15:30:00+05:30,2026-07-21,240,0.26738982583692733,49.79087007511331,2.5029174287679896,0.28765066666666667,0.11492615112287459
24,55.98,0.02,24.81,97.9,0.4,1.7,1.325,4.22,0.0,3.4,0.77,0.03,0.0,0.0,0.0,sirmour_260721_12_07.mp4,2026-07-21 12:00:00+05:30,2026-07-21 12:15:00+05:30,2026-07-21,15,0.25230578749883115,83.6292250528257,3.601460267048232,0.8686453333333334,0.2411925355059596
24,55.98,0.02,24.81,97.9,0.4,1.7,1.325,4.22,0.0,3.4,0.77,0.03,0.0,0.0,0.0,sirmour_260721_12_07.mp4,2026-07-21 12:00:00+05:30,2026-07-21 12:30:00+05:30,2026-07-21,30,0.25230578749883115,85.65333726992426,3.617513532274734,0.7628420000000001,0.21087467764642095
24,55.98,0.02,24.81,97.9,0.4,1.7,1.325,4.22,0.0,3.4,0.77,0.03,0.0,0.0,0.0,sirmour_260721_12_07.mp4,2026-07-21 12:00:00+05:30,2026-07-21 12:45:00+05:30,2026-07-21,45,0.25230578749883115,85.39864498392127,3.61587625278345,0.5529713333333333,0.15292872174695243
24,55.98,0.02,24.81,97.9,0.4,1.7,1.325,4.22,0.0,3.4,0.77,0.03,0.0,0.0,0.0,sirmour_260721_12_07.mp4,2026-07-21 12:00:00+05:30,2026-07-21 13:00:00+05:30,2026-07-21,60,0.25230578749883115,83.11354248108799,3.5965559327818624,0.721532,0.20061748336050755
24,55.98,0.02,24.81,97.9,0.4,1.7,1.325,4.22,0.0,3.4,0.77,0.03,0.0,0.0,0.0,sirmour_260721_12_07.mp4,2026-07-21 12:00:00+05:30,2026-07-21 13:15:00+05:30,2026-07-21,75,0.25230578749883115,80.11920532569711,3.5596539270357304,0.7613953333333332,0.21389588677441412
24,55.98,0.02,24.81,97.9,0.4,1.7,1.325,4.22,0.0,3.4,0.77,0.03,0.0,0.0,0.0,sirmour_260721_12_07.mp4,2026-07-21 12:00:00+05:30,2026-07-21 13:30:00+05:30,2026-07-21,90,0.25230578749883115,76.8942164509907,3.505372021620211,0.697384,0.19894721464618284
24,55.98,0.02,24.81,97.9,0.4,1.7,1.325,4.22,0.0,3.4,0.77,0.03,0.0,0.0,0.0,sirmour_260721_12_07.mp4,2026-07-21 12:00:00+05:30,2026-07-21 13:45:00+05:30,2026-07-21,105,0.25230578749883115,73.57530839275785,3.4340113960519356,0.7502958333333333,0.21848961660288732
24,55.98,0.02,24.81,97.9,0.4,1.7,1.325,4.22,0.0,3.4,0.77,0.03,0.0,0.0,0.0,sirmour_260721_12_07.mp4,2026-07-21 12:00:00+05:30,2026-07-21 14:00:00+05:30,2026-07-21,120,0.25230578749883115,70.21128235844729,3.3459725586873197,0.7522913333333332,0.22483487839137256
24,55.98,0.02,24.81,97.9,0.4,1.7,1.325,4.22,0.0,3.4,0.77,0.03,0.0,0.0,0.0,sirmour_260721_12_07.mp4,2026-07-21 12:00:00+05:30,2026-07-21 14:15:00+05:30,2026-07-21,135,0.25230578749883115,66.82351468507159,3.2417564467312716,0.6498506666666668,0.20046252003969156
24,55.98,0.02,24.81,97.9,0.4,1.7,1.325,4.22,0.0,3.4,0.77,0.03,0.0,0.0,0.0,sirmour_260721_12_07.mp4,2026-07-21 12:00:00+05:30,2026-07-21 14:30:00+05:30,2026-07-21,150,0.25230578749883115,63.422938565631064,3.121966360947332,0.6232173333333334,0.199623333911972
24,55.98,0.02,24.81,97.9,0.4,1.7,1.325,4.22,0.0,3.4,0.77,0.03,0.0,0.0,0.0,sirmour_260721_12_07.mp4,2026-07-21 12:00:00+05:30,2026-07-21 14:45:00+05:30,2026-07-21,165,0.25230578749883115,60.0158757882757,2.987310826003246,0.4949373333333333,0.16567989143450298
24,55.98,0.02,24.81,97.9,0.4,1.7,1.325,4.22,0.0,3.4,0.77,0.03,0.0,0.0,0.0,sirmour_260721_12_07.mp4,2026-07-21 12:00:00+05:30,2026-07-21 15:00:00+05:30,2026-07-21,180,0.25230578749883115,56.606383108570746,2.8386078107236883,0.42267200000000005,0.14890116147895824
24,55.98,0.02,24.81,97.9,0.4,1.7,1.325,4.22,0.0,3.4,0.77,0.03,0.0,0.0,0.0,sirmour_260721_12_07.mp4,2026-07-21 12:00:00+05:30,2026-07-21 15:15:00+05:30,2026-07-21,195,0.25230578749883115,53.197317906663095,2.676790805221729,0.4198619999999999,0.15685275038339094
24,55.98,0.02,24.81,97.9,0.4,1.7,1.325,4.22,0.0,3.4,0.77,0.03,0.0,0.0,0.0,sirmour_260721_12_07.mp4,2026-07-21 12:00:00+05:30,2026-07-21 15:30:00+05:30,2026-07-21,210,0.25230578749883115,49.79087007511331,2.5029174287679896,0.28765066666666667,0.11492615112287459
24,55.98,0.02,24.81,97.9,0.4,1.7,1.325,4.22,0.0,3.4,0.77,0.03,0.0,0.0,0.0,sirmour_260721_12_07.mp4,2026-07-21 12:00:00+05:30,2026-07-21 15:45:00+05:30,2026-07-21,225,0.25230578749883115,46.38885175919889,2.3181817567009633,0.21881266666666668,0.0943897802811036
24,55.98,0.02,24.81,97.9,0.4,1.7,1.325,4.22,0.0,3.4,0.77,0.03,0.0,0.0,0.0,sirmour_260721_12_07.mp4,2026-07-21 12:00:00+05:30,2026-07-21 16:00:00+05:30,2026-07-21,240,0.25230578749883115,42.99286727682506,2.1239318534194704,0.173032,0.08146777389369783
24,55.98,0.01,24.85,97.87,0.42,1.7,1.299,4.32,0.0,3.51,0.77,0.02,0.0,0.000855,8.1e-05,sirmour_260721_12_32.mp4,2026-07-21 12:30:00+05:30,2026-07-21 12:45:00+05:30,2026-07-21,15,0.23506787646333266,85.39864498392127,3.61587625278345,0.5529713333333333,0.15292872174695243
24,55.98,0.01,24.85,97.87,0.42,1.7,1.299,4.32,0.0,3.51,0.77,0.02,0.0,0.000855,8.1e-05,sirmour_260721_12_32.mp4,2026-07-21 12:30:00+05:30,2026-07-21 13:00:00+05:30,2026-07-21,30,0.23506787646333266,83.11354248108799,3.5965559327818624,0.721532,0.20061748336050755
24,55.98,0.01,24.85,97.87,0.42,1.7,1.299,4.32,0.0,3.51,0.77,0.02,0.0,0.000855,8.1e-05,sirmour_260721_12_32.mp4,2026-07-21 12:30:00+05:30,2026-07-21 13:15:00+05:30,2026-07-21,45,0.23506787646333266,80.11920532569711,3.5596539270357304,0.7613953333333332,0.21389588677441412
24,55.98,0.01,24.85,97.87,0.42,1.7,1.299,4.32,0.0,3.51,0.77,0.02,0.0,0.000855,8.1e-05,sirmour_260721_12_32.mp4,2026-07-21 12:30:00+05:30,2026-07-21 13:30:00+05:30,2026-07-21,60,0.23506787646333266,76.8942164509907,3.505372021620211,0.697384,0.19894721464618284
24,55.98,0.01,24.85,97.87,0.42,1.7,1.299,4.32,0.0,3.51,0.77,0.02,0.0,0.000855,8.1e-05,sirmour_260721_12_32.mp4,2026-07-21 12:30:00+05:30,2026-07-21 13:45:00+05:30,2026-07-21,75,0.23506787646333266,73.57530839275785,3.4340113960519356,0.7502958333333333,0.21848961660288732
24,55.98,0.01,24.85,97.87,0.42,1.7,1.299,4.32,0.0,3.51,0.77,0.02,0.0,0.000855,8.1e-05,sirmour_260721_12_32.mp4,2026-07-21 12:30:00+05:30,2026-07-21 14:00:00+05:30,2026-07-21,90,0.23506787646333266,70.21128235844729,3.3459725586873197,0.7522913333333332,0.22483487839137256
24,55.98,0.01,24.85,97.87,0.42,1.7,1.299,4.32,0.0,3.51,0.77,0.02,0.0,0.000855,8.1e-05,sirmour_260721_12_32.mp4,2026-07-21 12:30:00+05:30,2026-07-21 14:15:00+05:30,2026-07-21,105,0.23506787646333266,66.82351468507159,3.2417564467312716,0.6498506666666668,0.20046252003969156
24,55.98,0.01,24.85,97.87,0.42,1.7,1.299,4.32,0.0,3.51,0.77,0.02,0.0,0.000855,8.1e-05,sirmour_260721_12_32.mp4,2026-07-21 12:30:00+05:30,2026-07-21 14:30:00+05:30,2026-07-21,120,0.23506787646333266,63.422938565631064,3.121966360947332,0.6232173333333334,0.199623333911972
24,55.98,0.01,24.85,97.87,0.42,1.7,1.299,4.32,0.0,3.51,0.77,0.02,0.0,0.000855,8.1e-05,sirmour_260721_12_32.mp4,2026-07-21 12:30:00+05:30,2026-07-21 14:45:00+05:30,2026-07-21,135,0.23506787646333266,60.0158757882757,2.987310826003246,0.4949373333333333,0.16567989143450298
24,55.98,0.01,24.85,97.87,0.42,1.7,1.299,4.32,0.0,3.51,0.77,0.02,0.0,0.000855,8.1e-05,sirmour_260721_12_32.mp4,2026-07-21 12:30:00+05:30,2026-07-21 15:00:00+05:30,2026-07-21,150,0.23506787646333266,56.606383108570746,2.8386078107236883,0.42267200000000005,0.14890116147895824
24,55.98,0.01,24.85,97.87,0.42,1.7,1.299,4.32,0.0,3.51,0.77,0.02,0.0,0.000855,8.1e-05,sirmour_260721_12_32.mp4,2026-07-21 12:30:00+05:30,2026-07-21 15:15:00+05:30,2026-07-21,165,0.23506787646333266,53.197317906663095,2.676790805221729,0.4198619999999999,0.15685275038339094
24,55.98,0.01,24.85,97.87,0.42,1.7,1.299,4.32,0.0,3.51,0.77,0.02,0.0,0.000855,8.1e-05,sirmour_260721_12_32.mp4,2026-07-21 12:30:00+05:30,2026-07-21 15:30:00+05:30,2026-07-21,180,0.23506787646333266,49.79087007511331,2.5029174287679896,0.28765066666666667,0.11492615112287459
24,55.98,0.01,24.85,97.87,0.42,1.7,1.299,4.32,0.0,3.51,0.77,0.02,0.0,0.000855,8.1e-05,sirmour_260721_12_32.mp4,2026-07-21 12:30:00+05:30,2026-07-21 15:45:00+05:30,2026-07-21,195,0.23506787646333266,46.38885175919889,2.3181817567009633,0.21881266666666668,0.0943897802811036
24,55.98,0.01,24.85,97.87,0.42,1.7,1.299,4.32,0.0,3.51,0.77,0.02,0.0,0.000855,8.1e-05,sirmour_260721_12_32.mp4,2026-07-21 12:30:00+05:30,2026-07-21 16:00:00+05:30,2026-07-21,210,0.23506787646333266,42.99286727682506,2.1239318534194704,0.173032,0.08146777389369783
24,55.98,0.01,24.85,97.87,0.42,1.7,1.299,4.32,0.0,3.51,0.77,0.02,0.0,0.000855,8.1e-05,sirmour_260721_12_32.mp4,2026-07-21 12:30:00+05:30,2026-07-21 16:15:00+05:30,2026-07-21,225,0.23506787646333266,39.604419653450485,1.92169465011005,0.14009133333333332,0.0728998924596635
24,55.98,0.01,24.85,97.87,0.42,1.7,1.299,4.32,0.0,3.51,0.77,0.02,0.0,0.000855,8.1e-05,sirmour_260721_12_32.mp4,2026-07-21 12:30:00+05:30,2026-07-21 16:30:00+05:30,2026-07-21,240,0.23506787646333266,36.224985870714455,1.7132115705570206,0.106862,0.06237524999043504
24,55.98,0.02,24.78,97.87,0.41,1.71,1.289,4.32,0.0,3.51,0.77,0.02,0.0,0.0,0.0,sirmour_260721_12_57.mp4,2026-07-21 12:45:00+05:30,2026-07-21 13:00:00+05:30,2026-07-21,15,0.20598615487601524,83.11354248108799,3.5965559327818624,0.721532,0.20061748336050755
24,55.98,0.02,24.78,97.87,0.41,1.71,1.289,4.32,0.0,3.51,0.77,0.02,0.0,0.0,0.0,sirmour_260721_12_57.mp4,2026-07-21 12:45:00+05:30,2026-07-21 13:15:00+05:30,2026-07-21,30,0.20598615487601524,80.11920532569711,3.5596539270357304,0.7613953333333332,0.21389588677441412
24,55.98,0.02,24.78,97.87,0.41,1.71,1.289,4.32,0.0,3.51,0.77,0.02,0.0,0.0,0.0,sirmour_260721_12_57.mp4,2026-07-21 12:45:00+05:30,2026-07-21 13:30:00+05:30,2026-07-21,45,0.20598615487601524,76.8942164509907,3.505372021620211,0.697384,0.19894721464618284
24,55.98,0.02,24.78,97.87,0.41,1.71,1.289,4.32,0.0,3.51,0.77,0.02,0.0,0.0,0.0,sirmour_260721_12_57.mp4,2026-07-21 12:45:00+05:30,2026-07-21 13:45:00+05:30,2026-07-21,60,0.20598615487601524,73.57530839275785,3.4340113960519356,0.7502958333333333,0.21848961660288732
24,55.98,0.02,24.78,97.87,0.41,1.71,1.289,4.32,0.0,3.51,0.77,0.02,0.0,0.0,0.0,sirmour_260721_12_57.mp4,2026-07-21 12:45:00+05:30,2026-07-21 14:00:00+05:30,2026-07-21,75,0.20598615487601524,70.21128235844729,3.3459725586873197,0.7522913333333332,0.22483487839137256
24,55.98,0.02,24.78,97.87,0.41,1.71,1.289,4.32,0.0,3.51,0.77,0.02,0.0,0.0,0.0,sirmour_260721_12_57.mp4,2026-07-21 12:45:00+05:30,2026-07-21 14:15:00+05:30,2026-07-21,90,0.20598615487601524,66.82351468507159,3.2417564467312716,0.6498506666666668,0.20046252003969156
24,55.98,0.02,24.78,97.87,0.41,1.71,1.289,4.32,0.0,3.51,0.77,0.02,0.0,0.0,0.0,sirmour_260721_12_57.mp4,2026-07-21 12:45:00+05:30,2026-07-21 14:30:00+05:30,2026-07-21,105,0.20598615487601524,63.422938565631064,3.121966360947332,0.6232173333333334,0.199623333911972
24,55.98,0.02,24.78,97.87,0.41,1.71,1.289,4.32,0.0,3.51,0.77,0.02,0.0,0.0,0.0,sirmour_260721_12_57.mp4,2026-07-21 12:45:00+05:30,2026-07-21 14:45:00+05:30,2026-07-21,120,0.20598615487601524,60.0158757882757,2.987310826003246,0.4949373333333333,0.16567989143450298
24,55.98,0.02,24.78,97.87,0.41,1.71,1.289,4.32,0.0,3.51,0.77,0.02,0.0,0.0,0.0,sirmour_260721_12_57.mp4,2026-07-21 12:45:00+05:30,2026-07-21 15:00:00+05:30,2026-07-21,135,0.20598615487601524,56.606383108570746,2.8386078107236883,0.42267200000000005,0.14890116147895824
24,55.98,0.02,24.78,97.87,0.41,1.71,1.289,4.32,0.0,3.51,0.77,0.02,0.0,0.0,0.0,sirmour_260721_12_57.mp4,2026-07-21 12:45:00+05:30,2026-07-21 15:15:00+05:30,2026-07-21,150,0.20598615487601524,53.197317906663095,2.676790805221729,0.4198619999999999,0.15685275038339094
24,55.98,0.02,24.78,97.87,0.41,1.71,1.289,4.32,0.0,3.51,0.77,0.02,0.0,0.0,0.0,sirmour_260721_12_57.mp4,2026-07-21 12:45:00+05:30,2026-07-21 15:30:00+05:30,2026-07-21,165,0.20598615487601524,49.79087007511331,2.5029174287679896,0.28765066666666667,0.11492615112287459
24,55.98,0.02,24.78,97.87,0.41,1.71,1.289,4.32,0.0,3.51,0.77,0.02,0.0,0.0,0.0,sirmour_260721_12_57.mp4,2026-07-21 12:45:00+05:30,2026-07-21 15:45:00+05:30,2026-07-21,180,0.20598615487601524,46.38885175919889,2.3181817567009633,0.21881266666666668,0.0943897802811036
24,55.98,0.02,24.78,97.87,0.41,1.71,1.289,4.32,0.0,3.51,0.77,0.02,0.0,0.0,0.0,sirmour_260721_12_57.mp4,2026-07-21 12:45:00+05:30,2026-07-21 16:00:00+05:30,2026-07-21,195,0.20598615487601524,42.99286727682506,2.1239318534194704,0.173032,0.08146777389369783
24,55.98,0.02,24.78,97.87,0.41,1.71,1.289,4.32,0.0,3.51,0.77,0.02,0.0,0.0,0.0,sirmour_260721_12_57.mp4,2026-07-21 12:45:00+05:30,2026-07-21 16:15:00+05:30,2026-07-21,210,0.20598615487601524,39.604419653450485,1.92169465011005,0.14009133333333332,0.0728998924596635
24,55.98,0.02,24.78,97.87,0.41,1.71,1.289,4.32,0.0,3.51,0.77,0.02,0.0,0.0,0.0,sirmour_260721_12_57.mp4,2026-07-21 12:45:00+05:30,2026-07-21 16:30:00+05:30,2026-07-21,225,0.20598615487601524,36.224985870714455,1.7132115705570206,0.106862,0.06237524999043504
24,55.98,0.02,24.78,97.87,0.41,1.71,1.289,4.32,0.0,3.51,0.77,0.02,0.0,0.0,0.0,sirmour_260721_12_57.mp4,2026-07-21 12:45:00+05:30,2026-07-21 16:45:00+05:30,2026-07-21,240,0.20598615487601524,32.856075938744034,1.5004896139671218,0.10333933333333334,0.06887040894612795
24,55.98,0.02,24.85,97.86,0.43,1.71,1.303,4.38,0.0,3.56,0.77,0.0,0.0,0.0,0.0,sirmour_260721_13_22.mp4,2026-07-21 13:15:00+05:30,2026-07-21 13:30:00+05:30,2026-07-21,15,0.19457919238207377,76.8942164509907,3.505372021620211,0.697384,0.19894721464618284
24,55.98,0.02,24.85,97.86,0.43,1.71,1.303,4.38,0.0,3.56,0.77,0.0,0.0,0.0,0.0,sirmour_260721_13_22.mp4,2026-07-21 13:15:00+05:30,2026-07-21 13:45:00+05:30,2026-07-21,30,0.19457919238207377,73.57530839275785,3.4340113960519356,0.7502958333333333,0.21848961660288732
24,55.98,0.02,24.85,97.86,0.43,1.71,1.303,4.38,0.0,3.56,0.77,0.0,0.0,0.0,0.0,sirmour_260721_13_22.mp4,2026-07-21 13:15:00+05:30,2026-07-21 14:00:00+05:30,2026-07-21,45,0.19457919238207377,70.21128235844729,3.3459725586873197,0.7522913333333332,0.22483487839137256
24,55.98,0.02,24.85,97.86,0.43,1.71,1.303,4.38,0.0,3.56,0.77,0.0,0.0,0.0,0.0,sirmour_260721_13_22.mp4,2026-07-21 13:15:00+05:30,2026-07-21 14:15:00+05:30,2026-07-21,60,0.19457919238207377,66.82351468507159,3.2417564467312716,0.6498506666666668,0.20046252003969156
24,55.98,0.02,24.85,97.86,0.43,1.71,1.303,4.38,0.0,3.56,0.77,0.0,0.0,0.0,0.0,sirmour_260721_13_22.mp4,2026-07-21 13:15:00+05:30,2026-07-21 14:30:00+05:30,2026-07-21,75,0.19457919238207377,63.422938565631064,3.121966360947332,0.6232173333333334,0.199623333911972
24,55.98,0.02,24.85,97.86,0.43,1.71,1.303,4.38,0.0,3.56,0.77,0.0,0.0,0.0,0.0,sirmour_260721_13_22.mp4,2026-07-21 13:15:00+05:30,2026-07-21 14:45:00+05:30,2026-07-21,90,0.19457919238207377,60.0158757882757,2.987310826003246,0.4949373333333333,0.16567989143450298
24,55.98,0.02,24.85,97.86,0.43,1.71,1.303,4.38,0.0,3.56,0.77,0.0,0.0,0.0,0.0,sirmour_260721_13_22.mp4,2026-07-21 13:15:00+05:30,2026-07-21 15:00:00+05:30,2026-07-21,105,0.19457919238207377,56.606383108570746,2.8386078107236883,0.42267200000000005,0.14890116147895824
24,55.98,0.02,24.85,97.86,0.43,1.71,1.303,4.38,0.0,3.56,0.77,0.0,0.0,0.0,0.0,sirmour_260721_13_22.mp4,2026-07-21 13:15:00+05:30,2026-07-21 15:15:00+05:30,2026-07-21,120,0.19457919238207377,53.197317906663095,2.676790805221729,0.4198619999999999,0.15685275038339094
24,55.98,0.02,24.85,97.86,0.43,1.71,1.303,4.38,0.0,3.56,0.77,0.0,0.0,0.0,0.0,sirmour_260721_13_22.mp4,2026-07-21 13:15:00+05:30,2026-07-21 15:30:00+05:30,2026-07-21,135,0.19457919238207377,49.79087007511331,2.5029174287679896,0.28765066666666667,0.11492615112287459
24,55.98,0.02,24.85,97.86,0.43,1.71,1.303,4.38,0.0,3.56,0.77,0.0,0.0,0.0,0.0,sirmour_260721_13_22.mp4,2026-07-21 13:15:00+05:30,2026-07-21 15:45:00+05:30,2026-07-21,150,0.19457919238207377,46.38885175919889,2.3181817567009633,0.21881266666666668,0.0943897802811036
24,55.98,0.02,24.85,97.86,0.43,1.71,1.303,4.38,0.0,3.56,0.77,0.0,0.0,0.0,0.0,sirmour_260721_13_22.mp4,2026-07-21 13:15:00+05:30,2026-07-21 16:00:00+05:30,2026-07-21,165,0.19457919238207377,42.99286727682506,2.1239318534194704,0.173032,0.08146777389369783
24,55.98,0.02,24.85,97.86,0.43,1.71,1.303,4.38,0.0,3.56,0.77,0.0,0.0,0.0,0.0,sirmour_260721_13_22.mp4,2026-07-21 13:15:00+05:30,2026-07-21 16:15:00+05:30,2026-07-21,180,0.19457919238207377,39.604419653450485,1.92169465011005,0.14009133333333332,0.0728998924596635
24,55.98,0.02,24.85,97.86,0.43,1.71,1.303,4.38,0.0,3.56,0.77,0.0,0.0,0.0,0.0,sirmour_260721_13_22.mp4,2026-07-21 13:15:00+05:30,2026-07-21 16:30:00+05:30,2026-07-21,195,0.19457919238207377,36.224985870714455,1.7132115705570206,0.106862,0.06237524999043504
24,55.98,0.02,24.85,97.86,0.43,1.71,1.303,4.38,0.0,3.56,0.77,0.0,0.0,0.0,0.0,sirmour_260721_13_22.mp4,2026-07-21 13:15:00+05:30,2026-07-21 16:45:00+05:30,2026-07-21,210,0.19457919238207377,32.856075938744034,1.5004896139671218,0.10333933333333334,0.06887040894612795
24,55.98,0.02,24.85,97.86,0.43,1.71,1.303,4.38,0.0,3.56,0.77,0.0,0.0,0.0,0.0,sirmour_260721_13_22.mp4,2026-07-21 13:15:00+05:30,2026-07-21 17:00:00+05:30,2026-07-21,225,0.19457919238207377,29.499285416286803,1.2858747845751812,0.07502933333333334,0.058348864316614645
24,55.98,0.02,24.85,97.86,0.43,1.71,1.303,4.38,0.0,3.56,0.77,0.0,0.0,0.0,0.0,sirmour_260721_13_22.mp4,2026-07-21 13:15:00+05:30,2026-07-21 17:15:00+05:30,2026-07-21,240,0.19457919238207377,26.15635395629727,1.0721580176204193,0.07993666666666667,0.07455679606265556
24,55.98,0.02,24.86,97.88,0.4,1.72,1.326,4.32,0.0,3.51,0.77,0.03,0.0,0.000581,5.4e-05,sirmour_260721_13_47.mp4,2026-07-21 13:45:00+05:30,2026-07-21 14:00:00+05:30,2026-07-21,15,0.20798755034599797,70.21128235844729,3.3459725586873197,0.7522913333333332,0.22483487839137256
24,55.98,0.02,24.86,97.88,0.4,1.72,1.326,4.32,0.0,3.51,0.77,0.03,0.0,0.000581,5.4e-05,sirmour_260721_13_47.mp4,2026-07-21 13:45:00+05:30,2026-07-21 14:15:00+05:30,2026-07-21,30,0.20798755034599797,66.82351468507159,3.2417564467312716,0.6498506666666668,0.20046252003969156
24,55.98,0.02,24.86,97.88,0.4,1.72,1.326,4.32,0.0,3.51,0.77,0.03,0.0,0.000581,5.4e-05,sirmour_260721_13_47.mp4,2026-07-21 13:45:00+05:30,2026-07-21 14:30:00+05:30,2026-07-21,45,0.20798755034599797,63.422938565631064,3.121966360947332,0.6232173333333334,0.199623333911972
24,55.98,0.02,24.86,97.88,0.4,1.72,1.326,4.32,0.0,3.51,0.77,0.03,0.0,0.000581,5.4e-05,sirmour_260721_13_47.mp4,2026-07-21 13:45:00+05:30,2026-07-21 14:45:00+05:30,2026-07-21,60,0.20798755034599797,60.0158757882757,2.987310826003246,0.4949373333333333,0.16567989143450298
24,55.98,0.02,24.86,97.88,0.4,1.72,1.326,4.32,0.0,3.51,0.77,0.03,0.0,0.000581,5.4e-05,sirmour_260721_13_47.mp4,2026-07-21 13:45:00+05:30,2026-07-21 15:00:00+05:30,2026-07-21,75,0.20798755034599797,56.606383108570746,2.8386078107236883,0.42267200000000005,0.14890116147895824
24,55.98,0.02,24.86,97.88,0.4,1.72,1.326,4.32,0.0,3.51,0.77,0.03,0.0,0.000581,5.4e-05,sirmour_260721_13_47.mp4,2026-07-21 13:45:00+05:30,2026-07-21 15:15:00+05:30,2026-07-21,90,0.20798755034599797,53.197317906663095,2.676790805221729,0.4198619999999999,0.15685275038339094
24,55.98,0.02,24.86,97.88,0.4,1.72,1.326,4.32,0.0,3.51,0.77,0.03,0.0,0.000581,5.4e-05,sirmour_260721_13_47.mp4,2026-07-21 13:45:00+05:30,2026-07-21 15:30:00+05:30,2026-07-21,105,0.20798755034599797,49.79087007511331,2.5029174287679896,0.28765066666666667,0.11492615112287459
24,55.98,0.02,24.86,97.88,0.4,1.72,1.326,4.32,0.0,3.51,0.77,0.03,0.0,0.000581,5.4e-05,sirmour_260721_13_47.mp4,2026-07-21 13:45:00+05:30,2026-07-21 15:45:00+05:30,2026-07-21,120,0.20798755034599797,46.38885175919889,2.3181817567009633,0.21881266666666668,0.0943897802811036
24,55.98,0.02,24.86,97.88,0.4,1.72,1.326,4.32,0.0,3.51,0.77,0.03,0.0,0.000581,5.4e-05,sirmour_260721_13_47.mp4,2026-07-21 13:45:00+05:30,2026-07-21 16:00:00+05:30,2026-07-21,135,0.20798755034599797,42.99286727682506,2.1239318534194704,0.173032,0.08146777389369783
24,55.98,0.02,24.86,97.88,0.4,1.72,1.326,4.32,0.0,3.51,0.77,0.03,0.0,0.000581,5.4e-05,sirmour_260721_13_47.mp4,2026-07-21 13:45:00+05:30,2026-07-21 16:15:00+05:30,2026-07-21,150,0.20798755034599797,39.604419653450485,1.92169465011005,0.14009133333333332,0.0728998924596635
24,55.98,0.02,24.86,97.88,0.4,1.72,1.326,4.32,0.0,3.51,0.77,0.03,0.0,0.000581,5.4e-05,sirmour_260721_13_47.mp4,2026-07-21 13:45:00+05:30,2026-07-21 16:30:00+05:30,2026-07-21,165,0.20798755034599797,36.224985870714455,1.7132115705570206,0.106862,0.06237524999043504
24,55.98,0.02,24.86,97.88,0.4,1.72,1.326,4.32,0.0,3.51,0.77,0.03,0.0,0.000581,5.4e-05,sirmour_260721_13_47.mp4,2026-07-21 13:45:00+05:30,2026-07-21 16:45:00+05:30,2026-07-21,180,0.20798755034599797,32.856075938744034,1.5004896139671218,0.10333933333333334,0.06887040894612795
24,55.98,0.02,24.86,97.88,0.4,1.72,1.326,4.32,0.0,3.51,0.77,0.03,0.0,0.000581,5.4e-05,sirmour_260721_13_47.mp4,2026-07-21 13:45:00+05:30,2026-07-21 17:00:00+05:30,2026-07-21,195,0.20798755034599797,29.499285416286803,1.2858747845751812,0.07502933333333334,0.058348864316614645
24,55.98,0.02,24.86,97.88,0.4,1.72,1.326,4.32,0.0,3.51,0.77,0.03,0.0,0.000581,5.4e-05,sirmour_260721_13_47.mp4,2026-07-21 13:45:00+05:30,2026-07-21 17:15:00+05:30,2026-07-21,210,0.20798755034599797,26.15635395629727,1.0721580176204193,0.07993666666666667,0.07455679606265556
24,55.98,0.02,24.86,97.88,0.4,1.72,1.326,4.32,0.0,3.51,0.77,0.03,0.0,0.000581,5.4e-05,sirmour_260721_13_47.mp4,2026-07-21 13:45:00+05:30,2026-07-21 17:30:00+05:30,2026-07-21,225,0.20798755034599797,22.829241625222867,0.8627268698416436,0.07691666666666667,0.08915529277624677
24,55.98,0.02,24.82,97.86,0.46,1.68,1.28,4.38,0.0,3.56,0.77,-0.0,0.0,0.0,0.0,sirmour_260721_14_11.mp4,2026-07-21 14:00:00+05:30,2026-07-21 14:15:00+05:30,2026-07-21,15,0.21404189910371424,66.82351468507159,3.2417564467312716,0.6498506666666668,0.20046252003969156
24,55.98,0.02,24.82,97.86,0.46,1.68,1.28,4.38,0.0,3.56,0.77,-0.0,0.0,0.0,0.0,sirmour_260721_14_11.mp4,2026-07-21 14:00:00+05:30,2026-07-21 14:30:00+05:30,2026-07-21,30,0.21404189910371424,63.422938565631064,3.121966360947332,0.6232173333333334,0.199623333911972
24,55.98,0.02,24.82,97.86,0.46,1.68,1.28,4.38,0.0,3.56,0.77,-0.0,0.0,0.0,0.0,sirmour_260721_14_11.mp4,2026-07-21 14:00:00+05:30,2026-07-21 14:45:00+05:30,2026-07-21,45,0.21404189910371424,60.0158757882757,2.987310826003246,0.4949373333333333,0.16567989143450298
24,55.98,0.02,24.82,97.86,0.46,1.68,1.28,4.38,0.0,3.56,0.77,-0.0,0.0,0.0,0.0,sirmour_260721_14_11.mp4,2026-07-21 14:00:00+05:30,2026-07-21 15:00:00+05:30,2026-07-21,60,0.21404189910371424,56.606383108570746,2.8386078107236883,0.42267200000000005,0.14890116147895824
24,55.98,0.02,24.82,97.86,0.46,1.68,1.28,4.38,0.0,3.56,0.77,-0.0,0.0,0.0,0.0,sirmour_260721_14_11.mp4,2026-07-21 14:00:00+05:30,2026-07-21 15:15:00+05:30,2026-07-21,75,0.21404189910371424,53.197317906663095,2.676790805221729,0.4198619999999999,0.15685275038339094
24,55.98,0.02,24.82,97.86,0.46,1.68,1.28,4.38,0.0,3.56,0.77,-0.0,0.0,0.0,0.0,sirmour_260721_14_11.mp4,2026-07-21 14:00:00+05:30,2026-07-21 15:30:00+05:30,2026-07-21,90,0.21404189910371424,49.79087007511331,2.5029174287679896,0.28765066666666667,0.11492615112287459
24,55.98,0.02,24.82,97.86,0.46,1.68,1.28,4.38,0.0,3.56,0.77,-0.0,0.0,0.0,0.0,sirmour_260721_14_11.mp4,2026-07-21 14:00:00+05:30,2026-07-21 15:45:00+05:30,2026-07-21,105,0.21404189910371424,46.38885175919889,2.3181817567009633,0.21881266666666668,0.0943897802811036
24,55.98,0.02,24.82,97.86,0.46,1.68,1.28,4.38,0.0,3.56,0.77,-0.0,0.0,0.0,0.0,sirmour_260721_14_11.mp4,2026-07-21 14:00:00+05:30,2026-07-21 16:00:00+05:30,2026-07-21,120,0.21404189910371424,42.99286727682506,2.1239318534194704,0.173032,0.08146777389369783
24,55.98,0.02,24.82,97.86,0.46,1.68,1.28,4.38,0.0,3.56,0.77,-0.0,0.0,0.0,0.0,sirmour_260721_14_11.mp4,2026-07-21 14:00:00+05:30,2026-07-21 16:15:00+05:30,2026-07-21,135,0.21404189910371424,39.604419653450485,1.92169465011005,0.14009133333333332,0.0728998924596635
24,55.98,0.02,24.82,97.86,0.46,1.68,1.28,4.38,0.0,3.56,0.77,-0.0,0.0,0.0,0.0,sirmour_260721_14_11.mp4,2026-07-21 14:00:00+05:30,2026-07-21 16:30:00+05:30,2026-07-21,150,0.21404189910371424,36.224985870714455,1.7132115705570206,0.106862,0.06237524999043504
24,55.98,0.02,24.82,97.86,0.46,1.68,1.28,4.38,0.0,3.56,0.77,-0.0,0.0,0.0,0.0,sirmour_260721_14_11.mp4,2026-07-21 14:00:00+05:30,2026-07-21 16:45:00+05:30,2026-07-21,165,0.21404189910371424,32.856075938744034,1.5004896139671218,0.10333933333333334,0.06887040894612795
24,55.98,0.02,24.82,97.86,0.46,1.68,1.28,4.38,0.0,3.56,0.77,-0.0,0.0,0.0,0.0,sirmour_260721_14_11.mp4,2026-07-21 14:00:00+05:30,2026-07-21 17:00:00+05:30,2026-07-21,180,0.21404189910371424,29.499285416286803,1.2858747845751812,0.07502933333333334,0.058348864316614645
24,55.98,0.02,24.82,97.86,0.46,1.68,1.28,4.38,0.0,3.56,0.77,-0.0,0.0,0.0,0.0,sirmour_260721_14_11.mp4,2026-07-21 14:00:00+05:30,2026-07-21 17:15:00+05:30,2026-07-21,195,0.21404189910371424,26.15635395629727,1.0721580176204193,0.07993666666666667,0.07455679606265556
24,55.98,0.02,24.82,97.86,0.46,1.68,1.28,4.38,0.0,3.56,0.77,-0.0,0.0,0.0,0.0,sirmour_260721_14_11.mp4,2026-07-21 14:00:00+05:30,2026-07-21 17:30:00+05:30,2026-07-21,210,0.21404189910371424,22.829241625222867,0.8627268698416436,0.07691666666666667,0.08915529277624677
24,55.98,0.02,24.82,97.86,0.46,1.68,1.28,4.38,0.0,3.56,0.77,-0.0,0.0,0.0,0.0,sirmour_260721_14_11.mp4,2026-07-21 14:00:00+05:30,2026-07-21 18:00:00+05:30,2026-07-21,240,0.21404189910371424,16.232216773384934,0.4745904191505255,0.0519,0.1093574541451898
24,55.97,0.01,24.79,97.9,0.4,1.69,1.303,4.22,0.0,3.4,0.77,0.05,0.0,0.0,0.0,sirmour_260721_14_36.mp4,2026-07-21 14:30:00+05:30,2026-07-21 14:45:00+05:30,2026-07-21,15,0.21085258723648087,60.0158757882757,2.987310826003246,0.4949373333333333,0.16567989143450298
24,55.97,0.01,24.79,97.9,0.4,1.69,1.303,4.22,0.0,3.4,0.77,0.05,0.0,0.0,0.0,sirmour_260721_14_36.mp4,2026-07-21 14:30:00+05:30,2026-07-21 15:00:00+05:30,2026-07-21,30,0.21085258723648087,56.606383108570746,2.8386078107236883,0.42267200000000005,0.14890116147895824
24,55.97,0.01,24.79,97.9,0.4,1.69,1.303,4.22,0.0,3.4,0.77,0.05,0.0,0.0,0.0,sirmour_260721_14_36.mp4,2026-07-21 14:30:00+05:30,2026-07-21 15:15:00+05:30,2026-07-21,45,0.21085258723648087,53.197317906663095,2.676790805221729,0.4198619999999999,0.15685275038339094
24,55.97,0.01,24.79,97.9,0.4,1.69,1.303,4.22,0.0,3.4,0.77,0.05,0.0,0.0,0.0,sirmour_260721_14_36.mp4,2026-07-21 14:30:00+05:30,2026-07-21 15:30:00+05:30,2026-07-21,60,0.21085258723648087,49.79087007511331,2.5029174287679896,0.28765066666666667,0.11492615112287459
24,55.97,0.01,24.79,97.9,0.4,1.69,1.303,4.22,0.0,3.4,0.77,0.05,0.0,0.0,0.0,sirmour_260721_14_36.mp4,2026-07-21 14:30:00+05:30,2026-07-21 15:45:00+05:30,2026-07-21,75,0.21085258723648087,46.38885175919889,2.3181817567009633,0.21881266666666668,0.0943897802811036
24,55.97,0.01,24.79,97.9,0.4,1.69,1.303,4.22,0.0,3.4,0.77,0.05,0.0,0.0,0.0,sirmour_260721_14_36.mp4,2026-07-21 14:30:00+05:30,2026-07-21 16:00:00+05:30,2026-07-21,90,0.21085258723648087,42.99286727682506,2.1239318534194704,0.173032,0.08146777389369783
24,55.97,0.01,24.79,97.9,0.4,1.69,1.303,4.22,0.0,3.4,0.77,0.05,0.0,0.0,0.0,sirmour_260721_14_36.mp4,2026-07-21 14:30:00+05:30,2026-07-21 16:15:00+05:30,2026-07-21,105,0.21085258723648087,39.604419653450485,1.92169465011005,0.14009133333333332,0.0728998924596635
24,55.97,0.01,24.79,97.9,0.4,1.69,1.303,4.22,0.0,3.4,0.77,0.05,0.0,0.0,0.0,sirmour_260721_14_36.mp4,2026-07-21 14:30:00+05:30,2026-07-21 16:30:00+05:30,2026-07-21,120,0.21085258723648087,36.224985870714455,1.7132115705570206,0.106862,0.06237524999043504
24,55.97,0.01,24.79,97.9,0.4,1.69,1.303,4.22,0.0,3.4,0.77,0.05,0.0,0.0,0.0,sirmour_260721_14_36.mp4,2026-07-21 14:30:00+05:30,2026-07-21 16:45:00+05:30,2026-07-21,135,0.21085258723648087,32.856075938744034,1.5004896139671218,0.10333933333333334,0.06887040894612795
24,55.97,0.01,24.79,97.9,0.4,1.69,1.303,4.22,0.0,3.4,0.77,0.05,0.0,0.0,0.0,sirmour_260721_14_36.mp4,2026-07-21 14:30:00+05:30,2026-07-21 17:00:00+05:30,2026-07-21,150,0.21085258723648087,29.499285416286803,1.2858747845751812,0.07502933333333334,0.058348864316614645
24,55.97,0.01,24.79,97.9,0.4,1.69,1.303,4.22,0.0,3.4,0.77,0.05,0.0,0.0,0.0,sirmour_260721_14_36.mp4,2026-07-21 14:30:00+05:30,2026-07-21 17:15:00+05:30,2026-07-21,165,0.21085258723648087,26.15635395629727,1.0721580176204193,0.07993666666666667,0.07455679606265556
24,55.97,0.01,24.79,97.9,0.4,1.69,1.303,4.22,0.0,3.4,0.77,0.05,0.0,0.0,0.0,sirmour_260721_14_36.mp4,2026-07-21 14:30:00+05:30,2026-07-21 17:30:00+05:30,2026-07-21,180,0.21085258723648087,22.829241625222867,0.8627268698416436,0.07691666666666667,0.08915529277624677
24,55.97,0.01,24.79,97.9,0.4,1.69,1.303,4.22,0.0,3.4,0.77,0.05,0.0,0.0,0.0,sirmour_260721_14_36.mp4,2026-07-21 14:30:00+05:30,2026-07-21 18:00:00+05:30,2026-07-21,210,0.21085258723648087,16.232216773384934,0.4745904191505255,0.0519,0.1093574541451898
24,55.97,0.01,24.79,97.9,0.4,1.69,1.303,4.22,0.0,3.4,0.77,0.05,0.0,0.0,0.0,sirmour_260721_14_36.mp4,2026-07-21 14:30:00+05:30,2026-07-21 18:15:00+05:30,2026-07-21,225,0.21085258723648087,12.969015475839642,0.3078199677779254,0.11105642857142858,0.3607837054012996
24,56.0,0.01,24.85,97.88,0.41,1.7,1.251,4.27,0.0,3.45,0.77,0.05,0.0,0.000214,3e-06,sirmour_260721_15_01.mp4,2026-07-21 15:00:00+05:30,2026-07-21 15:15:00+05:30,2026-07-21,15,0.1786667267162812,53.197317906663095,2.676790805221729,0.4198619999999999,0.15685275038339094
24,56.0,0.01,24.85,97.88,0.41,1.7,1.251,4.27,0.0,3.45,0.77,0.05,0.0,0.000214,3e-06,sirmour_260721_15_01.mp4,2026-07-21 15:00:00+05:30,2026-07-21 15:30:00+05:30,2026-07-21,30,0.1786667267162812,49.79087007511331,2.5029174287679896,0.28765066666666667,0.11492615112287459
24,56.0,0.01,24.85,97.88,0.41,1.7,1.251,4.27,0.0,3.45,0.77,0.05,0.0,0.000214,3e-06,sirmour_260721_15_01.mp4,2026-07-21 15:00:00+05:30,2026-07-21 15:45:00+05:30,2026-07-21,45,0.1786667267162812,46.38885175919889,2.3181817567009633,0.21881266666666668,0.0943897802811036
24,56.0,0.01,24.85,97.88,0.41,1.7,1.251,4.27,0.0,3.45,0.77,0.05,0.0,0.000214,3e-06,sirmour_260721_15_01.mp4,2026-07-21 15:00:00+05:30,2026-07-21 16:00:00+05:30,2026-07-21,60,0.1786667267162812,42.99286727682506,2.1239318534194704,0.173032,0.08146777389369783
24,56.0,0.01,24.85,97.88,0.41,1.7,1.251,4.27,0.0,3.45,0.77,0.05,0.0,0.000214,3e-06,sirmour_260721_15_01.mp4,2026-07-21 15:00:00+05:30,2026-07-21 16:15:00+05:30,2026-07-21,75,0.1786667267162812,39.604419653450485,1.92169465011005,0.14009133333333332,0.0728998924596635
24,56.0,0.01,24.85,97.88,0.41,1.7,1.251,4.27,0.0,3.45,0.77,0.05,0.0,0.000214,3e-06,sirmour_260721_15_01.mp4,2026-07-21 15:00:00+05:30,2026-07-21 16:30:00+05:30,2026-07-21,90,0.1786667267162812,36.224985870714455,1.7132115705570206,0.106862,0.06237524999043504
24,56.0,0.01,24.85,97.88,0.41,1.7,1.251,4.27,0.0,3.45,0.77,0.05,0.0,0.000214,3e-06,sirmour_260721_15_01.mp4,2026-07-21 15:00:00+05:30,2026-07-21 16:45:00+05:30,2026-07-21,105,0.1786667267162812,32.856075938744034,1.5004896139671218,0.10333933333333334,0.06887040894612795
24,56.0,0.01,24.85,97.88,0.41,1.7,1.251,4.27,0.0,3.45,0.77,0.05,0.0,0.000214,3e-06,sirmour_260721_15_01.mp4,2026-07-21 15:00:00+05:30,2026-07-21 17:00:00+05:30,2026-07-21,120,0.1786667267162812,29.499285416286803,1.2858747845751812,0.07502933333333334,0.058348864316614645
24,56.0,0.01,24.85,97.88,0.41,1.7,1.251,4.27,0.0,3.45,0.77,0.05,0.0,0.000214,3e-06,sirmour_260721_15_01.mp4,2026-07-21 15:00:00+05:30,2026-07-21 17:15:00+05:30,2026-07-21,135,0.1786667267162812,26.15635395629727,1.0721580176204193,0.07993666666666667,0.07455679606265556
24,56.0,0.01,24.85,97.88,0.41,1.7,1.251,4.27,0.0,3.45,0.77,0.05,0.0,0.000214,3e-06,sirmour_260721_15_01.mp4,2026-07-21 15:00:00+05:30,2026-07-21 17:30:00+05:30,2026-07-21,150,0.1786667267162812,22.829241625222867,0.8627268698416436,0.07691666666666667,0.08915529277624677
24,56.0,0.01,24.85,97.88,0.41,1.7,1.251,4.27,0.0,3.45,0.77,0.05,0.0,0.000214,3e-06,sirmour_260721_15_01.mp4,2026-07-21 15:00:00+05:30,2026-07-21 18:00:00+05:30,2026-07-21,180,0.1786667267162812,16.232216773384934,0.4745904191505255,0.0519,0.1093574541451898
24,56.0,0.01,24.85,97.88,0.41,1.7,1.251,4.27,0.0,3.45,0.77,0.05,0.0,0.000214,3e-06,sirmour_260721_15_01.mp4,2026-07-21 15:00:00+05:30,2026-07-21 18:15:00+05:30,2026-07-21,195,0.1786667267162812,12.969015475839642,0.3078199677779254,0.11105642857142858,0.3607837054012996
24,55.95,0.01,24.79,97.89,0.43,1.68,1.365,4.27,0.0,3.45,0.77,0.03,0.0,0.00019,5e-06,sirmour_260721_15_25.mp4,2026-07-21 15:15:00+05:30,2026-07-21 15:30:00+05:30,2026-07-21,15,0.16776428430220605,49.79087007511331,2.5029174287679896,0.28765066666666667,0.11492615112287459
24,55.95,0.01,24.79,97.89,0.43,1.68,1.365,4.27,0.0,3.45,0.77,0.03,0.0,0.00019,5e-06,sirmour_260721_15_25.mp4,2026-07-21 15:15:00+05:30,2026-07-21 15:45:00+05:30,2026-07-21,30,0.16776428430220605,46.38885175919889,2.3181817567009633,0.21881266666666668,0.0943897802811036
24,55.95,0.01,24.79,97.89,0.43,1.68,1.365,4.27,0.0,3.45,0.77,0.03,0.0,0.00019,5e-06,sirmour_260721_15_25.mp4,2026-07-21 15:15:00+05:30,2026-07-21 16:00:00+05:30,2026-07-21,45,0.16776428430220605,42.99286727682506,2.1239318534194704,0.173032,0.08146777389369783
24,55.95,0.01,24.79,97.89,0.43,1.68,1.365,4.27,0.0,3.45,0.77,0.03,0.0,0.00019,5e-06,sirmour_260721_15_25.mp4,2026-07-21 15:15:00+05:30,2026-07-21 16:15:00+05:30,2026-07-21,60,0.16776428430220605,39.604419653450485,1.92169465011005,0.14009133333333332,0.0728998924596635
24,55.95,0.01,24.79,97.89,0.43,1.68,1.365,4.27,0.0,3.45,0.77,0.03,0.0,0.00019,5e-06,sirmour_260721_15_25.mp4,2026-07-21 15:15:00+05:30,2026-07-21 16:30:00+05:30,2026-07-21,75,0.16776428430220605,36.224985870714455,1.7132115705570206,0.106862,0.06237524999043504
24,55.95,0.01,24.79,97.89,0.43,1.68,1.365,4.27,0.0,3.45,0.77,0.03,0.0,0.00019,5e-06,sirmour_260721_15_25.mp4,2026-07-21 15:15:00+05:30,2026-07-21 16:45:00+05:30,2026-07-21,90,0.16776428430220605,32.856075938744034,1.5004896139671218,0.10333933333333334,0.06887040894612795
24,55.95,0.01,24.79,97.89,0.43,1.68,1.365,4.27,0.0,3.45,0.77,0.03,0.0,0.00019,5e-06,sirmour_260721_15_25.mp4,2026-07-21 15:15:00+05:30,2026-07-21 17:00:00+05:30,2026-07-21,105,0.16776428430220605,29.499285416286803,1.2858747845751812,0.07502933333333334,0.058348864316614645
24,55.95,0.01,24.79,97.89,0.43,1.68,1.365,4.27,0.0,3.45,0.77,0.03,0.0,0.00019,5e-06,sirmour_260721_15_25.mp4,2026-07-21 15:15:00+05:30,2026-07-21 17:15:00+05:30,2026-07-21,120,0.16776428430220605,26.15635395629727,1.0721580176204193,0.07993666666666667,0.07455679606265556
24,55.95,0.01,24.79,97.89,0.43,1.68,1.365,4.27,0.0,3.45,0.77,0.03,0.0,0.00019,5e-06,sirmour_260721_15_25.mp4,2026-07-21 15:15:00+05:30,2026-07-21 17:30:00+05:30,2026-07-21,135,0.16776428430220605,22.829241625222867,0.8627268698416436,0.07691666666666667,0.08915529277624677
24,55.95,0.01,24.79,97.89,0.43,1.68,1.365,4.27,0.0,3.45,0.77,0.03,0.0,0.00019,5e-06,sirmour_260721_15_25.mp4,2026-07-21 15:15:00+05:30,2026-07-21 18:00:00+05:30,2026-07-21,165,0.16776428430220605,16.232216773384934,0.4745904191505255,0.0519,0.1093574541451898
24,55.95,0.01,24.79,97.89,0.43,1.68,1.365,4.27,0.0,3.45,0.77,0.03,0.0,0.00019,5e-06,sirmour_260721_15_25.mp4,2026-07-21 15:15:00+05:30,2026-07-21 18:15:00+05:30,2026-07-21,180,0.16776428430220605,12.969015475839642,0.3078199677779254,0.11105642857142858,0.3607837054012996
24,55.98,0.02,24.84,97.89,0.42,1.69,1.309,4.32,0.0,3.51,0.77,0.04,0.0,0.000705,3.1e-05,sirmour_260721_15_50.mp4,2026-07-21 15:45:00+05:30,2026-07-21 16:00:00+05:30,2026-07-21,15,0.12876746081658183,42.99286727682506,2.1239318534194704,0.173032,0.08146777389369783
24,55.98,0.02,24.84,97.89,0.42,1.69,1.309,4.32,0.0,3.51,0.77,0.04,0.0,0.000705,3.1e-05,sirmour_260721_15_50.mp4,2026-07-21 15:45:00+05:30,2026-07-21 16:15:00+05:30,2026-07-21,30,0.12876746081658183,39.604419653450485,1.92169465011005,0.14009133333333332,0.0728998924596635
24,55.98,0.02,24.84,97.89,0.42,1.69,1.309,4.32,0.0,3.51,0.77,0.04,0.0,0.000705,3.1e-05,sirmour_260721_15_50.mp4,2026-07-21 15:45:00+05:30,2026-07-21 16:30:00+05:30,2026-07-21,45,0.12876746081658183,36.224985870714455,1.7132115705570206,0.106862,0.06237524999043504
24,55.98,0.02,24.84,97.89,0.42,1.69,1.309,4.32,0.0,3.51,0.77,0.04,0.0,0.000705,3.1e-05,sirmour_260721_15_50.mp4,2026-07-21 15:45:00+05:30,2026-07-21 16:45:00+05:30,2026-07-21,60,0.12876746081658183,32.856075938744034,1.5004896139671218,0.10333933333333334,0.06887040894612795
24,55.98,0.02,24.84,97.89,0.42,1.69,1.309,4.32,0.0,3.51,0.77,0.04,0.0,0.000705,3.1e-05,sirmour_260721_15_50.mp4,2026-07-21 15:45:00+05:30,2026-07-21 17:00:00+05:30,2026-07-21,75,0.12876746081658183,29.499285416286803,1.2858747845751812,0.07502933333333334,0.058348864316614645
24,55.98,0.02,24.84,97.89,0.42,1.69,1.309,4.32,0.0,3.51,0.77,0.04,0.0,0.000705,3.1e-05,sirmour_260721_15_50.mp4,2026-07-21 15:45:00+05:30,2026-07-21 17:15:00+05:30,2026-07-21,90,0.12876746081658183,26.15635395629727,1.0721580176204193,0.07993666666666667,0.07455679606265556
24,55.98,0.02,24.84,97.89,0.42,1.69,1.309,4.32,0.0,3.51,0.77,0.04,0.0,0.000705,3.1e-05,sirmour_260721_15_50.mp4,2026-07-21 15:45:00+05:30,2026-07-21 17:30:00+05:30,2026-07-21,105,0.12876746081658183,22.829241625222867,0.8627268698416436,0.07691666666666667,0.08915529277624677
24,55.98,0.02,24.84,97.89,0.42,1.69,1.309,4.32,0.0,3.51,0.77,0.04,0.0,0.000705,3.1e-05,sirmour_260721_15_50.mp4,2026-07-21 15:45:00+05:30,2026-07-21 18:00:00+05:30,2026-07-21,135,0.12876746081658183,16.232216773384934,0.4745904191505255,0.0519,0.1093574541451898
24,55.98,0.02,24.84,97.89,0.42,1.69,1.309,4.32,0.0,3.51,0.77,0.04,0.0,0.000705,3.1e-05,sirmour_260721_15_50.mp4,2026-07-21 15:45:00+05:30,2026-07-21 18:15:00+05:30,2026-07-21,150,0.12876746081658183,12.969015475839642,0.3078199677779254,0.11105642857142858,0.3607837054012996
24,55.99,0.02,24.86,97.88,0.43,1.69,1.286,4.27,0.0,3.45,0.77,0.03,0.0,0.000343,5e-06,sirmour_260721_16_14.mp4,2026-07-21 16:00:00+05:30,2026-07-21 16:15:00+05:30,2026-07-21,15,0.11190911392026676,39.604419653450485,1.92169465011005,0.14009133333333332,0.0728998924596635
24,55.99,0.02,24.86,97.88,0.43,1.69,1.286,4.27,0.0,3.45,0.77,0.03,0.0,0.000343,5e-06,sirmour_260721_16_14.mp4,2026-07-21 16:00:00+05:30,2026-07-21 16:30:00+05:30,2026-07-21,30,0.11190911392026676,36.224985870714455,1.7132115705570206,0.106862,0.06237524999043504
24,55.99,0.02,24.86,97.88,0.43,1.69,1.286,4.27,0.0,3.45,0.77,0.03,0.0,0.000343,5e-06,sirmour_260721_16_14.mp4,2026-07-21 16:00:00+05:30,2026-07-21 16:45:00+05:30,2026-07-21,45,0.11190911392026676,32.856075938744034,1.5004896139671218,0.10333933333333334,0.06887040894612795
24,55.99,0.02,24.86,97.88,0.43,1.69,1.286,4.27,0.0,3.45,0.77,0.03,0.0,0.000343,5e-06,sirmour_260721_16_14.mp4,2026-07-21 16:00:00+05:30,2026-07-21 17:00:00+05:30,2026-07-21,60,0.11190911392026676,29.499285416286803,1.2858747845751812,0.07502933333333334,0.058348864316614645
24,55.99,0.02,24.86,97.88,0.43,1.69,1.286,4.27,0.0,3.45,0.77,0.03,0.0,0.000343,5e-06,sirmour_260721_16_14.mp4,2026-07-21 16:00:00+05:30,2026-07-21 17:15:00+05:30,2026-07-21,75,0.11190911392026676,26.15635395629727,1.0721580176204193,0.07993666666666667,0.07455679606265556
24,55.99,0.02,24.86,97.88,0.43,1.69,1.286,4.27,0.0,3.45,0.77,0.03,0.0,0.000343,5e-06,sirmour_260721_16_14.mp4,2026-07-21 16:00:00+05:30,2026-07-21 17:30:00+05:30,2026-07-21,90,0.11190911392026676,22.829241625222867,0.8627268698416436,0.07691666666666667,0.08915529277624677
24,55.99,0.02,24.86,97.88,0.43,1.69,1.286,4.27,0.0,3.45,0.77,0.03,0.0,0.000343,5e-06,sirmour_260721_16_14.mp4,2026-07-21 16:00:00+05:30,2026-07-21 18:00:00+05:30,2026-07-21,120,0.11190911392026676,16.232216773384934,0.4745904191505255,0.0519,0.1093574541451898
24,55.99,0.02,24.86,97.88,0.43,1.69,1.286,4.27,0.0,3.45,0.77,0.03,0.0,0.000343,5e-06,sirmour_260721_16_14.mp4,2026-07-21 16:00:00+05:30,2026-07-21 18:15:00+05:30,2026-07-21,135,0.11190911392026676,12.969015475839642,0.3078199677779254,0.11105642857142858,0.3607837054012996
24,55.95,0.01,24.8,97.88,0.44,1.68,1.375,4.27,0.0,3.45,0.77,0.01,0.0,0.0,0.0,sirmour_260721_16_38.mp4,2026-07-21 16:30:00+05:30,2026-07-21 16:45:00+05:30,2026-07-21,15,0.07778317415622499,32.856075938744034,1.5004896139671218,0.10333933333333334,0.06887040894612795
24,55.95,0.01,24.8,97.88,0.44,1.68,1.375,4.27,0.0,3.45,0.77,0.01,0.0,0.0,0.0,sirmour_260721_16_38.mp4,2026-07-21 16:30:00+05:30,2026-07-21 17:00:00+05:30,2026-07-21,30,0.07778317415622499,29.499285416286803,1.2858747845751812,0.07502933333333334,0.058348864316614645
24,55.95,0.01,24.8,97.88,0.44,1.68,1.375,4.27,0.0,3.45,0.77,0.01,0.0,0.0,0.0,sirmour_260721_16_38.mp4,2026-07-21 16:30:00+05:30,2026-07-21 17:15:00+05:30,2026-07-21,45,0.07778317415622499,26.15635395629727,1.0721580176204193,0.07993666666666667,0.07455679606265556
24,55.95,0.01,24.8,97.88,0.44,1.68,1.375,4.27,0.0,3.45,0.77,0.01,0.0,0.0,0.0,sirmour_260721_16_38.mp4,2026-07-21 16:30:00+05:30,2026-07-21 17:30:00+05:30,2026-07-21,60,0.07778317415622499,22.829241625222867,0.8627268698416436,0.07691666666666667,0.08915529277624677
24,55.95,0.01,24.8,97.88,0.44,1.68,1.375,4.27,0.0,3.45,0.77,0.01,0.0,0.0,0.0,sirmour_260721_16_38.mp4,2026-07-21 16:30:00+05:30,2026-07-21 18:00:00+05:30,2026-07-21,90,0.07778317415622499,16.232216773384934,0.4745904191505255,0.0519,0.1093574541451898
24,55.95,0.01,24.8,97.88,0.44,1.68,1.375,4.27,0.0,3.45,0.77,0.01,0.0,0.0,0.0,sirmour_260721_16_38.mp4,2026-07-21 16:30:00+05:30,2026-07-21 18:15:00+05:30,2026-07-21,105,0.07778317415622499,12.969015475839642,0.3078199677779254,0.11105642857142858,0.3607837054012996
24,55.98,0.02,24.83,97.89,0.43,1.68,1.328,4.27,0.0,3.45,0.77,0.03,0.0,0.0,0.0,sirmour_260721_17_03.mp4,2026-07-21 17:00:00+05:30,2026-07-21 17:15:00+05:30,2026-07-21,15,0.06562360392821028,26.15635395629727,1.0721580176204193,0.07993666666666667,0.07455679606265556
24,55.98,0.02,24.83,97.89,0.43,1.68,1.328,4.27,0.0,3.45,0.77,0.03,0.0,0.0,0.0,sirmour_260721_17_03.mp4,2026-07-21 17:00:00+05:30,2026-07-21 17:30:00+05:30,2026-07-21,30,0.06562360392821028,22.829241625222867,0.8627268698416436,0.07691666666666667,0.08915529277624677
24,55.98,0.02,24.83,97.89,0.43,1.68,1.328,4.27,0.0,3.45,0.77,0.03,0.0,0.0,0.0,sirmour_260721_17_03.mp4,2026-07-21 17:00:00+05:30,2026-07-21 18:00:00+05:30,2026-07-21,60,0.06562360392821028,16.232216773384934,0.4745904191505255,0.0519,0.1093574541451898
24,55.98,0.02,24.83,97.89,0.43,1.68,1.328,4.27,0.0,3.45,0.77,0.03,0.0,0.0,0.0,sirmour_260721_17_03.mp4,2026-07-21 17:00:00+05:30,2026-07-21 18:15:00+05:30,2026-07-21,75,0.06562360392821028,12.969015475839642,0.3078199677779254,0.11105642857142858,0.3607837054012996
24,55.97,0.01,24.81,97.87,0.44,1.68,1.36,4.32,0.0,3.51,0.77,0.01,0.0,0.000398,2.9e-05,sirmour_260721_17_28.mp4,2026-07-21 17:15:00+05:30,2026-07-21 17:30:00+05:30,2026-07-21,15,0.0660378298289583,22.829241625222867,0.8627268698416436,0.07691666666666667,0.08915529277624677
24,55.97,0.01,24.81,97.87,0.44,1.68,1.36,4.32,0.0,3.51,0.77,0.01,0.0,0.000398,2.9e-05,sirmour_260721_17_28.mp4,2026-07-21 17:15:00+05:30,2026-07-21 18:00:00+05:30,2026-07-21,45,0.0660378298289583,16.232216773384934,0.4745904191505255,0.0519,0.1093574541451898
24,55.97,0.01,24.81,97.87,0.44,1.68,1.36,4.32,0.0,3.51,0.77,0.01,0.0,0.000398,2.9e-05,sirmour_260721_17_28.mp4,2026-07-21 17:15:00+05:30,2026-07-21 18:15:00+05:30,2026-07-21,60,0.0660378298289583,12.969015475839642,0.3078199677779254,0.11105642857142858,0.3607837054012996
24,55.97,0.01,24.79,97.91,0.39,1.7,1.299,4.22,0.0,3.4,0.77,0.05,0.0,0.0,0.0,sirmour_260721_17_52.mp4,2026-07-21 17:45:00+05:30,2026-07-21 18:00:00+05:30,2026-07-21,15,0.07402031771850566,16.232216773384934,0.4745904191505255,0.0519,0.1093574541451898
24,55.97,0.01,24.79,97.91,0.39,1.7,1.299,4.22,0.0,3.4,0.77,0.05,0.0,0.0,0.0,sirmour_260721_17_52.mp4,2026-07-21 17:45:00+05:30,2026-07-21 18:15:00+05:30,2026-07-21,30,0.07402031771850566,12.969015475839642,0.3078199677779254,0.11105642857142858,0.3607837054012996
24,185.67,0.4,24.99,3.58,1.88,94.55,3.379,92.77,100.0,93.83,99.03,-0.03,1.1e-05,0.001073,8.8e-05,sirmour_260722_11_04.mp4,2026-07-22 11:00:00+05:30,2026-07-22 11:15:00+05:30,2026-07-22,15,0.6238856357088954,70.7892470309271,3.3663712588697585,2.815268666666666,0.8362917961733899
24,185.67,0.4,24.99,3.58,1.88,94.55,3.379,92.77,100.0,93.83,99.03,-0.03,1.1e-05,0.001073,8.8e-05,sirmour_260722_11_04.mp4,2026-07-22 11:00:00+05:30,2026-07-22 11:30:00+05:30,2026-07-22,30,0.6238856357088954,74.13977596122105,3.451541177757249,1.0428666666666666,0.30214521947100254
24,185.67,0.4,24.99,3.58,1.88,94.55,3.379,92.77,100.0,93.83,99.03,-0.03,1.1e-05,0.001073,8.8e-05,sirmour_260722_11_04.mp4,2026-07-22 11:00:00+05:30,2026-07-22 11:45:00+05:30,2026-07-22,45,0.6238856357088954,77.4344879348231,3.5199285470726522,0.5179526666666666,0.1471486309281539
24,185.67,0.4,24.99,3.58,1.88,94.55,3.379,92.77,100.0,93.83,99.03,-0.03,1.1e-05,0.001073,8.8e-05,sirmour_260722_11_04.mp4,2026-07-22 11:00:00+05:30,2026-07-22 12:00:00+05:30,2026-07-22,60,0.6238856357088954,80.61110347588541,3.5711492717709983,0.7785740000000002,0.21801776984076926
24,185.67,0.4,24.99,3.58,1.88,94.55,3.379,92.77,100.0,93.83,99.03,-0.03,1.1e-05,0.001073,8.8e-05,sirmour_260722_11_04.mp4,2026-07-22 11:00:00+05:30,2026-07-22 12:15:00+05:30,2026-07-22,75,0.6238856357088954,83.49073319616843,3.6049185775430774,0.7764313333333335,0.21538110130146357
24,185.67,0.4,24.99,3.58,1.88,94.55,3.379,92.77,100.0,93.83,99.03,-0.03,1.1e-05,0.001073,8.8e-05,sirmour_260722_11_04.mp4,2026-07-22 11:00:00+05:30,2026-07-22 12:30:00+05:30,2026-07-22,90,0.6238856357088954,85.46349011949931,3.6210513475112553,0.9057386666666666,0.25013140652898497
24,185.67,0.4,24.99,3.58,1.88,94.55,3.379,92.77,100.0,93.83,99.03,-0.03,1.1e-05,0.001073,8.8e-05,sirmour_260722_11_04.mp4,2026-07-22 11:00:00+05:30,2026-07-22 12:45:00+05:30,2026-07-22,105,0.6238856357088954,85.22564774996496,3.6194623944236457,1.6138186666666665,0.44587247795501606
24,185.67,0.4,24.99,3.58,1.88,94.55,3.379,92.77,100.0,93.83,99.03,-0.03,1.1e-05,0.001073,8.8e-05,sirmour_260722_11_04.mp4,2026-07-22 11:00:00+05:30,2026-07-22 13:00:00+05:30,2026-07-22,120,0.6238856357088954,82.99901894182615,3.6001590163612476,1.251856,0.34772241845730356
24,185.67,0.4,24.99,3.58,1.88,94.55,3.379,92.77,100.0,93.83,99.03,-0.03,1.1e-05,0.001073,8.8e-05,sirmour_260722_11_04.mp4,2026-07-22 11:00:00+05:30,2026-07-22 13:15:00+05:30,2026-07-22,135,0.6238856357088954,80.03896933171463,3.5632425913788257,1.4530166666666668,0.40777932722913773
24,185.67,0.4,24.99,3.58,1.88,94.55,3.379,92.77,100.0,93.83,99.03,-0.03,1.1e-05,0.001073,8.8e-05,sirmour_260722_11_04.mp4,2026-07-22 11:00:00+05:30,2026-07-22 13:30:00+05:30,2026-07-22,150,0.6238856357088954,76.83229011738835,3.5089147910458385,1.4958466666666668,0.42629894304752464
24,185.67,0.4,24.99,3.58,1.88,94.55,3.379,92.77,100.0,93.83,99.03,-0.03,1.1e-05,0.001073,8.8e-05,sirmour_260722_11_04.mp4,2026-07-22 11:00:00+05:30,2026-07-22 13:45:00+05:30,2026-07-22,165,0.6238856357088954,73.52376575248167,3.4374767801005106,2.605308,0.7579129014287689
24,185.67,0.4,24.99,3.58,1.88,94.55,3.379,92.77,100.0,93.83,99.03,-0.03,1.1e-05,0.001073,8.8e-05,sirmour_260722_11_04.mp4,2026-07-22 11:00:00+05:30,2026-07-22 14:00:00+05:30,2026-07-22,180,0.6238856357088954,70.16588280292065,3.349329169982714,1.829894,0.5463464195755486
24,185.67,0.4,24.99,3.58,1.88,94.55,3.379,92.77,100.0,93.83,99.03,-0.03,1.1e-05,0.001073,8.8e-05,sirmour_260722_11_04.mp4,2026-07-22 11:00:00+05:30,2026-07-22 14:15:00+05:30,2026-07-22,195,0.6238856357088954,66.781768556455,3.2449731126932773,2.066487333333333,0.6368272591381137
24,185.67,0.4,24.99,3.58,1.88,94.55,3.379,92.77,100.0,93.83,99.03,-0.03,1.1e-05,0.001073,8.8e-05,sirmour_260722_11_04.mp4,2026-07-22 11:00:00+05:30,2026-07-22 14:30:00+05:30,2026-07-22,210,0.6238856357088954,63.383265869758205,3.125012235702634,1.3101426666666667,0.4192440118149142
24,185.67,0.4,24.99,3.58,1.88,94.55,3.379,92.77,100.0,93.83,99.03,-0.03,1.1e-05,0.001073,8.8e-05,sirmour_260722_11_04.mp4,2026-07-22 11:00:00+05:30,2026-07-22 14:45:00+05:30,2026-07-22,225,0.6238856357088954,59.977208205752866,2.9901555081480327,1.5394606666666666,0.5148430114994719
24,185.67,0.4,24.99,3.58,1.88,94.55,3.379,92.77,100.0,93.83,99.03,-0.03,1.1e-05,0.001073,8.8e-05,sirmour_260722_11_04.mp4,2026-07-22 11:00:00+05:30,2026-07-22 15:00:00+05:30,2026-07-22,240,0.6238856357088954,56.56795912283674,2.8412214732837584,0.8810646666666667,0.31010066443302325
24,55.99,0.02,24.87,97.88,0.41,1.7,1.264,4.32,0.0,3.51,0.77,0.03,0.0,0.0,0.0,sirmour_260722_11_07.mp4,2026-07-22 11:00:00+05:30,2026-07-22 11:15:00+05:30,2026-07-22,15,0.6238856357088954,70.7892470309271,3.3663712588697585,2.815268666666666,0.8362917961733899
24,55.99,0.02,24.87,97.88,0.41,1.7,1.264,4.32,0.0,3.51,0.77,0.03,0.0,0.0,0.0,sirmour_260722_11_07.mp4,2026-07-22 11:00:00+05:30,2026-07-22 11:30:00+05:30,2026-07-22,30,0.6238856357088954,74.13977596122105,3.451541177757249,1.0428666666666666,0.30214521947100254
24,55.99,0.02,24.87,97.88,0.41,1.7,1.264,4.32,0.0,3.51,0.77,0.03,0.0,0.0,0.0,sirmour_260722_11_07.mp4,2026-07-22 11:00:00+05:30,2026-07-22 11:45:00+05:30,2026-07-22,45,0.6238856357088954,77.4344879348231,3.5199285470726522,0.5179526666666666,0.1471486309281539
24,55.99,0.02,24.87,97.88,0.41,1.7,1.264,4.32,0.0,3.51,0.77,0.03,0.0,0.0,0.0,sirmour_260722_11_07.mp4,2026-07-22 11:00:00+05:30,2026-07-22 12:00:00+05:30,2026-07-22,60,0.6238856357088954,80.61110347588541,3.5711492717709983,0.7785740000000002,0.21801776984076926
24,55.99,0.02,24.87,97.88,0.41,1.7,1.264,4.32,0.0,3.51,0.77,0.03,0.0,0.0,0.0,sirmour_260722_11_07.mp4,2026-07-22 11:00:00+05:30,2026-07-22 12:15:00+05:30,2026-07-22,75,0.6238856357088954,83.49073319616843,3.6049185775430774,0.7764313333333335,0.21538110130146357
24,55.99,0.02,24.87,97.88,0.41,1.7,1.264,4.32,0.0,3.51,0.77,0.03,0.0,0.0,0.0,sirmour_260722_11_07.mp4,2026-07-22 11:00:00+05:30,2026-07-22 12:30:00+05:30,2026-07-22,90,0.6238856357088954,85.46349011949931,3.6210513475112553,0.9057386666666666,0.25013140652898497
24,55.99,0.02,24.87,97.88,0.41,1.7,1.264,4.32,0.0,3.51,0.77,0.03,0.0,0.0,0.0,sirmour_260722_11_07.mp4,2026-07-22 11:00:00+05:30,2026-07-22 12:45:00+05:30,2026-07-22,105,0.6238856357088954,85.22564774996496,3.6194623944236457,1.6138186666666665,0.44587247795501606
24,55.99,0.02,24.87,97.88,0.41,1.7,1.264,4.32,0.0,3.51,0.77,0.03,0.0,0.0,0.0,sirmour_260722_11_07.mp4,2026-07-22 11:00:00+05:30,2026-07-22 13:00:00+05:30,2026-07-22,120,0.6238856357088954,82.99901894182615,3.6001590163612476,1.251856,0.34772241845730356
24,55.99,0.02,24.87,97.88,0.41,1.7,1.264,4.32,0.0,3.51,0.77,0.03,0.0,0.0,0.0,sirmour_260722_11_07.mp4,2026-07-22 11:00:00+05:30,2026-07-22 13:15:00+05:30,2026-07-22,135,0.6238856357088954,80.03896933171463,3.5632425913788257,1.4530166666666668,0.40777932722913773
24,55.99,0.02,24.87,97.88,0.41,1.7,1.264,4.32,0.0,3.51,0.77,0.03,0.0,0.0,0.0,sirmour_260722_11_07.mp4,2026-07-22 11:00:00+05:30,2026-07-22 13:30:00+05:30,2026-07-22,150,0.6238856357088954,76.83229011738835,3.5089147910458385,1.4958466666666668,0.42629894304752464
24,55.99,0.02,24.87,97.88,0.41,1.7,1.264,4.32,0.0,3.51,0.77,0.03,0.0,0.0,0.0,sirmour_260722_11_07.mp4,2026-07-22 11:00:00+05:30,2026-07-22 13:45:00+05:30,2026-07-22,165,0.6238856357088954,73.52376575248167,3.4374767801005106,2.605308,0.7579129014287689
24,55.99,0.02,24.87,97.88,0.41,1.7,1.264,4.32,0.0,3.51,0.77,0.03,0.0,0.0,0.0,sirmour_260722_11_07.mp4,2026-07-22 11:00:00+05:30,2026-07-22 14:00:00+05:30,2026-07-22,180,0.6238856357088954,70.16588280292065,3.349329169982714,1.829894,0.5463464195755486
24,55.99,0.02,24.87,97.88,0.41,1.7,1.264,4.32,0.0,3.51,0.77,0.03,0.0,0.0,0.0,sirmour_260722_11_07.mp4,2026-07-22 11:00:00+05:30,2026-07-22 14:15:00+05:30,2026-07-22,195,0.6238856357088954,66.781768556455,3.2449731126932773,2.066487333333333,0.6368272591381137
24,55.99,0.02,24.87,97.88,0.41,1.7,1.264,4.32,0.0,3.51,0.77,0.03,0.0,0.0,0.0,sirmour_260722_11_07.mp4,2026-07-22 11:00:00+05:30,2026-07-22 14:30:00+05:30,2026-07-22,210,0.6238856357088954,63.383265869758205,3.125012235702634,1.3101426666666667,0.4192440118149142
24,55.99,0.02,24.87,97.88,0.41,1.7,1.264,4.32,0.0,3.51,0.77,0.03,0.0,0.0,0.0,sirmour_260722_11_07.mp4,2026-07-22 11:00:00+05:30,2026-07-22 14:45:00+05:30,2026-07-22,225,0.6238856357088954,59.977208205752866,2.9901555081480327,1.5394606666666666,0.5148430114994719
24,55.99,0.02,24.87,97.88,0.41,1.7,1.264,4.32,0.0,3.51,0.77,0.03,0.0,0.0,0.0,sirmour_260722_11_07.mp4,2026-07-22 11:00:00+05:30,2026-07-22 15:00:00+05:30,2026-07-22,240,0.6238856357088954,56.56795912283674,2.8412214732837584,0.8810646666666667,0.31010066443302325
24,148.53,22.22,12.1,2.25,92.54,5.21,1.008,92.09,100.0,93.25,98.93,-3.22,0.0,7e-06,0.0,sirmour_260722_11_30.mp4,2026-07-22 11:30:00+05:30,2026-07-22 11:45:00+05:30,2026-07-22,15,0.567830946388317,77.4344879348231,3.5199285470726522,0.5179526666666666,0.1471486309281539
24,148.53,22.22,12.1,2.25,92.54,5.21,1.008,92.09,100.0,93.25,98.93,-3.22,0.0,7e-06,0.0,sirmour_260722_11_30.mp4,2026-07-22 11:30:00+05:30,2026-07-22 12:00:00+05:30,2026-07-22,30,0.567830946388317,80.61110347588541,3.5711492717709983,0.7785740000000002,0.21801776984076926
24,148.53,22.22,12.1,2.25,92.54,5.21,1.008,92.09,100.0,93.25,98.93,-3.22,0.0,7e-06,0.0,sirmour_260722_11_30.mp4,2026-07-22 11:30:00+05:30,2026-07-22 12:15:00+05:30,2026-07-22,45,0.567830946388317,83.49073319616843,3.6049185775430774,0.7764313333333335,0.21538110130146357
24,148.53,22.22,12.1,2.25,92.54,5.21,1.008,92.09,100.0,93.25,98.93,-3.22,0.0,7e-06,0.0,sirmour_260722_11_30.mp4,2026-07-22 11:30:00+05:30,2026-07-22 12:30:00+05:30,2026-07-22,60,0.567830946388317,85.46349011949931,3.6210513475112553,0.9057386666666666,0.25013140652898497
24,148.53,22.22,12.1,2.25,92.54,5.21,1.008,92.09,100.0,93.25,98.93,-3.22,0.0,7e-06,0.0,sirmour_260722_11_30.mp4,2026-07-22 11:30:00+05:30,2026-07-22 12:45:00+05:30,2026-07-22,75,0.567830946388317,85.22564774996496,3.6194623944236457,1.6138186666666665,0.44587247795501606
24,148.53,22.22,12.1,2.25,92.54,5.21,1.008,92.09,100.0,93.25,98.93,-3.22,0.0,7e-06,0.0,sirmour_260722_11_30.mp4,2026-07-22 11:30:00+05:30,2026-07-22 13:00:00+05:30,2026-07-22,90,0.567830946388317,82.99901894182615,3.6001590163612476,1.251856,0.34772241845730356
24,148.53,22.22,12.1,2.25,92.54,5.21,1.008,92.09,100.0,93.25,98.93,-3.22,0.0,7e-06,0.0,sirmour_260722_11_30.mp4,2026-07-22 11:30:00+05:30,2026-07-22 13:15:00+05:30,2026-07-22,105,0.567830946388317,80.03896933171463,3.5632425913788257,1.4530166666666668,0.40777932722913773
24,148.53,22.22,12.1,2.25,92.54,5.21,1.008,92.09,100.0,93.25,98.93,-3.22,0.0,7e-06,0.0,sirmour_260722_11_30.mp4,2026-07-22 11:30:00+05:30,2026-07-22 13:30:00+05:30,2026-07-22,120,0.567830946388317,76.83229011738835,3.5089147910458385,1.4958466666666668,0.42629894304752464
24,148.53,22.22,12.1,2.25,92.54,5.21,1.008,92.09,100.0,93.25,98.93,-3.22,0.0,7e-06,0.0,sirmour_260722_11_30.mp4,2026-07-22 11:30:00+05:30,2026-07-22 13:45:00+05:30,2026-07-22,135,0.567830946388317,73.52376575248167,3.4374767801005106,2.605308,0.7579129014287689
24,148.53,22.22,12.1,2.25,92.54,5.21,1.008,92.09,100.0,93.25,98.93,-3.22,0.0,7e-06,0.0,sirmour_260722_11_30.mp4,2026-07-22 11:30:00+05:30,2026-07-22 14:00:00+05:30,2026-07-22,150,0.567830946388317,70.16588280292065,3.349329169982714,1.829894,0.5463464195755486
24,148.53,22.22,12.1,2.25,92.54,5.21,1.008,92.09,100.0,93.25,98.93,-3.22,0.0,7e-06,0.0,sirmour_260722_11_30.mp4,2026-07-22 11:30:00+05:30,2026-07-22 14:15:00+05:30,2026-07-22,165,0.567830946388317,66.781768556455,3.2449731126932773,2.066487333333333,0.6368272591381137
24,148.53,22.22,12.1,2.25,92.54,5.21,1.008,92.09,100.0,93.25,98.93,-3.22,0.0,7e-06,0.0,sirmour_260722_11_30.mp4,2026-07-22 11:30:00+05:30,2026-07-22 14:30:00+05:30,2026-07-22,180,0.567830946388317,63.383265869758205,3.125012235702634,1.3101426666666667,0.4192440118149142
24,148.53,22.22,12.1,2.25,92.54,5.21,1.008,92.09,100.0,93.25,98.93,-3.22,0.0,7e-06,0.0,sirmour_260722_11_30.mp4,2026-07-22 11:30:00+05:30,2026-07-22 14:45:00+05:30,2026-07-22,195,0.567830946388317,59.977208205752866,2.9901555081480327,1.5394606666666666,0.5148430114994719
24,148.53,22.22,12.1,2.25,92.54,5.21,1.008,92.09,100.0,93.25,98.93,-3.22,0.0,7e-06,0.0,sirmour_260722_11_30.mp4,2026-07-22 11:30:00+05:30,2026-07-22 15:00:00+05:30,2026-07-22,210,0.567830946388317,56.56795912283674,2.8412214732837584,0.8810646666666667,0.31010066443302325
24,148.53,22.22,12.1,2.25,92.54,5.21,1.008,92.09,100.0,93.25,98.93,-3.22,0.0,7e-06,0.0,sirmour_260722_11_30.mp4,2026-07-22 11:30:00+05:30,2026-07-22 15:15:00+05:30,2026-07-22,225,0.567830946388317,53.15856944723901,2.6791443468193767,0.8278086666666664,0.3089824807869808
24,148.53,22.22,12.1,2.25,92.54,5.21,1.008,92.09,100.0,93.25,98.93,-3.22,0.0,7e-06,0.0,sirmour_260722_11_30.mp4,2026-07-22 11:30:00+05:30,2026-07-22 15:30:00+05:30,2026-07-22,240,0.567830946388317,49.7513559011656,2.504982659789374,0.49488866666666653,0.19756171354426788
24,55.98,0.01,24.84,97.89,0.42,1.68,1.306,4.27,0.0,3.45,0.77,0.03,0.0,0.0,0.0,sirmour_260722_11_31.mp4,2026-07-22 11:30:00+05:30,2026-07-22 11:45:00+05:30,2026-07-22,15,0.567830946388317,77.4344879348231,3.5199285470726522,0.5179526666666666,0.1471486309281539
24,55.98,0.01,24.84,97.89,0.42,1.68,1.306,4.27,0.0,3.45,0.77,0.03,0.0,0.0,0.0,sirmour_260722_11_31.mp4,2026-07-22 11:30:00+05:30,2026-07-22 12:00:00+05:30,2026-07-22,30,0.567830946388317,80.61110347588541,3.5711492717709983,0.7785740000000002,0.21801776984076926
24,55.98,0.01,24.84,97.89,0.42,1.68,1.306,4.27,0.0,3.45,0.77,0.03,0.0,0.0,0.0,sirmour_260722_11_31.mp4,2026-07-22 11:30:00+05:30,2026-07-22 12:15:00+05:30,2026-07-22,45,0.567830946388317,83.49073319616843,3.6049185775430774,0.7764313333333335,0.21538110130146357
24,55.98,0.01,24.84,97.89,0.42,1.68,1.306,4.27,0.0,3.45,0.77,0.03,0.0,0.0,0.0,sirmour_260722_11_31.mp4,2026-07-22 11:30:00+05:30,2026-07-22 12:30:00+05:30,2026-07-22,60,0.567830946388317,85.46349011949931,3.6210513475112553,0.9057386666666666,0.25013140652898497
24,55.98,0.01,24.84,97.89,0.42,1.68,1.306,4.27,0.0,3.45,0.77,0.03,0.0,0.0,0.0,sirmour_260722_11_31.mp4,2026-07-22 11:30:00+05:30,2026-07-22 12:45:00+05:30,2026-07-22,75,0.567830946388317,85.22564774996496,3.6194623944236457,1.6138186666666665,0.44587247795501606
24,55.98,0.01,24.84,97.89,0.42,1.68,1.306,4.27,0.0,3.45,0.77,0.03,0.0,0.0,0.0,sirmour_260722_11_31.mp4,2026-07-22 11:30:00+05:30,2026-07-22 13:00:00+05:30,2026-07-22,90,0.567830946388317,82.99901894182615,3.6001590163612476,1.251856,0.34772241845730356
24,55.98,0.01,24.84,97.89,0.42,1.68,1.306,4.27,0.0,3.45,0.77,0.03,0.0,0.0,0.0,sirmour_260722_11_31.mp4,2026-07-22 11:30:00+05:30,2026-07-22 13:15:00+05:30,2026-07-22,105,0.567830946388317,80.03896933171463,3.5632425913788257,1.4530166666666668,0.40777932722913773
24,55.98,0.01,24.84,97.89,0.42,1.68,1.306,4.27,0.0,3.45,0.77,0.03,0.0,0.0,0.0,sirmour_260722_11_31.mp4,2026-07-22 11:30:00+05:30,2026-07-22 13:30:00+05:30,2026-07-22,120,0.567830946388317,76.83229011738835,3.5089147910458385,1.4958466666666668,0.42629894304752464
24,55.98,0.01,24.84,97.89,0.42,1.68,1.306,4.27,0.0,3.45,0.77,0.03,0.0,0.0,0.0,sirmour_260722_11_31.mp4,2026-07-22 11:30:00+05:30,2026-07-22 13:45:00+05:30,2026-07-22,135,0.567830946388317,73.52376575248167,3.4374767801005106,2.605308,0.7579129014287689
24,55.98,0.01,24.84,97.89,0.42,1.68,1.306,4.27,0.0,3.45,0.77,0.03,0.0,0.0,0.0,sirmour_260722_11_31.mp4,2026-07-22 11:30:00+05:30,2026-07-22 14:00:00+05:30,2026-07-22,150,0.567830946388317,70.16588280292065,3.349329169982714,1.829894,0.5463464195755486
24,55.98,0.01,24.84,97.89,0.42,1.68,1.306,4.27,0.0,3.45,0.77,0.03,0.0,0.0,0.0,sirmour_260722_11_31.mp4,2026-07-22 11:30:00+05:30,2026-07-22 14:15:00+05:30,2026-07-22,165,0.567830946388317,66.781768556455,3.2449731126932773,2.066487333333333,0.6368272591381137
24,55.98,0.01,24.84,97.89,0.42,1.68,1.306,4.27,0.0,3.45,0.77,0.03,0.0,0.0,0.0,sirmour_260722_11_31.mp4,2026-07-22 11:30:00+05:30,2026-07-22 14:30:00+05:30,2026-07-22,180,0.567830946388317,63.383265869758205,3.125012235702634,1.3101426666666667,0.4192440118149142
24,55.98,0.01,24.84,97.89,0.42,1.68,1.306,4.27,0.0,3.45,0.77,0.03,0.0,0.0,0.0,sirmour_260722_11_31.mp4,2026-07-22 11:30:00+05:30,2026-07-22 14:45:00+05:30,2026-07-22,195,0.567830946388317,59.977208205752866,2.9901555081480327,1.5394606666666666,0.5148430114994719
24,55.98,0.01,24.84,97.89,0.42,1.68,1.306,4.27,0.0,3.45,0.77,0.03,0.0,0.0,0.0,sirmour_260722_11_31.mp4,2026-07-22 11:30:00+05:30,2026-07-22 15:00:00+05:30,2026-07-22,210,0.567830946388317,56.56795912283674,2.8412214732837584,0.8810646666666667,0.31010066443302325
24,55.98,0.01,24.84,97.89,0.42,1.68,1.306,4.27,0.0,3.45,0.77,0.03,0.0,0.0,0.0,sirmour_260722_11_31.mp4,2026-07-22 11:30:00+05:30,2026-07-22 15:15:00+05:30,2026-07-22,225,0.567830946388317,53.15856944723901,2.6791443468193767,0.8278086666666664,0.3089824807869808
24,55.98,0.01,24.84,97.89,0.42,1.68,1.306,4.27,0.0,3.45,0.77,0.03,0.0,0.0,0.0,sirmour_260722_11_31.mp4,2026-07-22 11:30:00+05:30,2026-07-22 15:30:00+05:30,2026-07-22,240,0.567830946388317,49.7513559011656,2.504982659789374,0.49488866666666653,0.19756171354426788
24,55.97,0.02,24.8,97.85,0.45,1.69,1.31,4.43,0.0,3.61,0.77,-0.0,0.0,0.0,0.0,sirmour_260722_11_56.mp4,2026-07-22 11:45:00+05:30,2026-07-22 12:00:00+05:30,2026-07-22,15,0.4800571170875101,80.61110347588541,3.5711492717709983,0.7785740000000002,0.21801776984076926
24,55.97,0.02,24.8,97.85,0.45,1.69,1.31,4.43,0.0,3.61,0.77,-0.0,0.0,0.0,0.0,sirmour_260722_11_56.mp4,2026-07-22 11:45:00+05:30,2026-07-22 12:15:00+05:30,2026-07-22,30,0.4800571170875101,83.49073319616843,3.6049185775430774,0.7764313333333335,0.21538110130146357
24,55.97,0.02,24.8,97.85,0.45,1.69,1.31,4.43,0.0,3.61,0.77,-0.0,0.0,0.0,0.0,sirmour_260722_11_56.mp4,2026-07-22 11:45:00+05:30,2026-07-22 12:30:00+05:30,2026-07-22,45,0.4800571170875101,85.46349011949931,3.6210513475112553,0.9057386666666666,0.25013140652898497
24,55.97,0.02,24.8,97.85,0.45,1.69,1.31,4.43,0.0,3.61,0.77,-0.0,0.0,0.0,0.0,sirmour_260722_11_56.mp4,2026-07-22 11:45:00+05:30,2026-07-22 12:45:00+05:30,2026-07-22,60,0.4800571170875101,85.22564774996496,3.6194623944236457,1.6138186666666665,0.44587247795501606
24,55.97,0.02,24.8,97.85,0.45,1.69,1.31,4.43,0.0,3.61,0.77,-0.0,0.0,0.0,0.0,sirmour_260722_11_56.mp4,2026-07-22 11:45:00+05:30,2026-07-22 13:00:00+05:30,2026-07-22,75,0.4800571170875101,82.99901894182615,3.6001590163612476,1.251856,0.34772241845730356
24,55.97,0.02,24.8,97.85,0.45,1.69,1.31,4.43,0.0,3.61,0.77,-0.0,0.0,0.0,0.0,sirmour_260722_11_56.mp4,2026-07-22 11:45:00+05:30,2026-07-22 13:15:00+05:30,2026-07-22,90,0.4800571170875101,80.03896933171463,3.5632425913788257,1.4530166666666668,0.40777932722913773
24,55.97,0.02,24.8,97.85,0.45,1.69,1.31,4.43,0.0,3.61,0.77,-0.0,0.0,0.0,0.0,sirmour_260722_11_56.mp4,2026-07-22 11:45:00+05:30,2026-07-22 13:30:00+05:30,2026-07-22,105,0.4800571170875101,76.83229011738835,3.5089147910458385,1.4958466666666668,0.42629894304752464
24,55.97,0.02,24.8,97.85,0.45,1.69,1.31,4.43,0.0,3.61,0.77,-0.0,0.0,0.0,0.0,sirmour_260722_11_56.mp4,2026-07-22 11:45:00+05:30,2026-07-22 13:45:00+05:30,2026-07-22,120,0.4800571170875101,73.52376575248167,3.4374767801005106,2.605308,0.7579129014287689
24,55.97,0.02,24.8,97.85,0.45,1.69,1.31,4.43,0.0,3.61,0.77,-0.0,0.0,0.0,0.0,sirmour_260722_11_56.mp4,2026-07-22 11:45:00+05:30,2026-07-22 14:00:00+05:30,2026-07-22,135,0.4800571170875101,70.16588280292065,3.349329169982714,1.829894,0.5463464195755486
24,55.97,0.02,24.8,97.85,0.45,1.69,1.31,4.43,0.0,3.61,0.77,-0.0,0.0,0.0,0.0,sirmour_260722_11_56.mp4,2026-07-22 11:45:00+05:30,2026-07-22 14:15:00+05:30,2026-07-22,150,0.4800571170875101,66.781768556455,3.2449731126932773,2.066487333333333,0.6368272591381137
24,55.97,0.02,24.8,97.85,0.45,1.69,1.31,4.43,0.0,3.61,0.77,-0.0,0.0,0.0,0.0,sirmour_260722_11_56.mp4,2026-07-22 11:45:00+05:30,2026-07-22 14:30:00+05:30,2026-07-22,165,0.4800571170875101,63.383265869758205,3.125012235702634,1.3101426666666667,0.4192440118149142
24,55.97,0.02,24.8,97.85,0.45,1.69,1.31,4.43,0.0,3.61,0.77,-0.0,0.0,0.0,0.0,sirmour_260722_11_56.mp4,2026-07-22 11:45:00+05:30,2026-07-22 14:45:00+05:30,2026-07-22,180,0.4800571170875101,59.977208205752866,2.9901555081480327,1.5394606666666666,0.5148430114994719
24,55.97,0.02,24.8,97.85,0.45,1.69,1.31,4.43,0.0,3.61,0.77,-0.0,0.0,0.0,0.0,sirmour_260722_11_56.mp4,2026-07-22 11:45:00+05:30,2026-07-22 15:00:00+05:30,2026-07-22,195,0.4800571170875101,56.56795912283674,2.8412214732837584,0.8810646666666667,0.31010066443302325
24,55.97,0.02,24.8,97.85,0.45,1.69,1.31,4.43,0.0,3.61,0.77,-0.0,0.0,0.0,0.0,sirmour_260722_11_56.mp4,2026-07-22 11:45:00+05:30,2026-07-22 15:15:00+05:30,2026-07-22,210,0.4800571170875101,53.15856944723901,2.6791443468193767,0.8278086666666664,0.3089824807869808
24,55.97,0.02,24.8,97.85,0.45,1.69,1.31,4.43,0.0,3.61,0.77,-0.0,0.0,0.0,0.0,sirmour_260722_11_56.mp4,2026-07-22 11:45:00+05:30,2026-07-22 15:30:00+05:30,2026-07-22,225,0.4800571170875101,49.7513559011656,2.504982659789374,0.49488866666666653,0.19756171354426788
24,55.97,0.02,24.8,97.85,0.45,1.69,1.31,4.43,0.0,3.61,0.77,-0.0,0.0,0.0,0.0,sirmour_260722_11_56.mp4,2026-07-22 11:45:00+05:30,2026-07-22 15:45:00+05:30,2026-07-22,240,0.4800571170875101,46.34821628427695,2.3199316427720382,0.08782066666666667,0.03785485099971807
24,56.0,0.02,24.86,97.89,0.42,1.69,1.309,4.27,0.0,3.45,0.77,0.03,0.0,0.000134,3e-06,sirmour_260722_12_21.mp4,2026-07-22 12:15:00+05:30,2026-07-22 12:30:00+05:30,2026-07-22,15,0.2206731803853473,85.46349011949931,3.6210513475112553,0.9057386666666666,0.25013140652898497
24,56.0,0.02,24.86,97.89,0.42,1.69,1.309,4.27,0.0,3.45,0.77,0.03,0.0,0.000134,3e-06,sirmour_260722_12_21.mp4,2026-07-22 12:15:00+05:30,2026-07-22 12:45:00+05:30,2026-07-22,30,0.2206731803853473,85.22564774996496,3.6194623944236457,1.6138186666666665,0.44587247795501606
24,56.0,0.02,24.86,97.89,0.42,1.69,1.309,4.27,0.0,3.45,0.77,0.03,0.0,0.000134,3e-06,sirmour_260722_12_21.mp4,2026-07-22 12:15:00+05:30,2026-07-22 13:00:00+05:30,2026-07-22,45,0.2206731803853473,82.99901894182615,3.6001590163612476,1.251856,0.34772241845730356
24,56.0,0.02,24.86,97.89,0.42,1.69,1.309,4.27,0.0,3.45,0.77,0.03,0.0,0.000134,3e-06,sirmour_260722_12_21.mp4,2026-07-22 12:15:00+05:30,2026-07-22 13:15:00+05:30,2026-07-22,60,0.2206731803853473,80.03896933171463,3.5632425913788257,1.4530166666666668,0.40777932722913773
24,56.0,0.02,24.86,97.89,0.42,1.69,1.309,4.27,0.0,3.45,0.77,0.03,0.0,0.000134,3e-06,sirmour_260722_12_21.mp4,2026-07-22 12:15:00+05:30,2026-07-22 13:30:00+05:30,2026-07-22,75,0.2206731803853473,76.83229011738835,3.5089147910458385,1.4958466666666668,0.42629894304752464
24,56.0,0.02,24.86,97.89,0.42,1.69,1.309,4.27,0.0,3.45,0.77,0.03,0.0,0.000134,3e-06,sirmour_260722_12_21.mp4,2026-07-22 12:15:00+05:30,2026-07-22 13:45:00+05:30,2026-07-22,90,0.2206731803853473,73.52376575248167,3.4374767801005106,2.605308,0.7579129014287689
24,56.0,0.02,24.86,97.89,0.42,1.69,1.309,4.27,0.0,3.45,0.77,0.03,0.0,0.000134,3e-06,sirmour_260722_12_21.mp4,2026-07-22 12:15:00+05:30,2026-07-22 14:00:00+05:30,2026-07-22,105,0.2206731803853473,70.16588280292065,3.349329169982714,1.829894,0.5463464195755486
24,56.0,0.02,24.86,97.89,0.42,1.69,1.309,4.27,0.0,3.45,0.77,0.03,0.0,0.000134,3e-06,sirmour_260722_12_21.mp4,2026-07-22 12:15:00+05:30,2026-07-22 14:15:00+05:30,2026-07-22,120,0.2206731803853473,66.781768556455,3.2449731126932773,2.066487333333333,0.6368272591381137
24,56.0,0.02,24.86,97.89,0.42,1.69,1.309,4.27,0.0,3.45,0.77,0.03,0.0,0.000134,3e-06,sirmour_260722_12_21.mp4,2026-07-22 12:15:00+05:30,2026-07-22 14:30:00+05:30,2026-07-22,135,0.2206731803853473,63.383265869758205,3.125012235702634,1.3101426666666667,0.4192440118149142
24,56.0,0.02,24.86,97.89,0.42,1.69,1.309,4.27,0.0,3.45,0.77,0.03,0.0,0.000134,3e-06,sirmour_260722_12_21.mp4,2026-07-22 12:15:00+05:30,2026-07-22 14:45:00+05:30,2026-07-22,150,0.2206731803853473,59.977208205752866,2.9901555081480327,1.5394606666666666,0.5148430114994719
24,56.0,0.02,24.86,97.89,0.42,1.69,1.309,4.27,0.0,3.45,0.77,0.03,0.0,0.000134,3e-06,sirmour_260722_12_21.mp4,2026-07-22 12:15:00+05:30,2026-07-22 15:00:00+05:30,2026-07-22,165,0.2206731803853473,56.56795912283674,2.8412214732837584,0.8810646666666667,0.31010066443302325
24,56.0,0.02,24.86,97.89,0.42,1.69,1.309,4.27,0.0,3.45,0.77,0.03,0.0,0.000134,3e-06,sirmour_260722_12_21.mp4,2026-07-22 12:15:00+05:30,2026-07-22 15:15:00+05:30,2026-07-22,180,0.2206731803853473,53.15856944723901,2.6791443468193767,0.8278086666666664,0.3089824807869808
24,56.0,0.02,24.86,97.89,0.42,1.69,1.309,4.27,0.0,3.45,0.77,0.03,0.0,0.000134,3e-06,sirmour_260722_12_21.mp4,2026-07-22 12:15:00+05:30,2026-07-22 15:30:00+05:30,2026-07-22,195,0.2206731803853473,49.7513559011656,2.504982659789374,0.49488866666666653,0.19756171354426788
24,56.0,0.02,24.86,97.89,0.42,1.69,1.309,4.27,0.0,3.45,0.77,0.03,0.0,0.000134,3e-06,sirmour_260722_12_21.mp4,2026-07-22 12:15:00+05:30,2026-07-22 15:45:00+05:30,2026-07-22,210,0.2206731803853473,46.34821628427695,2.3199316427720382,0.08782066666666667,0.03785485099971807
24,56.0,0.02,24.86,97.89,0.42,1.69,1.309,4.27,0.0,3.45,0.77,0.03,0.0,0.000134,3e-06,sirmour_260722_12_21.mp4,2026-07-22 12:15:00+05:30,2026-07-22 16:00:00+05:30,2026-07-22,225,0.2206731803853473,42.95081399903339,2.1253408512879113,0.101112,0.04757448667056311
24,56.0,0.02,24.86,97.89,0.42,1.69,1.309,4.27,0.0,3.45,0.77,0.03,0.0,0.000134,3e-06,sirmour_260722_12_21.mp4,2026-07-22 12:15:00+05:30,2026-07-22 16:15:00+05:30,2026-07-22,240,0.2206731803853473,39.560693378637865,1.9227391938446556,0.19387666666666664,0.10083357497851608
24,55.99,0.02,24.85,97.9,0.41,1.69,1.323,4.22,0.0,3.4,0.77,0.04,0.0,0.0,0.0,sirmour_260722_12_45.mp4,2026-07-22 12:45:00+05:30,2026-07-22 13:00:00+05:30,2026-07-22,15,0.28235068890655846,82.99901894182615,3.6001590163612476,1.251856,0.34772241845730356
24,55.99,0.02,24.85,97.9,0.41,1.69,1.323,4.22,0.0,3.4,0.77,0.04,0.0,0.0,0.0,sirmour_260722_12_45.mp4,2026-07-22 12:45:00+05:30,2026-07-22 13:15:00+05:30,2026-07-22,30,0.28235068890655846,80.03896933171463,3.5632425913788257,1.4530166666666668,0.40777932722913773
24,55.99,0.02,24.85,97.9,0.41,1.69,1.323,4.22,0.0,3.4,0.77,0.04,0.0,0.0,0.0,sirmour_260722_12_45.mp4,2026-07-22 12:45:00+05:30,2026-07-22 13:30:00+05:30,2026-07-22,45,0.28235068890655846,76.83229011738835,3.5089147910458385,1.4958466666666668,0.42629894304752464
24,55.99,0.02,24.85,97.9,0.41,1.69,1.323,4.22,0.0,3.4,0.77,0.04,0.0,0.0,0.0,sirmour_260722_12_45.mp4,2026-07-22 12:45:00+05:30,2026-07-22 13:45:00+05:30,2026-07-22,60,0.28235068890655846,73.52376575248167,3.4374767801005106,2.605308,0.7579129014287689
24,55.99,0.02,24.85,97.9,0.41,1.69,1.323,4.22,0.0,3.4,0.77,0.04,0.0,0.0,0.0,sirmour_260722_12_45.mp4,2026-07-22 12:45:00+05:30,2026-07-22 14:00:00+05:30,2026-07-22,75,0.28235068890655846,70.16588280292065,3.349329169982714,1.829894,0.5463464195755486
24,55.99,0.02,24.85,97.9,0.41,1.69,1.323,4.22,0.0,3.4,0.77,0.04,0.0,0.0,0.0,sirmour_260722_12_45.mp4,2026-07-22 12:45:00+05:30,2026-07-22 14:15:00+05:30,2026-07-22,90,0.28235068890655846,66.781768556455,3.2449731126932773,2.066487333333333,0.6368272591381137
24,55.99,0.02,24.85,97.9,0.41,1.69,1.323,4.22,0.0,3.4,0.77,0.04,0.0,0.0,0.0,sirmour_260722_12_45.mp4,2026-07-22 12:45:00+05:30,2026-07-22 14:30:00+05:30,2026-07-22,105,0.28235068890655846,63.383265869758205,3.125012235702634,1.3101426666666667,0.4192440118149142
24,55.99,0.02,24.85,97.9,0.41,1.69,1.323,4.22,0.0,3.4,0.77,0.04,0.0,0.0,0.0,sirmour_260722_12_45.mp4,2026-07-22 12:45:00+05:30,2026-07-22 14:45:00+05:30,2026-07-22,120,0.28235068890655846,59.977208205752866,2.9901555081480327,1.5394606666666666,0.5148430114994719
24,55.99,0.02,24.85,97.9,0.41,1.69,1.323,4.22,0.0,3.4,0.77,0.04,0.0,0.0,0.0,sirmour_260722_12_45.mp4,2026-07-22 12:45:00+05:30,2026-07-22 15:00:00+05:30,2026-07-22,135,0.28235068890655846,56.56795912283674,2.8412214732837584,0.8810646666666667,0.31010066443302325
24,55.99,0.02,24.85,97.9,0.41,1.69,1.323,4.22,0.0,3.4,0.77,0.04,0.0,0.0,0.0,sirmour_260722_12_45.mp4,2026-07-22 12:45:00+05:30,2026-07-22 15:15:00+05:30,2026-07-22,150,0.28235068890655846,53.15856944723901,2.6791443468193767,0.8278086666666664,0.3089824807869808
24,55.99,0.02,24.85,97.9,0.41,1.69,1.323,4.22,0.0,3.4,0.77,0.04,0.0,0.0,0.0,sirmour_260722_12_45.mp4,2026-07-22 12:45:00+05:30,2026-07-22 15:30:00+05:30,2026-07-22,165,0.28235068890655846,49.7513559011656,2.504982659789374,0.49488866666666653,0.19756171354426788
24,55.99,0.02,24.85,97.9,0.41,1.69,1.323,4.22,0.0,3.4,0.77,0.04,0.0,0.0,0.0,sirmour_260722_12_45.mp4,2026-07-22 12:45:00+05:30,2026-07-22 15:45:00+05:30,2026-07-22,180,0.28235068890655846,46.34821628427695,2.3199316427720382,0.08782066666666667,0.03785485099971807
24,55.99,0.02,24.85,97.9,0.41,1.69,1.323,4.22,0.0,3.4,0.77,0.04,0.0,0.0,0.0,sirmour_260722_12_45.mp4,2026-07-22 12:45:00+05:30,2026-07-22 16:00:00+05:30,2026-07-22,195,0.28235068890655846,42.95081399903339,2.1253408512879113,0.101112,0.04757448667056311
24,55.99,0.02,24.85,97.9,0.41,1.69,1.323,4.22,0.0,3.4,0.77,0.04,0.0,0.0,0.0,sirmour_260722_12_45.mp4,2026-07-22 12:45:00+05:30,2026-07-22 16:15:00+05:30,2026-07-22,210,0.28235068890655846,39.560693378637865,1.9227391938446556,0.19387666666666664,0.10083357497851608
24,55.99,0.02,24.85,97.9,0.41,1.69,1.323,4.22,0.0,3.4,0.77,0.04,0.0,0.0,0.0,sirmour_260722_12_45.mp4,2026-07-22 12:45:00+05:30,2026-07-22 16:30:00+05:30,2026-07-22,225,0.28235068890655846,36.17936044153166,1.7138708018608613,0.29323466666666664,0.17109496605478233
24,55.99,0.02,24.85,97.9,0.41,1.69,1.323,4.22,0.0,3.4,0.77,0.04,0.0,0.0,0.0,sirmour_260722_12_45.mp4,2026-07-22 12:45:00+05:30,2026-07-22 16:45:00+05:30,2026-07-22,240,0.28235068890655846,32.8083455717186,1.5007465134056293,0.4375006666666666,0.29152202770996327
24,55.98,0.02,24.8,97.87,0.43,1.69,1.306,4.32,0.0,3.51,0.77,0.01,0.0,0.000554,5e-05,sirmour_260722_13_10.mp4,2026-07-22 13:00:00+05:30,2026-07-22 13:15:00+05:30,2026-07-22,15,0.31477685106069203,80.03896933171463,3.5632425913788257,1.4530166666666668,0.40777932722913773
24,55.98,0.02,24.8,97.87,0.43,1.69,1.306,4.32,0.0,3.51,0.77,0.01,0.0,0.000554,5e-05,sirmour_260722_13_10.mp4,2026-07-22 13:00:00+05:30,2026-07-22 13:30:00+05:30,2026-07-22,30,0.31477685106069203,76.83229011738835,3.5089147910458385,1.4958466666666668,0.42629894304752464
24,55.98,0.02,24.8,97.87,0.43,1.69,1.306,4.32,0.0,3.51,0.77,0.01,0.0,0.000554,5e-05,sirmour_260722_13_10.mp4,2026-07-22 13:00:00+05:30,2026-07-22 13:45:00+05:30,2026-07-22,45,0.31477685106069203,73.52376575248167,3.4374767801005106,2.605308,0.7579129014287689
24,55.98,0.02,24.8,97.87,0.43,1.69,1.306,4.32,0.0,3.51,0.77,0.01,0.0,0.000554,5e-05,sirmour_260722_13_10.mp4,2026-07-22 13:00:00+05:30,2026-07-22 14:00:00+05:30,2026-07-22,60,0.31477685106069203,70.16588280292065,3.349329169982714,1.829894,0.5463464195755486
24,55.98,0.02,24.8,97.87,0.43,1.69,1.306,4.32,0.0,3.51,0.77,0.01,0.0,0.000554,5e-05,sirmour_260722_13_10.mp4,2026-07-22 13:00:00+05:30,2026-07-22 14:15:00+05:30,2026-07-22,75,0.31477685106069203,66.781768556455,3.2449731126932773,2.066487333333333,0.6368272591381137
24,55.98,0.02,24.8,97.87,0.43,1.69,1.306,4.32,0.0,3.51,0.77,0.01,0.0,0.000554,5e-05,sirmour_260722_13_10.mp4,2026-07-22 13:00:00+05:30,2026-07-22 14:30:00+05:30,2026-07-22,90,0.31477685106069203,63.383265869758205,3.125012235702634,1.3101426666666667,0.4192440118149142
24,55.98,0.02,24.8,97.87,0.43,1.69,1.306,4.32,0.0,3.51,0.77,0.01,0.0,0.000554,5e-05,sirmour_260722_13_10.mp4,2026-07-22 13:00:00+05:30,2026-07-22 14:45:00+05:30,2026-07-22,105,0.31477685106069203,59.977208205752866,2.9901555081480327,1.5394606666666666,0.5148430114994719
24,55.98,0.02,24.8,97.87,0.43,1.69,1.306,4.32,0.0,3.51,0.77,0.01,0.0,0.000554,5e-05,sirmour_260722_13_10.mp4,2026-07-22 13:00:00+05:30,2026-07-22 15:00:00+05:30,2026-07-22,120,0.31477685106069203,56.56795912283674,2.8412214732837584,0.8810646666666667,0.31010066443302325
24,55.98,0.02,24.8,97.87,0.43,1.69,1.306,4.32,0.0,3.51,0.77,0.01,0.0,0.000554,5e-05,sirmour_260722_13_10.mp4,2026-07-22 13:00:00+05:30,2026-07-22 15:15:00+05:30,2026-07-22,135,0.31477685106069203,53.15856944723901,2.6791443468193767,0.8278086666666664,0.3089824807869808
24,55.98,0.02,24.8,97.87,0.43,1.69,1.306,4.32,0.0,3.51,0.77,0.01,0.0,0.000554,5e-05,sirmour_260722_13_10.mp4,2026-07-22 13:00:00+05:30,2026-07-22 15:30:00+05:30,2026-07-22,150,0.31477685106069203,49.7513559011656,2.504982659789374,0.49488866666666653,0.19756171354426788
24,55.98,0.02,24.8,97.87,0.43,1.69,1.306,4.32,0.0,3.51,0.77,0.01,0.0,0.000554,5e-05,sirmour_260722_13_10.mp4,2026-07-22 13:00:00+05:30,2026-07-22 15:45:00+05:30,2026-07-22,165,0.31477685106069203,46.34821628427695,2.3199316427720382,0.08782066666666667,0.03785485099971807
24,55.98,0.02,24.8,97.87,0.43,1.69,1.306,4.32,0.0,3.51,0.77,0.01,0.0,0.000554,5e-05,sirmour_260722_13_10.mp4,2026-07-22 13:00:00+05:30,2026-07-22 16:00:00+05:30,2026-07-22,180,0.31477685106069203,42.95081399903339,2.1253408512879113,0.101112,0.04757448667056311
24,55.98,0.02,24.8,97.87,0.43,1.69,1.306,4.32,0.0,3.51,0.77,0.01,0.0,0.000554,5e-05,sirmour_260722_13_10.mp4,2026-07-22 13:00:00+05:30,2026-07-22 16:15:00+05:30,2026-07-22,195,0.31477685106069203,39.560693378637865,1.9227391938446556,0.19387666666666664,0.10083357497851608
24,55.98,0.02,24.8,97.87,0.43,1.69,1.306,4.32,0.0,3.51,0.77,0.01,0.0,0.000554,5e-05,sirmour_260722_13_10.mp4,2026-07-22 13:00:00+05:30,2026-07-22 16:30:00+05:30,2026-07-22,210,0.31477685106069203,36.17936044153166,1.7138708018608613,0.29323466666666664,0.17109496605478233
24,55.98,0.02,24.8,97.87,0.43,1.69,1.306,4.32,0.0,3.51,0.77,0.01,0.0,0.000554,5e-05,sirmour_260722_13_10.mp4,2026-07-22 13:00:00+05:30,2026-07-22 16:45:00+05:30,2026-07-22,225,0.31477685106069203,32.8083455717186,1.5007465134056293,0.4375006666666666,0.29152202770996327
24,55.98,0.02,24.8,97.87,0.43,1.69,1.306,4.32,0.0,3.51,0.77,0.01,0.0,0.000554,5e-05,sirmour_260722_13_10.mp4,2026-07-22 13:00:00+05:30,2026-07-22 17:00:00+05:30,2026-07-22,240,0.31477685106069203,29.449258531654788,1.2857179658551465,0.46548666666666666,0.3620441488947118
24,55.99,0.02,24.85,97.86,0.42,1.72,1.302,4.38,0.0,3.56,0.77,0.0,0.0,0.0,0.0,sirmour_260722_13_34.mp4,2026-07-22 13:30:00+05:30,2026-07-22 13:45:00+05:30,2026-07-22,15,0.40691829167224547,73.52376575248167,3.4374767801005106,2.605308,0.7579129014287689
24,55.99,0.02,24.85,97.86,0.42,1.72,1.302,4.38,0.0,3.56,0.77,0.0,0.0,0.0,0.0,sirmour_260722_13_34.mp4,2026-07-22 13:30:00+05:30,2026-07-22 14:00:00+05:30,2026-07-22,30,0.40691829167224547,70.16588280292065,3.349329169982714,1.829894,0.5463464195755486
24,55.99,0.02,24.85,97.86,0.42,1.72,1.302,4.38,0.0,3.56,0.77,0.0,0.0,0.0,0.0,sirmour_260722_13_34.mp4,2026-07-22 13:30:00+05:30,2026-07-22 14:15:00+05:30,2026-07-22,45,0.40691829167224547,66.781768556455,3.2449731126932773,2.066487333333333,0.6368272591381137
24,55.99,0.02,24.85,97.86,0.42,1.72,1.302,4.38,0.0,3.56,0.77,0.0,0.0,0.0,0.0,sirmour_260722_13_34.mp4,2026-07-22 13:30:00+05:30,2026-07-22 14:30:00+05:30,2026-07-22,60,0.40691829167224547,63.383265869758205,3.125012235702634,1.3101426666666667,0.4192440118149142
24,55.99,0.02,24.85,97.86,0.42,1.72,1.302,4.38,0.0,3.56,0.77,0.0,0.0,0.0,0.0,sirmour_260722_13_34.mp4,2026-07-22 13:30:00+05:30,2026-07-22 14:45:00+05:30,2026-07-22,75,0.40691829167224547,59.977208205752866,2.9901555081480327,1.5394606666666666,0.5148430114994719
24,55.99,0.02,24.85,97.86,0.42,1.72,1.302,4.38,0.0,3.56,0.77,0.0,0.0,0.0,0.0,sirmour_260722_13_34.mp4,2026-07-22 13:30:00+05:30,2026-07-22 15:00:00+05:30,2026-07-22,90,0.40691829167224547,56.56795912283674,2.8412214732837584,0.8810646666666667,0.31010066443302325
24,55.99,0.02,24.85,97.86,0.42,1.72,1.302,4.38,0.0,3.56,0.77,0.0,0.0,0.0,0.0,sirmour_260722_13_34.mp4,2026-07-22 13:30:00+05:30,2026-07-22 15:15:00+05:30,2026-07-22,105,0.40691829167224547,53.15856944723901,2.6791443468193767,0.8278086666666664,0.3089824807869808
24,55.99,0.02,24.85,97.86,0.42,1.72,1.302,4.38,0.0,3.56,0.77,0.0,0.0,0.0,0.0,sirmour_260722_13_34.mp4,2026-07-22 13:30:00+05:30,2026-07-22 15:30:00+05:30,2026-07-22,120,0.40691829167224547,49.7513559011656,2.504982659789374,0.49488866666666653,0.19756171354426788
24,55.99,0.02,24.85,97.86,0.42,1.72,1.302,4.38,0.0,3.56,0.77,0.0,0.0,0.0,0.0,sirmour_260722_13_34.mp4,2026-07-22 13:30:00+05:30,2026-07-22 15:45:00+05:30,2026-07-22,135,0.40691829167224547,46.34821628427695,2.3199316427720382,0.08782066666666667,0.03785485099971807
24,55.99,0.02,24.85,97.86,0.42,1.72,1.302,4.38,0.0,3.56,0.77,0.0,0.0,0.0,0.0,sirmour_260722_13_34.mp4,2026-07-22 13:30:00+05:30,2026-07-22 16:00:00+05:30,2026-07-22,150,0.40691829167224547,42.95081399903339,2.1253408512879113,0.101112,0.04757448667056311
24,55.99,0.02,24.85,97.86,0.42,1.72,1.302,4.38,0.0,3.56,0.77,0.0,0.0,0.0,0.0,sirmour_260722_13_34.mp4,2026-07-22 13:30:00+05:30,2026-07-22 16:15:00+05:30,2026-07-22,165,0.40691829167224547,39.560693378637865,1.9227391938446556,0.19387666666666664,0.10083357497851608
24,55.99,0.02,24.85,97.86,0.42,1.72,1.302,4.38,0.0,3.56,0.77,0.0,0.0,0.0,0.0,sirmour_260722_13_34.mp4,2026-07-22 13:30:00+05:30,2026-07-22 16:30:00+05:30,2026-07-22,180,0.40691829167224547,36.17936044153166,1.7138708018608613,0.29323466666666664,0.17109496605478233
24,55.99,0.02,24.85,97.86,0.42,1.72,1.302,4.38,0.0,3.56,0.77,0.0,0.0,0.0,0.0,sirmour_260722_13_34.mp4,2026-07-22 13:30:00+05:30,2026-07-22 16:45:00+05:30,2026-07-22,195,0.40691829167224547,32.8083455717186,1.5007465134056293,0.4375006666666666,0.29152202770996327
24,55.99,0.02,24.85,97.86,0.42,1.72,1.302,4.38,0.0,3.56,0.77,0.0,0.0,0.0,0.0,sirmour_260722_13_34.mp4,2026-07-22 13:30:00+05:30,2026-07-22 17:00:00+05:30,2026-07-22,210,0.40691829167224547,29.449258531654788,1.2857179658551465,0.46548666666666666,0.3620441488947118
24,55.99,0.02,24.85,97.86,0.42,1.72,1.302,4.38,0.0,3.56,0.77,0.0,0.0,0.0,0.0,sirmour_260722_13_34.mp4,2026-07-22 13:30:00+05:30,2026-07-22 17:15:00+05:30,2026-07-22,225,0.40691829167224547,26.103848908417802,1.0715846288210777,0.39978866666666657,0.3730817482017271
24,55.99,0.02,24.85,97.86,0.42,1.72,1.302,4.38,0.0,3.56,0.77,0.0,0.0,0.0,0.0,sirmour_260722_13_34.mp4,2026-07-22 13:30:00+05:30,2026-07-22 17:30:00+05:30,2026-07-22,240,0.40691829167224547,22.7740841852336,0.8617473506806427,0.6899666666666667,0.8006600381442465
24,55.96,0.01,24.81,97.86,0.45,1.68,1.372,4.38,0.0,3.56,0.77,0.0,0.0,0.0,0.0,sirmour_260722_13_59.mp4,2026-07-22 13:45:00+05:30,2026-07-22 14:00:00+05:30,2026-07-22,15,0.4849283975406837,70.16588280292065,3.349329169982714,1.829894,0.5463464195755486
24,55.96,0.01,24.81,97.86,0.45,1.68,1.372,4.38,0.0,3.56,0.77,0.0,0.0,0.0,0.0,sirmour_260722_13_59.mp4,2026-07-22 13:45:00+05:30,2026-07-22 14:15:00+05:30,2026-07-22,30,0.4849283975406837,66.781768556455,3.2449731126932773,2.066487333333333,0.6368272591381137
24,55.96,0.01,24.81,97.86,0.45,1.68,1.372,4.38,0.0,3.56,0.77,0.0,0.0,0.0,0.0,sirmour_260722_13_59.mp4,2026-07-22 13:45:00+05:30,2026-07-22 14:30:00+05:30,2026-07-22,45,0.4849283975406837,63.383265869758205,3.125012235702634,1.3101426666666667,0.4192440118149142
24,55.96,0.01,24.81,97.86,0.45,1.68,1.372,4.38,0.0,3.56,0.77,0.0,0.0,0.0,0.0,sirmour_260722_13_59.mp4,2026-07-22 13:45:00+05:30,2026-07-22 14:45:00+05:30,2026-07-22,60,0.4849283975406837,59.977208205752866,2.9901555081480327,1.5394606666666666,0.5148430114994719
24,55.96,0.01,24.81,97.86,0.45,1.68,1.372,4.38,0.0,3.56,0.77,0.0,0.0,0.0,0.0,sirmour_260722_13_59.mp4,2026-07-22 13:45:00+05:30,2026-07-22 15:00:00+05:30,2026-07-22,75,0.4849283975406837,56.56795912283674,2.8412214732837584,0.8810646666666667,0.31010066443302325
24,55.96,0.01,24.81,97.86,0.45,1.68,1.372,4.38,0.0,3.56,0.77,0.0,0.0,0.0,0.0,sirmour_260722_13_59.mp4,2026-07-22 13:45:00+05:30,2026-07-22 15:15:00+05:30,2026-07-22,90,0.4849283975406837,53.15856944723901,2.6791443468193767,0.8278086666666664,0.3089824807869808
24,55.96,0.01,24.81,97.86,0.45,1.68,1.372,4.38,0.0,3.56,0.77,0.0,0.0,0.0,0.0,sirmour_260722_13_59.mp4,2026-07-22 13:45:00+05:30,2026-07-22 15:30:00+05:30,2026-07-22,105,0.4849283975406837,49.7513559011656,2.504982659789374,0.49488866666666653,0.19756171354426788
24,55.96,0.01,24.81,97.86,0.45,1.68,1.372,4.38,0.0,3.56,0.77,0.0,0.0,0.0,0.0,sirmour_260722_13_59.mp4,2026-07-22 13:45:00+05:30,2026-07-22 15:45:00+05:30,2026-07-22,120,0.4849283975406837,46.34821628427695,2.3199316427720382,0.08782066666666667,0.03785485099971807
24,55.96,0.01,24.81,97.86,0.45,1.68,1.372,4.38,0.0,3.56,0.77,0.0,0.0,0.0,0.0,sirmour_260722_13_59.mp4,2026-07-22 13:45:00+05:30,2026-07-22 16:00:00+05:30,2026-07-22,135,0.4849283975406837,42.95081399903339,2.1253408512879113,0.101112,0.04757448667056311
24,55.96,0.01,24.81,97.86,0.45,1.68,1.372,4.38,0.0,3.56,0.77,0.0,0.0,0.0,0.0,sirmour_260722_13_59.mp4,2026-07-22 13:45:00+05:30,2026-07-22 16:15:00+05:30,2026-07-22,150,0.4849283975406837,39.560693378637865,1.9227391938446556,0.19387666666666664,0.10083357497851608
24,55.96,0.01,24.81,97.86,0.45,1.68,1.372,4.38,0.0,3.56,0.77,0.0,0.0,0.0,0.0,sirmour_260722_13_59.mp4,2026-07-22 13:45:00+05:30,2026-07-22 16:30:00+05:30,2026-07-22,165,0.4849283975406837,36.17936044153166,1.7138708018608613,0.29323466666666664,0.17109496605478233
24,55.96,0.01,24.81,97.86,0.45,1.68,1.372,4.38,0.0,3.56,0.77,0.0,0.0,0.0,0.0,sirmour_260722_13_59.mp4,2026-07-22 13:45:00+05:30,2026-07-22 16:45:00+05:30,2026-07-22,180,0.4849283975406837,32.8083455717186,1.5007465134056293,0.4375006666666666,0.29152202770996327
24,55.96,0.01,24.81,97.86,0.45,1.68,1.372,4.38,0.0,3.56,0.77,0.0,0.0,0.0,0.0,sirmour_260722_13_59.mp4,2026-07-22 13:45:00+05:30,2026-07-22 17:00:00+05:30,2026-07-22,195,0.4849283975406837,29.449258531654788,1.2857179658551465,0.46548666666666666,0.3620441488947118
24,55.96,0.01,24.81,97.86,0.45,1.68,1.372,4.38,0.0,3.56,0.77,0.0,0.0,0.0,0.0,sirmour_260722_13_59.mp4,2026-07-22 13:45:00+05:30,2026-07-22 17:15:00+05:30,2026-07-22,210,0.4849283975406837,26.103848908417802,1.0715846288210777,0.39978866666666657,0.3730817482017271
24,55.96,0.01,24.81,97.86,0.45,1.68,1.372,4.38,0.0,3.56,0.77,0.0,0.0,0.0,0.0,sirmour_260722_13_59.mp4,2026-07-22 13:45:00+05:30,2026-07-22 17:30:00+05:30,2026-07-22,225,0.4849283975406837,22.7740841852336,0.8617473506806427,0.6899666666666667,0.8006600381442465
24,55.96,0.01,24.81,97.86,0.45,1.68,1.372,4.38,0.0,3.56,0.77,0.0,0.0,0.0,0.0,sirmour_260722_13_59.mp4,2026-07-22 13:45:00+05:30,2026-07-22 17:45:00+05:30,2026-07-22,240,0.4849283975406837,19.462268919774203,0.6604233685516098,0.582602,0.8821644232209989
24,55.98,0.01,24.86,97.89,0.42,1.68,1.292,4.27,0.0,3.45,0.77,0.03,0.0,0.000193,4e-06,sirmour_260722_14_23.mp4,2026-07-22 14:15:00+05:30,2026-07-22 14:30:00+05:30,2026-07-22,15,0.591846380797489,63.383265869758205,3.125012235702634,1.3101426666666667,0.4192440118149142
24,55.98,0.01,24.86,97.89,0.42,1.68,1.292,4.27,0.0,3.45,0.77,0.03,0.0,0.000193,4e-06,sirmour_260722_14_23.mp4,2026-07-22 14:15:00+05:30,2026-07-22 14:45:00+05:30,2026-07-22,30,0.591846380797489,59.977208205752866,2.9901555081480327,1.5394606666666666,0.5148430114994719
24,55.98,0.01,24.86,97.89,0.42,1.68,1.292,4.27,0.0,3.45,0.77,0.03,0.0,0.000193,4e-06,sirmour_260722_14_23.mp4,2026-07-22 14:15:00+05:30,2026-07-22 15:00:00+05:30,2026-07-22,45,0.591846380797489,56.56795912283674,2.8412214732837584,0.8810646666666667,0.31010066443302325
24,55.98,0.01,24.86,97.89,0.42,1.68,1.292,4.27,0.0,3.45,0.77,0.03,0.0,0.000193,4e-06,sirmour_260722_14_23.mp4,2026-07-22 14:15:00+05:30,2026-07-22 15:15:00+05:30,2026-07-22,60,0.591846380797489,53.15856944723901,2.6791443468193767,0.8278086666666664,0.3089824807869808
24,55.98,0.01,24.86,97.89,0.42,1.68,1.292,4.27,0.0,3.45,0.77,0.03,0.0,0.000193,4e-06,sirmour_260722_14_23.mp4,2026-07-22 14:15:00+05:30,2026-07-22 15:30:00+05:30,2026-07-22,75,0.591846380797489,49.7513559011656,2.504982659789374,0.49488866666666653,0.19756171354426788
24,55.98,0.01,24.86,97.89,0.42,1.68,1.292,4.27,0.0,3.45,0.77,0.03,0.0,0.000193,4e-06,sirmour_260722_14_23.mp4,2026-07-22 14:15:00+05:30,2026-07-22 15:45:00+05:30,2026-07-22,90,0.591846380797489,46.34821628427695,2.3199316427720382,0.08782066666666667,0.03785485099971807
24,55.98,0.01,24.86,97.89,0.42,1.68,1.292,4.27,0.0,3.45,0.77,0.03,0.0,0.000193,4e-06,sirmour_260722_14_23.mp4,2026-07-22 14:15:00+05:30,2026-07-22 16:00:00+05:30,2026-07-22,105,0.591846380797489,42.95081399903339,2.1253408512879113,0.101112,0.04757448667056311
24,55.98,0.01,24.86,97.89,0.42,1.68,1.292,4.27,0.0,3.45,0.77,0.03,0.0,0.000193,4e-06,sirmour_260722_14_23.mp4,2026-07-22 14:15:00+05:30,2026-07-22 16:15:00+05:30,2026-07-22,120,0.591846380797489,39.560693378637865,1.9227391938446556,0.19387666666666664,0.10083357497851608
24,55.98,0.01,24.86,97.89,0.42,1.68,1.292,4.27,0.0,3.45,0.77,0.03,0.0,0.000193,4e-06,sirmour_260722_14_23.mp4,2026-07-22 14:15:00+05:30,2026-07-22 16:30:00+05:30,2026-07-22,135,0.591846380797489,36.17936044153166,1.7138708018608613,0.29323466666666664,0.17109496605478233
24,55.98,0.01,24.86,97.89,0.42,1.68,1.292,4.27,0.0,3.45,0.77,0.03,0.0,0.000193,4e-06,sirmour_260722_14_23.mp4,2026-07-22 14:15:00+05:30,2026-07-22 16:45:00+05:30,2026-07-22,150,0.591846380797489,32.8083455717186,1.5007465134056293,0.4375006666666666,0.29152202770996327
24,55.98,0.01,24.86,97.89,0.42,1.68,1.292,4.27,0.0,3.45,0.77,0.03,0.0,0.000193,4e-06,sirmour_260722_14_23.mp4,2026-07-22 14:15:00+05:30,2026-07-22 17:00:00+05:30,2026-07-22,165,0.591846380797489,29.449258531654788,1.2857179658551465,0.46548666666666666,0.3620441488947118
24,55.98,0.01,24.86,97.89,0.42,1.68,1.292,4.27,0.0,3.45,0.77,0.03,0.0,0.000193,4e-06,sirmour_260722_14_23.mp4,2026-07-22 14:15:00+05:30,2026-07-22 17:15:00+05:30,2026-07-22,180,0.591846380797489,26.103848908417802,1.0715846288210777,0.39978866666666657,0.3730817482017271
24,55.98,0.01,24.86,97.89,0.42,1.68,1.292,4.27,0.0,3.45,0.77,0.03,0.0,0.000193,4e-06,sirmour_260722_14_23.mp4,2026-07-22 14:15:00+05:30,2026-07-22 17:30:00+05:30,2026-07-22,195,0.591846380797489,22.7740841852336,0.8617473506806427,0.6899666666666667,0.8006600381442465
24,55.98,0.01,24.86,97.89,0.42,1.68,1.292,4.27,0.0,3.45,0.77,0.03,0.0,0.000193,4e-06,sirmour_260722_14_23.mp4,2026-07-22 14:15:00+05:30,2026-07-22 17:45:00+05:30,2026-07-22,210,0.591846380797489,19.462268919774203,0.6604233685516098,0.582602,0.8821644232209989
24,55.98,0.01,24.86,97.89,0.42,1.68,1.292,4.27,0.0,3.45,0.77,0.03,0.0,0.000193,4e-06,sirmour_260722_14_23.mp4,2026-07-22 14:15:00+05:30,2026-07-22 18:00:00+05:30,2026-07-22,225,0.591846380797489,16.171264068182673,0.4729273598764553,0.3585954545454546,0.7582463713647947
24,55.98,0.01,24.86,97.89,0.42,1.68,1.292,4.27,0.0,3.45,0.77,0.03,0.0,0.000193,4e-06,sirmour_260722_14_23.mp4,2026-07-22 14:15:00+05:30,2026-07-22 18:15:00+05:30,2026-07-22,240,0.591846380797489,12.904955082957805,0.30596758875545943,0.13295400000000002,0.4345362217638737
24,55.98,0.01,24.85,97.85,0.43,1.71,1.3,4.43,0.0,3.61,0.77,-0.0,0.000222,0.001093,0.00014,sirmour_260722_14_47.mp4,2026-07-22 14:45:00+05:30,2026-07-22 15:00:00+05:30,2026-07-22,15,0.5293151755070121,56.56795912283674,2.8412214732837584,0.8810646666666667,0.31010066443302325
24,55.98,0.01,24.85,97.85,0.43,1.71,1.3,4.43,0.0,3.61,0.77,-0.0,0.000222,0.001093,0.00014,sirmour_260722_14_47.mp4,2026-07-22 14:45:00+05:30,2026-07-22 15:15:00+05:30,2026-07-22,30,0.5293151755070121,53.15856944723901,2.6791443468193767,0.8278086666666664,0.3089824807869808
24,55.98,0.01,24.85,97.85,0.43,1.71,1.3,4.43,0.0,3.61,0.77,-0.0,0.000222,0.001093,0.00014,sirmour_260722_14_47.mp4,2026-07-22 14:45:00+05:30,2026-07-22 15:30:00+05:30,2026-07-22,45,0.5293151755070121,49.7513559011656,2.504982659789374,0.49488866666666653,0.19756171354426788
24,55.98,0.01,24.85,97.85,0.43,1.71,1.3,4.43,0.0,3.61,0.77,-0.0,0.000222,0.001093,0.00014,sirmour_260722_14_47.mp4,2026-07-22 14:45:00+05:30,2026-07-22 15:45:00+05:30,2026-07-22,60,0.5293151755070121,46.34821628427695,2.3199316427720382,0.08782066666666667,0.03785485099971807
24,55.98,0.01,24.85,97.85,0.43,1.71,1.3,4.43,0.0,3.61,0.77,-0.0,0.000222,0.001093,0.00014,sirmour_260722_14_47.mp4,2026-07-22 14:45:00+05:30,2026-07-22 16:00:00+05:30,2026-07-22,75,0.5293151755070121,42.95081399903339,2.1253408512879113,0.101112,0.04757448667056311
24,55.98,0.01,24.85,97.85,0.43,1.71,1.3,4.43,0.0,3.61,0.77,-0.0,0.000222,0.001093,0.00014,sirmour_260722_14_47.mp4,2026-07-22 14:45:00+05:30,2026-07-22 16:15:00+05:30,2026-07-22,90,0.5293151755070121,39.560693378637865,1.9227391938446556,0.19387666666666664,0.10083357497851608
24,55.98,0.01,24.85,97.85,0.43,1.71,1.3,4.43,0.0,3.61,0.77,-0.0,0.000222,0.001093,0.00014,sirmour_260722_14_47.mp4,2026-07-22 14:45:00+05:30,2026-07-22 16:30:00+05:30,2026-07-22,105,0.5293151755070121,36.17936044153166,1.7138708018608613,0.29323466666666664,0.17109496605478233
24,55.98,0.01,24.85,97.85,0.43,1.71,1.3,4.43,0.0,3.61,0.77,-0.0,0.000222,0.001093,0.00014,sirmour_260722_14_47.mp4,2026-07-22 14:45:00+05:30,2026-07-22 16:45:00+05:30,2026-07-22,120,0.5293151755070121,32.8083455717186,1.5007465134056293,0.4375006666666666,0.29152202770996327
24,55.98,0.01,24.85,97.85,0.43,1.71,1.3,4.43,0.0,3.61,0.77,-0.0,0.000222,0.001093,0.00014,sirmour_260722_14_47.mp4,2026-07-22 14:45:00+05:30,2026-07-22 17:00:00+05:30,2026-07-22,135,0.5293151755070121,29.449258531654788,1.2857179658551465,0.46548666666666666,0.3620441488947118
24,55.98,0.01,24.85,97.85,0.43,1.71,1.3,4.43,0.0,3.61,0.77,-0.0,0.000222,0.001093,0.00014,sirmour_260722_14_47.mp4,2026-07-22 14:45:00+05:30,2026-07-22 17:15:00+05:30,2026-07-22,150,0.5293151755070121,26.103848908417802,1.0715846288210777,0.39978866666666657,0.3730817482017271
24,55.98,0.01,24.85,97.85,0.43,1.71,1.3,4.43,0.0,3.61,0.77,-0.0,0.000222,0.001093,0.00014,sirmour_260722_14_47.mp4,2026-07-22 14:45:00+05:30,2026-07-22 17:30:00+05:30,2026-07-22,165,0.5293151755070121,22.7740841852336,0.8617473506806427,0.6899666666666667,0.8006600381442465
24,55.98,0.01,24.85,97.85,0.43,1.71,1.3,4.43,0.0,3.61,0.77,-0.0,0.000222,0.001093,0.00014,sirmour_260722_14_47.mp4,2026-07-22 14:45:00+05:30,2026-07-22 17:45:00+05:30,2026-07-22,180,0.5293151755070121,19.462268919774203,0.6604233685516098,0.582602,0.8821644232209989
24,55.98,0.01,24.85,97.85,0.43,1.71,1.3,4.43,0.0,3.61,0.77,-0.0,0.000222,0.001093,0.00014,sirmour_260722_14_47.mp4,2026-07-22 14:45:00+05:30,2026-07-22 18:00:00+05:30,2026-07-22,195,0.5293151755070121,16.171264068182673,0.4729273598764553,0.3585954545454546,0.7582463713647947
24,55.98,0.01,24.85,97.85,0.43,1.71,1.3,4.43,0.0,3.61,0.77,-0.0,0.000222,0.001093,0.00014,sirmour_260722_14_47.mp4,2026-07-22 14:45:00+05:30,2026-07-22 18:15:00+05:30,2026-07-22,210,0.5293151755070121,12.904955082957805,0.30596758875545943,0.13295400000000002,0.4345362217638737
24,55.98,0.01,24.85,97.85,0.43,1.71,1.3,4.43,0.0,3.61,0.77,-0.0,0.000222,0.001093,0.00014,sirmour_260722_14_47.mp4,2026-07-22 14:45:00+05:30,2026-07-22 18:30:00+05:30,2026-07-22,225,0.5293151755070121,9.66943634451244,0.16772142452994854,0.03981692307692308,0.23739914676084406
24,55.98,0.01,24.85,97.85,0.43,1.71,1.3,4.43,0.0,3.61,0.77,-0.0,0.000222,0.001093,0.00014,sirmour_260722_14_47.mp4,2026-07-22 14:45:00+05:30,2026-07-22 18:45:00+05:30,2026-07-22,240,0.5293151755070121,6.476705295497731,0.07301053837154266,0.018537500000000002,0.25390170259620176
24,55.99,0.02,24.81,97.89,0.43,1.68,1.281,4.27,0.0,3.45,0.77,0.02,0.0,0.000523,4.2e-05,sirmour_260722_15_12.mp4,2026-07-22 15:00:00+05:30,2026-07-22 15:15:00+05:30,2026-07-22,15,0.47025373672138077,53.15856944723901,2.6791443468193767,0.8278086666666664,0.3089824807869808
24,55.99,0.02,24.81,97.89,0.43,1.68,1.281,4.27,0.0,3.45,0.77,0.02,0.0,0.000523,4.2e-05,sirmour_260722_15_12.mp4,2026-07-22 15:00:00+05:30,2026-07-22 15:30:00+05:30,2026-07-22,30,0.47025373672138077,49.7513559011656,2.504982659789374,0.49488866666666653,0.19756171354426788
24,55.99,0.02,24.81,97.89,0.43,1.68,1.281,4.27,0.0,3.45,0.77,0.02,0.0,0.000523,4.2e-05,sirmour_260722_15_12.mp4,2026-07-22 15:00:00+05:30,2026-07-22 15:45:00+05:30,2026-07-22,45,0.47025373672138077,46.34821628427695,2.3199316427720382,0.08782066666666667,0.03785485099971807
24,55.99,0.02,24.81,97.89,0.43,1.68,1.281,4.27,0.0,3.45,0.77,0.02,0.0,0.000523,4.2e-05,sirmour_260722_15_12.mp4,2026-07-22 15:00:00+05:30,2026-07-22 16:00:00+05:30,2026-07-22,60,0.47025373672138077,42.95081399903339,2.1253408512879113,0.101112,0.04757448667056311
24,55.99,0.02,24.81,97.89,0.43,1.68,1.281,4.27,0.0,3.45,0.77,0.02,0.0,0.000523,4.2e-05,sirmour_260722_15_12.mp4,2026-07-22 15:00:00+05:30,2026-07-22 16:15:00+05:30,2026-07-22,75,0.47025373672138077,39.560693378637865,1.9227391938446556,0.19387666666666664,0.10083357497851608
24,55.99,0.02,24.81,97.89,0.43,1.68,1.281,4.27,0.0,3.45,0.77,0.02,0.0,0.000523,4.2e-05,sirmour_260722_15_12.mp4,2026-07-22 15:00:00+05:30,2026-07-22 16:30:00+05:30,2026-07-22,90,0.47025373672138077,36.17936044153166,1.7138708018608613,0.29323466666666664,0.17109496605478233
24,55.99,0.02,24.81,97.89,0.43,1.68,1.281,4.27,0.0,3.45,0.77,0.02,0.0,0.000523,4.2e-05,sirmour_260722_15_12.mp4,2026-07-22 15:00:00+05:30,2026-07-22 16:45:00+05:30,2026-07-22,105,0.47025373672138077,32.8083455717186,1.5007465134056293,0.4375006666666666,0.29152202770996327
24,55.99,0.02,24.81,97.89,0.43,1.68,1.281,4.27,0.0,3.45,0.77,0.02,0.0,0.000523,4.2e-05,sirmour_260722_15_12.mp4,2026-07-22 15:00:00+05:30,2026-07-22 17:00:00+05:30,2026-07-22,120,0.47025373672138077,29.449258531654788,1.2857179658551465,0.46548666666666666,0.3620441488947118
24,55.99,0.02,24.81,97.89,0.43,1.68,1.281,4.27,0.0,3.45,0.77,0.02,0.0,0.000523,4.2e-05,sirmour_260722_15_12.mp4,2026-07-22 15:00:00+05:30,2026-07-22 17:15:00+05:30,2026-07-22,135,0.47025373672138077,26.103848908417802,1.0715846288210777,0.39978866666666657,0.3730817482017271
24,55.99,0.02,24.81,97.89,0.43,1.68,1.281,4.27,0.0,3.45,0.77,0.02,0.0,0.000523,4.2e-05,sirmour_260722_15_12.mp4,2026-07-22 15:00:00+05:30,2026-07-22 17:30:00+05:30,2026-07-22,150,0.47025373672138077,22.7740841852336,0.8617473506806427,0.6899666666666667,0.8006600381442465
24,55.99,0.02,24.81,97.89,0.43,1.68,1.281,4.27,0.0,3.45,0.77,0.02,0.0,0.000523,4.2e-05,sirmour_260722_15_12.mp4,2026-07-22 15:00:00+05:30,2026-07-22 17:45:00+05:30,2026-07-22,165,0.47025373672138077,19.462268919774203,0.6604233685516098,0.582602,0.8821644232209989
24,55.99,0.02,24.81,97.89,0.43,1.68,1.281,4.27,0.0,3.45,0.77,0.02,0.0,0.000523,4.2e-05,sirmour_260722_15_12.mp4,2026-07-22 15:00:00+05:30,2026-07-22 18:00:00+05:30,2026-07-22,180,0.47025373672138077,16.171264068182673,0.4729273598764553,0.3585954545454546,0.7582463713647947
24,55.99,0.02,24.81,97.89,0.43,1.68,1.281,4.27,0.0,3.45,0.77,0.02,0.0,0.000523,4.2e-05,sirmour_260722_15_12.mp4,2026-07-22 15:00:00+05:30,2026-07-22 18:15:00+05:30,2026-07-22,195,0.47025373672138077,12.904955082957805,0.30596758875545943,0.13295400000000002,0.4345362217638737
24,55.99,0.02,24.81,97.89,0.43,1.68,1.281,4.27,0.0,3.45,0.77,0.02,0.0,0.000523,4.2e-05,sirmour_260722_15_12.mp4,2026-07-22 15:00:00+05:30,2026-07-22 18:30:00+05:30,2026-07-22,210,0.47025373672138077,9.66943634451244,0.16772142452994854,0.03981692307692308,0.23739914676084406
24,55.99,0.02,24.81,97.89,0.43,1.68,1.281,4.27,0.0,3.45,0.77,0.02,0.0,0.000523,4.2e-05,sirmour_260722_15_12.mp4,2026-07-22 15:00:00+05:30,2026-07-22 18:45:00+05:30,2026-07-22,225,0.47025373672138077,6.476705295497731,0.07301053837154266,0.018537500000000002,0.25390170259620176
24,55.99,0.02,24.82,97.87,0.45,1.68,1.311,4.32,0.0,3.51,0.77,0.01,0.0,0.0001,1e-06,sirmour_260722_15_36.mp4,2026-07-22 15:30:00+05:30,2026-07-22 15:45:00+05:30,2026-07-22,15,0.33287196756593596,46.34821628427695,2.3199316427720382,0.08782066666666667,0.03785485099971807
24,55.99,0.02,24.82,97.87,0.45,1.68,1.311,4.32,0.0,3.51,0.77,0.01,0.0,0.0001,1e-06,sirmour_260722_15_36.mp4,2026-07-22 15:30:00+05:30,2026-07-22 16:00:00+05:30,2026-07-22,30,0.33287196756593596,42.95081399903339,2.1253408512879113,0.101112,0.04757448667056311
24,55.99,0.02,24.82,97.87,0.45,1.68,1.311,4.32,0.0,3.51,0.77,0.01,0.0,0.0001,1e-06,sirmour_260722_15_36.mp4,2026-07-22 15:30:00+05:30,2026-07-22 16:15:00+05:30,2026-07-22,45,0.33287196756593596,39.560693378637865,1.9227391938446556,0.19387666666666664,0.10083357497851608
24,55.99,0.02,24.82,97.87,0.45,1.68,1.311,4.32,0.0,3.51,0.77,0.01,0.0,0.0001,1e-06,sirmour_260722_15_36.mp4,2026-07-22 15:30:00+05:30,2026-07-22 16:30:00+05:30,2026-07-22,60,0.33287196756593596,36.17936044153166,1.7138708018608613,0.29323466666666664,0.17109496605478233
24,55.99,0.02,24.82,97.87,0.45,1.68,1.311,4.32,0.0,3.51,0.77,0.01,0.0,0.0001,1e-06,sirmour_260722_15_36.mp4,2026-07-22 15:30:00+05:30,2026-07-22 16:45:00+05:30,2026-07-22,75,0.33287196756593596,32.8083455717186,1.5007465134056293,0.4375006666666666,0.29152202770996327
24,55.99,0.02,24.82,97.87,0.45,1.68,1.311,4.32,0.0,3.51,0.77,0.01,0.0,0.0001,1e-06,sirmour_260722_15_36.mp4,2026-07-22 15:30:00+05:30,2026-07-22 17:00:00+05:30,2026-07-22,90,0.33287196756593596,29.449258531654788,1.2857179658551465,0.46548666666666666,0.3620441488947118
24,55.99,0.02,24.82,97.87,0.45,1.68,1.311,4.32,0.0,3.51,0.77,0.01,0.0,0.0001,1e-06,sirmour_260722_15_36.mp4,2026-07-22 15:30:00+05:30,2026-07-22 17:15:00+05:30,2026-07-22,105,0.33287196756593596,26.103848908417802,1.0715846288210777,0.39978866666666657,0.3730817482017271
24,55.99,0.02,24.82,97.87,0.45,1.68,1.311,4.32,0.0,3.51,0.77,0.01,0.0,0.0001,1e-06,sirmour_260722_15_36.mp4,2026-07-22 15:30:00+05:30,2026-07-22 17:30:00+05:30,2026-07-22,120,0.33287196756593596,22.7740841852336,0.8617473506806427,0.6899666666666667,0.8006600381442465
24,55.99,0.02,24.82,97.87,0.45,1.68,1.311,4.32,0.0,3.51,0.77,0.01,0.0,0.0001,1e-06,sirmour_260722_15_36.mp4,2026-07-22 15:30:00+05:30,2026-07-22 17:45:00+05:30,2026-07-22,135,0.33287196756593596,19.462268919774203,0.6604233685516098,0.582602,0.8821644232209989
24,55.99,0.02,24.82,97.87,0.45,1.68,1.311,4.32,0.0,3.51,0.77,0.01,0.0,0.0001,1e-06,sirmour_260722_15_36.mp4,2026-07-22 15:30:00+05:30,2026-07-22 18:00:00+05:30,2026-07-22,150,0.33287196756593596,16.171264068182673,0.4729273598764553,0.3585954545454546,0.7582463713647947
24,55.99,0.02,24.82,97.87,0.45,1.68,1.311,4.32,0.0,3.51,0.77,0.01,0.0,0.0001,1e-06,sirmour_260722_15_36.mp4,2026-07-22 15:30:00+05:30,2026-07-22 18:15:00+05:30,2026-07-22,165,0.33287196756593596,12.904955082957805,0.30596758875545943,0.13295400000000002,0.4345362217638737
24,55.99,0.02,24.82,97.87,0.45,1.68,1.311,4.32,0.0,3.51,0.77,0.01,0.0,0.0001,1e-06,sirmour_260722_15_36.mp4,2026-07-22 15:30:00+05:30,2026-07-22 18:30:00+05:30,2026-07-22,180,0.33287196756593596,9.66943634451244,0.16772142452994854,0.03981692307692308,0.23739914676084406
24,55.99,0.02,24.82,97.87,0.45,1.68,1.311,4.32,0.0,3.51,0.77,0.01,0.0,0.0001,1e-06,sirmour_260722_15_36.mp4,2026-07-22 15:30:00+05:30,2026-07-22 18:45:00+05:30,2026-07-22,195,0.33287196756593596,6.476705295497731,0.07301053837154266,0.018537500000000002,0.25390170259620176
24,55.98,0.02,24.91,97.87,0.44,1.69,1.295,4.32,0.0,3.51,0.77,0.02,0.0,0.0,0.0,sirmour_260722_16_00.mp4,2026-07-22 16:00:00+05:30,2026-07-22 16:15:00+05:30,2026-07-22,15,0.14799338300038248,39.560693378637865,1.9227391938446556,0.19387666666666664,0.10083357497851608
24,55.98,0.02,24.91,97.87,0.44,1.69,1.295,4.32,0.0,3.51,0.77,0.02,0.0,0.0,0.0,sirmour_260722_16_00.mp4,2026-07-22 16:00:00+05:30,2026-07-22 16:30:00+05:30,2026-07-22,30,0.14799338300038248,36.17936044153166,1.7138708018608613,0.29323466666666664,0.17109496605478233
24,55.98,0.02,24.91,97.87,0.44,1.69,1.295,4.32,0.0,3.51,0.77,0.02,0.0,0.0,0.0,sirmour_260722_16_00.mp4,2026-07-22 16:00:00+05:30,2026-07-22 16:45:00+05:30,2026-07-22,45,0.14799338300038248,32.8083455717186,1.5007465134056293,0.4375006666666666,0.29152202770996327
24,55.98,0.02,24.91,97.87,0.44,1.69,1.295,4.32,0.0,3.51,0.77,0.02,0.0,0.0,0.0,sirmour_260722_16_00.mp4,2026-07-22 16:00:00+05:30,2026-07-22 17:00:00+05:30,2026-07-22,60,0.14799338300038248,29.449258531654788,1.2857179658551465,0.46548666666666666,0.3620441488947118
24,55.98,0.02,24.91,97.87,0.44,1.69,1.295,4.32,0.0,3.51,0.77,0.02,0.0,0.0,0.0,sirmour_260722_16_00.mp4,2026-07-22 16:00:00+05:30,2026-07-22 17:15:00+05:30,2026-07-22,75,0.14799338300038248,26.103848908417802,1.0715846288210777,0.39978866666666657,0.3730817482017271
24,55.98,0.02,24.91,97.87,0.44,1.69,1.295,4.32,0.0,3.51,0.77,0.02,0.0,0.0,0.0,sirmour_260722_16_00.mp4,2026-07-22 16:00:00+05:30,2026-07-22 17:30:00+05:30,2026-07-22,90,0.14799338300038248,22.7740841852336,0.8617473506806427,0.6899666666666667,0.8006600381442465
24,55.98,0.02,24.91,97.87,0.44,1.69,1.295,4.32,0.0,3.51,0.77,0.02,0.0,0.0,0.0,sirmour_260722_16_00.mp4,2026-07-22 16:00:00+05:30,2026-07-22 17:45:00+05:30,2026-07-22,105,0.14799338300038248,19.462268919774203,0.6604233685516098,0.582602,0.8821644232209989
24,55.98,0.02,24.91,97.87,0.44,1.69,1.295,4.32,0.0,3.51,0.77,0.02,0.0,0.0,0.0,sirmour_260722_16_00.mp4,2026-07-22 16:00:00+05:30,2026-07-22 18:00:00+05:30,2026-07-22,120,0.14799338300038248,16.171264068182673,0.4729273598764553,0.3585954545454546,0.7582463713647947
24,55.98,0.02,24.91,97.87,0.44,1.69,1.295,4.32,0.0,3.51,0.77,0.02,0.0,0.0,0.0,sirmour_260722_16_00.mp4,2026-07-22 16:00:00+05:30,2026-07-22 18:15:00+05:30,2026-07-22,135,0.14799338300038248,12.904955082957805,0.30596758875545943,0.13295400000000002,0.4345362217638737
24,55.98,0.02,24.91,97.87,0.44,1.69,1.295,4.32,0.0,3.51,0.77,0.02,0.0,0.0,0.0,sirmour_260722_16_00.mp4,2026-07-22 16:00:00+05:30,2026-07-22 18:30:00+05:30,2026-07-22,150,0.14799338300038248,9.66943634451244,0.16772142452994854,0.03981692307692308,0.23739914676084406
24,55.98,0.02,24.91,97.87,0.44,1.69,1.295,4.32,0.0,3.51,0.77,0.02,0.0,0.0,0.0,sirmour_260722_16_00.mp4,2026-07-22 16:00:00+05:30,2026-07-22 18:45:00+05:30,2026-07-22,165,0.14799338300038248,6.476705295497731,0.07301053837154266,0.018537500000000002,0.25390170259620176
24,55.97,0.01,24.84,97.87,0.43,1.69,1.359,4.32,0.0,3.51,0.77,0.01,0.0,0.000759,7.6e-05,sirmour_260722_16_25.mp4,2026-07-22 16:15:00+05:30,2026-07-22 16:30:00+05:30,2026-07-22,15,0.0959561565482663,36.17936044153166,1.7138708018608613,0.29323466666666664,0.17109496605478233
24,55.97,0.01,24.84,97.87,0.43,1.69,1.359,4.32,0.0,3.51,0.77,0.01,0.0,0.000759,7.6e-05,sirmour_260722_16_25.mp4,2026-07-22 16:15:00+05:30,2026-07-22 16:45:00+05:30,2026-07-22,30,0.0959561565482663,32.8083455717186,1.5007465134056293,0.4375006666666666,0.29152202770996327
24,55.97,0.01,24.84,97.87,0.43,1.69,1.359,4.32,0.0,3.51,0.77,0.01,0.0,0.000759,7.6e-05,sirmour_260722_16_25.mp4,2026-07-22 16:15:00+05:30,2026-07-22 17:00:00+05:30,2026-07-22,45,0.0959561565482663,29.449258531654788,1.2857179658551465,0.46548666666666666,0.3620441488947118
24,55.97,0.01,24.84,97.87,0.43,1.69,1.359,4.32,0.0,3.51,0.77,0.01,0.0,0.000759,7.6e-05,sirmour_260722_16_25.mp4,2026-07-22 16:15:00+05:30,2026-07-22 17:15:00+05:30,2026-07-22,60,0.0959561565482663,26.103848908417802,1.0715846288210777,0.39978866666666657,0.3730817482017271
24,55.97,0.01,24.84,97.87,0.43,1.69,1.359,4.32,0.0,3.51,0.77,0.01,0.0,0.000759,7.6e-05,sirmour_260722_16_25.mp4,2026-07-22 16:15:00+05:30,2026-07-22 17:30:00+05:30,2026-07-22,75,0.0959561565482663,22.7740841852336,0.8617473506806427,0.6899666666666667,0.8006600381442465
24,55.97,0.01,24.84,97.87,0.43,1.69,1.359,4.32,0.0,3.51,0.77,0.01,0.0,0.000759,7.6e-05,sirmour_260722_16_25.mp4,2026-07-22 16:15:00+05:30,2026-07-22 17:45:00+05:30,2026-07-22,90,0.0959561565482663,19.462268919774203,0.6604233685516098,0.582602,0.8821644232209989
24,55.97,0.01,24.84,97.87,0.43,1.69,1.359,4.32,0.0,3.51,0.77,0.01,0.0,0.000759,7.6e-05,sirmour_260722_16_25.mp4,2026-07-22 16:15:00+05:30,2026-07-22 18:00:00+05:30,2026-07-22,105,0.0959561565482663,16.171264068182673,0.4729273598764553,0.3585954545454546,0.7582463713647947
24,55.97,0.01,24.84,97.87,0.43,1.69,1.359,4.32,0.0,3.51,0.77,0.01,0.0,0.000759,7.6e-05,sirmour_260722_16_25.mp4,2026-07-22 16:15:00+05:30,2026-07-22 18:15:00+05:30,2026-07-22,120,0.0959561565482663,12.904955082957805,0.30596758875545943,0.13295400000000002,0.4345362217638737
24,55.97,0.01,24.84,97.87,0.43,1.69,1.359,4.32,0.0,3.51,0.77,0.01,0.0,0.000759,7.6e-05,sirmour_260722_16_25.mp4,2026-07-22 16:15:00+05:30,2026-07-22 18:30:00+05:30,2026-07-22,135,0.0959561565482663,9.66943634451244,0.16772142452994854,0.03981692307692308,0.23739914676084406
24,55.97,0.01,24.84,97.87,0.43,1.69,1.359,4.32,0.0,3.51,0.77,0.01,0.0,0.000759,7.6e-05,sirmour_260722_16_25.mp4,2026-07-22 16:15:00+05:30,2026-07-22 18:45:00+05:30,2026-07-22,150,0.0959561565482663,6.476705295497731,0.07301053837154266,0.018537500000000002,0.25390170259620176
24,55.98,0.02,24.83,97.86,0.43,1.7,1.285,4.32,0.0,3.51,0.77,-0.02,0.0,0.000401,1.2e-05,sirmour_260722_16_49.mp4,2026-07-22 16:45:00+05:30,2026-07-22 17:00:00+05:30,2026-07-22,15,0.1527562638534562,29.449258531654788,1.2857179658551465,0.46548666666666666,0.3620441488947118
24,55.98,0.02,24.83,97.86,0.43,1.7,1.285,4.32,0.0,3.51,0.77,-0.02,0.0,0.000401,1.2e-05,sirmour_260722_16_49.mp4,2026-07-22 16:45:00+05:30,2026-07-22 17:15:00+05:30,2026-07-22,30,0.1527562638534562,26.103848908417802,1.0715846288210777,0.39978866666666657,0.3730817482017271
24,55.98,0.02,24.83,97.86,0.43,1.7,1.285,4.32,0.0,3.51,0.77,-0.02,0.0,0.000401,1.2e-05,sirmour_260722_16_49.mp4,2026-07-22 16:45:00+05:30,2026-07-22 17:30:00+05:30,2026-07-22,45,0.1527562638534562,22.7740841852336,0.8617473506806427,0.6899666666666667,0.8006600381442465
24,55.98,0.02,24.83,97.86,0.43,1.7,1.285,4.32,0.0,3.51,0.77,-0.02,0.0,0.000401,1.2e-05,sirmour_260722_16_49.mp4,2026-07-22 16:45:00+05:30,2026-07-22 17:45:00+05:30,2026-07-22,60,0.1527562638534562,19.462268919774203,0.6604233685516098,0.582602,0.8821644232209989
24,55.98,0.02,24.83,97.86,0.43,1.7,1.285,4.32,0.0,3.51,0.77,-0.02,0.0,0.000401,1.2e-05,sirmour_260722_16_49.mp4,2026-07-22 16:45:00+05:30,2026-07-22 18:00:00+05:30,2026-07-22,75,0.1527562638534562,16.171264068182673,0.4729273598764553,0.3585954545454546,0.7582463713647947
24,55.98,0.02,24.83,97.86,0.43,1.7,1.285,4.32,0.0,3.51,0.77,-0.02,0.0,0.000401,1.2e-05,sirmour_260722_16_49.mp4,2026-07-22 16:45:00+05:30,2026-07-22 18:15:00+05:30,2026-07-22,90,0.1527562638534562,12.904955082957805,0.30596758875545943,0.13295400000000002,0.4345362217638737
24,55.98,0.02,24.83,97.86,0.43,1.7,1.285,4.32,0.0,3.51,0.77,-0.02,0.0,0.000401,1.2e-05,sirmour_260722_16_49.mp4,2026-07-22 16:45:00+05:30,2026-07-22 18:30:00+05:30,2026-07-22,105,0.1527562638534562,9.66943634451244,0.16772142452994854,0.03981692307692308,0.23739914676084406
24,55.98,0.02,24.83,97.86,0.43,1.7,1.285,4.32,0.0,3.51,0.77,-0.02,0.0,0.000401,1.2e-05,sirmour_260722_16_49.mp4,2026-07-22 16:45:00+05:30,2026-07-22 18:45:00+05:30,2026-07-22,120,0.1527562638534562,6.476705295497731,0.07301053837154266,0.018537500000000002,0.25390170259620176
24,55.99,0.02,24.79,97.87,0.44,1.69,1.301,4.32,0.0,3.51,0.77,0.01,0.0,0.000429,1.2e-05,sirmour_260722_17_14.mp4,2026-07-22 17:00:00+05:30,2026-07-22 17:15:00+05:30,2026-07-22,15,0.23137367940949338,26.103848908417802,1.0715846288210777,0.39978866666666657,0.3730817482017271
24,55.99,0.02,24.79,97.87,0.44,1.69,1.301,4.32,0.0,3.51,0.77,0.01,0.0,0.000429,1.2e-05,sirmour_260722_17_14.mp4,2026-07-22 17:00:00+05:30,2026-07-22 17:30:00+05:30,2026-07-22,30,0.23137367940949338,22.7740841852336,0.8617473506806427,0.6899666666666667,0.8006600381442465
24,55.99,0.02,24.79,97.87,0.44,1.69,1.301,4.32,0.0,3.51,0.77,0.01,0.0,0.000429,1.2e-05,sirmour_260722_17_14.mp4,2026-07-22 17:00:00+05:30,2026-07-22 17:45:00+05:30,2026-07-22,45,0.23137367940949338,19.462268919774203,0.6604233685516098,0.582602,0.8821644232209989
24,55.99,0.02,24.79,97.87,0.44,1.69,1.301,4.32,0.0,3.51,0.77,0.01,0.0,0.000429,1.2e-05,sirmour_260722_17_14.mp4,2026-07-22 17:00:00+05:30,2026-07-22 18:00:00+05:30,2026-07-22,60,0.23137367940949338,16.171264068182673,0.4729273598764553,0.3585954545454546,0.7582463713647947
24,55.99,0.02,24.79,97.87,0.44,1.69,1.301,4.32,0.0,3.51,0.77,0.01,0.0,0.000429,1.2e-05,sirmour_260722_17_14.mp4,2026-07-22 17:00:00+05:30,2026-07-22 18:15:00+05:30,2026-07-22,75,0.23137367940949338,12.904955082957805,0.30596758875545943,0.13295400000000002,0.4345362217638737
24,55.99,0.02,24.79,97.87,0.44,1.69,1.301,4.32,0.0,3.51,0.77,0.01,0.0,0.000429,1.2e-05,sirmour_260722_17_14.mp4,2026-07-22 17:00:00+05:30,2026-07-22 18:30:00+05:30,2026-07-22,90,0.23137367940949338,9.66943634451244,0.16772142452994854,0.03981692307692308,0.23739914676084406
24,55.99,0.02,24.79,97.87,0.44,1.69,1.301,4.32,0.0,3.51,0.77,0.01,0.0,0.000429,1.2e-05,sirmour_260722_17_14.mp4,2026-07-22 17:00:00+05:30,2026-07-22 18:45:00+05:30,2026-07-22,105,0.23137367940949338,6.476705295497731,0.07301053837154266,0.018537500000000002,0.25390170259620176
24,55.97,0.02,24.82,97.87,0.45,1.68,1.315,4.38,0.0,3.56,0.77,0.01,0.0,0.0,0.0,sirmour_260722_17_38.mp4,2026-07-22 17:30:00+05:30,2026-07-22 17:45:00+05:30,2026-07-22,15,0.4568269907376622,19.462268919774203,0.6604233685516098,0.582602,0.8821644232209989
24,55.97,0.02,24.82,97.87,0.45,1.68,1.315,4.38,0.0,3.56,0.77,0.01,0.0,0.0,0.0,sirmour_260722_17_38.mp4,2026-07-22 17:30:00+05:30,2026-07-22 18:00:00+05:30,2026-07-22,30,0.4568269907376622,16.171264068182673,0.4729273598764553,0.3585954545454546,0.7582463713647947
24,55.97,0.02,24.82,97.87,0.45,1.68,1.315,4.38,0.0,3.56,0.77,0.01,0.0,0.0,0.0,sirmour_260722_17_38.mp4,2026-07-22 17:30:00+05:30,2026-07-22 18:15:00+05:30,2026-07-22,45,0.4568269907376622,12.904955082957805,0.30596758875545943,0.13295400000000002,0.4345362217638737
24,55.97,0.02,24.82,97.87,0.45,1.68,1.315,4.38,0.0,3.56,0.77,0.01,0.0,0.0,0.0,sirmour_260722_17_38.mp4,2026-07-22 17:30:00+05:30,2026-07-22 18:30:00+05:30,2026-07-22,60,0.4568269907376622,9.66943634451244,0.16772142452994854,0.03981692307692308,0.23739914676084406
24,55.97,0.02,24.82,97.87,0.45,1.68,1.315,4.38,0.0,3.56,0.77,0.01,0.0,0.0,0.0,sirmour_260722_17_38.mp4,2026-07-22 17:30:00+05:30,2026-07-22 18:45:00+05:30,2026-07-22,75,0.4568269907376622,6.476705295497731,0.07301053837154266,0.018537500000000002,0.25390170259620176
24,55.97,0.01,24.8,97.9,0.42,1.68,1.337,4.22,0.0,3.4,0.77,0.03,0.0,0.000117,1e-06,sirmour_260722_18_03.mp4,2026-07-22 18:00:00+05:30,2026-07-22 18:15:00+05:30,2026-07-22,15,0.7035381452329418,12.904955082957805,0.30596758875545943,0.13295400000000002,0.4345362217638737
24,55.97,0.01,24.8,97.9,0.42,1.68,1.337,4.22,0.0,3.4,0.77,0.03,0.0,0.000117,1e-06,sirmour_260722_18_03.mp4,2026-07-22 18:00:00+05:30,2026-07-22 18:30:00+05:30,2026-07-22,30,0.7035381452329418,9.66943634451244,0.16772142452994854,0.03981692307692308,0.23739914676084406
24,55.97,0.01,24.8,97.9,0.42,1.68,1.337,4.22,0.0,3.4,0.77,0.03,0.0,0.000117,1e-06,sirmour_260722_18_03.mp4,2026-07-22 18:00:00+05:30,2026-07-22 18:45:00+05:30,2026-07-22,45,0.7035381452329418,6.476705295497731,0.07301053837154266,0.018537500000000002,0.25390170259620176
24,55.97,0.01,24.83,97.88,0.43,1.69,1.328,4.32,0.0,3.51,0.77,-0.01,0.0,0.000949,7.6e-05,sirmour_260722_18_27.mp4,2026-07-22 18:15:00+05:30,2026-07-22 18:30:00+05:30,2026-07-22,15,0.7189017636234784,9.66943634451244,0.16772142452994854,0.03981692307692308,0.23739914676084406
24,55.97,0.01,24.83,97.88,0.43,1.69,1.328,4.32,0.0,3.51,0.77,-0.01,0.0,0.000949,7.6e-05,sirmour_260722_18_27.mp4,2026-07-22 18:15:00+05:30,2026-07-22 18:45:00+05:30,2026-07-22,30,0.7189017636234784,6.476705295497731,0.07301053837154266,0.018537500000000002,0.25390170259620176
24,118.82,49.71,19.52,34.73,59.6,5.67,1.519,91.98,100.0,93.14,98.93,-63.61,1e-06,0.000471,3.6e-05,sirmour_260723_06_48.mp4,2026-07-23 06:45:00+05:30,2026-07-23 07:00:00+05:30,2026-07-23,15,1.2,13.453539038129037,0.3330267760369926,0.28289600000000004,0.8494692329741557
24,118.82,49.71,19.52,34.73,59.6,5.67,1.519,91.98,100.0,93.14,98.93,-63.61,1e-06,0.000471,3.6e-05,sirmour_260723_06_48.mp4,2026-07-23 06:45:00+05:30,2026-07-23 07:15:00+05:30,2026-07-23,30,1.2,16.724804754742692,0.5043037162539451,0.4783879999999999,0.9486108957386798
24,118.82,49.71,19.52,34.73,59.6,5.67,1.519,91.98,100.0,93.14,98.93,-63.61,1e-06,0.000471,3.6e-05,sirmour_260723_06_48.mp4,2026-07-23 06:45:00+05:30,2026-07-23 07:30:00+05:30,2026-07-23,45,1.2,20.020002919113285,0.6948752084205586,0.7016833333333333,1.0097976224079852
24,118.82,49.71,19.52,34.73,59.6,5.67,1.519,91.98,100.0,93.14,98.93,-63.61,1e-06,0.000471,3.6e-05,sirmour_260723_06_48.mp4,2026-07-23 06:45:00+05:30,2026-07-23 07:45:00+05:30,2026-07-23,60,1.2,23.335465759660224,0.8982771572940202,0.8737986666666668,0.9727495122985286
24,118.82,49.71,19.52,34.73,59.6,5.67,1.519,91.98,100.0,93.14,98.93,-63.61,1e-06,0.000471,3.6e-05,sirmour_260723_06_48.mp4,2026-07-23 06:45:00+05:30,2026-07-23 08:00:00+05:30,2026-07-23,75,1.2,26.668439590979137,1.1093986260729087,0.9798946666666666,0.8832665226342805
24,118.82,49.71,19.52,34.73,59.6,5.67,1.519,91.98,100.0,93.14,98.93,-63.61,1e-06,0.000471,3.6e-05,sirmour_260723_06_48.mp4,2026-07-23 06:45:00+05:30,2026-07-23 08:15:00+05:30,2026-07-23,90,1.2,30.016676876025763,1.3241767097527013,1.5287935714285716,1.154523833691414
24,118.82,49.71,19.52,34.73,59.6,5.67,1.519,91.98,100.0,93.14,98.93,-63.61,1e-06,0.000471,3.6e-05,sirmour_260723_06_48.mp4,2026-07-23 06:45:00+05:30,2026-07-23 08:30:00+05:30,2026-07-23,105,1.2,33.37823939892388,1.5393244350511204,1.227776,0.7976070359457563
24,118.82,49.71,19.52,34.73,59.6,5.67,1.519,91.98,100.0,93.14,98.93,-63.61,1e-06,0.000471,3.6e-05,sirmour_260723_06_48.mp4,2026-07-23 06:45:00+05:30,2026-07-23 08:45:00+05:30,2026-07-23,120,1.2,36.751387938738155,1.7521265573288012,2.3081933333333335,1.2
24,118.82,49.71,19.52,34.73,59.6,5.67,1.519,91.98,100.0,93.14,98.93,-63.61,1e-06,0.000471,3.6e-05,sirmour_260723_06_48.mp4,2026-07-23 06:45:00+05:30,2026-07-23 09:00:00+05:30,2026-07-23,135,1.2,40.13450709984859,1.9602947526573515,2.0423026666666666,1.0418344812167386
24,118.82,49.71,19.52,34.73,59.6,5.67,1.519,91.98,100.0,93.14,98.93,-63.61,1e-06,0.000471,3.6e-05,sirmour_260723_06_48.mp4,2026-07-23 06:45:00+05:30,2026-07-23 09:15:00+05:30,2026-07-23,150,1.2,43.52604441210011,2.161866924100324,0.9776773333333332,0.4522375186160917
24,118.82,49.71,19.52,34.73,59.6,5.67,1.519,91.98,100.0,93.14,98.93,-63.61,1e-06,0.000471,3.6e-05,sirmour_260723_06_48.mp4,2026-07-23 06:45:00+05:30,2026-07-23 09:30:00+05:30,2026-07-23,165,1.2,46.924452123998115,2.3551375397026195,1.91589,0.8134938905699398
24,118.82,49.71,19.52,34.73,59.6,5.67,1.519,91.98,100.0,93.14,98.93,-63.61,1e-06,0.000471,3.6e-05,sirmour_260723_06_48.mp4,2026-07-23 06:45:00+05:30,2026-07-23 09:45:00+05:30,2026-07-23,180,1.2,50.328118093984,2.5386092134965477,0.9695053333333334,0.3819041261565373
24,118.82,49.71,19.52,34.73,59.6,5.67,1.519,91.98,100.0,93.14,98.93,-63.61,1e-06,0.000471,3.6e-05,sirmour_260723_06_48.mp4,2026-07-23 06:45:00+05:30,2026-07-23 10:00:00+05:30,2026-07-23,195,1.2,53.73527376656114,2.7109589574467763,1.908376,0.7039486875143763
24,118.82,49.71,19.52,34.73,59.6,5.67,1.519,91.98,100.0,93.14,98.93,-63.61,1e-06,0.000471,3.6e-05,sirmour_260723_06_48.mp4,2026-07-23 06:45:00+05:30,2026-07-23 10:15:00+05:30,2026-07-23,210,1.2,57.143859349858104,2.8710146303996376,2.258332,0.7865971758164276
24,118.82,49.71,19.52,34.73,59.6,5.67,1.519,91.98,100.0,93.14,98.93,-63.61,1e-06,0.000471,3.6e-05,sirmour_260723_06_48.mp4,2026-07-23 06:45:00+05:30,2026-07-23 10:30:00+05:30,2026-07-23,225,1.2,60.55130464308642,3.017738349307364,1.7121919999999997,0.5673758960557282
24,118.82,49.71,19.52,34.73,59.6,5.67,1.519,91.98,100.0,93.14,98.93,-63.61,1e-06,0.000471,3.6e-05,sirmour_260723_06_48.mp4,2026-07-23 06:45:00+05:30,2026-07-23 10:45:00+05:30,2026-07-23,240,1.2,63.95414933782826,3.1502148385207533,1.2702660000000001,0.40323154613685935
24,122.44,48.14,19.34,30.81,63.51,5.68,1.512,91.88,100.0,93.04,98.93,-55.78,0.0,0.000686,6.1e-05,sirmour_260723_08_18.mp4,2026-07-23 08:15:00+05:30,2026-07-23 08:30:00+05:30,2026-07-23,15,1.005084372758052,33.37823939892388,1.5393244350511204,1.227776,0.7976070359457563
24,122.44,48.14,19.34,30.81,63.51,5.68,1.512,91.88,100.0,93.04,98.93,-55.78,0.0,0.000686,6.1e-05,sirmour_260723_08_18.mp4,2026-07-23 08:15:00+05:30,2026-07-23 08:45:00+05:30,2026-07-23,30,1.005084372758052,36.751387938738155,1.7521265573288012,2.3081933333333335,1.2
24,122.44,48.14,19.34,30.81,63.51,5.68,1.512,91.88,100.0,93.04,98.93,-55.78,0.0,0.000686,6.1e-05,sirmour_260723_08_18.mp4,2026-07-23 08:15:00+05:30,2026-07-23 09:00:00+05:30,2026-07-23,45,1.005084372758052,40.13450709984859,1.9602947526573515,2.0423026666666666,1.0418344812167386
24,122.44,48.14,19.34,30.81,63.51,5.68,1.512,91.88,100.0,93.04,98.93,-55.78,0.0,0.000686,6.1e-05,sirmour_260723_08_18.mp4,2026-07-23 08:15:00+05:30,2026-07-23 09:15:00+05:30,2026-07-23,60,1.005084372758052,43.52604441210011,2.161866924100324,0.9776773333333332,0.4522375186160917
24,122.44,48.14,19.34,30.81,63.51,5.68,1.512,91.88,100.0,93.04,98.93,-55.78,0.0,0.000686,6.1e-05,sirmour_260723_08_18.mp4,2026-07-23 08:15:00+05:30,2026-07-23 09:30:00+05:30,2026-07-23,75,1.005084372758052,46.924452123998115,2.3551375397026195,1.91589,0.8134938905699398
24,122.44,48.14,19.34,30.81,63.51,5.68,1.512,91.88,100.0,93.04,98.93,-55.78,0.0,0.000686,6.1e-05,sirmour_260723_08_18.mp4,2026-07-23 08:15:00+05:30,2026-07-23 09:45:00+05:30,2026-07-23,90,1.005084372758052,50.328118093984,2.5386092134965477,0.9695053333333334,0.3819041261565373
24,122.44,48.14,19.34,30.81,63.51,5.68,1.512,91.88,100.0,93.04,98.93,-55.78,0.0,0.000686,6.1e-05,sirmour_260723_08_18.mp4,2026-07-23 08:15:00+05:30,2026-07-23 10:00:00+05:30,2026-07-23,105,1.005084372758052,53.73527376656114,2.7109589574467763,1.908376,0.7039486875143763
24,122.44,48.14,19.34,30.81,63.51,5.68,1.512,91.88,100.0,93.04,98.93,-55.78,0.0,0.000686,6.1e-05,sirmour_260723_08_18.mp4,2026-07-23 08:15:00+05:30,2026-07-23 10:15:00+05:30,2026-07-23,120,1.005084372758052,57.143859349858104,2.8710146303996376,2.258332,0.7865971758164276
24,122.44,48.14,19.34,30.81,63.51,5.68,1.512,91.88,100.0,93.04,98.93,-55.78,0.0,0.000686,6.1e-05,sirmour_260723_08_18.mp4,2026-07-23 08:15:00+05:30,2026-07-23 10:30:00+05:30,2026-07-23,135,1.005084372758052,60.55130464308642,3.017738349307364,1.7121919999999997,0.5673758960557282
24,122.44,48.14,19.34,30.81,63.51,5.68,1.512,91.88,100.0,93.04,98.93,-55.78,0.0,0.000686,6.1e-05,sirmour_260723_08_18.mp4,2026-07-23 08:15:00+05:30,2026-07-23 10:45:00+05:30,2026-07-23,150,1.005084372758052,63.95414933782826,3.1502148385207533,1.2702660000000001,0.40323154613685935
24,122.44,48.14,19.34,30.81,63.51,5.68,1.512,91.88,100.0,93.04,98.93,-55.78,0.0,0.000686,6.1e-05,sirmour_260723_08_18.mp4,2026-07-23 08:15:00+05:30,2026-07-23 11:00:00+05:30,2026-07-23,165,1.005084372758052,67.34733646461447,3.2676433085695535,0.5289299999999999,0.16186895265246828
24,122.44,48.14,19.34,30.81,63.51,5.68,1.512,91.88,100.0,93.04,98.93,-55.78,0.0,0.000686,6.1e-05,sirmour_260723_08_18.mp4,2026-07-23 08:15:00+05:30,2026-07-23 11:15:00+05:30,2026-07-23,180,1.005084372758052,70.72278066023885,3.369331732769107,0.5546740000000001,0.16462433621640982
24,122.44,48.14,19.34,30.81,63.51,5.68,1.512,91.88,100.0,93.04,98.93,-55.78,0.0,0.000686,6.1e-05,sirmour_260723_08_18.mp4,2026-07-23 08:15:00+05:30,2026-07-23 11:30:00+05:30,2026-07-23,195,1.005084372758052,74.06617769358611,3.454692886379681,0.579278,0.16767858071663497
24,122.44,48.14,19.34,30.81,63.51,5.68,1.512,91.88,100.0,93.04,98.93,-55.78,0.0,0.000686,6.1e-05,sirmour_260723_08_18.mp4,2026-07-23 08:15:00+05:30,2026-07-23 11:45:00+05:30,2026-07-23,210,1.005084372758052,77.34898018198784,3.5232416802660493,0.9853573333333332,0.27967350035973865
24,122.44,48.14,19.34,30.81,63.51,5.68,1.512,91.88,100.0,93.04,98.93,-55.78,0.0,0.000686,6.1e-05,sirmour_260723_08_18.mp4,2026-07-23 08:15:00+05:30,2026-07-23 12:00:00+05:30,2026-07-23,225,1.005084372758052,80.50485125627482,3.574593387489571,1.1959393333333332,0.3345665376987783
24,122.44,48.14,19.34,30.81,63.51,5.68,1.512,91.88,100.0,93.04,98.93,-55.78,0.0,0.000686,6.1e-05,sirmour_260723_08_18.mp4,2026-07-23 08:15:00+05:30,2026-07-23 12:15:00+05:30,2026-07-23,240,1.005084372758052,83.34709953935973,3.6084627234317,1.0243733333333331,0.2838808134781393
24,118.4,15.39,15.22,36.43,57.67,5.9,2.558,5.43,58.73,24.86,40.2,-22.86,0.0,0.039994,0.731904,sirmour_260723_09_05.mp4,2026-07-23 09:00:00+05:30,2026-07-23 09:15:00+05:30,2026-07-23,15,1.0484913377134772,43.52604441210011,2.161866924100324,0.9776773333333332,0.4522375186160917
24,118.4,15.39,15.22,36.43,57.67,5.9,2.558,5.43,58.73,24.86,40.2,-22.86,0.0,0.039994,0.731904,sirmour_260723_09_05.mp4,2026-07-23 09:00:00+05:30,2026-07-23 09:30:00+05:30,2026-07-23,30,1.0484913377134772,46.924452123998115,2.3551375397026195,1.91589,0.8134938905699398
24,118.4,15.39,15.22,36.43,57.67,5.9,2.558,5.43,58.73,24.86,40.2,-22.86,0.0,0.039994,0.731904,sirmour_260723_09_05.mp4,2026-07-23 09:00:00+05:30,2026-07-23 09:45:00+05:30,2026-07-23,45,1.0484913377134772,50.328118093984,2.5386092134965477,0.9695053333333334,0.3819041261565373
24,118.4,15.39,15.22,36.43,57.67,5.9,2.558,5.43,58.73,24.86,40.2,-22.86,0.0,0.039994,0.731904,sirmour_260723_09_05.mp4,2026-07-23 09:00:00+05:30,2026-07-23 10:00:00+05:30,2026-07-23,60,1.0484913377134772,53.73527376656114,2.7109589574467763,1.908376,0.7039486875143763
24,118.4,15.39,15.22,36.43,57.67,5.9,2.558,5.43,58.73,24.86,40.2,-22.86,0.0,0.039994,0.731904,sirmour_260723_09_05.mp4,2026-07-23 09:00:00+05:30,2026-07-23 10:15:00+05:30,2026-07-23,75,1.0484913377134772,57.143859349858104,2.8710146303996376,2.258332,0.7865971758164276
24,118.4,15.39,15.22,36.43,57.67,5.9,2.558,5.43,58.73,24.86,40.2,-22.86,0.0,0.039994,0.731904,sirmour_260723_09_05.mp4,2026-07-23 09:00:00+05:30,2026-07-23 10:30:00+05:30,2026-07-23,90,1.0484913377134772,60.55130464308642,3.017738349307364,1.7121919999999997,0.5673758960557282
24,118.4,15.39,15.22,36.43,57.67,5.9,2.558,5.43,58.73,24.86,40.2,-22.86,0.0,0.039994,0.731904,sirmour_260723_09_05.mp4,2026-07-23 09:00:00+05:30,2026-07-23 10:45:00+05:30,2026-07-23,105,1.0484913377134772,63.95414933782826,3.1502148385207533,1.2702660000000001,0.40323154613685935
24,118.4,15.39,15.22,36.43,57.67,5.9,2.558,5.43,58.73,24.86,40.2,-22.86,0.0,0.039994,0.731904,sirmour_260723_09_05.mp4,2026-07-23 09:00:00+05:30,2026-07-23 11:00:00+05:30,2026-07-23,120,1.0484913377134772,67.34733646461447,3.2676433085695535,0.5289299999999999,0.16186895265246828
24,118.4,15.39,15.22,36.43,57.67,5.9,2.558,5.43,58.73,24.86,40.2,-22.86,0.0,0.039994,0.731904,sirmour_260723_09_05.mp4,2026-07-23 09:00:00+05:30,2026-07-23 11:15:00+05:30,2026-07-23,135,1.0484913377134772,70.72278066023885,3.369331732769107,0.5546740000000001,0.16462433621640982
24,118.4,15.39,15.22,36.43,57.67,5.9,2.558,5.43,58.73,24.86,40.2,-22.86,0.0,0.039994,0.731904,sirmour_260723_09_05.mp4,2026-07-23 09:00:00+05:30,2026-07-23 11:30:00+05:30,2026-07-23,150,1.0484913377134772,74.06617769358611,3.454692886379681,0.579278,0.16767858071663497
24,118.4,15.39,15.22,36.43,57.67,5.9,2.558,5.43,58.73,24.86,40.2,-22.86,0.0,0.039994,0.731904,sirmour_260723_09_05.mp4,2026-07-23 09:00:00+05:30,2026-07-23 11:45:00+05:30,2026-07-23,165,1.0484913377134772,77.34898018198784,3.5232416802660493,0.9853573333333332,0.27967350035973865
24,118.4,15.39,15.22,36.43,57.67,5.9,2.558,5.43,58.73,24.86,40.2,-22.86,0.0,0.039994,0.731904,sirmour_260723_09_05.mp4,2026-07-23 09:00:00+05:30,2026-07-23 12:00:00+05:30,2026-07-23,180,1.0484913377134772,80.50485125627482,3.574593387489571,1.1959393333333332,0.3345665376987783
24,118.4,15.39,15.22,36.43,57.67,5.9,2.558,5.43,58.73,24.86,40.2,-22.86,0.0,0.039994,0.731904,sirmour_260723_09_05.mp4,2026-07-23 09:00:00+05:30,2026-07-23 12:15:00+05:30,2026-07-23,195,1.0484913377134772,83.34709953935973,3.6084627234317,1.0243733333333331,0.2838808134781393
24,118.4,15.39,15.22,36.43,57.67,5.9,2.558,5.43,58.73,24.86,40.2,-22.86,0.0,0.039994,0.731904,sirmour_260723_09_05.mp4,2026-07-23 09:00:00+05:30,2026-07-23 12:30:00+05:30,2026-07-23,210,1.0484913377134772,85.26838662036337,3.62466412938139,1.8877599999999999,0.5208096343873323
24,118.4,15.39,15.22,36.43,57.67,5.9,2.558,5.43,58.73,24.86,40.2,-22.86,0.0,0.039994,0.731904,sirmour_260723_09_05.mp4,2026-07-23 09:00:00+05:30,2026-07-23 12:45:00+05:30,2026-07-23,225,1.0484913377134772,85.04479993877816,3.623111836518794,2.485188,0.6859263837651368
24,118.4,15.39,15.22,36.43,57.67,5.9,2.558,5.43,58.73,24.86,40.2,-22.86,0.0,0.039994,0.731904,sirmour_260723_09_05.mp4,2026-07-23 09:00:00+05:30,2026-07-23 13:00:00+05:30,2026-07-23,240,1.0484913377134772,82.87551349819164,3.6038129893467774,3.6668606666666665,1.0174947139338983
24,118.86,49.75,18.62,34.6,59.78,5.62,1.452,91.82,100.0,92.99,98.93,-63.97,0.0,4e-06,0.0,sirmour_260723_09_49.mp4,2026-07-23 09:45:00+05:30,2026-07-23 10:00:00+05:30,2026-07-23,15,0.6723675041398268,53.73527376656114,2.7109589574467763,1.908376,0.7039486875143763
24,118.86,49.75,18.62,34.6,59.78,5.62,1.452,91.82,100.0,92.99,98.93,-63.97,0.0,4e-06,0.0,sirmour_260723_09_49.mp4,2026-07-23 09:45:00+05:30,2026-07-23 10:15:00+05:30,2026-07-23,30,0.6723675041398268,57.143859349858104,2.8710146303996376,2.258332,0.7865971758164276
24,118.86,49.75,18.62,34.6,59.78,5.62,1.452,91.82,100.0,92.99,98.93,-63.97,0.0,4e-06,0.0,sirmour_260723_09_49.mp4,2026-07-23 09:45:00+05:30,2026-07-23 10:30:00+05:30,2026-07-23,45,0.6723675041398268,60.55130464308642,3.017738349307364,1.7121919999999997,0.5673758960557282
24,118.86,49.75,18.62,34.6,59.78,5.62,1.452,91.82,100.0,92.99,98.93,-63.97,0.0,4e-06,0.0,sirmour_260723_09_49.mp4,2026-07-23 09:45:00+05:30,2026-07-23 10:45:00+05:30,2026-07-23,60,0.6723675041398268,63.95414933782826,3.1502148385207533,1.2702660000000001,0.40323154613685935
24,118.86,49.75,18.62,34.6,59.78,5.62,1.452,91.82,100.0,92.99,98.93,-63.97,0.0,4e-06,0.0,sirmour_260723_09_49.mp4,2026-07-23 09:45:00+05:30,2026-07-23 11:00:00+05:30,2026-07-23,75,0.6723675041398268,67.34733646461447,3.2676433085695535,0.5289299999999999,0.16186895265246828
24,118.86,49.75,18.62,34.6,59.78,5.62,1.452,91.82,100.0,92.99,98.93,-63.97,0.0,4e-06,0.0,sirmour_260723_09_49.mp4,2026-07-23 09:45:00+05:30,2026-07-23 11:15:00+05:30,2026-07-23,90,0.6723675041398268,70.72278066023885,3.369331732769107,0.5546740000000001,0.16462433621640982
24,118.86,49.75,18.62,34.6,59.78,5.62,1.452,91.82,100.0,92.99,98.93,-63.97,0.0,4e-06,0.0,sirmour_260723_09_49.mp4,2026-07-23 09:45:00+05:30,2026-07-23 11:30:00+05:30,2026-07-23,105,0.6723675041398268,74.06617769358611,3.454692886379681,0.579278,0.16767858071663497
24,118.86,49.75,18.62,34.6,59.78,5.62,1.452,91.82,100.0,92.99,98.93,-63.97,0.0,4e-06,0.0,sirmour_260723_09_49.mp4,2026-07-23 09:45:00+05:30,2026-07-23 11:45:00+05:30,2026-07-23,120,0.6723675041398268,77.34898018198784,3.5232416802660493,0.9853573333333332,0.27967350035973865
24,118.86,49.75,18.62,34.6,59.78,5.62,1.452,91.82,100.0,92.99,98.93,-63.97,0.0,4e-06,0.0,sirmour_260723_09_49.mp4,2026-07-23 09:45:00+05:30,2026-07-23 12:00:00+05:30,2026-07-23,135,0.6723675041398268,80.50485125627482,3.574593387489571,1.1959393333333332,0.3345665376987783
24,118.86,49.75,18.62,34.6,59.78,5.62,1.452,91.82,100.0,92.99,98.93,-63.97,0.0,4e-06,0.0,sirmour_260723_09_49.mp4,2026-07-23 09:45:00+05:30,2026-07-23 12:15:00+05:30,2026-07-23,150,0.6723675041398268,83.34709953935973,3.6084627234317,1.0243733333333331,0.2838808134781393
24,118.86,49.75,18.62,34.6,59.78,5.62,1.452,91.82,100.0,92.99,98.93,-63.97,0.0,4e-06,0.0,sirmour_260723_09_49.mp4,2026-07-23 09:45:00+05:30,2026-07-23 12:30:00+05:30,2026-07-23,165,0.6723675041398268,85.26838662036337,3.62466412938139,1.8877599999999999,0.5208096343873323
24,118.86,49.75,18.62,34.6,59.78,5.62,1.452,91.82,100.0,92.99,98.93,-63.97,0.0,4e-06,0.0,sirmour_260723_09_49.mp4,2026-07-23 09:45:00+05:30,2026-07-23 12:45:00+05:30,2026-07-23,180,0.6723675041398268,85.04479993877816,3.623111836518794,2.485188,0.6859263837651368
24,118.86,49.75,18.62,34.6,59.78,5.62,1.452,91.82,100.0,92.99,98.93,-63.97,0.0,4e-06,0.0,sirmour_260723_09_49.mp4,2026-07-23 09:45:00+05:30,2026-07-23 13:00:00+05:30,2026-07-23,195,0.6723675041398268,82.87551349819164,3.6038129893467774,3.6668606666666665,1.0174947139338983
24,118.86,49.75,18.62,34.6,59.78,5.62,1.452,91.82,100.0,92.99,98.93,-63.97,0.0,4e-06,0.0,sirmour_260723_09_49.mp4,2026-07-23 09:45:00+05:30,2026-07-23 13:15:00+05:30,2026-07-23,210,0.6723675041398268,79.95084279825345,3.566869053366287,1.9990813333333333,0.5604582908494131
24,118.86,49.75,18.62,34.6,59.78,5.62,1.452,91.82,100.0,92.99,98.93,-63.97,0.0,4e-06,0.0,sirmour_260723_09_49.mp4,2026-07-23 09:45:00+05:30,2026-07-23 13:30:00+05:30,2026-07-23,225,0.6723675041398268,76.76349763057365,3.5124816617277728,2.759208,0.7855437453423626
24,118.86,49.75,18.62,34.6,59.78,5.62,1.452,91.82,100.0,92.99,98.93,-63.97,0.0,4e-06,0.0,sirmour_260723_09_49.mp4,2026-07-23 09:45:00+05:30,2026-07-23 13:45:00+05:30,2026-07-23,240,0.6723675041398268,73.46608947843303,3.4409520357730634,2.5637673333333337,0.7450749986282048
24,119.52,56.28,29.82,61.65,21.58,16.76,5.19,27.26,13.23,3.69,35.89,-22.62,-0.00369,0.053186,0.110896,SIRMOUR_2026-07-23_10-14-00.webm,2026-07-23 10:00:00+05:30,2026-07-23 10:15:00+05:30,2026-07-23,15,0.5878960557142363,57.143859349858104,2.8710146303996376,2.258332,0.7865971758164276
24,119.52,56.28,29.82,61.65,21.58,16.76,5.19,27.26,13.23,3.69,35.89,-22.62,-0.00369,0.053186,0.110896,SIRMOUR_2026-07-23_10-14-00.webm,2026-07-23 10:00:00+05:30,2026-07-23 10:30:00+05:30,2026-07-23,30,0.5878960557142363,60.55130464308642,3.017738349307364,1.7121919999999997,0.5673758960557282
24,119.52,56.28,29.82,61.65,21.58,16.76,5.19,27.26,13.23,3.69,35.89,-22.62,-0.00369,0.053186,0.110896,SIRMOUR_2026-07-23_10-14-00.webm,2026-07-23 10:00:00+05:30,2026-07-23 10:45:00+05:30,2026-07-23,45,0.5878960557142363,63.95414933782826,3.1502148385207533,1.2702660000000001,0.40323154613685935
24,119.52,56.28,29.82,61.65,21.58,16.76,5.19,27.26,13.23,3.69,35.89,-22.62,-0.00369,0.053186,0.110896,SIRMOUR_2026-07-23_10-14-00.webm,2026-07-23 10:00:00+05:30,2026-07-23 11:00:00+05:30,2026-07-23,60,0.5878960557142363,67.34733646461447,3.2676433085695535,0.5289299999999999,0.16186895265246828
24,119.52,56.28,29.82,61.65,21.58,16.76,5.19,27.26,13.23,3.69,35.89,-22.62,-0.00369,0.053186,0.110896,SIRMOUR_2026-07-23_10-14-00.webm,2026-07-23 10:00:00+05:30,2026-07-23 11:15:00+05:30,2026-07-23,75,0.5878960557142363,70.72278066023885,3.369331732769107,0.5546740000000001,0.16462433621640982
24,119.52,56.28,29.82,61.65,21.58,16.76,5.19,27.26,13.23,3.69,35.89,-22.62,-0.00369,0.053186,0.110896,SIRMOUR_2026-07-23_10-14-00.webm,2026-07-23 10:00:00+05:30,2026-07-23 11:30:00+05:30,2026-07-23,90,0.5878960557142363,74.06617769358611,3.454692886379681,0.579278,0.16767858071663497
24,119.52,56.28,29.82,61.65,21.58,16.76,5.19,27.26,13.23,3.69,35.89,-22.62,-0.00369,0.053186,0.110896,SIRMOUR_2026-07-23_10-14-00.webm,2026-07-23 10:00:00+05:30,2026-07-23 11:45:00+05:30,2026-07-23,105,0.5878960557142363,77.34898018198784,3.5232416802660493,0.9853573333333332,0.27967350035973865
24,119.52,56.28,29.82,61.65,21.58,16.76,5.19,27.26,13.23,3.69,35.89,-22.62,-0.00369,0.053186,0.110896,SIRMOUR_2026-07-23_10-14-00.webm,2026-07-23 10:00:00+05:30,2026-07-23 12:00:00+05:30,2026-07-23,120,0.5878960557142363,80.50485125627482,3.574593387489571,1.1959393333333332,0.3345665376987783
24,119.52,56.28,29.82,61.65,21.58,16.76,5.19,27.26,13.23,3.69,35.89,-22.62,-0.00369,0.053186,0.110896,SIRMOUR_2026-07-23_10-14-00.webm,2026-07-23 10:00:00+05:30,2026-07-23 12:15:00+05:30,2026-07-23,135,0.5878960557142363,83.34709953935973,3.6084627234317,1.0243733333333331,0.2838808134781393
24,119.52,56.28,29.82,61.65,21.58,16.76,5.19,27.26,13.23,3.69,35.89,-22.62,-0.00369,0.053186,0.110896,SIRMOUR_2026-07-23_10-14-00.webm,2026-07-23 10:00:00+05:30,2026-07-23 12:30:00+05:30,2026-07-23,150,0.5878960557142363,85.26838662036337,3.62466412938139,1.8877599999999999,0.5208096343873323
24,119.52,56.28,29.82,61.65,21.58,16.76,5.19,27.26,13.23,3.69,35.89,-22.62,-0.00369,0.053186,0.110896,SIRMOUR_2026-07-23_10-14-00.webm,2026-07-23 10:00:00+05:30,2026-07-23 12:45:00+05:30,2026-07-23,165,0.5878960557142363,85.04479993877816,3.623111836518794,2.485188,0.6859263837651368
24,119.52,56.28,29.82,61.65,21.58,16.76,5.19,27.26,13.23,3.69,35.89,-22.62,-0.00369,0.053186,0.110896,SIRMOUR_2026-07-23_10-14-00.webm,2026-07-23 10:00:00+05:30,2026-07-23 13:00:00+05:30,2026-07-23,180,0.5878960557142363,82.87551349819164,3.6038129893467774,3.6668606666666665,1.0174947139338983
24,119.52,56.28,29.82,61.65,21.58,16.76,5.19,27.26,13.23,3.69,35.89,-22.62,-0.00369,0.053186,0.110896,SIRMOUR_2026-07-23_10-14-00.webm,2026-07-23 10:00:00+05:30,2026-07-23 13:15:00+05:30,2026-07-23,195,0.5878960557142363,79.95084279825345,3.566869053366287,1.9990813333333333,0.5604582908494131
24,119.52,56.28,29.82,61.65,21.58,16.76,5.19,27.26,13.23,3.69,35.89,-22.62,-0.00369,0.053186,0.110896,SIRMOUR_2026-07-23_10-14-00.webm,2026-07-23 10:00:00+05:30,2026-07-23 13:30:00+05:30,2026-07-23,210,0.5878960557142363,76.76349763057365,3.5124816617277728,2.759208,0.7855437453423626
24,119.52,56.28,29.82,61.65,21.58,16.76,5.19,27.26,13.23,3.69,35.89,-22.62,-0.00369,0.053186,0.110896,SIRMOUR_2026-07-23_10-14-00.webm,2026-07-23 10:00:00+05:30,2026-07-23 13:45:00+05:30,2026-07-23,225,0.5878960557142363,73.46608947843303,3.4409520357730634,2.5637673333333337,0.7450749986282048
24,119.52,56.28,29.82,61.65,21.58,16.76,5.19,27.26,13.23,3.69,35.89,-22.62,-0.00369,0.053186,0.110896,SIRMOUR_2026-07-23_10-14-00.webm,2026-07-23 10:00:00+05:30,2026-07-23 14:00:00+05:30,2026-07-23,240,0.5878960557142363,70.11486492157579,3.352680962807778,1.4573866666666664,0.43469291675344657
24,109.41,46.39,30.8,57.05,33.71,9.25,5.55,1.96,13.14,6.36,9.02,-49.88,-0.000698,0.043968,0.053203,SIRMOUR_2026-07-23_10-18-00.webm,2026-07-23 10:15:00+05:30,2026-07-23 10:30:00+05:30,2026-07-23,15,0.6714859700143203,60.55130464308642,3.017738349307364,1.7121919999999997,0.5673758960557282
24,109.41,46.39,30.8,57.05,33.71,9.25,5.55,1.96,13.14,6.36,9.02,-49.88,-0.000698,0.043968,0.053203,SIRMOUR_2026-07-23_10-18-00.webm,2026-07-23 10:15:00+05:30,2026-07-23 10:45:00+05:30,2026-07-23,30,0.6714859700143203,63.95414933782826,3.1502148385207533,1.2702660000000001,0.40323154613685935
24,109.41,46.39,30.8,57.05,33.71,9.25,5.55,1.96,13.14,6.36,9.02,-49.88,-0.000698,0.043968,0.053203,SIRMOUR_2026-07-23_10-18-00.webm,2026-07-23 10:15:00+05:30,2026-07-23 11:00:00+05:30,2026-07-23,45,0.6714859700143203,67.34733646461447,3.2676433085695535,0.5289299999999999,0.16186895265246828
24,109.41,46.39,30.8,57.05,33.71,9.25,5.55,1.96,13.14,6.36,9.02,-49.88,-0.000698,0.043968,0.053203,SIRMOUR_2026-07-23_10-18-00.webm,2026-07-23 10:15:00+05:30,2026-07-23 11:15:00+05:30,2026-07-23,60,0.6714859700143203,70.72278066023885,3.369331732769107,0.5546740000000001,0.16462433621640982
24,109.41,46.39,30.8,57.05,33.71,9.25,5.55,1.96,13.14,6.36,9.02,-49.88,-0.000698,0.043968,0.053203,SIRMOUR_2026-07-23_10-18-00.webm,2026-07-23 10:15:00+05:30,2026-07-23 11:30:00+05:30,2026-07-23,75,0.6714859700143203,74.06617769358611,3.454692886379681,0.579278,0.16767858071663497
24,109.41,46.39,30.8,57.05,33.71,9.25,5.55,1.96,13.14,6.36,9.02,-49.88,-0.000698,0.043968,0.053203,SIRMOUR_2026-07-23_10-18-00.webm,2026-07-23 10:15:00+05:30,2026-07-23 11:45:00+05:30,2026-07-23,90,0.6714859700143203,77.34898018198784,3.5232416802660493,0.9853573333333332,0.27967350035973865
24,109.41,46.39,30.8,57.05,33.71,9.25,5.55,1.96,13.14,6.36,9.02,-49.88,-0.000698,0.043968,0.053203,SIRMOUR_2026-07-23_10-18-00.webm,2026-07-23 10:15:00+05:30,2026-07-23 12:00:00+05:30,2026-07-23,105,0.6714859700143203,80.50485125627482,3.574593387489571,1.1959393333333332,0.3345665376987783
24,109.41,46.39,30.8,57.05,33.71,9.25,5.55,1.96,13.14,6.36,9.02,-49.88,-0.000698,0.043968,0.053203,SIRMOUR_2026-07-23_10-18-00.webm,2026-07-23 10:15:00+05:30,2026-07-23 12:15:00+05:30,2026-07-23,120,0.6714859700143203,83.34709953935973,3.6084627234317,1.0243733333333331,0.2838808134781393
24,109.41,46.39,30.8,57.05,33.71,9.25,5.55,1.96,13.14,6.36,9.02,-49.88,-0.000698,0.043968,0.053203,SIRMOUR_2026-07-23_10-18-00.webm,2026-07-23 10:15:00+05:30,2026-07-23 12:30:00+05:30,2026-07-23,135,0.6714859700143203,85.26838662036337,3.62466412938139,1.8877599999999999,0.5208096343873323
24,109.41,46.39,30.8,57.05,33.71,9.25,5.55,1.96,13.14,6.36,9.02,-49.88,-0.000698,0.043968,0.053203,SIRMOUR_2026-07-23_10-18-00.webm,2026-07-23 10:15:00+05:30,2026-07-23 12:45:00+05:30,2026-07-23,150,0.6714859700143203,85.04479993877816,3.623111836518794,2.485188,0.6859263837651368
24,109.41,46.39,30.8,57.05,33.71,9.25,5.55,1.96,13.14,6.36,9.02,-49.88,-0.000698,0.043968,0.053203,SIRMOUR_2026-07-23_10-18-00.webm,2026-07-23 10:15:00+05:30,2026-07-23 13:00:00+05:30,2026-07-23,165,0.6714859700143203,82.87551349819164,3.6038129893467774,3.6668606666666665,1.0174947139338983
24,109.41,46.39,30.8,57.05,33.71,9.25,5.55,1.96,13.14,6.36,9.02,-49.88,-0.000698,0.043968,0.053203,SIRMOUR_2026-07-23_10-18-00.webm,2026-07-23 10:15:00+05:30,2026-07-23 13:15:00+05:30,2026-07-23,180,0.6714859700143203,79.95084279825345,3.566869053366287,1.9990813333333333,0.5604582908494131
24,109.41,46.39,30.8,57.05,33.71,9.25,5.55,1.96,13.14,6.36,9.02,-49.88,-0.000698,0.043968,0.053203,SIRMOUR_2026-07-23_10-18-00.webm,2026-07-23 10:15:00+05:30,2026-07-23 13:30:00+05:30,2026-07-23,195,0.6714859700143203,76.76349763057365,3.5124816617277728,2.759208,0.7855437453423626
24,109.41,46.39,30.8,57.05,33.71,9.25,5.55,1.96,13.14,6.36,9.02,-49.88,-0.000698,0.043968,0.053203,SIRMOUR_2026-07-23_10-18-00.webm,2026-07-23 10:15:00+05:30,2026-07-23 13:45:00+05:30,2026-07-23,210,0.6714859700143203,73.46608947843303,3.4409520357730634,2.5637673333333337,0.7450749986282048
24,109.41,46.39,30.8,57.05,33.71,9.25,5.55,1.96,13.14,6.36,9.02,-49.88,-0.000698,0.043968,0.053203,SIRMOUR_2026-07-23_10-18-00.webm,2026-07-23 10:15:00+05:30,2026-07-23 14:00:00+05:30,2026-07-23,225,0.6714859700143203,70.11486492157579,3.352680962807778,1.4573866666666664,0.43469291675344657
24,109.41,46.39,30.8,57.05,33.71,9.25,5.55,1.96,13.14,6.36,9.02,-49.88,-0.000698,0.043968,0.053203,SIRMOUR_2026-07-23_10-18-00.webm,2026-07-23 10:15:00+05:30,2026-07-23 14:15:00+05:30,2026-07-23,240,0.6714859700143203,66.73477363831852,3.2481698851728344,2.272328666666666,0.6995719888418817
24,122.43,37.75,33.53,42.47,45.39,12.15,5.841,72.46,48.94,81.84,39.55,-18.14,2.9e-05,0.057018,0.135526,SIRMOUR_2026-07-23_10-57-00.webm,2026-07-23 10:45:00+05:30,2026-07-23 11:00:00+05:30,2026-07-23,15,0.6152883263808478,67.34733646461447,3.2676433085695535,0.5289299999999999,0.16186895265246828
24,122.43,37.75,33.53,42.47,45.39,12.15,5.841,72.46,48.94,81.84,39.55,-18.14,2.9e-05,0.057018,0.135526,SIRMOUR_2026-07-23_10-57-00.webm,2026-07-23 10:45:00+05:30,2026-07-23 11:15:00+05:30,2026-07-23,30,0.6152883263808478,70.72278066023885,3.369331732769107,0.5546740000000001,0.16462433621640982
24,122.43,37.75,33.53,42.47,45.39,12.15,5.841,72.46,48.94,81.84,39.55,-18.14,2.9e-05,0.057018,0.135526,SIRMOUR_2026-07-23_10-57-00.webm,2026-07-23 10:45:00+05:30,2026-07-23 11:30:00+05:30,2026-07-23,45,0.6152883263808478,74.06617769358611,3.454692886379681,0.579278,0.16767858071663497
24,122.43,37.75,33.53,42.47,45.39,12.15,5.841,72.46,48.94,81.84,39.55,-18.14,2.9e-05,0.057018,0.135526,SIRMOUR_2026-07-23_10-57-00.webm,2026-07-23 10:45:00+05:30,2026-07-23 11:45:00+05:30,2026-07-23,60,0.6152883263808478,77.34898018198784,3.5232416802660493,0.9853573333333332,0.27967350035973865
24,122.43,37.75,33.53,42.47,45.39,12.15,5.841,72.46,48.94,81.84,39.55,-18.14,2.9e-05,0.057018,0.135526,SIRMOUR_2026-07-23_10-57-00.webm,2026-07-23 10:45:00+05:30,2026-07-23 12:00:00+05:30,2026-07-23,75,0.6152883263808478,80.50485125627482,3.574593387489571,1.1959393333333332,0.3345665376987783
24,122.43,37.75,33.53,42.47,45.39,12.15,5.841,72.46,48.94,81.84,39.55,-18.14,2.9e-05,0.057018,0.135526,SIRMOUR_2026-07-23_10-57-00.webm,2026-07-23 10:45:00+05:30,2026-07-23 12:15:00+05:30,2026-07-23,90,0.6152883263808478,83.34709953935973,3.6084627234317,1.0243733333333331,0.2838808134781393
24,122.43,37.75,33.53,42.47,45.39,12.15,5.841,72.46,48.94,81.84,39.55,-18.14,2.9e-05,0.057018,0.135526,SIRMOUR_2026-07-23_10-57-00.webm,2026-07-23 10:45:00+05:30,2026-07-23 12:30:00+05:30,2026-07-23,105,0.6152883263808478,85.26838662036337,3.62466412938139,1.8877599999999999,0.5208096343873323
24,122.43,37.75,33.53,42.47,45.39,12.15,5.841,72.46,48.94,81.84,39.55,-18.14,2.9e-05,0.057018,0.135526,SIRMOUR_2026-07-23_10-57-00.webm,2026-07-23 10:45:00+05:30,2026-07-23 12:45:00+05:30,2026-07-23,120,0.6152883263808478,85.04479993877816,3.623111836518794,2.485188,0.6859263837651368
24,122.43,37.75,33.53,42.47,45.39,12.15,5.841,72.46,48.94,81.84,39.55,-18.14,2.9e-05,0.057018,0.135526,SIRMOUR_2026-07-23_10-57-00.webm,2026-07-23 10:45:00+05:30,2026-07-23 13:00:00+05:30,2026-07-23,135,0.6152883263808478,82.87551349819164,3.6038129893467774,3.6668606666666665,1.0174947139338983
24,122.43,37.75,33.53,42.47,45.39,12.15,5.841,72.46,48.94,81.84,39.55,-18.14,2.9e-05,0.057018,0.135526,SIRMOUR_2026-07-23_10-57-00.webm,2026-07-23 10:45:00+05:30,2026-07-23 13:15:00+05:30,2026-07-23,150,0.6152883263808478,79.95084279825345,3.566869053366287,1.9990813333333333,0.5604582908494131
24,122.43,37.75,33.53,42.47,45.39,12.15,5.841,72.46,48.94,81.84,39.55,-18.14,2.9e-05,0.057018,0.135526,SIRMOUR_2026-07-23_10-57-00.webm,2026-07-23 10:45:00+05:30,2026-07-23 13:30:00+05:30,2026-07-23,165,0.6152883263808478,76.76349763057365,3.5124816617277728,2.759208,0.7855437453423626
24,122.43,37.75,33.53,42.47,45.39,12.15,5.841,72.46,48.94,81.84,39.55,-18.14,2.9e-05,0.057018,0.135526,SIRMOUR_2026-07-23_10-57-00.webm,2026-07-23 10:45:00+05:30,2026-07-23 13:45:00+05:30,2026-07-23,180,0.6152883263808478,73.46608947843303,3.4409520357730634,2.5637673333333337,0.7450749986282048
24,122.43,37.75,33.53,42.47,45.39,12.15,5.841,72.46,48.94,81.84,39.55,-18.14,2.9e-05,0.057018,0.135526,SIRMOUR_2026-07-23_10-57-00.webm,2026-07-23 10:45:00+05:30,2026-07-23 14:00:00+05:30,2026-07-23,195,0.6152883263808478,70.11486492157579,3.352680962807778,1.4573866666666664,0.43469291675344657
24,122.43,37.75,33.53,42.47,45.39,12.15,5.841,72.46,48.94,81.84,39.55,-18.14,2.9e-05,0.057018,0.135526,SIRMOUR_2026-07-23_10-57-00.webm,2026-07-23 10:45:00+05:30,2026-07-23 14:15:00+05:30,2026-07-23,210,0.6152883263808478,66.73477363831852,3.2481698851728344,2.272328666666666,0.6995719888418817
24,122.43,37.75,33.53,42.47,45.39,12.15,5.841,72.46,48.94,81.84,39.55,-18.14,2.9e-05,0.057018,0.135526,SIRMOUR_2026-07-23_10-57-00.webm,2026-07-23 10:45:00+05:30,2026-07-23 14:30:00+05:30,2026-07-23,225,0.6152883263808478,63.33861512666367,3.128022836060423,1.6140999999999999,0.5160128568731526
24,122.43,37.75,33.53,42.47,45.39,12.15,5.841,72.46,48.94,81.84,39.55,-18.14,2.9e-05,0.057018,0.135526,SIRMOUR_2026-07-23_10-57-00.webm,2026-07-23 10:45:00+05:30,2026-07-23 14:45:00+05:30,2026-07-23,240,0.6152883263808478,59.933764304688836,2.992949312423889,1.3756566666666667,0.45963246385638545
24,129.94,52.89,31.74,43.83,38.12,18.05,5.533,80.11,69.31,74.93,74.2,-6.0,0.00234,0.089834,0.473102,SIRMOUR_2026-07-23_11-15-00.webm,2026-07-23 11:15:00+05:30,2026-07-23 11:30:00+05:30,2026-07-23,15,0.3242751827653665,74.06617769358611,3.454692886379681,0.579278,0.16767858071663497
24,129.94,52.89,31.74,43.83,38.12,18.05,5.533,80.11,69.31,74.93,74.2,-6.0,0.00234,0.089834,0.473102,SIRMOUR_2026-07-23_11-15-00.webm,2026-07-23 11:15:00+05:30,2026-07-23 11:45:00+05:30,2026-07-23,30,0.3242751827653665,77.34898018198784,3.5232416802660493,0.9853573333333332,0.27967350035973865
24,129.94,52.89,31.74,43.83,38.12,18.05,5.533,80.11,69.31,74.93,74.2,-6.0,0.00234,0.089834,0.473102,SIRMOUR_2026-07-23_11-15-00.webm,2026-07-23 11:15:00+05:30,2026-07-23 12:00:00+05:30,2026-07-23,45,0.3242751827653665,80.50485125627482,3.574593387489571,1.1959393333333332,0.3345665376987783
24,129.94,52.89,31.74,43.83,38.12,18.05,5.533,80.11,69.31,74.93,74.2,-6.0,0.00234,0.089834,0.473102,SIRMOUR_2026-07-23_11-15-00.webm,2026-07-23 11:15:00+05:30,2026-07-23 12:15:00+05:30,2026-07-23,60,0.3242751827653665,83.34709953935973,3.6084627234317,1.0243733333333331,0.2838808134781393
24,129.94,52.89,31.74,43.83,38.12,18.05,5.533,80.11,69.31,74.93,74.2,-6.0,0.00234,0.089834,0.473102,SIRMOUR_2026-07-23_11-15-00.webm,2026-07-23 11:15:00+05:30,2026-07-23 12:30:00+05:30,2026-07-23,75,0.3242751827653665,85.26838662036337,3.62466412938139,1.8877599999999999,0.5208096343873323
24,129.94,52.89,31.74,43.83,38.12,18.05,5.533,80.11,69.31,74.93,74.2,-6.0,0.00234,0.089834,0.473102,SIRMOUR_2026-07-23_11-15-00.webm,2026-07-23 11:15:00+05:30,2026-07-23 12:45:00+05:30,2026-07-23,90,0.3242751827653665,85.04479993877816,3.623111836518794,2.485188,0.6859263837651368
24,129.94,52.89,31.74,43.83,38.12,18.05,5.533,80.11,69.31,74.93,74.2,-6.0,0.00234,0.089834,0.473102,SIRMOUR_2026-07-23_11-15-00.webm,2026-07-23 11:15:00+05:30,2026-07-23 13:00:00+05:30,2026-07-23,105,0.3242751827653665,82.87551349819164,3.6038129893467774,3.6668606666666665,1.0174947139338983
24,129.94,52.89,31.74,43.83,38.12,18.05,5.533,80.11,69.31,74.93,74.2,-6.0,0.00234,0.089834,0.473102,SIRMOUR_2026-07-23_11-15-00.webm,2026-07-23 11:15:00+05:30,2026-07-23 13:15:00+05:30,2026-07-23,120,0.3242751827653665,79.95084279825345,3.566869053366287,1.9990813333333333,0.5604582908494131
24,129.94,52.89,31.74,43.83,38.12,18.05,5.533,80.11,69.31,74.93,74.2,-6.0,0.00234,0.089834,0.473102,SIRMOUR_2026-07-23_11-15-00.webm,2026-07-23 11:15:00+05:30,2026-07-23 13:30:00+05:30,2026-07-23,135,0.3242751827653665,76.76349763057365,3.5124816617277728,2.759208,0.7855437453423626
24,129.94,52.89,31.74,43.83,38.12,18.05,5.533,80.11,69.31,74.93,74.2,-6.0,0.00234,0.089834,0.473102,SIRMOUR_2026-07-23_11-15-00.webm,2026-07-23 11:15:00+05:30,2026-07-23 13:45:00+05:30,2026-07-23,150,0.3242751827653665,73.46608947843303,3.4409520357730634,2.5637673333333337,0.7450749986282048
24,129.94,52.89,31.74,43.83,38.12,18.05,5.533,80.11,69.31,74.93,74.2,-6.0,0.00234,0.089834,0.473102,SIRMOUR_2026-07-23_11-15-00.webm,2026-07-23 11:15:00+05:30,2026-07-23 14:00:00+05:30,2026-07-23,165,0.3242751827653665,70.11486492157579,3.352680962807778,1.4573866666666664,0.43469291675344657
24,129.94,52.89,31.74,43.83,38.12,18.05,5.533,80.11,69.31,74.93,74.2,-6.0,0.00234,0.089834,0.473102,SIRMOUR_2026-07-23_11-15-00.webm,2026-07-23 11:15:00+05:30,2026-07-23 14:15:00+05:30,2026-07-23,180,0.3242751827653665,66.73477363831852,3.2481698851728344,2.272328666666666,0.6995719888418817
24,129.94,52.89,31.74,43.83,38.12,18.05,5.533,80.11,69.31,74.93,74.2,-6.0,0.00234,0.089834,0.473102,SIRMOUR_2026-07-23_11-15-00.webm,2026-07-23 11:15:00+05:30,2026-07-23 14:30:00+05:30,2026-07-23,195,0.3242751827653665,63.33861512666367,3.128022836060423,1.6140999999999999,0.5160128568731526
24,129.94,52.89,31.74,43.83,38.12,18.05,5.533,80.11,69.31,74.93,74.2,-6.0,0.00234,0.089834,0.473102,SIRMOUR_2026-07-23_11-15-00.webm,2026-07-23 11:15:00+05:30,2026-07-23 14:45:00+05:30,2026-07-23,210,0.3242751827653665,59.933764304688836,2.992949312423889,1.3756566666666667,0.45963246385638545
24,129.94,52.89,31.74,43.83,38.12,18.05,5.533,80.11,69.31,74.93,74.2,-6.0,0.00234,0.089834,0.473102,SIRMOUR_2026-07-23_11-15-00.webm,2026-07-23 11:15:00+05:30,2026-07-23 15:00:00+05:30,2026-07-23,225,0.3242751827653665,56.524910749781796,2.8437685209541486,2.132125,0.7497533587173346
24,129.94,52.89,31.74,43.83,38.12,18.05,5.533,80.11,69.31,74.93,74.2,-6.0,0.00234,0.089834,0.473102,SIRMOUR_2026-07-23_11-15-00.webm,2026-07-23 11:15:00+05:30,2026-07-23 15:15:00+05:30,2026-07-23,240,0.3242751827653665,53.11531149638363,2.6814154996441593,2.159924666666667,0.8055165888887055
24,118.72,49.83,19.5,34.73,59.59,5.68,1.487,92.09,100.0,93.2,98.98,-63.66,5e-06,4.1e-05,0.0,sirmour_260723_11_19.mp4,2026-07-23 11:15:00+05:30,2026-07-23 11:30:00+05:30,2026-07-23,15,0.3242751827653665,74.06617769358611,3.454692886379681,0.579278,0.16767858071663497
24,118.72,49.83,19.5,34.73,59.59,5.68,1.487,92.09,100.0,93.2,98.98,-63.66,5e-06,4.1e-05,0.0,sirmour_260723_11_19.mp4,2026-07-23 11:15:00+05:30,2026-07-23 11:45:00+05:30,2026-07-23,30,0.3242751827653665,77.34898018198784,3.5232416802660493,0.9853573333333332,0.27967350035973865
24,118.72,49.83,19.5,34.73,59.59,5.68,1.487,92.09,100.0,93.2,98.98,-63.66,5e-06,4.1e-05,0.0,sirmour_260723_11_19.mp4,2026-07-23 11:15:00+05:30,2026-07-23 12:00:00+05:30,2026-07-23,45,0.3242751827653665,80.50485125627482,3.574593387489571,1.1959393333333332,0.3345665376987783
24,118.72,49.83,19.5,34.73,59.59,5.68,1.487,92.09,100.0,93.2,98.98,-63.66,5e-06,4.1e-05,0.0,sirmour_260723_11_19.mp4,2026-07-23 11:15:00+05:30,2026-07-23 12:15:00+05:30,2026-07-23,60,0.3242751827653665,83.34709953935973,3.6084627234317,1.0243733333333331,0.2838808134781393
24,118.72,49.83,19.5,34.73,59.59,5.68,1.487,92.09,100.0,93.2,98.98,-63.66,5e-06,4.1e-05,0.0,sirmour_260723_11_19.mp4,2026-07-23 11:15:00+05:30,2026-07-23 12:30:00+05:30,2026-07-23,75,0.3242751827653665,85.26838662036337,3.62466412938139,1.8877599999999999,0.5208096343873323
24,118.72,49.83,19.5,34.73,59.59,5.68,1.487,92.09,100.0,93.2,98.98,-63.66,5e-06,4.1e-05,0.0,sirmour_260723_11_19.mp4,2026-07-23 11:15:00+05:30,2026-07-23 12:45:00+05:30,2026-07-23,90,0.3242751827653665,85.04479993877816,3.623111836518794,2.485188,0.6859263837651368
24,118.72,49.83,19.5,34.73,59.59,5.68,1.487,92.09,100.0,93.2,98.98,-63.66,5e-06,4.1e-05,0.0,sirmour_260723_11_19.mp4,2026-07-23 11:15:00+05:30,2026-07-23 13:00:00+05:30,2026-07-23,105,0.3242751827653665,82.87551349819164,3.6038129893467774,3.6668606666666665,1.0174947139338983
24,118.72,49.83,19.5,34.73,59.59,5.68,1.487,92.09,100.0,93.2,98.98,-63.66,5e-06,4.1e-05,0.0,sirmour_260723_11_19.mp4,2026-07-23 11:15:00+05:30,2026-07-23 13:15:00+05:30,2026-07-23,120,0.3242751827653665,79.95084279825345,3.566869053366287,1.9990813333333333,0.5604582908494131
24,118.72,49.83,19.5,34.73,59.59,5.68,1.487,92.09,100.0,93.2,98.98,-63.66,5e-06,4.1e-05,0.0,sirmour_260723_11_19.mp4,2026-07-23 11:15:00+05:30,2026-07-23 13:30:00+05:30,2026-07-23,135,0.3242751827653665,76.76349763057365,3.5124816617277728,2.759208,0.7855437453423626
24,118.72,49.83,19.5,34.73,59.59,5.68,1.487,92.09,100.0,93.2,98.98,-63.66,5e-06,4.1e-05,0.0,sirmour_260723_11_19.mp4,2026-07-23 11:15:00+05:30,2026-07-23 13:45:00+05:30,2026-07-23,150,0.3242751827653665,73.46608947843303,3.4409520357730634,2.5637673333333337,0.7450749986282048
24,118.72,49.83,19.5,34.73,59.59,5.68,1.487,92.09,100.0,93.2,98.98,-63.66,5e-06,4.1e-05,0.0,sirmour_260723_11_19.mp4,2026-07-23 11:15:00+05:30,2026-07-23 14:00:00+05:30,2026-07-23,165,0.3242751827653665,70.11486492157579,3.352680962807778,1.4573866666666664,0.43469291675344657
24,118.72,49.83,19.5,34.73,59.59,5.68,1.487,92.09,100.0,93.2,98.98,-63.66,5e-06,4.1e-05,0.0,sirmour_260723_11_19.mp4,2026-07-23 11:15:00+05:30,2026-07-23 14:15:00+05:30,2026-07-23,180,0.3242751827653665,66.73477363831852,3.2481698851728344,2.272328666666666,0.6995719888418817
24,118.72,49.83,19.5,34.73,59.59,5.68,1.487,92.09,100.0,93.2,98.98,-63.66,5e-06,4.1e-05,0.0,sirmour_260723_11_19.mp4,2026-07-23 11:15:00+05:30,2026-07-23 14:30:00+05:30,2026-07-23,195,0.3242751827653665,63.33861512666367,3.128022836060423,1.6140999999999999,0.5160128568731526
24,118.72,49.83,19.5,34.73,59.59,5.68,1.487,92.09,100.0,93.2,98.98,-63.66,5e-06,4.1e-05,0.0,sirmour_260723_11_19.mp4,2026-07-23 11:15:00+05:30,2026-07-23 14:45:00+05:30,2026-07-23,210,0.3242751827653665,59.933764304688836,2.992949312423889,1.3756566666666667,0.45963246385638545
24,118.72,49.83,19.5,34.73,59.59,5.68,1.487,92.09,100.0,93.2,98.98,-63.66,5e-06,4.1e-05,0.0,sirmour_260723_11_19.mp4,2026-07-23 11:15:00+05:30,2026-07-23 15:00:00+05:30,2026-07-23,225,0.3242751827653665,56.524910749781796,2.8437685209541486,2.132125,0.7497533587173346
24,118.72,49.83,19.5,34.73,59.59,5.68,1.487,92.09,100.0,93.2,98.98,-63.66,5e-06,4.1e-05,0.0,sirmour_260723_11_19.mp4,2026-07-23 11:15:00+05:30,2026-07-23 15:15:00+05:30,2026-07-23,240,0.3242751827653665,53.11531149638363,2.6814154996441593,2.159924666666667,0.8055165888887055
24,162.94,52.08,32.97,24.15,35.05,40.8,5.306,72.74,58.73,64.88,66.16,-7.27,0.0,0.089524,0.483161,SIRMOUR_2026-07-23_12-45-00.webm,2026-07-23 12:45:00+05:30,2026-07-23 13:00:00+05:30,2026-07-23,15,0.45629584233234666,82.87551349819164,3.6038129893467774,3.6668606666666665,1.0174947139338983
24,162.94,52.08,32.97,24.15,35.05,40.8,5.306,72.74,58.73,64.88,66.16,-7.27,0.0,0.089524,0.483161,SIRMOUR_2026-07-23_12-45-00.webm,2026-07-23 12:45:00+05:30,2026-07-23 13:15:00+05:30,2026-07-23,30,0.45629584233234666,79.95084279825345,3.566869053366287,1.9990813333333333,0.5604582908494131
24,162.94,52.08,32.97,24.15,35.05,40.8,5.306,72.74,58.73,64.88,66.16,-7.27,0.0,0.089524,0.483161,SIRMOUR_2026-07-23_12-45-00.webm,2026-07-23 12:45:00+05:30,2026-07-23 13:30:00+05:30,2026-07-23,45,0.45629584233234666,76.76349763057365,3.5124816617277728,2.759208,0.7855437453423626
24,162.94,52.08,32.97,24.15,35.05,40.8,5.306,72.74,58.73,64.88,66.16,-7.27,0.0,0.089524,0.483161,SIRMOUR_2026-07-23_12-45-00.webm,2026-07-23 12:45:00+05:30,2026-07-23 13:45:00+05:30,2026-07-23,60,0.45629584233234666,73.46608947843303,3.4409520357730634,2.5637673333333337,0.7450749986282048
24,162.94,52.08,32.97,24.15,35.05,40.8,5.306,72.74,58.73,64.88,66.16,-7.27,0.0,0.089524,0.483161,SIRMOUR_2026-07-23_12-45-00.webm,2026-07-23 12:45:00+05:30,2026-07-23 14:00:00+05:30,2026-07-23,75,0.45629584233234666,70.11486492157579,3.352680962807778,1.4573866666666664,0.43469291675344657
24,162.94,52.08,32.97,24.15,35.05,40.8,5.306,72.74,58.73,64.88,66.16,-7.27,0.0,0.089524,0.483161,SIRMOUR_2026-07-23_12-45-00.webm,2026-07-23 12:45:00+05:30,2026-07-23 14:15:00+05:30,2026-07-23,90,0.45629584233234666,66.73477363831852,3.2481698851728344,2.272328666666666,0.6995719888418817
24,162.94,52.08,32.97,24.15,35.05,40.8,5.306,72.74,58.73,64.88,66.16,-7.27,0.0,0.089524,0.483161,SIRMOUR_2026-07-23_12-45-00.webm,2026-07-23 12:45:00+05:30,2026-07-23 14:30:00+05:30,2026-07-23,105,0.45629584233234666,63.33861512666367,3.128022836060423,1.6140999999999999,0.5160128568731526
24,162.94,52.08,32.97,24.15,35.05,40.8,5.306,72.74,58.73,64.88,66.16,-7.27,0.0,0.089524,0.483161,SIRMOUR_2026-07-23_12-45-00.webm,2026-07-23 12:45:00+05:30,2026-07-23 14:45:00+05:30,2026-07-23,120,0.45629584233234666,59.933764304688836,2.992949312423889,1.3756566666666667,0.45963246385638545
24,162.94,52.08,32.97,24.15,35.05,40.8,5.306,72.74,58.73,64.88,66.16,-7.27,0.0,0.089524,0.483161,SIRMOUR_2026-07-23_12-45-00.webm,2026-07-23 12:45:00+05:30,2026-07-23 15:00:00+05:30,2026-07-23,135,0.45629584233234666,56.524910749781796,2.8437685209541486,2.132125,0.7497533587173346
24,162.94,52.08,32.97,24.15,35.05,40.8,5.306,72.74,58.73,64.88,66.16,-7.27,0.0,0.089524,0.483161,SIRMOUR_2026-07-23_12-45-00.webm,2026-07-23 12:45:00+05:30,2026-07-23 15:15:00+05:30,2026-07-23,150,0.45629584233234666,53.11531149638363,2.6814154996441593,2.159924666666667,0.8055165888887055
24,162.94,52.08,32.97,24.15,35.05,40.8,5.306,72.74,58.73,64.88,66.16,-7.27,0.0,0.089524,0.483161,SIRMOUR_2026-07-23_12-45-00.webm,2026-07-23 12:45:00+05:30,2026-07-23 15:30:00+05:30,2026-07-23,165,0.45629584233234666,49.70741882643162,2.506949798879875,0.8469173333333333,0.33782779922906425
24,162.94,52.08,32.97,24.15,35.05,40.8,5.306,72.74,58.73,64.88,66.16,-7.27,0.0,0.089524,0.483161,SIRMOUR_2026-07-23_12-45-00.webm,2026-07-23 12:45:00+05:30,2026-07-23 15:45:00+05:30,2026-07-23,180,0.45629584233234666,46.30322232295226,2.3215679273615337,0.946,0.4074832309882618
24,162.94,52.08,32.97,24.15,35.05,40.8,5.306,72.74,58.73,64.88,66.16,-7.27,0.0,0.089524,0.483161,SIRMOUR_2026-07-23_12-45-00.webm,2026-07-23 12:45:00+05:30,2026-07-23 16:00:00+05:30,2026-07-23,195,0.45629584233234666,42.90444888632799,2.126621077623453,0.8176293333333332,0.3844734456629445
24,162.94,52.08,32.97,24.15,35.05,40.8,5.306,72.74,58.73,64.88,66.16,-7.27,0.0,0.089524,0.483161,SIRMOUR_2026-07-23_12-45-00.webm,2026-07-23 12:45:00+05:30,2026-07-23 16:15:00+05:30,2026-07-23,210,0.45629584233234666,39.5126873958141,1.923640315048651,0.6268733333333333,0.3258786626737333
24,162.94,52.08,32.97,24.15,35.05,40.8,5.306,72.74,58.73,64.88,66.16,-7.27,0.0,0.089524,0.483161,SIRMOUR_2026-07-23_12-45-00.webm,2026-07-23 12:45:00+05:30,2026-07-23 16:30:00+05:30,2026-07-23,225,0.45629584233234666,36.129475334643445,1.7143727098628512,0.5836753333333333,0.34046000031115
24,162.94,52.08,32.97,24.15,35.05,40.8,5.306,72.74,58.73,64.88,66.16,-7.27,0.0,0.089524,0.483161,SIRMOUR_2026-07-23_12-45-00.webm,2026-07-23 12:45:00+05:30,2026-07-23 16:45:00+05:30,2026-07-23,240,0.45629584233234666,32.756365314947296,1.5008332494092191,0.6325106666666667,0.4214396682080738
24,115.3,50.96,18.8,38.48,55.92,5.6,1.348,91.98,100.0,93.14,98.93,-71.81,-1e-06,0.000261,5e-06,sirmour_260723_12_49.mp4,2026-07-23 12:45:00+05:30,2026-07-23 13:00:00+05:30,2026-07-23,15,0.45629584233234666,82.87551349819164,3.6038129893467774,3.6668606666666665,1.0174947139338983
24,115.3,50.96,18.8,38.48,55.92,5.6,1.348,91.98,100.0,93.14,98.93,-71.81,-1e-06,0.000261,5e-06,sirmour_260723_12_49.mp4,2026-07-23 12:45:00+05:30,2026-07-23 13:15:00+05:30,2026-07-23,30,0.45629584233234666,79.95084279825345,3.566869053366287,1.9990813333333333,0.5604582908494131
24,115.3,50.96,18.8,38.48,55.92,5.6,1.348,91.98,100.0,93.14,98.93,-71.81,-1e-06,0.000261,5e-06,sirmour_260723_12_49.mp4,2026-07-23 12:45:00+05:30,2026-07-23 13:30:00+05:30,2026-07-23,45,0.45629584233234666,76.76349763057365,3.5124816617277728,2.759208,0.7855437453423626
24,115.3,50.96,18.8,38.48,55.92,5.6,1.348,91.98,100.0,93.14,98.93,-71.81,-1e-06,0.000261,5e-06,sirmour_260723_12_49.mp4,2026-07-23 12:45:00+05:30,2026-07-23 13:45:00+05:30,2026-07-23,60,0.45629584233234666,73.46608947843303,3.4409520357730634,2.5637673333333337,0.7450749986282048
24,115.3,50.96,18.8,38.48,55.92,5.6,1.348,91.98,100.0,93.14,98.93,-71.81,-1e-06,0.000261,5e-06,sirmour_260723_12_49.mp4,2026-07-23 12:45:00+05:30,2026-07-23 14:00:00+05:30,2026-07-23,75,0.45629584233234666,70.11486492157579,3.352680962807778,1.4573866666666664,0.43469291675344657
24,115.3,50.96,18.8,38.48,55.92,5.6,1.348,91.98,100.0,93.14,98.93,-71.81,-1e-06,0.000261,5e-06,sirmour_260723_12_49.mp4,2026-07-23 12:45:00+05:30,2026-07-23 14:15:00+05:30,2026-07-23,90,0.45629584233234666,66.73477363831852,3.2481698851728344,2.272328666666666,0.6995719888418817
24,115.3,50.96,18.8,38.48,55.92,5.6,1.348,91.98,100.0,93.14,98.93,-71.81,-1e-06,0.000261,5e-06,sirmour_260723_12_49.mp4,2026-07-23 12:45:00+05:30,2026-07-23 14:30:00+05:30,2026-07-23,105,0.45629584233234666,63.33861512666367,3.128022836060423,1.6140999999999999,0.5160128568731526
24,115.3,50.96,18.8,38.48,55.92,5.6,1.348,91.98,100.0,93.14,98.93,-71.81,-1e-06,0.000261,5e-06,sirmour_260723_12_49.mp4,2026-07-23 12:45:00+05:30,2026-07-23 14:45:00+05:30,2026-07-23,120,0.45629584233234666,59.933764304688836,2.992949312423889,1.3756566666666667,0.45963246385638545
24,115.3,50.96,18.8,38.48,55.92,5.6,1.348,91.98,100.0,93.14,98.93,-71.81,-1e-06,0.000261,5e-06,sirmour_260723_12_49.mp4,2026-07-23 12:45:00+05:30,2026-07-23 15:00:00+05:30,2026-07-23,135,0.45629584233234666,56.524910749781796,2.8437685209541486,2.132125,0.7497533587173346
24,115.3,50.96,18.8,38.48,55.92,5.6,1.348,91.98,100.0,93.14,98.93,-71.81,-1e-06,0.000261,5e-06,sirmour_260723_12_49.mp4,2026-07-23 12:45:00+05:30,2026-07-23 15:15:00+05:30,2026-07-23,150,0.45629584233234666,53.11531149638363,2.6814154996441593,2.159924666666667,0.8055165888887055
24,115.3,50.96,18.8,38.48,55.92,5.6,1.348,91.98,100.0,93.14,98.93,-71.81,-1e-06,0.000261,5e-06,sirmour_260723_12_49.mp4,2026-07-23 12:45:00+05:30,2026-07-23 15:30:00+05:30,2026-07-23,165,0.45629584233234666,49.70741882643162,2.506949798879875,0.8469173333333333,0.33782779922906425
24,115.3,50.96,18.8,38.48,55.92,5.6,1.348,91.98,100.0,93.14,98.93,-71.81,-1e-06,0.000261,5e-06,sirmour_260723_12_49.mp4,2026-07-23 12:45:00+05:30,2026-07-23 15:45:00+05:30,2026-07-23,180,0.45629584233234666,46.30322232295226,2.3215679273615337,0.946,0.4074832309882618
24,115.3,50.96,18.8,38.48,55.92,5.6,1.348,91.98,100.0,93.14,98.93,-71.81,-1e-06,0.000261,5e-06,sirmour_260723_12_49.mp4,2026-07-23 12:45:00+05:30,2026-07-23 16:00:00+05:30,2026-07-23,195,0.45629584233234666,42.90444888632799,2.126621077623453,0.8176293333333332,0.3844734456629445
24,115.3,50.96,18.8,38.48,55.92,5.6,1.348,91.98,100.0,93.14,98.93,-71.81,-1e-06,0.000261,5e-06,sirmour_260723_12_49.mp4,2026-07-23 12:45:00+05:30,2026-07-23 16:15:00+05:30,2026-07-23,210,0.45629584233234666,39.5126873958141,1.923640315048651,0.6268733333333333,0.3258786626737333
24,115.3,50.96,18.8,38.48,55.92,5.6,1.348,91.98,100.0,93.14,98.93,-71.81,-1e-06,0.000261,5e-06,sirmour_260723_12_49.mp4,2026-07-23 12:45:00+05:30,2026-07-23 16:30:00+05:30,2026-07-23,225,0.45629584233234666,36.129475334643445,1.7143727098628512,0.5836753333333333,0.34046000031115
24,115.3,50.96,18.8,38.48,55.92,5.6,1.348,91.98,100.0,93.14,98.93,-71.81,-1e-06,0.000261,5e-06,sirmour_260723_12_49.mp4,2026-07-23 12:45:00+05:30,2026-07-23 16:45:00+05:30,2026-07-23,240,0.45629584233234666,32.756365314947296,1.5008332494092191,0.6325106666666667,0.4214396682080738
24,118.86,49.63,19.5,34.75,59.57,5.68,1.434,91.88,100.0,93.04,98.93,-63.65,0.0,0.000643,6e-05,sirmour_260723_14_19.mp4,2026-07-23 14:15:00+05:30,2026-07-23 14:30:00+05:30,2026-07-23,15,0.666220912391474,63.33861512666367,3.128022836060423,1.6140999999999999,0.5160128568731526
24,118.86,49.63,19.5,34.75,59.57,5.68,1.434,91.88,100.0,93.04,98.93,-63.65,0.0,0.000643,6e-05,sirmour_260723_14_19.mp4,2026-07-23 14:15:00+05:30,2026-07-23 14:45:00+05:30,2026-07-23,30,0.666220912391474,59.933764304688836,2.992949312423889,1.3756566666666667,0.45963246385638545
24,118.86,49.63,19.5,34.75,59.57,5.68,1.434,91.88,100.0,93.04,98.93,-63.65,0.0,0.000643,6e-05,sirmour_260723_14_19.mp4,2026-07-23 14:15:00+05:30,2026-07-23 15:00:00+05:30,2026-07-23,45,0.666220912391474,56.524910749781796,2.8437685209541486,2.132125,0.7497533587173346
24,118.86,49.63,19.5,34.75,59.57,5.68,1.434,91.88,100.0,93.04,98.93,-63.65,0.0,0.000643,6e-05,sirmour_260723_14_19.mp4,2026-07-23 14:15:00+05:30,2026-07-23 15:15:00+05:30,2026-07-23,60,0.666220912391474,53.11531149638363,2.6814154996441593,2.159924666666667,0.8055165888887055
24,118.86,49.63,19.5,34.75,59.57,5.68,1.434,91.88,100.0,93.04,98.93,-63.65,0.0,0.000643,6e-05,sirmour_260723_14_19.mp4,2026-07-23 14:15:00+05:30,2026-07-23 15:30:00+05:30,2026-07-23,75,0.666220912391474,49.70741882643162,2.506949798879875,0.8469173333333333,0.33782779922906425
24,118.86,49.63,19.5,34.75,59.57,5.68,1.434,91.88,100.0,93.04,98.93,-63.65,0.0,0.000643,6e-05,sirmour_260723_14_19.mp4,2026-07-23 14:15:00+05:30,2026-07-23 15:45:00+05:30,2026-07-23,90,0.666220912391474,46.30322232295226,2.3215679273615337,0.946,0.4074832309882618
24,118.86,49.63,19.5,34.75,59.57,5.68,1.434,91.88,100.0,93.04,98.93,-63.65,0.0,0.000643,6e-05,sirmour_260723_14_19.mp4,2026-07-23 14:15:00+05:30,2026-07-23 16:00:00+05:30,2026-07-23,105,0.666220912391474,42.90444888632799,2.126621077623453,0.8176293333333332,0.3844734456629445
24,118.86,49.63,19.5,34.75,59.57,5.68,1.434,91.88,100.0,93.04,98.93,-63.65,0.0,0.000643,6e-05,sirmour_260723_14_19.mp4,2026-07-23 14:15:00+05:30,2026-07-23 16:15:00+05:30,2026-07-23,120,0.666220912391474,39.5126873958141,1.923640315048651,0.6268733333333333,0.3258786626737333
24,118.86,49.63,19.5,34.75,59.57,5.68,1.434,91.88,100.0,93.04,98.93,-63.65,0.0,0.000643,6e-05,sirmour_260723_14_19.mp4,2026-07-23 14:15:00+05:30,2026-07-23 16:30:00+05:30,2026-07-23,135,0.666220912391474,36.129475334643445,1.7143727098628512,0.5836753333333333,0.34046000031115
24,118.86,49.63,19.5,34.75,59.57,5.68,1.434,91.88,100.0,93.04,98.93,-63.65,0.0,0.000643,6e-05,sirmour_260723_14_19.mp4,2026-07-23 14:15:00+05:30,2026-07-23 16:45:00+05:30,2026-07-23,150,0.666220912391474,32.756365314947296,1.5008332494092191,0.6325106666666667,0.4214396682080738
24,118.86,49.63,19.5,34.75,59.57,5.68,1.434,91.88,100.0,93.04,98.93,-63.65,0.0,0.000643,6e-05,sirmour_260723_14_19.mp4,2026-07-23 14:15:00+05:30,2026-07-23 17:00:00+05:30,2026-07-23,165,0.666220912391474,29.394982755410236,1.2853796387594985,0.7635986666666666,0.5940646978067934
24,118.86,49.63,19.5,34.75,59.57,5.68,1.434,91.88,100.0,93.04,98.93,-63.65,0.0,0.000643,6e-05,sirmour_260723_14_19.mp4,2026-07-23 14:15:00+05:30,2026-07-23 17:15:00+05:30,2026-07-23,180,0.666220912391474,26.047088361733156,1.0708205136799187,0.4775033333333333,0.445922848164697
24,118.86,49.63,19.5,34.75,59.57,5.68,1.434,91.88,100.0,93.04,98.93,-63.65,0.0,0.000643,6e-05,sirmour_260723_14_19.mp4,2026-07-23 14:15:00+05:30,2026-07-23 17:30:00+05:30,2026-07-23,195,0.666220912391474,22.714658081539188,0.8605709632345357,0.22628000000000004,0.26294170924557536
24,118.86,49.63,19.5,34.75,59.57,5.68,1.434,91.88,100.0,93.04,98.93,-63.65,0.0,0.000643,6e-05,sirmour_260723_14_19.mp4,2026-07-23 14:15:00+05:30,2026-07-23 17:45:00+05:30,2026-07-23,210,0.666220912391474,19.40000466668609,0.6588708262391533,0.13590133333333332,0.20626400186674013
24,118.86,49.63,19.5,34.75,59.57,5.68,1.434,91.88,100.0,93.04,98.93,-63.65,0.0,0.000643,6e-05,sirmour_260723_14_19.mp4,2026-07-23 14:15:00+05:30,2026-07-23 18:00:00+05:30,2026-07-23,225,0.666220912391474,16.10600135115726,0.47107102967558406,0.11350400000000001,0.24094880145392858
24,118.86,49.63,19.5,34.75,59.57,5.68,1.434,91.88,100.0,93.04,98.93,-63.65,0.0,0.000643,6e-05,sirmour_260723_14_19.mp4,2026-07-23 14:15:00+05:30,2026-07-23 18:15:00+05:30,2026-07-23,240,0.666220912391474,12.836560529208635,0.3039374305485321,0.12751666666666667,0.4195490711247066
24,126.4,6.54,25.5,10.47,86.49,3.03,4.898,89.72,100.0,92.83,97.04,1.21,0.000457,0.010373,0.00312,sirmour_260723_14_32.mp4,2026-07-23 14:30:00+05:30,2026-07-23 14:45:00+05:30,2026-07-23,15,0.5988381902741714,59.933764304688836,2.992949312423889,1.3756566666666667,0.45963246385638545
24,126.4,6.54,25.5,10.47,86.49,3.03,4.898,89.72,100.0,92.83,97.04,1.21,0.000457,0.010373,0.00312,sirmour_260723_14_32.mp4,2026-07-23 14:30:00+05:30,2026-07-23 15:00:00+05:30,2026-07-23,30,0.5988381902741714,56.524910749781796,2.8437685209541486,2.132125,0.7497533587173346
24,126.4,6.54,25.5,10.47,86.49,3.03,4.898,89.72,100.0,92.83,97.04,1.21,0.000457,0.010373,0.00312,sirmour_260723_14_32.mp4,2026-07-23 14:30:00+05:30,2026-07-23 15:15:00+05:30,2026-07-23,45,0.5988381902741714,53.11531149638363,2.6814154996441593,2.159924666666667,0.8055165888887055
24,126.4,6.54,25.5,10.47,86.49,3.03,4.898,89.72,100.0,92.83,97.04,1.21,0.000457,0.010373,0.00312,sirmour_260723_14_32.mp4,2026-07-23 14:30:00+05:30,2026-07-23 15:30:00+05:30,2026-07-23,60,0.5988381902741714,49.70741882643162,2.506949798879875,0.8469173333333333,0.33782779922906425
24,126.4,6.54,25.5,10.47,86.49,3.03,4.898,89.72,100.0,92.83,97.04,1.21,0.000457,0.010373,0.00312,sirmour_260723_14_32.mp4,2026-07-23 14:30:00+05:30,2026-07-23 15:45:00+05:30,2026-07-23,75,0.5988381902741714,46.30322232295226,2.3215679273615337,0.946,0.4074832309882618
24,126.4,6.54,25.5,10.47,86.49,3.03,4.898,89.72,100.0,92.83,97.04,1.21,0.000457,0.010373,0.00312,sirmour_260723_14_32.mp4,2026-07-23 14:30:00+05:30,2026-07-23 16:00:00+05:30,2026-07-23,90,0.5988381902741714,42.90444888632799,2.126621077623453,0.8176293333333332,0.3844734456629445
24,126.4,6.54,25.5,10.47,86.49,3.03,4.898,89.72,100.0,92.83,97.04,1.21,0.000457,0.010373,0.00312,sirmour_260723_14_32.mp4,2026-07-23 14:30:00+05:30,2026-07-23 16:15:00+05:30,2026-07-23,105,0.5988381902741714,39.5126873958141,1.923640315048651,0.6268733333333333,0.3258786626737333
24,126.4,6.54,25.5,10.47,86.49,3.03,4.898,89.72,100.0,92.83,97.04,1.21,0.000457,0.010373,0.00312,sirmour_260723_14_32.mp4,2026-07-23 14:30:00+05:30,2026-07-23 16:30:00+05:30,2026-07-23,120,0.5988381902741714,36.129475334643445,1.7143727098628512,0.5836753333333333,0.34046000031115
24,126.4,6.54,25.5,10.47,86.49,3.03,4.898,89.72,100.0,92.83,97.04,1.21,0.000457,0.010373,0.00312,sirmour_260723_14_32.mp4,2026-07-23 14:30:00+05:30,2026-07-23 16:45:00+05:30,2026-07-23,135,0.5988381902741714,32.756365314947296,1.5008332494092191,0.6325106666666667,0.4214396682080738
24,126.4,6.54,25.5,10.47,86.49,3.03,4.898,89.72,100.0,92.83,97.04,1.21,0.000457,0.010373,0.00312,sirmour_260723_14_32.mp4,2026-07-23 14:30:00+05:30,2026-07-23 17:00:00+05:30,2026-07-23,150,0.5988381902741714,29.394982755410236,1.2853796387594985,0.7635986666666666,0.5940646978067934
24,126.4,6.54,25.5,10.47,86.49,3.03,4.898,89.72,100.0,92.83,97.04,1.21,0.000457,0.010373,0.00312,sirmour_260723_14_32.mp4,2026-07-23 14:30:00+05:30,2026-07-23 17:15:00+05:30,2026-07-23,165,0.5988381902741714,26.047088361733156,1.0708205136799187,0.4775033333333333,0.445922848164697
24,126.4,6.54,25.5,10.47,86.49,3.03,4.898,89.72,100.0,92.83,97.04,1.21,0.000457,0.010373,0.00312,sirmour_260723_14_32.mp4,2026-07-23 14:30:00+05:30,2026-07-23 17:30:00+05:30,2026-07-23,180,0.5988381902741714,22.714658081539188,0.8605709632345357,0.22628000000000004,0.26294170924557536
24,126.4,6.54,25.5,10.47,86.49,3.03,4.898,89.72,100.0,92.83,97.04,1.21,0.000457,0.010373,0.00312,sirmour_260723_14_32.mp4,2026-07-23 14:30:00+05:30,2026-07-23 17:45:00+05:30,2026-07-23,195,0.5988381902741714,19.40000466668609,0.6588708262391533,0.13590133333333332,0.20626400186674013
24,126.4,6.54,25.5,10.47,86.49,3.03,4.898,89.72,100.0,92.83,97.04,1.21,0.000457,0.010373,0.00312,sirmour_260723_14_32.mp4,2026-07-23 14:30:00+05:30,2026-07-23 18:00:00+05:30,2026-07-23,210,0.5988381902741714,16.10600135115726,0.47107102967558406,0.11350400000000001,0.24094880145392858
24,126.4,6.54,25.5,10.47,86.49,3.03,4.898,89.72,100.0,92.83,97.04,1.21,0.000457,0.010373,0.00312,sirmour_260723_14_32.mp4,2026-07-23 14:30:00+05:30,2026-07-23 18:15:00+05:30,2026-07-23,225,0.5988381902741714,12.836560529208635,0.3039374305485321,0.12751666666666667,0.4195490711247066
24,126.4,6.54,25.5,10.47,86.49,3.03,4.898,89.72,100.0,92.83,97.04,1.21,0.000457,0.010373,0.00312,sirmour_260723_14_32.mp4,2026-07-23 14:30:00+05:30,2026-07-23 18:30:00+05:30,2026-07-23,240,0.5988381902741714,9.597850579324442,0.16573489518999343,0.09409333333333332,0.5677339900294841
24,143.13,15.79,26.36,4.96,80.95,14.09,4.804,89.72,100.0,92.83,97.04,-0.23,0.000352,0.003507,0.000612,sirmour_260723_15_49.mp4,2026-07-23 15:45:00+05:30,2026-07-23 16:00:00+05:30,2026-07-23,15,0.5751452444558416,42.90444888632799,2.126621077623453,0.8176293333333332,0.3844734456629445
24,143.13,15.79,26.36,4.96,80.95,14.09,4.804,89.72,100.0,92.83,97.04,-0.23,0.000352,0.003507,0.000612,sirmour_260723_15_49.mp4,2026-07-23 15:45:00+05:30,2026-07-23 16:15:00+05:30,2026-07-23,30,0.5751452444558416,39.5126873958141,1.923640315048651,0.6268733333333333,0.3258786626737333
24,143.13,15.79,26.36,4.96,80.95,14.09,4.804,89.72,100.0,92.83,97.04,-0.23,0.000352,0.003507,0.000612,sirmour_260723_15_49.mp4,2026-07-23 15:45:00+05:30,2026-07-23 16:30:00+05:30,2026-07-23,45,0.5751452444558416,36.129475334643445,1.7143727098628512,0.5836753333333333,0.34046000031115
24,143.13,15.79,26.36,4.96,80.95,14.09,4.804,89.72,100.0,92.83,97.04,-0.23,0.000352,0.003507,0.000612,sirmour_260723_15_49.mp4,2026-07-23 15:45:00+05:30,2026-07-23 16:45:00+05:30,2026-07-23,60,0.5751452444558416,32.756365314947296,1.5008332494092191,0.6325106666666667,0.4214396682080738
24,143.13,15.79,26.36,4.96,80.95,14.09,4.804,89.72,100.0,92.83,97.04,-0.23,0.000352,0.003507,0.000612,sirmour_260723_15_49.mp4,2026-07-23 15:45:00+05:30,2026-07-23 17:00:00+05:30,2026-07-23,75,0.5751452444558416,29.394982755410236,1.2853796387594985,0.7635986666666666,0.5940646978067934
24,143.13,15.79,26.36,4.96,80.95,14.09,4.804,89.72,100.0,92.83,97.04,-0.23,0.000352,0.003507,0.000612,sirmour_260723_15_49.mp4,2026-07-23 15:45:00+05:30,2026-07-23 17:15:00+05:30,2026-07-23,90,0.5751452444558416,26.047088361733156,1.0708205136799187,0.4775033333333333,0.445922848164697
24,143.13,15.79,26.36,4.96,80.95,14.09,4.804,89.72,100.0,92.83,97.04,-0.23,0.000352,0.003507,0.000612,sirmour_260723_15_49.mp4,2026-07-23 15:45:00+05:30,2026-07-23 17:30:00+05:30,2026-07-23,105,0.5751452444558416,22.714658081539188,0.8605709632345357,0.22628000000000004,0.26294170924557536
24,143.13,15.79,26.36,4.96,80.95,14.09,4.804,89.72,100.0,92.83,97.04,-0.23,0.000352,0.003507,0.000612,sirmour_260723_15_49.mp4,2026-07-23 15:45:00+05:30,2026-07-23 17:45:00+05:30,2026-07-23,120,0.5751452444558416,19.40000466668609,0.6588708262391533,0.13590133333333332,0.20626400186674013
24,143.13,15.79,26.36,4.96,80.95,14.09,4.804,89.72,100.0,92.83,97.04,-0.23,0.000352,0.003507,0.000612,sirmour_260723_15_49.mp4,2026-07-23 15:45:00+05:30,2026-07-23 18:00:00+05:30,2026-07-23,135,0.5751452444558416,16.10600135115726,0.47107102967558406,0.11350400000000001,0.24094880145392858
24,143.13,15.79,26.36,4.96,80.95,14.09,4.804,89.72,100.0,92.83,97.04,-0.23,0.000352,0.003507,0.000612,sirmour_260723_15_49.mp4,2026-07-23 15:45:00+05:30,2026-07-23 18:15:00+05:30,2026-07-23,150,0.5751452444558416,12.836560529208635,0.3039374305485321,0.12751666666666667,0.4195490711247066
24,143.13,15.79,26.36,4.96,80.95,14.09,4.804,89.72,100.0,92.83,97.04,-0.23,0.000352,0.003507,0.000612,sirmour_260723_15_49.mp4,2026-07-23 15:45:00+05:30,2026-07-23 18:30:00+05:30,2026-07-23,165,0.5751452444558416,9.597850579324442,0.16573489518999343,0.09409333333333332,0.5677339900294841
24,143.13,15.79,26.36,4.96,80.95,14.09,4.804,89.72,100.0,92.83,97.04,-0.23,0.000352,0.003507,0.000612,sirmour_260723_15_49.mp4,2026-07-23 15:45:00+05:30,2026-07-23 18:45:00+05:30,2026-07-23,180,0.5751452444558416,6.402115983851946,0.07119328024717021,0.024142,0.339105037949977
24,104.04,51.48,32.38,53.11,33.15,13.75,4.501,1.87,8.64,3.13,7.5,-82.91,-0.000673,0.018002,0.005318,SIRMOUR_2026-07-24_06-45-00.webm,2026-07-24 06:45:00+05:30,2026-07-24 07:00:00+05:30,2026-07-24,15,0.40157591026338346,13.372314245966583,0.33037727461442634,0.2406066666666667,0.7282785020473085
24,104.04,51.48,32.38,53.11,33.15,13.75,4.501,1.87,8.64,3.13,7.5,-82.91,-0.000673,0.018002,0.005318,SIRMOUR_2026-07-24_06-45-00.webm,2026-07-24 06:45:00+05:30,2026-07-24 07:15:00+05:30,2026-07-24,30,0.40157591026338346,16.646568986978792,0.5017695149666589,0.2875526666666667,0.573077195982649
24,104.04,51.48,32.38,53.11,33.15,13.75,4.501,1.87,8.64,3.13,7.5,-82.91,-0.000673,0.018002,0.005318,SIRMOUR_2026-07-24_06-45-00.webm,2026-07-24 06:45:00+05:30,2026-07-24 07:30:00+05:30,2026-07-24,45,0.40157591026338346,19.94463121210246,0.6926042416289733,0.36686599999999997,0.5296906630793193
24,104.04,51.48,32.38,53.11,33.15,13.75,4.501,1.87,8.64,3.13,7.5,-82.91,-0.000673,0.018002,0.005318,SIRMOUR_2026-07-24_06-45-00.webm,2026-07-24 06:45:00+05:30,2026-07-24 07:45:00+05:30,2026-07-24,60,0.40157591026338346,23.26280418464066,0.8963574715061913,0.520184,0.5803309689893147
24,104.04,51.48,32.38,53.11,33.15,13.75,4.501,1.87,8.64,3.13,7.5,-82.91,-0.000673,0.018002,0.005318,SIRMOUR_2026-07-24_06-45-00.webm,2026-07-24 06:45:00+05:30,2026-07-24 08:00:00+05:30,2026-07-24,75,0.40157591026338346,26.59831969344923,1.1078796976196088,0.5969426666666667,0.5388154218813273
24,104.04,51.48,32.38,53.11,33.15,13.75,4.501,1.87,8.64,3.13,7.5,-82.91,-0.000673,0.018002,0.005318,SIRMOUR_2026-07-24_06-45-00.webm,2026-07-24 06:45:00+05:30,2026-07-24 08:15:00+05:30,2026-07-24,90,0.40157591026338346,29.948919729030102,1.3230833805326114,0.6204126666666667,0.46891426178818574
24,104.04,51.48,32.38,53.11,33.15,13.75,4.501,1.87,8.64,3.13,7.5,-82.91,-0.000673,0.018002,0.005318,SIRMOUR_2026-07-24_06-45-00.webm,2026-07-24 06:45:00+05:30,2026-07-24 08:30:00+05:30,2026-07-24,105,0.40157591026338346,33.31265523117557,1.538665621272412,1.1982086666666665,0.7787323315092971
24,104.04,51.48,32.38,53.11,33.15,13.75,4.501,1.87,8.64,3.13,7.5,-82.91,-0.000673,0.018002,0.005318,SIRMOUR_2026-07-24_06-45-00.webm,2026-07-24 06:45:00+05:30,2026-07-24 08:45:00+05:30,2026-07-24,120,0.40157591026338346,36.68777323282416,1.7519006365079142,1.5009913333333336,0.8567788047187874
24,104.04,51.48,32.38,53.11,33.15,13.75,4.501,1.87,8.64,3.13,7.5,-82.91,-0.000673,0.018002,0.005318,SIRMOUR_2026-07-24_06-45-00.webm,2026-07-24 06:45:00+05:30,2026-07-24 09:00:00+05:30,2026-07-24,135,0.40157591026338346,40.07263963048527,1.9604929147061483,0.8916373333333334,0.4548026298105637
24,104.04,51.48,32.38,53.11,33.15,13.75,4.501,1.87,8.64,3.13,7.5,-82.91,-0.000673,0.018002,0.005318,SIRMOUR_2026-07-24_06-45-00.webm,2026-07-24 06:45:00+05:30,2026-07-24 09:15:00+05:30,2026-07-24,150,0.40157591026338346,43.46567601254041,2.1624752839906543,0.7686986666666668,0.35547165433868094
24,104.04,51.48,32.38,53.11,33.15,13.75,4.501,1.87,8.64,3.13,7.5,-82.91,-0.000673,0.018002,0.005318,SIRMOUR_2026-07-24_06-45-00.webm,2026-07-24 06:45:00+05:30,2026-07-24 09:30:00+05:30,2026-07-24,165,0.40157591026338346,46.86529845055106,2.3561384935184013,0.950624,0.40346694500985864
24,104.04,51.48,32.38,53.11,33.15,13.75,4.501,1.87,8.64,3.13,7.5,-82.91,-0.000673,0.018002,0.005318,SIRMOUR_2026-07-24_06-45-00.webm,2026-07-24 06:45:00+05:30,2026-07-24 09:45:00+05:30,2026-07-24,180,0.40157591026338346,50.269844048100936,2.53998232823286,0.9810706666666664,0.38625098126144286
24,104.04,51.48,32.38,53.11,33.15,13.75,4.501,1.87,8.64,3.13,7.5,-82.91,-0.000673,0.018002,0.005318,SIRMOUR_2026-07-24_06-45-00.webm,2026-07-24 06:45:00+05:30,2026-07-24 10:00:00+05:30,2026-07-24,195,0.40157591026338346,53.67747226586764,2.712681570081224,2.1929760000000003,0.808416300750824
24,104.04,51.48,32.38,53.11,33.15,13.75,4.501,1.87,8.64,3.13,7.5,-82.91,-0.000673,0.018002,0.005318,SIRMOUR_2026-07-24_06-45-00.webm,2026-07-24 06:45:00+05:30,2026-07-24 10:15:00+05:30,2026-07-24,210,0.40157591026338346,57.08601949806543,2.8730622646701858,1.8635513333333331,0.6486289407122404
24,104.04,51.48,32.38,53.11,33.15,13.75,4.501,1.87,8.64,3.13,7.5,-82.91,-0.000673,0.018002,0.005318,SIRMOUR_2026-07-24_06-45-00.webm,2026-07-24 06:45:00+05:30,2026-07-24 10:30:00+05:30,2026-07-24,225,0.40157591026338346,60.49276227056958,3.0200850169186753,1.4171706666666666,0.4692486001975447
24,104.04,51.48,32.38,53.11,33.15,13.75,4.501,1.87,8.64,3.13,7.5,-82.91,-0.000673,0.018002,0.005318,SIRMOUR_2026-07-24_06-45-00.webm,2026-07-24 06:45:00+05:30,2026-07-24 10:45:00+05:30,2026-07-24,240,0.40157591026338346,63.89400687334388,3.1528332669518524,1.8825233333333333,0.5970894030667692
24,126.04,46.26,19.18,26.92,67.39,5.69,1.529,91.82,100.0,92.99,98.93,-47.95,-0.0,0.000322,2.5e-05,sirmour_260724_06_49.mp4,2026-07-24 06:45:00+05:30,2026-07-24 07:00:00+05:30,2026-07-24,15,0.40157591026338346,13.372314245966583,0.33037727461442634,0.2406066666666667,0.7282785020473085
24,126.04,46.26,19.18,26.92,67.39,5.69,1.529,91.82,100.0,92.99,98.93,-47.95,-0.0,0.000322,2.5e-05,sirmour_260724_06_49.mp4,2026-07-24 06:45:00+05:30,2026-07-24 07:15:00+05:30,2026-07-24,30,0.40157591026338346,16.646568986978792,0.5017695149666589,0.2875526666666667,0.573077195982649
24,126.04,46.26,19.18,26.92,67.39,5.69,1.529,91.82,100.0,92.99,98.93,-47.95,-0.0,0.000322,2.5e-05,sirmour_260724_06_49.mp4,2026-07-24 06:45:00+05:30,2026-07-24 07:30:00+05:30,2026-07-24,45,0.40157591026338346,19.94463121210246,0.6926042416289733,0.36686599999999997,0.5296906630793193
24,126.04,46.26,19.18,26.92,67.39,5.69,1.529,91.82,100.0,92.99,98.93,-47.95,-0.0,0.000322,2.5e-05,sirmour_260724_06_49.mp4,2026-07-24 06:45:00+05:30,2026-07-24 07:45:00+05:30,2026-07-24,60,0.40157591026338346,23.26280418464066,0.8963574715061913,0.520184,0.5803309689893147
24,126.04,46.26,19.18,26.92,67.39,5.69,1.529,91.82,100.0,92.99,98.93,-47.95,-0.0,0.000322,2.5e-05,sirmour_260724_06_49.mp4,2026-07-24 06:45:00+05:30,2026-07-24 08:00:00+05:30,2026-07-24,75,0.40157591026338346,26.59831969344923,1.1078796976196088,0.5969426666666667,0.5388154218813273
24,126.04,46.26,19.18,26.92,67.39,5.69,1.529,91.82,100.0,92.99,98.93,-47.95,-0.0,0.000322,2.5e-05,sirmour_260724_06_49.mp4,2026-07-24 06:45:00+05:30,2026-07-24 08:15:00+05:30,2026-07-24,90,0.40157591026338346,29.948919729030102,1.3230833805326114,0.6204126666666667,0.46891426178818574
24,126.04,46.26,19.18,26.92,67.39,5.69,1.529,91.82,100.0,92.99,98.93,-47.95,-0.0,0.000322,2.5e-05,sirmour_260724_06_49.mp4,2026-07-24 06:45:00+05:30,2026-07-24 08:30:00+05:30,2026-07-24,105,0.40157591026338346,33.31265523117557,1.538665621272412,1.1982086666666665,0.7787323315092971
24,126.04,46.26,19.18,26.92,67.39,5.69,1.529,91.82,100.0,92.99,98.93,-47.95,-0.0,0.000322,2.5e-05,sirmour_260724_06_49.mp4,2026-07-24 06:45:00+05:30,2026-07-24 08:45:00+05:30,2026-07-24,120,0.40157591026338346,36.68777323282416,1.7519006365079142,1.5009913333333336,0.8567788047187874
24,126.04,46.26,19.18,26.92,67.39,5.69,1.529,91.82,100.0,92.99,98.93,-47.95,-0.0,0.000322,2.5e-05,sirmour_260724_06_49.mp4,2026-07-24 06:45:00+05:30,2026-07-24 09:00:00+05:30,2026-07-24,135,0.40157591026338346,40.07263963048527,1.9604929147061483,0.8916373333333334,0.4548026298105637
24,126.04,46.26,19.18,26.92,67.39,5.69,1.529,91.82,100.0,92.99,98.93,-47.95,-0.0,0.000322,2.5e-05,sirmour_260724_06_49.mp4,2026-07-24 06:45:00+05:30,2026-07-24 09:15:00+05:30,2026-07-24,150,0.40157591026338346,43.46567601254041,2.1624752839906543,0.7686986666666668,0.35547165433868094
24,126.04,46.26,19.18,26.92,67.39,5.69,1.529,91.82,100.0,92.99,98.93,-47.95,-0.0,0.000322,2.5e-05,sirmour_260724_06_49.mp4,2026-07-24 06:45:00+05:30,2026-07-24 09:30:00+05:30,2026-07-24,165,0.40157591026338346,46.86529845055106,2.3561384935184013,0.950624,0.40346694500985864
24,126.04,46.26,19.18,26.92,67.39,5.69,1.529,91.82,100.0,92.99,98.93,-47.95,-0.0,0.000322,2.5e-05,sirmour_260724_06_49.mp4,2026-07-24 06:45:00+05:30,2026-07-24 09:45:00+05:30,2026-07-24,180,0.40157591026338346,50.269844048100936,2.53998232823286,0.9810706666666664,0.38625098126144286
24,126.04,46.26,19.18,26.92,67.39,5.69,1.529,91.82,100.0,92.99,98.93,-47.95,-0.0,0.000322,2.5e-05,sirmour_260724_06_49.mp4,2026-07-24 06:45:00+05:30,2026-07-24 10:00:00+05:30,2026-07-24,195,0.40157591026338346,53.67747226586764,2.712681570081224,2.1929760000000003,0.808416300750824
24,126.04,46.26,19.18,26.92,67.39,5.69,1.529,91.82,100.0,92.99,98.93,-47.95,-0.0,0.000322,2.5e-05,sirmour_260724_06_49.mp4,2026-07-24 06:45:00+05:30,2026-07-24 10:15:00+05:30,2026-07-24,210,0.40157591026338346,57.08601949806543,2.8730622646701858,1.8635513333333331,0.6486289407122404
24,126.04,46.26,19.18,26.92,67.39,5.69,1.529,91.82,100.0,92.99,98.93,-47.95,-0.0,0.000322,2.5e-05,sirmour_260724_06_49.mp4,2026-07-24 06:45:00+05:30,2026-07-24 10:30:00+05:30,2026-07-24,225,0.40157591026338346,60.49276227056958,3.0200850169186753,1.4171706666666666,0.4692486001975447
24,126.04,46.26,19.18,26.92,67.39,5.69,1.529,91.82,100.0,92.99,98.93,-47.95,-0.0,0.000322,2.5e-05,sirmour_260724_06_49.mp4,2026-07-24 06:45:00+05:30,2026-07-24 10:45:00+05:30,2026-07-24,240,0.40157591026338346,63.89400687334388,3.1528332669518524,1.8825233333333333,0.5970894030667692
24,140.64,39.23,26.75,14.96,70.21,14.82,5.331,80.49,94.97,98.34,77.86,-5.61,-7.2e-05,0.047424,0.080118,SIRMOUR_2026-07-24_08-15-00.webm,2026-07-24 08:15:00+05:30,2026-07-24 08:30:00+05:30,2026-07-24,15,0.5294378289345367,33.31265523117557,1.538665621272412,1.1982086666666665,0.7787323315092971
24,140.64,39.23,26.75,14.96,70.21,14.82,5.331,80.49,94.97,98.34,77.86,-5.61,-7.2e-05,0.047424,0.080118,SIRMOUR_2026-07-24_08-15-00.webm,2026-07-24 08:15:00+05:30,2026-07-24 08:45:00+05:30,2026-07-24,30,0.5294378289345367,36.68777323282416,1.7519006365079142,1.5009913333333336,0.8567788047187874
24,140.64,39.23,26.75,14.96,70.21,14.82,5.331,80.49,94.97,98.34,77.86,-5.61,-7.2e-05,0.047424,0.080118,SIRMOUR_2026-07-24_08-15-00.webm,2026-07-24 08:15:00+05:30,2026-07-24 09:00:00+05:30,2026-07-24,45,0.5294378289345367,40.07263963048527,1.9604929147061483,0.8916373333333334,0.4548026298105637
24,140.64,39.23,26.75,14.96,70.21,14.82,5.331,80.49,94.97,98.34,77.86,-5.61,-7.2e-05,0.047424,0.080118,SIRMOUR_2026-07-24_08-15-00.webm,2026-07-24 08:15:00+05:30,2026-07-24 09:15:00+05:30,2026-07-24,60,0.5294378289345367,43.46567601254041,2.1624752839906543,0.7686986666666668,0.35547165433868094
24,140.64,39.23,26.75,14.96,70.21,14.82,5.331,80.49,94.97,98.34,77.86,-5.61,-7.2e-05,0.047424,0.080118,SIRMOUR_2026-07-24_08-15-00.webm,2026-07-24 08:15:00+05:30,2026-07-24 09:30:00+05:30,2026-07-24,75,0.5294378289345367,46.86529845055106,2.3561384935184013,0.950624,0.40346694500985864
24,140.64,39.23,26.75,14.96,70.21,14.82,5.331,80.49,94.97,98.34,77.86,-5.61,-7.2e-05,0.047424,0.080118,SIRMOUR_2026-07-24_08-15-00.webm,2026-07-24 08:15:00+05:30,2026-07-24 09:45:00+05:30,2026-07-24,90,0.5294378289345367,50.269844048100936,2.53998232823286,0.9810706666666664,0.38625098126144286
24,140.64,39.23,26.75,14.96,70.21,14.82,5.331,80.49,94.97,98.34,77.86,-5.61,-7.2e-05,0.047424,0.080118,SIRMOUR_2026-07-24_08-15-00.webm,2026-07-24 08:15:00+05:30,2026-07-24 10:00:00+05:30,2026-07-24,105,0.5294378289345367,53.67747226586764,2.712681570081224,2.1929760000000003,0.808416300750824
24,140.64,39.23,26.75,14.96,70.21,14.82,5.331,80.49,94.97,98.34,77.86,-5.61,-7.2e-05,0.047424,0.080118,SIRMOUR_2026-07-24_08-15-00.webm,2026-07-24 08:15:00+05:30,2026-07-24 10:15:00+05:30,2026-07-24,120,0.5294378289345367,57.08601949806543,2.8730622646701858,1.8635513333333331,0.6486289407122404
24,140.64,39.23,26.75,14.96,70.21,14.82,5.331,80.49,94.97,98.34,77.86,-5.61,-7.2e-05,0.047424,0.080118,SIRMOUR_2026-07-24_08-15-00.webm,2026-07-24 08:15:00+05:30,2026-07-24 10:30:00+05:30,2026-07-24,135,0.5294378289345367,60.49276227056958,3.0200850169186753,1.4171706666666666,0.4692486001975447
24,140.64,39.23,26.75,14.96,70.21,14.82,5.331,80.49,94.97,98.34,77.86,-5.61,-7.2e-05,0.047424,0.080118,SIRMOUR_2026-07-24_08-15-00.webm,2026-07-24 08:15:00+05:30,2026-07-24 10:45:00+05:30,2026-07-24,150,0.5294378289345367,63.89400687334388,3.1528332669518524,1.8825233333333333,0.5970894030667692
24,140.64,39.23,26.75,14.96,70.21,14.82,5.331,80.49,94.97,98.34,77.86,-5.61,-7.2e-05,0.047424,0.080118,SIRMOUR_2026-07-24_08-15-00.webm,2026-07-24 08:15:00+05:30,2026-07-24 11:00:00+05:30,2026-07-24,165,0.5294378289345367,67.28432660856717,3.2705051224032187,0.6435073333333333,0.1967608394572622
24,140.64,39.23,26.75,14.96,70.21,14.82,5.331,80.49,94.97,98.34,77.86,-5.61,-7.2e-05,0.047424,0.080118,SIRMOUR_2026-07-24_08-15-00.webm,2026-07-24 08:15:00+05:30,2026-07-24 11:15:00+05:30,2026-07-24,180,0.5294378289345367,70.65502074780451,3.3724076057125365,0.9106833333333332,0.2700395206649168
24,140.64,39.23,26.75,14.96,70.21,14.82,5.331,80.49,94.97,98.34,77.86,-5.61,-7.2e-05,0.047424,0.080118,SIRMOUR_2026-07-24_08-15-00.webm,2026-07-24 08:15:00+05:30,2026-07-24 11:30:00+05:30,2026-07-24,195,0.5294378289345367,73.99069688049556,3.4579526753618093,1.7020393333333335,0.49221012926535995
24,140.64,39.23,26.75,14.96,70.21,14.82,5.331,80.49,94.97,98.34,77.86,-5.61,-7.2e-05,0.047424,0.080118,SIRMOUR_2026-07-24_08-15-00.webm,2026-07-24 08:15:00+05:30,2026-07-24 11:45:00+05:30,2026-07-24,210,0.5294378289345367,77.26074422152703,3.5266545499508934,1.7612066666666666,0.4993986912302455
24,140.64,39.23,26.75,14.96,70.21,14.82,5.331,80.49,94.97,98.34,77.86,-5.61,-7.2e-05,0.047424,0.080118,SIRMOUR_2026-07-24_08-15-00.webm,2026-07-24 08:15:00+05:30,2026-07-24 12:00:00+05:30,2026-07-24,225,0.5294378289345367,80.39467651776773,3.5781279315919647,1.9171393333333333,0.5357939598544114
24,140.64,39.23,26.75,14.96,70.21,14.82,5.331,80.49,94.97,98.34,77.86,-5.61,-7.2e-05,0.047424,0.080118,SIRMOUR_2026-07-24_08-15-00.webm,2026-07-24 08:15:00+05:30,2026-07-24 12:15:00+05:30,2026-07-24,240,0.5294378289345367,83.1982299788912,3.6120870861823344,2.983617333333334,0.8260092467722756
24,122.56,48.13,18.48,30.65,63.74,5.61,1.417,91.82,100.0,92.99,98.93,-56.13,0.0,0.000749,5.1e-05,sirmour_260724_08_19.mp4,2026-07-24 08:15:00+05:30,2026-07-24 08:30:00+05:30,2026-07-24,15,0.5294378289345367,33.31265523117557,1.538665621272412,1.1982086666666665,0.7787323315092971
24,122.56,48.13,18.48,30.65,63.74,5.61,1.417,91.82,100.0,92.99,98.93,-56.13,0.0,0.000749,5.1e-05,sirmour_260724_08_19.mp4,2026-07-24 08:15:00+05:30,2026-07-24 08:45:00+05:30,2026-07-24,30,0.5294378289345367,36.68777323282416,1.7519006365079142,1.5009913333333336,0.8567788047187874
24,122.56,48.13,18.48,30.65,63.74,5.61,1.417,91.82,100.0,92.99,98.93,-56.13,0.0,0.000749,5.1e-05,sirmour_260724_08_19.mp4,2026-07-24 08:15:00+05:30,2026-07-24 09:00:00+05:30,2026-07-24,45,0.5294378289345367,40.07263963048527,1.9604929147061483,0.8916373333333334,0.4548026298105637
24,122.56,48.13,18.48,30.65,63.74,5.61,1.417,91.82,100.0,92.99,98.93,-56.13,0.0,0.000749,5.1e-05,sirmour_260724_08_19.mp4,2026-07-24 08:15:00+05:30,2026-07-24 09:15:00+05:30,2026-07-24,60,0.5294378289345367,43.46567601254041,2.1624752839906543,0.7686986666666668,0.35547165433868094
24,122.56,48.13,18.48,30.65,63.74,5.61,1.417,91.82,100.0,92.99,98.93,-56.13,0.0,0.000749,5.1e-05,sirmour_260724_08_19.mp4,2026-07-24 08:15:00+05:30,2026-07-24 09:30:00+05:30,2026-07-24,75,0.5294378289345367,46.86529845055106,2.3561384935184013,0.950624,0.40346694500985864
24,122.56,48.13,18.48,30.65,63.74,5.61,1.417,91.82,100.0,92.99,98.93,-56.13,0.0,0.000749,5.1e-05,sirmour_260724_08_19.mp4,2026-07-24 08:15:00+05:30,2026-07-24 09:45:00+05:30,2026-07-24,90,0.5294378289345367,50.269844048100936,2.53998232823286,0.9810706666666664,0.38625098126144286
24,122.56,48.13,18.48,30.65,63.74,5.61,1.417,91.82,100.0,92.99,98.93,-56.13,0.0,0.000749,5.1e-05,sirmour_260724_08_19.mp4,2026-07-24 08:15:00+05:30,2026-07-24 10:00:00+05:30,2026-07-24,105,0.5294378289345367,53.67747226586764,2.712681570081224,2.1929760000000003,0.808416300750824
24,122.56,48.13,18.48,30.65,63.74,5.61,1.417,91.82,100.0,92.99,98.93,-56.13,0.0,0.000749,5.1e-05,sirmour_260724_08_19.mp4,2026-07-24 08:15:00+05:30,2026-07-24 10:15:00+05:30,2026-07-24,120,0.5294378289345367,57.08601949806543,2.8730622646701858,1.8635513333333331,0.6486289407122404
24,122.56,48.13,18.48,30.65,63.74,5.61,1.417,91.82,100.0,92.99,98.93,-56.13,0.0,0.000749,5.1e-05,sirmour_260724_08_19.mp4,2026-07-24 08:15:00+05:30,2026-07-24 10:30:00+05:30,2026-07-24,135,0.5294378289345367,60.49276227056958,3.0200850169186753,1.4171706666666666,0.4692486001975447
24,122.56,48.13,18.48,30.65,63.74,5.61,1.417,91.82,100.0,92.99,98.93,-56.13,0.0,0.000749,5.1e-05,sirmour_260724_08_19.mp4,2026-07-24 08:15:00+05:30,2026-07-24 10:45:00+05:30,2026-07-24,150,0.5294378289345367,63.89400687334388,3.1528332669518524,1.8825233333333333,0.5970894030667692
24,122.56,48.13,18.48,30.65,63.74,5.61,1.417,91.82,100.0,92.99,98.93,-56.13,0.0,0.000749,5.1e-05,sirmour_260724_08_19.mp4,2026-07-24 08:15:00+05:30,2026-07-24 11:00:00+05:30,2026-07-24,165,0.5294378289345367,67.28432660856717,3.2705051224032187,0.6435073333333333,0.1967608394572622
24,122.56,48.13,18.48,30.65,63.74,5.61,1.417,91.82,100.0,92.99,98.93,-56.13,0.0,0.000749,5.1e-05,sirmour_260724_08_19.mp4,2026-07-24 08:15:00+05:30,2026-07-24 11:15:00+05:30,2026-07-24,180,0.5294378289345367,70.65502074780451,3.3724076057125365,0.9106833333333332,0.2700395206649168
24,122.56,48.13,18.48,30.65,63.74,5.61,1.417,91.82,100.0,92.99,98.93,-56.13,0.0,0.000749,5.1e-05,sirmour_260724_08_19.mp4,2026-07-24 08:15:00+05:30,2026-07-24 11:30:00+05:30,2026-07-24,195,0.5294378289345367,73.99069688049556,3.4579526753618093,1.7020393333333335,0.49221012926535995
24,122.56,48.13,18.48,30.65,63.74,5.61,1.417,91.82,100.0,92.99,98.93,-56.13,0.0,0.000749,5.1e-05,sirmour_260724_08_19.mp4,2026-07-24 08:15:00+05:30,2026-07-24 11:45:00+05:30,2026-07-24,210,0.5294378289345367,77.26074422152703,3.5266545499508934,1.7612066666666666,0.4993986912302455
24,122.56,48.13,18.48,30.65,63.74,5.61,1.417,91.82,100.0,92.99,98.93,-56.13,0.0,0.000749,5.1e-05,sirmour_260724_08_19.mp4,2026-07-24 08:15:00+05:30,2026-07-24 12:00:00+05:30,2026-07-24,225,0.5294378289345367,80.39467651776773,3.5781279315919647,1.9171393333333333,0.5357939598544114
24,122.56,48.13,18.48,30.65,63.74,5.61,1.417,91.82,100.0,92.99,98.93,-56.13,0.0,0.000749,5.1e-05,sirmour_260724_08_19.mp4,2026-07-24 08:15:00+05:30,2026-07-24 12:15:00+05:30,2026-07-24,240,0.5294378289345367,83.1982299788912,3.6120870861823344,2.983617333333334,0.8260092467722756
24,124.95,84.45,18.91,36.8,38.4,24.8,2.312,0.0,5.56,2.03,3.66,-24.47,0.0,0.003262,0.000421,SIRMOUR_2026-07-24_09-45-00.webm,2026-07-24 09:45:00+05:30,2026-07-24 10:00:00+05:30,2026-07-24,15,0.39999805260513654,53.67747226586764,2.712681570081224,2.1929760000000003,0.808416300750824
24,124.95,84.45,18.91,36.8,38.4,24.8,2.312,0.0,5.56,2.03,3.66,-24.47,0.0,0.003262,0.000421,SIRMOUR_2026-07-24_09-45-00.webm,2026-07-24 09:45:00+05:30,2026-07-24 10:15:00+05:30,2026-07-24,30,0.39999805260513654,57.08601949806543,2.8730622646701858,1.8635513333333331,0.6486289407122404
24,124.95,84.45,18.91,36.8,38.4,24.8,2.312,0.0,5.56,2.03,3.66,-24.47,0.0,0.003262,0.000421,SIRMOUR_2026-07-24_09-45-00.webm,2026-07-24 09:45:00+05:30,2026-07-24 10:30:00+05:30,2026-07-24,45,0.39999805260513654,60.49276227056958,3.0200850169186753,1.4171706666666666,0.4692486001975447
24,124.95,84.45,18.91,36.8,38.4,24.8,2.312,0.0,5.56,2.03,3.66,-24.47,0.0,0.003262,0.000421,SIRMOUR_2026-07-24_09-45-00.webm,2026-07-24 09:45:00+05:30,2026-07-24 10:45:00+05:30,2026-07-24,60,0.39999805260513654,63.89400687334388,3.1528332669518524,1.8825233333333333,0.5970894030667692
24,124.95,84.45,18.91,36.8,38.4,24.8,2.312,0.0,5.56,2.03,3.66,-24.47,0.0,0.003262,0.000421,SIRMOUR_2026-07-24_09-45-00.webm,2026-07-24 09:45:00+05:30,2026-07-24 11:00:00+05:30,2026-07-24,75,0.39999805260513654,67.28432660856717,3.2705051224032187,0.6435073333333333,0.1967608394572622
24,124.95,84.45,18.91,36.8,38.4,24.8,2.312,0.0,5.56,2.03,3.66,-24.47,0.0,0.003262,0.000421,SIRMOUR_2026-07-24_09-45-00.webm,2026-07-24 09:45:00+05:30,2026-07-24 11:15:00+05:30,2026-07-24,90,0.39999805260513654,70.65502074780451,3.3724076057125365,0.9106833333333332,0.2700395206649168
24,124.95,84.45,18.91,36.8,38.4,24.8,2.312,0.0,5.56,2.03,3.66,-24.47,0.0,0.003262,0.000421,SIRMOUR_2026-07-24_09-45-00.webm,2026-07-24 09:45:00+05:30,2026-07-24 11:30:00+05:30,2026-07-24,105,0.39999805260513654,73.99069688049556,3.4579526753618093,1.7020393333333335,0.49221012926535995
24,124.95,84.45,18.91,36.8,38.4,24.8,2.312,0.0,5.56,2.03,3.66,-24.47,0.0,0.003262,0.000421,SIRMOUR_2026-07-24_09-45-00.webm,2026-07-24 09:45:00+05:30,2026-07-24 11:45:00+05:30,2026-07-24,120,0.39999805260513654,77.26074422152703,3.5266545499508934,1.7612066666666666,0.4993986912302455
24,124.95,84.45,18.91,36.8,38.4,24.8,2.312,0.0,5.56,2.03,3.66,-24.47,0.0,0.003262,0.000421,SIRMOUR_2026-07-24_09-45-00.webm,2026-07-24 09:45:00+05:30,2026-07-24 12:00:00+05:30,2026-07-24,135,0.39999805260513654,80.39467651776773,3.5781279315919647,1.9171393333333333,0.5357939598544114
24,124.95,84.45,18.91,36.8,38.4,24.8,2.312,0.0,5.56,2.03,3.66,-24.47,0.0,0.003262,0.000421,SIRMOUR_2026-07-24_09-45-00.webm,2026-07-24 09:45:00+05:30,2026-07-24 12:15:00+05:30,2026-07-24,150,0.39999805260513654,83.1982299788912,3.6120870861823344,2.983617333333334,0.8260092467722756
24,124.95,84.45,18.91,36.8,38.4,24.8,2.312,0.0,5.56,2.03,3.66,-24.47,0.0,0.003262,0.000421,SIRMOUR_2026-07-24_09-45-00.webm,2026-07-24 09:45:00+05:30,2026-07-24 12:30:00+05:30,2026-07-24,165,0.39999805260513654,85.06804841175006,3.6283460715088087,1.1813746666666665,0.325595917088307
24,124.95,84.45,18.91,36.8,38.4,24.8,2.312,0.0,5.56,2.03,3.66,-24.47,0.0,0.003262,0.000421,SIRMOUR_2026-07-24_09-45-00.webm,2026-07-24 09:45:00+05:30,2026-07-24 12:45:00+05:30,2026-07-24,180,0.39999805260513654,84.85633281737421,3.6268186124271535,0.7780826666666666,0.21453586457304383
24,124.95,84.45,18.91,36.8,38.4,24.8,2.312,0.0,5.56,2.03,3.66,-24.47,0.0,0.003262,0.000421,SIRMOUR_2026-07-24_09-45-00.webm,2026-07-24 09:45:00+05:30,2026-07-24 13:00:00+05:30,2026-07-24,195,0.39999805260513654,82.74304995494451,3.607511754718791,0.9116233333333332,0.2527014172970852
24,124.95,84.45,18.91,36.8,38.4,24.8,2.312,0.0,5.56,2.03,3.66,-24.47,0.0,0.003262,0.000421,SIRMOUR_2026-07-24_09-45-00.webm,2026-07-24 09:45:00+05:30,2026-07-24 13:15:00+05:30,2026-07-24,210,0.39999805260513654,79.8547133307617,3.570527114611644,0.8767086666666667,0.2455404030063006
24,124.95,84.45,18.91,36.8,38.4,24.8,2.312,0.0,5.56,2.03,3.66,-24.47,0.0,0.003262,0.000421,SIRMOUR_2026-07-24_09-45-00.webm,2026-07-24 09:45:00+05:30,2026-07-24 13:30:00+05:30,2026-07-24,225,0.39999805260513654,76.68769880172587,3.516066363158952,0.8086213333333333,0.229978973606983
24,124.95,84.45,18.91,36.8,38.4,24.8,2.312,0.0,5.56,2.03,3.66,-24.47,0.0,0.003262,0.000421,SIRMOUR_2026-07-24_09-45-00.webm,2026-07-24 09:45:00+05:30,2026-07-24 13:45:00+05:30,2026-07-24,240,0.39999805260513654,73.4021431387214,3.444430850273234,0.8247046666666668,0.23943133205918357
24,122.39,48.16,19.31,30.84,63.48,5.67,1.561,91.88,100.0,93.04,98.93,-55.86,5e-06,0.000531,3.8e-05,sirmour_260724_09_49.mp4,2026-07-24 09:45:00+05:30,2026-07-24 10:00:00+05:30,2026-07-24,15,0.39999805260513654,53.67747226586764,2.712681570081224,2.1929760000000003,0.808416300750824
24,122.39,48.16,19.31,30.84,63.48,5.67,1.561,91.88,100.0,93.04,98.93,-55.86,5e-06,0.000531,3.8e-05,sirmour_260724_09_49.mp4,2026-07-24 09:45:00+05:30,2026-07-24 10:15:00+05:30,2026-07-24,30,0.39999805260513654,57.08601949806543,2.8730622646701858,1.8635513333333331,0.6486289407122404
24,122.39,48.16,19.31,30.84,63.48,5.67,1.561,91.88,100.0,93.04,98.93,-55.86,5e-06,0.000531,3.8e-05,sirmour_260724_09_49.mp4,2026-07-24 09:45:00+05:30,2026-07-24 10:30:00+05:30,2026-07-24,45,0.39999805260513654,60.49276227056958,3.0200850169186753,1.4171706666666666,0.4692486001975447
24,122.39,48.16,19.31,30.84,63.48,5.67,1.561,91.88,100.0,93.04,98.93,-55.86,5e-06,0.000531,3.8e-05,sirmour_260724_09_49.mp4,2026-07-24 09:45:00+05:30,2026-07-24 10:45:00+05:30,2026-07-24,60,0.39999805260513654,63.89400687334388,3.1528332669518524,1.8825233333333333,0.5970894030667692
24,122.39,48.16,19.31,30.84,63.48,5.67,1.561,91.88,100.0,93.04,98.93,-55.86,5e-06,0.000531,3.8e-05,sirmour_260724_09_49.mp4,2026-07-24 09:45:00+05:30,2026-07-24 11:00:00+05:30,2026-07-24,75,0.39999805260513654,67.28432660856717,3.2705051224032187,0.6435073333333333,0.1967608394572622
24,122.39,48.16,19.31,30.84,63.48,5.67,1.561,91.88,100.0,93.04,98.93,-55.86,5e-06,0.000531,3.8e-05,sirmour_260724_09_49.mp4,2026-07-24 09:45:00+05:30,2026-07-24 11:15:00+05:30,2026-07-24,90,0.39999805260513654,70.65502074780451,3.3724076057125365,0.9106833333333332,0.2700395206649168
24,122.39,48.16,19.31,30.84,63.48,5.67,1.561,91.88,100.0,93.04,98.93,-55.86,5e-06,0.000531,3.8e-05,sirmour_260724_09_49.mp4,2026-07-24 09:45:00+05:30,2026-07-24 11:30:00+05:30,2026-07-24,105,0.39999805260513654,73.99069688049556,3.4579526753618093,1.7020393333333335,0.49221012926535995
24,122.39,48.16,19.31,30.84,63.48,5.67,1.561,91.88,100.0,93.04,98.93,-55.86,5e-06,0.000531,3.8e-05,sirmour_260724_09_49.mp4,2026-07-24 09:45:00+05:30,2026-07-24 11:45:00+05:30,2026-07-24,120,0.39999805260513654,77.26074422152703,3.5266545499508934,1.7612066666666666,0.4993986912302455
24,122.39,48.16,19.31,30.84,63.48,5.67,1.561,91.88,100.0,93.04,98.93,-55.86,5e-06,0.000531,3.8e-05,sirmour_260724_09_49.mp4,2026-07-24 09:45:00+05:30,2026-07-24 12:00:00+05:30,2026-07-24,135,0.39999805260513654,80.39467651776773,3.5781279315919647,1.9171393333333333,0.5357939598544114
24,122.39,48.16,19.31,30.84,63.48,5.67,1.561,91.88,100.0,93.04,98.93,-55.86,5e-06,0.000531,3.8e-05,sirmour_260724_09_49.mp4,2026-07-24 09:45:00+05:30,2026-07-24 12:15:00+05:30,2026-07-24,150,0.39999805260513654,83.1982299788912,3.6120870861823344,2.983617333333334,0.8260092467722756
24,122.39,48.16,19.31,30.84,63.48,5.67,1.561,91.88,100.0,93.04,98.93,-55.86,5e-06,0.000531,3.8e-05,sirmour_260724_09_49.mp4,2026-07-24 09:45:00+05:30,2026-07-24 12:30:00+05:30,2026-07-24,165,0.39999805260513654,85.06804841175006,3.6283460715088087,1.1813746666666665,0.325595917088307
24,122.39,48.16,19.31,30.84,63.48,5.67,1.561,91.88,100.0,93.04,98.93,-55.86,5e-06,0.000531,3.8e-05,sirmour_260724_09_49.mp4,2026-07-24 09:45:00+05:30,2026-07-24 12:45:00+05:30,2026-07-24,180,0.39999805260513654,84.85633281737421,3.6268186124271535,0.7780826666666666,0.21453586457304383
24,122.39,48.16,19.31,30.84,63.48,5.67,1.561,91.88,100.0,93.04,98.93,-55.86,5e-06,0.000531,3.8e-05,sirmour_260724_09_49.mp4,2026-07-24 09:45:00+05:30,2026-07-24 13:00:00+05:30,2026-07-24,195,0.39999805260513654,82.74304995494451,3.607511754718791,0.9116233333333332,0.2527014172970852
24,122.39,48.16,19.31,30.84,63.48,5.67,1.561,91.88,100.0,93.04,98.93,-55.86,5e-06,0.000531,3.8e-05,sirmour_260724_09_49.mp4,2026-07-24 09:45:00+05:30,2026-07-24 13:15:00+05:30,2026-07-24,210,0.39999805260513654,79.8547133307617,3.570527114611644,0.8767086666666667,0.2455404030063006
24,122.39,48.16,19.31,30.84,63.48,5.67,1.561,91.88,100.0,93.04,98.93,-55.86,5e-06,0.000531,3.8e-05,sirmour_260724_09_49.mp4,2026-07-24 09:45:00+05:30,2026-07-24 13:30:00+05:30,2026-07-24,225,0.39999805260513654,76.68769880172587,3.516066363158952,0.8086213333333333,0.229978973606983
24,122.39,48.16,19.31,30.84,63.48,5.67,1.561,91.88,100.0,93.04,98.93,-55.86,5e-06,0.000531,3.8e-05,sirmour_260724_09_49.mp4,2026-07-24 09:45:00+05:30,2026-07-24 13:45:00+05:30,2026-07-24,240,0.39999805260513654,73.4021431387214,3.444430850273234,0.8247046666666668,0.23943133205918357
24,166.03,42.65,22.15,7.52,61.42,31.05,4.878,97.2,79.89,90.88,85.8,4.05,0.0,0.096156,0.637532,SIRMOUR_2026-07-24_11-15-00.webm,2026-07-24 11:15:00+05:30,2026-07-24 11:30:00+05:30,2026-07-24,15,0.38328459084662325,73.99069688049556,3.4579526753618093,1.7020393333333335,0.49221012926535995
24,166.03,42.65,22.15,7.52,61.42,31.05,4.878,97.2,79.89,90.88,85.8,4.05,0.0,0.096156,0.637532,SIRMOUR_2026-07-24_11-15-00.webm,2026-07-24 11:15:00+05:30,2026-07-24 11:45:00+05:30,2026-07-24,30,0.38328459084662325,77.26074422152703,3.5266545499508934,1.7612066666666666,0.4993986912302455
24,166.03,42.65,22.15,7.52,61.42,31.05,4.878,97.2,79.89,90.88,85.8,4.05,0.0,0.096156,0.637532,SIRMOUR_2026-07-24_11-15-00.webm,2026-07-24 11:15:00+05:30,2026-07-24 12:00:00+05:30,2026-07-24,45,0.38328459084662325,80.39467651776773,3.5781279315919647,1.9171393333333333,0.5357939598544114
24,166.03,42.65,22.15,7.52,61.42,31.05,4.878,97.2,79.89,90.88,85.8,4.05,0.0,0.096156,0.637532,SIRMOUR_2026-07-24_11-15-00.webm,2026-07-24 11:15:00+05:30,2026-07-24 12:15:00+05:30,2026-07-24,60,0.38328459084662325,83.1982299788912,3.6120870861823344,2.983617333333334,0.8260092467722756
24,166.03,42.65,22.15,7.52,61.42,31.05,4.878,97.2,79.89,90.88,85.8,4.05,0.0,0.096156,0.637532,SIRMOUR_2026-07-24_11-15-00.webm,2026-07-24 11:15:00+05:30,2026-07-24 12:30:00+05:30,2026-07-24,75,0.38328459084662325,85.06804841175006,3.6283460715088087,1.1813746666666665,0.325595917088307
24,166.03,42.65,22.15,7.52,61.42,31.05,4.878,97.2,79.89,90.88,85.8,4.05,0.0,0.096156,0.637532,SIRMOUR_2026-07-24_11-15-00.webm,2026-07-24 11:15:00+05:30,2026-07-24 12:45:00+05:30,2026-07-24,90,0.38328459084662325,84.85633281737421,3.6268186124271535,0.7780826666666666,0.21453586457304383
24,166.03,42.65,22.15,7.52,61.42,31.05,4.878,97.2,79.89,90.88,85.8,4.05,0.0,0.096156,0.637532,SIRMOUR_2026-07-24_11-15-00.webm,2026-07-24 11:15:00+05:30,2026-07-24 13:00:00+05:30,2026-07-24,105,0.38328459084662325,82.74304995494451,3.607511754718791,0.9116233333333332,0.2527014172970852
24,166.03,42.65,22.15,7.52,61.42,31.05,4.878,97.2,79.89,90.88,85.8,4.05,0.0,0.096156,0.637532,SIRMOUR_2026-07-24_11-15-00.webm,2026-07-24 11:15:00+05:30,2026-07-24 13:15:00+05:30,2026-07-24,120,0.38328459084662325,79.8547133307617,3.570527114611644,0.8767086666666667,0.2455404030063006
24,166.03,42.65,22.15,7.52,61.42,31.05,4.878,97.2,79.89,90.88,85.8,4.05,0.0,0.096156,0.637532,SIRMOUR_2026-07-24_11-15-00.webm,2026-07-24 11:15:00+05:30,2026-07-24 13:30:00+05:30,2026-07-24,135,0.38328459084662325,76.68769880172587,3.516066363158952,0.8086213333333333,0.229978973606983
24,166.03,42.65,22.15,7.52,61.42,31.05,4.878,97.2,79.89,90.88,85.8,4.05,0.0,0.096156,0.637532,SIRMOUR_2026-07-24_11-15-00.webm,2026-07-24 11:15:00+05:30,2026-07-24 13:45:00+05:30,2026-07-24,150,0.38328459084662325,73.4021431387214,3.444430850273234,0.8247046666666668,0.23943133205918357
24,166.03,42.65,22.15,7.52,61.42,31.05,4.878,97.2,79.89,90.88,85.8,4.05,0.0,0.096156,0.637532,SIRMOUR_2026-07-24_11-15-00.webm,2026-07-24 11:15:00+05:30,2026-07-24 14:00:00+05:30,2026-07-24,165,0.38328459084662325,70.05810365120568,3.356021612059029,0.4724813333333333,0.14078614143472412
24,166.03,42.65,22.15,7.52,61.42,31.05,4.878,97.2,79.89,90.88,85.8,4.05,0.0,0.096156,0.637532,SIRMOUR_2026-07-24_11-15-00.webm,2026-07-24 11:15:00+05:30,2026-07-24 14:15:00+05:30,2026-07-24,180,0.38328459084662325,66.68241724442785,3.2513404567124824,0.5437213333333334,0.1672298981211905
24,166.03,42.65,22.15,7.52,61.42,31.05,4.878,97.2,79.89,90.88,85.8,4.05,0.0,0.096156,0.637532,SIRMOUR_2026-07-24_11-15-00.webm,2026-07-24 11:15:00+05:30,2026-07-24 14:30:00+05:30,2026-07-24,195,0.38328459084662325,63.28888526018747,3.130991901951119,0.8826900000000001,0.28192024369336127
24,166.03,42.65,22.15,7.52,61.42,31.05,4.878,97.2,79.89,90.88,85.8,4.05,0.0,0.096156,0.637532,SIRMOUR_2026-07-24_11-15-00.webm,2026-07-24 11:15:00+05:30,2026-07-24 14:45:00+05:30,2026-07-24,210,0.38328459084662325,59.88545347757221,2.9956860555109057,0.854542,0.28525752838084373
24,166.03,42.65,22.15,7.52,61.42,31.05,4.878,97.2,79.89,90.88,85.8,4.05,0.0,0.096156,0.637532,SIRMOUR_2026-07-24_11-15-00.webm,2026-07-24 11:15:00+05:30,2026-07-24 15:00:00+05:30,2026-07-24,225,0.38328459084662325,56.47715674600148,2.846242875997592,0.8360266666666667,0.29372991100544926
24,166.03,42.65,22.15,7.52,61.42,31.05,4.878,97.2,79.89,90.88,85.8,4.05,0.0,0.096156,0.637532,SIRMOUR_2026-07-24_11-15-00.webm,2026-07-24 11:15:00+05:30,2026-07-24 15:15:00+05:30,2026-07-24,240,0.38328459084662325,53.06747121521807,2.683598319745981,0.8623200000000001,0.32132975850186996
24,122.33,48.3,19.38,30.8,63.53,5.68,1.51,91.93,100.0,93.04,98.98,-55.78,-1e-06,0.000612,8.1e-05,sirmour_260724_11_19.mp4,2026-07-24 11:15:00+05:30,2026-07-24 11:30:00+05:30,2026-07-24,15,0.38328459084662325,73.99069688049556,3.4579526753618093,1.7020393333333335,0.49221012926535995
24,122.33,48.3,19.38,30.8,63.53,5.68,1.51,91.93,100.0,93.04,98.98,-55.78,-1e-06,0.000612,8.1e-05,sirmour_260724_11_19.mp4,2026-07-24 11:15:00+05:30,2026-07-24 11:45:00+05:30,2026-07-24,30,0.38328459084662325,77.26074422152703,3.5266545499508934,1.7612066666666666,0.4993986912302455
24,122.33,48.3,19.38,30.8,63.53,5.68,1.51,91.93,100.0,93.04,98.98,-55.78,-1e-06,0.000612,8.1e-05,sirmour_260724_11_19.mp4,2026-07-24 11:15:00+05:30,2026-07-24 12:00:00+05:30,2026-07-24,45,0.38328459084662325,80.39467651776773,3.5781279315919647,1.9171393333333333,0.5357939598544114
24,122.33,48.3,19.38,30.8,63.53,5.68,1.51,91.93,100.0,93.04,98.98,-55.78,-1e-06,0.000612,8.1e-05,sirmour_260724_11_19.mp4,2026-07-24 11:15:00+05:30,2026-07-24 12:15:00+05:30,2026-07-24,60,0.38328459084662325,83.1982299788912,3.6120870861823344,2.983617333333334,0.8260092467722756
24,122.33,48.3,19.38,30.8,63.53,5.68,1.51,91.93,100.0,93.04,98.98,-55.78,-1e-06,0.000612,8.1e-05,sirmour_260724_11_19.mp4,2026-07-24 11:15:00+05:30,2026-07-24 12:30:00+05:30,2026-07-24,75,0.38328459084662325,85.06804841175006,3.6283460715088087,1.1813746666666665,0.325595917088307
24,122.33,48.3,19.38,30.8,63.53,5.68,1.51,91.93,100.0,93.04,98.98,-55.78,-1e-06,0.000612,8.1e-05,sirmour_260724_11_19.mp4,2026-07-24 11:15:00+05:30,2026-07-24 12:45:00+05:30,2026-07-24,90,0.38328459084662325,84.85633281737421,3.6268186124271535,0.7780826666666666,0.21453586457304383
24,122.33,48.3,19.38,30.8,63.53,5.68,1.51,91.93,100.0,93.04,98.98,-55.78,-1e-06,0.000612,8.1e-05,sirmour_260724_11_19.mp4,2026-07-24 11:15:00+05:30,2026-07-24 13:00:00+05:30,2026-07-24,105,0.38328459084662325,82.74304995494451,3.607511754718791,0.9116233333333332,0.2527014172970852
24,122.33,48.3,19.38,30.8,63.53,5.68,1.51,91.93,100.0,93.04,98.98,-55.78,-1e-06,0.000612,8.1e-05,sirmour_260724_11_19.mp4,2026-07-24 11:15:00+05:30,2026-07-24 13:15:00+05:30,2026-07-24,120,0.38328459084662325,79.8547133307617,3.570527114611644,0.8767086666666667,0.2455404030063006
24,122.33,48.3,19.38,30.8,63.53,5.68,1.51,91.93,100.0,93.04,98.98,-55.78,-1e-06,0.000612,8.1e-05,sirmour_260724_11_19.mp4,2026-07-24 11:15:00+05:30,2026-07-24 13:30:00+05:30,2026-07-24,135,0.38328459084662325,76.68769880172587,3.516066363158952,0.8086213333333333,0.229978973606983
24,122.33,48.3,19.38,30.8,63.53,5.68,1.51,91.93,100.0,93.04,98.98,-55.78,-1e-06,0.000612,8.1e-05,sirmour_260724_11_19.mp4,2026-07-24 11:15:00+05:30,2026-07-24 13:45:00+05:30,2026-07-24,150,0.38328459084662325,73.4021431387214,3.444430850273234,0.8247046666666668,0.23943133205918357
24,122.33,48.3,19.38,30.8,63.53,5.68,1.51,91.93,100.0,93.04,98.98,-55.78,-1e-06,0.000612,8.1e-05,sirmour_260724_11_19.mp4,2026-07-24 11:15:00+05:30,2026-07-24 14:00:00+05:30,2026-07-24,165,0.38328459084662325,70.05810365120568,3.356021612059029,0.4724813333333333,0.14078614143472412
24,122.33,48.3,19.38,30.8,63.53,5.68,1.51,91.93,100.0,93.04,98.98,-55.78,-1e-06,0.000612,8.1e-05,sirmour_260724_11_19.mp4,2026-07-24 11:15:00+05:30,2026-07-24 14:15:00+05:30,2026-07-24,180,0.38328459084662325,66.68241724442785,3.2513404567124824,0.5437213333333334,0.1672298981211905
24,122.33,48.3,19.38,30.8,63.53,5.68,1.51,91.93,100.0,93.04,98.98,-55.78,-1e-06,0.000612,8.1e-05,sirmour_260724_11_19.mp4,2026-07-24 11:15:00+05:30,2026-07-24 14:30:00+05:30,2026-07-24,195,0.38328459084662325,63.28888526018747,3.130991901951119,0.8826900000000001,0.28192024369336127
24,122.33,48.3,19.38,30.8,63.53,5.68,1.51,91.93,100.0,93.04,98.98,-55.78,-1e-06,0.000612,8.1e-05,sirmour_260724_11_19.mp4,2026-07-24 11:15:00+05:30,2026-07-24 14:45:00+05:30,2026-07-24,210,0.38328459084662325,59.88545347757221,2.9956860555109057,0.854542,0.28525752838084373
24,122.33,48.3,19.38,30.8,63.53,5.68,1.51,91.93,100.0,93.04,98.98,-55.78,-1e-06,0.000612,8.1e-05,sirmour_260724_11_19.mp4,2026-07-24 11:15:00+05:30,2026-07-24 15:00:00+05:30,2026-07-24,225,0.38328459084662325,56.47715674600148,2.846242875997592,0.8360266666666667,0.29372991100544926
24,122.33,48.3,19.38,30.8,63.53,5.68,1.51,91.93,100.0,93.04,98.98,-55.78,-1e-06,0.000612,8.1e-05,sirmour_260724_11_19.mp4,2026-07-24 11:15:00+05:30,2026-07-24 15:15:00+05:30,2026-07-24,240,0.38328459084662325,53.06747121521807,2.683598319745981,0.8623200000000001,0.32132975850186996
24,159.96,41.76,24.88,9.14,66.34,24.53,5.365,92.9,95.77,95.48,93.3,4.98,0.009158,0.165652,1.654343,SIRMOUR_2026-07-24_12-45-20.webm,2026-07-24 12:45:00+05:30,2026-07-24 13:00:00+05:30,2026-07-24,15,0.4754837470720094,82.74304995494451,3.607511754718791,0.9116233333333332,0.2527014172970852
24,159.96,41.76,24.88,9.14,66.34,24.53,5.365,92.9,95.77,95.48,93.3,4.98,0.009158,0.165652,1.654343,SIRMOUR_2026-07-24_12-45-20.webm,2026-07-24 12:45:00+05:30,2026-07-24 13:15:00+05:30,2026-07-24,30,0.4754837470720094,79.8547133307617,3.570527114611644,0.8767086666666667,0.2455404030063006
24,159.96,41.76,24.88,9.14,66.34,24.53,5.365,92.9,95.77,95.48,93.3,4.98,0.009158,0.165652,1.654343,SIRMOUR_2026-07-24_12-45-20.webm,2026-07-24 12:45:00+05:30,2026-07-24 13:30:00+05:30,2026-07-24,45,0.4754837470720094,76.68769880172587,3.516066363158952,0.8086213333333333,0.229978973606983
24,159.96,41.76,24.88,9.14,66.34,24.53,5.365,92.9,95.77,95.48,93.3,4.98,0.009158,0.165652,1.654343,SIRMOUR_2026-07-24_12-45-20.webm,2026-07-24 12:45:00+05:30,2026-07-24 13:45:00+05:30,2026-07-24,60,0.4754837470720094,73.4021431387214,3.444430850273234,0.8247046666666668,0.23943133205918357
24,159.96,41.76,24.88,9.14,66.34,24.53,5.365,92.9,95.77,95.48,93.3,4.98,0.009158,0.165652,1.654343,SIRMOUR_2026-07-24_12-45-20.webm,2026-07-24 12:45:00+05:30,2026-07-24 14:00:00+05:30,2026-07-24,75,0.4754837470720094,70.05810365120568,3.356021612059029,0.4724813333333333,0.14078614143472412
24,159.96,41.76,24.88,9.14,66.34,24.53,5.365,92.9,95.77,95.48,93.3,4.98,0.009158,0.165652,1.654343,SIRMOUR_2026-07-24_12-45-20.webm,2026-07-24 12:45:00+05:30,2026-07-24 14:15:00+05:30,2026-07-24,90,0.4754837470720094,66.68241724442785,3.2513404567124824,0.5437213333333334,0.1672298981211905
24,159.96,41.76,24.88,9.14,66.34,24.53,5.365,92.9,95.77,95.48,93.3,4.98,0.009158,0.165652,1.654343,SIRMOUR_2026-07-24_12-45-20.webm,2026-07-24 12:45:00+05:30,2026-07-24 14:30:00+05:30,2026-07-24,105,0.4754837470720094,63.28888526018747,3.130991901951119,0.8826900000000001,0.28192024369336127
24,159.96,41.76,24.88,9.14,66.34,24.53,5.365,92.9,95.77,95.48,93.3,4.98,0.009158,0.165652,1.654343,SIRMOUR_2026-07-24_12-45-20.webm,2026-07-24 12:45:00+05:30,2026-07-24 14:45:00+05:30,2026-07-24,120,0.4754837470720094,59.88545347757221,2.9956860555109057,0.854542,0.28525752838084373
24,159.96,41.76,24.88,9.14,66.34,24.53,5.365,92.9,95.77,95.48,93.3,4.98,0.009158,0.165652,1.654343,SIRMOUR_2026-07-24_12-45-20.webm,2026-07-24 12:45:00+05:30,2026-07-24 15:00:00+05:30,2026-07-24,135,0.4754837470720094,56.47715674600148,2.846242875997592,0.8360266666666667,0.29372991100544926
24,159.96,41.76,24.88,9.14,66.34,24.53,5.365,92.9,95.77,95.48,93.3,4.98,0.009158,0.165652,1.654343,SIRMOUR_2026-07-24_12-45-20.webm,2026-07-24 12:45:00+05:30,2026-07-24 15:15:00+05:30,2026-07-24,150,0.4754837470720094,53.06747121521807,2.683598319745981,0.8623200000000001,0.32132975850186996
24,159.96,41.76,24.88,9.14,66.34,24.53,5.365,92.9,95.77,95.48,93.3,4.98,0.009158,0.165652,1.654343,SIRMOUR_2026-07-24_12-45-20.webm,2026-07-24 12:45:00+05:30,2026-07-24 15:30:00+05:30,2026-07-24,165,0.4754837470720094,49.658993609993985,2.5088130631547343,0.9164220000000001,0.36528110183212903
24,159.96,41.76,24.88,9.14,66.34,24.53,5.365,92.9,95.77,95.48,93.3,4.98,0.009158,0.165652,1.654343,SIRMOUR_2026-07-24_12-45-20.webm,2026-07-24 12:45:00+05:30,2026-07-24 15:45:00+05:30,2026-07-24,180,0.4754837470720094,46.25381156925199,2.323085015287807,0.6850246666666667,0.29487714059478753
24,159.96,41.76,24.88,9.14,66.34,24.53,5.365,92.9,95.77,95.48,93.3,4.98,0.009158,0.165652,1.654343,SIRMOUR_2026-07-24_12-45-20.webm,2026-07-24 12:45:00+05:30,2026-07-24 16:00:00+05:30,2026-07-24,195,0.4754837470720094,42.85372001884859,2.1277671506068176,0.3434493333333333,0.16141302549735528
24,159.96,41.76,24.88,9.14,66.34,24.53,5.365,92.9,95.77,95.48,93.3,4.98,0.009158,0.165652,1.654343,SIRMOUR_2026-07-24_12-45-20.webm,2026-07-24 12:45:00+05:30,2026-07-24 16:15:00+05:30,2026-07-24,210,0.4754837470720094,39.46035572239419,1.9243928705376399,0.3903733333333333,0.20285532092221387
24,159.96,41.76,24.88,9.14,66.34,24.53,5.365,92.9,95.77,95.48,93.3,4.98,0.009158,0.165652,1.654343,SIRMOUR_2026-07-24_12-45-20.webm,2026-07-24 12:45:00+05:30,2026-07-24 16:30:00+05:30,2026-07-24,225,0.4754837470720094,36.075290134115534,1.7147124152291087,0.3585933333333333,0.20912739077906567
24,159.96,41.76,24.88,9.14,66.34,24.53,5.365,92.9,95.77,95.48,93.3,4.98,0.009158,0.165652,1.654343,SIRMOUR_2026-07-24_12-45-20.webm,2026-07-24 12:45:00+05:30,2026-07-24 16:45:00+05:30,2026-07-24,240,0.4754837470720094,32.70010001426148,1.500745232964741,0.25852933333333333,0.17226730270707266
24,126.04,46.42,18.32,26.72,67.67,5.6,1.486,91.93,100.0,93.04,98.98,-48.29,-2e-06,0.001197,0.000139,sirmour_260724_12_49.mp4,2026-07-24 12:45:00+05:30,2026-07-24 13:00:00+05:30,2026-07-24,15,0.4754837470720094,82.74304995494451,3.607511754718791,0.9116233333333332,0.2527014172970852
24,126.04,46.42,18.32,26.72,67.67,5.6,1.486,91.93,100.0,93.04,98.98,-48.29,-2e-06,0.001197,0.000139,sirmour_260724_12_49.mp4,2026-07-24 12:45:00+05:30,2026-07-24 13:15:00+05:30,2026-07-24,30,0.4754837470720094,79.8547133307617,3.570527114611644,0.8767086666666667,0.2455404030063006
24,126.04,46.42,18.32,26.72,67.67,5.6,1.486,91.93,100.0,93.04,98.98,-48.29,-2e-06,0.001197,0.000139,sirmour_260724_12_49.mp4,2026-07-24 12:45:00+05:30,2026-07-24 13:30:00+05:30,2026-07-24,45,0.4754837470720094,76.68769880172587,3.516066363158952,0.8086213333333333,0.229978973606983
24,126.04,46.42,18.32,26.72,67.67,5.6,1.486,91.93,100.0,93.04,98.98,-48.29,-2e-06,0.001197,0.000139,sirmour_260724_12_49.mp4,2026-07-24 12:45:00+05:30,2026-07-24 13:45:00+05:30,2026-07-24,60,0.4754837470720094,73.4021431387214,3.444430850273234,0.8247046666666668,0.23943133205918357
24,126.04,46.42,18.32,26.72,67.67,5.6,1.486,91.93,100.0,93.04,98.98,-48.29,-2e-06,0.001197,0.000139,sirmour_260724_12_49.mp4,2026-07-24 12:45:00+05:30,2026-07-24 14:00:00+05:30,2026-07-24,75,0.4754837470720094,70.05810365120568,3.356021612059029,0.4724813333333333,0.14078614143472412
24,126.04,46.42,18.32,26.72,67.67,5.6,1.486,91.93,100.0,93.04,98.98,-48.29,-2e-06,0.001197,0.000139,sirmour_260724_12_49.mp4,2026-07-24 12:45:00+05:30,2026-07-24 14:15:00+05:30,2026-07-24,90,0.4754837470720094,66.68241724442785,3.2513404567124824,0.5437213333333334,0.1672298981211905
24,126.04,46.42,18.32,26.72,67.67,5.6,1.486,91.93,100.0,93.04,98.98,-48.29,-2e-06,0.001197,0.000139,sirmour_260724_12_49.mp4,2026-07-24 12:45:00+05:30,2026-07-24 14:30:00+05:30,2026-07-24,105,0.4754837470720094,63.28888526018747,3.130991901951119,0.8826900000000001,0.28192024369336127
24,126.04,46.42,18.32,26.72,67.67,5.6,1.486,91.93,100.0,93.04,98.98,-48.29,-2e-06,0.001197,0.000139,sirmour_260724_12_49.mp4,2026-07-24 12:45:00+05:30,2026-07-24 14:45:00+05:30,2026-07-24,120,0.4754837470720094,59.88545347757221,2.9956860555109057,0.854542,0.28525752838084373
24,126.04,46.42,18.32,26.72,67.67,5.6,1.486,91.93,100.0,93.04,98.98,-48.29,-2e-06,0.001197,0.000139,sirmour_260724_12_49.mp4,2026-07-24 12:45:00+05:30,2026-07-24 15:00:00+05:30,2026-07-24,135,0.4754837470720094,56.47715674600148,2.846242875997592,0.8360266666666667,0.29372991100544926
24,126.04,46.42,18.32,26.72,67.67,5.6,1.486,91.93,100.0,93.04,98.98,-48.29,-2e-06,0.001197,0.000139,sirmour_260724_12_49.mp4,2026-07-24 12:45:00+05:30,2026-07-24 15:15:00+05:30,2026-07-24,150,0.4754837470720094,53.06747121521807,2.683598319745981,0.8623200000000001,0.32132975850186996
24,126.04,46.42,18.32,26.72,67.67,5.6,1.486,91.93,100.0,93.04,98.98,-48.29,-2e-06,0.001197,0.000139,sirmour_260724_12_49.mp4,2026-07-24 12:45:00+05:30,2026-07-24 15:30:00+05:30,2026-07-24,165,0.4754837470720094,49.658993609993985,2.5088130631547343,0.9164220000000001,0.36528110183212903
24,126.04,46.42,18.32,26.72,67.67,5.6,1.486,91.93,100.0,93.04,98.98,-48.29,-2e-06,0.001197,0.000139,sirmour_260724_12_49.mp4,2026-07-24 12:45:00+05:30,2026-07-24 15:45:00+05:30,2026-07-24,180,0.4754837470720094,46.25381156925199,2.323085015287807,0.6850246666666667,0.29487714059478753
24,126.04,46.42,18.32,26.72,67.67,5.6,1.486,91.93,100.0,93.04,98.98,-48.29,-2e-06,0.001197,0.000139,sirmour_260724_12_49.mp4,2026-07-24 12:45:00+05:30,2026-07-24 16:00:00+05:30,2026-07-24,195,0.4754837470720094,42.85372001884859,2.1277671506068176,0.3434493333333333,0.16141302549735528
24,126.04,46.42,18.32,26.72,67.67,5.6,1.486,91.93,100.0,93.04,98.98,-48.29,-2e-06,0.001197,0.000139,sirmour_260724_12_49.mp4,2026-07-24 12:45:00+05:30,2026-07-24 16:15:00+05:30,2026-07-24,210,0.4754837470720094,39.46035572239419,1.9243928705376399,0.3903733333333333,0.20285532092221387
24,126.04,46.42,18.32,26.72,67.67,5.6,1.486,91.93,100.0,93.04,98.98,-48.29,-2e-06,0.001197,0.000139,sirmour_260724_12_49.mp4,2026-07-24 12:45:00+05:30,2026-07-24 16:30:00+05:30,2026-07-24,225,0.4754837470720094,36.075290134115534,1.7147124152291087,0.3585933333333333,0.20912739077906567
24,126.04,46.42,18.32,26.72,67.67,5.6,1.486,91.93,100.0,93.04,98.98,-48.29,-2e-06,0.001197,0.000139,sirmour_260724_12_49.mp4,2026-07-24 12:45:00+05:30,2026-07-24 16:45:00+05:30,2026-07-24,240,0.4754837470720094,32.70010001426148,1.500745232964741,0.25852933333333333,0.17226730270707266
24,177.78,47.4,21.63,6.23,40.19,53.59,4.991,97.39,98.5,99.45,96.52,6.95,-0.000699,0.077823,0.32889,SIRMOUR_2026-07-24_14-15-20.webm,2026-07-24 14:15:00+05:30,2026-07-24 14:30:00+05:30,2026-07-24,15,0.1943565863055203,63.28888526018747,3.130991901951119,0.8826900000000001,0.28192024369336127
24,177.78,47.4,21.63,6.23,40.19,53.59,4.991,97.39,98.5,99.45,96.52,6.95,-0.000699,0.077823,0.32889,SIRMOUR_2026-07-24_14-15-20.webm,2026-07-24 14:15:00+05:30,2026-07-24 14:45:00+05:30,2026-07-24,30,0.1943565863055203,59.88545347757221,2.9956860555109057,0.854542,0.28525752838084373
24,177.78,47.4,21.63,6.23,40.19,53.59,4.991,97.39,98.5,99.45,96.52,6.95,-0.000699,0.077823,0.32889,SIRMOUR_2026-07-24_14-15-20.webm,2026-07-24 14:15:00+05:30,2026-07-24 15:00:00+05:30,2026-07-24,45,0.1943565863055203,56.47715674600148,2.846242875997592,0.8360266666666667,0.29372991100544926
24,177.78,47.4,21.63,6.23,40.19,53.59,4.991,97.39,98.5,99.45,96.52,6.95,-0.000699,0.077823,0.32889,SIRMOUR_2026-07-24_14-15-20.webm,2026-07-24 14:15:00+05:30,2026-07-24 15:15:00+05:30,2026-07-24,60,0.1943565863055203,53.06747121521807,2.683598319745981,0.8623200000000001,0.32132975850186996
24,177.78,47.4,21.63,6.23,40.19,53.59,4.991,97.39,98.5,99.45,96.52,6.95,-0.000699,0.077823,0.32889,SIRMOUR_2026-07-24_14-15-20.webm,2026-07-24 14:15:00+05:30,2026-07-24 15:30:00+05:30,2026-07-24,75,0.1943565863055203,49.658993609993985,2.5088130631547343,0.9164220000000001,0.36528110183212903
24,177.78,47.4,21.63,6.23,40.19,53.59,4.991,97.39,98.5,99.45,96.52,6.95,-0.000699,0.077823,0.32889,SIRMOUR_2026-07-24_14-15-20.webm,2026-07-24 14:15:00+05:30,2026-07-24 15:45:00+05:30,2026-07-24,90,0.1943565863055203,46.25381156925199,2.323085015287807,0.6850246666666667,0.29487714059478753
24,177.78,47.4,21.63,6.23,40.19,53.59,4.991,97.39,98.5,99.45,96.52,6.95,-0.000699,0.077823,0.32889,SIRMOUR_2026-07-24_14-15-20.webm,2026-07-24 14:15:00+05:30,2026-07-24 16:00:00+05:30,2026-07-24,105,0.1943565863055203,42.85372001884859,2.1277671506068176,0.3434493333333333,0.16141302549735528
24,177.78,47.4,21.63,6.23,40.19,53.59,4.991,97.39,98.5,99.45,96.52,6.95,-0.000699,0.077823,0.32889,SIRMOUR_2026-07-24_14-15-20.webm,2026-07-24 14:15:00+05:30,2026-07-24 16:15:00+05:30,2026-07-24,120,0.1943565863055203,39.46035572239419,1.9243928705376399,0.3903733333333333,0.20285532092221387
24,177.78,47.4,21.63,6.23,40.19,53.59,4.991,97.39,98.5,99.45,96.52,6.95,-0.000699,0.077823,0.32889,SIRMOUR_2026-07-24_14-15-20.webm,2026-07-24 14:15:00+05:30,2026-07-24 16:30:00+05:30,2026-07-24,135,0.1943565863055203,36.075290134115534,1.7147124152291087,0.3585933333333333,0.20912739077906567
24,177.78,47.4,21.63,6.23,40.19,53.59,4.991,97.39,98.5,99.45,96.52,6.95,-0.000699,0.077823,0.32889,SIRMOUR_2026-07-24_14-15-20.webm,2026-07-24 14:15:00+05:30,2026-07-24 16:45:00+05:30,2026-07-24,150,0.1943565863055203,32.70010001426148,1.500745232964741,0.25852933333333333,0.17226730270707266
24,177.78,47.4,21.63,6.23,40.19,53.59,4.991,97.39,98.5,99.45,96.52,6.95,-0.000699,0.077823,0.32889,SIRMOUR_2026-07-24_14-15-20.webm,2026-07-24 14:15:00+05:30,2026-07-24 17:00:00+05:30,2026-07-24,165,0.1943565863055203,29.33642794482196,1.28485553474656,0.20593400000000003,0.1602779413178314
24,177.78,47.4,21.63,6.23,40.19,53.59,4.991,97.39,98.5,99.45,96.52,6.95,-0.000699,0.077823,0.32889,SIRMOUR_2026-07-24_14-15-20.webm,2026-07-24 14:15:00+05:30,2026-07-24 17:15:00+05:30,2026-07-24,180,0.1943565863055203,25.986046984432903,1.069861762943833,0.18496666666666667,0.17288837967039047
24,177.78,47.4,21.63,6.23,40.19,53.59,4.991,97.39,98.5,99.45,96.52,6.95,-0.000699,0.077823,0.32889,SIRMOUR_2026-07-24_14-15-20.webm,2026-07-24 14:15:00+05:30,2026-07-24 17:30:00+05:30,2026-07-24,195,0.1943565863055203,22.650942632888693,0.8591942139689236,0.1790433333333334,0.20838517115503905
24,177.78,47.4,21.63,6.23,40.19,53.59,4.991,97.39,98.5,99.45,96.52,6.95,-0.000699,0.077823,0.32889,SIRMOUR_2026-07-24_14-15-20.webm,2026-07-24 14:15:00+05:30,2026-07-24 17:45:00+05:30,2026-07-24,210,0.1943565863055203,19.3334369624741,0.6571168248491116,0.164675,0.25060231875483174
24,177.78,47.4,21.63,6.23,40.19,53.59,4.991,97.39,98.5,99.45,96.52,6.95,-0.000699,0.077823,0.32889,SIRMOUR_2026-07-24_14-15-20.webm,2026-07-24 14:15:00+05:30,2026-07-24 18:00:00+05:30,2026-07-24,225,0.1943565863055203,16.036416982145933,0.4690191142902097,0.12623555555555557,0.26914799783073706
24,219.51,2.05,33.41,4.13,1.31,94.56,3.882,91.35,100.0,94.4,97.09,-0.06,1.6e-05,0.007495,0.001959,sirmour_260724_14_19.mp4,2026-07-24 14:15:00+05:30,2026-07-24 14:30:00+05:30,2026-07-24,15,0.1943565863055203,63.28888526018747,3.130991901951119,0.8826900000000001,0.28192024369336127
24,219.51,2.05,33.41,4.13,1.31,94.56,3.882,91.35,100.0,94.4,97.09,-0.06,1.6e-05,0.007495,0.001959,sirmour_260724_14_19.mp4,2026-07-24 14:15:00+05:30,2026-07-24 14:45:00+05:30,2026-07-24,30,0.1943565863055203,59.88545347757221,2.9956860555109057,0.854542,0.28525752838084373
24,219.51,2.05,33.41,4.13,1.31,94.56,3.882,91.35,100.0,94.4,97.09,-0.06,1.6e-05,0.007495,0.001959,sirmour_260724_14_19.mp4,2026-07-24 14:15:00+05:30,2026-07-24 15:00:00+05:30,2026-07-24,45,0.1943565863055203,56.47715674600148,2.846242875997592,0.8360266666666667,0.29372991100544926
24,219.51,2.05,33.41,4.13,1.31,94.56,3.882,91.35,100.0,94.4,97.09,-0.06,1.6e-05,0.007495,0.001959,sirmour_260724_14_19.mp4,2026-07-24 14:15:00+05:30,2026-07-24 15:15:00+05:30,2026-07-24,60,0.1943565863055203,53.06747121521807,2.683598319745981,0.8623200000000001,0.32132975850186996
24,219.51,2.05,33.41,4.13,1.31,94.56,3.882,91.35,100.0,94.4,97.09,-0.06,1.6e-05,0.007495,0.001959,sirmour_260724_14_19.mp4,2026-07-24 14:15:00+05:30,2026-07-24 15:30:00+05:30,2026-07-24,75,0.1943565863055203,49.658993609993985,2.5088130631547343,0.9164220000000001,0.36528110183212903
24,219.51,2.05,33.41,4.13,1.31,94.56,3.882,91.35,100.0,94.4,97.09,-0.06,1.6e-05,0.007495,0.001959,sirmour_260724_14_19.mp4,2026-07-24 14:15:00+05:30,2026-07-24 15:45:00+05:30,2026-07-24,90,0.1943565863055203,46.25381156925199,2.323085015287807,0.6850246666666667,0.29487714059478753
24,219.51,2.05,33.41,4.13,1.31,94.56,3.882,91.35,100.0,94.4,97.09,-0.06,1.6e-05,0.007495,0.001959,sirmour_260724_14_19.mp4,2026-07-24 14:15:00+05:30,2026-07-24 16:00:00+05:30,2026-07-24,105,0.1943565863055203,42.85372001884859,2.1277671506068176,0.3434493333333333,0.16141302549735528
24,219.51,2.05,33.41,4.13,1.31,94.56,3.882,91.35,100.0,94.4,97.09,-0.06,1.6e-05,0.007495,0.001959,sirmour_260724_14_19.mp4,2026-07-24 14:15:00+05:30,2026-07-24 16:15:00+05:30,2026-07-24,120,0.1943565863055203,39.46035572239419,1.9243928705376399,0.3903733333333333,0.20285532092221387
24,219.51,2.05,33.41,4.13,1.31,94.56,3.882,91.35,100.0,94.4,97.09,-0.06,1.6e-05,0.007495,0.001959,sirmour_260724_14_19.mp4,2026-07-24 14:15:00+05:30,2026-07-24 16:30:00+05:30,2026-07-24,135,0.1943565863055203,36.075290134115534,1.7147124152291087,0.3585933333333333,0.20912739077906567
24,219.51,2.05,33.41,4.13,1.31,94.56,3.882,91.35,100.0,94.4,97.09,-0.06,1.6e-05,0.007495,0.001959,sirmour_260724_14_19.mp4,2026-07-24 14:15:00+05:30,2026-07-24 16:45:00+05:30,2026-07-24,150,0.1943565863055203,32.70010001426148,1.500745232964741,0.25852933333333333,0.17226730270707266
24,219.51,2.05,33.41,4.13,1.31,94.56,3.882,91.35,100.0,94.4,97.09,-0.06,1.6e-05,0.007495,0.001959,sirmour_260724_14_19.mp4,2026-07-24 14:15:00+05:30,2026-07-24 17:00:00+05:30,2026-07-24,165,0.1943565863055203,29.33642794482196,1.28485553474656,0.20593400000000003,0.1602779413178314
24,219.51,2.05,33.41,4.13,1.31,94.56,3.882,91.35,100.0,94.4,97.09,-0.06,1.6e-05,0.007495,0.001959,sirmour_260724_14_19.mp4,2026-07-24 14:15:00+05:30,2026-07-24 17:15:00+05:30,2026-07-24,180,0.1943565863055203,25.986046984432903,1.069861762943833,0.18496666666666667,0.17288837967039047
24,219.51,2.05,33.41,4.13,1.31,94.56,3.882,91.35,100.0,94.4,97.09,-0.06,1.6e-05,0.007495,0.001959,sirmour_260724_14_19.mp4,2026-07-24 14:15:00+05:30,2026-07-24 17:30:00+05:30,2026-07-24,195,0.1943565863055203,22.650942632888693,0.8591942139689236,0.1790433333333334,0.20838517115503905
24,219.51,2.05,33.41,4.13,1.31,94.56,3.882,91.35,100.0,94.4,97.09,-0.06,1.6e-05,0.007495,0.001959,sirmour_260724_14_19.mp4,2026-07-24 14:15:00+05:30,2026-07-24 17:45:00+05:30,2026-07-24,210,0.1943565863055203,19.3334369624741,0.6571168248491116,0.164675,0.25060231875483174
24,219.51,2.05,33.41,4.13,1.31,94.56,3.882,91.35,100.0,94.4,97.09,-0.06,1.6e-05,0.007495,0.001959,sirmour_260724_14_19.mp4,2026-07-24 14:15:00+05:30,2026-07-24 18:00:00+05:30,2026-07-24,225,0.1943565863055203,16.036416982145933,0.4690191142902097,0.12623555555555557,0.26914799783073706
24,183.55,46.47,22.88,5.85,27.69,66.47,4.868,97.39,99.47,99.91,97.05,6.84,0.0,0.065312,0.126603,SIRMOUR_2026-07-24_15-45-14.webm,2026-07-24 15:45:00+05:30,2026-07-24 16:00:00+05:30,2026-07-24,15,0.31880447798355893,42.85372001884859,2.1277671506068176,0.3434493333333333,0.16141302549735528
24,183.55,46.47,22.88,5.85,27.69,66.47,4.868,97.39,99.47,99.91,97.05,6.84,0.0,0.065312,0.126603,SIRMOUR_2026-07-24_15-45-14.webm,2026-07-24 15:45:00+05:30,2026-07-24 16:15:00+05:30,2026-07-24,30,0.31880447798355893,39.46035572239419,1.9243928705376399,0.3903733333333333,0.20285532092221387
24,183.55,46.47,22.88,5.85,27.69,66.47,4.868,97.39,99.47,99.91,97.05,6.84,0.0,0.065312,0.126603,SIRMOUR_2026-07-24_15-45-14.webm,2026-07-24 15:45:00+05:30,2026-07-24 16:30:00+05:30,2026-07-24,45,0.31880447798355893,36.075290134115534,1.7147124152291087,0.3585933333333333,0.20912739077906567
24,183.55,46.47,22.88,5.85,27.69,66.47,4.868,97.39,99.47,99.91,97.05,6.84,0.0,0.065312,0.126603,SIRMOUR_2026-07-24_15-45-14.webm,2026-07-24 15:45:00+05:30,2026-07-24 16:45:00+05:30,2026-07-24,60,0.31880447798355893,32.70010001426148,1.500745232964741,0.25852933333333333,0.17226730270707266
24,183.55,46.47,22.88,5.85,27.69,66.47,4.868,97.39,99.47,99.91,97.05,6.84,0.0,0.065312,0.126603,SIRMOUR_2026-07-24_15-45-14.webm,2026-07-24 15:45:00+05:30,2026-07-24 17:00:00+05:30,2026-07-24,75,0.31880447798355893,29.33642794482196,1.28485553474656,0.20593400000000003,0.1602779413178314
24,183.55,46.47,22.88,5.85,27.69,66.47,4.868,97.39,99.47,99.91,97.05,6.84,0.0,0.065312,0.126603,SIRMOUR_2026-07-24_15-45-14.webm,2026-07-24 15:45:00+05:30,2026-07-24 17:15:00+05:30,2026-07-24,90,0.31880447798355893,25.986046984432903,1.069861762943833,0.18496666666666667,0.17288837967039047
24,183.55,46.47,22.88,5.85,27.69,66.47,4.868,97.39,99.47,99.91,97.05,6.84,0.0,0.065312,0.126603,SIRMOUR_2026-07-24_15-45-14.webm,2026-07-24 15:45:00+05:30,2026-07-24 17:30:00+05:30,2026-07-24,105,0.31880447798355893,22.650942632888693,0.8591942139689236,0.1790433333333334,0.20838517115503905
24,183.55,46.47,22.88,5.85,27.69,66.47,4.868,97.39,99.47,99.91,97.05,6.84,0.0,0.065312,0.126603,SIRMOUR_2026-07-24_15-45-14.webm,2026-07-24 15:45:00+05:30,2026-07-24 17:45:00+05:30,2026-07-24,120,0.31880447798355893,19.3334369624741,0.6571168248491116,0.164675,0.25060231875483174
24,183.55,46.47,22.88,5.85,27.69,66.47,4.868,97.39,99.47,99.91,97.05,6.84,0.0,0.065312,0.126603,SIRMOUR_2026-07-24_15-45-14.webm,2026-07-24 15:45:00+05:30,2026-07-24 18:00:00+05:30,2026-07-24,135,0.31880447798355893,16.036416982145933,0.4690191142902097,0.12623555555555557,0.26914799783073706
24,202.69,32.4,32.24,8.05,1.39,90.56,4.816,91.24,100.0,94.35,97.04,7.9,-2.7e-05,0.003219,0.000428,sirmour_260724_15_49.mp4,2026-07-24 15:45:00+05:30,2026-07-24 16:00:00+05:30,2026-07-24,15,0.31880447798355893,42.85372001884859,2.1277671506068176,0.3434493333333333,0.16141302549735528
24,202.69,32.4,32.24,8.05,1.39,90.56,4.816,91.24,100.0,94.35,97.04,7.9,-2.7e-05,0.003219,0.000428,sirmour_260724_15_49.mp4,2026-07-24 15:45:00+05:30,2026-07-24 16:15:00+05:30,2026-07-24,30,0.31880447798355893,39.46035572239419,1.9243928705376399,0.3903733333333333,0.20285532092221387
24,202.69,32.4,32.24,8.05,1.39,90.56,4.816,91.24,100.0,94.35,97.04,7.9,-2.7e-05,0.003219,0.000428,sirmour_260724_15_49.mp4,2026-07-24 15:45:00+05:30,2026-07-24 16:30:00+05:30,2026-07-24,45,0.31880447798355893,36.075290134115534,1.7147124152291087,0.3585933333333333,0.20912739077906567
24,202.69,32.4,32.24,8.05,1.39,90.56,4.816,91.24,100.0,94.35,97.04,7.9,-2.7e-05,0.003219,0.000428,sirmour_260724_15_49.mp4,2026-07-24 15:45:00+05:30,2026-07-24 16:45:00+05:30,2026-07-24,60,0.31880447798355893,32.70010001426148,1.500745232964741,0.25852933333333333,0.17226730270707266
24,202.69,32.4,32.24,8.05,1.39,90.56,4.816,91.24,100.0,94.35,97.04,7.9,-2.7e-05,0.003219,0.000428,sirmour_260724_15_49.mp4,2026-07-24 15:45:00+05:30,2026-07-24 17:00:00+05:30,2026-07-24,75,0.31880447798355893,29.33642794482196,1.28485553474656,0.20593400000000003,0.1602779413178314
24,202.69,32.4,32.24,8.05,1.39,90.56,4.816,91.24,100.0,94.35,97.04,7.9,-2.7e-05,0.003219,0.000428,sirmour_260724_15_49.mp4,2026-07-24 15:45:00+05:30,2026-07-24 17:15:00+05:30,2026-07-24,90,0.31880447798355893,25.986046984432903,1.069861762943833,0.18496666666666667,0.17288837967039047
24,202.69,32.4,32.24,8.05,1.39,90.56,4.816,91.24,100.0,94.35,97.04,7.9,-2.7e-05,0.003219,0.000428,sirmour_260724_15_49.mp4,2026-07-24 15:45:00+05:30,2026-07-24 17:30:00+05:30,2026-07-24,105,0.31880447798355893,22.650942632888693,0.8591942139689236,0.1790433333333334,0.20838517115503905
24,202.69,32.4,32.24,8.05,1.39,90.56,4.816,91.24,100.0,94.35,97.04,7.9,-2.7e-05,0.003219,0.000428,sirmour_260724_15_49.mp4,2026-07-24 15:45:00+05:30,2026-07-24 17:45:00+05:30,2026-07-24,120,0.31880447798355893,19.3334369624741,0.6571168248491116,0.164675,0.25060231875483174
24,202.69,32.4,32.24,8.05,1.39,90.56,4.816,91.24,100.0,94.35,97.04,7.9,-2.7e-05,0.003219,0.000428,sirmour_260724_15_49.mp4,2026-07-24 15:45:00+05:30,2026-07-24 18:00:00+05:30,2026-07-24,135,0.31880447798355893,16.036416982145933,0.4690191142902097,0.12623555555555557,0.26914799783073706
24,118.72,49.82,19.54,34.74,59.59,5.67,1.53,91.98,100.0,93.14,98.93,-63.66,4e-06,0.00103,0.000159,sirmour_260725_06_49.mp4,2026-07-25 06:45:00+05:30,2026-07-25 07:00:00+05:30,2026-07-25,15,0.5527361037101437,13.291095865504055,0.32775659278884445,0.15199600000000005,0.4637465831173157
24,118.72,49.82,19.54,34.74,59.59,5.67,1.53,91.98,100.0,93.14,98.93,-63.66,4e-06,0.00103,0.000159,sirmour_260725_06_49.mp4,2026-07-25 06:45:00+05:30,2026-07-25 07:15:00+05:30,2026-07-25,30,0.5527361037101437,16.56839260500148,0.4992794617468019,0.33094466666666666,0.6628445430316893
24,118.72,49.82,19.54,34.74,59.59,5.67,1.53,91.98,100.0,93.14,98.93,-63.66,4e-06,0.00103,0.000159,sirmour_260725_06_49.mp4,2026-07-25 06:45:00+05:30,2026-07-25 07:30:00+05:30,2026-07-25,45,0.5527361037101437,19.869364028665956,0.6903933465412389,0.37464,0.5426471762465368
24,118.72,49.82,19.54,34.74,59.59,5.67,1.53,91.98,100.0,93.14,98.93,-63.66,4e-06,0.00103,0.000159,sirmour_260725_06_49.mp4,2026-07-25 06:45:00+05:30,2026-07-25 07:45:00+05:30,2026-07-25,60,0.5527361037101437,23.19028354395715,0.8945128367423126,0.35944133333333333,0.4018291505378135
24,118.72,49.82,19.54,34.74,59.59,5.67,1.53,91.98,100.0,93.14,98.93,-63.66,4e-06,0.00103,0.000159,sirmour_260725_06_49.mp4,2026-07-25 06:45:00+05:30,2026-07-25 08:00:00+05:30,2026-07-25,75,0.5527361037101437,26.528367828004875,1.1064491955568125,0.6379840000000001,0.5766048749115311
24,118.72,49.82,19.54,34.74,59.59,5.67,1.53,91.98,100.0,93.14,98.93,-63.66,4e-06,0.00103,0.000159,sirmour_260725_06_49.mp4,2026-07-25 06:45:00+05:30,2026-07-25 08:15:00+05:30,2026-07-25,90,0.5527361037101437,29.881347776232673,1.3220900098711985,0.6837859999999999,0.5172007918482162
24,118.72,49.82,19.54,34.74,59.59,5.67,1.53,91.98,100.0,93.14,98.93,-63.66,4e-06,0.00103,0.000159,sirmour_260725_06_49.mp4,2026-07-25 06:45:00+05:30,2026-07-25 08:30:00+05:30,2026-07-25,105,0.5527361037101437,33.24726267548329,1.538116409108711,0.6061913333333334,0.3941127795942323
24,118.72,49.82,19.54,34.74,59.59,5.67,1.53,91.98,100.0,93.14,98.93,-63.66,4e-06,0.00103,0.000159,sirmour_260725_06_49.mp4,2026-07-25 06:45:00+05:30,2026-07-25 08:45:00+05:30,2026-07-25,120,0.5527361037101437,36.6243447223844,1.7517921103372323,0.8421266666666666,0.48072294748750255
24,118.72,49.82,19.54,34.74,59.59,5.67,1.53,91.98,100.0,93.14,98.93,-63.66,4e-06,0.00103,0.000159,sirmour_260725_06_49.mp4,2026-07-25 06:45:00+05:30,2026-07-25 09:00:00+05:30,2026-07-25,135,0.5527361037101437,40.01093963010052,1.9608144874699136,0.8300026666666668,0.42329484608084433
24,118.72,49.82,19.54,34.74,59.59,5.67,1.53,91.98,100.0,93.14,98.93,-63.66,4e-06,0.00103,0.000159,sirmour_260725_06_49.mp4,2026-07-25 06:45:00+05:30,2026-07-25 09:15:00+05:30,2026-07-25,150,0.5527361037101437,43.405441048790514,2.163211377156083,0.6746206666666664,0.3118607241949571
24,118.72,49.82,19.54,34.74,59.59,5.67,1.53,91.98,100.0,93.14,98.93,-63.66,4e-06,0.00103,0.000159,sirmour_260725_06_49.mp4,2026-07-25 06:45:00+05:30,2026-07-25 09:30:00+05:30,2026-07-25,165,0.5527361037101437,46.8062261726505,2.3572698937178798,0.887612,0.37654237317732875
24,118.72,49.82,19.54,34.74,59.59,5.67,1.53,91.98,100.0,93.14,98.93,-63.66,4e-06,0.00103,0.000159,sirmour_260725_06_49.mp4,2026-07-25 06:45:00+05:30,2026-07-25 09:45:00+05:30,2026-07-25,180,0.5527361037101437,50.21157766030029,2.541487073212304,1.488018,0.5854910755533471
24,118.72,49.82,19.54,34.74,59.59,5.67,1.53,91.98,100.0,93.14,98.93,-63.66,4e-06,0.00103,0.000159,sirmour_260725_06_49.mp4,2026-07-25 06:45:00+05:30,2026-07-25 10:00:00+05:30,2026-07-25,195,0.5527361037101437,53.619577893745806,2.7145355432496245,1.5822726666666667,0.5828889109967212
24,118.72,49.82,19.54,34.74,59.59,5.67,1.53,91.98,100.0,93.14,98.93,-63.66,4e-06,0.00103,0.000159,sirmour_260725_06_49.mp4,2026-07-25 06:45:00+05:30,2026-07-25 10:15:00+05:30,2026-07-25,210,0.5527361037101437,57.027952295154364,2.875239607471028,1.8508933333333328,0.6437353354913338
24,118.72,49.82,19.54,34.74,59.59,5.67,1.53,91.98,100.0,93.14,98.93,-63.66,4e-06,0.00103,0.000159,sirmour_260725_06_49.mp4,2026-07-25 06:45:00+05:30,2026-07-25 10:30:00+05:30,2026-07-25,225,0.5527361037101437,60.43381384554729,3.0225584264165795,1.6546113333333334,0.5474207938785727
24,118.72,49.82,19.54,34.74,59.59,5.67,1.53,91.98,100.0,93.14,98.93,-63.66,4e-06,0.00103,0.000159,sirmour_260725_06_49.mp4,2026-07-25 06:45:00+05:30,2026-07-25 10:45:00+05:30,2026-07-25,240,0.5527361037101437,63.833220321267476,3.155574220940678,0.8713040000000001,0.2761158315396125
24,122.49,48.23,18.48,30.68,63.71,5.61,1.527,91.88,100.0,93.04,98.93,-56.14,0.0,0.000536,3.8e-05,sirmour_260725_08_19.mp4,2026-07-25 08:15:00+05:30,2026-07-25 08:30:00+05:30,2026-07-25,15,0.5095704983860244,33.24726267548329,1.538116409108711,0.6061913333333334,0.3941127795942323
24,122.49,48.23,18.48,30.68,63.71,5.61,1.527,91.88,100.0,93.04,98.93,-56.14,0.0,0.000536,3.8e-05,sirmour_260725_08_19.mp4,2026-07-25 08:15:00+05:30,2026-07-25 08:45:00+05:30,2026-07-25,30,0.5095704983860244,36.6243447223844,1.7517921103372323,0.8421266666666666,0.48072294748750255
24,122.49,48.23,18.48,30.68,63.71,5.61,1.527,91.88,100.0,93.04,98.93,-56.14,0.0,0.000536,3.8e-05,sirmour_260725_08_19.mp4,2026-07-25 08:15:00+05:30,2026-07-25 09:00:00+05:30,2026-07-25,45,0.5095704983860244,40.01093963010052,1.9608144874699136,0.8300026666666668,0.42329484608084433
24,122.49,48.23,18.48,30.68,63.71,5.61,1.527,91.88,100.0,93.04,98.93,-56.14,0.0,0.000536,3.8e-05,sirmour_260725_08_19.mp4,2026-07-25 08:15:00+05:30,2026-07-25 09:15:00+05:30,2026-07-25,60,0.5095704983860244,43.405441048790514,2.163211377156083,0.6746206666666664,0.3118607241949571
24,122.49,48.23,18.48,30.68,63.71,5.61,1.527,91.88,100.0,93.04,98.93,-56.14,0.0,0.000536,3.8e-05,sirmour_260725_08_19.mp4,2026-07-25 08:15:00+05:30,2026-07-25 09:30:00+05:30,2026-07-25,75,0.5095704983860244,46.8062261726505,2.3572698937178798,0.887612,0.37654237317732875
24,122.49,48.23,18.48,30.68,63.71,5.61,1.527,91.88,100.0,93.04,98.93,-56.14,0.0,0.000536,3.8e-05,sirmour_260725_08_19.mp4,2026-07-25 08:15:00+05:30,2026-07-25 09:45:00+05:30,2026-07-25,90,0.5095704983860244,50.21157766030029,2.541487073212304,1.488018,0.5854910755533471
24,122.49,48.23,18.48,30.68,63.71,5.61,1.527,91.88,100.0,93.04,98.93,-56.14,0.0,0.000536,3.8e-05,sirmour_260725_08_19.mp4,2026-07-25 08:15:00+05:30,2026-07-25 10:00:00+05:30,2026-07-25,105,0.5095704983860244,53.619577893745806,2.7145355432496245,1.5822726666666667,0.5828889109967212
24,122.49,48.23,18.48,30.68,63.71,5.61,1.527,91.88,100.0,93.04,98.93,-56.14,0.0,0.000536,3.8e-05,sirmour_260725_08_19.mp4,2026-07-25 08:15:00+05:30,2026-07-25 10:15:00+05:30,2026-07-25,120,0.5095704983860244,57.027952295154364,2.875239607471028,1.8508933333333328,0.6437353354913338
24,122.49,48.23,18.48,30.68,63.71,5.61,1.527,91.88,100.0,93.04,98.93,-56.14,0.0,0.000536,3.8e-05,sirmour_260725_08_19.mp4,2026-07-25 08:15:00+05:30,2026-07-25 10:30:00+05:30,2026-07-25,135,0.5095704983860244,60.43381384554729,3.0225584264165795,1.6546113333333334,0.5474207938785727
24,122.49,48.23,18.48,30.68,63.71,5.61,1.527,91.88,100.0,93.04,98.93,-56.14,0.0,0.000536,3.8e-05,sirmour_260725_08_19.mp4,2026-07-25 08:15:00+05:30,2026-07-25 10:45:00+05:30,2026-07-25,150,0.5095704983860244,63.833220321267476,3.155574220940678,0.8713040000000001,0.2761158315396125
24,122.49,48.23,18.48,30.68,63.71,5.61,1.527,91.88,100.0,93.04,98.93,-56.14,0.0,0.000536,3.8e-05,sirmour_260725_08_19.mp4,2026-07-25 08:15:00+05:30,2026-07-25 11:00:00+05:30,2026-07-25,165,0.5095704983860244,67.2203524397232,3.2734840588536027,1.8152046666666668,0.5545176435966407
24,122.49,48.23,18.48,30.68,63.71,5.61,1.527,91.88,100.0,93.04,98.93,-56.14,0.0,0.000536,3.8e-05,sirmour_260725_08_19.mp4,2026-07-25 08:15:00+05:30,2026-07-25 11:15:00+05:30,2026-07-25,180,0.5095704983860244,70.5858586284007,3.375594073714965,1.2526913333333334,0.37110248032717413
24,122.49,48.23,18.48,30.68,63.71,5.61,1.527,91.88,100.0,93.04,98.93,-56.14,0.0,0.000536,3.8e-05,sirmour_260725_08_19.mp4,2026-07-25 08:15:00+05:30,2026-07-25 11:30:00+05:30,2026-07-25,195,0.5095704983860244,73.91320262224079,3.46131546893763,1.1686093333333332,0.33762000136093073
24,122.49,48.23,18.48,30.68,63.71,5.61,1.527,91.88,100.0,93.04,98.93,-56.14,0.0,0.000536,3.8e-05,sirmour_260725_08_19.mp4,2026-07-25 08:15:00+05:30,2026-07-25 11:45:00+05:30,2026-07-25,210,0.5095704983860244,77.16962772920891,3.5301618325921296,1.3355266666666663,0.3783188221957561
24,122.49,48.23,18.48,30.68,63.71,5.61,1.527,91.88,100.0,93.04,98.93,-56.14,0.0,0.000536,3.8e-05,sirmour_260725_08_19.mp4,2026-07-25 08:15:00+05:30,2026-07-25 12:00:00+05:30,2026-07-25,225,0.5095704983860244,80.28042392683122,3.5817473580774926,0.7461933333333333,0.20833220736536076
24,122.49,48.23,18.48,30.68,63.71,5.61,1.527,91.88,100.0,93.04,98.93,-56.14,0.0,0.000536,3.8e-05,sirmour_260725_08_19.mp4,2026-07-25 08:15:00+05:30,2026-07-25 12:15:00+05:30,2026-07-25,240,0.5095704983860244,83.04404071608674,3.6157859235908583,0.6744273333333333,0.18652302641400725
24,118.91,49.68,18.66,34.56,59.84,5.6,1.455,91.93,100.0,93.04,98.98,-63.99,-1e-06,4e-06,0.0,sirmour_260725_09_48.mp4,2026-07-25 09:45:00+05:30,2026-07-25 10:00:00+05:30,2026-07-25,15,0.42429725475161933,53.619577893745806,2.7145355432496245,1.5822726666666667,0.5828889109967212
24,118.91,49.68,18.66,34.56,59.84,5.6,1.455,91.93,100.0,93.04,98.98,-63.99,-1e-06,4e-06,0.0,sirmour_260725_09_48.mp4,2026-07-25 09:45:00+05:30,2026-07-25 10:15:00+05:30,2026-07-25,30,0.42429725475161933,57.027952295154364,2.875239607471028,1.8508933333333328,0.6437353354913338
24,118.91,49.68,18.66,34.56,59.84,5.6,1.455,91.93,100.0,93.04,98.98,-63.99,-1e-06,4e-06,0.0,sirmour_260725_09_48.mp4,2026-07-25 09:45:00+05:30,2026-07-25 10:30:00+05:30,2026-07-25,45,0.42429725475161933,60.43381384554729,3.0225584264165795,1.6546113333333334,0.5474207938785727
24,118.91,49.68,18.66,34.56,59.84,5.6,1.455,91.93,100.0,93.04,98.98,-63.99,-1e-06,4e-06,0.0,sirmour_260725_09_48.mp4,2026-07-25 09:45:00+05:30,2026-07-25 10:45:00+05:30,2026-07-25,60,0.42429725475161933,63.833220321267476,3.155574220940678,0.8713040000000001,0.2761158315396125
24,118.91,49.68,18.66,34.56,59.84,5.6,1.455,91.93,100.0,93.04,98.98,-63.99,-1e-06,4e-06,0.0,sirmour_260725_09_48.mp4,2026-07-25 09:45:00+05:30,2026-07-25 11:00:00+05:30,2026-07-25,75,0.42429725475161933,67.2203524397232,3.2734840588536027,1.8152046666666668,0.5545176435966407
24,118.91,49.68,18.66,34.56,59.84,5.6,1.455,91.93,100.0,93.04,98.98,-63.99,-1e-06,4e-06,0.0,sirmour_260725_09_48.mp4,2026-07-25 09:45:00+05:30,2026-07-25 11:15:00+05:30,2026-07-25,90,0.42429725475161933,70.5858586284007,3.375594073714965,1.2526913333333334,0.37110248032717413
24,118.91,49.68,18.66,34.56,59.84,5.6,1.455,91.93,100.0,93.04,98.98,-63.99,-1e-06,4e-06,0.0,sirmour_260725_09_48.mp4,2026-07-25 09:45:00+05:30,2026-07-25 11:30:00+05:30,2026-07-25,105,0.42429725475161933,73.91320262224079,3.46131546893763,1.1686093333333332,0.33762000136093073
24,118.91,49.68,18.66,34.56,59.84,5.6,1.455,91.93,100.0,93.04,98.98,-63.99,-1e-06,4e-06,0.0,sirmour_260725_09_48.mp4,2026-07-25 09:45:00+05:30,2026-07-25 11:45:00+05:30,2026-07-25,120,0.42429725475161933,77.16962772920891,3.5301618325921296,1.3355266666666663,0.3783188221957561
24,118.91,49.68,18.66,34.56,59.84,5.6,1.455,91.93,100.0,93.04,98.98,-63.99,-1e-06,4e-06,0.0,sirmour_260725_09_48.mp4,2026-07-25 09:45:00+05:30,2026-07-25 12:00:00+05:30,2026-07-25,135,0.42429725475161933,80.28042392683122,3.5817473580774926,0.7461933333333333,0.20833220736536076
24,118.91,49.68,18.66,34.56,59.84,5.6,1.455,91.93,100.0,93.04,98.98,-63.99,-1e-06,4e-06,0.0,sirmour_260725_09_48.mp4,2026-07-25 09:45:00+05:30,2026-07-25 12:15:00+05:30,2026-07-25,150,0.42429725475161933,83.04404071608674,3.6157859235908583,0.6744273333333333,0.18652302641400725
24,118.91,49.68,18.66,34.56,59.84,5.6,1.455,91.93,100.0,93.04,98.98,-63.99,-1e-06,4e-06,0.0,sirmour_260725_09_48.mp4,2026-07-25 09:45:00+05:30,2026-07-25 12:30:00+05:30,2026-07-25,165,0.42429725475161933,84.8624996972671,3.632091262812316,1.0509893333333333,0.28936203891516643
24,118.91,49.68,18.66,34.56,59.84,5.6,1.455,91.93,100.0,93.04,98.98,-63.99,-1e-06,4e-06,0.0,sirmour_260725_09_48.mp4,2026-07-25 09:45:00+05:30,2026-07-25 12:45:00+05:30,2026-07-25,180,0.42429725475161933,84.66047114822572,3.630576670176526,1.1010806666666666,0.3032798276129312
24,118.91,49.68,18.66,34.56,59.84,5.6,1.455,91.93,100.0,93.04,98.98,-63.99,-1e-06,4e-06,0.0,sirmour_260725_09_48.mp4,2026-07-25 09:45:00+05:30,2026-07-25 13:00:00+05:30,2026-07-25,195,0.42429725475161933,82.60167973019277,3.6112491496564663,1.448708,0.40116534195316156
24,118.91,49.68,18.66,34.56,59.84,5.6,1.455,91.93,100.0,93.04,98.98,-63.99,-1e-06,4e-06,0.0,sirmour_260725_09_48.mp4,2026-07-25 09:45:00+05:30,2026-07-25 13:15:00+05:30,2026-07-25,210,0.42429725475161933,79.75049031245311,3.5742105307282337,1.4049173333333331,0.39307067148254576
24,118.91,49.68,18.66,34.56,59.84,5.6,1.455,91.93,100.0,93.04,98.98,-63.99,-1e-06,4e-06,0.0,sirmour_260725_09_48.mp4,2026-07-25 09:45:00+05:30,2026-07-25 13:30:00+05:30,2026-07-25,225,0.42429725475161933,76.60476773331015,3.519662598724937,1.3568206666666665,0.3854973676051221
24,118.91,49.68,18.66,34.56,59.84,5.6,1.455,91.93,100.0,93.04,98.98,-63.99,-1e-06,4e-06,0.0,sirmour_260725_09_48.mp4,2026-07-25 09:45:00+05:30,2026-07-25 13:45:00+05:30,2026-07-25,240,0.42429725475161933,73.3318004239415,3.447906904466182,0.427262,0.12391923907416239
24,118.93,49.67,18.65,34.56,59.84,5.6,1.4,91.98,100.0,93.14,98.93,-63.99,0.0,0.000352,5e-06,sirmour_260725_11_19.mp4,2026-07-25 11:15:00+05:30,2026-07-25 11:30:00+05:30,2026-07-25,15,0.4372891873355,73.91320262224079,3.46131546893763,1.1686093333333332,0.33762000136093073
24,118.93,49.67,18.65,34.56,59.84,5.6,1.4,91.98,100.0,93.14,98.93,-63.99,0.0,0.000352,5e-06,sirmour_260725_11_19.mp4,2026-07-25 11:15:00+05:30,2026-07-25 11:45:00+05:30,2026-07-25,30,0.4372891873355,77.16962772920891,3.5301618325921296,1.3355266666666663,0.3783188221957561
24,118.93,49.67,18.65,34.56,59.84,5.6,1.4,91.98,100.0,93.14,98.93,-63.99,0.0,0.000352,5e-06,sirmour_260725_11_19.mp4,2026-07-25 11:15:00+05:30,2026-07-25 12:00:00+05:30,2026-07-25,45,0.4372891873355,80.28042392683122,3.5817473580774926,0.7461933333333333,0.20833220736536076
24,118.93,49.67,18.65,34.56,59.84,5.6,1.4,91.98,100.0,93.14,98.93,-63.99,0.0,0.000352,5e-06,sirmour_260725_11_19.mp4,2026-07-25 11:15:00+05:30,2026-07-25 12:15:00+05:30,2026-07-25,60,0.4372891873355,83.04404071608674,3.6157859235908583,0.6744273333333333,0.18652302641400725
24,118.93,49.67,18.65,34.56,59.84,5.6,1.4,91.98,100.0,93.14,98.93,-63.99,0.0,0.000352,5e-06,sirmour_260725_11_19.mp4,2026-07-25 11:15:00+05:30,2026-07-25 12:30:00+05:30,2026-07-25,75,0.4372891873355,84.8624996972671,3.632091262812316,1.0509893333333333,0.28936203891516643
24,118.93,49.67,18.65,34.56,59.84,5.6,1.4,91.98,100.0,93.14,98.93,-63.99,0.0,0.000352,5e-06,sirmour_260725_11_19.mp4,2026-07-25 11:15:00+05:30,2026-07-25 12:45:00+05:30,2026-07-25,90,0.4372891873355,84.66047114822572,3.630576670176526,1.1010806666666666,0.3032798276129312
24,118.93,49.67,18.65,34.56,59.84,5.6,1.4,91.98,100.0,93.14,98.93,-63.99,0.0,0.000352,5e-06,sirmour_260725_11_19.mp4,2026-07-25 11:15:00+05:30,2026-07-25 13:00:00+05:30,2026-07-25,105,0.4372891873355,82.60167973019277,3.6112491496564663,1.448708,0.40116534195316156
24,118.93,49.67,18.65,34.56,59.84,5.6,1.4,91.98,100.0,93.14,98.93,-63.99,0.0,0.000352,5e-06,sirmour_260725_11_19.mp4,2026-07-25 11:15:00+05:30,2026-07-25 13:15:00+05:30,2026-07-25,120,0.4372891873355,79.75049031245311,3.5742105307282337,1.4049173333333331,0.39307067148254576
24,118.93,49.67,18.65,34.56,59.84,5.6,1.4,91.98,100.0,93.14,98.93,-63.99,0.0,0.000352,5e-06,sirmour_260725_11_19.mp4,2026-07-25 11:15:00+05:30,2026-07-25 13:30:00+05:30,2026-07-25,135,0.4372891873355,76.60476773331015,3.519662598724937,1.3568206666666665,0.3854973676051221
24,118.93,49.67,18.65,34.56,59.84,5.6,1.4,91.98,100.0,93.14,98.93,-63.99,0.0,0.000352,5e-06,sirmour_260725_11_19.mp4,2026-07-25 11:15:00+05:30,2026-07-25 13:45:00+05:30,2026-07-25,150,0.4372891873355,73.3318004239415,3.447906904466182,0.427262,0.12391923907416239
24,118.93,49.67,18.65,34.56,59.84,5.6,1.4,91.98,100.0,93.14,98.93,-63.99,0.0,0.000352,5e-06,sirmour_260725_11_19.mp4,2026-07-25 11:15:00+05:30,2026-07-25 14:00:00+05:30,2026-07-25,165,0.4372891873355,69.99548180142332,3.3593448058619626,0.8367366666666668,0.2490773394879218
24,118.93,49.67,18.65,34.56,59.84,5.6,1.4,91.98,100.0,93.14,98.93,-63.99,0.0,0.000352,5e-06,sirmour_260725_11_19.mp4,2026-07-25 11:15:00+05:30,2026-07-25 14:15:00+05:30,2026-07-25,180,0.4372891873355,66.62459328397836,3.2544785523175634,0.8622653333333333,0.2649473086001139
24,118.93,49.67,18.65,34.56,59.84,5.6,1.4,91.98,100.0,93.14,98.93,-63.99,0.0,0.000352,5e-06,sirmour_260725_11_19.mp4,2026-07-25 11:15:00+05:30,2026-07-25 14:30:00+05:30,2026-07-25,195,0.4372891873355,63.23398102089758,3.133913224534625,0.9445033333333335,0.30138145687604
24,118.93,49.67,18.65,34.56,59.84,5.6,1.4,91.98,100.0,93.14,98.93,-63.99,0.0,0.000352,5e-06,sirmour_260725_11_19.mp4,2026-07-25 11:15:00+05:30,2026-07-25 14:45:00+05:30,2026-07-25,210,0.4372891873355,59.832190456307345,2.998359623490118,0.816654,0.2723669281036433
24,118.93,49.67,18.65,34.56,59.84,5.6,1.4,91.98,100.0,93.14,98.93,-63.99,0.0,0.000352,5e-06,sirmour_260725_11_19.mp4,2026-07-25 11:15:00+05:30,2026-07-25 15:00:00+05:30,2026-07-25,225,0.4372891873355,56.42462088378247,2.848638547492318,0.8797200000000001,0.3088212089155451
24,118.93,49.67,18.65,34.56,59.84,5.6,1.4,91.98,100.0,93.14,98.93,-63.99,0.0,0.000352,5e-06,sirmour_260725_11_19.mp4,2026-07-25 11:15:00+05:30,2026-07-25 15:15:00+05:30,2026-07-25,240,0.4372891873355,53.014980556636175,2.6856869665066614,0.49909466666666663,0.18583501088954207
24,118.84,49.66,19.53,34.75,59.59,5.66,1.482,91.98,100.0,93.14,98.93,-63.65,5e-06,0.000461,4e-05,sirmour_260725_12_49.mp4,2026-07-25 12:45:00+05:30,2026-07-25 13:00:00+05:30,2026-07-25,15,0.24687427507686643,82.60167973019277,3.6112491496564663,1.448708,0.40116534195316156
24,118.84,49.66,19.53,34.75,59.59,5.66,1.482,91.98,100.0,93.14,98.93,-63.65,5e-06,0.000461,4e-05,sirmour_260725_12_49.mp4,2026-07-25 12:45:00+05:30,2026-07-25 13:15:00+05:30,2026-07-25,30,0.24687427507686643,79.75049031245311,3.5742105307282337,1.4049173333333331,0.39307067148254576
24,118.84,49.66,19.53,34.75,59.59,5.66,1.482,91.98,100.0,93.14,98.93,-63.65,5e-06,0.000461,4e-05,sirmour_260725_12_49.mp4,2026-07-25 12:45:00+05:30,2026-07-25 13:30:00+05:30,2026-07-25,45,0.24687427507686643,76.60476773331015,3.519662598724937,1.3568206666666665,0.3854973676051221
24,118.84,49.66,19.53,34.75,59.59,5.66,1.482,91.98,100.0,93.14,98.93,-63.65,5e-06,0.000461,4e-05,sirmour_260725_12_49.mp4,2026-07-25 12:45:00+05:30,2026-07-25 13:45:00+05:30,2026-07-25,60,0.24687427507686643,73.3318004239415,3.447906904466182,0.427262,0.12391923907416239
24,118.84,49.66,19.53,34.75,59.59,5.66,1.482,91.98,100.0,93.14,98.93,-63.65,5e-06,0.000461,4e-05,sirmour_260725_12_49.mp4,2026-07-25 12:45:00+05:30,2026-07-25 14:00:00+05:30,2026-07-25,75,0.24687427507686643,69.99548180142332,3.3593448058619626,0.8367366666666668,0.2490773394879218
24,118.84,49.66,19.53,34.75,59.59,5.66,1.482,91.98,100.0,93.14,98.93,-63.65,5e-06,0.000461,4e-05,sirmour_260725_12_49.mp4,2026-07-25 12:45:00+05:30,2026-07-25 14:15:00+05:30,2026-07-25,90,0.24687427507686643,66.62459328397836,3.2544785523175634,0.8622653333333333,0.2649473086001139
24,118.84,49.66,19.53,34.75,59.59,5.66,1.482,91.98,100.0,93.14,98.93,-63.65,5e-06,0.000461,4e-05,sirmour_260725_12_49.mp4,2026-07-25 12:45:00+05:30,2026-07-25 14:30:00+05:30,2026-07-25,105,0.24687427507686643,63.23398102089758,3.133913224534625,0.9445033333333335,0.30138145687604
24,118.84,49.66,19.53,34.75,59.59,5.66,1.482,91.98,100.0,93.14,98.93,-63.65,5e-06,0.000461,4e-05,sirmour_260725_12_49.mp4,2026-07-25 12:45:00+05:30,2026-07-25 14:45:00+05:30,2026-07-25,120,0.24687427507686643,59.832190456307345,2.998359623490118,0.816654,0.2723669281036433
24,118.84,49.66,19.53,34.75,59.59,5.66,1.482,91.98,100.0,93.14,98.93,-63.65,5e-06,0.000461,4e-05,sirmour_260725_12_49.mp4,2026-07-25 12:45:00+05:30,2026-07-25 15:00:00+05:30,2026-07-25,135,0.24687427507686643,56.42462088378247,2.848638547492318,0.8797200000000001,0.3088212089155451
24,118.84,49.66,19.53,34.75,59.59,5.66,1.482,91.98,100.0,93.14,98.93,-63.65,5e-06,0.000461,4e-05,sirmour_260725_12_49.mp4,2026-07-25 12:45:00+05:30,2026-07-25 15:15:00+05:30,2026-07-25,150,0.24687427507686643,53.014980556636175,2.6856869665066614,0.49909466666666663,0.18583501088954207
24,118.84,49.66,19.53,34.75,59.59,5.66,1.482,91.98,100.0,93.14,98.93,-63.65,5e-06,0.000461,4e-05,sirmour_260725_12_49.mp4,2026-07-25 12:45:00+05:30,2026-07-25 15:30:00+05:30,2026-07-25,165,0.24687427507686643,49.606019644909864,2.5105667886845695,0.2882566666666666,0.114817366327745
24,118.84,49.66,19.53,34.75,59.59,5.66,1.482,91.98,100.0,93.14,98.93,-63.65,5e-06,0.000461,4e-05,sirmour_260725_12_49.mp4,2026-07-25 12:45:00+05:30,2026-07-25 15:45:00+05:30,2026-07-25,180,0.24687427507686643,46.199930232808654,2.324477444666523,0.30662733333333325,0.13191237197714473
24,118.84,49.66,19.53,34.75,59.59,5.66,1.482,91.98,100.0,93.14,98.93,-63.65,5e-06,0.000461,4e-05,sirmour_260725_12_49.mp4,2026-07-25 12:45:00+05:30,2026-07-25 16:00:00+05:30,2026-07-25,195,0.24687427507686643,42.798579904094055,2.128773834868066,0.1728386666666666,0.08119165307073523
24,118.84,49.66,19.53,34.75,59.59,5.66,1.482,91.98,100.0,93.14,98.93,-63.65,5e-06,0.000461,4e-05,sirmour_260725_12_49.mp4,2026-07-25 12:45:00+05:30,2026-07-25 16:15:00+05:30,2026-07-25,210,0.24687427507686643,39.403656732199124,1.924991875173758,0.25683933333333336,0.13342359344251775
24,118.84,49.66,19.53,34.75,59.59,5.66,1.482,91.98,100.0,93.14,98.93,-63.65,5e-06,0.000461,4e-05,sirmour_260725_12_49.mp4,2026-07-25 12:45:00+05:30,2026-07-25 16:30:00+05:30,2026-07-25,225,0.24687427507686643,36.01676872272407,1.7148852067101719,0.3198059999999999,0.18648828431700937
24,118.84,49.66,19.53,34.75,59.59,5.66,1.482,91.98,100.0,93.14,98.93,-63.65,5e-06,0.000461,4e-05,sirmour_260725_12_49.mp4,2026-07-25 12:45:00+05:30,2026-07-25 16:45:00+05:30,2026-07-25,240,0.24687427507686643,32.639518765627585,1.5004780515702945,0.4972873333333333,0.331419265222112
24,129.74,44.03,18.15,22.85,71.54,5.61,1.504,91.82,100.0,92.99,98.93,-40.48,1e-05,1.7e-05,0.0,sirmour_260725_14_19.mp4,2026-07-25 14:15:00+05:30,2026-07-25 14:30:00+05:30,2026-07-25,15,0.25586031369183004,63.23398102089758,3.133913224534625,0.9445033333333335,0.30138145687604
24,129.74,44.03,18.15,22.85,71.54,5.61,1.504,91.82,100.0,92.99,98.93,-40.48,1e-05,1.7e-05,0.0,sirmour_260725_14_19.mp4,2026-07-25 14:15:00+05:30,2026-07-25 14:45:00+05:30,2026-07-25,30,0.25586031369183004,59.832190456307345,2.998359623490118,0.816654,0.2723669281036433
24,129.74,44.03,18.15,22.85,71.54,5.61,1.504,91.82,100.0,92.99,98.93,-40.48,1e-05,1.7e-05,0.0,sirmour_260725_14_19.mp4,2026-07-25 14:15:00+05:30,2026-07-25 15:00:00+05:30,2026-07-25,45,0.25586031369183004,56.42462088378247,2.848638547492318,0.8797200000000001,0.3088212089155451
24,129.74,44.03,18.15,22.85,71.54,5.61,1.504,91.82,100.0,92.99,98.93,-40.48,1e-05,1.7e-05,0.0,sirmour_260725_14_19.mp4,2026-07-25 14:15:00+05:30,2026-07-25 15:15:00+05:30,2026-07-25,60,0.25586031369183004,53.014980556636175,2.6856869665066614,0.49909466666666663,0.18583501088954207
24,129.74,44.03,18.15,22.85,71.54,5.61,1.504,91.82,100.0,92.99,98.93,-40.48,1e-05,1.7e-05,0.0,sirmour_260725_14_19.mp4,2026-07-25 14:15:00+05:30,2026-07-25 15:30:00+05:30,2026-07-25,75,0.25586031369183004,49.606019644909864,2.5105667886845695,0.2882566666666666,0.114817366327745
24,129.74,44.03,18.15,22.85,71.54,5.61,1.504,91.82,100.0,92.99,98.93,-40.48,1e-05,1.7e-05,0.0,sirmour_260725_14_19.mp4,2026-07-25 14:15:00+05:30,2026-07-25 15:45:00+05:30,2026-07-25,90,0.25586031369183004,46.199930232808654,2.324477444666523,0.30662733333333325,0.13191237197714473
24,129.74,44.03,18.15,22.85,71.54,5.61,1.504,91.82,100.0,92.99,98.93,-40.48,1e-05,1.7e-05,0.0,sirmour_260725_14_19.mp4,2026-07-25 14:15:00+05:30,2026-07-25 16:00:00+05:30,2026-07-25,105,0.25586031369183004,42.798579904094055,2.128773834868066,0.1728386666666666,0.08119165307073523
24,129.74,44.03,18.15,22.85,71.54,5.61,1.504,91.82,100.0,92.99,98.93,-40.48,1e-05,1.7e-05,0.0,sirmour_260725_14_19.mp4,2026-07-25 14:15:00+05:30,2026-07-25 16:15:00+05:30,2026-07-25,120,0.25586031369183004,39.403656732199124,1.924991875173758,0.25683933333333336,0.13342359344251775
24,129.74,44.03,18.15,22.85,71.54,5.61,1.504,91.82,100.0,92.99,98.93,-40.48,1e-05,1.7e-05,0.0,sirmour_260725_14_19.mp4,2026-07-25 14:15:00+05:30,2026-07-25 16:30:00+05:30,2026-07-25,135,0.25586031369183004,36.01676872272407,1.7148852067101719,0.3198059999999999,0.18648828431700937
24,129.74,44.03,18.15,22.85,71.54,5.61,1.504,91.82,100.0,92.99,98.93,-40.48,1e-05,1.7e-05,0.0,sirmour_260725_14_19.mp4,2026-07-25 14:15:00+05:30,2026-07-25 16:45:00+05:30,2026-07-25,150,0.25586031369183004,32.639518765627585,1.5004780515702945,0.4972873333333333,0.331419265222112
24,129.74,44.03,18.15,22.85,71.54,5.61,1.504,91.82,100.0,92.99,98.93,-40.48,1e-05,1.7e-05,0.0,sirmour_260725_14_19.mp4,2026-07-25 14:15:00+05:30,2026-07-25 17:00:00+05:30,2026-07-25,165,0.25586031369183004,29.273568166398547,1.284141568787194,0.28374866666666665,0.22096369556407455
24,129.74,44.03,18.15,22.85,71.54,5.61,1.504,91.82,100.0,92.99,98.93,-40.48,1e-05,1.7e-05,0.0,sirmour_260725_14_19.mp4,2026-07-25 14:15:00+05:30,2026-07-25 17:15:00+05:30,2026-07-25,180,0.25586031369183004,25.920703613861612,1.0687046565299954,0.18475,0.17287283148916888
24,129.74,44.03,18.15,22.85,71.54,5.61,1.504,91.82,100.0,92.99,98.93,-40.48,1e-05,1.7e-05,0.0,sirmour_260725_14_19.mp4,2026-07-25 14:15:00+05:30,2026-07-25 17:30:00+05:30,2026-07-25,195,0.25586031369183004,22.58292129472448,0.857613804370535,0.17479866666666666,0.20381979135114794
24,129.74,44.03,18.15,22.85,71.54,5.61,1.504,91.82,100.0,92.99,98.93,-40.48,1e-05,1.7e-05,0.0,sirmour_260725_14_19.mp4,2026-07-25 14:15:00+05:30,2026-07-25 17:45:00+05:30,2026-07-25,210,0.25586031369183004,19.262553773690662,0.6551585821761052,0.27512333333333333,0.4199339531194308
24,129.74,44.03,18.15,22.85,71.54,5.61,1.504,91.82,100.0,92.99,98.93,-40.48,1e-05,1.7e-05,0.0,sirmour_260725_14_19.mp4,2026-07-25 14:15:00+05:30,2026-07-25 18:00:00+05:30,2026-07-25,225,0.25586031369183004,15.962503402064426,0.4667695176910818,0.31679,0.678686135219435
24,199.64,48.35,17.24,5.66,4.54,89.8,4.238,97.39,99.29,99.91,96.88,7.12,0.0,0.054223,0.132069,SIRMOUR_2026-07-25_15-45-23.webm,2026-07-25 15:45:00+05:30,2026-07-25 16:00:00+05:30,2026-07-25,15,0.18534648952749422,42.798579904094055,2.128773834868066,0.1728386666666666,0.08119165307073523
24,199.64,48.35,17.24,5.66,4.54,89.8,4.238,97.39,99.29,99.91,96.88,7.12,0.0,0.054223,0.132069,SIRMOUR_2026-07-25_15-45-23.webm,2026-07-25 15:45:00+05:30,2026-07-25 16:15:00+05:30,2026-07-25,30,0.18534648952749422,39.403656732199124,1.924991875173758,0.25683933333333336,0.13342359344251775
24,199.64,48.35,17.24,5.66,4.54,89.8,4.238,97.39,99.29,99.91,96.88,7.12,0.0,0.054223,0.132069,SIRMOUR_2026-07-25_15-45-23.webm,2026-07-25 15:45:00+05:30,2026-07-25 16:30:00+05:30,2026-07-25,45,0.18534648952749422,36.01676872272407,1.7148852067101719,0.3198059999999999,0.18648828431700937
24,199.64,48.35,17.24,5.66,4.54,89.8,4.238,97.39,99.29,99.91,96.88,7.12,0.0,0.054223,0.132069,SIRMOUR_2026-07-25_15-45-23.webm,2026-07-25 15:45:00+05:30,2026-07-25 16:45:00+05:30,2026-07-25,60,0.18534648952749422,32.639518765627585,1.5004780515702945,0.4972873333333333,0.331419265222112
24,199.64,48.35,17.24,5.66,4.54,89.8,4.238,97.39,99.29,99.91,96.88,7.12,0.0,0.054223,0.132069,SIRMOUR_2026-07-25_15-45-23.webm,2026-07-25 15:45:00+05:30,2026-07-25 17:00:00+05:30,2026-07-25,75,0.18534648952749422,29.273568166398547,1.284141568787194,0.28374866666666665,0.22096369556407455
24,199.64,48.35,17.24,5.66,4.54,89.8,4.238,97.39,99.29,99.91,96.88,7.12,0.0,0.054223,0.132069,SIRMOUR_2026-07-25_15-45-23.webm,2026-07-25 15:45:00+05:30,2026-07-25 17:15:00+05:30,2026-07-25,90,0.18534648952749422,25.920703613861612,1.0687046565299954,0.18475,0.17287283148916888
24,199.64,48.35,17.24,5.66,4.54,89.8,4.238,97.39,99.29,99.91,96.88,7.12,0.0,0.054223,0.132069,SIRMOUR_2026-07-25_15-45-23.webm,2026-07-25 15:45:00+05:30,2026-07-25 17:30:00+05:30,2026-07-25,105,0.18534648952749422,22.58292129472448,0.857613804370535,0.17479866666666666,0.20381979135114794
24,199.64,48.35,17.24,5.66,4.54,89.8,4.238,97.39,99.29,99.91,96.88,7.12,0.0,0.054223,0.132069,SIRMOUR_2026-07-25_15-45-23.webm,2026-07-25 15:45:00+05:30,2026-07-25 17:45:00+05:30,2026-07-25,120,0.18534648952749422,19.262553773690662,0.6551585821761052,0.27512333333333333,0.4199339531194308
24,199.64,48.35,17.24,5.66,4.54,89.8,4.238,97.39,99.29,99.91,96.88,7.12,0.0,0.054223,0.132069,SIRMOUR_2026-07-25_15-45-23.webm,2026-07-25 15:45:00+05:30,2026-07-25 18:00:00+05:30,2026-07-25,135,0.18534648952749422,15.962503402064426,0.4667695176910818,0.31679,0.678686135219435
24,122.45,48.12,19.34,30.82,63.5,5.68,1.533,91.93,100.0,93.04,98.98,-55.76,-0.0,0.00049,3.9e-05,sirmour_260725_15_49.mp4,2026-07-25 15:45:00+05:30,2026-07-25 16:00:00+05:30,2026-07-25,15,0.18534648952749422,42.798579904094055,2.128773834868066,0.1728386666666666,0.08119165307073523
24,122.45,48.12,19.34,30.82,63.5,5.68,1.533,91.93,100.0,93.04,98.98,-55.76,-0.0,0.00049,3.9e-05,sirmour_260725_15_49.mp4,2026-07-25 15:45:00+05:30,2026-07-25 16:15:00+05:30,2026-07-25,30,0.18534648952749422,39.403656732199124,1.924991875173758,0.25683933333333336,0.13342359344251775
24,122.45,48.12,19.34,30.82,63.5,5.68,1.533,91.93,100.0,93.04,98.98,-55.76,-0.0,0.00049,3.9e-05,sirmour_260725_15_49.mp4,2026-07-25 15:45:00+05:30,2026-07-25 16:30:00+05:30,2026-07-25,45,0.18534648952749422,36.01676872272407,1.7148852067101719,0.3198059999999999,0.18648828431700937
24,122.45,48.12,19.34,30.82,63.5,5.68,1.533,91.93,100.0,93.04,98.98,-55.76,-0.0,0.00049,3.9e-05,sirmour_260725_15_49.mp4,2026-07-25 15:45:00+05:30,2026-07-25 16:45:00+05:30,2026-07-25,60,0.18534648952749422,32.639518765627585,1.5004780515702945,0.4972873333333333,0.331419265222112
24,122.45,48.12,19.34,30.82,63.5,5.68,1.533,91.93,100.0,93.04,98.98,-55.76,-0.0,0.00049,3.9e-05,sirmour_260725_15_49.mp4,2026-07-25 15:45:00+05:30,2026-07-25 17:00:00+05:30,2026-07-25,75,0.18534648952749422,29.273568166398547,1.284141568787194,0.28374866666666665,0.22096369556407455
24,122.45,48.12,19.34,30.82,63.5,5.68,1.533,91.93,100.0,93.04,98.98,-55.76,-0.0,0.00049,3.9e-05,sirmour_260725_15_49.mp4,2026-07-25 15:45:00+05:30,2026-07-25 17:15:00+05:30,2026-07-25,90,0.18534648952749422,25.920703613861612,1.0687046565299954,0.18475,0.17287283148916888
24,122.45,48.12,19.34,30.82,63.5,5.68,1.533,91.93,100.0,93.04,98.98,-55.76,-0.0,0.00049,3.9e-05,sirmour_260725_15_49.mp4,2026-07-25 15:45:00+05:30,2026-07-25 17:30:00+05:30,2026-07-25,105,0.18534648952749422,22.58292129472448,0.857613804370535,0.17479866666666666,0.20381979135114794
24,122.45,48.12,19.34,30.82,63.5,5.68,1.533,91.93,100.0,93.04,98.98,-55.76,-0.0,0.00049,3.9e-05,sirmour_260725_15_49.mp4,2026-07-25 15:45:00+05:30,2026-07-25 17:45:00+05:30,2026-07-25,120,0.18534648952749422,19.262553773690662,0.6551585821761052,0.27512333333333333,0.4199339531194308
24,122.45,48.12,19.34,30.82,63.5,5.68,1.533,91.93,100.0,93.04,98.98,-55.76,-0.0,0.00049,3.9e-05,sirmour_260725_15_49.mp4,2026-07-25 15:45:00+05:30,2026-07-25 18:00:00+05:30,2026-07-25,135,0.18534648952749422,15.962503402064426,0.4667695176910818,0.31679,0.678686135219435
24,135.4,24.97,22.33,5.0,86.78,8.23,3.862,95.99,92.95,96.77,92.14,-1.19,0.003361,0.050995,0.17082,SIRMOUR_2026-07-26_06-45-17.webm,2026-07-26 06:45:00+05:30,2026-07-26 07:00:00+05:30,2026-07-26,15,0.9369412330792517,13.209918027865708,0.3251649499064701,0.14881,0.4576446509465533
24,135.4,24.97,22.33,5.0,86.78,8.23,3.862,95.99,92.95,96.77,92.14,-1.19,0.003361,0.050995,0.17082,SIRMOUR_2026-07-26_06-45-17.webm,2026-07-26 06:45:00+05:30,2026-07-26 07:15:00+05:30,2026-07-26,30,0.9369412330792517,16.49030495588008,0.4968336795026054,0.20665866666666668,0.4159514042477126
24,135.4,24.97,22.33,5.0,86.78,8.23,3.862,95.99,92.95,96.77,92.14,-1.19,0.003361,0.050995,0.17082,SIRMOUR_2026-07-26_06-45-17.webm,2026-07-26 06:45:00+05:30,2026-07-26 07:30:00+05:30,2026-07-26,45,0.9369412330792517,19.79422582248503,0.6882425080330576,0.21933666666666665,0.3186909615529465
24,135.4,24.97,22.33,5.0,86.78,8.23,3.862,95.99,92.95,96.77,92.14,-1.19,0.003361,0.050995,0.17082,SIRMOUR_2026-07-26_06-45-17.webm,2026-07-26 06:45:00+05:30,2026-07-26 07:45:00+05:30,2026-07-26,60,0.9369412330792517,23.11792325888208,0.8927430352900522,0.27797200000000005,0.31136843303368583
24,135.4,24.97,22.33,5.0,86.78,8.23,3.862,95.99,92.95,96.77,92.14,-1.19,0.003361,0.050995,0.17082,SIRMOUR_2026-07-26_06-45-17.webm,2026-07-26 06:45:00+05:30,2026-07-26 08:00:00+05:30,2026-07-26,75,0.9369412330792517,26.4585982133083,1.105106640458911,0.33948533333333325,0.30719689928960814
24,135.4,24.97,22.33,5.0,86.78,8.23,3.862,95.99,92.95,96.77,92.14,-1.19,0.003361,0.050995,0.17082,SIRMOUR_2026-07-26_06-45-17.webm,2026-07-26 06:45:00+05:30,2026-07-26 08:15:00+05:30,2026-07-26,90,0.9369412330792517,29.81396982208986,1.3211958101496262,0.34725200000000006,0.2628315934188995
24,135.4,24.97,22.33,5.0,86.78,8.23,3.862,95.99,92.95,96.77,92.14,-1.19,0.003361,0.050995,0.17082,SIRMOUR_2026-07-26_06-45-17.webm,2026-07-26 06:45:00+05:30,2026-07-26 08:30:00+05:30,2026-07-26,105,0.9369412330792517,33.182064863743236,1.5376756693685465,0.5246886666666667,0.3412219345852903
24,135.4,24.97,22.33,5.0,86.78,8.23,3.862,95.99,92.95,96.77,92.14,-1.19,0.003361,0.050995,0.17082,SIRMOUR_2026-07-26_06-45-17.webm,2026-07-26 06:45:00+05:30,2026-07-26 08:45:00+05:30,2026-07-26,120,0.9369412330792517,36.56109954921232,1.7517994859021726,0.6477520000000001,0.36976378016597566
24,135.4,24.97,22.33,5.0,86.78,8.23,3.862,95.99,92.95,96.77,92.14,-1.19,0.003361,0.050995,0.17082,SIRMOUR_2026-07-26_06-45-17.webm,2026-07-26 06:45:00+05:30,2026-07-26 09:00:00+05:30,2026-07-26,135,0.9369412330792517,39.94939785653164,1.9612576011719027,0.5366193333333333,0.27360981699328496
24,135.4,24.97,22.33,5.0,86.78,8.23,3.862,95.99,92.95,96.77,92.14,-1.19,0.003361,0.050995,0.17082,SIRMOUR_2026-07-26_06-45-17.webm,2026-07-26 06:45:00+05:30,2026-07-26 09:15:00+05:30,2026-07-26,150,0.9369412330792517,43.345323411812146,2.1640729514244863,0.5308466666666666,0.2452998020779477
24,135.4,24.97,22.33,5.0,86.78,8.23,3.862,95.99,92.95,96.77,92.14,-1.19,0.003361,0.050995,0.17082,SIRMOUR_2026-07-26_06-45-17.webm,2026-07-26 06:45:00+05:30,2026-07-26 09:30:00+05:30,2026-07-26,165,0.9369412330792517,46.74721170914672,2.3585291058845113,0.46822733333333333,0.19852514525477336
24,135.4,24.97,22.33,5.0,86.78,8.23,3.862,95.99,92.95,96.77,92.14,-1.19,0.003361,0.050995,0.17082,SIRMOUR_2026-07-26_06-45-17.webm,2026-07-26 06:45:00+05:30,2026-07-26 09:45:00+05:30,2026-07-26,180,0.9369412330792517,50.15328712268307,2.5431204368841525,0.38649200000000006,0.15197550001742446
24,135.4,24.97,22.33,5.0,86.78,8.23,3.862,95.99,92.95,96.77,92.14,-1.19,0.003361,0.050995,0.17082,SIRMOUR_2026-07-26_06-45-17.webm,2026-07-26 06:45:00+05:30,2026-07-26 10:00:00+05:30,2026-07-26,195,0.9369412330792517,53.56154966491075,2.716517497363663,0.7867373333333334,0.28961246673244306
24,135.4,24.97,22.33,5.0,86.78,8.23,3.862,95.99,92.95,96.77,92.14,-1.19,0.003361,0.050995,0.17082,SIRMOUR_2026-07-26_06-45-17.webm,2026-07-26 06:45:00+05:30,2026-07-26 10:15:00+05:30,2026-07-26,210,0.9369412330792517,56.969606373700934,2.877542923639456,0.5779473333333333,0.20084751076531557
24,135.4,24.97,22.33,5.0,86.78,8.23,3.862,95.99,92.95,96.77,92.14,-1.19,0.003361,0.050995,0.17082,SIRMOUR_2026-07-26_06-45-17.webm,2026-07-26 06:45:00+05:30,2026-07-26 10:30:00+05:30,2026-07-26,225,0.9369412330792517,60.37439608517798,3.025154502393565,0.5023026666666666,0.1660419876965736
24,135.4,24.97,22.33,5.0,86.78,8.23,3.862,95.99,92.95,96.77,92.14,-1.19,0.003361,0.050995,0.17082,SIRMOUR_2026-07-26_06-45-17.webm,2026-07-26 06:45:00+05:30,2026-07-26 10:45:00+05:30,2026-07-26,240,0.9369412330792517,63.77171253659193,3.1584333025986178,0.659176,0.20870347316109522
24,122.44,48.31,18.51,30.66,63.74,5.61,1.487,91.88,100.0,92.99,98.98,-56.1,5e-06,0.000648,3.1e-05,sirmour_260726_06_49.mp4,2026-07-26 06:45:00+05:30,2026-07-26 07:00:00+05:30,2026-07-26,15,0.9369412330792517,13.209918027865708,0.3251649499064701,0.14881,0.4576446509465533
24,122.44,48.31,18.51,30.66,63.74,5.61,1.487,91.88,100.0,92.99,98.98,-56.1,5e-06,0.000648,3.1e-05,sirmour_260726_06_49.mp4,2026-07-26 06:45:00+05:30,2026-07-26 07:15:00+05:30,2026-07-26,30,0.9369412330792517,16.49030495588008,0.4968336795026054,0.20665866666666668,0.4159514042477126
24,122.44,48.31,18.51,30.66,63.74,5.61,1.487,91.88,100.0,92.99,98.98,-56.1,5e-06,0.000648,3.1e-05,sirmour_260726_06_49.mp4,2026-07-26 06:45:00+05:30,2026-07-26 07:30:00+05:30,2026-07-26,45,0.9369412330792517,19.79422582248503,0.6882425080330576,0.21933666666666665,0.3186909615529465
24,122.44,48.31,18.51,30.66,63.74,5.61,1.487,91.88,100.0,92.99,98.98,-56.1,5e-06,0.000648,3.1e-05,sirmour_260726_06_49.mp4,2026-07-26 06:45:00+05:30,2026-07-26 07:45:00+05:30,2026-07-26,60,0.9369412330792517,23.11792325888208,0.8927430352900522,0.27797200000000005,0.31136843303368583
24,122.44,48.31,18.51,30.66,63.74,5.61,1.487,91.88,100.0,92.99,98.98,-56.1,5e-06,0.000648,3.1e-05,sirmour_260726_06_49.mp4,2026-07-26 06:45:00+05:30,2026-07-26 08:00:00+05:30,2026-07-26,75,0.9369412330792517,26.4585982133083,1.105106640458911,0.33948533333333325,0.30719689928960814
24,122.44,48.31,18.51,30.66,63.74,5.61,1.487,91.88,100.0,92.99,98.98,-56.1,5e-06,0.000648,3.1e-05,sirmour_260726_06_49.mp4,2026-07-26 06:45:00+05:30,2026-07-26 08:15:00+05:30,2026-07-26,90,0.9369412330792517,29.81396982208986,1.3211958101496262,0.34725200000000006,0.2628315934188995
24,122.44,48.31,18.51,30.66,63.74,5.61,1.487,91.88,100.0,92.99,98.98,-56.1,5e-06,0.000648,3.1e-05,sirmour_260726_06_49.mp4,2026-07-26 06:45:00+05:30,2026-07-26 08:30:00+05:30,2026-07-26,105,0.9369412330792517,33.182064863743236,1.5376756693685465,0.5246886666666667,0.3412219345852903
24,122.44,48.31,18.51,30.66,63.74,5.61,1.487,91.88,100.0,92.99,98.98,-56.1,5e-06,0.000648,3.1e-05,sirmour_260726_06_49.mp4,2026-07-26 06:45:00+05:30,2026-07-26 08:45:00+05:30,2026-07-26,120,0.9369412330792517,36.56109954921232,1.7517994859021726,0.6477520000000001,0.36976378016597566
24,122.44,48.31,18.51,30.66,63.74,5.61,1.487,91.88,100.0,92.99,98.98,-56.1,5e-06,0.000648,3.1e-05,sirmour_260726_06_49.mp4,2026-07-26 06:45:00+05:30,2026-07-26 09:00:00+05:30,2026-07-26,135,0.9369412330792517,39.94939785653164,1.9612576011719027,0.5366193333333333,0.27360981699328496
24,122.44,48.31,18.51,30.66,63.74,5.61,1.487,91.88,100.0,92.99,98.98,-56.1,5e-06,0.000648,3.1e-05,sirmour_260726_06_49.mp4,2026-07-26 06:45:00+05:30,2026-07-26 09:15:00+05:30,2026-07-26,150,0.9369412330792517,43.345323411812146,2.1640729514244863,0.5308466666666666,0.2452998020779477
24,122.44,48.31,18.51,30.66,63.74,5.61,1.487,91.88,100.0,92.99,98.98,-56.1,5e-06,0.000648,3.1e-05,sirmour_260726_06_49.mp4,2026-07-26 06:45:00+05:30,2026-07-26 09:30:00+05:30,2026-07-26,165,0.9369412330792517,46.74721170914672,2.3585291058845113,0.46822733333333333,0.19852514525477336
24,122.44,48.31,18.51,30.66,63.74,5.61,1.487,91.88,100.0,92.99,98.98,-56.1,5e-06,0.000648,3.1e-05,sirmour_260726_06_49.mp4,2026-07-26 06:45:00+05:30,2026-07-26 09:45:00+05:30,2026-07-26,180,0.9369412330792517,50.15328712268307,2.5431204368841525,0.38649200000000006,0.15197550001742446
24,122.44,48.31,18.51,30.66,63.74,5.61,1.487,91.88,100.0,92.99,98.98,-56.1,5e-06,0.000648,3.1e-05,sirmour_260726_06_49.mp4,2026-07-26 06:45:00+05:30,2026-07-26 10:00:00+05:30,2026-07-26,195,0.9369412330792517,53.56154966491075,2.716517497363663,0.7867373333333334,0.28961246673244306
24,122.44,48.31,18.51,30.66,63.74,5.61,1.487,91.88,100.0,92.99,98.98,-56.1,5e-06,0.000648,3.1e-05,sirmour_260726_06_49.mp4,2026-07-26 06:45:00+05:30,2026-07-26 10:15:00+05:30,2026-07-26,210,0.9369412330792517,56.969606373700934,2.877542923639456,0.5779473333333333,0.20084751076531557
24,122.44,48.31,18.51,30.66,63.74,5.61,1.487,91.88,100.0,92.99,98.98,-56.1,5e-06,0.000648,3.1e-05,sirmour_260726_06_49.mp4,2026-07-26 06:45:00+05:30,2026-07-26 10:30:00+05:30,2026-07-26,225,0.9369412330792517,60.37439608517798,3.025154502393565,0.5023026666666666,0.1660419876965736
24,122.44,48.31,18.51,30.66,63.74,5.61,1.487,91.88,100.0,92.99,98.98,-56.1,5e-06,0.000648,3.1e-05,sirmour_260726_06_49.mp4,2026-07-26 06:45:00+05:30,2026-07-26 10:45:00+05:30,2026-07-26,240,0.9369412330792517,63.77171253659193,3.1584333025986178,0.659176,0.20870347316109522
24,135.42,24.96,21.29,4.7,87.31,8.0,3.623,95.99,92.86,96.5,92.32,-1.61,0.0,0.041984,0.085958,SIRMOUR_2026-07-26_08-15-11.webm,2026-07-26 08:15:00+05:30,2026-07-26 08:30:00+05:30,2026-07-26,15,0.300021971823785,33.182064863743236,1.5376756693685465,0.5246886666666667,0.3412219345852903
24,135.42,24.96,21.29,4.7,87.31,8.0,3.623,95.99,92.86,96.5,92.32,-1.61,0.0,0.041984,0.085958,SIRMOUR_2026-07-26_08-15-11.webm,2026-07-26 08:15:00+05:30,2026-07-26 08:45:00+05:30,2026-07-26,30,0.300021971823785,36.56109954921232,1.7517994859021726,0.6477520000000001,0.36976378016597566
24,135.42,24.96,21.29,4.7,87.31,8.0,3.623,95.99,92.86,96.5,92.32,-1.61,0.0,0.041984,0.085958,SIRMOUR_2026-07-26_08-15-11.webm,2026-07-26 08:15:00+05:30,2026-07-26 09:00:00+05:30,2026-07-26,45,0.300021971823785,39.94939785653164,1.9612576011719027,0.5366193333333333,0.27360981699328496
24,135.42,24.96,21.29,4.7,87.31,8.0,3.623,95.99,92.86,96.5,92.32,-1.61,0.0,0.041984,0.085958,SIRMOUR_2026-07-26_08-15-11.webm,2026-07-26 08:15:00+05:30,2026-07-26 09:15:00+05:30,2026-07-26,60,0.300021971823785,43.345323411812146,2.1640729514244863,0.5308466666666666,0.2452998020779477
24,135.42,24.96,21.29,4.7,87.31,8.0,3.623,95.99,92.86,96.5,92.32,-1.61,0.0,0.041984,0.085958,SIRMOUR_2026-07-26_08-15-11.webm,2026-07-26 08:15:00+05:30,2026-07-26 09:30:00+05:30,2026-07-26,75,0.300021971823785,46.74721170914672,2.3585291058845113,0.46822733333333333,0.19852514525477336
24,135.42,24.96,21.29,4.7,87.31,8.0,3.623,95.99,92.86,96.5,92.32,-1.61,0.0,0.041984,0.085958,SIRMOUR_2026-07-26_08-15-11.webm,2026-07-26 08:15:00+05:30,2026-07-26 09:45:00+05:30,2026-07-26,90,0.300021971823785,50.15328712268307,2.5431204368841525,0.38649200000000006,0.15197550001742446
24,135.42,24.96,21.29,4.7,87.31,8.0,3.623,95.99,92.86,96.5,92.32,-1.61,0.0,0.041984,0.085958,SIRMOUR_2026-07-26_08-15-11.webm,2026-07-26 08:15:00+05:30,2026-07-26 10:00:00+05:30,2026-07-26,105,0.300021971823785,53.56154966491075,2.716517497363663,0.7867373333333334,0.28961246673244306
24,135.42,24.96,21.29,4.7,87.31,8.0,3.623,95.99,92.86,96.5,92.32,-1.61,0.0,0.041984,0.085958,SIRMOUR_2026-07-26_08-15-11.webm,2026-07-26 08:15:00+05:30,2026-07-26 10:15:00+05:30,2026-07-26,120,0.300021971823785,56.969606373700934,2.877542923639456,0.5779473333333333,0.20084751076531557
24,135.42,24.96,21.29,4.7,87.31,8.0,3.623,95.99,92.86,96.5,92.32,-1.61,0.0,0.041984,0.085958,SIRMOUR_2026-07-26_08-15-11.webm,2026-07-26 08:15:00+05:30,2026-07-26 10:30:00+05:30,2026-07-26,135,0.300021971823785,60.37439608517798,3.025154502393565,0.5023026666666666,0.1660419876965736
24,135.42,24.96,21.29,4.7,87.31,8.0,3.623,95.99,92.86,96.5,92.32,-1.61,0.0,0.041984,0.085958,SIRMOUR_2026-07-26_08-15-11.webm,2026-07-26 08:15:00+05:30,2026-07-26 10:45:00+05:30,2026-07-26,150,0.300021971823785,63.77171253659193,3.1584333025986178,0.659176,0.20870347316109522
24,135.42,24.96,21.29,4.7,87.31,8.0,3.623,95.99,92.86,96.5,92.32,-1.61,0.0,0.041984,0.085958,SIRMOUR_2026-07-26_08-15-11.webm,2026-07-26 08:15:00+05:30,2026-07-26 11:00:00+05:30,2026-07-26,165,0.300021971823785,67.15532053619829,3.2765754174852875,0.9000720000000001,0.2746990028664712
24,135.42,24.96,21.29,4.7,87.31,8.0,3.623,95.99,92.86,96.5,92.32,-1.61,0.0,0.041984,0.085958,SIRMOUR_2026-07-26_08-15-11.webm,2026-07-26 08:15:00+05:30,2026-07-26 11:15:00+05:30,2026-07-26,180,0.300021971823785,70.51518184774055,3.3788861556830447,0.8221093333333334,0.24330779299876804
24,135.42,24.96,21.29,4.7,87.31,8.0,3.623,95.99,92.86,96.5,92.32,-1.61,0.0,0.041984,0.085958,SIRMOUR_2026-07-26_08-15-11.webm,2026-07-26 08:15:00+05:30,2026-07-26 11:30:00+05:30,2026-07-26,195,0.300021971823785,73.83356121319741,3.4647760287399794,0.7160480000000001,0.20666501790027747
24,135.42,24.96,21.29,4.7,87.31,8.0,3.623,95.99,92.86,96.5,92.32,-1.61,0.0,0.041984,0.085958,SIRMOUR_2026-07-26_08-15-11.webm,2026-07-26 08:15:00+05:30,2026-07-26 11:45:00+05:30,2026-07-26,210,0.300021971823785,77.07547791990353,3.5337580573954788,0.9061553333333334,0.256428232667747
24,135.42,24.96,21.29,4.7,87.31,8.0,3.623,95.99,92.86,96.5,92.32,-1.61,0.0,0.041984,0.085958,SIRMOUR_2026-07-26_08-15-11.webm,2026-07-26 08:15:00+05:30,2026-07-26 12:00:00+05:30,2026-07-26,225,0.300021971823785,80.16194285888204,3.5854459897191804,1.5082686666666671,0.4206641714842281
24,135.42,24.96,21.29,4.7,87.31,8.0,3.623,95.99,92.86,96.5,92.32,-1.61,0.0,0.041984,0.085958,SIRMOUR_2026-07-26_08-15-11.webm,2026-07-26 08:15:00+05:30,2026-07-26 12:15:00+05:30,2026-07-26,240,0.300021971823785,82.88445845127372,3.6195533788507777,1.6544813333333335,0.45709543696759564
24,129.8,43.93,18.12,22.81,71.59,5.6,1.482,91.98,100.0,93.09,98.98,-40.45,5e-06,7e-06,0.0,sirmour_260726_08_18.mp4,2026-07-26 08:15:00+05:30,2026-07-26 08:30:00+05:30,2026-07-26,15,0.300021971823785,33.182064863743236,1.5376756693685465,0.5246886666666667,0.3412219345852903
24,129.8,43.93,18.12,22.81,71.59,5.6,1.482,91.98,100.0,93.09,98.98,-40.45,5e-06,7e-06,0.0,sirmour_260726_08_18.mp4,2026-07-26 08:15:00+05:30,2026-07-26 08:45:00+05:30,2026-07-26,30,0.300021971823785,36.56109954921232,1.7517994859021726,0.6477520000000001,0.36976378016597566
24,129.8,43.93,18.12,22.81,71.59,5.6,1.482,91.98,100.0,93.09,98.98,-40.45,5e-06,7e-06,0.0,sirmour_260726_08_18.mp4,2026-07-26 08:15:00+05:30,2026-07-26 09:00:00+05:30,2026-07-26,45,0.300021971823785,39.94939785653164,1.9612576011719027,0.5366193333333333,0.27360981699328496
24,129.8,43.93,18.12,22.81,71.59,5.6,1.482,91.98,100.0,93.09,98.98,-40.45,5e-06,7e-06,0.0,sirmour_260726_08_18.mp4,2026-07-26 08:15:00+05:30,2026-07-26 09:15:00+05:30,2026-07-26,60,0.300021971823785,43.345323411812146,2.1640729514244863,0.5308466666666666,0.2452998020779477
24,129.8,43.93,18.12,22.81,71.59,5.6,1.482,91.98,100.0,93.09,98.98,-40.45,5e-06,7e-06,0.0,sirmour_260726_08_18.mp4,2026-07-26 08:15:00+05:30,2026-07-26 09:30:00+05:30,2026-07-26,75,0.300021971823785,46.74721170914672,2.3585291058845113,0.46822733333333333,0.19852514525477336
24,129.8,43.93,18.12,22.81,71.59,5.6,1.482,91.98,100.0,93.09,98.98,-40.45,5e-06,7e-06,0.0,sirmour_260726_08_18.mp4,2026-07-26 08:15:00+05:30,2026-07-26 09:45:00+05:30,2026-07-26,90,0.300021971823785,50.15328712268307,2.5431204368841525,0.38649200000000006,0.15197550001742446
24,129.8,43.93,18.12,22.81,71.59,5.6,1.482,91.98,100.0,93.09,98.98,-40.45,5e-06,7e-06,0.0,sirmour_260726_08_18.mp4,2026-07-26 08:15:00+05:30,2026-07-26 10:00:00+05:30,2026-07-26,105,0.300021971823785,53.56154966491075,2.716517497363663,0.7867373333333334,0.28961246673244306
24,129.8,43.93,18.12,22.81,71.59,5.6,1.482,91.98,100.0,93.09,98.98,-40.45,5e-06,7e-06,0.0,sirmour_260726_08_18.mp4,2026-07-26 08:15:00+05:30,2026-07-26 10:15:00+05:30,2026-07-26,120,0.300021971823785,56.969606373700934,2.877542923639456,0.5779473333333333,0.20084751076531557
24,129.8,43.93,18.12,22.81,71.59,5.6,1.482,91.98,100.0,93.09,98.98,-40.45,5e-06,7e-06,0.0,sirmour_260726_08_18.mp4,2026-07-26 08:15:00+05:30,2026-07-26 10:30:00+05:30,2026-07-26,135,0.300021971823785,60.37439608517798,3.025154502393565,0.5023026666666666,0.1660419876965736
24,129.8,43.93,18.12,22.81,71.59,5.6,1.482,91.98,100.0,93.09,98.98,-40.45,5e-06,7e-06,0.0,sirmour_260726_08_18.mp4,2026-07-26 08:15:00+05:30,2026-07-26 10:45:00+05:30,2026-07-26,150,0.300021971823785,63.77171253659193,3.1584333025986178,0.659176,0.20870347316109522
24,129.8,43.93,18.12,22.81,71.59,5.6,1.482,91.98,100.0,93.09,98.98,-40.45,5e-06,7e-06,0.0,sirmour_260726_08_18.mp4,2026-07-26 08:15:00+05:30,2026-07-26 11:00:00+05:30,2026-07-26,165,0.300021971823785,67.15532053619829,3.2765754174852875,0.9000720000000001,0.2746990028664712
24,129.8,43.93,18.12,22.81,71.59,5.6,1.482,91.98,100.0,93.09,98.98,-40.45,5e-06,7e-06,0.0,sirmour_260726_08_18.mp4,2026-07-26 08:15:00+05:30,2026-07-26 11:15:00+05:30,2026-07-26,180,0.300021971823785,70.51518184774055,3.3788861556830447,0.8221093333333334,0.24330779299876804
24,129.8,43.93,18.12,22.81,71.59,5.6,1.482,91.98,100.0,93.09,98.98,-40.45,5e-06,7e-06,0.0,sirmour_260726_08_18.mp4,2026-07-26 08:15:00+05:30,2026-07-26 11:30:00+05:30,2026-07-26,195,0.300021971823785,73.83356121319741,3.4647760287399794,0.7160480000000001,0.20666501790027747
24,129.8,43.93,18.12,22.81,71.59,5.6,1.482,91.98,100.0,93.09,98.98,-40.45,5e-06,7e-06,0.0,sirmour_260726_08_18.mp4,2026-07-26 08:15:00+05:30,2026-07-26 11:45:00+05:30,2026-07-26,210,0.300021971823785,77.07547791990353,3.5337580573954788,0.9061553333333334,0.256428232667747
24,129.8,43.93,18.12,22.81,71.59,5.6,1.482,91.98,100.0,93.09,98.98,-40.45,5e-06,7e-06,0.0,sirmour_260726_08_18.mp4,2026-07-26 08:15:00+05:30,2026-07-26 12:00:00+05:30,2026-07-26,225,0.300021971823785,80.16194285888204,3.5854459897191804,1.5082686666666671,0.4206641714842281
24,129.8,43.93,18.12,22.81,71.59,5.6,1.482,91.98,100.0,93.09,98.98,-40.45,5e-06,7e-06,0.0,sirmour_260726_08_18.mp4,2026-07-26 08:15:00+05:30,2026-07-26 12:15:00+05:30,2026-07-26,240,0.300021971823785,82.88445845127372,3.6195533788507777,1.6544813333333335,0.45709543696759564
24,135.17,25.01,22.36,5.03,86.81,8.17,3.731,95.7,92.33,96.04,91.96,-1.07,0.001687,0.040454,0.123208,SIRMOUR_2026-07-27_06-45-10.webm,2026-07-27 06:45:00+05:30,2026-07-27 07:00:00+05:30,2026-07-27,15,1.194734248343666,13.128811491383019,0.3226024106579484,0.28842833333333334,0.8940675078809331
24,135.17,25.01,22.36,5.03,86.81,8.17,3.731,95.7,92.33,96.04,91.96,-1.07,0.001687,0.040454,0.123208,SIRMOUR_2026-07-27_06-45-10.webm,2026-07-27 06:45:00+05:30,2026-07-27 07:15:00+05:30,2026-07-27,30,1.194734248343666,16.412331937344135,0.4944321108496065,0.2996471428571429,0.6060430467233303
24,135.17,25.01,22.36,5.03,86.81,8.17,3.731,95.7,92.33,96.04,91.96,-1.07,0.001687,0.040454,0.123208,SIRMOUR_2026-07-27_06-45-10.webm,2026-07-27 06:45:00+05:30,2026-07-27 07:30:00+05:30,2026-07-27,45,1.194734248343666,19.719237528261583,0.6861515116749684,0.44599571428571433,0.649995965463942
24,135.17,25.01,22.36,5.03,86.81,8.17,3.731,95.7,92.33,96.04,91.96,-1.07,0.001687,0.040454,0.123208,SIRMOUR_2026-07-27_06-45-10.webm,2026-07-27 06:45:00+05:30,2026-07-27 07:45:00+05:30,2026-07-27,60,1.194734248343666,23.045739165680253,0.8910476356846447,0.3804453333333333,0.42696407924478086
24,135.17,25.01,22.36,5.03,86.81,8.17,3.731,95.7,92.33,96.04,91.96,-1.07,0.001687,0.040454,0.123208,SIRMOUR_2026-07-27_06-45-10.webm,2026-07-27 06:45:00+05:30,2026-07-27 08:00:00+05:30,2026-07-27,75,1.194734248343666,26.389021418329627,1.1038513282754274,0.31368333333333337,0.28417172249401385
24,135.17,25.01,22.36,5.03,86.81,8.17,3.731,95.7,92.33,96.04,91.96,-1.07,0.001687,0.040454,0.123208,SIRMOUR_2026-07-27_06-45-10.webm,2026-07-27 06:45:00+05:30,2026-07-27 08:15:00+05:30,2026-07-27,90,1.194734248343666,29.746790960820388,1.32039976152889,0.8920566666666666,0.6755959010729863
24,135.17,25.01,22.36,5.03,86.81,8.17,3.731,95.7,92.33,96.04,91.96,-1.07,0.001687,0.040454,0.123208,SIRMOUR_2026-07-27_06-45-10.webm,2026-07-27 06:45:00+05:30,2026-07-27 08:30:00+05:30,2026-07-27,105,1.194734248343666,33.11706115943433,1.5373420358746295,0.9354126666666666,0.6084609962118733
24,135.17,25.01,22.36,5.03,86.81,8.17,3.731,95.7,92.33,96.04,91.96,-1.07,0.001687,0.040454,0.123208,SIRMOUR_2026-07-27_06-45-10.webm,2026-07-27 06:45:00+05:30,2026-07-27 08:45:00+05:30,2026-07-27,120,1.194734248343666,36.49803102799985,1.7519210309123239,1.0117246666666668,0.5774944468471874
24,135.17,25.01,22.36,5.03,86.81,8.17,3.731,95.7,92.33,96.04,91.96,-1.07,0.001687,0.040454,0.123208,SIRMOUR_2026-07-27_06-45-10.webm,2026-07-27 06:45:00+05:30,2026-07-27 09:00:00+05:30,2026-07-27,135,1.194734248343666,39.888001187336705,1.9618201467843748,0.9962784615384614,0.507833739586916
24,135.17,25.01,22.36,5.03,86.81,8.17,3.731,95.7,92.33,96.04,91.96,-1.07,0.001687,0.040454,0.123208,SIRMOUR_2026-07-27_06-45-10.webm,2026-07-27 06:45:00+05:30,2026-07-27 09:15:00+05:30,2026-07-27,150,1.194734248343666,43.285303056458986,2.1650575172878592,0.63157,0.2917104949669697
24,135.17,25.01,22.36,5.03,86.81,8.17,3.731,95.7,92.33,96.04,91.96,-1.07,0.001687,0.040454,0.123208,SIRMOUR_2026-07-27_06-45-10.webm,2026-07-27 06:45:00+05:30,2026-07-27 09:30:00+05:30,2026-07-27,165,1.194734248343666,46.68822749112983,2.3599132621584316,0.768653076923077,0.32571242733728656
24,135.17,25.01,22.36,5.03,86.81,8.17,3.731,95.7,92.33,96.04,91.96,-1.07,0.001687,0.040454,0.123208,SIRMOUR_2026-07-27_06-45-10.webm,2026-07-27 06:45:00+05:30,2026-07-27 09:45:00+05:30,2026-07-27,180,1.194734248343666,50.094936591559,2.544879179823086,0.3705600000000001,0.14561005604429542
24,135.17,25.01,22.36,5.03,86.81,8.17,3.731,95.7,92.33,96.04,91.96,-1.07,0.001687,0.040454,0.123208,SIRMOUR_2026-07-27_06-45-10.webm,2026-07-27 06:45:00+05:30,2026-07-27 10:00:00+05:30,2026-07-27,195,1.194734248343666,53.50334251788865,2.7186238320776175,0.5996260000000001,0.2205623274999969
24,135.17,25.01,22.36,5.03,86.81,8.17,3.731,95.7,92.33,96.04,91.96,-1.07,0.001687,0.040454,0.123208,SIRMOUR_2026-07-27_06-45-10.webm,2026-07-27 06:45:00+05:30,2026-07-27 10:15:00+05:30,2026-07-27,210,1.194734248343666,56.91092626487762,2.879968265788888,0.7520226666666665,0.2611218587371033
24,135.17,25.01,22.36,5.03,86.81,8.17,3.731,95.7,92.33,96.04,91.96,-1.07,0.001687,0.040454,0.123208,SIRMOUR_2026-07-27_06-45-10.webm,2026-07-27 06:45:00+05:30,2026-07-27 10:30:00+05:30,2026-07-27,225,1.194734248343666,60.314441610875924,3.027868967063569,1.1262786666666664,0.3719707421021369
24,135.17,25.01,22.36,5.03,86.81,8.17,3.731,95.7,92.33,96.04,91.96,-1.07,0.001687,0.040454,0.123208,SIRMOUR_2026-07-27_06-45-10.webm,2026-07-27 06:45:00+05:30,2026-07-27 10:45:00+05:30,2026-07-27,240,1.194734248343666,63.70940234672662,3.1614059227007103,1.3248533333333332,0.41907093417524316
24,135.47,24.95,22.19,4.94,86.95,8.12,3.78,96.08,92.95,96.31,92.68,-1.15,0.001212,0.05131,0.138929,SIRMOUR_2026-07-27_08-15-20.webm,2026-07-27 08:15:00+05:30,2026-07-27 08:30:00+05:30,2026-07-27,15,0.5091819170689308,33.11706115943433,1.5373420358746295,0.9354126666666666,0.6084609962118733
24,135.47,24.95,22.19,4.94,86.95,8.12,3.78,96.08,92.95,96.31,92.68,-1.15,0.001212,0.05131,0.138929,SIRMOUR_2026-07-27_08-15-20.webm,2026-07-27 08:15:00+05:30,2026-07-27 08:45:00+05:30,2026-07-27,30,0.5091819170689308,36.49803102799985,1.7519210309123239,1.0117246666666668,0.5774944468471874
24,135.47,24.95,22.19,4.94,86.95,8.12,3.78,96.08,92.95,96.31,92.68,-1.15,0.001212,0.05131,0.138929,SIRMOUR_2026-07-27_08-15-20.webm,2026-07-27 08:15:00+05:30,2026-07-27 09:00:00+05:30,2026-07-27,45,0.5091819170689308,39.888001187336705,1.9618201467843748,0.9962784615384614,0.507833739586916
24,135.47,24.95,22.19,4.94,86.95,8.12,3.78,96.08,92.95,96.31,92.68,-1.15,0.001212,0.05131,0.138929,SIRMOUR_2026-07-27_08-15-20.webm,2026-07-27 08:15:00+05:30,2026-07-27 09:15:00+05:30,2026-07-27,60,0.5091819170689308,43.285303056458986,2.1650575172878592,0.63157,0.2917104949669697
24,135.47,24.95,22.19,4.94,86.95,8.12,3.78,96.08,92.95,96.31,92.68,-1.15,0.001212,0.05131,0.138929,SIRMOUR_2026-07-27_08-15-20.webm,2026-07-27 08:15:00+05:30,2026-07-27 09:30:00+05:30,2026-07-27,75,0.5091819170689308,46.68822749112983,2.3599132621584316,0.768653076923077,0.32571242733728656
24,135.47,24.95,22.19,4.94,86.95,8.12,3.78,96.08,92.95,96.31,92.68,-1.15,0.001212,0.05131,0.138929,SIRMOUR_2026-07-27_08-15-20.webm,2026-07-27 08:15:00+05:30,2026-07-27 09:45:00+05:30,2026-07-27,90,0.5091819170689308,50.094936591559,2.544879179823086,0.3705600000000001,0.14561005604429542
24,135.47,24.95,22.19,4.94,86.95,8.12,3.78,96.08,92.95,96.31,92.68,-1.15,0.001212,0.05131,0.138929,SIRMOUR_2026-07-27_08-15-20.webm,2026-07-27 08:15:00+05:30,2026-07-27 10:00:00+05:30,2026-07-27,105,0.5091819170689308,53.50334251788865,2.7186238320776175,0.5996260000000001,0.2205623274999969
24,135.47,24.95,22.19,4.94,86.95,8.12,3.78,96.08,92.95,96.31,92.68,-1.15,0.001212,0.05131,0.138929,SIRMOUR_2026-07-27_08-15-20.webm,2026-07-27 08:15:00+05:30,2026-07-27 10:15:00+05:30,2026-07-27,120,0.5091819170689308,56.91092626487762,2.879968265788888,0.7520226666666665,0.2611218587371033
24,135.47,24.95,22.19,4.94,86.95,8.12,3.78,96.08,92.95,96.31,92.68,-1.15,0.001212,0.05131,0.138929,SIRMOUR_2026-07-27_08-15-20.webm,2026-07-27 08:15:00+05:30,2026-07-27 10:30:00+05:30,2026-07-27,135,0.5091819170689308,60.314441610875924,3.027868967063569,1.1262786666666664,0.3719707421021369
24,135.47,24.95,22.19,4.94,86.95,8.12,3.78,96.08,92.95,96.31,92.68,-1.15,0.001212,0.05131,0.138929,SIRMOUR_2026-07-27_08-15-20.webm,2026-07-27 08:15:00+05:30,2026-07-27 10:45:00+05:30,2026-07-27,150,0.5091819170689308,63.70940234672662,3.1614059227007103,1.3248533333333332,0.41907093417524316
24,135.47,24.95,22.19,4.94,86.95,8.12,3.78,96.08,92.95,96.31,92.68,-1.15,0.001212,0.05131,0.138929,SIRMOUR_2026-07-27_08-15-20.webm,2026-07-27 08:15:00+05:30,2026-07-27 11:00:00+05:30,2026-07-27,165,0.5091819170689308,67.0891336472959,3.279774318684969,1.6756666666666666,0.5109091369855375
24,135.47,24.95,22.19,4.94,86.95,8.12,3.78,96.08,92.95,96.31,92.68,-1.15,0.001212,0.05131,0.138929,SIRMOUR_2026-07-27_08-15-20.webm,2026-07-27 08:15:00+05:30,2026-07-27 11:15:00+05:30,2026-07-27,180,0.5091819170689308,70.44287459522438,3.3822787043280838,1.177839333333333,0.34823840265621164
24,135.47,24.95,22.19,4.94,86.95,8.12,3.78,96.08,92.95,96.31,92.68,-1.15,0.001212,0.05131,0.138929,SIRMOUR_2026-07-27_08-15-20.webm,2026-07-27 08:15:00+05:30,2026-07-27 11:30:00+05:30,2026-07-27,195,0.5091819170689308,73.75163668786941,3.468328964113017,0.8638193333333334,0.24905922773511902
24,135.47,24.95,22.19,4.94,86.95,8.12,3.78,96.08,92.95,96.31,92.68,-1.15,0.001212,0.05131,0.138929,SIRMOUR_2026-07-27_08-15-20.webm,2026-07-27 08:15:00+05:30,2026-07-27 11:45:00+05:30,2026-07-27,210,0.5091819170689308,76.97814225207742,3.5374376159305694,1.416316666666667,0.40037926330867213
24,135.47,24.95,22.19,4.94,86.95,8.12,3.78,96.08,92.95,96.31,92.68,-1.15,0.001212,0.05131,0.138929,SIRMOUR_2026-07-27_08-15-20.webm,2026-07-27 08:15:00+05:30,2026-07-27 12:00:00+05:30,2026-07-27,225,0.5091819170689308,80.03908814464982,3.5892180269559573,0.9472119999999999,0.26390483745656923
24,135.47,24.95,22.19,4.94,86.95,8.12,3.78,96.08,92.95,96.31,92.68,-1.15,0.001212,0.05131,0.138929,SIRMOUR_2026-07-27_08-15-20.webm,2026-07-27 08:15:00+05:30,2026-07-27 12:15:00+05:30,2026-07-27,240,0.5091819170689308,82.71942026174045,3.6233834886810783,1.2222553333333332,0.3373243094890399
24,140.84,34.46,20.33,4.55,83.48,11.97,3.509,96.36,92.68,96.87,92.14,-1.94,0.0,0.05059,0.115233,SIRMOUR_2026-07-27_09-45-25.webm,2026-07-27 09:45:00+05:30,2026-07-27 10:00:00+05:30,2026-07-27,15,0.31771667948386695,53.50334251788865,2.7186238320776175,0.5996260000000001,0.2205623274999969
24,140.84,34.46,20.33,4.55,83.48,11.97,3.509,96.36,92.68,96.87,92.14,-1.94,0.0,0.05059,0.115233,SIRMOUR_2026-07-27_09-45-25.webm,2026-07-27 09:45:00+05:30,2026-07-27 10:15:00+05:30,2026-07-27,30,0.31771667948386695,56.91092626487762,2.879968265788888,0.7520226666666665,0.2611218587371033
24,140.84,34.46,20.33,4.55,83.48,11.97,3.509,96.36,92.68,96.87,92.14,-1.94,0.0,0.05059,0.115233,SIRMOUR_2026-07-27_09-45-25.webm,2026-07-27 09:45:00+05:30,2026-07-27 10:30:00+05:30,2026-07-27,45,0.31771667948386695,60.314441610875924,3.027868967063569,1.1262786666666664,0.3719707421021369
24,140.84,34.46,20.33,4.55,83.48,11.97,3.509,96.36,92.68,96.87,92.14,-1.94,0.0,0.05059,0.115233,SIRMOUR_2026-07-27_09-45-25.webm,2026-07-27 09:45:00+05:30,2026-07-27 10:45:00+05:30,2026-07-27,60,0.31771667948386695,63.70940234672662,3.1614059227007103,1.3248533333333332,0.41907093417524316
24,140.84,34.46,20.33,4.55,83.48,11.97,3.509,96.36,92.68,96.87,92.14,-1.94,0.0,0.05059,0.115233,SIRMOUR_2026-07-27_09-45-25.webm,2026-07-27 09:45:00+05:30,2026-07-27 11:00:00+05:30,2026-07-27,75,0.31771667948386695,67.0891336472959,3.279774318684969,1.6756666666666666,0.5109091369855375
24,140.84,34.46,20.33,4.55,83.48,11.97,3.509,96.36,92.68,96.87,92.14,-1.94,0.0,0.05059,0.115233,SIRMOUR_2026-07-27_09-45-25.webm,2026-07-27 09:45:00+05:30,2026-07-27 11:15:00+05:30,2026-07-27,90,0.31771667948386695,70.44287459522438,3.3822787043280838,1.177839333333333,0.34823840265621164
24,140.84,34.46,20.33,4.55,83.48,11.97,3.509,96.36,92.68,96.87,92.14,-1.94,0.0,0.05059,0.115233,SIRMOUR_2026-07-27_09-45-25.webm,2026-07-27 09:45:00+05:30,2026-07-27 11:30:00+05:30,2026-07-27,105,0.31771667948386695,73.75163668786941,3.468328964113017,0.8638193333333334,0.24905922773511902
24,140.84,34.46,20.33,4.55,83.48,11.97,3.509,96.36,92.68,96.87,92.14,-1.94,0.0,0.05059,0.115233,SIRMOUR_2026-07-27_09-45-25.webm,2026-07-27 09:45:00+05:30,2026-07-27 11:45:00+05:30,2026-07-27,120,0.31771667948386695,76.97814225207742,3.5374376159305694,1.416316666666667,0.40037926330867213
24,140.84,34.46,20.33,4.55,83.48,11.97,3.509,96.36,92.68,96.87,92.14,-1.94,0.0,0.05059,0.115233,SIRMOUR_2026-07-27_09-45-25.webm,2026-07-27 09:45:00+05:30,2026-07-27 12:00:00+05:30,2026-07-27,135,0.31771667948386695,80.03908814464982,3.5892180269559573,0.9472119999999999,0.26390483745656923
24,140.84,34.46,20.33,4.55,83.48,11.97,3.509,96.36,92.68,96.87,92.14,-1.94,0.0,0.05059,0.115233,SIRMOUR_2026-07-27_09-45-25.webm,2026-07-27 09:45:00+05:30,2026-07-27 12:15:00+05:30,2026-07-27,150,0.31771667948386695,82.71942026174045,3.6233834886810783,1.2222553333333332,0.3373243094890399
24,140.84,34.46,20.33,4.55,83.48,11.97,3.509,96.36,92.68,96.87,92.14,-1.94,0.0,0.05059,0.115233,SIRMOUR_2026-07-27_09-45-25.webm,2026-07-27 09:45:00+05:30,2026-07-27 12:30:00+05:30,2026-07-27,165,0.31771667948386695,84.43587969823177,3.639747268706448,0.6933739999999999,0.19050058941219353
24,140.84,34.46,20.33,4.55,83.48,11.97,3.509,96.36,92.68,96.87,92.14,-1.94,0.0,0.05059,0.115233,SIRMOUR_2026-07-27_09-45-25.webm,2026-07-27 09:45:00+05:30,2026-07-27 12:45:00+05:30,2026-07-27,180,0.31771667948386695,84.24742181008301,3.6382220302681616,1.3638306666666669,0.37486185706102804
24,140.84,34.46,20.33,4.55,83.48,11.97,3.509,96.36,92.68,96.87,92.14,-1.94,0.0,0.05059,0.115233,SIRMOUR_2026-07-27_09-45-25.webm,2026-07-27 09:45:00+05:30,2026-07-27 13:00:00+05:30,2026-07-27,195,0.31771667948386695,82.29254534327518,3.6188148715180706,1.2696086666666664,0.35083548392020214
24,140.84,34.46,20.33,4.55,83.48,11.97,3.509,96.36,92.68,96.87,92.14,-1.94,0.0,0.05059,0.115233,SIRMOUR_2026-07-27_09-45-25.webm,2026-07-27 09:45:00+05:30,2026-07-27 13:15:00+05:30,2026-07-27,210,0.31771667948386695,79.51750776327258,3.581628233501976,1.1598186666666666,0.3238244147781472
24,140.84,34.46,20.33,4.55,83.48,11.97,3.509,96.36,92.68,96.87,92.14,-1.94,0.0,0.05059,0.115233,SIRMOUR_2026-07-27_09-45-25.webm,2026-07-27 09:45:00+05:30,2026-07-27 13:30:00+05:30,2026-07-27,225,0.31771667948386695,76.41707746517129,3.52686435847232,1.2715426666666665,0.36053064065595136
24,140.84,34.46,20.33,4.55,83.48,11.97,3.509,96.36,92.68,96.87,92.14,-1.94,0.0,0.05059,0.115233,SIRMOUR_2026-07-27_09-45-25.webm,2026-07-27 09:45:00+05:30,2026-07-27 13:45:00+05:30,2026-07-27,240,0.31771667948386695,73.17147188022692,3.454825416920431,0.9677620000000001,0.2801189302533978
24,135.08,25.03,22.36,4.95,86.94,8.12,3.732,96.45,92.59,96.77,92.23,-1.12,0.0,0.03211,0.062842,SIRMOUR_2026-07-27_11-15-19.webm,2026-07-27 11:15:00+05:30,2026-07-27 11:30:00+05:30,2026-07-27,15,0.41254730397978234,73.75163668786941,3.468328964113017,0.8638193333333334,0.24905922773511902
24,135.08,25.03,22.36,4.95,86.94,8.12,3.732,96.45,92.59,96.77,92.23,-1.12,0.0,0.03211,0.062842,SIRMOUR_2026-07-27_11-15-19.webm,2026-07-27 11:15:00+05:30,2026-07-27 11:45:00+05:30,2026-07-27,30,0.41254730397978234,76.97814225207742,3.5374376159305694,1.416316666666667,0.40037926330867213
24,135.08,25.03,22.36,4.95,86.94,8.12,3.732,96.45,92.59,96.77,92.23,-1.12,0.0,0.03211,0.062842,SIRMOUR_2026-07-27_11-15-19.webm,2026-07-27 11:15:00+05:30,2026-07-27 12:00:00+05:30,2026-07-27,45,0.41254730397978234,80.03908814464982,3.5892180269559573,0.9472119999999999,0.26390483745656923
24,135.08,25.03,22.36,4.95,86.94,8.12,3.732,96.45,92.59,96.77,92.23,-1.12,0.0,0.03211,0.062842,SIRMOUR_2026-07-27_11-15-19.webm,2026-07-27 11:15:00+05:30,2026-07-27 12:15:00+05:30,2026-07-27,60,0.41254730397978234,82.71942026174045,3.6233834886810783,1.2222553333333332,0.3373243094890399
24,135.08,25.03,22.36,4.95,86.94,8.12,3.732,96.45,92.59,96.77,92.23,-1.12,0.0,0.03211,0.062842,SIRMOUR_2026-07-27_11-15-19.webm,2026-07-27 11:15:00+05:30,2026-07-27 12:30:00+05:30,2026-07-27,75,0.41254730397978234,84.43587969823177,3.639747268706448,0.6933739999999999,0.19050058941219353
24,135.08,25.03,22.36,4.95,86.94,8.12,3.732,96.45,92.59,96.77,92.23,-1.12,0.0,0.03211,0.062842,SIRMOUR_2026-07-27_11-15-19.webm,2026-07-27 11:15:00+05:30,2026-07-27 12:45:00+05:30,2026-07-27,90,0.41254730397978234,84.24742181008301,3.6382220302681616,1.3638306666666669,0.37486185706102804
24,135.08,25.03,22.36,4.95,86.94,8.12,3.732,96.45,92.59,96.77,92.23,-1.12,0.0,0.03211,0.062842,SIRMOUR_2026-07-27_11-15-19.webm,2026-07-27 11:15:00+05:30,2026-07-27 13:00:00+05:30,2026-07-27,105,0.41254730397978234,82.29254534327518,3.6188148715180706,1.2696086666666664,0.35083548392020214
24,135.08,25.03,22.36,4.95,86.94,8.12,3.732,96.45,92.59,96.77,92.23,-1.12,0.0,0.03211,0.062842,SIRMOUR_2026-07-27_11-15-19.webm,2026-07-27 11:15:00+05:30,2026-07-27 13:15:00+05:30,2026-07-27,120,0.41254730397978234,79.51750776327258,3.581628233501976,1.1598186666666666,0.3238244147781472
24,135.08,25.03,22.36,4.95,86.94,8.12,3.732,96.45,92.59,96.77,92.23,-1.12,0.0,0.03211,0.062842,SIRMOUR_2026-07-27_11-15-19.webm,2026-07-27 11:15:00+05:30,2026-07-27 13:30:00+05:30,2026-07-27,135,0.41254730397978234,76.41707746517129,3.52686435847232,1.2715426666666665,0.36053064065595136
24,135.08,25.03,22.36,4.95,86.94,8.12,3.732,96.45,92.59,96.77,92.23,-1.12,0.0,0.03211,0.062842,SIRMOUR_2026-07-27_11-15-19.webm,2026-07-27 11:15:00+05:30,2026-07-27 13:45:00+05:30,2026-07-27,150,0.41254730397978234,73.17147188022692,3.454825416920431,0.9677620000000001,0.2801189302533978
24,135.08,25.03,22.36,4.95,86.94,8.12,3.732,96.45,92.59,96.77,92.23,-1.12,0.0,0.03211,0.062842,SIRMOUR_2026-07-27_11-15-19.webm,2026-07-27 11:15:00+05:30,2026-07-27 14:00:00+05:30,2026-07-27,165,0.41254730397978234,69.85222708416968,3.3659136290909406,1.0242473333333337,0.3042999453345927
24,135.08,25.03,22.36,4.95,86.94,8.12,3.732,96.45,92.59,96.77,92.23,-1.12,0.0,0.03211,0.062842,SIRMOUR_2026-07-27_11-15-19.webm,2026-07-27 11:15:00+05:30,2026-07-27 14:15:00+05:30,2026-07-27,180,0.41254730397978234,66.49215092767882,3.260632351663713,1.1013146666666669,0.33776106837213016
24,135.08,25.03,22.36,4.95,86.94,8.12,3.732,96.45,92.59,96.77,92.23,-1.12,0.0,0.03211,0.062842,SIRMOUR_2026-07-27_11-15-19.webm,2026-07-27 11:15:00+05:30,2026-07-27 14:30:00+05:30,2026-07-27,195,0.41254730397978234,63.10829684889988,3.139588024712251,1.0710306666666662,0.3411373270111858
24,135.08,25.03,22.36,4.95,86.94,8.12,3.732,96.45,92.59,96.77,92.23,-1.12,0.0,0.03211,0.062842,SIRMOUR_2026-07-27_11-15-19.webm,2026-07-27 11:15:00+05:30,2026-07-27 14:45:00+05:30,2026-07-27,210,0.41254730397978234,59.71049247249631,3.0034930804476225,1.21943,0.40600393186797806
24,135.08,25.03,22.36,4.95,86.94,8.12,3.732,96.45,92.59,96.77,92.23,-1.12,0.0,0.03211,0.062842,SIRMOUR_2026-07-27_11-15-19.webm,2026-07-27 11:15:00+05:30,2026-07-27 15:00:00+05:30,2026-07-27,225,0.41254730397978234,56.30492256733187,2.853170256756443,1.2680233333333335,0.4444261012221734
24,135.08,25.03,22.36,4.95,86.94,8.12,3.732,96.45,92.59,96.77,92.23,-1.12,0.0,0.03211,0.062842,SIRMOUR_2026-07-27_11-15-19.webm,2026-07-27 11:15:00+05:30,2026-07-27 15:15:00+05:30,2026-07-27,240,0.41254730397978234,52.89579853465436,2.689558832514978,1.340074666666667,0.49825073557271
24,134.67,25.1,22.14,5.0,86.9,8.09,3.464,96.27,92.59,96.59,92.23,-1.09,0.001607,0.028327,0.054146,SIRMOUR_2026-07-27_12-45-20.webm,2026-07-27 12:45:00+05:30,2026-07-27 13:00:00+05:30,2026-07-27,15,0.29164789835470767,82.29254534327518,3.6188148715180706,1.2696086666666664,0.35083548392020214
24,134.67,25.1,22.14,5.0,86.9,8.09,3.464,96.27,92.59,96.59,92.23,-1.09,0.001607,0.028327,0.054146,SIRMOUR_2026-07-27_12-45-20.webm,2026-07-27 12:45:00+05:30,2026-07-27 13:15:00+05:30,2026-07-27,30,0.29164789835470767,79.51750776327258,3.581628233501976,1.1598186666666666,0.3238244147781472
24,134.67,25.1,22.14,5.0,86.9,8.09,3.464,96.27,92.59,96.59,92.23,-1.09,0.001607,0.028327,0.054146,SIRMOUR_2026-07-27_12-45-20.webm,2026-07-27 12:45:00+05:30,2026-07-27 13:30:00+05:30,2026-07-27,45,0.29164789835470767,76.41707746517129,3.52686435847232,1.2715426666666665,0.36053064065595136
24,134.67,25.1,22.14,5.0,86.9,8.09,3.464,96.27,92.59,96.59,92.23,-1.09,0.001607,0.028327,0.054146,SIRMOUR_2026-07-27_12-45-20.webm,2026-07-27 12:45:00+05:30,2026-07-27 13:45:00+05:30,2026-07-27,60,0.29164789835470767,73.17147188022692,3.454825416920431,0.9677620000000001,0.2801189302533978
24,134.67,25.1,22.14,5.0,86.9,8.09,3.464,96.27,92.59,96.59,92.23,-1.09,0.001607,0.028327,0.054146,SIRMOUR_2026-07-27_12-45-20.webm,2026-07-27 12:45:00+05:30,2026-07-27 14:00:00+05:30,2026-07-27,75,0.29164789835470767,69.85222708416968,3.3659136290909406,1.0242473333333337,0.3042999453345927
24,134.67,25.1,22.14,5.0,86.9,8.09,3.464,96.27,92.59,96.59,92.23,-1.09,0.001607,0.028327,0.054146,SIRMOUR_2026-07-27_12-45-20.webm,2026-07-27 12:45:00+05:30,2026-07-27 14:15:00+05:30,2026-07-27,90,0.29164789835470767,66.49215092767882,3.260632351663713,1.1013146666666669,0.33776106837213016
24,134.67,25.1,22.14,5.0,86.9,8.09,3.464,96.27,92.59,96.59,92.23,-1.09,0.001607,0.028327,0.054146,SIRMOUR_2026-07-27_12-45-20.webm,2026-07-27 12:45:00+05:30,2026-07-27 14:30:00+05:30,2026-07-27,105,0.29164789835470767,63.10829684889988,3.139588024712251,1.0710306666666662,0.3411373270111858
24,134.67,25.1,22.14,5.0,86.9,8.09,3.464,96.27,92.59,96.59,92.23,-1.09,0.001607,0.028327,0.054146,SIRMOUR_2026-07-27_12-45-20.webm,2026-07-27 12:45:00+05:30,2026-07-27 14:45:00+05:30,2026-07-27,120,0.29164789835470767,59.71049247249631,3.0034930804476225,1.21943,0.40600393186797806
24,134.67,25.1,22.14,5.0,86.9,8.09,3.464,96.27,92.59,96.59,92.23,-1.09,0.001607,0.028327,0.054146,SIRMOUR_2026-07-27_12-45-20.webm,2026-07-27 12:45:00+05:30,2026-07-27 15:00:00+05:30,2026-07-27,135,0.29164789835470767,56.30492256733187,2.853170256756443,1.2680233333333335,0.4444261012221734
24,134.67,25.1,22.14,5.0,86.9,8.09,3.464,96.27,92.59,96.59,92.23,-1.09,0.001607,0.028327,0.054146,SIRMOUR_2026-07-27_12-45-20.webm,2026-07-27 12:45:00+05:30,2026-07-27 15:15:00+05:30,2026-07-27,150,0.29164789835470767,52.89579853465436,2.689558832514978,1.340074666666667,0.49825073557271
24,134.67,25.1,22.14,5.0,86.9,8.09,3.464,96.27,92.59,96.59,92.23,-1.09,0.001607,0.028327,0.054146,SIRMOUR_2026-07-27_12-45-20.webm,2026-07-27 12:45:00+05:30,2026-07-27 15:30:00+05:30,2026-07-27,165,0.29164789835470767,49.48620473053181,2.5137234925578182,1.4043793333333332,0.5586848901604204
24,134.67,25.1,22.14,5.0,86.9,8.09,3.464,96.27,92.59,96.59,92.23,-1.09,0.001607,0.028327,0.054146,SIRMOUR_2026-07-27_12-45-20.webm,2026-07-27 12:45:00+05:30,2026-07-27 15:45:00+05:30,2026-07-27,180,0.29164789835470767,46.078561648130524,2.326867069636295,1.250620833333333,0.5374698235463935
24,134.67,25.1,22.14,5.0,86.9,8.09,3.464,96.27,92.59,96.59,92.23,-1.09,0.001607,0.028327,0.054146,SIRMOUR_2026-07-27_12-45-20.webm,2026-07-27 12:45:00+05:30,2026-07-27 16:00:00+05:30,2026-07-27,195,0.29164789835470767,42.674896424914216,2.130348743737558,1.3020086666666664,0.6111716076976097
24,134.67,25.1,22.14,5.0,86.9,8.09,3.464,96.27,92.59,96.59,92.23,-1.09,0.001607,0.028327,0.054146,SIRMOUR_2026-07-27_12-45-20.webm,2026-07-27 12:45:00+05:30,2026-07-27 16:15:00+05:30,2026-07-27,210,0.29164789835470767,39.27701033516823,1.9257099916148215,1.2836026666666664,0.6665607346152314
24,134.67,25.1,22.14,5.0,86.9,8.09,3.464,96.27,92.59,96.59,92.23,-1.09,0.001607,0.028327,0.054146,SIRMOUR_2026-07-27_12-45-20.webm,2026-07-27 12:45:00+05:30,2026-07-27 16:30:00+05:30,2026-07-27,225,0.29164789835470767,35.88659248959711,1.714711948708677,1.2826213333333332,0.7480097950558141
24,134.67,25.1,22.14,5.0,86.9,8.09,3.464,96.27,92.59,96.59,92.23,-1.09,0.001607,0.028327,0.054146,SIRMOUR_2026-07-27_12-45-20.webm,2026-07-27 12:45:00+05:30,2026-07-27 16:45:00+05:30,2026-07-27,240,0.29164789835470767,32.505304207508004,1.4993893282167527,1.1484560000000004,0.7659491623605705
24,134.97,25.05,22.27,4.94,86.93,8.13,3.665,96.55,92.77,96.77,92.5,-1.01,0.003416,0.039964,0.077443,SIRMOUR_2026-07-27_14-15-14.webm,2026-07-27 14:15:00+05:30,2026-07-27 14:30:00+05:30,2026-07-27,15,0.320677646154018,63.10829684889988,3.139588024712251,1.0710306666666662,0.3411373270111858
24,134.97,25.05,22.27,4.94,86.93,8.13,3.665,96.55,92.77,96.77,92.5,-1.01,0.003416,0.039964,0.077443,SIRMOUR_2026-07-27_14-15-14.webm,2026-07-27 14:15:00+05:30,2026-07-27 14:45:00+05:30,2026-07-27,30,0.320677646154018,59.71049247249631,3.0034930804476225,1.21943,0.40600393186797806
24,134.97,25.05,22.27,4.94,86.93,8.13,3.665,96.55,92.77,96.77,92.5,-1.01,0.003416,0.039964,0.077443,SIRMOUR_2026-07-27_14-15-14.webm,2026-07-27 14:15:00+05:30,2026-07-27 15:00:00+05:30,2026-07-27,45,0.320677646154018,56.30492256733187,2.853170256756443,1.2680233333333335,0.4444261012221734
24,134.97,25.05,22.27,4.94,86.93,8.13,3.665,96.55,92.77,96.77,92.5,-1.01,0.003416,0.039964,0.077443,SIRMOUR_2026-07-27_14-15-14.webm,2026-07-27 14:15:00+05:30,2026-07-27 15:15:00+05:30,2026-07-27,60,0.320677646154018,52.89579853465436,2.689558832514978,1.340074666666667,0.49825073557271
24,134.97,25.05,22.27,4.94,86.93,8.13,3.665,96.55,92.77,96.77,92.5,-1.01,0.003416,0.039964,0.077443,SIRMOUR_2026-07-27_14-15-14.webm,2026-07-27 14:15:00+05:30,2026-07-27 15:30:00+05:30,2026-07-27,75,0.320677646154018,49.48620473053181,2.5137234925578182,1.4043793333333332,0.5586848901604204
24,134.97,25.05,22.27,4.94,86.93,8.13,3.665,96.55,92.77,96.77,92.5,-1.01,0.003416,0.039964,0.077443,SIRMOUR_2026-07-27_14-15-14.webm,2026-07-27 14:15:00+05:30,2026-07-27 15:45:00+05:30,2026-07-27,90,0.320677646154018,46.078561648130524,2.326867069636295,1.250620833333333,0.5374698235463935
24,134.97,25.05,22.27,4.94,86.93,8.13,3.665,96.55,92.77,96.77,92.5,-1.01,0.003416,0.039964,0.077443,SIRMOUR_2026-07-27_14-15-14.webm,2026-07-27 14:15:00+05:30,2026-07-27 16:00:00+05:30,2026-07-27,105,0.320677646154018,42.674896424914216,2.130348743737558,1.3020086666666664,0.6111716076976097
24,134.97,25.05,22.27,4.94,86.93,8.13,3.665,96.55,92.77,96.77,92.5,-1.01,0.003416,0.039964,0.077443,SIRMOUR_2026-07-27_14-15-14.webm,2026-07-27 14:15:00+05:30,2026-07-27 16:15:00+05:30,2026-07-27,120,0.320677646154018,39.27701033516823,1.9257099916148215,1.2836026666666664,0.6665607346152314
24,134.97,25.05,22.27,4.94,86.93,8.13,3.665,96.55,92.77,96.77,92.5,-1.01,0.003416,0.039964,0.077443,SIRMOUR_2026-07-27_14-15-14.webm,2026-07-27 14:15:00+05:30,2026-07-27 16:30:00+05:30,2026-07-27,135,0.320677646154018,35.88659248959711,1.714711948708677,1.2826213333333332,0.7480097950558141
24,134.97,25.05,22.27,4.94,86.93,8.13,3.665,96.55,92.77,96.77,92.5,-1.01,0.003416,0.039964,0.077443,SIRMOUR_2026-07-27_14-15-14.webm,2026-07-27 14:15:00+05:30,2026-07-27 16:45:00+05:30,2026-07-27,150,0.320677646154018,32.505304207508004,1.4993893282167527,1.1484560000000004,0.7659491623605705
24,134.97,25.05,22.27,4.94,86.93,8.13,3.665,96.55,92.77,96.77,92.5,-1.01,0.003416,0.039964,0.077443,SIRMOUR_2026-07-27_14-15-14.webm,2026-07-27 14:15:00+05:30,2026-07-27 17:00:00+05:30,2026-07-27,165,0.320677646154018,29.13484911454619,1.282128527543241,0.9890913333333334,0.7714447593086375
24,134.97,25.05,22.27,4.94,86.93,8.13,3.665,96.55,92.77,96.77,92.5,-1.01,0.003416,0.039964,0.077443,SIRMOUR_2026-07-27_14-15-14.webm,2026-07-27 14:15:00+05:30,2026-07-27 17:15:00+05:30,2026-07-27,180,0.320677646154018,25.777045167303655,1.0657813424940559,0.6715546666666667,0.6301054821387175
24,134.97,25.05,22.27,4.94,86.93,8.13,3.665,96.55,92.77,96.77,92.5,-1.01,0.003416,0.039964,0.077443,SIRMOUR_2026-07-27_14-15-14.webm,2026-07-27 14:15:00+05:30,2026-07-27 17:30:00+05:30,2026-07-27,195,0.320677646154018,22.433913494573627,0.8538296879068362,0.4688513333333333,0.549115754551382
24,134.97,25.05,22.27,4.94,86.93,8.13,3.665,96.55,92.77,96.77,92.5,-1.01,0.003416,0.039964,0.077443,SIRMOUR_2026-07-27_14-15-14.webm,2026-07-27 14:15:00+05:30,2026-07-27 17:45:00+05:30,2026-07-27,210,0.320677646154018,19.107811354429632,0.650619169562298,0.4268326666666666,0.6560407172660112
24,134.97,25.05,22.27,4.94,86.93,8.13,3.665,96.55,92.77,96.77,92.5,-1.01,0.003416,0.039964,0.077443,SIRMOUR_2026-07-27_14-15-14.webm,2026-07-27 14:15:00+05:30,2026-07-27 18:00:00+05:30,2026-07-27,225,0.320677646154018,15.801676777313277,0.46166991345919883,0.36835666666666667,0.7978788652408493
24,134.97,25.05,22.27,4.94,86.93,8.13,3.665,96.55,92.77,96.77,92.5,-1.01,0.003416,0.039964,0.077443,SIRMOUR_2026-07-27_14-15-14.webm,2026-07-27 14:15:00+05:30,2026-07-27 18:15:00+05:30,2026-07-27,240,0.320677646154018,12.519558838622102,0.29401575141158964,0.20248066666666667,0.6886728540717401
24,134.76,25.09,22.17,5.04,86.87,8.09,3.482,96.27,92.42,96.68,91.96,-1.15,0.002071,0.022066,0.026946,SIRMOUR_2026-07-27_15-45-04.webm,2026-07-27 15:45:00+05:30,2026-07-27 16:00:00+05:30,2026-07-27,15,0.5097078876254244,42.674896424914216,2.130348743737558,1.3020086666666664,0.6111716076976097
24,134.76,25.09,22.17,5.04,86.87,8.09,3.482,96.27,92.42,96.68,91.96,-1.15,0.002071,0.022066,0.026946,SIRMOUR_2026-07-27_15-45-04.webm,2026-07-27 15:45:00+05:30,2026-07-27 16:15:00+05:30,2026-07-27,30,0.5097078876254244,39.27701033516823,1.9257099916148215,1.2836026666666664,0.6665607346152314
24,134.76,25.09,22.17,5.04,86.87,8.09,3.482,96.27,92.42,96.68,91.96,-1.15,0.002071,0.022066,0.026946,SIRMOUR_2026-07-27_15-45-04.webm,2026-07-27 15:45:00+05:30,2026-07-27 16:30:00+05:30,2026-07-27,45,0.5097078876254244,35.88659248959711,1.714711948708677,1.2826213333333332,0.7480097950558141
24,134.76,25.09,22.17,5.04,86.87,8.09,3.482,96.27,92.42,96.68,91.96,-1.15,0.002071,0.022066,0.026946,SIRMOUR_2026-07-27_15-45-04.webm,2026-07-27 15:45:00+05:30,2026-07-27 16:45:00+05:30,2026-07-27,60,0.5097078876254244,32.505304207508004,1.4993893282167527,1.1484560000000004,0.7659491623605705
24,134.76,25.09,22.17,5.04,86.87,8.09,3.482,96.27,92.42,96.68,91.96,-1.15,0.002071,0.022066,0.026946,SIRMOUR_2026-07-27_15-45-04.webm,2026-07-27 15:45:00+05:30,2026-07-27 17:00:00+05:30,2026-07-27,75,0.5097078876254244,29.13484911454619,1.282128527543241,0.9890913333333334,0.7714447593086375
24,134.76,25.09,22.17,5.04,86.87,8.09,3.482,96.27,92.42,96.68,91.96,-1.15,0.002071,0.022066,0.026946,SIRMOUR_2026-07-27_15-45-04.webm,2026-07-27 15:45:00+05:30,2026-07-27 17:15:00+05:30,2026-07-27,90,0.5097078876254244,25.777045167303655,1.0657813424940559,0.6715546666666667,0.6301054821387175
24,134.76,25.09,22.17,5.04,86.87,8.09,3.482,96.27,92.42,96.68,91.96,-1.15,0.002071,0.022066,0.026946,SIRMOUR_2026-07-27_15-45-04.webm,2026-07-27 15:45:00+05:30,2026-07-27 17:30:00+05:30,2026-07-27,105,0.5097078876254244,22.433913494573627,0.8538296879068362,0.4688513333333333,0.549115754551382
24,134.76,25.09,22.17,5.04,86.87,8.09,3.482,96.27,92.42,96.68,91.96,-1.15,0.002071,0.022066,0.026946,SIRMOUR_2026-07-27_15-45-04.webm,2026-07-27 15:45:00+05:30,2026-07-27 17:45:00+05:30,2026-07-27,120,0.5097078876254244,19.107811354429632,0.650619169562298,0.4268326666666666,0.6560407172660112
24,134.76,25.09,22.17,5.04,86.87,8.09,3.482,96.27,92.42,96.68,91.96,-1.15,0.002071,0.022066,0.026946,SIRMOUR_2026-07-27_15-45-04.webm,2026-07-27 15:45:00+05:30,2026-07-27 18:00:00+05:30,2026-07-27,135,0.5097078876254244,15.801676777313277,0.46166991345919883,0.36835666666666667,0.7978788652408493
24,134.76,25.09,22.17,5.04,86.87,8.09,3.482,96.27,92.42,96.68,91.96,-1.15,0.002071,0.022066,0.026946,SIRMOUR_2026-07-27_15-45-04.webm,2026-07-27 15:45:00+05:30,2026-07-27 18:15:00+05:30,2026-07-27,150,0.5097078876254244,12.519558838622102,0.29401575141158964,0.20248066666666667,0.6886728540717401
24,134.76,25.09,22.17,5.04,86.87,8.09,3.482,96.27,92.42,96.68,91.96,-1.15,0.002071,0.022066,0.026946,SIRMOUR_2026-07-27_15-45-04.webm,2026-07-27 15:45:00+05:30,2026-07-27 18:30:00+05:30,2026-07-27,165,0.5097078876254244,9.267994677070217,0.1563265000576216,0.15481399999999998,0.9903247366437288
24,134.76,25.09,22.17,5.04,86.87,8.09,3.482,96.27,92.42,96.68,91.96,-1.15,0.002071,0.022066,0.026946,SIRMOUR_2026-07-27_15-45-04.webm,2026-07-27 15:45:00+05:30,2026-07-27 18:45:00+05:30,2026-07-27,180,0.5097078876254244,6.060465118280068,0.06303199847464051,0.125375,1.2
24,135.34,24.97,22.34,5.01,86.79,8.2,3.815,95.99,92.42,96.31,92.05,-0.97,0.002547,0.046253,0.170884,SIRMOUR_2026-07-28_06-45-06.webm,2026-07-28 06:45:00+05:30,2026-07-28 07:00:00+05:30,2026-07-28,15,1.2,13.047803610272899,0.3200688865679404,0.3861286666666667,1.2
24,135.34,24.97,22.34,5.01,86.79,8.2,3.815,95.99,92.42,96.31,92.05,-0.97,0.002547,0.046253,0.170884,SIRMOUR_2026-07-28_06-45-06.webm,2026-07-28 06:45:00+05:30,2026-07-28 07:15:00+05:30,2026-07-28,30,1.2,16.334495974757377,0.4920745190635189,0.42559800000000003,0.8649055854588199
24,135.34,24.97,22.34,5.01,86.79,8.2,3.815,95.99,92.42,96.31,92.05,-0.97,0.002547,0.046253,0.170884,SIRMOUR_2026-07-28_06-45-06.webm,2026-07-28 06:45:00+05:30,2026-07-28 07:30:00+05:30,2026-07-28,45,1.2,19.64441654460954,0.6841199443880218,0.46194866666666673,0.6752451385990538
24,135.34,24.97,22.34,5.01,86.79,8.2,3.815,95.99,92.42,96.31,92.05,-0.97,0.002547,0.046253,0.170884,SIRMOUR_2026-07-28_06-45-06.webm,2026-07-28 06:45:00+05:30,2026-07-28 07:45:00+05:30,2026-07-28,60,1.2,22.973743504584903,0.8894259933294133,0.643418,0.7234081360625355
24,135.34,24.97,22.34,5.01,86.79,8.2,3.815,95.99,92.42,96.31,92.05,-0.97,0.002547,0.046253,0.170884,SIRMOUR_2026-07-28_06-45-06.webm,2026-07-28 06:45:00+05:30,2026-07-28 08:00:00+05:30,2026-07-28,75,1.2,26.31964435979359,1.1026823312352743,0.49314266666666673,0.4472209744344286
24,135.34,24.97,22.34,5.01,86.79,8.2,3.815,95.99,92.42,96.31,92.05,-0.97,0.002547,0.046253,0.170884,SIRMOUR_2026-07-28_06-45-06.webm,2026-07-28 06:45:00+05:30,2026-07-28 08:15:00+05:30,2026-07-28,90,1.2,29.67981258078168,1.3197006131441353,0.42092750000000007,0.31895681172501444
24,135.34,24.97,22.34,5.01,86.79,8.2,3.815,95.99,92.42,96.31,92.05,-0.97,0.002547,0.046253,0.170884,SIRMOUR_2026-07-28_06-45-06.webm,2026-07-28 06:45:00+05:30,2026-07-28 08:30:00+05:30,2026-07-28,105,1.2,33.0522471665897,1.5371139068533184,0.6320906666666666,0.411219145079913
24,135.34,24.97,22.34,5.01,86.79,8.2,3.815,95.99,92.42,96.31,92.05,-0.97,0.002547,0.046253,0.170884,SIRMOUR_2026-07-28_06-45-06.webm,2026-07-28 06:45:00+05:30,2026-07-28 08:45:00+05:30,2026-07-28,120,1.2,36.43512866638734,1.7521547757177223,1.1040519999999998,0.6301110012086433
24,135.34,24.97,22.34,5.01,86.79,8.2,3.815,95.99,92.42,96.31,92.05,-0.97,0.002547,0.046253,0.170884,SIRMOUR_2026-07-28_06-45-06.webm,2026-07-28 06:45:00+05:30,2026-07-28 09:00:00+05:30,2026-07-28,135,1.2,39.82673264312418,1.9624997781741462,1.5455526666666666,0.7875428491026912
24,135.34,24.97,22.34,5.01,86.79,8.2,3.815,95.99,92.42,96.31,92.05,-0.97,0.002547,0.046253,0.170884,SIRMOUR_2026-07-28_06-45-06.webm,2026-07-28 06:45:00+05:30,2026-07-28 09:15:00+05:30,2026-07-28,150,1.2,43.225356034943836,2.166162350562264,1.9521833333333332,0.9012174608364931
24,135.34,24.97,22.34,5.01,86.79,8.2,3.815,95.99,92.42,96.31,92.05,-0.97,0.002547,0.046253,0.170884,SIRMOUR_2026-07-28_06-45-06.webm,2026-07-28 06:45:00+05:30,2026-07-28 09:30:00+05:30,2026-07-28,165,1.2,46.62924200420487,2.361419264266434,1.4525260000000002,0.615107203527969
24,135.34,24.97,22.34,5.01,86.79,8.2,3.815,95.99,92.42,96.31,92.05,-0.97,0.002547,0.046253,0.170884,SIRMOUR_2026-07-28_06-45-06.webm,2026-07-28 06:45:00+05:30,2026-07-28 09:45:00+05:30,2026-07-28,180,1.2,50.036486240260025,2.546759838134406,1.7048786666666667,0.6694304822694047
24,135.34,24.97,22.34,5.01,86.79,8.2,3.815,95.99,92.42,96.31,92.05,-0.97,0.002547,0.046253,0.170884,SIRMOUR_2026-07-28_06-45-06.webm,2026-07-28 06:45:00+05:30,2026-07-28 10:00:00+05:30,2026-07-28,195,1.2,53.44490738065399,2.720850730056428,1.1752799999999994,0.43195313400218216
24,135.34,24.97,22.34,5.01,86.79,8.2,3.815,95.99,92.42,96.31,92.05,-0.97,0.002547,0.046253,0.170884,SIRMOUR_2026-07-28_06-45-06.webm,2026-07-28 06:45:00+05:30,2026-07-28 10:15:00+05:30,2026-07-28,210,1.2,56.85185248084884,2.8825114784432517,1.2205326666666667,0.4234268192145537
24,135.34,24.97,22.34,5.01,86.79,8.2,3.815,95.99,92.42,96.31,92.05,-0.97,0.002547,0.046253,0.170884,SIRMOUR_2026-07-28_06-45-06.webm,2026-07-28 06:45:00+05:30,2026-07-28 10:30:00+05:30,2026-07-28,225,1.2,60.25387905056186,3.030697344638586,0.47652,0.15723114049741102
24,135.34,24.97,22.34,5.01,86.79,8.2,3.815,95.99,92.42,96.31,92.05,-0.97,0.002547,0.046253,0.170884,SIRMOUR_2026-07-28_06-45-06.webm,2026-07-28 06:45:00+05:30,2026-07-28 10:45:00+05:30,2026-07-28,240,1.2,63.64620468459099,3.16448730537369,0.33503533333333324,0.10587349576798803
24,135.47,24.97,22.17,4.96,86.91,8.12,3.727,96.27,92.42,96.5,92.14,-1.24,0.001703,0.039344,0.179571,SIRMOUR_2026-07-28_08-15-03.webm,2026-07-28 08:15:00+05:30,2026-07-28 08:30:00+05:30,2026-07-28,15,0.5412077652052582,33.0522471665897,1.5371139068533184,0.6320906666666666,0.411219145079913
24,135.47,24.97,22.17,4.96,86.91,8.12,3.727,96.27,92.42,96.5,92.14,-1.24,0.001703,0.039344,0.179571,SIRMOUR_2026-07-28_08-15-03.webm,2026-07-28 08:15:00+05:30,2026-07-28 08:45:00+05:30,2026-07-28,30,0.5412077652052582,36.43512866638734,1.7521547757177223,1.1040519999999998,0.6301110012086433
24,135.47,24.97,22.17,4.96,86.91,8.12,3.727,96.27,92.42,96.5,92.14,-1.24,0.001703,0.039344,0.179571,SIRMOUR_2026-07-28_08-15-03.webm,2026-07-28 08:15:00+05:30,2026-07-28 09:00:00+05:30,2026-07-28,45,0.5412077652052582,39.82673264312418,1.9624997781741462,1.5455526666666666,0.7875428491026912
24,135.47,24.97,22.17,4.96,86.91,8.12,3.727,96.27,92.42,96.5,92.14,-1.24,0.001703,0.039344,0.179571,SIRMOUR_2026-07-28_08-15-03.webm,2026-07-28 08:15:00+05:30,2026-07-28 09:15:00+05:30,2026-07-28,60,0.5412077652052582,43.225356034943836,2.166162350562264,1.9521833333333332,0.9012174608364931
24,135.47,24.97,22.17,4.96,86.91,8.12,3.727,96.27,92.42,96.5,92.14,-1.24,0.001703,0.039344,0.179571,SIRMOUR_2026-07-28_08-15-03.webm,2026-07-28 08:15:00+05:30,2026-07-28 09:30:00+05:30,2026-07-28,75,0.5412077652052582,46.62924200420487,2.361419264266434,1.4525260000000002,0.615107203527969
24,135.47,24.97,22.17,4.96,86.91,8.12,3.727,96.27,92.42,96.5,92.14,-1.24,0.001703,0.039344,0.179571,SIRMOUR_2026-07-28_08-15-03.webm,2026-07-28 08:15:00+05:30,2026-07-28 09:45:00+05:30,2026-07-28,90,0.5412077652052582,50.036486240260025,2.546759838134406,1.7048786666666667,0.6694304822694047
24,135.47,24.97,22.17,4.96,86.91,8.12,3.727,96.27,92.42,96.5,92.14,-1.24,0.001703,0.039344,0.179571,SIRMOUR_2026-07-28_08-15-03.webm,2026-07-28 08:15:00+05:30,2026-07-28 10:00:00+05:30,2026-07-28,105,0.5412077652052582,53.44490738065399,2.720850730056428,1.1752799999999994,0.43195313400218216
24,135.47,24.97,22.17,4.96,86.91,8.12,3.727,96.27,92.42,96.5,92.14,-1.24,0.001703,0.039344,0.179571,SIRMOUR_2026-07-28_08-15-03.webm,2026-07-28 08:15:00+05:30,2026-07-28 10:15:00+05:30,2026-07-28,120,0.5412077652052582,56.85185248084884,2.8825114784432517,1.2205326666666667,0.4234268192145537
24,135.47,24.97,22.17,4.96,86.91,8.12,3.727,96.27,92.42,96.5,92.14,-1.24,0.001703,0.039344,0.179571,SIRMOUR_2026-07-28_08-15-03.webm,2026-07-28 08:15:00+05:30,2026-07-28 10:30:00+05:30,2026-07-28,135,0.5412077652052582,60.25387905056186,3.030697344638586,0.47652,0.15723114049741102
24,135.47,24.97,22.17,4.96,86.91,8.12,3.727,96.27,92.42,96.5,92.14,-1.24,0.001703,0.039344,0.179571,SIRMOUR_2026-07-28_08-15-03.webm,2026-07-28 08:15:00+05:30,2026-07-28 10:45:00+05:30,2026-07-28,150,0.5412077652052582,63.64620468459099,3.16448730537369,0.33503533333333324,0.10587349576798803
24,135.47,24.97,22.17,4.96,86.91,8.12,3.727,96.27,92.42,96.5,92.14,-1.24,0.001703,0.039344,0.179571,SIRMOUR_2026-07-28_08-15-03.webm,2026-07-28 08:15:00+05:30,2026-07-28 11:00:00+05:30,2026-07-28,165,0.5412077652052582,67.02169086865293,3.283075708507559,0.4586613333333333,0.1397047689594202
24,135.47,24.97,22.17,4.96,86.91,8.12,3.727,96.27,92.42,96.5,92.14,-1.24,0.001703,0.039344,0.179571,SIRMOUR_2026-07-28_08-15-03.webm,2026-07-28 08:15:00+05:30,2026-07-28 11:15:00+05:30,2026-07-28,180,0.5412077652052582,70.36881795338131,3.3857664113640284,0.8778966666666667,0.2592903821480665
24,135.47,24.97,22.17,4.96,86.91,8.12,3.727,96.27,92.42,96.5,92.14,-1.24,0.001703,0.039344,0.179571,SIRMOUR_2026-07-28_08-15-03.webm,2026-07-28 08:15:00+05:30,2026-07-28 11:30:00+05:30,2026-07-28,195,0.5412077652052582,73.66729118305389,3.471968737562149,0.3355906666666667,0.09665716831952308
24,135.47,24.97,22.17,4.96,86.91,8.12,3.727,96.27,92.42,96.5,92.14,-1.24,0.001703,0.039344,0.179571,SIRMOUR_2026-07-28_08-15-03.webm,2026-07-28 08:15:00+05:30,2026-07-28 11:45:00+05:30,2026-07-28,210,0.5412077652052582,76.87746894103215,3.5411947678201723,0.26182533333333335,0.07393700445753885
24,135.47,24.97,22.17,4.96,86.91,8.12,3.727,96.27,92.42,96.5,92.14,-1.24,0.001703,0.039344,0.179571,SIRMOUR_2026-07-28_08-15-03.webm,2026-07-28 08:15:00+05:30,2026-07-28 12:00:00+05:30,2026-07-28,225,0.5412077652052582,79.91172058598542,3.593057553798832,1.0566346666666666,0.2940767440670463
24,135.47,24.97,22.17,4.96,86.91,8.12,3.727,96.27,92.42,96.5,92.14,-1.24,0.001703,0.039344,0.179571,SIRMOUR_2026-07-28_08-15-03.webm,2026-07-28 08:15:00+05:30,2026-07-28 12:15:00+05:30,2026-07-28,240,0.5412077652052582,82.54887325314009,3.627270189432386,3.0317406666666664,0.8358188136906032
24,135.19,25.0,22.38,5.0,86.79,8.21,3.733,95.42,93.03,96.04,92.41,-0.92,0.001305,0.037421,0.128271,SIRMOUR_2026-07-28_09-45-18.webm,2026-07-28 09:45:00+05:30,2026-07-28 10:00:00+05:30,2026-07-28,15,0.7433244989341395,53.44490738065399,2.720850730056428,1.1752799999999994,0.43195313400218216
24,135.19,25.0,22.38,5.0,86.79,8.21,3.733,95.42,93.03,96.04,92.41,-0.92,0.001305,0.037421,0.128271,SIRMOUR_2026-07-28_09-45-18.webm,2026-07-28 09:45:00+05:30,2026-07-28 10:15:00+05:30,2026-07-28,30,0.7433244989341395,56.85185248084884,2.8825114784432517,1.2205326666666667,0.4234268192145537
24,135.19,25.0,22.38,5.0,86.79,8.21,3.733,95.42,93.03,96.04,92.41,-0.92,0.001305,0.037421,0.128271,SIRMOUR_2026-07-28_09-45-18.webm,2026-07-28 09:45:00+05:30,2026-07-28 10:30:00+05:30,2026-07-28,45,0.7433244989341395,60.25387905056186,3.030697344638586,0.47652,0.15723114049741102
24,135.19,25.0,22.38,5.0,86.79,8.21,3.733,95.42,93.03,96.04,92.41,-0.92,0.001305,0.037421,0.128271,SIRMOUR_2026-07-28_09-45-18.webm,2026-07-28 09:45:00+05:30,2026-07-28 10:45:00+05:30,2026-07-28,60,0.7433244989341395,63.64620468459099,3.16448730537369,0.33503533333333324,0.10587349576798803
24,135.19,25.0,22.38,5.0,86.79,8.21,3.733,95.42,93.03,96.04,92.41,-0.92,0.001305,0.037421,0.128271,SIRMOUR_2026-07-28_09-45-18.webm,2026-07-28 09:45:00+05:30,2026-07-28 11:00:00+05:30,2026-07-28,75,0.7433244989341395,67.02169086865293,3.283075708507559,0.4586613333333333,0.1397047689594202
24,135.19,25.0,22.38,5.0,86.79,8.21,3.733,95.42,93.03,96.04,92.41,-0.92,0.001305,0.037421,0.128271,SIRMOUR_2026-07-28_09-45-18.webm,2026-07-28 09:45:00+05:30,2026-07-28 11:15:00+05:30,2026-07-28,90,0.7433244989341395,70.36881795338131,3.3857664113640284,0.8778966666666667,0.2592903821480665
24,135.19,25.0,22.38,5.0,86.79,8.21,3.733,95.42,93.03,96.04,92.41,-0.92,0.001305,0.037421,0.128271,SIRMOUR_2026-07-28_09-45-18.webm,2026-07-28 09:45:00+05:30,2026-07-28 11:30:00+05:30,2026-07-28,105,0.7433244989341395,73.66729118305389,3.471968737562149,0.3355906666666667,0.09665716831952308
24,135.19,25.0,22.38,5.0,86.79,8.21,3.733,95.42,93.03,96.04,92.41,-0.92,0.001305,0.037421,0.128271,SIRMOUR_2026-07-28_09-45-18.webm,2026-07-28 09:45:00+05:30,2026-07-28 11:45:00+05:30,2026-07-28,120,0.7433244989341395,76.87746894103215,3.5411947678201723,0.26182533333333335,0.07393700445753885
24,135.19,25.0,22.38,5.0,86.79,8.21,3.733,95.42,93.03,96.04,92.41,-0.92,0.001305,0.037421,0.128271,SIRMOUR_2026-07-28_09-45-18.webm,2026-07-28 09:45:00+05:30,2026-07-28 12:00:00+05:30,2026-07-28,135,0.7433244989341395,79.91172058598542,3.593057553798832,1.0566346666666666,0.2940767440670463
24,135.19,25.0,22.38,5.0,86.79,8.21,3.733,95.42,93.03,96.04,92.41,-0.92,0.001305,0.037421,0.128271,SIRMOUR_2026-07-28_09-45-18.webm,2026-07-28 09:45:00+05:30,2026-07-28 12:15:00+05:30,2026-07-28,150,0.7433244989341395,82.54887325314009,3.627270189432386,3.0317406666666664,0.8358188136906032
24,135.19,25.0,22.38,5.0,86.79,8.21,3.733,95.42,93.03,96.04,92.41,-0.92,0.001305,0.037421,0.128271,SIRMOUR_2026-07-28_09-45-18.webm,2026-07-28 09:45:00+05:30,2026-07-28 12:30:00+05:30,2026-07-28,165,0.7433244989341395,84.21486824129276,3.64364580215191,4.400096666666666,1.2
24,135.19,25.0,22.38,5.0,86.79,8.21,3.733,95.42,93.03,96.04,92.41,-0.92,0.001305,0.037421,0.128271,SIRMOUR_2026-07-28_09-45-18.webm,2026-07-28 09:45:00+05:30,2026-07-28 12:45:00+05:30,2026-07-28,180,0.7433244989341395,84.03063971905333,3.64209685506931,1.8411213333333332,0.5055113596912557
24,135.19,25.0,22.38,5.0,86.79,8.21,3.733,95.42,93.03,96.04,92.41,-0.92,0.001305,0.037421,0.128271,SIRMOUR_2026-07-28_09-45-18.webm,2026-07-28 09:45:00+05:30,2026-07-28 13:00:00+05:30,2026-07-28,195,0.7433244989341395,82.1249956922808,3.6226305852373732,2.0550579999999994,0.5672833460785628
24,135.19,25.0,22.38,5.0,86.79,8.21,3.733,95.42,93.03,96.04,92.41,-0.92,0.001305,0.037421,0.128271,SIRMOUR_2026-07-28_09-45-18.webm,2026-07-28 09:45:00+05:30,2026-07-28 13:15:00+05:30,2026-07-28,210,0.7433244989341395,79.38867219147538,3.585349831092559,1.8490693333333332,0.5157291255927092
24,135.19,25.0,22.38,5.0,86.79,8.21,3.733,95.42,93.03,96.04,92.41,-0.92,0.001305,0.037421,0.128271,SIRMOUR_2026-07-28_09-45-18.webm,2026-07-28 09:45:00+05:30,2026-07-28 13:30:00+05:30,2026-07-28,225,0.7433244989341395,76.3121391839295,3.5304571766597763,3.154354,0.8934689877712626
24,135.19,25.0,22.38,5.0,86.79,8.21,3.733,95.42,93.03,96.04,92.41,-0.92,0.001305,0.037421,0.128271,SIRMOUR_2026-07-28_09-45-18.webm,2026-07-28 09:45:00+05:30,2026-07-28 13:45:00+05:30,2026-07-28,240,0.7433244989341395,73.08128540120126,3.458255211291312,2.8695853333333328,0.8297783587411497
24,135.29,24.98,22.42,5.0,86.81,8.19,3.752,96.17,92.68,96.59,92.23,-1.0,0.0,0.041369,0.143918,SIRMOUR_2026-07-28_11-15-15.webm,2026-07-28 11:15:00+05:30,2026-07-28 11:30:00+05:30,2026-07-28,15,0.16552494684322144,73.66729118305389,3.471968737562149,0.3355906666666667,0.09665716831952308
24,135.29,24.98,22.42,5.0,86.81,8.19,3.752,96.17,92.68,96.59,92.23,-1.0,0.0,0.041369,0.143918,SIRMOUR_2026-07-28_11-15-15.webm,2026-07-28 11:15:00+05:30,2026-07-28 11:45:00+05:30,2026-07-28,30,0.16552494684322144,76.87746894103215,3.5411947678201723,0.26182533333333335,0.07393700445753885
24,135.29,24.98,22.42,5.0,86.81,8.19,3.752,96.17,92.68,96.59,92.23,-1.0,0.0,0.041369,0.143918,SIRMOUR_2026-07-28_11-15-15.webm,2026-07-28 11:15:00+05:30,2026-07-28 12:00:00+05:30,2026-07-28,45,0.16552494684322144,79.91172058598542,3.593057553798832,1.0566346666666666,0.2940767440670463
24,135.29,24.98,22.42,5.0,86.81,8.19,3.752,96.17,92.68,96.59,92.23,-1.0,0.0,0.041369,0.143918,SIRMOUR_2026-07-28_11-15-15.webm,2026-07-28 11:15:00+05:30,2026-07-28 12:15:00+05:30,2026-07-28,60,0.16552494684322144,82.54887325314009,3.627270189432386,3.0317406666666664,0.8358188136906032
24,135.29,24.98,22.42,5.0,86.81,8.19,3.752,96.17,92.68,96.59,92.23,-1.0,0.0,0.041369,0.143918,SIRMOUR_2026-07-28_11-15-15.webm,2026-07-28 11:15:00+05:30,2026-07-28 12:30:00+05:30,2026-07-28,75,0.16552494684322144,84.21486824129276,3.64364580215191,4.400096666666666,1.2
24,135.29,24.98,22.42,5.0,86.81,8.19,3.752,96.17,92.68,96.59,92.23,-1.0,0.0,0.041369,0.143918,SIRMOUR_2026-07-28_11-15-15.webm,2026-07-28 11:15:00+05:30,2026-07-28 12:45:00+05:30,2026-07-28,90,0.16552494684322144,84.03063971905333,3.64209685506931,1.8411213333333332,0.5055113596912557
24,135.29,24.98,22.42,5.0,86.81,8.19,3.752,96.17,92.68,96.59,92.23,-1.0,0.0,0.041369,0.143918,SIRMOUR_2026-07-28_11-15-15.webm,2026-07-28 11:15:00+05:30,2026-07-28 13:00:00+05:30,2026-07-28,105,0.16552494684322144,82.1249956922808,3.6226305852373732,2.0550579999999994,0.5672833460785628
24,135.29,24.98,22.42,5.0,86.81,8.19,3.752,96.17,92.68,96.59,92.23,-1.0,0.0,0.041369,0.143918,SIRMOUR_2026-07-28_11-15-15.webm,2026-07-28 11:15:00+05:30,2026-07-28 13:15:00+05:30,2026-07-28,120,0.16552494684322144,79.38867219147538,3.585349831092559,1.8490693333333332,0.5157291255927092
24,135.29,24.98,22.42,5.0,86.81,8.19,3.752,96.17,92.68,96.59,92.23,-1.0,0.0,0.041369,0.143918,SIRMOUR_2026-07-28_11-15-15.webm,2026-07-28 11:15:00+05:30,2026-07-28 13:30:00+05:30,2026-07-28,135,0.16552494684322144,76.3121391839295,3.5304571766597763,3.154354,0.8934689877712626
24,135.29,24.98,22.42,5.0,86.81,8.19,3.752,96.17,92.68,96.59,92.23,-1.0,0.0,0.041369,0.143918,SIRMOUR_2026-07-28_11-15-15.webm,2026-07-28 11:15:00+05:30,2026-07-28 13:45:00+05:30,2026-07-28,150,0.16552494684322144,73.08128540120126,3.458255211291312,2.8695853333333328,0.8297783587411497
24,135.29,24.98,22.42,5.0,86.81,8.19,3.752,96.17,92.68,96.59,92.23,-1.0,0.0,0.041369,0.143918,SIRMOUR_2026-07-28_11-15-15.webm,2026-07-28 11:15:00+05:30,2026-07-28 14:00:00+05:30,2026-07-28,165,0.16552494684322144,69.77139988361391,3.3691466953433213,2.263834666666666,0.6719311657742993
24,135.29,24.98,22.42,5.0,86.81,8.19,3.752,96.17,92.68,96.59,92.23,-1.0,0.0,0.041369,0.143918,SIRMOUR_2026-07-28_11-15-15.webm,2026-07-28 11:15:00+05:30,2026-07-28 14:15:00+05:30,2026-07-28,180,0.16552494684322144,66.4173533613325,3.2636356506674473,1.1932433333333332,0.36561781431983764
24,135.29,24.98,22.42,5.0,86.81,8.19,3.752,96.17,92.68,96.59,92.23,-1.0,0.0,0.041369,0.143918,SIRMOUR_2026-07-28_11-15-15.webm,2026-07-28 11:15:00+05:30,2026-07-28 14:30:00+05:30,2026-07-28,195,0.16552494684322144,63.03735507294655,3.14232931251879,0.8211426666666666,0.2613165537409779
24,135.29,24.98,22.42,5.0,86.81,8.19,3.752,96.17,92.68,96.59,92.23,-1.0,0.0,0.041369,0.143918,SIRMOUR_2026-07-28_11-15-15.webm,2026-07-28 11:15:00+05:30,2026-07-28 14:45:00+05:30,2026-07-28,210,0.16552494684322144,59.641912801064066,3.0059410494109575,0.419664,0.13961152035308114
24,135.29,24.98,22.42,5.0,86.81,8.19,3.752,96.17,92.68,96.59,92.23,-1.0,0.0,0.041369,0.143918,SIRMOUR_2026-07-28_11-15-15.webm,2026-07-28 11:15:00+05:30,2026-07-28 15:00:00+05:30,2026-07-28,225,0.16552494684322144,56.23763156847662,2.855294697146613,0.2965733333333334,0.10386785421123382
24,135.29,24.98,22.42,5.0,86.81,8.19,3.752,96.17,92.68,96.59,92.23,-1.0,0.0,0.041369,0.143918,SIRMOUR_2026-07-28_11-15-15.webm,2026-07-28 11:15:00+05:30,2026-07-28 15:15:00+05:30,2026-07-28,240,0.16552494684322144,52.82899363900923,2.691330827724931,0.26878199999999997,0.09986955049565946
24,140.52,34.53,21.47,4.59,83.18,12.22,3.605,97.29,94.09,98.62,92.77,-1.49,3.1e-05,0.042835,0.16532,SIRMOUR_2026-07-28_12-45-03.webm,2026-07-28 12:45:00+05:30,2026-07-28 13:00:00+05:30,2026-07-28,15,0.7088517293622263,82.1249956922808,3.6226305852373732,2.0550579999999994,0.5672833460785628
24,140.52,34.53,21.47,4.59,83.18,12.22,3.605,97.29,94.09,98.62,92.77,-1.49,3.1e-05,0.042835,0.16532,SIRMOUR_2026-07-28_12-45-03.webm,2026-07-28 12:45:00+05:30,2026-07-28 13:15:00+05:30,2026-07-28,30,0.7088517293622263,79.38867219147538,3.585349831092559,1.8490693333333332,0.5157291255927092
24,140.52,34.53,21.47,4.59,83.18,12.22,3.605,97.29,94.09,98.62,92.77,-1.49,3.1e-05,0.042835,0.16532,SIRMOUR_2026-07-28_12-45-03.webm,2026-07-28 12:45:00+05:30,2026-07-28 13:30:00+05:30,2026-07-28,45,0.7088517293622263,76.3121391839295,3.5304571766597763,3.154354,0.8934689877712626
24,140.52,34.53,21.47,4.59,83.18,12.22,3.605,97.29,94.09,98.62,92.77,-1.49,3.1e-05,0.042835,0.16532,SIRMOUR_2026-07-28_12-45-03.webm,2026-07-28 12:45:00+05:30,2026-07-28 13:45:00+05:30,2026-07-28,60,0.7088517293622263,73.08128540120126,3.458255211291312,2.8695853333333328,0.8297783587411497
24,140.52,34.53,21.47,4.59,83.18,12.22,3.605,97.29,94.09,98.62,92.77,-1.49,3.1e-05,0.042835,0.16532,SIRMOUR_2026-07-28_12-45-03.webm,2026-07-28 12:45:00+05:30,2026-07-28 14:00:00+05:30,2026-07-28,75,0.7088517293622263,69.77139988361391,3.3691466953433213,2.263834666666666,0.6719311657742993
24,140.52,34.53,21.47,4.59,83.18,12.22,3.605,97.29,94.09,98.62,92.77,-1.49,3.1e-05,0.042835,0.16532,SIRMOUR_2026-07-28_12-45-03.webm,2026-07-28 12:45:00+05:30,2026-07-28 14:15:00+05:30,2026-07-28,90,0.7088517293622263,66.4173533613325,3.2636356506674473,1.1932433333333332,0.36561781431983764
24,140.52,34.53,21.47,4.59,83.18,12.22,3.605,97.29,94.09,98.62,92.77,-1.49,3.1e-05,0.042835,0.16532,SIRMOUR_2026-07-28_12-45-03.webm,2026-07-28 12:45:00+05:30,2026-07-28 14:30:00+05:30,2026-07-28,105,0.7088517293622263,63.03735507294655,3.14232931251879,0.8211426666666666,0.2613165537409779
24,140.52,34.53,21.47,4.59,83.18,12.22,3.605,97.29,94.09,98.62,92.77,-1.49,3.1e-05,0.042835,0.16532,SIRMOUR_2026-07-28_12-45-03.webm,2026-07-28 12:45:00+05:30,2026-07-28 14:45:00+05:30,2026-07-28,120,0.7088517293622263,59.641912801064066,3.0059410494109575,0.419664,0.13961152035308114
24,140.52,34.53,21.47,4.59,83.18,12.22,3.605,97.29,94.09,98.62,92.77,-1.49,3.1e-05,0.042835,0.16532,SIRMOUR_2026-07-28_12-45-03.webm,2026-07-28 12:45:00+05:30,2026-07-28 15:00:00+05:30,2026-07-28,135,0.7088517293622263,56.23763156847662,2.855294697146613,0.2965733333333334,0.10386785421123382
24,140.52,34.53,21.47,4.59,83.18,12.22,3.605,97.29,94.09,98.62,92.77,-1.49,3.1e-05,0.042835,0.16532,SIRMOUR_2026-07-28_12-45-03.webm,2026-07-28 12:45:00+05:30,2026-07-28 15:15:00+05:30,2026-07-28,150,0.7088517293622263,52.82899363900923,2.691330827724931,0.26878199999999997,0.09986955049565946
24,140.52,34.53,21.47,4.59,83.18,12.22,3.605,97.29,94.09,98.62,92.77,-1.49,3.1e-05,0.042835,0.16532,SIRMOUR_2026-07-28_12-45-03.webm,2026-07-28 12:45:00+05:30,2026-07-28 15:30:00+05:30,2026-07-28,165,0.7088517293622263,49.419264145342744,2.515115668344554,0.15477266666666667,0.061536997528442834
24,140.52,34.53,21.47,4.59,83.18,12.22,3.605,97.29,94.09,98.62,92.77,-1.49,3.1e-05,0.042835,0.16532,SIRMOUR_2026-07-28_12-45-03.webm,2026-07-28 12:45:00+05:30,2026-07-28 15:45:00+05:30,2026-07-28,180,0.7088517293622263,46.010987657778024,2.327853929701772,0.08538266666666668,0.03667870461167866
24,140.52,34.53,21.47,4.59,83.18,12.22,3.605,97.29,94.09,98.62,92.77,-1.49,3.1e-05,0.042835,0.16532,SIRMOUR_2026-07-28_12-45-03.webm,2026-07-28 12:45:00+05:30,2026-07-28 16:00:00+05:30,2026-07-28,195,0.7088517293622263,42.60627834095427,2.130907142957013,0.057778666666666666,0.027114586788839837
24,140.52,34.53,21.47,4.59,83.18,12.22,3.605,97.29,94.09,98.62,92.77,-1.49,3.1e-05,0.042835,0.16532,SIRMOUR_2026-07-28_12-45-03.webm,2026-07-28 12:45:00+05:30,2026-07-28 16:15:00+05:30,2026-07-28,210,0.7088517293622263,39.20699948377272,1.9258198292125408,0.04777733333333333,0.0248088282240137
24,140.52,34.53,21.47,4.59,83.18,12.22,3.605,97.29,94.09,98.62,92.77,-1.49,3.1e-05,0.042835,0.16532,SIRMOUR_2026-07-28_12-45-03.webm,2026-07-28 12:45:00+05:30,2026-07-28 16:30:00+05:30,2026-07-28,225,0.7088517293622263,35.814884866641506,1.7143572168621193,0.03730066666666666,0.021757814707333917
24,140.52,34.53,21.47,4.59,83.18,12.22,3.605,97.29,94.09,98.62,92.77,-1.49,3.1e-05,0.042835,0.16532,SIRMOUR_2026-07-28_12-45-03.webm,2026-07-28 12:45:00+05:30,2026-07-28 16:45:00+05:30,2026-07-28,240,0.7088517293622263,32.43162820643168,1.4985597387366376,0.03563199999999999,0.023777497205443133
24,135.42,24.99,21.86,4.88,87.07,8.04,3.608,96.27,92.59,96.68,92.14,-1.23,0.001492,0.042539,0.104325,SIRMOUR_2026-07-28_14-15-22.webm,2026-07-28 14:15:00+05:30,2026-07-28 14:30:00+05:30,2026-07-28,15,0.6901990816516373,63.03735507294655,3.14232931251879,0.8211426666666666,0.2613165537409779
24,135.42,24.99,21.86,4.88,87.07,8.04,3.608,96.27,92.59,96.68,92.14,-1.23,0.001492,0.042539,0.104325,SIRMOUR_2026-07-28_14-15-22.webm,2026-07-28 14:15:00+05:30,2026-07-28 14:45:00+05:30,2026-07-28,30,0.6901990816516373,59.641912801064066,3.0059410494109575,0.419664,0.13961152035308114
24,135.42,24.99,21.86,4.88,87.07,8.04,3.608,96.27,92.59,96.68,92.14,-1.23,0.001492,0.042539,0.104325,SIRMOUR_2026-07-28_14-15-22.webm,2026-07-28 14:15:00+05:30,2026-07-28 15:00:00+05:30,2026-07-28,45,0.6901990816516373,56.23763156847662,2.855294697146613,0.2965733333333334,0.10386785421123382
24,135.42,24.99,21.86,4.88,87.07,8.04,3.608,96.27,92.59,96.68,92.14,-1.23,0.001492,0.042539,0.104325,SIRMOUR_2026-07-28_14-15-22.webm,2026-07-28 14:15:00+05:30,2026-07-28 15:15:00+05:30,2026-07-28,60,0.6901990816516373,52.82899363900923,2.691330827724931,0.26878199999999997,0.09986955049565946
24,135.42,24.99,21.86,4.88,87.07,8.04,3.608,96.27,92.59,96.68,92.14,-1.23,0.001492,0.042539,0.104325,SIRMOUR_2026-07-28_14-15-22.webm,2026-07-28 14:15:00+05:30,2026-07-28 15:30:00+05:30,2026-07-28,75,0.6901990816516373,49.419264145342744,2.515115668344554,0.15477266666666667,0.061536997528442834
24,135.42,24.99,21.86,4.88,87.07,8.04,3.608,96.27,92.59,96.68,92.14,-1.23,0.001492,0.042539,0.104325,SIRMOUR_2026-07-28_14-15-22.webm,2026-07-28 14:15:00+05:30,2026-07-28 15:45:00+05:30,2026-07-28,90,0.6901990816516373,46.010987657778024,2.327853929701772,0.08538266666666668,0.03667870461167866
24,135.42,24.99,21.86,4.88,87.07,8.04,3.608,96.27,92.59,96.68,92.14,-1.23,0.001492,0.042539,0.104325,SIRMOUR_2026-07-28_14-15-22.webm,2026-07-28 14:15:00+05:30,2026-07-28 16:00:00+05:30,2026-07-28,105,0.6901990816516373,42.60627834095427,2.130907142957013,0.057778666666666666,0.027114586788839837
24,135.42,24.99,21.86,4.88,87.07,8.04,3.608,96.27,92.59,96.68,92.14,-1.23,0.001492,0.042539,0.104325,SIRMOUR_2026-07-28_14-15-22.webm,2026-07-28 14:15:00+05:30,2026-07-28 16:15:00+05:30,2026-07-28,120,0.6901990816516373,39.20699948377272,1.9258198292125408,0.04777733333333333,0.0248088282240137
24,135.42,24.99,21.86,4.88,87.07,8.04,3.608,96.27,92.59,96.68,92.14,-1.23,0.001492,0.042539,0.104325,SIRMOUR_2026-07-28_14-15-22.webm,2026-07-28 14:15:00+05:30,2026-07-28 16:30:00+05:30,2026-07-28,135,0.6901990816516373,35.814884866641506,1.7143572168621193,0.03730066666666666,0.021757814707333917
24,135.42,24.99,21.86,4.88,87.07,8.04,3.608,96.27,92.59,96.68,92.14,-1.23,0.001492,0.042539,0.104325,SIRMOUR_2026-07-28_14-15-22.webm,2026-07-28 14:15:00+05:30,2026-07-28 16:45:00+05:30,2026-07-28,150,0.6901990816516373,32.43162820643168,1.4985597387366376,0.03563199999999999,0.023777497205443133
24,135.42,24.99,21.86,4.88,87.07,8.04,3.608,96.27,92.59,96.68,92.14,-1.23,0.001492,0.042539,0.104325,SIRMOUR_2026-07-28_14-15-22.webm,2026-07-28 14:15:00+05:30,2026-07-28 17:00:00+05:30,2026-07-28,165,0.6901990816516373,29.05895681425478,1.2808220911469952,0.036734,0.02868001750899234
24,135.42,24.99,21.86,4.88,87.07,8.04,3.608,96.27,92.59,96.68,92.14,-1.23,0.001492,0.042539,0.104325,SIRMOUR_2026-07-28_14-15-22.webm,2026-07-28 14:15:00+05:30,2026-07-28 17:15:00+05:30,2026-07-28,180,0.6901990816516373,25.698706365920916,1.0640085323704052,0.034934,0.03283244347878847
24,135.42,24.99,21.86,4.88,87.07,8.04,3.608,96.27,92.59,96.68,92.14,-1.23,0.001492,0.042539,0.104325,SIRMOUR_2026-07-28_14-15-22.webm,2026-07-28 14:15:00+05:30,2026-07-28 17:30:00+05:30,2026-07-28,195,0.6901990816516373,22.352912325256842,0.8516202535439079,0.05017933333333334,0.058922193459489146
24,135.42,24.99,21.86,4.88,87.07,8.04,3.608,96.27,92.59,96.68,92.14,-1.23,0.001492,0.042539,0.104325,SIRMOUR_2026-07-28_14-15-22.webm,2026-07-28 14:15:00+05:30,2026-07-28 17:45:00+05:30,2026-07-28,210,0.6901990816516373,19.023946247107105,0.648033353990736,0.044320000000000005,0.06839154146475242
24,135.04,25.03,22.28,5.0,86.86,8.14,3.594,96.17,92.59,96.5,92.23,-1.03,-1.3e-05,0.033317,0.072978,SIRMOUR_2026-07-28_15-45-11.webm,2026-07-28 15:45:00+05:30,2026-07-28 16:00:00+05:30,2026-07-28,15,0.07548827671175369,42.60627834095427,2.130907142957013,0.057778666666666666,0.027114586788839837
24,135.04,25.03,22.28,5.0,86.86,8.14,3.594,96.17,92.59,96.5,92.23,-1.03,-1.3e-05,0.033317,0.072978,SIRMOUR_2026-07-28_15-45-11.webm,2026-07-28 15:45:00+05:30,2026-07-28 16:15:00+05:30,2026-07-28,30,0.07548827671175369,39.20699948377272,1.9258198292125408,0.04777733333333333,0.0248088282240137
24,135.04,25.03,22.28,5.0,86.86,8.14,3.594,96.17,92.59,96.5,92.23,-1.03,-1.3e-05,0.033317,0.072978,SIRMOUR_2026-07-28_15-45-11.webm,2026-07-28 15:45:00+05:30,2026-07-28 16:30:00+05:30,2026-07-28,45,0.07548827671175369,35.814884866641506,1.7143572168621193,0.03730066666666666,0.021757814707333917
24,135.04,25.03,22.28,5.0,86.86,8.14,3.594,96.17,92.59,96.5,92.23,-1.03,-1.3e-05,0.033317,0.072978,SIRMOUR_2026-07-28_15-45-11.webm,2026-07-28 15:45:00+05:30,2026-07-28 16:45:00+05:30,2026-07-28,60,0.07548827671175369,32.43162820643168,1.4985597387366376,0.03563199999999999,0.023777497205443133
24,135.04,25.03,22.28,5.0,86.86,8.14,3.594,96.17,92.59,96.5,92.23,-1.03,-1.3e-05,0.033317,0.072978,SIRMOUR_2026-07-28_15-45-11.webm,2026-07-28 15:45:00+05:30,2026-07-28 17:00:00+05:30,2026-07-28,75,0.07548827671175369,29.05895681425478,1.2808220911469952,0.036734,0.02868001750899234
24,135.04,25.03,22.28,5.0,86.86,8.14,3.594,96.17,92.59,96.5,92.23,-1.03,-1.3e-05,0.033317,0.072978,SIRMOUR_2026-07-28_15-45-11.webm,2026-07-28 15:45:00+05:30,2026-07-28 17:15:00+05:30,2026-07-28,90,0.07548827671175369,25.698706365920916,1.0640085323704052,0.034934,0.03283244347878847
24,135.04,25.03,22.28,5.0,86.86,8.14,3.594,96.17,92.59,96.5,92.23,-1.03,-1.3e-05,0.033317,0.072978,SIRMOUR_2026-07-28_15-45-11.webm,2026-07-28 15:45:00+05:30,2026-07-28 17:30:00+05:30,2026-07-28,105,0.07548827671175369,22.352912325256842,0.8516202535439079,0.05017933333333334,0.058922193459489146
24,135.04,25.03,22.28,5.0,86.86,8.14,3.594,96.17,92.59,96.5,92.23,-1.03,-1.3e-05,0.033317,0.072978,SIRMOUR_2026-07-28_15-45-11.webm,2026-07-28 15:45:00+05:30,2026-07-28 17:45:00+05:30,2026-07-28,120,0.07548827671175369,19.023946247107105,0.648033353990736,0.044320000000000005,0.06839154146475242
24,135.4,24.96,22.25,4.92,86.92,8.16,3.822,95.99,92.86,96.59,92.23,-0.84,-0.001826,0.05658,0.191324,SIRMOUR_2026-07-29_06-45-05.webm,2026-07-29 06:45:00+05:30,2026-07-29 07:00:00+05:30,2026-07-29,15,1.2,12.966918198605274,0.3175641317705012,0.43715333333333334,1.2
24,135.4,24.96,22.25,4.92,86.92,8.16,3.822,95.99,92.86,96.59,92.23,-0.84,-0.001826,0.05658,0.191324,SIRMOUR_2026-07-29_06-45-05.webm,2026-07-29 06:45:00+05:30,2026-07-29 07:15:00+05:30,2026-07-29,30,1.2,16.25681588948635,0.48976048220601365,0.6198646666666666,1.2
24,135.4,24.96,22.25,4.92,86.92,8.16,3.822,95.99,92.86,96.59,92.23,-0.84,-0.001826,0.05658,0.191324,SIRMOUR_2026-07-29_06-45-05.webm,2026-07-29 06:45:00+05:30,2026-07-29 07:30:00+05:30,2026-07-29,45,1.2,19.569776607560577,0.6821471875982181,0.6893153333333334,1.010508209760937
24,135.4,24.96,22.25,4.92,86.92,8.16,3.822,95.99,92.86,96.59,92.23,-0.84,-0.001826,0.05658,0.191324,SIRMOUR_2026-07-29_06-45-05.webm,2026-07-29 06:45:00+05:30,2026-07-29 07:45:00+05:30,2026-07-29,60,1.2,22.901944798919196,0.8878772431805351,0.8614593333333334,0.9702459883389194
24,135.4,24.96,22.25,4.92,86.92,8.16,3.822,95.99,92.86,96.59,92.23,-0.84,-0.001826,0.05658,0.191324,SIRMOUR_2026-07-29_06-45-05.webm,2026-07-29 06:45:00+05:30,2026-07-29 08:00:00+05:30,2026-07-29,75,1.2,26.250470187288016,1.1015984904246316,1.0248473333333334,0.9303274670776709
24,135.4,24.96,22.25,4.92,86.92,8.16,3.822,95.99,92.86,96.59,92.23,-0.84,-0.001826,0.05658,0.191324,SIRMOUR_2026-07-29_06-45-05.webm,2026-07-29 06:45:00+05:30,2026-07-29 08:15:00+05:30,2026-07-29,90,1.2,29.613032253363752,1.3190968756701154,1.0808386666666667,0.8193777777826887
24,135.4,24.96,22.25,4.92,86.92,8.16,3.822,95.99,92.86,96.59,92.23,-0.84,-0.001826,0.05658,0.191324,SIRMOUR_2026-07-29_06-45-05.webm,2026-07-29 06:45:00+05:30,2026-07-29 08:30:00+05:30,2026-07-29,105,1.2,32.987614629040664,1.5369894380738227,1.0871906666666666,0.7073507727087244
24,135.4,24.96,22.25,4.92,86.92,8.16,3.822,95.99,92.86,96.59,92.23,-0.84,-0.001826,0.05658,0.191324,SIRMOUR_2026-07-29_06-45-05.webm,2026-07-29 06:45:00+05:30,2026-07-29 08:45:00+05:30,2026-07-29,120,1.2,36.37237806678026,1.7524985066326662,1.1818806666666668,0.6743975314065108
24,135.4,24.96,22.25,4.92,86.92,8.16,3.822,95.99,92.86,96.59,92.23,-0.84,-0.001826,0.05658,0.191324,SIRMOUR_2026-07-29_06-45-05.webm,2026-07-29 06:45:00+05:30,2026-07-29 09:00:00+05:30,2026-07-29,135,1.2,39.76557129862895,1.9632939060970378,1.3630526666666665,0.694268271517416
24,135.4,24.96,22.25,4.92,86.92,8.16,3.822,95.99,92.86,96.59,92.23,-0.84,-0.001826,0.05658,0.191324,SIRMOUR_2026-07-29_06-45-05.webm,2026-07-29 06:45:00+05:30,2026-07-29 09:15:00+05:30,2026-07-29,150,1.2,43.16545441555407,2.1673844869773236,1.605328666666667,0.7406755360261389
24,135.4,24.96,22.25,4.92,86.92,8.16,3.822,95.99,92.86,96.59,92.23,-0.84,-0.001826,0.05658,0.191324,SIRMOUR_2026-07-29_06-45-05.webm,2026-07-29 06:45:00+05:30,2026-07-29 09:30:00+05:30,2026-07-29,165,1.2,46.57021971637356,2.3630437787864174,1.7032157142857145,0.7207719677374876
24,135.4,24.96,22.25,4.92,86.92,8.16,3.822,95.99,92.86,96.59,92.23,-0.84,-0.001826,0.05658,0.191324,SIRMOUR_2026-07-29_06-45-05.webm,2026-07-29 06:45:00+05:30,2026-07-29 09:45:00+05:30,2026-07-29,180,1.2,49.97789219799726,2.548758719443083,1.8695533333333332,0.7335152280486715
24,135.4,24.96,22.25,4.92,86.92,8.16,3.822,95.99,92.86,96.59,92.23,-0.84,-0.001826,0.05658,0.191324,SIRMOUR_2026-07-29_06-45-05.webm,2026-07-29 06:45:00+05:30,2026-07-29 10:00:00+05:30,2026-07-29,195,1.2,53.38619112344682,2.72319415374509,2.0461986666666667,0.751396540658924
24,135.4,24.96,22.25,4.92,86.92,8.16,3.822,95.99,92.86,96.59,92.23,-0.84,-0.001826,0.05658,0.191324,SIRMOUR_2026-07-29_06-45-05.webm,2026-07-29 06:45:00+05:30,2026-07-29 10:15:00+05:30,2026-07-29,210,1.2,56.79232148295786,2.885168195496377,1.2390073333333338,0.42944024381918905
24,135.4,24.96,22.25,4.92,86.92,8.16,3.822,95.99,92.86,96.59,92.23,-0.84,-0.001826,0.05658,0.191324,SIRMOUR_2026-07-29_06-45-05.webm,2026-07-29 06:45:00+05:30,2026-07-29 10:30:00+05:30,2026-07-29,225,1.2,60.19263303452053,3.0336349597715815,1.0025593333333334,0.330481203779647
24,135.4,24.96,22.25,4.92,86.92,8.16,3.822,95.99,92.86,96.59,92.23,-0.84,-0.001826,0.05658,0.191324,SIRMOUR_2026-07-29_06-45-05.webm,2026-07-29 06:45:00+05:30,2026-07-29 10:45:00+05:30,2026-07-29,240,1.2,63.58203061572552,3.1676724872679998,2.008131333333333,0.633945378319484
24,135.41,24.98,22.2,4.88,87.05,8.07,3.642,96.45,92.59,96.77,92.23,-1.0,-5.2e-05,0.036067,0.128044,SIRMOUR_2026-07-29_08-15-05.webm,2026-07-29 08:15:00+05:30,2026-07-29 08:30:00+05:30,2026-07-29,15,0.9326148607400541,32.987614629040664,1.5369894380738227,1.0871906666666666,0.7073507727087244
24,135.41,24.98,22.2,4.88,87.05,8.07,3.642,96.45,92.59,96.77,92.23,-1.0,-5.2e-05,0.036067,0.128044,SIRMOUR_2026-07-29_08-15-05.webm,2026-07-29 08:15:00+05:30,2026-07-29 08:45:00+05:30,2026-07-29,30,0.9326148607400541,36.37237806678026,1.7524985066326662,1.1818806666666668,0.6743975314065108
24,135.41,24.98,22.2,4.88,87.05,8.07,3.642,96.45,92.59,96.77,92.23,-1.0,-5.2e-05,0.036067,0.128044,SIRMOUR_2026-07-29_08-15-05.webm,2026-07-29 08:15:00+05:30,2026-07-29 09:00:00+05:30,2026-07-29,45,0.9326148607400541,39.76557129862895,1.9632939060970378,1.3630526666666665,0.694268271517416
24,135.41,24.98,22.2,4.88,87.05,8.07,3.642,96.45,92.59,96.77,92.23,-1.0,-5.2e-05,0.036067,0.128044,SIRMOUR_2026-07-29_08-15-05.webm,2026-07-29 08:15:00+05:30,2026-07-29 09:15:00+05:30,2026-07-29,60,0.9326148607400541,43.16545441555407,2.1673844869773236,1.605328666666667,0.7406755360261389
24,135.41,24.98,22.2,4.88,87.05,8.07,3.642,96.45,92.59,96.77,92.23,-1.0,-5.2e-05,0.036067,0.128044,SIRMOUR_2026-07-29_08-15-05.webm,2026-07-29 08:15:00+05:30,2026-07-29 09:30:00+05:30,2026-07-29,75,0.9326148607400541,46.57021971637356,2.3630437787864174,1.7032157142857145,0.7207719677374876
24,135.41,24.98,22.2,4.88,87.05,8.07,3.642,96.45,92.59,96.77,92.23,-1.0,-5.2e-05,0.036067,0.128044,SIRMOUR_2026-07-29_08-15-05.webm,2026-07-29 08:15:00+05:30,2026-07-29 09:45:00+05:30,2026-07-29,90,0.9326148607400541,49.97789219799726,2.548758719443083,1.8695533333333332,0.7335152280486715
24,135.41,24.98,22.2,4.88,87.05,8.07,3.642,96.45,92.59,96.77,92.23,-1.0,-5.2e-05,0.036067,0.128044,SIRMOUR_2026-07-29_08-15-05.webm,2026-07-29 08:15:00+05:30,2026-07-29 10:00:00+05:30,2026-07-29,105,0.9326148607400541,53.38619112344682,2.72319415374509,2.0461986666666667,0.751396540658924
24,135.41,24.98,22.2,4.88,87.05,8.07,3.642,96.45,92.59,96.77,92.23,-1.0,-5.2e-05,0.036067,0.128044,SIRMOUR_2026-07-29_08-15-05.webm,2026-07-29 08:15:00+05:30,2026-07-29 10:15:00+05:30,2026-07-29,120,0.9326148607400541,56.79232148295786,2.885168195496377,1.2390073333333338,0.42944024381918905
24,135.41,24.98,22.2,4.88,87.05,8.07,3.642,96.45,92.59,96.77,92.23,-1.0,-5.2e-05,0.036067,0.128044,SIRMOUR_2026-07-29_08-15-05.webm,2026-07-29 08:15:00+05:30,2026-07-29 10:30:00+05:30,2026-07-29,135,0.9326148607400541,60.19263303452053,3.0336349597715815,1.0025593333333334,0.330481203779647
24,135.41,24.98,22.2,4.88,87.05,8.07,3.642,96.45,92.59,96.77,92.23,-1.0,-5.2e-05,0.036067,0.128044,SIRMOUR_2026-07-29_08-15-05.webm,2026-07-29 08:15:00+05:30,2026-07-29 10:45:00+05:30,2026-07-29,150,0.9326148607400541,63.58203061572552,3.1676724872679998,2.008131333333333,0.633945378319484
24,135.41,24.98,22.2,4.88,87.05,8.07,3.642,96.45,92.59,96.77,92.23,-1.0,-5.2e-05,0.036067,0.128044,SIRMOUR_2026-07-29_08-15-05.webm,2026-07-29 08:15:00+05:30,2026-07-29 11:00:00+05:30,2026-07-29,165,0.9326148607400541,66.9528877209131,3.286474358736339,1.8028826666666669,0.548576519964051
24,135.41,24.98,22.2,4.88,87.05,8.07,3.642,96.45,92.59,96.77,92.23,-1.0,-5.2e-05,0.036067,0.128044,SIRMOUR_2026-07-29_08-15-05.webm,2026-07-29 08:15:00+05:30,2026-07-29 11:15:00+05:30,2026-07-29,180,0.9326148607400541,70.29289005234723,3.3893438083678724,1.3868800000000001,0.4091883498439917
24,135.41,24.98,22.2,4.88,87.05,8.07,3.642,96.45,92.59,96.77,92.23,-1.0,-5.2e-05,0.036067,0.128044,SIRMOUR_2026-07-29_08-15-05.webm,2026-07-29 08:15:00+05:30,2026-07-29 11:30:00+05:30,2026-07-29,195,0.9326148607400541,73.58038520882585,3.4756896664270145,1.8056533333333327,0.519509365515228
24,135.41,24.98,22.2,4.88,87.05,8.07,3.642,96.45,92.59,96.77,92.23,-1.0,-5.2e-05,0.036067,0.128044,SIRMOUR_2026-07-29_08-15-05.webm,2026-07-29 08:15:00+05:30,2026-07-29 11:45:00+05:30,2026-07-29,210,0.9326148607400541,76.77330737567614,3.5450236432178492,1.8536786666666665,0.5228959954083877
24,135.41,24.98,22.2,4.88,87.05,8.07,3.642,96.45,92.59,96.77,92.23,-1.0,-5.2e-05,0.036067,0.128044,SIRMOUR_2026-07-29_08-15-05.webm,2026-07-29 08:15:00+05:30,2026-07-29 12:00:00+05:30,2026-07-29,225,0.9326148607400541,79.77970734103492,3.5969585411102156,1.935344,0.5380501270394538
24,135.41,24.98,22.2,4.88,87.05,8.07,3.642,96.45,92.59,96.77,92.23,-1.0,-5.2e-05,0.036067,0.128044,SIRMOUR_2026-07-29_08-15-05.webm,2026-07-29 08:15:00+05:30,2026-07-29 12:15:00+05:30,2026-07-29,240,0.9326148607400541,82.37277410169372,3.631207321131862,1.4636440000000002,0.4030736530746409
24,135.19,25.0,22.31,5.03,86.88,8.09,3.754,96.08,92.5,96.31,92.23,-1.01,-0.00245,0.051721,0.175009,SIRMOUR_2026-07-29_09-45-02.webm,2026-07-29 09:45:00+05:30,2026-07-29 10:00:00+05:30,2026-07-29,15,0.7223077508324285,53.38619112344682,2.72319415374509,2.0461986666666667,0.751396540658924
24,135.19,25.0,22.31,5.03,86.88,8.09,3.754,96.08,92.5,96.31,92.23,-1.01,-0.00245,0.051721,0.175009,SIRMOUR_2026-07-29_09-45-02.webm,2026-07-29 09:45:00+05:30,2026-07-29 10:15:00+05:30,2026-07-29,30,0.7223077508324285,56.79232148295786,2.885168195496377,1.2390073333333338,0.42944024381918905
24,135.19,25.0,22.31,5.03,86.88,8.09,3.754,96.08,92.5,96.31,92.23,-1.01,-0.00245,0.051721,0.175009,SIRMOUR_2026-07-29_09-45-02.webm,2026-07-29 09:45:00+05:30,2026-07-29 10:30:00+05:30,2026-07-29,45,0.7223077508324285,60.19263303452053,3.0336349597715815,1.0025593333333334,0.330481203779647
24,135.19,25.0,22.31,5.03,86.88,8.09,3.754,96.08,92.5,96.31,92.23,-1.01,-0.00245,0.051721,0.175009,SIRMOUR_2026-07-29_09-45-02.webm,2026-07-29 09:45:00+05:30,2026-07-29 10:45:00+05:30,2026-07-29,60,0.7223077508324285,63.58203061572552,3.1676724872679998,2.008131333333333,0.633945378319484
24,135.19,25.0,22.31,5.03,86.88,8.09,3.754,96.08,92.5,96.31,92.23,-1.01,-0.00245,0.051721,0.175009,SIRMOUR_2026-07-29_09-45-02.webm,2026-07-29 09:45:00+05:30,2026-07-29 11:00:00+05:30,2026-07-29,75,0.7223077508324285,66.9528877209131,3.286474358736339,1.8028826666666669,0.548576519964051
24,135.19,25.0,22.31,5.03,86.88,8.09,3.754,96.08,92.5,96.31,92.23,-1.01,-0.00245,0.051721,0.175009,SIRMOUR_2026-07-29_09-45-02.webm,2026-07-29 09:45:00+05:30,2026-07-29 11:15:00+05:30,2026-07-29,90,0.7223077508324285,70.29289005234723,3.3893438083678724,1.3868800000000001,0.4091883498439917
24,135.19,25.0,22.31,5.03,86.88,8.09,3.754,96.08,92.5,96.31,92.23,-1.01,-0.00245,0.051721,0.175009,SIRMOUR_2026-07-29_09-45-02.webm,2026-07-29 09:45:00+05:30,2026-07-29 11:30:00+05:30,2026-07-29,105,0.7223077508324285,73.58038520882585,3.4756896664270145,1.8056533333333327,0.519509365515228
24,135.19,25.0,22.31,5.03,86.88,8.09,3.754,96.08,92.5,96.31,92.23,-1.01,-0.00245,0.051721,0.175009,SIRMOUR_2026-07-29_09-45-02.webm,2026-07-29 09:45:00+05:30,2026-07-29 11:45:00+05:30,2026-07-29,120,0.7223077508324285,76.77330737567614,3.5450236432178492,1.8536786666666665,0.5228959954083877
24,135.19,25.0,22.31,5.03,86.88,8.09,3.754,96.08,92.5,96.31,92.23,-1.01,-0.00245,0.051721,0.175009,SIRMOUR_2026-07-29_09-45-02.webm,2026-07-29 09:45:00+05:30,2026-07-29 12:00:00+05:30,2026-07-29,135,0.7223077508324285,79.77970734103492,3.5969585411102156,1.935344,0.5380501270394538
24,135.19,25.0,22.31,5.03,86.88,8.09,3.754,96.08,92.5,96.31,92.23,-1.01,-0.00245,0.051721,0.175009,SIRMOUR_2026-07-29_09-45-02.webm,2026-07-29 09:45:00+05:30,2026-07-29 12:15:00+05:30,2026-07-29,150,0.7223077508324285,82.37277410169372,3.631207321131862,1.4636440000000002,0.4030736530746409
24,135.19,25.0,22.31,5.03,86.88,8.09,3.754,96.08,92.5,96.31,92.23,-1.01,-0.00245,0.051721,0.175009,SIRMOUR_2026-07-29_09-45-02.webm,2026-07-29 09:45:00+05:30,2026-07-29 12:30:00+05:30,2026-07-29,165,0.7223077508324285,83.98876544083774,3.64758303357786,1.5272680000000005,0.41870684942350056
24,135.19,25.0,22.31,5.03,86.88,8.09,3.754,96.08,92.5,96.31,92.23,-1.01,-0.00245,0.051721,0.175009,SIRMOUR_2026-07-29_09-45-02.webm,2026-07-29 09:45:00+05:30,2026-07-29 12:45:00+05:30,2026-07-29,180,0.7223077508324285,83.8072736022215,3.6459980186077483,3.107317333333333,0.8522542572636629
24,135.19,25.0,22.31,5.03,86.88,8.09,3.754,96.08,92.5,96.31,92.23,-1.01,-0.00245,0.051721,0.175009,SIRMOUR_2026-07-29_09-45-02.webm,2026-07-29 09:45:00+05:30,2026-07-29 13:00:00+05:30,2026-07-29,195,0.7223077508324285,81.94896281193822,3.6264597149563302,2.548535333333333,0.7027612419965963
24,135.19,25.0,22.31,5.03,86.88,8.09,3.754,96.08,92.5,96.31,92.23,-1.01,-0.00245,0.051721,0.175009,SIRMOUR_2026-07-29_09-45-02.webm,2026-07-29 09:45:00+05:30,2026-07-29 13:15:00+05:30,2026-07-29,210,0.7223077508324285,79.25158988419463,3.5890714190236963,1.7560846666666667,0.4892866320125664
24,135.19,25.0,22.31,5.03,86.88,8.09,3.754,96.08,92.5,96.31,92.23,-1.01,-0.00245,0.051721,0.175009,SIRMOUR_2026-07-29_09-45-02.webm,2026-07-29 09:45:00+05:30,2026-07-29 13:30:00+05:30,2026-07-29,225,0.7223077508324285,76.19971092686608,3.5340361313175803,2.7331726666666665,0.7733856036292613
24,135.19,25.0,22.31,5.03,86.88,8.09,3.754,96.08,92.5,96.31,92.23,-1.01,-0.00245,0.051721,0.175009,SIRMOUR_2026-07-29_09-45-02.webm,2026-07-29 09:45:00+05:30,2026-07-29 13:45:00+05:30,2026-07-29,240,0.7223077508324285,72.98430193618186,3.4616569325618767,2.99965,0.866535898397084
24,134.96,25.04,22.39,5.0,86.94,8.05,3.605,95.89,92.59,96.31,92.14,-1.04,-0.000383,0.037506,0.11992,SIRMOUR_2026-07-29_11-15-28.webm,2026-07-29 11:15:00+05:30,2026-07-29 11:30:00+05:30,2026-07-29,15,0.48054786297679347,73.58038520882585,3.4756896664270145,1.8056533333333327,0.519509365515228
24,134.96,25.04,22.39,5.0,86.94,8.05,3.605,95.89,92.59,96.31,92.14,-1.04,-0.000383,0.037506,0.11992,SIRMOUR_2026-07-29_11-15-28.webm,2026-07-29 11:15:00+05:30,2026-07-29 11:45:00+05:30,2026-07-29,30,0.48054786297679347,76.77330737567614,3.5450236432178492,1.8536786666666665,0.5228959954083877
24,134.96,25.04,22.39,5.0,86.94,8.05,3.605,95.89,92.59,96.31,92.14,-1.04,-0.000383,0.037506,0.11992,SIRMOUR_2026-07-29_11-15-28.webm,2026-07-29 11:15:00+05:30,2026-07-29 12:00:00+05:30,2026-07-29,45,0.48054786297679347,79.77970734103492,3.5969585411102156,1.935344,0.5380501270394538
24,134.96,25.04,22.39,5.0,86.94,8.05,3.605,95.89,92.59,96.31,92.14,-1.04,-0.000383,0.037506,0.11992,SIRMOUR_2026-07-29_11-15-28.webm,2026-07-29 11:15:00+05:30,2026-07-29 12:15:00+05:30,2026-07-29,60,0.48054786297679347,82.37277410169372,3.631207321131862,1.4636440000000002,0.4030736530746409
24,134.96,25.04,22.39,5.0,86.94,8.05,3.605,95.89,92.59,96.31,92.14,-1.04,-0.000383,0.037506,0.11992,SIRMOUR_2026-07-29_11-15-28.webm,2026-07-29 11:15:00+05:30,2026-07-29 12:30:00+05:30,2026-07-29,75,0.48054786297679347,83.98876544083774,3.64758303357786,1.5272680000000005,0.41870684942350056
24,134.96,25.04,22.39,5.0,86.94,8.05,3.605,95.89,92.59,96.31,92.14,-1.04,-0.000383,0.037506,0.11992,SIRMOUR_2026-07-29_11-15-28.webm,2026-07-29 11:15:00+05:30,2026-07-29 12:45:00+05:30,2026-07-29,90,0.48054786297679347,83.8072736022215,3.6459980186077483,3.107317333333333,0.8522542572636629
24,134.96,25.04,22.39,5.0,86.94,8.05,3.605,95.89,92.59,96.31,92.14,-1.04,-0.000383,0.037506,0.11992,SIRMOUR_2026-07-29_11-15-28.webm,2026-07-29 11:15:00+05:30,2026-07-29 13:00:00+05:30,2026-07-29,105,0.48054786297679347,81.94896281193822,3.6264597149563302,2.548535333333333,0.7027612419965963
24,134.96,25.04,22.39,5.0,86.94,8.05,3.605,95.89,92.59,96.31,92.14,-1.04,-0.000383,0.037506,0.11992,SIRMOUR_2026-07-29_11-15-28.webm,2026-07-29 11:15:00+05:30,2026-07-29 13:15:00+05:30,2026-07-29,120,0.48054786297679347,79.25158988419463,3.5890714190236963,1.7560846666666667,0.4892866320125664
24,134.96,25.04,22.39,5.0,86.94,8.05,3.605,95.89,92.59,96.31,92.14,-1.04,-0.000383,0.037506,0.11992,SIRMOUR_2026-07-29_11-15-28.webm,2026-07-29 11:15:00+05:30,2026-07-29 13:30:00+05:30,2026-07-29,135,0.48054786297679347,76.19971092686608,3.5340361313175803,2.7331726666666665,0.7733856036292613
24,134.96,25.04,22.39,5.0,86.94,8.05,3.605,95.89,92.59,96.31,92.14,-1.04,-0.000383,0.037506,0.11992,SIRMOUR_2026-07-29_11-15-28.webm,2026-07-29 11:15:00+05:30,2026-07-29 13:45:00+05:30,2026-07-29,150,0.48054786297679347,72.98430193618186,3.4616569325618767,2.99965,0.866535898397084
24,134.96,25.04,22.39,5.0,86.94,8.05,3.605,95.89,92.59,96.31,92.14,-1.04,-0.000383,0.037506,0.11992,SIRMOUR_2026-07-29_11-15-28.webm,2026-07-29 11:15:00+05:30,2026-07-29 14:00:00+05:30,2026-07-29,165,0.48054786297679347,69.68432408967969,3.3723371953741244,2.340594,0.6940569297787365
24,134.96,25.04,22.39,5.0,86.94,8.05,3.605,95.89,92.59,96.31,92.14,-1.04,-0.000383,0.037506,0.11992,SIRMOUR_2026-07-29_11-15-28.webm,2026-07-29 11:15:00+05:30,2026-07-29 14:15:00+05:30,2026-07-29,180,0.48054786297679347,66.33673045306159,3.2665816804193772,1.8459853333333334,0.5651122530927615
24,134.96,25.04,22.39,5.0,86.94,8.05,3.605,95.89,92.59,96.31,92.14,-1.04,-0.000383,0.037506,0.11992,SIRMOUR_2026-07-29_11-15-28.webm,2026-07-29 11:15:00+05:30,2026-07-29 14:30:00+05:30,2026-07-29,195,0.48054786297679347,62.96091571757397,3.1449984939832394,2.2295906666666663,0.7089321889762877
24,134.96,25.04,22.39,5.0,86.94,8.05,3.605,95.89,92.59,96.31,92.14,-1.04,-0.000383,0.037506,0.11992,SIRMOUR_2026-07-29_11-15-28.webm,2026-07-29 11:15:00+05:30,2026-07-29 14:45:00+05:30,2026-07-29,210,0.48054786297679347,59.56809192844383,3.008302020153602,1.9848853333333327,0.6598025464318193
24,134.96,25.04,22.39,5.0,86.94,8.05,3.605,95.89,92.59,96.31,92.14,-1.04,-0.000383,0.037506,0.11992,SIRMOUR_2026-07-29_11-15-28.webm,2026-07-29 11:15:00+05:30,2026-07-29 15:00:00+05:30,2026-07-29,225,0.48054786297679347,56.16530197926441,2.8573172765373402,1.9243166666666665,0.6734697201700551
24,134.96,25.04,22.39,5.0,86.94,8.05,3.605,95.89,92.59,96.31,92.14,-1.04,-0.000383,0.037506,0.11992,SIRMOUR_2026-07-29_11-15-28.webm,2026-07-29 11:15:00+05:30,2026-07-29 15:15:00+05:30,2026-07-29,240,0.48054786297679347,52.75731161293099,2.6929862189783633,1.6653280000000004,0.6183945496133192
24,135.36,24.99,22.25,4.92,87.05,8.03,3.733,96.45,92.86,96.87,92.41,-1.08,0.000514,0.053381,0.272136,SIRMOUR_2026-07-29_12-45-08.webm,2026-07-29 12:45:00+05:30,2026-07-29 13:00:00+05:30,2026-07-29,15,0.5530212217003145,81.94896281193822,3.6264597149563302,2.548535333333333,0.7027612419965963
24,135.36,24.99,22.25,4.92,87.05,8.03,3.733,96.45,92.86,96.87,92.41,-1.08,0.000514,0.053381,0.272136,SIRMOUR_2026-07-29_12-45-08.webm,2026-07-29 12:45:00+05:30,2026-07-29 13:15:00+05:30,2026-07-29,30,0.5530212217003145,79.25158988419463,3.5890714190236963,1.7560846666666667,0.4892866320125664
24,135.36,24.99,22.25,4.92,87.05,8.03,3.733,96.45,92.86,96.87,92.41,-1.08,0.000514,0.053381,0.272136,SIRMOUR_2026-07-29_12-45-08.webm,2026-07-29 12:45:00+05:30,2026-07-29 13:30:00+05:30,2026-07-29,45,0.5530212217003145,76.19971092686608,3.5340361313175803,2.7331726666666665,0.7733856036292613
24,135.36,24.99,22.25,4.92,87.05,8.03,3.733,96.45,92.86,96.87,92.41,-1.08,0.000514,0.053381,0.272136,SIRMOUR_2026-07-29_12-45-08.webm,2026-07-29 12:45:00+05:30,2026-07-29 13:45:00+05:30,2026-07-29,60,0.5530212217003145,72.98430193618186,3.4616569325618767,2.99965,0.866535898397084
24,135.36,24.99,22.25,4.92,87.05,8.03,3.733,96.45,92.86,96.87,92.41,-1.08,0.000514,0.053381,0.272136,SIRMOUR_2026-07-29_12-45-08.webm,2026-07-29 12:45:00+05:30,2026-07-29 14:00:00+05:30,2026-07-29,75,0.5530212217003145,69.68432408967969,3.3723371953741244,2.340594,0.6940569297787365
24,135.36,24.99,22.25,4.92,87.05,8.03,3.733,96.45,92.86,96.87,92.41,-1.08,0.000514,0.053381,0.272136,SIRMOUR_2026-07-29_12-45-08.webm,2026-07-29 12:45:00+05:30,2026-07-29 14:15:00+05:30,2026-07-29,90,0.5530212217003145,66.33673045306159,3.2665816804193772,1.8459853333333334,0.5651122530927615
24,135.36,24.99,22.25,4.92,87.05,8.03,3.733,96.45,92.86,96.87,92.41,-1.08,0.000514,0.053381,0.272136,SIRMOUR_2026-07-29_12-45-08.webm,2026-07-29 12:45:00+05:30,2026-07-29 14:30:00+05:30,2026-07-29,105,0.5530212217003145,62.96091571757397,3.1449984939832394,2.2295906666666663,0.7089321889762877
24,135.36,24.99,22.25,4.92,87.05,8.03,3.733,96.45,92.86,96.87,92.41,-1.08,0.000514,0.053381,0.272136,SIRMOUR_2026-07-29_12-45-08.webm,2026-07-29 12:45:00+05:30,2026-07-29 14:45:00+05:30,2026-07-29,120,0.5530212217003145,59.56809192844383,3.008302020153602,1.9848853333333327,0.6598025464318193
24,135.36,24.99,22.25,4.92,87.05,8.03,3.733,96.45,92.86,96.87,92.41,-1.08,0.000514,0.053381,0.272136,SIRMOUR_2026-07-29_12-45-08.webm,2026-07-29 12:45:00+05:30,2026-07-29 15:00:00+05:30,2026-07-29,135,0.5530212217003145,56.16530197926441,2.8573172765373402,1.9243166666666665,0.6734697201700551
24,135.36,24.99,22.25,4.92,87.05,8.03,3.733,96.45,92.86,96.87,92.41,-1.08,0.000514,0.053381,0.272136,SIRMOUR_2026-07-29_12-45-08.webm,2026-07-29 12:45:00+05:30,2026-07-29 15:15:00+05:30,2026-07-29,150,0.5530212217003145,52.75731161293099,2.6929862189783633,1.6653280000000004,0.6183945496133192
24,135.36,24.99,22.25,4.92,87.05,8.03,3.733,96.45,92.86,96.87,92.41,-1.08,0.000514,0.053381,0.272136,SIRMOUR_2026-07-29_12-45-08.webm,2026-07-29 12:45:00+05:30,2026-07-29 15:30:00+05:30,2026-07-29,165,0.5530212217003145,49.34757581496464,2.5163767178517635,1.4273333333333333,0.5672176678505637
24,135.36,24.99,22.25,4.92,87.05,8.03,3.733,96.45,92.86,96.87,92.41,-1.08,0.000514,0.053381,0.272136,SIRMOUR_2026-07-29_12-45-08.webm,2026-07-29 12:45:00+05:30,2026-07-29 15:45:00+05:30,2026-07-29,180,0.5530212217003145,45.938769845812864,2.3286954777695383,1.3396346666666663,0.5752725847820127
24,135.36,24.99,22.25,4.92,87.05,8.03,3.733,96.45,92.86,96.87,92.41,-1.08,0.000514,0.053381,0.272136,SIRMOUR_2026-07-29_12-45-08.webm,2026-07-29 12:45:00+05:30,2026-07-29 16:00:00+05:30,2026-07-29,195,0.5530212217003145,42.533099788396285,2.131306520045684,1.363062666666667,0.6395432350281789
24,135.36,24.99,22.25,4.92,87.05,8.03,3.733,96.45,92.86,96.87,92.41,-1.08,0.000514,0.053381,0.272136,SIRMOUR_2026-07-29_12-45-08.webm,2026-07-29 12:45:00+05:30,2026-07-29 16:15:00+05:30,2026-07-29,210,0.5530212217003145,39.13249462462485,1.9257575848254418,1.0886159999999998,0.5652923340809151
24,135.36,24.99,22.25,4.92,87.05,8.03,3.733,96.45,92.86,96.87,92.41,-1.08,0.000514,0.053381,0.272136,SIRMOUR_2026-07-29_12-45-08.webm,2026-07-29 12:45:00+05:30,2026-07-29 16:30:00+05:30,2026-07-29,225,0.5530212217003145,35.73873560803355,1.7138182232580226,0.8655826666666666,0.5050609539097831
24,135.36,24.99,22.25,4.92,87.05,8.03,3.733,96.45,92.86,96.87,92.41,-1.08,0.000514,0.053381,0.272136,SIRMOUR_2026-07-29_12-45-08.webm,2026-07-29 12:45:00+05:30,2026-07-29 16:45:00+05:30,2026-07-29,240,0.5530212217003145,32.35355103575721,1.4975349057186902,0.6974873333333332,0.4657569787988336
24,135.33,25.0,22.18,4.94,87.01,8.06,3.586,96.36,92.77,96.96,92.14,-1.13,-0.001178,0.038035,0.14243,SIRMOUR_2026-07-29_14-15-23.webm,2026-07-29 14:15:00+05:30,2026-07-29 14:30:00+05:30,2026-07-29,15,0.7247726712244608,62.96091571757397,3.1449984939832394,2.2295906666666663,0.7089321889762877
24,135.33,25.0,22.18,4.94,87.01,8.06,3.586,96.36,92.77,96.96,92.14,-1.13,-0.001178,0.038035,0.14243,SIRMOUR_2026-07-29_14-15-23.webm,2026-07-29 14:15:00+05:30,2026-07-29 14:45:00+05:30,2026-07-29,30,0.7247726712244608,59.56809192844383,3.008302020153602,1.9848853333333327,0.6598025464318193
24,135.33,25.0,22.18,4.94,87.01,8.06,3.586,96.36,92.77,96.96,92.14,-1.13,-0.001178,0.038035,0.14243,SIRMOUR_2026-07-29_14-15-23.webm,2026-07-29 14:15:00+05:30,2026-07-29 15:00:00+05:30,2026-07-29,45,0.7247726712244608,56.16530197926441,2.8573172765373402,1.9243166666666665,0.6734697201700551
24,135.33,25.0,22.18,4.94,87.01,8.06,3.586,96.36,92.77,96.96,92.14,-1.13,-0.001178,0.038035,0.14243,SIRMOUR_2026-07-29_14-15-23.webm,2026-07-29 14:15:00+05:30,2026-07-29 15:15:00+05:30,2026-07-29,60,0.7247726712244608,52.75731161293099,2.6929862189783633,1.6653280000000004,0.6183945496133192
24,135.33,25.0,22.18,4.94,87.01,8.06,3.586,96.36,92.77,96.96,92.14,-1.13,-0.001178,0.038035,0.14243,SIRMOUR_2026-07-29_14-15-23.webm,2026-07-29 14:15:00+05:30,2026-07-29 15:30:00+05:30,2026-07-29,75,0.7247726712244608,49.34757581496464,2.5163767178517635,1.4273333333333333,0.5672176678505637
24,135.33,25.0,22.18,4.94,87.01,8.06,3.586,96.36,92.77,96.96,92.14,-1.13,-0.001178,0.038035,0.14243,SIRMOUR_2026-07-29_14-15-23.webm,2026-07-29 14:15:00+05:30,2026-07-29 15:45:00+05:30,2026-07-29,90,0.7247726712244608,45.938769845812864,2.3286954777695383,1.3396346666666663,0.5752725847820127
24,135.33,25.0,22.18,4.94,87.01,8.06,3.586,96.36,92.77,96.96,92.14,-1.13,-0.001178,0.038035,0.14243,SIRMOUR_2026-07-29_14-15-23.webm,2026-07-29 14:15:00+05:30,2026-07-29 16:00:00+05:30,2026-07-29,105,0.7247726712244608,42.533099788396285,2.131306520045684,1.363062666666667,0.6395432350281789
24,135.33,25.0,22.18,4.94,87.01,8.06,3.586,96.36,92.77,96.96,92.14,-1.13,-0.001178,0.038035,0.14243,SIRMOUR_2026-07-29_14-15-23.webm,2026-07-29 14:15:00+05:30,2026-07-29 16:15:00+05:30,2026-07-29,120,0.7247726712244608,39.13249462462485,1.9257575848254418,1.0886159999999998,0.5652923340809151
24,135.33,25.0,22.18,4.94,87.01,8.06,3.586,96.36,92.77,96.96,92.14,-1.13,-0.001178,0.038035,0.14243,SIRMOUR_2026-07-29_14-15-23.webm,2026-07-29 14:15:00+05:30,2026-07-29 16:30:00+05:30,2026-07-29,135,0.7247726712244608,35.73873560803355,1.7138182232580226,0.8655826666666666,0.5050609539097831
24,135.33,25.0,22.18,4.94,87.01,8.06,3.586,96.36,92.77,96.96,92.14,-1.13,-0.001178,0.038035,0.14243,SIRMOUR_2026-07-29_14-15-23.webm,2026-07-29 14:15:00+05:30,2026-07-29 16:45:00+05:30,2026-07-29,150,0.7247726712244608,32.35355103575721,1.4975349057186902,0.6974873333333332,0.4657569787988336
24,135.33,25.0,22.18,4.94,87.01,8.06,3.586,96.36,92.77,96.96,92.14,-1.13,-0.001178,0.038035,0.14243,SIRMOUR_2026-07-29_14-15-23.webm,2026-07-29 14:15:00+05:30,2026-07-29 17:00:00+05:30,2026-07-29,165,0.7247726712244608,28.978693640133947,1.2793110865856077,0.5973366666666667,0.46692057383862495
24,135.33,25.0,22.18,4.94,87.01,8.06,3.586,96.36,92.77,96.96,92.14,-1.13,-0.001178,0.038035,0.14243,SIRMOUR_2026-07-29_14-15-23.webm,2026-07-29 14:15:00+05:30,2026-07-29 17:15:00+05:30,2026-07-29,180,0.7247726712244608,25.616018255858013,1.0620241771011931,0.4841353333333334,0.45586093402768496
24,135.33,25.0,22.18,4.94,87.01,8.06,3.586,96.36,92.77,96.96,92.14,-1.13,-0.001178,0.038035,0.14243,SIRMOUR_2026-07-29_14-15-23.webm,2026-07-29 14:15:00+05:30,2026-07-29 17:30:00+05:30,2026-07-29,195,0.7247726712244608,22.26757597581838,0.8491957190466448,0.2648833333333333,0.3119225961604073
24,135.33,25.0,22.18,4.94,87.01,8.06,3.586,96.36,92.77,96.96,92.14,-1.13,-0.001178,0.038035,0.14243,SIRMOUR_2026-07-29_14-15-23.webm,2026-07-29 14:15:00+05:30,2026-07-29 17:45:00+05:30,2026-07-29,210,0.7247726712244608,18.935754015505868,0.645234021259225,0.10538133333333331,0.16332265482169298
24,135.33,25.0,22.18,4.94,87.01,8.06,3.586,96.36,92.77,96.96,92.14,-1.13,-0.001178,0.038035,0.14243,SIRMOUR_2026-07-29_14-15-23.webm,2026-07-29 14:15:00+05:30,2026-07-29 18:00:00+05:30,2026-07-29,225,0.7247726712244608,15.62353325986873,0.4557595242018933,0.048659999999999995,0.10676683078694037
24,140.73,34.48,21.2,4.71,83.19,12.11,3.523,96.17,92.5,96.59,92.05,-1.55,-0.00301,0.043828,0.179296,SIRMOUR_2026-07-29_15-45-15.webm,2026-07-29 15:45:00+05:30,2026-07-29 16:00:00+05:30,2026-07-29,15,0.6085886306039876,42.533099788396285,2.131306520045684,1.363062666666667,0.6395432350281789
24,140.73,34.48,21.2,4.71,83.19,12.11,3.523,96.17,92.5,96.59,92.05,-1.55,-0.00301,0.043828,0.179296,SIRMOUR_2026-07-29_15-45-15.webm,2026-07-29 15:45:00+05:30,2026-07-29 16:15:00+05:30,2026-07-29,30,0.6085886306039876,39.13249462462485,1.9257575848254418,1.0886159999999998,0.5652923340809151
24,140.73,34.48,21.2,4.71,83.19,12.11,3.523,96.17,92.5,96.59,92.05,-1.55,-0.00301,0.043828,0.179296,SIRMOUR_2026-07-29_15-45-15.webm,2026-07-29 15:45:00+05:30,2026-07-29 16:30:00+05:30,2026-07-29,45,0.6085886306039876,35.73873560803355,1.7138182232580226,0.8655826666666666,0.5050609539097831
24,140.73,34.48,21.2,4.71,83.19,12.11,3.523,96.17,92.5,96.59,92.05,-1.55,-0.00301,0.043828,0.179296,SIRMOUR_2026-07-29_15-45-15.webm,2026-07-29 15:45:00+05:30,2026-07-29 16:45:00+05:30,2026-07-29,60,0.6085886306039876,32.35355103575721,1.4975349057186902,0.6974873333333332,0.4657569787988336
24,140.73,34.48,21.2,4.71,83.19,12.11,3.523,96.17,92.5,96.59,92.05,-1.55,-0.00301,0.043828,0.179296,SIRMOUR_2026-07-29_15-45-15.webm,2026-07-29 15:45:00+05:30,2026-07-29 17:00:00+05:30,2026-07-29,75,0.6085886306039876,28.978693640133947,1.2793110865856077,0.5973366666666667,0.46692057383862495
24,140.73,34.48,21.2,4.71,83.19,12.11,3.523,96.17,92.5,96.59,92.05,-1.55,-0.00301,0.043828,0.179296,SIRMOUR_2026-07-29_15-45-15.webm,2026-07-29 15:45:00+05:30,2026-07-29 17:15:00+05:30,2026-07-29,90,0.6085886306039876,25.616018255858013,1.0620241771011931,0.4841353333333334,0.45586093402768496
24,140.73,34.48,21.2,4.71,83.19,12.11,3.523,96.17,92.5,96.59,92.05,-1.55,-0.00301,0.043828,0.179296,SIRMOUR_2026-07-29_15-45-15.webm,2026-07-29 15:45:00+05:30,2026-07-29 17:30:00+05:30,2026-07-29,105,0.6085886306039876,22.26757597581838,0.8491957190466448,0.2648833333333333,0.3119225961604073
24,140.73,34.48,21.2,4.71,83.19,12.11,3.523,96.17,92.5,96.59,92.05,-1.55,-0.00301,0.043828,0.179296,SIRMOUR_2026-07-29_15-45-15.webm,2026-07-29 15:45:00+05:30,2026-07-29 17:45:00+05:30,2026-07-29,120,0.6085886306039876,18.935754015505868,0.645234021259225,0.10538133333333331,0.16332265482169298
24,140.73,34.48,21.2,4.71,83.19,12.11,3.523,96.17,92.5,96.59,92.05,-1.55,-0.00301,0.043828,0.179296,SIRMOUR_2026-07-29_15-45-15.webm,2026-07-29 15:45:00+05:30,2026-07-29 18:00:00+05:30,2026-07-29,135,0.6085886306039876,15.62353325986873,0.4557595242018933,0.048659999999999995,0.10676683078694037
24,135.71,24.9,22.3,4.81,86.93,8.26,3.911,96.36,92.95,96.87,92.41,-0.91,-0.004305,0.041885,0.104097,SIRMOUR_2026-07-30_06-45-15.webm,2026-07-30 06:45:00+05:30,2026-07-30 07:00:00+05:30,2026-07-30,15,1.2,12.88617537845893,0.31508773741699886,0.39865,1.2
24,135.71,24.9,22.3,4.81,86.93,8.26,3.911,96.36,92.95,96.87,92.41,-0.91,-0.004305,0.041885,0.104097,SIRMOUR_2026-07-30_06-45-15.webm,2026-07-30 06:45:00+05:30,2026-07-30 07:15:00+05:30,2026-07-30,30,1.2,16.17930675164466,0.48748938557225874,0.45638333333333325,0.9361913240379369
24,135.71,24.9,22.3,4.81,86.93,8.26,3.911,96.36,92.95,96.87,92.41,-0.91,-0.004305,0.041885,0.104097,SIRMOUR_2026-07-30_06-45-15.webm,2026-07-30 06:45:00+05:30,2026-07-30 07:30:00+05:30,2026-07-30,45,1.2,19.495327648421593,0.6802324084881968,0.11497249999999998,0.16901943889372179
24,135.71,24.9,22.3,4.81,86.93,8.26,3.911,96.36,92.95,96.87,92.41,-0.91,-0.004305,0.041885,0.104097,SIRMOUR_2026-07-30_06-45-15.webm,2026-07-30 06:45:00+05:30,2026-07-30 07:45:00+05:30,2026-07-30,60,1.2,22.8303477186201,0.8864002903800852,0.7975127272727273,0.8997207423417661
24,135.71,24.9,22.3,4.81,86.93,8.26,3.911,96.36,92.95,96.87,92.41,-0.91,-0.004305,0.041885,0.104097,SIRMOUR_2026-07-30_06-45-15.webm,2026-07-30 06:45:00+05:30,2026-07-30 08:00:00+05:30,2026-07-30,75,1.2,26.181498148395804,1.1005984059266911,0.853384,0.7753818244734423
24,135.71,24.9,22.3,4.81,86.93,8.26,3.911,96.36,92.95,96.87,92.41,-0.91,-0.004305,0.041885,0.104097,SIRMOUR_2026-07-30_06-45-15.webm,2026-07-30 06:45:00+05:30,2026-07-30 08:15:00+05:30,2026-07-30,90,1.2,29.546443608238103,1.3185868117886248,0.6980875000000001,0.5294209632303728
24,135.71,24.9,22.3,4.81,86.93,8.26,3.911,96.36,92.95,96.87,92.41,-0.91,-0.004305,0.041885,0.104097,SIRMOUR_2026-07-30_06-45-15.webm,2026-07-30 06:45:00+05:30,2026-07-30 08:30:00+05:30,2026-07-30,105,1.2,32.923151307984725,1.5369665333320244,1.149305,0.7477749027549714
24,135.71,24.9,22.3,4.81,86.93,8.26,3.911,96.36,92.95,96.87,92.41,-0.91,-0.004305,0.041885,0.104097,SIRMOUR_2026-07-30_06-45-15.webm,2026-07-30 06:45:00+05:30,2026-07-30 08:45:00+05:30,2026-07-30,120,1.2,36.30976081284218,1.752949756989283,1.0836613333333331,0.6181930366301756
24,135.71,24.9,22.3,4.81,86.93,8.26,3.911,96.36,92.95,96.87,92.41,-0.91,-0.004305,0.041885,0.104097,SIRMOUR_2026-07-30_06-45-15.webm,2026-07-30 06:45:00+05:30,2026-07-30 09:00:00+05:30,2026-07-30,135,1.2,39.7044921765232,1.96419968979686,1.9732619999999998,1.0046137417953045
24,135.71,24.9,22.3,4.81,86.93,8.26,3.911,96.36,92.95,96.87,92.41,-0.91,-0.004305,0.041885,0.104097,SIRMOUR_2026-07-30_06-45-15.webm,2026-07-30 06:45:00+05:30,2026-07-30 09:15:00+05:30,2026-07-30,150,1.2,43.10556618520205,2.1687207144434697,1.1783166666666667,0.5433233789944422
24,135.71,24.9,22.3,4.81,86.93,8.26,3.911,96.36,92.95,96.87,92.41,-0.91,-0.004305,0.041885,0.104097,SIRMOUR_2026-07-30_06-45-15.webm,2026-07-30 06:45:00+05:30,2026-07-30 09:30:00+05:30,2026-07-30,165,1.2,46.511120990621215,2.364783230153503,2.1601960000000004,0.9134858419389998
24,135.71,24.9,22.3,4.81,86.93,8.26,3.911,96.36,92.95,96.87,92.41,-0.91,-0.004305,0.041885,0.104097,SIRMOUR_2026-07-30_06-45-15.webm,2026-07-30 06:45:00+05:30,2026-07-30 09:45:00+05:30,2026-07-30,180,1.2,49.919106474887954,2.550871896721088,2.031178,0.7962681319320243
24,135.71,24.9,22.3,4.81,86.93,8.26,3.911,96.36,92.95,96.87,92.41,-0.91,-0.004305,0.041885,0.104097,SIRMOUR_2026-07-30_06-45-15.webm,2026-07-30 06:45:00+05:30,2026-07-30 10:00:00+05:30,2026-07-30,195,1.2,53.327136496514534,2.725649839932682,2.927663333333333,1.0741157174487388
24,135.71,24.9,22.3,4.81,86.93,8.26,3.911,96.36,92.95,96.87,92.41,-0.91,-0.004305,0.041885,0.104097,SIRMOUR_2026-07-30_06-45-15.webm,2026-07-30 06:45:00+05:30,2026-07-30 10:15:00+05:30,2026-07-30,210,1.2,56.7322656426089,2.8879338358449838,2.762142666666666,0.9564425030736509
24,135.71,24.9,22.3,4.81,86.93,8.26,3.911,96.36,92.95,96.87,92.41,-0.91,-0.004305,0.041885,0.104097,SIRMOUR_2026-07-30_06-45-15.webm,2026-07-30 06:45:00+05:30,2026-07-30 10:30:00+05:30,2026-07-30,225,1.2,60.13062417810128,3.036676933923507,1.6477220000000001,0.542606946953385
24,135.71,24.9,22.3,4.81,86.93,8.26,3.911,96.36,92.95,96.87,92.41,-0.91,-0.004305,0.041885,0.104097,SIRMOUR_2026-07-30_06-45-15.webm,2026-07-30 06:45:00+05:30,2026-07-30 10:45:00+05:30,2026-07-30,240,1.2,63.51678735874437,3.1709563149114195,2.4629506666666665,0.7767217274752866
24,136.04,24.83,22.61,4.94,86.75,8.31,4.065,96.08,92.59,96.31,92.32,-0.97,-0.000807,0.060738,0.269128,SIRMOUR_2026-07-30_08-15-20.webm,2026-07-30 08:15:00+05:30,2026-07-30 08:30:00+05:30,2026-07-30,15,0.5933857422348258,32.923151307984725,1.5369665333320244,1.149305,0.7477749027549714
24,136.04,24.83,22.61,4.94,86.75,8.31,4.065,96.08,92.59,96.31,92.32,-0.97,-0.000807,0.060738,0.269128,SIRMOUR_2026-07-30_08-15-20.webm,2026-07-30 08:15:00+05:30,2026-07-30 08:45:00+05:30,2026-07-30,30,0.5933857422348258,36.30976081284218,1.752949756989283,1.0836613333333331,0.6181930366301756
24,136.04,24.83,22.61,4.94,86.75,8.31,4.065,96.08,92.59,96.31,92.32,-0.97,-0.000807,0.060738,0.269128,SIRMOUR_2026-07-30_08-15-20.webm,2026-07-30 08:15:00+05:30,2026-07-30 09:00:00+05:30,2026-07-30,45,0.5933857422348258,39.7044921765232,1.96419968979686,1.9732619999999998,1.0046137417953045
24,136.04,24.83,22.61,4.94,86.75,8.31,4.065,96.08,92.59,96.31,92.32,-0.97,-0.000807,0.060738,0.269128,SIRMOUR_2026-07-30_08-15-20.webm,2026-07-30 08:15:00+05:30,2026-07-30 09:15:00+05:30,2026-07-30,60,0.5933857422348258,43.10556618520205,2.1687207144434697,1.1783166666666667,0.5433233789944422
24,136.04,24.83,22.61,4.94,86.75,8.31,4.065,96.08,92.59,96.31,92.32,-0.97,-0.000807,0.060738,0.269128,SIRMOUR_2026-07-30_08-15-20.webm,2026-07-30 08:15:00+05:30,2026-07-30 09:30:00+05:30,2026-07-30,75,0.5933857422348258,46.511120990621215,2.364783230153503,2.1601960000000004,0.9134858419389998
24,136.04,24.83,22.61,4.94,86.75,8.31,4.065,96.08,92.59,96.31,92.32,-0.97,-0.000807,0.060738,0.269128,SIRMOUR_2026-07-30_08-15-20.webm,2026-07-30 08:15:00+05:30,2026-07-30 09:45:00+05:30,2026-07-30,90,0.5933857422348258,49.919106474887954,2.550871896721088,2.031178,0.7962681319320243
24,136.04,24.83,22.61,4.94,86.75,8.31,4.065,96.08,92.59,96.31,92.32,-0.97,-0.000807,0.060738,0.269128,SIRMOUR_2026-07-30_08-15-20.webm,2026-07-30 08:15:00+05:30,2026-07-30 10:00:00+05:30,2026-07-30,105,0.5933857422348258,53.327136496514534,2.725649839932682,2.927663333333333,1.0741157174487388
24,136.04,24.83,22.61,4.94,86.75,8.31,4.065,96.08,92.59,96.31,92.32,-0.97,-0.000807,0.060738,0.269128,SIRMOUR_2026-07-30_08-15-20.webm,2026-07-30 08:15:00+05:30,2026-07-30 10:15:00+05:30,2026-07-30,120,0.5933857422348258,56.7322656426089,2.8879338358449838,2.762142666666666,0.9564425030736509
24,136.04,24.83,22.61,4.94,86.75,8.31,4.065,96.08,92.59,96.31,92.32,-0.97,-0.000807,0.060738,0.269128,SIRMOUR_2026-07-30_08-15-20.webm,2026-07-30 08:15:00+05:30,2026-07-30 10:30:00+05:30,2026-07-30,135,0.5933857422348258,60.13062417810128,3.036676933923507,1.6477220000000001,0.542606946953385
24,136.04,24.83,22.61,4.94,86.75,8.31,4.065,96.08,92.59,96.31,92.32,-0.97,-0.000807,0.060738,0.269128,SIRMOUR_2026-07-30_08-15-20.webm,2026-07-30 08:15:00+05:30,2026-07-30 10:45:00+05:30,2026-07-30,150,0.5933857422348258,63.51678735874437,3.1709563149114195,2.4629506666666665,0.7767217274752866
24,136.04,24.83,22.61,4.94,86.75,8.31,4.065,96.08,92.59,96.31,92.32,-0.97,-0.000807,0.060738,0.269128,SIRMOUR_2026-07-30_08-15-20.webm,2026-07-30 08:15:00+05:30,2026-07-30 11:00:00+05:30,2026-07-30,165,0.5933857422348258,66.88261622285727,3.289964865151779,2.424667333333333,0.7369888228947616
24,136.04,24.83,22.61,4.94,86.75,8.31,4.065,96.08,92.59,96.31,92.32,-0.97,-0.000807,0.060738,0.269128,SIRMOUR_2026-07-30_08-15-20.webm,2026-07-30 08:15:00+05:30,2026-07-30 11:15:00+05:30,2026-07-30,180,0.5933857422348258,70.21496622340355,3.3930052659836702,2.4109753333333335,0.7105722344449014
24,136.04,24.83,22.61,4.94,86.75,8.31,4.065,96.08,92.59,96.31,92.32,-0.97,-0.000807,0.060738,0.269128,SIRMOUR_2026-07-30_08-15-20.webm,2026-07-30 08:15:00+05:30,2026-07-30 11:30:00+05:30,2026-07-30,195,0.5933857422348258,73.49077792113107,3.4794859230196837,1.7484413333333333,0.5024999014268011
24,136.04,24.83,22.61,4.94,86.75,8.31,4.065,96.08,92.59,96.31,92.32,-0.97,-0.000807,0.060738,0.269128,SIRMOUR_2026-07-30_08-15-20.webm,2026-07-30 08:15:00+05:30,2026-07-30 11:45:00+05:30,2026-07-30,210,0.5933857422348258,76.66550852944656,3.548918243883587,2.4459186666666666,0.6892011871172591
24,136.04,24.83,22.61,4.94,86.75,8.31,4.065,96.08,92.59,96.31,92.32,-0.97,-0.000807,0.060738,0.269128,SIRMOUR_2026-07-30_08-15-20.webm,2026-07-30 08:15:00+05:30,2026-07-30 12:00:00+05:30,2026-07-30,225,0.5933857422348258,79.64292226316235,3.600914848567921,2.210488666666666,0.6138686305080984
24,136.04,24.83,22.61,4.94,86.75,8.31,4.065,96.08,92.59,96.31,92.32,-0.97,-0.000807,0.060738,0.269128,SIRMOUR_2026-07-30_08-15-20.webm,2026-07-30 08:15:00+05:30,2026-07-30 12:15:00+05:30,2026-07-30,240,0.5933857422348258,82.19108857925119,3.6351886303917453,2.734896,0.7523395009367848
24,135.49,24.95,22.42,5.03,86.79,8.18,3.892,96.45,92.5,96.87,92.05,-1.07,-0.006081,0.049037,0.16387,SIRMOUR_2026-07-30_09-45-07.webm,2026-07-30 09:45:00+05:30,2026-07-30 10:00:00+05:30,2026-07-30,15,0.8144227736651928,53.327136496514534,2.725649839932682,2.927663333333333,1.0741157174487388
24,135.49,24.95,22.42,5.03,86.79,8.18,3.892,96.45,92.5,96.87,92.05,-1.07,-0.006081,0.049037,0.16387,SIRMOUR_2026-07-30_09-45-07.webm,2026-07-30 09:45:00+05:30,2026-07-30 10:15:00+05:30,2026-07-30,30,0.8144227736651928,56.7322656426089,2.8879338358449838,2.762142666666666,0.9564425030736509
24,135.49,24.95,22.42,5.03,86.79,8.18,3.892,96.45,92.5,96.87,92.05,-1.07,-0.006081,0.049037,0.16387,SIRMOUR_2026-07-30_09-45-07.webm,2026-07-30 09:45:00+05:30,2026-07-30 10:30:00+05:30,2026-07-30,45,0.8144227736651928,60.13062417810128,3.036676933923507,1.6477220000000001,0.542606946953385
24,135.49,24.95,22.42,5.03,86.79,8.18,3.892,96.45,92.5,96.87,92.05,-1.07,-0.006081,0.049037,0.16387,SIRMOUR_2026-07-30_09-45-07.webm,2026-07-30 09:45:00+05:30,2026-07-30 10:45:00+05:30,2026-07-30,60,0.8144227736651928,63.51678735874437,3.1709563149114195,2.4629506666666665,0.7767217274752866
24,135.49,24.95,22.42,5.03,86.79,8.18,3.892,96.45,92.5,96.87,92.05,-1.07,-0.006081,0.049037,0.16387,SIRMOUR_2026-07-30_09-45-07.webm,2026-07-30 09:45:00+05:30,2026-07-30 11:00:00+05:30,2026-07-30,75,0.8144227736651928,66.88261622285727,3.289964865151779,2.424667333333333,0.7369888228947616
24,135.49,24.95,22.42,5.03,86.79,8.18,3.892,96.45,92.5,96.87,92.05,-1.07,-0.006081,0.049037,0.16387,SIRMOUR_2026-07-30_09-45-07.webm,2026-07-30 09:45:00+05:30,2026-07-30 11:15:00+05:30,2026-07-30,90,0.8144227736651928,70.21496622340355,3.3930052659836702,2.4109753333333335,0.7105722344449014
24,135.49,24.95,22.42,5.03,86.79,8.18,3.892,96.45,92.5,96.87,92.05,-1.07,-0.006081,0.049037,0.16387,SIRMOUR_2026-07-30_09-45-07.webm,2026-07-30 09:45:00+05:30,2026-07-30 11:30:00+05:30,2026-07-30,105,0.8144227736651928,73.49077792113107,3.4794859230196837,1.7484413333333333,0.5024999014268011
24,135.49,24.95,22.42,5.03,86.79,8.18,3.892,96.45,92.5,96.87,92.05,-1.07,-0.006081,0.049037,0.16387,SIRMOUR_2026-07-30_09-45-07.webm,2026-07-30 09:45:00+05:30,2026-07-30 11:45:00+05:30,2026-07-30,120,0.8144227736651928,76.66550852944656,3.548918243883587,2.4459186666666666,0.6892011871172591
24,135.49,24.95,22.42,5.03,86.79,8.18,3.892,96.45,92.5,96.87,92.05,-1.07,-0.006081,0.049037,0.16387,SIRMOUR_2026-07-30_09-45-07.webm,2026-07-30 09:45:00+05:30,2026-07-30 12:00:00+05:30,2026-07-30,135,0.8144227736651928,79.64292226316235,3.600914848567921,2.210488666666666,0.6138686305080984
24,135.49,24.95,22.42,5.03,86.79,8.18,3.892,96.45,92.5,96.87,92.05,-1.07,-0.006081,0.049037,0.16387,SIRMOUR_2026-07-30_09-45-07.webm,2026-07-30 09:45:00+05:30,2026-07-30 12:15:00+05:30,2026-07-30,150,0.8144227736651928,82.19108857925119,3.6351886303917453,2.734896,0.7523395009367848
24,135.49,24.95,22.42,5.03,86.79,8.18,3.892,96.45,92.5,96.87,92.05,-1.07,-0.006081,0.049037,0.16387,SIRMOUR_2026-07-30_09-45-07.webm,2026-07-30 09:45:00+05:30,2026-07-30 12:30:00+05:30,2026-07-30,165,0.8144227736651928,83.75760554682324,3.651552626208904,2.2436066666666665,0.6144253955326429
24,135.49,24.95,22.42,5.03,86.79,8.18,3.892,96.45,92.5,96.87,92.05,-1.07,-0.006081,0.049037,0.16387,SIRMOUR_2026-07-30_09-45-07.webm,2026-07-30 09:45:00+05:30,2026-07-30 12:45:00+05:30,2026-07-30,180,0.8144227736651928,83.57750216110202,3.6499191304134753,3.677526666666666,1.0075638761481445
24,135.49,24.95,22.42,5.03,86.79,8.18,3.892,96.45,92.5,96.87,92.05,-1.07,-0.006081,0.049037,0.16387,SIRMOUR_2026-07-30_09-45-07.webm,2026-07-30 09:45:00+05:30,2026-07-30 13:00:00+05:30,2026-07-30,195,0.8144227736651928,81.76459311889049,3.630295847091827,1.5755253333333334,0.43399364671489843
24,135.49,24.95,22.42,5.03,86.79,8.18,3.892,96.45,92.5,96.87,92.05,-1.07,-0.006081,0.049037,0.16387,SIRMOUR_2026-07-30_09-45-07.webm,2026-07-30 09:45:00+05:30,2026-07-30 13:15:00+05:30,2026-07-30,210,0.8144227736651928,79.1062720208569,3.592786590870107,2.3095206666666663,0.6428215559854177
24,135.49,24.95,22.42,5.03,86.79,8.18,3.892,96.45,92.5,96.87,92.05,-1.07,-0.006081,0.049037,0.16387,SIRMOUR_2026-07-30_09-45-07.webm,2026-07-30 09:45:00+05:30,2026-07-30 13:30:00+05:30,2026-07-30,225,0.8144227736651928,76.07974064710037,3.537594852649783,2.333648,0.6596707925024302
24,135.49,24.95,22.42,5.03,86.79,8.18,3.892,96.45,92.5,96.87,92.05,-1.07,-0.006081,0.049037,0.16387,SIRMOUR_2026-07-30_09-45-07.webm,2026-07-30 09:45:00+05:30,2026-07-30 13:45:00+05:30,2026-07-30,240,0.8144227736651928,72.88044905606323,3.4650242767135775,2.2350893333333337,0.6450429073048853
24,135.59,24.94,22.41,4.99,86.87,8.13,3.793,96.17,92.59,96.59,92.14,-1.09,-0.001093,0.045606,0.213115,SIRMOUR_2026-07-30_11-15-02.webm,2026-07-30 11:15:00+05:30,2026-07-30 11:30:00+05:30,2026-07-30,15,0.6917224329420836,73.49077792113107,3.4794859230196837,1.7484413333333333,0.5024999014268011
24,135.59,24.94,22.41,4.99,86.87,8.13,3.793,96.17,92.59,96.59,92.14,-1.09,-0.001093,0.045606,0.213115,SIRMOUR_2026-07-30_11-15-02.webm,2026-07-30 11:15:00+05:30,2026-07-30 11:45:00+05:30,2026-07-30,30,0.6917224329420836,76.66550852944656,3.548918243883587,2.4459186666666666,0.6892011871172591
24,135.59,24.94,22.41,4.99,86.87,8.13,3.793,96.17,92.59,96.59,92.14,-1.09,-0.001093,0.045606,0.213115,SIRMOUR_2026-07-30_11-15-02.webm,2026-07-30 11:15:00+05:30,2026-07-30 12:00:00+05:30,2026-07-30,45,0.6917224329420836,79.64292226316235,3.600914848567921,2.210488666666666,0.6138686305080984
24,135.59,24.94,22.41,4.99,86.87,8.13,3.793,96.17,92.59,96.59,92.14,-1.09,-0.001093,0.045606,0.213115,SIRMOUR_2026-07-30_11-15-02.webm,2026-07-30 11:15:00+05:30,2026-07-30 12:15:00+05:30,2026-07-30,60,0.6917224329420836,82.19108857925119,3.6351886303917453,2.734896,0.7523395009367848
24,135.59,24.94,22.41,4.99,86.87,8.13,3.793,96.17,92.59,96.59,92.14,-1.09,-0.001093,0.045606,0.213115,SIRMOUR_2026-07-30_11-15-02.webm,2026-07-30 11:15:00+05:30,2026-07-30 12:30:00+05:30,2026-07-30,75,0.6917224329420836,83.75760554682324,3.651552626208904,2.2436066666666665,0.6144253955326429
24,135.59,24.94,22.41,4.99,86.87,8.13,3.793,96.17,92.59,96.59,92.14,-1.09,-0.001093,0.045606,0.213115,SIRMOUR_2026-07-30_11-15-02.webm,2026-07-30 11:15:00+05:30,2026-07-30 12:45:00+05:30,2026-07-30,90,0.6917224329420836,83.57750216110202,3.6499191304134753,3.677526666666666,1.0075638761481445
24,135.59,24.94,22.41,4.99,86.87,8.13,3.793,96.17,92.59,96.59,92.14,-1.09,-0.001093,0.045606,0.213115,SIRMOUR_2026-07-30_11-15-02.webm,2026-07-30 11:15:00+05:30,2026-07-30 13:00:00+05:30,2026-07-30,105,0.6917224329420836,81.76459311889049,3.630295847091827,1.5755253333333334,0.43399364671489843
24,135.59,24.94,22.41,4.99,86.87,8.13,3.793,96.17,92.59,96.59,92.14,-1.09,-0.001093,0.045606,0.213115,SIRMOUR_2026-07-30_11-15-02.webm,2026-07-30 11:15:00+05:30,2026-07-30 13:15:00+05:30,2026-07-30,120,0.6917224329420836,79.1062720208569,3.592786590870107,2.3095206666666663,0.6428215559854177
24,135.59,24.94,22.41,4.99,86.87,8.13,3.793,96.17,92.59,96.59,92.14,-1.09,-0.001093,0.045606,0.213115,SIRMOUR_2026-07-30_11-15-02.webm,2026-07-30 11:15:00+05:30,2026-07-30 13:30:00+05:30,2026-07-30,135,0.6917224329420836,76.07974064710037,3.537594852649783,2.333648,0.6596707925024302
24,135.59,24.94,22.41,4.99,86.87,8.13,3.793,96.17,92.59,96.59,92.14,-1.09,-0.001093,0.045606,0.213115,SIRMOUR_2026-07-30_11-15-02.webm,2026-07-30 11:15:00+05:30,2026-07-30 13:45:00+05:30,2026-07-30,150,0.6917224329420836,72.88044905606323,3.4650242767135775,2.2350893333333337,0.6450429073048853
24,135.59,24.94,22.41,4.99,86.87,8.13,3.793,96.17,92.59,96.59,92.14,-1.09,-0.001093,0.045606,0.213115,SIRMOUR_2026-07-30_11-15-02.webm,2026-07-30 11:15:00+05:30,2026-07-30 14:00:00+05:30,2026-07-30,165,0.6917224329420836,69.59092435910271,3.3754789196451007,3.5512473333333343,1.0520721408346743
24,135.59,24.94,22.41,4.99,86.87,8.13,3.793,96.17,92.59,96.59,92.14,-1.09,-0.001093,0.045606,0.213115,SIRMOUR_2026-07-30_11-15-02.webm,2026-07-30 11:15:00+05:30,2026-07-30 14:15:00+05:30,2026-07-30,180,0.6917224329420836,66.25021065540504,3.2694643537190715,2.191876666666666,0.6704084918905352
24,135.59,24.94,22.41,4.99,86.87,8.13,3.793,96.17,92.59,96.59,92.14,-1.09,-0.001093,0.045606,0.213115,SIRMOUR_2026-07-30_11-15-02.webm,2026-07-30 11:15:00+05:30,2026-07-30 14:30:00+05:30,2026-07-30,195,0.6917224329420836,62.87891346853758,3.1475896312972864,2.483735333333333,0.7890912171767626
24,135.59,24.94,22.41,4.99,86.87,8.13,3.793,96.17,92.59,96.59,92.14,-1.09,-0.001093,0.045606,0.213115,SIRMOUR_2026-07-30_11-15-02.webm,2026-07-30 11:15:00+05:30,2026-07-30 14:45:00+05:30,2026-07-30,210,0.6917224329420836,59.48897148484377,3.010570230133293,2.574410666666666,0.8551239366213637
24,135.59,24.94,22.41,4.99,86.87,8.13,3.793,96.17,92.59,96.59,92.14,-1.09,-0.001093,0.045606,0.213115,SIRMOUR_2026-07-30_11-15-02.webm,2026-07-30 11:15:00+05:30,2026-07-30 15:00:00+05:30,2026-07-30,225,0.6917224329420836,56.087882386730946,2.8592324322509213,3.147606,1.1008569868249773
24,135.59,24.94,22.41,4.99,86.87,8.13,3.793,96.17,92.59,96.59,92.14,-1.09,-0.001093,0.045606,0.213115,SIRMOUR_2026-07-30_11-15-02.webm,2026-07-30 11:15:00+05:30,2026-07-30 15:15:00+05:30,2026-07-30,240,0.6917224329420836,52.68070774029754,2.6945196666123503,1.9919,0.7392412178992519
24,135.57,24.93,22.56,4.99,86.77,8.24,4.021,96.45,92.42,96.77,92.05,-0.89,-0.006962,0.061083,0.262653,SIRMOUR_2026-07-30_12-45-29.webm,2026-07-30 12:45:00+05:30,2026-07-30 13:00:00+05:30,2026-07-30,15,0.7470493507814177,81.76459311889049,3.630295847091827,1.5755253333333334,0.43399364671489843
24,135.57,24.93,22.56,4.99,86.77,8.24,4.021,96.45,92.42,96.77,92.05,-0.89,-0.006962,0.061083,0.262653,SIRMOUR_2026-07-30_12-45-29.webm,2026-07-30 12:45:00+05:30,2026-07-30 13:15:00+05:30,2026-07-30,30,0.7470493507814177,79.1062720208569,3.592786590870107,2.3095206666666663,0.6428215559854177
24,135.57,24.93,22.56,4.99,86.77,8.24,4.021,96.45,92.42,96.77,92.05,-0.89,-0.006962,0.061083,0.262653,SIRMOUR_2026-07-30_12-45-29.webm,2026-07-30 12:45:00+05:30,2026-07-30 13:30:00+05:30,2026-07-30,45,0.7470493507814177,76.07974064710037,3.537594852649783,2.333648,0.6596707925024302
24,135.57,24.93,22.56,4.99,86.77,8.24,4.021,96.45,92.42,96.77,92.05,-0.89,-0.006962,0.061083,0.262653,SIRMOUR_2026-07-30_12-45-29.webm,2026-07-30 12:45:00+05:30,2026-07-30 13:45:00+05:30,2026-07-30,60,0.7470493507814177,72.88044905606323,3.4650242767135775,2.2350893333333337,0.6450429073048853
24,135.57,24.93,22.56,4.99,86.77,8.24,4.021,96.45,92.42,96.77,92.05,-0.89,-0.006962,0.061083,0.262653,SIRMOUR_2026-07-30_12-45-29.webm,2026-07-30 12:45:00+05:30,2026-07-30 14:00:00+05:30,2026-07-30,75,0.7470493507814177,69.59092435910271,3.3754789196451007,3.5512473333333343,1.0520721408346743
24,135.57,24.93,22.56,4.99,86.77,8.24,4.021,96.45,92.42,96.77,92.05,-0.89,-0.006962,0.061083,0.262653,SIRMOUR_2026-07-30_12-45-29.webm,2026-07-30 12:45:00+05:30,2026-07-30 14:15:00+05:30,2026-07-30,90,0.7470493507814177,66.25021065540504,3.2694643537190715,2.191876666666666,0.6704084918905352
24,135.57,24.93,22.56,4.99,86.77,8.24,4.021,96.45,92.42,96.77,92.05,-0.89,-0.006962,0.061083,0.262653,SIRMOUR_2026-07-30_12-45-29.webm,2026-07-30 12:45:00+05:30,2026-07-30 14:30:00+05:30,2026-07-30,105,0.7470493507814177,62.87891346853758,3.1475896312972864,2.483735333333333,0.7890912171767626
24,135.57,24.93,22.56,4.99,86.77,8.24,4.021,96.45,92.42,96.77,92.05,-0.89,-0.006962,0.061083,0.262653,SIRMOUR_2026-07-30_12-45-29.webm,2026-07-30 12:45:00+05:30,2026-07-30 14:45:00+05:30,2026-07-30,120,0.7470493507814177,59.48897148484377,3.010570230133293,2.574410666666666,0.8551239366213637
24,135.57,24.93,22.56,4.99,86.77,8.24,4.021,96.45,92.42,96.77,92.05,-0.89,-0.006962,0.061083,0.262653,SIRMOUR_2026-07-30_12-45-29.webm,2026-07-30 12:45:00+05:30,2026-07-30 15:00:00+05:30,2026-07-30,135,0.7470493507814177,56.087882386730946,2.8592324322509213,3.147606,1.1008569868249773
24,135.57,24.93,22.56,4.99,86.77,8.24,4.021,96.45,92.42,96.77,92.05,-0.89,-0.006962,0.061083,0.262653,SIRMOUR_2026-07-30_12-45-29.webm,2026-07-30 12:45:00+05:30,2026-07-30 15:15:00+05:30,2026-07-30,150,0.7470493507814177,52.68070774029754,2.6945196666123503,1.9919,0.7392412178992519
24,135.57,24.93,22.56,4.99,86.77,8.24,4.021,96.45,92.42,96.77,92.05,-0.89,-0.006962,0.061083,0.262653,SIRMOUR_2026-07-30_12-45-29.webm,2026-07-30 12:45:00+05:30,2026-07-30 15:30:00+05:30,2026-07-30,165,0.7470493507814177,49.27110137058254,2.5175015460062538,1.3661900000000005,0.5426769259257515
24,135.57,24.93,22.56,4.99,86.77,8.24,4.021,96.45,92.42,96.77,92.05,-0.89,-0.006962,0.061083,0.262653,SIRMOUR_2026-07-30_12-45-29.webm,2026-07-30 12:45:00+05:30,2026-07-30 15:45:00+05:30,2026-07-30,180,0.7470493507814177,45.86187583000305,2.3293868832741498,0.8860033333333335,0.38035902910553915
24,135.57,24.93,22.56,4.99,86.77,8.24,4.021,96.45,92.42,96.77,92.05,-0.89,-0.006962,0.061083,0.262653,SIRMOUR_2026-07-30_12-45-29.webm,2026-07-30 12:45:00+05:30,2026-07-30 16:00:00+05:30,2026-07-30,195,0.7470493507814177,42.455334035481265,2.131542327448811,0.34101692307692305,0.15998599637712924
24,135.57,24.93,22.56,4.99,86.77,8.24,4.021,96.45,92.42,96.77,92.05,-0.89,-0.006962,0.061083,0.262653,SIRMOUR_2026-07-30_12-45-29.webm,2026-07-30 12:45:00+05:30,2026-07-30 16:15:00+05:30,2026-07-30,210,0.7470493507814177,39.05347436949386,1.925519010871286,0.1799553333333333,0.09345809224283097
24,135.57,24.93,22.56,4.99,86.77,8.24,4.021,96.45,92.42,96.77,92.05,-0.89,-0.006962,0.061083,0.262653,SIRMOUR_2026-07-30_12-45-29.webm,2026-07-30 12:45:00+05:30,2026-07-30 16:30:00+05:30,2026-07-30,225,0.7470493507814177,35.658128404065394,1.7130910370849861,0.6145353333333332,0.35872894086179624
24,135.57,24.93,22.56,4.99,86.77,8.24,4.021,96.45,92.42,96.77,92.05,-0.89,-0.006962,0.061083,0.262653,SIRMOUR_2026-07-30_12-45-29.webm,2026-07-30 12:45:00+05:30,2026-07-30 16:45:00+05:30,2026-07-30,240,0.7470493507814177,32.271061233772535,1.4963112330881116,1.054508,0.7047384104867602
24,135.58,24.92,22.48,4.96,86.93,8.11,3.943,95.61,92.86,96.31,92.14,-1.11,-0.010642,0.068931,0.274139,SIRMOUR_2026-07-30_14-15-21.webm,2026-07-30 14:15:00+05:30,2026-07-30 14:30:00+05:30,2026-07-30,15,0.7567985831331313,62.87891346853758,3.1475896312972864,2.483735333333333,0.7890912171767626
24,135.58,24.92,22.48,4.96,86.93,8.11,3.943,95.61,92.86,96.31,92.14,-1.11,-0.010642,0.068931,0.274139,SIRMOUR_2026-07-30_14-15-21.webm,2026-07-30 14:15:00+05:30,2026-07-30 14:45:00+05:30,2026-07-30,30,0.7567985831331313,59.48897148484377,3.010570230133293,2.574410666666666,0.8551239366213637
24,135.58,24.92,22.48,4.96,86.93,8.11,3.943,95.61,92.86,96.31,92.14,-1.11,-0.010642,0.068931,0.274139,SIRMOUR_2026-07-30_14-15-21.webm,2026-07-30 14:15:00+05:30,2026-07-30 15:00:00+05:30,2026-07-30,45,0.7567985831331313,56.087882386730946,2.8592324322509213,3.147606,1.1008569868249773
24,135.58,24.92,22.48,4.96,86.93,8.11,3.943,95.61,92.86,96.31,92.14,-1.11,-0.010642,0.068931,0.274139,SIRMOUR_2026-07-30_14-15-21.webm,2026-07-30 14:15:00+05:30,2026-07-30 15:15:00+05:30,2026-07-30,60,0.7567985831331313,52.68070774029754,2.6945196666123503,1.9919,0.7392412178992519
24,135.58,24.92,22.48,4.96,86.93,8.11,3.943,95.61,92.86,96.31,92.14,-1.11,-0.010642,0.068931,0.274139,SIRMOUR_2026-07-30_14-15-21.webm,2026-07-30 14:15:00+05:30,2026-07-30 15:30:00+05:30,2026-07-30,75,0.7567985831331313,49.27110137058254,2.5175015460062538,1.3661900000000005,0.5426769259257515
24,135.58,24.92,22.48,4.96,86.93,8.11,3.943,95.61,92.86,96.31,92.14,-1.11,-0.010642,0.068931,0.274139,SIRMOUR_2026-07-30_14-15-21.webm,2026-07-30 14:15:00+05:30,2026-07-30 15:45:00+05:30,2026-07-30,90,0.7567985831331313,45.86187583000305,2.3293868832741498,0.8860033333333335,0.38035902910553915
24,135.58,24.92,22.48,4.96,86.93,8.11,3.943,95.61,92.86,96.31,92.14,-1.11,-0.010642,0.068931,0.274139,SIRMOUR_2026-07-30_14-15-21.webm,2026-07-30 14:15:00+05:30,2026-07-30 16:00:00+05:30,2026-07-30,105,0.7567985831331313,42.455334035481265,2.131542327448811,0.34101692307692305,0.15998599637712924
24,135.58,24.92,22.48,4.96,86.93,8.11,3.943,95.61,92.86,96.31,92.14,-1.11,-0.010642,0.068931,0.274139,SIRMOUR_2026-07-30_14-15-21.webm,2026-07-30 14:15:00+05:30,2026-07-30 16:15:00+05:30,2026-07-30,120,0.7567985831331313,39.05347436949386,1.925519010871286,0.1799553333333333,0.09345809224283097
24,135.58,24.92,22.48,4.96,86.93,8.11,3.943,95.61,92.86,96.31,92.14,-1.11,-0.010642,0.068931,0.274139,SIRMOUR_2026-07-30_14-15-21.webm,2026-07-30 14:15:00+05:30,2026-07-30 16:30:00+05:30,2026-07-30,135,0.7567985831331313,35.658128404065394,1.7130910370849861,0.6145353333333332,0.35872894086179624
24,135.58,24.92,22.48,4.96,86.93,8.11,3.943,95.61,92.86,96.31,92.14,-1.11,-0.010642,0.068931,0.274139,SIRMOUR_2026-07-30_14-15-21.webm,2026-07-30 14:15:00+05:30,2026-07-30 16:45:00+05:30,2026-07-30,150,0.7567985831331313,32.271061233772535,1.4963112330881116,1.054508,0.7047384104867602
24,135.58,24.92,22.48,4.96,86.93,8.11,3.943,95.61,92.86,96.31,92.14,-1.11,-0.010642,0.068931,0.274139,SIRMOUR_2026-07-30_14-15-21.webm,2026-07-30 14:15:00+05:30,2026-07-30 17:00:00+05:30,2026-07-30,165,0.7567985831331313,28.894052783141156,1.277592275331196,1.3012000000000001,1.0184782932118812
24,135.58,24.92,22.48,4.96,86.93,8.11,3.943,95.61,92.86,96.31,92.14,-1.11,-0.010642,0.068931,0.274139,SIRMOUR_2026-07-30_14-15-21.webm,2026-07-30 14:15:00+05:30,2026-07-30 17:15:00+05:30,2026-07-30,180,0.7567985831331313,25.528978519372036,1.059825430377756,1.2401693333333335,1.1701637814930494
24,135.58,24.92,22.48,4.96,86.93,8.11,3.943,95.61,92.86,96.31,92.14,-1.11,-0.010642,0.068931,0.274139,SIRMOUR_2026-07-30_14-15-21.webm,2026-07-30 14:15:00+05:30,2026-07-30 17:30:00+05:30,2026-07-30,195,0.7567985831331313,22.177906494918545,0.8465536908298945,1.127666,1.2
24,135.58,24.92,22.48,4.96,86.93,8.11,3.943,95.61,92.86,96.31,92.14,-1.11,-0.010642,0.068931,0.274139,SIRMOUR_2026-07-30_14-15-21.webm,2026-07-30 14:15:00+05:30,2026-07-30 17:45:00+05:30,2026-07-30,210,0.7567985831331313,18.843240997421223,0.642219344425452,0.6946163636363637,1.0815874197277373
24,135.58,24.92,22.48,4.96,86.93,8.11,3.943,95.61,92.86,96.31,92.14,-1.11,-0.010642,0.068931,0.274139,SIRMOUR_2026-07-30_14-15-21.webm,2026-07-30 14:15:00+05:30,2026-07-30 18:00:00+05:30,2026-07-30,225,0.7567985831331313,15.527987237256085,0.4524972617614362,0.43675866666666663,0.9652183639001396
24,135.58,24.92,22.48,4.96,86.93,8.11,3.943,95.61,92.86,96.31,92.14,-1.11,-0.010642,0.068931,0.274139,SIRMOUR_2026-07-30_14-15-21.webm,2026-07-30 14:15:00+05:30,2026-07-30 18:15:00+05:30,2026-07-30,240,0.7567985831331313,12.236331880765317,0.2846663831659824,0.26530400000000004,0.9319821928018364
24,135.29,24.99,22.25,4.97,86.89,8.14,3.719,96.17,92.5,96.5,92.14,-0.92,-0.004774,0.036707,0.124768,SIRMOUR_2026-07-30_15-45-20.webm,2026-07-30 15:45:00+05:30,2026-07-30 16:00:00+05:30,2026-07-30,15,0.69078353993888,42.455334035481265,2.131542327448811,0.34101692307692305,0.15998599637712924
24,135.29,24.99,22.25,4.97,86.89,8.14,3.719,96.17,92.5,96.5,92.14,-0.92,-0.004774,0.036707,0.124768,SIRMOUR_2026-07-30_15-45-20.webm,2026-07-30 15:45:00+05:30,2026-07-30 16:15:00+05:30,2026-07-30,30,0.69078353993888,39.05347436949386,1.925519010871286,0.1799553333333333,0.09345809224283097
24,135.29,24.99,22.25,4.97,86.89,8.14,3.719,96.17,92.5,96.5,92.14,-0.92,-0.004774,0.036707,0.124768,SIRMOUR_2026-07-30_15-45-20.webm,2026-07-30 15:45:00+05:30,2026-07-30 16:30:00+05:30,2026-07-30,45,0.69078353993888,35.658128404065394,1.7130910370849861,0.6145353333333332,0.35872894086179624
24,135.29,24.99,22.25,4.97,86.89,8.14,3.719,96.17,92.5,96.5,92.14,-0.92,-0.004774,0.036707,0.124768,SIRMOUR_2026-07-30_15-45-20.webm,2026-07-30 15:45:00+05:30,2026-07-30 16:45:00+05:30,2026-07-30,60,0.69078353993888,32.271061233772535,1.4963112330881116,1.054508,0.7047384104867602
24,135.29,24.99,22.25,4.97,86.89,8.14,3.719,96.17,92.5,96.5,92.14,-0.92,-0.004774,0.036707,0.124768,SIRMOUR_2026-07-30_15-45-20.webm,2026-07-30 15:45:00+05:30,2026-07-30 17:00:00+05:30,2026-07-30,75,0.69078353993888,28.894052783141156,1.277592275331196,1.3012000000000001,1.0184782932118812
24,135.29,24.99,22.25,4.97,86.89,8.14,3.719,96.17,92.5,96.5,92.14,-0.92,-0.004774,0.036707,0.124768,SIRMOUR_2026-07-30_15-45-20.webm,2026-07-30 15:45:00+05:30,2026-07-30 17:15:00+05:30,2026-07-30,90,0.69078353993888,25.528978519372036,1.059825430377756,1.2401693333333335,1.1701637814930494
24,135.29,24.99,22.25,4.97,86.89,8.14,3.719,96.17,92.5,96.5,92.14,-0.92,-0.004774,0.036707,0.124768,SIRMOUR_2026-07-30_15-45-20.webm,2026-07-30 15:45:00+05:30,2026-07-30 17:30:00+05:30,2026-07-30,105,0.69078353993888,22.177906494918545,0.8465536908298945,1.127666,1.2
24,135.29,24.99,22.25,4.97,86.89,8.14,3.719,96.17,92.5,96.5,92.14,-0.92,-0.004774,0.036707,0.124768,SIRMOUR_2026-07-30_15-45-20.webm,2026-07-30 15:45:00+05:30,2026-07-30 17:45:00+05:30,2026-07-30,120,0.69078353993888,18.843240997421223,0.642219344425452,0.6946163636363637,1.0815874197277373
24,135.29,24.99,22.25,4.97,86.89,8.14,3.719,96.17,92.5,96.5,92.14,-0.92,-0.004774,0.036707,0.124768,SIRMOUR_2026-07-30_15-45-20.webm,2026-07-30 15:45:00+05:30,2026-07-30 18:00:00+05:30,2026-07-30,135,0.69078353993888,15.527987237256085,0.4524972617614362,0.43675866666666663,0.9652183639001396
24,135.29,24.99,22.25,4.97,86.89,8.14,3.719,96.17,92.5,96.5,92.14,-0.92,-0.004774,0.036707,0.124768,SIRMOUR_2026-07-30_15-45-20.webm,2026-07-30 15:45:00+05:30,2026-07-30 18:15:00+05:30,2026-07-30,150,0.69078353993888,12.236331880765317,0.2846663831659824,0.26530400000000004,0.9319821928018364
24,135.29,24.99,22.25,4.97,86.89,8.14,3.719,96.17,92.5,96.5,92.14,-0.92,-0.004774,0.036707,0.124768,SIRMOUR_2026-07-30_15-45-20.webm,2026-07-30 15:45:00+05:30,2026-07-30 18:30:00+05:30,2026-07-30,165,0.69078353993888,8.975179717742948,0.1477662157831838,0.17864266666666664,1.2
24,135.29,24.99,22.25,4.97,86.89,8.14,3.719,96.17,92.5,96.5,92.14,-0.92,-0.004774,0.036707,0.124768,SIRMOUR_2026-07-30_15-45-20.webm,2026-07-30 15:45:00+05:30,2026-07-30 18:45:00+05:30,2026-07-30,180,0.69078353993888,5.759262474785008,0.05608239640306034,0.09939466666666663,1.2
24,135.48,24.94,22.39,5.01,86.79,8.2,3.852,95.89,93.03,96.22,92.68,-0.92,0.001985,0.050287,0.144981,SIRMOUR_2026-07-31_06-45-27.webm,2026-07-31 06:45:00+05:30,2026-07-31 07:00:00+05:30,2026-07-31,15,1.2,12.805591514270898,0.3126391296704399,0.36362583333333326,1.16308484391138
24,135.48,24.94,22.39,5.01,86.79,8.2,3.852,95.89,93.03,96.22,92.68,-0.92,0.001985,0.050287,0.144981,SIRMOUR_2026-07-31_06-45-27.webm,2026-07-31 06:45:00+05:30,2026-07-31 07:15:00+05:30,2026-07-31,30,1.2,16.101979819844065,0.48526041814476345,0.6837126666666665,1.2
24,135.48,24.94,22.39,5.01,86.79,8.2,3.852,95.89,93.03,96.22,92.68,-0.92,0.001985,0.050287,0.144981,SIRMOUR_2026-07-31_06-45-27.webm,2026-07-31 06:45:00+05:30,2026-07-31 07:30:00+05:30,2026-07-31,45,1.2,19.421075739682582,0.6783745555562954,0.7219453846153846,1.0642282772875513
24,135.48,24.94,22.39,5.01,86.79,8.2,3.852,95.89,93.03,96.22,92.68,-0.92,0.001985,0.050287,0.144981,SIRMOUR_2026-07-31_06-45-27.webm,2026-07-31 06:45:00+05:30,2026-07-31 07:45:00+05:30,2026-07-31,60,1.2,22.758953030271304,0.8849938052235734,0.7967393333333334,0.9002767348547207
24,135.48,24.94,22.39,5.01,86.79,8.2,3.852,95.89,93.03,96.22,92.68,-0.92,0.001985,0.050287,0.144981,SIRMOUR_2026-07-31_06-45-27.webm,2026-07-31 06:45:00+05:30,2026-07-31 08:00:00+05:30,2026-07-31,75,1.2,26.112723553450564,1.0996804321689913,0.59989,0.54551302583132
24,135.48,24.94,22.39,5.01,86.79,8.2,3.852,95.89,93.03,96.22,92.68,-0.92,0.001985,0.050287,0.144981,SIRMOUR_2026-07-31_06-45-27.webm,2026-07-31 06:45:00+05:30,2026-07-31 08:15:00+05:30,2026-07-31,90,1.2,29.480036300901645,1.3181684313454753,0.231294,0.17546619574549707
24,135.48,24.94,22.39,5.01,86.79,8.2,3.852,95.89,93.03,96.22,92.68,-0.92,0.001985,0.050287,0.144981,SIRMOUR_2026-07-31_06-45-27.webm,2026-07-31 06:45:00+05:30,2026-07-31 08:30:00+05:30,2026-07-31,105,1.2,32.858840958880414,1.5370428399609941,0.7976273333333334,0.5189363058700269
24,135.48,24.94,22.39,5.01,86.79,8.2,3.852,95.89,93.03,96.22,92.68,-0.92,0.001985,0.050287,0.144981,SIRMOUR_2026-07-31_06-45-27.webm,2026-07-31 06:45:00+05:30,2026-07-31 08:45:00+05:30,2026-07-31,120,1.2,36.247254454028514,1.7535058029568686,1.140784,0.6505732676084335
24,135.48,24.94,22.39,5.01,86.79,8.2,3.852,95.89,93.03,96.22,92.68,-0.92,0.001985,0.050287,0.144981,SIRMOUR_2026-07-31_06-45-27.webm,2026-07-31 06:45:00+05:30,2026-07-31 09:00:00+05:30,2026-07-31,135,1.2,39.64346624070031,1.9652140332273598,1.5298466666666668,0.7784631296135649
24,135.48,24.94,22.39,5.01,86.79,8.2,3.852,95.89,93.03,96.22,92.68,-0.92,0.001985,0.050287,0.144981,SIRMOUR_2026-07-31_06-45-27.webm,2026-07-31 06:45:00+05:30,2026-07-31 09:15:00+05:30,2026-07-31,150,1.2,43.04565525245495,2.170167569722638,2.6152053333333334,1.2
24,135.48,24.94,22.39,5.01,86.79,8.2,3.852,95.89,93.03,96.22,92.68,-0.92,0.001985,0.050287,0.144981,SIRMOUR_2026-07-31_06-45-27.webm,2026-07-31 06:45:00+05:30,2026-07-31 09:30:00+05:30,2026-07-31,165,1.2,46.45190209978377,2.366633797846689,2.2297046666666667,0.9421418170801884
24,135.48,24.94,22.39,5.01,86.79,8.2,3.852,95.89,93.03,96.22,92.68,-0.92,0.001985,0.050287,0.144981,SIRMOUR_2026-07-31_06-45-27.webm,2026-07-31 06:45:00+05:30,2026-07-31 09:45:00+05:30,2026-07-31,180,1.2,49.860076988105966,2.553095205867595,2.138908,0.8377705598617323
24,135.48,24.94,22.39,5.01,86.79,8.2,3.852,95.89,93.03,96.22,92.68,-0.92,0.001985,0.050287,0.144981,SIRMOUR_2026-07-31_06-45-27.webm,2026-07-31 06:45:00+05:30,2026-07-31 10:00:00+05:30,2026-07-31,195,1.2,53.26768217692562,2.7282132980652385,2.6560106666666665,0.9735348290216986
24,135.48,24.94,22.39,5.01,86.79,8.2,3.852,95.89,93.03,96.22,92.68,-0.92,0.001985,0.050287,0.144981,SIRMOUR_2026-07-31_06-45-27.webm,2026-07-31 06:45:00+05:30,2026-07-31 10:15:00+05:30,2026-07-31,210,1.2,56.67161330512703,2.8908036020331203,3.0199806666666666,1.0446855208505674
24,135.48,24.94,22.39,5.01,86.79,8.2,3.852,95.89,93.03,96.22,92.68,-0.92,0.001985,0.050287,0.144981,SIRMOUR_2026-07-31_06-45-27.webm,2026-07-31 06:45:00+05:30,2026-07-31 10:30:00+05:30,2026-07-31,225,1.2,60.06776917372767,3.039818184539528,3.473288666666667,1.1425975028150577
24,135.48,24.94,22.39,5.01,86.79,8.2,3.852,95.89,93.03,96.22,92.68,-0.92,0.001985,0.050287,0.144981,SIRMOUR_2026-07-31_06-45-27.webm,2026-07-31 06:45:00+05:30,2026-07-31 10:45:00+05:30,2026-07-31,240,1.2,63.450378416150265,3.1743334443972944,2.815691333333333,0.8870181355090577
24,134.86,25.07,22.26,4.99,86.81,8.2,3.547,96.55,92.59,97.05,92.05,-1.12,0.000351,0.033951,0.052067,SIRMOUR_2026-07-31_08-15-21.webm,2026-07-31 08:15:00+05:30,2026-07-31 08:30:00+05:30,2026-07-31,15,0.6713710584297723,32.858840958880414,1.5370428399609941,0.7976273333333334,0.5189363058700269
24,134.86,25.07,22.26,4.99,86.81,8.2,3.547,96.55,92.59,97.05,92.05,-1.12,0.000351,0.033951,0.052067,SIRMOUR_2026-07-31_08-15-21.webm,2026-07-31 08:15:00+05:30,2026-07-31 08:45:00+05:30,2026-07-31,30,0.6713710584297723,36.247254454028514,1.7535058029568686,1.140784,0.6505732676084335
24,134.86,25.07,22.26,4.99,86.81,8.2,3.547,96.55,92.59,97.05,92.05,-1.12,0.000351,0.033951,0.052067,SIRMOUR_2026-07-31_08-15-21.webm,2026-07-31 08:15:00+05:30,2026-07-31 09:00:00+05:30,2026-07-31,45,0.6713710584297723,39.64346624070031,1.9652140332273598,1.5298466666666668,0.7784631296135649
24,134.86,25.07,22.26,4.99,86.81,8.2,3.547,96.55,92.59,97.05,92.05,-1.12,0.000351,0.033951,0.052067,SIRMOUR_2026-07-31_08-15-21.webm,2026-07-31 08:15:00+05:30,2026-07-31 09:15:00+05:30,2026-07-31,60,0.6713710584297723,43.04565525245495,2.170167569722638,2.6152053333333334,1.2
24,134.86,25.07,22.26,4.99,86.81,8.2,3.547,96.55,92.59,97.05,92.05,-1.12,0.000351,0.033951,0.052067,SIRMOUR_2026-07-31_08-15-21.webm,2026-07-31 08:15:00+05:30,2026-07-31 09:30:00+05:30,2026-07-31,75,0.6713710584297723,46.45190209978377,2.366633797846689,2.2297046666666667,0.9421418170801884
24,134.86,25.07,22.26,4.99,86.81,8.2,3.547,96.55,92.59,97.05,92.05,-1.12,0.000351,0.033951,0.052067,SIRMOUR_2026-07-31_08-15-21.webm,2026-07-31 08:15:00+05:30,2026-07-31 09:45:00+05:30,2026-07-31,90,0.6713710584297723,49.860076988105966,2.553095205867595,2.138908,0.8377705598617323
24,134.86,25.07,22.26,4.99,86.81,8.2,3.547,96.55,92.59,97.05,92.05,-1.12,0.000351,0.033951,0.052067,SIRMOUR_2026-07-31_08-15-21.webm,2026-07-31 08:15:00+05:30,2026-07-31 10:00:00+05:30,2026-07-31,105,0.6713710584297723,53.26768217692562,2.7282132980652385,2.6560106666666665,0.9735348290216986
24,134.86,25.07,22.26,4.99,86.81,8.2,3.547,96.55,92.59,97.05,92.05,-1.12,0.000351,0.033951,0.052067,SIRMOUR_2026-07-31_08-15-21.webm,2026-07-31 08:15:00+05:30,2026-07-31 10:15:00+05:30,2026-07-31,120,0.6713710584297723,56.67161330512703,2.8908036020331203,3.0199806666666666,1.0446855208505674
24,134.86,25.07,22.26,4.99,86.81,8.2,3.547,96.55,92.59,97.05,92.05,-1.12,0.000351,0.033951,0.052067,SIRMOUR_2026-07-31_08-15-21.webm,2026-07-31 08:15:00+05:30,2026-07-31 10:30:00+05:30,2026-07-31,135,0.6713710584297723,60.06776917372767,3.039818184539528,3.473288666666667,1.1425975028150577
24,134.86,25.07,22.26,4.99,86.81,8.2,3.547,96.55,92.59,97.05,92.05,-1.12,0.000351,0.033951,0.052067,SIRMOUR_2026-07-31_08-15-21.webm,2026-07-31 08:15:00+05:30,2026-07-31 10:45:00+05:30,2026-07-31,150,0.6713710584297723,63.450378416150265,3.1743334443972944,2.815691333333333,0.8870181355090577
24,134.86,25.07,22.26,4.99,86.81,8.2,3.547,96.55,92.59,97.05,92.05,-1.12,0.000351,0.033951,0.052067,SIRMOUR_2026-07-31_08-15-21.webm,2026-07-31 08:15:00+05:30,2026-07-31 11:00:00+05:30,2026-07-31,165,0.6713710584297723,66.81076507905922,3.2935416477391817,3.798576,1.153340812498149
24,134.86,25.07,22.26,4.99,86.81,8.2,3.547,96.55,92.59,97.05,92.05,-1.12,0.000351,0.033951,0.052067,SIRMOUR_2026-07-31_08-15-21.webm,2026-07-31 08:15:00+05:30,2026-07-31 11:15:00+05:30,2026-07-31,180,0.6713710584297723,70.13491927091161,3.3967449946366135,2.675476,0.7876587745693359
24,134.86,25.07,22.26,4.99,86.81,8.2,3.547,96.55,92.59,97.05,92.05,-1.12,0.000351,0.033951,0.052067,SIRMOUR_2026-07-31_08-15-21.webm,2026-07-31 08:15:00+05:30,2026-07-31 11:30:00+05:30,2026-07-31,195,0.6713710584297723,73.39832751422294,3.4833515358350597,2.4506646666666665,0.703536419294865
24,134.86,25.07,22.26,4.99,86.81,8.2,3.547,96.55,92.59,97.05,92.05,-1.12,0.000351,0.033951,0.052067,SIRMOUR_2026-07-31_08-15-21.webm,2026-07-31 08:15:00+05:30,2026-07-31 11:45:00+05:30,2026-07-31,210,0.6713710584297723,76.55392547664104,3.5528724448208795,4.055483333333334,1.1414660662093636
24,134.86,25.07,22.26,4.99,86.81,8.2,3.547,96.55,92.59,97.05,92.05,-1.12,0.000351,0.033951,0.052067,SIRMOUR_2026-07-31_08-15-21.webm,2026-07-31 08:15:00+05:30,2026-07-31 12:00:00+05:30,2026-07-31,225,0.6713710584297723,79.50124630725102,3.604920226809572,2.4354340000000003,0.6755861008761931
24,134.86,25.07,22.26,4.99,86.81,8.2,3.547,96.55,92.59,97.05,92.05,-1.12,0.000351,0.033951,0.052067,SIRMOUR_2026-07-31_08-15-21.webm,2026-07-31 08:15:00+05:30,2026-07-31 12:15:00+05:30,2026-07-31,240,0.6713710584297723,82.00379115850889,3.639207772931406,2.102466666666666,0.5777264717625933
24,135.33,24.98,22.49,4.97,86.78,8.25,3.767,95.99,92.86,96.59,92.23,-0.91,-0.003133,0.048345,0.252618,SIRMOUR_2026-07-31_09-45-18.webm,2026-07-31 09:45:00+05:30,2026-07-31 10:00:00+05:30,2026-07-31,15,0.9395938766388714,53.26768217692562,2.7282132980652385,2.6560106666666665,0.9735348290216986
24,135.33,24.98,22.49,4.97,86.78,8.25,3.767,95.99,92.86,96.59,92.23,-0.91,-0.003133,0.048345,0.252618,SIRMOUR_2026-07-31_09-45-18.webm,2026-07-31 09:45:00+05:30,2026-07-31 10:15:00+05:30,2026-07-31,30,0.9395938766388714,56.67161330512703,2.8908036020331203,3.0199806666666666,1.0446855208505674
24,135.33,24.98,22.49,4.97,86.78,8.25,3.767,95.99,92.86,96.59,92.23,-0.91,-0.003133,0.048345,0.252618,SIRMOUR_2026-07-31_09-45-18.webm,2026-07-31 09:45:00+05:30,2026-07-31 10:30:00+05:30,2026-07-31,45,0.9395938766388714,60.06776917372767,3.039818184539528,3.473288666666667,1.1425975028150577
24,135.33,24.98,22.49,4.97,86.78,8.25,3.767,95.99,92.86,96.59,92.23,-0.91,-0.003133,0.048345,0.252618,SIRMOUR_2026-07-31_09-45-18.webm,2026-07-31 09:45:00+05:30,2026-07-31 10:45:00+05:30,2026-07-31,60,0.9395938766388714,63.450378416150265,3.1743334443972944,2.815691333333333,0.8870181355090577
24,135.33,24.98,22.49,4.97,86.78,8.25,3.767,95.99,92.86,96.59,92.23,-0.91,-0.003133,0.048345,0.252618,SIRMOUR_2026-07-31_09-45-18.webm,2026-07-31 09:45:00+05:30,2026-07-31 11:00:00+05:30,2026-07-31,75,0.9395938766388714,66.81076507905922,3.2935416477391817,3.798576,1.153340812498149
24,135.33,24.98,22.49,4.97,86.78,8.25,3.767,95.99,92.86,96.59,92.23,-0.91,-0.003133,0.048345,0.252618,SIRMOUR_2026-07-31_09-45-18.webm,2026-07-31 09:45:00+05:30,2026-07-31 11:15:00+05:30,2026-07-31,90,0.9395938766388714,70.13491927091161,3.3967449946366135,2.675476,0.7876587745693359
24,135.33,24.98,22.49,4.97,86.78,8.25,3.767,95.99,92.86,96.59,92.23,-0.91,-0.003133,0.048345,0.252618,SIRMOUR_2026-07-31_09-45-18.webm,2026-07-31 09:45:00+05:30,2026-07-31 11:30:00+05:30,2026-07-31,105,0.9395938766388714,73.39832751422294,3.4833515358350597,2.4506646666666665,0.703536419294865
24,135.33,24.98,22.49,4.97,86.78,8.25,3.767,95.99,92.86,96.59,92.23,-0.91,-0.003133,0.048345,0.252618,SIRMOUR_2026-07-31_09-45-18.webm,2026-07-31 09:45:00+05:30,2026-07-31 11:45:00+05:30,2026-07-31,120,0.9395938766388714,76.55392547664104,3.5528724448208795,4.055483333333334,1.1414660662093636
24,135.33,24.98,22.49,4.97,86.78,8.25,3.767,95.99,92.86,96.59,92.23,-0.91,-0.003133,0.048345,0.252618,SIRMOUR_2026-07-31_09-45-18.webm,2026-07-31 09:45:00+05:30,2026-07-31 12:00:00+05:30,2026-07-31,135,0.9395938766388714,79.50124630725102,3.604920226809572,2.4354340000000003,0.6755861008761931
24,135.33,24.98,22.49,4.97,86.78,8.25,3.767,95.99,92.86,96.59,92.23,-0.91,-0.003133,0.048345,0.252618,SIRMOUR_2026-07-31_09-45-18.webm,2026-07-31 09:45:00+05:30,2026-07-31 12:15:00+05:30,2026-07-31,150,0.9395938766388714,82.00379115850889,3.639207772931406,2.102466666666666,0.5777264717625933
24,135.33,24.98,22.49,4.97,86.78,8.25,3.767,95.99,92.86,96.59,92.23,-0.91,-0.003133,0.048345,0.252618,SIRMOUR_2026-07-31_09-45-18.webm,2026-07-31 09:45:00+05:30,2026-07-31 12:30:00+05:30,2026-07-31,165,0.9395938766388714,83.52142434245818,3.6555481709419873,3.0382300000000004,0.8311284266887634
24,135.33,24.98,22.49,4.97,86.78,8.25,3.767,95.99,92.86,96.59,92.23,-0.91,-0.003133,0.048345,0.252618,SIRMOUR_2026-07-31_09-45-18.webm,2026-07-31 09:45:00+05:30,2026-07-31 12:45:00+05:30,2026-07-31,180,0.9395938766388714,83.34149490157822,3.6538537465167664,3.68588,1.0087650616869284
24,135.33,24.98,22.49,4.97,86.78,8.25,3.767,95.99,92.86,96.59,92.23,-0.91,-0.003133,0.048345,0.252618,SIRMOUR_2026-07-31_09-45-18.webm,2026-07-31 09:45:00+05:30,2026-07-31 13:00:00+05:30,2026-07-31,195,0.9395938766388714,81.57204414324842,3.634132533436894,2.0001246666666668,0.5503719658718932
24,135.33,24.98,22.49,4.97,86.78,8.25,3.767,95.99,92.86,96.59,92.23,-0.91,-0.003133,0.048345,0.252618,SIRMOUR_2026-07-31_09-45-18.webm,2026-07-31 09:45:00+05:30,2026-07-31 13:15:00+05:30,2026-07-31,210,0.9395938766388714,78.95274796380598,3.5964889245228915,3.9840500000000003,1.1077609534216826
24,135.33,24.98,22.49,4.97,86.78,8.25,3.767,95.99,92.86,96.59,92.23,-0.91,-0.003133,0.048345,0.252618,SIRMOUR_2026-07-31_09-45-18.webm,2026-07-31 09:45:00+05:30,2026-07-31 13:30:00+05:30,2026-07-31,225,0.9395938766388714,75.95219135731926,3.5411269740579443,3.885152666666667,1.0971514704581427
24,135.33,24.98,22.49,4.97,86.78,8.25,3.767,95.99,92.86,96.59,92.23,-0.91,-0.003133,0.048345,0.252618,SIRMOUR_2026-07-31_09-45-18.webm,2026-07-31 09:45:00+05:30,2026-07-31 13:45:00+05:30,2026-07-31,240,0.9395938766388714,72.76966596036283,3.4683509616496835,3.7796093333333336,1.089742466989443
24,135.11,25.01,22.35,4.93,86.9,8.18,3.739,96.27,92.59,96.68,92.14,-0.99,-0.000101,0.035526,0.056634,SIRMOUR_2026-07-31_11-15-11.webm,2026-07-31 11:15:00+05:30,2026-07-31 11:30:00+05:30,2026-07-31,15,0.9926538063479001,73.39832751422294,3.4833515358350597,2.4506646666666665,0.703536419294865
24,135.11,25.01,22.35,4.93,86.9,8.18,3.739,96.27,92.59,96.68,92.14,-0.99,-0.000101,0.035526,0.056634,SIRMOUR_2026-07-31_11-15-11.webm,2026-07-31 11:15:00+05:30,2026-07-31 11:45:00+05:30,2026-07-31,30,0.9926538063479001,76.55392547664104,3.5528724448208795,4.055483333333334,1.1414660662093636
24,135.11,25.01,22.35,4.93,86.9,8.18,3.739,96.27,92.59,96.68,92.14,-0.99,-0.000101,0.035526,0.056634,SIRMOUR_2026-07-31_11-15-11.webm,2026-07-31 11:15:00+05:30,2026-07-31 12:00:00+05:30,2026-07-31,45,0.9926538063479001,79.50124630725102,3.604920226809572,2.4354340000000003,0.6755861008761931
24,135.11,25.01,22.35,4.93,86.9,8.18,3.739,96.27,92.59,96.68,92.14,-0.99,-0.000101,0.035526,0.056634,SIRMOUR_2026-07-31_11-15-11.webm,2026-07-31 11:15:00+05:30,2026-07-31 12:15:00+05:30,2026-07-31,60,0.9926538063479001,82.00379115850889,3.639207772931406,2.102466666666666,0.5777264717625933
24,135.11,25.01,22.35,4.93,86.9,8.18,3.739,96.27,92.59,96.68,92.14,-0.99,-0.000101,0.035526,0.056634,SIRMOUR_2026-07-31_11-15-11.webm,2026-07-31 11:15:00+05:30,2026-07-31 12:30:00+05:30,2026-07-31,75,0.9926538063479001,83.52142434245818,3.6555481709419873,3.0382300000000004,0.8311284266887634
24,135.11,25.01,22.35,4.93,86.9,8.18,3.739,96.27,92.59,96.68,92.14,-0.99,-0.000101,0.035526,0.056634,SIRMOUR_2026-07-31_11-15-11.webm,2026-07-31 11:15:00+05:30,2026-07-31 12:45:00+05:30,2026-07-31,90,0.9926538063479001,83.34149490157822,3.6538537465167664,3.68588,1.0087650616869284
24,135.11,25.01,22.35,4.93,86.9,8.18,3.739,96.27,92.59,96.68,92.14,-0.99,-0.000101,0.035526,0.056634,SIRMOUR_2026-07-31_11-15-11.webm,2026-07-31 11:15:00+05:30,2026-07-31 13:00:00+05:30,2026-07-31,105,0.9926538063479001,81.57204414324842,3.634132533436894,2.0001246666666668,0.5503719658718932
24,135.11,25.01,22.35,4.93,86.9,8.18,3.739,96.27,92.59,96.68,92.14,-0.99,-0.000101,0.035526,0.056634,SIRMOUR_2026-07-31_11-15-11.webm,2026-07-31 11:15:00+05:30,2026-07-31 13:15:00+05:30,2026-07-31,120,0.9926538063479001,78.95274796380598,3.5964889245228915,3.9840500000000003,1.1077609534216826
24,135.11,25.01,22.35,4.93,86.9,8.18,3.739,96.27,92.59,96.68,92.14,-0.99,-0.000101,0.035526,0.056634,SIRMOUR_2026-07-31_11-15-11.webm,2026-07-31 11:15:00+05:30,2026-07-31 13:30:00+05:30,2026-07-31,135,0.9926538063479001,75.95219135731926,3.5411269740579443,3.885152666666667,1.0971514704581427
24,135.11,25.01,22.35,4.93,86.9,8.18,3.739,96.27,92.59,96.68,92.14,-0.99,-0.000101,0.035526,0.056634,SIRMOUR_2026-07-31_11-15-11.webm,2026-07-31 11:15:00+05:30,2026-07-31 13:45:00+05:30,2026-07-31,150,0.9926538063479001,72.76966596036283,3.4683509616496835,3.7796093333333336,1.089742466989443
24,135.11,25.01,22.35,4.93,86.9,8.18,3.739,96.27,92.59,96.68,92.14,-0.99,-0.000101,0.035526,0.056634,SIRMOUR_2026-07-31_11-15-11.webm,2026-07-31 11:15:00+05:30,2026-07-31 14:00:00+05:30,2026-07-31,165,0.9926538063479001,69.49113459993457,3.3785656988332806,3.565534,1.0553395487414334
24,135.11,25.01,22.35,4.93,86.9,8.18,3.739,96.27,92.59,96.68,92.14,-0.99,-0.000101,0.035526,0.056634,SIRMOUR_2026-07-31_11-15-11.webm,2026-07-31 11:15:00+05:30,2026-07-31 14:15:00+05:30,2026-07-31,180,0.9926538063479001,66.15773012433533,3.2722776415499353,2.733991333333333,0.8355010279746191
24,135.11,25.01,22.35,4.93,86.9,8.18,3.739,96.27,92.59,96.68,92.14,-0.99,-0.000101,0.035526,0.056634,SIRMOUR_2026-07-31_11-15-11.webm,2026-07-31 11:15:00+05:30,2026-07-31 14:30:00+05:30,2026-07-31,195,0.9926538063479001,62.79128968977708,3.1500968621736614,2.2339806666666666,0.7091784044777445
24,135.11,25.01,22.35,4.93,86.9,8.18,3.739,96.27,92.59,96.68,92.14,-0.99,-0.000101,0.035526,0.056634,SIRMOUR_2026-07-31_11-15-11.webm,2026-07-31 11:15:00+05:30,2026-07-31 14:45:00+05:30,2026-07-31,210,0.9926538063479001,59.40449907965588,3.0127400089880263,1.5437833333333333,0.5124183728857131
24,135.11,25.01,22.35,4.93,86.9,8.18,3.739,96.27,92.59,96.68,92.14,-0.99,-0.000101,0.035526,0.056634,SIRMOUR_2026-07-31_11-15-11.webm,2026-07-31 11:15:00+05:30,2026-07-31 15:00:00+05:30,2026-07-31,225,0.9926538063479001,56.005326863977345,2.861034709631562,2.116538,0.7397806090484527
24,135.11,25.01,22.35,4.93,86.9,8.18,3.739,96.27,92.59,96.68,92.14,-0.99,-0.000101,0.035526,0.056634,SIRMOUR_2026-07-31_11-15-11.webm,2026-07-31 11:15:00+05:30,2026-07-31 15:15:00+05:30,2026-07-31,240,0.9926538063479001,52.59914243156677,2.695925953876325,3.0763860000000003,1.1411240711476636
24,135.2,25.0,22.32,5.01,86.71,8.28,3.829,96.27,92.68,96.87,92.05,-1.16,-0.00549,0.073707,0.310401,SIRMOUR_2026-07-31_12-45-04.webm,2026-07-31 12:45:00+05:30,2026-07-31 13:00:00+05:30,2026-07-31,15,0.7733015152536196,81.57204414324842,3.634132533436894,2.0001246666666668,0.5503719658718932
24,135.2,25.0,22.32,5.01,86.71,8.28,3.829,96.27,92.68,96.87,92.05,-1.16,-0.00549,0.073707,0.310401,SIRMOUR_2026-07-31_12-45-04.webm,2026-07-31 12:45:00+05:30,2026-07-31 13:15:00+05:30,2026-07-31,30,0.7733015152536196,78.95274796380598,3.5964889245228915,3.9840500000000003,1.1077609534216826
24,135.2,25.0,22.32,5.01,86.71,8.28,3.829,96.27,92.68,96.87,92.05,-1.16,-0.00549,0.073707,0.310401,SIRMOUR_2026-07-31_12-45-04.webm,2026-07-31 12:45:00+05:30,2026-07-31 13:30:00+05:30,2026-07-31,45,0.7733015152536196,75.95219135731926,3.5411269740579443,3.885152666666667,1.0971514704581427
24,135.2,25.0,22.32,5.01,86.71,8.28,3.829,96.27,92.68,96.87,92.05,-1.16,-0.00549,0.073707,0.310401,SIRMOUR_2026-07-31_12-45-04.webm,2026-07-31 12:45:00+05:30,2026-07-31 13:45:00+05:30,2026-07-31,60,0.7733015152536196,72.76966596036283,3.4683509616496835,3.7796093333333336,1.089742466989443
24,135.2,25.0,22.32,5.01,86.71,8.28,3.829,96.27,92.68,96.87,92.05,-1.16,-0.00549,0.073707,0.310401,SIRMOUR_2026-07-31_12-45-04.webm,2026-07-31 12:45:00+05:30,2026-07-31 14:00:00+05:30,2026-07-31,75,0.7733015152536196,69.49113459993457,3.3785656988332806,3.565534,1.0553395487414334
24,135.2,25.0,22.32,5.01,86.71,8.28,3.829,96.27,92.68,96.87,92.05,-1.16,-0.00549,0.073707,0.310401,SIRMOUR_2026-07-31_12-45-04.webm,2026-07-31 12:45:00+05:30,2026-07-31 14:15:00+05:30,2026-07-31,90,0.7733015152536196,66.15773012433533,3.2722776415499353,2.733991333333333,0.8355010279746191
24,135.2,25.0,22.32,5.01,86.71,8.28,3.829,96.27,92.68,96.87,92.05,-1.16,-0.00549,0.073707,0.310401,SIRMOUR_2026-07-31_12-45-04.webm,2026-07-31 12:45:00+05:30,2026-07-31 14:30:00+05:30,2026-07-31,105,0.7733015152536196,62.79128968977708,3.1500968621736614,2.2339806666666666,0.7091784044777445
24,135.2,25.0,22.32,5.01,86.71,8.28,3.829,96.27,92.68,96.87,92.05,-1.16,-0.00549,0.073707,0.310401,SIRMOUR_2026-07-31_12-45-04.webm,2026-07-31 12:45:00+05:30,2026-07-31 14:45:00+05:30,2026-07-31,120,0.7733015152536196,59.40449907965588,3.0127400089880263,1.5437833333333333,0.5124183728857131
24,135.2,25.0,22.32,5.01,86.71,8.28,3.829,96.27,92.68,96.87,92.05,-1.16,-0.00549,0.073707,0.310401,SIRMOUR_2026-07-31_12-45-04.webm,2026-07-31 12:45:00+05:30,2026-07-31 15:00:00+05:30,2026-07-31,135,0.7733015152536196,56.005326863977345,2.861034709631562,2.116538,0.7397806090484527
24,135.2,25.0,22.32,5.01,86.71,8.28,3.829,96.27,92.68,96.87,92.05,-1.16,-0.00549,0.073707,0.310401,SIRMOUR_2026-07-31_12-45-04.webm,2026-07-31 12:45:00+05:30,2026-07-31 15:15:00+05:30,2026-07-31,150,0.7733015152536196,52.59914243156677,2.695925953876325,3.0763860000000003,1.1411240711476636
24,135.2,25.0,22.32,5.01,86.71,8.28,3.829,96.27,92.68,96.87,92.05,-1.16,-0.00549,0.073707,0.310401,SIRMOUR_2026-07-31_12-45-04.webm,2026-07-31 12:45:00+05:30,2026-07-31 15:30:00+05:30,2026-07-31,165,0.7733015152536196,49.18980729932855,2.518485194431197,2.908993333333333,1.1550567538636385
24,135.2,25.0,22.32,5.01,86.71,8.28,3.829,96.27,92.68,96.87,92.05,-1.16,-0.00549,0.073707,0.310401,SIRMOUR_2026-07-31_12-45-04.webm,2026-07-31 12:45:00+05:30,2026-07-31 15:45:00+05:30,2026-07-31,180,0.7733015152536196,45.78027787675751,2.329923465029711,2.6458406666666674,1.1355912356687337
24,135.2,25.0,22.32,5.01,86.71,8.28,3.829,96.27,92.68,96.87,92.05,-1.16,-0.00549,0.073707,0.310401,SIRMOUR_2026-07-31_12-45-04.webm,2026-07-31 12:45:00+05:30,2026-07-31 16:00:00+05:30,2026-07-31,195,0.7733015152536196,42.3729588300351,2.13161017805692,2.3578406666666667,1.106131266841655
24,135.2,25.0,22.32,5.01,86.71,8.28,3.829,96.27,92.68,96.87,92.05,-1.16,-0.00549,0.073707,0.310401,SIRMOUR_2026-07-31_12-45-04.webm,2026-07-31 12:45:00+05:30,2026-07-31 16:15:00+05:30,2026-07-31,210,0.7733015152536196,38.969921676098615,1.925100030092853,2.1176399999999997,1.1000155664107802
24,135.2,25.0,22.32,5.01,86.71,8.28,3.829,96.27,92.68,96.87,92.05,-1.16,-0.00549,0.073707,0.310401,SIRMOUR_2026-07-31_12-45-04.webm,2026-07-31 12:45:00+05:30,2026-07-31 16:30:00+05:30,2026-07-31,225,0.7733015152536196,35.57305117767443,1.712171906085876,1.7640719999999999,1.0303124316721037
24,135.2,25.0,22.32,5.01,86.71,8.28,3.829,96.27,92.68,96.87,92.05,-1.16,-0.00549,0.073707,0.310401,SIRMOUR_2026-07-31_12-45-04.webm,2026-07-31 12:45:00+05:30,2026-07-31 16:45:00+05:30,2026-07-31,240,0.7733015152536196,32.18415147503237,1.494885310078984,1.5221359999999995,1.0182292847065142
24,134.86,25.07,22.17,4.99,86.83,8.18,3.5,96.55,92.68,97.14,92.05,-1.07,-0.000162,0.02739,0.031594,SIRMOUR_2026-07-31_14-15-25.webm,2026-07-31 14:15:00+05:30,2026-07-31 14:30:00+05:30,2026-07-31,15,1.0194336285409096,62.79128968977708,3.1500968621736614,2.2339806666666666,0.7091784044777445
24,134.86,25.07,22.17,4.99,86.83,8.18,3.5,96.55,92.68,97.14,92.05,-1.07,-0.000162,0.02739,0.031594,SIRMOUR_2026-07-31_14-15-25.webm,2026-07-31 14:15:00+05:30,2026-07-31 14:45:00+05:30,2026-07-31,30,1.0194336285409096,59.40449907965588,3.0127400089880263,1.5437833333333333,0.5124183728857131
24,134.86,25.07,22.17,4.99,86.83,8.18,3.5,96.55,92.68,97.14,92.05,-1.07,-0.000162,0.02739,0.031594,SIRMOUR_2026-07-31_14-15-25.webm,2026-07-31 14:15:00+05:30,2026-07-31 15:00:00+05:30,2026-07-31,45,1.0194336285409096,56.005326863977345,2.861034709631562,2.116538,0.7397806090484527
24,134.86,25.07,22.17,4.99,86.83,8.18,3.5,96.55,92.68,97.14,92.05,-1.07,-0.000162,0.02739,0.031594,SIRMOUR_2026-07-31_14-15-25.webm,2026-07-31 14:15:00+05:30,2026-07-31 15:15:00+05:30,2026-07-31,60,1.0194336285409096,52.59914243156677,2.695925953876325,3.0763860000000003,1.1411240711476636
24,134.86,25.07,22.17,4.99,86.83,8.18,3.5,96.55,92.68,97.14,92.05,-1.07,-0.000162,0.02739,0.031594,SIRMOUR_2026-07-31_14-15-25.webm,2026-07-31 14:15:00+05:30,2026-07-31 15:30:00+05:30,2026-07-31,75,1.0194336285409096,49.18980729932855,2.518485194431197,2.908993333333333,1.1550567538636385
24,134.86,25.07,22.17,4.99,86.83,8.18,3.5,96.55,92.68,97.14,92.05,-1.07,-0.000162,0.02739,0.031594,SIRMOUR_2026-07-31_14-15-25.webm,2026-07-31 14:15:00+05:30,2026-07-31 15:45:00+05:30,2026-07-31,90,1.0194336285409096,45.78027787675751,2.329923465029711,2.6458406666666674,1.1355912356687337
24,134.86,25.07,22.17,4.99,86.83,8.18,3.5,96.55,92.68,97.14,92.05,-1.07,-0.000162,0.02739,0.031594,SIRMOUR_2026-07-31_14-15-25.webm,2026-07-31 14:15:00+05:30,2026-07-31 16:00:00+05:30,2026-07-31,105,1.0194336285409096,42.3729588300351,2.13161017805692,2.3578406666666667,1.106131266841655
24,134.86,25.07,22.17,4.99,86.83,8.18,3.5,96.55,92.68,97.14,92.05,-1.07,-0.000162,0.02739,0.031594,SIRMOUR_2026-07-31_14-15-25.webm,2026-07-31 14:15:00+05:30,2026-07-31 16:15:00+05:30,2026-07-31,120,1.0194336285409096,38.969921676098615,1.925100030092853,2.1176399999999997,1.1000155664107802
24,134.86,25.07,22.17,4.99,86.83,8.18,3.5,96.55,92.68,97.14,92.05,-1.07,-0.000162,0.02739,0.031594,SIRMOUR_2026-07-31_14-15-25.webm,2026-07-31 14:15:00+05:30,2026-07-31 16:30:00+05:30,2026-07-31,135,1.0194336285409096,35.57305117767443,1.712171906085876,1.7640719999999999,1.0303124316721037
24,134.86,25.07,22.17,4.99,86.83,8.18,3.5,96.55,92.68,97.14,92.05,-1.07,-0.000162,0.02739,0.031594,SIRMOUR_2026-07-31_14-15-25.webm,2026-07-31 14:15:00+05:30,2026-07-31 16:45:00+05:30,2026-07-31,150,1.0194336285409096,32.18415147503237,1.494885310078984,1.5221359999999995,1.0182292847065142
24,134.86,25.07,22.17,4.99,86.83,8.18,3.5,96.55,92.68,97.14,92.05,-1.07,-0.000162,0.02739,0.031594,SIRMOUR_2026-07-31_14-15-25.webm,2026-07-31 14:15:00+05:30,2026-07-31 17:00:00+05:30,2026-07-31,165,1.0194336285409096,28.80503148659788,1.275662609666397,1.3835566666666665,1.0845788347033902
24,134.86,25.07,22.17,4.99,86.83,8.18,3.5,96.55,92.68,97.14,92.05,-1.07,-0.000162,0.02739,0.031594,SIRMOUR_2026-07-31_14-15-25.webm,2026-07-31 14:15:00+05:30,2026-07-31 17:15:00+05:30,2026-07-31,180,1.0194336285409096,25.437588816842897,1.057409641644042,0.807554,0.7637096998136211
24,134.86,25.07,22.17,4.99,86.83,8.18,3.5,96.55,92.68,97.14,92.05,-1.07,-0.000162,0.02739,0.031594,SIRMOUR_2026-07-31_14-15-25.webm,2026-07-31 14:15:00+05:30,2026-07-31 17:30:00+05:30,2026-07-31,195,1.0194336285409096,22.08390984283078,0.8436919770749954,0.7694573333333334,0.9120121492691837
24,134.86,25.07,22.17,4.99,86.83,8.18,3.5,96.55,92.68,97.14,92.05,-1.07,-0.000162,0.02739,0.031594,SIRMOUR_2026-07-31_14-15-25.webm,2026-07-31 14:15:00+05:30,2026-07-31 17:45:00+05:30,2026-07-31,210,1.0194336285409096,18.746417385884524,0.6389877092165739,0.678128,1.0612535894178836
24,134.86,25.07,22.17,4.99,86.83,8.18,3.5,96.55,92.68,97.14,92.05,-1.07,-0.000162,0.02739,0.031594,SIRMOUR_2026-07-31_14-15-25.webm,2026-07-31 14:15:00+05:30,2026-07-31 18:00:00+05:30,2026-07-31,225,1.0194336285409096,15.428143027517041,0.4490291378996974,0.5648113333333333,1.2
24,134.86,25.07,22.17,4.99,86.83,8.18,3.5,96.55,92.68,97.14,92.05,-1.07,-0.000162,0.02739,0.031594,SIRMOUR_2026-07-31_14-15-25.webm,2026-07-31 14:15:00+05:30,2026-07-31 18:15:00+05:30,2026-07-31,240,1.0194336285409096,12.133327034392822,0.28118635789644053,0.2076746666666667,0.7385659397571208
24,135.14,25.01,22.4,4.92,86.89,8.18,3.719,96.27,92.68,96.68,92.23,-1.07,-0.002519,0.050607,0.217377,SIRMOUR_2026-07-31_15-45-26.webm,2026-07-31 15:45:00+05:30,2026-07-31 16:00:00+05:30,2026-07-31,15,1.042888167432122,42.3729588300351,2.13161017805692,2.3578406666666667,1.106131266841655
24,135.14,25.01,22.4,4.92,86.89,8.18,3.719,96.27,92.68,96.68,92.23,-1.07,-0.002519,0.050607,0.217377,SIRMOUR_2026-07-31_15-45-26.webm,2026-07-31 15:45:00+05:30,2026-07-31 16:15:00+05:30,2026-07-31,30,1.042888167432122,38.969921676098615,1.925100030092853,2.1176399999999997,1.1000155664107802
24,135.14,25.01,22.4,4.92,86.89,8.18,3.719,96.27,92.68,96.68,92.23,-1.07,-0.002519,0.050607,0.217377,SIRMOUR_2026-07-31_15-45-26.webm,2026-07-31 15:45:00+05:30,2026-07-31 16:30:00+05:30,2026-07-31,45,1.042888167432122,35.57305117767443,1.712171906085876,1.7640719999999999,1.0303124316721037
24,135.14,25.01,22.4,4.92,86.89,8.18,3.719,96.27,92.68,96.68,92.23,-1.07,-0.002519,0.050607,0.217377,SIRMOUR_2026-07-31_15-45-26.webm,2026-07-31 15:45:00+05:30,2026-07-31 16:45:00+05:30,2026-07-31,60,1.042888167432122,32.18415147503237,1.494885310078984,1.5221359999999995,1.0182292847065142
24,135.14,25.01,22.4,4.92,86.89,8.18,3.719,96.27,92.68,96.68,92.23,-1.07,-0.002519,0.050607,0.217377,SIRMOUR_2026-07-31_15-45-26.webm,2026-07-31 15:45:00+05:30,2026-07-31 17:00:00+05:30,2026-07-31,75,1.042888167432122,28.80503148659788,1.275662609666397,1.3835566666666665,1.0845788347033902
24,135.14,25.01,22.4,4.92,86.89,8.18,3.719,96.27,92.68,96.68,92.23,-1.07,-0.002519,0.050607,0.217377,SIRMOUR_2026-07-31_15-45-26.webm,2026-07-31 15:45:00+05:30,2026-07-31 17:15:00+05:30,2026-07-31,90,1.042888167432122,25.437588816842897,1.057409641644042,0.807554,0.7637096998136211
24,135.14,25.01,22.4,4.92,86.89,8.18,3.719,96.27,92.68,96.68,92.23,-1.07,-0.002519,0.050607,0.217377,SIRMOUR_2026-07-31_15-45-26.webm,2026-07-31 15:45:00+05:30,2026-07-31 17:30:00+05:30,2026-07-31,105,1.042888167432122,22.08390984283078,0.8436919770749954,0.7694573333333334,0.9120121492691837
24,135.14,25.01,22.4,4.92,86.89,8.18,3.719,96.27,92.68,96.68,92.23,-1.07,-0.002519,0.050607,0.217377,SIRMOUR_2026-07-31_15-45-26.webm,2026-07-31 15:45:00+05:30,2026-07-31 17:45:00+05:30,2026-07-31,120,1.042888167432122,18.746417385884524,0.6389877092165739,0.678128,1.0612535894178836
24,135.14,25.01,22.4,4.92,86.89,8.18,3.719,96.27,92.68,96.68,92.23,-1.07,-0.002519,0.050607,0.217377,SIRMOUR_2026-07-31_15-45-26.webm,2026-07-31 15:45:00+05:30,2026-07-31 18:00:00+05:30,2026-07-31,135,1.042888167432122,15.428143027517041,0.4490291378996974,0.5648113333333333,1.2
24,135.14,25.01,22.4,4.92,86.89,8.18,3.719,96.27,92.68,96.68,92.23,-1.07,-0.002519,0.050607,0.217377,SIRMOUR_2026-07-31_15-45-26.webm,2026-07-31 15:45:00+05:30,2026-07-31 18:15:00+05:30,2026-07-31,150,1.042888167432122,12.133327034392822,0.28118635789644053,0.2076746666666667,0.7385659397571208
24,135.14,25.01,22.4,4.92,86.89,8.18,3.719,96.27,92.68,96.68,92.23,-1.07,-0.002519,0.050607,0.217377,SIRMOUR_2026-07-31_15-45-26.webm,2026-07-31 15:45:00+05:30,2026-07-31 18:30:00+05:30,2026-07-31,165,1.042888167432122,8.869017527972277,0.1446365376425118,0.12931866666666667,0.8940940427258757
24,135.14,25.01,22.4,4.92,86.89,8.18,3.719,96.27,92.68,96.68,92.23,-1.07,-0.002519,0.050607,0.217377,SIRMOUR_2026-07-31_15-45-26.webm,2026-07-31 15:45:00+05:30,2026-07-31 18:45:00+05:30,2026-07-31,180,1.042888167432122,5.650440202745972,0.05363488109495711,0.138725,1.2
24,135.57,24.93,22.34,4.95,86.79,8.26,3.895,96.45,92.5,96.87,92.05,-1.07,-0.003109,0.064274,0.293586,SIRMOUR_2026-08-01_06-45-13.webm,2026-08-01 06:45:00+05:30,2026-08-01 07:00:00+05:30,2026-08-01,15,0.4641822861341965,12.725179369189647,0.310217577533149,0.08230866666666667,0.2653256057286805
24,135.57,24.93,22.34,4.95,86.79,8.26,3.895,96.45,92.5,96.87,92.05,-1.07,-0.003109,0.064274,0.293586,SIRMOUR_2026-08-01_06-45-13.webm,2026-08-01 06:45:00+05:30,2026-08-01 07:15:00+05:30,2026-08-01,30,0.4641822861341965,16.02484270431246,0.4830725801710637,0.14581266666666667,0.3018442210382384
24,135.57,24.93,22.34,4.95,86.79,8.26,3.895,96.45,92.5,96.87,92.05,-1.07,-0.003109,0.064274,0.293586,SIRMOUR_2026-08-01_06-45-13.webm,2026-08-01 06:45:00+05:30,2026-08-01 07:30:00+05:30,2026-08-01,45,0.4641822861341965,19.34702326278926,0.6765723659642743,0.31803333333333333,0.47006550863197205
24,135.57,24.93,22.34,4.95,86.79,8.26,3.895,96.45,92.5,96.87,92.05,-1.07,-0.003109,0.064274,0.293586,SIRMOUR_2026-08-01_06-45-13.webm,2026-08-01 06:45:00+05:30,2026-08-01 07:45:00+05:30,2026-08-01,60,0.4641822861341965,22.68775777599081,0.8836562307496596,0.5520446666666665,0.6247278607409731
24,135.57,24.93,22.34,4.95,86.79,8.26,3.895,96.45,92.5,96.87,92.05,-1.07,-0.003109,0.064274,0.293586,SIRMOUR_2026-08-01_06-45-13.webm,2026-08-01 06:45:00+05:30,2026-08-01 08:00:00+05:30,2026-08-01,75,0.4641822861341965,26.044137953453212,1.0988426850099395,0.7550186666666665,0.6871035107812881
24,135.57,24.93,22.34,4.95,86.79,8.26,3.895,96.45,92.5,96.87,92.05,-1.07,-0.003109,0.064274,0.293586,SIRMOUR_2026-08-01_06-45-13.webm,2026-08-01 06:45:00+05:30,2026-08-01 08:30:00+05:30,2026-08-01,105,0.4641822861341965,32.794663527012005,1.5372157560724153,0.949036923076923,0.6173739238151652
24,135.57,24.93,22.34,4.95,86.79,8.26,3.895,96.45,92.5,96.87,92.05,-1.07,-0.003109,0.064274,0.293586,SIRMOUR_2026-08-01_06-45-13.webm,2026-08-01 06:45:00+05:30,2026-08-01 08:45:00+05:30,2026-08-01,120,0.4641822861341965,36.184832710009495,1.754163670764692,1.097851333333333,0.625854560569452
24,135.57,24.93,22.34,4.95,86.79,8.26,3.895,96.45,92.5,96.87,92.05,-1.07,-0.003109,0.064274,0.293586,SIRMOUR_2026-08-01_06-45-13.webm,2026-08-01 06:45:00+05:30,2026-08-01 09:00:00+05:30,2026-08-01,135,0.4641822861341965,39.58246061047999,1.9663335922172451,1.2896353333333332,0.6558578556750055
24,135.57,24.93,22.34,4.95,86.79,8.26,3.895,96.45,92.5,96.87,92.05,-1.07,-0.003109,0.064274,0.293586,SIRMOUR_2026-08-01_06-45-13.webm,2026-08-01 06:45:00+05:30,2026-08-01 09:15:00+05:30,2026-08-01,150,0.4641822861341965,42.985681673334206,2.1717213455231414,1.8331913333333336,0.8441190381594468
24,135.57,24.93,22.34,4.95,86.79,8.26,3.895,96.45,92.5,96.87,92.05,-1.07,-0.003109,0.064274,0.293586,SIRMOUR_2026-08-01_06-45-13.webm,2026-08-01 06:45:00+05:30,2026-08-01 09:30:00+05:30,2026-08-01,165,0.4641822861341965,46.39251546290577,2.368591423208432,1.9513900000000004,0.8238609584073805
24,135.57,24.93,22.34,4.95,86.79,8.26,3.895,96.45,92.5,96.87,92.05,-1.07,-0.003109,0.064274,0.293586,SIRMOUR_2026-08-01_06-45-13.webm,2026-08-01 06:45:00+05:30,2026-08-01 09:45:00+05:30,2026-08-01,180,0.4641822861341965,49.80074781772947,2.555424252562061,1.413128,0.5529915428262848
24,135.57,24.93,22.34,4.95,86.79,8.26,3.895,96.45,92.5,96.87,92.05,-1.07,-0.003109,0.064274,0.293586,SIRMOUR_2026-08-01_06-45-13.webm,2026-08-01 06:45:00+05:30,2026-08-01 10:00:00+05:30,2026-08-01,195,0.4641822861341965,53.20776303899333,2.7308798166381125,0.930242,0.34063820543563406
24,135.57,24.93,22.34,4.95,86.79,8.26,3.895,96.45,92.5,96.87,92.05,-1.07,-0.003109,0.064274,0.293586,SIRMOUR_2026-08-01_06-45-13.webm,2026-08-01 06:45:00+05:30,2026-08-01 10:15:00+05:30,2026-08-01,210,0.4641822861341965,56.610289085892894,2.8937724864412964,0.8991466666666668,0.31071781588898145
24,135.57,24.93,22.34,4.95,86.79,8.26,3.895,96.45,92.5,96.87,92.05,-1.07,-0.003109,0.064274,0.293586,SIRMOUR_2026-08-01_06-45-13.webm,2026-08-01 06:45:00+05:30,2026-08-01 10:30:00+05:30,2026-08-01,225,0.4641822861341965,60.00398112226608,3.0430534310476105,1.0038433333333336,0.3298802850752928
24,135.57,24.93,22.34,4.95,86.79,8.26,3.895,96.45,92.5,96.87,92.05,-1.07,-0.003109,0.064274,0.293586,SIRMOUR_2026-08-01_06-45-13.webm,2026-08-01 06:45:00+05:30,2026-08-01 10:45:00+05:30,2026-08-01,240,0.4641822861341965,63.38270394881626,3.177798346965565,1.215633333333333,0.3825394819322391
24,135.29,24.98,22.26,4.86,86.97,8.17,3.754,96.27,92.86,96.68,92.41,-0.84,0.0,0.04454,0.173574,SIRMOUR_2026-08-01_08-15-19.webm,2026-08-01 08:15:00+05:30,2026-08-01 08:30:00+05:30,2026-08-01,15,0.5939656267180777,32.794663527012005,1.5372157560724153,0.949036923076923,0.6173739238151652
24,135.29,24.98,22.26,4.86,86.97,8.17,3.754,96.27,92.86,96.68,92.41,-0.84,0.0,0.04454,0.173574,SIRMOUR_2026-08-01_08-15-19.webm,2026-08-01 08:15:00+05:30,2026-08-01 08:45:00+05:30,2026-08-01,30,0.5939656267180777,36.184832710009495,1.754163670764692,1.097851333333333,0.625854560569452
24,135.29,24.98,22.26,4.86,86.97,8.17,3.754,96.27,92.86,96.68,92.41,-0.84,0.0,0.04454,0.173574,SIRMOUR_2026-08-01_08-15-19.webm,2026-08-01 08:15:00+05:30,2026-08-01 09:00:00+05:30,2026-08-01,45,0.5939656267180777,39.58246061047999,1.9663335922172451,1.2896353333333332,0.6558578556750055
24,135.29,24.98,22.26,4.86,86.97,8.17,3.754,96.27,92.86,96.68,92.41,-0.84,0.0,0.04454,0.173574,SIRMOUR_2026-08-01_08-15-19.webm,2026-08-01 08:15:00+05:30,2026-08-01 09:15:00+05:30,2026-08-01,60,0.5939656267180777,42.985681673334206,2.1717213455231414,1.8331913333333336,0.8441190381594468
24,135.29,24.98,22.26,4.86,86.97,8.17,3.754,96.27,92.86,96.68,92.41,-0.84,0.0,0.04454,0.173574,SIRMOUR_2026-08-01_08-15-19.webm,2026-08-01 08:15:00+05:30,2026-08-01 09:30:00+05:30,2026-08-01,75,0.5939656267180777,46.39251546290577,2.368591423208432,1.9513900000000004,0.8238609584073805
24,135.29,24.98,22.26,4.86,86.97,8.17,3.754,96.27,92.86,96.68,92.41,-0.84,0.0,0.04454,0.173574,SIRMOUR_2026-08-01_08-15-19.webm,2026-08-01 08:15:00+05:30,2026-08-01 09:45:00+05:30,2026-08-01,90,0.5939656267180777,49.80074781772947,2.555424252562061,1.413128,0.5529915428262848
24,135.29,24.98,22.26,4.86,86.97,8.17,3.754,96.27,92.86,96.68,92.41,-0.84,0.0,0.04454,0.173574,SIRMOUR_2026-08-01_08-15-19.webm,2026-08-01 08:15:00+05:30,2026-08-01 10:00:00+05:30,2026-08-01,105,0.5939656267180777,53.20776303899333,2.7308798166381125,0.930242,0.34063820543563406
24,135.29,24.98,22.26,4.86,86.97,8.17,3.754,96.27,92.86,96.68,92.41,-0.84,0.0,0.04454,0.173574,SIRMOUR_2026-08-01_08-15-19.webm,2026-08-01 08:15:00+05:30,2026-08-01 10:15:00+05:30,2026-08-01,120,0.5939656267180777,56.610289085892894,2.8937724864412964,0.8991466666666668,0.31071781588898145
24,135.29,24.98,22.26,4.86,86.97,8.17,3.754,96.27,92.86,96.68,92.41,-0.84,0.0,0.04454,0.173574,SIRMOUR_2026-08-01_08-15-19.webm,2026-08-01 08:15:00+05:30,2026-08-01 10:30:00+05:30,2026-08-01,135,0.5939656267180777,60.00398112226608,3.0430534310476105,1.0038433333333336,0.3298802850752928
24,135.29,24.98,22.26,4.86,86.97,8.17,3.754,96.27,92.86,96.68,92.41,-0.84,0.0,0.04454,0.173574,SIRMOUR_2026-08-01_08-15-19.webm,2026-08-01 08:15:00+05:30,2026-08-01 10:45:00+05:30,2026-08-01,150,0.5939656267180777,63.38270394881626,3.177798346965565,1.215633333333333,0.3825394819322391
24,135.29,24.98,22.26,4.86,86.97,8.17,3.754,96.27,92.86,96.68,92.41,-0.84,0.0,0.04454,0.173574,SIRMOUR_2026-08-01_08-15-19.webm,2026-08-01 08:15:00+05:30,2026-08-01 11:00:00+05:30,2026-08-01,165,0.5939656267180777,66.73722011583563,3.297198955806637,2.4086220000000003,0.7305055085493765
24,135.29,24.98,22.26,4.86,86.97,8.17,3.754,96.27,92.86,96.68,92.41,-0.84,0.0,0.04454,0.173574,SIRMOUR_2026-08-01_08-15-19.webm,2026-08-01 08:15:00+05:30,2026-08-01 11:15:00+05:30,2026-08-01,180,0.5939656267180777,70.05261999740333,3.4005570491528365,3.8754753333333327,1.1396589668445087
24,135.29,24.98,22.26,4.86,86.97,8.17,3.754,96.27,92.86,96.68,92.41,-0.84,0.0,0.04454,0.173574,SIRMOUR_2026-08-01_08-15-19.webm,2026-08-01 08:15:00+05:30,2026-08-01 11:30:00+05:30,2026-08-01,195,0.5939656267180777,73.3028918652306,3.4872803935728904,1.9368786666666664,0.5554123695462981
24,135.29,24.98,22.26,4.86,86.97,8.17,3.754,96.27,92.86,96.68,92.41,-0.84,0.0,0.04454,0.173574,SIRMOUR_2026-08-01_08-15-19.webm,2026-08-01 08:15:00+05:30,2026-08-01 11:45:00+05:30,2026-08-01,210,0.5939656267180777,76.43841415346876,3.5568799977948093,2.768462,0.778340006330376
24,135.29,24.98,22.26,4.86,86.97,8.17,3.754,96.27,92.86,96.68,92.41,-0.84,0.0,0.04454,0.173574,SIRMOUR_2026-08-01_08-15-19.webm,2026-08-01 08:15:00+05:30,2026-08-01 12:00:00+05:30,2026-08-01,225,0.5939656267180777,79.35456812885447,3.608968320263445,2.016720666666667,0.5588080824492945
24,135.29,24.98,22.26,4.86,86.97,8.17,3.754,96.27,92.86,96.68,92.41,-0.84,0.0,0.04454,0.173574,SIRMOUR_2026-08-01_08-15-19.webm,2026-08-01 08:15:00+05:30,2026-08-01 12:15:00+05:30,2026-08-01,240,0.5939656267180777,81.8108648351661,3.6432583157833505,1.4878666666666667,0.4083890127199929
24,135.29,24.98,22.33,4.95,86.9,8.15,3.735,96.27,92.68,96.59,92.32,-1.06,-0.001689,0.044261,0.091,SIRMOUR_2026-08-01_09-45-02.webm,2026-08-01 09:45:00+05:30,2026-08-01 10:00:00+05:30,2026-08-01,15,0.7192073487670294,53.20776303899333,2.7308798166381125,0.930242,0.34063820543563406
24,135.29,24.98,22.33,4.95,86.9,8.15,3.735,96.27,92.68,96.59,92.32,-1.06,-0.001689,0.044261,0.091,SIRMOUR_2026-08-01_09-45-02.webm,2026-08-01 09:45:00+05:30,2026-08-01 10:15:00+05:30,2026-08-01,30,0.7192073487670294,56.610289085892894,2.8937724864412964,0.8991466666666668,0.31071781588898145
24,135.29,24.98,22.33,4.95,86.9,8.15,3.735,96.27,92.68,96.59,92.32,-1.06,-0.001689,0.044261,0.091,SIRMOUR_2026-08-01_09-45-02.webm,2026-08-01 09:45:00+05:30,2026-08-01 10:30:00+05:30,2026-08-01,45,0.7192073487670294,60.00398112226608,3.0430534310476105,1.0038433333333336,0.3298802850752928
24,135.29,24.98,22.33,4.95,86.9,8.15,3.735,96.27,92.68,96.59,92.32,-1.06,-0.001689,0.044261,0.091,SIRMOUR_2026-08-01_09-45-02.webm,2026-08-01 09:45:00+05:30,2026-08-01 10:45:00+05:30,2026-08-01,60,0.7192073487670294,63.38270394881626,3.177798346965565,1.215633333333333,0.3825394819322391
24,135.29,24.98,22.33,4.95,86.9,8.15,3.735,96.27,92.68,96.59,92.32,-1.06,-0.001689,0.044261,0.091,SIRMOUR_2026-08-01_09-45-02.webm,2026-08-01 09:45:00+05:30,2026-08-01 11:00:00+05:30,2026-08-01,75,0.7192073487670294,66.73722011583563,3.297198955806637,2.4086220000000003,0.7305055085493765
24,135.29,24.98,22.33,4.95,86.9,8.15,3.735,96.27,92.68,96.59,92.32,-1.06,-0.001689,0.044261,0.091,SIRMOUR_2026-08-01_09-45-02.webm,2026-08-01 09:45:00+05:30,2026-08-01 11:15:00+05:30,2026-08-01,90,0.7192073487670294,70.05261999740333,3.4005570491528365,3.8754753333333327,1.1396589668445087
24,135.29,24.98,22.33,4.95,86.9,8.15,3.735,96.27,92.68,96.59,92.32,-1.06,-0.001689,0.044261,0.091,SIRMOUR_2026-08-01_09-45-02.webm,2026-08-01 09:45:00+05:30,2026-08-01 11:30:00+05:30,2026-08-01,105,0.7192073487670294,73.3028918652306,3.4872803935728904,1.9368786666666664,0.5554123695462981
24,135.29,24.98,22.33,4.95,86.9,8.15,3.735,96.27,92.68,96.59,92.32,-1.06,-0.001689,0.044261,0.091,SIRMOUR_2026-08-01_09-45-02.webm,2026-08-01 09:45:00+05:30,2026-08-01 11:45:00+05:30,2026-08-01,120,0.7192073487670294,76.43841415346876,3.5568799977948093,2.768462,0.778340006330376
24,135.29,24.98,22.33,4.95,86.9,8.15,3.735,96.27,92.68,96.59,92.32,-1.06,-0.001689,0.044261,0.091,SIRMOUR_2026-08-01_09-45-02.webm,2026-08-01 09:45:00+05:30,2026-08-01 12:00:00+05:30,2026-08-01,135,0.7192073487670294,79.35456812885447,3.608968320263445,2.016720666666667,0.5588080824492945
24,135.29,24.98,22.33,4.95,86.9,8.15,3.735,96.27,92.68,96.59,92.32,-1.06,-0.001689,0.044261,0.091,SIRMOUR_2026-08-01_09-45-02.webm,2026-08-01 09:45:00+05:30,2026-08-01 12:15:00+05:30,2026-08-01,150,0.7192073487670294,81.8108648351661,3.6432583157833505,1.4878666666666667,0.4083890127199929
24,135.29,24.98,22.33,4.95,86.9,8.15,3.735,96.27,92.68,96.59,92.32,-1.06,-0.001689,0.044261,0.091,SIRMOUR_2026-08-01_09-45-02.webm,2026-08-01 09:45:00+05:30,2026-08-01 12:30:00+05:30,2026-08-01,165,0.7192073487670294,83.28025928447275,3.6595631878695665,2.965456666666667,0.8103307729447958
24,135.29,24.98,22.33,4.95,86.9,8.15,3.735,96.27,92.68,96.59,92.32,-1.06,-0.001689,0.044261,0.091,SIRMOUR_2026-08-01_09-45-02.webm,2026-08-01 09:45:00+05:30,2026-08-01 12:45:00+05:30,2026-08-01,180,0.7192073487670294,83.09941269147285,3.657795370269786,2.858487333333333,0.7814781976506524
24,135.29,24.98,22.33,4.95,86.9,8.15,3.735,96.27,92.68,96.59,92.32,-1.06,-0.001689,0.044261,0.091,SIRMOUR_2026-08-01_09-45-02.webm,2026-08-01 09:45:00+05:30,2026-08-01 13:00:00+05:30,2026-08-01,195,0.7192073487670294,81.37148223799345,3.6379632912741204,1.4173986666666667,0.3896132404816687
24,135.29,24.98,22.33,4.95,86.9,8.15,3.735,96.27,92.68,96.59,92.32,-1.06,-0.001689,0.044261,0.091,SIRMOUR_2026-08-01_09-45-02.webm,2026-08-01 09:45:00+05:30,2026-08-01 13:15:00+05:30,2026-08-01,210,0.7192073487670294,78.79106412877584,3.6001719815921587,1.5157153333333335,0.42101192417563776
24,135.29,24.98,22.33,4.95,86.9,8.15,3.735,96.27,92.68,96.59,92.32,-1.06,-0.001689,0.044261,0.091,SIRMOUR_2026-08-01_09-45-02.webm,2026-08-01 09:45:00+05:30,2026-08-01 13:30:00+05:30,2026-08-01,225,0.7192073487670294,75.81704086274176,3.5446261308540508,2.989082666666667,0.8432716332614945
24,135.29,24.98,22.33,4.95,86.9,8.15,3.735,96.27,92.68,96.59,92.32,-1.06,-0.001689,0.044261,0.091,SIRMOUR_2026-08-01_09-45-02.webm,2026-08-01 09:45:00+05:30,2026-08-01 13:45:00+05:30,2026-08-01,240,0.7192073487670294,72.65190347726504,3.471630725089868,2.837057333333333,0.8172117249768528
24,135.35,24.97,22.42,4.93,86.87,8.2,3.84,96.27,92.86,96.96,92.14,-1.02,-0.000194,0.050211,0.127291,SIRMOUR_2026-08-01_11-15-30.webm,2026-08-01 11:15:00+05:30,2026-08-01 11:30:00+05:30,2026-08-01,15,0.6456460606003542,73.3028918652306,3.4872803935728904,1.9368786666666664,0.5554123695462981
24,135.35,24.97,22.42,4.93,86.87,8.2,3.84,96.27,92.86,96.96,92.14,-1.02,-0.000194,0.050211,0.127291,SIRMOUR_2026-08-01_11-15-30.webm,2026-08-01 11:15:00+05:30,2026-08-01 11:45:00+05:30,2026-08-01,30,0.6456460606003542,76.43841415346876,3.5568799977948093,2.768462,0.778340006330376
24,135.35,24.97,22.42,4.93,86.87,8.2,3.84,96.27,92.86,96.96,92.14,-1.02,-0.000194,0.050211,0.127291,SIRMOUR_2026-08-01_11-15-30.webm,2026-08-01 11:15:00+05:30,2026-08-01 12:00:00+05:30,2026-08-01,45,0.6456460606003542,79.35456812885447,3.608968320263445,2.016720666666667,0.5588080824492945
24,135.35,24.97,22.42,4.93,86.87,8.2,3.84,96.27,92.86,96.96,92.14,-1.02,-0.000194,0.050211,0.127291,SIRMOUR_2026-08-01_11-15-30.webm,2026-08-01 11:15:00+05:30,2026-08-01 12:15:00+05:30,2026-08-01,60,0.6456460606003542,81.8108648351661,3.6432583157833505,1.4878666666666667,0.4083890127199929
24,135.35,24.97,22.42,4.93,86.87,8.2,3.84,96.27,92.86,96.96,92.14,-1.02,-0.000194,0.050211,0.127291,SIRMOUR_2026-08-01_11-15-30.webm,2026-08-01 11:15:00+05:30,2026-08-01 12:30:00+05:30,2026-08-01,75,0.6456460606003542,83.28025928447275,3.6595631878695665,2.965456666666667,0.8103307729447958
24,135.35,24.97,22.42,4.93,86.87,8.2,3.84,96.27,92.86,96.96,92.14,-1.02,-0.000194,0.050211,0.127291,SIRMOUR_2026-08-01_11-15-30.webm,2026-08-01 11:15:00+05:30,2026-08-01 12:45:00+05:30,2026-08-01,90,0.6456460606003542,83.09941269147285,3.657795370269786,2.858487333333333,0.7814781976506524
24,135.35,24.97,22.42,4.93,86.87,8.2,3.84,96.27,92.86,96.96,92.14,-1.02,-0.000194,0.050211,0.127291,SIRMOUR_2026-08-01_11-15-30.webm,2026-08-01 11:15:00+05:30,2026-08-01 13:00:00+05:30,2026-08-01,105,0.6456460606003542,81.37148223799345,3.6379632912741204,1.4173986666666667,0.3896132404816687
24,135.35,24.97,22.42,4.93,86.87,8.2,3.84,96.27,92.86,96.96,92.14,-1.02,-0.000194,0.050211,0.127291,SIRMOUR_2026-08-01_11-15-30.webm,2026-08-01 11:15:00+05:30,2026-08-01 13:15:00+05:30,2026-08-01,120,0.6456460606003542,78.79106412877584,3.6001719815921587,1.5157153333333335,0.42101192417563776
24,135.35,24.97,22.42,4.93,86.87,8.2,3.84,96.27,92.86,96.96,92.14,-1.02,-0.000194,0.050211,0.127291,SIRMOUR_2026-08-01_11-15-30.webm,2026-08-01 11:15:00+05:30,2026-08-01 13:30:00+05:30,2026-08-01,135,0.6456460606003542,75.81704086274176,3.5446261308540508,2.989082666666667,0.8432716332614945
24,135.35,24.97,22.42,4.93,86.87,8.2,3.84,96.27,92.86,96.96,92.14,-1.02,-0.000194,0.050211,0.127291,SIRMOUR_2026-08-01_11-15-30.webm,2026-08-01 11:15:00+05:30,2026-08-01 13:45:00+05:30,2026-08-01,150,0.6456460606003542,72.65190347726504,3.471630725089868,2.837057333333333,0.8172117249768528
24,135.35,24.97,22.42,4.93,86.87,8.2,3.84,96.27,92.86,96.96,92.14,-1.02,-0.000194,0.050211,0.127291,SIRMOUR_2026-08-01_11-15-30.webm,2026-08-01 11:15:00+05:30,2026-08-01 14:00:00+05:30,2026-08-01,165,0.6456460606003542,69.38489803241356,3.381591401116764,1.6993633333333338,0.5025336096998952
24,135.35,24.97,22.42,4.93,86.87,8.2,3.84,96.27,92.86,96.96,92.14,-1.02,-0.000194,0.050211,0.127291,SIRMOUR_2026-08-01_11-15-30.webm,2026-08-01 11:15:00+05:30,2026-08-01 14:15:00+05:30,2026-08-01,180,0.6456460606003542,66.05923277066407,3.2750155695897956,1.1125906666666667,0.3397207259097158
24,135.35,24.97,22.42,4.93,86.87,8.2,3.84,96.27,92.86,96.96,92.14,-1.02,-0.000194,0.050211,0.127291,SIRMOUR_2026-08-01_11-15-30.webm,2026-08-01 11:15:00+05:30,2026-08-01 14:30:00+05:30,2026-08-01,195,0.6456460606003542,62.697992451883366,3.1525143956809134,1.5036133333333337,0.47695684923543935
24,135.35,24.97,22.42,4.93,86.87,8.2,3.84,96.27,92.86,96.96,92.14,-1.02,-0.000194,0.050211,0.127291,SIRMOUR_2026-08-01_11-15-30.webm,2026-08-01 11:15:00+05:30,2026-08-01 14:45:00+05:30,2026-08-01,210,0.6456460606003542,59.31462830515857,3.01480577371235,1.3750239999999998,0.4560904095346854
24,135.35,24.97,22.42,4.93,86.87,8.2,3.84,96.27,92.86,96.96,92.14,-1.02,-0.000194,0.050211,0.127291,SIRMOUR_2026-08-01_11-15-30.webm,2026-08-01 11:15:00+05:30,2026-08-01 15:00:00+05:30,2026-08-01,225,0.6456460606003542,55.91759495158483,2.8627187565928867,1.620392,0.5660325507939652
24,135.35,24.97,22.42,4.93,86.87,8.2,3.84,96.27,92.86,96.96,92.14,-1.02,-0.000194,0.050211,0.127291,SIRMOUR_2026-08-01_11-15-30.webm,2026-08-01 11:15:00+05:30,2026-08-01 15:15:00+05:30,2026-08-01,240,0.6456460606003542,52.51258118588698,2.6971999808743985,2.051257333333333,0.7605136244544763
24,134.96,25.05,22.23,4.86,87.0,8.14,3.613,95.99,93.03,96.68,92.32,-1.06,0.000773,0.03364,0.082631,SIRMOUR_2026-08-01_12-45-21.webm,2026-08-01 12:45:00+05:30,2026-08-01 13:00:00+05:30,2026-08-01,15,0.639751516441184,81.37148223799345,3.6379632912741204,1.4173986666666667,0.3896132404816687
24,134.96,25.05,22.23,4.86,87.0,8.14,3.613,95.99,93.03,96.68,92.32,-1.06,0.000773,0.03364,0.082631,SIRMOUR_2026-08-01_12-45-21.webm,2026-08-01 12:45:00+05:30,2026-08-01 13:15:00+05:30,2026-08-01,30,0.639751516441184,78.79106412877584,3.6001719815921587,1.5157153333333335,0.42101192417563776
24,134.96,25.05,22.23,4.86,87.0,8.14,3.613,95.99,93.03,96.68,92.32,-1.06,0.000773,0.03364,0.082631,SIRMOUR_2026-08-01_12-45-21.webm,2026-08-01 12:45:00+05:30,2026-08-01 13:30:00+05:30,2026-08-01,45,0.639751516441184,75.81704086274176,3.5446261308540508,2.989082666666667,0.8432716332614945
24,134.96,25.05,22.23,4.86,87.0,8.14,3.613,95.99,93.03,96.68,92.32,-1.06,0.000773,0.03364,0.082631,SIRMOUR_2026-08-01_12-45-21.webm,2026-08-01 12:45:00+05:30,2026-08-01 13:45:00+05:30,2026-08-01,60,0.639751516441184,72.65190347726504,3.471630725089868,2.837057333333333,0.8172117249768528
24,134.96,25.05,22.23,4.86,87.0,8.14,3.613,95.99,93.03,96.68,92.32,-1.06,0.000773,0.03364,0.082631,SIRMOUR_2026-08-01_12-45-21.webm,2026-08-01 12:45:00+05:30,2026-08-01 14:00:00+05:30,2026-08-01,75,0.639751516441184,69.38489803241356,3.381591401116764,1.6993633333333338,0.5025336096998952
24,134.96,25.05,22.23,4.86,87.0,8.14,3.613,95.99,93.03,96.68,92.32,-1.06,0.000773,0.03364,0.082631,SIRMOUR_2026-08-01_12-45-21.webm,2026-08-01 12:45:00+05:30,2026-08-01 14:15:00+05:30,2026-08-01,90,0.639751516441184,66.05923277066407,3.2750155695897956,1.1125906666666667,0.3397207259097158
24,134.96,25.05,22.23,4.86,87.0,8.14,3.613,95.99,93.03,96.68,92.32,-1.06,0.000773,0.03364,0.082631,SIRMOUR_2026-08-01_12-45-21.webm,2026-08-01 12:45:00+05:30,2026-08-01 14:30:00+05:30,2026-08-01,105,0.639751516441184,62.697992451883366,3.1525143956809134,1.5036133333333337,0.47695684923543935
24,134.96,25.05,22.23,4.86,87.0,8.14,3.613,95.99,93.03,96.68,92.32,-1.06,0.000773,0.03364,0.082631,SIRMOUR_2026-08-01_12-45-21.webm,2026-08-01 12:45:00+05:30,2026-08-01 14:45:00+05:30,2026-08-01,120,0.639751516441184,59.31462830515857,3.01480577371235,1.3750239999999998,0.4560904095346854
24,134.96,25.05,22.23,4.86,87.0,8.14,3.613,95.99,93.03,96.68,92.32,-1.06,0.000773,0.03364,0.082631,SIRMOUR_2026-08-01_12-45-21.webm,2026-08-01 12:45:00+05:30,2026-08-01 15:00:00+05:30,2026-08-01,135,0.639751516441184,55.91759495158483,2.8627187565928867,1.620392,0.5660325507939652
24,134.96,25.05,22.23,4.86,87.0,8.14,3.613,95.99,93.03,96.68,92.32,-1.06,0.000773,0.03364,0.082631,SIRMOUR_2026-08-01_12-45-21.webm,2026-08-01 12:45:00+05:30,2026-08-01 15:15:00+05:30,2026-08-01,150,0.639751516441184,52.51258118588698,2.6971999808743985,2.051257333333333,0.7605136244544763
24,134.96,25.05,22.23,4.86,87.0,8.14,3.613,95.99,93.03,96.68,92.32,-1.06,0.000773,0.03364,0.082631,SIRMOUR_2026-08-01_12-45-21.webm,2026-08-01 12:45:00+05:30,2026-08-01 15:30:00+05:30,2026-08-01,165,0.639751516441184,49.10366489277988,2.519322834968125,0.8771079999999999,0.34815228434632006
24,134.96,25.05,22.23,4.86,87.0,8.14,3.613,95.99,93.03,96.68,92.32,-1.06,0.000773,0.03364,0.082631,SIRMOUR_2026-08-01_12-45-21.webm,2026-08-01 12:45:00+05:30,2026-08-01 15:45:00+05:30,2026-08-01,180,0.639751516441184,45.69395283193317,2.330300684020219,0.245908,0.10552629610688745
24,134.96,25.05,22.23,4.86,87.0,8.14,3.613,95.99,93.03,96.68,92.32,-1.06,0.000773,0.03364,0.082631,SIRMOUR_2026-08-01_12-45-21.webm,2026-08-01 12:45:00+05:30,2026-08-01 16:00:00+05:30,2026-08-01,195,0.639751516441184,42.28595632429321,2.1315058378718117,0.3106333333333333,0.14573421654030427
24,134.96,25.05,22.23,4.86,87.0,8.14,3.613,95.99,93.03,96.68,92.32,-1.06,0.000773,0.03364,0.082631,SIRMOUR_2026-08-01_12-45-21.webm,2026-08-01 12:45:00+05:30,2026-08-01 16:15:00+05:30,2026-08-01,210,0.639751516441184,38.8818237620518,1.9244967277904572,0.4781226666666667,0.24844036353109641
24,134.96,25.05,22.23,4.86,87.0,8.14,3.613,95.99,93.03,96.68,92.32,-1.06,0.000773,0.03364,0.082631,SIRMOUR_2026-08-01_12-45-21.webm,2026-08-01 12:45:00+05:30,2026-08-01 16:30:00+05:30,2026-08-01,225,0.639751516441184,35.48349599160545,1.7110572486108586,0.6776833333333333,0.3960611685456569
24,134.96,25.05,22.23,4.86,87.0,8.14,3.613,95.99,93.03,96.68,92.32,-1.06,0.000773,0.03364,0.082631,SIRMOUR_2026-08-01_12-45-21.webm,2026-08-01 12:45:00+05:30,2026-08-01 16:45:00+05:30,2026-08-01,240,0.639751516441184,32.092818471837816,1.4932539032230692,0.8072126666666665,0.5405729493988681
24,135.86,24.87,23.31,5.04,86.63,8.33,4.048,97.29,93.92,98.8,92.41,-0.57,0.00058,0.064082,0.274623,SIRMOUR_2026-08-01_14-15-22.webm,2026-08-01 14:15:00+05:30,2026-08-01 14:30:00+05:30,2026-08-01,15,0.6256844234619895,62.697992451883366,3.1525143956809134,1.5036133333333337,0.47695684923543935
24,135.86,24.87,23.31,5.04,86.63,8.33,4.048,97.29,93.92,98.8,92.41,-0.57,0.00058,0.064082,0.274623,SIRMOUR_2026-08-01_14-15-22.webm,2026-08-01 14:15:00+05:30,2026-08-01 14:45:00+05:30,2026-08-01,30,0.6256844234619895,59.31462830515857,3.01480577371235,1.3750239999999998,0.4560904095346854
24,135.86,24.87,23.31,5.04,86.63,8.33,4.048,97.29,93.92,98.8,92.41,-0.57,0.00058,0.064082,0.274623,SIRMOUR_2026-08-01_14-15-22.webm,2026-08-01 14:15:00+05:30,2026-08-01 15:00:00+05:30,2026-08-01,45,0.6256844234619895,55.91759495158483,2.8627187565928867,1.620392,0.5660325507939652
24,135.86,24.87,23.31,5.04,86.63,8.33,4.048,97.29,93.92,98.8,92.41,-0.57,0.00058,0.064082,0.274623,SIRMOUR_2026-08-01_14-15-22.webm,2026-08-01 14:15:00+05:30,2026-08-01 15:15:00+05:30,2026-08-01,60,0.6256844234619895,52.51258118588698,2.6971999808743985,2.051257333333333,0.7605136244544763
24,135.86,24.87,23.31,5.04,86.63,8.33,4.048,97.29,93.92,98.8,92.41,-0.57,0.00058,0.064082,0.274623,SIRMOUR_2026-08-01_14-15-22.webm,2026-08-01 14:15:00+05:30,2026-08-01 15:30:00+05:30,2026-08-01,75,0.6256844234619895,49.10366489277988,2.519322834968125,0.8771079999999999,0.34815228434632006
24,135.86,24.87,23.31,5.04,86.63,8.33,4.048,97.29,93.92,98.8,92.41,-0.57,0.00058,0.064082,0.274623,SIRMOUR_2026-08-01_14-15-22.webm,2026-08-01 14:15:00+05:30,2026-08-01 15:45:00+05:30,2026-08-01,90,0.6256844234619895,45.69395283193317,2.330300684020219,0.245908,0.10552629610688745
24,135.86,24.87,23.31,5.04,86.63,8.33,4.048,97.29,93.92,98.8,92.41,-0.57,0.00058,0.064082,0.274623,SIRMOUR_2026-08-01_14-15-22.webm,2026-08-01 14:15:00+05:30,2026-08-01 16:00:00+05:30,2026-08-01,105,0.6256844234619895,42.28595632429321,2.1315058378718117,0.3106333333333333,0.14573421654030427
24,135.86,24.87,23.31,5.04,86.63,8.33,4.048,97.29,93.92,98.8,92.41,-0.57,0.00058,0.064082,0.274623,SIRMOUR_2026-08-01_14-15-22.webm,2026-08-01 14:15:00+05:30,2026-08-01 16:15:00+05:30,2026-08-01,120,0.6256844234619895,38.8818237620518,1.9244967277904572,0.4781226666666667,0.24844036353109641
24,135.86,24.87,23.31,5.04,86.63,8.33,4.048,97.29,93.92,98.8,92.41,-0.57,0.00058,0.064082,0.274623,SIRMOUR_2026-08-01_14-15-22.webm,2026-08-01 14:15:00+05:30,2026-08-01 16:30:00+05:30,2026-08-01,135,0.6256844234619895,35.48349599160545,1.7110572486108586,0.6776833333333333,0.3960611685456569
24,135.86,24.87,23.31,5.04,86.63,8.33,4.048,97.29,93.92,98.8,92.41,-0.57,0.00058,0.064082,0.274623,SIRMOUR_2026-08-01_14-15-22.webm,2026-08-01 14:15:00+05:30,2026-08-01 16:45:00+05:30,2026-08-01,150,0.6256844234619895,32.092818471837816,1.4932539032230692,0.8072126666666665,0.5405729493988681
24,135.86,24.87,23.31,5.04,86.63,8.33,4.048,97.29,93.92,98.8,92.41,-0.57,0.00058,0.064082,0.274623,SIRMOUR_2026-08-01_14-15-22.webm,2026-08-01 14:15:00+05:30,2026-08-01 17:00:00+05:30,2026-08-01,165,0.6256844234619895,28.711630943223657,1.2735192247845428,0.667704,0.5242983278190902
24,135.86,24.87,23.31,5.04,86.63,8.33,4.048,97.29,93.92,98.8,92.41,-0.57,0.00058,0.064082,0.274623,SIRMOUR_2026-08-01_14-15-22.webm,2026-08-01 14:15:00+05:30,2026-08-01 17:15:00+05:30,2026-08-01,180,0.6256844234619895,25.3418546801154,1.0547743485357293,0.4119986666666667,0.39060360847665293
24,135.86,24.87,23.31,5.04,86.63,8.33,4.048,97.29,93.92,98.8,92.41,-0.57,0.00058,0.064082,0.274623,SIRMOUR_2026-08-01_14-15-22.webm,2026-08-01 14:15:00+05:30,2026-08-01 17:30:00+05:30,2026-08-01,195,0.6256844234619895,21.985595784577466,0.8406085810595062,0.17056066666666667,0.20290141037067616
24,135.86,24.87,23.31,5.04,86.63,8.33,4.048,97.29,93.92,98.8,92.41,-0.57,0.00058,0.064082,0.274623,SIRMOUR_2026-08-01_14-15-22.webm,2026-08-01 14:15:00+05:30,2026-08-01 17:45:00+05:30,2026-08-01,210,0.6256844234619895,18.645297117190168,0.6355377085852315,0.31583000000000006,0.4969492694667453
24,135.86,24.87,23.31,5.04,86.63,8.33,4.048,97.29,93.92,98.8,92.41,-0.57,0.00058,0.064082,0.274623,SIRMOUR_2026-08-01_14-15-22.webm,2026-08-01 14:15:00+05:30,2026-08-01 18:00:00+05:30,2026-08-01,225,0.6256844234619895,15.32401877339224,0.4453545830748899,0.33984800000000004,0.7630953242999453
24,135.86,24.87,23.31,5.04,86.63,8.33,4.048,97.29,93.92,98.8,92.41,-0.57,0.00058,0.064082,0.274623,SIRMOUR_2026-08-01_14-15-22.webm,2026-08-01 14:15:00+05:30,2026-08-01 18:15:00+05:30,2026-08-01,240,0.6256844234619895,12.026058874911367,0.2775255652822417,0.24908533333333327,0.897522118656042
24,135.07,25.03,22.21,4.98,86.91,8.11,3.709,96.08,92.59,96.41,92.23,-1.05,0.0,0.059673,0.21094,SIRMOUR_2026-08-01_15-45-05.webm,2026-08-01 15:45:00+05:30,2026-08-01 16:00:00+05:30,2026-08-01,15,0.44505618892541227,42.28595632429321,2.1315058378718117,0.3106333333333333,0.14573421654030427
24,135.07,25.03,22.21,4.98,86.91,8.11,3.709,96.08,92.59,96.41,92.23,-1.05,0.0,0.059673,0.21094,SIRMOUR_2026-08-01_15-45-05.webm,2026-08-01 15:45:00+05:30,2026-08-01 16:15:00+05:30,2026-08-01,30,0.44505618892541227,38.8818237620518,1.9244967277904572,0.4781226666666667,0.24844036353109641
24,135.07,25.03,22.21,4.98,86.91,8.11,3.709,96.08,92.59,96.41,92.23,-1.05,0.0,0.059673,0.21094,SIRMOUR_2026-08-01_15-45-05.webm,2026-08-01 15:45:00+05:30,2026-08-01 16:30:00+05:30,2026-08-01,45,0.44505618892541227,35.48349599160545,1.7110572486108586,0.6776833333333333,0.3960611685456569
24,135.07,25.03,22.21,4.98,86.91,8.11,3.709,96.08,92.59,96.41,92.23,-1.05,0.0,0.059673,0.21094,SIRMOUR_2026-08-01_15-45-05.webm,2026-08-01 15:45:00+05:30,2026-08-01 16:45:00+05:30,2026-08-01,60,0.44505618892541227,32.092818471837816,1.4932539032230692,0.8072126666666665,0.5405729493988681
24,135.07,25.03,22.21,4.98,86.91,8.11,3.709,96.08,92.59,96.41,92.23,-1.05,0.0,0.059673,0.21094,SIRMOUR_2026-08-01_15-45-05.webm,2026-08-01 15:45:00+05:30,2026-08-01 17:00:00+05:30,2026-08-01,75,0.44505618892541227,28.711630943223657,1.2735192247845428,0.667704,0.5242983278190902
24,135.07,25.03,22.21,4.98,86.91,8.11,3.709,96.08,92.59,96.41,92.23,-1.05,0.0,0.059673,0.21094,SIRMOUR_2026-08-01_15-45-05.webm,2026-08-01 15:45:00+05:30,2026-08-01 17:15:00+05:30,2026-08-01,90,0.44505618892541227,25.3418546801154,1.0547743485357293,0.4119986666666667,0.39060360847665293
24,135.07,25.03,22.21,4.98,86.91,8.11,3.709,96.08,92.59,96.41,92.23,-1.05,0.0,0.059673,0.21094,SIRMOUR_2026-08-01_15-45-05.webm,2026-08-01 15:45:00+05:30,2026-08-01 17:30:00+05:30,2026-08-01,105,0.44505618892541227,21.985595784577466,0.8406085810595062,0.17056066666666667,0.20290141037067616
24,135.07,25.03,22.21,4.98,86.91,8.11,3.709,96.08,92.59,96.41,92.23,-1.05,0.0,0.059673,0.21094,SIRMOUR_2026-08-01_15-45-05.webm,2026-08-01 15:45:00+05:30,2026-08-01 17:45:00+05:30,2026-08-01,120,0.44505618892541227,18.645297117190168,0.6355377085852315,0.31583000000000006,0.4969492694667453
24,135.07,25.03,22.21,4.98,86.91,8.11,3.709,96.08,92.59,96.41,92.23,-1.05,0.0,0.059673,0.21094,SIRMOUR_2026-08-01_15-45-05.webm,2026-08-01 15:45:00+05:30,2026-08-01 18:00:00+05:30,2026-08-01,135,0.44505618892541227,15.32401877339224,0.4453545830748899,0.33984800000000004,0.7630953242999453
24,135.07,25.03,22.21,4.98,86.91,8.11,3.709,96.08,92.59,96.41,92.23,-1.05,0.0,0.059673,0.21094,SIRMOUR_2026-08-01_15-45-05.webm,2026-08-01 15:45:00+05:30,2026-08-01 18:15:00+05:30,2026-08-01,150,0.44505618892541227,12.026058874911367,0.2775255652822417,0.24908533333333327,0.897522118656042
24,135.07,25.03,22.21,4.98,86.91,8.11,3.709,96.08,92.59,96.41,92.23,-1.05,0.0,0.059673,0.21094,SIRMOUR_2026-08-01_15-45-05.webm,2026-08-01 15:45:00+05:30,2026-08-01 18:30:00+05:30,2026-08-01,165,0.44505618892541227,8.758620582262955,0.14137338642043976,0.10183533333333333,0.7203288816360276
24,135.07,25.03,22.21,4.98,86.91,8.11,3.709,96.08,92.59,96.41,92.23,-1.05,0.0,0.059673,0.21094,SIRMOUR_2026-08-01_15-45-05.webm,2026-08-01 15:45:00+05:30,2026-08-01 18:45:00+05:30,2026-08-01,180,0.44505618892541227,5.537468182917881,0.05113247744394169,0.07458500000000001,1.2
24,135.59,24.93,22.54,4.88,86.81,8.31,3.829,96.36,92.33,96.68,91.96,-0.96,0.000743,0.071529,0.269398,SIRMOUR_2026-08-02_06-45-05.webm,2026-08-02 06:45:00+05:30,2026-08-02 07:00:00+05:30,2026-08-02,15,0.17369901710009733,12.644948590782409,0.30782221523013736,0.04930866666666667,0.16018553641361455
24,135.59,24.93,22.54,4.88,86.81,8.31,3.829,96.36,92.33,96.68,91.96,-0.96,0.000743,0.071529,0.269398,SIRMOUR_2026-08-02_06-45-05.webm,2026-08-02 06:45:00+05:30,2026-08-02 07:15:00+05:30,2026-08-02,30,0.17369901710009733,15.947899857201651,0.4809247070188768,0.11209666666666668,0.23308568894603862
24,135.59,24.93,22.54,4.88,86.81,8.31,3.829,96.36,92.33,96.68,91.96,-0.96,0.000743,0.071529,0.269398,SIRMOUR_2026-08-02_06-45-05.webm,2026-08-02 06:45:00+05:30,2026-08-02 07:30:00+05:30,2026-08-02,45,0.17369901710009733,19.27316940924459,0.6748243906266416,0.12414266666666665,0.1839629218964475
24,135.59,24.93,22.54,4.88,86.81,8.31,3.829,96.36,92.33,96.68,91.96,-0.96,0.000743,0.071529,0.269398,SIRMOUR_2026-08-02_06-45-05.webm,2026-08-02 06:45:00+05:30,2026-08-02 07:45:00+05:30,2026-08-02,60,0.17369901710009733,22.61675577727614,0.8823858081078593,0.2532466666666667,0.287002198289788
24,135.59,24.93,22.54,4.88,86.81,8.31,3.829,96.36,92.33,96.68,91.96,-0.96,0.000743,0.071529,0.269398,SIRMOUR_2026-08-02_06-45-05.webm,2026-08-02 06:45:00+05:30,2026-08-02 08:00:00+05:30,2026-08-02,75,0.17369901710009733,25.97572965533601,1.0980830675349809,0.45709600000000006,0.4162672328843999
24,135.59,24.93,22.54,4.88,86.81,8.31,3.829,96.36,92.33,96.68,91.96,-0.96,0.000743,0.071529,0.269398,SIRMOUR_2026-08-02_06-45-05.webm,2026-08-02 06:45:00+05:30,2026-08-02 08:15:00+05:30,2026-08-02,90,0.17369901710009733,29.34770591169384,1.3175975578469163,0.3918106666666666,0.2973674809377483
24,135.59,24.93,22.54,4.88,86.81,8.31,3.829,96.36,92.33,96.68,91.96,-0.96,0.000743,0.071529,0.269398,SIRMOUR_2026-08-02_06-45-05.webm,2026-08-02 06:45:00+05:30,2026-08-02 08:30:00+05:30,2026-08-02,105,0.17369901710009733,32.730595678415625,1.5374824557710902,0.4730526666666667,0.3076800420655321
24,135.59,24.93,22.54,4.88,86.81,8.31,3.829,96.36,92.33,96.68,91.96,-0.96,0.000743,0.071529,0.269398,SIRMOUR_2026-08-02_06-45-05.webm,2026-08-02 06:45:00+05:30,2026-08-02 08:45:00+05:30,2026-08-02,120,0.17369901710009733,36.12246601087211,1.7549201612824277,0.5502846666666665,0.3135667814452253
24,135.59,24.93,22.54,4.88,86.81,8.31,3.829,96.36,92.33,96.68,91.96,-0.96,0.000743,0.071529,0.269398,SIRMOUR_2026-08-02_06-45-05.webm,2026-08-02 06:45:00+05:30,2026-08-02 09:00:00+05:30,2026-08-02,135,0.17369901710009733,39.52143911176591,1.9675547982478352,0.5563553333333334,0.2827648479365271
24,135.59,24.93,22.54,4.88,86.81,8.31,3.829,96.36,92.33,96.68,91.96,-0.96,0.000743,0.071529,0.269398,SIRMOUR_2026-08-02_06-45-05.webm,2026-08-02 06:45:00+05:30,2026-08-02 09:15:00+05:30,2026-08-02,150,0.17369901710009733,42.92560221220491,2.173378113130745,0.744876,0.34272729420607273
24,135.59,24.93,22.54,4.88,86.81,8.31,3.829,96.36,92.33,96.68,91.96,-0.96,0.000743,0.071529,0.269398,SIRMOUR_2026-08-02_06-45-05.webm,2026-08-02 06:45:00+05:30,2026-08-02 09:30:00+05:30,2026-08-02,165,0.17369901710009733,46.332910224481644,2.3706518311472204,0.9039613333333334,0.3813134098632623
24,135.59,24.93,22.54,4.88,86.81,8.31,3.829,96.36,92.33,96.68,91.96,-0.96,0.000743,0.071529,0.269398,SIRMOUR_2026-08-02_06-45-05.webm,2026-08-02 06:45:00+05:30,2026-08-02 09:45:00+05:30,2026-08-02,180,0.17369901710009733,49.741059798542786,2.5578544324078707,0.7299099999999998,0.2853602577035196
24,135.59,24.93,22.54,4.88,86.81,8.31,3.829,96.36,92.33,96.68,91.96,-0.96,0.000743,0.071529,0.269398,SIRMOUR_2026-08-02_06-45-05.webm,2026-08-02 06:45:00+05:30,2026-08-02 10:00:00+05:30,2026-08-02,195,0.17369901710009733,53.147310768905506,2.7336444819872705,0.6254686666666669,0.22880395413085008
24,135.59,24.93,22.54,4.88,86.81,8.31,3.829,96.36,92.33,96.68,91.96,-0.96,0.000743,0.071529,0.269398,SIRMOUR_2026-08-02_06-45-05.webm,2026-08-02 06:45:00+05:30,2026-08-02 10:15:00+05:30,2026-08-02,210,0.17369901710009733,56.54821451124853,2.8968352884839046,0.8798726666666666,0.30373582860044457
24,135.59,24.93,22.54,4.88,86.81,8.31,3.829,96.36,92.33,96.68,91.96,-0.96,0.000743,0.071529,0.269398,SIRMOUR_2026-08-02_06-45-05.webm,2026-08-02 06:45:00+05:30,2026-08-02 10:30:00+05:30,2026-08-02,225,0.17369901710009733,59.939170204744755,3.046377210191629,0.98434,0.323118226038095
24,135.59,24.93,22.54,4.88,86.81,8.31,3.829,96.36,92.33,96.68,91.96,-0.96,0.000743,0.071529,0.269398,SIRMOUR_2026-08-02_06-45-05.webm,2026-08-02 06:45:00+05:30,2026-08-02 10:45:00+05:30,2026-08-02,240,0.17369901710009733,63.3136614956834,3.181345322574466,1.1919806666666668,0.37467817725051944
24,135.12,25.02,22.29,4.96,86.87,8.17,3.644,96.36,92.77,96.77,92.32,-1.12,0.00051,0.033135,0.046275,SIRMOUR_2026-08-02_08-15-11.webm,2026-08-02 08:15:00+05:30,2026-08-02 08:30:00+05:30,2026-08-02,15,0.2961499585020959,32.730595678415625,1.5374824557710902,0.4730526666666667,0.3076800420655321
24,135.12,25.02,22.29,4.96,86.87,8.17,3.644,96.36,92.77,96.77,92.32,-1.12,0.00051,0.033135,0.046275,SIRMOUR_2026-08-02_08-15-11.webm,2026-08-02 08:15:00+05:30,2026-08-02 08:45:00+05:30,2026-08-02,30,0.2961499585020959,36.12246601087211,1.7549201612824277,0.5502846666666665,0.3135667814452253
24,135.12,25.02,22.29,4.96,86.87,8.17,3.644,96.36,92.77,96.77,92.32,-1.12,0.00051,0.033135,0.046275,SIRMOUR_2026-08-02_08-15-11.webm,2026-08-02 08:15:00+05:30,2026-08-02 09:00:00+05:30,2026-08-02,45,0.2961499585020959,39.52143911176591,1.9675547982478352,0.5563553333333334,0.2827648479365271
24,135.12,25.02,22.29,4.96,86.87,8.17,3.644,96.36,92.77,96.77,92.32,-1.12,0.00051,0.033135,0.046275,SIRMOUR_2026-08-02_08-15-11.webm,2026-08-02 08:15:00+05:30,2026-08-02 09:15:00+05:30,2026-08-02,60,0.2961499585020959,42.92560221220491,2.173378113130745,0.744876,0.34272729420607273
24,135.12,25.02,22.29,4.96,86.87,8.17,3.644,96.36,92.77,96.77,92.32,-1.12,0.00051,0.033135,0.046275,SIRMOUR_2026-08-02_08-15-11.webm,2026-08-02 08:15:00+05:30,2026-08-02 09:30:00+05:30,2026-08-02,75,0.2961499585020959,46.332910224481644,2.3706518311472204,0.9039613333333334,0.3813134098632623
24,135.12,25.02,22.29,4.96,86.87,8.17,3.644,96.36,92.77,96.77,92.32,-1.12,0.00051,0.033135,0.046275,SIRMOUR_2026-08-02_08-15-11.webm,2026-08-02 08:15:00+05:30,2026-08-02 09:45:00+05:30,2026-08-02,90,0.2961499585020959,49.741059798542786,2.5578544324078707,0.7299099999999998,0.2853602577035196
24,135.12,25.02,22.29,4.96,86.87,8.17,3.644,96.36,92.77,96.77,92.32,-1.12,0.00051,0.033135,0.046275,SIRMOUR_2026-08-02_08-15-11.webm,2026-08-02 08:15:00+05:30,2026-08-02 10:00:00+05:30,2026-08-02,105,0.2961499585020959,53.147310768905506,2.7336444819872705,0.6254686666666669,0.22880395413085008
24,135.12,25.02,22.29,4.96,86.87,8.17,3.644,96.36,92.77,96.77,92.32,-1.12,0.00051,0.033135,0.046275,SIRMOUR_2026-08-02_08-15-11.webm,2026-08-02 08:15:00+05:30,2026-08-02 10:15:00+05:30,2026-08-02,120,0.2961499585020959,56.54821451124853,2.8968352884839046,0.8798726666666666,0.30373582860044457
24,135.12,25.02,22.29,4.96,86.87,8.17,3.644,96.36,92.77,96.77,92.32,-1.12,0.00051,0.033135,0.046275,SIRMOUR_2026-08-02_08-15-11.webm,2026-08-02 08:15:00+05:30,2026-08-02 10:30:00+05:30,2026-08-02,135,0.2961499585020959,59.939170204744755,3.046377210191629,0.98434,0.323118226038095
24,135.12,25.02,22.29,4.96,86.87,8.17,3.644,96.36,92.77,96.77,92.32,-1.12,0.00051,0.033135,0.046275,SIRMOUR_2026-08-02_08-15-11.webm,2026-08-02 08:15:00+05:30,2026-08-02 10:45:00+05:30,2026-08-02,150,0.2961499585020959,63.3136614956834,3.181345322574466,1.1919806666666668,0.37467817725051944
24,135.12,25.02,22.29,4.96,86.87,8.17,3.644,96.36,92.77,96.77,92.32,-1.12,0.00051,0.033135,0.046275,SIRMOUR_2026-08-02_08-15-11.webm,2026-08-02 08:15:00+05:30,2026-08-02 11:00:00+05:30,2026-08-02,165,0.2961499585020959,66.66186506853822,3.300930879722544,1.486316,0.4502717730717617
24,135.12,25.02,22.29,4.96,86.87,8.17,3.644,96.36,92.77,96.77,92.32,-1.12,0.00051,0.033135,0.046275,SIRMOUR_2026-08-02_08-15-11.webm,2026-08-02 08:15:00+05:30,2026-08-02 11:15:00+05:30,2026-08-02,180,0.2961499585020959,69.96793808359699,3.404435338518868,1.0287513333333331,0.30217972469434573
24,135.12,25.02,22.29,4.96,86.87,8.17,3.644,96.36,92.77,96.77,92.32,-1.12,0.00051,0.033135,0.046275,SIRMOUR_2026-08-02_08-15-11.webm,2026-08-02 08:15:00+05:30,2026-08-02 11:30:00+05:30,2026-08-02,195,0.2961499585020959,73.20432954162862,3.4912662530200964,1.4309413333333332,0.40986313550148373
24,135.12,25.02,22.29,4.96,86.87,8.17,3.644,96.36,92.77,96.77,92.32,-1.12,0.00051,0.033135,0.046275,SIRMOUR_2026-08-02_08-15-11.webm,2026-08-02 08:15:00+05:30,2026-08-02 11:45:00+05:30,2026-08-02,210,0.2961499585020959,76.31883446072533,3.5609345370968586,1.4391840000000005,0.40415907257125017
24,135.12,25.02,22.29,4.96,86.87,8.17,3.644,96.36,92.77,96.77,92.32,-1.12,0.00051,0.033135,0.046275,SIRMOUR_2026-08-02_08-15-11.webm,2026-08-02 08:15:00+05:30,2026-08-02 12:00:00+05:30,2026-08-02,225,0.2961499585020959,79.20278498741916,3.6130526708805966,1.6378559999999998,0.45331639175932936
24,135.12,25.02,22.29,4.96,86.87,8.17,3.644,96.36,92.77,96.77,92.32,-1.12,0.00051,0.033135,0.046275,SIRMOUR_2026-08-02_08-15-11.webm,2026-08-02 08:15:00+05:30,2026-08-02 12:15:00+05:30,2026-08-02,240,0.2961499585020959,81.61230127353593,3.647333738927979,1.5288286666666668,0.41916336044313257
24,135.26,24.99,22.38,4.97,86.9,8.13,3.854,96.36,92.59,96.77,92.14,-0.97,0.001334,0.029244,0.063551,SIRMOUR_2026-08-02_09-45-08.webm,2026-08-02 09:45:00+05:30,2026-08-02 10:00:00+05:30,2026-08-02,15,0.3230414524273454,53.147310768905506,2.7336444819872705,0.6254686666666669,0.22880395413085008
24,135.26,24.99,22.38,4.97,86.9,8.13,3.854,96.36,92.59,96.77,92.14,-0.97,0.001334,0.029244,0.063551,SIRMOUR_2026-08-02_09-45-08.webm,2026-08-02 09:45:00+05:30,2026-08-02 10:15:00+05:30,2026-08-02,30,0.3230414524273454,56.54821451124853,2.8968352884839046,0.8798726666666666,0.30373582860044457
24,135.26,24.99,22.38,4.97,86.9,8.13,3.854,96.36,92.59,96.77,92.14,-0.97,0.001334,0.029244,0.063551,SIRMOUR_2026-08-02_09-45-08.webm,2026-08-02 09:45:00+05:30,2026-08-02 10:30:00+05:30,2026-08-02,45,0.3230414524273454,59.939170204744755,3.046377210191629,0.98434,0.323118226038095
24,135.26,24.99,22.38,4.97,86.9,8.13,3.854,96.36,92.59,96.77,92.14,-0.97,0.001334,0.029244,0.063551,SIRMOUR_2026-08-02_09-45-08.webm,2026-08-02 09:45:00+05:30,2026-08-02 10:45:00+05:30,2026-08-02,60,0.3230414524273454,63.3136614956834,3.181345322574466,1.1919806666666668,0.37467817725051944
24,135.26,24.99,22.38,4.97,86.9,8.13,3.854,96.36,92.59,96.77,92.14,-0.97,0.001334,0.029244,0.063551,SIRMOUR_2026-08-02_09-45-08.webm,2026-08-02 09:45:00+05:30,2026-08-02 11:00:00+05:30,2026-08-02,75,0.3230414524273454,66.66186506853822,3.300930879722544,1.486316,0.4502717730717617
24,135.26,24.99,22.38,4.97,86.9,8.13,3.854,96.36,92.59,96.77,92.14,-0.97,0.001334,0.029244,0.063551,SIRMOUR_2026-08-02_09-45-08.webm,2026-08-02 09:45:00+05:30,2026-08-02 11:15:00+05:30,2026-08-02,90,0.3230414524273454,69.96793808359699,3.404435338518868,1.0287513333333331,0.30217972469434573
24,135.26,24.99,22.38,4.97,86.9,8.13,3.854,96.36,92.59,96.77,92.14,-0.97,0.001334,0.029244,0.063551,SIRMOUR_2026-08-02_09-45-08.webm,2026-08-02 09:45:00+05:30,2026-08-02 11:30:00+05:30,2026-08-02,105,0.3230414524273454,73.20432954162862,3.4912662530200964,1.4309413333333332,0.40986313550148373
24,135.26,24.99,22.38,4.97,86.9,8.13,3.854,96.36,92.59,96.77,92.14,-0.97,0.001334,0.029244,0.063551,SIRMOUR_2026-08-02_09-45-08.webm,2026-08-02 09:45:00+05:30,2026-08-02 11:45:00+05:30,2026-08-02,120,0.3230414524273454,76.31883446072533,3.5609345370968586,1.4391840000000005,0.40415907257125017
24,135.26,24.99,22.38,4.97,86.9,8.13,3.854,96.36,92.59,96.77,92.14,-0.97,0.001334,0.029244,0.063551,SIRMOUR_2026-08-02_09-45-08.webm,2026-08-02 09:45:00+05:30,2026-08-02 12:00:00+05:30,2026-08-02,135,0.3230414524273454,79.20278498741916,3.6130526708805966,1.6378559999999998,0.45331639175932936
24,135.26,24.99,22.38,4.97,86.9,8.13,3.854,96.36,92.59,96.77,92.14,-0.97,0.001334,0.029244,0.063551,SIRMOUR_2026-08-02_09-45-08.webm,2026-08-02 09:45:00+05:30,2026-08-02 12:15:00+05:30,2026-08-02,150,0.3230414524273454,81.61230127353593,3.647333738927979,1.5288286666666668,0.41916336044313257
24,135.26,24.99,22.38,4.97,86.9,8.13,3.854,96.36,92.59,96.77,92.14,-0.97,0.001334,0.029244,0.063551,SIRMOUR_2026-08-02_09-45-08.webm,2026-08-02 09:45:00+05:30,2026-08-02 12:30:00+05:30,2026-08-02,165,0.3230414524273454,83.03414992594249,3.6635911258063993,0.905468666666667,0.2471533082085853
24,135.26,24.99,22.38,4.97,86.9,8.13,3.854,96.36,92.59,96.77,92.14,-0.97,0.001334,0.029244,0.063551,SIRMOUR_2026-08-02_09-45-08.webm,2026-08-02 09:45:00+05:30,2026-08-02 12:45:00+05:30,2026-08-02,180,0.3230414524273454,82.85140854786366,3.661737449764287,1.0660686666666666,0.29113738526919547
24,135.26,24.99,22.38,4.97,86.9,8.13,3.854,96.36,92.59,96.77,92.14,-0.97,0.001334,0.029244,0.063551,SIRMOUR_2026-08-02_09-45-08.webm,2026-08-02 09:45:00+05:30,2026-08-02 13:00:00+05:30,2026-08-02,195,0.3230414524273454,81.16308053507004,3.6417815987007853,0.6293073333333334,0.17280205203899113
24,135.26,24.99,22.38,4.97,86.9,8.13,3.854,96.36,92.59,96.77,92.14,-0.97,0.001334,0.029244,0.063551,SIRMOUR_2026-08-02_09-45-08.webm,2026-08-02 09:45:00+05:30,2026-08-02 13:15:00+05:30,2026-08-02,210,0.3230414524273454,78.62128271452674,3.6038293006275417,0.761064,0.21118203347408115
24,135.26,24.99,22.38,4.97,86.9,8.13,3.854,96.36,92.59,96.77,92.14,-0.97,0.001334,0.029244,0.063551,SIRMOUR_2026-08-02_09-45-08.webm,2026-08-02 09:45:00+05:30,2026-08-02 13:30:00+05:30,2026-08-02,225,0.3230414524273454,75.67428128507831,3.5480859513517715,1.0875873333333332,0.30652789933653596
24,135.26,24.99,22.38,4.97,86.9,8.13,3.854,96.36,92.59,96.77,92.14,-0.97,0.001334,0.029244,0.063551,SIRMOUR_2026-08-02_09-45-08.webm,2026-08-02 09:45:00+05:30,2026-08-02 13:45:00+05:30,2026-08-02,240,0.3230414524273454,72.52712386490346,3.4748573137464054,0.4764960000000001,0.1371267816134492
24,135.23,24.99,22.36,4.91,86.84,8.25,3.851,96.17,92.86,96.68,92.32,-0.97,0.00184,0.055167,0.274814,SIRMOUR_2026-08-02_11-15-17.webm,2026-08-02 11:15:00+05:30,2026-08-02 11:30:00+05:30,2026-08-02,15,0.3625619752636804,73.20432954162862,3.4912662530200964,1.4309413333333332,0.40986313550148373
24,135.23,24.99,22.36,4.91,86.84,8.25,3.851,96.17,92.86,96.68,92.32,-0.97,0.00184,0.055167,0.274814,SIRMOUR_2026-08-02_11-15-17.webm,2026-08-02 11:15:00+05:30,2026-08-02 11:45:00+05:30,2026-08-02,30,0.3625619752636804,76.31883446072533,3.5609345370968586,1.4391840000000005,0.40415907257125017
24,135.23,24.99,22.36,4.91,86.84,8.25,3.851,96.17,92.86,96.68,92.32,-0.97,0.00184,0.055167,0.274814,SIRMOUR_2026-08-02_11-15-17.webm,2026-08-02 11:15:00+05:30,2026-08-02 12:00:00+05:30,2026-08-02,45,0.3625619752636804,79.20278498741916,3.6130526708805966,1.6378559999999998,0.45331639175932936
24,135.23,24.99,22.36,4.91,86.84,8.25,3.851,96.17,92.86,96.68,92.32,-0.97,0.00184,0.055167,0.274814,SIRMOUR_2026-08-02_11-15-17.webm,2026-08-02 11:15:00+05:30,2026-08-02 12:15:00+05:30,2026-08-02,60,0.3625619752636804,81.61230127353593,3.647333738927979,1.5288286666666668,0.41916336044313257
24,135.23,24.99,22.36,4.91,86.84,8.25,3.851,96.17,92.86,96.68,92.32,-0.97,0.00184,0.055167,0.274814,SIRMOUR_2026-08-02_11-15-17.webm,2026-08-02 11:15:00+05:30,2026-08-02 12:30:00+05:30,2026-08-02,75,0.3625619752636804,83.03414992594249,3.6635911258063993,0.905468666666667,0.2471533082085853
24,135.23,24.99,22.36,4.91,86.84,8.25,3.851,96.17,92.86,96.68,92.32,-0.97,0.00184,0.055167,0.274814,SIRMOUR_2026-08-02_11-15-17.webm,2026-08-02 11:15:00+05:30,2026-08-02 12:45:00+05:30,2026-08-02,90,0.3625619752636804,82.85140854786366,3.661737449764287,1.0660686666666666,0.29113738526919547
24,135.23,24.99,22.36,4.91,86.84,8.25,3.851,96.17,92.86,96.68,92.32,-0.97,0.00184,0.055167,0.274814,SIRMOUR_2026-08-02_11-15-17.webm,2026-08-02 11:15:00+05:30,2026-08-02 13:00:00+05:30,2026-08-02,105,0.3625619752636804,81.16308053507004,3.6417815987007853,0.6293073333333334,0.17280205203899113
24,135.23,24.99,22.36,4.91,86.84,8.25,3.851,96.17,92.86,96.68,92.32,-0.97,0.00184,0.055167,0.274814,SIRMOUR_2026-08-02_11-15-17.webm,2026-08-02 11:15:00+05:30,2026-08-02 13:15:00+05:30,2026-08-02,120,0.3625619752636804,78.62128271452674,3.6038293006275417,0.761064,0.21118203347408115
24,135.23,24.99,22.36,4.91,86.84,8.25,3.851,96.17,92.86,96.68,92.32,-0.97,0.00184,0.055167,0.274814,SIRMOUR_2026-08-02_11-15-17.webm,2026-08-02 11:15:00+05:30,2026-08-02 13:30:00+05:30,2026-08-02,135,0.3625619752636804,75.67428128507831,3.5480859513517715,1.0875873333333332,0.30652789933653596
24,135.23,24.99,22.36,4.91,86.84,8.25,3.851,96.17,92.86,96.68,92.32,-0.97,0.00184,0.055167,0.274814,SIRMOUR_2026-08-02_11-15-17.webm,2026-08-02 11:15:00+05:30,2026-08-02 13:45:00+05:30,2026-08-02,150,0.3625619752636804,72.52712386490346,3.4748573137464054,0.4764960000000001,0.1371267816134492
24,135.23,24.99,22.36,4.91,86.84,8.25,3.851,96.17,92.86,96.68,92.32,-0.97,0.00184,0.055167,0.274814,SIRMOUR_2026-08-02_11-15-17.webm,2026-08-02 11:15:00+05:30,2026-08-02 14:00:00+05:30,2026-08-02,165,0.3625619752636804,69.27216704831147,3.3845499193613344,1.5528360000000003,0.4588013286839099
24,135.23,24.99,22.36,4.91,86.84,8.25,3.851,96.17,92.86,96.68,92.32,-0.97,0.00184,0.055167,0.274814,SIRMOUR_2026-08-02_11-15-17.webm,2026-08-02 11:15:00+05:30,2026-08-02 14:15:00+05:30,2026-08-02,180,0.3625619752636804,65.95467011293104,3.2776722035630153,1.6841319999999997,0.513819532706551
24,135.23,24.99,22.36,4.91,86.84,8.25,3.851,96.17,92.86,96.68,92.32,-0.97,0.00184,0.055167,0.274814,SIRMOUR_2026-08-02_11-15-17.webm,2026-08-02 11:15:00+05:30,2026-08-02 14:30:00+05:30,2026-08-02,195,0.3625619752636804,62.59897636042769,3.154836495842597,1.314492,0.41665931078590623
24,135.23,24.99,22.36,4.91,86.84,8.25,3.851,96.17,92.86,96.68,92.32,-0.97,0.00184,0.055167,0.274814,SIRMOUR_2026-08-02_11-15-17.webm,2026-08-02 11:15:00+05:30,2026-08-02 14:45:00+05:30,2026-08-02,210,0.3625619752636804,59.21931853832395,3.0167620106089914,1.9982073333333332,0.6623682366412313
24,135.23,24.99,22.36,4.91,86.84,8.25,3.851,96.17,92.86,96.68,92.32,-0.97,0.00184,0.055167,0.274814,SIRMOUR_2026-08-02_11-15-17.webm,2026-08-02 11:15:00+05:30,2026-08-02 15:00:00+05:30,2026-08-02,225,0.3625619752636804,55.82465143549625,2.864279304040708,1.7848566666666668,0.6231433729764854
24,135.23,24.99,22.36,4.91,86.84,8.25,3.851,96.17,92.86,96.68,92.32,-0.97,0.00184,0.055167,0.274814,SIRMOUR_2026-08-02_11-15-17.webm,2026-08-02 11:15:00+05:30,2026-08-02 15:15:00+05:30,2026-08-02,240,0.3625619752636804,52.42099435138283,2.6983367437301458,1.0902713333333336,0.4040531026628488
24,134.97,25.05,22.29,5.04,86.7,8.26,3.582,96.08,92.86,96.41,92.5,-1.17,-0.000512,0.029194,0.071842,SIRMOUR_2026-08-02_12-45-13.webm,2026-08-02 12:45:00+05:30,2026-08-02 13:00:00+05:30,2026-08-02,15,0.35269261142006064,81.16308053507004,3.6417815987007853,0.6293073333333334,0.17280205203899113
24,134.97,25.05,22.29,5.04,86.7,8.26,3.582,96.08,92.86,96.41,92.5,-1.17,-0.000512,0.029194,0.071842,SIRMOUR_2026-08-02_12-45-13.webm,2026-08-02 12:45:00+05:30,2026-08-02 13:15:00+05:30,2026-08-02,30,0.35269261142006064,78.62128271452674,3.6038293006275417,0.761064,0.21118203347408115
24,134.97,25.05,22.29,5.04,86.7,8.26,3.582,96.08,92.86,96.41,92.5,-1.17,-0.000512,0.029194,0.071842,SIRMOUR_2026-08-02_12-45-13.webm,2026-08-02 12:45:00+05:30,2026-08-02 13:30:00+05:30,2026-08-02,45,0.35269261142006064,75.67428128507831,3.5480859513517715,1.0875873333333332,0.30652789933653596
24,134.97,25.05,22.29,5.04,86.7,8.26,3.582,96.08,92.86,96.41,92.5,-1.17,-0.000512,0.029194,0.071842,SIRMOUR_2026-08-02_12-45-13.webm,2026-08-02 12:45:00+05:30,2026-08-02 13:45:00+05:30,2026-08-02,60,0.35269261142006064,72.52712386490346,3.4748573137464054,0.4764960000000001,0.1371267816134492
24,134.97,25.05,22.29,5.04,86.7,8.26,3.582,96.08,92.86,96.41,92.5,-1.17,-0.000512,0.029194,0.071842,SIRMOUR_2026-08-02_12-45-13.webm,2026-08-02 12:45:00+05:30,2026-08-02 14:00:00+05:30,2026-08-02,75,0.35269261142006064,69.27216704831147,3.3845499193613344,1.5528360000000003,0.4588013286839099
24,134.97,25.05,22.29,5.04,86.7,8.26,3.582,96.08,92.86,96.41,92.5,-1.17,-0.000512,0.029194,0.071842,SIRMOUR_2026-08-02_12-45-13.webm,2026-08-02 12:45:00+05:30,2026-08-02 14:15:00+05:30,2026-08-02,90,0.35269261142006064,65.95467011293104,3.2776722035630153,1.6841319999999997,0.513819532706551
24,134.97,25.05,22.29,5.04,86.7,8.26,3.582,96.08,92.86,96.41,92.5,-1.17,-0.000512,0.029194,0.071842,SIRMOUR_2026-08-02_12-45-13.webm,2026-08-02 12:45:00+05:30,2026-08-02 14:30:00+05:30,2026-08-02,105,0.35269261142006064,62.59897636042769,3.154836495842597,1.314492,0.41665931078590623
24,134.97,25.05,22.29,5.04,86.7,8.26,3.582,96.08,92.86,96.41,92.5,-1.17,-0.000512,0.029194,0.071842,SIRMOUR_2026-08-02_12-45-13.webm,2026-08-02 12:45:00+05:30,2026-08-02 14:45:00+05:30,2026-08-02,120,0.35269261142006064,59.21931853832395,3.0167620106089914,1.9982073333333332,0.6623682366412313
24,134.97,25.05,22.29,5.04,86.7,8.26,3.582,96.08,92.86,96.41,92.5,-1.17,-0.000512,0.029194,0.071842,SIRMOUR_2026-08-02_12-45-13.webm,2026-08-02 12:45:00+05:30,2026-08-02 15:00:00+05:30,2026-08-02,135,0.35269261142006064,55.82465143549625,2.864279304040708,1.7848566666666668,0.6231433729764854
24,134.97,25.05,22.29,5.04,86.7,8.26,3.582,96.08,92.86,96.41,92.5,-1.17,-0.000512,0.029194,0.071842,SIRMOUR_2026-08-02_12-45-13.webm,2026-08-02 12:45:00+05:30,2026-08-02 15:15:00+05:30,2026-08-02,150,0.35269261142006064,52.42099435138283,2.6983367437301458,1.0902713333333336,0.4040531026628488
24,134.97,25.05,22.29,5.04,86.7,8.26,3.582,96.08,92.86,96.41,92.5,-1.17,-0.000512,0.029194,0.071842,SIRMOUR_2026-08-02_12-45-13.webm,2026-08-02 12:45:00+05:30,2026-08-02 15:30:00+05:30,2026-08-02,165,0.35269261142006064,49.012649987014306,2.5200097474256964,1.2613613333333336,0.5005382755451129
24,134.97,25.05,22.29,5.04,86.7,8.26,3.582,96.08,92.86,96.41,92.5,-1.17,-0.000512,0.029194,0.071842,SIRMOUR_2026-08-02_12-45-13.webm,2026-08-02 12:45:00+05:30,2026-08-02 15:45:00+05:30,2026-08-02,180,0.35269261142006064,45.60288185456127,2.3305141205005766,1.630882,0.699794944666415
24,134.97,25.05,22.29,5.04,86.7,8.26,3.582,96.08,92.86,96.41,92.5,-1.17,-0.000512,0.029194,0.071842,SIRMOUR_2026-08-02_12-45-13.webm,2026-08-02 12:45:00+05:30,2026-08-02 16:00:00+05:30,2026-08-02,195,0.35269261142006064,42.194312796502025,2.1312252021987814,1.1786806666666667,0.5530530820725205
24,134.97,25.05,22.29,5.04,86.7,8.26,3.582,96.08,92.86,96.41,92.5,-1.17,-0.000512,0.029194,0.071842,SIRMOUR_2026-08-02_12-45-13.webm,2026-08-02 12:45:00+05:30,2026-08-02 16:15:00+05:30,2026-08-02,210,0.35269261142006064,38.78917181937531,1.9237053275012064,1.2575433333333332,0.6537089206728023
24,134.97,25.05,22.29,5.04,86.7,8.26,3.582,96.08,92.86,96.41,92.5,-1.17,-0.000512,0.029194,0.071842,SIRMOUR_2026-08-02_12-45-13.webm,2026-08-02 12:45:00+05:30,2026-08-02 16:30:00+05:30,2026-08-02,225,0.35269261142006064,35.38945875752018,1.7097436290404595,1.0276826666666665,0.6010741313558347
24,134.97,25.05,22.29,5.04,86.7,8.26,3.582,96.08,92.86,96.41,92.5,-1.17,-0.000512,0.029194,0.071842,SIRMOUR_2026-08-02_12-45-13.webm,2026-08-02 12:45:00+05:30,2026-08-02 16:45:00+05:30,2026-08-02,240,0.35269261142006064,31.997062679757416,1.4914139318448012,0.899066,0.602827947897672
24,135.3,24.98,23.27,5.07,86.59,8.35,3.852,97.11,93.65,98.53,92.23,-0.53,0.000553,0.050057,0.145068,SIRMOUR_2026-08-02_14-15-23.webm,2026-08-02 14:15:00+05:30,2026-08-02 14:30:00+05:30,2026-08-02,15,0.3540688855851115,62.59897636042769,3.154836495842597,1.314492,0.41665931078590623
24,135.3,24.98,23.27,5.07,86.59,8.35,3.852,97.11,93.65,98.53,92.23,-0.53,0.000553,0.050057,0.145068,SIRMOUR_2026-08-02_14-15-23.webm,2026-08-02 14:15:00+05:30,2026-08-02 14:45:00+05:30,2026-08-02,30,0.3540688855851115,59.21931853832395,3.0167620106089914,1.9982073333333332,0.6623682366412313
24,135.3,24.98,23.27,5.07,86.59,8.35,3.852,97.11,93.65,98.53,92.23,-0.53,0.000553,0.050057,0.145068,SIRMOUR_2026-08-02_14-15-23.webm,2026-08-02 14:15:00+05:30,2026-08-02 15:00:00+05:30,2026-08-02,45,0.3540688855851115,55.82465143549625,2.864279304040708,1.7848566666666668,0.6231433729764854
24,135.3,24.98,23.27,5.07,86.59,8.35,3.852,97.11,93.65,98.53,92.23,-0.53,0.000553,0.050057,0.145068,SIRMOUR_2026-08-02_14-15-23.webm,2026-08-02 14:15:00+05:30,2026-08-02 15:15:00+05:30,2026-08-02,60,0.3540688855851115,52.42099435138283,2.6983367437301458,1.0902713333333336,0.4040531026628488
24,135.3,24.98,23.27,5.07,86.59,8.35,3.852,97.11,93.65,98.53,92.23,-0.53,0.000553,0.050057,0.145068,SIRMOUR_2026-08-02_14-15-23.webm,2026-08-02 14:15:00+05:30,2026-08-02 15:30:00+05:30,2026-08-02,75,0.3540688855851115,49.012649987014306,2.5200097474256964,1.2613613333333336,0.5005382755451129
24,135.3,24.98,23.27,5.07,86.59,8.35,3.852,97.11,93.65,98.53,92.23,-0.53,0.000553,0.050057,0.145068,SIRMOUR_2026-08-02_14-15-23.webm,2026-08-02 14:15:00+05:30,2026-08-02 15:45:00+05:30,2026-08-02,90,0.3540688855851115,45.60288185456127,2.3305141205005766,1.630882,0.699794944666415
24,135.3,24.98,23.27,5.07,86.59,8.35,3.852,97.11,93.65,98.53,92.23,-0.53,0.000553,0.050057,0.145068,SIRMOUR_2026-08-02_14-15-23.webm,2026-08-02 14:15:00+05:30,2026-08-02 16:00:00+05:30,2026-08-02,105,0.3540688855851115,42.194312796502025,2.1312252021987814,1.1786806666666667,0.5530530820725205
24,135.3,24.98,23.27,5.07,86.59,8.35,3.852,97.11,93.65,98.53,92.23,-0.53,0.000553,0.050057,0.145068,SIRMOUR_2026-08-02_14-15-23.webm,2026-08-02 14:15:00+05:30,2026-08-02 16:15:00+05:30,2026-08-02,120,0.3540688855851115,38.78917181937531,1.9237053275012064,1.2575433333333332,0.6537089206728023
24,135.3,24.98,23.27,5.07,86.59,8.35,3.852,97.11,93.65,98.53,92.23,-0.53,0.000553,0.050057,0.145068,SIRMOUR_2026-08-02_14-15-23.webm,2026-08-02 14:15:00+05:30,2026-08-02 16:30:00+05:30,2026-08-02,135,0.3540688855851115,35.38945875752018,1.7097436290404595,1.0276826666666665,0.6010741313558347
24,135.3,24.98,23.27,5.07,86.59,8.35,3.852,97.11,93.65,98.53,92.23,-0.53,0.000553,0.050057,0.145068,SIRMOUR_2026-08-02_14-15-23.webm,2026-08-02 14:15:00+05:30,2026-08-02 16:45:00+05:30,2026-08-02,150,0.3540688855851115,31.997062679757416,1.4914139318448012,0.899066,0.602827947897672
24,135.3,24.98,23.27,5.07,86.59,8.35,3.852,97.11,93.65,98.53,92.23,-0.53,0.000553,0.050057,0.145068,SIRMOUR_2026-08-02_14-15-23.webm,2026-08-02 14:15:00+05:30,2026-08-02 17:00:00+05:30,2026-08-02,165,0.3540688855851115,28.613855998280854,1.2711594147284324,0.7045980000000001,0.5542955445525523
24,135.3,24.98,23.27,5.07,86.59,8.35,3.852,97.11,93.65,98.53,92.23,-0.53,0.000553,0.050057,0.145068,SIRMOUR_2026-08-02_14-15-23.webm,2026-08-02 14:15:00+05:30,2026-08-02 17:15:00+05:30,2026-08-02,180,0.3540688855851115,25.24178521736037,1.0519172539445252,0.3812373333333334,0.3624214090069851
24,135.3,24.98,23.27,5.07,86.59,8.35,3.852,97.11,93.65,98.53,92.23,-0.53,0.000553,0.050057,0.145068,SIRMOUR_2026-08-02_14-15-23.webm,2026-08-02 14:15:00+05:30,2026-08-02 17:30:00+05:30,2026-08-02,195,0.3540688855851115,21.882977591856864,0.837301679674561,0.10546333333333333,0.1259561946350381
24,135.3,24.98,23.27,5.07,86.59,8.35,3.852,97.11,93.65,98.53,92.23,-0.53,0.000553,0.050057,0.145068,SIRMOUR_2026-08-02_14-15-23.webm,2026-08-02 14:15:00+05:30,2026-08-02 17:45:00+05:30,2026-08-02,210,0.3540688855851115,18.53989757978562,0.6318681243088947,0.087146,0.13791801904126097
24,135.3,24.98,23.27,5.07,86.59,8.35,3.852,97.11,93.65,98.53,92.23,-0.53,0.000553,0.050057,0.145068,SIRMOUR_2026-08-02_14-15-23.webm,2026-08-02 14:15:00+05:30,2026-08-02 18:00:00+05:30,2026-08-02,225,0.3540688855851115,15.21563602889704,0.44147324757311024,0.07462200000000001,0.16902949478867849
24,135.3,24.98,23.27,5.07,86.59,8.35,3.852,97.11,93.65,98.53,92.23,-0.53,0.000553,0.050057,0.145068,SIRMOUR_2026-08-02_14-15-23.webm,2026-08-02 14:15:00+05:30,2026-08-02 18:15:00+05:30,2026-08-02,240,0.3540688855851115,11.91455343127168,0.27368504673332533,0.043994,0.160746816551023
24,140.59,34.51,21.57,4.7,83.03,12.26,3.675,96.17,92.33,96.41,92.05,-1.6,0.001235,0.055456,0.264951,SIRMOUR_2026-08-02_15-45-18.webm,2026-08-02 15:45:00+05:30,2026-08-02 16:00:00+05:30,2026-08-02,15,0.5568824239627155,42.194312796502025,2.1312252021987814,1.1786806666666667,0.5530530820725205
24,140.59,34.51,21.57,4.7,83.03,12.26,3.675,96.17,92.33,96.41,92.05,-1.6,0.001235,0.055456,0.264951,SIRMOUR_2026-08-02_15-45-18.webm,2026-08-02 15:45:00+05:30,2026-08-02 16:15:00+05:30,2026-08-02,30,0.5568824239627155,38.78917181937531,1.9237053275012064,1.2575433333333332,0.6537089206728023
24,140.59,34.51,21.57,4.7,83.03,12.26,3.675,96.17,92.33,96.41,92.05,-1.6,0.001235,0.055456,0.264951,SIRMOUR_2026-08-02_15-45-18.webm,2026-08-02 15:45:00+05:30,2026-08-02 16:30:00+05:30,2026-08-02,45,0.5568824239627155,35.38945875752018,1.7097436290404595,1.0276826666666665,0.6010741313558347
24,140.59,34.51,21.57,4.7,83.03,12.26,3.675,96.17,92.33,96.41,92.05,-1.6,0.001235,0.055456,0.264951,SIRMOUR_2026-08-02_15-45-18.webm,2026-08-02 15:45:00+05:30,2026-08-02 16:45:00+05:30,2026-08-02,60,0.5568824239627155,31.997062679757416,1.4914139318448012,0.899066,0.602827947897672
24,140.59,34.51,21.57,4.7,83.03,12.26,3.675,96.17,92.33,96.41,92.05,-1.6,0.001235,0.055456,0.264951,SIRMOUR_2026-08-02_15-45-18.webm,2026-08-02 15:45:00+05:30,2026-08-02 17:00:00+05:30,2026-08-02,75,0.5568824239627155,28.613855998280854,1.2711594147284324,0.7045980000000001,0.5542955445525523
24,140.59,34.51,21.57,4.7,83.03,12.26,3.675,96.17,92.33,96.41,92.05,-1.6,0.001235,0.055456,0.264951,SIRMOUR_2026-08-02_15-45-18.webm,2026-08-02 15:45:00+05:30,2026-08-02 17:15:00+05:30,2026-08-02,90,0.5568824239627155,25.24178521736037,1.0519172539445252,0.3812373333333334,0.3624214090069851
24,140.59,34.51,21.57,4.7,83.03,12.26,3.675,96.17,92.33,96.41,92.05,-1.6,0.001235,0.055456,0.264951,SIRMOUR_2026-08-02_15-45-18.webm,2026-08-02 15:45:00+05:30,2026-08-02 17:30:00+05:30,2026-08-02,105,0.5568824239627155,21.882977591856864,0.837301679674561,0.10546333333333333,0.1259561946350381
24,140.59,34.51,21.57,4.7,83.03,12.26,3.675,96.17,92.33,96.41,92.05,-1.6,0.001235,0.055456,0.264951,SIRMOUR_2026-08-02_15-45-18.webm,2026-08-02 15:45:00+05:30,2026-08-02 17:45:00+05:30,2026-08-02,120,0.5568824239627155,18.53989757978562,0.6318681243088947,0.087146,0.13791801904126097
24,140.59,34.51,21.57,4.7,83.03,12.26,3.675,96.17,92.33,96.41,92.05,-1.6,0.001235,0.055456,0.264951,SIRMOUR_2026-08-02_15-45-18.webm,2026-08-02 15:45:00+05:30,2026-08-02 18:00:00+05:30,2026-08-02,135,0.5568824239627155,15.21563602889704,0.44147324757311024,0.07462200000000001,0.16902949478867849
24,140.59,34.51,21.57,4.7,83.03,12.26,3.675,96.17,92.33,96.41,92.05,-1.6,0.001235,0.055456,0.264951,SIRMOUR_2026-08-02_15-45-18.webm,2026-08-02 15:45:00+05:30,2026-08-02 18:15:00+05:30,2026-08-02,150,0.5568824239627155,11.91455343127168,0.27368504673332533,0.043994,0.160746816551023
24,140.59,34.51,21.57,4.7,83.03,12.26,3.675,96.17,92.33,96.41,92.05,-1.6,0.001235,0.055456,0.264951,SIRMOUR_2026-08-02_15-45-18.webm,2026-08-02 15:45:00+05:30,2026-08-02 18:30:00+05:30,2026-08-02,165,0.5568824239627155,8.644020603679069,0.13798017562451498,0.006617333333333334,0.047958580306065576
24,135.42,24.97,22.46,4.9,86.83,8.27,3.736,96.08,92.86,96.68,92.23,-0.92,0.0,0.045712,0.186662,SIRMOUR_2026-08-03_06-45-14.webm,2026-08-03 06:45:00+05:30,2026-08-03 07:00:00+05:30,2026-08-03,15,1.2,12.564906565945776,0.3054520809814936,0.29075466666666666,0.951883076823047
24,135.42,24.97,22.46,4.9,86.83,8.27,3.736,96.08,92.86,96.68,92.23,-0.92,0.0,0.045712,0.186662,SIRMOUR_2026-08-03_06-45-14.webm,2026-08-03 06:45:00+05:30,2026-08-03 07:15:00+05:30,2026-08-03,30,1.2,15.871153437450662,0.4788155118925295,0.27654,0.5775502111595533
24,135.42,24.97,22.46,4.9,86.83,8.27,3.736,96.08,92.86,96.68,92.23,-0.92,0.0,0.045712,0.186662,SIRMOUR_2026-08-03_06-45-14.webm,2026-08-03 06:45:00+05:30,2026-08-03 07:30:00+05:30,2026-08-03,45,1.2,19.199511047220668,0.6731290389286282,0.48597933333333326,0.7219705364469674
24,135.42,24.97,22.46,4.9,86.83,8.27,3.736,96.08,92.86,96.68,92.23,-0.92,0.0,0.045712,0.186662,SIRMOUR_2026-08-03_06-45-14.webm,2026-08-03 06:45:00+05:30,2026-08-03 07:45:00+05:30,2026-08-03,60,1.2,22.545938510106616,0.8811806225497748,0.9502793333333331,1.0784160579741473
24,135.42,24.97,22.46,4.9,86.83,8.27,3.736,96.08,92.86,96.68,92.23,-0.92,0.0,0.045712,0.186662,SIRMOUR_2026-08-03_06-45-14.webm,2026-08-03 06:45:00+05:30,2026-08-03 08:00:00+05:30,2026-08-03,75,1.2,25.907484602575867,1.0973993162652764,1.033806,0.9420508876552791
24,135.42,24.97,22.46,4.9,86.83,8.27,3.736,96.08,92.86,96.68,92.23,-0.92,0.0,0.045712,0.186662,SIRMOUR_2026-08-03_06-45-14.webm,2026-08-03 06:45:00+05:30,2026-08-03 08:15:00+05:30,2026-08-03,90,1.2,29.281745663724625,1.3174399792442246,1.251784666666667,0.9501644753370684
24,135.42,24.97,22.46,4.9,86.83,8.27,3.736,96.08,92.86,96.68,92.23,-0.92,0.0,0.045712,0.186662,SIRMOUR_2026-08-03_06-45-14.webm,2026-08-03 06:45:00+05:30,2026-08-03 08:30:00+05:30,2026-08-03,105,1.2,32.66661169538925,1.5378399340622564,1.0822891666666667,0.7037723125109407
24,135.42,24.97,22.46,4.9,86.83,8.27,3.736,96.08,92.86,96.68,92.23,-0.92,0.0,0.045712,0.186662,SIRMOUR_2026-08-03_06-45-14.webm,2026-08-03 06:45:00+05:30,2026-08-03 08:45:00+05:30,2026-08-03,120,1.2,36.060122402037905,1.7557718936035882,1.0706646666666666,0.6097971328548886
24,135.42,24.97,22.46,4.9,86.83,8.27,3.736,96.08,92.86,96.68,92.23,-0.92,0.0,0.045712,0.186662,SIRMOUR_2026-08-03_06-45-14.webm,2026-08-03 06:45:00+05:30,2026-08-03 09:00:00+05:30,2026-08-03,135,1.2,39.46036319006022,1.9688739001751145,1.2299066666666663,0.6246751844073287
24,135.42,24.97,22.46,4.9,86.83,8.27,3.736,96.08,92.86,96.68,92.23,-0.92,0.0,0.045712,0.186662,SIRMOUR_2026-08-03_06-45-14.webm,2026-08-03 06:45:00+05:30,2026-08-03 09:15:00+05:30,2026-08-03,150,1.2,42.86537127133243,2.1751337623517237,1.160602666666667,0.5335776064695165
24,135.42,24.97,22.46,4.9,86.83,8.27,3.736,96.08,92.86,96.68,92.23,-0.92,0.0,0.045712,0.186662,SIRMOUR_2026-08-03_06-45-14.webm,2026-08-03 06:45:00+05:30,2026-08-03 09:30:00+05:30,2026-08-03,165,1.2,46.27303319441979,2.3728105675197058,1.1251980000000001,0.4742047323129412
24,135.42,24.97,22.46,4.9,86.83,8.27,3.736,96.08,92.86,96.68,92.23,-0.92,0.0,0.045712,0.186662,SIRMOUR_2026-08-03_06-45-14.webm,2026-08-03 06:45:00+05:30,2026-08-03 09:45:00+05:30,2026-08-03,180,1.2,49.68095148021584,2.560380965881385,1.3913126666666664,0.5434006443598605
24,135.42,24.97,22.46,4.9,86.83,8.27,3.736,96.08,92.86,96.68,92.23,-0.92,0.0,0.045712,0.186662,SIRMOUR_2026-08-03_06-45-14.webm,2026-08-03 06:45:00+05:30,2026-08-03 10:00:00+05:30,2026-08-03,195,1.2,53.08625484727982,2.7365022104575654,1.6986379999999999,0.6207332826221156
24,135.42,24.97,22.46,4.9,86.83,8.27,3.736,96.08,92.86,96.68,92.23,-0.92,0.0,0.045712,0.186662,SIRMOUR_2026-08-03_06-45-14.webm,2026-08-03 06:45:00+05:30,2026-08-03 10:15:00+05:30,2026-08-03,210,1.2,56.48530903026317,2.8999866438288073,2.3186006666666663,0.7995211535200224
24,135.42,24.97,22.46,4.9,86.83,8.27,3.736,96.08,92.86,96.68,92.23,-0.92,0.0,0.045712,0.186662,SIRMOUR_2026-08-03_06-45-14.webm,2026-08-03 06:45:00+05:30,2026-08-03 10:30:00+05:30,2026-08-03,225,1.2,59.87324473496168,3.0497839022334663,2.8865126666666674,0.9464646542834627
24,135.42,24.97,22.46,4.9,86.83,8.27,3.736,96.08,92.86,96.68,92.23,-0.92,0.0,0.045712,0.186662,SIRMOUR_2026-08-03_06-45-14.webm,2026-08-03 06:45:00+05:30,2026-08-03 10:45:00+05:30,2026-08-03,240,1.2,63.24314707919016,3.1849685228614675,3.395407333333334,1.0660724930125218
24,135.21,25.0,22.32,4.84,87.02,8.13,3.662,96.08,92.86,96.5,92.41,-0.96,0.000442,0.037235,0.111112,SIRMOUR_2026-08-03_08-15-22.webm,2026-08-03 08:15:00+05:30,2026-08-03 08:30:00+05:30,2026-08-03,15,0.9231504893533655,32.66661169538925,1.5378399340622564,1.0822891666666667,0.7037723125109407
24,135.21,25.0,22.32,4.84,87.02,8.13,3.662,96.08,92.86,96.5,92.41,-0.96,0.000442,0.037235,0.111112,SIRMOUR_2026-08-03_08-15-22.webm,2026-08-03 08:15:00+05:30,2026-08-03 08:45:00+05:30,2026-08-03,30,0.9231504893533655,36.060122402037905,1.7557718936035882,1.0706646666666666,0.6097971328548886
24,135.21,25.0,22.32,4.84,87.02,8.13,3.662,96.08,92.86,96.5,92.41,-0.96,0.000442,0.037235,0.111112,SIRMOUR_2026-08-03_08-15-22.webm,2026-08-03 08:15:00+05:30,2026-08-03 09:00:00+05:30,2026-08-03,45,0.9231504893533655,39.46036319006022,1.9688739001751145,1.2299066666666663,0.6246751844073287
24,135.21,25.0,22.32,4.84,87.02,8.13,3.662,96.08,92.86,96.5,92.41,-0.96,0.000442,0.037235,0.111112,SIRMOUR_2026-08-03_08-15-22.webm,2026-08-03 08:15:00+05:30,2026-08-03 09:15:00+05:30,2026-08-03,60,0.9231504893533655,42.86537127133243,2.1751337623517237,1.160602666666667,0.5335776064695165
24,135.21,25.0,22.32,4.84,87.02,8.13,3.662,96.08,92.86,96.5,92.41,-0.96,0.000442,0.037235,0.111112,SIRMOUR_2026-08-03_08-15-22.webm,2026-08-03 08:15:00+05:30,2026-08-03 09:30:00+05:30,2026-08-03,75,0.9231504893533655,46.27303319441979,2.3728105675197058,1.1251980000000001,0.4742047323129412
24,135.21,25.0,22.32,4.84,87.02,8.13,3.662,96.08,92.86,96.5,92.41,-0.96,0.000442,0.037235,0.111112,SIRMOUR_2026-08-03_08-15-22.webm,2026-08-03 08:15:00+05:30,2026-08-03 09:45:00+05:30,2026-08-03,90,0.9231504893533655,49.68095148021584,2.560380965881385,1.3913126666666664,0.5434006443598605
24,135.21,25.0,22.32,4.84,87.02,8.13,3.662,96.08,92.86,96.5,92.41,-0.96,0.000442,0.037235,0.111112,SIRMOUR_2026-08-03_08-15-22.webm,2026-08-03 08:15:00+05:30,2026-08-03 10:00:00+05:30,2026-08-03,105,0.9231504893533655,53.08625484727982,2.7365022104575654,1.6986379999999999,0.6207332826221156
24,135.21,25.0,22.32,4.84,87.02,8.13,3.662,96.08,92.86,96.5,92.41,-0.96,0.000442,0.037235,0.111112,SIRMOUR_2026-08-03_08-15-22.webm,2026-08-03 08:15:00+05:30,2026-08-03 10:15:00+05:30,2026-08-03,120,0.9231504893533655,56.48530903026317,2.8999866438288073,2.3186006666666663,0.7995211535200224
24,135.21,25.0,22.32,4.84,87.02,8.13,3.662,96.08,92.86,96.5,92.41,-0.96,0.000442,0.037235,0.111112,SIRMOUR_2026-08-03_08-15-22.webm,2026-08-03 08:15:00+05:30,2026-08-03 10:30:00+05:30,2026-08-03,135,0.9231504893533655,59.87324473496168,3.0497839022334663,2.8865126666666674,0.9464646542834627
24,135.21,25.0,22.32,4.84,87.02,8.13,3.662,96.08,92.86,96.5,92.41,-0.96,0.000442,0.037235,0.111112,SIRMOUR_2026-08-03_08-15-22.webm,2026-08-03 08:15:00+05:30,2026-08-03 10:45:00+05:30,2026-08-03,150,0.9231504893533655,63.24314707919016,3.1849685228614675,3.395407333333334,1.0660724930125218
24,135.21,25.0,22.32,4.84,87.02,8.13,3.662,96.08,92.86,96.5,92.41,-0.96,0.000442,0.037235,0.111112,SIRMOUR_2026-08-03_08-15-22.webm,2026-08-03 08:15:00+05:30,2026-08-03 11:00:00+05:30,2026-08-03,165,0.9231504893533655,66.58458275740735,3.304731370433117,2.417472,0.7315184591488194
24,135.21,25.0,22.32,4.84,87.02,8.13,3.662,96.08,92.86,96.5,92.41,-0.96,0.000442,0.037235,0.111112,SIRMOUR_2026-08-03_08-15-22.webm,2026-08-03 08:15:00+05:30,2026-08-03 11:15:00+05:30,2026-08-03,180,0.9231504893533655,69.8807433675256,3.4083736420518482,2.393364666666667,0.7022013775537403
24,135.21,25.0,22.32,4.84,87.02,8.13,3.662,96.08,92.86,96.5,92.41,-0.96,0.000442,0.037235,0.111112,SIRMOUR_2026-08-03_08-15-22.webm,2026-08-03 08:15:00+05:30,2026-08-03 11:30:00+05:30,2026-08-03,195,0.9231504893533655,73.10250119901605,3.4953027515632984,2.1182673333333337,0.6060325768306977
24,135.21,25.0,22.32,4.84,87.02,8.13,3.662,96.08,92.86,96.5,92.41,-0.96,0.000442,0.037235,0.111112,SIRMOUR_2026-08-03_08-15-22.webm,2026-08-03 08:15:00+05:30,2026-08-03 11:45:00+05:30,2026-08-03,210,0.9231504893533655,76.19505174349364,3.5650295884990717,3.1421053333333333,0.8813686549670979
24,135.21,25.0,22.32,4.84,87.02,8.13,3.662,96.08,92.86,96.5,92.41,-0.96,0.000442,0.037235,0.111112,SIRMOUR_2026-08-03_08-15-22.webm,2026-08-03 08:15:00+05:30,2026-08-03 12:00:00+05:30,2026-08-03,225,0.9231504893533655,79.04580397549769,3.6171667234442184,3.975246666666667,1.098994591789645
24,135.21,25.0,22.32,4.84,87.02,8.13,3.662,96.08,92.86,96.5,92.41,-0.96,0.000442,0.037235,0.111112,SIRMOUR_2026-08-03_08-15-22.webm,2026-08-03 08:15:00+05:30,2026-08-03 12:15:00+05:30,2026-08-03,240,0.9231504893533655,81.40810129346546,3.6514274369519026,2.6337346666666663,0.7212890608241761
24,135.64,24.92,22.46,4.88,86.83,8.28,3.925,96.64,92.86,97.05,92.41,-0.99,0.0,0.07058,0.274801,SIRMOUR_2026-08-03_09-45-28.webm,2026-08-03 09:45:00+05:30,2026-08-03 10:00:00+05:30,2026-08-03,15,0.5439645418874117,53.08625484727982,2.7365022104575654,1.6986379999999999,0.6207332826221156
24,135.64,24.92,22.46,4.88,86.83,8.28,3.925,96.64,92.86,97.05,92.41,-0.99,0.0,0.07058,0.274801,SIRMOUR_2026-08-03_09-45-28.webm,2026-08-03 09:45:00+05:30,2026-08-03 10:15:00+05:30,2026-08-03,30,0.5439645418874117,56.48530903026317,2.8999866438288073,2.3186006666666663,0.7995211535200224
24,135.64,24.92,22.46,4.88,86.83,8.28,3.925,96.64,92.86,97.05,92.41,-0.99,0.0,0.07058,0.274801,SIRMOUR_2026-08-03_09-45-28.webm,2026-08-03 09:45:00+05:30,2026-08-03 10:30:00+05:30,2026-08-03,45,0.5439645418874117,59.87324473496168,3.0497839022334663,2.8865126666666674,0.9464646542834627
24,135.64,24.92,22.46,4.88,86.83,8.28,3.925,96.64,92.86,97.05,92.41,-0.99,0.0,0.07058,0.274801,SIRMOUR_2026-08-03_09-45-28.webm,2026-08-03 09:45:00+05:30,2026-08-03 10:45:00+05:30,2026-08-03,60,0.5439645418874117,63.24314707919016,3.1849685228614675,3.395407333333334,1.0660724930125218
24,135.64,24.92,22.46,4.88,86.83,8.28,3.925,96.64,92.86,97.05,92.41,-0.99,0.0,0.07058,0.274801,SIRMOUR_2026-08-03_09-45-28.webm,2026-08-03 09:45:00+05:30,2026-08-03 11:00:00+05:30,2026-08-03,75,0.5439645418874117,66.58458275740735,3.304731370433117,2.417472,0.7315184591488194
24,135.64,24.92,22.46,4.88,86.83,8.28,3.925,96.64,92.86,97.05,92.41,-0.99,0.0,0.07058,0.274801,SIRMOUR_2026-08-03_09-45-28.webm,2026-08-03 09:45:00+05:30,2026-08-03 11:15:00+05:30,2026-08-03,90,0.5439645418874117,69.8807433675256,3.4083736420518482,2.393364666666667,0.7022013775537403
24,135.64,24.92,22.46,4.88,86.83,8.28,3.925,96.64,92.86,97.05,92.41,-0.99,0.0,0.07058,0.274801,SIRMOUR_2026-08-03_09-45-28.webm,2026-08-03 09:45:00+05:30,2026-08-03 11:30:00+05:30,2026-08-03,105,0.5439645418874117,73.10250119901605,3.4953027515632984,2.1182673333333337,0.6060325768306977
24,135.64,24.92,22.46,4.88,86.83,8.28,3.925,96.64,92.86,97.05,92.41,-0.99,0.0,0.07058,0.274801,SIRMOUR_2026-08-03_09-45-28.webm,2026-08-03 09:45:00+05:30,2026-08-03 11:45:00+05:30,2026-08-03,120,0.5439645418874117,76.19505174349364,3.5650295884990717,3.1421053333333333,0.8813686549670979
24,135.64,24.92,22.46,4.88,86.83,8.28,3.925,96.64,92.86,97.05,92.41,-0.99,0.0,0.07058,0.274801,SIRMOUR_2026-08-03_09-45-28.webm,2026-08-03 09:45:00+05:30,2026-08-03 12:00:00+05:30,2026-08-03,135,0.5439645418874117,79.04580397549769,3.6171667234442184,3.975246666666667,1.098994591789645
24,135.64,24.92,22.46,4.88,86.83,8.28,3.925,96.64,92.86,97.05,92.41,-0.99,0.0,0.07058,0.274801,SIRMOUR_2026-08-03_09-45-28.webm,2026-08-03 09:45:00+05:30,2026-08-03 12:15:00+05:30,2026-08-03,150,0.5439645418874117,81.40810129346546,3.6514274369519026,2.6337346666666663,0.7212890608241761
24,135.64,24.92,22.46,4.88,86.83,8.28,3.925,96.64,92.86,97.05,92.41,-0.99,0.0,0.07058,0.274801,SIRMOUR_2026-08-03_09-45-28.webm,2026-08-03 09:45:00+05:30,2026-08-03 12:30:00+05:30,2026-08-03,165,0.5439645418874117,82.78313862194591,3.6676253602997346,2.153606666666667,0.587193743935358
24,135.64,24.92,22.46,4.88,86.83,8.28,3.925,96.64,92.86,97.05,92.41,-0.99,0.0,0.07058,0.274801,SIRMOUR_2026-08-03_09-45-28.webm,2026-08-03 09:45:00+05:30,2026-08-03 12:45:00+05:30,2026-08-03,180,0.5439645418874117,82.59762864036348,3.665673372217879,4.056951333333334,1.1067410872122292
24,135.64,24.92,22.46,4.88,86.83,8.28,3.925,96.64,92.86,97.05,92.41,-0.99,0.0,0.07058,0.274801,SIRMOUR_2026-08-03_09-45-28.webm,2026-08-03 09:45:00+05:30,2026-08-03 13:00:00+05:30,2026-08-03,195,0.5439645418874117,80.94701719488378,3.645580885465455,3.735718,1.0247250348754877
24,135.64,24.92,22.46,4.88,86.83,8.28,3.925,96.64,92.86,97.05,92.41,-0.99,0.0,0.07058,0.274801,SIRMOUR_2026-08-03_09-45-28.webm,2026-08-03 09:45:00+05:30,2026-08-03 13:15:00+05:30,2026-08-03,210,0.5439645418874117,78.44348035620477,3.6074543844565086,3.119126,0.8646335248033693
24,135.64,24.92,22.46,4.88,86.83,8.28,3.925,96.64,92.86,97.05,92.41,-0.99,0.0,0.07058,0.274801,SIRMOUR_2026-08-03_09-45-28.webm,2026-08-03 09:45:00+05:30,2026-08-03 13:30:00+05:30,2026-08-03,225,0.5439645418874117,75.5239184294554,3.551500040877331,2.4952979999999996,0.7026039620665704
24,135.64,24.92,22.46,4.88,86.83,8.28,3.925,96.64,92.86,97.05,92.41,-0.99,0.0,0.07058,0.274801,SIRMOUR_2026-08-03_09-45-28.webm,2026-08-03 09:45:00+05:30,2026-08-03 13:45:00+05:30,2026-08-03,240,0.5439645418874117,72.39530043878551,3.4780244640105757,2.135303333333333,0.61394143584346
24,135.95,24.88,22.34,4.96,86.71,8.33,3.926,96.36,92.77,96.77,92.32,-1.08,0.001131,0.045485,0.204955,SIRMOUR_2026-08-03_11-15-29.webm,2026-08-03 11:15:00+05:30,2026-08-03 11:30:00+05:30,2026-08-03,15,0.861564245999636,73.10250119901605,3.4953027515632984,2.1182673333333337,0.6060325768306977
24,135.95,24.88,22.34,4.96,86.71,8.33,3.926,96.36,92.77,96.77,92.32,-1.08,0.001131,0.045485,0.204955,SIRMOUR_2026-08-03_11-15-29.webm,2026-08-03 11:15:00+05:30,2026-08-03 11:45:00+05:30,2026-08-03,30,0.861564245999636,76.19505174349364,3.5650295884990717,3.1421053333333333,0.8813686549670979
24,135.95,24.88,22.34,4.96,86.71,8.33,3.926,96.36,92.77,96.77,92.32,-1.08,0.001131,0.045485,0.204955,SIRMOUR_2026-08-03_11-15-29.webm,2026-08-03 11:15:00+05:30,2026-08-03 12:00:00+05:30,2026-08-03,45,0.861564245999636,79.04580397549769,3.6171667234442184,3.975246666666667,1.098994591789645
24,135.95,24.88,22.34,4.96,86.71,8.33,3.926,96.36,92.77,96.77,92.32,-1.08,0.001131,0.045485,0.204955,SIRMOUR_2026-08-03_11-15-29.webm,2026-08-03 11:15:00+05:30,2026-08-03 12:15:00+05:30,2026-08-03,60,0.861564245999636,81.40810129346546,3.6514274369519026,2.6337346666666663,0.7212890608241761
24,135.95,24.88,22.34,4.96,86.71,8.33,3.926,96.36,92.77,96.77,92.32,-1.08,0.001131,0.045485,0.204955,SIRMOUR_2026-08-03_11-15-29.webm,2026-08-03 11:15:00+05:30,2026-08-03 12:30:00+05:30,2026-08-03,75,0.861564245999636,82.78313862194591,3.6676253602997346,2.153606666666667,0.587193743935358
24,135.95,24.88,22.34,4.96,86.71,8.33,3.926,96.36,92.77,96.77,92.32,-1.08,0.001131,0.045485,0.204955,SIRMOUR_2026-08-03_11-15-29.webm,2026-08-03 11:15:00+05:30,2026-08-03 12:45:00+05:30,2026-08-03,90,0.861564245999636,82.59762864036348,3.665673372217879,4.056951333333334,1.1067410872122292
24,135.95,24.88,22.34,4.96,86.71,8.33,3.926,96.36,92.77,96.77,92.32,-1.08,0.001131,0.045485,0.204955,SIRMOUR_2026-08-03_11-15-29.webm,2026-08-03 11:15:00+05:30,2026-08-03 13:00:00+05:30,2026-08-03,105,0.861564245999636,80.94701719488378,3.645580885465455,3.735718,1.0247250348754877
24,135.95,24.88,22.34,4.96,86.71,8.33,3.926,96.36,92.77,96.77,92.32,-1.08,0.001131,0.045485,0.204955,SIRMOUR_2026-08-03_11-15-29.webm,2026-08-03 11:15:00+05:30,2026-08-03 13:15:00+05:30,2026-08-03,120,0.861564245999636,78.44348035620477,3.6074543844565086,3.119126,0.8646335248033693
24,135.95,24.88,22.34,4.96,86.71,8.33,3.926,96.36,92.77,96.77,92.32,-1.08,0.001131,0.045485,0.204955,SIRMOUR_2026-08-03_11-15-29.webm,2026-08-03 11:15:00+05:30,2026-08-03 13:30:00+05:30,2026-08-03,135,0.861564245999636,75.5239184294554,3.551500040877331,2.4952979999999996,0.7026039620665704
24,135.95,24.88,22.34,4.96,86.71,8.33,3.926,96.36,92.77,96.77,92.32,-1.08,0.001131,0.045485,0.204955,SIRMOUR_2026-08-03_11-15-29.webm,2026-08-03 11:15:00+05:30,2026-08-03 13:45:00+05:30,2026-08-03,150,0.861564245999636,72.39530043878551,3.4780244640105757,2.135303333333333,0.61394143584346
24,135.95,24.88,22.34,4.96,86.71,8.33,3.926,96.36,92.77,96.77,92.32,-1.08,0.001131,0.045485,0.204955,SIRMOUR_2026-08-03_11-15-29.webm,2026-08-03 11:15:00+05:30,2026-08-03 14:00:00+05:30,2026-08-03,165,0.861564245999636,69.15290289576194,3.3874351486686742,2.4484640000000004,0.7228076383874958
24,135.95,24.88,22.34,4.96,86.71,8.33,3.926,96.36,92.77,96.77,92.32,-1.08,0.001131,0.045485,0.204955,SIRMOUR_2026-08-03_11-15-29.webm,2026-08-03 11:15:00+05:30,2026-08-03 14:15:00+05:30,2026-08-03,180,0.861564245999636,65.84400095138231,3.2802416237940775,2.701508666666667,0.8235700221198883
24,135.95,24.88,22.34,4.96,86.71,8.33,3.926,96.36,92.77,96.77,92.32,-1.08,0.001131,0.045485,0.204955,SIRMOUR_2026-08-03_11-15-29.webm,2026-08-03 11:15:00+05:30,2026-08-03 14:30:00+05:30,2026-08-03,195,0.861564245999636,62.49420220128939,3.1570574533758418,3.019748,0.9565071414113744
24,135.95,24.88,22.34,4.96,86.71,8.33,3.926,96.36,92.77,96.77,92.32,-1.08,0.001131,0.045485,0.204955,SIRMOUR_2026-08-03_11-15-29.webm,2026-08-03 11:15:00+05:30,2026-08-03 14:45:00+05:30,2026-08-03,210,0.861564245999636,59.11853455593062,3.018603244407601,2.8646386666666666,0.948994761724259
24,135.95,24.88,22.34,4.96,86.71,8.33,3.926,96.36,92.77,96.77,92.32,-1.08,0.001131,0.045485,0.204955,SIRMOUR_2026-08-03_11-15-29.webm,2026-08-03 11:15:00+05:30,2026-08-03 15:00:00+05:30,2026-08-03,225,0.861564245999636,55.726465937848396,2.8657111327078137,2.9725069230769225,1.0372667674526557
24,135.95,24.88,22.34,4.96,86.71,8.33,3.926,96.36,92.77,96.77,92.32,-1.08,0.001131,0.045485,0.204955,SIRMOUR_2026-08-03_11-15-29.webm,2026-08-03 11:15:00+05:30,2026-08-03 15:15:00+05:30,2026-08-03,240,0.861564245999636,52.3243566900677,2.699331299091875,3.0305693333333337,1.1227111449242617
24,140.83,34.46,21.15,4.79,83.05,12.16,3.628,96.08,92.77,96.5,92.32,-1.38,0.0,0.061094,0.276073,SIRMOUR_2026-08-03_12-45-31.webm,2026-08-03 12:45:00+05:30,2026-08-03 13:00:00+05:30,2026-08-03,15,0.8785546209403521,80.94701719488378,3.645580885465455,3.735718,1.0247250348754877
24,140.83,34.46,21.15,4.79,83.05,12.16,3.628,96.08,92.77,96.5,92.32,-1.38,0.0,0.061094,0.276073,SIRMOUR_2026-08-03_12-45-31.webm,2026-08-03 12:45:00+05:30,2026-08-03 13:15:00+05:30,2026-08-03,30,0.8785546209403521,78.44348035620477,3.6074543844565086,3.119126,0.8646335248033693
24,140.83,34.46,21.15,4.79,83.05,12.16,3.628,96.08,92.77,96.5,92.32,-1.38,0.0,0.061094,0.276073,SIRMOUR_2026-08-03_12-45-31.webm,2026-08-03 12:45:00+05:30,2026-08-03 13:30:00+05:30,2026-08-03,45,0.8785546209403521,75.5239184294554,3.551500040877331,2.4952979999999996,0.7026039620665704
24,140.83,34.46,21.15,4.79,83.05,12.16,3.628,96.08,92.77,96.5,92.32,-1.38,0.0,0.061094,0.276073,SIRMOUR_2026-08-03_12-45-31.webm,2026-08-03 12:45:00+05:30,2026-08-03 13:45:00+05:30,2026-08-03,60,0.8785546209403521,72.39530043878551,3.4780244640105757,2.135303333333333,0.61394143584346
24,140.83,34.46,21.15,4.79,83.05,12.16,3.628,96.08,92.77,96.5,92.32,-1.38,0.0,0.061094,0.276073,SIRMOUR_2026-08-03_12-45-31.webm,2026-08-03 12:45:00+05:30,2026-08-03 14:00:00+05:30,2026-08-03,75,0.8785546209403521,69.15290289576194,3.3874351486686742,2.4484640000000004,0.7228076383874958
24,140.83,34.46,21.15,4.79,83.05,12.16,3.628,96.08,92.77,96.5,92.32,-1.38,0.0,0.061094,0.276073,SIRMOUR_2026-08-03_12-45-31.webm,2026-08-03 12:45:00+05:30,2026-08-03 14:15:00+05:30,2026-08-03,90,0.8785546209403521,65.84400095138231,3.2802416237940775,2.701508666666667,0.8235700221198883
24,140.83,34.46,21.15,4.79,83.05,12.16,3.628,96.08,92.77,96.5,92.32,-1.38,0.0,0.061094,0.276073,SIRMOUR_2026-08-03_12-45-31.webm,2026-08-03 12:45:00+05:30,2026-08-03 14:30:00+05:30,2026-08-03,105,0.8785546209403521,62.49420220128939,3.1570574533758418,3.019748,0.9565071414113744
24,140.83,34.46,21.15,4.79,83.05,12.16,3.628,96.08,92.77,96.5,92.32,-1.38,0.0,0.061094,0.276073,SIRMOUR_2026-08-03_12-45-31.webm,2026-08-03 12:45:00+05:30,2026-08-03 14:45:00+05:30,2026-08-03,120,0.8785546209403521,59.11853455593062,3.018603244407601,2.8646386666666666,0.948994761724259
24,140.83,34.46,21.15,4.79,83.05,12.16,3.628,96.08,92.77,96.5,92.32,-1.38,0.0,0.061094,0.276073,SIRMOUR_2026-08-03_12-45-31.webm,2026-08-03 12:45:00+05:30,2026-08-03 15:00:00+05:30,2026-08-03,135,0.8785546209403521,55.726465937848396,2.8657111327078137,2.9725069230769225,1.0372667674526557
24,140.83,34.46,21.15,4.79,83.05,12.16,3.628,96.08,92.77,96.5,92.32,-1.38,0.0,0.061094,0.276073,SIRMOUR_2026-08-03_12-45-31.webm,2026-08-03 12:45:00+05:30,2026-08-03 15:15:00+05:30,2026-08-03,150,0.8785546209403521,52.3243566900677,2.699331299091875,3.0305693333333337,1.1227111449242617
24,140.83,34.46,21.15,4.79,83.05,12.16,3.628,96.08,92.77,96.5,92.32,-1.38,0.0,0.061094,0.276073,SIRMOUR_2026-08-03_12-45-31.webm,2026-08-03 12:45:00+05:30,2026-08-03 15:30:00+05:30,2026-08-03,165,0.8785546209403521,48.91674251451588,2.520541282466211,2.1332633333333333,0.846351277074126
24,140.83,34.46,21.15,4.79,83.05,12.16,3.628,96.08,92.77,96.5,92.32,-1.38,0.0,0.061094,0.276073,SIRMOUR_2026-08-03_12-45-31.webm,2026-08-03 12:45:00+05:30,2026-08-03 15:45:00+05:30,2026-08-03,180,0.8785546209403521,45.507049949089165,2.330559435005918,1.671640666666667,0.7172701290333847
24,140.83,34.46,21.15,4.79,83.05,12.16,3.628,96.08,92.77,96.5,92.32,-1.38,0.0,0.061094,0.276073,SIRMOUR_2026-08-03_12-45-31.webm,2026-08-03 12:45:00+05:30,2026-08-03 16:00:00+05:30,2026-08-03,195,0.8785546209403521,42.09801817381811,2.130764255510698,2.1819846666666667,1.0240385162382464
24,140.83,34.46,21.15,4.79,83.05,12.16,3.628,96.08,92.77,96.5,92.32,-1.38,0.0,0.061094,0.276073,SIRMOUR_2026-08-03_12-45-31.webm,2026-08-03 12:45:00+05:30,2026-08-03 16:15:00+05:30,2026-08-03,210,0.8785546209403521,38.69196053047881,1.9227221500878893,1.7541366666666667,0.9123193731275648
24,140.83,34.46,21.15,4.79,83.05,12.16,3.628,96.08,92.77,96.5,92.32,-1.38,0.0,0.061094,0.276073,SIRMOUR_2026-08-03_12-45-31.webm,2026-08-03 12:45:00+05:30,2026-08-03 16:30:00+05:30,2026-08-03,225,0.8785546209403521,35.29093874765179,1.7082277165559643,1.5773593333333336,0.9233893807281851
24,140.83,34.46,21.15,4.79,83.05,12.16,3.628,96.08,92.77,96.5,92.32,-1.38,0.0,0.061094,0.276073,SIRMOUR_2026-08-03_12-45-31.webm,2026-08-03 12:45:00+05:30,2026-08-03 16:45:00+05:30,2026-08-03,240,0.8785546209403521,31.89688780679326,1.489362427011107,1.3115506666666663,0.8806121618756838
24,135.13,25.01,22.43,4.92,86.93,8.15,3.639,96.36,92.59,96.87,92.05,-1.07,0.0,0.049458,0.293028,SIRMOUR_2026-08-03_14-15-05.webm,2026-08-03 14:15:00+05:30,2026-08-03 14:30:00+05:30,2026-08-03,15,0.7157307646043536,62.49420220128939,3.1570574533758418,3.019748,0.9565071414113744
24,135.13,25.01,22.43,4.92,86.93,8.15,3.639,96.36,92.59,96.87,92.05,-1.07,0.0,0.049458,0.293028,SIRMOUR_2026-08-03_14-15-05.webm,2026-08-03 14:15:00+05:30,2026-08-03 14:45:00+05:30,2026-08-03,30,0.7157307646043536,59.11853455593062,3.018603244407601,2.8646386666666666,0.948994761724259
24,135.13,25.01,22.43,4.92,86.93,8.15,3.639,96.36,92.59,96.87,92.05,-1.07,0.0,0.049458,0.293028,SIRMOUR_2026-08-03_14-15-05.webm,2026-08-03 14:15:00+05:30,2026-08-03 15:00:00+05:30,2026-08-03,45,0.7157307646043536,55.726465937848396,2.8657111327078137,2.9725069230769225,1.0372667674526557
24,135.13,25.01,22.43,4.92,86.93,8.15,3.639,96.36,92.59,96.87,92.05,-1.07,0.0,0.049458,0.293028,SIRMOUR_2026-08-03_14-15-05.webm,2026-08-03 14:15:00+05:30,2026-08-03 15:15:00+05:30,2026-08-03,60,0.7157307646043536,52.3243566900677,2.699331299091875,3.0305693333333337,1.1227111449242617
24,135.13,25.01,22.43,4.92,86.93,8.15,3.639,96.36,92.59,96.87,92.05,-1.07,0.0,0.049458,0.293028,SIRMOUR_2026-08-03_14-15-05.webm,2026-08-03 14:15:00+05:30,2026-08-03 15:30:00+05:30,2026-08-03,75,0.7157307646043536,48.91674251451588,2.520541282466211,2.1332633333333333,0.846351277074126
24,135.13,25.01,22.43,4.92,86.93,8.15,3.639,96.36,92.59,96.87,92.05,-1.07,0.0,0.049458,0.293028,SIRMOUR_2026-08-03_14-15-05.webm,2026-08-03 14:15:00+05:30,2026-08-03 15:45:00+05:30,2026-08-03,90,0.7157307646043536,45.507049949089165,2.330559435005918,1.671640666666667,0.7172701290333847
24,135.13,25.01,22.43,4.92,86.93,8.15,3.639,96.36,92.59,96.87,92.05,-1.07,0.0,0.049458,0.293028,SIRMOUR_2026-08-03_14-15-05.webm,2026-08-03 14:15:00+05:30,2026-08-03 16:00:00+05:30,2026-08-03,105,0.7157307646043536,42.09801817381811,2.130764255510698,2.1819846666666667,1.0240385162382464
24,135.13,25.01,22.43,4.92,86.93,8.15,3.639,96.36,92.59,96.87,92.05,-1.07,0.0,0.049458,0.293028,SIRMOUR_2026-08-03_14-15-05.webm,2026-08-03 14:15:00+05:30,2026-08-03 16:15:00+05:30,2026-08-03,120,0.7157307646043536,38.69196053047881,1.9227221500878893,1.7541366666666667,0.9123193731275648
24,135.13,25.01,22.43,4.92,86.93,8.15,3.639,96.36,92.59,96.87,92.05,-1.07,0.0,0.049458,0.293028,SIRMOUR_2026-08-03_14-15-05.webm,2026-08-03 14:15:00+05:30,2026-08-03 16:30:00+05:30,2026-08-03,135,0.7157307646043536,35.29093874765179,1.7082277165559643,1.5773593333333336,0.9233893807281851
24,135.13,25.01,22.43,4.92,86.93,8.15,3.639,96.36,92.59,96.87,92.05,-1.07,0.0,0.049458,0.293028,SIRMOUR_2026-08-03_14-15-05.webm,2026-08-03 14:15:00+05:30,2026-08-03 16:45:00+05:30,2026-08-03,150,0.7157307646043536,31.89688780679326,1.489362427011107,1.3115506666666663,0.8806121618756838
24,135.13,25.01,22.43,4.92,86.93,8.15,3.639,96.36,92.59,96.87,92.05,-1.07,0.0,0.049458,0.293028,SIRMOUR_2026-08-03_14-15-05.webm,2026-08-03 14:15:00+05:30,2026-08-03 17:00:00+05:30,2026-08-03,165,0.7157307646043536,28.511714661015578,1.2685805923250373,1.3327439999999997,1.0505788974410877
24,135.13,25.01,22.43,4.92,86.93,8.15,3.639,96.36,92.59,96.87,92.05,-1.07,0.0,0.049458,0.293028,SIRMOUR_2026-08-03_14-15-05.webm,2026-08-03 14:15:00+05:30,2026-08-03 17:15:00+05:30,2026-08-03,180,0.7157307646043536,25.13739262242841,1.0488361873157006,1.134786,1.0819477948260652
24,135.13,25.01,22.43,4.92,86.93,8.15,3.639,96.36,92.59,96.87,92.05,-1.07,0.0,0.049458,0.293028,SIRMOUR_2026-08-03_14-15-05.webm,2026-08-03 14:15:00+05:30,2026-08-03 17:30:00+05:30,2026-08-03,195,0.7157307646043536,21.776071560652515,0.8337695876806888,0.8277719999999998,0.9928066605339102
24,135.13,25.01,22.43,4.92,86.93,8.15,3.639,96.36,92.59,96.87,92.05,-1.07,0.0,0.049458,0.293028,SIRMOUR_2026-08-03_14-15-05.webm,2026-08-03 14:15:00+05:30,2026-08-03 17:45:00+05:30,2026-08-03,210,0.7157307646043536,18.43023913609991,0.6279778953555921,0.8208949999999999,1.2
24,135.51,24.94,22.62,5.01,86.7,8.28,3.974,95.7,92.59,96.13,92.14,-1.07,0.001101,0.064023,0.23212,SIRMOUR_2026-08-03_15-45-12.webm,2026-08-03 15:45:00+05:30,2026-08-03 16:00:00+05:30,2026-08-03,15,0.9308998296211071,42.09801817381811,2.130764255510698,2.1819846666666667,1.0240385162382464
24,135.51,24.94,22.62,5.01,86.7,8.28,3.974,95.7,92.59,96.13,92.14,-1.07,0.001101,0.064023,0.23212,SIRMOUR_2026-08-03_15-45-12.webm,2026-08-03 15:45:00+05:30,2026-08-03 16:15:00+05:30,2026-08-03,30,0.9308998296211071,38.69196053047881,1.9227221500878893,1.7541366666666667,0.9123193731275648
24,135.51,24.94,22.62,5.01,86.7,8.28,3.974,95.7,92.59,96.13,92.14,-1.07,0.001101,0.064023,0.23212,SIRMOUR_2026-08-03_15-45-12.webm,2026-08-03 15:45:00+05:30,2026-08-03 16:30:00+05:30,2026-08-03,45,0.9308998296211071,35.29093874765179,1.7082277165559643,1.5773593333333336,0.9233893807281851
24,135.51,24.94,22.62,5.01,86.7,8.28,3.974,95.7,92.59,96.13,92.14,-1.07,0.001101,0.064023,0.23212,SIRMOUR_2026-08-03_15-45-12.webm,2026-08-03 15:45:00+05:30,2026-08-03 16:45:00+05:30,2026-08-03,60,0.9308998296211071,31.89688780679326,1.489362427011107,1.3115506666666663,0.8806121618756838
24,135.51,24.94,22.62,5.01,86.7,8.28,3.974,95.7,92.59,96.13,92.14,-1.07,0.001101,0.064023,0.23212,SIRMOUR_2026-08-03_15-45-12.webm,2026-08-03 15:45:00+05:30,2026-08-03 17:00:00+05:30,2026-08-03,75,0.9308998296211071,28.511714661015578,1.2685805923250373,1.3327439999999997,1.0505788974410877
24,135.51,24.94,22.62,5.01,86.7,8.28,3.974,95.7,92.59,96.13,92.14,-1.07,0.001101,0.064023,0.23212,SIRMOUR_2026-08-03_15-45-12.webm,2026-08-03 15:45:00+05:30,2026-08-03 17:15:00+05:30,2026-08-03,90,0.9308998296211071,25.13739262242841,1.0488361873157006,1.134786,1.0819477948260652
24,135.51,24.94,22.62,5.01,86.7,8.28,3.974,95.7,92.59,96.13,92.14,-1.07,0.001101,0.064023,0.23212,SIRMOUR_2026-08-03_15-45-12.webm,2026-08-03 15:45:00+05:30,2026-08-03 17:30:00+05:30,2026-08-03,105,0.9308998296211071,21.776071560652515,0.8337695876806888,0.8277719999999998,0.9928066605339102
24,135.51,24.94,22.62,5.01,86.7,8.28,3.974,95.7,92.59,96.13,92.14,-1.07,0.001101,0.064023,0.23212,SIRMOUR_2026-08-03_15-45-12.webm,2026-08-03 15:45:00+05:30,2026-08-03 17:45:00+05:30,2026-08-03,120,0.9308998296211071,18.43023913609991,0.6279778953555921,0.8208949999999999,1.2
24,135.38,24.97,22.36,4.92,86.88,8.2,3.832,96.36,92.77,96.77,92.32,-1.0,0.0,0.06333,0.268878,SIRMOUR_2026-08-04_06-45-13.webm,2026-08-04 06:45:00+05:30,2026-08-04 07:00:00+05:30,2026-08-04,15,0.6395597315375698,12.48505959188603,0.30310617010120183,0.12282599999999999,0.4052243474918064
24,135.38,24.97,22.36,4.92,86.88,8.2,3.832,96.36,92.77,96.77,92.32,-1.0,0.0,0.06333,0.268878,SIRMOUR_2026-08-04_06-45-13.webm,2026-08-04 06:45:00+05:30,2026-08-04 07:15:00+05:30,2026-08-04,30,0.6395597315375698,15.794604482947197,0.47674364448096046,0.20374733333333334,0.4273729407660102
24,135.38,24.97,22.36,4.92,86.88,8.2,3.832,96.36,92.77,96.77,92.32,-1.0,0.0,0.06333,0.268878,SIRMOUR_2026-08-04_06-45-13.webm,2026-08-04 06:45:00+05:30,2026-08-04 07:30:00+05:30,2026-08-04,45,0.6395597315375698,19.126043900406298,0.6714846408827368,0.2804313333333333,0.4176288127226216
24,135.38,24.97,22.36,4.92,86.88,8.2,3.832,96.36,92.77,96.77,92.32,-1.0,0.0,0.06333,0.268878,SIRMOUR_2026-08-04_06-45-13.webm,2026-08-04 06:45:00+05:30,2026-08-04 07:45:00+05:30,2026-08-04,60,0.6395597315375698,22.47529628624693,0.8800386671154046,0.3944806666666666,0.44825378862010395
24,135.38,24.97,22.36,4.92,86.88,8.2,3.832,96.36,92.77,96.77,92.32,-1.0,0.0,0.06333,0.268878,SIRMOUR_2026-08-04_06-45-13.webm,2026-08-04 06:45:00+05:30,2026-08-04 08:00:00+05:30,2026-08-04,75,0.6395597315375698,25.839387562013133,1.0967890652611894,0.6461266666666666,0.589107502191224
24,135.38,24.97,22.36,4.92,86.88,8.2,3.832,96.36,92.77,96.77,92.32,-1.0,0.0,0.06333,0.268878,SIRMOUR_2026-08-04_06-45-13.webm,2026-08-04 06:45:00+05:30,2026-08-04 08:15:00+05:30,2026-08-04,90,0.6395597315375698,29.215894501956626,1.317364022354745,0.7380153333333334,0.5602212606460553
24,135.38,24.97,22.36,4.92,86.88,8.2,3.832,96.36,92.77,96.77,92.32,-1.0,0.0,0.06333,0.268878,SIRMOUR_2026-08-04_06-45-13.webm,2026-08-04 06:45:00+05:30,2026-08-04 08:30:00+05:30,2026-08-04,105,0.6395597315375698,32.60268467708888,1.5382850691124696,0.8973146666666666,0.5833214432643372
24,135.38,24.97,22.36,4.92,86.88,8.2,3.832,96.36,92.77,96.77,92.32,-1.0,0.0,0.06333,0.268878,SIRMOUR_2026-08-04_06-45-13.webm,2026-08-04 06:45:00+05:30,2026-08-04 08:45:00+05:30,2026-08-04,120,0.6395597315375698,35.99776875116681,1.7567153652385834,0.920772,0.5241441033761027
24,135.38,24.97,22.36,4.92,86.88,8.2,3.832,96.36,92.77,96.77,92.32,-1.0,0.0,0.06333,0.268878,SIRMOUR_2026-08-04_06-45-13.webm,2026-08-04 06:45:00+05:30,2026-08-04 09:00:00+05:30,2026-08-04,135,0.6395597315375698,39.3991931318478,1.9702870222532902,1.0261353333333332,0.520805000359698
24,135.38,24.97,22.36,4.92,86.88,8.2,3.832,96.36,92.77,96.77,92.32,-1.0,0.0,0.06333,0.268878,SIRMOUR_2026-08-04_06-45-13.webm,2026-08-04 06:45:00+05:30,2026-08-04 09:15:00+05:30,2026-08-04,150,0.6395597315375698,42.804942120338055,2.1769840564110194,1.1048140000000002,0.5074975155405589
24,135.38,24.97,22.36,4.92,86.88,8.2,3.832,96.36,92.77,96.77,92.32,-1.0,0.0,0.06333,0.268878,SIRMOUR_2026-08-04_06-45-13.webm,2026-08-04 06:45:00+05:30,2026-08-04 09:30:00+05:30,2026-08-04,165,0.6395597315375698,46.21283009479655,2.375063050918022,0.8474466666666666,0.3568101766136722
24,135.38,24.97,22.36,4.92,86.88,8.2,3.832,96.36,92.77,96.77,92.32,-1.0,0.0,0.06333,0.268878,SIRMOUR_2026-08-04_06-45-13.webm,2026-08-04 06:45:00+05:30,2026-08-04 09:45:00+05:30,2026-08-04,180,0.6395597315375698,49.6203603925768,2.562998946543007,0.8860173333333332,0.3456955511153839
24,135.38,24.97,22.36,4.92,86.88,8.2,3.832,96.36,92.77,96.77,92.32,-1.0,0.0,0.06333,0.268878,SIRMOUR_2026-08-04_06-45-13.webm,2026-08-04 06:45:00+05:30,2026-08-04 10:00:00+05:30,2026-08-04,195,0.6395597315375698,53.02452383836245,2.7394477927807683,1.3650260000000003,0.49828509365910745
24,135.38,24.97,22.36,4.92,86.88,8.2,3.832,96.36,92.77,96.77,92.32,-1.0,0.0,0.06333,0.268878,SIRMOUR_2026-08-04_06-45-13.webm,2026-08-04 06:45:00+05:30,2026-08-04 10:15:00+05:30,2026-08-04,210,0.6395597315375698,56.421491335433146,2.903221064728297,1.0043726666666666,0.34595115021344836
24,135.38,24.97,22.36,4.92,86.88,8.2,3.832,96.36,92.77,96.77,92.32,-1.0,0.0,0.06333,0.268878,SIRMOUR_2026-08-04_06-45-13.webm,2026-08-04 06:45:00+05:30,2026-08-04 10:30:00+05:30,2026-08-04,225,0.6395597315375698,59.80611252114333,3.0532677670086255,0.880398,0.28834614818684945
24,135.38,24.97,22.36,4.92,86.88,8.2,3.832,96.36,92.77,96.77,92.32,-1.0,0.0,0.06333,0.268878,SIRMOUR_2026-08-04_06-45-13.webm,2026-08-04 06:45:00+05:30,2026-08-04 10:45:00+05:30,2026-08-04,240,0.6395597315375698,63.17105662005769,3.1886619826736946,1.791869333333333,0.56195022961664
24,135.51,24.95,22.46,4.9,86.85,8.25,3.829,96.36,92.77,96.77,92.32,-0.93,0.0,0.049213,0.236243,SIRMOUR_2026-08-04_08-15-08.webm,2026-08-04 08:15:00+05:30,2026-08-04 08:30:00+05:30,2026-08-04,15,0.5038028410450012,32.60268467708888,1.5382850691124696,0.8973146666666666,0.5833214432643372
24,135.51,24.95,22.46,4.9,86.85,8.25,3.829,96.36,92.77,96.77,92.32,-0.93,0.0,0.049213,0.236243,SIRMOUR_2026-08-04_08-15-08.webm,2026-08-04 08:15:00+05:30,2026-08-04 08:45:00+05:30,2026-08-04,30,0.5038028410450012,35.99776875116681,1.7567153652385834,0.920772,0.5241441033761027
24,135.51,24.95,22.46,4.9,86.85,8.25,3.829,96.36,92.77,96.77,92.32,-0.93,0.0,0.049213,0.236243,SIRMOUR_2026-08-04_08-15-08.webm,2026-08-04 08:15:00+05:30,2026-08-04 09:00:00+05:30,2026-08-04,45,0.5038028410450012,39.3991931318478,1.9702870222532902,1.0261353333333332,0.520805000359698
24,135.51,24.95,22.46,4.9,86.85,8.25,3.829,96.36,92.77,96.77,92.32,-0.93,0.0,0.049213,0.236243,SIRMOUR_2026-08-04_08-15-08.webm,2026-08-04 08:15:00+05:30,2026-08-04 09:15:00+05:30,2026-08-04,60,0.5038028410450012,42.804942120338055,2.1769840564110194,1.1048140000000002,0.5074975155405589
24,135.51,24.95,22.46,4.9,86.85,8.25,3.829,96.36,92.77,96.77,92.32,-0.93,0.0,0.049213,0.236243,SIRMOUR_2026-08-04_08-15-08.webm,2026-08-04 08:15:00+05:30,2026-08-04 09:30:00+05:30,2026-08-04,75,0.5038028410450012,46.21283009479655,2.375063050918022,0.8474466666666666,0.3568101766136722
24,135.51,24.95,22.46,4.9,86.85,8.25,3.829,96.36,92.77,96.77,92.32,-0.93,0.0,0.049213,0.236243,SIRMOUR_2026-08-04_08-15-08.webm,2026-08-04 08:15:00+05:30,2026-08-04 09:45:00+05:30,2026-08-04,90,0.5038028410450012,49.6203603925768,2.562998946543007,0.8860173333333332,0.3456955511153839
24,135.51,24.95,22.46,4.9,86.85,8.25,3.829,96.36,92.77,96.77,92.32,-0.93,0.0,0.049213,0.236243,SIRMOUR_2026-08-04_08-15-08.webm,2026-08-04 08:15:00+05:30,2026-08-04 10:00:00+05:30,2026-08-04,105,0.5038028410450012,53.02452383836245,2.7394477927807683,1.3650260000000003,0.49828509365910745
24,135.51,24.95,22.46,4.9,86.85,8.25,3.829,96.36,92.77,96.77,92.32,-0.93,0.0,0.049213,0.236243,SIRMOUR_2026-08-04_08-15-08.webm,2026-08-04 08:15:00+05:30,2026-08-04 10:15:00+05:30,2026-08-04,120,0.5038028410450012,56.421491335433146,2.903221064728297,1.0043726666666666,0.34595115021344836
24,135.51,24.95,22.46,4.9,86.85,8.25,3.829,96.36,92.77,96.77,92.32,-0.93,0.0,0.049213,0.236243,SIRMOUR_2026-08-04_08-15-08.webm,2026-08-04 08:15:00+05:30,2026-08-04 10:30:00+05:30,2026-08-04,135,0.5038028410450012,59.80611252114333,3.0532677670086255,0.880398,0.28834614818684945
24,135.51,24.95,22.46,4.9,86.85,8.25,3.829,96.36,92.77,96.77,92.32,-0.93,0.0,0.049213,0.236243,SIRMOUR_2026-08-04_08-15-08.webm,2026-08-04 08:15:00+05:30,2026-08-04 10:45:00+05:30,2026-08-04,150,0.5038028410450012,63.17105662005769,3.1886619826736946,1.791869333333333,0.56195022961664
24,135.51,24.95,22.46,4.9,86.85,8.25,3.829,96.36,92.77,96.77,92.32,-0.93,0.0,0.049213,0.236243,SIRMOUR_2026-08-04_08-15-08.webm,2026-08-04 08:15:00+05:30,2026-08-04 11:00:00+05:30,2026-08-04,165,0.5038028410450012,66.50525658142533,3.3085942665484103,0.9839406666666668,0.29738934042617826
24,135.51,24.95,22.46,4.9,86.85,8.25,3.829,96.36,92.77,96.77,92.32,-0.93,0.0,0.049213,0.236243,SIRMOUR_2026-08-04_08-15-08.webm,2026-08-04 08:15:00+05:30,2026-08-04 11:15:00+05:30,2026-08-04,180,0.5038028410450012,69.79090743398596,3.4123656316535875,0.5121333333333333,0.15008161159012737
24,135.51,24.95,22.46,4.9,86.85,8.25,3.829,96.36,92.77,96.77,92.32,-0.93,0.0,0.049213,0.236243,SIRMOUR_2026-08-04_08-15-08.webm,2026-08-04 08:15:00+05:30,2026-08-04 11:30:00+05:30,2026-08-04,195,0.5038028410450012,72.9972712878875,3.499383424711552,0.4803093333333333,0.13725541760915336
24,135.51,24.95,22.46,4.9,86.85,8.25,3.829,96.36,92.77,96.77,92.32,-0.93,0.0,0.049213,0.236243,SIRMOUR_2026-08-04_08-15-08.webm,2026-08-04 08:15:00+05:30,2026-08-04 11:45:00+05:30,2026-08-04,210,0.5038028410450012,76.06693854805646,3.5691585819165894,0.6861013333333335,0.19223055450926654
24,135.51,24.95,22.46,4.9,86.85,8.25,3.829,96.36,92.77,96.77,92.32,-0.93,0.0,0.049213,0.236243,SIRMOUR_2026-08-04_08-15-08.webm,2026-08-04 08:15:00+05:30,2026-08-04 12:00:00+05:30,2026-08-04,225,0.5038028410450012,78.8835434666345,3.6213038333493652,1.613130666666667,0.44545576425015765
24,135.51,24.95,22.46,4.9,86.85,8.25,3.829,96.36,92.77,96.77,92.32,-0.93,0.0,0.049213,0.236243,SIRMOUR_2026-08-04_08-15-08.webm,2026-08-04 08:15:00+05:30,2026-08-04 12:15:00+05:30,2026-08-04,240,0.5038028410450012,81.19827558368549,3.6555327219406397,0.9287240000000001,0.25405982401026395
24,135.18,25.01,22.38,4.93,86.84,8.22,3.712,95.7,92.95,96.04,92.59,-0.96,0.0,0.047513,0.201327,SIRMOUR_2026-08-04_09-45-08.webm,2026-08-04 09:45:00+05:30,2026-08-04 10:00:00+05:30,2026-08-04,15,0.4327020609073282,53.02452383836245,2.7394477927807683,1.3650260000000003,0.49828509365910745
24,135.18,25.01,22.38,4.93,86.84,8.22,3.712,95.7,92.95,96.04,92.59,-0.96,0.0,0.047513,0.201327,SIRMOUR_2026-08-04_09-45-08.webm,2026-08-04 09:45:00+05:30,2026-08-04 10:15:00+05:30,2026-08-04,30,0.4327020609073282,56.421491335433146,2.903221064728297,1.0043726666666666,0.34595115021344836
24,135.18,25.01,22.38,4.93,86.84,8.22,3.712,95.7,92.95,96.04,92.59,-0.96,0.0,0.047513,0.201327,SIRMOUR_2026-08-04_09-45-08.webm,2026-08-04 09:45:00+05:30,2026-08-04 10:30:00+05:30,2026-08-04,45,0.4327020609073282,59.80611252114333,3.0532677670086255,0.880398,0.28834614818684945
24,135.18,25.01,22.38,4.93,86.84,8.22,3.712,95.7,92.95,96.04,92.59,-0.96,0.0,0.047513,0.201327,SIRMOUR_2026-08-04_09-45-08.webm,2026-08-04 09:45:00+05:30,2026-08-04 10:45:00+05:30,2026-08-04,60,0.4327020609073282,63.17105662005769,3.1886619826736946,1.791869333333333,0.56195022961664
24,135.18,25.01,22.38,4.93,86.84,8.22,3.712,95.7,92.95,96.04,92.59,-0.96,0.0,0.047513,0.201327,SIRMOUR_2026-08-04_09-45-08.webm,2026-08-04 09:45:00+05:30,2026-08-04 11:00:00+05:30,2026-08-04,75,0.4327020609073282,66.50525658142533,3.3085942665484103,0.9839406666666668,0.29738934042617826
24,135.18,25.01,22.38,4.93,86.84,8.22,3.712,95.7,92.95,96.04,92.59,-0.96,0.0,0.047513,0.201327,SIRMOUR_2026-08-04_09-45-08.webm,2026-08-04 09:45:00+05:30,2026-08-04 11:15:00+05:30,2026-08-04,90,0.4327020609073282,69.79090743398596,3.4123656316535875,0.5121333333333333,0.15008161159012737
24,135.18,25.01,22.38,4.93,86.84,8.22,3.712,95.7,92.95,96.04,92.59,-0.96,0.0,0.047513,0.201327,SIRMOUR_2026-08-04_09-45-08.webm,2026-08-04 09:45:00+05:30,2026-08-04 11:30:00+05:30,2026-08-04,105,0.4327020609073282,72.9972712878875,3.499383424711552,0.4803093333333333,0.13725541760915336
24,135.18,25.01,22.38,4.93,86.84,8.22,3.712,95.7,92.95,96.04,92.59,-0.96,0.0,0.047513,0.201327,SIRMOUR_2026-08-04_09-45-08.webm,2026-08-04 09:45:00+05:30,2026-08-04 11:45:00+05:30,2026-08-04,120,0.4327020609073282,76.06693854805646,3.5691585819165894,0.6861013333333335,0.19223055450926654
24,135.18,25.01,22.38,4.93,86.84,8.22,3.712,95.7,92.95,96.04,92.59,-0.96,0.0,0.047513,0.201327,SIRMOUR_2026-08-04_09-45-08.webm,2026-08-04 09:45:00+05:30,2026-08-04 12:00:00+05:30,2026-08-04,135,0.4327020609073282,78.8835434666345,3.6213038333493652,1.613130666666667,0.44545576425015765
24,135.18,25.01,22.38,4.93,86.84,8.22,3.712,95.7,92.95,96.04,92.59,-0.96,0.0,0.047513,0.201327,SIRMOUR_2026-08-04_09-45-08.webm,2026-08-04 09:45:00+05:30,2026-08-04 12:15:00+05:30,2026-08-04,150,0.4327020609073282,81.19827558368549,3.6555327219406397,0.9287240000000001,0.25405982401026395
24,135.18,25.01,22.38,4.93,86.84,8.22,3.712,95.7,92.95,96.04,92.59,-0.96,0.0,0.047513,0.201327,SIRMOUR_2026-08-04_09-45-08.webm,2026-08-04 09:45:00+05:30,2026-08-04 12:30:00+05:30,2026-08-04,165,0.4327020609073282,82.52727140656314,3.671659191654352,1.0725486666666666,0.2921155288880188
24,135.18,25.01,22.38,4.93,86.84,8.22,3.712,95.7,92.95,96.04,92.59,-0.96,0.0,0.047513,0.201327,SIRMOUR_2026-08-04_09-45-08.webm,2026-08-04 09:45:00+05:30,2026-08-04 12:45:00+05:30,2026-08-04,180,0.4327020609073282,82.33821343096295,3.669596457183904,0.9004366666666668,0.24537757139586777
24,135.18,25.01,22.38,4.93,86.84,8.22,3.712,95.7,92.95,96.04,92.59,-0.96,0.0,0.047513,0.201327,SIRMOUR_2026-08-04_09-45-08.webm,2026-08-04 09:45:00+05:30,2026-08-04 13:00:00+05:30,2026-08-04,195,0.4327020609073282,80.72347394883963,3.64935452141347,1.2487733333333335,0.3421901944592815
24,135.18,25.01,22.38,4.93,86.84,8.22,3.712,95.7,92.95,96.04,92.59,-0.96,0.0,0.047513,0.201327,SIRMOUR_2026-08-04_09-45-08.webm,2026-08-04 09:45:00+05:30,2026-08-04 13:15:00+05:30,2026-08-04,210,0.4327020609073282,78.2577467538477,3.6110406840030818,2.2724126666666664,0.6292957807796128
24,135.18,25.01,22.38,4.93,86.84,8.22,3.712,95.7,92.95,96.04,92.59,-0.96,0.0,0.047513,0.201327,SIRMOUR_2026-08-04_09-45-08.webm,2026-08-04 09:45:00+05:30,2026-08-04 13:30:00+05:30,2026-08-04,225,0.4327020609073282,75.36597102691778,3.554861961029088,2.482896666666667,0.6984509367412678
24,135.18,25.01,22.38,4.93,86.84,8.22,3.712,95.7,92.95,96.04,92.59,-0.96,0.0,0.047513,0.201327,SIRMOUR_2026-08-04_09-45-08.webm,2026-08-04 09:45:00+05:30,2026-08-04 13:45:00+05:30,2026-08-04,240,0.4327020609073282,72.25641706321387,3.481125876852893,2.3350607142857145,0.6707774429566801
24,134.92,25.06,22.42,5.12,86.65,8.22,3.648,95.99,92.33,96.22,92.05,-1.32,-0.00161,0.043557,0.251402,SIRMOUR_2026-08-04_11-15-18.webm,2026-08-04 11:15:00+05:30,2026-08-04 11:30:00+05:30,2026-08-04,15,0.3244418324549488,72.9972712878875,3.499383424711552,0.4803093333333333,0.13725541760915336
24,134.92,25.06,22.42,5.12,86.65,8.22,3.648,95.99,92.33,96.22,92.05,-1.32,-0.00161,0.043557,0.251402,SIRMOUR_2026-08-04_11-15-18.webm,2026-08-04 11:15:00+05:30,2026-08-04 11:45:00+05:30,2026-08-04,30,0.3244418324549488,76.06693854805646,3.5691585819165894,0.6861013333333335,0.19223055450926654
24,134.92,25.06,22.42,5.12,86.65,8.22,3.648,95.99,92.33,96.22,92.05,-1.32,-0.00161,0.043557,0.251402,SIRMOUR_2026-08-04_11-15-18.webm,2026-08-04 11:15:00+05:30,2026-08-04 12:00:00+05:30,2026-08-04,45,0.3244418324549488,78.8835434666345,3.6213038333493652,1.613130666666667,0.44545576425015765
24,134.92,25.06,22.42,5.12,86.65,8.22,3.648,95.99,92.33,96.22,92.05,-1.32,-0.00161,0.043557,0.251402,SIRMOUR_2026-08-04_11-15-18.webm,2026-08-04 11:15:00+05:30,2026-08-04 12:15:00+05:30,2026-08-04,60,0.3244418324549488,81.19827558368549,3.6555327219406397,0.9287240000000001,0.25405982401026395
24,134.92,25.06,22.42,5.12,86.65,8.22,3.648,95.99,92.33,96.22,92.05,-1.32,-0.00161,0.043557,0.251402,SIRMOUR_2026-08-04_11-15-18.webm,2026-08-04 11:15:00+05:30,2026-08-04 12:30:00+05:30,2026-08-04,75,0.3244418324549488,82.52727140656314,3.671659191654352,1.0725486666666666,0.2921155288880188
24,134.92,25.06,22.42,5.12,86.65,8.22,3.648,95.99,92.33,96.22,92.05,-1.32,-0.00161,0.043557,0.251402,SIRMOUR_2026-08-04_11-15-18.webm,2026-08-04 11:15:00+05:30,2026-08-04 12:45:00+05:30,2026-08-04,90,0.3244418324549488,82.33821343096295,3.669596457183904,0.9004366666666668,0.24537757139586777
24,134.92,25.06,22.42,5.12,86.65,8.22,3.648,95.99,92.33,96.22,92.05,-1.32,-0.00161,0.043557,0.251402,SIRMOUR_2026-08-04_11-15-18.webm,2026-08-04 11:15:00+05:30,2026-08-04 13:00:00+05:30,2026-08-04,105,0.3244418324549488,80.72347394883963,3.64935452141347,1.2487733333333335,0.3421901944592815
24,134.92,25.06,22.42,5.12,86.65,8.22,3.648,95.99,92.33,96.22,92.05,-1.32,-0.00161,0.043557,0.251402,SIRMOUR_2026-08-04_11-15-18.webm,2026-08-04 11:15:00+05:30,2026-08-04 13:15:00+05:30,2026-08-04,120,0.3244418324549488,78.2577467538477,3.6110406840030818,2.2724126666666664,0.6292957807796128
24,134.92,25.06,22.42,5.12,86.65,8.22,3.648,95.99,92.33,96.22,92.05,-1.32,-0.00161,0.043557,0.251402,SIRMOUR_2026-08-04_11-15-18.webm,2026-08-04 11:15:00+05:30,2026-08-04 13:30:00+05:30,2026-08-04,135,0.3244418324549488,75.36597102691778,3.554861961029088,2.482896666666667,0.6984509367412678
24,134.92,25.06,22.42,5.12,86.65,8.22,3.648,95.99,92.33,96.22,92.05,-1.32,-0.00161,0.043557,0.251402,SIRMOUR_2026-08-04_11-15-18.webm,2026-08-04 11:15:00+05:30,2026-08-04 13:45:00+05:30,2026-08-04,150,0.3244418324549488,72.25641706321387,3.481125876852893,2.3350607142857145,0.6707774429566801
24,134.92,25.06,22.42,5.12,86.65,8.22,3.648,95.99,92.33,96.22,92.05,-1.32,-0.00161,0.043557,0.251402,SIRMOUR_2026-08-04_11-15-18.webm,2026-08-04 11:15:00+05:30,2026-08-04 14:00:00+05:30,2026-08-04,165,0.3244418324549488,69.02707522418348,3.3902409570986545,1.688475333333333,0.4980399194924242
24,134.92,25.06,22.42,5.12,86.65,8.22,3.648,95.99,92.33,96.22,92.05,-1.32,-0.00161,0.043557,0.251402,SIRMOUR_2026-08-04_11-15-18.webm,2026-08-04 11:15:00+05:30,2026-08-04 14:15:00+05:30,2026-08-04,180,0.3244418324549488,65.72719089845391,3.2827178919636193,1.516788,0.46205249732644704
24,134.92,25.06,22.42,5.12,86.65,8.22,3.648,95.99,92.33,96.22,92.05,-1.32,-0.00161,0.043557,0.251402,SIRMOUR_2026-08-04_11-15-18.webm,2026-08-04 11:15:00+05:30,2026-08-04 14:30:00+05:30,2026-08-04,195,0.3244418324549488,62.38363643821022,3.1591715487117544,1.3902306666666666,0.44006178367666493
24,134.92,25.06,22.42,5.12,86.65,8.22,3.648,95.99,92.33,96.22,92.05,-1.32,-0.00161,0.043557,0.251402,SIRMOUR_2026-08-04_11-15-18.webm,2026-08-04 11:15:00+05:30,2026-08-04 14:45:00+05:30,2026-08-04,210,0.3244418324549488,59.012246000467606,3.0203239979222,1.4365279999999998,0.4756204966712989
24,134.92,25.06,22.42,5.12,86.65,8.22,3.648,95.99,92.33,96.22,92.05,-1.32,-0.00161,0.043557,0.251402,SIRMOUR_2026-08-04_11-15-18.webm,2026-08-04 11:15:00+05:30,2026-08-04 15:00:00+05:30,2026-08-04,225,0.3244418324549488,55.62301234918243,2.8670090294806654,1.6541386666666664,0.5769562110400119
24,134.92,25.06,22.42,5.12,86.65,8.22,3.648,95.99,92.33,96.22,92.05,-1.32,-0.00161,0.043557,0.251402,SIRMOUR_2026-08-04_11-15-18.webm,2026-08-04 11:15:00+05:30,2026-08-04 15:15:00+05:30,2026-08-04,240,0.3244418324549488,52.222646790075544,2.7001787178624923,2.2622686666666665,0.8378218270150344
24,135.31,25.0,22.31,4.88,86.94,8.18,3.667,95.99,92.5,96.31,92.14,-1.0,0.000939,0.034516,0.080412,SIRMOUR_2026-08-04_12-45-09.webm,2026-08-04 12:45:00+05:30,2026-08-04 13:00:00+05:30,2026-08-04,15,0.30925217213607703,80.72347394883963,3.64935452141347,1.2487733333333335,0.3421901944592815
24,135.31,25.0,22.31,4.88,86.94,8.18,3.667,95.99,92.5,96.31,92.14,-1.0,0.000939,0.034516,0.080412,SIRMOUR_2026-08-04_12-45-09.webm,2026-08-04 12:45:00+05:30,2026-08-04 13:15:00+05:30,2026-08-04,30,0.30925217213607703,78.2577467538477,3.6110406840030818,2.2724126666666664,0.6292957807796128
24,135.31,25.0,22.31,4.88,86.94,8.18,3.667,95.99,92.5,96.31,92.14,-1.0,0.000939,0.034516,0.080412,SIRMOUR_2026-08-04_12-45-09.webm,2026-08-04 12:45:00+05:30,2026-08-04 13:30:00+05:30,2026-08-04,45,0.30925217213607703,75.36597102691778,3.554861961029088,2.482896666666667,0.6984509367412678
24,135.31,25.0,22.31,4.88,86.94,8.18,3.667,95.99,92.5,96.31,92.14,-1.0,0.000939,0.034516,0.080412,SIRMOUR_2026-08-04_12-45-09.webm,2026-08-04 12:45:00+05:30,2026-08-04 13:45:00+05:30,2026-08-04,60,0.30925217213607703,72.25641706321387,3.481125876852893,2.3350607142857145,0.6707774429566801
24,135.31,25.0,22.31,4.88,86.94,8.18,3.667,95.99,92.5,96.31,92.14,-1.0,0.000939,0.034516,0.080412,SIRMOUR_2026-08-04_12-45-09.webm,2026-08-04 12:45:00+05:30,2026-08-04 14:00:00+05:30,2026-08-04,75,0.30925217213607703,69.02707522418348,3.3902409570986545,1.688475333333333,0.4980399194924242
24,135.31,25.0,22.31,4.88,86.94,8.18,3.667,95.99,92.5,96.31,92.14,-1.0,0.000939,0.034516,0.080412,SIRMOUR_2026-08-04_12-45-09.webm,2026-08-04 12:45:00+05:30,2026-08-04 14:15:00+05:30,2026-08-04,90,0.30925217213607703,65.72719089845391,3.2827178919636193,1.516788,0.46205249732644704
24,135.31,25.0,22.31,4.88,86.94,8.18,3.667,95.99,92.5,96.31,92.14,-1.0,0.000939,0.034516,0.080412,SIRMOUR_2026-08-04_12-45-09.webm,2026-08-04 12:45:00+05:30,2026-08-04 14:30:00+05:30,2026-08-04,105,0.30925217213607703,62.38363643821022,3.1591715487117544,1.3902306666666666,0.44006178367666493
24,135.31,25.0,22.31,4.88,86.94,8.18,3.667,95.99,92.5,96.31,92.14,-1.0,0.000939,0.034516,0.080412,SIRMOUR_2026-08-04_12-45-09.webm,2026-08-04 12:45:00+05:30,2026-08-04 14:45:00+05:30,2026-08-04,120,0.30925217213607703,59.012246000467606,3.0203239979222,1.4365279999999998,0.4756204966712989
24,135.31,25.0,22.31,4.88,86.94,8.18,3.667,95.99,92.5,96.31,92.14,-1.0,0.000939,0.034516,0.080412,SIRMOUR_2026-08-04_12-45-09.webm,2026-08-04 12:45:00+05:30,2026-08-04 15:00:00+05:30,2026-08-04,135,0.30925217213607703,55.62301234918243,2.8670090294806654,1.6541386666666664,0.5769562110400119
24,135.31,25.0,22.31,4.88,86.94,8.18,3.667,95.99,92.5,96.31,92.14,-1.0,0.000939,0.034516,0.080412,SIRMOUR_2026-08-04_12-45-09.webm,2026-08-04 12:45:00+05:30,2026-08-04 15:15:00+05:30,2026-08-04,150,0.30925217213607703,52.222646790075544,2.7001787178624923,2.2622686666666665,0.8378218270150344
24,135.31,25.0,22.31,4.88,86.94,8.18,3.667,95.99,92.5,96.31,92.14,-1.0,0.000939,0.034516,0.080412,SIRMOUR_2026-08-04_12-45-09.webm,2026-08-04 12:45:00+05:30,2026-08-04 15:30:00+05:30,2026-08-04,165,0.30925217213607703,48.815925895205645,2.5209128128051743,1.7985306666666667,0.7134442165277947
24,135.31,25.0,22.31,4.88,86.94,8.18,3.667,95.99,92.5,96.31,92.14,-1.0,0.000939,0.034516,0.080412,SIRMOUR_2026-08-04_12-45-09.webm,2026-08-04 12:45:00+05:30,2026-08-04 15:45:00+05:30,2026-08-04,180,0.30925217213607703,45.40644534646273,2.330432317807641,1.4952493333333334,0.6416188626923919
24,135.31,25.0,22.31,4.88,86.94,8.18,3.667,95.99,92.5,96.31,92.14,-1.0,0.000939,0.034516,0.080412,SIRMOUR_2026-08-04_12-45-09.webm,2026-08-04 12:45:00+05:30,2026-08-04 16:00:00+05:30,2026-08-04,195,0.30925217213607703,41.99706540263604,2.130119019367755,1.491189333333333,0.7000497717615497
24,135.31,25.0,22.31,4.88,86.94,8.18,3.667,95.99,92.5,96.31,92.14,-1.0,0.000939,0.034516,0.080412,SIRMOUR_2026-08-04_12-45-09.webm,2026-08-04 12:45:00+05:30,2026-08-04 16:15:00+05:30,2026-08-04,210,0.30925217213607703,38.59018743125118,1.9215435606486408,1.5546113333333333,0.8090429825117027
24,135.31,25.0,22.31,4.88,86.94,8.18,3.667,95.99,92.5,96.31,92.14,-1.0,0.000939,0.034516,0.080412,SIRMOUR_2026-08-04_12-45-09.webm,2026-08-04 12:45:00+05:30,2026-08-04 16:30:00+05:30,2026-08-04,225,0.30925217213607703,35.18793795322123,1.7065062316005961,1.7593080000000003,1.0309414448196181
24,135.31,25.0,22.31,4.88,86.94,8.18,3.667,95.99,92.5,96.31,92.14,-1.0,0.000939,0.034516,0.080412,SIRMOUR_2026-08-04_12-45-09.webm,2026-08-04 12:45:00+05:30,2026-08-04 16:45:00+05:30,2026-08-04,240,0.30925217213607703,31.79230017236292,1.487096478391644,1.358137333333333,0.9132812518002964
24,135.12,25.01,22.55,4.96,86.84,8.2,3.691,96.08,92.68,96.31,92.41,-1.13,0.000931,0.044633,0.0995,SIRMOUR_2026-08-04_14-15-15.webm,2026-08-04 14:15:00+05:30,2026-08-04 14:30:00+05:30,2026-08-04,15,0.5823301991292048,62.38363643821022,3.1591715487117544,1.3902306666666666,0.44006178367666493
24,135.12,25.01,22.55,4.96,86.84,8.2,3.691,96.08,92.68,96.31,92.41,-1.13,0.000931,0.044633,0.0995,SIRMOUR_2026-08-04_14-15-15.webm,2026-08-04 14:15:00+05:30,2026-08-04 14:45:00+05:30,2026-08-04,30,0.5823301991292048,59.012246000467606,3.0203239979222,1.4365279999999998,0.4756204966712989
24,135.12,25.01,22.55,4.96,86.84,8.2,3.691,96.08,92.68,96.31,92.41,-1.13,0.000931,0.044633,0.0995,SIRMOUR_2026-08-04_14-15-15.webm,2026-08-04 14:15:00+05:30,2026-08-04 15:00:00+05:30,2026-08-04,45,0.5823301991292048,55.62301234918243,2.8670090294806654,1.6541386666666664,0.5769562110400119
24,135.12,25.01,22.55,4.96,86.84,8.2,3.691,96.08,92.68,96.31,92.41,-1.13,0.000931,0.044633,0.0995,SIRMOUR_2026-08-04_14-15-15.webm,2026-08-04 14:15:00+05:30,2026-08-04 15:15:00+05:30,2026-08-04,60,0.5823301991292048,52.222646790075544,2.7001787178624923,2.2622686666666665,0.8378218270150344
24,135.12,25.01,22.55,4.96,86.84,8.2,3.691,96.08,92.68,96.31,92.41,-1.13,0.000931,0.044633,0.0995,SIRMOUR_2026-08-04_14-15-15.webm,2026-08-04 14:15:00+05:30,2026-08-04 15:30:00+05:30,2026-08-04,75,0.5823301991292048,48.815925895205645,2.5209128128051743,1.7985306666666667,0.7134442165277947
24,135.12,25.01,22.55,4.96,86.84,8.2,3.691,96.08,92.68,96.31,92.41,-1.13,0.000931,0.044633,0.0995,SIRMOUR_2026-08-04_14-15-15.webm,2026-08-04 14:15:00+05:30,2026-08-04 15:45:00+05:30,2026-08-04,90,0.5823301991292048,45.40644534646273,2.330432317807641,1.4952493333333334,0.6416188626923919
24,135.12,25.01,22.55,4.96,86.84,8.2,3.691,96.08,92.68,96.31,92.41,-1.13,0.000931,0.044633,0.0995,SIRMOUR_2026-08-04_14-15-15.webm,2026-08-04 14:15:00+05:30,2026-08-04 16:00:00+05:30,2026-08-04,105,0.5823301991292048,41.99706540263604,2.130119019367755,1.491189333333333,0.7000497717615497
24,135.12,25.01,22.55,4.96,86.84,8.2,3.691,96.08,92.68,96.31,92.41,-1.13,0.000931,0.044633,0.0995,SIRMOUR_2026-08-04_14-15-15.webm,2026-08-04 14:15:00+05:30,2026-08-04 16:15:00+05:30,2026-08-04,120,0.5823301991292048,38.59018743125118,1.9215435606486408,1.5546113333333333,0.8090429825117027
24,135.12,25.01,22.55,4.96,86.84,8.2,3.691,96.08,92.68,96.31,92.41,-1.13,0.000931,0.044633,0.0995,SIRMOUR_2026-08-04_14-15-15.webm,2026-08-04 14:15:00+05:30,2026-08-04 16:30:00+05:30,2026-08-04,135,0.5823301991292048,35.18793795322123,1.7065062316005961,1.7593080000000003,1.0309414448196181
24,135.12,25.01,22.55,4.96,86.84,8.2,3.691,96.08,92.68,96.31,92.41,-1.13,0.000931,0.044633,0.0995,SIRMOUR_2026-08-04_14-15-15.webm,2026-08-04 14:15:00+05:30,2026-08-04 16:45:00+05:30,2026-08-04,150,0.5823301991292048,31.79230017236292,1.487096478391644,1.358137333333333,0.9132812518002964
24,135.12,25.01,22.55,4.96,86.84,8.2,3.691,96.08,92.68,96.31,92.41,-1.13,0.000931,0.044633,0.0995,SIRMOUR_2026-08-04_14-15-15.webm,2026-08-04 14:15:00+05:30,2026-08-04 17:00:00+05:30,2026-08-04,165,0.5823301991292048,28.405217460263856,1.2657802368404687,0.9185220000000001,0.7256567714256112
24,135.12,25.01,22.55,4.96,86.84,8.2,3.691,96.08,92.68,96.31,92.41,-1.13,0.000931,0.044633,0.0995,SIRMOUR_2026-08-04_14-15-15.webm,2026-08-04 14:15:00+05:30,2026-08-04 17:15:00+05:30,2026-08-04,180,0.5823301991292048,25.02869153785158,1.0455290546560458,0.8120726666666667,0.7767098035681268
24,135.12,25.01,22.55,4.96,86.84,8.2,3.691,96.08,92.68,96.31,92.41,-1.13,0.000931,0.044633,0.0995,SIRMOUR_2026-08-04_14-15-15.webm,2026-08-04 14:15:00+05:30,2026-08-04 17:30:00+05:30,2026-08-04,195,0.5823301991292048,21.664896377609644,0.8300107109926327,0.6781266666666668,0.8170095369681151
24,135.12,25.01,22.55,4.96,86.84,8.2,3.691,96.08,92.68,96.31,92.41,-1.13,0.000931,0.044633,0.0995,SIRMOUR_2026-08-04_14-15-15.webm,2026-08-04 14:15:00+05:30,2026-08-04 17:45:00+05:30,2026-08-04,210,0.5823301991292048,18.31634449716794,0.6238660765062903,0.5357286666666666,0.8587238300675016
24,135.12,25.01,22.55,4.96,86.84,8.2,3.691,96.08,92.68,96.31,92.41,-1.13,0.000931,0.044633,0.0995,SIRMOUR_2026-08-04_14-15-15.webm,2026-08-04 14:15:00+05:30,2026-08-04 18:00:00+05:30,2026-08-04,225,0.5823301991292048,14.986195382892099,0.43308977719657993,0.5338046666666667,1.2
24,135.12,25.01,22.55,4.96,86.84,8.2,3.691,96.08,92.68,96.31,92.41,-1.13,0.000931,0.044633,0.0995,SIRMOUR_2026-08-04_14-15-15.webm,2026-08-04 14:15:00+05:30,2026-08-04 18:15:00+05:30,2026-08-04,240,0.5823301991292048,11.678948964002023,0.26547033588727315,0.301188,1.1345448409267607
24,135.29,24.98,22.59,4.96,86.78,8.26,3.905,96.45,92.5,96.96,91.96,-1.03,0.003557,0.063235,0.225306,SIRMOUR_2026-08-04_15-45-18.webm,2026-08-04 15:45:00+05:30,2026-08-04 16:00:00+05:30,2026-08-04,15,0.6924602793188083,41.99706540263604,2.130119019367755,1.491189333333333,0.7000497717615497
24,135.29,24.98,22.59,4.96,86.78,8.26,3.905,96.45,92.5,96.96,91.96,-1.03,0.003557,0.063235,0.225306,SIRMOUR_2026-08-04_15-45-18.webm,2026-08-04 15:45:00+05:30,2026-08-04 16:15:00+05:30,2026-08-04,30,0.6924602793188083,38.59018743125118,1.9215435606486408,1.5546113333333333,0.8090429825117027
24,135.29,24.98,22.59,4.96,86.78,8.26,3.905,96.45,92.5,96.96,91.96,-1.03,0.003557,0.063235,0.225306,SIRMOUR_2026-08-04_15-45-18.webm,2026-08-04 15:45:00+05:30,2026-08-04 16:30:00+05:30,2026-08-04,45,0.6924602793188083,35.18793795322123,1.7065062316005961,1.7593080000000003,1.0309414448196181
24,135.29,24.98,22.59,4.96,86.78,8.26,3.905,96.45,92.5,96.96,91.96,-1.03,0.003557,0.063235,0.225306,SIRMOUR_2026-08-04_15-45-18.webm,2026-08-04 15:45:00+05:30,2026-08-04 16:45:00+05:30,2026-08-04,60,0.6924602793188083,31.79230017236292,1.487096478391644,1.358137333333333,0.9132812518002964
24,135.29,24.98,22.59,4.96,86.78,8.26,3.905,96.45,92.5,96.96,91.96,-1.03,0.003557,0.063235,0.225306,SIRMOUR_2026-08-04_15-45-18.webm,2026-08-04 15:45:00+05:30,2026-08-04 17:00:00+05:30,2026-08-04,75,0.6924602793188083,28.405217460263856,1.2657802368404687,0.9185220000000001,0.7256567714256112
24,135.29,24.98,22.59,4.96,86.78,8.26,3.905,96.45,92.5,96.96,91.96,-1.03,0.003557,0.063235,0.225306,SIRMOUR_2026-08-04_15-45-18.webm,2026-08-04 15:45:00+05:30,2026-08-04 17:15:00+05:30,2026-08-04,90,0.6924602793188083,25.02869153785158,1.0455290546560458,0.8120726666666667,0.7767098035681268
24,135.29,24.98,22.59,4.96,86.78,8.26,3.905,96.45,92.5,96.96,91.96,-1.03,0.003557,0.063235,0.225306,SIRMOUR_2026-08-04_15-45-18.webm,2026-08-04 15:45:00+05:30,2026-08-04 17:30:00+05:30,2026-08-04,105,0.6924602793188083,21.664896377609644,0.8300107109926327,0.6781266666666668,0.8170095369681151
24,135.29,24.98,22.59,4.96,86.78,8.26,3.905,96.45,92.5,96.96,91.96,-1.03,0.003557,0.063235,0.225306,SIRMOUR_2026-08-04_15-45-18.webm,2026-08-04 15:45:00+05:30,2026-08-04 17:45:00+05:30,2026-08-04,120,0.6924602793188083,18.31634449716794,0.6238660765062903,0.5357286666666666,0.8587238300675016
24,135.29,24.98,22.59,4.96,86.78,8.26,3.905,96.45,92.5,96.96,91.96,-1.03,0.003557,0.063235,0.225306,SIRMOUR_2026-08-04_15-45-18.webm,2026-08-04 15:45:00+05:30,2026-08-04 18:00:00+05:30,2026-08-04,135,0.6924602793188083,14.986195382892099,0.43308977719657993,0.5338046666666667,1.2
24,135.29,24.98,22.59,4.96,86.78,8.26,3.905,96.45,92.5,96.96,91.96,-1.03,0.003557,0.063235,0.225306,SIRMOUR_2026-08-04_15-45-18.webm,2026-08-04 15:45:00+05:30,2026-08-04 18:15:00+05:30,2026-08-04,150,0.6924602793188083,11.678948964002023,0.26547033588727315,0.301188,1.1345448409267607
24,135.29,24.98,22.59,4.96,86.78,8.26,3.905,96.45,92.5,96.96,91.96,-1.03,0.003557,0.063235,0.225306,SIRMOUR_2026-08-04_15-45-18.webm,2026-08-04 15:45:00+05:30,2026-08-04 18:30:00+05:30,2026-08-04,165,0.6924602793188083,8.402353346317442,0.1308193352333235,0.18114454545454545,1.2
24,135.24,24.99,22.43,4.99,86.78,8.23,3.807,96.27,92.86,96.59,92.5,-1.23,0.002235,0.051094,0.144815,SIRMOUR_2026-08-05_06-45-29.webm,2026-08-05 06:45:00+05:30,2026-08-05 07:00:00+05:30,2026-08-05,15,1.2,12.405414212305736,0.3007834959405182,0.44739600000000007,1.2
24,135.24,24.99,22.43,4.99,86.78,8.23,3.807,96.27,92.86,96.59,92.5,-1.23,0.002235,0.051094,0.144815,SIRMOUR_2026-08-05_06-45-29.webm,2026-08-05 06:45:00+05:30,2026-08-05 07:15:00+05:30,2026-08-05,30,1.2,15.718254253670324,0.4747077591925396,0.5820506666666666,1.2
24,135.24,24.99,22.43,4.99,86.78,8.23,3.807,96.27,92.86,96.59,92.5,-1.23,0.002235,0.051094,0.144815,SIRMOUR_2026-08-05_06-45-29.webm,2026-08-05 06:45:00+05:30,2026-08-05 07:30:00+05:30,2026-08-05,45,1.2,19.052763895288038,0.6698895195927352,0.5389406666666666,0.8045217172442405
24,135.24,24.99,22.43,4.99,86.78,8.23,3.807,96.27,92.86,96.59,92.5,-1.23,0.002235,0.051094,0.144815,SIRMOUR_2026-08-05_06-45-29.webm,2026-08-05 06:45:00+05:30,2026-08-05 07:45:00+05:30,2026-08-05,60,1.2,22.404819609165465,0.8789579174905765,0.5806779999999999,0.6606436877636129
24,135.24,24.99,22.43,4.99,86.78,8.23,3.807,96.27,92.86,96.59,92.5,-1.23,0.002235,0.051094,0.144815,SIRMOUR_2026-08-05_06-45-29.webm,2026-08-05 06:45:00+05:30,2026-08-05 08:00:00+05:30,2026-08-05,75,1.2,25.77142348467787,1.0962499215667891,0.9567926666666668,0.8727869875686683
24,135.24,24.99,22.43,4.99,86.78,8.23,3.807,96.27,92.86,96.59,92.5,-1.23,0.002235,0.051094,0.144815,SIRMOUR_2026-08-05_06-45-29.webm,2026-08-05 06:45:00+05:30,2026-08-05 08:15:00+05:30,2026-08-05,90,1.2,29.150131655698654,1.3173669110507398,1.3794000000000002,1.0470886952062448
24,135.24,24.99,22.43,4.99,86.78,8.23,3.807,96.27,92.86,96.59,92.5,-1.23,0.002235,0.051094,0.144815,SIRMOUR_2026-08-05_06-45-29.webm,2026-08-05 06:45:00+05:30,2026-08-05 08:30:00+05:30,2026-08-05,105,1.2,32.53878791133639,1.5388146955293622,1.2534873333333332,0.8145797781727874
24,135.24,24.99,22.43,4.99,86.78,8.23,3.807,96.27,92.86,96.59,92.5,-1.23,0.002235,0.051094,0.144815,SIRMOUR_2026-08-05_06-45-29.webm,2026-08-05 06:45:00+05:30,2026-08-05 08:45:00+05:30,2026-08-05,120,1.2,35.93537213251319,1.7577470234605588,1.3609966666666669,0.7742847227169295
24,135.24,24.99,22.43,4.99,86.78,8.23,3.807,96.27,92.86,96.59,92.5,-1.23,0.002235,0.051094,0.144815,SIRMOUR_2026-08-05_06-45-29.webm,2026-08-05 06:45:00+05:30,2026-08-05 09:00:00+05:30,2026-08-05,135,1.2,39.33788945483405,1.9717902324142005,1.5997139999999994,0.8113002964018935
24,135.24,24.99,22.43,4.99,86.78,8.23,3.807,96.27,92.86,96.59,92.5,-1.23,0.002235,0.051094,0.144815,SIRMOUR_2026-08-05_06-45-29.webm,2026-08-05 06:45:00+05:30,2026-08-05 09:15:00+05:30,2026-08-05,150,1.2,42.74426830089536,2.1789246970553444,1.6656633333333335,0.7644428169474394
24,135.24,24.99,22.43,4.99,86.78,8.23,3.807,96.27,92.86,96.59,92.5,-1.23,0.002235,0.051094,0.144815,SIRMOUR_2026-08-05_06-45-29.webm,2026-08-05 06:45:00+05:30,2026-08-05 09:30:00+05:30,2026-08-05,165,1.2,46.152246979535214,2.3774046340215245,1.7240473333333335,0.725180437802463
24,135.24,24.99,22.43,4.99,86.78,8.23,3.807,96.27,92.86,96.59,92.5,-1.23,0.002235,0.051094,0.144815,SIRMOUR_2026-08-05_06-45-29.webm,2026-08-05 06:45:00+05:30,2026-08-05 09:45:00+05:30,2026-08-05,180,1.2,49.559224484547684,2.565703398293558,1.8058746666666663,0.7038516875597344
24,135.24,24.99,22.43,4.99,86.78,8.23,3.807,96.27,92.86,96.59,92.5,-1.23,0.002235,0.051094,0.144815,SIRMOUR_2026-08-05_06-45-29.webm,2026-08-05 06:45:00+05:30,2026-08-05 10:00:00+05:30,2026-08-05,195,1.2,52.96204685367276,2.7424759469307793,2.043079333333333,0.7449762086773557
24,135.24,24.99,22.43,4.99,86.78,8.23,3.807,96.27,92.86,96.59,92.5,-1.23,0.002235,0.051094,0.144815,SIRMOUR_2026-08-05_06-45-29.webm,2026-08-05 06:45:00+05:30,2026-08-05 10:15:00+05:30,2026-08-05,210,1.2,56.3566808563651,2.90653298811689,2.2154713333333333,0.7622384959644695
24,135.24,24.99,22.43,4.99,86.78,8.23,3.807,96.27,92.86,96.59,92.5,-1.23,0.002235,0.051094,0.144815,SIRMOUR_2026-08-05_06-45-29.webm,2026-08-05 06:45:00+05:30,2026-08-05 10:30:00+05:30,2026-08-05,225,1.2,59.73768239934443,3.056822987037281,3.1626946666666673,1.0346345470700606
24,135.24,24.99,22.43,4.99,86.78,8.23,3.807,96.27,92.86,96.59,92.5,-1.23,0.002235,0.051094,0.144815,SIRMOUR_2026-08-05_06-45-29.webm,2026-08-05 06:45:00+05:30,2026-08-05 10:45:00+05:30,2026-08-05,240,1.2,63.097287530386744,3.1924196582509508,2.8596513333333338,0.8957629758802035
24,135.77,24.89,22.56,5.0,86.71,8.28,3.96,95.89,92.68,96.41,92.14,-1.09,4.7e-05,0.051447,0.241651,SIRMOUR_2026-08-05_08-15-29.webm,2026-08-05 08:15:00+05:30,2026-08-05 08:30:00+05:30,2026-08-05,15,0.8462602719456915,32.53878791133639,1.5388146955293622,1.2534873333333332,0.8145797781727874
24,135.77,24.89,22.56,5.0,86.71,8.28,3.96,95.89,92.68,96.41,92.14,-1.09,4.7e-05,0.051447,0.241651,SIRMOUR_2026-08-05_08-15-29.webm,2026-08-05 08:15:00+05:30,2026-08-05 08:45:00+05:30,2026-08-05,30,0.8462602719456915,35.93537213251319,1.7577470234605588,1.3609966666666669,0.7742847227169295
24,135.77,24.89,22.56,5.0,86.71,8.28,3.96,95.89,92.68,96.41,92.14,-1.09,4.7e-05,0.051447,0.241651,SIRMOUR_2026-08-05_08-15-29.webm,2026-08-05 08:15:00+05:30,2026-08-05 09:00:00+05:30,2026-08-05,45,0.8462602719456915,39.33788945483405,1.9717902324142005,1.5997139999999994,0.8113002964018935
24,135.77,24.89,22.56,5.0,86.71,8.28,3.96,95.89,92.68,96.41,92.14,-1.09,4.7e-05,0.051447,0.241651,SIRMOUR_2026-08-05_08-15-29.webm,2026-08-05 08:15:00+05:30,2026-08-05 09:15:00+05:30,2026-08-05,60,0.8462602719456915,42.74426830089536,2.1789246970553444,1.6656633333333335,0.7644428169474394
24,135.77,24.89,22.56,5.0,86.71,8.28,3.96,95.89,92.68,96.41,92.14,-1.09,4.7e-05,0.051447,0.241651,SIRMOUR_2026-08-05_08-15-29.webm,2026-08-05 08:15:00+05:30,2026-08-05 09:30:00+05:30,2026-08-05,75,0.8462602719456915,46.152246979535214,2.3774046340215245,1.7240473333333335,0.725180437802463
24,135.77,24.89,22.56,5.0,86.71,8.28,3.96,95.89,92.68,96.41,92.14,-1.09,4.7e-05,0.051447,0.241651,SIRMOUR_2026-08-05_08-15-29.webm,2026-08-05 08:15:00+05:30,2026-08-05 09:45:00+05:30,2026-08-05,90,0.8462602719456915,49.559224484547684,2.565703398293558,1.8058746666666663,0.7038516875597344
24,135.77,24.89,22.56,5.0,86.71,8.28,3.96,95.89,92.68,96.41,92.14,-1.09,4.7e-05,0.051447,0.241651,SIRMOUR_2026-08-05_08-15-29.webm,2026-08-05 08:15:00+05:30,2026-08-05 10:00:00+05:30,2026-08-05,105,0.8462602719456915,52.96204685367276,2.7424759469307793,2.043079333333333,0.7449762086773557
24,135.77,24.89,22.56,5.0,86.71,8.28,3.96,95.89,92.68,96.41,92.14,-1.09,4.7e-05,0.051447,0.241651,SIRMOUR_2026-08-05_08-15-29.webm,2026-08-05 08:15:00+05:30,2026-08-05 10:15:00+05:30,2026-08-05,120,0.8462602719456915,56.3566808563651,2.90653298811689,2.2154713333333333,0.7622384959644695
24,135.77,24.89,22.56,5.0,86.71,8.28,3.96,95.89,92.68,96.41,92.14,-1.09,4.7e-05,0.051447,0.241651,SIRMOUR_2026-08-05_08-15-29.webm,2026-08-05 08:15:00+05:30,2026-08-05 10:30:00+05:30,2026-08-05,135,0.8462602719456915,59.73768239934443,3.056822987037281,3.1626946666666673,1.0346345470700606
24,135.77,24.89,22.56,5.0,86.71,8.28,3.96,95.89,92.68,96.41,92.14,-1.09,4.7e-05,0.051447,0.241651,SIRMOUR_2026-08-05_08-15-29.webm,2026-08-05 08:15:00+05:30,2026-08-05 10:45:00+05:30,2026-08-05,150,0.8462602719456915,63.097287530386744,3.1924196582509508,2.8596513333333338,0.8957629758802035
24,135.77,24.89,22.56,5.0,86.71,8.28,3.96,95.89,92.68,96.41,92.14,-1.09,4.7e-05,0.051447,0.241651,SIRMOUR_2026-08-05_08-15-29.webm,2026-08-05 08:15:00+05:30,2026-08-05 11:00:00+05:30,2026-08-05,165,0.8462602719456915,66.42377218129292,3.3125133271246328,3.8000246666666673,1.1471726424615505
24,135.77,24.89,22.56,5.0,86.71,8.28,3.96,95.89,92.68,96.41,92.14,-1.09,4.7e-05,0.051447,0.241651,SIRMOUR_2026-08-05_08-15-29.webm,2026-08-05 08:15:00+05:30,2026-08-05 11:15:00+05:30,2026-08-05,180,0.8462602719456915,69.69830537405937,3.4164048992781253,3.023838,0.8850935674044159
24,135.77,24.89,22.56,5.0,86.71,8.28,3.96,95.89,92.68,96.41,92.14,-1.09,4.7e-05,0.051447,0.241651,SIRMOUR_2026-08-05_08-15-29.webm,2026-08-05 08:15:00+05:30,2026-08-05 11:30:00+05:30,2026-08-05,195,0.8462602719456915,72.88850991172036,3.50350172807267,3.4112986666666663,0.9736825985649716
24,135.77,24.89,22.56,5.0,86.71,8.28,3.96,95.89,92.68,96.41,92.14,-1.09,4.7e-05,0.051447,0.241651,SIRMOUR_2026-08-05_08-15-29.webm,2026-08-05 08:15:00+05:30,2026-08-05 11:45:00+05:30,2026-08-05,210,0.8462602719456915,75.93437648952819,3.5733148678440116,1.9778333333333333,0.553500994589563
24,135.77,24.89,22.56,5.0,86.71,8.28,3.96,95.89,92.68,96.41,92.14,-1.09,4.7e-05,0.051447,0.241651,SIRMOUR_2026-08-05_08-15-29.webm,2026-08-05 08:15:00+05:30,2026-08-05 12:00:00+05:30,2026-08-05,225,0.8462602719456915,78.71593460673417,3.6254572774661753,1.790984,0.49400223556122413
24,135.77,24.89,22.56,5.0,86.71,8.28,3.96,95.89,92.68,96.41,92.14,-1.09,4.7e-05,0.051447,0.241651,SIRMOUR_2026-08-05_08-15-29.webm,2026-08-05 08:15:00+05:30,2026-08-05 12:15:00+05:30,2026-08-05,240,0.8462602719456915,80.98284546641882,3.6596428287699645,2.638665333333334,0.721017174842773
24,135.1,25.02,22.37,4.97,86.9,8.14,3.617,96.27,92.59,96.59,92.23,-1.01,-0.000303,0.038115,0.104631,SIRMOUR_2026-08-05_09-45-19.webm,2026-08-05 09:45:00+05:30,2026-08-05 10:00:00+05:30,2026-08-05,15,0.7511938096778825,52.96204685367276,2.7424759469307793,2.043079333333333,0.7449762086773557
24,135.1,25.02,22.37,4.97,86.9,8.14,3.617,96.27,92.59,96.59,92.23,-1.01,-0.000303,0.038115,0.104631,SIRMOUR_2026-08-05_09-45-19.webm,2026-08-05 09:45:00+05:30,2026-08-05 10:15:00+05:30,2026-08-05,30,0.7511938096778825,56.3566808563651,2.90653298811689,2.2154713333333333,0.7622384959644695
24,135.1,25.02,22.37,4.97,86.9,8.14,3.617,96.27,92.59,96.59,92.23,-1.01,-0.000303,0.038115,0.104631,SIRMOUR_2026-08-05_09-45-19.webm,2026-08-05 09:45:00+05:30,2026-08-05 10:30:00+05:30,2026-08-05,45,0.7511938096778825,59.73768239934443,3.056822987037281,3.1626946666666673,1.0346345470700606
24,135.1,25.02,22.37,4.97,86.9,8.14,3.617,96.27,92.59,96.59,92.23,-1.01,-0.000303,0.038115,0.104631,SIRMOUR_2026-08-05_09-45-19.webm,2026-08-05 09:45:00+05:30,2026-08-05 10:45:00+05:30,2026-08-05,60,0.7511938096778825,63.097287530386744,3.1924196582509508,2.8596513333333338,0.8957629758802035
24,135.1,25.02,22.37,4.97,86.9,8.14,3.617,96.27,92.59,96.59,92.23,-1.01,-0.000303,0.038115,0.104631,SIRMOUR_2026-08-05_09-45-19.webm,2026-08-05 09:45:00+05:30,2026-08-05 11:00:00+05:30,2026-08-05,75,0.7511938096778825,66.42377218129292,3.3125133271246328,3.8000246666666673,1.1471726424615505
24,135.1,25.02,22.37,4.97,86.9,8.14,3.617,96.27,92.59,96.59,92.23,-1.01,-0.000303,0.038115,0.104631,SIRMOUR_2026-08-05_09-45-19.webm,2026-08-05 09:45:00+05:30,2026-08-05 11:15:00+05:30,2026-08-05,90,0.7511938096778825,69.69830537405937,3.4164048992781253,3.023838,0.8850935674044159
24,135.1,25.02,22.37,4.97,86.9,8.14,3.617,96.27,92.59,96.59,92.23,-1.01,-0.000303,0.038115,0.104631,SIRMOUR_2026-08-05_09-45-19.webm,2026-08-05 09:45:00+05:30,2026-08-05 11:30:00+05:30,2026-08-05,105,0.7511938096778825,72.88850991172036,3.50350172807267,3.4112986666666663,0.9736825985649716
24,135.1,25.02,22.37,4.97,86.9,8.14,3.617,96.27,92.59,96.59,92.23,-1.01,-0.000303,0.038115,0.104631,SIRMOUR_2026-08-05_09-45-19.webm,2026-08-05 09:45:00+05:30,2026-08-05 11:45:00+05:30,2026-08-05,120,0.7511938096778825,75.93437648952819,3.5733148678440116,1.9778333333333333,0.553500994589563
24,135.1,25.02,22.37,4.97,86.9,8.14,3.617,96.27,92.59,96.59,92.23,-1.01,-0.000303,0.038115,0.104631,SIRMOUR_2026-08-05_09-45-19.webm,2026-08-05 09:45:00+05:30,2026-08-05 12:00:00+05:30,2026-08-05,135,0.7511938096778825,78.71593460673417,3.6254572774661753,1.790984,0.49400223556122413
24,135.1,25.02,22.37,4.97,86.9,8.14,3.617,96.27,92.59,96.59,92.23,-1.01,-0.000303,0.038115,0.104631,SIRMOUR_2026-08-05_09-45-19.webm,2026-08-05 09:45:00+05:30,2026-08-05 12:15:00+05:30,2026-08-05,150,0.7511938096778825,80.98284546641882,3.6596428287699645,2.638665333333334,0.721017174842773
24,135.1,25.02,22.37,4.97,86.9,8.14,3.617,96.27,92.59,96.59,92.23,-1.01,-0.000303,0.038115,0.104631,SIRMOUR_2026-08-05_09-45-19.webm,2026-08-05 09:45:00+05:30,2026-08-05 12:30:00+05:30,2026-08-05,165,0.7511938096778825,82.26659888572847,3.6756858446666794,2.831390666666667,0.7703026826340282
24,135.1,25.02,22.37,4.97,86.9,8.14,3.617,96.27,92.59,96.59,92.23,-1.01,-0.000303,0.038115,0.104631,SIRMOUR_2026-08-05_09-45-19.webm,2026-08-05 09:45:00+05:30,2026-08-05 12:45:00+05:30,2026-08-05,180,0.7511938096778825,82.07329883868209,3.673499950786378,3.539398666666667,0.9634949541537344
24,135.1,25.02,22.37,4.97,86.9,8.14,3.617,96.27,92.59,96.59,92.23,-1.01,-0.000303,0.038115,0.104631,SIRMOUR_2026-08-05_09-45-19.webm,2026-08-05 09:45:00+05:30,2026-08-05 13:00:00+05:30,2026-08-05,195,0.7511938096778825,80.49263491048455,3.6530958053424847,2.6877366666666673,0.7357421786573394
24,135.1,25.02,22.37,4.97,86.9,8.14,3.617,96.27,92.59,96.59,92.23,-1.01,-0.000303,0.038115,0.104631,SIRMOUR_2026-08-05_09-45-19.webm,2026-08-05 09:45:00+05:30,2026-08-05 13:15:00+05:30,2026-08-05,210,0.7511938096778825,78.064183321354,3.6145815818383245,2.439279333333333,0.674844177148922
24,135.1,25.02,22.37,4.97,86.9,8.14,3.617,96.27,92.59,96.59,92.23,-1.01,-0.000303,0.038115,0.104631,SIRMOUR_2026-08-05_09-45-19.webm,2026-08-05 09:45:00+05:30,2026-08-05 13:30:00+05:30,2026-08-05,225,0.7511938096778825,75.20046991651886,3.5581652080941004,2.757496,0.7749769442203692
24,135.1,25.02,22.37,4.97,86.9,8.14,3.617,96.27,92.59,96.59,92.23,-1.01,-0.000303,0.038115,0.104631,SIRMOUR_2026-08-05_09-45-19.webm,2026-08-05 09:45:00+05:30,2026-08-05 13:45:00+05:30,2026-08-05,240,0.7511938096778825,72.11046757365638,3.4841551912784645,3.421560666666667,0.9820345187928242
24,135.21,25.0,22.39,4.96,86.81,8.23,3.746,96.27,92.42,96.59,92.05,-0.9,0.001749,0.050255,0.26916,SIRMOUR_2026-08-05_11-15-28.webm,2026-08-05 11:15:00+05:30,2026-08-05 11:30:00+05:30,2026-08-05,15,0.9906659332040576,72.88850991172036,3.50350172807267,3.4112986666666663,0.9736825985649716
24,135.21,25.0,22.39,4.96,86.81,8.23,3.746,96.27,92.42,96.59,92.05,-0.9,0.001749,0.050255,0.26916,SIRMOUR_2026-08-05_11-15-28.webm,2026-08-05 11:15:00+05:30,2026-08-05 11:45:00+05:30,2026-08-05,30,0.9906659332040576,75.93437648952819,3.5733148678440116,1.9778333333333333,0.553500994589563
24,135.21,25.0,22.39,4.96,86.81,8.23,3.746,96.27,92.42,96.59,92.05,-0.9,0.001749,0.050255,0.26916,SIRMOUR_2026-08-05_11-15-28.webm,2026-08-05 11:15:00+05:30,2026-08-05 12:00:00+05:30,2026-08-05,45,0.9906659332040576,78.71593460673417,3.6254572774661753,1.790984,0.49400223556122413
24,135.21,25.0,22.39,4.96,86.81,8.23,3.746,96.27,92.42,96.59,92.05,-0.9,0.001749,0.050255,0.26916,SIRMOUR_2026-08-05_11-15-28.webm,2026-08-05 11:15:00+05:30,2026-08-05 12:15:00+05:30,2026-08-05,60,0.9906659332040576,80.98284546641882,3.6596428287699645,2.638665333333334,0.721017174842773
24,135.21,25.0,22.39,4.96,86.81,8.23,3.746,96.27,92.42,96.59,92.05,-0.9,0.001749,0.050255,0.26916,SIRMOUR_2026-08-05_11-15-28.webm,2026-08-05 11:15:00+05:30,2026-08-05 12:30:00+05:30,2026-08-05,75,0.9906659332040576,82.26659888572847,3.6756858446666794,2.831390666666667,0.7703026826340282
24,135.21,25.0,22.39,4.96,86.81,8.23,3.746,96.27,92.42,96.59,92.05,-0.9,0.001749,0.050255,0.26916,SIRMOUR_2026-08-05_11-15-28.webm,2026-08-05 11:15:00+05:30,2026-08-05 12:45:00+05:30,2026-08-05,90,0.9906659332040576,82.07329883868209,3.673499950786378,3.539398666666667,0.9634949541537344
24,135.21,25.0,22.39,4.96,86.81,8.23,3.746,96.27,92.42,96.59,92.05,-0.9,0.001749,0.050255,0.26916,SIRMOUR_2026-08-05_11-15-28.webm,2026-08-05 11:15:00+05:30,2026-08-05 13:00:00+05:30,2026-08-05,105,0.9906659332040576,80.49263491048455,3.6530958053424847,2.6877366666666673,0.7357421786573394
24,135.21,25.0,22.39,4.96,86.81,8.23,3.746,96.27,92.42,96.59,92.05,-0.9,0.001749,0.050255,0.26916,SIRMOUR_2026-08-05_11-15-28.webm,2026-08-05 11:15:00+05:30,2026-08-05 13:15:00+05:30,2026-08-05,120,0.9906659332040576,78.064183321354,3.6145815818383245,2.439279333333333,0.674844177148922
24,135.21,25.0,22.39,4.96,86.81,8.23,3.746,96.27,92.42,96.59,92.05,-0.9,0.001749,0.050255,0.26916,SIRMOUR_2026-08-05_11-15-28.webm,2026-08-05 11:15:00+05:30,2026-08-05 13:30:00+05:30,2026-08-05,135,0.9906659332040576,75.20046991651886,3.5581652080941004,2.757496,0.7749769442203692
24,135.21,25.0,22.39,4.96,86.81,8.23,3.746,96.27,92.42,96.59,92.05,-0.9,0.001749,0.050255,0.26916,SIRMOUR_2026-08-05_11-15-28.webm,2026-08-05 11:15:00+05:30,2026-08-05 13:45:00+05:30,2026-08-05,150,0.9906659332040576,72.11046757365638,3.4841551912784645,3.421560666666667,0.9820345187928242
24,135.21,25.0,22.39,4.96,86.81,8.23,3.746,96.27,92.42,96.59,92.05,-0.9,0.001749,0.050255,0.26916,SIRMOUR_2026-08-05_11-15-28.webm,2026-08-05 11:15:00+05:30,2026-08-05 14:00:00+05:30,2026-08-05,165,0.9906659332040576,68.89466156137595,3.3929611543699645,3.771210000000001,1.1114804527434305
24,135.21,25.0,22.39,4.96,86.81,8.23,3.746,96.27,92.42,96.59,92.05,-0.9,0.001749,0.050255,0.26916,SIRMOUR_2026-08-05_11-15-28.webm,2026-08-05 11:15:00+05:30,2026-08-05 14:15:00+05:30,2026-08-05,180,0.9906659332040576,65.60421184110098,3.2850950152844267,3.9140433333333333,1.1914551375599867
24,135.21,25.0,22.39,4.96,86.81,8.23,3.746,96.27,92.42,96.59,92.05,-0.9,0.001749,0.050255,0.26916,SIRMOUR_2026-08-05_11-15-28.webm,2026-08-05 11:15:00+05:30,2026-08-05 14:30:00+05:30,2026-08-05,195,0.9906659332040576,62.2672506431558,3.1611730120121435,2.9142946666666667,0.9219029314727908
24,135.21,25.0,22.39,4.96,86.81,8.23,3.746,96.27,92.42,96.59,92.05,-0.9,0.001749,0.050255,0.26916,SIRMOUR_2026-08-05_11-15-28.webm,2026-08-05 11:15:00+05:30,2026-08-05 14:45:00+05:30,2026-08-05,210,0.9906659332040576,58.90042677052772,3.021918747963086,3.594088,1.1893397208057241
24,135.21,25.0,22.39,4.96,86.81,8.23,3.746,96.27,92.42,96.59,92.05,-0.9,0.001749,0.050255,0.26916,SIRMOUR_2026-08-05_11-15-28.webm,2026-08-05 11:15:00+05:30,2026-08-05 15:00:00+05:30,2026-08-05,225,0.9906659332040576,55.514268191283826,2.8681677399083356,3.6165933333333338,1.2
24,135.21,25.0,22.39,4.96,86.81,8.23,3.746,96.27,92.42,96.59,92.05,-0.9,0.001749,0.050255,0.26916,SIRMOUR_2026-08-05_11-15-28.webm,2026-08-05 11:15:00+05:30,2026-08-05 15:15:00+05:30,2026-08-05,240,0.9906659332040576,52.11584640005753,2.7008740343962923,3.107536,1.1505668018666433
24,135.26,24.99,22.38,4.97,86.87,8.16,3.728,96.36,92.42,96.68,92.05,-1.01,-0.000225,0.038775,0.077826,SIRMOUR_2026-08-05_12-45-17.webm,2026-08-05 12:45:00+05:30,2026-08-05 13:00:00+05:30,2026-08-05,15,0.73720426179794,80.49263491048455,3.6530958053424847,2.6877366666666673,0.7357421786573394
24,135.26,24.99,22.38,4.97,86.87,8.16,3.728,96.36,92.42,96.68,92.05,-1.01,-0.000225,0.038775,0.077826,SIRMOUR_2026-08-05_12-45-17.webm,2026-08-05 12:45:00+05:30,2026-08-05 13:15:00+05:30,2026-08-05,30,0.73720426179794,78.064183321354,3.6145815818383245,2.439279333333333,0.674844177148922
24,135.26,24.99,22.38,4.97,86.87,8.16,3.728,96.36,92.42,96.68,92.05,-1.01,-0.000225,0.038775,0.077826,SIRMOUR_2026-08-05_12-45-17.webm,2026-08-05 12:45:00+05:30,2026-08-05 13:30:00+05:30,2026-08-05,45,0.73720426179794,75.20046991651886,3.5581652080941004,2.757496,0.7749769442203692
24,135.26,24.99,22.38,4.97,86.87,8.16,3.728,96.36,92.42,96.68,92.05,-1.01,-0.000225,0.038775,0.077826,SIRMOUR_2026-08-05_12-45-17.webm,2026-08-05 12:45:00+05:30,2026-08-05 13:45:00+05:30,2026-08-05,60,0.73720426179794,72.11046757365638,3.4841551912784645,3.421560666666667,0.9820345187928242
24,135.26,24.99,22.38,4.97,86.87,8.16,3.728,96.36,92.42,96.68,92.05,-1.01,-0.000225,0.038775,0.077826,SIRMOUR_2026-08-05_12-45-17.webm,2026-08-05 12:45:00+05:30,2026-08-05 14:00:00+05:30,2026-08-05,75,0.73720426179794,68.89466156137595,3.3929611543699645,3.771210000000001,1.1114804527434305
24,135.26,24.99,22.38,4.97,86.87,8.16,3.728,96.36,92.42,96.68,92.05,-1.01,-0.000225,0.038775,0.077826,SIRMOUR_2026-08-05_12-45-17.webm,2026-08-05 12:45:00+05:30,2026-08-05 14:15:00+05:30,2026-08-05,90,0.73720426179794,65.60421184110098,3.2850950152844267,3.9140433333333333,1.1914551375599867
24,135.26,24.99,22.38,4.97,86.87,8.16,3.728,96.36,92.42,96.68,92.05,-1.01,-0.000225,0.038775,0.077826,SIRMOUR_2026-08-05_12-45-17.webm,2026-08-05 12:45:00+05:30,2026-08-05 14:30:00+05:30,2026-08-05,105,0.73720426179794,62.2672506431558,3.1611730120121435,2.9142946666666667,0.9219029314727908
24,135.26,24.99,22.38,4.97,86.87,8.16,3.728,96.36,92.42,96.68,92.05,-1.01,-0.000225,0.038775,0.077826,SIRMOUR_2026-08-05_12-45-17.webm,2026-08-05 12:45:00+05:30,2026-08-05 14:45:00+05:30,2026-08-05,120,0.73720426179794,58.90042677052772,3.021918747963086,3.594088,1.1893397208057241
24,135.26,24.99,22.38,4.97,86.87,8.16,3.728,96.36,92.42,96.68,92.05,-1.01,-0.000225,0.038775,0.077826,SIRMOUR_2026-08-05_12-45-17.webm,2026-08-05 12:45:00+05:30,2026-08-05 15:00:00+05:30,2026-08-05,135,0.73720426179794,55.514268191283826,2.8681677399083356,3.6165933333333338,1.2
24,135.26,24.99,22.38,4.97,86.87,8.16,3.728,96.36,92.42,96.68,92.05,-1.01,-0.000225,0.038775,0.077826,SIRMOUR_2026-08-05_12-45-17.webm,2026-08-05 12:45:00+05:30,2026-08-05 15:15:00+05:30,2026-08-05,150,0.73720426179794,52.11584640005753,2.7008740343962923,3.107536,1.1505668018666433
24,135.26,24.99,22.38,4.97,86.87,8.16,3.728,96.36,92.42,96.68,92.05,-1.01,-0.000225,0.038775,0.077826,SIRMOUR_2026-08-05_12-45-17.webm,2026-08-05 12:45:00+05:30,2026-08-05 15:30:00+05:30,2026-08-05,165,0.73720426179794,48.71018635016993,2.5211196796309294,2.7748986666666675,1.1006612217127627
24,135.26,24.99,22.38,4.97,86.87,8.16,3.728,96.36,92.42,96.68,92.05,-1.01,-0.000225,0.038775,0.077826,SIRMOUR_2026-08-05_12-45-17.webm,2026-08-05 12:45:00+05:30,2026-08-05 15:45:00+05:30,2026-08-05,180,0.73720426179794,45.3010587995682,2.3301284328863145,2.465338,1.0580266586190712
24,135.26,24.99,22.38,4.97,86.87,8.16,3.728,96.36,92.42,96.68,92.05,-1.01,-0.000225,0.038775,0.077826,SIRMOUR_2026-08-05_12-45-17.webm,2026-08-05 12:45:00+05:30,2026-08-05 16:00:00+05:30,2026-08-05,195,0.73720426179794,41.891449732064984,2.129285494577066,1.9294973333333327,0.9061712664870164
24,135.26,24.99,22.38,4.97,86.87,8.16,3.728,96.36,92.42,96.68,92.05,-1.01,-0.000225,0.038775,0.077826,SIRMOUR_2026-08-05_12-45-17.webm,2026-08-05 12:45:00+05:30,2026-08-05 16:15:00+05:30,2026-08-05,210,0.73720426179794,38.48385218564782,1.9201659094083048,2.033826,1.0591928489276843
24,135.26,24.99,22.38,4.97,86.87,8.16,3.728,96.36,92.42,96.68,92.05,-1.01,-0.000225,0.038775,0.077826,SIRMOUR_2026-08-05_12-45-17.webm,2026-08-05 12:45:00+05:30,2026-08-05 16:30:00+05:30,2026-08-05,225,0.73720426179794,35.080460355915655,1.7045758863270457,1.65188,0.9690856319453206
24,135.26,24.99,22.38,4.97,86.87,8.16,3.728,96.36,92.42,96.68,92.05,-1.01,-0.000225,0.038775,0.077826,SIRMOUR_2026-08-05_12-45-17.webm,2026-08-05 12:45:00+05:30,2026-08-05 16:45:00+05:30,2026-08-05,240,0.73720426179794,31.68330797222001,1.4846131746234332,0.925986,0.623722068366309
24,135.04,25.03,22.39,4.98,86.87,8.15,3.616,96.36,92.77,96.96,92.14,-1.1,0.0,0.041082,0.132968,SIRMOUR_2026-08-05_14-15-09.webm,2026-08-05 14:15:00+05:30,2026-08-05 14:30:00+05:30,2026-08-05,15,1.0149867633291527,62.2672506431558,3.1611730120121435,2.9142946666666667,0.9219029314727908
24,135.04,25.03,22.39,4.98,86.87,8.15,3.616,96.36,92.77,96.96,92.14,-1.1,0.0,0.041082,0.132968,SIRMOUR_2026-08-05_14-15-09.webm,2026-08-05 14:15:00+05:30,2026-08-05 14:45:00+05:30,2026-08-05,30,1.0149867633291527,58.90042677052772,3.021918747963086,3.594088,1.1893397208057241
24,135.04,25.03,22.39,4.98,86.87,8.15,3.616,96.36,92.77,96.96,92.14,-1.1,0.0,0.041082,0.132968,SIRMOUR_2026-08-05_14-15-09.webm,2026-08-05 14:15:00+05:30,2026-08-05 15:00:00+05:30,2026-08-05,45,1.0149867633291527,55.514268191283826,2.8681677399083356,3.6165933333333338,1.2
24,135.04,25.03,22.39,4.98,86.87,8.15,3.616,96.36,92.77,96.96,92.14,-1.1,0.0,0.041082,0.132968,SIRMOUR_2026-08-05_14-15-09.webm,2026-08-05 14:15:00+05:30,2026-08-05 15:15:00+05:30,2026-08-05,60,1.0149867633291527,52.11584640005753,2.7008740343962923,3.107536,1.1505668018666433
24,135.04,25.03,22.39,4.98,86.87,8.15,3.616,96.36,92.77,96.96,92.14,-1.1,0.0,0.041082,0.132968,SIRMOUR_2026-08-05_14-15-09.webm,2026-08-05 14:15:00+05:30,2026-08-05 15:30:00+05:30,2026-08-05,75,1.0149867633291527,48.71018635016993,2.5211196796309294,2.7748986666666675,1.1006612217127627
24,135.04,25.03,22.39,4.98,86.87,8.15,3.616,96.36,92.77,96.96,92.14,-1.1,0.0,0.041082,0.132968,SIRMOUR_2026-08-05_14-15-09.webm,2026-08-05 14:15:00+05:30,2026-08-05 15:45:00+05:30,2026-08-05,90,1.0149867633291527,45.3010587995682,2.3301284328863145,2.465338,1.0580266586190712
24,135.04,25.03,22.39,4.98,86.87,8.15,3.616,96.36,92.77,96.96,92.14,-1.1,0.0,0.041082,0.132968,SIRMOUR_2026-08-05_14-15-09.webm,2026-08-05 14:15:00+05:30,2026-08-05 16:00:00+05:30,2026-08-05,105,1.0149867633291527,41.891449732064984,2.129285494577066,1.9294973333333327,0.9061712664870164
24,135.04,25.03,22.39,4.98,86.87,8.15,3.616,96.36,92.77,96.96,92.14,-1.1,0.0,0.041082,0.132968,SIRMOUR_2026-08-05_14-15-09.webm,2026-08-05 14:15:00+05:30,2026-08-05 16:15:00+05:30,2026-08-05,120,1.0149867633291527,38.48385218564782,1.9201659094083048,2.033826,1.0591928489276843
24,135.04,25.03,22.39,4.98,86.87,8.15,3.616,96.36,92.77,96.96,92.14,-1.1,0.0,0.041082,0.132968,SIRMOUR_2026-08-05_14-15-09.webm,2026-08-05 14:15:00+05:30,2026-08-05 16:30:00+05:30,2026-08-05,135,1.0149867633291527,35.080460355915655,1.7045758863270457,1.65188,0.9690856319453206
24,135.04,25.03,22.39,4.98,86.87,8.15,3.616,96.36,92.77,96.96,92.14,-1.1,0.0,0.041082,0.132968,SIRMOUR_2026-08-05_14-15-09.webm,2026-08-05 14:15:00+05:30,2026-08-05 16:45:00+05:30,2026-08-05,150,1.0149867633291527,31.68330797222001,1.4846131746234332,0.925986,0.623722068366309
24,135.04,25.03,22.39,4.98,86.87,8.15,3.616,96.36,92.77,96.96,92.14,-1.1,0.0,0.041082,0.132968,SIRMOUR_2026-08-05_14-15-09.webm,2026-08-05 14:15:00+05:30,2026-08-05 17:00:00+05:30,2026-08-05,165,1.0149867633291527,28.294376713768173,1.2627558357174125,0.7326299999999999,0.5801834204818932
24,135.04,25.03,22.39,4.98,86.87,8.15,3.616,96.36,92.77,96.96,92.14,-1.1,0.0,0.041082,0.132968,SIRMOUR_2026-08-05_14-15-09.webm,2026-08-05 14:15:00+05:30,2026-08-05 17:15:00+05:30,2026-08-05,180,1.0149867633291527,24.915698324716264,1.0419937823775096,0.7762653333333333,0.7449807728815179
24,135.04,25.03,22.39,4.98,86.87,8.15,3.616,96.36,92.77,96.96,92.14,-1.1,0.0,0.041082,0.132968,SIRMOUR_2026-08-05_14-15-09.webm,2026-08-05 14:15:00+05:30,2026-08-05 17:30:00+05:30,2026-08-05,195,1.0149867633291527,21.549472395408674,0.8260234943084005,0.7773226666666667,0.9410418372149219
24,135.04,25.03,22.39,4.98,86.87,8.15,3.616,96.36,92.77,96.96,92.14,-1.1,0.0,0.041082,0.132968,SIRMOUR_2026-08-05_14-15-09.webm,2026-08-05 14:15:00+05:30,2026-08-05 17:45:00+05:30,2026-08-05,210,1.0149867633291527,18.198238005791158,0.6195317919216349,0.5647873333333332,0.911635755739834
24,135.04,25.03,22.39,4.98,86.87,8.15,3.616,96.36,92.77,96.96,92.14,-1.1,0.0,0.041082,0.132968,SIRMOUR_2026-08-05_14-15-09.webm,2026-08-05 14:15:00+05:30,2026-08-05 18:00:00+05:30,2026-08-05,225,1.0149867633291527,14.865192753015483,0.42858778112460943,0.4905779999999999,1.1446383252287988
24,135.04,25.03,22.39,4.98,86.87,8.15,3.616,96.36,92.77,96.96,92.14,-1.1,0.0,0.041082,0.132968,SIRMOUR_2026-08-05_14-15-09.webm,2026-08-05 14:15:00+05:30,2026-08-05 18:15:00+05:30,2026-08-05,240,1.0149867633291527,11.55491427100681,0.26109950272237203,0.37379533333333337,1.2
24,135.05,25.03,22.88,5.06,86.62,8.32,3.703,96.55,92.68,97.14,92.05,-0.62,0.001552,0.031762,0.131794,SIRMOUR_2026-08-05_15-45-10.webm,2026-08-05 15:45:00+05:30,2026-08-05 16:00:00+05:30,2026-08-05,15,1.1273136705496192,41.891449732064984,2.129285494577066,1.9294973333333327,0.9061712664870164
24,135.05,25.03,22.88,5.06,86.62,8.32,3.703,96.55,92.68,97.14,92.05,-0.62,0.001552,0.031762,0.131794,SIRMOUR_2026-08-05_15-45-10.webm,2026-08-05 15:45:00+05:30,2026-08-05 16:15:00+05:30,2026-08-05,30,1.1273136705496192,38.48385218564782,1.9201659094083048,2.033826,1.0591928489276843
24,135.05,25.03,22.88,5.06,86.62,8.32,3.703,96.55,92.68,97.14,92.05,-0.62,0.001552,0.031762,0.131794,SIRMOUR_2026-08-05_15-45-10.webm,2026-08-05 15:45:00+05:30,2026-08-05 16:30:00+05:30,2026-08-05,45,1.1273136705496192,35.080460355915655,1.7045758863270457,1.65188,0.9690856319453206
24,135.05,25.03,22.88,5.06,86.62,8.32,3.703,96.55,92.68,97.14,92.05,-0.62,0.001552,0.031762,0.131794,SIRMOUR_2026-08-05_15-45-10.webm,2026-08-05 15:45:00+05:30,2026-08-05 16:45:00+05:30,2026-08-05,60,1.1273136705496192,31.68330797222001,1.4846131746234332,0.925986,0.623722068366309
24,135.05,25.03,22.88,5.06,86.62,8.32,3.703,96.55,92.68,97.14,92.05,-0.62,0.001552,0.031762,0.131794,SIRMOUR_2026-08-05_15-45-10.webm,2026-08-05 15:45:00+05:30,2026-08-05 17:00:00+05:30,2026-08-05,75,1.1273136705496192,28.294376713768173,1.2627558357174125,0.7326299999999999,0.5801834204818932
24,135.05,25.03,22.88,5.06,86.62,8.32,3.703,96.55,92.68,97.14,92.05,-0.62,0.001552,0.031762,0.131794,SIRMOUR_2026-08-05_15-45-10.webm,2026-08-05 15:45:00+05:30,2026-08-05 17:15:00+05:30,2026-08-05,90,1.1273136705496192,24.915698324716264,1.0419937823775096,0.7762653333333333,0.7449807728815179
24,135.05,25.03,22.88,5.06,86.62,8.32,3.703,96.55,92.68,97.14,92.05,-0.62,0.001552,0.031762,0.131794,SIRMOUR_2026-08-05_15-45-10.webm,2026-08-05 15:45:00+05:30,2026-08-05 17:30:00+05:30,2026-08-05,105,1.1273136705496192,21.549472395408674,0.8260234943084005,0.7773226666666667,0.9410418372149219
24,135.05,25.03,22.88,5.06,86.62,8.32,3.703,96.55,92.68,97.14,92.05,-0.62,0.001552,0.031762,0.131794,SIRMOUR_2026-08-05_15-45-10.webm,2026-08-05 15:45:00+05:30,2026-08-05 17:45:00+05:30,2026-08-05,120,1.1273136705496192,18.198238005791158,0.6195317919216349,0.5647873333333332,0.911635755739834
24,135.05,25.03,22.88,5.06,86.62,8.32,3.703,96.55,92.68,97.14,92.05,-0.62,0.001552,0.031762,0.131794,SIRMOUR_2026-08-05_15-45-10.webm,2026-08-05 15:45:00+05:30,2026-08-05 18:00:00+05:30,2026-08-05,135,1.1273136705496192,14.865192753015483,0.42858778112460943,0.4905779999999999,1.1446383252287988
24,135.05,25.03,22.88,5.06,86.62,8.32,3.703,96.55,92.68,97.14,92.05,-0.62,0.001552,0.031762,0.131794,SIRMOUR_2026-08-05_15-45-10.webm,2026-08-05 15:45:00+05:30,2026-08-05 18:15:00+05:30,2026-08-05,150,1.1273136705496192,11.55491427100681,0.26109950272237203,0.37379533333333337,1.2
24,135.05,25.03,22.88,5.06,86.62,8.32,3.703,96.55,92.68,97.14,92.05,-0.62,0.001552,0.031762,0.131794,SIRMOUR_2026-08-05_15-45-10.webm,2026-08-05 15:45:00+05:30,2026-08-05 18:30:00+05:30,2026-08-05,165,1.1273136705496192,8.275362639370613,0.12706063783895194,0.21338666666666664,1.2
24,135.13,25.01,22.32,4.92,86.92,8.15,3.571,95.99,93.12,96.41,92.68,-1.07,0.001941,0.031496,0.075905,SIRMOUR_2026-08-06_06-45-28.webm,2026-08-06 06:45:00+05:30,2026-08-06 07:00:00+05:30,2026-08-06,15,1.2,12.325978568543778,0.2984831521658278,0.36221133333333333,1.2
24,135.13,25.01,22.32,4.92,86.92,8.15,3.571,95.99,93.12,96.41,92.68,-1.07,0.001941,0.031496,0.075905,SIRMOUR_2026-08-06_06-45-28.webm,2026-08-06 06:45:00+05:30,2026-08-06 07:15:00+05:30,2026-08-06,30,1.2,15.642105587639282,0.47270658528965437,0.49439416666666663,1.0458795837670065
24,135.13,25.01,22.32,4.92,86.92,8.15,3.571,95.99,93.12,96.41,92.68,-1.07,0.001941,0.031496,0.075905,SIRMOUR_2026-08-06_06-45-28.webm,2026-08-06 06:45:00+05:30,2026-08-06 07:30:00+05:30,2026-08-06,45,1.2,18.979668521529504,0.668342066035384,0.687452,1.0285930437956365
24,135.13,25.01,22.32,4.92,86.92,8.15,3.571,95.99,93.12,96.41,92.68,-1.07,0.001941,0.031496,0.075905,SIRMOUR_2026-08-06_06-45-28.webm,2026-08-06 06:45:00+05:30,2026-08-06 07:45:00+05:30,2026-08-06,60,1.2,22.334500534779433,0.8779364089044783,0.6609773333333334,0.7528760928802639
24,135.13,25.01,22.32,4.92,86.92,8.15,3.571,95.99,93.12,96.41,92.68,-1.07,0.001941,0.031496,0.075905,SIRMOUR_2026-08-06_06-45-28.webm,2026-08-06 06:45:00+05:30,2026-08-06 08:00:00+05:30,2026-08-06,75,1.2,25.70357887204574,1.095779542878608,0.7819192857142856,0.7135735383964069
24,135.13,25.01,22.32,4.92,86.92,8.15,3.571,95.99,93.12,96.41,92.68,-1.07,0.001941,0.031496,0.075905,SIRMOUR_2026-08-06_06-45-28.webm,2026-08-06 06:45:00+05:30,2026-08-06 08:15:00+05:30,2026-08-06,90,1.2,29.084437907937666,1.3174459105662266,1.063306,0.807096512632538
24,135.13,25.01,22.32,4.92,86.92,8.15,3.571,95.99,93.12,96.41,92.68,-1.07,0.001941,0.031496,0.075905,SIRMOUR_2026-08-06_06-45-28.webm,2026-08-06 06:45:00+05:30,2026-08-06 08:30:00+05:30,2026-08-06,105,1.2,32.474896255728936,1.539425680289526,1.3205619999999998,0.8578277060777862
24,135.13,25.01,22.32,4.92,86.92,8.15,3.571,95.99,93.12,96.41,92.68,-1.07,0.001941,0.031496,0.075905,SIRMOUR_2026-08-06_06-45-28.webm,2026-08-06 06:45:00+05:30,2026-08-06 08:45:00+05:30,2026-08-06,120,1.2,35.872901212110655,1.758863338812098,1.582501333333333,0.8997295573868312
24,135.13,25.01,22.32,4.92,86.92,8.15,3.571,95.99,93.12,96.41,92.68,-1.07,0.001941,0.031496,0.075905,SIRMOUR_2026-08-06_06-45-28.webm,2026-08-06 06:45:00+05:30,2026-08-06 09:00:00+05:30,2026-08-06,135,1.2,39.27641430529157,1.973379613147863,1.5433460000000003,0.7820826716346336
24,135.13,25.01,22.32,4.92,86.92,8.15,3.571,95.99,93.12,96.41,92.68,-1.07,0.001941,0.031496,0.075905,SIRMOUR_2026-08-06_06-45-28.webm,2026-08-06 06:45:00+05:30,2026-08-06 09:15:00+05:30,2026-08-06,150,1.2,42.68330503616835,2.1809513921510595,1.7421579999999999,0.79880643203227
24,135.13,25.01,22.32,4.92,86.92,8.15,3.571,95.99,93.12,96.41,92.68,-1.07,0.001941,0.031496,0.075905,SIRMOUR_2026-08-06_06-45-28.webm,2026-08-06 06:45:00+05:30,2026-08-06 09:30:00+05:30,2026-08-06,165,1.2,46.091231659207665,2.3798306675019183,1.9672893333333337,0.8266509715157068
24,135.13,25.01,22.32,4.92,86.92,8.15,3.571,95.99,93.12,96.41,92.68,-1.07,0.001941,0.031496,0.075905,SIRMOUR_2026-08-06_06-45-28.webm,2026-08-06 06:45:00+05:30,2026-08-06 09:45:00+05:30,2026-08-06,180,1.2,49.4974835683213,2.5684893352254896,1.728148,0.6728266208075513
24,135.13,25.01,22.32,4.92,86.92,8.15,3.571,95.99,93.12,96.41,92.68,-1.07,0.001941,0.031496,0.075905,SIRMOUR_2026-08-06_06-45-28.webm,2026-08-06 06:45:00+05:30,2026-08-06 10:00:00+05:30,2026-08-06,195,1.2,52.89875502091215,2.745581373615864,1.7716313333333336,0.6452663724914982
24,135.13,25.01,22.32,4.92,86.92,8.15,3.571,95.99,93.12,96.41,92.68,-1.07,0.001941,0.031496,0.075905,SIRMOUR_2026-08-06_06-45-28.webm,2026-08-06 06:45:00+05:30,2026-08-06 10:15:00+05:30,2026-08-06,210,1.2,56.29079926226907,2.90991682655788,1.9975726666666667,0.6864707088654425
24,135.13,25.01,22.32,4.92,86.92,8.15,3.571,95.99,93.12,96.41,92.68,-1.07,0.001941,0.031496,0.075905,SIRMOUR_2026-08-06_06-45-28.webm,2026-08-06 06:45:00+05:30,2026-08-06 10:30:00+05:30,2026-08-06,225,1.2,59.66786578080976,3.060443713756155,2.11877,0.6923081089439752
24,135.13,25.01,22.32,4.92,86.92,8.15,3.571,95.99,93.12,96.41,92.68,-1.07,0.001941,0.031496,0.075905,SIRMOUR_2026-08-06_06-45-28.webm,2026-08-06 06:45:00+05:30,2026-08-06 10:45:00+05:30,2026-08-06,240,1.2,63.021740310217155,3.196235468195633,2.840280666666667,0.8886331107107347
24,134.95,25.05,22.94,5.08,86.66,8.26,3.663,96.08,92.42,96.41,92.05,-0.78,0.000536,0.029835,0.069749,SIRMOUR_2026-08-06_08-15-28.webm,2026-08-06 08:15:00+05:30,2026-08-06 08:30:00+05:30,2026-08-06,15,0.8255347969262112,32.474896255728936,1.539425680289526,1.3205619999999998,0.8578277060777862
24,134.95,25.05,22.94,5.08,86.66,8.26,3.663,96.08,92.42,96.41,92.05,-0.78,0.000536,0.029835,0.069749,SIRMOUR_2026-08-06_08-15-28.webm,2026-08-06 08:15:00+05:30,2026-08-06 08:45:00+05:30,2026-08-06,30,0.8255347969262112,35.872901212110655,1.758863338812098,1.582501333333333,0.8997295573868312
24,134.95,25.05,22.94,5.08,86.66,8.26,3.663,96.08,92.42,96.41,92.05,-0.78,0.000536,0.029835,0.069749,SIRMOUR_2026-08-06_08-15-28.webm,2026-08-06 08:15:00+05:30,2026-08-06 09:00:00+05:30,2026-08-06,45,0.8255347969262112,39.27641430529157,1.973379613147863,1.5433460000000003,0.7820826716346336
24,134.95,25.05,22.94,5.08,86.66,8.26,3.663,96.08,92.42,96.41,92.05,-0.78,0.000536,0.029835,0.069749,SIRMOUR_2026-08-06_08-15-28.webm,2026-08-06 08:15:00+05:30,2026-08-06 09:15:00+05:30,2026-08-06,60,0.8255347969262112,42.68330503616835,2.1809513921510595,1.7421579999999999,0.79880643203227
24,134.95,25.05,22.94,5.08,86.66,8.26,3.663,96.08,92.42,96.41,92.05,-0.78,0.000536,0.029835,0.069749,SIRMOUR_2026-08-06_08-15-28.webm,2026-08-06 08:15:00+05:30,2026-08-06 09:30:00+05:30,2026-08-06,75,0.8255347969262112,46.091231659207665,2.3798306675019183,1.9672893333333337,0.8266509715157068
24,134.95,25.05,22.94,5.08,86.66,8.26,3.663,96.08,92.42,96.41,92.05,-0.78,0.000536,0.029835,0.069749,SIRMOUR_2026-08-06_08-15-28.webm,2026-08-06 08:15:00+05:30,2026-08-06 09:45:00+05:30,2026-08-06,90,0.8255347969262112,49.4974835683213,2.5684893352254896,1.728148,0.6728266208075513
24,134.95,25.05,22.94,5.08,86.66,8.26,3.663,96.08,92.42,96.41,92.05,-0.78,0.000536,0.029835,0.069749,SIRMOUR_2026-08-06_08-15-28.webm,2026-08-06 08:15:00+05:30,2026-08-06 10:00:00+05:30,2026-08-06,105,0.8255347969262112,52.89875502091215,2.745581373615864,1.7716313333333336,0.6452663724914982
24,134.95,25.05,22.94,5.08,86.66,8.26,3.663,96.08,92.42,96.41,92.05,-0.78,0.000536,0.029835,0.069749,SIRMOUR_2026-08-06_08-15-28.webm,2026-08-06 08:15:00+05:30,2026-08-06 10:15:00+05:30,2026-08-06,120,0.8255347969262112,56.29079926226907,2.90991682655788,1.9975726666666667,0.6864707088654425
24,134.95,25.05,22.94,5.08,86.66,8.26,3.663,96.08,92.42,96.41,92.05,-0.78,0.000536,0.029835,0.069749,SIRMOUR_2026-08-06_08-15-28.webm,2026-08-06 08:15:00+05:30,2026-08-06 10:30:00+05:30,2026-08-06,135,0.8255347969262112,59.66786578080976,3.060443713756155,2.11877,0.6923081089439752
24,134.95,25.05,22.94,5.08,86.66,8.26,3.663,96.08,92.42,96.41,92.05,-0.78,0.000536,0.029835,0.069749,SIRMOUR_2026-08-06_08-15-28.webm,2026-08-06 08:15:00+05:30,2026-08-06 10:45:00+05:30,2026-08-06,150,0.8255347969262112,63.021740310217155,3.196235468195633,2.840280666666667,0.8886331107107347
24,134.95,25.05,22.94,5.08,86.66,8.26,3.663,96.08,92.42,96.41,92.05,-0.78,0.000536,0.029835,0.069749,SIRMOUR_2026-08-06_08-15-28.webm,2026-08-06 08:15:00+05:30,2026-08-06 11:00:00+05:30,2026-08-06,165,0.8255347969262112,66.34001910722897,3.316482267453315,1.7482586666666664,0.5271424737660763
24,134.95,25.05,22.94,5.08,86.66,8.26,3.663,96.08,92.42,96.41,92.05,-0.78,0.000536,0.029835,0.069749,SIRMOUR_2026-08-06_08-15-28.webm,2026-08-06 08:15:00+05:30,2026-08-06 11:15:00+05:30,2026-08-06,180,0.8255347969262112,69.60281753666288,3.4204849873233028,2.087813333333333,0.6103851766843009
24,134.95,25.05,22.94,5.08,86.66,8.26,3.663,96.08,92.42,96.41,92.05,-0.78,0.000536,0.029835,0.069749,SIRMOUR_2026-08-06_08-15-28.webm,2026-08-06 08:15:00+05:30,2026-08-06 11:30:00+05:30,2026-08-06,195,0.8255347969262112,72.77609465448182,3.507651062265264,1.8155899999999998,0.517608498613736
24,134.95,25.05,22.94,5.08,86.66,8.26,3.663,96.08,92.42,96.41,92.05,-0.78,0.000536,0.029835,0.069749,SIRMOUR_2026-08-06_08-15-28.webm,2026-08-06 08:15:00+05:30,2026-08-06 11:45:00+05:30,2026-08-06,210,0.8255347969262112,75.79725803981036,3.5774917367195807,2.5748420000000003,0.7197338776695622
24,134.95,25.05,22.94,5.08,86.66,8.26,3.663,96.08,92.42,96.41,92.05,-0.78,0.000536,0.029835,0.069749,SIRMOUR_2026-08-06_08-15-28.webm,2026-08-06 08:15:00+05:30,2026-08-06 12:00:00+05:30,2026-08-06,225,0.8255347969262112,78.54292265871788,3.6296202679272547,2.5331886666666668,0.6979211266398618
24,134.95,25.05,22.94,5.08,86.66,8.26,3.663,96.08,92.42,96.41,92.05,-0.78,0.000536,0.029835,0.069749,SIRMOUR_2026-08-06_08-15-28.webm,2026-08-06 08:15:00+05:30,2026-08-06 12:15:00+05:30,2026-08-06,240,0.8255347969262112,80.76184353475675,3.663750923289062,1.7929853333333334,0.4893851604201618
24,136.07,24.84,22.32,4.87,86.88,8.25,3.967,95.89,92.68,96.22,92.32,-0.92,0.0,0.063224,0.401232,SIRMOUR_2026-08-06_09-45-10.webm,2026-08-06 09:45:00+05:30,2026-08-06 10:00:00+05:30,2026-08-06,15,0.7700916739975404,52.89875502091215,2.745581373615864,1.7716313333333336,0.6452663724914982
24,136.07,24.84,22.32,4.87,86.88,8.25,3.967,95.89,92.68,96.22,92.32,-0.92,0.0,0.063224,0.401232,SIRMOUR_2026-08-06_09-45-10.webm,2026-08-06 09:45:00+05:30,2026-08-06 10:15:00+05:30,2026-08-06,30,0.7700916739975404,56.29079926226907,2.90991682655788,1.9975726666666667,0.6864707088654425
24,136.07,24.84,22.32,4.87,86.88,8.25,3.967,95.89,92.68,96.22,92.32,-0.92,0.0,0.063224,0.401232,SIRMOUR_2026-08-06_09-45-10.webm,2026-08-06 09:45:00+05:30,2026-08-06 10:30:00+05:30,2026-08-06,45,0.7700916739975404,59.66786578080976,3.060443713756155,2.11877,0.6923081089439752
24,136.07,24.84,22.32,4.87,86.88,8.25,3.967,95.89,92.68,96.22,92.32,-0.92,0.0,0.063224,0.401232,SIRMOUR_2026-08-06_09-45-10.webm,2026-08-06 09:45:00+05:30,2026-08-06 10:45:00+05:30,2026-08-06,60,0.7700916739975404,63.021740310217155,3.196235468195633,2.840280666666667,0.8886331107107347
24,136.07,24.84,22.32,4.87,86.88,8.25,3.967,95.89,92.68,96.22,92.32,-0.92,0.0,0.063224,0.401232,SIRMOUR_2026-08-06_09-45-10.webm,2026-08-06 09:45:00+05:30,2026-08-06 11:00:00+05:30,2026-08-06,75,0.7700916739975404,66.34001910722897,3.316482267453315,1.7482586666666664,0.5271424737660763
24,136.07,24.84,22.32,4.87,86.88,8.25,3.967,95.89,92.68,96.22,92.32,-0.92,0.0,0.063224,0.401232,SIRMOUR_2026-08-06_09-45-10.webm,2026-08-06 09:45:00+05:30,2026-08-06 11:15:00+05:30,2026-08-06,90,0.7700916739975404,69.60281753666288,3.4204849873233028,2.087813333333333,0.6103851766843009
24,136.07,24.84,22.32,4.87,86.88,8.25,3.967,95.89,92.68,96.22,92.32,-0.92,0.0,0.063224,0.401232,SIRMOUR_2026-08-06_09-45-10.webm,2026-08-06 09:45:00+05:30,2026-08-06 11:30:00+05:30,2026-08-06,105,0.7700916739975404,72.77609465448182,3.507651062265264,1.8155899999999998,0.517608498613736
24,136.07,24.84,22.32,4.87,86.88,8.25,3.967,95.89,92.68,96.22,92.32,-0.92,0.0,0.063224,0.401232,SIRMOUR_2026-08-06_09-45-10.webm,2026-08-06 09:45:00+05:30,2026-08-06 11:45:00+05:30,2026-08-06,120,0.7700916739975404,75.79725803981036,3.5774917367195807,2.5748420000000003,0.7197338776695622
24,136.07,24.84,22.32,4.87,86.88,8.25,3.967,95.89,92.68,96.22,92.32,-0.92,0.0,0.063224,0.401232,SIRMOUR_2026-08-06_09-45-10.webm,2026-08-06 09:45:00+05:30,2026-08-06 12:00:00+05:30,2026-08-06,135,0.7700916739975404,78.54292265871788,3.6296202679272547,2.5331886666666668,0.6979211266398618
24,136.07,24.84,22.32,4.87,86.88,8.25,3.967,95.89,92.68,96.22,92.32,-0.92,0.0,0.063224,0.401232,SIRMOUR_2026-08-06_09-45-10.webm,2026-08-06 09:45:00+05:30,2026-08-06 12:15:00+05:30,2026-08-06,150,0.7700916739975404,80.76184353475675,3.663750923289062,1.7929853333333334,0.4893851604201618
24,136.07,24.84,22.32,4.87,86.88,8.25,3.967,95.89,92.68,96.22,92.32,-0.92,0.0,0.063224,0.401232,SIRMOUR_2026-08-06_09-45-10.webm,2026-08-06 09:45:00+05:30,2026-08-06 12:30:00+05:30,2026-08-06,165,0.7700916739975404,82.00117700501417,3.679698471261827,0.9759526666666668,0.26522626087131457
24,136.07,24.84,22.32,4.87,86.88,8.25,3.967,95.89,92.68,96.22,92.32,-0.92,0.0,0.063224,0.401232,SIRMOUR_2026-08-06_09-45-10.webm,2026-08-06 09:45:00+05:30,2026-08-06 12:45:00+05:30,2026-08-06,180,0.7700916739975404,81.80301733530692,3.6773770228475815,1.4714280000000002,0.40012976392086064
24,136.07,24.84,22.32,4.87,86.88,8.25,3.967,95.89,92.68,96.22,92.32,-0.92,0.0,0.063224,0.401232,SIRMOUR_2026-08-06_09-45-10.webm,2026-08-06 09:45:00+05:30,2026-08-06 13:00:00+05:30,2026-08-06,195,0.7700916739975404,80.25468561866946,3.6567979567206947,0.52663,0.14401397239684136
24,136.07,24.84,22.32,4.87,86.88,8.25,3.967,95.89,92.68,96.22,92.32,-0.92,0.0,0.063224,0.401232,SIRMOUR_2026-08-06_09-45-10.webm,2026-08-06 09:45:00+05:30,2026-08-06 13:15:00+05:30,2026-08-06,210,0.7700916739975404,77.86290190155974,3.618070378604014,0.470988,0.13017657223730533
24,136.07,24.84,22.32,4.87,86.88,8.25,3.967,95.89,92.68,96.22,92.32,-0.92,0.0,0.063224,0.401232,SIRMOUR_2026-08-06_09-45-10.webm,2026-08-06 09:45:00+05:30,2026-08-06 13:30:00+05:30,2026-08-06,225,0.7700916739975404,75.02745722744955,3.5614031943133155,0.521228,0.14635467302109262
24,136.07,24.84,22.32,4.87,86.88,8.25,3.967,95.89,92.68,96.22,92.32,-0.92,0.0,0.063224,0.401232,SIRMOUR_2026-08-06_09-45-10.webm,2026-08-06 09:45:00+05:30,2026-08-06 13:45:00+05:30,2026-08-06,240,0.7700916739975404,71.9574551999909,3.487105960607818,0.8724126666666668,0.25018243681777924
24,135.32,24.98,23.2,5.07,86.63,8.3,3.887,96.17,93.03,96.77,92.41,-0.77,0.002916,0.044841,0.160372,SIRMOUR_2026-08-06_11-15-12.webm,2026-08-06 11:15:00+05:30,2026-08-06 11:30:00+05:30,2026-08-06,15,0.6796172175262718,72.77609465448182,3.507651062265264,1.8155899999999998,0.517608498613736
24,135.32,24.98,23.2,5.07,86.63,8.3,3.887,96.17,93.03,96.77,92.41,-0.77,0.002916,0.044841,0.160372,SIRMOUR_2026-08-06_11-15-12.webm,2026-08-06 11:15:00+05:30,2026-08-06 11:45:00+05:30,2026-08-06,30,0.6796172175262718,75.79725803981036,3.5774917367195807,2.5748420000000003,0.7197338776695622
24,135.32,24.98,23.2,5.07,86.63,8.3,3.887,96.17,93.03,96.77,92.41,-0.77,0.002916,0.044841,0.160372,SIRMOUR_2026-08-06_11-15-12.webm,2026-08-06 11:15:00+05:30,2026-08-06 12:00:00+05:30,2026-08-06,45,0.6796172175262718,78.54292265871788,3.6296202679272547,2.5331886666666668,0.6979211266398618
24,135.32,24.98,23.2,5.07,86.63,8.3,3.887,96.17,93.03,96.77,92.41,-0.77,0.002916,0.044841,0.160372,SIRMOUR_2026-08-06_11-15-12.webm,2026-08-06 11:15:00+05:30,2026-08-06 12:15:00+05:30,2026-08-06,60,0.6796172175262718,80.76184353475675,3.663750923289062,1.7929853333333334,0.4893851604201618
24,135.32,24.98,23.2,5.07,86.63,8.3,3.887,96.17,93.03,96.77,92.41,-0.77,0.002916,0.044841,0.160372,SIRMOUR_2026-08-06_11-15-12.webm,2026-08-06 11:15:00+05:30,2026-08-06 12:30:00+05:30,2026-08-06,75,0.6796172175262718,82.00117700501417,3.679698471261827,0.9759526666666668,0.26522626087131457
24,135.32,24.98,23.2,5.07,86.63,8.3,3.887,96.17,93.03,96.77,92.41,-0.77,0.002916,0.044841,0.160372,SIRMOUR_2026-08-06_11-15-12.webm,2026-08-06 11:15:00+05:30,2026-08-06 12:45:00+05:30,2026-08-06,90,0.6796172175262718,81.80301733530692,3.6773770228475815,1.4714280000000002,0.40012976392086064
24,135.32,24.98,23.2,5.07,86.63,8.3,3.887,96.17,93.03,96.77,92.41,-0.77,0.002916,0.044841,0.160372,SIRMOUR_2026-08-06_11-15-12.webm,2026-08-06 11:15:00+05:30,2026-08-06 13:00:00+05:30,2026-08-06,105,0.6796172175262718,80.25468561866946,3.6567979567206947,0.52663,0.14401397239684136
24,135.32,24.98,23.2,5.07,86.63,8.3,3.887,96.17,93.03,96.77,92.41,-0.77,0.002916,0.044841,0.160372,SIRMOUR_2026-08-06_11-15-12.webm,2026-08-06 11:15:00+05:30,2026-08-06 13:15:00+05:30,2026-08-06,120,0.6796172175262718,77.86290190155974,3.618070378604014,0.470988,0.13017657223730533
24,135.32,24.98,23.2,5.07,86.63,8.3,3.887,96.17,93.03,96.77,92.41,-0.77,0.002916,0.044841,0.160372,SIRMOUR_2026-08-06_11-15-12.webm,2026-08-06 11:15:00+05:30,2026-08-06 13:30:00+05:30,2026-08-06,135,0.6796172175262718,75.02745722744955,3.5614031943133155,0.521228,0.14635467302109262
24,135.32,24.98,23.2,5.07,86.63,8.3,3.887,96.17,93.03,96.77,92.41,-0.77,0.002916,0.044841,0.160372,SIRMOUR_2026-08-06_11-15-12.webm,2026-08-06 11:15:00+05:30,2026-08-06 13:45:00+05:30,2026-08-06,150,0.6796172175262718,71.9574551999909,3.487105960607818,0.8724126666666668,0.25018243681777924
24,135.32,24.98,23.2,5.07,86.63,8.3,3.887,96.17,93.03,96.77,92.41,-0.77,0.002916,0.044841,0.160372,SIRMOUR_2026-08-06_11-15-12.webm,2026-08-06 11:15:00+05:30,2026-08-06 14:00:00+05:30,2026-08-06,165,0.6796172175262718,68.75564679980769,3.395589463349707,1.506452,0.4436496273356626
24,135.32,24.98,23.2,5.07,86.63,8.3,3.887,96.17,93.03,96.77,92.41,-0.77,0.002916,0.044841,0.160372,SIRMOUR_2026-08-06_11-15-12.webm,2026-08-06 11:15:00+05:30,2026-08-06 14:15:00+05:30,2026-08-06,180,0.6796172175262718,65.47504142025088,3.2873669135177117,1.970380769230769,0.5993796315003743
24,135.32,24.98,23.2,5.07,86.63,8.3,3.887,96.17,93.03,96.77,92.41,-0.77,0.002916,0.044841,0.160372,SIRMOUR_2026-08-06_11-15-12.webm,2026-08-06 11:15:00+05:30,2026-08-06 14:30:00+05:30,2026-08-06,195,0.6796172175262718,62.14502093995792,3.16305598575105,1.9311086666666668,0.6105199134526655
24,135.32,24.98,23.2,5.07,86.63,8.3,3.887,96.17,93.03,96.77,92.41,-0.77,0.002916,0.044841,0.160372,SIRMOUR_2026-08-06_11-15-12.webm,2026-08-06 11:15:00+05:30,2026-08-06 14:45:00+05:30,2026-08-06,210,0.6796172175262718,58.783054433367745,3.0233818841074727,1.6990306666666668,0.561963632711332
24,135.32,24.98,23.2,5.07,86.63,8.3,3.887,96.17,93.03,96.77,92.41,-0.77,0.002916,0.044841,0.160372,SIRMOUR_2026-08-06_11-15-12.webm,2026-08-06 11:15:00+05:30,2026-08-06 15:00:00+05:30,2026-08-06,225,0.6796172175262718,55.40021399535842,2.8691819232308524,1.9748146666666664,0.688284925635848
24,135.32,24.98,23.2,5.07,86.63,8.3,3.887,96.17,93.03,96.77,92.41,-0.77,0.002916,0.044841,0.160372,SIRMOUR_2026-08-06_11-15-12.webm,2026-08-06 11:15:00+05:30,2026-08-06 15:15:00+05:30,2026-08-06,240,0.6796172175262718,52.00393978036823,2.7014121982629367,2.141844666666667,0.792861107254908
24,135.24,25.05,20.84,4.69,87.46,7.85,3.304,96.27,92.59,96.5,92.32,-1.67,0.000347,0.025901,0.036194,SIRMOUR_2026-08-06_12-45-07.webm,2026-08-06 12:45:00+05:30,2026-08-06 13:00:00+05:30,2026-08-06,15,0.4631655779630497,80.25468561866946,3.6567979567206947,0.52663,0.14401397239684136
24,135.24,25.05,20.84,4.69,87.46,7.85,3.304,96.27,92.59,96.5,92.32,-1.67,0.000347,0.025901,0.036194,SIRMOUR_2026-08-06_12-45-07.webm,2026-08-06 12:45:00+05:30,2026-08-06 13:15:00+05:30,2026-08-06,30,0.4631655779630497,77.86290190155974,3.618070378604014,0.470988,0.13017657223730533
24,135.24,25.05,20.84,4.69,87.46,7.85,3.304,96.27,92.59,96.5,92.32,-1.67,0.000347,0.025901,0.036194,SIRMOUR_2026-08-06_12-45-07.webm,2026-08-06 12:45:00+05:30,2026-08-06 13:30:00+05:30,2026-08-06,45,0.4631655779630497,75.02745722744955,3.5614031943133155,0.521228,0.14635467302109262
24,135.24,25.05,20.84,4.69,87.46,7.85,3.304,96.27,92.59,96.5,92.32,-1.67,0.000347,0.025901,0.036194,SIRMOUR_2026-08-06_12-45-07.webm,2026-08-06 12:45:00+05:30,2026-08-06 13:45:00+05:30,2026-08-06,60,0.4631655779630497,71.9574551999909,3.487105960607818,0.8724126666666668,0.25018243681777924
24,135.24,25.05,20.84,4.69,87.46,7.85,3.304,96.27,92.59,96.5,92.32,-1.67,0.000347,0.025901,0.036194,SIRMOUR_2026-08-06_12-45-07.webm,2026-08-06 12:45:00+05:30,2026-08-06 14:00:00+05:30,2026-08-06,75,0.4631655779630497,68.75564679980769,3.395589463349707,1.506452,0.4436496273356626
24,135.24,25.05,20.84,4.69,87.46,7.85,3.304,96.27,92.59,96.5,92.32,-1.67,0.000347,0.025901,0.036194,SIRMOUR_2026-08-06_12-45-07.webm,2026-08-06 12:45:00+05:30,2026-08-06 14:15:00+05:30,2026-08-06,90,0.4631655779630497,65.47504142025088,3.2873669135177117,1.970380769230769,0.5993796315003743
24,135.24,25.05,20.84,4.69,87.46,7.85,3.304,96.27,92.59,96.5,92.32,-1.67,0.000347,0.025901,0.036194,SIRMOUR_2026-08-06_12-45-07.webm,2026-08-06 12:45:00+05:30,2026-08-06 14:30:00+05:30,2026-08-06,105,0.4631655779630497,62.14502093995792,3.16305598575105,1.9311086666666668,0.6105199134526655
24,135.24,25.05,20.84,4.69,87.46,7.85,3.304,96.27,92.59,96.5,92.32,-1.67,0.000347,0.025901,0.036194,SIRMOUR_2026-08-06_12-45-07.webm,2026-08-06 12:45:00+05:30,2026-08-06 14:45:00+05:30,2026-08-06,120,0.4631655779630497,58.783054433367745,3.0233818841074727,1.6990306666666668,0.561963632711332
24,135.24,25.05,20.84,4.69,87.46,7.85,3.304,96.27,92.59,96.5,92.32,-1.67,0.000347,0.025901,0.036194,SIRMOUR_2026-08-06_12-45-07.webm,2026-08-06 12:45:00+05:30,2026-08-06 15:00:00+05:30,2026-08-06,135,0.4631655779630497,55.40021399535842,2.8691819232308524,1.9748146666666664,0.688284925635848
24,135.24,25.05,20.84,4.69,87.46,7.85,3.304,96.27,92.59,96.5,92.32,-1.67,0.000347,0.025901,0.036194,SIRMOUR_2026-08-06_12-45-07.webm,2026-08-06 12:45:00+05:30,2026-08-06 15:15:00+05:30,2026-08-06,150,0.4631655779630497,52.00393978036823,2.7014121982629367,2.141844666666667,0.792861107254908
24,135.24,25.05,20.84,4.69,87.46,7.85,3.304,96.27,92.59,96.5,92.32,-1.67,0.000347,0.025901,0.036194,SIRMOUR_2026-08-06_12-45-07.webm,2026-08-06 12:45:00+05:30,2026-08-06 15:30:00+05:30,2026-08-06,165,0.4631655779630497,48.599512230222196,2.521157141478382,1.8662453333333333,0.7402336421755072
24,135.24,25.05,20.84,4.69,87.46,7.85,3.304,96.27,92.59,96.5,92.32,-1.67,0.000347,0.025901,0.036194,SIRMOUR_2026-08-06_12-45-07.webm,2026-08-06 12:45:00+05:30,2026-08-06 15:45:00+05:30,2026-08-06,180,0.4631655779630497,45.19088289446222,2.329643364401785,2.019732,0.8669704688977725
24,135.24,25.05,20.84,4.69,87.46,7.85,3.304,96.27,92.59,96.5,92.32,-1.67,0.000347,0.025901,0.036194,SIRMOUR_2026-08-06_12-45-07.webm,2026-08-06 12:45:00+05:30,2026-08-06 16:00:00+05:30,2026-08-06,195,0.4631655779630497,41.78116801105424,2.128259605713348,1.864348,0.8759965161182062
24,135.24,25.05,20.84,4.69,87.46,7.85,3.304,96.27,92.59,96.5,92.32,-1.67,0.000347,0.025901,0.036194,SIRMOUR_2026-08-06_12-45-07.webm,2026-08-06 12:45:00+05:30,2026-08-06 16:15:00+05:30,2026-08-06,210,0.4631655779630497,38.372955874955146,1.9185854750222724,2.056176,1.071714566157721
24,135.24,25.05,20.84,4.69,87.46,7.85,3.304,96.27,92.59,96.5,92.32,-1.67,0.000347,0.025901,0.036194,SIRMOUR_2026-08-06_12-45-07.webm,2026-08-06 12:45:00+05:30,2026-08-06 16:30:00+05:30,2026-08-06,225,0.4631655779630497,34.968511205989635,1.70243332692683,1.6850273333333332,0.9897758148185942
24,135.24,25.05,20.84,4.69,87.46,7.85,3.304,96.27,92.59,96.5,92.32,-1.67,0.000347,0.025901,0.036194,SIRMOUR_2026-08-06_12-45-07.webm,2026-08-06 12:45:00+05:30,2026-08-06 16:45:00+05:30,2026-08-06,240,0.4631655779630497,31.569920556541796,1.4819095459555507,0.924104,0.6235900177052495
24,135.17,25.03,22.06,4.96,86.93,8.11,3.568,96.27,92.42,96.68,91.96,-0.91,0.002857,0.034042,0.076552,SIRMOUR_2026-08-06_14-15-26.webm,2026-08-06 14:15:00+05:30,2026-08-06 14:30:00+05:30,2026-08-06,15,0.3598915921687272,62.14502093995792,3.16305598575105,1.9311086666666668,0.6105199134526655
24,135.17,25.03,22.06,4.96,86.93,8.11,3.568,96.27,92.42,96.68,91.96,-0.91,0.002857,0.034042,0.076552,SIRMOUR_2026-08-06_14-15-26.webm,2026-08-06 14:15:00+05:30,2026-08-06 14:45:00+05:30,2026-08-06,30,0.3598915921687272,58.783054433367745,3.0233818841074727,1.6990306666666668,0.561963632711332
24,135.17,25.03,22.06,4.96,86.93,8.11,3.568,96.27,92.42,96.68,91.96,-0.91,0.002857,0.034042,0.076552,SIRMOUR_2026-08-06_14-15-26.webm,2026-08-06 14:15:00+05:30,2026-08-06 15:00:00+05:30,2026-08-06,45,0.3598915921687272,55.40021399535842,2.8691819232308524,1.9748146666666664,0.688284925635848
24,135.17,25.03,22.06,4.96,86.93,8.11,3.568,96.27,92.42,96.68,91.96,-0.91,0.002857,0.034042,0.076552,SIRMOUR_2026-08-06_14-15-26.webm,2026-08-06 14:15:00+05:30,2026-08-06 15:15:00+05:30,2026-08-06,60,0.3598915921687272,52.00393978036823,2.7014121982629367,2.141844666666667,0.792861107254908
24,135.17,25.03,22.06,4.96,86.93,8.11,3.568,96.27,92.42,96.68,91.96,-0.91,0.002857,0.034042,0.076552,SIRMOUR_2026-08-06_14-15-26.webm,2026-08-06 14:15:00+05:30,2026-08-06 15:30:00+05:30,2026-08-06,75,0.3598915921687272,48.599512230222196,2.521157141478382,1.8662453333333333,0.7402336421755072
24,135.17,25.03,22.06,4.96,86.93,8.11,3.568,96.27,92.42,96.68,91.96,-0.91,0.002857,0.034042,0.076552,SIRMOUR_2026-08-06_14-15-26.webm,2026-08-06 14:15:00+05:30,2026-08-06 15:45:00+05:30,2026-08-06,90,0.3598915921687272,45.19088289446222,2.329643364401785,2.019732,0.8669704688977725
24,135.17,25.03,22.06,4.96,86.93,8.11,3.568,96.27,92.42,96.68,91.96,-0.91,0.002857,0.034042,0.076552,SIRMOUR_2026-08-06_14-15-26.webm,2026-08-06 14:15:00+05:30,2026-08-06 16:00:00+05:30,2026-08-06,105,0.3598915921687272,41.78116801105424,2.128259605713348,1.864348,0.8759965161182062
24,135.17,25.03,22.06,4.96,86.93,8.11,3.568,96.27,92.42,96.68,91.96,-0.91,0.002857,0.034042,0.076552,SIRMOUR_2026-08-06_14-15-26.webm,2026-08-06 14:15:00+05:30,2026-08-06 16:15:00+05:30,2026-08-06,120,0.3598915921687272,38.372955874955146,1.9185854750222724,2.056176,1.071714566157721
24,135.17,25.03,22.06,4.96,86.93,8.11,3.568,96.27,92.42,96.68,91.96,-0.91,0.002857,0.034042,0.076552,SIRMOUR_2026-08-06_14-15-26.webm,2026-08-06 14:15:00+05:30,2026-08-06 16:30:00+05:30,2026-08-06,135,0.3598915921687272,34.968511205989635,1.70243332692683,1.6850273333333332,0.9897758148185942
24,135.17,25.03,22.06,4.96,86.93,8.11,3.568,96.27,92.42,96.68,91.96,-0.91,0.002857,0.034042,0.076552,SIRMOUR_2026-08-06_14-15-26.webm,2026-08-06 14:15:00+05:30,2026-08-06 16:45:00+05:30,2026-08-06,150,0.3598915921687272,31.569920556541796,1.4819095459555507,0.924104,0.6235900177052495
24,135.17,25.03,22.06,4.96,86.93,8.11,3.568,96.27,92.42,96.68,91.96,-0.91,0.002857,0.034042,0.076552,SIRMOUR_2026-08-06_14-15-26.webm,2026-08-06 14:15:00+05:30,2026-08-06 17:00:00+05:30,2026-08-06,165,0.3598915921687272,28.179205802612806,1.2595048280512027,1.1411980000000002,0.9060687776526785
24,135.17,25.03,22.06,4.96,86.93,8.11,3.568,96.27,92.42,96.68,91.96,-0.91,0.002857,0.034042,0.076552,SIRMOUR_2026-08-06_14-15-26.webm,2026-08-06 14:15:00+05:30,2026-08-06 17:15:00+05:30,2026-08-06,180,0.3598915921687272,24.798430338300232,1.0382282629215858,0.984992,0.9487239320842814
24,135.17,25.03,22.06,4.96,86.93,8.11,3.568,96.27,92.42,96.68,91.96,-0.91,0.002857,0.034042,0.076552,SIRMOUR_2026-08-06_14-15-26.webm,2026-08-06 14:15:00+05:30,2026-08-06 17:30:00+05:30,2026-08-06,195,0.3598915921687272,21.429820911572037,0.8218063704176379,0.8787613333333335,1.0693046013828675
24,135.17,25.03,22.06,4.96,86.93,8.11,3.568,96.27,92.42,96.68,91.96,-0.91,0.002857,0.034042,0.076552,SIRMOUR_2026-08-06_14-15-26.webm,2026-08-06 14:15:00+05:30,2026-08-06 17:45:00+05:30,2026-08-06,210,0.3598915921687272,18.075944920944078,0.6149741904071063,0.511886,0.8323698912650902
24,135.17,25.03,22.06,4.96,86.93,8.11,3.568,96.27,92.42,96.68,91.96,-0.91,0.002857,0.034042,0.076552,SIRMOUR_2026-08-06_14-15-26.webm,2026-08-06 14:15:00+05:30,2026-08-06 18:00:00+05:30,2026-08-06,225,0.3598915921687272,14.74004076336753,0.42387920969128445,0.3907226666666666,0.9217783220631035
24,135.17,25.03,22.06,4.96,86.93,8.11,3.568,96.27,92.42,96.68,91.96,-0.91,0.002857,0.034042,0.076552,SIRMOUR_2026-08-06_14-15-26.webm,2026-08-06 14:15:00+05:30,2026-08-06 18:15:00+05:30,2026-08-06,240,0.3598915921687272,11.426769577240004,0.2565556200248877,0.34663,1.2
24,134.83,25.07,22.27,4.9,86.97,8.13,3.622,96.45,92.59,96.87,92.14,-0.98,0.001803,0.029611,0.063184,SIRMOUR_2026-08-06_15-45-28.webm,2026-08-06 15:45:00+05:30,2026-08-06 16:00:00+05:30,2026-08-06,15,0.7720875359910089,41.78116801105424,2.128259605713348,1.864348,0.8759965161182062
24,134.83,25.07,22.27,4.9,86.97,8.13,3.622,96.45,92.59,96.87,92.14,-0.98,0.001803,0.029611,0.063184,SIRMOUR_2026-08-06_15-45-28.webm,2026-08-06 15:45:00+05:30,2026-08-06 16:15:00+05:30,2026-08-06,30,0.7720875359910089,38.372955874955146,1.9185854750222724,2.056176,1.071714566157721
24,134.83,25.07,22.27,4.9,86.97,8.13,3.622,96.45,92.59,96.87,92.14,-0.98,0.001803,0.029611,0.063184,SIRMOUR_2026-08-06_15-45-28.webm,2026-08-06 15:45:00+05:30,2026-08-06 16:30:00+05:30,2026-08-06,45,0.7720875359910089,34.968511205989635,1.70243332692683,1.6850273333333332,0.9897758148185942
24,134.83,25.07,22.27,4.9,86.97,8.13,3.622,96.45,92.59,96.87,92.14,-0.98,0.001803,0.029611,0.063184,SIRMOUR_2026-08-06_15-45-28.webm,2026-08-06 15:45:00+05:30,2026-08-06 16:45:00+05:30,2026-08-06,60,0.7720875359910089,31.569920556541796,1.4819095459555507,0.924104,0.6235900177052495
24,134.83,25.07,22.27,4.9,86.97,8.13,3.622,96.45,92.59,96.87,92.14,-0.98,0.001803,0.029611,0.063184,SIRMOUR_2026-08-06_15-45-28.webm,2026-08-06 15:45:00+05:30,2026-08-06 17:00:00+05:30,2026-08-06,75,0.7720875359910089,28.179205802612806,1.2595048280512027,1.1411980000000002,0.9060687776526785
24,134.83,25.07,22.27,4.9,86.97,8.13,3.622,96.45,92.59,96.87,92.14,-0.98,0.001803,0.029611,0.063184,SIRMOUR_2026-08-06_15-45-28.webm,2026-08-06 15:45:00+05:30,2026-08-06 17:15:00+05:30,2026-08-06,90,0.7720875359910089,24.798430338300232,1.0382282629215858,0.984992,0.9487239320842814
24,134.83,25.07,22.27,4.9,86.97,8.13,3.622,96.45,92.59,96.87,92.14,-0.98,0.001803,0.029611,0.063184,SIRMOUR_2026-08-06_15-45-28.webm,2026-08-06 15:45:00+05:30,2026-08-06 17:30:00+05:30,2026-08-06,105,0.7720875359910089,21.429820911572037,0.8218063704176379,0.8787613333333335,1.0693046013828675
24,134.83,25.07,22.27,4.9,86.97,8.13,3.622,96.45,92.59,96.87,92.14,-0.98,0.001803,0.029611,0.063184,SIRMOUR_2026-08-06_15-45-28.webm,2026-08-06 15:45:00+05:30,2026-08-06 17:45:00+05:30,2026-08-06,120,0.7720875359910089,18.075944920944078,0.6149741904071063,0.511886,0.8323698912650902
24,134.83,25.07,22.27,4.9,86.97,8.13,3.622,96.45,92.59,96.87,92.14,-0.98,0.001803,0.029611,0.063184,SIRMOUR_2026-08-06_15-45-28.webm,2026-08-06 15:45:00+05:30,2026-08-06 18:00:00+05:30,2026-08-06,135,0.7720875359910089,14.74004076336753,0.42387920969128445,0.3907226666666666,0.9217783220631035
24,134.83,25.07,22.27,4.9,86.97,8.13,3.622,96.45,92.59,96.87,92.14,-0.98,0.001803,0.029611,0.063184,SIRMOUR_2026-08-06_15-45-28.webm,2026-08-06 15:45:00+05:30,2026-08-06 18:15:00+05:30,2026-08-06,150,0.7720875359910089,11.426769577240004,0.2565556200248877,0.34663,1.2
24,135.45,24.98,21.91,4.83,87.1,8.07,3.678,96.45,92.68,96.87,92.23,-1.12,0.000807,0.033149,0.079583,SIRMOUR_2026-08-07_06-45-11.webm,2026-08-07 06:45:00+05:30,2026-08-07 07:00:00+05:30,2026-08-07,15,1.2,12.246763579453386,0.2962043680638123,0.3103353333333334,1.0477068091935662
24,135.45,24.98,21.91,4.83,87.1,8.07,3.678,96.45,92.68,96.87,92.23,-1.12,0.000807,0.033149,0.079583,SIRMOUR_2026-08-07_06-45-11.webm,2026-08-07 06:45:00+05:30,2026-08-07 07:15:00+05:30,2026-08-07,30,1.2,15.566164086434028,0.47073898972724193,0.4335278571428571,0.9209516666423873
24,135.45,24.98,21.91,4.83,87.1,8.07,3.678,96.45,92.68,96.87,92.23,-1.12,0.000807,0.033149,0.079583,SIRMOUR_2026-08-07_06-45-11.webm,2026-08-07 06:45:00+05:30,2026-08-07 07:30:00+05:30,2026-08-07,45,1.2,18.906758022274786,0.6668408063481687,0.6697946666666665,1.0044296334153187
24,135.45,24.98,21.91,4.83,87.1,8.07,3.678,96.45,92.68,96.87,92.23,-1.12,0.000807,0.033149,0.079583,SIRMOUR_2026-08-07_06-45-11.webm,2026-08-07 06:45:00+05:30,2026-08-07 07:45:00+05:30,2026-08-07,60,1.2,22.264333869084993,0.876972305914223,0.8406699999999999,0.9586049574548665
24,135.45,24.98,21.91,4.83,87.1,8.07,3.678,96.45,92.68,96.87,92.23,-1.12,0.000807,0.033149,0.079583,SIRMOUR_2026-08-07_06-45-11.webm,2026-08-07 06:45:00+05:30,2026-08-07 08:00:00+05:30,2026-08-07,75,1.2,25.635842976775724,1.095375708037327,0.902995,0.8243701164580042
24,135.45,24.98,21.91,4.83,87.1,8.07,3.678,96.45,92.68,96.87,92.23,-1.12,0.000807,0.033149,0.079583,SIRMOUR_2026-08-07_06-45-11.webm,2026-08-07 06:45:00+05:30,2026-08-07 08:15:00+05:30,2026-08-07,90,1.2,29.01879680631021,1.317598398012996,1.082038,0.8212198812868681
24,135.45,24.98,21.91,4.83,87.1,8.07,3.678,96.45,92.68,96.87,92.23,-1.12,0.000807,0.033149,0.079583,SIRMOUR_2026-08-07_06-45-11.webm,2026-08-07 06:45:00+05:30,2026-08-07 08:30:00+05:30,2026-08-07,105,1.2,32.41098735121324,1.540114991876709,1.0959253333333334,0.7115866926260437
24,135.45,24.98,21.91,4.83,87.1,8.07,3.678,96.45,92.68,96.87,92.23,-1.12,0.000807,0.033149,0.079583,SIRMOUR_2026-08-07_06-45-11.webm,2026-08-07 06:45:00+05:30,2026-08-07 08:45:00+05:30,2026-08-07,120,1.2,35.810327471739804,1.760060872622881,1.6847566666666665,0.9572149991358
24,135.45,24.98,21.91,4.83,87.1,8.07,3.678,96.45,92.68,96.87,92.23,-1.12,0.000807,0.033149,0.079583,SIRMOUR_2026-08-07_06-45-11.webm,2026-08-07 06:45:00+05:30,2026-08-07 09:00:00+05:30,2026-08-07,135,1.2,39.21473269156591,1.975051326697144,1.4549373333333335,0.7366579863858064
24,135.45,24.98,21.91,4.83,87.1,8.07,3.678,96.45,92.68,96.87,92.23,-1.12,0.000807,0.033149,0.079583,SIRMOUR_2026-08-07_06-45-11.webm,2026-08-07 06:45:00+05:30,2026-08-07 09:15:00+05:30,2026-08-07,150,1.2,42.62201047628856,2.1830599181262476,2.10053,0.9621953032800473
24,135.45,24.98,21.91,4.83,87.1,8.07,3.678,96.45,92.68,96.87,92.23,-1.12,0.000807,0.033149,0.079583,SIRMOUR_2026-08-07_06-45-11.webm,2026-08-07 06:45:00+05:30,2026-08-07 09:30:00+05:30,2026-08-07,165,1.2,46.02973496127537,2.382336559334967,2.3986240000000003,1.006836750500769
24,135.45,24.98,21.91,4.83,87.1,8.07,3.678,96.45,92.68,96.87,92.23,-1.12,0.000807,0.033149,0.079583,SIRMOUR_2026-08-07_06-45-11.webm,2026-08-07 06:45:00+05:30,2026-08-07 09:45:00+05:30,2026-08-07,180,1.2,49.43508059821015,2.5713518174942886,2.251871333333334,0.8757538809013385
24,135.45,24.98,21.91,4.83,87.1,8.07,3.678,96.45,92.68,96.87,92.23,-1.12,0.000807,0.033149,0.079583,SIRMOUR_2026-08-07_06-45-11.webm,2026-08-07 06:45:00+05:30,2026-08-07 10:00:00+05:30,2026-08-07,195,1.2,52.83458278372744,2.748758808306365,2.7616313333333333,1.0046830318426154
24,135.45,24.98,21.91,4.83,87.1,8.07,3.678,96.45,92.68,96.87,92.23,-1.12,0.000807,0.033149,0.079583,SIRMOUR_2026-08-07_06-45-11.webm,2026-08-07 06:45:00+05:30,2026-08-07 10:15:00+05:30,2026-08-07,210,1.2,56.22377179078747,2.913367016292209,2.163692666666667,0.7426776834387178
24,135.45,24.98,21.91,4.83,87.1,8.07,3.678,96.45,92.68,96.87,92.23,-1.12,0.000807,0.033149,0.079583,SIRMOUR_2026-08-07_06-45-11.webm,2026-08-07 06:45:00+05:30,2026-08-07 10:30:00+05:30,2026-08-07,225,1.2,59.596578014073344,3.0641241112092708,1.8391826666666664,0.6002311263889453
24,135.45,24.98,21.91,4.83,87.1,8.07,3.678,96.45,92.68,96.87,92.23,-1.12,0.000807,0.033149,0.079583,SIRMOUR_2026-08-07_06-45-11.webm,2026-08-07 06:45:00+05:30,2026-08-07 10:45:00+05:30,2026-08-07,240,1.2,62.94431995985888,3.2001033329036574,1.8606373333333335,0.581430391388349
24,135.28,24.99,22.2,4.96,86.92,8.12,3.746,96.17,92.59,96.5,92.23,-0.96,-0.001113,0.047737,0.197593,SIRMOUR_2026-08-07_08-15-20.webm,2026-08-07 08:15:00+05:30,2026-08-07 08:30:00+05:30,2026-08-07,15,0.9021561471537644,32.41098735121324,1.540114991876709,1.0959253333333334,0.7115866926260437
24,135.28,24.99,22.2,4.96,86.92,8.12,3.746,96.17,92.59,96.5,92.23,-0.96,-0.001113,0.047737,0.197593,SIRMOUR_2026-08-07_08-15-20.webm,2026-08-07 08:15:00+05:30,2026-08-07 08:45:00+05:30,2026-08-07,30,0.9021561471537644,35.810327471739804,1.760060872622881,1.6847566666666665,0.9572149991358
24,135.28,24.99,22.2,4.96,86.92,8.12,3.746,96.17,92.59,96.5,92.23,-0.96,-0.001113,0.047737,0.197593,SIRMOUR_2026-08-07_08-15-20.webm,2026-08-07 08:15:00+05:30,2026-08-07 09:00:00+05:30,2026-08-07,45,0.9021561471537644,39.21473269156591,1.975051326697144,1.4549373333333335,0.7366579863858064
24,135.28,24.99,22.2,4.96,86.92,8.12,3.746,96.17,92.59,96.5,92.23,-0.96,-0.001113,0.047737,0.197593,SIRMOUR_2026-08-07_08-15-20.webm,2026-08-07 08:15:00+05:30,2026-08-07 09:15:00+05:30,2026-08-07,60,0.9021561471537644,42.62201047628856,2.1830599181262476,2.10053,0.9621953032800473
24,135.28,24.99,22.2,4.96,86.92,8.12,3.746,96.17,92.59,96.5,92.23,-0.96,-0.001113,0.047737,0.197593,SIRMOUR_2026-08-07_08-15-20.webm,2026-08-07 08:15:00+05:30,2026-08-07 09:30:00+05:30,2026-08-07,75,0.9021561471537644,46.02973496127537,2.382336559334967,2.3986240000000003,1.006836750500769
24,135.28,24.99,22.2,4.96,86.92,8.12,3.746,96.17,92.59,96.5,92.23,-0.96,-0.001113,0.047737,0.197593,SIRMOUR_2026-08-07_08-15-20.webm,2026-08-07 08:15:00+05:30,2026-08-07 09:45:00+05:30,2026-08-07,90,0.9021561471537644,49.43508059821015,2.5713518174942886,2.251871333333334,0.8757538809013385
24,135.28,24.99,22.2,4.96,86.92,8.12,3.746,96.17,92.59,96.5,92.23,-0.96,-0.001113,0.047737,0.197593,SIRMOUR_2026-08-07_08-15-20.webm,2026-08-07 08:15:00+05:30,2026-08-07 10:00:00+05:30,2026-08-07,105,0.9021561471537644,52.83458278372744,2.748758808306365,2.7616313333333333,1.0046830318426154
24,135.28,24.99,22.2,4.96,86.92,8.12,3.746,96.17,92.59,96.5,92.23,-0.96,-0.001113,0.047737,0.197593,SIRMOUR_2026-08-07_08-15-20.webm,2026-08-07 08:15:00+05:30,2026-08-07 10:15:00+05:30,2026-08-07,120,0.9021561471537644,56.22377179078747,2.913367016292209,2.163692666666667,0.7426776834387178
24,135.28,24.99,22.2,4.96,86.92,8.12,3.746,96.17,92.59,96.5,92.23,-0.96,-0.001113,0.047737,0.197593,SIRMOUR_2026-08-07_08-15-20.webm,2026-08-07 08:15:00+05:30,2026-08-07 10:30:00+05:30,2026-08-07,135,0.9021561471537644,59.596578014073344,3.0641241112092708,1.8391826666666664,0.6002311263889453
24,135.28,24.99,22.2,4.96,86.92,8.12,3.746,96.17,92.59,96.5,92.23,-0.96,-0.001113,0.047737,0.197593,SIRMOUR_2026-08-07_08-15-20.webm,2026-08-07 08:15:00+05:30,2026-08-07 10:45:00+05:30,2026-08-07,150,0.9021561471537644,62.94431995985888,3.2001033329036574,1.8606373333333335,0.581430391388349
24,135.28,24.99,22.2,4.96,86.92,8.12,3.746,96.17,92.59,96.5,92.23,-0.96,-0.001113,0.047737,0.197593,SIRMOUR_2026-08-07_08-15-20.webm,2026-08-07 08:15:00+05:30,2026-08-07 11:00:00+05:30,2026-08-07,165,0.9021561471537644,66.25389229137387,3.3204947939854415,1.9186173333333332,0.5778106735202866
24,135.28,24.99,22.2,4.96,86.92,8.12,3.746,96.17,92.59,96.5,92.23,-0.96,-0.001113,0.047737,0.197593,SIRMOUR_2026-08-07_08-15-20.webm,2026-08-07 08:15:00+05:30,2026-08-07 11:15:00+05:30,2026-08-07,180,0.9021561471537644,69.50433106930758,3.4245994189464932,2.7821586666666667,0.8124041168945068
24,135.28,24.99,22.2,4.96,86.92,8.12,3.746,96.17,92.59,96.5,92.23,-0.96,-0.001113,0.047737,0.197593,SIRMOUR_2026-08-07_08-15-20.webm,2026-08-07 08:15:00+05:30,2026-08-07 11:30:00+05:30,2026-08-07,195,0.9021561471537644,72.65991216711144,3.511824798534546,3.143762,0.8951932913372742
24,135.28,24.99,22.2,4.96,86.92,8.12,3.746,96.17,92.59,96.5,92.23,-0.96,-0.001113,0.047737,0.197593,SIRMOUR_2026-08-07_08-15-20.webm,2026-08-07 08:15:00+05:30,2026-08-07 11:45:00+05:30,2026-08-07,210,0.9021561471537644,75.65548802016013,3.581682439787125,2.4922053333333336,0.695819737017628
24,135.28,24.99,22.2,4.96,86.92,8.12,3.746,96.17,92.59,96.5,92.23,-0.96,-0.001113,0.047737,0.197593,SIRMOUR_2026-08-07_08-15-20.webm,2026-08-07 08:15:00+05:30,2026-08-07 12:00:00+05:30,2026-08-07,225,0.9021561471537644,78.36446798859899,3.6337859681650984,2.167372,0.5964500988742678
24,135.28,24.99,22.2,4.96,86.92,8.12,3.746,96.17,92.59,96.5,92.23,-0.96,-0.001113,0.047737,0.197593,SIRMOUR_2026-08-07_08-15-20.webm,2026-08-07 08:15:00+05:30,2026-08-07 12:15:00+05:30,2026-08-07,240,0.9021561471537644,80.53531397813839,3.6678501135916544,2.656257333333333,0.7242000766307914
24,135.17,25.0,22.29,4.97,86.91,8.13,3.653,96.55,92.5,96.96,92.05,-1.13,0.000786,0.03666,0.098043,SIRMOUR_2026-08-07_09-45-08.webm,2026-08-07 09:45:00+05:30,2026-08-07 10:00:00+05:30,2026-08-07,15,0.8953609802669903,52.83458278372744,2.748758808306365,2.7616313333333333,1.0046830318426154
24,135.17,25.0,22.29,4.97,86.91,8.13,3.653,96.55,92.5,96.96,92.05,-1.13,0.000786,0.03666,0.098043,SIRMOUR_2026-08-07_09-45-08.webm,2026-08-07 09:45:00+05:30,2026-08-07 10:15:00+05:30,2026-08-07,30,0.8953609802669903,56.22377179078747,2.913367016292209,2.163692666666667,0.7426776834387178
24,135.17,25.0,22.29,4.97,86.91,8.13,3.653,96.55,92.5,96.96,92.05,-1.13,0.000786,0.03666,0.098043,SIRMOUR_2026-08-07_09-45-08.webm,2026-08-07 09:45:00+05:30,2026-08-07 10:30:00+05:30,2026-08-07,45,0.8953609802669903,59.596578014073344,3.0641241112092708,1.8391826666666664,0.6002311263889453
24,135.17,25.0,22.29,4.97,86.91,8.13,3.653,96.55,92.5,96.96,92.05,-1.13,0.000786,0.03666,0.098043,SIRMOUR_2026-08-07_09-45-08.webm,2026-08-07 09:45:00+05:30,2026-08-07 10:45:00+05:30,2026-08-07,60,0.8953609802669903,62.94431995985888,3.2001033329036574,1.8606373333333335,0.581430391388349
24,135.17,25.0,22.29,4.97,86.91,8.13,3.653,96.55,92.5,96.96,92.05,-1.13,0.000786,0.03666,0.098043,SIRMOUR_2026-08-07_09-45-08.webm,2026-08-07 09:45:00+05:30,2026-08-07 11:00:00+05:30,2026-08-07,75,0.8953609802669903,66.25389229137387,3.3204947939854415,1.9186173333333332,0.5778106735202866
24,135.17,25.0,22.29,4.97,86.91,8.13,3.653,96.55,92.5,96.96,92.05,-1.13,0.000786,0.03666,0.098043,SIRMOUR_2026-08-07_09-45-08.webm,2026-08-07 09:45:00+05:30,2026-08-07 11:15:00+05:30,2026-08-07,90,0.8953609802669903,69.50433106930758,3.4245994189464932,2.7821586666666667,0.8124041168945068
24,135.17,25.0,22.29,4.97,86.91,8.13,3.653,96.55,92.5,96.96,92.05,-1.13,0.000786,0.03666,0.098043,SIRMOUR_2026-08-07_09-45-08.webm,2026-08-07 09:45:00+05:30,2026-08-07 11:30:00+05:30,2026-08-07,105,0.8953609802669903,72.65991216711144,3.511824798534546,3.143762,0.8951932913372742
24,135.17,25.0,22.29,4.97,86.91,8.13,3.653,96.55,92.5,96.96,92.05,-1.13,0.000786,0.03666,0.098043,SIRMOUR_2026-08-07_09-45-08.webm,2026-08-07 09:45:00+05:30,2026-08-07 11:45:00+05:30,2026-08-07,120,0.8953609802669903,75.65548802016013,3.581682439787125,2.4922053333333336,0.695819737017628
24,135.17,25.0,22.29,4.97,86.91,8.13,3.653,96.55,92.5,96.96,92.05,-1.13,0.000786,0.03666,0.098043,SIRMOUR_2026-08-07_09-45-08.webm,2026-08-07 09:45:00+05:30,2026-08-07 12:00:00+05:30,2026-08-07,135,0.8953609802669903,78.36446798859899,3.6337859681650984,2.167372,0.5964500988742678
24,135.17,25.0,22.29,4.97,86.91,8.13,3.653,96.55,92.5,96.96,92.05,-1.13,0.000786,0.03666,0.098043,SIRMOUR_2026-08-07_09-45-08.webm,2026-08-07 09:45:00+05:30,2026-08-07 12:15:00+05:30,2026-08-07,150,0.8953609802669903,80.53531397813839,3.6678501135916544,2.656257333333333,0.7242000766307914
24,135.17,25.0,22.29,4.97,86.91,8.13,3.653,96.55,92.5,96.96,92.05,-1.13,0.000786,0.03666,0.098043,SIRMOUR_2026-08-07_09-45-08.webm,2026-08-07 09:45:00+05:30,2026-08-07 12:30:00+05:30,2026-08-07,165,0.8953609802669903,81.73106754270034,3.683690156947901,3.068489333333333,0.8329933307625719
24,135.17,25.0,22.29,4.97,86.91,8.13,3.653,96.55,92.5,96.96,92.05,-1.13,0.000786,0.03666,0.098043,SIRMOUR_2026-08-07_09-45-08.webm,2026-08-07 09:45:00+05:30,2026-08-07 12:45:00+05:30,2026-08-07,180,0.8953609802669903,81.5274988654524,3.6812207685886302,3.087787333333333,0.8387943911652933
24,135.17,25.0,22.29,4.97,86.91,8.13,3.653,96.55,92.5,96.96,92.05,-1.13,0.000786,0.03666,0.098043,SIRMOUR_2026-08-07_09-45-08.webm,2026-08-07 09:45:00+05:30,2026-08-07 13:00:00+05:30,2026-08-07,195,0.8953609802669903,80.00981225216144,3.660454112666957,2.1408106666666664,0.5848483824065481
24,135.17,25.0,22.29,4.97,86.91,8.13,3.653,96.55,92.5,96.96,92.05,-1.13,0.000786,0.03666,0.098043,SIRMOUR_2026-08-07_09-45-08.webm,2026-08-07 09:45:00+05:30,2026-08-07 13:15:00+05:30,2026-08-07,210,0.8953609802669903,77.65402356432327,3.62150028537073,2.8303266666666667,0.7815342934252809
24,135.17,25.0,22.29,4.97,86.91,8.13,3.653,96.55,92.5,96.96,92.05,-1.13,0.000786,0.03666,0.098043,SIRMOUR_2026-08-07_09-45-08.webm,2026-08-07 09:45:00+05:30,2026-08-07 13:30:00+05:30,2026-08-07,225,0.8953609802669903,74.84698560373715,3.5645692357296284,2.5682066666666663,0.7204816337761447
24,135.17,25.0,22.29,4.97,86.91,8.13,3.653,96.55,92.5,96.96,92.05,-1.13,0.000786,0.03666,0.098043,SIRMOUR_2026-08-07_09-45-08.webm,2026-08-07 09:45:00+05:30,2026-08-07 13:45:00+05:30,2026-08-07,240,0.8953609802669903,71.79739204684593,3.4899716359460933,2.04085,0.584775526247722
24,135.58,24.93,22.53,4.89,86.84,8.27,3.891,96.17,92.95,96.5,92.59,-1.03,0.0,0.053488,0.219103,SIRMOUR_2026-08-07_11-15-30.webm,2026-08-07 11:15:00+05:30,2026-08-07 11:30:00+05:30,2026-08-07,15,0.6429690770480219,72.65991216711144,3.511824798534546,3.143762,0.8951932913372742
24,135.58,24.93,22.53,4.89,86.84,8.27,3.891,96.17,92.95,96.5,92.59,-1.03,0.0,0.053488,0.219103,SIRMOUR_2026-08-07_11-15-30.webm,2026-08-07 11:15:00+05:30,2026-08-07 11:45:00+05:30,2026-08-07,30,0.6429690770480219,75.65548802016013,3.581682439787125,2.4922053333333336,0.695819737017628
24,135.58,24.93,22.53,4.89,86.84,8.27,3.891,96.17,92.95,96.5,92.59,-1.03,0.0,0.053488,0.219103,SIRMOUR_2026-08-07_11-15-30.webm,2026-08-07 11:15:00+05:30,2026-08-07 12:00:00+05:30,2026-08-07,45,0.6429690770480219,78.36446798859899,3.6337859681650984,2.167372,0.5964500988742678
24,135.58,24.93,22.53,4.89,86.84,8.27,3.891,96.17,92.95,96.5,92.59,-1.03,0.0,0.053488,0.219103,SIRMOUR_2026-08-07_11-15-30.webm,2026-08-07 11:15:00+05:30,2026-08-07 12:15:00+05:30,2026-08-07,60,0.6429690770480219,80.53531397813839,3.6678501135916544,2.656257333333333,0.7242000766307914
24,135.58,24.93,22.53,4.89,86.84,8.27,3.891,96.17,92.95,96.5,92.59,-1.03,0.0,0.053488,0.219103,SIRMOUR_2026-08-07_11-15-30.webm,2026-08-07 11:15:00+05:30,2026-08-07 12:30:00+05:30,2026-08-07,75,0.6429690770480219,81.73106754270034,3.683690156947901,3.068489333333333,0.8329933307625719
24,135.58,24.93,22.53,4.89,86.84,8.27,3.891,96.17,92.95,96.5,92.59,-1.03,0.0,0.053488,0.219103,SIRMOUR_2026-08-07_11-15-30.webm,2026-08-07 11:15:00+05:30,2026-08-07 12:45:00+05:30,2026-08-07,90,0.6429690770480219,81.5274988654524,3.6812207685886302,3.087787333333333,0.8387943911652933
24,135.58,24.93,22.53,4.89,86.84,8.27,3.891,96.17,92.95,96.5,92.59,-1.03,0.0,0.053488,0.219103,SIRMOUR_2026-08-07_11-15-30.webm,2026-08-07 11:15:00+05:30,2026-08-07 13:00:00+05:30,2026-08-07,105,0.6429690770480219,80.00981225216144,3.660454112666957,2.1408106666666664,0.5848483824065481
24,135.58,24.93,22.53,4.89,86.84,8.27,3.891,96.17,92.95,96.5,92.59,-1.03,0.0,0.053488,0.219103,SIRMOUR_2026-08-07_11-15-30.webm,2026-08-07 11:15:00+05:30,2026-08-07 13:15:00+05:30,2026-08-07,120,0.6429690770480219,77.65402356432327,3.62150028537073,2.8303266666666667,0.7815342934252809
24,135.58,24.93,22.53,4.89,86.84,8.27,3.891,96.17,92.95,96.5,92.59,-1.03,0.0,0.053488,0.219103,SIRMOUR_2026-08-07_11-15-30.webm,2026-08-07 11:15:00+05:30,2026-08-07 13:30:00+05:30,2026-08-07,135,0.6429690770480219,74.84698560373715,3.5645692357296284,2.5682066666666663,0.7204816337761447
24,135.58,24.93,22.53,4.89,86.84,8.27,3.891,96.17,92.95,96.5,92.59,-1.03,0.0,0.053488,0.219103,SIRMOUR_2026-08-07_11-15-30.webm,2026-08-07 11:15:00+05:30,2026-08-07 13:45:00+05:30,2026-08-07,150,0.6429690770480219,71.79739204684593,3.4899716359460933,2.04085,0.584775526247722
24,135.58,24.93,22.53,4.89,86.84,8.27,3.891,96.17,92.95,96.5,92.59,-1.03,0.0,0.053488,0.219103,SIRMOUR_2026-08-07_11-15-30.webm,2026-08-07 11:15:00+05:30,2026-08-07 14:00:00+05:30,2026-08-07,165,0.6429690770480219,68.6100227617054,3.398119499381288,1.4561373333333332,0.42851269168093087
24,135.58,24.93,22.53,4.89,86.84,8.27,3.891,96.17,92.95,96.5,92.59,-1.03,0.0,0.053488,0.219103,SIRMOUR_2026-08-07_11-15-30.webm,2026-08-07 11:15:00+05:30,2026-08-07 14:15:00+05:30,2026-08-07,180,0.6429690770480219,65.33966259620941,3.289527394149551,0.9164233333333334,0.2785881445958465
24,135.58,24.93,22.53,4.89,86.84,8.27,3.891,96.17,92.95,96.5,92.59,-1.03,0.0,0.053488,0.219103,SIRMOUR_2026-08-07_11-15-30.webm,2026-08-07 11:15:00+05:30,2026-08-07 14:30:00+05:30,2026-08-07,195,0.6429690770480219,62.01692755035724,3.1648144962471068,1.206036,0.3810763636952937
24,135.58,24.93,22.53,4.89,86.84,8.27,3.891,96.17,92.95,96.5,92.59,-1.03,0.0,0.053488,0.219103,SIRMOUR_2026-08-07_11-15-30.webm,2026-08-07 11:15:00+05:30,2026-08-07 14:45:00+05:30,2026-08-07,210,0.6429690770480219,58.660109738231206,3.024707676597908,1.2222373333333332,0.4040844484872884
24,135.58,24.93,22.53,4.89,86.84,8.27,3.891,96.17,92.95,96.5,92.59,-1.03,0.0,0.053488,0.219103,SIRMOUR_2026-08-07_11-15-30.webm,2026-08-07 11:15:00+05:30,2026-08-07 15:00:00+05:30,2026-08-07,225,0.6429690770480219,55.28083278585053,2.8700461170135187,0.671402,0.23393422008794765
24,135.58,24.93,22.53,4.89,86.84,8.27,3.891,96.17,92.95,96.5,92.59,-1.03,0.0,0.053488,0.219103,SIRMOUR_2026-08-07_11-15-30.webm,2026-08-07 11:15:00+05:30,2026-08-07 15:15:00+05:30,2026-08-07,240,0.6429690770480219,51.88691316043063,2.7017880359038573,0.4827346666666666,0.17867229414433777
24,134.93,25.05,22.35,4.99,86.85,8.15,3.62,96.45,92.5,96.68,92.23,-1.31,0.000854,0.035459,0.122985,SIRMOUR_2026-08-07_12-45-27.webm,2026-08-07 12:45:00+05:30,2026-08-07 13:00:00+05:30,2026-08-07,15,0.748109474358231,80.00981225216144,3.660454112666957,2.1408106666666664,0.5848483824065481
24,134.93,25.05,22.35,4.99,86.85,8.15,3.62,96.45,92.5,96.68,92.23,-1.31,0.000854,0.035459,0.122985,SIRMOUR_2026-08-07_12-45-27.webm,2026-08-07 12:45:00+05:30,2026-08-07 13:15:00+05:30,2026-08-07,30,0.748109474358231,77.65402356432327,3.62150028537073,2.8303266666666667,0.7815342934252809
24,134.93,25.05,22.35,4.99,86.85,8.15,3.62,96.45,92.5,96.68,92.23,-1.31,0.000854,0.035459,0.122985,SIRMOUR_2026-08-07_12-45-27.webm,2026-08-07 12:45:00+05:30,2026-08-07 13:30:00+05:30,2026-08-07,45,0.748109474358231,74.84698560373715,3.5645692357296284,2.5682066666666663,0.7204816337761447
24,134.93,25.05,22.35,4.99,86.85,8.15,3.62,96.45,92.5,96.68,92.23,-1.31,0.000854,0.035459,0.122985,SIRMOUR_2026-08-07_12-45-27.webm,2026-08-07 12:45:00+05:30,2026-08-07 13:45:00+05:30,2026-08-07,60,0.748109474358231,71.79739204684593,3.4899716359460933,2.04085,0.584775526247722
24,134.93,25.05,22.35,4.99,86.85,8.15,3.62,96.45,92.5,96.68,92.23,-1.31,0.000854,0.035459,0.122985,SIRMOUR_2026-08-07_12-45-27.webm,2026-08-07 12:45:00+05:30,2026-08-07 14:00:00+05:30,2026-08-07,75,0.748109474358231,68.6100227617054,3.398119499381288,1.4561373333333332,0.42851269168093087
24,134.93,25.05,22.35,4.99,86.85,8.15,3.62,96.45,92.5,96.68,92.23,-1.31,0.000854,0.035459,0.122985,SIRMOUR_2026-08-07_12-45-27.webm,2026-08-07 12:45:00+05:30,2026-08-07 14:15:00+05:30,2026-08-07,90,0.748109474358231,65.33966259620941,3.289527394149551,0.9164233333333334,0.2785881445958465
24,134.93,25.05,22.35,4.99,86.85,8.15,3.62,96.45,92.5,96.68,92.23,-1.31,0.000854,0.035459,0.122985,SIRMOUR_2026-08-07_12-45-27.webm,2026-08-07 12:45:00+05:30,2026-08-07 14:30:00+05:30,2026-08-07,105,0.748109474358231,62.01692755035724,3.1648144962471068,1.206036,0.3810763636952937
24,134.93,25.05,22.35,4.99,86.85,8.15,3.62,96.45,92.5,96.68,92.23,-1.31,0.000854,0.035459,0.122985,SIRMOUR_2026-08-07_12-45-27.webm,2026-08-07 12:45:00+05:30,2026-08-07 14:45:00+05:30,2026-08-07,120,0.748109474358231,58.660109738231206,3.024707676597908,1.2222373333333332,0.4040844484872884
24,134.93,25.05,22.35,4.99,86.85,8.15,3.62,96.45,92.5,96.68,92.23,-1.31,0.000854,0.035459,0.122985,SIRMOUR_2026-08-07_12-45-27.webm,2026-08-07 12:45:00+05:30,2026-08-07 15:00:00+05:30,2026-08-07,135,0.748109474358231,55.28083278585053,2.8700461170135187,0.671402,0.23393422008794765
24,134.93,25.05,22.35,4.99,86.85,8.15,3.62,96.45,92.5,96.68,92.23,-1.31,0.000854,0.035459,0.122985,SIRMOUR_2026-08-07_12-45-27.webm,2026-08-07 12:45:00+05:30,2026-08-07 15:15:00+05:30,2026-08-07,150,0.748109474358231,51.88691316043063,2.7017880359038573,0.4827346666666666,0.17867229414433777
24,134.93,25.05,22.35,4.99,86.85,8.15,3.62,96.45,92.5,96.68,92.23,-1.31,0.000854,0.035459,0.122985,SIRMOUR_2026-08-07_12-45-27.webm,2026-08-07 12:45:00+05:30,2026-08-07 15:30:00+05:30,2026-08-07,165,0.748109474358231,48.48389345283603,2.5210203333498713,0.4585866666666667,0.18190518362749886
24,134.93,25.05,22.35,4.99,86.85,8.15,3.62,96.45,92.5,96.68,92.23,-1.31,0.000854,0.035459,0.122985,SIRMOUR_2026-08-07_12-45-27.webm,2026-08-07 12:45:00+05:30,2026-08-07 15:45:00+05:30,2026-08-07,180,0.748109474358231,45.075911468429446,2.328972573529578,0.37672533333333325,0.16175601963504568
24,134.93,25.05,22.35,4.99,86.85,8.15,3.62,96.45,92.5,96.68,92.23,-1.31,0.000854,0.035459,0.122985,SIRMOUR_2026-08-07_12-45-27.webm,2026-08-07 12:45:00+05:30,2026-08-07 16:00:00+05:30,2026-08-07,195,0.748109474358231,41.66621809363049,2.127037156239348,0.33807000000000004,0.15893939558522605
24,134.93,25.05,22.35,4.99,86.85,8.15,3.62,96.45,92.5,96.68,92.23,-1.31,0.000854,0.035459,0.122985,SIRMOUR_2026-08-07_12-45-27.webm,2026-08-07 12:45:00+05:30,2026-08-07 16:15:00+05:30,2026-08-07,210,0.748109474358231,38.25750038691379,1.9167984180639224,0.2269314285714285,0.11839086803955234
24,134.93,25.05,22.35,4.99,86.85,8.15,3.62,96.45,92.5,96.68,92.23,-1.31,0.000854,0.035459,0.122985,SIRMOUR_2026-08-07_12-45-27.webm,2026-08-07 12:45:00+05:30,2026-08-07 16:30:00+05:30,2026-08-07,225,0.748109474358231,34.85209640649556,1.700075086560725,0.22591066666666662,0.1328827582102194
24,134.93,25.05,22.35,4.99,86.85,8.15,3.62,96.45,92.5,96.68,92.23,-1.31,0.000854,0.035459,0.122985,SIRMOUR_2026-08-07_12-45-27.webm,2026-08-07 12:45:00+05:30,2026-08-07 16:45:00+05:30,2026-08-07,240,0.748109474358231,31.452147805463568,1.4789825168780553,0.346186,0.23407038017647078
24,135.12,25.02,22.27,4.96,86.91,8.13,3.706,96.36,92.59,96.59,92.32,-0.93,0.000193,0.041606,0.107103,SIRMOUR_2026-08-07_14-15-18.webm,2026-08-07 14:15:00+05:30,2026-08-07 14:30:00+05:30,2026-08-07,15,0.503089499075161,62.01692755035724,3.1648144962471068,1.206036,0.3810763636952937
24,135.12,25.02,22.27,4.96,86.91,8.13,3.706,96.36,92.59,96.59,92.32,-0.93,0.000193,0.041606,0.107103,SIRMOUR_2026-08-07_14-15-18.webm,2026-08-07 14:15:00+05:30,2026-08-07 14:45:00+05:30,2026-08-07,30,0.503089499075161,58.660109738231206,3.024707676597908,1.2222373333333332,0.4040844484872884
24,135.12,25.02,22.27,4.96,86.91,8.13,3.706,96.36,92.59,96.59,92.32,-0.93,0.000193,0.041606,0.107103,SIRMOUR_2026-08-07_14-15-18.webm,2026-08-07 14:15:00+05:30,2026-08-07 15:00:00+05:30,2026-08-07,45,0.503089499075161,55.28083278585053,2.8700461170135187,0.671402,0.23393422008794765
24,135.12,25.02,22.27,4.96,86.91,8.13,3.706,96.36,92.59,96.59,92.32,-0.93,0.000193,0.041606,0.107103,SIRMOUR_2026-08-07_14-15-18.webm,2026-08-07 14:15:00+05:30,2026-08-07 15:15:00+05:30,2026-08-07,60,0.503089499075161,51.88691316043063,2.7017880359038573,0.4827346666666666,0.17867229414433777
24,135.12,25.02,22.27,4.96,86.91,8.13,3.706,96.36,92.59,96.59,92.32,-0.93,0.000193,0.041606,0.107103,SIRMOUR_2026-08-07_14-15-18.webm,2026-08-07 14:15:00+05:30,2026-08-07 15:30:00+05:30,2026-08-07,75,0.503089499075161,48.48389345283603,2.5210203333498713,0.4585866666666667,0.18190518362749886
24,135.12,25.02,22.27,4.96,86.91,8.13,3.706,96.36,92.59,96.59,92.32,-0.93,0.000193,0.041606,0.107103,SIRMOUR_2026-08-07_14-15-18.webm,2026-08-07 14:15:00+05:30,2026-08-07 15:45:00+05:30,2026-08-07,90,0.503089499075161,45.075911468429446,2.328972573529578,0.37672533333333325,0.16175601963504568
24,135.12,25.02,22.27,4.96,86.91,8.13,3.706,96.36,92.59,96.59,92.32,-0.93,0.000193,0.041606,0.107103,SIRMOUR_2026-08-07_14-15-18.webm,2026-08-07 14:15:00+05:30,2026-08-07 16:00:00+05:30,2026-08-07,105,0.503089499075161,41.66621809363049,2.127037156239348,0.33807000000000004,0.15893939558522605
24,135.12,25.02,22.27,4.96,86.91,8.13,3.706,96.36,92.59,96.59,92.32,-0.93,0.000193,0.041606,0.107103,SIRMOUR_2026-08-07_14-15-18.webm,2026-08-07 14:15:00+05:30,2026-08-07 16:15:00+05:30,2026-08-07,120,0.503089499075161,38.25750038691379,1.9167984180639224,0.2269314285714285,0.11839086803955234
24,135.12,25.02,22.27,4.96,86.91,8.13,3.706,96.36,92.59,96.59,92.32,-0.93,0.000193,0.041606,0.107103,SIRMOUR_2026-08-07_14-15-18.webm,2026-08-07 14:15:00+05:30,2026-08-07 16:30:00+05:30,2026-08-07,135,0.503089499075161,34.85209640649556,1.700075086560725,0.22591066666666662,0.1328827582102194
24,135.12,25.02,22.27,4.96,86.91,8.13,3.706,96.36,92.59,96.59,92.32,-0.93,0.000193,0.041606,0.107103,SIRMOUR_2026-08-07_14-15-18.webm,2026-08-07 14:15:00+05:30,2026-08-07 16:45:00+05:30,2026-08-07,150,0.503089499075161,31.452147805463568,1.4789825168780553,0.346186,0.23407038017647078
24,135.12,25.02,22.27,4.96,86.91,8.13,3.706,96.36,92.59,96.59,92.32,-0.93,0.000193,0.041606,0.107103,SIRMOUR_2026-08-07_14-15-18.webm,2026-08-07 14:15:00+05:30,2026-08-07 17:00:00+05:30,2026-08-07,165,0.503089499075161,28.05971854266845,1.2560245578728229,0.5628000000000001,0.44808041090625367
24,135.12,25.02,22.27,4.96,86.91,8.13,3.706,96.36,92.59,96.59,92.32,-0.93,0.000193,0.041606,0.107103,SIRMOUR_2026-08-07_14-15-18.webm,2026-08-07 14:15:00+05:30,2026-08-07 17:15:00+05:30,2026-08-07,180,0.503089499075161,24.676905297040378,1.0342303097117014,0.5225573333333334,0.505262056648678
24,135.12,25.02,22.27,4.96,86.91,8.13,3.706,96.36,92.59,96.59,92.32,-0.93,0.000193,0.041606,0.107103,SIRMOUR_2026-08-07_14-15-18.webm,2026-08-07 14:15:00+05:30,2026-08-07 17:30:00+05:30,2026-08-07,195,0.503089499075161,21.305963536507225,0.8173577182529717,0.3550766666666667,0.4344201550156167
24,135.12,25.02,22.27,4.96,86.91,8.13,3.706,96.36,92.59,96.59,92.32,-0.93,0.000193,0.041606,0.107103,SIRMOUR_2026-08-07_14-15-18.webm,2026-08-07 14:15:00+05:30,2026-08-07 17:45:00+05:30,2026-08-07,210,0.503089499075161,17.94949078766546,0.6101924088198447,0.32672799999999996,0.5354507779470987
24,135.12,25.02,22.27,4.96,86.91,8.13,3.706,96.36,92.59,96.59,92.32,-0.93,0.000193,0.041606,0.107103,SIRMOUR_2026-08-07_14-15-18.webm,2026-08-07 14:15:00+05:30,2026-08-07 18:00:00+05:30,2026-08-07,225,0.503089499075161,14.610769068801286,0.4189643462820209,0.3127700000000001,0.7465313045742147
24,135.12,25.02,22.27,4.96,86.91,8.13,3.706,96.36,92.59,96.59,92.32,-0.93,0.000193,0.041606,0.107103,SIRMOUR_2026-08-07_14-15-18.webm,2026-08-07 14:15:00+05:30,2026-08-07 18:15:00+05:30,2026-08-07,240,0.503089499075161,11.294549215226533,0.25184088937652976,0.23131866666666664,0.9185111569425085
24,135.09,25.03,22.06,4.94,86.92,8.15,3.754,96.55,92.5,96.96,92.05,-1.17,-0.000267,0.044607,0.163843,SIRMOUR_2026-08-07_15-45-09.webm,2026-08-07 15:45:00+05:30,2026-08-07 16:00:00+05:30,2026-08-07,15,0.1890669293737075,41.66621809363049,2.127037156239348,0.33807000000000004,0.15893939558522605
24,135.09,25.03,22.06,4.94,86.92,8.15,3.754,96.55,92.5,96.96,92.05,-1.17,-0.000267,0.044607,0.163843,SIRMOUR_2026-08-07_15-45-09.webm,2026-08-07 15:45:00+05:30,2026-08-07 16:15:00+05:30,2026-08-07,30,0.1890669293737075,38.25750038691379,1.9167984180639224,0.2269314285714285,0.11839086803955234
24,135.09,25.03,22.06,4.94,86.92,8.15,3.754,96.55,92.5,96.96,92.05,-1.17,-0.000267,0.044607,0.163843,SIRMOUR_2026-08-07_15-45-09.webm,2026-08-07 15:45:00+05:30,2026-08-07 16:30:00+05:30,2026-08-07,45,0.1890669293737075,34.85209640649556,1.700075086560725,0.22591066666666662,0.1328827582102194
24,135.09,25.03,22.06,4.94,86.92,8.15,3.754,96.55,92.5,96.96,92.05,-1.17,-0.000267,0.044607,0.163843,SIRMOUR_2026-08-07_15-45-09.webm,2026-08-07 15:45:00+05:30,2026-08-07 16:45:00+05:30,2026-08-07,60,0.1890669293737075,31.452147805463568,1.4789825168780553,0.346186,0.23407038017647078
24,135.09,25.03,22.06,4.94,86.92,8.15,3.754,96.55,92.5,96.96,92.05,-1.17,-0.000267,0.044607,0.163843,SIRMOUR_2026-08-07_15-45-09.webm,2026-08-07 15:45:00+05:30,2026-08-07 17:00:00+05:30,2026-08-07,75,0.1890669293737075,28.05971854266845,1.2560245578728229,0.5628000000000001,0.44808041090625367
24,135.09,25.03,22.06,4.94,86.92,8.15,3.754,96.55,92.5,96.96,92.05,-1.17,-0.000267,0.044607,0.163843,SIRMOUR_2026-08-07_15-45-09.webm,2026-08-07 15:45:00+05:30,2026-08-07 17:15:00+05:30,2026-08-07,90,0.1890669293737075,24.676905297040378,1.0342303097117014,0.5225573333333334,0.505262056648678
24,135.09,25.03,22.06,4.94,86.92,8.15,3.754,96.55,92.5,96.96,92.05,-1.17,-0.000267,0.044607,0.163843,SIRMOUR_2026-08-07_15-45-09.webm,2026-08-07 15:45:00+05:30,2026-08-07 17:30:00+05:30,2026-08-07,105,0.1890669293737075,21.305963536507225,0.8173577182529717,0.3550766666666667,0.4344201550156167
24,135.09,25.03,22.06,4.94,86.92,8.15,3.754,96.55,92.5,96.96,92.05,-1.17,-0.000267,0.044607,0.163843,SIRMOUR_2026-08-07_15-45-09.webm,2026-08-07 15:45:00+05:30,2026-08-07 17:45:00+05:30,2026-08-07,120,0.1890669293737075,17.94949078766546,0.6101924088198447,0.32672799999999996,0.5354507779470987
24,135.09,25.03,22.06,4.94,86.92,8.15,3.754,96.55,92.5,96.96,92.05,-1.17,-0.000267,0.044607,0.163843,SIRMOUR_2026-08-07_15-45-09.webm,2026-08-07 15:45:00+05:30,2026-08-07 18:00:00+05:30,2026-08-07,135,0.1890669293737075,14.610769068801286,0.4189643462820209,0.3127700000000001,0.7465313045742147
24,135.09,25.03,22.06,4.94,86.92,8.15,3.754,96.55,92.5,96.96,92.05,-1.17,-0.000267,0.044607,0.163843,SIRMOUR_2026-08-07_15-45-09.webm,2026-08-07 15:45:00+05:30,2026-08-07 18:15:00+05:30,2026-08-07,150,0.1890669293737075,11.294549215226533,0.25184088937652976,0.23131866666666664,0.9185111569425085
24,135.09,25.03,22.06,4.94,86.92,8.15,3.754,96.55,92.5,96.96,92.05,-1.17,-0.000267,0.044607,0.163843,SIRMOUR_2026-08-07_15-45-09.webm,2026-08-07 15:45:00+05:30,2026-08-07 18:30:00+05:30,2026-08-07,165,0.1890669293737075,8.009268754730545,0.1192122001504159,0.13961400000000002,1.1711385229350868
