timestamp,active_power_kw,ac_active_output_power_kw_lcr1:inv1,dc_power_kw_lcr1:inv1,ac_active_output_power_kw_lcr1:inv2,dc_power_kw_lcr1:inv2,ac_active_output_power_kw_mcr:inv5,dc_power_kw_mcr:inv5,ac_active_output_power_kw_lcr2:inv3,dc_power_kw_lcr2:inv3,ac_active_output_power_kw_lcr2:inv4,dc_power_kw_lcr2:inv4,mod_temp,amb_temp,poa_w_m2,ghi_w_m2,plant_cuf,temp_co_pr,is_real_measurement,hour,minute,day,month,weekday,power_lag_1,power_lag_2,rolling_mean_3,rolling_std_3,is_daylight,is_morning,is_afternoon
2026-07-01 00:15:00,0.0,0.0,0.0,0.0,0.0,0.0,0.0,0.0,0.0,0.0,0.0,25.22,25.82,0.3,0.16,0.0,0.0,True,0,15,1,7,2,0.0,0.0,0.0,0.0,0,1,0
2026-07-01 00:30:00,0.0,0.0,0.0,0.0,0.0,0.0,0.0,0.0,0.0,0.0,0.0,25.15,25.75,0.38,0.19,0.0,0.0,True,0,30,1,7,2,0.0,0.0,0.0,0.0,0,1,0
2026-07-01 00:45:00,0.0,0.0,0.0,0.0,0.0,0.0,0.0,0.0,0.0,0.0,0.0,25.23,25.8,0.55,0.19,0.0,0.0,True,0,45,1,7,2,0.0,0.0,0.0,0.0,0,1,0
2026-07-01 01:00:00,0.0,0.0,0.0,0.0,0.0,0.0,0.0,0.0,0.0,0.0,0.0,25.01,25.9,0.68,0.2,0.0,0.0,True,1,0,1,7,2,0.0,0.0,0.0,0.0,0,1,0
2026-07-01 01:15:00,0.0,0.0,0.0,0.0,0.0,0.0,0.0,0.0,0.0,0.0,0.0,25.18,25.98,0.78,0.39,0.0,0.0,True,1,15,1,7,2,0.0,0.0,0.0,0.0,0,1,0
2026-07-01 01:30:00,0.0,0.0,0.0,0.0,0.0,0.0,0.0,0.0,0.0,0.0,0.0,24.77,26.08,1.02,0.59,0.0,0.0,True,1,30,1,7,2,0.0,0.0,0.0,0.0,0,1,0
2026-07-01 01:45:00,0.0,0.0,0.0,0.0,0.0,0.0,0.0,0.0,0.0,0.0,0.0,24.93,26.08,0.19,0.14,0.0,0.0,True,1,45,1,7,2,0.0,0.0,0.0,0.0,0,1,0
2026-07-01 02:00:00,0.0,0.0,0.0,0.0,0.0,0.0,0.0,0.0,0.0,0.0,0.0,25.1,26.16,0.33,0.19,0.0,0.0,True,2,0,1,7,2,0.0,0.0,0.0,0.0,0,1,0
2026-07-01 02:15:00,0.0,0.0,0.0,0.0,0.0,0.0,0.0,0.0,0.0,0.0,0.0,25.12,26.16,0.56,0.19,0.0,0.0,True,2,15,1,7,2,0.0,0.0,0.0,0.0,0,1,0
2026-07-01 02:30:00,0.0,0.0,0.0,0.0,0.0,0.0,0.0,0.0,0.0,0.0,0.0,25.04,26.2,0.61,0.22,0.0,0.0,True,2,30,1,7,2,0.0,0.0,0.0,0.0,0,1,0
2026-07-01 02:45:00,0.0,0.0,0.0,0.0,0.0,0.0,0.0,0.0,0.0,0.0,0.0,25.04,26.3,0.95,0.33,0.0,0.0,True,2,45,1,7,2,0.0,0.0,0.0,0.0,0,1,0
2026-07-01 03:00:00,0.0,0.0,0.0,0.0,0.0,0.0,0.0,0.0,0.0,0.0,0.0,25.17,26.35,0.92,0.21,0.0,0.0,True,3,0,1,7,2,0.0,0.0,0.0,0.0,0,1,0
2026-07-01 03:15:00,0.0,0.0,0.0,0.0,0.0,0.0,0.0,0.0,0.0,0.0,0.0,25.14,26.34,1.31,0.31,0.0,0.0,True,3,15,1,7,2,0.0,0.0,0.0,0.0,0,1,0
2026-07-01 03:30:00,0.0,0.0,0.0,0.0,0.0,0.0,0.0,0.0,0.0,0.0,0.0,25.02,26.35,1.21,0.17,0.0,0.0,True,3,30,1,7,2,0.0,0.0,0.0,0.0,0,1,0
2026-07-01 03:45:00,0.0,0.0,0.0,0.0,0.0,0.0,0.0,0.0,0.0,0.0,0.0,25.2,26.43,1.45,0.21,0.0,0.0,True,3,45,1,7,2,0.0,0.0,0.0,0.0,0,1,0
2026-07-01 04:00:00,0.0,0.0,0.0,0.0,0.0,0.0,0.0,0.0,0.0,0.0,0.0,25.14,26.53,0.99,0.16,0.0,0.0,True,4,0,1,7,2,0.0,0.0,0.0,0.0,0,1,0
2026-07-01 04:15:00,0.0,0.0,0.0,0.0,0.0,0.0,0.0,0.0,0.0,0.0,0.0,25.18,26.53,1.45,0.15,0.0,0.0,True,4,15,1,7,2,0.0,0.0,0.0,0.0,0,1,0
2026-07-01 04:30:00,0.0,0.0,0.0,0.0,0.0,0.0,0.0,0.0,0.0,0.0,0.0,25.38,26.61,1.48,0.13,0.0,0.0,True,4,30,1,7,2,0.0,0.0,0.0,0.0,0,1,0
2026-07-01 04:45:00,0.0,0.0,0.0,0.0,0.0,0.0,0.0,0.0,0.0,0.0,0.0,25.39,26.69,1.11,0.18,0.0,0.0,True,4,45,1,7,2,0.0,0.0,0.0,0.0,0,1,0
2026-07-01 05:00:00,0.0,0.0,0.0,0.0,0.0,0.0,0.0,0.0,0.0,0.0,0.0,24.34,26.69,0.21,0.14,0.0,0.0,True,5,0,1,7,2,0.0,0.0,0.0,0.0,0,1,0
2026-07-01 05:15:00,0.0,0.0,0.0,0.0,0.0,0.0,0.0,0.0,0.0,0.0,0.0,25.17,26.74,0.22,0.19,0.0,0.0,True,5,15,1,7,2,0.0,0.0,0.0,0.0,0,1,0
2026-07-01 05:30:00,0.0,0.0,0.0,0.0,0.0,0.0,0.0,0.0,0.0,0.0,0.0,25.32,26.85,0.16,0.12,0.0,0.0,True,5,30,1,7,2,0.0,0.0,0.0,0.0,0,1,0
2026-07-01 05:45:00,0.0,0.0,0.0,0.0,0.0,0.0,0.0,0.0,0.0,0.0,0.0,25.31,26.94,0.98,0.15,0.0,0.0,True,5,45,1,7,2,0.0,0.0,0.0,0.0,0,1,0
2026-07-01 06:00:00,9.0,1.15,1.2,0.0,0.0,3.46,3.59,2.62,2.72,3.14,3.26,25.74,26.96,2.9,1.14,0.0,18.81,True,6,0,1,7,2,0.0,0.0,3.0,5.196152422706632,0,1,0
2026-07-01 06:15:00,28.2,9.36,9.72,9.22,9.57,12.32,12.73,10.03,10.42,11.74,12.19,25.61,26.95,5.96,4.22,0.0,28.65,True,6,15,1,7,2,9.0,0.0,12.4,14.404166064024672,0,1,0
2026-07-01 06:30:00,87.6,19.19,19.93,20.27,21.05,26.01,26.84,21.35,22.17,24.74,25.7,25.85,26.86,10.59,8.13,0.0,50.14,True,6,30,1,7,2,28.2,9.0,41.6,40.977554831883275,0,1,0
2026-07-01 06:45:00,160.2,32.9,34.1,33.42,34.64,40.9,42.18,35.96,37.21,41.31,42.75,25.65,26.87,15.74,13.55,0.0,61.64,True,6,45,1,7,2,87.6,28.2,92.0,66.10990848579357,0,1,0
2026-07-01 07:00:00,352.29,68.13,69.48,69.0,70.37,83.92,86.16,75.15,76.63,85.74,87.43,25.7,26.96,30.92,28.6,0.0,69.03,True,7,0,1,7,2,160.2,87.6,200.03,136.76629957705222,1,1,0
2026-07-01 07:15:00,630.0,130.71,132.67,133.12,135.11,129.18,131.75,131.76,133.71,134.65,136.63,26.52,26.97,45.99,42.72,0.0,83.27,True,7,15,1,7,2,352.29,160.2,380.83,236.19675844515726,1,1,0
2026-07-01 07:30:00,706.8,145.41,147.52,147.07,149.2,140.43,143.12,146.2,148.32,148.46,150.62,26.7,27.08,50.58,47.65,0.0,85.0,True,7,30,1,7,2,630.0,352.29,563.03,186.50220025511746,1,1,0
2026-07-01 07:45:00,946.2,193.88,196.61,197.39,200.15,181.1,184.99,194.8,197.57,201.22,204.03,27.47,27.22,67.54,64.04,0.25,85.49,True,7,45,1,7,2,706.8,630.0,761.0,164.92070822064736,1,1,0
2026-07-01 08:00:00,768.0,150.32,152.5,154.22,156.46,161.82,166.23,153.06,155.28,165.2,167.59,28.51,27.33,61.23,57.57,0.25,76.86,True,8,0,1,7,2,946.2,706.8,807.0,124.37379145141423,1,1,0
2026-07-01 08:15:00,770.4,154.9,157.15,155.88,158.14,161.18,165.58,159.14,161.44,168.88,171.32,28.14,27.37,58.64,55.57,0.25,80.39,True,8,15,1,7,2,768.0,946.2,828.1999999999999,102.19804303410055,1,1,0
2026-07-01 08:30:00,1472.4,299.09,303.22,296.43,300.53,289.28,294.92,303.33,307.5,312.11,316.36,28.26,27.48,100.68,97.96,0.25,89.53,True,8,30,1,7,2,770.4,768.0,1003.6,405.99448272113244,1,1,0
2026-07-01 08:45:00,3772.8,766.76,776.01,771.65,780.96,739.06,751.11,759.51,768.57,769.27,778.45,30.98,27.88,248.71,247.46,0.5,93.9,True,8,45,1,7,2,1472.4,770.4,2005.2,1570.5121202970704,1,1,0
2026-07-01 09:00:00,5654.4,1129.3,1143.44,1154.19,1168.75,1061.35,1079.29,1148.92,1163.26,1164.23,1178.87,35.46,28.39,366.28,363.65,1.0,97.35,True,9,0,1,7,2,3772.8,1472.4,3633.2000000000003,2094.4920911762824,1,1,0
2026-07-01 09:15:00,6148.8,1147.82,1162.47,1173.53,1188.51,1326.62,1350.59,1204.93,1220.3,1355.9,1373.93,37.63,28.67,467.05,461.41,1.5,83.78,True,9,15,1,7,2,5654.4,3772.8,5192.0,1253.6763218630226,1,1,0
2026-07-01 09:30:00,7327.8,1366.24,1383.67,1415.74,1434.03,1666.29,1699.16,1417.92,1436.72,1567.07,1588.84,40.06,29.1,572.68,563.55,2.0,82.26,True,9,30,1,7,2,6148.8,5654.4,6377.0,859.7228157958804,1,1,0
2026-07-01 09:45:00,6945.0,1306.69,1323.36,1330.11,1347.08,1520.93,1549.87,1331.43,1348.42,1473.2,1492.72,42.39,29.46,563.19,549.26,2.5,80.08,True,9,45,1,7,2,7327.8,6148.8,6807.2,601.4581282184129,1,1,0
2026-07-01 10:00:00,7945.07,1563.74,1585.36,1597.69,1620.23,1611.49,1642.66,1581.48,1603.57,1630.18,1652.97,41.39,29.61,561.84,552.14,3.0,91.44,True,10,0,1,7,2,6945.0,7327.8,7405.956666666668,504.5952334627534,1,1,0
2026-07-01 10:15:00,6316.2,1253.3,1269.29,1282.27,1298.63,1283.46,1306.39,1240.41,1256.23,1271.64,1287.87,41.46,29.47,454.52,451.94,3.5,89.88,True,10,15,1,7,2,7945.07,6945.0,7068.756666666667,821.4567265737924,1,1,0
2026-07-01 10:30:00,4928.4,1043.86,1056.81,1049.18,1062.17,892.44,907.06,1002.07,1014.43,975.24,987.18,38.24,29.33,313.14,307.87,3.75,100.41,True,10,30,1,7,2,6316.2,7945.07,6396.556666666666,1509.9395244953787,1,1,0
2026-07-01 10:45:00,4111.8,871.96,882.35,875.81,886.25,744.35,756.29,835.71,845.66,813.12,822.79,36.16,29.26,254.88,252.89,4.0,102.02,True,10,45,1,7,2,4928.4,6316.2,5118.8,1114.4657733640793,1,1,0
2026-07-01 11:00:00,4045.8,837.33,847.29,841.24,851.24,755.25,767.39,823.06,832.83,823.53,833.32,35.36,29.24,252.67,253.07,4.25,100.93,True,11,0,1,7,2,4111.8,4928.4,4362.0,491.6255892444916,1,1,0
2026-07-01 11:15:00,4498.2,915.49,926.42,925.06,936.1,884.19,898.62,900.5,911.25,908.85,919.7,36.4,29.4,297.88,299.44,4.75,95.6,True,11,15,1,7,2,4045.8,4111.8,4218.599999999999,244.37904983855165,1,1,0
2026-07-01 11:30:00,5581.2,1106.97,1120.93,1128.81,1143.1,1127.91,1147.23,1111.26,1125.31,1149.11,1163.67,37.72,29.64,383.13,383.34,5.0,92.73,True,11,30,1,7,2,4498.2,4045.8,4708.400000000001,788.9875284185383,1,1,0
2026-07-01 11:45:00,5959.2,1191.01,1206.21,1196.25,1211.51,1169.05,1189.21,1198.48,1213.78,1233.08,1248.82,40.07,30.07,411.93,411.63,5.5,93.01,True,11,45,1,7,2,5581.2,4498.2,5346.2,758.3198533600419,1,1,0
2026-07-01 12:00:00,5769.64,1142.64,1157.22,1134.65,1149.13,1109.64,1128.57,1165.64,1180.52,1223.84,1239.45,40.24,30.18,397.63,399.37,5.75,93.36,True,12,0,1,7,2,5959.2,5581.2,5770.013333333333,189.0002765429977,1,0,1
2026-07-01 12:15:00,5903.4,1227.55,1243.21,1211.7,1227.16,1082.57,1100.94,1213.75,1229.24,1215.82,1231.34,40.07,30.38,384.72,384.08,6.25,98.66,True,12,15,1,7,2,5769.64,5959.2,5877.413333333333,97.41523768553816,1,0,1
2026-07-01 12:30:00,5873.4,1188.81,1203.97,1187.79,1203.15,1158.47,1178.71,1188.64,1203.61,1216.75,1232.3,40.8,30.61,411.57,412.44,6.75,92.04,True,12,30,1,7,2,5903.4,5769.64,5848.813333333333,70.18769502790214,1,0,1
2026-07-01 12:45:00,8307.0,1668.33,1692.59,1701.75,1726.71,1653.74,1686.03,1656.82,1680.92,1702.12,1727.08,42.43,30.89,588.23,585.22,7.25,91.72,True,12,45,1,7,2,5873.4,5903.4,6694.599999999999,1396.4599242369966,1,0,1
2026-07-01 13:00:00,7761.0,1564.42,1586.01,1594.39,1616.95,1543.12,1572.38,1550.06,1571.23,1566.0,1588.28,43.37,31.15,554.62,549.34,7.75,91.25,True,13,0,1,7,2,8307.0,5873.4,7313.8,1276.946796072569,1,0,1
2026-07-01 13:15:00,8418.86,1694.55,1719.83,1724.21,1749.93,1661.32,1693.88,1691.97,1717.21,1736.39,1762.29,43.46,31.32,596.31,592.73,8.25,92.1,True,13,15,1,7,2,7761.0,8307.0,8162.286666666667,351.9963160792081,1,0,1
2026-07-01 13:30:00,8888.79,1844.16,1871.78,1968.7,1998.58,1671.14,1703.95,1781.02,1807.54,1680.83,1704.85,44.62,31.66,598.48,592.13,9.0,97.38,True,13,30,1,7,2,8418.86,7761.0,8356.216666666667,566.4986420401509,1,0,1
2026-07-01 13:45:00,7518.6,1502.86,1523.94,1555.26,1577.11,1455.65,1482.74,1537.52,1559.11,1555.21,1576.79,42.59,31.31,509.81,506.91,9.5,95.85,True,13,45,1,7,2,8888.79,8418.86,8275.416666666666,696.2665807241747,1,0,1
2026-07-01 14:00:00,6180.0,1227.28,1242.94,1263.42,1279.54,1255.15,1277.23,1222.06,1237.65,1257.65,1273.7,41.54,31.13,447.76,447.66,10.0,89.3,True,14,0,1,7,2,7518.6,8888.79,7529.13,1354.4256999555178,1,0,1
2026-07-01 14:15:00,7743.0,1561.89,1583.84,1688.33,1712.7,1459.35,1486.66,1539.87,1560.97,1541.26,1562.44,40.42,30.97,499.15,494.33,10.5,99.89,True,14,15,1,7,2,6180.0,7518.6,7147.2,845.1010117139783,1,0,1
2026-07-01 14:30:00,8969.4,1564.74,1586.3,1739.76,1765.16,2173.15,2220.59,1660.82,1684.1,1852.56,1880.39,44.45,31.27,866.15,858.08,11.0,67.85,True,14,30,1,7,2,7743.0,6180.0,7630.8,1398.0807272829397,1,0,1
2026-07-01 14:45:00,7893.6,1394.6,1413.52,1421.24,1440.76,1798.97,1835.85,1518.01,1539.44,1752.6,1778.58,45.75,31.28,717.81,711.83,11.75,72.46,True,14,45,1,7,2,8969.4,7743.0,8202.0,668.8401602774755,1,0,1
2026-07-01 15:00:00,5913.64,1195.72,1211.44,1235.97,1252.75,1137.93,1158.16,1207.4,1223.53,1200.27,1216.02,40.69,30.71,391.27,389.99,12.0,97.43,True,15,0,1,7,2,7893.6,8969.4,7592.213333333333,1550.0137859171848,1,0,1
2026-07-01 15:15:00,10690.62,2181.97,2216.65,2226.34,2261.56,2072.21,2116.89,2107.27,2140.17,2199.0,2234.11,43.59,31.24,858.35,840.9,12.75,81.3,True,15,15,1,7,2,5913.64,7893.6,8165.953333333334,2400.1076504468156,1,0,1
2026-07-01 15:30:00,5979.86,1243.13,1259.25,1232.64,1248.62,1187.4,1208.16,1220.55,1236.1,1218.53,1233.91,42.78,31.23,451.04,444.47,13.25,86.24,True,15,30,1,7,2,10690.62,5913.64,7528.040000000001,2739.074746041078,1,0,1
2026-07-01 15:45:00,5149.8,966.67,978.56,982.68,994.7,1050.13,1067.9,991.38,1003.63,1069.95,1083.25,39.67,30.96,392.9,389.34,13.5,84.13,True,15,45,1,7,2,5979.86,10690.62,7273.426666666666,2988.33693028971,1,0,1
2026-07-01 16:00:00,4658.4,935.55,946.96,930.72,942.01,936.22,951.66,964.16,975.93,984.06,996.0,38.46,30.75,323.99,324.58,14.0,91.82,True,16,0,1,7,2,5149.8,5979.86,5262.686666666667,667.9234106791807,1,0,1
2026-07-01 16:15:00,5575.8,1108.19,1122.02,1129.94,1144.05,1080.38,1098.74,1080.42,1093.89,1133.17,1147.39,39.06,31.07,398.46,390.78,14.25,89.59,True,16,15,1,7,2,4658.4,5149.8,5128.0,459.088357508634,1,0,1
2026-07-01 16:30:00,3493.2,692.47,700.66,710.66,719.07,702.05,713.36,689.36,697.5,710.46,718.87,37.84,31.3,254.81,253.99,14.5,87.31,True,16,30,1,7,2,5575.8,4658.4,4575.8,1043.754166458736,1,0,1
2026-07-01 16:45:00,4693.8,978.98,990.95,1026.51,1039.17,908.51,923.56,923.34,934.56,888.51,899.16,36.83,31.45,306.13,302.76,14.75,97.24,True,16,45,1,7,2,3493.2,5575.8,4587.600000000001,1045.353777436123,1,0,1
2026-07-01 17:00:00,3524.79,683.16,691.33,717.51,726.03,705.5,716.9,669.26,677.28,683.26,691.43,37.05,31.47,255.65,250.89,15.0,87.52,True,17,0,1,7,2,4693.8,3493.2,3903.9300000000003,684.2298186281902,1,0,1
2026-07-01 17:15:00,2230.8,467.5,473.46,475.67,481.72,424.88,432.26,443.91,449.66,439.38,445.14,35.14,31.43,152.68,148.99,15.25,92.01,True,17,15,1,7,2,3524.79,4693.8,3483.1300000000006,1232.0283749573152,1,0,1
2026-07-01 17:30:00,1278.0,256.31,260.03,262.71,266.52,260.57,265.67,255.57,259.27,263.78,267.61,33.26,31.2,89.82,91.35,15.25,88.91,True,17,30,1,7,2,2230.8,3524.79,2344.5300000000007,1127.7043986346575,1,0,1
2026-07-01 17:45:00,1536.0,305.7,310.14,313.56,318.1,316.93,322.85,307.86,312.33,320.7,325.35,32.52,31.07,108.16,110.15,15.5,88.47,True,17,45,1,7,2,1278.0,2230.8,1681.6000000000006,492.80470776966973,1,0,1
2026-07-01 18:00:00,1125.0,228.36,232.16,233.72,237.6,225.98,230.92,224.89,228.63,229.86,233.67,32.12,31.03,81.42,81.03,15.5,85.93,True,18,0,1,7,2,1536.0,1278.0,1313.0000000000007,207.7233737448593,1,0,1
2026-07-01 18:15:00,742.8,153.79,156.83,156.48,159.57,149.9,154.11,151.34,154.39,155.03,158.1,31.48,30.71,55.41,54.18,15.5,83.15,True,18,15,1,7,2,1125.0,1536.0,1134.6000000000006,396.68713112470016,1,0,1
2026-07-01 18:30:00,247.8,53.49,55.56,54.69,56.8,53.9,55.61,52.0,54.0,54.28,56.38,30.15,30.34,22.9,22.2,15.5,66.76,True,18,30,1,7,2,742.8,1125.0,705.2000000000006,439.807094076416,1,0,1
2026-07-01 18:45:00,42.43,7.27,7.55,6.62,6.88,8.24,8.56,6.91,7.17,7.5,7.8,29.68,30.27,5.12,4.79,15.5,50.99,True,18,45,1,7,2,247.8,742.8,344.34333333333393,360.02777064175444,0,0,1
2026-07-01 19:00:00,0.0,0.0,0.0,0.0,0.0,0.0,0.0,0.0,0.0,0.0,0.0,28.78,29.64,0.31,0.19,15.5,0.0,True,19,0,1,7,2,42.43,247.8,96.74333333333395,132.5279730218103,0,0,1
2026-07-01 19:15:00,0.0,0.0,0.0,0.0,0.0,0.0,0.0,0.0,0.0,0.0,0.0,28.47,29.38,0.12,0.09,15.5,0.0,True,19,15,1,7,2,0.0,42.43,14.14333333333394,24.496971920402405,0,0,1
2026-07-01 19:30:00,0.0,0.0,0.0,0.0,0.0,0.0,0.0,0.0,0.0,0.0,0.0,28.05,29.44,0.1,0.08,15.5,0.0,True,19,30,1,7,2,0.0,0.0,0.0,0.0,0,0,1
2026-07-01 19:45:00,0.0,0.0,0.0,0.0,0.0,0.0,0.0,0.0,0.0,0.0,0.0,28.39,29.42,0.14,0.1,15.5,0.0,True,19,45,1,7,2,0.0,0.0,0.0,0.0,0,0,1
2026-07-01 20:00:00,0.0,0.0,0.0,0.0,0.0,0.0,0.0,0.0,0.0,0.0,0.0,28.47,28.94,0.12,0.09,15.5,0.0,True,20,0,1,7,2,0.0,0.0,0.0,0.0,0,0,1
2026-07-01 20:15:00,0.0,0.0,0.0,0.0,0.0,0.0,0.0,0.0,0.0,0.0,0.0,27.82,28.74,0.11,0.08,15.5,0.0,True,20,15,1,7,2,0.0,0.0,0.0,0.0,0,0,1
2026-07-01 20:30:00,0.0,0.0,0.0,0.0,0.0,0.0,0.0,0.0,0.0,0.0,0.0,28.02,28.76,0.16,0.09,15.5,0.0,True,20,30,1,7,2,0.0,0.0,0.0,0.0,0,0,1
2026-07-01 20:45:00,0.0,0.0,0.0,0.0,0.0,0.0,0.0,0.0,0.0,0.0,0.0,27.24,28.77,0.14,0.1,15.5,0.0,True,20,45,1,7,2,0.0,0.0,0.0,0.0,0,0,1
2026-07-01 21:00:00,0.0,0.0,0.0,0.0,0.0,0.0,0.0,0.0,0.0,0.0,0.0,26.69,28.07,0.15,0.1,15.5,0.0,True,21,0,1,7,2,0.0,0.0,0.0,0.0,0,0,1
2026-07-01 21:15:00,0.0,0.0,0.0,0.0,0.0,0.0,0.0,0.0,0.0,0.0,0.0,25.72,27.74,0.13,0.09,15.5,0.0,True,21,15,1,7,2,0.0,0.0,0.0,0.0,0,0,1
2026-07-01 21:30:00,0.0,0.0,0.0,0.0,0.0,0.0,0.0,0.0,0.0,0.0,0.0,25.88,27.72,0.15,0.1,15.5,0.0,True,21,30,1,7,2,0.0,0.0,0.0,0.0,0,0,1
2026-07-01 21:45:00,0.0,0.0,0.0,0.0,0.0,0.0,0.0,0.0,0.0,0.0,0.0,26.16,27.6,0.16,0.12,15.5,0.0,True,21,45,1,7,2,0.0,0.0,0.0,0.0,0,0,1
2026-07-01 22:00:00,0.0,0.0,0.0,0.0,0.0,0.0,0.0,0.0,0.0,0.0,0.0,26.35,27.46,0.12,0.11,15.5,0.0,True,22,0,1,7,2,0.0,0.0,0.0,0.0,0,0,1
2026-07-01 22:15:00,0.0,0.0,0.0,0.0,0.0,0.0,0.0,0.0,0.0,0.0,0.0,26.38,27.43,0.14,0.13,15.5,0.0,True,22,15,1,7,2,0.0,0.0,0.0,0.0,0,0,1
2026-07-01 22:30:00,0.0,0.0,0.0,0.0,0.0,0.0,0.0,0.0,0.0,0.0,0.0,26.42,27.38,0.14,0.13,15.5,0.0,True,22,30,1,7,2,0.0,0.0,0.0,0.0,0,0,1
2026-07-01 22:45:00,0.0,0.0,0.0,0.0,0.0,0.0,0.0,0.0,0.0,0.0,0.0,26.45,27.32,0.15,0.14,15.5,0.0,True,22,45,1,7,2,0.0,0.0,0.0,0.0,0,0,1
2026-07-01 23:00:00,0.0,0.0,0.0,0.0,0.0,0.0,0.0,0.0,0.0,0.0,0.0,25.95,27.17,0.16,0.14,15.5,0.0,True,23,0,1,7,2,0.0,0.0,0.0,0.0,0,0,1
2026-07-01 23:15:00,0.0,0.0,0.0,0.0,0.0,0.0,0.0,0.0,0.0,0.0,0.0,25.7,27.64,0.18,0.14,15.5,0.0,True,23,15,1,7,2,0.0,0.0,0.0,0.0,0,0,1
2026-07-01 23:30:00,0.0,0.0,0.0,0.0,0.0,0.0,0.0,0.0,0.0,0.0,0.0,25.79,27.11,0.13,0.14,15.5,0.0,True,23,30,1,7,2,0.0,0.0,0.0,0.0,0,0,1
2026-07-01 23:45:00,0.0,0.0,0.0,0.0,0.0,0.0,0.0,0.0,0.0,0.0,0.0,25.45,26.97,0.53,0.16,15.5,0.0,True,23,45,1,7,2,0.0,0.0,0.0,0.0,0,0,1
2026-07-02 00:15:00,0.0,0.0,0.0,0.0,0.0,0.0,0.0,0.0,0.0,0.0,0.0,25.08,26.34,0.12,0.13,0.0,0.0,True,0,15,2,7,3,0.0,0.0,0.0,0.0,0,1,0
2026-07-02 00:30:00,0.0,0.0,0.0,0.0,0.0,0.0,0.0,0.0,0.0,0.0,0.0,25.04,26.04,0.2,0.21,0.0,0.0,True,0,30,2,7,3,0.0,0.0,0.0,0.0,0,1,0
2026-07-02 00:45:00,0.0,0.0,0.0,0.0,0.0,0.0,0.0,0.0,0.0,0.0,0.0,25.08,26.11,0.19,0.2,0.0,0.0,True,0,45,2,7,3,0.0,0.0,0.0,0.0,0,1,0
2026-07-02 01:00:00,0.0,0.0,0.0,0.0,0.0,0.0,0.0,0.0,0.0,0.0,0.0,25.05,26.25,0.19,0.21,0.0,0.0,True,1,0,2,7,3,0.0,0.0,0.0,0.0,0,1,0
2026-07-02 01:15:00,0.0,0.0,0.0,0.0,0.0,0.0,0.0,0.0,0.0,0.0,0.0,24.96,26.38,0.21,0.22,0.0,0.0,True,1,15,2,7,3,0.0,0.0,0.0,0.0,0,1,0
2026-07-02 01:30:00,0.0,0.0,0.0,0.0,0.0,0.0,0.0,0.0,0.0,0.0,0.0,25.11,26.37,0.19,0.22,0.0,0.0,True,1,30,2,7,3,0.0,0.0,0.0,0.0,0,1,0
2026-07-02 01:45:00,0.0,0.0,0.0,0.0,0.0,0.0,0.0,0.0,0.0,0.0,0.0,25.04,26.41,0.22,0.21,0.0,0.0,True,1,45,2,7,3,0.0,0.0,0.0,0.0,0,1,0
2026-07-02 02:00:00,0.0,0.0,0.0,0.0,0.0,0.0,0.0,0.0,0.0,0.0,0.0,24.63,26.37,0.2,0.2,0.0,0.0,True,2,0,2,7,3,0.0,0.0,0.0,0.0,0,1,0
2026-07-02 02:15:00,0.0,0.0,0.0,0.0,0.0,0.0,0.0,0.0,0.0,0.0,0.0,24.86,26.47,0.48,0.27,0.0,0.0,True,2,15,2,7,3,0.0,0.0,0.0,0.0,0,1,0
2026-07-02 02:30:00,0.0,0.0,0.0,0.0,0.0,0.0,0.0,0.0,0.0,0.0,0.0,25.13,26.57,1.05,0.61,0.0,0.0,True,2,30,2,7,3,0.0,0.0,0.0,0.0,0,1,0
2026-07-02 02:45:00,0.0,0.0,0.0,0.0,0.0,0.0,0.0,0.0,0.0,0.0,0.0,25.33,26.68,1.08,0.52,0.0,0.0,True,2,45,2,7,3,0.0,0.0,0.0,0.0,0,1,0
2026-07-02 03:00:00,0.0,0.0,0.0,0.0,0.0,0.0,0.0,0.0,0.0,0.0,0.0,25.03,26.63,0.18,0.2,0.0,0.0,True,3,0,2,7,3,0.0,0.0,0.0,0.0,0,1,0
2026-07-02 03:15:00,0.0,0.0,0.0,0.0,0.0,0.0,0.0,0.0,0.0,0.0,0.0,25.02,26.42,0.15,0.15,0.0,0.0,True,3,15,2,7,3,0.0,0.0,0.0,0.0,0,1,0
2026-07-02 03:30:00,0.0,0.0,0.0,0.0,0.0,0.0,0.0,0.0,0.0,0.0,0.0,24.77,26.2,0.18,0.18,0.0,0.0,True,3,30,2,7,3,0.0,0.0,0.0,0.0,0,1,0
2026-07-02 03:45:00,0.0,0.0,0.0,0.0,0.0,0.0,0.0,0.0,0.0,0.0,0.0,24.86,26.08,0.18,0.18,0.0,0.0,True,3,45,2,7,3,0.0,0.0,0.0,0.0,0,1,0
2026-07-02 04:00:00,0.0,0.0,0.0,0.0,0.0,0.0,0.0,0.0,0.0,0.0,0.0,24.83,25.98,0.19,0.18,0.0,0.0,True,4,0,2,7,3,0.0,0.0,0.0,0.0,0,1,0
2026-07-02 04:15:00,0.0,0.0,0.0,0.0,0.0,0.0,0.0,0.0,0.0,0.0,0.0,24.75,25.94,0.18,0.18,0.0,0.0,True,4,15,2,7,3,0.0,0.0,0.0,0.0,0,1,0
2026-07-02 04:30:00,0.0,0.0,0.0,0.0,0.0,0.0,0.0,0.0,0.0,0.0,0.0,24.67,25.88,0.17,0.16,0.0,0.0,True,4,30,2,7,3,0.0,0.0,0.0,0.0,0,1,0
2026-07-02 04:45:00,0.0,0.0,0.0,0.0,0.0,0.0,0.0,0.0,0.0,0.0,0.0,23.93,25.89,0.19,0.18,0.0,0.0,True,4,45,2,7,3,0.0,0.0,0.0,0.0,0,1,0
2026-07-02 05:00:00,0.0,0.0,0.0,0.0,0.0,0.0,0.0,0.0,0.0,0.0,0.0,24.74,25.87,0.18,0.18,0.0,0.0,True,5,0,2,7,3,0.0,0.0,0.0,0.0,0,1,0
2026-07-02 05:15:00,0.0,0.0,0.0,0.0,0.0,0.0,0.0,0.0,0.0,0.0,0.0,24.63,25.89,0.18,0.17,0.0,0.0,True,5,15,2,7,3,0.0,0.0,0.0,0.0,0,1,0
2026-07-02 05:30:00,0.0,0.0,0.0,0.0,0.0,0.0,0.0,0.0,0.0,0.0,0.0,24.73,25.93,0.19,0.19,0.0,0.0,True,5,30,2,7,3,0.0,0.0,0.0,0.0,0,1,0
2026-07-02 05:45:00,0.0,0.0,0.0,0.0,0.0,0.0,0.0,0.0,0.0,0.0,0.0,24.6,25.95,0.27,0.18,0.0,0.0,True,5,45,2,7,3,0.0,0.0,0.0,0.0,0,1,0
2026-07-02 06:00:00,0.0,0.0,0.0,0.0,0.0,1.78,1.85,1.71,1.77,1.98,2.05,24.66,26.02,1.92,1.07,0.0,0.0,True,6,0,2,7,3,0.0,0.0,0.0,0.0,0,1,0
2026-07-02 06:15:00,25.2,0.0,0.0,0.0,0.0,14.88,15.36,15.5,16.1,15.83,16.44,24.75,26.02,6.62,5.65,0.0,22.99,True,6,15,2,7,3,0.0,0.0,8.4,14.549226783578568,0,1,0
2026-07-02 06:30:00,124.71,28.34,29.44,32.87,34.14,35.1,36.2,36.82,38.24,37.32,38.77,24.94,26.03,13.86,12.63,0.0,54.36,True,6,30,2,7,3,25.2,0.0,49.97,65.94172199753355,0,1,0
2026-07-02 06:45:00,315.0,69.67,71.11,71.6,73.01,66.68,68.64,70.28,71.73,70.85,72.32,24.86,26.01,24.01,22.76,0.25,79.23,True,6,45,2,7,3,124.71,25.2,154.97,147.2506730035554,1,1,0
2026-07-02 07:00:00,582.43,125.97,127.87,128.96,130.87,118.02,120.5,125.8,127.66,125.16,127.01,24.88,25.91,40.9,39.29,0.25,86.0,True,7,0,2,7,3,315.0,124.71,340.7133333333333,229.94082115477738,1,1,0
2026-07-02 07:15:00,880.8,198.52,201.27,193.69,196.4,164.92,168.12,194.56,197.29,185.02,187.61,25.39,25.96,55.54,53.53,0.25,95.97,True,7,15,2,7,3,582.43,315.0,592.7433333333333,283.0409575191077,1,1,0
2026-07-02 07:30:00,1515.86,322.18,326.75,316.78,321.27,295.92,301.56,317.46,321.96,314.07,318.52,25.67,26.09,97.69,95.4,0.25,94.01,True,7,30,2,7,3,880.8,582.43,993.0299999999999,476.72798417965765,1,1,0
2026-07-02 07:45:00,1554.0,318.89,323.52,321.98,326.65,300.34,306.01,304.69,309.11,304.52,308.94,26.87,26.26,104.05,101.81,0.5,90.92,True,7,45,2,7,3,1515.86,880.8,1316.8866666666665,378.14329365114133,1,1,0
2026-07-02 08:00:00,1165.2,231.1,234.8,236.26,239.83,243.35,248.4,226.61,230.27,229.02,232.72,27.86,26.24,86.11,83.41,0.5,82.7,True,8,0,2,7,3,1554.0,1515.86,1411.6866666666665,214.3138412080127,1,1,0
2026-07-02 08:15:00,1507.8,300.59,304.95,307.07,311.52,313.85,319.78,310.72,315.23,329.29,334.07,27.47,26.15,106.79,103.74,0.75,86.16,True,8,15,2,7,3,1165.2,1554.0,1409.0,212.39689263263702,1,1,0
2026-07-02 08:30:00,1698.43,312.61,317.14,318.51,323.13,381.49,388.32,328.9,333.67,369.91,375.24,28.18,26.27,134.16,132.48,0.75,77.47,True,8,30,2,7,3,1507.8,1165.2,1457.1433333333334,270.20016956570043,1,1,0
2026-07-02 08:45:00,3124.29,622.53,630.35,605.9,613.58,685.54,697.16,673.91,682.33,752.4,761.77,29.33,26.38,225.31,225.08,1.0,85.26,True,8,45,2,7,3,1698.43,1507.8,2110.1733333333336,883.4078386755083,1,1,0
2026-07-02 09:00:00,6187.5,1231.64,1247.3,1243.81,1259.65,1229.22,1250.77,1274.51,1291.02,1297.53,1314.09,33.54,26.84,423.12,417.44,1.5,91.48,True,9,0,2,7,3,3124.29,1698.43,3670.0733333333337,2293.7626188063427,1,1,0
2026-07-02 09:15:00,5958.0,1129.45,1143.65,1160.62,1175.29,1220.46,1241.97,1112.57,1126.52,1155.52,1170.04,36.54,27.38,431.88,427.03,1.75,87.38,True,9,15,2,7,3,6187.5,3124.29,5089.93,1706.1573842116666,1,1,0
2026-07-02 09:30:00,4421.4,851.93,862.08,874.24,884.66,920.83,935.97,865.07,875.37,897.59,908.3,34.53,27.43,316.38,312.43,2.0,87.78,True,9,30,2,7,3,5958.0,6187.5,5522.299999999999,960.2880661551493,1,1,0
2026-07-02 09:45:00,5072.79,1039.61,1052.45,1050.45,1063.48,1009.67,1026.56,1049.24,1062.2,1046.91,1059.84,33.99,27.49,337.96,333.4,2.5,94.07,True,9,45,2,7,3,4421.4,5958.0,5150.73,771.2592772213484,1,1,0
2026-07-02 10:00:00,6317.31,1248.73,1264.67,1275.27,1291.54,1298.67,1321.76,1253.98,1269.98,1297.51,1314.06,35.23,27.88,439.59,431.93,3.0,90.53,True,10,0,2,7,3,5072.79,4421.4,5270.5,963.294147755501,1,1,0
2026-07-02 10:15:00,7896.6,1551.24,1572.9,1591.13,1613.92,1638.69,1670.59,1584.27,1606.85,1651.2,1675.2,37.24,28.33,554.09,514.12,3.5,90.54,True,10,15,2,7,3,6317.31,5072.79,6428.900000000001,1415.2084564119855,1,1,0
2026-07-02 10:30:00,7635.6,1510.4,1530.13,1536.06,1556.24,1572.16,1602.2,1522.48,1542.37,1571.72,1594.19,38.56,28.37,536.58,507.09,4.0,90.91,True,10,30,2,7,3,7896.6,6317.31,7283.170000000001,846.578055881437,1,1,0
2026-07-02 10:45:00,8662.8,1724.6,1750.33,1748.3,1774.38,1751.66,1786.68,1741.6,1767.58,1798.18,1825.0,40.14,28.55,598.18,574.12,4.5,93.14,True,10,45,2,7,3,7635.6,7896.6,8065.0,533.9043734602585,1,1,0
2026-07-02 11:00:00,8005.2,1548.12,1569.12,1588.24,1610.02,1633.36,1665.16,1568.06,1589.33,1626.27,1648.55,40.3,28.87,570.16,569.02,5.0,90.36,True,11,0,2,7,3,8662.8,7635.6,8101.200000000001,520.2854601081903,1,1,0
2026-07-02 11:15:00,7071.6,1378.08,1395.67,1411.03,1429.03,1451.34,1478.19,1385.89,1403.57,1439.32,1457.68,39.91,28.98,497.54,495.87,5.5,91.32,True,11,15,2,7,3,8005.2,8662.8,7913.2,799.5794894818092,1,1,0
2026-07-02 11:30:00,7320.86,1464.64,1483.55,1497.39,1517.42,1487.22,1515.02,1483.5,1503.11,1533.28,1554.46,39.98,29.28,502.59,500.32,6.0,93.62,True,11,30,2,7,3,7071.6,8005.2,7465.886666666666,483.4012727882752,1,1,0
2026-07-02 11:45:00,7980.6,1597.04,1620.01,1625.19,1648.79,1612.78,1643.91,1592.63,1615.74,1628.84,1652.7,41.19,29.54,559.46,557.9,6.75,92.15,True,11,45,2,7,3,7320.86,7071.6,7457.686666666666,469.6928810758417,1,1,0
2026-07-02 12:00:00,9087.0,1853.49,1881.15,1840.06,1867.51,1730.47,1764.96,1890.95,1919.23,1880.49,1908.7,40.37,29.72,596.7,595.32,7.25,98.04,True,12,0,2,7,3,7980.6,7320.86,8129.486666666667,892.4337815957693,1,0,1
2026-07-02 12:15:00,9502.8,1968.47,1998.2,1987.9,2018.5,1871.26,1909.75,1931.29,1960.32,1928.86,1958.08,41.46,29.83,657.02,656.27,8.0,93.55,True,12,15,2,7,3,9087.0,7980.6,8856.800000000001,786.7764866847457,1,0,1
2026-07-02 12:30:00,8916.0,1730.0,1754.99,1791.47,1817.58,1731.52,1766.05,1729.04,1754.02,1768.25,1793.89,41.79,29.87,627.47,622.33,8.5,92.04,True,12,30,2,7,3,9502.8,9087.0,9168.6,301.79045710557693,1,0,1
2026-07-02 12:45:00,5979.6,1165.32,1180.0,1192.74,1207.79,1213.28,1234.56,1159.1,1173.67,1186.8,1201.78,38.21,29.38,422.88,417.84,9.0,90.2,True,12,45,2,7,3,8916.0,9502.8,8132.8,1887.666877391238,1,0,1
2026-07-02 13:00:00,4653.6,927.95,939.03,938.65,949.85,918.51,933.59,925.98,937.04,940.1,951.33,36.05,29.2,312.02,309.02,9.25,94.28,True,13,0,2,7,3,5979.6,8916.0,6516.400000000001,2181.313622567828,1,0,1
2026-07-02 13:15:00,4342.8,859.68,869.91,874.95,885.37,862.66,876.67,858.24,868.46,881.25,891.76,34.45,29.27,290.22,289.18,9.75,93.96,True,13,15,2,7,3,4653.6,5979.6,4992.0,869.2896410287975,1,0,1
2026-07-02 13:30:00,2777.4,532.24,538.99,540.99,547.62,558.44,567.61,532.04,538.74,547.77,554.37,33.43,28.98,192.55,192.9,9.75,90.19,True,13,30,2,7,3,4342.8,4653.6,3924.6000000000004,1005.5844270870411,1,0,1
2026-07-02 13:45:00,2625.0,532.18,538.64,535.29,541.79,513.16,521.65,529.37,535.87,538.13,544.66,29.6,28.19,163.69,164.64,10.0,98.71,True,13,45,2,7,3,2777.4,4342.8,3248.4,950.836452814032,1,0,1
2026-07-02 14:00:00,3762.64,788.69,798.23,789.74,799.34,709.36,721.03,792.62,802.12,797.62,807.19,29.59,27.99,220.77,220.07,10.25,104.9,True,14,0,2,7,3,2625.0,2777.4,3055.013333333334,617.541953662505,1,0,1
2026-07-02 14:15:00,5229.69,1040.44,1053.27,1059.65,1072.94,1058.63,1076.5,1047.66,1060.66,1080.03,1093.76,31.78,28.31,343.41,340.66,10.75,94.58,True,14,15,2,7,3,3762.64,2625.0,3872.443333333333,1305.812037788481,1,0,1
2026-07-02 14:30:00,6309.0,1243.84,1259.72,1270.56,1286.77,1248.35,1270.36,1262.59,1278.7,1290.82,1307.3,34.71,28.77,417.26,413.95,11.0,95.05,True,14,30,2,7,3,5229.69,3762.64,5100.443333333334,1278.090700237393,1,0,1
2026-07-02 14:45:00,5521.2,1047.35,1060.36,1071.91,1085.28,1141.39,1161.09,1053.8,1066.89,1100.01,1113.73,38.2,29.1,401.54,398.77,11.5,87.71,True,14,45,2,7,3,6309.0,5229.69,5686.63,558.3483076897243,1,0,1
2026-07-02 15:00:00,4104.0,790.99,800.39,807.72,817.32,844.08,857.76,799.71,809.21,835.99,845.93,36.21,28.9,291.73,292.11,11.75,88.99,True,15,0,2,7,3,5521.2,6309.0,5311.400000000001,1117.3711469337202,1,0,1
2026-07-02 15:15:00,3595.2,702.63,710.95,718.41,726.91,732.58,744.37,704.54,712.88,728.13,736.75,34.67,28.85,249.64,246.87,12.0,90.52,True,15,15,2,7,3,4104.0,5521.2,4406.8,998.065568988318,1,0,1
2026-07-02 15:30:00,3288.0,658.39,666.16,671.86,679.8,666.96,677.82,662.03,669.85,680.88,688.94,34.14,28.92,224.07,219.18,12.25,92.02,True,15,30,2,7,3,3595.2,4104.0,3662.4,412.129688326349,1,0,1
2026-07-02 15:45:00,3571.2,704.91,713.25,716.99,725.47,714.84,726.35,701.68,709.98,720.36,728.89,35.25,29.43,249.3,244.5,12.5,90.25,True,15,45,2,7,3,3288.0,3595.2,3484.7999999999997,170.85572861327515,1,0,1
2026-07-02 16:00:00,2808.6,554.2,560.84,562.91,569.65,553.73,562.89,548.5,555.11,558.57,565.28,34.87,29.5,193.95,191.81,12.75,91.09,True,16,0,2,7,3,3571.2,3288.0,3222.6,385.48354050461404,1,0,1
2026-07-02 16:15:00,1930.2,384.82,390.28,390.83,396.37,380.77,387.58,379.96,385.39,385.83,391.34,33.48,29.53,134.05,131.98,12.75,90.05,True,16,15,2,7,3,2808.6,3571.2,2770.0,821.1806865726758,1,0,1
2026-07-02 16:30:00,1717.8,348.9,353.96,354.96,360.11,338.97,345.22,344.73,349.73,348.2,353.25,32.22,29.61,117.54,114.75,13.0,90.92,True,16,30,2,7,3,1930.2,2808.6,2152.2000000000003,578.2941811915192,1,0,1
2026-07-02 16:45:00,1681.8,338.23,343.13,344.75,349.75,333.72,339.89,334.69,339.55,338.7,343.62,31.75,29.61,116.81,113.52,13.0,89.41,True,16,45,2,7,3,1717.8,1930.2,1776.6000000000001,134.23382584121114,1,0,1
2026-07-02 17:00:00,1522.8,307.55,312.01,313.68,318.23,303.34,309.06,305.26,309.69,309.72,314.21,31.96,29.47,106.11,103.27,13.25,89.19,True,17,0,2,7,3,1681.8,1717.8,1640.8,103.76415566065269,1,0,1
2026-07-02 17:15:00,1537.2,308.31,312.78,315.57,320.14,310.16,315.99,306.1,310.54,311.96,316.48,31.93,29.52,108.36,105.61,13.25,88.16,True,17,15,2,7,3,1522.8,1681.8,1580.6000000000001,87.93702291963245,1,0,1
2026-07-02 17:30:00,1211.4,241.28,244.85,245.39,248.95,241.86,246.85,238.79,242.29,243.2,246.73,31.46,29.52,86.19,84.51,13.25,87.17,True,17,30,2,7,3,1537.2,1522.8,1423.8,184.0846544391126,1,0,1
2026-07-02 17:45:00,505.2,90.59,92.84,95.63,98.02,107.44,110.45,86.91,89.25,89.73,92.21,30.88,29.56,42.97,42.02,13.25,72.74,True,17,45,2,7,3,1211.4,1537.2,1084.6000000000001,527.555380979065,1,0,1
2026-07-02 18:00:00,67.8,20.45,21.24,19.39,20.13,17.82,18.44,20.22,21.0,20.46,21.24,28.72,29.27,5.21,6.43,13.25,79.83,True,18,0,2,7,3,505.2,1211.4,594.8000000000001,577.041038401919,0,0,1
2026-07-02 18:15:00,85.8,21.87,22.72,21.59,22.42,23.18,23.96,21.76,22.6,22.82,23.7,26.89,28.16,8.44,9.01,13.5,61.86,True,18,15,2,7,3,67.8,505.2,219.6,247.5005454538712,0,0,1
2026-07-02 18:30:00,79.2,20.53,21.32,20.45,21.24,22.12,22.87,20.64,21.44,21.67,22.51,26.52,27.78,9.31,8.88,13.5,51.74,True,18,30,2,7,3,85.8,67.8,77.60000000000001,9.106041948253555,0,0,1
2026-07-02 18:45:00,29.25,6.41,6.66,5.68,5.9,9.44,9.81,6.44,6.72,6.9,7.16,26.7,28.07,5.63,4.85,13.5,31.6,True,18,45,2,7,3,79.2,85.8,64.75,30.920502906054335,0,0,1
2026-07-02 19:00:00,0.0,0.0,0.0,0.0,0.0,0.4,0.42,0.0,0.0,0.0,0.0,26.61,28.22,0.21,0.1,13.5,0.0,True,19,0,2,7,3,29.25,79.2,36.15,40.048314570818434,0,0,1
2026-07-02 19:15:00,0.0,0.0,0.0,0.0,0.0,0.0,0.0,0.0,0.0,0.0,0.0,26.96,28.3,0.41,0.08,13.5,0.0,True,19,15,2,7,3,0.0,29.25,9.75,16.887495372705466,0,0,1
2026-07-02 19:30:00,0.0,0.0,0.0,0.0,0.0,0.0,0.0,0.0,0.0,0.0,0.0,26.99,28.2,0.16,0.08,13.5,0.0,True,19,30,2,7,3,0.0,0.0,0.0,0.0,0,0,1
2026-07-02 19:45:00,0.0,0.0,0.0,0.0,0.0,0.0,0.0,0.0,0.0,0.0,0.0,26.62,28.36,0.17,0.09,13.5,0.0,True,19,45,2,7,3,0.0,0.0,0.0,0.0,0,0,1
2026-07-02 20:00:00,0.0,0.0,0.0,0.0,0.0,0.0,0.0,0.0,0.0,0.0,0.0,27.04,28.3,0.14,0.09,13.5,0.0,True,20,0,2,7,3,0.0,0.0,0.0,0.0,0,0,1
2026-07-02 20:15:00,0.0,0.0,0.0,0.0,0.0,0.0,0.0,0.0,0.0,0.0,0.0,27.32,28.36,0.13,0.08,13.5,0.0,True,20,15,2,7,3,0.0,0.0,0.0,0.0,0,0,1
2026-07-02 20:30:00,0.0,0.0,0.0,0.0,0.0,0.0,0.0,0.0,0.0,0.0,0.0,27.79,28.34,0.16,0.09,13.5,0.0,True,20,30,2,7,3,0.0,0.0,0.0,0.0,0,0,1
2026-07-02 20:45:00,0.0,0.0,0.0,0.0,0.0,0.0,0.0,0.0,0.0,0.0,0.0,26.89,27.97,0.13,0.09,13.5,0.0,True,20,45,2,7,3,0.0,0.0,0.0,0.0,0,0,1
2026-07-02 21:00:00,0.0,0.0,0.0,0.0,0.0,0.0,0.0,0.0,0.0,0.0,0.0,25.96,27.57,0.16,0.09,13.5,0.0,True,21,0,2,7,3,0.0,0.0,0.0,0.0,0,0,1
2026-07-02 21:15:00,0.0,0.0,0.0,0.0,0.0,0.0,0.0,0.0,0.0,0.0,0.0,25.3,27.24,0.16,0.1,13.5,0.0,True,21,15,2,7,3,0.0,0.0,0.0,0.0,0,0,1
2026-07-02 21:30:00,0.0,0.0,0.0,0.0,0.0,0.0,0.0,0.0,0.0,0.0,0.0,25.28,27.1,0.14,0.1,13.5,0.0,True,21,30,2,7,3,0.0,0.0,0.0,0.0,0,0,1
2026-07-02 21:45:00,0.0,0.0,0.0,0.0,0.0,0.0,0.0,0.0,0.0,0.0,0.0,25.1,27.01,0.12,0.11,13.5,0.0,True,21,45,2,7,3,0.0,0.0,0.0,0.0,0,0,1
2026-07-02 22:00:00,0.0,0.0,0.0,0.0,0.0,0.0,0.0,0.0,0.0,0.0,0.0,25.05,26.94,0.14,0.16,13.5,0.0,True,22,0,2,7,3,0.0,0.0,0.0,0.0,0,0,1
2026-07-02 22:15:00,0.0,0.0,0.0,0.0,0.0,0.0,0.0,0.0,0.0,0.0,0.0,25.03,26.81,0.14,0.16,13.5,0.0,True,22,15,2,7,3,0.0,0.0,0.0,0.0,0,0,1
2026-07-02 22:30:00,0.0,0.0,0.0,0.0,0.0,0.0,0.0,0.0,0.0,0.0,0.0,24.91,26.69,0.13,0.14,13.5,0.0,True,22,30,2,7,3,0.0,0.0,0.0,0.0,0,0,1
2026-07-02 22:45:00,0.0,0.0,0.0,0.0,0.0,0.0,0.0,0.0,0.0,0.0,0.0,24.26,26.38,0.16,0.16,13.5,0.0,True,22,45,2,7,3,0.0,0.0,0.0,0.0,0,0,1
2026-07-02 23:00:00,0.0,0.0,0.0,0.0,0.0,0.0,0.0,0.0,0.0,0.0,0.0,24.67,26.01,0.18,0.18,13.5,0.0,True,23,0,2,7,3,0.0,0.0,0.0,0.0,0,0,1
2026-07-02 23:15:00,0.0,0.0,0.0,0.0,0.0,0.0,0.0,0.0,0.0,0.0,0.0,24.55,25.88,0.16,0.18,13.5,0.0,True,23,15,2,7,3,0.0,0.0,0.0,0.0,0,0,1
2026-07-02 23:30:00,0.0,0.0,0.0,0.0,0.0,0.0,0.0,0.0,0.0,0.0,0.0,24.56,25.93,0.18,0.18,13.5,0.0,True,23,30,2,7,3,0.0,0.0,0.0,0.0,0,0,1
2026-07-02 23:45:00,0.0,0.0,0.0,0.0,0.0,0.0,0.0,0.0,0.0,0.0,0.0,24.5,25.94,0.18,0.17,13.5,0.0,True,23,45,2,7,3,0.0,0.0,0.0,0.0,0,0,1
2026-07-03 00:15:00,0.0,0.0,0.0,0.0,0.0,0.0,0.0,0.0,0.0,0.0,0.0,24.39,26.04,0.19,0.18,0.0,0.0,True,0,15,3,7,4,0.0,0.0,0.0,0.0,0,1,0
2026-07-03 00:30:00,0.0,0.0,0.0,0.0,0.0,0.0,0.0,0.0,0.0,0.0,0.0,24.27,25.86,0.18,0.19,0.0,0.0,True,0,30,3,7,4,0.0,0.0,0.0,0.0,0,1,0
2026-07-03 00:45:00,0.0,0.0,0.0,0.0,0.0,0.0,0.0,0.0,0.0,0.0,0.0,24.35,25.71,0.19,0.19,0.0,0.0,True,0,45,3,7,4,0.0,0.0,0.0,0.0,0,1,0
2026-07-03 01:00:00,0.0,0.0,0.0,0.0,0.0,0.0,0.0,0.0,0.0,0.0,0.0,24.68,25.62,0.2,0.22,0.0,0.0,True,1,0,3,7,4,0.0,0.0,0.0,0.0,0,1,0
2026-07-03 01:15:00,0.0,0.0,0.0,0.0,0.0,0.0,0.0,0.0,0.0,0.0,0.0,24.4,25.66,0.15,0.15,0.0,0.0,True,1,15,3,7,4,0.0,0.0,0.0,0.0,0,1,0
2026-07-03 01:30:00,0.0,0.0,0.0,0.0,0.0,0.0,0.0,0.0,0.0,0.0,0.0,24.33,25.69,0.22,0.17,0.0,0.0,True,1,30,3,7,4,0.0,0.0,0.0,0.0,0,1,0
2026-07-03 01:45:00,0.0,0.0,0.0,0.0,0.0,0.0,0.0,0.0,0.0,0.0,0.0,24.48,25.71,0.19,0.18,0.0,0.0,True,1,45,3,7,4,0.0,0.0,0.0,0.0,0,1,0
2026-07-03 02:00:00,0.0,0.0,0.0,0.0,0.0,0.0,0.0,0.0,0.0,0.0,0.0,23.98,25.78,0.17,0.17,0.0,0.0,True,2,0,3,7,4,0.0,0.0,0.0,0.0,0,1,0
2026-07-03 02:15:00,0.0,0.0,0.0,0.0,0.0,0.0,0.0,0.0,0.0,0.0,0.0,24.46,25.78,0.15,0.15,0.0,0.0,True,2,15,3,7,4,0.0,0.0,0.0,0.0,0,1,0
2026-07-03 02:30:00,0.0,0.0,0.0,0.0,0.0,0.0,0.0,0.0,0.0,0.0,0.0,24.1,25.87,0.2,0.2,0.0,0.0,True,2,30,3,7,4,0.0,0.0,0.0,0.0,0,1,0
2026-07-03 02:45:00,0.0,0.0,0.0,0.0,0.0,0.0,0.0,0.0,0.0,0.0,0.0,24.7,26.0,0.21,0.22,0.0,0.0,True,2,45,3,7,4,0.0,0.0,0.0,0.0,0,1,0
2026-07-03 03:00:00,0.0,0.0,0.0,0.0,0.0,0.0,0.0,0.0,0.0,0.0,0.0,24.41,25.98,0.17,0.17,0.0,0.0,True,3,0,3,7,4,0.0,0.0,0.0,0.0,0,1,0
2026-07-03 03:15:00,0.0,0.0,0.0,0.0,0.0,0.0,0.0,0.0,0.0,0.0,0.0,24.68,26.01,0.19,0.2,0.0,0.0,True,3,15,3,7,4,0.0,0.0,0.0,0.0,0,1,0
2026-07-03 03:30:00,0.0,0.0,0.0,0.0,0.0,0.0,0.0,0.0,0.0,0.0,0.0,24.53,26.16,0.19,0.19,0.0,0.0,True,3,30,3,7,4,0.0,0.0,0.0,0.0,0,1,0
2026-07-03 03:45:00,0.0,0.0,0.0,0.0,0.0,0.0,0.0,0.0,0.0,0.0,0.0,24.73,26.2,0.18,0.2,0.0,0.0,True,3,45,3,7,4,0.0,0.0,0.0,0.0,0,1,0
2026-07-03 04:00:00,0.0,0.0,0.0,0.0,0.0,0.0,0.0,0.0,0.0,0.0,0.0,24.76,26.33,0.27,0.19,0.0,0.0,True,4,0,3,7,4,0.0,0.0,0.0,0.0,0,1,0
2026-07-03 04:15:00,0.0,0.0,0.0,0.0,0.0,0.0,0.0,0.0,0.0,0.0,0.0,24.77,26.46,0.55,0.22,0.0,0.0,True,4,15,3,7,4,0.0,0.0,0.0,0.0,0,1,0
2026-07-03 04:30:00,0.0,0.0,0.0,0.0,0.0,0.0,0.0,0.0,0.0,0.0,0.0,24.98,26.56,0.69,0.44,0.0,0.0,True,4,30,3,7,4,0.0,0.0,0.0,0.0,0,1,0
2026-07-03 04:45:00,0.0,0.0,0.0,0.0,0.0,0.0,0.0,0.0,0.0,0.0,0.0,24.95,26.65,0.88,0.89,0.0,0.0,True,4,45,3,7,4,0.0,0.0,0.0,0.0,0,1,0
2026-07-03 05:00:00,0.0,0.0,0.0,0.0,0.0,0.0,0.0,0.0,0.0,0.0,0.0,25.11,26.6,0.63,0.34,0.0,0.0,True,5,0,3,7,4,0.0,0.0,0.0,0.0,0,1,0
2026-07-03 05:15:00,0.0,0.0,0.0,0.0,0.0,0.0,0.0,0.0,0.0,0.0,0.0,25.01,26.53,0.31,0.17,0.0,0.0,True,5,15,3,7,4,0.0,0.0,0.0,0.0,0,1,0
2026-07-03 05:30:00,0.0,0.0,0.0,0.0,0.0,0.0,0.0,0.0,0.0,0.0,0.0,24.38,26.5,0.4,0.15,0.0,0.0,True,5,30,3,7,4,0.0,0.0,0.0,0.0,0,1,0
2026-07-03 05:45:00,0.0,0.0,0.0,0.0,0.0,0.0,0.0,0.0,0.0,0.0,0.0,24.83,26.55,0.36,0.23,0.0,0.0,True,5,45,3,7,4,0.0,0.0,0.0,0.0,0,1,0
2026-07-03 06:00:00,11.25,0.0,0.0,0.0,0.0,5.83,6.04,5.0,5.2,5.49,5.7,25.18,26.68,4.24,3.47,0.0,16.03,True,6,0,3,7,4,0.0,0.0,3.75,6.49519052838329,0,1,0
2026-07-03 06:15:00,55.2,3.42,3.56,7.22,7.5,24.14,24.91,23.32,24.22,24.32,25.25,25.08,26.79,10.91,10.02,0.0,30.59,True,6,15,3,7,4,11.25,0.0,22.150000000000002,29.169633182472488,0,1,0
2026-07-03 06:30:00,247.8,55.45,56.97,56.34,57.89,53.58,55.19,53.97,55.45,55.66,57.19,25.9,26.88,21.49,20.32,0.0,69.93,True,6,30,3,7,4,55.2,11.25,104.75,125.81882808228664,1,1,0
2026-07-03 06:45:00,378.6,77.88,79.42,79.96,81.54,79.84,82.04,79.08,80.64,81.34,82.95,26.31,27.0,32.02,30.24,0.0,71.82,True,6,45,3,7,4,247.8,55.2,227.20000000000002,162.6811605564701,1,1,0
2026-07-03 07:00:00,485.36,102.51,104.15,104.93,106.61,99.3,101.67,101.69,103.36,102.92,104.61,26.65,27.02,37.94,35.81,0.0,77.8,True,7,0,3,7,4,378.6,247.8,370.58666666666664,118.9825555841416,1,1,0
2026-07-03 07:15:00,678.0,138.49,140.5,143.17,145.25,143.8,146.58,139.15,141.17,144.1,146.19,27.02,27.1,52.54,50.23,0.0,78.6,True,7,15,3,7,4,485.36,378.6,513.9866666666667,151.73893545604355,1,1,0
2026-07-03 07:30:00,800.36,168.68,171.11,173.63,176.12,160.44,163.61,166.99,169.4,171.0,173.46,27.68,27.12,61.71,58.9,0.0,79.21,True,7,30,3,7,4,678.0,485.36,654.5733333333334,158.80131149752305,1,1,0
2026-07-03 07:45:00,1340.4,254.87,259.35,262.49,266.93,276.45,281.85,253.17,256.56,280.11,283.86,28.25,27.2,95.67,93.07,0.25,85.76,True,7,45,3,7,4,800.36,678.0,939.5866666666667,352.4648756022837,1,1,0
2026-07-03 08:00:00,1587.0,305.53,309.96,313.35,317.89,327.67,333.76,313.81,318.36,327.86,332.62,29.37,27.39,115.36,113.89,0.25,84.6,True,8,0,3,7,4,1340.4,800.36,1242.5866666666668,402.3384253751228,1,1,0
2026-07-03 08:15:00,1118.4,216.81,220.39,222.14,225.7,232.96,237.91,223.71,227.29,233.01,236.63,28.96,27.39,83.3,82.14,0.25,82.43,True,8,15,3,7,4,1587.0,1340.4,1348.6000000000001,234.40759373364992,1,1,0
2026-07-03 08:30:00,978.0,204.11,207.67,208.55,212.2,196.61,201.38,201.36,204.96,204.19,207.81,27.75,27.37,66.4,64.37,0.5,89.98,True,8,30,3,7,4,1118.4,1587.0,1227.8,318.8989181543267,1,1,0
2026-07-03 08:45:00,1293.6,272.55,276.5,279.0,283.04,251.84,256.93,266.49,270.35,265.39,269.24,27.94,27.41,85.67,82.04,0.5,92.32,True,8,45,3,7,4,978.0,1118.4,1130.0,158.11944851914944,1,1,0
2026-07-03 09:00:00,1581.6,325.28,330.0,332.46,337.28,319.61,325.58,321.34,326.0,327.62,332.37,27.79,27.14,103.75,101.22,0.5,93.15,True,9,0,3,7,4,1293.6,978.0,1284.3999999999999,301.90515066821877,1,1,0
2026-07-03 09:15:00,2538.6,530.54,536.96,536.76,543.22,490.58,498.81,519.34,525.7,520.27,526.62,27.62,27.25,162.26,159.19,0.75,95.53,True,9,15,3,7,4,1581.6,1293.6,1804.5999999999997,651.7691309044941,1,1,0
2026-07-03 09:30:00,2633.14,531.97,538.44,540.16,546.66,518.98,527.55,530.61,537.06,538.99,545.52,29.27,27.52,175.25,172.13,1.0,92.36,True,9,30,3,7,4,2538.6,1581.6,2251.1133333333332,581.7392289792158,1,1,0
2026-07-03 09:45:00,3133.2,666.02,673.89,671.29,679.22,601.64,611.51,643.31,650.9,645.65,653.26,28.4,27.5,195.97,191.94,1.25,97.93,True,9,45,3,7,4,2633.14,2538.6,2768.313333333333,319.5170770605721,1,1,0
2026-07-03 10:00:00,4479.0,888.84,899.42,906.15,916.95,884.76,899.21,889.84,900.44,909.58,920.42,31.77,27.89,299.72,294.39,1.5,92.8,True,10,0,3,7,4,3133.2,2633.14,3415.1133333333332,954.6759295872763,1,1,0
2026-07-03 10:15:00,3852.0,784.44,793.73,795.53,804.94,749.75,761.74,782.37,791.63,788.59,797.93,32.5,28.08,256.96,252.7,1.75,93.37,True,10,15,3,7,4,4479.0,3133.2,3821.4,673.4216212745146,1,1,0
2026-07-03 10:30:00,4189.2,835.47,845.41,842.49,852.51,835.45,848.95,847.59,857.67,875.37,885.81,33.31,28.21,285.17,284.92,2.0,91.81,True,10,30,3,7,4,3852.0,4479.0,4173.4,313.7984703595516,1,1,0
2026-07-03 10:45:00,3189.86,618.35,625.8,621.36,628.84,622.89,633.12,642.06,649.79,656.55,664.43,33.7,28.37,224.05,223.63,2.25,89.12,True,10,45,3,7,4,4189.2,3852.0,3743.6866666666665,508.3984092553099,1,1,0
2026-07-03 11:00:00,1986.0,424.76,430.48,426.27,432.01,357.16,363.65,404.74,410.19,381.52,386.97,31.3,28.29,124.24,121.57,2.5,99.08,True,11,0,3,7,4,3189.86,4189.2,3121.6866666666665,1103.1809745156652,1,1,0
2026-07-03 11:15:00,1820.4,388.35,393.94,388.22,393.77,338.28,344.52,372.87,378.27,363.23,368.49,30.81,28.21,115.21,113.18,2.5,97.74,True,11,15,3,7,4,1986.0,3189.86,2332.0866666666666,747.4537835433953,1,1,0
2026-07-03 11:30:00,2624.4,538.1,544.67,550.23,556.95,525.85,534.68,525.91,532.42,531.37,538.0,30.88,28.34,171.02,168.04,2.75,94.95,True,11,30,3,7,4,1820.4,1986.0,2143.6,424.5377721711042,1,1,0
2026-07-03 11:45:00,2538.0,492.6,498.76,509.09,515.42,521.64,530.35,497.12,503.36,512.7,519.02,32.05,28.5,176.42,174.2,3.0,89.44,True,11,45,3,7,4,2624.4,1820.4,2327.6,441.3673300098269,1,1,0
2026-07-03 12:00:00,2195.4,417.62,423.37,435.75,441.67,474.44,482.43,425.4,431.21,446.18,452.19,30.95,28.48,156.09,153.53,3.0,87.05,True,12,0,3,7,4,2538.0,2624.4,2452.6,226.89230925706326,1,0,1
2026-07-03 12:15:00,2132.36,416.48,422.17,433.45,439.33,467.04,474.94,416.55,422.24,435.58,441.47,31.79,28.54,155.72,152.78,3.25,85.04,True,12,15,3,7,4,2195.4,2538.0,2288.5866666666666,218.28597878319388,1,0,1
2026-07-03 12:30:00,2440.8,443.11,449.0,467.62,473.7,573.21,582.6,461.52,467.53,511.44,517.89,32.4,28.72,189.07,186.44,3.5,80.38,True,12,30,3,7,4,2132.36,2195.4,2256.186666666667,162.95727210940032,1,0,1
2026-07-03 12:45:00,1828.8,318.14,322.72,331.05,335.77,427.99,435.4,345.47,350.35,388.1,393.4,32.7,28.8,151.08,152.44,3.5,75.46,True,12,45,3,7,4,2440.8,2132.36,2133.9866666666667,306.00324268435105,1,0,1
2026-07-03 13:00:00,1832.14,367.4,372.72,380.58,385.98,395.61,402.6,363.58,368.83,379.22,384.51,31.51,28.82,132.48,131.06,3.75,85.79,True,13,0,3,7,4,1828.8,2440.8,2033.9133333333332,352.37814707120873,1,0,1
2026-07-03 13:15:00,3195.6,633.84,641.45,661.57,669.47,686.4,697.63,631.17,638.82,664.1,672.14,33.03,28.94,223.36,219.84,3.75,89.31,True,13,15,3,7,4,1832.14,1828.8,2285.5133333333333,788.1599422283125,1,0,1
2026-07-03 13:30:00,3783.0,740.52,749.29,775.07,784.28,805.01,818.1,739.53,748.29,767.74,776.86,35.29,29.19,271.4,266.32,4.0,87.83,True,13,30,3,7,4,3195.6,1832.14,2936.9133333333334,1000.8260480889439,1,0,1
2026-07-03 13:45:00,3558.6,657.04,664.9,692.33,700.53,753.92,766.17,686.68,694.86,716.86,725.35,36.57,29.46,266.19,261.29,4.25,84.69,True,13,45,3,7,4,3783.0,3195.6,3512.4,296.41275276208455,1,0,1
2026-07-03 14:00:00,2484.6,473.17,479.24,494.64,500.95,523.93,532.67,485.14,491.29,508.17,514.57,34.82,29.41,180.49,179.03,4.5,86.57,True,14,0,3,7,4,3558.6,3783.0,3275.4,693.9829392715632,1,0,1
2026-07-03 14:15:00,2509.8,514.05,520.49,524.84,531.25,512.83,521.43,506.47,512.76,522.96,529.37,33.11,29.3,170.5,170.57,4.75,91.92,True,14,15,3,7,4,2484.6,3558.6,2851.0,612.9290986729221,1,0,1
2026-07-03 14:30:00,3707.4,731.71,740.38,754.15,763.1,764.09,776.46,743.27,752.08,768.16,777.27,34.81,29.55,264.11,261.83,5.0,88.28,True,14,30,3,7,4,2509.8,2484.6,2900.6,698.822896018727,1,0,1
2026-07-03 14:45:00,2517.6,472.14,478.04,483.06,489.11,508.4,516.98,500.35,506.55,523.45,529.94,34.99,29.55,182.07,182.52,5.25,87.02,True,14,45,3,7,4,3707.4,2509.8,2911.6,689.1940510480342,1,0,1
2026-07-03 15:00:00,1011.6,178.19,181.36,190.26,193.56,237.11,242.22,191.44,194.76,211.76,215.29,32.05,28.98,82.96,83.6,5.25,75.81,True,15,0,3,7,4,2517.6,3707.4,2412.2000000000003,1350.9871501979594,1,0,1
2026-07-03 15:15:00,1663.8,352.96,358.04,355.73,360.85,328.06,334.22,343.49,348.54,347.82,352.93,27.47,26.72,103.61,104.61,5.25,97.99,True,15,15,3,7,4,1011.6,2517.6,1731.0,755.2455759552704,1,0,1
2026-07-03 15:30:00,3705.43,745.6,754.53,760.91,770.03,723.91,735.81,734.62,743.48,753.33,762.41,27.33,26.26,232.99,231.27,5.5,96.99,True,15,30,3,7,4,1663.8,1011.6,2126.943333333333,1405.3669725852174,1,0,1
2026-07-03 15:45:00,2947.8,574.53,581.5,582.7,589.73,562.34,571.63,587.28,594.39,592.04,599.28,28.76,26.87,200.48,197.82,5.75,90.19,True,15,45,3,7,4,3705.43,1663.8,2772.343333333333,1032.0620357484981,1,0,1
2026-07-03 16:00:00,2043.6,402.67,408.4,406.92,412.62,403.24,410.34,410.58,416.31,423.28,429.07,29.57,27.22,142.75,144.39,6.0,88.11,True,16,0,3,7,4,2947.8,3705.43,2898.943333333333,831.9915670446027,1,0,1
2026-07-03 16:15:00,1481.4,276.85,281.23,282.94,287.29,299.29,305.17,292.47,296.95,304.35,308.88,29.96,27.46,111.69,112.03,6.0,81.76,True,16,15,3,7,4,2043.6,2947.8,2157.6,739.8170314341277,1,0,1
2026-07-03 16:30:00,906.92,189.11,192.54,189.77,193.17,175.29,179.86,185.59,189.03,187.52,190.99,28.7,27.33,63.94,64.67,6.0,86.98,True,16,30,3,7,4,1481.4,2043.6,1477.3066666666666,568.3510553639736,1,0,1
2026-07-03 16:45:00,1231.2,252.37,256.03,254.28,257.97,234.39,239.29,251.93,255.58,252.61,256.27,28.44,27.24,84.94,84.4,6.25,88.81,True,16,45,3,7,4,906.92,1481.4,1206.5066666666667,288.0349599151886,1,0,1
2026-07-03 17:00:00,1079.4,222.12,225.77,223.21,226.87,200.51,205.26,222.7,226.28,221.79,225.43,28.67,27.37,75.3,74.06,6.25,87.9,True,17,0,3,7,4,1231.2,906.92,1072.5066666666667,162.2498632768148,1,0,1
2026-07-03 17:15:00,772.71,79.84,81.42,73.32,74.77,110.61,113.82,160.68,163.86,162.41,165.62,28.14,27.37,56.19,55.43,6.25,84.14,True,17,15,3,7,4,1079.4,1231.2,1027.77,233.5647933658068,1,0,1
2026-07-03 17:30:00,0.0,0.0,0.0,0.0,0.0,70.25,72.31,0.0,0.0,0.0,0.0,27.3,27.25,37.19,36.42,6.25,0.0,True,17,30,3,7,4,772.71,1079.4,617.37,556.2139666531347,1,0,1
2026-07-03 17:45:00,0.0,0.0,0.0,0.0,0.0,70.25,72.31,0.0,0.0,0.0,0.0,27.01,27.18,44.26,42.91,6.25,0.0,True,17,45,3,7,4,0.0,772.71,257.57,446.12432650553416,1,0,1
2026-07-03 18:00:00,0.0,0.0,0.0,0.0,0.0,70.25,72.31,0.0,0.0,0.0,0.0,26.68,27.1,26.39,24.88,6.25,0.0,True,18,0,3,7,4,0.0,0.0,0.0,0.0,1,0,1
2026-07-03 18:15:00,0.0,0.0,0.0,0.0,0.0,70.25,72.31,0.0,0.0,0.0,0.0,25.4,26.54,12.69,12.19,6.25,0.0,True,18,15,3,7,4,0.0,0.0,0.0,0.0,0,0,1
2026-07-03 18:30:00,0.0,0.0,0.0,0.0,0.0,70.25,72.31,0.0,0.0,0.0,0.0,24.98,26.26,21.76,21.11,6.25,0.0,True,18,30,3,7,4,0.0,0.0,0.0,0.0,1,0,1
2026-07-03 18:45:00,0.0,0.0,0.0,0.0,0.0,70.25,72.31,0.0,0.0,0.0,0.0,24.89,26.33,10.84,10.22,6.25,0.0,True,18,45,3,7,4,0.0,0.0,0.0,0.0,0,0,1
2026-07-03 19:00:00,0.0,0.0,0.0,0.0,0.0,70.25,72.31,0.0,0.0,0.0,0.0,24.72,26.35,1.75,1.22,6.25,0.0,True,19,0,3,7,4,0.0,0.0,0.0,0.0,0,0,1
2026-07-03 19:15:00,0.0,0.0,0.0,0.0,0.0,0.0,0.0,0.0,0.0,0.0,0.0,0.0,0.0,0.0,0.0,6.25,0.0,True,19,15,3,7,4,0.0,0.0,0.0,0.0,0,0,1
2026-07-03 19:30:00,0.0,0.0,0.0,0.0,0.0,0.0,0.0,0.0,0.0,0.0,0.0,0.0,0.0,0.0,0.0,6.25,0.0,True,19,30,3,7,4,0.0,0.0,0.0,0.0,0,0,1
2026-07-03 19:45:00,0.0,0.0,0.0,0.0,0.0,0.0,0.0,0.0,0.0,0.0,0.0,0.0,0.0,0.0,0.0,6.25,0.0,True,19,45,3,7,4,0.0,0.0,0.0,0.0,0,0,1
2026-07-03 20:00:00,0.0,0.0,0.0,0.0,0.0,0.0,0.0,0.0,0.0,0.0,0.0,0.0,0.0,0.0,0.0,6.25,0.0,True,20,0,3,7,4,0.0,0.0,0.0,0.0,0,0,1
2026-07-03 20:15:00,0.0,0.0,0.0,0.0,0.0,0.0,0.0,0.0,0.0,0.0,0.0,0.0,0.0,0.0,0.0,6.25,0.0,True,20,15,3,7,4,0.0,0.0,0.0,0.0,0,0,1
2026-07-03 20:30:00,0.0,0.0,0.0,0.0,0.0,0.0,0.0,0.0,0.0,0.0,0.0,0.0,0.0,0.0,0.0,6.25,0.0,True,20,30,3,7,4,0.0,0.0,0.0,0.0,0,0,1
2026-07-03 20:45:00,0.0,0.0,0.0,0.0,0.0,0.0,0.0,0.0,0.0,0.0,0.0,24.42,26.1,0.21,0.09,6.25,0.0,True,20,45,3,7,4,0.0,0.0,0.0,0.0,0,0,1
2026-07-03 21:00:00,0.0,0.0,0.0,0.0,0.0,0.0,0.0,0.0,0.0,0.0,0.0,24.38,26.08,0.18,0.08,6.25,0.0,True,21,0,3,7,4,0.0,0.0,0.0,0.0,0,0,1
2026-07-03 21:15:00,0.0,0.0,0.0,0.0,0.0,0.0,0.0,0.0,0.0,0.0,0.0,24.31,26.17,0.08,0.08,6.25,0.0,True,21,15,3,7,4,0.0,0.0,0.0,0.0,0,0,1
2026-07-03 21:30:00,0.0,0.0,0.0,0.0,0.0,0.0,0.0,0.0,0.0,0.0,0.0,24.22,26.13,0.09,0.09,6.25,0.0,True,21,30,3,7,4,0.0,0.0,0.0,0.0,0,0,1
2026-07-03 21:45:00,0.0,0.0,0.0,0.0,0.0,0.0,0.0,0.0,0.0,0.0,0.0,24.29,26.29,0.36,0.13,6.25,0.0,True,21,45,3,7,4,0.0,0.0,0.0,0.0,0,0,1
2026-07-03 22:00:00,0.0,0.0,0.0,0.0,0.0,0.0,0.0,0.0,0.0,0.0,0.0,24.39,26.38,0.13,0.09,6.25,0.0,True,22,0,3,7,4,0.0,0.0,0.0,0.0,0,0,1
2026-07-03 22:15:00,0.0,0.0,0.0,0.0,0.0,0.0,0.0,0.0,0.0,0.0,0.0,24.45,26.38,0.21,0.09,6.25,0.0,True,22,15,3,7,4,0.0,0.0,0.0,0.0,0,0,1
2026-07-03 22:30:00,0.0,0.0,0.0,0.0,0.0,0.0,0.0,0.0,0.0,0.0,0.0,24.47,26.47,0.48,0.09,6.25,0.0,True,22,30,3,7,4,0.0,0.0,0.0,0.0,0,0,1
2026-07-03 22:45:00,0.0,0.0,0.0,0.0,0.0,0.0,0.0,0.0,0.0,0.0,0.0,24.57,26.57,0.96,0.75,6.25,0.0,True,22,45,3,7,4,0.0,0.0,0.0,0.0,0,0,1
2026-07-03 23:00:00,0.0,0.0,0.0,0.0,0.0,0.0,0.0,0.0,0.0,0.0,0.0,25.15,26.47,0.21,0.18,6.25,0.0,True,23,0,3,7,4,0.0,0.0,0.0,0.0,0,0,1
2026-07-03 23:15:00,0.0,0.0,0.0,0.0,0.0,0.0,0.0,0.0,0.0,0.0,0.0,24.44,26.35,0.16,0.13,6.25,0.0,True,23,15,3,7,4,0.0,0.0,0.0,0.0,0,0,1
2026-07-03 23:30:00,0.0,0.0,0.0,0.0,0.0,0.0,0.0,0.0,0.0,0.0,0.0,24.89,26.38,0.14,0.12,6.25,0.0,True,23,30,3,7,4,0.0,0.0,0.0,0.0,0,0,1
2026-07-03 23:45:00,0.0,0.0,0.0,0.0,0.0,0.0,0.0,0.0,0.0,0.0,0.0,24.84,26.58,0.29,0.09,6.25,0.0,True,23,45,3,7,4,0.0,0.0,0.0,0.0,0,0,1
2026-07-04 00:15:00,0.0,0.0,0.0,0.0,0.0,0.0,0.0,0.0,0.0,0.0,0.0,24.91,26.72,0.17,0.13,0.0,0.0,True,0,15,4,7,5,0.0,0.0,0.0,0.0,0,1,0
2026-07-04 00:30:00,0.0,0.0,0.0,0.0,0.0,0.0,0.0,0.0,0.0,0.0,0.0,24.77,26.8,0.62,0.12,0.0,0.0,True,0,30,4,7,5,0.0,0.0,0.0,0.0,0,1,0
2026-07-04 00:45:00,0.0,0.0,0.0,0.0,0.0,0.0,0.0,0.0,0.0,0.0,0.0,25.3,26.85,1.31,0.16,0.0,0.0,True,0,45,4,7,5,0.0,0.0,0.0,0.0,0,1,0
2026-07-04 01:00:00,0.0,0.0,0.0,0.0,0.0,0.0,0.0,0.0,0.0,0.0,0.0,25.54,26.91,1.31,0.15,0.0,0.0,True,1,0,4,7,5,0.0,0.0,0.0,0.0,0,1,0
2026-07-04 01:15:00,0.0,0.0,0.0,0.0,0.0,0.0,0.0,0.0,0.0,0.0,0.0,25.46,26.83,1.26,0.13,0.0,0.0,True,1,15,4,7,5,0.0,0.0,0.0,0.0,0,1,0
2026-07-04 01:30:00,0.0,0.0,0.0,0.0,0.0,0.0,0.0,0.0,0.0,0.0,0.0,26.09,26.93,2.09,0.12,0.0,0.0,True,1,30,4,7,5,0.0,0.0,0.0,0.0,0,1,0
2026-07-04 01:45:00,0.0,0.0,0.0,0.0,0.0,0.0,0.0,0.0,0.0,0.0,0.0,26.12,26.95,1.88,0.12,0.0,0.0,True,1,45,4,7,5,0.0,0.0,0.0,0.0,0,1,0
2026-07-04 02:00:00,0.0,0.0,0.0,0.0,0.0,0.0,0.0,0.0,0.0,0.0,0.0,25.87,26.88,0.42,0.13,0.0,0.0,True,2,0,4,7,5,0.0,0.0,0.0,0.0,0,1,0
2026-07-04 02:15:00,0.0,0.0,0.0,0.0,0.0,0.0,0.0,0.0,0.0,0.0,0.0,25.7,26.86,0.41,0.14,0.0,0.0,True,2,15,4,7,5,0.0,0.0,0.0,0.0,0,1,0
2026-07-04 02:30:00,0.0,0.0,0.0,0.0,0.0,0.0,0.0,0.0,0.0,0.0,0.0,25.75,26.91,0.37,0.14,0.0,0.0,True,2,30,4,7,5,0.0,0.0,0.0,0.0,0,1,0
2026-07-04 02:45:00,0.0,0.0,0.0,0.0,0.0,0.0,0.0,0.0,0.0,0.0,0.0,25.99,27.01,1.44,0.13,0.0,0.0,True,2,45,4,7,5,0.0,0.0,0.0,0.0,0,1,0
2026-07-04 03:00:00,0.0,0.0,0.0,0.0,0.0,0.0,0.0,0.0,0.0,0.0,0.0,25.99,26.97,0.19,0.12,0.0,0.0,True,3,0,4,7,5,0.0,0.0,0.0,0.0,0,1,0
2026-07-04 03:15:00,0.0,0.0,0.0,0.0,0.0,0.0,0.0,0.0,0.0,0.0,0.0,26.0,26.97,0.56,0.11,0.0,0.0,True,3,15,4,7,5,0.0,0.0,0.0,0.0,0,1,0
2026-07-04 03:30:00,0.0,0.0,0.0,0.0,0.0,0.0,0.0,0.0,0.0,0.0,0.0,26.43,27.01,0.81,0.11,0.0,0.0,True,3,30,4,7,5,0.0,0.0,0.0,0.0,0,1,0
2026-07-04 03:45:00,0.0,0.0,0.0,0.0,0.0,0.0,0.0,0.0,0.0,0.0,0.0,26.92,27.18,0.89,0.13,0.0,0.0,True,3,45,4,7,5,0.0,0.0,0.0,0.0,0,1,0
2026-07-04 04:00:00,0.0,0.0,0.0,0.0,0.0,0.0,0.0,0.0,0.0,0.0,0.0,26.48,27.11,0.2,0.11,0.0,0.0,True,4,0,4,7,5,0.0,0.0,0.0,0.0,0,1,0
2026-07-04 04:15:00,0.0,0.0,0.0,0.0,0.0,0.0,0.0,0.0,0.0,0.0,0.0,25.89,27.0,0.14,0.1,0.0,0.0,True,4,15,4,7,5,0.0,0.0,0.0,0.0,0,1,0
2026-07-04 04:30:00,0.0,0.0,0.0,0.0,0.0,0.0,0.0,0.0,0.0,0.0,0.0,26.28,27.07,0.51,0.11,0.0,0.0,True,4,30,4,7,5,0.0,0.0,0.0,0.0,0,1,0
2026-07-04 04:45:00,0.0,0.0,0.0,0.0,0.0,0.0,0.0,0.0,0.0,0.0,0.0,26.54,27.02,0.4,0.11,0.0,0.0,True,4,45,4,7,5,0.0,0.0,0.0,0.0,0,1,0
2026-07-04 05:00:00,0.0,0.0,0.0,0.0,0.0,0.0,0.0,0.0,0.0,0.0,0.0,26.53,26.9,0.11,0.09,0.0,0.0,True,5,0,4,7,5,0.0,0.0,0.0,0.0,0,1,0
2026-07-04 05:15:00,0.0,0.0,0.0,0.0,0.0,0.0,0.0,0.0,0.0,0.0,0.0,26.27,26.89,0.17,0.1,0.0,0.0,True,5,15,4,7,5,0.0,0.0,0.0,0.0,0,1,0
2026-07-04 05:30:00,0.0,0.0,0.0,0.0,0.0,0.0,0.0,0.0,0.0,0.0,0.0,26.19,26.88,0.19,0.1,0.0,0.0,True,5,30,4,7,5,0.0,0.0,0.0,0.0,0,1,0
2026-07-04 05:45:00,0.0,0.0,0.0,0.0,0.0,0.0,0.0,0.0,0.0,0.0,0.0,26.2,26.92,0.36,0.1,0.0,0.0,True,5,45,4,7,5,0.0,0.0,0.0,0.0,0,1,0
2026-07-04 06:00:00,0.0,0.6,0.62,0.58,0.6,1.58,1.65,0.64,0.67,0.9,0.93,26.12,27.02,1.99,1.16,0.0,0.0,True,6,0,4,7,5,0.0,0.0,0.0,0.0,0,1,0
2026-07-04 06:15:00,37.12,0.57,0.59,10.77,11.19,12.46,12.87,7.42,7.71,8.18,8.5,25.61,27.0,5.58,4.6,0.0,40.31,True,6,15,4,7,5,0.0,0.0,12.373333333333333,21.431241992318906,0,1,0
2026-07-04 06:30:00,163.93,32.78,34.04,37.03,38.32,40.28,41.54,37.87,39.2,39.78,41.11,26.07,26.95,14.34,13.49,0.0,69.35,True,6,30,4,7,5,37.12,0.0,67.01666666666667,85.95707785478363,0,1,0
2026-07-04 06:45:00,367.8,73.16,75.99,77.71,79.24,79.76,81.95,77.14,78.67,79.49,81.07,25.96,26.92,28.65,27.62,0.0,77.87,True,6,45,4,7,5,163.93,37.12,189.61666666666667,166.82976123381982,1,1,0
2026-07-04 07:00:00,405.6,81.83,84.99,86.28,87.98,84.35,86.61,84.8,86.47,85.95,87.65,26.94,26.93,31.44,29.85,0.0,78.55,True,7,0,4,7,5,367.8,163.93,312.4433333333333,129.99756779776047,1,1,0
2026-07-04 07:15:00,507.86,102.02,105.02,107.56,109.26,103.75,106.17,103.93,105.68,104.67,106.4,27.3,26.88,38.05,36.13,0.25,81.38,True,7,15,4,7,5,405.6,367.8,427.08666666666676,72.46004784247191,1,1,0
2026-07-04 07:30:00,481.8,99.52,102.66,103.7,105.43,96.18,98.54,101.77,103.54,100.96,102.72,27.19,26.9,35.37,33.67,0.25,83.04,True,7,30,4,7,5,507.86,405.6,465.08666666666664,53.13923722950224,1,1,0
2026-07-04 07:45:00,735.0,154.84,157.91,158.68,160.98,137.78,140.47,154.65,156.9,149.81,151.98,26.93,26.89,48.35,46.01,0.25,92.56,True,7,45,4,7,5,481.8,507.86,574.8866666666667,139.27307899710308,1,1,0
2026-07-04 08:00:00,933.0,197.87,201.55,202.19,204.98,173.23,176.94,195.65,198.45,187.93,190.63,26.9,26.89,60.42,57.88,0.25,94.01,True,8,0,4,7,5,735.0,481.8,716.5999999999999,226.1620657846934,1,1,0
2026-07-04 08:15:00,1088.4,230.12,233.59,237.97,241.05,198.17,202.94,224.53,227.5,211.58,214.47,27.31,26.85,70.34,67.52,0.5,94.36,True,8,15,4,7,5,933.0,735.0,918.7999999999998,177.12741176904268,1,1,0
2026-07-04 08:30:00,1214.4,252.77,256.44,252.25,255.8,234.03,238.98,255.85,259.45,259.71,263.41,27.95,26.86,82.42,81.36,0.5,90.08,True,8,30,4,7,5,1088.4,933.0,1078.6000000000001,140.95573773351683,1,1,0
2026-07-04 08:45:00,1257.0,252.28,256.01,259.65,263.41,254.27,259.4,250.37,254.11,258.03,261.92,28.12,26.91,89.85,88.74,0.5,85.59,True,8,45,4,7,5,1214.4,1088.4,1186.6000000000001,87.67051956045401,1,1,0
2026-07-04 09:00:00,2135.4,426.85,432.62,423.37,429.09,416.14,423.36,440.64,446.46,456.21,462.12,28.67,27.07,140.94,140.21,0.75,92.9,True,9,0,4,7,5,1257.0,1214.4,1535.5999999999997,519.878562743262,1,1,0
2026-07-04 09:15:00,2960.4,600.07,607.28,611.42,618.74,573.66,583.08,602.62,609.85,608.63,615.9,29.47,27.25,195.06,193.47,1.0,93.37,True,9,15,4,7,5,2135.4,1257.0,2117.6,851.8394919232142,1,1,0
2026-07-04 09:30:00,3178.8,676.51,684.51,684.64,692.74,580.11,589.68,649.2,656.86,632.73,640.19,30.3,27.31,199.9,196.56,1.0,98.16,True,9,30,4,7,5,2960.4,2135.4,2758.2000000000003,550.3040250625094,1,1,0
2026-07-04 09:45:00,3128.79,648.29,655.94,651.9,659.6,572.4,581.85,630.65,638.09,623.8,631.14,30.92,27.39,197.03,194.66,1.25,98.27,True,9,45,4,7,5,3178.8,2960.4,3089.33,114.42228235793398,1,1,0
2026-07-04 10:00:00,3792.6,803.54,813.08,819.66,829.39,692.3,703.48,774.51,783.69,747.13,755.98,31.19,27.5,231.66,227.29,1.5,101.43,True,10,0,4,7,5,3128.79,3178.8,3366.7299999999996,369.66091584044744,1,1,0
2026-07-04 10:15:00,4038.0,829.45,839.31,845.16,855.21,788.82,801.55,822.61,832.39,825.25,835.06,31.76,27.62,267.73,263.59,2.0,93.66,True,10,15,4,7,5,3792.6,3128.79,3653.1299999999997,470.37710052679864,1,1,0
2026-07-04 10:30:00,2909.4,602.58,609.85,623.99,631.52,545.35,554.4,576.94,583.97,559.42,566.29,31.81,27.46,189.73,184.64,2.0,95.24,True,10,30,4,7,5,4038.0,3792.6,3580.0,593.5769200364838,1,1,0
2026-07-04 10:45:00,3073.8,631.35,638.79,642.54,650.11,606.33,616.26,628.57,636.06,629.45,637.0,30.9,27.45,200.39,196.17,2.25,94.92,True,10,45,4,7,5,2909.4,4038.0,3340.3999999999996,609.7057979058417,1,1,0
2026-07-04 11:00:00,4725.0,954.17,965.73,976.47,988.36,934.85,950.27,949.71,961.21,947.66,959.14,32.51,27.53,314.23,305.71,2.75,93.66,True,11,0,4,7,5,3073.8,2909.4,3569.3999999999996,1004.1490725982862,1,1,0
2026-07-04 11:15:00,4248.0,839.32,849.35,864.67,875.07,847.79,861.69,834.95,844.93,849.96,860.08,33.34,27.6,295.53,285.75,3.0,89.85,True,11,15,4,7,5,4725.0,3073.8,4015.6,849.7780180729537,1,1,0
2026-07-04 11:30:00,3076.2,642.1,649.76,636.23,643.87,571.84,581.3,634.16,641.78,624.35,631.8,31.16,27.43,190.68,186.22,3.25,99.94,True,11,30,4,7,5,4248.0,4725.0,4016.4,848.448159877784,1,1,0
2026-07-04 11:45:00,3854.57,772.69,781.84,793.35,802.76,769.12,781.55,764.44,773.5,766.16,775.24,31.49,27.42,254.12,246.73,3.5,94.09,True,11,45,4,7,5,3076.2,4248.0,3726.256666666666,596.3447355626873,1,1,0
2026-07-04 12:00:00,3133.2,608.99,616.21,629.7,637.13,670.11,681.02,607.65,614.81,641.27,648.84,32.31,27.46,226.65,222.84,3.75,86.04,True,12,0,4,7,5,3854.57,3076.2,3354.6566666666663,433.87470038403023,1,0,1
2026-07-04 12:15:00,2692.8,507.91,514.28,528.96,535.51,594.85,604.59,518.76,525.3,559.86,566.75,31.83,27.53,198.19,195.76,3.75,84.4,True,12,15,4,7,5,3133.2,3854.57,3226.8566666666666,586.5202994213688,1,0,1
2026-07-04 12:30:00,1882.8,358.49,363.69,377.03,382.38,412.13,419.35,357.7,362.85,379.66,385.02,31.03,27.57,146.98,144.93,4.0,79.31,True,12,30,4,7,5,2692.8,3133.2,2569.6,634.2386932378062,1,0,1
2026-07-04 12:45:00,1617.6,314.03,318.54,314.36,318.92,342.54,348.79,327.54,332.17,352.19,357.08,29.77,27.5,115.6,114.79,4.0,86.19,True,12,45,4,7,5,1882.8,2692.8,2064.3999999999996,560.1318416230242,1,0,1
2026-07-04 13:00:00,3549.86,743.48,752.34,761.97,771.05,713.6,725.17,715.36,723.93,709.89,718.33,31.07,27.61,236.47,229.89,4.25,92.96,True,13,0,4,7,5,1617.6,1882.8,2350.086666666666,1047.4611202967553,1,0,1
2026-07-04 13:15:00,2164.2,418.11,423.86,430.49,436.25,452.98,460.71,428.38,434.2,442.34,448.18,31.42,27.75,154.61,151.28,4.5,86.8,True,13,15,4,7,5,3549.86,1617.6,2443.886666666666,996.0299445967144,1,0,1
2026-07-04 13:30:00,2179.8,440.96,446.82,461.57,467.59,440.57,448.12,428.95,434.69,421.28,426.9,30.66,27.75,150.13,145.41,4.5,89.76,True,13,30,4,7,5,2164.2,3549.86,2631.2866666666664,795.5460807101833,1,0,1
2026-07-04 13:45:00,1321.8,258.81,262.73,265.21,269.19,272.08,277.43,261.09,264.98,273.99,277.96,29.35,27.57,93.69,93.49,4.75,86.76,True,13,45,4,7,5,2179.8,2164.2,1888.5999999999995,490.9251674135278,1,0,1
2026-07-04 14:00:00,1275.6,267.21,271.08,271.81,275.76,246.48,251.49,260.68,264.49,255.45,259.16,27.87,27.37,81.36,80.98,4.75,95.83,True,14,0,4,7,5,1321.8,2179.8,1592.3999999999996,509.2275326413531,1,0,1
2026-07-04 14:15:00,1595.4,328.5,333.27,337.93,342.83,321.28,327.26,319.73,324.36,317.24,321.84,26.68,27.13,102.39,99.25,5.0,94.78,True,14,15,4,7,5,1275.6,1321.8,1397.5999999999995,172.8503398897444,1,0,1
2026-07-04 14:30:00,1741.2,353.33,358.46,363.77,369.04,350.76,357.17,347.39,352.43,345.98,350.98,27.1,27.02,113.9,108.86,5.0,93.15,True,14,30,4,7,5,1595.4,1275.6,1537.3999999999996,238.1571749916432,1,0,1
2026-07-04 14:45:00,1698.6,342.13,347.09,350.85,355.94,338.01,344.25,338.45,343.36,343.48,348.46,27.38,26.97,111.68,104.11,5.25,92.78,True,14,45,4,7,5,1741.2,1595.4,1678.3999999999996,74.9695938364353,1,0,1
2026-07-04 15:00:00,1509.0,304.47,308.89,312.09,316.62,301.06,306.76,300.66,305.02,304.78,309.2,27.2,26.89,100.29,92.24,5.25,91.71,True,15,0,4,7,5,1698.6,1741.2,1649.5999999999995,123.61213532659363,1,0,1
2026-07-04 15:15:00,1422.6,285.19,289.32,291.4,295.63,288.04,293.54,284.72,288.85,292.27,296.51,26.75,26.65,95.12,89.32,5.25,91.0,True,15,15,4,7,5,1509.0,1698.6,1543.3999999999996,141.1790352708225,1,0,1
2026-07-04 15:30:00,1365.0,270.84,274.76,278.16,282.2,279.43,284.79,271.24,275.18,279.72,283.78,26.87,26.68,92.39,87.54,5.5,89.94,True,15,30,4,7,5,1422.6,1509.0,1432.1999999999996,72.47841057860052,1,0,1
2026-07-04 15:45:00,1238.4,247.25,250.84,254.89,258.59,254.71,259.68,245.82,249.38,251.96,255.61,26.62,26.71,84.3,79.37,5.5,89.34,True,15,45,4,7,5,1365.0,1422.6,1341.9999999999995,94.2292948079323,1,0,1
2026-07-04 16:00:00,1243.2,252.0,255.66,258.86,262.61,250.59,255.52,249.19,252.81,251.01,254.65,26.75,26.78,82.8,77.79,5.5,91.35,True,16,0,4,7,5,1238.4,1365.0,1282.1999999999996,71.74705568871983,1,0,1
2026-07-04 16:15:00,892.2,191.59,194.87,194.83,198.17,164.81,169.08,181.14,184.39,173.18,176.35,26.58,26.89,59.35,56.76,5.75,91.41,True,16,15,4,7,5,1243.2,1238.4,1124.5999999999997,201.27861287280473,1,0,1
2026-07-04 16:30:00,1087.2,250.43,254.06,251.61,255.25,177.31,181.89,229.94,233.52,202.56,206.15,25.96,26.72,58.64,55.09,5.75,112.45,True,16,30,4,7,5,892.2,1243.2,1074.1999999999996,175.86074036009413,1,0,1
2026-07-04 16:45:00,1264.2,272.53,276.48,272.07,276.02,227.99,232.87,261.18,264.97,251.48,255.13,26.02,26.69,77.05,74.04,5.75,99.54,True,16,45,4,7,5,1087.2,892.2,1081.1999999999996,186.07256648952966,1,0,1
2026-07-04 17:00:00,1146.0,236.87,240.3,240.25,243.74,223.36,228.25,232.46,235.83,230.91,234.3,26.28,26.77,76.97,74.67,6.0,90.42,True,17,0,4,7,5,1264.2,1087.2,1165.7999999999995,90.14588176949842,1,0,1
2026-07-04 17:15:00,1060.2,230.41,233.76,236.45,239.88,195.36,200.11,216.1,219.52,200.34,204.02,26.26,26.84,69.62,66.32,6.0,92.48,True,17,15,4,7,5,1146.0,1264.2,1156.7999999999995,102.42792587961738,1,0,1
2026-07-04 17:30:00,721.8,163.58,166.74,170.17,173.42,127.12,130.9,145.0,148.04,132.12,134.97,27.31,26.88,50.16,47.69,6.0,87.76,True,17,30,4,7,5,1060.2,1146.0,975.9999999999997,224.2847297521624,1,0,1
2026-07-04 17:45:00,313.2,68.67,71.18,69.15,71.67,62.04,64.0,64.71,67.21,65.84,68.39,27.14,26.87,27.64,26.23,6.0,69.05,True,17,45,4,7,5,721.8,1060.2,698.3999999999995,374.04935503219457,1,0,1
2026-07-04 18:00:00,257.4,60.51,62.85,61.41,63.79,49.83,51.41,55.31,57.44,52.17,54.18,26.41,26.83,21.75,20.08,6.0,71.92,True,18,0,4,7,5,313.2,721.8,430.7999999999995,253.5530713677136,1,0,1
2026-07-04 18:15:00,306.6,67.97,70.6,70.92,73.66,63.42,65.42,63.73,66.19,62.14,64.54,27.02,26.87,26.76,24.86,6.0,69.78,True,18,15,4,7,5,257.4,313.2,292.3999999999996,30.489998360133892,1,0,1
2026-07-04 18:30:00,156.0,38.01,39.47,38.81,40.31,34.13,35.24,35.39,36.75,34.66,36.0,26.76,26.95,17.11,15.44,6.25,55.47,True,18,30,4,7,5,306.6,257.4,239.99999999999955,76.79296842811199,0,0,1
2026-07-04 18:45:00,43.2,10.09,10.48,9.38,9.74,10.77,11.18,9.76,10.15,9.74,10.11,26.58,27.03,8.17,6.74,6.25,32.15,True,18,45,4,7,5,156.0,306.6,168.59999999999954,132.15127695183673,0,0,1
2026-07-04 19:00:00,0.0,0.0,0.0,0.0,0.0,0.06,0.07,0.05,0.05,0.03,0.03,25.95,27.0,2.11,1.01,6.25,0.0,True,19,0,4,7,5,43.2,156.0,66.39999999999954,80.54613584773087,0,0,1
2026-07-04 19:15:00,0.0,0.0,0.0,0.0,0.0,0.0,0.0,0.0,0.0,0.0,0.0,26.03,26.91,0.32,0.11,6.25,0.0,True,19,15,4,7,5,0.0,43.2,14.399999999999546,24.94153162901491,0,0,1
2026-07-04 19:30:00,0.0,0.0,0.0,0.0,0.0,0.0,0.0,0.0,0.0,0.0,0.0,25.78,26.87,0.16,0.12,6.25,0.0,True,19,30,4,7,5,0.0,0.0,0.0,3.40646672172874e-05,0,0,1
2026-07-04 19:45:00,0.0,0.0,0.0,0.0,0.0,0.0,0.0,0.0,0.0,0.0,0.0,25.68,26.89,0.13,0.11,6.25,0.0,True,19,45,4,7,5,0.0,0.0,0.0,3.40646672172874e-05,0,0,1
2026-07-04 20:00:00,0.0,0.0,0.0,0.0,0.0,0.0,0.0,0.0,0.0,0.0,0.0,25.55,26.97,0.13,0.1,6.25,0.0,True,20,0,4,7,5,0.0,0.0,0.0,3.40646672172874e-05,0,0,1
2026-07-04 20:15:00,0.0,0.0,0.0,0.0,0.0,0.0,0.0,0.0,0.0,0.0,0.0,26.1,27.1,0.14,0.1,6.25,0.0,True,20,15,4,7,5,0.0,0.0,0.0,3.40646672172874e-05,0,0,1
2026-07-04 20:30:00,0.0,0.0,0.0,0.0,0.0,0.0,0.0,0.0,0.0,0.0,0.0,26.1,27.23,0.13,0.11,6.25,0.0,True,20,30,4,7,5,0.0,0.0,0.0,3.40646672172874e-05,0,0,1
2026-07-04 20:45:00,0.0,0.0,0.0,0.0,0.0,0.0,0.0,0.0,0.0,0.0,0.0,25.77,27.23,0.15,0.12,6.25,0.0,True,20,45,4,7,5,0.0,0.0,0.0,3.40646672172874e-05,0,0,1
2026-07-04 21:00:00,0.0,0.0,0.0,0.0,0.0,0.0,0.0,0.0,0.0,0.0,0.0,25.72,27.26,0.13,0.09,6.25,0.0,True,21,0,4,7,5,0.0,0.0,0.0,3.40646672172874e-05,0,0,1
2026-07-04 21:15:00,0.0,0.0,0.0,0.0,0.0,0.0,0.0,0.0,0.0,0.0,0.0,25.9,27.36,0.16,0.11,6.25,0.0,True,21,15,4,7,5,0.0,0.0,0.0,3.40646672172874e-05,0,0,1
2026-07-04 21:30:00,0.0,0.0,0.0,0.0,0.0,0.0,0.0,0.0,0.0,0.0,0.0,26.31,27.38,0.33,0.1,6.25,0.0,True,21,30,4,7,5,0.0,0.0,0.0,3.40646672172874e-05,0,0,1
2026-07-04 21:45:00,0.0,0.0,0.0,0.0,0.0,0.0,0.0,0.0,0.0,0.0,0.0,26.3,27.38,0.31,0.1,6.25,0.0,True,21,45,4,7,5,0.0,0.0,0.0,3.40646672172874e-05,0,0,1
2026-07-04 22:00:00,0.0,0.0,0.0,0.0,0.0,0.0,0.0,0.0,0.0,0.0,0.0,26.26,27.33,0.18,0.1,6.25,0.0,True,22,0,4,7,5,0.0,0.0,0.0,3.40646672172874e-05,0,0,1
2026-07-04 22:15:00,0.0,0.0,0.0,0.0,0.0,0.0,0.0,0.0,0.0,0.0,0.0,26.56,27.28,0.18,0.1,6.25,0.0,True,22,15,4,7,5,0.0,0.0,0.0,3.40646672172874e-05,0,0,1
2026-07-04 22:30:00,0.0,0.0,0.0,0.0,0.0,0.0,0.0,0.0,0.0,0.0,0.0,25.9,27.23,0.19,0.1,6.25,0.0,True,22,30,4,7,5,0.0,0.0,0.0,3.40646672172874e-05,0,0,1
2026-07-04 22:45:00,0.0,0.0,0.0,0.0,0.0,0.0,0.0,0.0,0.0,0.0,0.0,26.56,27.1,0.13,0.1,6.25,0.0,True,22,45,4,7,5,0.0,0.0,0.0,3.40646672172874e-05,0,0,1
2026-07-04 23:00:00,0.0,0.0,0.0,0.0,0.0,0.0,0.0,0.0,0.0,0.0,0.0,26.47,27.03,0.13,0.1,6.25,0.0,True,23,0,4,7,5,0.0,0.0,0.0,3.40646672172874e-05,0,0,1
2026-07-04 23:15:00,0.0,0.0,0.0,0.0,0.0,0.0,0.0,0.0,0.0,0.0,0.0,26.38,27.04,0.17,0.11,6.25,0.0,True,23,15,4,7,5,0.0,0.0,0.0,3.40646672172874e-05,0,0,1
2026-07-04 23:30:00,0.0,0.0,0.0,0.0,0.0,0.0,0.0,0.0,0.0,0.0,0.0,26.37,27.12,0.18,0.1,6.25,0.0,True,23,30,4,7,5,0.0,0.0,0.0,3.40646672172874e-05,0,0,1
2026-07-04 23:45:00,0.0,0.0,0.0,0.0,0.0,0.0,0.0,0.0,0.0,0.0,0.0,26.59,27.36,0.15,0.11,6.25,0.0,True,23,45,4,7,5,0.0,0.0,0.0,3.40646672172874e-05,0,0,1
2026-07-05 00:15:00,0.0,0.0,0.0,0.0,0.0,0.0,0.0,0.0,0.0,0.0,0.0,26.64,27.41,0.19,0.1,0.0,0.0,True,0,15,5,7,6,0.0,0.0,0.0,0.0,0,1,0
2026-07-05 00:30:00,0.0,0.0,0.0,0.0,0.0,0.0,0.0,0.0,0.0,0.0,0.0,26.59,27.41,0.13,0.1,0.0,0.0,True,0,30,5,7,6,0.0,0.0,0.0,0.0,0,1,0
2026-07-05 00:45:00,0.0,0.0,0.0,0.0,0.0,0.0,0.0,0.0,0.0,0.0,0.0,26.74,27.42,0.15,0.1,0.0,0.0,True,0,45,5,7,6,0.0,0.0,0.0,0.0,0,1,0
2026-07-05 01:00:00,0.0,0.0,0.0,0.0,0.0,0.0,0.0,0.0,0.0,0.0,0.0,26.95,27.49,0.15,0.1,0.0,0.0,True,1,0,5,7,6,0.0,0.0,0.0,0.0,0,1,0
2026-07-05 01:15:00,0.0,0.0,0.0,0.0,0.0,0.0,0.0,0.0,0.0,0.0,0.0,26.52,27.44,0.14,0.09,0.0,0.0,True,1,15,5,7,6,0.0,0.0,0.0,0.0,0,1,0
2026-07-05 01:30:00,0.0,0.0,0.0,0.0,0.0,0.0,0.0,0.0,0.0,0.0,0.0,26.71,27.33,0.14,0.09,0.0,0.0,True,1,30,5,7,6,0.0,0.0,0.0,0.0,0,1,0
2026-07-05 01:45:00,0.0,0.0,0.0,0.0,0.0,0.0,0.0,0.0,0.0,0.0,0.0,26.66,27.33,0.18,0.09,0.0,0.0,True,1,45,5,7,6,0.0,0.0,0.0,0.0,0,1,0
2026-07-05 02:00:00,0.0,0.0,0.0,0.0,0.0,0.0,0.0,0.0,0.0,0.0,0.0,26.47,27.28,0.13,0.09,0.0,0.0,True,2,0,5,7,6,0.0,0.0,0.0,0.0,0,1,0
2026-07-05 02:15:00,0.0,0.0,0.0,0.0,0.0,0.0,0.0,0.0,0.0,0.0,0.0,26.82,27.27,0.16,0.1,0.0,0.0,True,2,15,5,7,6,0.0,0.0,0.0,0.0,0,1,0
2026-07-05 02:30:00,0.0,0.0,0.0,0.0,0.0,0.0,0.0,0.0,0.0,0.0,0.0,26.84,27.25,0.15,0.1,0.0,0.0,True,2,30,5,7,6,0.0,0.0,0.0,0.0,0,1,0
2026-07-05 02:45:00,0.0,0.0,0.0,0.0,0.0,0.0,0.0,0.0,0.0,0.0,0.0,26.29,27.35,0.24,0.09,0.0,0.0,True,2,45,5,7,6,0.0,0.0,0.0,0.0,0,1,0
2026-07-05 03:00:00,0.0,0.0,0.0,0.0,0.0,0.0,0.0,0.0,0.0,0.0,0.0,25.51,27.25,0.09,0.06,0.0,0.0,True,3,0,5,7,6,0.0,0.0,0.0,0.0,0,1,0
2026-07-05 03:15:00,0.0,0.0,0.0,0.0,0.0,0.0,0.0,0.0,0.0,0.0,0.0,26.04,27.23,0.1,0.07,0.0,0.0,True,3,15,5,7,6,0.0,0.0,0.0,0.0,0,1,0
2026-07-05 03:30:00,0.0,0.0,0.0,0.0,0.0,0.0,0.0,0.0,0.0,0.0,0.0,25.53,27.23,0.2,0.1,0.0,0.0,True,3,30,5,7,6,0.0,0.0,0.0,0.0,0,1,0
2026-07-05 03:45:00,0.0,0.0,0.0,0.0,0.0,0.0,0.0,0.0,0.0,0.0,0.0,25.49,27.15,0.13,0.08,0.0,0.0,True,3,45,5,7,6,0.0,0.0,0.0,0.0,0,1,0
2026-07-05 04:00:00,0.0,0.0,0.0,0.0,0.0,0.0,0.0,0.0,0.0,0.0,0.0,25.39,26.96,0.12,0.09,0.0,0.0,True,4,0,5,7,6,0.0,0.0,0.0,0.0,0,1,0
2026-07-05 04:15:00,0.0,0.0,0.0,0.0,0.0,0.0,0.0,0.0,0.0,0.0,0.0,25.68,27.1,0.29,0.09,0.0,0.0,True,4,15,5,7,6,0.0,0.0,0.0,0.0,0,1,0
2026-07-05 04:30:00,0.0,0.0,0.0,0.0,0.0,0.0,0.0,0.0,0.0,0.0,0.0,25.69,26.96,0.13,0.1,0.0,0.0,True,4,30,5,7,6,0.0,0.0,0.0,0.0,0,1,0
2026-07-05 04:45:00,0.0,0.0,0.0,0.0,0.0,0.0,0.0,0.0,0.0,0.0,0.0,25.48,26.78,0.14,0.1,0.0,0.0,True,4,45,5,7,6,0.0,0.0,0.0,0.0,0,1,0
2026-07-05 05:00:00,0.0,0.0,0.0,0.0,0.0,0.0,0.0,0.0,0.0,0.0,0.0,25.15,26.89,0.15,0.09,0.0,0.0,True,5,0,5,7,6,0.0,0.0,0.0,0.0,0,1,0
2026-07-05 05:15:00,0.0,0.0,0.0,0.0,0.0,0.0,0.0,0.0,0.0,0.0,0.0,25.34,26.93,0.16,0.1,0.0,0.0,True,5,15,5,7,6,0.0,0.0,0.0,0.0,0,1,0
2026-07-05 05:30:00,0.0,0.0,0.0,0.0,0.0,0.0,0.0,0.0,0.0,0.0,0.0,25.26,26.97,0.34,0.1,0.0,0.0,True,5,30,5,7,6,0.0,0.0,0.0,0.0,0,1,0
2026-07-05 05:45:00,0.0,0.0,0.0,0.0,0.0,0.0,0.0,0.0,0.0,0.0,0.0,25.52,26.98,0.68,0.1,0.0,0.0,True,5,45,5,7,6,0.0,0.0,0.0,0.0,0,1,0
2026-07-05 06:00:00,0.0,0.0,0.0,0.0,0.0,1.47,1.53,1.16,1.21,1.37,1.43,26.0,27.01,2.08,1.01,0.0,0.0,True,6,0,5,7,6,0.0,0.0,0.0,0.0,0,1,0
2026-07-05 06:15:00,27.69,0.0,0.0,0.0,0.0,15.92,16.44,14.78,15.35,15.13,15.71,25.78,26.92,7.39,6.19,0.0,22.72,True,6,15,5,7,6,0.0,0.0,9.23,15.986828953860739,0,1,0
2026-07-05 06:30:00,119.4,0.0,0.0,0.0,0.0,32.45,33.47,31.17,32.38,31.71,32.93,26.33,26.86,13.0,11.83,0.0,55.8,True,6,30,5,7,6,27.69,0.0,49.03,62.4950934074028,0,1,0
2026-07-05 06:45:00,304.2,0.0,0.0,0.0,0.0,66.53,68.44,65.76,67.3,66.95,68.52,26.38,26.9,24.1,23.03,0.0,76.69,True,6,45,5,7,6,119.4,27.69,150.42999999999998,140.8424321715583,1,1,0
2026-07-05 07:00:00,607.2,136.69,138.67,138.51,140.52,125.22,127.75,126.13,128.03,127.96,129.86,26.86,26.93,43.81,42.52,0.0,84.38,True,7,0,5,7,6,304.2,119.4,343.59999999999997,246.2752119073294,1,1,0
2026-07-05 07:15:00,762.0,161.07,163.41,162.66,165.02,145.32,148.09,159.62,161.93,156.36,158.63,27.3,26.99,51.09,48.96,0.0,90.95,True,7,15,5,7,6,607.2,304.2,557.8000000000001,232.86365109222174,1,1,0
2026-07-05 07:30:00,850.8,182.07,184.72,182.24,184.88,155.34,158.26,178.49,181.08,173.21,175.72,27.64,27.13,55.29,53.31,0.0,93.96,True,7,30,5,7,6,762.0,607.2,740.0,123.28114211021865,1,1,0
2026-07-05 07:45:00,772.2,170.26,172.73,169.07,171.52,135.4,138.03,163.55,165.92,155.64,157.9,27.63,27.15,49.1,47.37,0.0,96.03,True,7,45,5,7,6,850.8,762.0,795.0,48.59259202800278,1,1,0
2026-07-05 08:00:00,732.0,156.53,158.8,157.87,160.16,136.86,139.5,152.35,154.56,149.65,151.82,27.4,27.16,50.04,48.39,0.25,89.24,True,8,0,5,7,6,772.2,850.8,785.0,60.4254913095452,1,1,0
2026-07-05 08:15:00,610.2,130.97,132.87,131.33,133.23,115.42,117.87,128.1,129.96,127.18,129.03,27.51,27.14,41.93,40.73,0.25,88.82,True,8,15,5,7,6,732.0,772.2,704.8000000000001,84.35567556483643,1,1,0
2026-07-05 08:30:00,1096.2,216.93,219.85,219.81,222.77,224.28,228.84,222.61,225.6,233.55,236.65,27.87,27.11,76.57,76.28,0.25,87.5,True,8,30,5,7,6,610.2,732.0,812.7999999999998,252.87443524405532,1,1,0
2026-07-05 08:45:00,1546.8,300.1,304.13,305.26,309.36,327.46,333.52,308.9,313.08,325.17,329.68,28.14,27.18,109.93,109.74,0.5,86.09,True,8,45,5,7,6,1096.2,610.2,1084.3999999999999,468.411485768656,1,1,0
2026-07-05 09:00:00,1537.2,309.39,313.88,313.22,317.77,306.75,312.53,306.06,310.5,311.74,316.26,29.34,27.29,107.2,105.95,0.5,88.17,True,9,0,5,7,6,1546.8,1096.2,1393.3999999999999,257.42750435802276,1,1,0
2026-07-05 09:15:00,1313.4,266.39,270.39,269.08,273.13,258.19,263.39,263.2,267.19,268.1,272.1,28.96,27.29,91.84,91.52,0.5,87.8,True,9,15,5,7,6,1537.2,1546.8,1465.8,132.06952714384875,1,1,0
2026-07-05 09:30:00,953.36,187.53,191.24,187.86,191.57,198.92,203.71,192.36,196.13,204.28,207.98,28.52,27.27,70.24,71.69,0.75,83.18,True,9,30,5,7,6,1313.4,1537.2,1267.9866666666665,294.55740447887763,1,1,0
2026-07-05 09:45:00,1118.4,229.17,232.97,228.3,232.09,219.48,224.34,228.22,231.9,230.06,233.75,28.26,27.18,76.58,76.9,0.75,89.4,True,9,45,5,7,6,953.36,1313.4,1128.3866666666665,180.22763532081623,1,1,0
2026-07-05 10:00:00,1506.21,321.53,326.19,320.6,325.25,274.34,279.62,310.24,314.74,299.97,304.32,28.4,27.26,95.58,93.53,0.75,96.53,True,10,0,5,7,6,1118.4,953.36,1192.6566666666665,283.8068357762602,1,1,0
2026-07-05 10:15:00,1360.2,283.81,287.93,286.21,290.36,260.76,265.86,277.27,281.3,275.54,279.53,28.62,27.32,91.25,89.4,1.0,91.39,True,10,15,5,7,6,1506.21,1118.4,1328.2699999999998,195.8667728329636,1,1,0
2026-07-05 10:30:00,1152.0,236.52,239.95,238.39,241.85,227.83,232.74,233.21,236.6,235.99,239.41,28.43,27.34,79.8,78.54,1.0,88.43,True,10,30,5,7,6,1360.2,1506.21,1339.47,178.01258579100465,1,1,0
2026-07-05 10:45:00,1404.0,296.78,301.09,298.32,302.64,264.05,269.24,288.91,293.1,281.65,285.73,28.58,27.28,90.7,87.88,1.0,94.88,True,10,45,5,7,6,1152.0,1360.2,1305.3999999999999,134.6413012414831,1,1,0
2026-07-05 11:00:00,1664.4,344.33,349.32,343.49,348.47,319.27,325.22,338.91,343.83,343.13,348.11,29.04,27.38,108.19,106.61,1.25,94.48,True,11,0,5,7,6,1404.0,1152.0,1406.8,256.2114751528507,1,1,0
2026-07-05 11:15:00,2199.0,440.8,446.83,442.23,448.27,443.38,450.98,443.74,449.76,459.66,465.74,29.88,27.62,148.3,148.59,1.5,91.37,True,11,15,5,7,6,1664.4,1404.0,1755.8,405.30447813958324,1,1,0
2026-07-05 11:30:00,2294.36,440.91,446.79,447.1,453.02,477.44,485.49,447.62,453.56,475.23,481.33,30.66,27.88,164.92,166.37,1.5,86.0,True,11,30,5,7,6,2199.0,1664.4,2052.5866666666666,339.54388307453485,1,1,0
2026-07-05 11:45:00,2278.8,453.79,459.77,460.9,466.92,461.03,468.85,455.39,461.4,466.31,472.34,30.39,27.92,154.88,154.1,1.75,90.86,True,11,45,5,7,6,2294.36,2199.0,2257.3866666666668,51.1593640825752,1,1,0
2026-07-05 12:00:00,2890.93,587.46,594.36,595.24,602.23,561.74,571.01,580.36,587.17,581.71,588.54,31.44,28.09,190.1,187.53,2.0,94.31,True,12,0,5,7,6,2278.8,2294.36,2488.0299999999997,349.00836078810516,1,0,1
2026-07-05 12:15:00,3258.6,661.69,669.5,672.04,679.98,644.12,654.64,655.16,662.9,659.66,667.45,32.18,28.33,217.22,215.22,2.25,93.32,True,12,15,5,7,6,2890.93,2278.8,2809.443333333333,494.9566320732895,1,0,1
2026-07-05 12:30:00,3475.2,706.8,715.16,721.47,730.01,689.85,701.01,698.22,706.48,700.95,709.24,33.14,28.55,234.68,232.26,2.25,92.48,True,12,30,5,7,6,3258.6,2890.93,3208.2433333333324,295.3721443083862,1,0,1
2026-07-05 12:45:00,3745.2,757.51,766.47,768.68,777.78,736.67,748.5,749.85,758.73,754.98,763.92,33.33,28.73,251.26,248.59,2.75,93.16,True,12,45,5,7,6,3475.2,3258.6,3492.9999999999995,243.7878585984154,1,0,1
2026-07-05 13:00:00,2914.8,597.67,604.88,606.92,614.25,568.81,578.2,581.58,588.65,582.52,589.59,33.65,28.9,199.1,195.71,2.75,91.63,True,13,0,5,7,6,3745.2,3475.2,3378.3999999999996,423.57846970779894,1,0,1
2026-07-05 13:15:00,2325.21,471.18,477.37,477.47,483.75,443.45,451.05,459.62,465.7,457.81,463.87,32.69,28.86,152.37,150.0,3.0,95.12,True,13,15,5,7,6,2914.8,3745.2,2995.0699999999997,713.3900438750181,1,0,1
2026-07-05 13:30:00,1758.6,367.89,373.23,374.32,379.75,341.85,348.13,356.72,361.89,350.06,355.14,31.52,28.78,115.96,114.79,3.0,94.08,True,13,30,5,7,6,2325.21,2914.8,2332.8699999999994,578.1380602416693,1,0,1
2026-07-05 13:45:00,2194.8,456.98,463.07,461.97,468.05,415.76,423.03,444.81,450.74,433.87,439.67,31.39,28.92,140.29,138.49,3.25,97.0,True,13,45,5,7,6,1758.6,2325.21,2092.8699999999994,296.73897064591955,1,0,1
2026-07-05 14:00:00,2454.0,505.12,511.43,506.78,513.11,473.51,481.48,498.29,504.54,497.73,503.94,32.11,29.21,160.81,160.64,3.5,94.9,True,14,0,5,7,6,2194.8,1758.6,2135.7999999999997,351.4342612779806,1,0,1
2026-07-05 14:15:00,2517.6,519.29,525.63,523.49,529.88,483.19,491.33,506.05,512.33,504.01,510.26,32.84,29.28,168.25,167.71,3.5,93.34,True,14,15,5,7,6,2454.0,2194.8,2388.7999999999997,170.99192963412074,1,0,1
2026-07-05 14:30:00,1804.2,378.55,384.05,381.93,387.43,339.34,345.59,366.01,371.32,357.58,362.76,32.18,29.34,118.32,116.45,3.75,94.85,True,14,30,5,7,6,2517.6,2454.0,2258.5999999999995,394.8047112180905,1,0,1
2026-07-05 14:45:00,1564.2,322.17,326.85,326.41,331.15,304.91,310.66,315.9,320.49,313.7,318.25,31.48,29.21,106.21,104.74,3.75,91.35,True,14,45,5,7,6,1804.2,2517.6,1962.0,495.9017241349332,1,0,1
2026-07-05 15:00:00,1815.43,371.26,376.57,376.4,381.78,353.47,359.91,367.14,372.4,365.08,370.33,31.01,29.27,119.46,116.71,4.0,94.08,True,15,0,5,7,6,1564.2,1804.2,1727.943333333333,141.9170096687936,1,0,1
2026-07-05 15:15:00,2268.64,463.46,469.52,470.26,476.4,436.88,444.4,455.22,461.17,452.38,458.29,31.95,29.4,149.45,145.85,4.25,94.34,True,15,15,5,7,6,1815.43,1564.2,1882.7566666666664,357.0134289257655,1,0,1
2026-07-05 15:30:00,2107.38,433.88,439.55,438.91,444.64,398.82,405.88,424.99,430.62,419.46,425.16,32.01,29.45,136.97,133.53,4.25,95.64,True,15,30,5,7,6,2268.64,1815.43,2063.816666666666,229.72407151479112,1,0,1
2026-07-05 15:45:00,1882.8,387.75,393.29,393.18,398.78,361.35,367.9,378.35,383.78,375.16,380.56,31.58,29.56,125.59,122.81,4.5,93.03,True,15,45,5,7,6,2107.38,2268.64,2086.273333333333,193.78401619672582,1,0,1
2026-07-05 16:00:00,1540.8,313.47,318.02,318.52,323.14,303.75,309.48,308.68,313.15,310.14,314.64,31.75,29.57,105.5,103.54,4.5,90.69,True,16,0,5,7,6,1882.8,2107.38,1843.6599999999999,285.3106706732139,1,0,1
2026-07-05 16:15:00,1527.6,309.34,313.82,315.3,319.88,306.07,311.84,306.58,311.03,310.18,314.68,31.71,29.56,105.39,103.58,4.75,89.99,True,16,15,5,7,6,1540.8,1882.8,1650.3999999999996,201.37249067337564,1,0,1
2026-07-05 16:30:00,1317.6,263.99,267.82,268.75,272.65,267.31,272.51,262.51,266.32,268.52,272.41,31.44,29.55,93.36,92.48,4.75,87.52,True,16,30,5,7,6,1527.6,1540.8,1461.9999999999998,125.22811185991128,1,0,1
2026-07-05 16:45:00,1057.2,209.91,213.33,213.12,216.56,219.96,224.84,211.7,215.11,220.5,223.95,30.96,29.54,77.74,78.3,4.75,84.18,True,16,45,5,7,6,1317.6,1527.6,1300.8,235.64957033696902,1,0,1
2026-07-05 17:00:00,822.6,165.78,169.06,168.07,171.4,168.89,173.4,165.56,168.83,170.47,173.85,30.51,29.56,61.14,61.72,4.75,83.12,True,17,0,5,7,6,1057.2,1317.6,1065.8,247.61203524868822,1,0,1
2026-07-05 17:15:00,694.2,142.89,145.72,145.02,147.89,141.22,145.36,141.65,144.45,143.31,146.14,30.31,29.51,51.05,50.81,5.0,83.95,True,17,15,5,7,6,822.6,1057.2,857.9999999999999,184.07096457615796,1,0,1
2026-07-05 17:30:00,672.0,137.69,140.41,139.75,142.51,138.15,142.24,137.34,140.06,139.87,142.64,29.58,29.48,49.91,49.47,5.0,82.87,True,17,30,5,7,6,694.2,822.6,729.5999999999999,81.30166049962894,1,0,1
2026-07-05 17:45:00,671.54,138.7,141.45,139.89,142.65,137.2,141.27,138.36,141.1,140.69,143.47,29.86,29.55,50.41,49.91,5.0,82.08,True,17,45,5,7,6,672.0,694.2,679.2466666666666,12.952008853075858,1,0,1
2026-07-05 18:00:00,636.0,131.46,134.06,133.08,135.71,129.96,133.89,130.41,132.98,132.51,135.13,29.95,29.59,48.5,47.72,5.0,80.83,True,18,0,5,7,6,671.54,672.0,659.8466666666665,20.653099847967496,1,0,1
2026-07-05 18:15:00,454.2,94.36,97.46,95.99,99.01,95.85,98.82,93.58,96.71,96.12,99.21,29.4,29.55,37.26,36.27,5.0,74.98,True,18,15,5,7,6,636.0,671.54,587.2466666666664,116.58402349091395,1,0,1
2026-07-05 18:30:00,218.4,47.55,49.38,48.36,50.23,49.29,50.87,47.07,48.88,48.78,50.66,28.47,29.25,20.98,20.28,5.0,63.79,True,18,30,5,7,6,454.2,636.0,436.1999999999998,209.38108797118315,1,0,1
2026-07-05 18:45:00,68.73,15.05,15.63,14.28,14.83,15.66,16.22,14.33,14.88,14.97,15.55,28.17,28.79,8.36,7.62,5.0,50.29,True,18,45,5,7,6,218.4,454.2,247.10999999999987,194.3321339871405,0,0,1
2026-07-05 19:00:00,0.0,0.11,0.11,0.0,0.0,0.31,0.33,0.14,0.15,0.11,0.11,27.13,28.5,0.93,0.62,5.0,0.0,True,19,0,5,7,6,68.73,218.4,95.70999999999985,111.67175247122972,0,0,1
2026-07-05 19:15:00,0.0,0.0,0.0,0.0,0.0,0.0,0.0,0.0,0.0,0.0,0.0,26.95,28.41,0.13,0.09,5.0,0.0,True,19,15,5,7,6,0.0,68.73,22.90999999999985,39.68128400134554,0,0,1
2026-07-05 19:30:00,0.0,0.0,0.0,0.0,0.0,0.0,0.0,0.0,0.0,0.0,0.0,26.6,28.32,0.14,0.09,5.0,0.0,True,19,30,5,7,6,0.0,0.0,0.0,0.0,0,0,1
2026-07-05 19:45:00,0.0,0.0,0.0,0.0,0.0,0.0,0.0,0.0,0.0,0.0,0.0,26.76,28.04,0.13,0.09,5.0,0.0,True,19,45,5,7,6,0.0,0.0,0.0,0.0,0,0,1
2026-07-05 20:00:00,0.0,0.0,0.0,0.0,0.0,0.0,0.0,0.0,0.0,0.0,0.0,26.85,27.97,0.13,0.1,5.0,0.0,True,20,0,5,7,6,0.0,0.0,0.0,0.0,0,0,1
2026-07-05 20:15:00,0.0,0.0,0.0,0.0,0.0,0.0,0.0,0.0,0.0,0.0,0.0,26.45,27.93,0.1,0.07,5.0,0.0,True,20,15,5,7,6,0.0,0.0,0.0,0.0,0,0,1
2026-07-05 20:30:00,0.0,0.0,0.0,0.0,0.0,0.0,0.0,0.0,0.0,0.0,0.0,26.29,28.0,0.13,0.09,5.0,0.0,True,20,30,5,7,6,0.0,0.0,0.0,0.0,0,0,1
2026-07-05 20:45:00,0.0,0.0,0.0,0.0,0.0,0.0,0.0,0.0,0.0,0.0,0.0,26.32,28.01,0.11,0.09,5.0,0.0,True,20,45,5,7,6,0.0,0.0,0.0,0.0,0,0,1
2026-07-05 21:00:00,0.0,0.0,0.0,0.0,0.0,0.0,0.0,0.0,0.0,0.0,0.0,26.74,28.01,0.15,0.1,5.0,0.0,True,21,0,5,7,6,0.0,0.0,0.0,0.0,0,0,1
2026-07-05 21:15:00,0.0,0.0,0.0,0.0,0.0,0.0,0.0,0.0,0.0,0.0,0.0,26.7,28.1,0.16,0.1,5.0,0.0,True,21,15,5,7,6,0.0,0.0,0.0,0.0,0,0,1
2026-07-05 21:30:00,0.0,0.0,0.0,0.0,0.0,0.0,0.0,0.0,0.0,0.0,0.0,26.63,28.34,0.36,0.1,5.0,0.0,True,21,30,5,7,6,0.0,0.0,0.0,0.0,0,0,1
2026-07-05 21:45:00,0.0,0.0,0.0,0.0,0.0,0.0,0.0,0.0,0.0,0.0,0.0,27.2,28.62,0.43,0.09,5.0,0.0,True,21,45,5,7,6,0.0,0.0,0.0,0.0,0,0,1
2026-07-05 22:00:00,0.0,0.0,0.0,0.0,0.0,0.0,0.0,0.0,0.0,0.0,0.0,26.55,28.53,0.2,0.08,5.0,0.0,True,22,0,5,7,6,0.0,0.0,0.0,0.0,0,0,1
2026-07-05 22:15:00,0.0,0.0,0.0,0.0,0.0,0.0,0.0,0.0,0.0,0.0,0.0,27.67,29.04,0.44,0.08,5.0,0.0,True,22,15,5,7,6,0.0,0.0,0.0,0.0,0,0,1
2026-07-05 22:30:00,0.0,0.0,0.0,0.0,0.0,0.0,0.0,0.0,0.0,0.0,0.0,28.35,29.37,0.57,0.09,5.0,0.0,True,22,30,5,7,6,0.0,0.0,0.0,0.0,0,0,1
2026-07-05 22:45:00,0.0,0.0,0.0,0.0,0.0,0.0,0.0,0.0,0.0,0.0,0.0,28.35,29.4,0.37,0.09,5.0,0.0,True,22,45,5,7,6,0.0,0.0,0.0,0.0,0,0,1
2026-07-05 23:00:00,0.0,0.0,0.0,0.0,0.0,0.0,0.0,0.0,0.0,0.0,0.0,28.37,29.34,0.12,0.09,5.0,0.0,True,23,0,5,7,6,0.0,0.0,0.0,0.0,0,0,1
2026-07-05 23:15:00,0.0,0.0,0.0,0.0,0.0,0.0,0.0,0.0,0.0,0.0,0.0,28.0,29.17,0.12,0.09,5.0,0.0,True,23,15,5,7,6,0.0,0.0,0.0,0.0,0,0,1
2026-07-05 23:30:00,0.0,0.0,0.0,0.0,0.0,0.0,0.0,0.0,0.0,0.0,0.0,27.62,29.1,0.12,0.09,5.0,0.0,True,23,30,5,7,6,0.0,0.0,0.0,0.0,0,0,1
2026-07-05 23:45:00,0.0,0.0,0.0,0.0,0.0,0.0,0.0,0.0,0.0,0.0,0.0,26.77,28.47,0.15,0.1,5.0,0.0,True,23,45,5,7,6,0.0,0.0,0.0,0.0,0,0,1
2026-07-06 00:15:00,0.0,0.0,0.0,0.0,0.0,0.0,0.0,0.0,0.0,0.0,0.0,25.92,27.69,0.13,0.15,0.0,0.0,True,0,15,6,7,0,0.0,0.0,0.0,0.0,0,1,0
2026-07-06 00:30:00,0.0,0.0,0.0,0.0,0.0,0.0,0.0,0.0,0.0,0.0,0.0,25.54,27.23,0.13,0.17,0.0,0.0,True,0,30,6,7,0,0.0,0.0,0.0,0.0,0,1,0
2026-07-06 00:45:00,0.0,0.0,0.0,0.0,0.0,0.0,0.0,0.0,0.0,0.0,0.0,25.36,27.53,0.42,0.22,0.0,0.0,True,0,45,6,7,0,0.0,0.0,0.0,0.0,0,1,0
2026-07-06 01:00:00,0.0,0.0,0.0,0.0,0.0,0.0,0.0,0.0,0.0,0.0,0.0,25.47,28.15,2.43,1.08,0.0,0.0,True,1,0,6,7,0,0.0,0.0,0.0,0.0,0,1,0
2026-07-06 01:15:00,0.0,0.0,0.0,0.0,0.0,0.0,0.0,0.0,0.0,0.0,0.0,26.15,28.41,2.51,0.65,0.0,0.0,True,1,15,6,7,0,0.0,0.0,0.0,0.0,0,1,0
2026-07-06 01:30:00,0.0,0.0,0.0,0.0,0.0,0.0,0.0,0.0,0.0,0.0,0.0,26.46,28.29,1.74,0.13,0.0,0.0,True,1,30,6,7,0,0.0,0.0,0.0,0.0,0,1,0
2026-07-06 01:45:00,0.0,0.0,0.0,0.0,0.0,0.0,0.0,0.0,0.0,0.0,0.0,27.0,28.19,1.28,0.14,0.0,0.0,True,1,45,6,7,0,0.0,0.0,0.0,0.0,0,1,0
2026-07-06 02:00:00,0.0,0.0,0.0,0.0,0.0,0.0,0.0,0.0,0.0,0.0,0.0,26.91,28.25,1.09,0.13,0.0,0.0,True,2,0,6,7,0,0.0,0.0,0.0,0.0,0,1,0
2026-07-06 02:15:00,0.0,0.0,0.0,0.0,0.0,0.0,0.0,0.0,0.0,0.0,0.0,27.09,28.38,1.47,0.11,0.0,0.0,True,2,15,6,7,0,0.0,0.0,0.0,0.0,0,1,0
2026-07-06 02:30:00,0.0,0.0,0.0,0.0,0.0,0.0,0.0,0.0,0.0,0.0,0.0,27.38,28.4,1.4,0.11,0.0,0.0,True,2,30,6,7,0,0.0,0.0,0.0,0.0,0,1,0
2026-07-06 02:45:00,0.0,0.0,0.0,0.0,0.0,0.0,0.0,0.0,0.0,0.0,0.0,27.25,28.34,0.58,0.1,0.0,0.0,True,2,45,6,7,0,0.0,0.0,0.0,0.0,0,1,0
2026-07-06 03:00:00,0.0,0.0,0.0,0.0,0.0,0.0,0.0,0.0,0.0,0.0,0.0,26.14,28.24,0.24,0.08,0.0,0.0,True,3,0,6,7,0,0.0,0.0,0.0,0.0,0,1,0
2026-07-06 03:15:00,0.0,0.0,0.0,0.0,0.0,0.0,0.0,0.0,0.0,0.0,0.0,26.3,28.16,0.13,0.08,0.0,0.0,True,3,15,6,7,0,0.0,0.0,0.0,0.0,0,1,0
2026-07-06 03:30:00,0.0,0.0,0.0,0.0,0.0,0.0,0.0,0.0,0.0,0.0,0.0,27.04,28.16,0.13,0.09,0.0,0.0,True,3,30,6,7,0,0.0,0.0,0.0,0.0,0,1,0
2026-07-06 03:45:00,0.0,0.0,0.0,0.0,0.0,0.0,0.0,0.0,0.0,0.0,0.0,26.2,27.81,0.15,0.1,0.0,0.0,True,3,45,6,7,0,0.0,0.0,0.0,0.0,0,1,0
2026-07-06 04:00:00,0.0,0.0,0.0,0.0,0.0,0.0,0.0,0.0,0.0,0.0,0.0,25.56,27.61,0.13,0.1,0.0,0.0,True,4,0,6,7,0,0.0,0.0,0.0,0.0,0,1,0
2026-07-06 04:15:00,0.0,0.0,0.0,0.0,0.0,0.0,0.0,0.0,0.0,0.0,0.0,26.08,27.59,0.15,0.1,0.0,0.0,True,4,15,6,7,0,0.0,0.0,0.0,0.0,0,1,0
2026-07-06 04:30:00,0.0,0.0,0.0,0.0,0.0,0.0,0.0,0.0,0.0,0.0,0.0,26.08,27.37,0.16,0.1,0.0,0.0,True,4,30,6,7,0,0.0,0.0,0.0,0.0,0,1,0
2026-07-06 04:45:00,0.0,0.0,0.0,0.0,0.0,0.0,0.0,0.0,0.0,0.0,0.0,25.84,27.06,0.15,0.09,0.0,0.0,True,4,45,6,7,0,0.0,0.0,0.0,0.0,0,1,0
2026-07-06 05:00:00,0.0,0.0,0.0,0.0,0.0,0.0,0.0,0.0,0.0,0.0,0.0,25.55,26.81,0.15,0.1,0.0,0.0,True,5,0,6,7,0,0.0,0.0,0.0,0.0,0,1,0
2026-07-06 05:15:00,0.0,0.0,0.0,0.0,0.0,0.0,0.0,0.0,0.0,0.0,0.0,25.03,26.88,0.16,0.1,0.0,0.0,True,5,15,6,7,0,0.0,0.0,0.0,0.0,0,1,0
2026-07-06 05:30:00,0.0,0.0,0.0,0.0,0.0,0.0,0.0,0.0,0.0,0.0,0.0,25.01,26.82,0.15,0.1,0.0,0.0,True,5,30,6,7,0,0.0,0.0,0.0,0.0,0,1,0
2026-07-06 05:45:00,0.0,0.0,0.0,0.0,0.0,0.21,0.22,0.24,0.25,0.31,0.32,25.12,26.59,0.95,0.4,0.0,0.0,True,5,45,6,7,0,0.0,0.0,0.0,0.0,0,1,0
2026-07-06 06:00:00,34.2,0.0,0.0,0.0,0.0,16.77,17.31,16.48,17.12,16.65,17.3,25.08,26.65,7.39,6.48,0.0,27.98,True,6,0,6,7,0,0.0,0.0,11.4,19.745379206285204,0,1,0
2026-07-06 06:15:00,116.4,0.0,0.0,0.0,0.0,45.58,47.0,47.16,48.61,46.8,48.24,25.59,26.83,18.11,16.85,0.0,38.92,True,6,15,6,7,0,34.2,0.0,50.20000000000001,59.82674986993695,0,1,0
2026-07-06 06:30:00,280.29,0.0,0.0,0.0,0.0,60.16,61.99,61.22,62.43,60.3,61.5,26.43,27.13,24.34,22.86,0.0,69.97,True,6,30,6,7,0,116.4,34.2,143.63000000000002,125.2843833045444,1,1,0
2026-07-06 06:45:00,382.2,102.41,104.44,102.12,104.14,77.17,79.3,80.03,81.61,79.73,81.31,26.45,27.35,29.38,28.2,0.25,79.06,True,6,45,6,7,0,280.29,116.4,259.63000000000005,134.09898098046833,1,1,0
2026-07-06 07:00:00,644.14,140.29,142.33,140.95,143.0,122.86,125.34,133.87,135.81,130.63,132.53,26.29,27.43,46.05,44.81,0.25,84.94,True,7,0,6,7,0,382.2,280.29,435.54333333333335,187.6987986997608,1,1,0
2026-07-06 07:15:00,821.4,179.52,182.06,178.45,180.98,157.92,161.03,172.05,174.5,170.65,173.08,27.32,27.54,56.5,55.66,0.25,88.66,True,7,15,6,7,0,644.14,382.2,615.9133333333333,220.95637246599904,1,1,0
2026-07-06 07:30:00,1321.07,276.2,279.75,278.97,282.69,266.04,271.24,271.43,275.0,273.11,276.68,27.84,27.63,92.41,90.95,0.25,87.37,True,7,30,6,7,0,821.4,644.14,928.8699999999999,351.02835626199754,1,1,0
2026-07-06 07:45:00,1777.2,361.02,366.25,365.1,370.4,349.34,355.73,357.6,362.79,362.18,367.43,28.84,27.89,120.78,120.27,0.5,90.29,True,7,45,6,7,0,1321.07,821.4,1306.5566666666666,478.0652545765412,1,1,0
2026-07-06 08:00:00,1946.57,387.8,393.42,393.76,399.39,392.81,399.78,389.88,395.5,400.64,406.25,29.84,28.09,133.76,134.03,0.5,89.66,True,8,0,6,7,0,1777.2,1321.07,1681.6133333333335,323.5199694506244,1,1,0
2026-07-06 08:15:00,1689.23,340.59,345.53,343.6,348.59,339.2,345.45,338.82,343.74,346.03,351.05,29.97,28.19,116.25,116.71,0.75,89.58,True,8,15,6,7,0,1946.57,1777.2,1804.3333333333333,130.79805898151875,1,1,0
2026-07-06 08:30:00,2153.4,450.93,457.0,456.1,462.18,416.67,423.92,434.47,440.43,430.38,436.3,28.62,27.98,132.71,130.69,0.75,99.48,True,8,30,6,7,0,1689.23,1946.57,1929.7333333333333,232.542581548698,1,1,0
2026-07-06 08:45:00,2260.8,449.9,455.96,453.25,459.33,438.41,445.95,451.18,457.23,453.66,459.7,28.34,27.81,142.66,141.71,1.0,97.05,True,8,45,6,7,0,2153.4,1689.23,2034.4766666666667,303.7764566804559,1,1,0
2026-07-06 09:00:00,1743.6,356.42,361.59,359.14,364.34,343.07,349.38,350.85,355.94,354.32,359.45,27.38,27.35,109.68,108.47,1.25,96.97,True,9,0,6,7,0,2260.8,2153.4,2052.6,272.93669595713874,1,1,0
2026-07-06 09:15:00,1952.4,410.71,416.46,412.45,418.22,373.97,380.7,397.07,402.71,393.97,399.56,27.64,26.98,121.32,119.58,1.25,98.27,True,9,15,6,7,0,1743.6,2260.8,1985.5999999999997,260.1934664821535,1,1,0
2026-07-06 09:30:00,2398.5,511.28,517.67,511.76,518.15,448.7,456.37,490.14,496.4,477.67,483.84,27.82,27.23,146.21,142.46,1.5,100.25,True,9,30,6,7,0,1952.4,1743.6,2031.5,334.5386524753149,1,1,0
2026-07-06 09:45:00,3223.29,680.22,688.26,682.49,690.57,606.68,616.68,658.04,665.82,645.53,653.16,28.73,27.4,195.93,191.1,1.75,100.9,True,9,45,6,7,0,2398.5,1952.4,2524.7299999999996,644.7796970283723,1,1,0
2026-07-06 10:00:00,4564.8,919.53,930.54,932.52,943.75,938.81,954.48,912.2,923.19,947.18,958.71,29.6,27.46,297.9,293.64,2.0,94.32,True,10,0,6,7,0,3223.29,2398.5,3395.53,1093.3727112471756,1,1,0
2026-07-06 10:15:00,5830.71,1149.06,1163.73,1162.84,1177.68,1242.7,1264.58,1155.91,1170.6,1218.79,1234.34,31.95,27.7,417.17,409.88,2.25,86.86,True,10,15,6,7,0,4564.8,3223.29,4539.599999999999,1303.8926505276418,1,1,0
2026-07-06 10:30:00,6380.4,1281.76,1298.12,1289.13,1305.58,1302.25,1325.46,1278.87,1295.19,1326.35,1343.28,33.03,27.88,437.82,430.69,2.75,90.97,True,10,30,6,7,0,5830.71,4564.8,5591.97,931.0469540791147,1,1,0
2026-07-06 10:45:00,9414.0,1873.66,1901.98,1915.88,1945.36,1913.57,1953.87,1844.33,1872.23,1932.33,1962.08,35.78,28.27,658.77,647.93,3.5,90.23,True,10,45,6,7,0,6380.4,5830.71,7208.37,1929.8037585982665,1,1,0
2026-07-06 11:00:00,10863.0,2182.46,2217.0,2308.72,2345.67,2258.65,2308.69,2135.64,2169.38,2212.2,2247.46,44.39,29.17,836.32,838.89,4.25,85.08,True,11,0,6,7,0,9414.0,6380.4,8885.800000000001,2287.5034688498286,1,1,0
2026-07-06 11:15:00,10955.4,2195.24,2230.26,2185.0,2219.82,2298.37,2349.69,2188.12,2222.79,2160.66,2194.97,47.4,29.94,876.73,880.42,5.0,82.93,True,11,15,6,7,0,10863.0,9414.0,10410.800000000001,864.4895141064455,1,1,0
2026-07-06 11:30:00,9859.15,1929.62,1958.4,1943.75,1973.1,1904.74,1944.96,1973.5,2003.52,1963.44,1993.23,45.36,30.08,732.25,733.23,5.75,88.56,True,11,30,6,7,0,10955.4,10863.0,10559.183333333332,608.004474353053,1,1,0
2026-07-06 11:45:00,8118.0,1749.41,1774.97,1747.13,1772.6,1509.24,1537.93,1654.99,1678.64,1552.63,1574.67,41.32,30.08,528.04,520.3,6.25,99.38,True,11,45,6,7,0,9859.15,10955.4,9644.183333333332,1430.8625688141153,1,1,0
2026-07-06 12:00:00,6298.2,1236.4,1252.78,1241.08,1257.19,1206.56,1228.03,1269.65,1286.61,1252.52,1268.77,41.1,30.34,445.05,442.43,6.75,91.39,True,12,0,6,7,0,8118.0,9859.15,8091.783333333334,1780.6197547015272,1,0,1
2026-07-06 12:15:00,3547.8,712.66,721.16,716.7,725.25,720.85,732.9,722.45,731.08,727.39,736.06,36.29,29.94,246.48,248.25,7.0,91.08,True,12,15,6,7,0,6298.2,8118.0,5988.0,2300.8368129878295,1,0,1
2026-07-06 12:30:00,3530.4,752.57,761.5,766.62,775.72,669.69,680.55,710.6,719.01,681.5,689.55,34.95,29.83,222.52,217.0,7.25,99.83,True,12,30,6,7,0,3547.8,6298.2,4458.8,1592.9908850963309,1,0,1
2026-07-06 12:45:00,3120.43,652.95,660.71,652.26,660.0,556.24,565.42,626.29,633.87,598.42,605.76,34.48,29.79,190.17,186.15,7.5,103.05,True,12,45,6,7,0,3530.4,3547.8,3399.5433333333335,241.87575247082123,1,0,1
2026-07-06 13:00:00,5485.15,1168.7,1183.5,1175.67,1190.56,997.25,1013.94,1111.52,1125.44,1070.08,1083.42,34.93,29.82,335.82,328.03,7.75,102.77,True,13,0,6,7,0,3120.43,3530.4,4045.3266666666664,1263.660268281521,1,0,1
2026-07-06 13:15:00,5638.2,1141.31,1155.87,1158.47,1173.26,1095.19,1113.82,1126.28,1140.65,1120.44,1134.74,38.01,30.15,380.51,371.43,8.25,94.44,True,13,15,6,7,0,5485.15,3120.43,4747.926666666666,1411.5293569860055,1,0,1
2026-07-06 13:30:00,4975.2,1013.54,1025.82,1032.92,1045.6,951.3,967.03,995.07,1006.98,989.23,1001.1,38.99,30.44,330.27,321.91,8.5,96.41,True,13,30,6,7,0,5638.2,5485.15,5366.183333333333,347.1412548708764,1,0,1
2026-07-06 13:45:00,5688.64,1182.31,1197.32,1221.71,1237.24,1069.46,1087.58,1138.47,1152.84,1116.27,1130.33,39.17,30.69,365.89,353.1,9.0,99.58,True,13,45,6,7,0,4975.2,5638.2,5434.013333333333,398.14357276405593,1,0,1
2026-07-06 14:00:00,4891.15,977.6,989.5,991.6,1003.75,909.14,924.08,970.05,981.77,960.89,972.54,39.54,31.01,321.07,312.85,9.25,97.73,True,14,0,6,7,0,5688.64,4975.2,5184.996666666666,438.1878090879827,1,0,1
2026-07-06 14:15:00,4712.4,976.71,988.71,990.26,1002.52,899.01,913.86,949.78,961.45,952.42,964.12,37.33,30.93,303.87,298.44,9.5,98.56,True,14,15,6,7,0,4891.15,5688.64,5097.3966666666665,519.7734122031695,1,0,1
2026-07-06 14:30:00,7009.2,1459.45,1478.8,1465.43,1484.98,1374.5,1399.7,1416.62,1435.36,1450.47,1470.24,38.6,31.11,467.96,462.13,10.0,95.7,True,14,30,6,7,0,4712.4,4891.15,5537.583333333333,1277.5874141652023,1,0,1
2026-07-06 14:45:00,7464.6,1512.88,1533.71,1505.21,1526.36,1359.82,1384.53,1531.94,1553.5,1549.89,1571.67,40.82,31.39,494.93,490.75,10.5,97.28,True,14,45,6,7,0,7009.2,4712.4,6395.399999999999,1475.1996610628676,1,0,1
2026-07-06 15:00:00,5412.86,1024.04,1036.66,1043.5,1056.4,1044.49,1062.18,1066.28,1079.72,1084.5,1098.21,41.12,31.48,381.09,377.52,11.0,91.73,True,15,0,6,7,0,7464.6,7009.2,6628.886666666666,1077.445093976177,1,0,1
2026-07-06 15:15:00,4770.64,973.24,985.05,988.04,1000.08,934.41,949.83,956.77,968.35,977.52,989.44,38.74,31.48,313.83,311.05,11.25,97.19,True,15,15,6,7,0,5412.86,7464.6,5882.7,1407.09535554631,1,0,1
2026-07-06 15:30:00,5871.86,1163.81,1178.4,1176.32,1191.24,1142.17,1161.87,1177.41,1192.22,1233.18,1249.05,39.7,31.84,405.89,401.85,11.75,92.87,True,15,30,6,7,0,4770.64,5412.86,5351.786666666667,553.1444984209165,1,0,1
2026-07-06 15:45:00,4770.0,934.79,946.02,952.04,963.44,945.06,960.67,943.4,954.73,979.13,990.95,39.28,31.91,334.24,329.97,12.0,91.45,True,15,45,6,7,0,5871.86,4770.64,5137.5,635.9744960295131,1,0,1
2026-07-06 16:00:00,4863.0,952.91,964.57,981.1,993.18,982.49,998.86,957.55,969.21,990.34,1002.53,38.55,31.93,348.83,342.79,12.25,89.06,True,16,0,6,7,0,4770.0,5871.86,5168.286666666667,611.0841403058395,1,0,1
2026-07-06 16:15:00,3624.6,701.7,710.0,712.9,721.34,729.03,740.79,715.73,724.21,746.49,755.34,37.6,32.05,260.61,258.08,12.5,88.49,True,16,15,6,7,0,4863.0,4770.0,4419.2,689.7130707765311,1,0,1
2026-07-06 16:30:00,3099.6,606.46,613.59,615.06,622.32,624.25,634.52,615.46,622.71,638.62,646.17,36.23,32.03,220.46,218.54,12.75,88.94,True,16,30,6,7,0,3624.6,4863.0,3862.3999999999996,905.4316760529148,1,0,1
2026-07-06 16:45:00,2748.0,543.06,549.61,556.57,563.23,560.72,569.97,543.83,550.39,564.09,570.85,35.65,32.01,195.41,194.13,13.0,88.75,True,16,45,6,7,0,3099.6,3624.6,3157.4,441.14909044447523,1,0,1
2026-07-06 17:00:00,2277.0,431.85,437.51,437.0,442.6,449.22,456.9,449.58,455.36,465.0,470.93,34.8,31.93,163.6,163.87,13.25,87.52,True,17,0,6,7,0,2748.0,3099.6,2708.2,412.74171100094344,1,0,1
2026-07-06 17:15:00,774.6,159.8,162.96,160.71,163.89,152.93,157.2,158.35,161.48,161.23,164.34,33.04,31.66,57.39,57.29,13.25,84.25,True,17,15,6,7,0,2277.0,2748.0,1933.2,1030.643352474552,1,0,1
2026-07-06 17:30:00,940.2,194.13,197.89,197.71,201.4,186.26,190.95,192.32,196.05,194.49,198.19,32.12,31.55,65.77,64.54,13.25,88.9,True,17,30,6,7,0,774.6,2277.0,1330.6000000000001,823.778222581771,1,0,1
2026-07-06 17:45:00,868.2,177.28,180.78,181.77,185.37,177.09,181.7,175.79,179.27,178.89,182.43,31.65,31.5,63.76,61.7,13.25,84.52,True,17,45,6,7,0,940.2,774.6,861.0,83.03445068151323,1,0,1
2026-07-06 18:00:00,687.6,133.68,136.57,136.22,139.16,142.76,146.83,138.44,141.36,144.53,147.45,31.82,31.41,54.53,53.89,13.5,78.33,True,18,0,6,7,0,868.2,940.2,832.0,130.1327015011237,1,0,1
2026-07-06 18:15:00,379.8,77.4,80.39,78.74,81.78,79.93,82.43,78.91,81.96,81.66,84.81,31.14,31.22,31.82,30.87,13.5,73.94,True,18,15,6,7,0,687.6,868.2,645.1999999999999,246.94525709148576,1,0,1
2026-07-06 18:30:00,240.6,50.0,51.93,51.04,53.02,53.03,54.72,51.4,53.39,53.35,55.41,30.28,31.04,22.36,21.21,13.5,66.42,True,18,30,6,7,0,379.8,687.6,436.00000000000006,228.73801607948633,1,0,1
2026-07-06 18:45:00,83.57,19.48,20.23,19.09,19.82,22.72,23.49,20.78,21.58,22.01,22.86,30.02,30.9,11.3,10.42,13.5,45.62,True,18,45,6,7,0,240.6,379.8,234.65666666666667,148.20440490522557,0,0,1
2026-07-06 19:00:00,13.5,0.82,0.85,0.55,0.57,1.89,1.99,1.22,1.27,1.39,1.45,29.73,30.66,2.31,1.74,13.5,25.56,True,19,0,6,7,0,83.57,240.6,112.55666666666666,116.29175651486078,0,0,1
2026-07-06 19:15:00,0.0,0.0,0.0,0.0,0.0,0.0,0.0,0.0,0.0,0.0,0.0,29.41,30.52,0.11,0.08,13.5,0.0,True,19,15,6,7,0,13.5,83.57,32.35666666666666,44.862753296152206,0,0,1
2026-07-06 19:30:00,0.0,0.0,0.0,0.0,0.0,0.0,0.0,0.0,0.0,0.0,0.0,29.04,30.37,0.1,0.08,13.5,0.0,True,19,30,6,7,0,0.0,13.5,4.5,7.794228632648326,0,0,1
2026-07-06 19:45:00,0.0,0.0,0.0,0.0,0.0,0.0,0.0,0.0,0.0,0.0,0.0,28.99,30.32,0.11,0.08,13.5,0.0,True,19,45,6,7,0,0.0,0.0,0.0,0.0,0,0,1
2026-07-06 20:00:00,0.0,0.0,0.0,0.0,0.0,0.0,0.0,0.0,0.0,0.0,0.0,29.05,30.48,0.16,0.08,13.5,0.0,True,20,0,6,7,0,0.0,0.0,0.0,0.0,0,0,1
2026-07-06 20:15:00,0.0,0.0,0.0,0.0,0.0,0.0,0.0,0.0,0.0,0.0,0.0,29.01,30.27,0.1,0.09,13.5,0.0,True,20,15,6,7,0,0.0,0.0,0.0,0.0,0,0,1
2026-07-06 20:30:00,0.0,0.0,0.0,0.0,0.0,0.0,0.0,0.0,0.0,0.0,0.0,28.61,29.55,0.08,0.08,13.5,0.0,True,20,30,6,7,0,0.0,0.0,0.0,0.0,0,0,1
2026-07-06 20:45:00,0.0,0.0,0.0,0.0,0.0,0.0,0.0,0.0,0.0,0.0,0.0,28.3,29.15,0.12,0.08,13.5,0.0,True,20,45,6,7,0,0.0,0.0,0.0,0.0,0,0,1
2026-07-06 21:00:00,0.0,0.0,0.0,0.0,0.0,0.0,0.0,0.0,0.0,0.0,0.0,27.53,28.89,0.09,0.08,13.5,0.0,True,21,0,6,7,0,0.0,0.0,0.0,0.0,0,0,1
2026-07-06 21:15:00,0.0,0.0,0.0,0.0,0.0,0.0,0.0,0.0,0.0,0.0,0.0,27.38,28.68,0.11,0.08,13.5,0.0,True,21,15,6,7,0,0.0,0.0,0.0,0.0,0,0,1
2026-07-06 21:30:00,0.0,0.0,0.0,0.0,0.0,0.0,0.0,0.0,0.0,0.0,0.0,27.4,28.55,0.12,0.08,13.5,0.0,True,21,30,6,7,0,0.0,0.0,0.0,0.0,0,0,1
2026-07-06 21:45:00,0.0,0.0,0.0,0.0,0.0,0.0,0.0,0.0,0.0,0.0,0.0,27.25,28.41,0.14,0.09,13.5,0.0,True,21,45,6,7,0,0.0,0.0,0.0,0.0,0,0,1
2026-07-06 22:00:00,0.0,0.0,0.0,0.0,0.0,0.0,0.0,0.0,0.0,0.0,0.0,27.41,28.32,0.12,0.09,13.5,0.0,True,22,0,6,7,0,0.0,0.0,0.0,0.0,0,0,1
2026-07-06 22:15:00,0.0,0.0,0.0,0.0,0.0,0.0,0.0,0.0,0.0,0.0,0.0,27.46,28.48,0.12,0.09,13.5,0.0,True,22,15,6,7,0,0.0,0.0,0.0,0.0,0,0,1
2026-07-06 22:30:00,0.0,0.0,0.0,0.0,0.0,0.0,0.0,0.0,0.0,0.0,0.0,27.42,28.62,0.13,0.09,13.5,0.0,True,22,30,6,7,0,0.0,0.0,0.0,0.0,0,0,1
2026-07-06 22:45:00,0.0,0.0,0.0,0.0,0.0,0.0,0.0,0.0,0.0,0.0,0.0,27.6,28.92,0.31,0.08,13.5,0.0,True,22,45,6,7,0,0.0,0.0,0.0,0.0,0,0,1
2026-07-06 23:00:00,0.0,0.0,0.0,0.0,0.0,0.0,0.0,0.0,0.0,0.0,0.0,27.86,28.82,0.14,0.09,13.5,0.0,True,23,0,6,7,0,0.0,0.0,0.0,0.0,0,0,1
2026-07-06 23:15:00,0.0,0.0,0.0,0.0,0.0,0.0,0.0,0.0,0.0,0.0,0.0,27.82,28.68,0.13,0.09,13.5,0.0,True,23,15,6,7,0,0.0,0.0,0.0,0.0,0,0,1
2026-07-06 23:30:00,0.0,0.0,0.0,0.0,0.0,0.0,0.0,0.0,0.0,0.0,0.0,27.88,29.0,0.28,0.08,13.5,0.0,True,23,30,6,7,0,0.0,0.0,0.0,0.0,0,0,1
2026-07-06 23:45:00,0.0,0.0,0.0,0.0,0.0,0.0,0.0,0.0,0.0,0.0,0.0,28.5,29.41,0.31,0.08,13.5,0.0,True,23,45,6,7,0,0.0,0.0,0.0,0.0,0,0,1
2026-07-07 00:15:00,0.0,0.0,0.0,0.0,0.0,0.0,0.0,0.0,0.0,0.0,0.0,28.16,29.43,0.12,0.09,0.0,0.0,True,0,15,7,7,1,0.0,0.0,0.0,0.0,0,1,0
2026-07-07 00:30:00,0.0,0.0,0.0,0.0,0.0,0.0,0.0,0.0,0.0,0.0,0.0,28.39,29.43,0.1,0.09,0.0,0.0,True,0,30,7,7,1,0.0,0.0,0.0,0.0,0,1,0
2026-07-07 00:45:00,0.0,0.0,0.0,0.0,0.0,0.0,0.0,0.0,0.0,0.0,0.0,28.32,29.28,0.11,0.09,0.0,0.0,True,0,45,7,7,1,0.0,0.0,0.0,0.0,0,1,0
2026-07-07 01:00:00,0.0,0.0,0.0,0.0,0.0,0.0,0.0,0.0,0.0,0.0,0.0,28.23,29.25,0.11,0.09,0.0,0.0,True,1,0,7,7,1,0.0,0.0,0.0,0.0,0,1,0
2026-07-07 01:15:00,0.0,0.0,0.0,0.0,0.0,0.0,0.0,0.0,0.0,0.0,0.0,27.57,29.18,0.09,0.08,0.0,0.0,True,1,15,7,7,1,0.0,0.0,0.0,0.0,0,1,0
2026-07-07 01:30:00,0.0,0.0,0.0,0.0,0.0,0.0,0.0,0.0,0.0,0.0,0.0,27.32,29.15,0.13,0.09,0.0,0.0,True,1,30,7,7,1,0.0,0.0,0.0,0.0,0,1,0
2026-07-07 01:45:00,0.0,0.0,0.0,0.0,0.0,0.0,0.0,0.0,0.0,0.0,0.0,27.6,29.13,0.1,0.08,0.0,0.0,True,1,45,7,7,1,0.0,0.0,0.0,0.0,0,1,0
2026-07-07 02:00:00,0.0,0.0,0.0,0.0,0.0,0.0,0.0,0.0,0.0,0.0,0.0,27.88,29.13,0.11,0.09,0.0,0.0,True,2,0,7,7,1,0.0,0.0,0.0,0.0,0,1,0
2026-07-07 02:15:00,0.0,0.0,0.0,0.0,0.0,0.0,0.0,0.0,0.0,0.0,0.0,27.36,28.87,0.13,0.09,0.0,0.0,True,2,15,7,7,1,0.0,0.0,0.0,0.0,0,1,0
2026-07-07 02:30:00,0.0,0.0,0.0,0.0,0.0,0.0,0.0,0.0,0.0,0.0,0.0,27.35,28.97,0.15,0.09,0.0,0.0,True,2,30,7,7,1,0.0,0.0,0.0,0.0,0,1,0
2026-07-07 02:45:00,0.0,0.0,0.0,0.0,0.0,0.0,0.0,0.0,0.0,0.0,0.0,27.13,28.78,0.12,0.09,0.0,0.0,True,2,45,7,7,1,0.0,0.0,0.0,0.0,0,1,0
2026-07-07 03:00:00,0.0,0.0,0.0,0.0,0.0,0.0,0.0,0.0,0.0,0.0,0.0,27.45,28.8,0.11,0.08,0.0,0.0,True,3,0,7,7,1,0.0,0.0,0.0,0.0,0,1,0
2026-07-07 03:15:00,0.0,0.0,0.0,0.0,0.0,0.0,0.0,0.0,0.0,0.0,0.0,27.51,28.7,0.13,0.09,0.0,0.0,True,3,15,7,7,1,0.0,0.0,0.0,0.0,0,1,0
2026-07-07 03:30:00,0.0,0.0,0.0,0.0,0.0,0.0,0.0,0.0,0.0,0.0,0.0,27.49,28.46,0.15,0.09,0.0,0.0,True,3,30,7,7,1,0.0,0.0,0.0,0.0,0,1,0
2026-07-07 03:45:00,0.0,0.0,0.0,0.0,0.0,0.0,0.0,0.0,0.0,0.0,0.0,26.98,28.28,0.12,0.09,0.0,0.0,True,3,45,7,7,1,0.0,0.0,0.0,0.0,0,1,0
2026-07-07 04:00:00,0.0,0.0,0.0,0.0,0.0,0.0,0.0,0.0,0.0,0.0,0.0,27.12,28.25,0.12,0.09,0.0,0.0,True,4,0,7,7,1,0.0,0.0,0.0,0.0,0,1,0
2026-07-07 04:15:00,0.0,0.0,0.0,0.0,0.0,0.0,0.0,0.0,0.0,0.0,0.0,27.09,28.22,0.12,0.09,0.0,0.0,True,4,15,7,7,1,0.0,0.0,0.0,0.0,0,1,0
2026-07-07 04:30:00,0.0,0.0,0.0,0.0,0.0,0.0,0.0,0.0,0.0,0.0,0.0,26.95,28.02,0.13,0.09,0.0,0.0,True,4,30,7,7,1,0.0,0.0,0.0,0.0,0,1,0
2026-07-07 04:45:00,0.0,0.0,0.0,0.0,0.0,0.0,0.0,0.0,0.0,0.0,0.0,26.94,27.91,0.14,0.09,0.0,0.0,True,4,45,7,7,1,0.0,0.0,0.0,0.0,0,1,0
2026-07-07 05:00:00,0.0,0.0,0.0,0.0,0.0,0.0,0.0,0.0,0.0,0.0,0.0,26.72,27.8,0.16,0.09,0.0,0.0,True,5,0,7,7,1,0.0,0.0,0.0,0.0,0,1,0
2026-07-07 05:15:00,0.0,0.0,0.0,0.0,0.0,0.0,0.0,0.0,0.0,0.0,0.0,26.74,27.62,0.12,0.08,0.0,0.0,True,5,15,7,7,1,0.0,0.0,0.0,0.0,0,1,0
2026-07-07 05:30:00,0.0,0.0,0.0,0.0,0.0,0.0,0.0,0.0,0.0,0.0,0.0,26.7,27.59,0.16,0.09,0.0,0.0,True,5,30,7,7,1,0.0,0.0,0.0,0.0,0,1,0
2026-07-07 05:45:00,0.0,0.0,0.0,0.0,0.0,0.33,0.34,0.8,0.83,0.92,0.96,26.14,27.44,0.69,0.33,0.0,0.0,True,5,45,7,7,1,0.0,0.0,0.0,0.0,0,1,0
2026-07-07 06:00:00,48.46,0.0,0.0,0.0,0.0,21.02,21.69,23.02,23.91,23.59,24.5,25.73,27.31,8.59,7.79,0.0,34.18,True,6,0,7,7,1,0.0,0.0,16.153333333333332,27.978394044929267,0,1,0
2026-07-07 06:15:00,259.2,0.0,0.0,36.96,38.38,59.4,61.17,61.11,62.61,63.31,64.79,26.42,27.28,22.44,21.38,0.0,70.17,True,6,15,7,7,1,48.46,0.0,102.55333333333333,137.8068450162521,1,1,0
2026-07-07 06:30:00,521.4,0.0,0.0,0.0,0.0,109.55,111.97,110.99,112.76,114.55,116.35,26.64,27.25,39.45,37.98,0.0,80.38,True,6,30,7,7,1,259.2,48.46,276.3533333333333,236.93614864206202,1,1,0
2026-07-07 06:45:00,825.0,175.35,177.89,180.12,182.73,173.5,176.85,170.9,173.38,177.92,180.5,27.29,27.07,60.31,59.0,0.0,83.42,True,6,45,7,7,1,521.4,259.2,535.1999999999999,283.152326495828,1,1,0
2026-07-07 07:00:00,1172.4,233.82,236.91,240.47,243.61,239.98,244.9,237.27,240.39,245.24,248.42,27.4,27.17,83.01,81.53,0.25,86.16,True,7,0,7,7,1,825.0,521.4,839.6,325.7454834683053,1,1,0
2026-07-07 07:15:00,1449.0,277.89,281.75,299.39,303.38,293.57,299.15,296.99,301.03,293.85,297.87,28.49,27.31,100.37,98.17,0.25,88.46,True,7,15,7,7,1,1172.4,825.0,1148.8,312.66870646100796,1,1,0
2026-07-07 07:30:00,1912.8,382.13,387.68,391.3,396.94,386.03,392.92,381.6,387.13,390.86,396.41,29.25,27.6,134.72,132.62,0.25,87.27,True,7,30,7,7,1,1449.0,1172.4,1511.3999999999999,374.1234555597925,1,1,0
2026-07-07 07:45:00,2080.29,429.22,435.09,437.19,443.12,405.9,413.04,430.58,436.43,432.38,438.26,29.82,28.03,140.43,137.61,0.5,91.26,True,7,45,7,7,1,1912.8,1449.0,1814.03,327.0296633334662,1,1,0
2026-07-07 08:00:00,2130.6,432.04,437.89,440.46,446.39,414.64,421.89,426.07,431.86,430.61,436.43,29.67,28.3,145.38,142.95,0.75,90.23,True,8,0,7,7,1,2080.29,1912.8,2041.2299999999998,114.03277028994964,1,1,0
2026-07-07 08:15:00,2792.4,562.93,569.87,576.14,583.16,553.18,562.34,568.05,575.0,574.94,581.96,30.36,28.41,188.78,185.6,0.75,91.33,True,8,15,7,7,1,2130.6,2080.29,2334.43,397.41057446927687,1,1,0
2026-07-07 08:30:00,2588.4,511.25,517.66,517.71,524.2,514.42,523.03,497.44,503.77,520.32,526.81,31.77,28.65,184.16,183.55,1.0,87.29,True,8,30,7,7,1,2792.4,2130.6,2503.7999999999997,338.9139713850709,1,1,0
2026-07-07 08:45:00,1799.36,362.83,368.06,370.39,375.68,370.35,377.02,357.87,363.02,372.06,377.37,31.13,28.64,130.79,129.09,1.25,85.21,True,8,45,7,7,1,2588.4,2792.4,2393.3866666666663,524.4566336059963,1,1,0
2026-07-07 09:00:00,2466.6,510.4,516.95,523.92,530.6,488.64,496.96,526.53,533.24,529.18,535.91,30.26,28.64,159.78,155.22,1.25,95.28,True,9,0,7,7,1,1799.36,2588.4,2284.7866666666664,424.7800566567767,1,1,0
2026-07-07 09:15:00,4044.6,838.94,849.03,843.49,853.59,750.77,762.96,830.2,840.2,817.25,826.97,32.58,29.09,267.16,263.3,1.5,94.33,True,9,15,7,7,1,2466.6,1799.36,2770.1866666666665,1152.9957990094038,1,1,0
2026-07-07 09:30:00,4165.8,860.96,871.21,869.05,879.4,789.12,801.77,844.62,854.67,844.33,854.38,34.1,29.57,277.6,272.87,2.0,94.09,True,9,30,7,7,1,4044.6,2466.6,3559.0,947.9850631734647,1,1,0
2026-07-07 09:45:00,4139.4,863.49,873.97,872.65,883.2,792.86,805.81,802.67,812.33,806.48,816.18,34.17,29.83,282.9,278.65,2.25,91.77,True,9,45,7,7,1,4165.8,4044.6,4116.599999999999,63.735704279438956,1,1,0
2026-07-07 10:00:00,1891.8,376.24,381.5,383.07,388.43,391.26,398.21,366.91,372.14,382.7,388.08,32.61,29.74,138.96,137.0,2.25,84.84,True,10,0,7,7,1,4139.4,4165.8,3399.0,1305.3402315105434,1,1,0
2026-07-07 10:15:00,2322.6,449.79,455.85,462.69,468.79,483.68,491.81,463.93,470.04,485.36,491.49,31.97,29.65,164.17,160.87,2.5,87.93,True,10,15,7,7,1,1891.8,4139.4,2784.6,1192.8995934277125,1,1,0
2026-07-07 10:30:00,3007.5,601.6,608.78,620.47,627.83,615.65,625.76,615.46,622.75,631.89,639.35,32.31,29.85,201.91,196.52,2.75,92.71,True,10,30,7,7,1,2322.6,1891.8,2407.2999999999997,562.651926149732,1,1,0
2026-07-07 10:45:00,4822.2,942.42,954.02,972.5,984.47,983.24,999.7,928.2,939.57,969.88,981.82,33.3,29.83,325.64,320.76,3.0,92.54,True,10,45,7,7,1,3007.5,2322.6,3384.1,1291.654253273684,1,1,0
2026-07-07 11:00:00,2480.4,489.1,495.23,499.76,506.01,509.69,518.25,471.86,477.85,486.01,492.19,33.74,29.84,183.13,179.63,3.25,84.8,True,11,0,7,7,1,4822.2,3007.5,3436.6999999999994,1228.4812941188798,1,1,0
2026-07-07 11:15:00,1386.0,279.39,283.44,281.16,285.24,278.35,283.72,281.27,285.39,288.46,292.64,32.18,29.81,98.58,97.45,3.25,87.46,True,11,15,7,7,1,2480.4,4822.2,2896.1999999999994,1755.4301011433067,1,1,0
2026-07-07 11:30:00,1845.6,365.44,370.66,373.5,378.83,381.82,388.63,371.23,376.53,388.66,394.15,31.72,29.96,128.15,127.21,3.5,89.42,True,11,30,7,7,1,1386.0,2480.4,1903.9999999999998,549.5323102420872,1,1,0
2026-07-07 11:45:00,2503.2,497.88,504.16,510.25,516.6,513.0,521.57,501.81,508.05,520.13,526.57,32.56,30.23,171.65,168.95,3.5,90.86,True,11,45,7,7,1,1845.6,1386.0,1911.5999999999997,561.5166604830221,1,1,0
2026-07-07 12:00:00,2059.2,410.11,415.87,418.69,424.5,413.7,420.93,402.8,408.49,414.64,420.4,32.59,30.4,143.34,141.67,3.75,89.52,True,12,0,7,7,1,2503.2,1845.6,2135.9999999999995,335.4595653726458,1,0,1
2026-07-07 12:15:00,4005.0,801.84,811.96,798.86,808.94,737.5,749.96,853.8,864.39,858.86,869.66,32.88,30.47,234.15,231.74,4.0,106.7,True,12,15,7,7,1,2059.2,2503.2,2855.7999999999993,1019.6957781613108,1,0,1
2026-07-07 12:30:00,5458.8,1085.86,1099.3,1100.52,1114.15,1093.59,1112.42,1063.85,1076.99,1100.62,1114.22,35.33,30.64,379.87,380.1,4.5,90.57,True,12,30,7,7,1,4005.0,2059.2,3841.0,1705.723318712621,1,0,1
2026-07-07 12:45:00,3164.4,630.39,637.96,641.73,649.37,654.23,664.88,650.14,657.98,667.77,675.7,36.18,30.71,234.77,234.73,4.5,85.25,True,12,45,7,7,1,5458.8,4005.0,4209.4,1160.7766193372415,1,0,1
2026-07-07 13:00:00,7546.2,1355.99,1374.59,1409.95,1429.37,1611.15,1643.07,1480.73,1501.23,1586.82,1609.32,39.12,31.14,585.0,579.29,5.0,82.6,True,13,0,7,7,1,3164.4,5458.8,5389.8,2191.714753338123,1,0,1
2026-07-07 13:15:00,8614.8,1785.82,1812.34,1676.05,1700.47,1579.36,1610.06,1732.55,1758.12,1741.84,1767.96,42.82,31.57,591.75,587.55,5.75,94.71,True,13,15,7,7,1,7546.2,3164.4,6441.8,2888.1637003466385,1,0,1
2026-07-07 13:30:00,1699.8,327.99,332.57,338.38,343.11,365.55,372.15,307.68,312.09,325.47,330.09,38.63,31.28,140.45,143.61,5.75,77.34,True,13,30,7,7,1,8614.8,7546.2,5953.599999999999,3722.443729594846,1,0,1
2026-07-07 13:45:00,2177.4,455.78,461.8,451.71,457.67,417.03,424.44,499.93,506.39,502.5,508.98,31.23,30.44,124.71,125.16,6.0,108.19,True,13,45,7,7,1,1699.8,8614.8,4164.0,3861.896026565188,1,0,1
2026-07-07 14:00:00,8317.2,1579.54,1603.47,1662.75,1688.05,1662.17,1697.24,1768.7,1796.31,1729.62,1756.23,32.97,30.37,567.73,563.36,6.5,91.43,True,14,0,7,7,1,2177.4,1699.8,4064.8000000000006,3690.420675207638,1,0,1
2026-07-07 14:15:00,6168.0,1219.62,1237.7,1246.11,1264.58,1191.54,1215.85,1066.63,1082.12,1101.9,1117.8,43.29,31.19,512.88,509.47,7.0,78.4,True,14,15,7,7,1,8317.2,2177.4,5554.200000000001,3115.5816214633173,1,0,1
2026-07-07 14:30:00,2224.2,443.43,449.18,454.81,460.66,451.48,459.37,483.25,489.37,490.85,497.08,35.39,30.98,146.39,142.25,7.25,95.78,True,14,30,7,7,1,6168.0,8317.2,5569.8,3090.233758148402,1,0,1
2026-07-07 14:45:00,7389.64,1548.46,1572.07,1566.78,1590.72,1589.66,1623.6,1552.93,1576.55,1601.2,1625.83,36.81,31.48,551.57,542.79,7.75,84.96,True,14,45,7,7,1,2224.2,6168.0,5260.613333333334,2699.6213661425427,1,0,1
2026-07-07 15:00:00,6857.4,1316.07,1334.59,1393.42,1413.58,1449.58,1478.46,1300.95,1319.69,1347.82,1366.94,44.82,32.84,602.73,596.54,8.25,74.66,True,15,0,7,7,1,7389.64,2224.2,5490.413333333333,2841.114571525289,1,0,1
2026-07-07 15:15:00,2401.2,478.33,484.36,479.61,485.65,450.62,458.49,501.01,507.31,509.91,516.33,37.64,32.27,151.66,154.11,8.25,100.75,True,15,15,7,7,1,6857.4,7389.64,5549.413333333333,2739.389575897033,1,0,1
2026-07-07 15:30:00,8830.2,1582.45,1605.05,1664.92,1689.61,1652.76,1686.21,1847.31,1875.33,1930.58,1960.27,34.1,31.15,603.61,586.4,9.0,91.73,True,15,30,7,7,1,2401.2,6857.4,6029.599999999999,3293.470795376815,1,0,1
2026-07-07 15:45:00,7549.2,1471.32,1492.25,1441.63,1461.82,1558.78,1589.98,1398.07,1417.73,1473.76,1494.63,43.4,32.41,625.96,604.43,9.5,78.66,True,15,45,7,7,1,8830.2,2401.2,6260.2,3402.815158071327,1,0,1
2026-07-07 16:00:00,3781.2,704.56,713.02,751.05,760.1,794.55,807.51,707.4,716.0,749.59,758.74,39.83,32.38,294.66,290.33,9.75,82.42,True,16,0,7,7,1,7549.2,8830.2,6720.2,2624.601112550246,1,0,1
2026-07-07 16:15:00,1982.57,370.56,375.75,395.47,400.9,453.12,460.88,362.92,367.96,386.79,392.03,35.48,31.67,164.33,161.53,9.75,76.08,True,16,15,7,7,1,3781.2,7549.2,4437.656666666666,2840.782270015309,1,0,1
2026-07-07 16:30:00,3300.6,632.01,639.84,633.19,641.0,587.05,596.75,671.19,679.44,724.45,733.41,32.4,30.91,204.98,199.24,10.0,100.26,True,16,30,7,7,1,1982.57,3781.2,3021.4566666666665,931.2401514289112,1,0,1
2026-07-07 16:45:00,3175.2,603.05,610.35,620.93,628.35,676.57,687.63,616.48,623.93,644.49,652.13,33.07,31.32,245.29,241.26,10.25,80.82,True,16,45,7,7,1,3300.6,1982.57,2819.4566666666665,727.472171037039,1,0,1
2026-07-07 17:00:00,3073.8,606.5,613.92,606.7,614.09,668.92,680.01,609.61,617.07,621.3,628.86,34.95,31.36,263.6,256.61,10.5,73.38,True,17,0,7,7,1,3175.2,3300.6,3183.1999999999994,113.61144308566419,1,0,1
2026-07-07 17:15:00,4075.2,776.71,786.35,781.05,790.85,841.78,855.87,757.69,767.14,847.14,857.57,35.89,31.75,352.21,336.94,10.75,73.09,True,17,15,7,7,1,3073.8,3175.2,3441.399999999999,551.2234755523439,1,0,1
2026-07-07 17:30:00,1534.2,291.67,296.0,313.02,317.58,346.23,352.65,291.29,295.67,295.36,299.7,35.39,31.89,147.1,142.52,11.0,65.74,True,17,30,7,7,1,4075.2,3073.8,2894.3999999999996,1279.9642651261825,1,0,1
2026-07-07 17:45:00,900.64,179.64,183.02,186.7,190.09,199.09,203.77,163.32,166.61,174.66,177.99,32.85,31.69,79.06,78.62,11.0,71.05,True,17,45,7,7,1,1534.2,4075.2,2170.013333333333,1680.0749222976176,1,0,1
2026-07-07 18:00:00,441.0,92.99,95.87,95.1,98.04,90.27,92.99,102.81,105.71,102.06,105.05,31.85,31.43,34.92,33.67,11.0,78.44,True,18,0,7,7,1,900.64,1534.2,958.6133333333328,548.9009387251521,1,0,1
2026-07-07 18:15:00,972.6,197.04,200.26,203.34,206.67,202.1,206.72,185.95,189.21,192.41,195.61,31.35,31.08,109.38,102.91,11.0,55.13,True,18,15,7,7,1,441.0,900.64,771.4133333333326,288.39952935702627,1,0,1
2026-07-07 18:30:00,479.4,99.27,102.15,102.16,104.85,103.8,107.01,96.59,99.5,100.7,103.54,30.52,31.23,51.49,50.17,11.0,57.52,True,18,30,7,7,1,972.6,441.0,630.9999999999994,296.45667474358163,1,0,1
2026-07-07 18:45:00,289.2,61.98,64.38,63.11,65.55,64.2,66.22,58.98,61.26,61.68,64.06,30.19,31.25,28.8,28.81,11.0,61.96,True,18,45,7,7,1,479.4,972.6,580.3999999999994,352.71750736250965,1,0,1
2026-07-07 19:00:00,88.88,14.67,15.24,14.3,14.85,15.15,15.68,11.23,11.67,12.05,12.52,29.47,30.93,8.51,7.96,11.0,60.36,True,19,0,7,7,1,289.2,479.4,285.8266666666661,195.28185305695214,0,0,1
2026-07-07 19:15:00,0.0,0.0,0.0,0.0,0.0,0.0,0.0,0.0,0.0,0.0,0.0,28.6,30.54,0.11,0.07,11.0,0.0,True,19,15,7,7,1,88.88,289.2,126.02666666666606,148.13529671674465,0,0,1
2026-07-07 19:30:00,0.0,0.0,0.0,0.0,0.0,0.0,0.0,0.0,0.0,0.0,0.0,28.84,29.86,0.15,0.08,11.0,0.0,True,19,30,7,7,1,0.0,88.88,29.626666666666058,51.31489192581954,0,0,1
2026-07-07 19:45:00,0.0,0.0,0.0,0.0,0.0,0.0,0.0,0.0,0.0,0.0,0.0,26.19,27.72,0.01,0.07,11.0,0.0,True,19,45,7,7,1,0.0,0.0,0.0,0.00015930786203330544,0,0,1
2026-07-07 20:00:00,0.0,0.0,0.0,0.0,0.0,0.0,0.0,0.0,0.0,0.0,0.0,25.53,27.2,0.02,0.07,11.0,0.0,True,20,0,7,7,1,0.0,0.0,0.0,0.00015930786203330544,0,0,1
2026-07-07 20:15:00,0.0,0.0,0.0,0.0,0.0,0.0,0.0,0.0,0.0,0.0,0.0,25.36,26.57,0.03,0.07,11.0,0.0,True,20,15,7,7,1,0.0,0.0,0.0,0.00015930786203330544,0,0,1
2026-07-07 20:30:00,0.0,0.0,0.0,0.0,0.0,0.0,0.0,0.0,0.0,0.0,0.0,25.2,26.39,0.08,0.08,11.0,0.0,True,20,30,7,7,1,0.0,0.0,0.0,0.00015930786203330544,0,0,1
2026-07-07 20:45:00,0.0,0.0,0.0,0.0,0.0,0.0,0.0,0.0,0.0,0.0,0.0,25.2,26.39,0.11,0.09,11.0,0.0,True,20,45,7,7,1,0.0,0.0,0.0,0.00015930786203330544,0,0,1
2026-07-07 21:00:00,0.0,0.0,0.0,0.0,0.0,0.0,0.0,0.0,0.0,0.0,0.0,25.01,27.36,1.02,0.1,11.0,0.0,True,21,0,7,7,1,0.0,0.0,0.0,0.00015930786203330544,0,0,1
2026-07-07 21:15:00,0.0,0.0,0.0,0.0,0.0,0.0,0.0,0.0,0.0,0.0,0.0,26.22,28.72,1.18,0.08,11.0,0.0,True,21,15,7,7,1,0.0,0.0,0.0,0.00015930786203330544,0,0,1
2026-07-07 21:30:00,0.0,0.0,0.0,0.0,0.0,0.0,0.0,0.0,0.0,0.0,0.0,27.28,28.76,0.29,0.08,11.0,0.0,True,21,30,7,7,1,0.0,0.0,0.0,0.00015930786203330544,0,0,1
2026-07-07 21:45:00,0.0,0.0,0.0,0.0,0.0,0.0,0.0,0.0,0.0,0.0,0.0,26.92,28.09,0.08,0.07,11.0,0.0,True,21,45,7,7,1,0.0,0.0,0.0,0.00015930786203330544,0,0,1
2026-07-07 22:00:00,0.0,0.0,0.0,0.0,0.0,0.0,0.0,0.0,0.0,0.0,0.0,26.5,27.93,0.1,0.08,11.0,0.0,True,22,0,7,7,1,0.0,0.0,0.0,0.00015930786203330544,0,0,1
2026-07-07 22:15:00,0.0,0.0,0.0,0.0,0.0,0.0,0.0,0.0,0.0,0.0,0.0,26.51,28.25,0.13,0.08,11.0,0.0,True,22,15,7,7,1,0.0,0.0,0.0,0.00015930786203330544,0,0,1
2026-07-07 22:30:00,0.0,0.0,0.0,0.0,0.0,0.0,0.0,0.0,0.0,0.0,0.0,26.8,28.97,0.27,0.09,11.0,0.0,True,22,30,7,7,1,0.0,0.0,0.0,0.00015930786203330544,0,0,1
2026-07-07 22:45:00,0.0,0.0,0.0,0.0,0.0,0.0,0.0,0.0,0.0,0.0,0.0,27.08,29.1,0.14,0.08,11.0,0.0,True,22,45,7,7,1,0.0,0.0,0.0,0.00015930786203330544,0,0,1
2026-07-07 23:00:00,0.0,0.0,0.0,0.0,0.0,0.0,0.0,0.0,0.0,0.0,0.0,27.74,29.18,0.11,0.09,11.0,0.0,True,23,0,7,7,1,0.0,0.0,0.0,0.00015930786203330544,0,0,1
2026-07-07 23:15:00,0.0,0.0,0.0,0.0,0.0,0.0,0.0,0.0,0.0,0.0,0.0,27.81,29.31,0.13,0.09,11.0,0.0,True,23,15,7,7,1,0.0,0.0,0.0,0.00015930786203330544,0,0,1
2026-07-07 23:30:00,0.0,0.0,0.0,0.0,0.0,0.0,0.0,0.0,0.0,0.0,0.0,27.94,29.2,0.12,0.09,11.0,0.0,True,23,30,7,7,1,0.0,0.0,0.0,0.00015930786203330544,0,0,1
2026-07-07 23:45:00,0.0,0.0,0.0,0.0,0.0,0.0,0.0,0.0,0.0,0.0,0.0,27.48,28.61,0.12,0.09,11.0,0.0,True,23,45,7,7,1,0.0,0.0,0.0,0.00015930786203330544,0,0,1
2026-07-08 00:15:00,0.0,0.0,0.0,0.0,0.0,0.0,0.0,0.0,0.0,0.0,0.0,25.56,27.21,0.14,0.09,0.0,0.0,True,0,15,8,7,2,0.0,0.0,0.0,0.0,0,1,0
2026-07-08 00:30:00,0.0,0.0,0.0,0.0,0.0,0.0,0.0,0.0,0.0,0.0,0.0,25.4,27.01,0.14,0.09,0.0,0.0,True,0,30,8,7,2,0.0,0.0,0.0,0.0,0,1,0
2026-07-08 00:45:00,0.0,0.0,0.0,0.0,0.0,0.0,0.0,0.0,0.0,0.0,0.0,25.46,27.07,0.15,0.09,0.0,0.0,True,0,45,8,7,2,0.0,0.0,0.0,0.0,0,1,0
2026-07-08 01:00:00,0.0,0.0,0.0,0.0,0.0,0.0,0.0,0.0,0.0,0.0,0.0,25.68,26.82,0.15,0.1,0.0,0.0,True,1,0,8,7,2,0.0,0.0,0.0,0.0,0,1,0
2026-07-08 01:15:00,0.0,0.0,0.0,0.0,0.0,0.0,0.0,0.0,0.0,0.0,0.0,25.77,27.14,0.16,0.09,0.0,0.0,True,1,15,8,7,2,0.0,0.0,0.0,0.0,0,1,0
2026-07-08 01:30:00,0.0,0.0,0.0,0.0,0.0,0.0,0.0,0.0,0.0,0.0,0.0,25.95,27.36,0.17,0.1,0.0,0.0,True,1,30,8,7,2,0.0,0.0,0.0,0.0,0,1,0
2026-07-08 01:45:00,0.0,0.0,0.0,0.0,0.0,0.0,0.0,0.0,0.0,0.0,0.0,26.2,27.71,0.15,0.1,0.0,0.0,True,1,45,8,7,2,0.0,0.0,0.0,0.0,0,1,0
2026-07-08 02:00:00,0.0,0.0,0.0,0.0,0.0,0.0,0.0,0.0,0.0,0.0,0.0,26.5,28.02,0.15,0.09,0.0,0.0,True,2,0,8,7,2,0.0,0.0,0.0,0.0,0,1,0
2026-07-08 02:15:00,0.0,0.0,0.0,0.0,0.0,0.0,0.0,0.0,0.0,0.0,0.0,26.8,28.14,0.16,0.09,0.0,0.0,True,2,15,8,7,2,0.0,0.0,0.0,0.0,0,1,0
2026-07-08 02:30:00,0.0,0.0,0.0,0.0,0.0,0.0,0.0,0.0,0.0,0.0,0.0,26.91,28.22,0.13,0.09,0.0,0.0,True,2,30,8,7,2,0.0,0.0,0.0,0.0,0,1,0
2026-07-08 02:45:00,0.0,0.0,0.0,0.0,0.0,0.0,0.0,0.0,0.0,0.0,0.0,26.85,28.1,0.13,0.09,0.0,0.0,True,2,45,8,7,2,0.0,0.0,0.0,0.0,0,1,0
2026-07-08 03:00:00,0.0,0.0,0.0,0.0,0.0,0.0,0.0,0.0,0.0,0.0,0.0,25.98,27.36,0.15,0.09,0.0,0.0,True,3,0,8,7,2,0.0,0.0,0.0,0.0,0,1,0
2026-07-08 03:15:00,0.0,0.0,0.0,0.0,0.0,0.0,0.0,0.0,0.0,0.0,0.0,25.62,27.12,0.15,0.09,0.0,0.0,True,3,15,8,7,2,0.0,0.0,0.0,0.0,0,1,0
2026-07-08 03:30:00,0.0,0.0,0.0,0.0,0.0,0.0,0.0,0.0,0.0,0.0,0.0,25.28,27.01,0.14,0.09,0.0,0.0,True,3,30,8,7,2,0.0,0.0,0.0,0.0,0,1,0
2026-07-08 03:45:00,0.0,0.0,0.0,0.0,0.0,0.0,0.0,0.0,0.0,0.0,0.0,25.52,27.11,0.16,0.09,0.0,0.0,True,3,45,8,7,2,0.0,0.0,0.0,0.0,0,1,0
2026-07-08 04:00:00,0.0,0.0,0.0,0.0,0.0,0.0,0.0,0.0,0.0,0.0,0.0,26.35,27.47,0.16,0.09,0.0,0.0,True,4,0,8,7,2,0.0,0.0,0.0,0.0,0,1,0
2026-07-08 04:15:00,0.0,0.0,0.0,0.0,0.0,0.0,0.0,0.0,0.0,0.0,0.0,26.01,27.26,0.13,0.08,0.0,0.0,True,4,15,8,7,2,0.0,0.0,0.0,0.0,0,1,0
2026-07-08 04:30:00,0.0,0.0,0.0,0.0,0.0,0.0,0.0,0.0,0.0,0.0,0.0,25.71,26.62,0.13,0.09,0.0,0.0,True,4,30,8,7,2,0.0,0.0,0.0,0.0,0,1,0
2026-07-08 04:45:00,0.0,0.0,0.0,0.0,0.0,0.0,0.0,0.0,0.0,0.0,0.0,25.38,26.32,0.15,0.09,0.0,0.0,True,4,45,8,7,2,0.0,0.0,0.0,0.0,0,1,0
2026-07-08 05:00:00,0.0,0.0,0.0,0.0,0.0,0.0,0.0,0.0,0.0,0.0,0.0,25.18,26.74,0.16,0.1,0.0,0.0,True,5,0,8,7,2,0.0,0.0,0.0,0.0,0,1,0
2026-07-08 05:15:00,0.0,0.0,0.0,0.0,0.0,0.0,0.0,0.0,0.0,0.0,0.0,25.72,27.11,0.15,0.09,0.0,0.0,True,5,15,8,7,2,0.0,0.0,0.0,0.0,0,1,0
2026-07-08 05:30:00,0.0,0.0,0.0,0.0,0.0,0.0,0.0,0.0,0.0,0.0,0.0,25.67,27.33,0.19,0.09,0.0,0.0,True,5,30,8,7,2,0.0,0.0,0.0,0.0,0,1,0
2026-07-08 05:45:00,9.0,1.82,1.89,2.18,2.26,1.35,1.41,0.55,0.57,0.49,0.51,26.04,27.14,1.95,1.16,0.0,25.69,True,5,45,8,7,2,0.0,0.0,3.0,5.196152422706632,0,1,0
2026-07-08 06:00:00,108.64,27.21,28.26,27.41,28.47,29.07,29.99,25.11,26.08,27.22,28.27,25.43,26.85,11.74,11.38,0.25,56.0,True,6,0,8,7,2,9.0,0.0,39.21333333333333,60.29342031543188,0,1,0
2026-07-08 06:15:00,248.4,52.23,53.55,53.13,54.47,55.0,56.69,52.77,54.11,54.43,55.74,25.7,26.74,22.82,21.93,0.25,65.97,True,6,15,8,7,2,108.64,9.0,122.01333333333334,120.25898940758374,1,1,0
2026-07-08 06:30:00,259.71,56.49,58.03,57.13,58.69,55.17,56.86,55.67,57.19,56.31,57.84,26.06,26.46,22.8,21.58,0.25,69.11,True,6,30,8,7,2,248.4,108.64,205.58333333333334,84.14562634702614,1,1,0
2026-07-08 06:45:00,250.8,55.68,57.25,55.53,57.1,52.79,54.38,55.15,56.72,55.45,57.03,26.45,26.51,21.31,20.12,0.25,71.51,True,6,45,8,7,2,259.71,248.4,252.97,5.9590855003103185,1,1,0
2026-07-08 07:00:00,532.2,112.23,113.99,113.18,114.96,107.34,109.75,111.35,113.1,111.73,113.49,26.4,26.62,40.4,38.71,0.25,80.04,True,7,0,8,7,2,250.8,259.71,347.57,159.95632122551464,1,1,0
2026-07-08 07:15:00,705.0,146.47,148.59,147.03,149.12,140.94,143.94,147.34,149.43,147.04,149.13,26.83,26.84,49.53,47.63,0.25,86.64,True,7,15,8,7,2,532.2,250.8,496.0,229.2536586403803,1,1,0
2026-07-08 07:30:00,2049.0,399.49,404.97,428.62,434.33,419.55,426.83,409.7,415.25,413.1,418.61,28.29,27.21,146.58,143.6,0.5,85.58,True,7,30,8,7,2,705.0,532.2,1095.3999999999999,830.3491313899232,1,1,0
2026-07-08 07:45:00,2012.14,398.41,403.89,417.39,423.11,424.42,431.78,393.37,398.8,401.04,406.57,30.19,27.75,148.45,144.03,0.5,83.63,True,7,45,8,7,2,2049.0,705.0,1588.7133333333334,765.5400750668337,1,1,0
2026-07-08 08:00:00,1690.8,329.71,334.46,338.44,343.21,352.81,359.2,333.2,337.99,346.97,351.9,30.07,28.02,126.14,123.71,0.75,82.67,True,8,0,8,7,2,2012.14,2049.0,1917.3133333333335,197.0301564058996,1,1,0
2026-07-08 08:15:00,2506.8,484.37,490.6,501.45,507.79,524.04,532.78,495.63,501.98,510.69,517.11,30.61,28.2,176.8,173.48,0.75,87.63,True,8,15,8,7,2,1690.8,2012.14,2069.9133333333334,411.0563447184988,1,1,0
2026-07-08 08:30:00,5192.4,1050.34,1063.33,1061.16,1074.34,1072.03,1090.3,1040.71,1053.57,1033.07,1045.78,32.82,28.68,357.45,358.69,1.25,90.6,True,8,30,8,7,2,2506.8,1690.8,3130.0,1832.098337972064,1,1,0
2026-07-08 08:45:00,5014.29,1027.71,1040.25,1056.15,1069.26,980.63,996.95,1015.83,1028.22,999.63,1011.87,35.05,29.2,356.13,354.6,1.5,88.63,True,8,45,8,7,2,5192.4,2506.8,4237.83,1501.7587817955316,1,1,0
2026-07-08 09:00:00,5185.8,1078.28,1091.63,1058.2,1071.24,992.87,1009.68,1046.86,1059.74,1024.11,1036.74,35.4,29.32,351.52,351.95,2.0,93.0,True,9,0,8,7,2,5014.29,5192.4,5130.829999999999,100.98053624337739,1,1,0
2026-07-08 09:15:00,3138.6,637.8,645.5,656.49,664.37,630.57,640.88,627.93,635.44,632.22,639.83,32.59,28.99,219.16,215.63,2.25,89.23,True,9,15,8,7,2,5185.8,5014.29,4446.23,1135.6830907872143,1,1,0
2026-07-08 09:30:00,4927.2,1055.92,1069.37,1039.75,1052.56,974.75,991.18,988.55,1000.55,981.25,993.1,33.62,29.13,337.15,333.87,2.5,91.45,True,9,30,8,7,2,3138.6,5185.8,4417.2,1114.8237349464712,1,1,0
2026-07-08 09:45:00,3908.4,789.22,798.59,806.33,815.91,761.8,774.05,775.24,784.42,781.96,791.23,34.61,29.47,274.17,270.66,2.75,89.57,True,9,45,8,7,2,4927.2,3138.6,3991.3999999999996,897.1840613831693,1,1,0
2026-07-08 10:00:00,3357.0,662.22,670.04,678.54,686.56,674.1,685.07,658.86,666.63,672.26,680.2,33.41,29.5,229.46,226.05,3.0,91.47,True,10,0,8,7,2,3908.4,4927.2,4064.1999999999994,796.609841766971,1,1,0
2026-07-08 10:15:00,5225.14,1054.95,1068.04,1068.64,1082.01,1024.42,1041.65,1037.49,1050.31,1043.92,1056.9,34.95,29.75,353.7,347.51,3.25,92.96,True,10,15,8,7,2,3357.0,3908.4,4163.513333333333,959.8431510061072,1,1,0
2026-07-08 10:30:00,6237.6,1264.4,1280.78,1309.92,1326.99,1266.12,1288.55,1233.78,1249.64,1223.37,1239.22,37.14,30.13,437.83,428.47,3.75,90.47,True,10,30,8,7,2,5225.14,3357.0,4939.913333333334,1461.3280872320681,1,1,0
2026-07-08 10:45:00,5461.8,1077.02,1090.44,1120.69,1134.92,1148.21,1168.06,1064.17,1077.35,1087.69,1101.19,37.03,30.28,408.59,399.43,4.25,84.85,True,10,45,8,7,2,6237.6,5225.14,5641.513333333333,529.6144583877369,1,1,0
2026-07-08 11:00:00,6041.4,1180.51,1195.25,1225.48,1241.03,1281.52,1304.45,1186.83,1201.64,1216.93,1232.4,37.19,30.5,439.82,433.99,4.5,87.25,True,11,0,8,7,2,5461.8,6237.6,5913.599999999999,403.3807630514912,1,1,0
2026-07-08 11:15:00,5296.8,1055.84,1069.06,1085.11,1098.69,1082.17,1101.23,1035.2,1048.13,1054.44,1067.64,38.42,30.83,398.58,395.25,5.0,84.85,True,11,15,8,7,2,6041.4,5461.8,5600.0,391.06485395647906,1,1,0
2026-07-08 11:30:00,3978.0,840.96,851.08,840.57,850.68,733.96,745.81,814.66,824.45,800.65,810.2,35.46,30.66,248.15,244.38,5.25,101.08,True,11,30,8,7,2,5296.8,6041.4,5105.400000000001,1044.9307919666262,1,1,0
2026-07-08 11:45:00,5237.36,1106.1,1120.07,1121.7,1135.86,979.33,995.65,1062.03,1075.29,1030.0,1042.77,35.93,30.86,334.69,325.01,5.5,98.87,True,11,45,8,7,2,3978.0,5296.8,4837.386666666666,744.8438497653941,1,1,0
2026-07-08 12:00:00,5299.8,1092.59,1106.45,1086.84,1100.48,1018.02,1035.11,1072.63,1086.27,1066.19,1079.54,37.34,30.94,358.29,354.07,6.0,94.01,True,12,0,8,7,2,5237.36,3978.0,4838.386666666666,745.7704744311973,1,0,1
2026-07-08 12:15:00,3055.2,617.19,624.55,619.81,627.16,597.99,607.82,608.96,616.22,619.16,626.48,36.08,30.91,203.33,203.15,6.25,94.99,True,12,15,8,7,2,5299.8,5237.36,4530.786666666667,1278.2768465920565,1,0,1
2026-07-08 12:30:00,3037.85,619.52,626.96,639.12,646.79,622.71,632.9,610.26,617.58,614.12,621.49,33.44,30.17,206.28,202.92,6.25,92.09,True,12,30,8,7,2,3055.2,5299.8,3797.6166666666663,1300.9578512900905,1,0,1
2026-07-08 12:45:00,7403.4,1564.12,1586.53,1682.88,1707.81,1446.43,1474.63,1517.91,1539.41,1432.24,1452.12,32.05,29.39,478.73,471.42,7.0,96.15,True,12,45,8,7,2,3037.85,3055.2,4498.816666666667,2515.4579127533284,1,0,1
2026-07-08 13:00:00,4809.86,1050.24,1063.9,1044.49,1058.08,914.1,929.72,1011.86,1024.72,1003.86,1016.38,36.48,29.73,335.59,332.26,7.25,90.76,True,13,0,8,7,2,7403.4,3037.85,5083.703333333334,2195.620488388951,1,0,1
2026-07-08 13:15:00,9442.8,2085.96,2118.0,2080.17,2112.37,1648.18,1681.26,2012.74,2043.23,1917.24,1946.12,33.63,28.91,562.75,554.72,8.0,105.01,True,13,15,8,7,2,4809.86,7403.4,7218.686666666666,2321.986761920349,1,0,1
2026-07-08 13:30:00,6722.36,1474.28,1495.93,1486.86,1509.0,1270.12,1294.52,1366.67,1386.23,1400.67,1421.07,39.68,29.81,480.59,474.78,8.5,89.79,True,13,30,8,7,2,9442.8,4809.86,6991.673333333333,2328.1818044416864,1,0,1
2026-07-08 13:45:00,3120.0,687.66,695.84,657.77,665.62,512.78,521.35,656.0,663.82,623.48,630.93,33.63,29.15,170.64,172.0,8.5,114.42,True,13,45,8,7,2,6722.36,9442.8,6428.386666666666,3171.634468303897,1,0,1
2026-07-08 14:00:00,2796.0,582.22,589.29,583.45,590.53,513.28,521.9,565.23,572.09,556.83,563.64,29.77,28.39,169.45,166.81,8.75,101.63,True,14,0,8,7,2,3120.0,6722.36,4212.786666666667,2179.383568014894,1,0,1
2026-07-08 14:15:00,4239.6,917.44,928.81,912.35,923.65,758.57,771.13,886.96,897.93,847.52,857.83,30.63,28.57,251.77,244.33,9.0,104.09,True,14,15,8,7,2,2796.0,3120.0,3385.2000000000003,757.4585929276876,1,0,1
2026-07-08 14:30:00,5901.6,1220.63,1235.9,1216.58,1231.79,1124.65,1144.09,1181.01,1195.78,1185.54,1200.42,36.74,28.98,412.45,404.2,9.5,90.71,True,14,30,8,7,2,4239.6,2796.0,4312.400000000001,1554.079380211963,1,0,1
2026-07-08 14:45:00,3533.79,705.33,714.1,711.53,720.34,661.79,672.75,700.6,709.28,702.8,711.53,36.55,29.27,234.79,232.66,9.75,95.34,True,14,45,8,7,2,5901.6,4239.6,4558.330000000001,1215.6572949232036,1,0,1
2026-07-08 15:00:00,5934.6,1161.51,1177.42,1218.23,1234.92,1047.96,1066.71,1147.47,1163.23,1162.73,1178.77,34.47,29.72,413.82,401.91,10.25,90.06,True,15,0,8,7,2,3533.79,5901.6,5123.330000000001,1376.6809030054876,1,0,1
2026-07-08 15:15:00,3807.0,803.61,813.15,808.28,817.88,675.7,686.67,772.66,781.81,733.17,741.86,34.36,29.76,235.6,224.75,10.5,101.43,True,15,15,8,7,2,5934.6,3533.79,4425.13,1314.3575185998673,1,0,1
2026-07-08 15:30:00,3361.8,683.91,691.99,697.23,705.48,645.91,656.43,674.2,682.22,672.43,680.44,34.93,30.04,222.67,215.05,10.75,94.99,True,15,30,8,7,2,3807.0,5934.6,4367.8,1375.0263415658624,1,0,1
2026-07-08 15:45:00,8355.6,1694.99,1719.97,1729.63,1755.13,1653.09,1686.65,1705.25,1730.43,1716.13,1741.34,38.87,30.65,612.7,595.29,11.25,87.24,True,15,45,8,7,2,3361.8,3807.0,5174.8,2763.6329785266357,1,0,1
2026-07-08 16:00:00,8509.2,1659.91,1683.46,1723.77,1748.71,1773.3,1809.02,1677.16,1700.86,1754.15,1780.1,46.09,31.51,682.03,659.62,11.75,82.33,True,16,0,8,7,2,8355.6,3361.8,6742.2,2928.519482605505,1,0,1
2026-07-08 16:15:00,7007.4,1398.15,1415.99,1407.59,1425.55,1425.69,1451.88,1389.8,1407.53,1442.25,1460.65,44.58,31.83,567.15,545.86,12.25,80.99,True,16,15,8,7,2,8509.2,8355.6,7957.400000000001,826.3009379154927,1,0,1
2026-07-08 16:30:00,6658.8,1308.02,1324.71,1342.25,1359.37,1371.29,1396.12,1314.3,1331.07,1366.87,1384.31,43.09,32.22,542.81,520.87,12.75,79.9,True,16,30,8,7,2,7007.4,8509.2,7391.799999999999,983.2688137025499,1,0,1
2026-07-08 16:45:00,5496.6,1076.4,1089.93,1106.13,1120.04,1127.6,1146.91,1080.06,1093.57,1146.04,1160.58,41.75,32.4,459.14,441.83,13.25,77.52,True,16,45,8,7,2,6658.8,7007.4,6387.599999999999,791.0696808752135,1,0,1
2026-07-08 17:00:00,3565.93,634.22,641.83,695.09,703.45,771.1,783.77,708.74,717.22,740.94,749.72,40.04,32.73,312.01,305.06,13.5,73.47,True,17,0,8,7,2,5496.6,6658.8,5240.443333333333,1562.2654664407514,1,0,1
2026-07-08 17:15:00,2732.4,509.83,516.39,496.42,502.79,583.32,593.06,526.35,533.07,552.17,559.23,37.07,32.28,237.97,232.37,13.5,72.89,True,17,15,8,7,2,3565.93,5496.6,3931.6433333333334,1417.9245719125288,1,0,1
2026-07-08 17:30:00,819.69,165.81,169.09,170.95,174.33,181.51,185.82,165.83,169.08,177.0,180.34,34.39,31.8,72.7,71.95,13.75,70.78,True,17,30,8,7,2,2732.4,3565.93,2372.6733333333327,1408.0166868447668,1,0,1
2026-07-08 17:45:00,765.0,97.63,99.71,98.41,100.51,144.69,148.12,160.74,163.94,155.51,158.63,32.29,31.58,79.91,76.03,13.75,59.58,True,17,45,8,7,2,819.69,2732.4,1439.0299999999995,1120.4250160987897,1,0,1
2026-07-08 18:00:00,0.0,0.0,0.0,0.0,0.0,141.55,144.25,0.0,0.0,0.0,0.0,33.36,31.75,153.54,146.76,13.75,0.0,True,18,0,8,7,2,765.0,819.69,528.2299999999994,458.27715271434323,1,0,1
2026-07-08 18:15:00,0.0,0.0,0.0,0.0,0.0,141.55,144.25,0.0,0.0,0.0,0.0,32.4,31.62,61.39,58.28,13.75,0.0,True,18,15,8,7,2,0.0,765.0,254.9999999999994,441.6729559300221,1,0,1
2026-07-08 18:30:00,0.0,0.0,0.0,0.0,0.0,141.55,144.25,0.0,0.0,0.0,0.0,30.79,31.46,28.86,27.88,13.75,0.0,True,18,30,8,7,2,0.0,0.0,0.0,0.0,1,0,1
2026-07-08 18:45:00,0.0,0.0,0.0,0.0,0.0,141.55,144.25,0.0,0.0,0.0,0.0,30.13,31.45,9.16,8.52,13.75,0.0,True,18,45,8,7,2,0.0,0.0,0.0,0.0,0,0,1
2026-07-08 19:00:00,0.0,0.0,0.0,0.0,0.0,141.55,144.25,0.0,0.0,0.0,0.0,29.73,31.47,1.55,0.93,13.75,0.0,True,19,0,8,7,2,0.0,0.0,0.0,0.0,0,0,1
2026-07-08 19:15:00,0.0,0.0,0.0,0.0,0.0,141.55,144.25,0.0,0.0,0.0,0.0,29.19,31.45,0.0,0.07,13.75,0.0,True,19,15,8,7,2,0.0,0.0,0.0,0.0,0,0,1
2026-07-08 19:30:00,0.0,0.0,0.0,0.0,0.0,0.0,0.0,0.0,0.0,0.0,0.0,28.98,31.48,0.02,0.07,13.75,0.0,True,19,30,8,7,2,0.0,0.0,0.0,0.0,0,0,1
2026-07-08 19:45:00,0.0,0.0,0.0,0.0,0.0,0.0,0.0,0.0,0.0,0.0,0.0,29.05,31.4,0.05,0.07,13.75,0.0,True,19,45,8,7,2,0.0,0.0,0.0,0.0,0,0,1
2026-07-08 20:00:00,0.0,0.0,0.0,0.0,0.0,0.0,0.0,0.0,0.0,0.0,0.0,28.88,31.2,0.0,0.07,13.75,0.0,True,20,0,8,7,2,0.0,0.0,0.0,0.0,0,0,1
2026-07-08 20:15:00,0.0,0.0,0.0,0.0,0.0,0.0,0.0,0.0,0.0,0.0,0.0,28.46,30.95,0.0,0.07,13.75,0.0,True,20,15,8,7,2,0.0,0.0,0.0,0.0,0,0,1
2026-07-08 20:30:00,0.0,0.0,0.0,0.0,0.0,0.0,0.0,0.0,0.0,0.0,0.0,27.52,31.03,0.76,0.07,13.75,0.0,True,20,30,8,7,2,0.0,0.0,0.0,0.0,0,0,1
2026-07-08 20:45:00,0.0,0.0,0.0,0.0,0.0,0.0,0.0,0.0,0.0,0.0,0.0,28.33,30.57,0.13,0.07,13.75,0.0,True,20,45,8,7,2,0.0,0.0,0.0,0.0,0,0,1
2026-07-08 21:00:00,0.0,0.0,0.0,0.0,0.0,0.0,0.0,0.0,0.0,0.0,0.0,28.22,30.09,0.0,0.07,13.75,0.0,True,21,0,8,7,2,0.0,0.0,0.0,0.0,0,0,1
2026-07-08 21:15:00,0.0,0.0,0.0,0.0,0.0,0.0,0.0,0.0,0.0,0.0,0.0,28.09,29.85,0.0,0.07,13.75,0.0,True,21,15,8,7,2,0.0,0.0,0.0,0.0,0,0,1
2026-07-08 21:30:00,0.0,0.0,0.0,0.0,0.0,0.0,0.0,0.0,0.0,0.0,0.0,27.97,29.64,0.01,0.07,13.75,0.0,True,21,30,8,7,2,0.0,0.0,0.0,0.0,0,0,1
2026-07-08 21:45:00,0.0,0.0,0.0,0.0,0.0,0.0,0.0,0.0,0.0,0.0,0.0,28.18,29.43,0.07,0.08,13.75,0.0,True,21,45,8,7,2,0.0,0.0,0.0,0.0,0,0,1
2026-07-08 22:00:00,0.0,0.0,0.0,0.0,0.0,0.0,0.0,0.0,0.0,0.0,0.0,28.26,29.3,0.06,0.08,13.75,0.0,True,22,0,8,7,2,0.0,0.0,0.0,0.0,0,0,1
2026-07-08 22:15:00,0.0,0.0,0.0,0.0,0.0,0.0,0.0,0.0,0.0,0.0,0.0,27.75,29.26,0.07,0.08,13.75,0.0,True,22,15,8,7,2,0.0,0.0,0.0,0.0,0,0,1
2026-07-08 22:30:00,0.0,0.0,0.0,0.0,0.0,0.0,0.0,0.0,0.0,0.0,0.0,27.84,29.21,0.07,0.08,13.75,0.0,True,22,30,8,7,2,0.0,0.0,0.0,0.0,0,0,1
2026-07-08 22:45:00,0.0,0.0,0.0,0.0,0.0,0.0,0.0,0.0,0.0,0.0,0.0,27.67,29.12,0.07,0.08,13.75,0.0,True,22,45,8,7,2,0.0,0.0,0.0,0.0,0,0,1
2026-07-08 23:00:00,0.0,0.0,0.0,0.0,0.0,0.0,0.0,0.0,0.0,0.0,0.0,27.1,29.05,0.1,0.08,13.75,0.0,True,23,0,8,7,2,0.0,0.0,0.0,0.0,0,0,1
2026-07-08 23:15:00,0.0,0.0,0.0,0.0,0.0,0.0,0.0,0.0,0.0,0.0,0.0,27.32,29.06,0.1,0.07,13.75,0.0,True,23,15,8,7,2,0.0,0.0,0.0,0.0,0,0,1
2026-07-08 23:30:00,0.0,0.0,0.0,0.0,0.0,0.0,0.0,0.0,0.0,0.0,0.0,27.19,29.02,0.13,0.07,13.75,0.0,True,23,30,8,7,2,0.0,0.0,0.0,0.0,0,0,1
2026-07-08 23:45:00,0.0,0.0,0.0,0.0,0.0,0.0,0.0,0.0,0.0,0.0,0.0,27.88,28.89,0.09,0.08,13.75,0.0,True,23,45,8,7,2,0.0,0.0,0.0,0.0,0,0,1
2026-07-09 00:00:00,0.0,0.0,0.0,0.0,0.0,0.0,0.0,0.0,0.0,0.0,0.0,27.15,28.62,0.13,0.08,13.75,0.0,True,0,0,9,7,3,0.0,0.0,0.0,0.0,0,1,0
2026-07-09 00:15:00,0.0,0.0,0.0,0.0,0.0,0.0,0.0,0.0,0.0,0.0,0.0,28.02,28.5,0.13,0.09,0.0,0.0,True,0,15,9,7,3,0.0,0.0,0.0,0.0,0,1,0
2026-07-09 00:30:00,0.0,0.0,0.0,0.0,0.0,0.0,0.0,0.0,0.0,0.0,0.0,27.84,28.42,0.14,0.09,0.0,0.0,True,0,30,9,7,3,0.0,0.0,0.0,0.0,0,1,0
2026-07-09 00:45:00,0.0,0.0,0.0,0.0,0.0,0.0,0.0,0.0,0.0,0.0,0.0,27.88,28.33,0.15,0.09,0.0,0.0,True,0,45,9,7,3,0.0,0.0,0.0,0.0,0,1,0
2026-07-09 01:00:00,0.0,0.0,0.0,0.0,0.0,0.0,0.0,0.0,0.0,0.0,0.0,27.69,28.13,0.16,0.09,0.0,0.0,True,1,0,9,7,3,0.0,0.0,0.0,0.0,0,1,0
2026-07-09 01:15:00,0.0,0.0,0.0,0.0,0.0,0.0,0.0,0.0,0.0,0.0,0.0,27.43,27.9,0.11,0.08,0.0,0.0,True,1,15,9,7,3,0.0,0.0,0.0,0.0,0,1,0
2026-07-09 01:30:00,0.0,0.0,0.0,0.0,0.0,0.0,0.0,0.0,0.0,0.0,0.0,27.17,27.74,0.12,0.09,0.0,0.0,True,1,30,9,7,3,0.0,0.0,0.0,0.0,0,1,0
2026-07-09 01:45:00,0.0,0.0,0.0,0.0,0.0,0.0,0.0,0.0,0.0,0.0,0.0,26.8,27.74,0.16,0.09,0.0,0.0,True,1,45,9,7,3,0.0,0.0,0.0,0.0,0,1,0
2026-07-09 02:00:00,0.0,0.0,0.0,0.0,0.0,0.0,0.0,0.0,0.0,0.0,0.0,26.6,27.91,0.13,0.1,0.0,0.0,True,2,0,9,7,3,0.0,0.0,0.0,0.0,0,1,0
2026-07-09 02:15:00,0.0,0.0,0.0,0.0,0.0,0.0,0.0,0.0,0.0,0.0,0.0,25.9,27.36,0.14,0.13,0.0,0.0,True,2,15,9,7,3,0.0,0.0,0.0,0.0,0,1,0
2026-07-09 02:30:00,0.0,0.0,0.0,0.0,0.0,0.0,0.0,0.0,0.0,0.0,0.0,25.55,26.64,0.12,0.15,0.0,0.0,True,2,30,9,7,3,0.0,0.0,0.0,0.0,0,1,0
2026-07-09 02:45:00,0.0,0.0,0.0,0.0,0.0,0.0,0.0,0.0,0.0,0.0,0.0,25.17,26.18,0.16,0.16,0.0,0.0,True,2,45,9,7,3,0.0,0.0,0.0,0.0,0,1,0
2026-07-09 03:00:00,0.0,0.0,0.0,0.0,0.0,0.0,0.0,0.0,0.0,0.0,0.0,25.29,26.06,0.15,0.17,0.0,0.0,True,3,0,9,7,3,0.0,0.0,0.0,0.0,0,1,0
2026-07-09 03:15:00,0.0,0.0,0.0,0.0,0.0,0.0,0.0,0.0,0.0,0.0,0.0,25.15,26.25,0.24,0.17,0.0,0.0,True,3,15,9,7,3,0.0,0.0,0.0,0.0,0,1,0
2026-07-09 03:30:00,0.0,0.0,0.0,0.0,0.0,0.0,0.0,0.0,0.0,0.0,0.0,25.5,26.32,0.39,0.17,0.0,0.0,True,3,30,9,7,3,0.0,0.0,0.0,0.0,0,1,0
2026-07-09 03:45:00,0.0,0.0,0.0,0.0,0.0,0.0,0.0,0.0,0.0,0.0,0.0,25.18,26.35,0.53,0.17,0.0,0.0,True,3,45,9,7,3,0.0,0.0,0.0,0.0,0,1,0
2026-07-09 04:00:00,0.0,0.0,0.0,0.0,0.0,0.0,0.0,0.0,0.0,0.0,0.0,25.61,26.45,0.47,0.17,0.0,0.0,True,4,0,9,7,3,0.0,0.0,0.0,0.0,0,1,0
2026-07-09 04:15:00,0.0,0.0,0.0,0.0,0.0,0.0,0.0,0.0,0.0,0.0,0.0,25.51,26.75,0.38,0.14,0.0,0.0,True,4,15,9,7,3,0.0,0.0,0.0,0.0,0,1,0
2026-07-09 04:30:00,0.0,0.0,0.0,0.0,0.0,0.0,0.0,0.0,0.0,0.0,0.0,25.54,26.8,0.44,0.19,0.0,0.0,True,4,30,9,7,3,0.0,0.0,0.0,0.0,0,1,0
2026-07-09 04:45:00,0.0,0.0,0.0,0.0,0.0,0.0,0.0,0.0,0.0,0.0,0.0,25.41,26.88,0.86,0.27,0.0,0.0,True,4,45,9,7,3,0.0,0.0,0.0,0.0,0,1,0
2026-07-09 05:00:00,0.0,0.0,0.0,0.0,0.0,0.0,0.0,0.0,0.0,0.0,0.0,25.43,26.68,0.72,0.14,0.0,0.0,True,5,0,9,7,3,0.0,0.0,0.0,0.0,0,1,0
2026-07-09 05:15:00,0.0,0.0,0.0,0.0,0.0,0.0,0.0,0.0,0.0,0.0,0.0,25.79,26.59,0.62,0.14,0.0,0.0,True,5,15,9,7,3,0.0,0.0,0.0,0.0,0,1,0
2026-07-09 05:30:00,0.0,0.0,0.0,0.0,0.0,0.0,0.0,0.0,0.0,0.0,0.0,25.44,26.51,0.59,0.17,0.0,0.0,True,5,30,9,7,3,0.0,0.0,0.0,0.0,0,1,0
2026-07-09 05:45:00,0.0,0.0,0.0,0.0,0.0,0.0,0.0,0.0,0.0,0.0,0.0,25.75,26.43,0.98,0.35,0.0,0.0,True,5,45,9,7,3,0.0,0.0,0.0,0.0,0,1,0
2026-07-09 06:00:00,21.0,2.11,2.19,2.04,2.12,2.57,2.67,2.66,2.76,3.44,3.57,25.7,26.51,3.74,2.94,0.0,33.99,True,6,0,9,7,3,0.0,0.0,7.0,12.12435565298214,0,1,0
2026-07-09 06:15:00,81.0,16.55,17.19,17.22,17.89,22.54,23.26,18.52,19.24,21.12,21.93,26.27,26.76,10.85,9.91,0.0,45.35,True,6,15,9,7,3,21.0,0.0,34.0,42.035699113967404,0,1,0
2026-07-09 06:30:00,130.2,24.68,25.63,25.83,26.82,35.69,36.81,27.21,28.26,31.58,32.8,26.6,26.92,15.08,13.9,0.0,52.51,True,6,30,9,7,3,81.0,21.0,77.39999999999999,54.688938552508034,0,1,0
2026-07-09 06:45:00,331.2,62.63,64.12,65.44,67.0,73.99,76.08,64.65,66.2,69.08,70.63,26.75,27.04,27.91,26.16,0.0,72.21,True,6,45,9,7,3,130.2,81.0,180.79999999999998,132.55293282308014,1,1,0
2026-07-09 07:00:00,474.6,91.5,93.31,92.31,94.14,104.22,106.64,96.67,98.5,103.58,105.39,26.61,26.95,39.06,37.15,0.0,73.9,True,7,0,9,7,3,331.2,130.2,312.0,173.0009248530192,1,1,0
2026-07-09 07:15:00,640.2,125.98,127.87,125.66,127.52,132.42,135.01,131.23,133.17,139.39,141.41,26.55,27.03,50.15,48.79,0.0,77.62,True,7,15,9,7,3,474.6,331.2,482.0,154.6328554997288,1,1,0
2026-07-09 07:30:00,899.4,166.05,168.44,165.89,168.28,190.41,194.4,175.89,178.36,191.78,194.47,27.93,27.26,69.24,68.38,0.0,79.41,True,7,30,9,7,3,640.2,474.6,671.4000000000001,214.11174652503308,1,1,0
2026-07-09 07:45:00,1848.0,350.63,355.54,350.47,355.37,382.56,389.38,360.99,366.03,378.43,383.7,29.06,27.44,132.21,131.79,0.25,85.85,True,7,45,9,7,3,899.4,640.2,1129.2,635.8468683574687,1,1,0
2026-07-09 08:00:00,2853.0,559.72,566.42,560.3,566.99,566.11,575.46,568.67,575.43,589.19,596.19,31.53,27.9,198.26,198.29,0.5,89.28,True,8,0,9,7,3,1848.0,899.4,1866.8000000000002,976.9356785377429,1,1,0
2026-07-09 08:15:00,2103.0,427.35,433.07,425.57,431.25,423.4,430.73,438.26,444.11,468.03,474.18,32.21,28.14,158.1,159.07,0.5,82.75,True,8,15,9,7,3,2853.0,1848.0,2268.0,522.42224301804,1,1,0
2026-07-09 08:30:00,1815.6,350.91,356.0,348.12,353.17,372.03,378.71,362.22,367.47,381.94,387.36,31.25,28.21,131.22,131.54,0.75,85.74,True,8,30,9,7,3,2103.0,2853.0,2257.2000000000003,535.6145255685287,1,1,0
2026-07-09 08:45:00,2066.4,394.2,399.8,395.56,401.19,444.06,451.67,411.85,417.55,449.71,455.61,31.17,28.3,155.48,155.31,0.75,82.33,True,8,45,9,7,3,1815.6,2103.0,1995.0,156.43899769558732,1,1,0
2026-07-09 09:00:00,2493.6,479.35,485.55,463.83,469.87,515.39,523.93,499.07,505.43,540.23,546.77,32.28,28.38,176.89,177.25,1.0,87.73,True,9,0,9,7,3,2066.4,1815.6,2125.2000000000003,342.8032671956322,1,1,0
2026-07-09 09:15:00,2674.2,501.43,507.83,489.28,495.57,565.28,574.6,539.16,545.75,600.49,607.56,32.55,28.56,197.14,198.75,1.25,84.51,True,9,15,9,7,3,2493.6,2066.4,2411.4,312.1263205819079,1,1,0
2026-07-09 09:30:00,3391.8,625.26,632.86,618.7,626.22,703.47,714.89,671.93,679.87,730.33,738.99,33.27,28.71,242.6,243.22,1.5,87.36,True,9,30,9,7,3,2674.2,2493.6,2853.2000000000003,475.1016312327289,1,1,0
2026-07-09 09:45:00,3615.43,724.83,733.41,727.63,736.23,717.66,729.22,742.75,751.54,768.19,777.3,34.38,28.88,254.38,252.11,1.75,89.22,True,9,45,9,7,3,3391.8,2674.2,3227.1433333333334,491.7441831209932,1,1,0
2026-07-09 10:00:00,2872.8,572.92,579.92,573.68,580.69,574.12,583.58,582.75,589.83,597.59,604.77,33.46,28.93,195.56,193.77,2.0,91.86,True,10,0,9,7,3,3615.43,3391.8,3293.3433333333337,380.9791538041586,1,1,0
2026-07-09 10:15:00,4644.6,901.79,912.76,911.11,922.28,924.57,939.84,918.73,929.97,942.26,953.87,34.07,29.21,309.21,305.89,2.25,94.17,True,10,15,9,7,3,2872.8,3615.43,3710.943333333333,889.7532846993779,1,1,0
2026-07-09 10:30:00,6161.4,1195.62,1210.88,1232.3,1248.03,1287.23,1310.16,1217.91,1233.45,1267.52,1283.69,36.93,29.57,436.15,418.89,2.75,89.63,True,10,30,9,7,3,4644.6,2872.8,4559.599999999999,1645.9469128741657,1,1,0
2026-07-09 10:45:00,6376.5,1243.53,1259.39,1257.61,1273.66,1312.9,1336.3,1266.1,1282.26,1327.08,1344.01,38.93,29.65,459.77,452.24,3.0,88.74,True,10,45,9,7,3,6161.4,4644.6,5727.5,943.9657356069638,1,1,0
2026-07-09 11:00:00,7216.71,1414.81,1433.33,1423.55,1442.18,1417.13,1443.18,1423.1,1441.97,1448.73,1467.92,39.72,29.84,489.8,488.38,3.5,94.59,True,11,0,9,7,3,6376.5,6161.4,6584.87,557.6588040190858,1,1,0
2026-07-09 11:15:00,8865.6,1780.79,1807.36,1793.4,1820.15,1676.1,1708.99,1797.36,1824.18,1791.03,1817.75,42.13,30.18,595.78,594.71,4.25,96.52,True,11,15,9,7,3,7216.71,6376.5,7486.27,1266.2549694670495,1,1,0
2026-07-09 11:30:00,9778.8,1921.21,1950.02,1993.99,2024.18,1936.57,1976.95,1954.83,1984.43,2044.96,2076.56,43.8,30.41,701.09,699.55,5.0,91.12,True,11,30,9,7,3,8865.6,7216.71,8620.37,1298.5297866048356,1,1,0
2026-07-09 11:45:00,8076.0,1701.02,1725.47,1696.25,1721.01,1395.17,1420.94,1691.88,1716.09,1613.83,1636.35,43.37,30.38,499.52,495.95,5.5,105.43,True,11,45,9,7,3,9778.8,8865.6,8906.800000000001,852.1473112085731,1,1,0
2026-07-09 12:00:00,9558.6,1977.15,2007.83,1969.74,2000.02,1964.11,2005.71,1958.31,1988.45,2101.41,2134.43,44.02,30.89,738.99,737.87,6.0,84.59,True,12,0,9,7,3,8076.0,9778.8,9137.800000000001,926.1136215389565,1,0,1
2026-07-09 12:15:00,8778.6,1787.2,1813.12,1848.1,1875.36,1626.8,1658.55,1738.67,1764.11,1603.84,1626.48,44.27,31.2,608.51,608.87,6.75,94.44,True,12,15,9,7,3,9558.6,8076.0,8804.4,741.6366495798342,1,0,1
2026-07-09 12:30:00,11031.6,2313.78,2351.64,2348.28,2386.75,2044.09,2087.91,2247.95,2284.35,2210.48,2245.86,46.33,31.75,767.76,772.73,7.5,94.91,True,12,30,9,7,3,8778.6,9558.6,9789.6,1144.1254301867455,1,0,1
2026-07-09 12:45:00,12848.4,2548.39,2590.52,2597.7,2640.65,2510.54,2567.76,2557.93,2600.1,2590.87,2633.52,49.12,32.12,983.9,986.77,8.25,87.32,True,12,45,9,7,3,11031.6,8778.6,10886.2,2038.7922601383418,1,0,1
2026-07-09 13:00:00,12939.6,2582.41,2625.11,2565.76,2608.09,2621.66,2682.11,2619.3,2662.7,2726.39,2771.56,53.1,32.55,1045.58,1046.45,9.25,84.24,True,13,0,9,7,3,12848.4,11031.6,12273.199999999999,1076.2236198857624,1,0,1
2026-07-09 13:15:00,12752.4,2543.53,2585.58,2559.29,2601.61,2539.94,2598.24,2595.49,2638.5,2681.67,2726.1,53.0,32.75,1007.32,998.54,10.25,86.13,True,13,15,9,7,3,12939.6,12848.4,12846.800000000001,93.61025584847282,1,0,1
2026-07-09 13:30:00,11984.4,2425.26,2465.26,2453.82,2494.25,2391.28,2445.62,2447.96,2488.52,2417.16,2456.69,51.84,33.07,953.96,954.78,11.0,85.03,True,13,30,9,7,3,12752.4,12939.6,12558.800000000001,506.1743573118027,1,0,1
2026-07-09 13:45:00,11358.0,2218.53,2254.63,2354.26,2392.93,2323.54,2375.78,2212.54,2248.44,2266.68,2303.22,50.55,32.94,906.57,903.93,11.75,84.31,True,13,45,9,7,3,11984.4,12752.4,12031.6,698.3972508537059,1,0,1
2026-07-09 14:00:00,11332.8,2257.86,2294.11,2297.9,2335.46,2278.87,2329.49,2271.71,2308.27,2353.34,2392.19,50.01,32.97,888.72,884.98,12.5,85.61,True,14,0,9,7,3,11358.0,11984.4,11558.4,369.1419239263027,1,0,1
2026-07-09 14:15:00,10735.2,2162.55,2196.57,2230.65,2266.78,2121.96,2168.23,2088.85,2121.7,2270.8,2307.84,49.8,33.13,840.33,838.59,13.25,85.69,True,14,15,9,7,3,11332.8,11358.0,11142.0,352.5243821354913,1,0,1
2026-07-09 14:30:00,9154.2,1954.42,1984.9,1910.23,1939.65,1794.6,1831.62,1834.44,1862.35,1790.59,1817.81,48.15,33.18,735.78,731.85,14.0,82.84,True,14,30,9,7,3,10735.2,11332.8,10407.4,1125.6838454912656,1,0,1
2026-07-09 14:45:00,10386.64,2077.31,2109.46,2115.91,2149.09,2095.65,2140.65,2087.42,2120.02,2162.1,2196.51,47.98,33.55,815.24,805.34,14.75,84.77,True,14,45,9,7,3,9154.2,10735.2,10092.013333333334,830.6587172439329,1,0,1
2026-07-09 15:00:00,9238.8,1888.89,1916.9,1907.89,1936.19,1871.44,1910.24,1884.0,1911.81,1942.09,1971.33,48.08,33.82,751.3,737.37,15.25,81.85,True,15,0,9,7,3,10386.64,9154.2,9593.213333333333,688.4284251346184,1,0,1
2026-07-09 15:15:00,7282.2,1511.23,1532.75,1568.65,1591.22,1597.85,1629.89,1490.38,1511.38,1551.9,1573.99,47.41,33.97,659.84,649.35,15.75,73.25,True,15,15,9,7,3,9238.8,10386.64,8969.213333333333,1569.6797942680298,1,0,1
2026-07-09 15:30:00,5625.6,1096.17,1110.69,1095.02,1109.32,1189.23,1211.21,1115.99,1130.79,1203.53,1219.89,44.2,34.0,469.36,460.32,16.25,78.44,True,15,30,9,7,3,7282.2,9238.8,7382.200000000001,1808.6745312520916,1,0,1
2026-07-09 15:45:00,7408.8,1446.97,1467.02,1516.97,1538.27,1493.43,1521.84,1426.81,1447.04,1475.53,1496.73,43.09,33.87,560.57,548.31,16.75,86.08,True,15,45,9,7,3,5625.6,7282.2,6772.2,995.0002814069792,1,0,1
2026-07-09 16:00:00,6857.36,1276.42,1293.51,1312.03,1329.8,1335.17,1359.88,1275.55,1292.77,1302.43,1320.41,44.04,34.08,519.16,505.61,17.25,86.38,True,16,0,9,7,3,7408.8,5625.6,6630.586666666666,912.9732572936074,1,0,1
2026-07-09 16:15:00,5686.8,1081.09,1094.44,1168.84,1183.58,1175.37,1196.06,1138.4,1152.58,1306.84,1323.7,44.06,34.29,501.52,485.74,17.5,74.17,True,16,15,9,7,3,6857.36,7408.8,6650.986666666667,879.354004103751,1,0,1
2026-07-09 16:30:00,5499.6,1132.99,1147.22,1153.69,1168.17,1107.21,1126.33,1097.92,1111.61,1111.74,1125.64,42.33,34.19,416.26,405.81,18.0,85.77,True,16,30,9,7,3,5686.8,6857.36,6014.586666666667,735.8404232802721,1,0,1
2026-07-09 16:45:00,5038.71,1029.57,1042.36,1056.35,1069.47,974.81,991.17,1012.09,1024.67,1001.41,1013.86,41.56,34.16,392.07,380.84,18.25,83.16,True,16,45,9,7,3,5499.6,5686.8,5408.37,333.5376241145036,1,0,1
2026-07-09 17:00:00,2756.57,580.08,587.33,601.07,608.6,587.14,596.9,576.23,583.43,611.5,619.06,39.27,34.13,229.5,225.55,18.5,76.96,True,17,0,9,7,3,5038.71,5499.6,4431.626666666667,1468.8315170342948,1,0,1
2026-07-09 17:15:00,1807.2,374.52,379.69,383.78,389.04,356.22,362.66,369.02,374.13,371.38,376.52,36.82,33.74,134.24,129.14,18.75,85.38,True,17,15,9,7,3,2756.57,5038.71,3200.8266666666664,1660.9296220590597,1,0,1
2026-07-09 17:30:00,1030.8,209.76,213.43,216.62,220.26,211.54,216.37,208.83,212.48,215.45,219.11,34.82,33.56,78.74,76.11,18.75,82.33,True,17,30,9,7,3,1807.2,2756.57,1864.8566666666666,864.3284917398206,1,0,1
2026-07-09 17:45:00,962.4,194.49,198.34,200.47,204.17,199.38,204.16,194.48,198.22,201.16,204.65,33.71,33.53,73.33,70.58,18.75,82.16,True,17,45,9,7,3,1030.8,1807.2,1266.8,469.24807937794645,1,0,1
2026-07-09 18:00:00,730.2,153.64,156.68,158.12,161.24,147.53,151.76,150.99,153.98,153.49,156.52,33.28,33.34,56.02,53.48,18.75,81.45,True,18,0,9,7,3,962.4,1030.8,907.8000000000001,157.5625590039922,1,0,1
2026-07-09 18:15:00,441.6,96.12,99.12,98.39,101.45,93.15,96.05,95.5,98.47,98.98,101.93,32.37,33.13,36.09,34.54,19.0,76.17,True,18,15,9,7,3,730.2,962.4,711.4,260.9084897045012,1,0,1
2026-07-09 18:30:00,126.82,26.3,27.31,26.82,27.85,25.9,26.77,25.47,26.45,27.61,28.68,31.89,32.83,11.88,11.06,19.0,66.31,True,18,30,9,7,3,441.6,730.2,432.8733333333333,301.78464529066645,0,0,1
2026-07-09 18:45:00,0.0,0.0,0.0,0.0,0.0,0.0,0.0,0.0,0.0,0.0,0.0,28.75,29.0,0.49,0.28,19.0,0.0,True,18,45,9,7,3,126.82,441.6,189.47333333333336,227.3691274848237,0,0,1
2026-07-09 19:00:00,0.0,0.0,0.0,0.0,0.0,0.0,0.0,0.0,0.0,0.0,0.0,25.22,26.08,1.04,0.32,19.0,0.0,True,19,0,9,7,3,0.0,126.82,42.27333333333333,73.21956113777239,0,0,1
2026-07-09 19:15:00,0.0,0.0,0.0,0.0,0.0,0.0,0.0,0.0,0.0,0.0,0.0,25.31,26.26,0.66,0.18,19.0,0.0,True,19,15,9,7,3,0.0,0.0,0.0,0.0,0,0,1
2026-07-09 19:30:00,0.0,0.0,0.0,0.0,0.0,0.0,0.0,0.0,0.0,0.0,0.0,25.42,26.63,0.41,0.2,19.0,0.0,True,19,30,9,7,3,0.0,0.0,0.0,0.0,0,0,1
2026-07-09 19:45:00,0.0,0.0,0.0,0.0,0.0,0.0,0.0,0.0,0.0,0.0,0.0,25.1,27.02,0.45,0.22,19.0,0.0,True,19,45,9,7,3,0.0,0.0,0.0,0.0,0,0,1
2026-07-09 20:00:00,0.0,0.0,0.0,0.0,0.0,0.0,0.0,0.0,0.0,0.0,0.0,25.56,27.31,0.62,0.19,19.0,0.0,True,20,0,9,7,3,0.0,0.0,0.0,0.0,0,0,1
2026-07-09 20:15:00,0.0,0.0,0.0,0.0,0.0,0.0,0.0,0.0,0.0,0.0,0.0,25.65,27.33,0.56,0.15,19.0,0.0,True,20,15,9,7,3,0.0,0.0,0.0,0.0,0,0,1
2026-07-09 20:30:00,0.0,0.0,0.0,0.0,0.0,0.0,0.0,0.0,0.0,0.0,0.0,25.92,27.42,0.41,0.2,19.0,0.0,True,20,30,9,7,3,0.0,0.0,0.0,0.0,0,0,1
2026-07-09 20:45:00,0.0,0.0,0.0,0.0,0.0,0.0,0.0,0.0,0.0,0.0,0.0,26.09,27.4,0.5,0.52,19.0,0.0,True,20,45,9,7,3,0.0,0.0,0.0,0.0,0,0,1
2026-07-09 21:00:00,0.0,0.0,0.0,0.0,0.0,0.0,0.0,0.0,0.0,0.0,0.0,25.95,27.41,0.73,0.54,19.0,0.0,True,21,0,9,7,3,0.0,0.0,0.0,0.0,0,0,1
2026-07-09 21:15:00,0.0,0.0,0.0,0.0,0.0,0.0,0.0,0.0,0.0,0.0,0.0,25.93,27.52,0.36,0.16,19.0,0.0,True,21,15,9,7,3,0.0,0.0,0.0,0.0,0,0,1
2026-07-09 21:30:00,0.0,0.0,0.0,0.0,0.0,0.0,0.0,0.0,0.0,0.0,0.0,26.12,27.39,0.35,0.14,19.0,0.0,True,21,30,9,7,3,0.0,0.0,0.0,0.0,0,0,1
2026-07-09 21:45:00,0.0,0.0,0.0,0.0,0.0,0.0,0.0,0.0,0.0,0.0,0.0,26.06,27.02,0.22,0.21,19.0,0.0,True,21,45,9,7,3,0.0,0.0,0.0,0.0,0,0,1
2026-07-09 22:00:00,0.0,0.0,0.0,0.0,0.0,0.0,0.0,0.0,0.0,0.0,0.0,25.25,27.1,0.44,0.25,19.0,0.0,True,22,0,9,7,3,0.0,0.0,0.0,0.0,0,0,1
2026-07-09 22:15:00,0.0,0.0,0.0,0.0,0.0,0.0,0.0,0.0,0.0,0.0,0.0,25.65,27.25,0.52,0.22,19.0,0.0,True,22,15,9,7,3,0.0,0.0,0.0,0.0,0,0,1
2026-07-09 22:30:00,0.0,0.0,0.0,0.0,0.0,0.0,0.0,0.0,0.0,0.0,0.0,25.75,27.16,0.21,0.18,19.0,0.0,True,22,30,9,7,3,0.0,0.0,0.0,0.0,0,0,1
2026-07-09 22:45:00,0.0,0.0,0.0,0.0,0.0,0.0,0.0,0.0,0.0,0.0,0.0,25.69,26.94,0.21,0.34,19.0,0.0,True,22,45,9,7,3,0.0,0.0,0.0,0.0,0,0,1
2026-07-09 23:00:00,0.0,0.0,0.0,0.0,0.0,0.0,0.0,0.0,0.0,0.0,0.0,25.72,27.04,0.21,0.26,19.0,0.0,True,23,0,9,7,3,0.0,0.0,0.0,0.0,0,0,1
2026-07-09 23:15:00,0.0,0.0,0.0,0.0,0.0,0.0,0.0,0.0,0.0,0.0,0.0,25.24,27.08,0.18,0.19,19.0,0.0,True,23,15,9,7,3,0.0,0.0,0.0,0.0,0,0,1
2026-07-09 23:30:00,0.0,0.0,0.0,0.0,0.0,0.0,0.0,0.0,0.0,0.0,0.0,25.48,27.24,0.2,0.15,19.0,0.0,True,23,30,9,7,3,0.0,0.0,0.0,0.0,0,0,1
2026-07-09 23:45:00,0.0,0.0,0.0,0.0,0.0,0.0,0.0,0.0,0.0,0.0,0.0,25.55,27.07,0.36,0.15,19.0,0.0,True,23,45,9,7,3,0.0,0.0,0.0,0.0,0,0,1
2026-07-10 00:15:00,0.0,0.0,0.0,0.0,0.0,0.0,0.0,0.0,0.0,0.0,0.0,25.1,27.29,0.28,0.17,0.0,0.0,True,0,15,10,7,4,0.0,0.0,0.0,0.0,0,1,0
2026-07-10 00:30:00,0.0,0.0,0.0,0.0,0.0,0.0,0.0,0.0,0.0,0.0,0.0,25.35,27.27,0.41,0.16,0.0,0.0,True,0,30,10,7,4,0.0,0.0,0.0,0.0,0,1,0
2026-07-10 00:45:00,0.0,0.0,0.0,0.0,0.0,0.0,0.0,0.0,0.0,0.0,0.0,25.61,27.17,0.76,0.43,0.0,0.0,True,0,45,10,7,4,0.0,0.0,0.0,0.0,0,1,0
2026-07-10 01:00:00,0.0,0.0,0.0,0.0,0.0,0.0,0.0,0.0,0.0,0.0,0.0,25.77,27.3,0.48,0.25,0.0,0.0,True,1,0,10,7,4,0.0,0.0,0.0,0.0,0,1,0
2026-07-10 01:15:00,0.0,0.0,0.0,0.0,0.0,0.0,0.0,0.0,0.0,0.0,0.0,25.71,27.47,0.18,0.19,0.0,0.0,True,1,15,10,7,4,0.0,0.0,0.0,0.0,0,1,0
2026-07-10 01:30:00,0.0,0.0,0.0,0.0,0.0,0.0,0.0,0.0,0.0,0.0,0.0,25.51,27.55,0.17,0.17,0.0,0.0,True,1,30,10,7,4,0.0,0.0,0.0,0.0,0,1,0
2026-07-10 01:45:00,0.0,0.0,0.0,0.0,0.0,0.0,0.0,0.0,0.0,0.0,0.0,25.6,27.49,0.13,0.16,0.0,0.0,True,1,45,10,7,4,0.0,0.0,0.0,0.0,0,1,0
2026-07-10 02:00:00,0.0,0.0,0.0,0.0,0.0,0.0,0.0,0.0,0.0,0.0,0.0,25.68,27.56,0.14,0.17,0.0,0.0,True,2,0,10,7,4,0.0,0.0,0.0,0.0,0,1,0
2026-07-10 02:15:00,0.0,0.0,0.0,0.0,0.0,0.0,0.0,0.0,0.0,0.0,0.0,25.36,27.21,0.14,0.16,0.0,0.0,True,2,15,10,7,4,0.0,0.0,0.0,0.0,0,1,0
2026-07-10 02:30:00,0.0,0.0,0.0,0.0,0.0,0.0,0.0,0.0,0.0,0.0,0.0,25.7,27.16,0.17,0.16,0.0,0.0,True,2,30,10,7,4,0.0,0.0,0.0,0.0,0,1,0
2026-07-10 02:45:00,0.0,0.0,0.0,0.0,0.0,0.0,0.0,0.0,0.0,0.0,0.0,25.65,27.28,0.26,0.16,0.0,0.0,True,2,45,10,7,4,0.0,0.0,0.0,0.0,0,1,0
2026-07-10 03:00:00,0.0,0.0,0.0,0.0,0.0,0.0,0.0,0.0,0.0,0.0,0.0,26.02,27.37,0.45,0.15,0.0,0.0,True,3,0,10,7,4,0.0,0.0,0.0,0.0,0,1,0
2026-07-10 03:15:00,0.0,0.0,0.0,0.0,0.0,0.0,0.0,0.0,0.0,0.0,0.0,25.9,27.58,0.14,0.17,0.0,0.0,True,3,15,10,7,4,0.0,0.0,0.0,0.0,0,1,0
2026-07-10 03:30:00,0.0,0.0,0.0,0.0,0.0,0.0,0.0,0.0,0.0,0.0,0.0,25.73,27.54,0.13,0.15,0.0,0.0,True,3,30,10,7,4,0.0,0.0,0.0,0.0,0,1,0
2026-07-10 03:45:00,0.0,0.0,0.0,0.0,0.0,0.0,0.0,0.0,0.0,0.0,0.0,25.66,27.55,0.22,0.16,0.0,0.0,True,3,45,10,7,4,0.0,0.0,0.0,0.0,0,1,0
2026-07-10 04:00:00,0.0,0.0,0.0,0.0,0.0,0.0,0.0,0.0,0.0,0.0,0.0,26.0,27.6,0.37,0.12,0.0,0.0,True,4,0,10,7,4,0.0,0.0,0.0,0.0,0,1,0
2026-07-10 04:15:00,0.0,0.0,0.0,0.0,0.0,0.0,0.0,0.0,0.0,0.0,0.0,26.04,27.6,0.23,0.14,0.0,0.0,True,4,15,10,7,4,0.0,0.0,0.0,0.0,0,1,0
2026-07-10 04:30:00,0.0,0.0,0.0,0.0,0.0,0.0,0.0,0.0,0.0,0.0,0.0,25.99,27.46,0.19,0.15,0.0,0.0,True,4,30,10,7,4,0.0,0.0,0.0,0.0,0,1,0
2026-07-10 04:45:00,0.0,0.0,0.0,0.0,0.0,0.0,0.0,0.0,0.0,0.0,0.0,26.04,27.34,0.14,0.16,0.0,0.0,True,4,45,10,7,4,0.0,0.0,0.0,0.0,0,1,0
2026-07-10 05:00:00,0.0,0.0,0.0,0.0,0.0,0.0,0.0,0.0,0.0,0.0,0.0,25.79,27.43,0.12,0.14,0.0,0.0,True,5,0,10,7,4,0.0,0.0,0.0,0.0,0,1,0
2026-07-10 05:15:00,0.0,0.0,0.0,0.0,0.0,0.0,0.0,0.0,0.0,0.0,0.0,25.7,27.41,0.14,0.15,0.0,0.0,True,5,15,10,7,4,0.0,0.0,0.0,0.0,0,1,0
2026-07-10 05:30:00,0.0,0.0,0.0,0.0,0.0,0.0,0.0,0.0,0.0,0.0,0.0,25.8,27.47,0.23,0.17,0.0,0.0,True,5,30,10,7,4,0.0,0.0,0.0,0.0,0,1,0
2026-07-10 05:45:00,0.0,0.0,0.0,0.0,0.0,0.6,0.63,0.53,0.55,0.67,0.69,25.24,27.86,1.36,0.73,0.0,0.0,True,5,45,10,7,4,0.0,0.0,0.0,0.0,0,1,0
2026-07-10 06:00:00,60.75,0.0,0.0,0.0,0.0,25.53,26.34,24.05,24.98,25.45,26.44,26.32,27.69,10.65,10.07,0.0,34.64,True,6,0,10,7,4,0.0,0.0,20.25,35.074028853269766,0,1,0
2026-07-10 06:15:00,211.8,0.0,0.0,0.0,0.0,77.74,79.84,77.43,78.99,79.36,80.91,25.77,27.76,29.65,29.74,0.0,43.29,True,6,15,10,7,4,60.75,0.0,90.85000000000001,109.06107234022598,1,1,0
2026-07-10 06:30:00,575.36,0.0,0.0,0.0,0.0,129.3,131.91,131.47,133.38,133.62,135.55,26.37,28.18,49.49,51.0,0.0,70.63,True,6,30,10,7,4,211.8,60.75,282.6366666666667,264.5169900655407,1,1,0
2026-07-10 06:45:00,778.8,0.0,0.0,0.0,0.0,153.39,156.27,160.65,162.99,162.63,164.99,26.57,28.25,59.75,59.45,0.0,79.25,True,6,45,10,7,4,575.36,211.8,521.9866666666667,287.2434238295689,1,1,0
2026-07-10 07:00:00,1134.64,237.33,240.4,239.6,242.7,220.89,225.59,233.14,236.17,234.68,237.73,27.21,28.33,83.28,82.78,0.0,83.05,True,7,0,10,7,4,778.8,575.36,829.6,283.07951109184864,1,1,0
2026-07-10 07:15:00,1506.6,300.81,305.12,300.92,305.28,311.23,317.07,301.15,305.51,313.38,317.93,29.18,28.46,115.38,115.35,0.25,80.24,True,7,15,10,7,4,1134.64,778.8,1140.0133333333333,363.92975219585077,1,1,0
2026-07-10 07:30:00,1714.5,347.63,352.59,349.49,354.47,348.3,354.65,350.92,355.9,361.12,366.22,30.03,28.62,127.16,128.38,0.25,83.14,True,7,30,10,7,4,1506.6,1134.64,1451.9133333333332,293.7726647142879,1,1,0
2026-07-10 07:45:00,2384.4,461.66,467.69,470.38,476.48,508.82,517.29,469.68,475.79,500.92,507.22,30.98,28.82,185.85,181.07,0.5,79.41,True,7,45,10,7,4,1714.5,1506.6,1868.5,458.71582706508,1,1,0
2026-07-10 08:00:00,3897.6,768.98,778.26,792.61,802.12,802.44,815.67,776.96,786.3,798.45,808.03,32.8,29.08,276.18,228.38,0.75,88.01,True,8,0,10,7,4,2384.4,1714.5,2665.4999999999995,1118.3668047648769,1,1,0
2026-07-10 08:15:00,4246.2,883.42,893.94,853.01,863.17,804.82,818.01,848.91,859.0,846.99,857.07,35.81,29.6,293.32,296.08,1.0,91.42,True,8,15,10,7,4,3897.6,2384.4,3509.4,989.747058596286,1,1,0
2026-07-10 08:30:00,5880.6,1180.79,1195.86,1196.07,1211.33,1176.34,1196.67,1177.38,1192.41,1200.71,1215.98,37.21,30.12,411.19,431.28,1.5,90.85,True,8,30,10,7,4,4246.2,3897.6,4674.8,1058.7000141683197,1,1,0
2026-07-10 08:45:00,6727.2,1341.23,1358.35,1359.98,1377.33,1357.77,1382.27,1339.6,1356.7,1376.9,1394.47,39.71,30.39,474.95,499.88,2.0,90.93,True,8,45,10,7,4,5880.6,4246.2,5618.0,1261.1737865972316,1,1,0
2026-07-10 09:00:00,7511.4,1498.11,1517.46,1520.28,1540.59,1505.6,1533.86,1499.04,1518.51,1542.04,1563.2,41.19,30.67,527.07,553.08,2.5,92.07,True,9,0,10,7,4,6727.2,5880.6,6706.400000000001,815.5989455608677,1,1,0
2026-07-10 09:15:00,8197.8,1636.35,1660.76,1661.36,1686.14,1646.83,1678.88,1637.34,1661.77,1684.36,1709.49,42.69,31.13,580.0,606.12,3.0,91.9,True,9,15,10,7,4,7511.4,6727.2,7478.8,735.8418036507576,1,1,0
2026-07-10 09:30:00,8803.8,1758.62,1784.86,1783.44,1810.04,1759.99,1795.22,1757.34,1783.56,1804.56,1831.48,43.78,31.18,626.5,650.99,3.5,91.8,True,9,30,10,7,4,8197.8,7511.4,8171.0,646.6166716069121,1,1,0
2026-07-10 09:45:00,9369.0,1871.1,1899.02,1899.89,1928.23,1878.27,1916.94,1870.85,1898.77,1921.89,1950.57,44.25,31.42,671.76,695.34,4.25,91.29,True,9,45,10,7,4,8803.8,8197.8,8790.199999999999,585.7184306473566,1,1,0
2026-07-10 10:00:00,9862.8,1973.93,2003.37,2005.71,2035.63,1976.14,2017.63,1974.95,2004.41,2025.77,2055.99,45.14,31.59,711.16,732.61,5.0,91.14,True,10,0,10,7,4,9369.0,8803.8,9345.199999999999,529.9010096234988,1,1,0
2026-07-10 10:15:00,10339.2,2063.5,2094.65,2099.54,2132.24,2068.93,2113.14,2065.64,2097.1,2119.06,2152.57,45.69,31.78,751.09,751.87,5.75,90.67,True,10,15,10,7,4,9862.8,9369.0,9857.0,485.12600425044786,1,1,0
2026-07-10 10:30:00,10804.8,2152.62,2186.95,2191.27,2226.22,2164.03,2211.1,2155.21,2189.59,2224.97,2260.46,45.56,32.05,790.82,496.15,6.5,89.95,True,10,30,10,7,4,10339.2,9862.8,10335.6,471.01031835832293,1,1,0
2026-07-10 10:45:00,11152.8,2223.21,2258.67,2264.31,2300.53,2234.55,2283.79,2224.88,2260.37,2294.59,2332.0,45.94,32.12,824.83,577.52,7.25,89.16,True,10,45,10,7,4,10804.8,10339.2,10765.6,408.2140614922661,1,1,0
2026-07-10 11:00:00,11518.8,2294.36,2331.72,2340.92,2379.71,2312.29,2363.97,2303.07,2340.81,2373.19,2412.52,48.09,32.23,859.83,879.06,8.0,89.18,True,11,0,10,7,4,11152.8,10804.8,11158.800000000001,357.0378131235053,1,1,0
2026-07-10 11:15:00,9435.0,1885.18,1914.34,1947.87,1978.02,1889.3,1929.22,1902.79,1932.1,1942.28,1972.49,47.72,32.44,718.07,733.35,8.75,87.32,True,11,15,10,7,4,11518.8,11152.8,10702.199999999999,1112.5807296551611,1,1,0
2026-07-10 11:30:00,12177.0,2428.66,2468.72,2474.25,2515.06,2462.44,2518.94,2442.5,2482.88,2524.32,2566.05,47.42,32.66,917.08,932.63,9.5,88.13,True,11,30,10,7,4,9435.0,11518.8,11043.6,1431.4336449867365,1,1,0
2026-07-10 11:45:00,12255.6,2444.85,2485.37,2494.58,2535.91,2462.36,2518.89,2446.05,2486.58,2519.38,2561.13,51.48,33.04,940.69,953.34,10.25,88.04,True,11,45,10,7,4,12177.0,9435.0,11289.200000000003,1606.265146232096,1,1,0
2026-07-10 12:00:00,12169.8,2372.01,2410.73,2485.97,2526.98,2464.05,2520.54,2406.76,2446.32,2529.66,2571.48,52.43,33.26,942.38,950.58,11.25,87.64,True,12,0,10,7,4,12255.6,12177.0,12200.800000000001,47.59453750195294,1,0,1
2026-07-10 12:15:00,12686.4,2538.23,2580.28,2595.16,2638.16,2554.98,2614.02,2537.95,2580.0,2609.5,2652.73,52.85,33.66,986.42,993.07,12.0,87.45,True,12,15,10,7,4,12169.8,12255.6,12370.6,276.835041134654,1,0,1
2026-07-10 12:30:00,11659.2,2327.52,2365.36,2435.36,2475.27,2450.45,2506.17,2342.24,2380.43,2411.41,2450.48,52.09,33.74,931.5,940.68,13.0,84.81,True,12,30,10,7,4,12686.4,12169.8,12171.800000000001,513.6029205524679,1,0,1
2026-07-10 12:45:00,11853.0,2469.52,2510.16,2480.19,2520.87,2271.22,2321.98,2416.91,2456.33,2368.72,2407.02,51.69,33.84,911.24,914.16,13.75,87.98,True,12,45,10,7,4,11659.2,12686.4,12066.199999999999,545.7798457253845,1,0,1
2026-07-10 13:00:00,9819.6,2046.45,2078.0,2069.33,2101.46,1925.23,1965.6,1993.13,2023.58,2049.06,2081.04,49.33,33.98,747.77,753.02,14.5,87.9,True,13,0,10,7,4,11853.0,11659.2,11110.6,1122.2300833608147,1,0,1
2026-07-10 13:15:00,9314.4,1825.49,1853.0,1824.57,1852.3,1910.03,1950.03,1869.09,1897.52,1981.6,2012.06,48.86,34.16,733.26,731.63,15.0,84.85,True,13,15,10,7,4,9819.6,11853.0,10329.0,1343.777794131164,1,0,1
2026-07-10 13:30:00,11016.0,2160.43,2194.54,2222.95,2258.23,2229.45,2278.63,2223.41,2258.77,2331.69,2369.57,50.15,34.4,867.25,864.14,15.75,85.33,True,13,30,10,7,4,9314.4,9819.6,10050.0,873.8842944005888,1,0,1
2026-07-10 13:45:00,9190.8,1744.57,1769.76,1776.04,1801.8,1874.3,1912.99,1838.3,1865.35,2036.29,2067.67,49.22,34.37,736.92,731.72,16.5,83.44,True,13,45,10,7,4,11016.0,9314.4,9840.400000000001,1019.9734114181674,1,0,1
2026-07-10 14:00:00,10880.36,2136.21,2170.05,2177.92,2212.57,2152.7,2199.54,2147.09,2180.99,2165.61,2199.61,48.59,34.47,828.79,822.8,17.25,87.58,True,14,0,10,7,4,9190.8,11016.0,10362.386666666667,1016.8879193565779,1,0,1
2026-07-10 14:15:00,7720.2,1473.03,1493.09,1584.81,1606.85,1585.41,1616.15,1461.99,1481.68,1606.2,1629.09,48.97,34.78,617.13,611.83,17.75,83.6,True,14,15,10,7,4,10880.36,9190.8,9263.786666666667,1581.3437629223274,1,0,1
2026-07-10 14:30:00,6237.0,1245.81,1261.71,1288.41,1304.85,1260.21,1282.38,1239.41,1255.23,1259.13,1275.2,44.55,34.4,456.73,452.62,18.25,89.51,True,14,30,10,7,4,7720.2,10880.36,8279.186666666666,2371.612867340145,1,0,1
2026-07-10 14:45:00,6207.0,1234.35,1250.1,1260.13,1276.21,1237.15,1258.76,1234.9,1250.66,1272.87,1289.11,42.47,34.28,443.72,440.03,18.5,90.87,True,14,45,10,7,4,6237.0,7720.2,6721.400000000001,865.1162234058542,1,0,1
2026-07-10 15:00:00,6200.4,1231.26,1246.97,1247.36,1263.28,1236.07,1257.65,1237.26,1253.05,1289.11,1305.56,42.65,34.32,445.95,442.61,19.0,90.39,True,15,0,10,7,4,6207.0,6237.0,6214.8,19.50692184860779,1,0,1
2026-07-10 15:15:00,5856.0,1164.19,1179.05,1175.88,1190.89,1158.46,1178.4,1169.48,1184.41,1209.28,1224.71,42.82,34.45,423.13,419.69,19.5,90.04,True,15,15,10,7,4,6200.4,6207.0,6087.8,200.77181077035647,1,0,1
2026-07-10 15:30:00,5343.6,1063.96,1077.22,1082.7,1096.43,1063.23,1081.2,1061.67,1074.88,1094.49,1108.46,42.05,34.4,383.47,379.55,19.75,90.36,True,15,30,10,7,4,5856.0,6200.4,5800.0,431.13635893996246,1,0,1
2026-07-10 15:45:00,5139.64,1017.72,1029.87,1037.32,1050.05,1035.7,1053.1,1021.66,1033.94,1060.35,1073.68,41.86,34.42,370.61,368.26,20.25,89.85,True,15,45,10,7,4,5343.6,5856.0,5446.413333333335,369.0810866643566,1,0,1
2026-07-10 16:00:00,4948.2,985.13,997.01,1001.91,1014.28,979.57,995.86,984.0,995.98,1015.52,1028.06,41.59,34.27,356.55,354.33,20.5,89.81,True,16,0,10,7,4,5139.64,5343.6,5143.813333333334,197.7330334904686,1,0,1
2026-07-10 16:15:00,3942.64,786.21,795.54,801.85,811.37,780.33,792.82,780.46,789.71,802.22,811.73,40.81,34.31,281.03,279.88,20.75,90.49,True,16,15,10,7,4,4948.2,5139.64,4676.826666666668,642.9890080968282,1,0,1
2026-07-10 16:30:00,3477.0,692.77,700.97,702.43,710.74,691.55,702.74,693.25,701.45,716.62,725.1,39.58,34.19,247.61,246.81,21.0,90.1,True,16,30,10,7,4,3942.64,4948.2,4122.613333333334,751.9309546317023,1,0,1
2026-07-10 16:45:00,3415.2,681.03,689.09,691.63,699.82,683.38,694.47,683.75,691.84,708.06,716.44,38.85,34.18,244.05,243.34,21.25,89.51,True,16,45,10,7,4,3477.0,3942.64,3611.613333333334,288.3379970335924,1,0,1
2026-07-10 17:00:00,3181.2,634.58,642.07,646.03,653.66,638.03,648.5,634.71,642.21,657.4,665.17,38.65,34.24,231.75,230.78,21.5,87.73,True,17,0,10,7,4,3415.2,3477.0,3357.8000000000006,156.03038165694176,1,0,1
2026-07-10 17:15:00,2613.0,523.34,529.81,532.59,539.1,520.05,528.66,520.54,527.0,537.29,543.84,37.84,34.11,190.33,189.53,21.75,87.44,True,17,15,10,7,4,3181.2,3415.2,3069.8000000000006,412.53930721812566,1,0,1
2026-07-10 17:30:00,2113.8,422.09,427.88,430.1,435.9,422.72,430.08,421.61,427.37,435.06,440.89,36.88,34.03,154.26,154.06,21.75,86.92,True,17,30,10,7,4,2613.0,3181.2,2636.0000000000005,534.0715682378266,1,0,1
2026-07-10 17:45:00,1698.6,339.81,344.74,346.32,351.35,340.47,346.72,337.65,342.54,349.07,354.13,36.18,33.95,125.87,125.76,22.0,85.36,True,17,45,10,7,4,2113.8,2613.0,2141.8000000000006,457.84259303827565,1,0,1
2026-07-10 18:00:00,1206.64,240.06,243.72,244.63,248.28,240.05,245.05,237.99,241.61,246.28,249.96,34.81,33.79,89.9,89.87,22.0,84.41,True,18,0,10,7,4,1698.6,2113.8,1673.013333333334,454.1209360218329,1,0,1
2026-07-10 18:15:00,778.2,158.47,161.6,161.48,164.67,158.15,162.51,157.19,160.3,162.47,165.68,33.97,33.63,60.0,60.12,22.0,81.27,True,18,15,10,7,4,1206.64,1698.6,1227.813333333334,460.5651664350505,1,0,1
2026-07-10 18:30:00,471.0,97.7,100.63,99.46,102.43,97.56,100.59,96.6,99.62,100.07,102.99,31.91,33.41,38.41,38.17,22.25,76.19,True,18,30,10,7,4,778.2,1206.64,818.613333333334,369.48136696367527,1,0,1
2026-07-10 18:45:00,168.6,38.72,40.21,39.09,40.6,38.18,39.42,37.18,38.62,38.71,40.21,31.33,33.17,16.36,15.94,22.25,63.89,True,18,45,10,7,4,471.0,778.2,472.6000000000006,304.8031495900476,0,0,1
2026-07-10 19:00:00,21.0,2.5,2.6,1.95,2.02,4.58,4.79,2.59,2.69,2.7,2.84,30.11,32.95,2.03,1.75,22.25,47.13,True,19,0,10,7,4,168.6,471.0,220.2000000000006,229.3946817169332,0,0,1
2026-07-10 19:15:00,0.0,0.0,0.0,0.0,0.0,0.12,0.13,0.0,0.0,0.0,0.0,29.72,32.6,0.16,0.13,22.25,0.0,True,19,15,10,7,4,21.0,168.6,63.20000000000061,91.88101000758093,0,0,1
2026-07-10 19:30:00,0.0,0.0,0.0,0.0,0.0,0.0,0.0,0.0,0.0,0.0,0.0,28.88,32.34,0.08,0.08,22.25,0.0,True,19,30,10,7,4,0.0,21.0,7.000000000000607,12.124355653527592,0,0,1
2026-07-10 19:45:00,0.0,0.0,0.0,0.0,0.0,0.0,0.0,0.0,0.0,0.0,0.0,27.97,32.11,0.1,0.08,22.25,0.0,True,19,45,10,7,4,0.0,0.0,0.0,0.0001150277608441172,0,0,1
2026-07-10 20:00:00,0.0,0.0,0.0,0.0,0.0,0.0,0.0,0.0,0.0,0.0,0.0,28.05,31.65,0.08,0.07,22.25,0.0,True,20,0,10,7,4,0.0,0.0,0.0,0.0001150277608441172,0,0,1
2026-07-10 20:15:00,0.0,0.0,0.0,0.0,0.0,0.0,0.0,0.0,0.0,0.0,0.0,28.02,31.5,0.11,0.08,22.25,0.0,True,20,15,10,7,4,0.0,0.0,0.0,0.0001150277608441172,0,0,1
2026-07-10 20:30:00,0.0,0.0,0.0,0.0,0.0,0.0,0.0,0.0,0.0,0.0,0.0,27.68,31.51,0.1,0.08,22.25,0.0,True,20,30,10,7,4,0.0,0.0,0.0,0.0001150277608441172,0,0,1
2026-07-10 20:45:00,0.0,0.0,0.0,0.0,0.0,0.0,0.0,0.0,0.0,0.0,0.0,27.52,31.2,0.14,0.09,22.25,0.0,True,20,45,10,7,4,0.0,0.0,0.0,0.0001150277608441172,0,0,1
2026-07-10 21:00:00,0.0,0.0,0.0,0.0,0.0,0.0,0.0,0.0,0.0,0.0,0.0,27.11,30.83,0.14,0.09,22.25,0.0,True,21,0,10,7,4,0.0,0.0,0.0,0.0001150277608441172,0,0,1
2026-07-10 21:15:00,0.0,0.0,0.0,0.0,0.0,0.0,0.0,0.0,0.0,0.0,0.0,27.18,30.67,0.11,0.08,22.25,0.0,True,21,15,10,7,4,0.0,0.0,0.0,0.0001150277608441172,0,0,1
2026-07-10 21:30:00,0.0,0.0,0.0,0.0,0.0,0.0,0.0,0.0,0.0,0.0,0.0,27.26,30.44,0.12,0.09,22.25,0.0,True,21,30,10,7,4,0.0,0.0,0.0,0.0001150277608441172,0,0,1
2026-07-10 21:45:00,0.0,0.0,0.0,0.0,0.0,0.0,0.0,0.0,0.0,0.0,0.0,26.95,30.28,0.12,0.09,22.25,0.0,True,21,45,10,7,4,0.0,0.0,0.0,0.0001150277608441172,0,0,1
2026-07-10 22:00:00,0.0,0.0,0.0,0.0,0.0,0.0,0.0,0.0,0.0,0.0,0.0,26.93,30.14,0.15,0.09,22.25,0.0,True,22,0,10,7,4,0.0,0.0,0.0,0.0001150277608441172,0,0,1
2026-07-10 22:15:00,0.0,0.0,0.0,0.0,0.0,0.0,0.0,0.0,0.0,0.0,0.0,26.57,29.97,0.11,0.08,22.25,0.0,True,22,15,10,7,4,0.0,0.0,0.0,0.0001150277608441172,0,0,1
2026-07-10 22:30:00,0.0,0.0,0.0,0.0,0.0,0.0,0.0,0.0,0.0,0.0,0.0,26.72,29.93,0.14,0.1,22.25,0.0,True,22,30,10,7,4,0.0,0.0,0.0,0.0001150277608441172,0,0,1
2026-07-10 22:45:00,0.0,0.0,0.0,0.0,0.0,0.0,0.0,0.0,0.0,0.0,0.0,26.23,29.44,0.15,0.1,22.25,0.0,True,22,45,10,7,4,0.0,0.0,0.0,0.0001150277608441172,0,0,1
2026-07-10 23:00:00,0.0,0.0,0.0,0.0,0.0,0.0,0.0,0.0,0.0,0.0,0.0,26.04,29.26,0.12,0.08,22.25,0.0,True,23,0,10,7,4,0.0,0.0,0.0,0.0001150277608441172,0,0,1
2026-07-10 23:15:00,0.0,0.0,0.0,0.0,0.0,0.0,0.0,0.0,0.0,0.0,0.0,26.15,29.01,0.09,0.08,22.25,0.0,True,23,15,10,7,4,0.0,0.0,0.0,0.0001150277608441172,0,0,1
2026-07-10 23:30:00,0.0,0.0,0.0,0.0,0.0,0.0,0.0,0.0,0.0,0.0,0.0,25.86,28.81,0.13,0.09,22.25,0.0,True,23,30,10,7,4,0.0,0.0,0.0,0.0001150277608441172,0,0,1
2026-07-10 23:45:00,0.0,0.0,0.0,0.0,0.0,0.0,0.0,0.0,0.0,0.0,0.0,26.11,28.69,0.15,0.1,22.25,0.0,True,23,45,10,7,4,0.0,0.0,0.0,0.0001150277608441172,0,0,1
2026-07-11 00:15:00,0.0,0.0,0.0,0.0,0.0,0.0,0.0,0.0,0.0,0.0,0.0,26.09,28.4,0.15,0.1,0.0,0.0,True,0,15,11,7,5,0.0,0.0,0.0,0.0,0,1,0
2026-07-11 00:30:00,0.0,0.0,0.0,0.0,0.0,0.0,0.0,0.0,0.0,0.0,0.0,25.94,28.42,0.16,0.1,0.0,0.0,True,0,30,11,7,5,0.0,0.0,0.0,0.0,0,1,0
2026-07-11 00:45:00,0.0,0.0,0.0,0.0,0.0,0.0,0.0,0.0,0.0,0.0,0.0,26.1,28.28,0.16,0.11,0.0,0.0,True,0,45,11,7,5,0.0,0.0,0.0,0.0,0,1,0
2026-07-11 01:00:00,0.0,0.0,0.0,0.0,0.0,0.0,0.0,0.0,0.0,0.0,0.0,26.19,28.08,0.16,0.1,0.0,0.0,True,1,0,11,7,5,0.0,0.0,0.0,0.0,0,1,0
2026-07-11 01:15:00,0.0,0.0,0.0,0.0,0.0,0.0,0.0,0.0,0.0,0.0,0.0,26.04,28.02,0.16,0.1,0.0,0.0,True,1,15,11,7,5,0.0,0.0,0.0,0.0,0,1,0
2026-07-11 01:30:00,0.0,0.0,0.0,0.0,0.0,0.0,0.0,0.0,0.0,0.0,0.0,26.23,27.99,0.16,0.1,0.0,0.0,True,1,30,11,7,5,0.0,0.0,0.0,0.0,0,1,0
2026-07-11 01:45:00,0.0,0.0,0.0,0.0,0.0,0.0,0.0,0.0,0.0,0.0,0.0,25.96,27.97,0.16,0.1,0.0,0.0,True,1,45,11,7,5,0.0,0.0,0.0,0.0,0,1,0
2026-07-11 02:00:00,0.0,0.0,0.0,0.0,0.0,0.0,0.0,0.0,0.0,0.0,0.0,25.93,28.06,0.14,0.1,0.0,0.0,True,2,0,11,7,5,0.0,0.0,0.0,0.0,0,1,0
2026-07-11 02:15:00,0.0,0.0,0.0,0.0,0.0,0.0,0.0,0.0,0.0,0.0,0.0,25.58,27.99,0.17,0.1,0.0,0.0,True,2,15,11,7,5,0.0,0.0,0.0,0.0,0,1,0
2026-07-11 02:30:00,0.0,0.0,0.0,0.0,0.0,0.0,0.0,0.0,0.0,0.0,0.0,25.48,28.49,0.25,0.09,0.0,0.0,True,2,30,11,7,5,0.0,0.0,0.0,0.0,0,1,0
2026-07-11 02:45:00,0.0,0.0,0.0,0.0,0.0,0.0,0.0,0.0,0.0,0.0,0.0,25.77,29.0,0.37,0.09,0.0,0.0,True,2,45,11,7,5,0.0,0.0,0.0,0.0,0,1,0
2026-07-11 03:00:00,0.0,0.0,0.0,0.0,0.0,0.0,0.0,0.0,0.0,0.0,0.0,26.47,29.32,0.16,0.09,0.0,0.0,True,3,0,11,7,5,0.0,0.0,0.0,0.0,0,1,0
2026-07-11 03:15:00,0.0,0.0,0.0,0.0,0.0,0.0,0.0,0.0,0.0,0.0,0.0,26.94,29.28,0.16,0.1,0.0,0.0,True,3,15,11,7,5,0.0,0.0,0.0,0.0,0,1,0
2026-07-11 03:30:00,0.0,0.0,0.0,0.0,0.0,0.0,0.0,0.0,0.0,0.0,0.0,27.18,29.5,0.14,0.1,0.0,0.0,True,3,30,11,7,5,0.0,0.0,0.0,0.0,0,1,0
2026-07-11 03:45:00,0.0,0.0,0.0,0.0,0.0,0.0,0.0,0.0,0.0,0.0,0.0,27.56,29.49,0.16,0.09,0.0,0.0,True,3,45,11,7,5,0.0,0.0,0.0,0.0,0,1,0
2026-07-11 04:00:00,0.0,0.0,0.0,0.0,0.0,0.0,0.0,0.0,0.0,0.0,0.0,27.11,29.3,0.17,0.1,0.0,0.0,True,4,0,11,7,5,0.0,0.0,0.0,0.0,0,1,0
2026-07-11 04:15:00,0.0,0.0,0.0,0.0,0.0,0.0,0.0,0.0,0.0,0.0,0.0,26.89,29.22,0.14,0.09,0.0,0.0,True,4,15,11,7,5,0.0,0.0,0.0,0.0,0,1,0
2026-07-11 04:30:00,0.0,0.0,0.0,0.0,0.0,0.0,0.0,0.0,0.0,0.0,0.0,27.63,29.57,0.15,0.09,0.0,0.0,True,4,30,11,7,5,0.0,0.0,0.0,0.0,0,1,0
2026-07-11 04:45:00,0.0,0.0,0.0,0.0,0.0,0.0,0.0,0.0,0.0,0.0,0.0,28.24,29.69,0.14,0.1,0.0,0.0,True,4,45,11,7,5,0.0,0.0,0.0,0.0,0,1,0
2026-07-11 05:00:00,0.0,0.0,0.0,0.0,0.0,0.0,0.0,0.0,0.0,0.0,0.0,28.09,29.52,0.13,0.09,0.0,0.0,True,5,0,11,7,5,0.0,0.0,0.0,0.0,0,1,0
2026-07-11 05:15:00,0.0,0.0,0.0,0.0,0.0,0.0,0.0,0.0,0.0,0.0,0.0,27.36,29.38,0.14,0.09,0.0,0.0,True,5,15,11,7,5,0.0,0.0,0.0,0.0,0,1,0
2026-07-11 05:30:00,0.0,0.0,0.0,0.0,0.0,0.0,0.0,0.0,0.0,0.0,0.0,27.34,29.07,0.15,0.1,0.0,0.0,True,5,30,11,7,5,0.0,0.0,0.0,0.0,0,1,0
2026-07-11 05:45:00,0.0,0.0,0.0,0.0,0.0,0.18,0.18,0.1,0.11,0.17,0.18,26.54,28.88,0.26,0.1,0.0,0.0,True,5,45,11,7,5,0.0,0.0,0.0,0.0,0,1,0
2026-07-11 06:00:00,64.64,0.0,0.0,13.71,14.24,17.98,18.56,17.15,17.82,18.16,18.86,26.26,28.69,6.95,6.29,0.0,56.49,True,6,0,11,7,5,0.0,0.0,21.546666666666667,37.319921400417414,0,1,0
2026-07-11 06:15:00,261.0,0.0,0.0,69.78,71.32,71.04,73.02,70.03,71.59,72.65,74.23,26.75,28.58,26.57,25.78,0.0,59.77,True,6,15,11,7,5,64.64,0.0,108.54666666666667,135.92680579390267,1,1,0
2026-07-11 06:30:00,666.0,0.0,0.0,116.96,118.66,145.35,148.25,145.79,147.91,150.64,152.82,27.0,28.47,52.83,52.27,0.0,76.78,True,6,30,11,7,5,261.0,64.64,330.5466666666667,306.65292519937475,1,1,0
2026-07-11 06:45:00,1155.0,0.0,0.0,0.0,0.0,234.87,239.8,233.65,236.71,241.81,244.89,27.9,28.55,83.78,83.18,0.0,84.27,True,6,45,11,7,5,666.0,261.0,694.0,447.6572349465604,1,1,0
2026-07-11 07:00:00,1479.0,309.38,313.77,314.83,319.39,299.2,304.86,296.64,300.68,306.66,310.95,28.78,28.67,106.5,105.45,0.25,85.19,True,7,0,11,7,5,1155.0,666.0,1100.0,409.2810770118745,1,1,0
2026-07-11 07:15:00,1840.5,365.1,370.4,371.71,377.1,368.6,375.25,365.15,370.45,377.37,382.82,30.41,28.79,130.11,127.96,0.25,87.36,True,7,15,11,7,5,1479.0,1155.0,1491.5,342.9209092487654,1,1,0
2026-07-11 07:30:00,2302.2,459.92,465.97,467.84,473.95,466.33,474.21,461.11,467.2,477.1,483.24,31.13,28.96,162.34,157.04,0.5,87.84,True,7,30,11,7,5,1840.5,1479.0,1873.8999999999999,412.6151112114048,1,1,0
2026-07-11 07:45:00,3102.0,615.77,623.02,626.45,633.84,629.04,639.33,617.62,624.9,642.02,649.59,32.18,29.11,215.25,200.29,0.75,89.65,True,7,45,11,7,5,2302.2,1840.5,2414.9,638.2566333380328,1,1,0
2026-07-11 08:00:00,3801.0,755.0,763.94,767.38,776.47,766.94,779.19,755.77,764.72,783.27,792.55,33.85,29.28,263.29,244.94,1.0,90.42,True,8,0,11,7,5,3102.0,2302.2,3068.4,749.9647191701752,1,1,0
2026-07-11 08:15:00,4193.4,829.63,839.48,848.84,858.98,850.09,863.86,827.73,837.55,857.28,867.51,34.32,29.57,293.02,294.76,1.25,89.81,True,8,15,11,7,5,3801.0,3102.0,3698.7999999999997,552.8310049192241,1,1,0
2026-07-11 08:30:00,4992.6,994.23,1006.45,1009.79,1022.26,992.34,1008.9,993.53,1005.69,1025.78,1038.42,35.49,29.55,341.17,346.09,1.5,92.29,True,8,30,11,7,5,4193.4,3801.0,4329.0,607.2628425978324,1,1,0
2026-07-11 08:45:00,6599.4,1319.24,1336.07,1332.87,1349.87,1328.64,1352.53,1323.52,1340.41,1365.78,1383.66,37.78,29.82,459.19,472.26,2.0,91.51,True,8,45,11,7,5,4992.6,4193.4,5261.8,1225.3817690825986,1,1,0
2026-07-11 09:00:00,6961.5,1385.76,1403.45,1421.96,1440.1,1403.02,1428.66,1381.13,1398.75,1428.2,1446.65,39.76,30.14,493.81,509.2,2.5,90.52,True,9,0,11,7,5,6599.4,4992.6,6184.5,1047.9734300066955,1,1,0
2026-07-11 09:15:00,8309.4,1671.19,1695.7,1675.16,1699.51,1649.28,1681.43,1664.99,1689.29,1719.97,1745.41,41.02,30.43,576.32,595.91,3.0,93.08,True,9,15,11,7,5,6961.5,6599.4,7290.099999999999,901.1151258302122,1,1,0
2026-07-11 09:30:00,8912.4,1786.24,1812.89,1817.42,1844.53,1787.59,1823.62,1766.82,1793.18,1818.85,1845.99,43.2,30.85,636.48,656.92,3.75,91.24,True,9,30,11,7,5,8309.4,6961.5,8061.099999999999,998.8705471681502,1,1,0
2026-07-11 09:45:00,8643.6,1742.99,1769.0,1756.69,1782.72,1773.26,1808.88,1718.72,1744.37,1733.5,1759.2,43.55,30.91,635.44,650.86,4.25,88.77,True,9,45,11,7,5,8912.4,8309.4,8621.800000000001,302.09051623644297,1,1,0
2026-07-11 10:00:00,9986.79,2005.95,2036.45,2024.05,2055.05,2016.12,2058.79,2000.79,2030.92,2079.38,2111.72,43.85,31.14,719.2,735.91,5.0,90.74,True,10,0,11,7,5,8643.6,8912.4,9180.93,710.7187310743972,1,1,0
2026-07-11 10:15:00,10402.2,2068.67,2101.25,2141.31,2175.33,2074.73,2119.16,2056.45,2088.81,2185.74,2220.53,46.05,31.7,776.06,789.02,5.75,88.43,True,10,15,11,7,5,9986.79,8643.6,9677.53,919.1843126925098,1,1,0
2026-07-11 10:30:00,10464.0,2026.95,2057.89,2119.89,2153.02,2106.94,2152.31,2098.55,2131.01,2180.25,2215.18,45.88,31.62,776.36,547.37,6.5,88.86,True,10,30,11,7,5,10402.2,9986.79,10284.330000000002,259.5233105137208,1,1,0
2026-07-11 10:45:00,10692.0,2166.0,2200.5,2161.93,2196.25,2062.17,2106.19,2171.14,2205.86,2225.51,2261.2,46.64,32.01,766.04,569.54,7.25,92.32,True,10,45,11,7,5,10464.0,10402.2,10519.400000000001,152.6364307758861,1,1,0
2026-07-11 11:00:00,10546.8,2112.42,2145.42,2123.31,2156.54,2088.97,2133.82,2108.91,2141.86,2157.83,2191.59,46.52,32.2,769.93,782.89,8.0,90.56,True,11,0,11,7,5,10692.0,10464.0,10567.599999999999,115.41438385228264,1,1,0
2026-07-11 11:15:00,8821.2,1758.56,1784.8,1803.13,1830.03,1749.85,1784.81,1747.47,1773.54,1785.99,1812.64,45.35,32.22,637.49,646.02,8.5,91.01,True,11,15,11,7,5,10546.8,10692.0,10020.0,1040.7265923382583,1,1,0
2026-07-11 11:30:00,10363.2,2061.31,2093.25,2091.33,2124.16,2092.76,2137.81,2077.55,2109.91,2142.77,2176.43,43.86,32.18,748.37,755.28,9.25,90.49,True,11,30,11,7,5,8821.2,10546.8,9910.4,947.7313543404607,1,1,0
2026-07-11 11:45:00,12369.6,2469.44,2510.02,2514.67,2556.06,2473.1,2529.6,2454.79,2494.96,2540.88,2582.9,47.2,32.71,924.28,931.52,10.0,88.74,True,11,45,11,7,5,10363.2,8821.2,10518.000000000002,1779.2576879136982,1,1,0
2026-07-11 12:00:00,11920.2,2363.96,2402.85,2411.99,2451.86,2396.92,2451.3,2379.16,2418.31,2449.33,2489.82,48.83,33.0,912.71,919.5,11.0,87.22,True,12,0,11,7,5,12369.6,10363.2,11551.0,1052.920566804538,1,0,1
2026-07-11 12:15:00,12748.8,2537.47,2579.52,2594.84,2637.84,2597.8,2657.61,2543.22,2585.36,2631.91,2675.52,50.05,33.23,983.03,985.83,11.75,87.08,True,12,15,11,7,5,11920.2,12369.6,12346.199999999999,414.7953230208633,1,0,1
2026-07-11 12:30:00,13259.4,2675.08,2719.4,2708.77,2753.66,2631.19,2691.67,2665.93,2710.1,2706.76,2751.52,51.26,33.61,1034.42,1039.08,12.75,86.54,True,12,30,11,7,5,12748.8,11920.2,12642.800000000001,675.8632701959618,1,0,1
2026-07-11 12:45:00,12667.5,2567.16,2609.7,2632.26,2675.77,2454.92,2510.9,2559.35,2601.76,2634.97,2678.63,53.0,33.86,953.73,950.05,13.5,90.37,True,12,45,11,7,5,13259.4,12748.8,12891.9,320.8498246843502,1,0,1
2026-07-11 13:00:00,12944.45,2509.91,2551.01,2452.91,2492.6,2578.83,2638.1,2612.31,2655.6,2708.13,2753.0,51.73,33.84,1020.97,1016.94,14.5,85.77,True,13,0,11,7,5,12667.5,13259.4,12957.116666666667,296.15323032732715,1,0,1
2026-07-11 13:15:00,12840.6,2573.27,2615.43,2586.6,2629.01,2545.56,2603.75,2571.55,2613.56,2674.64,2718.74,52.93,34.2,1029.27,1024.6,15.5,84.86,True,13,15,11,7,5,12944.45,12667.5,12817.516666666668,139.91052795737934,1,0,1
2026-07-11 13:30:00,11551.2,2326.5,2363.43,2302.24,2338.88,2304.32,2355.63,2249.85,2285.6,2484.12,2524.38,51.79,34.25,925.16,916.98,16.25,84.49,True,13,30,11,7,5,12840.6,12944.45,12445.416666666666,776.1532006204158,1,0,1
2026-07-11 13:45:00,11639.57,2295.77,2333.03,2335.0,2373.07,2360.82,2414.1,2328.71,2366.69,2442.63,2483.01,50.44,34.18,910.21,906.47,17.0,86.01,True,13,45,11,7,5,11551.2,12840.6,12010.456666666667,720.2817362902655,1,0,1
2026-07-11 14:00:00,9855.6,1965.04,1994.97,1988.71,2018.84,1917.85,1957.82,1952.14,1981.82,1998.92,2029.41,49.84,34.33,737.56,731.29,17.75,89.64,True,14,0,11,7,5,11639.57,11551.2,11015.456666666667,1005.436686039121,1,0,1
2026-07-11 14:15:00,5700.0,1131.38,1145.82,1176.66,1191.67,1147.96,1167.71,1120.27,1134.45,1142.71,1157.18,43.9,34.14,417.75,412.91,18.0,89.18,True,14,15,11,7,5,9855.6,11639.57,9065.056666666665,3047.678135504692,1,0,1
2026-07-11 14:30:00,4728.6,941.36,952.6,963.86,975.45,965.64,981.67,942.36,953.61,969.39,981.02,40.68,33.85,337.4,331.99,18.5,90.34,True,14,30,11,7,5,5700.0,9855.6,6761.400000000001,2723.3177780053597,1,0,1
2026-07-11 14:45:00,7268.4,1406.24,1424.81,1426.58,1445.82,1512.62,1541.26,1442.69,1461.79,1528.97,1550.41,41.66,34.27,543.1,532.74,19.0,86.63,True,14,45,11,7,5,4728.6,5700.0,5899.0,1281.5407757851715,1,0,1
2026-07-11 15:00:00,8514.6,1698.72,1724.06,1723.33,1749.04,1716.25,1750.24,1705.0,1730.44,1766.66,1793.02,44.74,34.38,646.5,632.9,19.5,86.4,True,15,0,11,7,5,7268.4,4728.6,6837.2,1929.4815573101616,1,0,1
2026-07-11 15:15:00,6946.71,1372.3,1389.99,1402.63,1421.4,1335.79,1360.08,1352.02,1369.74,1378.32,1396.74,44.92,34.51,519.95,508.8,20.0,87.71,True,15,15,11,7,5,8514.6,7268.4,7576.57,828.1282054730631,1,0,1
2026-07-11 15:30:00,6199.07,1225.73,1241.23,1267.74,1283.76,1330.68,1354.63,1234.98,1250.61,1273.22,1289.37,42.91,34.35,486.29,475.22,20.5,82.96,True,15,30,11,7,5,6946.71,8514.6,7220.126666666667,1181.730637850003,1,0,1
2026-07-11 15:45:00,6573.86,1288.42,1304.86,1325.32,1342.23,1338.73,1362.76,1303.62,1320.26,1345.84,1362.97,43.62,34.37,514.53,500.83,21.0,83.41,True,15,45,11,7,5,6199.07,6946.71,6573.213333333333,373.82041949762913,1,0,1
2026-07-11 16:00:00,6149.4,1179.39,1194.16,1201.3,1216.34,1269.74,1292.6,1239.09,1254.66,1307.25,1323.68,43.17,34.48,493.23,480.34,21.25,81.23,True,16,0,11,7,5,6573.86,6199.07,6307.443333333334,232.05636693137052,1,0,1
2026-07-11 16:15:00,4978.2,933.31,944.64,985.13,997.22,1031.59,1049.21,954.03,965.67,987.43,999.39,42.55,34.44,411.37,403.21,21.75,78.64,True,16,15,11,7,5,6149.4,6573.86,5900.486666666667,826.4388026547354,1,0,1
2026-07-11 16:30:00,3976.8,802.45,812.0,805.87,815.45,796.93,809.9,783.17,792.46,812.93,822.6,40.41,34.32,306.58,299.45,22.0,83.52,True,16,30,11,7,5,4978.2,6149.4,5034.8,1087.4053338107512,1,0,1
2026-07-11 16:45:00,4969.8,965.56,977.38,985.4,997.36,987.57,1004.04,1000.78,1013.02,1025.42,1038.17,39.92,34.38,388.45,372.9,22.25,82.21,True,16,45,11,7,5,3976.8,4978.2,4641.599999999999,575.7490078151045,1,0,1
2026-07-11 17:00:00,4605.6,913.75,924.66,945.67,956.96,923.62,938.81,907.66,918.49,934.64,945.8,40.89,34.63,375.41,358.55,22.5,79.15,True,17,0,11,7,5,4969.8,3976.8,4517.400000000001,502.34119878831285,1,0,1
2026-07-11 17:15:00,3111.0,633.56,641.11,648.54,656.28,616.51,626.63,610.52,617.82,614.59,621.92,39.31,34.31,253.55,242.03,22.75,78.63,True,17,15,11,7,5,4605.6,4969.8,4228.8,985.0218474734885,1,0,1
2026-07-11 17:30:00,2074.8,408.91,414.63,420.48,426.32,423.92,431.29,410.8,416.52,429.51,435.26,36.7,34.05,170.06,164.06,23.0,77.34,True,17,30,11,7,5,3111.0,4605.6,3263.8000000000006,1272.3002947418113,1,0,1
2026-07-11 17:45:00,1749.21,348.78,353.84,358.21,363.41,353.68,360.12,346.14,351.16,358.69,363.89,35.43,33.82,147.72,141.95,23.0,74.66,True,17,45,11,7,5,2074.8,3111.0,2311.67,711.124847477653,1,0,1
2026-07-11 18:00:00,1160.4,233.77,237.44,238.94,242.62,234.17,239.11,231.92,235.55,239.01,242.72,34.32,33.67,95.37,92.79,23.25,76.36,True,18,0,11,7,5,1749.21,2074.8,1661.47,463.47121884764965,1,0,1
2026-07-11 18:15:00,740.4,151.33,154.33,154.35,157.4,150.87,155.14,150.34,153.31,154.88,157.94,33.38,33.49,66.39,64.41,23.25,69.71,True,18,15,11,7,5,1160.4,1749.21,1216.67,506.7535285522273,1,0,1
2026-07-11 18:30:00,463.8,96.4,99.4,98.1,101.02,95.8,98.78,95.0,97.95,98.24,101.22,32.46,33.33,42.79,41.59,23.25,67.5,True,18,30,11,7,5,740.4,1160.4,788.1999999999999,350.7513649298315,1,0,1
2026-07-11 18:45:00,183.0,41.56,43.17,42.16,43.79,41.58,42.92,40.45,42.02,42.07,43.69,31.07,33.03,18.82,18.26,23.25,60.21,True,18,45,11,7,5,463.8,740.4,462.40000000000003,278.70263723213117,0,0,1
2026-07-11 19:00:00,18.0,2.17,2.25,1.75,1.82,2.95,3.09,2.01,2.09,2.2,2.31,29.92,32.72,1.27,1.09,23.25,37.51,True,19,0,11,7,5,183.0,463.8,221.6,225.39272392903163,0,0,1
2026-07-11 19:15:00,0.0,0.0,0.0,0.0,0.0,0.0,0.0,0.0,0.0,0.0,0.0,28.76,32.47,0.06,0.08,23.25,0.0,True,19,15,11,7,5,18.0,183.0,67.0,100.86129089076279,0,0,1
2026-07-11 19:30:00,0.0,0.0,0.0,0.0,0.0,0.0,0.0,0.0,0.0,0.0,0.0,27.79,32.29,0.1,0.08,23.25,0.0,True,19,30,11,7,5,0.0,18.0,6.0,10.392304852727317,0,0,1
2026-07-11 19:45:00,0.0,0.0,0.0,0.0,0.0,0.0,0.0,0.0,0.0,0.0,0.0,27.08,31.52,0.11,0.08,23.25,0.0,True,19,45,11,7,5,0.0,0.0,0.0,0.0003900171257185316,0,0,1
2026-07-11 20:00:00,0.0,0.0,0.0,0.0,0.0,0.0,0.0,0.0,0.0,0.0,0.0,26.9,31.04,0.13,0.09,23.25,0.0,True,20,0,11,7,5,0.0,0.0,0.0,0.0003900171257185316,0,0,1
2026-07-11 20:15:00,0.0,0.0,0.0,0.0,0.0,0.0,0.0,0.0,0.0,0.0,0.0,26.48,30.66,0.12,0.09,23.25,0.0,True,20,15,11,7,5,0.0,0.0,0.0,0.0003900171257185316,0,0,1
2026-07-11 20:30:00,0.0,0.0,0.0,0.0,0.0,0.0,0.0,0.0,0.0,0.0,0.0,26.18,30.25,0.09,0.08,23.25,0.0,True,20,30,11,7,5,0.0,0.0,0.0,0.0003900171257185316,0,0,1
2026-07-11 20:45:00,0.0,0.0,0.0,0.0,0.0,0.0,0.0,0.0,0.0,0.0,0.0,26.19,30.15,0.16,0.09,23.25,0.0,True,20,45,11,7,5,0.0,0.0,0.0,0.0003900171257185316,0,0,1
2026-07-11 21:00:00,0.0,0.0,0.0,0.0,0.0,0.0,0.0,0.0,0.0,0.0,0.0,26.02,29.94,0.14,0.09,23.25,0.0,True,21,0,11,7,5,0.0,0.0,0.0,0.0003900171257185316,0,0,1
2026-07-11 21:15:00,0.0,0.0,0.0,0.0,0.0,0.0,0.0,0.0,0.0,0.0,0.0,25.87,29.66,0.14,0.09,23.25,0.0,True,21,15,11,7,5,0.0,0.0,0.0,0.0003900171257185316,0,0,1
2026-07-11 21:30:00,0.0,0.0,0.0,0.0,0.0,0.0,0.0,0.0,0.0,0.0,0.0,25.94,29.58,0.16,0.09,23.25,0.0,True,21,30,11,7,5,0.0,0.0,0.0,0.0003900171257185316,0,0,1
2026-07-11 21:45:00,0.0,0.0,0.0,0.0,0.0,0.0,0.0,0.0,0.0,0.0,0.0,25.85,29.14,0.14,0.09,23.25,0.0,True,21,45,11,7,5,0.0,0.0,0.0,0.0003900171257185316,0,0,1
2026-07-11 22:00:00,0.0,0.0,0.0,0.0,0.0,0.0,0.0,0.0,0.0,0.0,0.0,25.73,28.97,0.15,0.09,23.25,0.0,True,22,0,11,7,5,0.0,0.0,0.0,0.0003900171257185316,0,0,1
2026-07-11 22:15:00,0.0,0.0,0.0,0.0,0.0,0.0,0.0,0.0,0.0,0.0,0.0,25.89,28.8,0.19,0.09,23.25,0.0,True,22,15,11,7,5,0.0,0.0,0.0,0.0003900171257185316,0,0,1
2026-07-11 22:30:00,0.0,0.0,0.0,0.0,0.0,0.0,0.0,0.0,0.0,0.0,0.0,26.5,28.71,0.72,0.09,23.25,0.0,True,22,30,11,7,5,0.0,0.0,0.0,0.0003900171257185316,0,0,1
2026-07-11 22:45:00,0.0,0.0,0.0,0.0,0.0,0.0,0.0,0.0,0.0,0.0,0.0,26.94,28.86,0.3,0.08,23.25,0.0,True,22,45,11,7,5,0.0,0.0,0.0,0.0003900171257185316,0,0,1
2026-07-11 23:00:00,0.0,0.0,0.0,0.0,0.0,0.0,0.0,0.0,0.0,0.0,0.0,26.88,29.0,0.14,0.09,23.25,0.0,True,23,0,11,7,5,0.0,0.0,0.0,0.0003900171257185316,0,0,1
2026-07-11 23:15:00,0.0,0.0,0.0,0.0,0.0,0.0,0.0,0.0,0.0,0.0,0.0,26.66,28.98,0.14,0.09,23.25,0.0,True,23,15,11,7,5,0.0,0.0,0.0,0.0003900171257185316,0,0,1
2026-07-11 23:30:00,0.0,0.0,0.0,0.0,0.0,0.0,0.0,0.0,0.0,0.0,0.0,26.39,28.82,0.14,0.09,23.25,0.0,True,23,30,11,7,5,0.0,0.0,0.0,0.0003900171257185316,0,0,1
2026-07-11 23:45:00,0.0,0.0,0.0,0.0,0.0,0.0,0.0,0.0,0.0,0.0,0.0,26.17,28.55,0.15,0.08,23.25,0.0,True,23,45,11,7,5,0.0,0.0,0.0,0.0003900171257185316,0,0,1
2026-07-12 00:15:00,0.0,0.0,0.0,0.0,0.0,0.0,0.0,0.0,0.0,0.0,0.0,26.48,28.22,0.12,0.09,0.0,0.0,True,0,15,12,7,6,0.0,0.0,0.0,0.0,0,1,0
2026-07-12 00:30:00,0.0,0.0,0.0,0.0,0.0,0.0,0.0,0.0,0.0,0.0,0.0,26.02,28.24,0.12,0.08,0.0,0.0,True,0,30,12,7,6,0.0,0.0,0.0,0.0,0,1,0
2026-07-12 00:45:00,0.0,0.0,0.0,0.0,0.0,0.0,0.0,0.0,0.0,0.0,0.0,25.51,28.19,0.11,0.07,0.0,0.0,True,0,45,12,7,6,0.0,0.0,0.0,0.0,0,1,0
2026-07-12 01:00:00,0.0,0.0,0.0,0.0,0.0,0.0,0.0,0.0,0.0,0.0,0.0,25.55,28.05,0.14,0.08,0.0,0.0,True,1,0,12,7,6,0.0,0.0,0.0,0.0,0,1,0
2026-07-12 01:15:00,0.0,0.0,0.0,0.0,0.0,0.0,0.0,0.0,0.0,0.0,0.0,24.85,28.37,0.16,0.08,0.0,0.0,True,1,15,12,7,6,0.0,0.0,0.0,0.0,0,1,0
2026-07-12 01:30:00,0.0,0.0,0.0,0.0,0.0,0.0,0.0,0.0,0.0,0.0,0.0,24.94,28.76,0.18,0.07,0.0,0.0,True,1,30,12,7,6,0.0,0.0,0.0,0.0,0,1,0
2026-07-12 01:45:00,0.0,0.0,0.0,0.0,0.0,0.0,0.0,0.0,0.0,0.0,0.0,26.41,29.67,1.33,0.09,0.0,0.0,True,1,45,12,7,6,0.0,0.0,0.0,0.0,0,1,0
2026-07-12 02:00:00,0.0,0.0,0.0,0.0,0.0,0.0,0.0,0.0,0.0,0.0,0.0,27.65,29.83,1.14,0.09,0.0,0.0,True,2,0,12,7,6,0.0,0.0,0.0,0.0,0,1,0
2026-07-12 02:15:00,0.0,0.0,0.0,0.0,0.0,0.0,0.0,0.0,0.0,0.0,0.0,28.02,29.87,0.36,0.09,0.0,0.0,True,2,15,12,7,6,0.0,0.0,0.0,0.0,0,1,0
2026-07-12 02:30:00,0.0,0.0,0.0,0.0,0.0,0.0,0.0,0.0,0.0,0.0,0.0,28.11,30.05,0.2,0.09,0.0,0.0,True,2,30,12,7,6,0.0,0.0,0.0,0.0,0,1,0
2026-07-12 02:45:00,0.0,0.0,0.0,0.0,0.0,0.0,0.0,0.0,0.0,0.0,0.0,28.27,29.99,0.13,0.09,0.0,0.0,True,2,45,12,7,6,0.0,0.0,0.0,0.0,0,1,0
2026-07-12 03:00:00,0.0,0.0,0.0,0.0,0.0,0.0,0.0,0.0,0.0,0.0,0.0,28.35,29.83,0.15,0.1,0.0,0.0,True,3,0,12,7,6,0.0,0.0,0.0,0.0,0,1,0
2026-07-12 03:15:00,0.0,0.0,0.0,0.0,0.0,0.0,0.0,0.0,0.0,0.0,0.0,27.75,29.9,0.12,0.09,0.0,0.0,True,3,15,12,7,6,0.0,0.0,0.0,0.0,0,1,0
2026-07-12 03:30:00,0.0,0.0,0.0,0.0,0.0,0.0,0.0,0.0,0.0,0.0,0.0,27.4,29.78,0.08,0.08,0.0,0.0,True,3,30,12,7,6,0.0,0.0,0.0,0.0,0,1,0
2026-07-12 03:45:00,0.0,0.0,0.0,0.0,0.0,0.0,0.0,0.0,0.0,0.0,0.0,27.63,29.69,0.14,0.09,0.0,0.0,True,3,45,12,7,6,0.0,0.0,0.0,0.0,0,1,0
2026-07-12 04:00:00,0.0,0.0,0.0,0.0,0.0,0.0,0.0,0.0,0.0,0.0,0.0,27.64,29.67,0.13,0.09,0.0,0.0,True,4,0,12,7,6,0.0,0.0,0.0,0.0,0,1,0
2026-07-12 04:15:00,0.0,0.0,0.0,0.0,0.0,0.0,0.0,0.0,0.0,0.0,0.0,27.84,29.8,0.13,0.09,0.0,0.0,True,4,15,12,7,6,0.0,0.0,0.0,0.0,0,1,0
2026-07-12 04:30:00,0.0,0.0,0.0,0.0,0.0,0.0,0.0,0.0,0.0,0.0,0.0,28.24,29.95,0.12,0.09,0.0,0.0,True,4,30,12,7,6,0.0,0.0,0.0,0.0,0,1,0
2026-07-12 04:45:00,0.0,0.0,0.0,0.0,0.0,0.0,0.0,0.0,0.0,0.0,0.0,28.51,29.95,0.14,0.09,0.0,0.0,True,4,45,12,7,6,0.0,0.0,0.0,0.0,0,1,0
2026-07-12 05:00:00,0.0,0.0,0.0,0.0,0.0,0.0,0.0,0.0,0.0,0.0,0.0,28.0,29.78,0.12,0.09,0.0,0.0,True,5,0,12,7,6,0.0,0.0,0.0,0.0,0,1,0
2026-07-12 05:15:00,0.0,0.0,0.0,0.0,0.0,0.0,0.0,0.0,0.0,0.0,0.0,27.99,29.64,0.13,0.09,0.0,0.0,True,5,15,12,7,6,0.0,0.0,0.0,0.0,0,1,0
2026-07-12 05:30:00,0.0,0.0,0.0,0.0,0.0,0.0,0.0,0.0,0.0,0.0,0.0,27.34,29.47,0.11,0.08,0.0,0.0,True,5,30,12,7,6,0.0,0.0,0.0,0.0,0,1,0
2026-07-12 05:45:00,0.0,0.0,0.0,0.0,0.0,1.26,1.3,1.34,1.39,1.58,1.64,26.96,29.38,0.51,0.23,0.0,0.0,True,5,45,12,7,6,0.0,0.0,0.0,0.0,0,1,0
2026-07-12 06:00:00,61.07,0.0,0.0,19.43,20.18,21.24,21.92,23.04,23.93,24.04,24.97,26.64,28.86,7.18,6.66,0.0,51.72,True,6,0,12,7,6,0.0,0.0,20.356666666666666,35.25878093941045,0,1,0
2026-07-12 06:15:00,284.4,0.0,0.0,54.31,55.67,71.87,73.89,75.05,76.6,77.39,78.95,26.21,29.04,27.08,27.28,0.0,63.75,True,6,15,12,7,6,61.07,0.0,115.15666666666665,149.7159498294465,1,1,0
2026-07-12 06:30:00,592.2,0.0,0.0,0.0,0.0,121.45,123.93,124.41,126.21,127.93,129.78,27.24,29.34,47.26,48.56,0.0,76.39,True,6,30,12,7,6,284.4,61.07,312.5566666666667,266.6821471964956,1,1,0
2026-07-12 06:45:00,928.8,214.34,217.21,216.23,219.14,189.95,193.85,195.8,198.51,200.31,203.08,28.1,29.29,71.08,69.05,0.25,79.94,True,6,45,12,7,6,592.2,284.4,601.8000000000001,322.30724472155447,1,1,0
2026-07-12 07:00:00,1410.0,290.98,294.9,294.9,298.93,299.43,305.11,301.63,305.78,301.86,306.13,29.28,29.53,110.5,96.86,0.25,78.43,True,7,0,12,7,6,928.8,592.2,977.0,411.02510872208285,1,1,0
2026-07-12 07:15:00,2238.0,447.32,453.35,452.14,458.24,458.95,466.74,454.66,460.76,467.73,473.87,31.24,29.57,166.35,131.09,0.5,83.37,True,7,15,12,7,6,1410.0,928.8,1525.6000000000001,662.2112049791969,1,1,0
2026-07-12 07:30:00,3008.4,599.79,606.9,607.27,614.43,614.18,624.28,603.6,610.71,621.56,628.88,32.92,29.75,218.83,160.33,0.5,85.78,True,7,30,12,7,6,2238.0,1410.0,2218.7999999999997,799.3729542585236,1,1,0
2026-07-12 07:45:00,3639.6,732.11,740.77,740.86,749.63,727.49,739.14,735.71,744.42,746.53,755.37,34.17,29.65,259.67,181.31,0.75,87.91,True,7,45,12,7,6,3008.4,2238.0,2962.0,701.9511094086249,1,1,0
2026-07-12 08:00:00,4338.6,868.36,878.7,880.32,890.81,875.92,890.19,872.25,882.64,892.1,902.73,34.69,29.63,307.9,216.57,1.25,88.57,True,8,0,12,7,6,3639.6,3008.4,3662.2000000000003,665.3879169326713,1,1,0
2026-07-12 08:15:00,4710.86,942.94,954.2,956.88,968.3,952.53,968.28,948.95,960.28,972.08,983.74,35.52,29.83,335.3,351.9,1.5,88.61,True,8,15,12,7,6,4338.6,3639.6,4229.686666666667,543.8713841831837,1,1,0
2026-07-12 08:30:00,5941.8,1179.42,1194.42,1195.96,1211.17,1203.17,1224.08,1200.06,1215.37,1235.84,1251.61,36.58,29.91,416.43,440.82,2.0,90.4,True,8,30,12,7,6,4710.86,4338.6,4997.086666666667,839.0511537047865,1,1,0
2026-07-12 08:45:00,6933.0,1383.03,1400.68,1404.42,1422.34,1398.33,1423.85,1394.18,1411.97,1438.42,1456.78,38.65,30.19,483.72,509.91,2.5,91.6,True,8,45,12,7,6,5941.8,4710.86,5861.886666666666,1113.2233156619272,1,1,0
2026-07-12 09:00:00,7847.4,1566.15,1588.19,1591.72,1614.69,1580.62,1610.87,1575.61,1598.01,1623.69,1647.69,40.28,30.39,550.46,578.45,3.0,91.74,True,9,0,12,7,6,6933.0,5941.8,6907.399999999999,953.0578996052662,1,1,0
2026-07-12 09:15:00,8493.43,1685.58,1710.72,1710.29,1735.81,1716.79,1750.79,1703.78,1729.2,1758.78,1785.01,41.54,30.79,602.98,630.34,3.5,91.13,True,9,15,12,7,6,7847.4,6933.0,7757.943333333334,784.0518590203949,1,1,0
2026-07-12 09:30:00,9034.2,1798.58,1825.41,1824.43,1851.65,1822.43,1859.48,1816.05,1843.15,1872.78,1900.72,42.69,30.93,647.02,673.2,4.25,90.79,True,9,30,12,7,6,8493.43,7847.4,8458.343333333332,594.1774698129668,1,1,0
2026-07-12 09:45:00,9544.8,1912.05,1940.58,1959.76,1989.0,1934.04,1974.32,1906.7,1934.93,1999.9,2029.74,43.41,31.31,697.09,721.32,4.75,89.3,True,9,45,12,7,6,9034.2,8493.43,9024.143333333333,525.7571413051279,1,1,0
2026-07-12 10:00:00,10351.64,2066.52,2098.36,2092.67,2125.25,2089.68,2134.52,2079.48,2111.76,2146.45,2180.28,44.51,31.42,751.61,774.32,5.5,90.26,True,10,0,12,7,6,9544.8,9034.2,9643.546666666667,664.2478577559318,1,1,0
2026-07-12 10:15:00,10933.2,2177.79,2212.53,2224.21,2259.83,2209.68,2258.15,2186.06,2220.93,2254.99,2291.06,45.53,31.52,801.25,820.18,6.25,89.82,True,10,15,12,7,6,10351.64,9544.8,10276.546666666667,697.2394829134053,1,1,0
2026-07-12 10:30:00,11202.43,2230.58,2266.16,2275.06,2311.82,2260.35,2310.39,2239.09,2274.81,2305.77,2343.55,45.92,31.56,827.92,548.02,7.0,89.22,True,10,30,12,7,6,10933.2,10351.64,10829.089999999998,434.8448862525861,1,1,0
2026-07-12 10:45:00,11544.0,2305.21,2342.98,2351.34,2390.3,2314.67,2366.43,2304.91,2342.68,2364.68,2403.86,47.38,32.09,854.04,561.41,7.75,89.7,True,10,45,12,7,6,11202.43,10933.2,11226.543333333333,306.1131320825058,1,1,0
2026-07-12 11:00:00,11566.2,2352.69,2391.36,2402.79,2442.37,2335.03,2387.59,2298.59,2336.1,2390.04,2429.29,47.96,32.28,881.62,897.77,8.75,87.28,True,11,0,12,7,6,11544.0,11202.43,11437.543333333335,203.91645258135688,1,1,0
2026-07-12 11:15:00,12088.8,2460.79,2501.56,2524.3,2566.13,2480.09,2537.13,2439.49,2479.82,2472.98,2513.64,48.24,32.42,932.56,949.73,9.5,86.35,True,11,15,12,7,6,11566.2,11544.0,11733.0,308.3317045002579,1,1,0
2026-07-12 11:30:00,11621.4,2319.25,2357.09,2426.29,2466.1,2334.56,2387.48,2344.73,2383.21,2393.36,2432.5,48.71,32.85,878.03,892.97,10.25,88.35,True,11,30,12,7,6,12088.8,11566.2,11758.800000000001,287.11802451262895,1,1,0
2026-07-12 11:45:00,12413.77,2501.26,2542.71,2551.77,2594.05,2478.65,2535.58,2507.57,2549.12,2498.67,2539.72,49.05,32.73,952.11,959.92,11.25,87.16,True,11,45,12,7,6,11621.4,12088.8,12041.323333333334,398.31279119979604,1,1,0
2026-07-12 12:00:00,12393.6,2471.96,2512.73,2412.87,2452.23,2523.49,2581.75,2517.52,2559.23,2590.83,2633.76,50.01,32.93,971.57,979.6,12.0,85.64,True,12,0,12,7,6,12413.77,11621.4,12142.923333333334,451.7650358686183,1,0,1
2026-07-12 12:15:00,12376.8,2489.65,2530.68,2568.53,2611.0,2411.93,2466.85,2465.27,2505.85,2474.04,2514.28,50.07,33.13,936.77,941.46,13.0,88.73,True,12,15,12,7,6,12393.6,12413.77,12394.723333333333,18.51058165960943,1,0,1
2026-07-12 12:30:00,12259.2,2317.05,2354.24,2321.86,2359.15,2591.43,2651.18,2456.21,2496.32,2700.37,2745.11,49.66,33.44,1018.57,1020.25,13.75,80.68,True,12,30,12,7,6,12376.8,12393.6,12343.199999999999,73.22950225177665,1,0,1
2026-07-12 12:45:00,12427.8,2460.49,2500.89,2571.42,2613.89,2514.97,2572.61,2464.4,2504.94,2555.67,2597.83,51.39,33.79,985.17,982.81,14.75,85.21,True,12,45,12,7,6,12259.2,12376.8,12354.6,86.46455921383661,1,0,1
2026-07-12 13:00:00,12662.36,2607.06,2650.25,2628.5,2672.06,2358.93,2411.95,2584.59,2627.42,2518.71,2559.81,50.76,33.89,980.97,974.18,15.5,86.95,True,13,0,12,7,6,12427.8,12259.2,12449.786666666667,202.47729880996044,1,0,1
2026-07-12 13:15:00,11727.6,2304.84,2342.21,2278.92,2315.58,2477.13,2533.29,2204.69,2240.06,2475.42,2515.64,51.11,34.43,986.93,986.11,16.25,80.17,True,13,15,12,7,6,12662.36,12427.8,12272.586666666668,486.3254553623269,1,0,1
2026-07-12 13:30:00,12105.6,2469.63,2510.55,2481.14,2522.04,2314.81,2366.7,2460.6,2501.37,2539.71,2581.7,50.18,34.32,920.95,909.0,17.25,88.31,True,13,30,12,7,6,11727.6,12662.36,12165.186666666666,470.220153261611,1,0,1
2026-07-12 13:45:00,11665.2,2333.94,2372.33,2342.67,2381.01,2282.16,2333.22,2373.75,2412.9,2384.66,2423.59,51.24,34.64,943.64,933.72,18.0,83.45,True,13,45,12,7,6,12105.6,11727.6,11832.800000000001,238.3030004008202,1,0,1
2026-07-12 14:00:00,11383.2,2253.42,2289.9,2303.24,2340.81,2291.01,2342.24,2202.5,2238.11,2291.27,2328.33,50.75,34.35,893.4,887.91,18.75,85.82,True,14,0,12,7,6,11665.2,12105.6,11718.0,364.0828477146803,1,0,1
2026-07-12 14:15:00,9766.8,1864.4,1892.16,1874.61,1902.81,1975.55,2017.13,1972.98,2003.32,2036.78,2068.42,47.46,34.17,763.7,753.83,19.5,84.89,True,14,15,12,7,6,11383.2,11665.2,10938.400000000001,1024.385630512269,1,0,1
2026-07-12 14:30:00,7458.0,1503.69,1524.67,1542.72,1564.63,1432.98,1460.12,1393.51,1412.41,1328.8,1346.31,46.32,34.54,587.02,587.78,20.0,83.92,True,14,30,12,7,6,9766.8,11383.2,9536.0,1972.751945886759,1,0,1
2026-07-12 14:45:00,5866.2,1192.02,1207.37,1209.4,1225.22,1178.47,1199.11,1252.7,1269.1,1236.92,1252.83,43.35,34.02,451.09,447.3,20.25,84.8,True,14,45,12,7,6,7458.0,9766.8,7697.0,1961.252365199328,1,0,1
2026-07-12 15:00:00,8293.85,1623.48,1646.62,1632.65,1656.05,1695.63,1729.55,1681.15,1705.45,1824.49,1851.63,44.39,34.33,685.01,671.88,21.0,79.3,True,15,0,12,7,6,5866.2,7458.0,7206.016666666667,1233.2853809371475,1,0,1
2026-07-12 15:15:00,8562.86,1729.97,1755.44,1706.58,1731.01,1612.01,1643.51,1682.02,1706.03,1695.82,1720.23,46.25,34.6,622.01,612.61,21.5,90.9,True,15,15,12,7,6,8293.85,5866.2,7574.303333333334,1485.3633707053948,1,0,1
2026-07-12 15:30:00,7281.0,1423.63,1443.38,1463.55,1483.99,1491.42,1519.7,1393.21,1412.08,1453.65,1474.28,45.62,34.49,630.39,617.85,22.0,76.06,True,15,30,12,7,6,8562.86,8293.85,8045.903333333333,675.9433608175316,1,0,1
2026-07-12 15:45:00,7153.2,1408.9,1427.91,1418.65,1438.28,1422.85,1449.2,1418.28,1437.48,1508.73,1529.63,44.2,34.39,564.0,545.5,22.5,83.0,True,15,45,12,7,6,7281.0,8562.86,7665.686666666667,779.5981032129911,1,0,1
2026-07-12 16:00:00,6834.6,1346.67,1363.85,1373.29,1390.81,1362.93,1387.58,1361.62,1378.99,1402.83,1420.73,43.92,34.53,532.55,518.22,23.0,83.89,True,16,0,12,7,6,7153.2,7281.0,7089.600000000001,229.8955414964577,1,0,1
2026-07-12 16:15:00,6301.8,1240.61,1256.3,1258.02,1273.93,1274.04,1296.81,1220.32,1235.81,1285.74,1302.05,43.55,34.64,518.4,502.61,23.5,79.33,True,16,15,12,7,6,6834.6,7153.2,6763.200000000001,430.1673627786553,1,0,1
2026-07-12 16:30:00,5664.46,1122.54,1136.87,1145.28,1159.89,1131.45,1150.82,1119.56,1133.79,1160.6,1175.41,42.06,34.4,448.81,433.02,23.75,81.84,True,16,30,12,7,6,6301.8,6834.6,6266.953333333334,585.8477810261523,1,0,1
2026-07-12 16:45:00,4791.6,955.55,967.01,979.27,991.11,954.59,970.39,935.27,946.43,963.8,975.6,40.75,34.25,387.63,373.54,24.25,79.71,True,16,45,12,7,6,5664.46,6301.8,5585.953333333335,758.154656078331,1,0,1
2026-07-12 17:00:00,3759.6,743.76,752.56,759.7,768.7,753.61,765.67,738.2,746.94,764.39,773.44,39.66,34.14,310.92,298.63,24.5,77.61,True,17,0,12,7,6,4791.6,5664.46,4738.553333333334,953.5372916321808,1,0,1
2026-07-12 17:15:00,3376.93,677.06,685.06,692.74,700.94,675.54,686.51,665.48,673.34,686.11,694.23,38.34,34.02,283.5,271.88,24.75,76.02,True,17,15,12,7,6,3759.6,4791.6,3976.0433333333335,731.7503601865996,1,0,1
2026-07-12 17:30:00,2536.8,506.01,512.34,516.96,523.41,507.58,516.05,492.15,498.42,511.12,517.45,37.44,34.03,220.83,211.95,24.75,73.04,True,17,30,12,7,6,3376.93,3759.6,3224.443333333334,625.4990788428083,1,0,1
2026-07-12 17:45:00,1760.14,348.28,353.34,357.35,362.49,355.19,361.65,340.47,345.41,354.9,359.99,35.57,33.79,156.63,150.99,25.0,70.89,True,17,45,12,7,6,2536.8,3376.93,2557.9566666666674,808.6026090937303,1,0,1
2026-07-12 18:00:00,1269.0,256.17,259.93,262.5,266.31,255.67,260.85,246.77,250.53,255.68,259.46,34.63,33.6,112.91,109.1,25.0,70.63,True,18,0,12,7,6,1760.14,2536.8,1855.3133333333342,639.2360147341302,1,0,1
2026-07-12 18:15:00,711.6,146.26,149.4,149.68,152.89,146.1,150.17,137.07,140.21,142.11,145.24,33.07,33.39,63.77,62.09,25.0,69.67,True,18,15,12,7,6,1269.0,1760.14,1246.913333333334,524.6188125993577,1,0,1
2026-07-12 18:30:00,328.5,71.21,73.96,73.02,75.84,71.09,73.32,66.71,69.29,69.13,71.8,32.18,33.08,30.8,30.07,25.25,66.35,True,18,30,12,7,6,711.6,1269.0,769.7000000000006,472.9342131838383,1,0,1
2026-07-12 18:45:00,159.0,36.64,38.06,37.0,38.43,37.63,38.85,34.87,36.21,36.52,37.93,30.93,32.86,16.29,16.15,25.25,60.41,True,18,45,12,7,6,328.5,711.6,399.70000000000056,283.09675024593315,0,0,1
2026-07-12 19:00:00,48.6,5.95,6.18,5.41,5.61,6.64,6.9,4.16,4.32,4.56,4.74,30.08,32.67,3.3,3.18,25.25,56.24,True,19,0,12,7,6,159.0,328.5,178.7000000000006,140.98606314030985,0,0,1
2026-07-12 19:15:00,0.0,0.0,0.0,0.0,0.0,0.0,0.0,0.0,0.0,0.0,0.0,29.17,32.37,0.12,0.09,25.25,0.0,True,19,15,12,7,6,48.6,159.0,69.2000000000006,81.47711334970734,0,0,1
2026-07-12 19:30:00,0.0,0.0,0.0,0.0,0.0,0.0,0.0,0.0,0.0,0.0,0.0,28.47,32.01,0.09,0.08,25.25,0.0,True,19,30,12,7,6,0.0,48.6,16.200000000000607,28.059223079050284,0,0,1
2026-07-12 19:45:00,0.0,0.0,0.0,0.0,0.0,0.0,0.0,0.0,0.0,0.0,0.0,27.28,31.55,0.1,0.08,25.25,0.0,True,19,45,12,7,6,0.0,0.0,0.0,0.0,0,0,1
2026-07-12 20:00:00,0.0,0.0,0.0,0.0,0.0,0.0,0.0,0.0,0.0,0.0,0.0,27.19,30.96,0.11,0.08,25.25,0.0,True,20,0,12,7,6,0.0,0.0,0.0,0.0,0,0,1
2026-07-12 20:15:00,0.0,0.0,0.0,0.0,0.0,0.0,0.0,0.0,0.0,0.0,0.0,27.05,30.51,0.12,0.09,25.25,0.0,True,20,15,12,7,6,0.0,0.0,0.0,0.0,0,0,1
2026-07-12 20:30:00,0.0,0.0,0.0,0.0,0.0,0.0,0.0,0.0,0.0,0.0,0.0,27.36,30.41,0.12,0.09,25.25,0.0,True,20,30,12,7,6,0.0,0.0,0.0,0.0,0,0,1
2026-07-12 20:45:00,0.0,0.0,0.0,0.0,0.0,0.0,0.0,0.0,0.0,0.0,0.0,27.24,30.31,0.1,0.08,25.25,0.0,True,20,45,12,7,6,0.0,0.0,0.0,0.0,0,0,1
2026-07-12 21:00:00,0.0,0.0,0.0,0.0,0.0,0.0,0.0,0.0,0.0,0.0,0.0,27.05,30.12,0.14,0.09,25.25,0.0,True,21,0,12,7,6,0.0,0.0,0.0,0.0,0,0,1
2026-07-12 21:15:00,0.0,0.0,0.0,0.0,0.0,0.0,0.0,0.0,0.0,0.0,0.0,26.52,30.06,0.13,0.09,25.25,0.0,True,21,15,12,7,6,0.0,0.0,0.0,0.0,0,0,1
2026-07-12 21:30:00,0.0,0.0,0.0,0.0,0.0,0.0,0.0,0.0,0.0,0.0,0.0,26.2,29.75,0.17,0.1,25.25,0.0,True,21,30,12,7,6,0.0,0.0,0.0,0.0,0,0,1
2026-07-12 21:45:00,0.0,0.0,0.0,0.0,0.0,0.0,0.0,0.0,0.0,0.0,0.0,25.43,29.39,0.14,0.09,25.25,0.0,True,21,45,12,7,6,0.0,0.0,0.0,0.0,0,0,1
2026-07-12 22:00:00,0.0,0.0,0.0,0.0,0.0,0.0,0.0,0.0,0.0,0.0,0.0,25.91,29.16,0.13,0.09,25.25,0.0,True,22,0,12,7,6,0.0,0.0,0.0,0.0,0,0,1
2026-07-12 22:15:00,0.0,0.0,0.0,0.0,0.0,0.0,0.0,0.0,0.0,0.0,0.0,25.76,29.12,0.15,0.09,25.25,0.0,True,22,15,12,7,6,0.0,0.0,0.0,0.0,0,0,1
2026-07-12 22:30:00,0.0,0.0,0.0,0.0,0.0,0.0,0.0,0.0,0.0,0.0,0.0,25.94,29.12,0.15,0.09,25.25,0.0,True,22,30,12,7,6,0.0,0.0,0.0,0.0,0,0,1
2026-07-12 22:45:00,0.0,0.0,0.0,0.0,0.0,0.0,0.0,0.0,0.0,0.0,0.0,25.62,28.9,0.13,0.08,25.25,0.0,True,22,45,12,7,6,0.0,0.0,0.0,0.0,0,0,1
2026-07-12 23:00:00,0.0,0.0,0.0,0.0,0.0,0.0,0.0,0.0,0.0,0.0,0.0,25.25,28.81,0.15,0.09,25.25,0.0,True,23,0,12,7,6,0.0,0.0,0.0,0.0,0,0,1
2026-07-12 23:15:00,0.0,0.0,0.0,0.0,0.0,0.0,0.0,0.0,0.0,0.0,0.0,25.51,28.52,0.16,0.09,25.25,0.0,True,23,15,12,7,6,0.0,0.0,0.0,0.0,0,0,1
2026-07-12 23:30:00,0.0,0.0,0.0,0.0,0.0,0.0,0.0,0.0,0.0,0.0,0.0,24.99,28.18,0.11,0.07,25.25,0.0,True,23,30,12,7,6,0.0,0.0,0.0,0.0,0,0,1
2026-07-12 23:45:00,0.0,0.0,0.0,0.0,0.0,0.0,0.0,0.0,0.0,0.0,0.0,25.71,28.26,0.14,0.09,25.25,0.0,True,23,45,12,7,6,0.0,0.0,0.0,0.0,0,0,1
2026-07-13 00:15:00,0.0,0.0,0.0,0.0,0.0,0.0,0.0,0.0,0.0,0.0,0.0,25.75,27.94,0.16,0.09,0.0,0.0,True,0,15,13,7,0,0.0,0.0,0.0,0.0,0,1,0
2026-07-13 00:30:00,0.0,0.0,0.0,0.0,0.0,0.0,0.0,0.0,0.0,0.0,0.0,26.38,27.9,0.22,0.09,0.0,0.0,True,0,30,13,7,0,0.0,0.0,0.0,0.0,0,1,0
2026-07-13 00:45:00,0.0,0.0,0.0,0.0,0.0,0.0,0.0,0.0,0.0,0.0,0.0,26.48,27.85,0.17,0.09,0.0,0.0,True,0,45,13,7,0,0.0,0.0,0.0,0.0,0,1,0
2026-07-13 01:00:00,0.0,0.0,0.0,0.0,0.0,0.0,0.0,0.0,0.0,0.0,0.0,25.7,27.74,0.16,0.09,0.0,0.0,True,1,0,13,7,0,0.0,0.0,0.0,0.0,0,1,0
2026-07-13 01:15:00,0.0,0.0,0.0,0.0,0.0,0.0,0.0,0.0,0.0,0.0,0.0,25.41,27.69,0.13,0.08,0.0,0.0,True,1,15,13,7,0,0.0,0.0,0.0,0.0,0,1,0
2026-07-13 01:30:00,0.0,0.0,0.0,0.0,0.0,0.0,0.0,0.0,0.0,0.0,0.0,25.51,27.68,0.15,0.09,0.0,0.0,True,1,30,13,7,0,0.0,0.0,0.0,0.0,0,1,0
2026-07-13 01:45:00,0.0,0.0,0.0,0.0,0.0,0.0,0.0,0.0,0.0,0.0,0.0,25.71,27.75,0.15,0.09,0.0,0.0,True,1,45,13,7,0,0.0,0.0,0.0,0.0,0,1,0
2026-07-13 02:00:00,0.0,0.0,0.0,0.0,0.0,0.0,0.0,0.0,0.0,0.0,0.0,26.12,28.01,0.16,0.09,0.0,0.0,True,2,0,13,7,0,0.0,0.0,0.0,0.0,0,1,0
2026-07-13 02:15:00,0.0,0.0,0.0,0.0,0.0,0.0,0.0,0.0,0.0,0.0,0.0,26.0,28.11,0.16,0.09,0.0,0.0,True,2,15,13,7,0,0.0,0.0,0.0,0.0,0,1,0
2026-07-13 02:30:00,0.0,0.0,0.0,0.0,0.0,0.0,0.0,0.0,0.0,0.0,0.0,25.8,28.17,0.16,0.09,0.0,0.0,True,2,30,13,7,0,0.0,0.0,0.0,0.0,0,1,0
2026-07-13 02:45:00,0.0,0.0,0.0,0.0,0.0,0.0,0.0,0.0,0.0,0.0,0.0,25.28,27.97,0.15,0.09,0.0,0.0,True,2,45,13,7,0,0.0,0.0,0.0,0.0,0,1,0
2026-07-13 03:00:00,0.0,0.0,0.0,0.0,0.0,0.0,0.0,0.0,0.0,0.0,0.0,24.75,27.97,0.15,0.09,0.0,0.0,True,3,0,13,7,0,0.0,0.0,0.0,0.0,0,1,0
2026-07-13 03:15:00,0.0,0.0,0.0,0.0,0.0,0.0,0.0,0.0,0.0,0.0,0.0,24.52,27.8,0.14,0.09,0.0,0.0,True,3,15,13,7,0,0.0,0.0,0.0,0.0,0,1,0
2026-07-13 03:30:00,0.0,0.0,0.0,0.0,0.0,0.0,0.0,0.0,0.0,0.0,0.0,24.56,27.49,0.15,0.09,0.0,0.0,True,3,30,13,7,0,0.0,0.0,0.0,0.0,0,1,0
2026-07-13 03:45:00,0.0,0.0,0.0,0.0,0.0,0.0,0.0,0.0,0.0,0.0,0.0,24.72,27.27,0.2,0.1,0.0,0.0,True,3,45,13,7,0,0.0,0.0,0.0,0.0,0,1,0
2026-07-13 04:00:00,0.0,0.0,0.0,0.0,0.0,0.0,0.0,0.0,0.0,0.0,0.0,24.62,27.43,0.19,0.1,0.0,0.0,True,4,0,13,7,0,0.0,0.0,0.0,0.0,0,1,0
2026-07-13 04:15:00,0.0,0.0,0.0,0.0,0.0,0.0,0.0,0.0,0.0,0.0,0.0,24.36,27.42,0.17,0.1,0.0,0.0,True,4,15,13,7,0,0.0,0.0,0.0,0.0,0,1,0
2026-07-13 04:30:00,0.0,0.0,0.0,0.0,0.0,0.0,0.0,0.0,0.0,0.0,0.0,24.33,27.58,0.15,0.1,0.0,0.0,True,4,30,13,7,0,0.0,0.0,0.0,0.0,0,1,0
2026-07-13 04:45:00,0.0,0.0,0.0,0.0,0.0,0.0,0.0,0.0,0.0,0.0,0.0,24.86,27.98,0.63,0.09,0.0,0.0,True,4,45,13,7,0,0.0,0.0,0.0,0.0,0,1,0
2026-07-13 05:00:00,0.0,0.0,0.0,0.0,0.0,0.0,0.0,0.0,0.0,0.0,0.0,25.53,28.55,1.02,0.1,0.0,0.0,True,5,0,13,7,0,0.0,0.0,0.0,0.0,0,1,0
2026-07-13 05:15:00,0.0,0.0,0.0,0.0,0.0,0.0,0.0,0.0,0.0,0.0,0.0,26.11,28.6,0.42,0.1,0.0,0.0,True,5,15,13,7,0,0.0,0.0,0.0,0.0,0,1,0
2026-07-13 05:30:00,0.0,0.0,0.0,0.0,0.0,0.0,0.0,0.0,0.0,0.0,0.0,26.09,28.81,0.22,0.1,0.0,0.0,True,5,30,13,7,0,0.0,0.0,0.0,0.0,0,1,0
2026-07-13 05:45:00,0.0,0.0,0.0,0.0,0.0,0.0,0.0,0.15,0.15,0.22,0.23,26.61,28.88,0.74,0.13,0.0,0.0,True,5,45,13,7,0,0.0,0.0,0.0,0.0,0,1,0
2026-07-13 06:00:00,35.0,0.0,0.0,0.0,0.0,14.04,14.5,15.05,15.64,15.69,16.29,26.98,28.89,6.77,5.57,0.0,31.48,True,6,0,13,7,0,0.0,0.0,11.666666666666666,20.207259421636902,0,1,0
2026-07-13 06:15:00,130.8,0.0,0.0,5.19,5.29,46.22,47.65,48.91,50.35,49.89,51.35,27.0,28.95,19.53,19.03,0.0,40.79,True,6,15,13,7,0,35.0,0.0,55.26666666666667,67.71420333529247,0,1,0
2026-07-13 06:30:00,484.8,0.0,0.0,0.0,0.0,99.43,101.77,107.61,109.41,109.02,110.82,27.34,28.9,38.95,38.92,0.0,75.91,True,6,30,13,7,0,130.8,35.0,216.86666666666667,236.92955352453043,1,1,0
2026-07-13 06:45:00,1044.0,259.47,262.86,257.8,261.17,209.73,214.03,221.1,224.05,223.2,226.16,28.47,28.94,79.95,77.25,0.0,80.01,True,6,45,13,7,0,484.8,130.8,553.1999999999999,460.426411058271,1,1,0
2026-07-13 07:00:00,1525.8,321.11,325.54,321.16,325.59,310.14,315.96,317.39,321.79,321.94,326.4,28.95,29.1,117.26,103.06,0.0,79.88,True,7,0,13,7,0,1044.0,484.8,1018.1999999999999,520.9793469994754,1,1,0
2026-07-13 07:15:00,2199.0,453.44,459.47,452.32,458.33,444.16,451.77,451.98,457.97,459.75,465.82,30.51,29.27,163.99,132.02,0.25,82.84,True,7,15,13,7,0,1525.8,1044.0,1589.5999999999997,580.1371217220975,1,1,0
2026-07-13 07:30:00,2941.71,605.75,612.88,606.54,613.68,594.66,604.47,603.02,610.11,612.55,619.77,32.18,29.47,216.39,160.29,0.5,84.56,True,7,30,13,7,0,2199.0,1525.8,2222.17,708.2393089203674,1,1,0
2026-07-13 07:45:00,3598.2,734.01,742.7,742.67,751.46,719.36,730.93,731.2,739.85,742.21,751.0,32.94,29.63,258.62,178.81,0.75,86.82,True,7,45,13,7,0,2941.71,2199.0,2912.97,700.0426063462135,1,1,0
2026-07-13 08:00:00,4411.8,901.83,912.59,911.98,922.87,883.51,897.93,897.78,908.49,911.44,922.32,34.68,29.85,314.1,218.83,1.0,88.28,True,8,0,13,7,0,3598.2,2941.71,3650.5699999999997,736.4428794550191,1,1,0
2026-07-13 08:15:00,5344.07,1080.61,1094.29,1094.77,1108.63,1064.51,1082.51,1075.47,1089.02,1094.94,1108.8,35.67,30.08,378.97,397.91,1.5,89.0,True,8,15,13,7,0,4411.8,3598.2,4451.356666666667,873.6069262736719,1,1,0
2026-07-13 08:30:00,5859.6,1188.09,1203.2,1204.23,1219.57,1174.16,1194.52,1187.49,1202.53,1212.81,1228.29,36.07,30.19,412.68,433.84,1.75,89.76,True,8,30,13,7,0,5344.07,4411.8,5205.156666666666,733.8282466853763,1,1,0
2026-07-13 08:45:00,6688.8,1341.28,1358.4,1361.15,1378.52,1334.14,1358.07,1341.23,1358.35,1367.83,1385.29,37.95,30.48,469.74,493.87,2.25,90.73,True,8,45,13,7,0,5859.6,5344.07,5964.156666666667,678.4347909956664,1,1,0
2026-07-13 09:00:00,7428.6,1493.25,1512.53,1514.14,1534.03,1477.05,1504.57,1492.98,1512.26,1524.04,1544.4,38.97,30.72,521.79,546.38,2.75,91.11,True,9,0,13,7,0,6688.8,5859.6,6659.0,784.9243785231794,1,1,0
2026-07-13 09:15:00,8097.6,1627.86,1652.15,1651.81,1676.45,1615.19,1646.38,1623.95,1648.18,1659.44,1684.2,39.95,30.84,573.46,556.19,3.25,90.74,True,9,15,13,7,0,7428.6,6688.8,7405.0,704.696445286904,1,1,0
2026-07-13 09:30:00,8766.64,1757.34,1783.56,1784.16,1810.78,1748.7,1783.61,1754.72,1780.9,1795.34,1822.12,42.03,30.99,626.14,649.62,4.0,90.78,True,9,30,13,7,0,8097.6,7428.6,8097.613333333334,669.0200000996457,1,1,0
2026-07-13 09:45:00,9283.8,1861.67,1889.45,1889.12,1917.3,1845.2,1882.92,1859.23,1886.97,1898.92,1927.25,43.77,31.36,670.22,691.22,4.5,90.49,True,9,45,13,7,0,8766.64,8097.6,8716.013333333332,594.7183405052585,1,1,0
2026-07-13 10:00:00,9693.0,1952.6,1981.73,1983.41,2013.0,1927.54,1967.63,1948.64,1977.71,2001.83,2031.69,44.46,31.77,701.9,719.87,5.25,90.48,True,10,0,13,7,0,9283.8,8766.64,9247.813333333334,464.22730696645556,1,1,0
2026-07-13 10:15:00,10242.0,2056.33,2087.44,2088.77,2121.24,2031.17,2074.26,2050.31,2081.18,2112.28,2145.62,45.27,31.7,748.31,763.22,6.0,89.99,True,10,15,13,7,0,9693.0,9283.8,9739.6,480.7967137990787,1,1,0
2026-07-13 10:30:00,10607.79,2150.95,2185.25,2187.89,2222.78,2108.18,2153.57,2148.66,2182.79,2215.59,2250.93,46.28,32.17,782.8,569.46,6.75,89.49,True,10,30,13,7,0,10242.0,9693.0,10180.93,460.44255309429536,1,1,0
2026-07-13 10:45:00,11104.07,2228.69,2264.23,2268.28,2304.84,2225.59,2274.55,2231.25,2266.84,2305.92,2343.56,47.15,32.21,829.49,613.25,7.5,88.74,True,10,45,13,7,0,10607.79,10242.0,10651.286666666667,432.67787236387045,1,1,0
2026-07-13 11:00:00,11361.0,2278.94,2315.91,2316.13,2354.09,2164.56,2211.8,2283.57,2320.71,2359.35,2398.25,47.29,32.31,826.8,842.13,8.25,91.15,True,11,0,13,7,0,11104.07,10607.79,11024.286666666667,382.8907954408483,1,1,0
2026-07-13 11:15:00,11622.0,2318.22,2356.35,2363.12,2402.18,2333.63,2385.99,2317.21,2355.33,2398.34,2438.08,48.52,32.65,879.57,896.05,9.0,88.12,True,11,15,13,7,0,11361.0,11104.07,11362.356666666667,258.96766522739097,1,1,0
2026-07-13 11:30:00,11787.0,2368.7,2407.95,2412.8,2452.78,2345.83,2398.62,2371.34,2410.64,2448.99,2489.57,49.24,32.57,894.16,911.33,10.0,88.2,True,11,30,13,7,0,11622.0,11361.0,11590.0,214.7952513441408,1,1,0
2026-07-13 11:45:00,11853.6,2436.2,2476.48,2464.45,2505.11,2404.79,2459.35,2398.4,2437.74,2196.95,2231.76,50.71,32.89,944.28,958.6,10.75,84.54,True,11,45,13,7,0,11787.0,11622.0,11754.199999999999,119.23304910968524,1,1,0
2026-07-13 12:00:00,11440.8,2360.49,2399.51,2420.27,2460.37,2129.38,2176.21,2355.44,2394.1,2344.66,2382.9,49.37,32.96,804.66,819.93,11.5,95.18,True,12,0,13,7,0,11853.6,11787.0,11693.800000000001,221.6204864176438,1,0,1
2026-07-13 12:15:00,11589.6,2262.15,2299.15,2343.51,2382.15,2352.45,2405.46,2326.68,2364.82,2390.4,2429.73,51.1,33.41,907.43,919.8,12.25,86.16,True,12,15,13,7,0,11440.8,11853.6,11628.0,209.06190470765628,1,0,1
2026-07-13 12:30:00,10999.8,2223.09,2258.8,2210.77,2246.34,2130.91,2177.3,2210.2,2245.92,2184.47,2219.15,51.27,33.61,837.9,849.66,13.0,88.63,True,12,30,13,7,0,11589.6,11440.8,11343.4,306.72639273462187,1,0,1
2026-07-13 12:45:00,9409.8,2116.76,2150.29,2034.66,2066.1,1655.77,1688.56,1847.78,1875.62,1715.36,1740.54,47.25,33.59,631.04,630.66,13.75,98.89,True,12,45,13,7,0,10999.8,11589.6,10666.4,1127.4966430105212,1,0,1
2026-07-13 13:00:00,9327.0,2073.24,2105.24,2005.12,2036.11,1896.58,1936.38,1876.21,1904.58,1905.21,1934.16,47.06,33.77,736.5,741.28,14.5,83.92,True,13,0,13,7,0,9409.8,10999.8,9912.199999999999,942.798642340979,1,0,1
2026-07-13 13:15:00,9387.0,2067.17,2099.55,2056.18,2088.67,1637.63,1669.9,1935.99,1965.45,1909.1,1938.2,47.28,34.15,633.8,631.53,15.0,98.24,True,13,15,13,7,0,9327.0,9409.8,9374.6,42.77008300193108,1,0,1
2026-07-13 13:30:00,8493.0,1637.85,1661.36,1715.62,1740.75,1607.4,1639.19,1692.78,1717.61,1720.26,1745.48,47.86,34.48,631.57,623.75,15.75,89.43,True,13,30,13,7,0,9387.0,9327.0,9069.0,499.7319281374672,1,0,1
2026-07-13 13:45:00,9201.6,1765.77,1792.04,1853.05,1881.55,1952.88,1994.06,1806.9,1833.54,1921.82,1951.33,47.6,34.51,736.42,733.27,16.25,83.0,True,13,45,13,7,0,8493.0,9387.0,9027.199999999999,471.8267902525149,1,0,1
2026-07-13 14:00:00,6336.0,1357.1,1375.7,1386.7,1405.74,1263.63,1286.13,1199.11,1214.41,1211.66,1227.12,46.93,34.57,484.99,479.84,16.75,86.52,True,14,0,13,7,0,9201.6,8493.0,8010.2,1492.5607927317337,1,0,1
2026-07-13 14:15:00,7326.0,1612.39,1635.07,1607.26,1630.16,1382.45,1407.89,1550.2,1571.81,1480.59,1501.07,45.24,34.52,512.81,509.39,17.25,93.92,True,14,15,13,7,0,6336.0,9201.6,7621.2,1455.4288440181397,1,0,1
2026-07-13 14:30:00,9180.64,1681.22,1705.39,1810.96,1837.94,1939.18,1979.67,1717.5,1742.33,1777.12,1803.48,46.72,34.85,740.92,734.73,18.0,81.99,True,14,30,13,7,0,7326.0,6336.0,7614.213333333333,1444.0548384785495,1,0,1
2026-07-13 14:45:00,7727.4,1492.27,1513.12,1506.06,1527.11,1551.01,1581.42,1530.83,1552.03,1666.69,1690.76,47.17,35.17,593.04,584.38,18.5,86.39,True,14,45,13,7,0,9180.64,7326.0,8078.013333333333,975.7661935798523,1,0,1
2026-07-13 15:00:00,7645.2,1711.52,1736.46,1722.25,1747.45,1330.38,1354.59,1617.05,1640.34,1409.78,1429.17,45.86,35.03,503.84,494.62,19.0,100.03,True,15,0,13,7,0,7727.4,9180.64,8184.413333333333,863.7360062735111,1,0,1
2026-07-13 15:15:00,8267.4,1798.74,1825.36,1809.61,1836.61,1445.95,1473.34,1719.28,1744.31,1635.48,1658.58,45.27,35.09,547.99,537.5,19.5,99.2,True,15,15,13,7,0,7645.2,7727.4,7880.0,338.0063313016194,1,0,1
2026-07-13 15:30:00,7361.36,1511.82,1533.25,1553.84,1576.09,1444.12,1471.29,1479.36,1499.67,1423.96,1443.34,46.76,35.37,576.48,563.91,20.0,84.51,True,15,30,13,7,0,8267.4,7645.2,7757.986666666667,463.4304095906017,1,0,1
2026-07-13 15:45:00,5981.4,1289.14,1306.07,1319.85,1337.48,1058.95,1077.23,1245.44,1261.72,1172.98,1188.47,43.93,35.1,389.14,380.34,20.5,100.48,True,15,45,13,7,0,7361.36,8267.4,7203.386666666666,1151.1584080973869,1,0,1
2026-07-13 16:00:00,6942.0,1395.33,1413.14,1424.35,1442.75,1338.99,1363.29,1371.75,1389.25,1360.42,1377.84,43.65,35.2,526.04,512.63,21.0,86.16,True,16,0,13,7,0,5981.4,7361.36,6761.586666666667,707.449028929511,1,0,1
2026-07-13 16:15:00,6084.64,1163.88,1178.41,1192.35,1207.23,1208.96,1230.2,1168.39,1182.98,1209.43,1224.53,44.06,35.19,468.39,455.98,21.25,84.97,True,16,15,13,7,0,6942.0,5981.4,6336.013333333333,527.3324421399716,1,0,1
2026-07-13 16:30:00,5133.6,1017.76,1030.2,1041.85,1054.84,1026.44,1043.66,1027.08,1039.75,1055.16,1068.35,42.8,35.1,402.86,390.03,21.75,82.89,True,16,30,13,7,0,6084.64,6942.0,6053.413333333335,904.6043160041331,1,0,1
2026-07-13 16:45:00,4783.2,936.57,947.83,959.3,970.93,972.91,989.08,940.97,952.26,981.59,993.58,42.73,35.17,390.25,376.38,22.0,79.71,True,16,45,13,7,0,5133.6,6084.64,5333.813333333334,673.4244965349154,1,0,1
2026-07-13 17:00:00,4181.4,818.61,828.35,836.1,846.05,838.49,852.04,821.24,831.01,850.19,860.31,41.46,35.12,335.99,323.38,22.25,80.49,True,17,0,13,7,0,4783.2,5133.6,4699.400000000001,481.59946013255575,1,0,1
2026-07-13 17:15:00,3141.6,612.53,619.74,626.78,634.17,631.99,642.31,607.29,614.44,625.9,633.3,39.7,34.95,259.73,250.48,22.5,77.65,True,17,15,13,7,0,4181.4,4783.2,4035.4,830.4815711380752,1,0,1
2026-07-13 17:30:00,2265.0,439.49,445.34,448.19,454.11,450.26,457.97,435.03,440.84,448.13,454.05,38.35,34.86,190.25,183.79,22.75,75.99,True,17,30,13,7,0,3141.6,4181.4,3196.0000000000005,959.3574724783048,1,0,1
2026-07-13 17:45:00,1599.0,316.39,320.98,323.61,328.31,325.13,331.17,316.34,320.93,327.1,331.85,36.46,34.64,136.84,132.78,22.75,73.99,True,17,45,13,7,0,2265.0,3141.6,2335.2000000000007,773.6922644048843,1,0,1
2026-07-13 18:00:00,1276.2,249.83,253.45,256.11,259.83,259.63,264.8,248.27,251.91,255.75,259.46,35.71,34.51,109.86,106.78,23.0,73.33,True,18,0,13,7,0,1599.0,2265.0,1713.4000000000005,504.22899559620186,1,0,1
2026-07-13 18:15:00,866.4,170.42,173.79,174.03,177.4,176.52,181.08,168.98,172.32,174.93,178.28,34.35,34.36,75.08,73.2,23.0,72.43,True,18,15,13,7,0,1276.2,1599.0,1247.2000000000005,367.15996513774815,1,0,1
2026-07-13 18:30:00,449.4,88.55,91.39,90.34,93.24,92.85,95.73,86.94,89.8,89.89,92.77,33.4,34.21,40.47,39.23,23.0,69.42,True,18,30,13,7,0,866.4,1276.2,864.0000000000006,413.4052249306371,1,0,1
2026-07-13 18:45:00,162.0,34.42,35.74,34.92,36.27,37.36,38.58,33.61,34.91,34.93,36.28,32.11,33.81,16.22,15.8,23.0,62.11,True,18,45,13,7,0,449.4,866.4,492.6000000000006,354.1814789058695,0,0,1
2026-07-13 19:00:00,37.8,3.41,3.54,3.07,3.19,5.23,5.44,3.12,3.24,3.36,3.48,30.85,33.67,2.16,2.23,23.0,53.04,True,19,0,13,7,0,162.0,449.4,216.40000000000057,211.12356571436447,0,0,1
2026-07-13 19:15:00,0.0,0.0,0.0,0.0,0.0,0.0,0.0,0.0,0.0,0.0,0.0,29.13,33.46,0.07,0.08,23.0,0.0,True,19,15,13,7,0,37.8,162.0,66.6000000000006,84.75305304204024,0,0,1
2026-07-13 19:30:00,0.0,0.0,0.0,0.0,0.0,0.0,0.0,0.0,0.0,0.0,0.0,28.49,32.97,0.11,0.08,23.0,0.0,True,19,30,13,7,0,0.0,37.8,12.600000000000605,21.823840174145225,0,0,1
2026-07-13 19:45:00,0.0,0.0,0.0,0.0,0.0,0.0,0.0,0.0,0.0,0.0,0.0,28.18,32.64,0.08,0.09,23.0,0.0,True,19,45,13,7,0,0.0,0.0,0.0,0.0,0,0,1
2026-07-13 20:00:00,0.0,0.0,0.0,0.0,0.0,0.0,0.0,0.0,0.0,0.0,0.0,27.93,32.11,0.08,0.08,23.0,0.0,True,20,0,13,7,0,0.0,0.0,0.0,0.0,0,0,1
2026-07-13 20:15:00,0.0,0.0,0.0,0.0,0.0,0.0,0.0,0.0,0.0,0.0,0.0,28.09,31.48,0.08,0.08,23.0,0.0,True,20,15,13,7,0,0.0,0.0,0.0,0.0,0,0,1
2026-07-13 20:30:00,0.0,0.0,0.0,0.0,0.0,0.0,0.0,0.0,0.0,0.0,0.0,28.1,31.14,0.13,0.09,23.0,0.0,True,20,30,13,7,0,0.0,0.0,0.0,0.0,0,0,1
2026-07-13 20:45:00,0.0,0.0,0.0,0.0,0.0,0.0,0.0,0.0,0.0,0.0,0.0,27.23,30.76,0.13,0.08,23.0,0.0,True,20,45,13,7,0,0.0,0.0,0.0,0.0,0,0,1
2026-07-13 21:00:00,0.0,0.0,0.0,0.0,0.0,0.0,0.0,0.0,0.0,0.0,0.0,27.92,30.5,0.13,0.09,23.0,0.0,True,21,0,13,7,0,0.0,0.0,0.0,0.0,0,0,1
2026-07-13 21:15:00,0.0,0.0,0.0,0.0,0.0,0.0,0.0,0.0,0.0,0.0,0.0,27.56,30.28,0.12,0.09,23.0,0.0,True,21,15,13,7,0,0.0,0.0,0.0,0.0,0,0,1
2026-07-13 21:30:00,0.0,0.0,0.0,0.0,0.0,0.0,0.0,0.0,0.0,0.0,0.0,27.62,30.07,0.08,0.08,23.0,0.0,True,21,30,13,7,0,0.0,0.0,0.0,0.0,0,0,1
2026-07-13 21:45:00,0.0,0.0,0.0,0.0,0.0,0.0,0.0,0.0,0.0,0.0,0.0,27.5,29.74,0.15,0.09,23.0,0.0,True,21,45,13,7,0,0.0,0.0,0.0,0.0,0,0,1
2026-07-13 22:00:00,0.0,0.0,0.0,0.0,0.0,0.0,0.0,0.0,0.0,0.0,0.0,27.36,29.55,0.13,0.09,23.0,0.0,True,22,0,13,7,0,0.0,0.0,0.0,0.0,0,0,1
2026-07-13 22:15:00,0.0,0.0,0.0,0.0,0.0,0.0,0.0,0.0,0.0,0.0,0.0,27.3,29.36,0.13,0.09,23.0,0.0,True,22,15,13,7,0,0.0,0.0,0.0,0.0,0,0,1
2026-07-13 22:30:00,0.0,0.0,0.0,0.0,0.0,0.0,0.0,0.0,0.0,0.0,0.0,26.92,29.09,0.13,0.09,23.0,0.0,True,22,30,13,7,0,0.0,0.0,0.0,0.0,0,0,1
2026-07-13 22:45:00,0.0,0.0,0.0,0.0,0.0,0.0,0.0,0.0,0.0,0.0,0.0,26.42,28.98,0.15,0.09,23.0,0.0,True,22,45,13,7,0,0.0,0.0,0.0,0.0,0,0,1
2026-07-13 23:00:00,0.0,0.0,0.0,0.0,0.0,0.0,0.0,0.0,0.0,0.0,0.0,26.49,28.8,0.14,0.09,23.0,0.0,True,23,0,13,7,0,0.0,0.0,0.0,0.0,0,0,1
2026-07-13 23:15:00,0.0,0.0,0.0,0.0,0.0,0.0,0.0,0.0,0.0,0.0,0.0,26.01,28.59,0.14,0.09,23.0,0.0,True,23,15,13,7,0,0.0,0.0,0.0,0.0,0,0,1
2026-07-13 23:30:00,0.0,0.0,0.0,0.0,0.0,0.0,0.0,0.0,0.0,0.0,0.0,26.11,28.47,0.14,0.09,23.0,0.0,True,23,30,13,7,0,0.0,0.0,0.0,0.0,0,0,1
2026-07-13 23:45:00,0.0,0.0,0.0,0.0,0.0,0.0,0.0,0.0,0.0,0.0,0.0,25.71,28.33,0.15,0.09,23.0,0.0,True,23,45,13,7,0,0.0,0.0,0.0,0.0,0,0,1
2026-07-14 00:15:00,0.0,0.0,0.0,0.0,0.0,0.0,0.0,0.0,0.0,0.0,0.0,25.05,28.05,0.13,0.08,0.0,0.0,True,0,15,14,7,1,0.0,0.0,0.0,0.0,0,1,0
2026-07-14 00:30:00,0.0,0.0,0.0,0.0,0.0,0.0,0.0,0.0,0.0,0.0,0.0,24.9,28.08,0.2,0.1,0.0,0.0,True,0,30,14,7,1,0.0,0.0,0.0,0.0,0,1,0
2026-07-14 00:45:00,0.0,0.0,0.0,0.0,0.0,0.0,0.0,0.0,0.0,0.0,0.0,25.45,28.09,0.15,0.09,0.0,0.0,True,0,45,14,7,1,0.0,0.0,0.0,0.0,0,1,0
2026-07-14 01:00:00,0.0,0.0,0.0,0.0,0.0,0.0,0.0,0.0,0.0,0.0,0.0,25.17,28.01,0.16,0.09,0.0,0.0,True,1,0,14,7,1,0.0,0.0,0.0,0.0,0,1,0
2026-07-14 01:15:00,0.0,0.0,0.0,0.0,0.0,0.0,0.0,0.0,0.0,0.0,0.0,25.05,28.05,0.16,0.09,0.0,0.0,True,1,15,14,7,1,0.0,0.0,0.0,0.0,0,1,0
2026-07-14 01:30:00,0.0,0.0,0.0,0.0,0.0,0.0,0.0,0.0,0.0,0.0,0.0,24.45,27.77,0.19,0.1,0.0,0.0,True,1,30,14,7,1,0.0,0.0,0.0,0.0,0,1,0
2026-07-14 01:45:00,0.0,0.0,0.0,0.0,0.0,0.0,0.0,0.0,0.0,0.0,0.0,24.33,27.46,0.18,0.09,0.0,0.0,True,1,45,14,7,1,0.0,0.0,0.0,0.0,0,1,0
2026-07-14 02:00:00,0.0,0.0,0.0,0.0,0.0,0.0,0.0,0.0,0.0,0.0,0.0,24.35,27.4,0.15,0.09,0.0,0.0,True,2,0,14,7,1,0.0,0.0,0.0,0.0,0,1,0
2026-07-14 02:15:00,0.0,0.0,0.0,0.0,0.0,0.0,0.0,0.0,0.0,0.0,0.0,25.0,27.33,0.18,0.1,0.0,0.0,True,2,15,14,7,1,0.0,0.0,0.0,0.0,0,1,0
2026-07-14 02:30:00,0.0,0.0,0.0,0.0,0.0,0.0,0.0,0.0,0.0,0.0,0.0,24.97,27.43,0.16,0.09,0.0,0.0,True,2,30,14,7,1,0.0,0.0,0.0,0.0,0,1,0
2026-07-14 02:45:00,0.0,0.0,0.0,0.0,0.0,0.0,0.0,0.0,0.0,0.0,0.0,24.62,27.28,0.16,0.1,0.0,0.0,True,2,45,14,7,1,0.0,0.0,0.0,0.0,0,1,0
2026-07-14 03:00:00,0.0,0.0,0.0,0.0,0.0,0.0,0.0,0.0,0.0,0.0,0.0,24.56,27.02,0.18,0.1,0.0,0.0,True,3,0,14,7,1,0.0,0.0,0.0,0.0,0,1,0
2026-07-14 03:15:00,0.0,0.0,0.0,0.0,0.0,0.0,0.0,0.0,0.0,0.0,0.0,24.61,26.9,0.16,0.09,0.0,0.0,True,3,15,14,7,1,0.0,0.0,0.0,0.0,0,1,0
2026-07-14 03:30:00,0.0,0.0,0.0,0.0,0.0,0.0,0.0,0.0,0.0,0.0,0.0,24.25,26.81,0.15,0.09,0.0,0.0,True,3,30,14,7,1,0.0,0.0,0.0,0.0,0,1,0
2026-07-14 03:45:00,0.0,0.0,0.0,0.0,0.0,0.0,0.0,0.0,0.0,0.0,0.0,24.14,26.91,0.19,0.1,0.0,0.0,True,3,45,14,7,1,0.0,0.0,0.0,0.0,0,1,0
2026-07-14 04:00:00,0.0,0.0,0.0,0.0,0.0,0.0,0.0,0.0,0.0,0.0,0.0,24.33,26.93,0.16,0.1,0.0,0.0,True,4,0,14,7,1,0.0,0.0,0.0,0.0,0,1,0
2026-07-14 04:15:00,0.0,0.0,0.0,0.0,0.0,0.0,0.0,0.0,0.0,0.0,0.0,24.48,26.89,0.19,0.1,0.0,0.0,True,4,15,14,7,1,0.0,0.0,0.0,0.0,0,1,0
2026-07-14 04:30:00,0.0,0.0,0.0,0.0,0.0,0.0,0.0,0.0,0.0,0.0,0.0,23.87,26.88,0.18,0.1,0.0,0.0,True,4,30,14,7,1,0.0,0.0,0.0,0.0,0,1,0
2026-07-14 04:45:00,0.0,0.0,0.0,0.0,0.0,0.0,0.0,0.0,0.0,0.0,0.0,24.11,26.95,0.18,0.1,0.0,0.0,True,4,45,14,7,1,0.0,0.0,0.0,0.0,0,1,0
2026-07-14 05:00:00,0.0,0.0,0.0,0.0,0.0,0.0,0.0,0.0,0.0,0.0,0.0,23.94,26.6,0.21,0.1,0.0,0.0,True,5,0,14,7,1,0.0,0.0,0.0,0.0,0,1,0
2026-07-14 05:15:00,0.0,0.0,0.0,0.0,0.0,0.0,0.0,0.0,0.0,0.0,0.0,23.48,26.92,0.16,0.09,0.0,0.0,True,5,15,14,7,1,0.0,0.0,0.0,0.0,0,1,0
2026-07-14 05:30:00,0.0,0.0,0.0,0.0,0.0,0.0,0.0,0.0,0.0,0.0,0.0,23.39,26.9,0.16,0.09,0.0,0.0,True,5,30,14,7,1,0.0,0.0,0.0,0.0,0,1,0
2026-07-14 05:45:00,0.0,0.0,0.0,0.0,0.0,0.15,0.16,0.18,0.19,0.26,0.27,23.68,27.05,0.83,0.2,0.0,0.0,True,5,45,14,7,1,0.0,0.0,0.0,0.0,0,1,0
2026-07-14 06:00:00,36.0,0.0,0.0,0.0,0.0,14.83,15.32,16.15,16.77,16.69,17.34,23.75,27.34,6.4,6.04,0.0,33.83,True,6,0,14,7,1,0.0,0.0,12.0,20.784609690826528,0,1,0
2026-07-14 06:15:00,121.2,0.0,0.0,0.0,0.0,48.06,49.55,49.79,51.27,51.11,52.56,24.24,27.69,19.58,18.63,0.0,37.29,True,6,15,14,7,1,36.0,0.0,52.4,62.24210793345612,0,1,0
2026-07-14 06:30:00,364.2,58.48,59.43,70.21,71.38,92.56,94.85,96.49,98.19,99.08,100.78,25.04,27.68,35.57,34.4,0.0,61.87,True,6,30,14,7,1,121.2,36.0,173.79999999999998,170.3052553505029,1,1,0
2026-07-14 06:45:00,799.8,166.17,168.58,168.63,171.08,162.61,165.72,168.25,170.7,171.78,174.27,26.25,27.81,62.22,60.15,0.0,78.06,True,6,45,14,7,1,364.2,121.2,428.3999999999999,343.82512997161797,1,1,0
2026-07-14 07:00:00,1114.2,230.9,233.94,232.82,235.85,227.25,232.15,232.31,235.36,237.4,240.47,27.49,28.23,86.12,80.82,0.25,78.95,True,7,0,14,7,1,799.8,364.2,759.4,376.6286234475548,1,1,0
2026-07-14 07:15:00,1581.0,328.3,332.96,333.58,338.32,326.09,332.14,329.12,333.79,334.7,339.5,28.27,28.73,120.28,109.74,0.25,80.47,True,7,15,14,7,1,1114.2,799.8,1165.0,393.06976480009246,1,1,0
2026-07-14 07:30:00,1983.0,402.42,408.21,408.78,414.61,397.94,404.99,400.5,406.27,407.77,413.59,30.44,29.16,146.33,131.61,0.5,83.7,True,7,30,14,7,1,1581.0,1114.2,1559.3999999999999,434.80257588933404,1,1,0
2026-07-14 07:45:00,2190.6,444.3,450.1,450.37,456.26,439.66,447.22,442.42,448.2,450.71,456.6,30.89,29.29,159.99,143.62,0.5,84.72,True,7,45,14,7,1,1983.0,1581.0,1918.2,309.923087232946,1,1,0
2026-07-14 08:00:00,2482.07,499.46,505.84,507.03,513.42,498.23,506.5,498.06,504.45,508.99,515.38,31.27,29.39,178.5,165.81,0.75,86.17,True,8,0,14,7,1,2190.6,1983.0,2218.556666666667,250.7067961450862,1,1,0
2026-07-14 08:15:00,2783.57,556.92,563.46,569.5,576.18,572.73,582.18,558.2,564.75,575.6,582.35,31.53,29.55,201.57,203.72,1.0,85.67,True,8,15,14,7,1,2482.07,2190.6,2485.4133333333334,296.49913766035496,1,1,0
2026-07-14 08:30:00,3550.8,715.08,723.54,727.95,736.57,725.64,737.33,720.43,728.96,744.37,753.18,32.56,29.8,248.98,251.42,1.25,88.85,True,8,30,14,7,1,2783.57,2482.07,2938.813333333334,551.0184412824443,1,1,0
2026-07-14 08:45:00,4784.79,982.03,994.06,993.81,1005.98,968.9,984.99,988.76,1000.86,1016.35,1028.88,34.09,30.1,330.3,333.25,1.5,90.83,True,8,45,14,7,1,3550.8,2783.57,3706.3866666666668,1009.6414117068175,1,1,0
2026-07-14 09:00:00,6003.0,1209.94,1225.38,1220.64,1236.21,1190.91,1211.53,1208.36,1223.78,1233.33,1249.06,35.37,30.48,411.75,415.68,2.0,91.9,True,9,0,14,7,1,4784.79,3550.8,4779.53,1226.1084620456722,1,1,0
2026-07-14 09:15:00,5785.8,1161.88,1176.71,1169.05,1183.96,1135.64,1155.1,1153.18,1167.89,1178.15,1193.19,36.97,30.83,397.3,399.41,2.25,92.41,True,9,15,14,7,1,6003.0,4784.79,5524.53,649.7733533317636,1,1,0
2026-07-14 09:30:00,5916.6,1184.05,1199.16,1206.32,1221.71,1189.0,1209.59,1185.41,1200.54,1220.0,1235.56,36.97,31.11,407.47,408.03,2.75,92.14,True,9,30,14,7,1,5785.8,6003.0,5901.8,109.35373793339254,1,1,0
2026-07-14 09:45:00,6431.4,1284.32,1300.71,1311.73,1328.46,1320.12,1343.72,1296.88,1313.43,1343.81,1360.96,37.25,31.22,446.54,446.33,3.25,91.5,True,9,45,14,7,1,5916.6,5785.8,6044.600000000001,341.3031497071258,1,1,0
2026-07-14 10:00:00,8169.0,1648.21,1671.72,1672.84,1696.93,1661.81,1694.35,1665.2,1689.18,1726.65,1751.97,38.62,31.51,566.64,568.33,3.75,92.12,True,10,0,14,7,1,6431.4,5916.6,6839.0,1180.2244532291325,1,1,0
2026-07-14 10:15:00,9006.23,1812.29,1839.33,1831.06,1858.38,1797.65,1834.01,1804.21,1831.12,1857.82,1885.54,41.48,31.88,635.9,637.59,4.5,91.61,True,10,15,14,7,1,8169.0,6431.4,7868.876666666666,1313.389848306031,1,1,0
2026-07-14 10:30:00,8728.2,1729.21,1754.37,1757.81,1783.7,1744.54,1779.41,1687.11,1711.1,1750.81,1776.72,42.62,32.18,630.33,576.0,5.0,90.01,True,10,30,14,7,1,9006.23,8169.0,8634.476666666667,426.4112634925803,1,1,0
2026-07-14 10:45:00,8202.21,1667.99,1692.16,1656.05,1679.92,1632.95,1664.71,1665.97,1689.99,1738.96,1764.34,41.67,32.22,582.52,549.93,5.5,91.15,True,10,45,14,7,1,8728.2,9006.23,8645.546666666667,408.33285470720955,1,1,0
2026-07-14 11:00:00,8494.8,1677.02,1700.82,1705.52,1730.63,1685.66,1718.86,1665.48,1689.11,1704.06,1729.26,41.47,32.47,607.14,610.65,6.25,90.5,True,11,0,14,7,1,8202.21,8728.2,8475.07,263.54947296476684,1,1,0
2026-07-14 11:15:00,7581.6,1505.2,1524.63,1525.21,1545.36,1495.63,1523.64,1509.35,1529.18,1548.27,1569.17,40.19,32.43,528.26,528.64,6.75,92.32,True,11,15,14,7,1,8494.8,8202.21,8092.87,466.31532968583275,1,1,0
2026-07-14 11:30:00,6426.6,1271.47,1287.7,1285.53,1301.94,1274.56,1297.06,1265.17,1281.31,1301.92,1318.53,39.56,32.34,445.06,441.66,7.25,92.64,True,11,30,14,7,1,7581.6,8494.8,7501.0,1036.4531248445383,1,1,0
2026-07-14 11:45:00,5935.5,1180.13,1195.19,1201.78,1217.12,1208.38,1229.4,1187.12,1202.26,1232.48,1248.21,38.53,32.45,413.12,409.63,7.5,91.77,True,11,45,14,7,1,6426.6,7581.6,6647.9000000000015,845.0689735163708,1,1,0
2026-07-14 12:00:00,7329.21,1432.89,1451.17,1483.16,1503.0,1538.42,1567.58,1447.24,1465.71,1511.99,1532.55,39.39,32.57,530.95,528.38,8.0,88.5,True,12,0,14,7,1,5935.5,6426.6,6563.77,706.9077717071815,1,0,1
2026-07-14 12:15:00,6995.4,1389.7,1408.12,1415.14,1433.9,1434.59,1461.09,1406.31,1424.95,1462.3,1482.01,40.57,32.65,496.09,490.68,8.5,90.86,True,12,15,14,7,1,7329.21,5935.5,6753.37,727.6955281572176,1,0,1
2026-07-14 12:30:00,10834.2,2165.17,2199.45,2217.04,2252.52,2153.85,2200.84,2142.05,2175.86,2173.59,2208.04,43.61,33.33,794.25,789.95,9.25,89.04,True,12,30,14,7,1,6995.4,7329.21,8386.27,2126.5296242234695,1,0,1
2026-07-14 12:45:00,11425.5,2331.15,2368.36,2383.62,2422.03,2331.82,2383.69,2409.88,2448.87,2534.5,2575.54,47.0,33.64,870.1,868.49,10.0,86.99,True,12,45,14,7,1,10834.2,6995.4,9751.7,2405.2653055328446,1,0,1
2026-07-14 13:00:00,11562.6,2256.05,2292.19,2357.09,2395.07,2358.95,2411.66,2250.11,2286.06,2311.75,2348.89,49.66,34.09,910.69,909.38,11.0,85.1,True,13,0,14,7,1,11425.5,10834.2,11274.1,387.08282059528494,1,0,1
2026-07-14 13:15:00,10492.2,2089.93,2122.63,2076.93,2109.31,1985.61,2028.04,2043.54,2075.13,2089.42,2121.91,51.06,34.26,785.36,780.89,11.75,90.11,True,13,15,14,7,1,11562.6,11425.5,11160.1,582.4662307808085,1,0,1
2026-07-14 13:30:00,10405.8,2118.94,2152.59,2136.42,2170.13,2109.79,2155.5,2164.1,2198.39,2258.71,2294.93,47.92,34.13,786.69,781.65,12.25,87.99,True,13,30,14,7,1,10492.2,11562.6,10820.199999999999,644.386964486406,1,0,1
2026-07-14 13:45:00,11821.2,2377.25,2416.32,2429.79,2469.86,2445.33,2501.28,2400.16,2439.84,2482.76,2523.9,50.35,34.84,948.72,940.37,13.25,83.78,True,13,45,14,7,1,10405.8,10492.2,10906.400000000001,793.4169899869828,1,0,1
2026-07-14 14:00:00,10866.0,2063.95,2096.53,2095.3,2128.29,2214.69,2263.45,2114.78,2148.49,2219.29,2255.25,50.23,35.06,884.01,873.57,14.0,82.6,True,14,0,14,7,1,11821.2,10405.8,11031.0,721.9820219368369,1,0,1
2026-07-14 14:15:00,11232.0,2229.76,2265.29,2263.06,2299.73,2258.39,2308.39,2250.89,2286.89,2330.39,2368.82,49.97,35.88,884.7,872.53,14.75,85.22,True,14,15,14,7,1,10866.0,11821.2,11306.400000000001,481.9266334204836,1,0,1
2026-07-14 14:30:00,11155.2,2207.97,2243.19,2250.47,2286.36,2252.03,2301.81,2217.79,2253.17,2296.6,2334.23,49.31,36.25,884.62,869.51,15.5,84.4,True,14,30,14,7,1,11232.0,10866.0,11084.4,192.99865284504355,1,0,1
2026-07-14 14:45:00,10314.0,2032.16,2063.66,2049.5,2081.42,2101.55,2146.78,2073.81,2106.22,2144.82,2178.57,47.39,36.2,821.72,804.86,16.25,83.3,True,14,45,14,7,1,11155.2,11232.0,10900.4,509.2870310542008,1,0,1
2026-07-14 15:00:00,9834.0,1933.93,1963.08,1970.52,2000.37,1972.3,2013.75,1943.67,1973.26,1994.35,2025.08,46.39,36.17,780.12,764.98,17.0,83.29,True,15,0,14,7,1,10314.0,11155.2,10434.4,668.7783489318449,1,0,1
2026-07-14 15:15:00,8224.2,1575.64,1598.13,1640.86,1664.57,1637.92,1670.19,1612.17,1635.34,1659.08,1682.7,45.0,35.76,637.95,625.33,17.5,84.66,True,15,15,14,7,1,9834.0,10314.0,9457.400000000001,1094.6171385466275,1,0,1
2026-07-14 15:30:00,6799.5,1390.57,1408.91,1452.63,1472.14,1449.53,1476.46,1376.21,1394.01,1424.88,1443.79,42.18,35.46,541.78,531.41,18.0,81.42,True,15,30,14,7,1,8224.2,9834.0,8285.900000000001,1518.190610562459,1,0,1
2026-07-14 15:45:00,6163.8,1180.99,1195.95,1203.97,1219.22,1205.87,1226.9,1166.53,1181.26,1202.71,1217.95,41.57,35.37,465.17,455.57,18.5,85.74,True,15,45,14,7,1,6799.5,8224.2,7062.5,1055.0776227368378,1,0,1
2026-07-14 16:00:00,4273.8,843.42,853.44,857.37,867.56,852.61,866.44,842.56,852.57,867.58,877.91,39.46,35.1,318.24,313.15,18.75,86.12,True,16,0,14,7,1,6163.8,6799.5,5745.7,1313.7335460434974,1,0,1
2026-07-14 16:15:00,3724.71,735.8,744.51,746.33,755.16,737.03,748.89,734.5,743.19,755.39,764.34,38.86,35.02,278.77,273.73,19.0,85.46,True,16,15,14,7,1,4273.8,6163.8,4720.77,1279.5024981218396,1,0,1
2026-07-14 16:30:00,3332.4,669.8,677.73,674.59,682.58,665.98,676.83,679.76,687.81,706.17,714.53,37.79,34.96,251.72,246.85,19.25,84.3,True,16,30,14,7,1,3724.71,4273.8,3776.97,472.8708287683163,1,0,1
2026-07-14 16:45:00,3891.0,771.46,780.6,782.72,791.98,788.62,801.25,776.28,785.47,805.76,815.32,38.04,34.91,300.8,291.68,19.5,82.45,True,16,45,14,7,1,3332.4,3724.71,3649.3700000000003,286.81976344044875,1,0,1
2026-07-14 17:00:00,3078.0,602.3,609.48,611.2,618.49,605.99,615.91,597.22,604.38,610.89,618.18,37.75,34.8,235.16,227.87,19.75,83.33,True,17,0,14,7,1,3891.0,3332.4,3433.7999999999997,415.87704913836797,1,0,1
2026-07-14 17:15:00,2451.21,485.65,491.99,495.41,501.89,493.81,501.98,486.88,493.24,502.85,509.42,36.93,34.69,184.32,180.71,19.75,84.37,True,17,15,14,7,1,3078.0,3891.0,3140.07,721.8991097792258,1,0,1
2026-07-14 17:30:00,2056.8,401.71,407.25,408.24,413.84,410.62,417.8,399.22,404.75,412.45,418.13,36.03,34.41,155.09,153.56,20.0,83.83,True,17,30,14,7,1,2451.21,3078.0,2528.67,514.9877655828758,1,0,1
2026-07-14 17:45:00,1279.2,249.15,252.91,253.39,257.1,258.77,263.95,248.15,251.86,256.45,260.17,35.29,34.18,99.03,98.25,20.0,81.39,True,17,45,14,7,1,2056.8,2451.21,1929.0700000000004,596.3539843918605,1,0,1
2026-07-14 18:00:00,885.21,175.48,178.95,178.6,182.14,182.8,187.44,175.57,179.04,182.24,185.81,34.02,34.0,70.26,69.9,20.25,78.97,True,18,0,14,7,1,1279.2,2056.8,1407.07,596.1701390543233,1,0,1
2026-07-14 18:15:00,654.0,130.84,133.43,133.16,135.79,135.81,139.83,130.69,133.28,135.8,138.48,33.15,33.79,52.66,51.91,20.25,77.57,True,18,15,14,7,1,885.21,1279.2,939.4699999999999,316.1121172939347,1,0,1
2026-07-14 18:30:00,369.6,73.49,76.33,74.79,77.55,76.87,79.28,72.19,74.91,74.09,76.75,32.1,33.55,31.42,30.22,20.25,73.15,True,18,30,14,7,1,654.0,885.21,636.27,258.26184909904237,1,0,1
2026-07-14 18:45:00,86.25,16.6,17.24,15.82,16.43,18.1,18.73,15.4,16.0,15.76,16.37,31.54,33.26,8.77,7.91,20.25,61.02,True,18,45,14,7,1,369.6,654.0,369.95,283.87516182304233,0,0,1
2026-07-14 19:00:00,0.0,0.07,0.08,0.0,0.0,0.43,0.45,0.11,0.11,0.05,0.05,30.64,32.94,0.45,0.4,20.25,0.0,True,19,0,14,7,1,86.25,369.6,151.95000000000002,193.36082204019527,0,0,1
2026-07-14 19:15:00,0.0,0.0,0.0,0.0,0.0,0.0,0.0,0.0,0.0,0.0,0.0,30.02,32.78,0.1,0.09,20.25,0.0,True,19,15,14,7,1,0.0,86.25,28.75,49.79646071821732,0,0,1
2026-07-14 19:30:00,0.0,0.0,0.0,0.0,0.0,0.0,0.0,0.0,0.0,0.0,0.0,29.74,32.54,0.08,0.08,20.25,0.0,True,19,30,14,7,1,0.0,0.0,0.0,0.00024732546402896294,0,0,1
2026-07-14 19:45:00,0.0,0.0,0.0,0.0,0.0,0.0,0.0,0.0,0.0,0.0,0.0,29.26,32.31,0.11,0.09,20.25,0.0,True,19,45,14,7,1,0.0,0.0,0.0,0.00024732546402896294,0,0,1
2026-07-14 20:00:00,0.0,0.0,0.0,0.0,0.0,0.0,0.0,0.0,0.0,0.0,0.0,28.77,32.19,0.1,0.08,20.25,0.0,True,20,0,14,7,1,0.0,0.0,0.0,0.00024732546402896294,0,0,1
2026-07-14 20:15:00,0.0,0.0,0.0,0.0,0.0,0.0,0.0,0.0,0.0,0.0,0.0,28.57,32.04,0.11,0.09,20.25,0.0,True,20,15,14,7,1,0.0,0.0,0.0,0.00024732546402896294,0,0,1
2026-07-14 20:30:00,0.0,0.0,0.0,0.0,0.0,0.0,0.0,0.0,0.0,0.0,0.0,28.16,31.84,0.12,0.09,20.25,0.0,True,20,30,14,7,1,0.0,0.0,0.0,0.00024732546402896294,0,0,1
2026-07-14 20:45:00,0.0,0.0,0.0,0.0,0.0,0.0,0.0,0.0,0.0,0.0,0.0,28.39,31.49,0.12,0.09,20.25,0.0,True,20,45,14,7,1,0.0,0.0,0.0,0.00024732546402896294,0,0,1
2026-07-14 21:00:00,0.0,0.0,0.0,0.0,0.0,0.0,0.0,0.0,0.0,0.0,0.0,28.34,31.42,0.11,0.09,20.25,0.0,True,21,0,14,7,1,0.0,0.0,0.0,0.00024732546402896294,0,0,1
2026-07-14 21:15:00,0.0,0.0,0.0,0.0,0.0,0.0,0.0,0.0,0.0,0.0,0.0,28.27,31.26,0.12,0.08,20.25,0.0,True,21,15,14,7,1,0.0,0.0,0.0,0.00024732546402896294,0,0,1
2026-07-14 21:30:00,0.0,0.0,0.0,0.0,0.0,0.0,0.0,0.0,0.0,0.0,0.0,27.0,31.15,0.14,0.09,20.25,0.0,True,21,30,14,7,1,0.0,0.0,0.0,0.00024732546402896294,0,0,1
2026-07-14 21:45:00,0.0,0.0,0.0,0.0,0.0,0.0,0.0,0.0,0.0,0.0,0.0,26.65,30.78,0.11,0.08,20.25,0.0,True,21,45,14,7,1,0.0,0.0,0.0,0.00024732546402896294,0,0,1
2026-07-14 22:00:00,0.0,0.0,0.0,0.0,0.0,0.0,0.0,0.0,0.0,0.0,0.0,26.49,30.63,0.14,0.09,20.25,0.0,True,22,0,14,7,1,0.0,0.0,0.0,0.00024732546402896294,0,0,1
2026-07-14 22:15:00,0.0,0.0,0.0,0.0,0.0,0.0,0.0,0.0,0.0,0.0,0.0,26.7,30.58,0.13,0.1,20.25,0.0,True,22,15,14,7,1,0.0,0.0,0.0,0.00024732546402896294,0,0,1
2026-07-14 22:30:00,0.0,0.0,0.0,0.0,0.0,0.0,0.0,0.0,0.0,0.0,0.0,26.38,30.23,0.14,0.1,20.25,0.0,True,22,30,14,7,1,0.0,0.0,0.0,0.00024732546402896294,0,0,1
2026-07-14 22:45:00,0.0,0.0,0.0,0.0,0.0,0.0,0.0,0.0,0.0,0.0,0.0,25.56,29.65,0.14,0.09,20.25,0.0,True,22,45,14,7,1,0.0,0.0,0.0,0.00024732546402896294,0,0,1
2026-07-14 23:00:00,0.0,0.0,0.0,0.0,0.0,0.0,0.0,0.0,0.0,0.0,0.0,25.51,29.45,0.16,0.1,20.25,0.0,True,23,0,14,7,1,0.0,0.0,0.0,0.00024732546402896294,0,0,1
2026-07-14 23:15:00,0.0,0.0,0.0,0.0,0.0,0.0,0.0,0.0,0.0,0.0,0.0,25.32,28.93,0.16,0.09,20.25,0.0,True,23,15,14,7,1,0.0,0.0,0.0,0.00024732546402896294,0,0,1
2026-07-14 23:30:00,0.0,0.0,0.0,0.0,0.0,0.0,0.0,0.0,0.0,0.0,0.0,24.84,28.47,0.18,0.1,20.25,0.0,True,23,30,14,7,1,0.0,0.0,0.0,0.00024732546402896294,0,0,1
2026-07-14 23:45:00,0.0,0.0,0.0,0.0,0.0,0.0,0.0,0.0,0.0,0.0,0.0,24.21,28.65,0.16,0.1,20.25,0.0,True,23,45,14,7,1,0.0,0.0,0.0,0.00024732546402896294,0,0,1
2026-07-15 00:15:00,0.0,0.0,0.0,0.0,0.0,0.0,0.0,0.0,0.0,0.0,0.0,24.84,28.21,0.17,0.09,0.0,0.0,True,0,15,15,7,2,0.0,0.0,0.0,0.0,0,1,0
2026-07-15 00:30:00,0.0,0.0,0.0,0.0,0.0,0.0,0.0,0.0,0.0,0.0,0.0,24.59,28.02,0.15,0.09,0.0,0.0,True,0,30,15,7,2,0.0,0.0,0.0,0.0,0,1,0
2026-07-15 00:45:00,0.0,0.0,0.0,0.0,0.0,0.0,0.0,0.0,0.0,0.0,0.0,24.84,27.75,0.15,0.09,0.0,0.0,True,0,45,15,7,2,0.0,0.0,0.0,0.0,0,1,0
2026-07-15 01:00:00,0.0,0.0,0.0,0.0,0.0,0.0,0.0,0.0,0.0,0.0,0.0,24.97,27.76,0.17,0.1,0.0,0.0,True,1,0,15,7,2,0.0,0.0,0.0,0.0,0,1,0
2026-07-15 01:15:00,0.0,0.0,0.0,0.0,0.0,0.0,0.0,0.0,0.0,0.0,0.0,24.9,27.9,0.16,0.1,0.0,0.0,True,1,15,15,7,2,0.0,0.0,0.0,0.0,0,1,0
2026-07-15 01:30:00,0.0,0.0,0.0,0.0,0.0,0.0,0.0,0.0,0.0,0.0,0.0,24.93,27.83,0.18,0.1,0.0,0.0,True,1,30,15,7,2,0.0,0.0,0.0,0.0,0,1,0
2026-07-15 01:45:00,0.0,0.0,0.0,0.0,0.0,0.0,0.0,0.0,0.0,0.0,0.0,24.62,27.66,0.16,0.1,0.0,0.0,True,1,45,15,7,2,0.0,0.0,0.0,0.0,0,1,0
2026-07-15 02:00:00,0.0,0.0,0.0,0.0,0.0,0.0,0.0,0.0,0.0,0.0,0.0,24.39,27.29,0.12,0.09,0.0,0.0,True,2,0,15,7,2,0.0,0.0,0.0,0.0,0,1,0
2026-07-15 02:15:00,0.0,0.0,0.0,0.0,0.0,0.0,0.0,0.0,0.0,0.0,0.0,23.65,27.3,0.16,0.09,0.0,0.0,True,2,15,15,7,2,0.0,0.0,0.0,0.0,0,1,0
2026-07-15 02:30:00,0.0,0.0,0.0,0.0,0.0,0.0,0.0,0.0,0.0,0.0,0.0,23.93,27.24,0.18,0.1,0.0,0.0,True,2,30,15,7,2,0.0,0.0,0.0,0.0,0,1,0
2026-07-15 02:45:00,0.0,0.0,0.0,0.0,0.0,0.0,0.0,0.0,0.0,0.0,0.0,24.26,27.19,0.2,0.1,0.0,0.0,True,2,45,15,7,2,0.0,0.0,0.0,0.0,0,1,0
2026-07-15 03:00:00,0.0,0.0,0.0,0.0,0.0,0.0,0.0,0.0,0.0,0.0,0.0,23.8,27.21,0.19,0.1,0.0,0.0,True,3,0,15,7,2,0.0,0.0,0.0,0.0,0,1,0
2026-07-15 03:15:00,0.0,0.0,0.0,0.0,0.0,0.0,0.0,0.0,0.0,0.0,0.0,23.4,27.19,0.17,0.09,0.0,0.0,True,3,15,15,7,2,0.0,0.0,0.0,0.0,0,1,0
2026-07-15 03:30:00,0.0,0.0,0.0,0.0,0.0,0.0,0.0,0.0,0.0,0.0,0.0,23.52,26.94,0.17,0.1,0.0,0.0,True,3,30,15,7,2,0.0,0.0,0.0,0.0,0,1,0
2026-07-15 03:45:00,0.0,0.0,0.0,0.0,0.0,0.0,0.0,0.0,0.0,0.0,0.0,23.81,27.05,0.17,0.1,0.0,0.0,True,3,45,15,7,2,0.0,0.0,0.0,0.0,0,1,0
2026-07-15 04:00:00,0.0,0.0,0.0,0.0,0.0,0.0,0.0,0.0,0.0,0.0,0.0,23.93,26.96,0.17,0.09,0.0,0.0,True,4,0,15,7,2,0.0,0.0,0.0,0.0,0,1,0
2026-07-15 04:15:00,0.0,0.0,0.0,0.0,0.0,0.0,0.0,0.0,0.0,0.0,0.0,24.04,26.81,0.16,0.09,0.0,0.0,True,4,15,15,7,2,0.0,0.0,0.0,0.0,0,1,0
2026-07-15 04:30:00,0.0,0.0,0.0,0.0,0.0,0.0,0.0,0.0,0.0,0.0,0.0,24.04,26.62,0.19,0.1,0.0,0.0,True,4,30,15,7,2,0.0,0.0,0.0,0.0,0,1,0
2026-07-15 04:45:00,0.0,0.0,0.0,0.0,0.0,0.0,0.0,0.0,0.0,0.0,0.0,23.98,26.61,0.19,0.1,0.0,0.0,True,4,45,15,7,2,0.0,0.0,0.0,0.0,0,1,0
2026-07-15 05:00:00,0.0,0.0,0.0,0.0,0.0,0.0,0.0,0.0,0.0,0.0,0.0,22.86,26.7,0.21,0.1,0.0,0.0,True,5,0,15,7,2,0.0,0.0,0.0,0.0,0,1,0
2026-07-15 05:15:00,0.0,0.0,0.0,0.0,0.0,0.0,0.0,0.0,0.0,0.0,0.0,22.91,26.66,0.15,0.09,0.0,0.0,True,5,15,15,7,2,0.0,0.0,0.0,0.0,0,1,0
2026-07-15 05:30:00,0.0,0.0,0.0,0.0,0.0,0.0,0.0,0.0,0.0,0.0,0.0,22.82,26.69,0.22,0.1,0.0,0.0,True,5,30,15,7,2,0.0,0.0,0.0,0.0,0,1,0
2026-07-15 05:45:00,0.0,0.0,0.0,0.0,0.0,0.4,0.41,0.25,0.26,0.32,0.33,22.7,26.13,0.29,0.12,0.0,0.0,True,5,45,15,7,2,0.0,0.0,0.0,0.0,0,1,0
2026-07-15 06:00:00,37.8,0.0,0.0,0.0,0.0,16.39,16.93,15.52,16.12,16.1,16.72,22.73,25.84,6.3,5.69,0.0,35.92,True,6,0,15,7,2,0.0,0.0,12.6,21.823840175367852,0,1,0
2026-07-15 06:15:00,145.93,0.0,0.0,0.0,0.0,56.29,58.0,55.24,56.64,56.54,57.98,23.09,25.95,22.04,21.38,0.0,39.7,True,6,15,15,7,2,37.8,0.0,61.24333333333334,75.73693704747593,1,1,0
2026-07-15 06:30:00,480.0,93.11,94.53,100.45,101.98,112.67,115.15,111.81,113.66,112.71,114.53,23.49,26.25,42.29,42.61,0.0,68.17,True,6,30,15,7,2,145.93,37.8,221.24333333333334,230.51959490102644,1,1,0
2026-07-15 06:45:00,1005.43,214.99,217.9,218.57,221.5,209.44,213.76,209.37,212.23,210.01,212.87,25.02,26.89,79.92,71.35,0.0,76.02,True,6,45,15,7,2,480.0,145.93,543.7866666666667,433.2858371021759,1,1,0
2026-07-15 07:00:00,1692.0,347.99,352.89,358.63,363.72,345.82,352.15,341.14,345.96,343.39,348.25,27.31,27.73,130.31,104.12,0.25,79.19,True,7,0,15,7,2,1005.43,480.0,1059.1433333333334,607.7827256786206,1,1,0
2026-07-15 07:15:00,2507.14,507.65,513.96,516.52,522.9,498.64,506.98,497.75,504.01,504.22,510.51,29.84,28.63,185.48,134.32,0.25,83.28,True,7,15,15,7,2,1692.0,1005.43,1734.8566666666666,751.771741576746,1,1,0
2026-07-15 07:30:00,3237.0,658.48,666.26,665.24,673.11,648.83,659.45,647.03,654.67,659.12,666.91,32.44,29.48,237.81,154.86,0.5,84.76,True,7,30,15,7,2,2507.14,1692.0,2478.713333333333,772.8921700556515,1,1,0
2026-07-15 07:45:00,3885.0,792.32,801.71,801.12,810.63,772.81,785.23,780.03,789.27,795.01,804.45,34.16,30.17,280.16,170.0,0.75,86.97,True,7,45,15,7,2,3237.0,2507.14,3209.713333333333,689.3351626990564,1,1,0
2026-07-15 08:00:00,4878.64,985.46,997.46,995.39,1007.51,973.16,989.33,972.55,984.27,994.59,1006.7,35.56,30.73,347.89,206.22,1.25,88.46,True,8,0,15,7,2,3885.0,3237.0,4000.213333333333,826.8621750529737,1,1,0
2026-07-15 08:15:00,5433.6,1095.69,1109.56,1099.06,1112.98,1058.97,1076.86,1088.91,1102.69,1102.53,1116.49,36.88,31.04,381.58,405.88,1.5,90.33,True,8,15,15,7,2,4878.64,3885.0,4732.413333333334,784.587259986634,1,1,0
2026-07-15 08:30:00,5763.6,1189.78,1204.81,1206.84,1222.09,1178.99,1199.59,1160.51,1175.11,1185.36,1200.27,37.03,31.3,404.89,425.85,2.0,90.36,True,8,30,15,7,2,5433.6,4878.64,5358.613333333334,447.220080646356,1,1,0
2026-07-15 08:45:00,7475.4,1491.73,1511.21,1517.31,1537.81,1494.48,1522.47,1494.99,1514.64,1543.82,1565.04,38.75,31.72,527.62,546.75,2.5,90.59,True,8,45,15,7,2,5763.6,5433.6,6224.200000000001,1096.0616223552393,1,1,0
2026-07-15 09:00:00,7390.93,1456.22,1474.8,1490.55,1509.91,1495.47,1523.47,1469.35,1488.32,1524.28,1545.1,40.19,32.06,533.6,547.76,3.0,89.1,True,9,0,15,7,2,7475.4,5763.6,6876.643333333333,964.8486366437655,1,1,0
2026-07-15 09:15:00,8884.8,1781.83,1808.04,1832.82,1860.24,1777.03,1812.8,1767.34,1793.05,1802.24,1828.9,41.25,32.27,632.87,649.35,3.5,90.72,True,9,15,15,7,2,7390.93,7475.4,7917.043333333334,839.1653708497108,1,1,0
2026-07-15 09:30:00,7265.4,1433.95,1452.71,1471.45,1491.4,1472.04,1499.48,1425.29,1443.94,1450.49,1469.45,42.22,32.35,534.67,541.71,4.0,88.17,True,9,30,15,7,2,8884.8,7390.93,7847.043333333332,900.9126592702163,1,1,0
2026-07-15 09:45:00,9807.43,2104.82,2137.68,2144.17,2178.1,1992.55,2034.69,2006.81,2037.61,2015.55,2046.55,42.17,32.45,692.77,700.28,4.75,91.84,True,9,45,15,7,2,7265.4,8884.8,8652.543333333333,1286.8319624695891,1,1,0
2026-07-15 10:00:00,13186.2,2610.34,2653.59,2640.73,2684.49,2647.53,2708.71,2654.36,2698.34,2744.22,2789.69,47.56,33.39,997.63,1020.1,5.75,87.78,True,10,0,15,7,2,9807.43,7265.4,10086.343333333332,2970.237809609415,1,1,0
2026-07-15 10:15:00,12137.4,2395.82,2435.02,2415.57,2454.87,2348.59,2401.33,2457.65,2498.1,2531.18,2572.94,49.81,33.43,931.38,937.87,6.5,87.41,True,10,15,15,7,2,13186.2,9807.43,11710.343333333332,1729.3943233494574,1,1,0
2026-07-15 10:30:00,9550.8,1987.32,2017.56,1998.23,2028.93,1806.72,1843.38,1934.29,1963.74,1962.07,1992.09,47.21,33.35,667.5,596.42,7.25,94.88,True,10,30,15,7,2,12137.4,13186.2,11624.799999999997,1871.1232882950276,1,1,0
2026-07-15 10:45:00,9048.21,1874.49,1902.8,1807.76,1834.51,1687.92,1721.17,1862.29,1890.02,1882.12,1910.27,44.29,33.39,619.9,590.14,7.75,95.56,True,10,45,15,7,2,9550.8,12137.4,10245.47,1657.6183278125282,1,1,0
2026-07-15 11:00:00,10946.4,2194.11,2228.42,2252.87,2288.46,2258.86,2308.83,2194.23,2229.0,2358.57,2396.72,45.41,33.55,832.95,838.94,8.5,86.46,True,11,0,15,7,2,9048.21,9550.8,9848.47,983.482023577454,1,1,0
2026-07-15 11:15:00,12696.6,2530.28,2572.03,2651.68,2695.62,2519.68,2577.17,2531.85,2573.55,2567.05,2609.3,51.37,34.11,983.37,999.07,9.5,87.21,True,11,15,15,7,2,10946.4,9048.21,10897.07,1824.6951758307468,1,1,0
2026-07-15 11:30:00,11915.36,2420.04,2459.87,2450.48,2490.81,2355.68,2408.77,2403.32,2442.78,2461.06,2501.75,50.24,34.21,907.63,920.37,10.25,88.22,True,11,30,15,7,2,12696.6,10946.4,11852.786666666667,876.7762408581368,1,1,0
2026-07-15 11:45:00,9262.8,1791.49,1818.18,1874.96,1902.93,1742.67,1777.78,1813.49,1840.45,1844.36,1871.98,48.76,34.09,694.42,702.82,11.0,89.06,True,11,45,15,7,2,11915.36,12696.6,11291.586666666664,1799.8792983234541,1,1,0
2026-07-15 12:00:00,7668.0,1573.66,1595.08,1630.24,1652.84,1495.85,1523.91,1546.63,1567.66,1561.78,1583.42,43.43,33.78,546.33,549.81,11.5,91.55,True,12,0,15,7,2,9262.8,11915.36,9615.386666666667,2145.5196947437544,1,0,1
2026-07-15 12:15:00,8501.54,1642.53,1666.09,1748.24,1773.92,1761.42,1797.09,1696.99,1721.74,1824.8,1852.07,44.48,34.1,640.31,644.47,12.0,87.0,True,12,15,15,7,2,7668.0,9262.8,8477.446666666667,797.6729445915378,1,0,1
2026-07-15 12:30:00,12023.4,2556.38,2598.02,2607.81,2650.56,2191.9,2240.3,2427.92,2467.15,2378.42,2416.8,46.91,34.52,821.32,822.83,13.0,96.95,True,12,30,15,7,2,8501.54,7668.0,9397.646666666667,2311.8461580592525,1,0,1
2026-07-15 12:45:00,10350.0,2081.79,2114.3,2091.24,2124.06,2002.89,2045.3,2059.56,2092.0,2078.19,2110.93,48.02,34.78,785.17,784.83,13.75,87.72,True,12,45,15,7,2,12023.4,8501.54,10291.646666666667,1761.6549885074883,1,0,1
2026-07-15 13:00:00,10237.8,1990.12,2021.23,2018.12,2049.53,1991.05,2033.38,2040.08,2072.13,2080.09,2112.49,49.37,34.82,779.89,782.26,14.25,87.88,True,13,0,15,7,2,10350.0,12023.4,10870.4,1000.1019748005616,1,0,1
2026-07-15 13:15:00,6954.6,1404.74,1423.37,1429.71,1448.94,1524.17,1553.12,1362.79,1380.81,1442.71,1461.83,47.54,34.9,571.11,568.3,14.75,80.86,True,13,15,15,7,2,10237.8,10350.0,9180.8,1928.7617893353236,1,0,1
2026-07-15 13:30:00,7253.4,1391.96,1410.27,1371.35,1389.37,1509.59,1538.51,1465.99,1485.95,1573.52,1595.63,45.61,34.69,579.45,574.62,15.25,82.42,True,13,30,15,7,2,6954.6,10237.8,8148.600000000001,1815.4580248521331,1,0,1
2026-07-15 13:45:00,8436.6,1690.61,1714.9,1734.91,1759.64,1644.41,1676.82,1716.13,1740.46,1740.45,1765.45,47.24,34.92,620.26,617.38,16.0,90.2,True,13,45,15,7,2,7253.4,6954.6,7548.2,783.7482248783834,1,0,1
2026-07-15 14:00:00,7591.5,1508.62,1528.56,1530.03,1550.59,1524.02,1552.78,1524.06,1544.67,1574.82,1596.58,47.65,35.09,577.65,574.93,16.5,87.31,True,14,0,15,7,2,8436.6,7253.4,7760.5,609.435238561092,1,0,1
2026-07-15 14:15:00,8249.4,1634.67,1658.17,1687.22,1712.05,1687.53,1720.79,1641.14,1664.96,1715.21,1740.8,48.08,35.35,642.48,632.55,17.0,85.47,True,14,15,15,7,2,7591.5,8436.6,8092.5,443.86001171541807,1,0,1
2026-07-15 14:30:00,7793.4,1556.25,1577.5,1596.69,1619.05,1587.58,1618.38,1542.85,1563.81,1558.09,1579.72,48.71,35.23,609.75,598.39,17.5,85.32,True,14,30,15,7,2,8249.4,7591.5,7878.099999999999,337.0291827127337,1,0,1
2026-07-15 14:45:00,5088.6,1007.52,1019.87,1038.4,1051.2,991.34,1007.9,1012.43,1024.9,1003.97,1016.32,43.08,34.41,369.28,361.9,18.0,89.74,True,14,45,15,7,2,7793.4,8249.4,7043.8,1708.534248998252,1,0,1
2026-07-15 15:00:00,4518.0,831.71,841.61,857.42,867.62,1037.47,1055.23,854.99,865.17,915.51,926.54,39.99,34.2,401.31,392.78,18.25,72.36,True,15,0,15,7,2,5088.6,7793.4,5800.0,1749.7510565792024,1,0,1
2026-07-15 15:15:00,4536.0,897.55,908.27,916.39,927.33,939.68,955.2,897.43,908.14,933.24,944.38,39.64,34.44,345.75,341.7,18.5,84.2,True,15,15,15,7,2,4518.0,5088.6,4714.2,324.3647946372237,1,0,1
2026-07-15 15:30:00,6108.0,1170.87,1185.96,1187.59,1202.94,1247.06,1269.62,1180.81,1196.04,1220.46,1236.45,41.54,34.6,480.01,469.34,19.0,82.33,True,15,30,15,7,2,4536.0,4518.0,5054.0,912.8351439334731,1,0,1
2026-07-15 15:45:00,6475.2,1273.56,1290.72,1287.89,1305.41,1301.77,1325.86,1300.22,1317.9,1332.16,1350.24,42.98,34.97,505.03,498.62,19.5,83.47,True,15,45,15,7,2,6108.0,4536.0,5706.400000000001,1030.0903261365177,1,0,1
2026-07-15 16:00:00,4279.8,857.43,867.63,874.52,884.98,856.38,870.32,847.86,858.0,902.43,913.31,41.8,34.74,319.68,316.1,19.75,86.72,True,16,0,15,7,2,6475.2,6108.0,5621.0,1175.934538994428,1,0,1
2026-07-15 16:15:00,4118.4,786.83,796.18,800.18,809.69,849.77,863.77,800.42,809.94,846.63,856.76,41.3,34.78,327.15,322.69,20.0,81.37,True,16,15,15,7,2,4279.8,6475.2,4957.8,1316.5825306451723,1,0,1
2026-07-15 16:30:00,4819.2,984.78,997.03,1001.44,1013.91,940.7,956.33,979.79,991.76,979.96,991.9,40.76,34.72,356.51,349.54,20.25,87.17,True,16,30,15,7,2,4118.4,4279.8,4405.8,366.9974931795206,1,0,1
2026-07-15 16:45:00,5124.21,965.63,977.36,977.21,989.15,1020.41,1037.66,1009.54,1021.93,1081.39,1094.74,42.02,35.07,406.03,396.52,20.75,81.82,True,16,45,15,7,2,4819.2,4118.4,4687.2699999999995,515.7204501472179,1,0,1
2026-07-15 17:00:00,2851.8,560.95,567.76,566.95,573.84,557.26,566.44,569.18,576.1,583.75,590.75,41.63,35.12,223.92,219.98,21.0,82.43,True,17,0,15,7,2,5124.21,4819.2,4265.07,1233.392413103005,1,0,1
2026-07-15 17:15:00,2449.8,481.58,487.68,490.33,496.54,487.61,495.78,488.56,494.73,503.91,510.2,38.93,35.12,185.36,183.58,21.0,84.56,True,17,15,15,7,2,2851.8,5124.21,3475.2700000000004,1442.100323382553,1,0,1
2026-07-15 17:30:00,1807.2,352.93,357.89,359.1,364.1,356.71,363.17,360.49,365.52,370.2,375.32,37.66,35.05,136.9,135.26,21.25,84.01,True,17,30,15,7,2,2449.8,2851.8,2369.6,526.897826907721,1,0,1
2026-07-15 17:45:00,1164.0,230.88,234.37,234.68,238.15,232.47,237.4,234.34,237.81,240.93,244.42,36.01,34.81,89.09,88.92,21.25,82.58,True,17,45,15,7,2,1807.2,2449.8,1807.0,642.9000233318442,1,0,1
2026-07-15 18:00:00,845.4,168.62,171.96,171.35,174.74,170.78,175.31,171.47,174.86,176.75,180.24,34.91,34.56,68.05,67.79,21.25,78.16,True,18,0,15,7,2,1164.0,1807.2,1272.2,489.94411926268947,1,0,1
2026-07-15 18:15:00,666.0,132.76,135.39,135.19,137.86,136.01,140.03,135.27,137.94,140.0,142.77,33.79,34.42,57.11,55.5,21.5,73.02,True,18,15,15,7,2,845.4,1164.0,891.8000000000001,252.22156926023828,1,0,1
2026-07-15 18:30:00,324.0,66.51,68.95,68.01,70.51,71.15,73.39,70.05,72.55,72.55,75.07,32.67,34.23,31.97,30.52,21.5,63.18,True,18,30,15,7,2,666.0,845.4,611.8000000000001,264.89190248118314,1,0,1
2026-07-15 18:45:00,103.5,23.75,24.66,23.74,24.65,27.21,28.12,25.62,26.61,27.09,28.14,31.12,33.85,11.82,11.07,21.5,54.24,True,18,45,15,7,2,324.0,666.0,364.5,283.4285624281783,0,0,1
2026-07-15 19:00:00,9.0,1.02,1.06,0.64,0.66,2.34,2.45,1.49,1.54,1.67,1.73,30.02,33.55,0.95,0.74,21.5,25.22,True,19,0,15,7,2,103.5,324.0,145.5,161.64544534290633,0,0,1
2026-07-15 19:15:00,0.0,0.0,0.0,0.0,0.0,0.0,0.0,0.0,0.0,0.0,0.0,28.8,33.13,0.09,0.08,21.5,0.0,True,19,15,15,7,2,9.0,103.5,37.5,57.33454456179001,0,0,1
2026-07-15 19:30:00,0.0,0.0,0.0,0.0,0.0,0.0,0.0,0.0,0.0,0.0,0.0,28.11,32.84,0.08,0.08,21.5,0.0,True,19,30,15,7,2,0.0,9.0,3.0,5.196152433129703,0,0,1
2026-07-15 19:45:00,0.0,0.0,0.0,0.0,0.0,0.0,0.0,0.0,0.0,0.0,0.0,28.04,32.65,0.1,0.09,21.5,0.0,True,19,45,15,7,2,0.0,0.0,0.0,0.0003291771508977479,0,0,1
2026-07-15 20:00:00,0.0,0.0,0.0,0.0,0.0,0.0,0.0,0.0,0.0,0.0,0.0,27.72,32.2,0.11,0.09,21.5,0.0,True,20,0,15,7,2,0.0,0.0,0.0,0.0003291771508977479,0,0,1
2026-07-15 20:15:00,0.0,0.0,0.0,0.0,0.0,0.0,0.0,0.0,0.0,0.0,0.0,27.44,31.68,0.11,0.09,21.5,0.0,True,20,15,15,7,2,0.0,0.0,0.0,0.0003291771508977479,0,0,1
2026-07-15 20:30:00,0.0,0.0,0.0,0.0,0.0,0.0,0.0,0.0,0.0,0.0,0.0,27.16,31.25,0.13,0.09,21.5,0.0,True,20,30,15,7,2,0.0,0.0,0.0,0.0003291771508977479,0,0,1
2026-07-15 20:45:00,0.0,0.0,0.0,0.0,0.0,0.0,0.0,0.0,0.0,0.0,0.0,26.71,30.86,0.13,0.09,21.5,0.0,True,20,45,15,7,2,0.0,0.0,0.0,0.0003291771508977479,0,0,1
2026-07-15 21:00:00,0.0,0.0,0.0,0.0,0.0,0.0,0.0,0.0,0.0,0.0,0.0,27.0,30.54,0.14,0.09,21.5,0.0,True,21,0,15,7,2,0.0,0.0,0.0,0.0003291771508977479,0,0,1
2026-07-15 21:15:00,0.0,0.0,0.0,0.0,0.0,0.0,0.0,0.0,0.0,0.0,0.0,26.87,30.25,0.14,0.09,21.5,0.0,True,21,15,15,7,2,0.0,0.0,0.0,0.0003291771508977479,0,0,1
2026-07-15 21:30:00,0.0,0.0,0.0,0.0,0.0,0.0,0.0,0.0,0.0,0.0,0.0,27.18,30.28,0.16,0.09,21.5,0.0,True,21,30,15,7,2,0.0,0.0,0.0,0.0003291771508977479,0,0,1
2026-07-15 21:45:00,0.0,0.0,0.0,0.0,0.0,0.0,0.0,0.0,0.0,0.0,0.0,27.4,30.28,0.26,0.09,21.5,0.0,True,21,45,15,7,2,0.0,0.0,0.0,0.0003291771508977479,0,0,1
2026-07-15 22:00:00,0.0,0.0,0.0,0.0,0.0,0.0,0.0,0.0,0.0,0.0,0.0,27.76,30.13,0.15,0.09,21.5,0.0,True,22,0,15,7,2,0.0,0.0,0.0,0.0003291771508977479,0,0,1
2026-07-15 22:15:00,0.0,0.0,0.0,0.0,0.0,0.0,0.0,0.0,0.0,0.0,0.0,27.77,30.0,0.1,0.09,21.5,0.0,True,22,15,15,7,2,0.0,0.0,0.0,0.0003291771508977479,0,0,1
2026-07-15 22:30:00,0.0,0.0,0.0,0.0,0.0,0.0,0.0,0.0,0.0,0.0,0.0,27.7,30.05,0.14,0.09,21.5,0.0,True,22,30,15,7,2,0.0,0.0,0.0,0.0003291771508977479,0,0,1
2026-07-15 22:45:00,0.0,0.0,0.0,0.0,0.0,0.0,0.0,0.0,0.0,0.0,0.0,27.36,29.89,0.09,0.08,21.5,0.0,True,22,45,15,7,2,0.0,0.0,0.0,0.0003291771508977479,0,0,1
2026-07-15 23:00:00,0.0,0.0,0.0,0.0,0.0,0.0,0.0,0.0,0.0,0.0,0.0,27.53,29.73,0.13,0.09,21.5,0.0,True,23,0,15,7,2,0.0,0.0,0.0,0.0003291771508977479,0,0,1
2026-07-15 23:15:00,0.0,0.0,0.0,0.0,0.0,0.0,0.0,0.0,0.0,0.0,0.0,27.65,29.6,0.12,0.09,21.5,0.0,True,23,15,15,7,2,0.0,0.0,0.0,0.0003291771508977479,0,0,1
2026-07-15 23:30:00,0.0,0.0,0.0,0.0,0.0,0.0,0.0,0.0,0.0,0.0,0.0,27.33,29.45,0.13,0.09,21.5,0.0,True,23,30,15,7,2,0.0,0.0,0.0,0.0003291771508977479,0,0,1
2026-07-15 23:45:00,0.0,0.0,0.0,0.0,0.0,0.0,0.0,0.0,0.0,0.0,0.0,27.49,29.43,0.12,0.09,21.5,0.0,True,23,45,15,7,2,0.0,0.0,0.0,0.0003291771508977479,0,0,1
2026-07-16 00:15:00,0.0,0.0,0.0,0.0,0.0,0.0,0.0,0.0,0.0,0.0,0.0,27.57,29.62,0.11,0.09,0.0,0.0,True,0,15,16,7,3,0.0,0.0,0.0,0.0,0,1,0
2026-07-16 00:30:00,0.0,0.0,0.0,0.0,0.0,0.0,0.0,0.0,0.0,0.0,0.0,27.49,29.48,0.13,0.09,0.0,0.0,True,0,30,16,7,3,0.0,0.0,0.0,0.0,0,1,0
2026-07-16 00:45:00,0.0,0.0,0.0,0.0,0.0,0.0,0.0,0.0,0.0,0.0,0.0,27.47,29.37,0.13,0.09,0.0,0.0,True,0,45,16,7,3,0.0,0.0,0.0,0.0,0,1,0
2026-07-16 01:00:00,0.0,0.0,0.0,0.0,0.0,0.0,0.0,0.0,0.0,0.0,0.0,27.4,29.61,0.27,0.09,0.0,0.0,True,1,0,16,7,3,0.0,0.0,0.0,0.0,0,1,0
2026-07-16 01:15:00,0.0,0.0,0.0,0.0,0.0,0.0,0.0,0.0,0.0,0.0,0.0,27.96,30.15,0.65,0.09,0.0,0.0,True,1,15,16,7,3,0.0,0.0,0.0,0.0,0,1,0
2026-07-16 01:30:00,0.0,0.0,0.0,0.0,0.0,0.0,0.0,0.0,0.0,0.0,0.0,28.71,30.94,0.96,0.09,0.0,0.0,True,1,30,16,7,3,0.0,0.0,0.0,0.0,0,1,0
2026-07-16 01:45:00,0.0,0.0,0.0,0.0,0.0,0.0,0.0,0.0,0.0,0.0,0.0,29.58,31.3,0.4,0.09,0.0,0.0,True,1,45,16,7,3,0.0,0.0,0.0,0.0,0,1,0
2026-07-16 02:00:00,0.0,0.0,0.0,0.0,0.0,0.0,0.0,0.0,0.0,0.0,0.0,29.54,31.12,0.12,0.09,0.0,0.0,True,2,0,16,7,3,0.0,0.0,0.0,0.0,0,1,0
2026-07-16 02:15:00,0.0,0.0,0.0,0.0,0.0,0.0,0.0,0.0,0.0,0.0,0.0,29.34,30.48,0.1,0.08,0.0,0.0,True,2,15,16,7,3,0.0,0.0,0.0,0.0,0,1,0
2026-07-16 02:30:00,0.0,0.0,0.0,0.0,0.0,0.0,0.0,0.0,0.0,0.0,0.0,28.82,29.81,0.13,0.09,0.0,0.0,True,2,30,16,7,3,0.0,0.0,0.0,0.0,0,1,0
2026-07-16 02:45:00,0.0,0.0,0.0,0.0,0.0,0.0,0.0,0.0,0.0,0.0,0.0,28.19,29.46,0.12,0.09,0.0,0.0,True,2,45,16,7,3,0.0,0.0,0.0,0.0,0,1,0
2026-07-16 03:00:00,0.0,0.0,0.0,0.0,0.0,0.0,0.0,0.0,0.0,0.0,0.0,28.29,29.57,0.1,0.13,0.0,0.0,True,3,0,16,7,3,0.0,0.0,0.0,0.0,0,1,0
2026-07-16 03:15:00,0.0,0.0,0.0,0.0,0.0,0.0,0.0,0.0,0.0,0.0,0.0,28.34,29.92,0.13,0.09,0.0,0.0,True,3,15,16,7,3,0.0,0.0,0.0,0.0,0,1,0
2026-07-16 03:30:00,0.0,0.0,0.0,0.0,0.0,0.0,0.0,0.0,0.0,0.0,0.0,28.58,29.88,0.14,0.1,0.0,0.0,True,3,30,16,7,3,0.0,0.0,0.0,0.0,0,1,0
2026-07-16 03:45:00,0.0,0.0,0.0,0.0,0.0,0.0,0.0,0.0,0.0,0.0,0.0,28.18,29.79,0.16,0.09,0.0,0.0,True,3,45,16,7,3,0.0,0.0,0.0,0.0,0,1,0
2026-07-16 04:00:00,0.0,0.0,0.0,0.0,0.0,0.0,0.0,0.0,0.0,0.0,0.0,28.21,29.84,0.12,0.09,0.0,0.0,True,4,0,16,7,3,0.0,0.0,0.0,0.0,0,1,0
2026-07-16 04:15:00,0.0,0.0,0.0,0.0,0.0,0.0,0.0,0.0,0.0,0.0,0.0,28.01,29.76,0.14,0.08,0.0,0.0,True,4,15,16,7,3,0.0,0.0,0.0,0.0,0,1,0
2026-07-16 04:30:00,0.0,0.0,0.0,0.0,0.0,0.0,0.0,0.0,0.0,0.0,0.0,27.91,29.74,0.12,0.08,0.0,0.0,True,4,30,16,7,3,0.0,0.0,0.0,0.0,0,1,0
2026-07-16 04:45:00,0.0,0.0,0.0,0.0,0.0,0.0,0.0,0.0,0.0,0.0,0.0,28.13,29.72,0.11,0.09,0.0,0.0,True,4,45,16,7,3,0.0,0.0,0.0,0.0,0,1,0
2026-07-16 05:00:00,0.0,0.0,0.0,0.0,0.0,0.0,0.0,0.0,0.0,0.0,0.0,28.02,29.72,0.14,0.09,0.0,0.0,True,5,0,16,7,3,0.0,0.0,0.0,0.0,0,1,0
2026-07-16 05:15:00,0.0,0.0,0.0,0.0,0.0,0.0,0.0,0.0,0.0,0.0,0.0,28.01,29.78,0.12,0.09,0.0,0.0,True,5,15,16,7,3,0.0,0.0,0.0,0.0,0,1,0
2026-07-16 05:30:00,0.0,0.0,0.0,0.0,0.0,0.0,0.0,0.0,0.0,0.0,0.0,28.39,29.79,0.1,0.09,0.0,0.0,True,5,30,16,7,3,0.0,0.0,0.0,0.0,0,1,0
2026-07-16 05:45:00,0.0,0.0,0.0,0.0,0.0,0.0,0.0,0.0,0.0,0.0,0.0,27.99,29.7,0.14,0.09,0.0,0.0,True,5,45,16,7,3,0.0,0.0,0.0,0.0,0,1,0
2026-07-16 06:00:00,0.0,0.0,0.0,0.0,0.0,1.86,1.94,1.27,1.32,1.53,1.58,28.31,29.63,1.84,1.17,0.0,0.0,True,6,0,16,7,3,0.0,0.0,0.0,0.0,0,1,0
2026-07-16 06:15:00,22.5,1.57,1.63,2.68,2.79,8.05,8.34,4.01,4.17,4.78,4.97,28.25,29.52,4.39,3.57,0.0,31.36,True,6,15,16,7,3,0.0,0.0,7.5,12.99038105676658,0,1,0
2026-07-16 06:30:00,84.6,20.65,21.45,21.11,21.92,22.33,23.04,21.3,22.12,22.16,23.02,28.19,29.47,9.86,8.83,0.0,52.51,True,6,30,16,7,3,22.5,0.0,35.699999999999996,43.81746227247762,0,1,0
2026-07-16 06:45:00,259.2,54.32,55.8,55.58,57.1,58.82,60.55,56.22,57.69,58.54,60.07,28.34,29.52,22.0,20.78,0.0,72.14,True,6,45,16,7,3,84.6,22.5,122.09999999999998,122.72493634139721,1,1,0
2026-07-16 07:00:00,597.21,119.77,121.65,122.07,123.94,123.68,126.22,121.96,123.83,125.54,127.43,28.11,29.51,43.11,41.82,0.0,84.76,True,7,0,16,7,3,259.2,84.6,313.67,260.60983999074176,1,1,0
2026-07-16 07:15:00,969.0,195.66,198.38,199.41,202.17,197.44,201.61,198.11,200.85,202.23,205.02,27.06,29.12,64.59,61.57,0.0,91.39,True,7,15,16,7,3,597.21,259.2,608.4699999999999,355.0339430251706,1,1,0
2026-07-16 07:30:00,1293.0,259.82,263.06,264.96,268.34,263.04,268.17,251.16,254.41,267.28,270.68,27.64,29.1,90.64,87.43,0.25,87.11,True,7,30,16,7,3,969.0,597.21,953.07,348.16842863763526,1,1,0
2026-07-16 07:45:00,1513.2,303.02,307.41,309.31,313.8,305.14,310.89,304.63,309.05,313.38,317.93,29.41,29.31,107.23,104.97,0.25,86.8,True,7,45,16,7,3,1293.0,969.0,1258.3999999999999,273.7449177610429,1,1,0
2026-07-16 08:00:00,1591.2,321.93,326.6,325.64,330.37,315.3,321.21,321.21,325.87,328.48,333.24,30.63,29.47,111.6,109.61,0.25,88.13,True,8,0,16,7,3,1513.2,1293.0,1465.8,154.64759939940905,1,1,0
2026-07-16 08:15:00,2149.8,423.77,429.53,434.12,439.98,445.87,453.5,430.57,436.4,447.53,453.49,31.17,29.66,153.27,151.59,0.5,86.89,True,8,15,16,7,3,1591.2,1513.2,1751.4000000000003,347.2217159107419,1,1,0
2026-07-16 08:30:00,3121.2,622.64,629.99,631.1,638.55,625.95,636.22,626.39,633.78,643.4,651.0,32.9,29.83,220.67,220.04,0.75,88.25,True,8,30,16,7,3,2149.8,1591.2,2287.4,774.2256260290017,1,1,0
2026-07-16 08:45:00,3177.0,632.86,640.33,646.67,654.32,643.74,654.31,633.3,640.78,652.55,660.27,33.91,29.97,231.11,228.91,1.0,86.13,True,8,45,16,7,3,3121.2,2149.8,2816.0,577.6203251271543,1,1,0
2026-07-16 09:00:00,2526.6,510.11,516.46,519.96,526.4,497.61,505.94,503.29,509.57,512.4,518.79,33.52,30.07,179.7,175.38,1.0,87.94,True,9,0,16,7,3,3177.0,3121.2,2941.6,360.4818442030051,1,1,0
2026-07-16 09:15:00,2108.45,418.8,424.48,427.94,433.61,429.41,436.85,419.13,424.87,433.13,438.82,32.47,29.95,149.1,146.26,1.25,88.07,True,9,15,16,7,3,2526.6,3177.0,2604.0166666666664,538.4652085634997,1,1,0
2026-07-16 09:30:00,2511.0,489.85,496.01,502.78,509.1,529.48,538.27,516.19,522.56,546.04,552.64,32.79,29.95,175.91,175.14,1.5,89.02,True,9,30,16,7,3,2108.45,2526.6,2382.0166666666664,237.04404829763908,1,1,0
2026-07-16 09:45:00,3689.4,708.33,716.71,725.6,734.19,779.09,791.61,726.07,734.66,769.42,778.55,34.03,30.1,264.39,265.94,1.75,87.47,True,9,45,16,7,3,2511.0,2108.45,2769.616666666667,821.5915413594114,1,1,0
2026-07-16 10:00:00,4311.64,844.08,854.14,860.56,870.81,886.85,901.33,856.15,866.35,895.32,906.01,35.45,30.19,308.14,309.55,2.0,88.23,True,10,0,16,7,3,3689.4,2511.0,3504.013333333334,914.5229710255139,1,1,0
2026-07-16 10:15:00,4792.8,933.82,944.97,954.48,965.88,991.57,1008.1,946.92,958.23,988.92,1000.91,36.31,30.43,342.79,342.96,2.25,88.48,True,10,15,16,7,3,4311.64,3689.4,4264.613333333334,553.2011573861107,1,1,0
2026-07-16 10:30:00,6177.6,1212.98,1228.37,1238.27,1254.07,1262.57,1284.81,1227.41,1243.01,1276.04,1292.32,38.19,30.73,441.46,442.0,2.75,89.26,True,10,30,16,7,3,4792.8,4311.64,5094.013333333333,968.7614693686638,1,1,0
2026-07-16 10:45:00,6563.4,1288.68,1305.13,1314.09,1330.86,1339.73,1363.77,1301.1,1317.7,1355.61,1372.91,40.16,30.92,477.33,477.24,3.25,88.44,True,10,45,16,7,3,6177.6,4792.8,5844.599999999999,931.0869132363529,1,1,0
2026-07-16 11:00:00,8370.64,1691.13,1715.04,1679.95,1703.9,1663.49,1696.16,1762.15,1787.75,1800.65,1827.37,41.34,31.21,590.7,593.73,3.75,91.6,True,11,0,16,7,3,6563.4,6177.6,7037.213333333333,1170.781967974112,1,1,0
2026-07-16 11:15:00,11397.6,2216.32,2251.9,2299.21,2336.5,2380.41,2434.12,2235.11,2270.89,2372.55,2410.97,46.89,31.92,896.41,911.45,4.5,84.19,True,11,15,16,7,3,8370.64,6563.4,8777.213333333333,2442.611065342442,1,1,0
2026-07-16 11:30:00,7575.0,1539.62,1560.44,1550.57,1571.52,1435.52,1462.21,1510.44,1530.69,1510.22,1530.31,47.11,31.93,559.93,564.13,5.0,89.67,True,11,30,16,7,3,11397.6,8370.64,9114.413333333332,2016.9201195221735,1,1,0
2026-07-16 11:45:00,6523.8,1298.35,1314.91,1323.57,1340.46,1304.87,1328.07,1300.88,1317.48,1335.01,1352.05,42.06,31.77,471.44,472.14,5.5,89.73,True,11,45,16,7,3,7575.0,11397.6,8498.800000000001,2564.8657742657806,1,1,0
2026-07-16 12:00:00,6365.57,1281.03,1297.37,1301.34,1317.94,1294.33,1317.34,1288.26,1304.69,1333.07,1350.31,40.56,31.9,460.56,459.23,6.0,89.05,True,12,0,16,7,3,6523.8,7575.0,6821.456666666666,657.3658415474076,1,0,1
2026-07-16 12:15:00,9125.36,1783.15,1809.68,1802.9,1830.13,1844.99,1882.72,1829.2,1856.99,1937.87,1967.65,44.01,32.44,675.87,681.99,6.75,88.29,True,12,15,16,7,3,6365.57,6523.8,7338.243333333333,1549.7092206066702,1,0,1
2026-07-16 12:30:00,10380.6,2126.93,2160.59,2141.26,2175.33,1948.07,1988.92,2093.56,2126.59,2048.15,2080.0,47.4,32.81,736.29,738.04,7.25,93.57,True,12,30,16,7,3,9125.36,6365.57,8623.843333333332,2053.9609783132046,1,0,1
2026-07-16 12:45:00,6941.4,1388.24,1405.95,1411.46,1429.47,1372.35,1397.21,1378.78,1396.37,1408.84,1426.82,45.08,32.81,505.32,502.51,7.75,90.24,True,12,45,16,7,3,10380.6,9125.36,8815.786666666667,1740.3737806957845,1,0,1
2026-07-16 13:00:00,6345.64,1251.06,1267.02,1274.65,1290.92,1279.8,1302.41,1256.83,1272.86,1299.16,1315.74,43.27,32.79,462.46,459.74,8.25,89.44,True,13,0,16,7,3,6941.4,10380.6,7889.213333333333,2178.0698190217267,1,0,1
2026-07-16 13:15:00,5603.4,1109.96,1124.12,1137.64,1152.16,1131.9,1151.28,1111.21,1125.39,1142.95,1157.53,42.31,32.88,404.26,399.02,8.75,89.98,True,13,15,16,7,3,6345.64,6941.4,6296.813333333333,670.3350151478999,1,0,1
2026-07-16 13:30:00,5172.0,1022.54,1035.03,1047.94,1060.98,1046.92,1064.55,1024.37,1036.94,1056.49,1069.63,41.7,33.04,371.06,366.25,9.0,90.24,True,13,30,16,7,3,5603.4,6345.64,5707.013333333333,593.6408885288596,1,0,1
2026-07-16 13:45:00,5445.6,1067.43,1080.72,1086.82,1100.46,1115.72,1134.78,1085.44,1099.01,1133.49,1147.92,41.58,33.35,390.87,390.34,9.5,90.16,True,13,45,16,7,3,5172.0,5603.4,5407.0,218.27496420799062,1,0,1
2026-07-16 14:00:00,6666.43,1314.69,1331.46,1318.4,1335.22,1322.81,1346.44,1343.9,1361.05,1398.38,1416.22,42.54,33.75,477.13,476.48,9.75,90.79,True,14,0,16,7,3,5445.6,5172.0,5761.343333333333,795.676219095012,1,0,1
2026-07-16 14:15:00,6993.6,1379.05,1396.65,1407.78,1425.75,1411.85,1437.7,1401.16,1419.03,1457.99,1476.59,43.65,33.91,511.45,507.23,10.25,89.28,True,14,15,16,7,3,6666.43,5445.6,6368.543333333334,815.8604964289756,1,0,1
2026-07-16 14:30:00,6258.46,1236.81,1252.59,1263.53,1279.66,1241.33,1263.17,1245.59,1261.48,1287.33,1303.76,43.7,34.18,453.23,447.34,10.75,90.18,True,14,30,16,7,3,6993.6,6666.43,6639.496666666667,368.3093241194621,1,0,1
2026-07-16 14:45:00,4914.6,971.75,983.47,989.59,1001.64,989.71,1006.19,980.73,992.61,1015.29,1027.68,42.24,34.03,351.65,347.31,11.25,90.69,True,14,45,16,7,3,6258.46,6993.6,6055.553333333334,1054.2478771775322,1,0,1
2026-07-16 15:00:00,4176.69,818.63,828.36,829.9,839.77,848.73,862.47,825.07,834.87,859.22,869.48,42.22,33.94,300.45,296.28,11.5,90.21,True,15,0,16,7,3,4914.6,6258.46,5116.583333333333,1055.4807120138814,1,0,1
2026-07-16 15:15:00,3662.4,727.65,736.28,746.03,754.88,737.22,749.13,722.42,730.98,743.66,752.48,39.86,33.57,260.21,255.0,11.75,90.41,True,15,15,16,7,3,4176.69,4914.6,4251.2300000000005,629.4190723992994,1,0,1
2026-07-16 15:30:00,2309.4,448.15,454.12,465.09,471.07,485.1,493.24,448.53,454.46,468.34,474.37,37.21,33.31,169.76,165.97,11.75,86.41,True,15,30,16,7,3,3662.4,4176.69,3382.83,964.5270989972197,1,0,1
2026-07-16 15:45:00,2360.4,460.86,466.88,471.07,477.22,492.66,500.85,467.37,473.47,492.96,499.4,33.19,32.05,156.71,154.04,12.0,94.09,True,15,45,16,7,3,2309.4,3662.4,2777.4,766.8565706831964,1,0,1
2026-07-16 16:00:00,2677.8,527.89,534.44,532.66,539.24,545.81,554.82,534.28,540.86,565.56,572.39,31.19,31.52,179.79,176.97,12.25,92.27,True,16,0,16,7,3,2360.4,2309.4,2449.2000000000003,199.60891763644193,1,0,1
2026-07-16 16:15:00,2950.8,587.36,594.25,595.42,602.43,585.25,594.92,586.54,593.42,610.73,617.93,35.05,32.61,210.48,206.18,12.5,88.25,True,16,15,16,7,3,2677.8,2360.4,2663.0,295.478121017432,1,0,1
2026-07-16 16:30:00,2526.0,501.59,508.1,510.86,517.33,510.4,518.82,504.0,510.51,523.42,529.85,37.27,33.37,183.48,179.45,12.5,87.47,True,16,30,16,7,3,2950.8,2677.8,2718.2000000000003,215.2623515619772,1,0,1
2026-07-16 16:45:00,2556.6,511.12,517.59,523.08,529.51,513.59,522.05,510.04,516.52,525.21,531.69,36.86,33.33,183.26,178.27,12.75,88.49,True,16,45,16,7,3,2526.0,2950.8,2677.7999999999997,236.91947999265952,1,0,1
2026-07-16 17:00:00,1954.8,396.47,401.93,404.52,410.07,384.98,391.79,389.35,394.73,397.83,403.28,36.12,33.29,143.71,138.34,13.0,86.01,True,17,0,16,7,3,2556.6,2526.0,2345.8,338.9614137331732,1,0,1
2026-07-16 17:15:00,957.0,197.4,200.88,200.09,203.61,187.42,192.03,193.34,196.78,197.26,200.74,34.7,32.52,70.94,68.42,13.0,84.79,True,17,15,16,7,3,1954.8,2556.6,1822.8,807.9282393876267,1,0,1
2026-07-16 17:30:00,531.0,111.21,114.15,113.0,115.93,106.5,109.77,109.03,112.05,110.69,113.69,31.33,30.85,40.9,39.11,13.0,80.48,True,17,30,16,7,3,957.0,1954.8,1147.6000000000001,730.7857962494817,1,0,1
2026-07-16 17:45:00,292.8,62.92,65.35,64.87,67.37,63.17,65.16,61.65,64.03,63.21,65.65,30.27,30.11,25.27,23.82,13.0,71.5,True,17,45,16,7,3,531.0,957.0,593.6,336.49588407584974,1,0,1
2026-07-16 18:00:00,114.0,27.99,29.07,28.39,29.48,28.69,29.65,27.37,28.42,28.38,29.48,28.84,29.86,9.36,8.46,13.0,74.71,True,18,0,16,7,3,292.8,531.0,312.59999999999997,209.2039196573216,0,0,1
2026-07-16 18:15:00,49.09,15.27,15.86,15.06,15.64,16.58,17.17,15.12,15.7,16.13,16.76,26.69,28.57,3.16,2.8,13.0,94.38,True,18,15,16,7,3,114.0,292.8,151.96333333333334,126.21232916526033,0,0,1
2026-07-16 18:30:00,26.4,9.61,9.98,9.33,9.69,12.21,12.66,10.6,11.01,10.74,11.16,25.88,28.02,3.38,2.29,13.0,47.32,True,18,30,16,7,3,49.09,114.0,63.163333333333334,45.46409609042963,0,0,1
2026-07-16 18:45:00,9.0,3.17,3.3,3.39,3.52,3.38,3.53,3.19,3.32,3.28,3.41,26.23,28.06,1.9,0.81,13.0,26.4,True,18,45,16,7,3,26.4,49.09,28.163333333333338,20.103085169190777,0,0,1
2026-07-16 19:00:00,0.0,0.0,0.0,0.0,0.0,0.0,0.0,0.0,0.0,0.0,0.0,26.07,28.28,0.28,0.11,13.0,0.0,True,19,0,16,7,3,9.0,26.4,11.799999999999999,13.420879255338194,0,0,1
2026-07-16 19:15:00,0.0,0.0,0.0,0.0,0.0,0.0,0.0,0.0,0.0,0.0,0.0,26.06,28.3,0.12,0.12,13.0,0.0,True,19,15,16,7,3,0.0,9.0,3.0,5.196152421392857,0,0,1
2026-07-16 19:30:00,0.0,0.0,0.0,0.0,0.0,0.0,0.0,0.0,0.0,0.0,0.0,26.17,28.02,0.13,0.14,13.0,0.0,True,19,30,16,7,3,0.0,0.0,0.0,0.0,0,0,1
2026-07-16 19:45:00,0.0,0.0,0.0,0.0,0.0,0.0,0.0,0.0,0.0,0.0,0.0,26.28,27.62,0.12,0.13,13.0,0.0,True,19,45,16,7,3,0.0,0.0,0.0,0.0,0,0,1
2026-07-16 20:00:00,0.0,0.0,0.0,0.0,0.0,0.0,0.0,0.0,0.0,0.0,0.0,26.41,27.53,0.16,0.15,13.0,0.0,True,20,0,16,7,3,0.0,0.0,0.0,0.0,0,0,1
2026-07-16 20:15:00,0.0,0.0,0.0,0.0,0.0,0.0,0.0,0.0,0.0,0.0,0.0,25.8,27.44,0.15,0.14,13.0,0.0,True,20,15,16,7,3,0.0,0.0,0.0,0.0,0,0,1
2026-07-16 20:30:00,0.0,0.0,0.0,0.0,0.0,0.0,0.0,0.0,0.0,0.0,0.0,25.59,27.34,0.16,0.14,13.0,0.0,True,20,30,16,7,3,0.0,0.0,0.0,0.0,0,0,1
2026-07-16 20:45:00,0.0,0.0,0.0,0.0,0.0,0.0,0.0,0.0,0.0,0.0,0.0,25.75,27.21,0.77,0.15,13.0,0.0,True,20,45,16,7,3,0.0,0.0,0.0,0.0,0,0,1
2026-07-16 21:00:00,0.0,0.0,0.0,0.0,0.0,0.0,0.0,0.0,0.0,0.0,0.0,25.75,27.25,0.64,0.13,13.0,0.0,True,21,0,16,7,3,0.0,0.0,0.0,0.0,0,0,1
2026-07-16 21:15:00,0.0,0.0,0.0,0.0,0.0,0.0,0.0,0.0,0.0,0.0,0.0,25.85,27.5,0.58,0.12,13.0,0.0,True,21,15,16,7,3,0.0,0.0,0.0,0.0,0,0,1
2026-07-16 21:30:00,0.0,0.0,0.0,0.0,0.0,0.0,0.0,0.0,0.0,0.0,0.0,25.88,27.46,0.19,0.14,13.0,0.0,True,21,30,16,7,3,0.0,0.0,0.0,0.0,0,0,1
2026-07-16 21:45:00,0.0,0.0,0.0,0.0,0.0,0.0,0.0,0.0,0.0,0.0,0.0,25.6,27.37,0.13,0.12,13.0,0.0,True,21,45,16,7,3,0.0,0.0,0.0,0.0,0,0,1
2026-07-16 22:00:00,0.0,0.0,0.0,0.0,0.0,0.0,0.0,0.0,0.0,0.0,0.0,25.42,27.35,0.14,0.13,13.0,0.0,True,22,0,16,7,3,0.0,0.0,0.0,0.0,0,0,1
2026-07-16 22:15:00,0.0,0.0,0.0,0.0,0.0,0.0,0.0,0.0,0.0,0.0,0.0,25.71,26.99,0.22,0.14,13.0,0.0,True,22,15,16,7,3,0.0,0.0,0.0,0.0,0,0,1
2026-07-16 22:30:00,0.0,0.0,0.0,0.0,0.0,0.0,0.0,0.0,0.0,0.0,0.0,25.47,26.8,0.2,0.14,13.0,0.0,True,22,30,16,7,3,0.0,0.0,0.0,0.0,0,0,1
2026-07-16 22:45:00,0.0,0.0,0.0,0.0,0.0,0.0,0.0,0.0,0.0,0.0,0.0,25.47,26.75,0.24,0.14,13.0,0.0,True,22,45,16,7,3,0.0,0.0,0.0,0.0,0,0,1
2026-07-16 23:00:00,0.0,0.0,0.0,0.0,0.0,0.0,0.0,0.0,0.0,0.0,0.0,25.43,26.64,0.19,0.13,13.0,0.0,True,23,0,16,7,3,0.0,0.0,0.0,0.0,0,0,1
2026-07-16 23:15:00,0.0,0.0,0.0,0.0,0.0,0.0,0.0,0.0,0.0,0.0,0.0,25.46,26.71,0.18,0.14,13.0,0.0,True,23,15,16,7,3,0.0,0.0,0.0,0.0,0,0,1
2026-07-16 23:30:00,0.0,0.0,0.0,0.0,0.0,0.0,0.0,0.0,0.0,0.0,0.0,25.76,26.67,0.34,0.14,13.0,0.0,True,23,30,16,7,3,0.0,0.0,0.0,0.0,0,0,1
2026-07-16 23:45:00,0.0,0.0,0.0,0.0,0.0,0.0,0.0,0.0,0.0,0.0,0.0,25.46,26.73,0.4,0.13,13.0,0.0,True,23,45,16,7,3,0.0,0.0,0.0,0.0,0,0,1
2026-07-17 00:15:00,0.0,0.0,0.0,0.0,0.0,0.0,0.0,0.0,0.0,0.0,0.0,25.67,27.0,0.21,0.12,0.0,0.0,True,0,15,17,7,4,0.0,0.0,0.0,0.0,0,1,0
2026-07-17 00:30:00,0.0,0.0,0.0,0.0,0.0,0.0,0.0,0.0,0.0,0.0,0.0,25.76,27.14,0.2,0.15,0.0,0.0,True,0,30,17,7,4,0.0,0.0,0.0,0.0,0,1,0
2026-07-17 00:45:00,0.0,0.0,0.0,0.0,0.0,0.0,0.0,0.0,0.0,0.0,0.0,25.61,27.22,0.17,0.14,0.0,0.0,True,0,45,17,7,4,0.0,0.0,0.0,0.0,0,1,0
2026-07-17 01:00:00,0.0,0.0,0.0,0.0,0.0,0.0,0.0,0.0,0.0,0.0,0.0,25.47,27.36,0.15,0.13,0.0,0.0,True,1,0,17,7,4,0.0,0.0,0.0,0.0,0,1,0
2026-07-17 01:15:00,0.0,0.0,0.0,0.0,0.0,0.0,0.0,0.0,0.0,0.0,0.0,25.71,27.36,0.17,0.15,0.0,0.0,True,1,15,17,7,4,0.0,0.0,0.0,0.0,0,1,0
2026-07-17 01:30:00,0.0,0.0,0.0,0.0,0.0,0.0,0.0,0.0,0.0,0.0,0.0,25.5,27.32,0.15,0.13,0.0,0.0,True,1,30,17,7,4,0.0,0.0,0.0,0.0,0,1,0
2026-07-17 01:45:00,0.0,0.0,0.0,0.0,0.0,0.0,0.0,0.0,0.0,0.0,0.0,25.73,27.72,0.17,0.13,0.0,0.0,True,1,45,17,7,4,0.0,0.0,0.0,0.0,0,1,0
2026-07-17 02:00:00,0.0,0.0,0.0,0.0,0.0,0.0,0.0,0.0,0.0,0.0,0.0,25.29,27.09,0.09,0.11,0.0,0.0,True,2,0,17,7,4,0.0,0.0,0.0,0.0,0,1,0
2026-07-17 02:15:00,0.0,0.0,0.0,0.0,0.0,0.0,0.0,0.0,0.0,0.0,0.0,25.44,26.58,0.14,0.18,0.0,0.0,True,2,15,17,7,4,0.0,0.0,0.0,0.0,0,1,0
2026-07-17 02:30:00,0.0,0.0,0.0,0.0,0.0,0.0,0.0,0.0,0.0,0.0,0.0,25.36,26.56,0.24,0.19,0.0,0.0,True,2,30,17,7,4,0.0,0.0,0.0,0.0,0,1,0
2026-07-17 02:45:00,0.0,0.0,0.0,0.0,0.0,0.0,0.0,0.0,0.0,0.0,0.0,25.19,26.59,0.32,0.19,0.0,0.0,True,2,45,17,7,4,0.0,0.0,0.0,0.0,0,1,0
2026-07-17 03:00:00,0.0,0.0,0.0,0.0,0.0,0.0,0.0,0.0,0.0,0.0,0.0,25.17,26.77,0.27,0.17,0.0,0.0,True,3,0,17,7,4,0.0,0.0,0.0,0.0,0,1,0
2026-07-17 03:15:00,0.0,0.0,0.0,0.0,0.0,0.0,0.0,0.0,0.0,0.0,0.0,25.27,26.74,0.65,0.28,0.0,0.0,True,3,15,17,7,4,0.0,0.0,0.0,0.0,0,1,0
2026-07-17 03:30:00,0.0,0.0,0.0,0.0,0.0,0.0,0.0,0.0,0.0,0.0,0.0,25.1,26.65,0.76,0.27,0.0,0.0,True,3,30,17,7,4,0.0,0.0,0.0,0.0,0,1,0
2026-07-17 03:45:00,0.0,0.0,0.0,0.0,0.0,0.0,0.0,0.0,0.0,0.0,0.0,25.02,26.77,0.84,0.3,0.0,0.0,True,3,45,17,7,4,0.0,0.0,0.0,0.0,0,1,0
2026-07-17 04:00:00,0.0,0.0,0.0,0.0,0.0,0.0,0.0,0.0,0.0,0.0,0.0,25.54,26.65,0.82,0.39,0.0,0.0,True,4,0,17,7,4,0.0,0.0,0.0,0.0,0,1,0
2026-07-17 04:15:00,0.0,0.0,0.0,0.0,0.0,0.0,0.0,0.0,0.0,0.0,0.0,25.38,26.63,0.82,0.45,0.0,0.0,True,4,15,17,7,4,0.0,0.0,0.0,0.0,0,1,0
2026-07-17 04:30:00,0.0,0.0,0.0,0.0,0.0,0.0,0.0,0.0,0.0,0.0,0.0,25.65,26.71,0.17,0.17,0.0,0.0,True,4,30,17,7,4,0.0,0.0,0.0,0.0,0,1,0
2026-07-17 04:45:00,0.0,0.0,0.0,0.0,0.0,0.0,0.0,0.0,0.0,0.0,0.0,25.3,27.03,0.17,0.13,0.0,0.0,True,4,45,17,7,4,0.0,0.0,0.0,0.0,0,1,0
2026-07-17 05:00:00,0.0,0.0,0.0,0.0,0.0,0.0,0.0,0.0,0.0,0.0,0.0,24.98,27.23,0.18,0.16,0.0,0.0,True,5,0,17,7,4,0.0,0.0,0.0,0.0,0,1,0
2026-07-17 05:15:00,0.0,0.0,0.0,0.0,0.0,0.0,0.0,0.0,0.0,0.0,0.0,25.21,27.36,2.59,2.05,0.0,0.0,True,5,15,17,7,4,0.0,0.0,0.0,0.0,0,1,0
2026-07-17 05:30:00,0.0,0.0,0.0,0.0,0.0,0.0,0.0,0.0,0.0,0.0,0.0,25.42,27.2,2.43,1.75,0.0,0.0,True,5,30,17,7,4,0.0,0.0,0.0,0.0,0,1,0
2026-07-17 05:45:00,0.0,0.0,0.0,0.0,0.0,0.0,0.0,0.0,0.0,0.0,0.0,24.9,27.2,2.54,1.72,0.0,0.0,True,5,45,17,7,4,0.0,0.0,0.0,0.0,0,1,0
2026-07-17 06:00:00,0.0,0.0,0.0,0.0,0.0,0.02,0.02,0.0,0.0,0.0,0.0,25.52,27.14,1.3,0.66,0.0,0.0,True,6,0,17,7,4,0.0,0.0,0.0,0.0,0,1,0
2026-07-17 06:15:00,15.75,0.0,0.0,0.0,0.0,9.02,9.34,7.25,7.53,8.38,8.71,25.15,26.96,3.84,2.66,0.0,23.45,True,6,15,17,7,4,0.0,0.0,5.25,9.093266739736606,0,1,0
2026-07-17 06:30:00,105.0,0.0,0.0,0.0,0.0,27.48,28.35,28.38,29.47,28.68,29.78,25.28,26.94,11.27,10.15,0.0,56.34,True,6,30,17,7,4,15.75,0.0,40.25,56.62541390577203,0,1,0
2026-07-17 06:45:00,234.0,59.65,60.83,60.05,61.24,50.33,51.88,53.79,55.16,54.16,55.53,25.31,27.04,19.79,18.48,0.0,71.53,True,6,45,17,7,4,105.0,15.75,118.25,109.72664899649492,0,1,0
2026-07-17 07:00:00,397.38,90.52,92.2,89.9,91.57,81.94,84.12,86.7,88.32,88.53,90.18,25.44,26.92,29.02,27.61,0.0,82.88,True,7,0,17,7,4,234.0,105.0,245.46,146.5264986273814,1,1,0
2026-07-17 07:15:00,540.0,115.86,117.54,116.09,117.78,107.72,110.15,113.14,114.78,114.67,116.33,25.24,27.04,41.25,39.48,0.0,79.18,True,7,15,17,7,4,397.38,234.0,390.46000000000004,153.11732364432189,1,1,0
2026-07-17 07:30:00,742.5,153.19,155.41,153.06,155.28,148.53,151.36,151.91,154.12,156.69,158.96,26.12,27.31,54.86,53.1,0.25,82.15,True,7,30,17,7,4,540.0,397.38,559.96,173.42362814795462,1,1,0
2026-07-17 07:45:00,1174.2,244.41,247.76,245.51,248.86,240.2,245.09,244.69,248.05,253.38,256.81,27.56,27.52,86.45,84.35,0.25,82.91,True,7,45,17,7,4,742.5,540.0,818.9,323.9292052285501,1,1,0
2026-07-17 08:00:00,1737.6,353.0,358.12,357.15,362.33,339.55,345.8,350.69,355.78,356.97,362.15,28.98,27.77,121.79,118.15,0.5,87.59,True,8,0,17,7,4,1174.2,742.5,1218.1,499.0004108214743,1,1,0
2026-07-17 08:15:00,2022.55,407.47,413.38,414.29,420.06,398.82,405.88,404.88,410.75,413.03,418.79,30.54,28.03,142.5,138.43,0.5,87.7,True,8,15,17,7,4,1737.6,1174.2,1644.783333333333,431.7240216079406,1,1,0
2026-07-17 08:30:00,1791.64,359.93,365.15,365.59,370.89,353.19,359.64,357.9,363.09,365.43,370.73,30.57,28.13,126.41,122.63,0.75,87.58,True,8,30,17,7,4,2022.55,1737.6,1850.5966666666666,151.34742162763658,1,1,0
2026-07-17 08:45:00,1939.8,389.66,395.18,393.43,398.99,388.05,394.96,392.52,398.06,404.52,410.15,30.96,28.33,134.4,131.92,0.75,89.33,True,8,45,17,7,4,1791.64,2022.55,1917.9966666666667,116.98887140806858,1,1,0
2026-07-17 09:00:00,2572.2,515.11,521.51,522.53,528.81,513.32,521.8,517.99,524.38,531.32,537.64,31.74,28.5,176.64,173.15,1.0,90.42,True,9,0,17,7,4,1939.8,1791.64,2101.213333333333,414.5590145363306,1,1,0
2026-07-17 09:15:00,2697.6,532.54,538.93,543.4,549.77,547.46,556.49,535.76,542.12,554.04,560.54,32.99,28.62,187.48,183.79,1.25,89.81,True,9,15,17,7,4,2572.2,1939.8,2403.2000000000003,406.18463781881326,1,1,0
2026-07-17 09:30:00,2926.2,581.89,588.72,592.35,599.31,587.82,597.53,583.94,590.79,600.4,607.46,32.82,28.76,197.3,194.29,1.25,92.5,True,9,30,17,7,4,2697.6,2572.2,2732.0,179.48960972713903,1,1,0
2026-07-17 09:45:00,3130.2,620.68,627.99,633.18,640.65,634.75,645.14,623.79,631.14,642.7,650.28,32.03,28.89,206.62,204.78,1.5,94.18,True,9,45,17,7,4,2926.2,2697.6,2918.0,216.41654280576793,1,1,0
2026-07-17 10:00:00,4087.2,811.32,820.96,827.3,837.13,829.75,843.16,816.49,826.19,840.55,850.55,33.28,28.97,275.54,273.34,1.75,92.69,True,10,0,17,7,4,3130.2,2926.2,3381.1999999999994,619.863694694246,1,1,0
2026-07-17 10:15:00,4452.0,899.16,909.9,911.26,922.14,883.41,897.81,887.51,898.11,898.64,909.37,35.65,29.25,305.32,300.49,2.25,92.02,True,10,15,17,7,4,4087.2,3130.2,3889.7999999999997,682.6520929433984,1,1,0
2026-07-17 10:30:00,5163.75,1047.31,1060.21,1061.55,1074.66,1011.32,1028.27,1035.99,1048.75,1042.55,1055.46,36.76,29.46,349.25,344.05,2.5,93.74,True,10,30,17,7,4,4452.0,4087.2,4567.65,547.5136231181871,1,1,0
2026-07-17 10:45:00,5184.0,1041.49,1054.2,1058.09,1071.36,1030.34,1047.64,1034.35,1046.91,1050.81,1064.0,37.72,30.01,360.33,356.73,3.0,91.58,True,10,45,17,7,4,5163.75,4452.0,4933.25,416.8976942848273,1,1,0
2026-07-17 11:00:00,5745.0,1128.21,1142.6,1146.18,1160.81,1182.4,1202.84,1139.89,1154.44,1187.1,1202.24,38.57,30.2,413.49,411.59,3.25,88.76,True,11,0,17,7,4,5184.0,5163.75,5364.25,329.8945854360249,1,1,0
2026-07-17 11:15:00,4797.0,941.87,953.3,959.81,971.52,1004.78,1021.6,962.96,974.72,1028.55,1041.26,38.54,30.74,355.84,355.35,3.75,86.12,True,11,15,17,7,4,5745.0,5184.0,5242.0,476.65396253467395,1,1,0
2026-07-17 11:30:00,4128.6,824.16,833.94,831.66,841.54,829.48,842.87,823.05,832.83,850.16,860.27,36.54,30.56,289.05,288.48,4.0,90.47,True,11,30,17,7,4,4797.0,5745.0,4890.2,812.2203641869643,1,1,0
2026-07-17 11:45:00,4217.14,833.54,843.45,843.14,853.16,834.5,847.98,840.6,850.61,863.69,873.98,36.43,30.59,282.51,279.62,4.25,94.51,True,11,45,17,7,4,4128.6,4797.0,4380.913333333334,363.0508484129136,1,1,0
2026-07-17 12:00:00,4689.6,902.29,913.06,920.47,931.46,962.78,978.73,931.88,943.01,974.52,986.16,36.21,30.66,325.6,321.86,4.5,91.11,True,12,0,17,7,4,4217.14,4128.6,4345.113333333334,301.6009458429075,1,0,1
2026-07-17 12:15:00,4021.36,780.71,789.95,806.03,815.6,871.16,885.33,781.42,790.67,830.98,840.85,37.42,30.91,300.52,297.48,4.75,85.08,True,12,15,17,7,4,4689.6,4217.14,4309.366666666667,343.5338308425187,1,0,1
2026-07-17 12:30:00,4031.31,749.66,758.54,768.36,777.48,890.53,905.11,711.8,720.22,792.74,802.14,36.55,31.01,307.55,308.16,5.0,83.03,True,12,30,17,7,4,4021.36,4689.6,4247.423333333333,382.96854183253237,1,0,1
2026-07-17 12:45:00,5185.8,1000.31,1012.61,1013.15,1025.67,1082.94,1101.36,1036.95,1049.79,1103.27,1117.11,38.12,31.14,365.56,367.73,5.5,90.46,True,12,45,17,7,4,4031.31,4021.36,4412.823333333334,669.4359163006843,1,0,1
2026-07-17 13:00:00,4172.4,784.7,794.01,803.73,813.34,901.58,916.59,807.03,816.68,876.06,886.67,38.89,31.55,323.43,325.9,5.75,82.53,True,13,0,17,7,4,5185.8,4031.31,4463.169999999999,629.7794730697435,1,0,1
2026-07-17 13:15:00,3117.0,695.17,703.39,695.74,703.96,624.21,634.42,703.53,711.84,724.2,732.78,36.46,31.39,210.54,213.23,5.75,93.74,True,13,15,17,7,4,4172.4,5185.8,4158.400000000001,1034.4710532441218,1,0,1
2026-07-17 13:30:00,4150.2,816.12,825.78,829.9,839.75,849.33,863.09,827.53,837.35,866.74,877.09,36.15,31.5,289.08,288.04,6.25,90.79,True,13,30,17,7,4,3117.0,4172.4,3813.1999999999994,603.0290540264217,1,0,1
2026-07-17 13:45:00,3137.4,610.88,618.07,620.51,627.82,648.19,658.75,619.58,626.88,655.82,663.55,35.92,31.27,223.73,224.52,6.5,88.6,True,13,45,17,7,4,4150.2,3117.0,3468.2000000000003,590.71739436045,1,0,1
2026-07-17 14:00:00,2939.79,568.26,574.93,579.59,586.39,617.81,627.98,583.07,589.92,618.8,626.09,34.41,31.14,205.28,206.16,6.75,89.91,True,14,0,17,7,4,3137.4,4150.2,3409.1299999999997,649.3465844216008,1,0,1
2026-07-17 14:15:00,3380.73,661.16,668.97,671.19,679.13,709.67,721.09,678.83,686.86,719.75,728.27,34.91,30.79,234.91,236.44,7.0,90.54,True,14,15,17,7,4,2939.79,3137.4,3152.64,220.8646963640817,1,0,1
2026-07-17 14:30:00,4282.07,838.52,848.49,848.72,858.83,866.43,880.51,853.23,863.4,892.09,902.73,36.29,30.59,291.18,292.49,7.25,93.05,True,14,30,17,7,4,3380.73,2939.79,3534.1966666666667,684.1731600503874,1,0,1
2026-07-17 14:45:00,4135.8,804.88,814.43,821.87,831.63,855.8,869.68,818.35,828.07,860.45,870.7,37.27,30.51,289.99,291.41,7.5,90.61,True,14,45,17,7,4,4282.07,3380.73,3932.8666666666663,483.72502750357575,1,0,1
2026-07-17 15:00:00,3346.8,661.57,669.38,675.95,683.93,675.75,686.75,661.73,669.56,687.16,695.29,37.68,30.51,236.02,235.75,7.75,90.25,True,15,0,17,7,4,4135.8,4282.07,3921.556666666667,503.0980497212596,1,0,1
2026-07-17 15:15:00,2326.5,461.87,467.95,467.6,473.7,460.45,468.25,460.21,466.27,473.1,479.28,36.42,30.49,157.47,157.37,8.0,93.54,True,15,15,17,7,4,3346.8,4135.8,3269.7000000000003,907.1107594996316,1,0,1
2026-07-17 15:30:00,1859.14,374.16,379.59,378.8,384.29,375.1,381.85,374.59,380.03,388.33,393.93,34.22,30.46,124.97,125.41,8.0,93.33,True,15,30,17,7,4,2326.5,3346.8,2510.8133333333335,760.7638414996654,1,0,1
2026-07-17 15:45:00,1704.0,342.01,346.97,347.23,352.26,342.41,348.71,341.87,346.83,352.3,357.41,32.93,30.65,114.77,114.55,8.25,92.64,True,15,45,17,7,4,1859.14,2326.5,1963.2133333333334,324.0370450015325,1,0,1
2026-07-17 16:00:00,1666.8,333.69,338.53,339.14,344.06,336.99,343.21,334.11,338.96,345.33,350.34,32.55,30.7,113.37,112.44,8.25,91.59,True,16,0,17,7,4,1704.0,1859.14,1743.3133333333335,102.01873618764363,1,0,1
2026-07-17 16:15:00,1543.8,302.85,307.24,309.65,314.14,320.39,326.36,306.18,310.62,321.43,326.09,32.31,30.76,108.74,107.9,8.5,88.36,True,16,15,17,7,4,1666.8,1704.0,1638.1999999999998,83.84199425103232,1,0,1
2026-07-17 16:30:00,1617.6,318.97,323.6,324.99,329.7,333.29,339.45,321.33,325.99,335.74,340.61,32.56,30.82,114.92,113.62,8.5,87.7,True,16,30,17,7,4,1543.8,1666.8,1609.3999999999999,61.90864236913927,1,0,1
2026-07-17 16:45:00,1377.0,272.77,276.73,277.35,281.38,282.95,288.36,274.44,278.42,286.76,290.92,32.43,30.88,98.52,97.3,8.5,87.03,True,16,45,17,7,4,1617.6,1543.8,1512.8,123.25923900458542,1,0,1
2026-07-17 17:00:00,1092.21,218.77,222.43,221.96,225.67,223.48,228.36,219.05,222.68,228.04,231.64,31.97,30.86,79.6,78.63,8.75,85.27,True,17,0,17,7,4,1377.0,1617.6,1362.2699999999998,263.00454881995626,1,0,1
2026-07-17 17:15:00,994.8,197.46,201.37,200.53,204.5,207.2,212.04,199.84,203.8,209.6,213.11,31.85,30.84,72.78,72.03,8.75,84.91,True,17,15,17,7,4,1092.21,1377.0,1154.67,198.60802778333968,1,0,1
2026-07-17 17:30:00,866.4,172.36,175.77,175.08,178.54,179.75,184.36,173.66,177.09,182.11,185.68,31.53,31.18,64.57,63.84,8.75,83.24,True,17,30,17,7,4,994.8,1092.21,984.4700000000001,113.25886587807189,1,0,1
2026-07-17 17:45:00,590.4,119.14,121.69,121.17,123.57,124.44,128.22,119.86,122.42,125.88,128.37,31.08,31.57,45.27,44.47,8.75,80.77,True,17,45,17,7,4,866.4,994.8,817.1999999999999,206.64055749050416,1,0,1
2026-07-18 00:15:00,0.0,0.0,0.0,0.0,0.0,0.0,0.0,0.0,0.0,0.0,0.0,26.44,27.72,0.15,0.12,0.0,0.0,True,0,15,18,7,5,0.0,0.0,0.0,0.0,0,1,0
2026-07-18 00:30:00,0.0,0.0,0.0,0.0,0.0,0.0,0.0,0.0,0.0,0.0,0.0,26.35,27.62,0.16,0.12,0.0,0.0,True,0,30,18,7,5,0.0,0.0,0.0,0.0,0,1,0
2026-07-18 00:45:00,0.0,0.0,0.0,0.0,0.0,0.0,0.0,0.0,0.0,0.0,0.0,26.29,27.5,0.15,0.12,0.0,0.0,True,0,45,18,7,5,0.0,0.0,0.0,0.0,0,1,0
2026-07-18 01:00:00,0.0,0.0,0.0,0.0,0.0,0.0,0.0,0.0,0.0,0.0,0.0,25.98,27.37,0.14,0.12,0.0,0.0,True,1,0,18,7,5,0.0,0.0,0.0,0.0,0,1,0
2026-07-18 01:15:00,0.0,0.0,0.0,0.0,0.0,0.0,0.0,0.0,0.0,0.0,0.0,26.11,27.27,0.13,0.13,0.0,0.0,True,1,15,18,7,5,0.0,0.0,0.0,0.0,0,1,0
2026-07-18 01:30:00,0.0,0.0,0.0,0.0,0.0,0.0,0.0,0.0,0.0,0.0,0.0,26.16,27.19,0.13,0.15,0.0,0.0,True,1,30,18,7,5,0.0,0.0,0.0,0.0,0,1,0
2026-07-18 01:45:00,0.0,0.0,0.0,0.0,0.0,0.0,0.0,0.0,0.0,0.0,0.0,26.2,27.08,0.15,0.14,0.0,0.0,True,1,45,18,7,5,0.0,0.0,0.0,0.0,0,1,0
2026-07-18 02:00:00,0.0,0.0,0.0,0.0,0.0,0.0,0.0,0.0,0.0,0.0,0.0,25.97,27.04,0.15,0.14,0.0,0.0,True,2,0,18,7,5,0.0,0.0,0.0,0.0,0,1,0
2026-07-18 02:15:00,0.0,0.0,0.0,0.0,0.0,0.0,0.0,0.0,0.0,0.0,0.0,26.3,26.96,0.16,0.18,0.0,0.0,True,2,15,18,7,5,0.0,0.0,0.0,0.0,0,1,0
2026-07-18 02:30:00,0.0,0.0,0.0,0.0,0.0,0.0,0.0,0.0,0.0,0.0,0.0,26.13,26.89,0.13,0.15,0.0,0.0,True,2,30,18,7,5,0.0,0.0,0.0,0.0,0,1,0
2026-07-18 02:45:00,0.0,0.0,0.0,0.0,0.0,0.0,0.0,0.0,0.0,0.0,0.0,25.77,26.88,0.15,0.18,0.0,0.0,True,2,45,18,7,5,0.0,0.0,0.0,0.0,0,1,0
2026-07-18 03:00:00,0.0,0.0,0.0,0.0,0.0,0.0,0.0,0.0,0.0,0.0,0.0,25.87,26.87,0.13,0.17,0.0,0.0,True,3,0,18,7,5,0.0,0.0,0.0,0.0,0,1,0
2026-07-18 03:15:00,0.0,0.0,0.0,0.0,0.0,0.0,0.0,0.0,0.0,0.0,0.0,25.72,26.74,0.13,0.16,0.0,0.0,True,3,15,18,7,5,0.0,0.0,0.0,0.0,0,1,0
2026-07-18 03:30:00,0.0,0.0,0.0,0.0,0.0,0.0,0.0,0.0,0.0,0.0,0.0,25.67,26.81,0.14,0.18,0.0,0.0,True,3,30,18,7,5,0.0,0.0,0.0,0.0,0,1,0
2026-07-18 03:45:00,0.0,0.0,0.0,0.0,0.0,0.0,0.0,0.0,0.0,0.0,0.0,26.08,26.86,0.17,0.2,0.0,0.0,True,3,45,18,7,5,0.0,0.0,0.0,0.0,0,1,0
2026-07-18 04:00:00,0.0,0.0,0.0,0.0,0.0,0.0,0.0,0.0,0.0,0.0,0.0,25.5,26.75,0.14,0.17,0.0,0.0,True,4,0,18,7,5,0.0,0.0,0.0,0.0,0,1,0
2026-07-18 04:15:00,0.0,0.0,0.0,0.0,0.0,0.0,0.0,0.0,0.0,0.0,0.0,24.49,26.6,0.53,0.16,0.0,0.0,True,4,15,18,7,5,0.0,0.0,0.0,0.0,0,1,0
2026-07-18 04:30:00,0.0,0.0,0.0,0.0,0.0,0.0,0.0,0.0,0.0,0.0,0.0,24.55,26.61,0.31,0.19,0.0,0.0,True,4,30,18,7,5,0.0,0.0,0.0,0.0,0,1,0
2026-07-18 04:45:00,0.0,0.0,0.0,0.0,0.0,0.0,0.0,0.0,0.0,0.0,0.0,24.8,26.51,0.15,0.17,0.0,0.0,True,4,45,18,7,5,0.0,0.0,0.0,0.0,0,1,0
2026-07-18 05:00:00,0.0,0.0,0.0,0.0,0.0,0.0,0.0,0.0,0.0,0.0,0.0,24.66,26.45,0.16,0.18,0.0,0.0,True,5,0,18,7,5,0.0,0.0,0.0,0.0,0,1,0
2026-07-18 05:15:00,0.0,0.0,0.0,0.0,0.0,0.0,0.0,0.0,0.0,0.0,0.0,24.96,26.44,0.44,0.16,0.0,0.0,True,5,15,18,7,5,0.0,0.0,0.0,0.0,0,1,0
2026-07-18 05:30:00,0.0,0.0,0.0,0.0,0.0,0.0,0.0,0.0,0.0,0.0,0.0,25.19,26.39,0.22,0.18,0.0,0.0,True,5,30,18,7,5,0.0,0.0,0.0,0.0,0,1,0
2026-07-18 05:45:00,0.0,0.0,0.0,0.0,0.0,0.0,0.0,0.0,0.0,0.0,0.0,25.14,26.39,0.71,0.2,0.0,0.0,True,5,45,18,7,5,0.0,0.0,0.0,0.0,0,1,0
2026-07-18 06:00:00,9.0,0.0,0.0,0.0,0.0,3.41,3.53,3.01,3.13,3.32,3.45,25.24,26.38,3.08,2.25,0.0,17.68,True,6,0,18,7,5,0.0,0.0,3.0,5.196152422706632,0,1,0
2026-07-18 06:15:00,31.2,0.0,0.0,0.0,0.0,18.21,18.8,17.18,17.84,17.74,18.43,25.16,26.36,8.68,7.89,0.0,21.73,True,6,15,18,7,5,9.0,0.0,13.4,16.05864253291666,0,1,0
2026-07-18 06:30:00,173.4,35.28,36.26,42.18,43.43,45.19,46.59,44.81,46.17,46.0,47.4,25.68,26.39,18.61,17.68,0.0,56.45,True,6,30,18,7,5,31.2,9.0,71.2,89.20112106918837,0,1,0
2026-07-18 06:45:00,390.27,85.94,87.64,85.87,87.57,84.05,86.28,83.63,85.28,85.8,87.49,26.13,26.48,32.36,31.3,0.0,73.2,True,6,45,18,7,5,173.4,31.2,198.29,180.82436312621147,1,1,0
2026-07-18 07:00:00,611.36,130.36,132.25,129.83,131.71,123.83,126.33,127.63,129.52,129.02,130.89,26.36,26.7,45.78,44.5,0.0,81.13,True,7,0,18,7,5,390.27,173.4,391.6766666666667,218.98338848719396,1,1,0
2026-07-18 07:15:00,1043.4,223.77,226.74,223.82,226.77,209.7,213.99,217.66,220.59,219.15,222.07,26.7,26.92,74.3,71.81,0.0,85.43,True,7,15,18,7,5,611.36,390.27,681.6766666666667,332.1942570745818,1,1,0
2026-07-18 07:30:00,1523.4,314.21,318.51,317.08,321.48,309.15,314.96,311.14,315.4,316.95,321.29,28.27,27.12,108.83,105.53,0.25,85.69,True,7,30,18,7,5,1043.4,611.36,1059.3866666666668,456.23011795949344,1,1,0
2026-07-18 07:45:00,1498.2,297.81,302.13,305.73,310.17,313.01,318.88,297.54,301.86,306.04,310.48,29.41,27.33,112.39,108.85,0.25,81.98,True,7,45,18,7,5,1523.4,1043.4,1355.0,270.1475152578678,1,1,0
2026-07-18 08:00:00,1911.21,404.73,410.26,409.12,414.71,366.59,373.19,387.25,392.58,379.99,385.3,30.19,27.55,129.74,125.57,0.5,90.89,True,8,0,18,7,5,1498.2,1523.4,1644.2700000000002,231.51994017794664,1,1,0
2026-07-18 08:15:00,2118.46,452.1,458.04,456.9,462.88,398.94,405.98,429.89,435.74,419.57,425.46,30.18,27.91,141.36,136.51,0.5,92.46,True,8,15,18,7,5,1911.21,1498.2,1842.6233333333337,315.76686816911837,1,1,0
2026-07-18 08:30:00,2964.6,610.83,618.02,615.48,622.73,572.11,581.56,596.25,603.27,594.42,601.44,31.59,28.24,199.59,194.99,0.75,92.17,True,8,30,18,7,5,2118.46,1911.21,2331.4233333333336,558.0525593824775,1,1,0
2026-07-18 08:45:00,3333.6,674.66,682.64,684.29,692.39,673.19,684.15,667.09,674.98,683.75,691.85,32.39,28.37,233.96,230.8,1.0,88.71,True,8,45,18,7,5,2964.6,2118.46,2805.5533333333333,622.9873084849592,1,1,0
2026-07-18 09:00:00,4587.75,934.61,945.96,961.73,973.49,954.02,969.87,918.91,930.04,956.43,968.06,34.66,28.79,323.43,322.4,1.25,89.15,True,9,0,18,7,5,3333.6,2964.6,3628.65,850.8494916846342,1,1,0
2026-07-18 09:15:00,6252.43,1220.01,1235.58,1233.99,1249.73,1311.22,1334.64,1232.7,1248.43,1290.89,1307.37,38.01,29.41,467.35,470.32,1.75,85.27,True,9,15,18,7,5,4587.75,3333.6,4724.593333333333,1464.2188072939557,1,1,0
2026-07-18 09:30:00,6611.54,1335.68,1352.99,1334.91,1352.21,1328.46,1352.28,1326.63,1343.56,1385.09,1402.76,40.09,29.46,474.97,477.24,2.25,89.51,True,9,30,18,7,5,6252.43,4587.75,5817.240000000001,1079.80287233365,1,1,0
2026-07-18 09:45:00,6118.71,1225.9,1241.54,1227.4,1243.06,1222.14,1243.82,1244.8,1260.92,1290.25,1307.35,41.58,29.96,429.62,430.65,2.75,92.16,True,9,45,18,7,5,6611.54,6252.43,6327.56,254.8602360118206,1,1,0
2026-07-18 10:00:00,6204.21,1226.05,1241.69,1243.59,1259.46,1227.47,1249.01,1241.48,1257.32,1278.27,1294.59,40.39,29.78,431.24,430.76,3.0,92.63,True,10,0,18,7,5,6118.71,6611.54,6311.486666666667,263.34685233230755,1,1,0
2026-07-18 10:15:00,6354.0,1247.65,1263.57,1268.88,1285.07,1282.85,1305.54,1263.41,1279.53,1300.22,1316.81,40.21,29.78,451.73,451.81,3.5,90.49,True,10,15,18,7,5,6204.21,6118.71,6225.639999999999,119.09987279590463,1,1,0
2026-07-18 10:30:00,6981.0,1399.66,1417.52,1423.5,1441.67,1407.02,1432.77,1397.59,1415.42,1436.63,1454.96,40.59,30.07,489.95,490.72,4.0,91.81,True,10,30,18,7,5,6354.0,6204.21,6513.07,412.1020804363901,1,1,0
2026-07-18 10:45:00,8079.0,1601.36,1624.19,1627.8,1650.79,1621.68,1653.06,1615.19,1637.99,1663.39,1687.21,41.76,30.55,576.61,574.04,4.5,90.74,True,10,45,18,7,5,6981.0,6354.0,7138.0,873.1511896573245,1,1,0
2026-07-18 11:00:00,7959.6,1593.68,1615.96,1639.46,1662.53,1597.0,1627.74,1598.6,1620.57,1612.56,1634.89,42.27,30.76,572.24,571.71,5.25,90.28,True,11,0,18,7,5,8079.0,6981.0,7673.2,602.4281865915648,1,1,0
2026-07-18 11:15:00,8955.82,1813.97,1841.03,1863.81,1891.61,1779.47,1815.3,1846.25,1873.96,1831.57,1858.9,44.81,30.98,639.42,639.01,5.75,91.91,True,11,15,18,7,5,7959.6,8079.0,8331.473333333333,543.9859006751323,1,1,0
2026-07-18 11:30:00,7465.8,1494.5,1514.88,1519.95,1540.79,1513.53,1542.04,1491.67,1511.88,1523.45,1544.08,44.48,31.03,541.82,539.73,6.25,90.29,True,11,30,18,7,5,8955.82,7959.6,8127.073333333334,758.9963031091352,1,1,0
2026-07-18 11:45:00,7530.6,1487.2,1507.39,1524.38,1545.28,1509.02,1537.47,1499.87,1520.23,1513.01,1533.52,42.64,31.04,539.51,533.05,6.75,90.74,True,11,45,18,7,5,7465.8,8955.82,7984.073333333334,842.1807692730426,1,1,0
2026-07-18 12:00:00,6219.6,1228.15,1243.82,1255.21,1271.23,1258.2,1280.34,1234.99,1250.75,1266.18,1282.33,41.07,30.83,442.89,437.51,7.25,90.68,True,12,0,18,7,5,7530.6,7465.8,7072.0,738.9107388582187,1,0,1
2026-07-18 12:15:00,6197.4,1241.36,1257.2,1240.59,1256.42,1203.56,1224.51,1248.14,1264.07,1286.62,1303.04,39.96,30.73,424.14,425.45,7.75,93.9,True,12,15,18,7,5,6219.6,7530.6,6649.200000000001,763.3954938300313,1,0,1
2026-07-18 12:30:00,6450.0,1300.96,1317.56,1308.39,1325.09,1276.37,1298.97,1297.82,1314.38,1339.26,1356.35,39.95,30.46,440.24,442.41,8.25,94.15,True,12,30,18,7,5,6197.4,6219.6,6289.0,139.87122649063915,1,0,1
2026-07-18 12:45:00,7050.0,1409.86,1427.85,1427.18,1445.39,1390.72,1416.03,1413.93,1431.97,1450.59,1469.1,40.5,30.56,486.91,486.01,8.5,93.26,True,12,45,18,7,5,6450.0,6197.4,6565.8,437.9371187739129,1,0,1
2026-07-18 13:00:00,6927.0,1386.86,1404.56,1405.81,1423.75,1378.41,1403.43,1384.7,1402.37,1421.44,1439.58,40.74,30.66,477.61,473.96,9.0,93.52,True,13,0,18,7,5,7050.0,6450.0,6809.0,316.9274364898007,1,0,1
2026-07-18 13:15:00,6678.0,1314.81,1331.59,1340.8,1357.91,1315.63,1339.23,1322.24,1339.12,1341.89,1359.01,39.62,30.67,463.99,454.69,9.5,92.36,True,13,15,18,7,5,6927.0,7050.0,6885.0,189.52308566503683,1,0,1
2026-07-18 13:30:00,4378.2,863.02,873.46,889.55,900.33,846.57,860.46,869.03,879.55,870.06,880.6,37.9,30.66,298.83,287.12,9.75,93.34,True,13,30,18,7,5,6678.0,6927.0,5994.399999999999,1405.196456016024,1,0,1
2026-07-18 13:45:00,3310.8,706.06,714.48,693.69,701.89,626.86,637.13,671.01,678.93,681.21,689.26,34.83,30.47,210.36,209.76,10.0,98.99,True,13,45,18,7,5,4378.2,6678.0,4789.0,1720.7778589928423,1,0,1
2026-07-18 14:00:00,6093.6,1211.04,1226.49,1260.35,1276.67,1207.41,1228.42,1219.9,1235.46,1255.8,1271.82,36.79,30.67,405.36,404.5,10.5,95.32,True,14,0,18,7,5,3310.8,4378.2,4594.2,1403.9180745328376,1,0,1
2026-07-18 14:15:00,5109.43,947.95,959.33,984.83,996.73,1106.38,1125.25,987.54,999.51,1065.81,1078.93,38.47,30.63,377.2,376.7,11.0,86.5,True,14,15,18,7,5,6093.6,3310.8,4837.943333333334,1411.124628667973,1,0,1
2026-07-18 14:30:00,4512.0,851.05,861.18,874.56,884.97,936.95,952.41,883.99,894.52,937.21,948.48,37.89,30.56,317.07,319.99,11.25,90.65,True,14,30,18,7,5,5109.43,6093.6,5238.343333333333,798.6417379734957,1,0,1
2026-07-18 14:45:00,3915.6,751.61,760.51,770.89,780.02,829.5,842.88,772.78,781.92,826.85,836.67,36.3,30.55,274.76,278.91,11.5,90.18,True,14,45,18,7,5,4512.0,5109.43,4512.343333333333,596.9150740543627,1,0,1
2026-07-18 15:00:00,3921.43,759.66,768.65,777.33,786.54,805.78,818.72,774.52,783.69,809.55,819.15,33.75,30.42,267.12,267.18,11.75,91.91,True,15,0,18,7,5,3915.6,4512.0,4116.343333333333,342.66112360949944,1,0,1
2026-07-18 15:15:00,3141.64,612.96,620.23,628.46,635.87,630.55,640.85,618.46,625.75,633.33,640.79,35.78,30.48,218.8,214.01,12.0,90.66,True,15,15,18,7,5,3921.43,3915.6,3659.556666666667,448.5384626019527,1,0,1
2026-07-18 15:30:00,2385.64,467.72,473.83,481.88,488.13,490.56,498.72,471.47,477.63,488.36,494.69,34.97,30.44,167.2,164.27,12.0,89.79,True,15,30,18,7,5,3141.64,3921.43,3149.5699999999997,767.9257091021163,1,0,1
2026-07-18 15:45:00,1960.2,384.21,389.65,393.56,399.11,396.14,403.15,389.23,394.7,400.2,405.81,34.31,30.34,137.27,135.2,12.25,89.62,True,15,45,18,7,5,2385.64,3141.64,2495.8266666666664,598.3777607275522,1,0,1
2026-07-18 16:00:00,2042.4,414.22,419.88,417.88,423.53,403.73,410.84,411.12,416.72,421.35,427.05,33.51,30.33,137.75,137.15,12.5,92.74,True,16,0,18,7,5,1960.2,2385.64,2129.4133333333334,225.6729681049972,1,0,1
2026-07-18 16:15:00,2635.8,544.98,551.72,550.7,557.47,533.03,541.93,533.68,540.36,553.51,560.31,33.66,30.41,177.71,177.21,12.5,92.83,True,16,15,18,7,5,2042.4,1960.2,2212.8,368.62712868152545,1,0,1
2026-07-18 16:30:00,2448.6,470.38,476.52,478.17,484.41,478.28,486.43,482.85,489.15,490.95,497.32,34.76,30.68,175.1,171.02,12.75,87.93,True,16,30,18,7,5,2635.8,2042.4,2375.6000000000004,303.3605775310729,1,0,1
2026-07-18 16:45:00,1533.6,301.61,305.99,307.59,312.06,311.25,317.09,305.13,309.56,315.34,319.91,31.06,30.34,102.82,100.57,12.75,92.35,True,16,45,18,7,5,2448.6,2635.8,2206.0,589.7900304345485,1,0,1
2026-07-18 17:00:00,1164.0,229.15,232.78,234.59,238.28,233.1,238.08,232.87,236.53,236.18,239.92,29.3,30.23,81.03,77.32,13.0,88.31,True,17,0,18,7,5,1533.6,2448.6,1715.3999999999999,661.3151442391019,1,0,1
2026-07-18 17:15:00,765.0,156.57,159.67,160.63,163.81,158.97,163.36,155.13,158.2,159.39,162.54,29.69,30.16,56.13,53.33,13.0,83.93,True,17,15,18,7,5,1164.0,1533.6,1154.2,384.3937044229294,1,0,1
2026-07-18 17:30:00,618.6,123.1,125.97,125.39,128.32,123.73,127.4,126.01,129.03,127.96,130.97,30.26,30.11,46.62,43.95,13.0,81.89,True,17,30,18,7,5,765.0,1164.0,849.1999999999999,282.2809239037973,1,0,1
2026-07-18 17:45:00,314.36,63.99,66.47,65.03,67.54,67.12,69.23,65.38,67.9,68.04,70.67,28.99,29.85,23.68,22.54,13.0,81.51,True,17,45,18,7,5,618.6,765.0,565.9866666666667,229.88089205785207,1,0,1
2026-07-18 18:00:00,210.6,44.99,46.73,45.62,47.38,46.77,48.27,45.62,47.38,47.19,49.01,28.15,29.57,18.03,17.06,13.0,71.46,True,18,0,18,7,5,314.36,618.6,381.18666666666667,212.05035376842264,0,0,1
2026-07-18 18:15:00,138.0,30.71,31.9,30.97,32.16,33.3,34.39,31.5,32.72,33.03,34.31,28.34,29.59,14.21,13.36,13.0,59.48,True,18,15,18,7,5,210.6,314.36,220.98666666666668,88.63760225385528,0,0,1
2026-07-18 18:30:00,64.2,16.41,17.04,15.86,16.47,19.36,20.03,17.37,18.05,18.78,19.51,28.37,29.62,9.18,8.73,13.0,42.84,True,18,30,18,7,5,138.0,210.6,137.6,73.20081966739876,0,0,1
2026-07-18 18:45:00,12.0,2.59,2.69,1.76,1.83,4.79,5.0,3.64,3.78,3.68,3.82,27.99,29.47,3.48,3.1,13.0,21.1,True,18,45,18,7,5,64.2,138.0,71.39999999999999,63.30781942208097,0,0,1
2026-07-18 19:00:00,0.0,0.0,0.0,0.0,0.0,0.0,0.0,0.0,0.0,0.0,0.0,27.57,29.43,0.4,0.23,13.0,0.0,True,19,0,18,7,5,12.0,64.2,25.400000000000002,34.13326822879195,0,0,1
2026-07-18 19:15:00,0.0,0.0,0.0,0.0,0.0,0.0,0.0,0.0,0.0,0.0,0.0,27.2,29.55,0.12,0.09,13.0,0.0,True,19,15,18,7,5,0.0,12.0,4.0,6.928203228730092,0,0,1
2026-07-18 19:30:00,0.0,0.0,0.0,0.0,0.0,0.0,0.0,0.0,0.0,0.0,0.0,27.28,29.38,0.13,0.1,13.0,0.0,True,19,30,18,7,5,0.0,0.0,0.0,0.0,0,0,1
2026-07-18 19:45:00,0.0,0.0,0.0,0.0,0.0,0.0,0.0,0.0,0.0,0.0,0.0,27.48,29.16,0.1,0.09,13.0,0.0,True,19,45,18,7,5,0.0,0.0,0.0,0.0,0,0,1
2026-07-18 20:00:00,0.0,0.0,0.0,0.0,0.0,0.0,0.0,0.0,0.0,0.0,0.0,27.09,28.86,0.16,0.09,13.0,0.0,True,20,0,18,7,5,0.0,0.0,0.0,0.0,0,0,1
2026-07-18 20:15:00,0.0,0.0,0.0,0.0,0.0,0.0,0.0,0.0,0.0,0.0,0.0,27.08,28.85,0.22,0.1,13.0,0.0,True,20,15,18,7,5,0.0,0.0,0.0,0.0,0,0,1
2026-07-18 20:30:00,0.0,0.0,0.0,0.0,0.0,0.0,0.0,0.0,0.0,0.0,0.0,26.57,28.44,0.36,0.45,13.0,0.0,True,20,30,18,7,5,0.0,0.0,0.0,0.0,0,0,1
2026-07-18 20:45:00,0.0,0.0,0.0,0.0,0.0,0.0,0.0,0.0,0.0,0.0,0.0,25.99,28.08,1.51,1.64,13.0,0.0,True,20,45,18,7,5,0.0,0.0,0.0,0.0,0,0,1
2026-07-18 21:00:00,0.0,0.0,0.0,0.0,0.0,0.0,0.0,0.0,0.0,0.0,0.0,25.61,27.29,1.07,0.71,13.0,0.0,True,21,0,18,7,5,0.0,0.0,0.0,0.0,0,0,1
2026-07-19 00:15:00,0.0,0.0,0.0,0.0,0.0,0.0,0.0,0.0,0.0,0.0,0.0,24.18,25.27,0.33,0.19,0.0,0.0,True,0,15,19,7,6,0.0,0.0,0.0,0.0,0,1,0
2026-07-19 00:30:00,0.0,0.0,0.0,0.0,0.0,0.0,0.0,0.0,0.0,0.0,0.0,24.17,25.43,0.25,0.18,0.0,0.0,True,0,30,19,7,6,0.0,0.0,0.0,0.0,0,1,0
2026-07-19 00:45:00,0.0,0.0,0.0,0.0,0.0,0.0,0.0,0.0,0.0,0.0,0.0,24.02,25.42,0.2,0.17,0.0,0.0,True,0,45,19,7,6,0.0,0.0,0.0,0.0,0,1,0
2026-07-19 01:00:00,0.0,0.0,0.0,0.0,0.0,0.0,0.0,0.0,0.0,0.0,0.0,24.19,25.6,0.19,0.18,0.0,0.0,True,1,0,19,7,6,0.0,0.0,0.0,0.0,0,1,0
2026-07-19 01:15:00,0.0,0.0,0.0,0.0,0.0,0.0,0.0,0.0,0.0,0.0,0.0,24.3,25.55,0.32,0.17,0.0,0.0,True,1,15,19,7,6,0.0,0.0,0.0,0.0,0,1,0
2026-07-19 01:30:00,0.0,0.0,0.0,0.0,0.0,0.0,0.0,0.0,0.0,0.0,0.0,24.39,25.45,0.29,0.2,0.0,0.0,True,1,30,19,7,6,0.0,0.0,0.0,0.0,0,1,0
2026-07-19 01:45:00,0.0,0.0,0.0,0.0,0.0,0.0,0.0,0.0,0.0,0.0,0.0,24.23,25.8,0.23,0.2,0.0,0.0,True,1,45,19,7,6,0.0,0.0,0.0,0.0,0,1,0
2026-07-19 02:00:00,0.0,0.0,0.0,0.0,0.0,0.0,0.0,0.0,0.0,0.0,0.0,24.43,25.78,0.37,0.19,0.0,0.0,True,2,0,19,7,6,0.0,0.0,0.0,0.0,0,1,0
2026-07-19 02:15:00,0.0,0.0,0.0,0.0,0.0,0.0,0.0,0.0,0.0,0.0,0.0,24.0,25.75,0.76,0.37,0.0,0.0,True,2,15,19,7,6,0.0,0.0,0.0,0.0,0,1,0
2026-07-19 02:30:00,0.0,0.0,0.0,0.0,0.0,0.0,0.0,0.0,0.0,0.0,0.0,24.16,25.77,1.16,0.79,0.0,0.0,True,2,30,19,7,6,0.0,0.0,0.0,0.0,0,1,0
2026-07-19 02:45:00,0.0,0.0,0.0,0.0,0.0,0.0,0.0,0.0,0.0,0.0,0.0,24.23,25.75,1.54,0.86,0.0,0.0,True,2,45,19,7,6,0.0,0.0,0.0,0.0,0,1,0
2026-07-19 03:00:00,0.0,0.0,0.0,0.0,0.0,0.0,0.0,0.0,0.0,0.0,0.0,24.42,25.77,1.53,0.66,0.0,0.0,True,3,0,19,7,6,0.0,0.0,0.0,0.0,0,1,0
2026-07-19 03:15:00,0.0,0.0,0.0,0.0,0.0,0.0,0.0,0.0,0.0,0.0,0.0,24.64,25.81,1.7,0.55,0.0,0.0,True,3,15,19,7,6,0.0,0.0,0.0,0.0,0,1,0
2026-07-19 03:30:00,0.0,0.0,0.0,0.0,0.0,0.0,0.0,0.0,0.0,0.0,0.0,24.68,25.79,1.56,0.38,0.0,0.0,True,3,30,19,7,6,0.0,0.0,0.0,0.0,0,1,0
2026-07-19 03:45:00,0.0,0.0,0.0,0.0,0.0,0.0,0.0,0.0,0.0,0.0,0.0,24.85,25.83,1.75,0.33,0.0,0.0,True,3,45,19,7,6,0.0,0.0,0.0,0.0,0,1,0
2026-07-19 04:00:00,0.0,0.0,0.0,0.0,0.0,0.0,0.0,0.0,0.0,0.0,0.0,24.78,25.86,1.61,0.16,0.0,0.0,True,4,0,19,7,6,0.0,0.0,0.0,0.0,0,1,0
2026-07-19 04:15:00,0.0,0.0,0.0,0.0,0.0,0.0,0.0,0.0,0.0,0.0,0.0,24.88,25.89,1.32,0.17,0.0,0.0,True,4,15,19,7,6,0.0,0.0,0.0,0.0,0,1,0
2026-07-19 04:30:00,0.0,0.0,0.0,0.0,0.0,0.0,0.0,0.0,0.0,0.0,0.0,24.7,25.92,1.29,0.13,0.0,0.0,True,4,30,19,7,6,0.0,0.0,0.0,0.0,0,1,0
2026-07-19 04:45:00,0.0,0.0,0.0,0.0,0.0,0.0,0.0,0.0,0.0,0.0,0.0,24.93,25.97,1.3,0.17,0.0,0.0,True,4,45,19,7,6,0.0,0.0,0.0,0.0,0,1,0
2026-07-19 05:00:00,0.0,0.0,0.0,0.0,0.0,0.0,0.0,0.0,0.0,0.0,0.0,24.89,25.94,1.15,0.16,0.0,0.0,True,5,0,19,7,6,0.0,0.0,0.0,0.0,0,1,0
2026-07-19 05:15:00,0.0,0.0,0.0,0.0,0.0,0.0,0.0,0.0,0.0,0.0,0.0,24.54,25.94,0.89,0.13,0.0,0.0,True,5,15,19,7,6,0.0,0.0,0.0,0.0,0,1,0
2026-07-19 05:30:00,0.0,0.0,0.0,0.0,0.0,0.0,0.0,0.0,0.0,0.0,0.0,24.69,25.91,1.09,0.16,0.0,0.0,True,5,30,19,7,6,0.0,0.0,0.0,0.0,0,1,0
2026-07-19 05:45:00,0.0,0.0,0.0,0.0,0.0,0.0,0.0,0.0,0.0,0.0,0.0,24.75,26.06,1.12,0.15,0.0,0.0,True,5,45,19,7,6,0.0,0.0,0.0,0.0,0,1,0
2026-07-19 06:00:00,25.5,0.0,0.0,0.0,0.0,8.06,8.34,9.52,9.89,9.78,10.16,24.66,25.94,4.75,3.57,0.0,32.39,True,6,0,19,7,6,0.0,0.0,8.5,14.722431864335457,0,1,0
2026-07-19 06:15:00,236.4,29.45,29.91,43.26,43.95,70.44,72.28,74.71,76.27,76.92,78.52,25.0,26.06,26.59,24.88,0.0,53.72,True,6,15,19,7,6,25.5,0.0,87.3,129.75234101934348,1,1,0
2026-07-19 06:30:00,820.8,170.51,172.96,173.75,176.25,173.13,176.69,174.15,176.65,181.31,183.88,25.81,26.29,62.1,61.12,0.25,80.12,True,6,30,19,7,6,236.4,25.5,360.8999999999999,412.00814312340964,1,1,0
2026-07-19 06:45:00,1457.4,309.78,313.91,304.41,308.58,300.46,306.17,315.18,319.44,326.33,330.72,27.08,26.49,104.34,104.1,0.25,85.1,True,6,45,19,7,6,820.8,236.4,838.1999999999999,610.6859421994255,1,1,0
2026-07-19 07:00:00,2518.07,511.88,518.23,515.76,522.16,507.19,515.61,510.71,517.07,520.7,527.16,29.04,27.02,180.7,152.38,0.5,85.58,True,7,0,19,7,6,1457.4,820.8,1598.756666666667,857.4191761520926,1,1,0
2026-07-19 07:15:00,3118.8,633.65,641.11,635.72,643.21,622.96,633.18,630.5,637.92,646.56,654.19,31.36,27.34,221.77,173.54,0.75,87.19,True,7,15,19,7,6,2518.07,1457.4,2364.7566666666667,841.2438550345154,1,1,0
2026-07-19 07:30:00,4035.86,808.9,818.51,818.56,828.29,835.67,849.23,822.99,832.77,858.64,868.86,33.59,27.69,291.89,210.12,1.0,86.51,True,7,30,19,7,6,3118.8,2518.07,3224.243333333334,764.3692454784743,1,1,0
2026-07-19 07:45:00,4781.4,954.39,965.78,964.56,976.08,960.88,976.8,964.19,975.7,988.92,1000.78,35.37,27.85,338.67,234.13,1.25,88.99,True,7,45,19,7,6,4035.86,3118.8,3978.686666666667,832.7732479692962,1,1,0
2026-07-19 08:00:00,5091.6,1017.35,1029.86,998.42,1010.64,1021.89,1039.07,999.78,1012.12,1013.7,1026.28,36.23,27.94,365.16,260.45,1.5,88.21,True,8,0,19,7,6,4781.4,4035.86,4636.286666666667,542.6233929101572,1,1,0
2026-07-19 08:15:00,3336.23,640.81,648.36,652.36,660.05,649.05,659.65,665.92,673.77,656.99,664.74,35.07,27.78,231.63,238.01,1.75,90.68,True,8,15,19,7,6,5091.6,4781.4,4403.076666666667,936.8443668151775,1,1,0
2026-07-19 08:30:00,3499.2,658.52,666.3,694.97,703.2,766.19,778.43,689.8,697.97,753.2,762.13,34.28,28.02,265.38,272.07,2.0,82.74,True,8,30,19,7,6,3336.23,5091.6,3975.6766666666667,969.8471372506762,1,1,0
2026-07-19 08:45:00,5280.92,985.32,997.46,1033.02,1045.9,1180.66,1201.23,1056.16,1069.37,1162.38,1177.01,36.17,28.55,406.17,413.61,2.5,82.23,True,8,45,19,7,6,3499.2,3336.23,4038.7833333333333,1078.8037028270396,1,1,0
2026-07-19 09:00:00,5612.79,1020.47,1033.26,1028.93,1041.83,1222.77,1244.33,1100.71,1114.51,1182.27,1197.15,39.77,28.91,434.65,441.87,2.75,82.92,True,9,0,19,7,6,5280.92,3499.2,4797.636666666666,1136.656393653478,1,1,0
2026-07-19 09:15:00,5101.71,983.55,995.66,1016.53,1029.09,1064.77,1082.83,1044.01,1056.93,1119.78,1133.82,38.36,28.8,361.64,368.01,3.25,90.05,True,9,15,19,7,6,5612.79,5280.92,5331.806666666666,259.31213090275804,1,1,0
2026-07-19 09:30:00,4774.2,851.93,862.07,873.08,883.48,1110.87,1129.89,878.16,888.67,1019.57,1032.08,38.64,28.95,390.14,395.38,3.5,78.2,True,9,30,19,7,6,5101.71,5612.79,5162.900000000001,422.63040484564783,1,1,0
2026-07-19 09:45:00,5350.8,1011.0,1023.5,1046.81,1059.77,1128.23,1147.96,1071.81,1085.15,1221.14,1237.16,36.61,28.93,375.41,377.55,4.0,90.31,True,9,45,19,7,6,4774.2,5101.71,5075.57,289.18742140694224,1,1,0
2026-07-19 10:00:00,7974.6,1733.23,1758.87,1821.53,1848.74,1464.54,1492.27,1650.12,1674.13,1606.69,1629.84,39.07,29.22,526.16,529.13,4.5,97.03,True,10,0,19,7,6,5350.8,4774.2,6033.2,1705.8406607886902,1,1,0
2026-07-19 10:15:00,6985.8,1329.56,1347.0,1354.61,1372.38,1564.7,1595.14,1251.01,1266.97,1244.95,1260.84,42.5,29.53,598.09,607.12,5.0,75.88,True,10,15,19,7,6,7974.6,5350.8,6770.400000000001,1325.0960267090056,1,1,0
2026-07-19 10:30:00,7432.8,1531.24,1552.64,1497.89,1518.15,1385.47,1410.82,1509.12,1530.23,1518.44,1539.87,40.61,29.54,492.63,477.85,5.5,97.23,True,10,30,19,7,6,6985.8,7974.6,7464.400000000001,495.15682364276563,1,1,0
2026-07-19 10:45:00,6075.0,1226.21,1242.08,1238.69,1254.41,1251.06,1273.48,1281.02,1297.95,1343.68,1362.06,38.97,29.71,438.69,437.06,6.0,88.62,True,10,45,19,7,6,7432.8,6985.8,6831.2,691.9762134640135,1,1,0
2026-07-19 11:00:00,7689.0,1500.02,1519.97,1528.59,1548.83,1573.58,1603.86,1527.76,1548.55,1542.94,1564.78,40.87,30.14,580.12,575.73,6.5,85.51,True,11,0,19,7,6,6075.0,7432.8,7065.600000000001,867.3960341159009,1,1,0
2026-07-19 11:15:00,6494.79,1304.55,1322.03,1358.35,1377.07,1225.49,1247.28,1212.85,1228.74,1167.24,1181.98,39.9,30.03,437.77,430.16,6.75,95.32,True,11,15,19,7,6,7689.0,6075.0,6752.93,837.3924973989164,1,1,0
2026-07-19 11:30:00,4677.6,931.55,942.73,934.51,945.73,915.16,930.18,935.81,946.98,961.85,973.33,37.07,29.81,315.98,313.63,7.25,93.98,True,11,30,19,7,6,6494.79,7689.0,6287.13,1516.4018256056,1,1,0
2026-07-19 11:45:00,4945.2,992.19,1004.03,999.21,1011.14,1002.8,1019.55,987.45,999.24,1016.31,1028.74,37.1,30.08,346.85,346.21,7.5,90.52,True,11,45,19,7,6,4677.6,6494.79,5372.53,981.0724084898129,1,1,0
2026-07-19 12:00:00,4991.4,1025.01,1037.43,1006.13,1018.26,949.56,965.25,1018.98,1031.32,1036.33,1049.08,38.93,30.4,332.24,330.71,8.0,96.13,True,12,0,19,7,6,4945.2,4677.6,4871.4,169.41794474023666,1,0,1
2026-07-19 12:15:00,5439.6,1117.17,1131.06,1107.81,1121.59,1079.33,1097.8,1130.3,1144.35,1162.72,1177.17,39.61,30.35,370.5,372.86,8.25,94.21,True,12,15,19,7,6,4991.4,4945.2,5125.4,273.08394313837726,1,0,1
2026-07-19 12:30:00,8304.6,1566.63,1588.26,1617.91,1641.3,1851.2,1889.29,1603.67,1627.18,1815.68,1842.4,42.46,30.73,686.4,682.24,8.75,78.59,True,12,30,19,7,6,5439.6,4991.4,6245.2,1797.516920643585,1,0,1
2026-07-19 12:45:00,8750.4,1646.74,1670.24,1675.29,1699.64,1907.01,1946.58,1663.21,1687.16,1814.67,1841.36,47.53,31.24,711.48,714.78,9.5,81.67,True,12,45,19,7,6,8304.6,5439.6,7498.2,1796.680238662402,1,0,1
2026-07-19 13:00:00,9685.29,1862.29,1890.64,1854.77,1882.86,2063.96,2108.16,2055.24,2087.06,2254.39,2289.95,48.53,31.3,832.06,822.94,10.0,77.64,True,13,0,19,7,6,8750.4,8304.6,8913.43,704.6348733209118,1,0,1
2026-07-19 13:15:00,12709.93,2436.88,2476.54,2457.02,2496.96,2583.78,2643.0,2630.33,2673.83,2863.91,2911.36,52.45,31.69,1051.27,1042.9,11.0,82.06,True,13,15,19,7,6,9685.29,8750.4,10381.873333333335,2069.6354051941867,1,0,1
2026-07-19 13:30:00,12049.2,2287.44,2324.11,2318.9,2355.98,2607.19,2667.13,2429.29,2468.42,2582.97,2625.51,53.97,31.71,1078.29,1068.36,11.75,76.36,True,13,30,19,7,6,12709.93,9685.29,11481.473333333333,1590.23487524117,1,0,1
2026-07-19 13:45:00,11496.0,2007.09,2037.48,2094.69,2127.11,2509.08,2566.2,2165.24,2198.92,2437.63,2477.16,55.01,31.94,1047.43,1043.11,12.75,75.36,True,13,45,19,7,6,12049.2,12709.93,12085.043333333333,607.7582328798993,1,0,1
2026-07-19 14:00:00,8512.07,1539.89,1561.34,1633.5,1656.89,2064.29,2108.51,1561.57,1583.08,1779.15,1805.3,53.8,32.2,834.01,832.28,13.25,69.69,True,14,0,19,7,6,11496.0,12049.2,10685.756666666666,1902.680439178714,1,0,1
2026-07-19 14:15:00,8129.4,1638.66,1662.43,1658.11,1682.44,1745.03,1780.58,1666.43,1690.54,1816.91,1844.05,48.84,31.9,662.42,653.74,13.75,81.97,True,14,15,19,7,6,8512.07,11496.0,9379.156666666668,1843.1978612274124,1,0,1
2026-07-19 14:30:00,9666.0,1886.27,1914.59,1910.48,1939.45,1947.86,1988.85,1852.49,1880.12,1914.16,1943.34,50.06,32.01,765.36,752.21,14.5,84.81,True,14,30,19,7,6,8129.4,8512.07,8769.156666666668,799.9094046411188,1,0,1
2026-07-19 14:45:00,6334.2,1504.04,1524.74,1541.39,1562.77,945.6,961.57,1288.99,1306.18,974.6,986.36,46.67,31.56,385.43,368.46,15.0,108.72,True,14,45,19,7,6,9666.0,8129.4,8043.200000000001,1667.5717795645191,1,0,1
2026-07-19 15:00:00,4700.4,855.0,865.29,889.12,899.88,1066.38,1085.31,855.4,865.76,907.27,918.21,38.7,30.08,345.59,338.22,15.25,86.94,True,15,0,19,7,6,6334.2,9666.0,6900.2,2530.723777894376,1,0,1
2026-07-19 15:15:00,3075.0,637.39,645.14,620.67,628.23,572.38,581.84,584.71,591.85,562.59,569.43,36.66,29.72,234.4,225.11,15.5,83.14,True,15,15,19,7,6,4700.4,6334.2,4703.2,1629.6018041227085,1,0,1
2026-07-19 15:30:00,2428.8,476.7,482.75,480.75,486.89,475.71,483.81,491.1,497.3,504.66,510.97,33.76,29.31,166.57,163.24,15.75,91.3,True,15,30,19,7,6,3075.0,4700.4,3401.4,1170.4462226005899,1,0,1
2026-07-19 15:45:00,369.6,64.08,66.56,70.64,73.23,95.57,98.37,64.12,66.45,69.17,71.54,31.41,28.87,37.54,37.01,15.75,61.06,True,15,45,19,7,6,2428.8,3075.0,1957.8000000000002,1412.8616492778035,1,0,1
2026-07-19 16:00:00,287.4,79.37,81.87,76.35,78.76,52.48,54.15,73.0,75.31,63.4,65.54,26.48,27.25,19.84,19.15,15.75,88.05,True,16,0,19,7,6,369.6,2428.8,1028.6000000000001,1213.3050894148587,0,0,1
2026-07-19 16:15:00,1005.6,225.45,228.79,229.8,233.2,176.62,181.12,213.45,216.75,199.75,203.29,25.92,26.6,62.91,58.68,15.75,96.93,True,16,15,19,7,6,287.4,369.6,554.1999999999999,393.078465449329,1,0,1
2026-07-19 16:30:00,1035.6,221.49,224.96,223.56,226.87,196.33,201.09,215.63,219.22,210.86,214.43,26.76,26.85,71.27,66.0,15.75,88.42,True,16,30,19,7,6,1005.6,287.4,776.1999999999999,423.5788946583608,1,0,1
2026-07-19 16:45:00,1149.6,237.74,241.19,241.08,244.58,223.18,228.07,233.75,237.14,233.47,236.86,26.87,26.94,80.97,76.21,16.0,86.43,True,16,45,19,7,6,1035.6,1005.6,1063.6,75.9736796528769,1,0,1
2026-07-19 17:00:00,1154.4,237.88,241.33,242.02,245.53,226.96,231.86,236.23,239.66,238.62,242.08,26.9,26.9,81.52,76.93,16.0,86.21,True,17,0,19,7,6,1149.6,1035.6,1113.2,67.24641254370258,1,0,1
2026-07-19 17:15:00,1306.2,265.43,269.28,271.3,275.24,258.17,263.23,262.72,266.53,266.15,270.01,27.28,27.08,91.95,85.34,16.0,86.62,True,17,15,19,7,6,1154.4,1149.6,1203.3999999999999,89.05975522084923,1,0,1
2026-07-19 17:30:00,1066.2,213.53,216.98,218.99,222.38,214.48,219.34,211.43,214.95,216.36,219.75,27.38,27.19,79.44,73.63,16.25,81.87,True,17,30,19,7,6,1306.2,1154.4,1175.6000000000001,121.39637556367842,1,0,1
2026-07-19 17:45:00,946.5,191.23,195.01,195.15,199.01,192.26,197.0,190.51,194.28,195.62,199.49,27.36,27.55,72.56,67.79,16.25,79.56,True,17,45,19,7,6,1066.2,1306.2,1106.3,183.17213215988366,1,0,1
2026-07-19 18:00:00,824.79,167.09,170.39,169.57,172.93,166.52,171.01,166.3,169.59,170.35,173.72,28.12,27.71,65.05,62.13,16.25,77.57,True,18,0,19,7,6,946.5,1066.2,945.8299999999999,120.7063946110495,1,0,1
2026-07-19 18:15:00,725.4,147.21,150.12,150.05,153.01,149.11,153.37,147.68,150.6,152.5,155.51,28.28,27.84,58.89,56.25,16.25,75.42,True,18,15,19,7,6,824.79,946.5,832.23,110.73760743306113,1,0,1
2026-07-19 18:30:00,602.36,118.22,121.0,120.8,123.64,126.64,130.42,118.05,120.89,123.03,125.92,28.23,28.2,51.95,50.04,16.25,70.97,True,18,30,19,7,6,725.4,824.79,717.5166666666668,111.42435296349025,1,0,1
2026-07-19 18:45:00,190.2,38.04,39.51,38.54,40.03,42.5,43.87,36.82,38.24,38.48,39.97,27.56,28.04,22.12,20.92,16.5,52.48,True,18,45,19,7,6,602.36,725.4,505.9866666666667,280.31343980147153,1,0,1
2026-07-19 19:00:00,22.5,1.28,1.33,1.04,1.08,2.43,2.54,1.12,1.17,1.25,1.3,26.07,27.8,3.14,2.6,16.5,33.58,True,19,0,19,7,6,190.2,602.36,271.68666666666667,298.39480982975226,0,0,1
2026-07-19 19:15:00,0.0,0.0,0.0,0.0,0.0,0.0,0.0,0.0,0.0,0.0,0.0,26.08,27.78,0.2,0.15,16.5,0.0,True,19,15,19,7,6,22.5,190.2,70.89999999999999,103.92752282240424,0,0,1
2026-07-19 19:30:00,0.0,0.0,0.0,0.0,0.0,0.0,0.0,0.0,0.0,0.0,0.0,26.1,27.91,0.14,0.15,16.5,0.0,True,19,30,19,7,6,0.0,22.5,7.5,12.990381056827077,0,0,1
2026-07-19 19:45:00,0.0,0.0,0.0,0.0,0.0,0.0,0.0,0.0,0.0,0.0,0.0,26.08,27.92,0.19,0.16,16.5,0.0,True,19,45,19,7,6,0.0,0.0,0.0,3.996943664068309e-05,0,0,1
2026-07-19 20:00:00,0.0,0.0,0.0,0.0,0.0,0.0,0.0,0.0,0.0,0.0,0.0,26.15,27.92,0.14,0.15,16.5,0.0,True,20,0,19,7,6,0.0,0.0,0.0,3.996943664068309e-05,0,0,1
2026-07-19 20:15:00,0.0,0.0,0.0,0.0,0.0,0.0,0.0,0.0,0.0,0.0,0.0,25.65,27.68,0.16,0.15,16.5,0.0,True,20,15,19,7,6,0.0,0.0,0.0,3.996943664068309e-05,0,0,1
2026-07-19 20:30:00,0.0,0.0,0.0,0.0,0.0,0.0,0.0,0.0,0.0,0.0,0.0,25.79,27.62,0.15,0.15,16.5,0.0,True,20,30,19,7,6,0.0,0.0,0.0,3.996943664068309e-05,0,0,1
2026-07-19 20:45:00,0.0,0.0,0.0,0.0,0.0,0.0,0.0,0.0,0.0,0.0,0.0,25.71,27.42,0.18,0.15,16.5,0.0,True,20,45,19,7,6,0.0,0.0,0.0,3.996943664068309e-05,0,0,1
2026-07-19 21:00:00,0.0,0.0,0.0,0.0,0.0,0.0,0.0,0.0,0.0,0.0,0.0,26.09,27.39,0.2,0.19,16.5,0.0,True,21,0,19,7,6,0.0,0.0,0.0,3.996943664068309e-05,0,0,1
2026-07-19 21:15:00,0.0,0.0,0.0,0.0,0.0,0.0,0.0,0.0,0.0,0.0,0.0,25.96,27.4,0.26,0.15,16.5,0.0,True,21,15,19,7,6,0.0,0.0,0.0,3.996943664068309e-05,0,0,1
2026-07-19 21:30:00,0.0,0.0,0.0,0.0,0.0,0.0,0.0,0.0,0.0,0.0,0.0,26.15,27.55,0.22,0.14,16.5,0.0,True,21,30,19,7,6,0.0,0.0,0.0,3.996943664068309e-05,0,0,1
2026-07-19 21:45:00,0.0,0.0,0.0,0.0,0.0,0.0,0.0,0.0,0.0,0.0,0.0,25.98,27.52,0.17,0.14,16.5,0.0,True,21,45,19,7,6,0.0,0.0,0.0,3.996943664068309e-05,0,0,1
2026-07-19 22:00:00,0.0,0.0,0.0,0.0,0.0,0.0,0.0,0.0,0.0,0.0,0.0,25.9,27.57,0.17,0.13,16.5,0.0,True,22,0,19,7,6,0.0,0.0,0.0,3.996943664068309e-05,0,0,1
2026-07-19 22:15:00,0.0,0.0,0.0,0.0,0.0,0.0,0.0,0.0,0.0,0.0,0.0,25.89,27.68,0.15,0.15,16.5,0.0,True,22,15,19,7,6,0.0,0.0,0.0,3.996943664068309e-05,0,0,1
2026-07-19 22:30:00,0.0,0.0,0.0,0.0,0.0,0.0,0.0,0.0,0.0,0.0,0.0,25.87,27.74,0.15,0.16,16.5,0.0,True,22,30,19,7,6,0.0,0.0,0.0,3.996943664068309e-05,0,0,1
2026-07-19 22:45:00,0.0,0.0,0.0,0.0,0.0,0.0,0.0,0.0,0.0,0.0,0.0,25.8,27.67,0.19,0.15,16.5,0.0,True,22,45,19,7,6,0.0,0.0,0.0,3.996943664068309e-05,0,0,1
2026-07-19 23:00:00,0.0,0.0,0.0,0.0,0.0,0.0,0.0,0.0,0.0,0.0,0.0,26.17,27.61,0.28,0.15,16.5,0.0,True,23,0,19,7,6,0.0,0.0,0.0,3.996943664068309e-05,0,0,1
2026-07-19 23:15:00,0.0,0.0,0.0,0.0,0.0,0.0,0.0,0.0,0.0,0.0,0.0,26.61,27.66,0.56,0.15,16.5,0.0,True,23,15,19,7,6,0.0,0.0,0.0,3.996943664068309e-05,0,0,1
2026-07-19 23:30:00,0.0,0.0,0.0,0.0,0.0,0.0,0.0,0.0,0.0,0.0,0.0,26.48,27.47,0.28,0.17,16.5,0.0,True,23,30,19,7,6,0.0,0.0,0.0,3.996943664068309e-05,0,0,1
2026-07-19 23:45:00,0.0,0.0,0.0,0.0,0.0,0.0,0.0,0.0,0.0,0.0,0.0,26.34,27.41,0.14,0.15,16.5,0.0,True,23,45,19,7,6,0.0,0.0,0.0,3.996943664068309e-05,0,0,1
2026-07-20 00:15:00,0.0,0.0,0.0,0.0,0.0,0.0,0.0,0.0,0.0,0.0,0.0,25.65,26.9,1.68,0.63,0.0,0.0,True,0,15,20,7,0,0.0,0.0,0.0,0.0,0,1,0
2026-07-20 00:30:00,0.0,0.0,0.0,0.0,0.0,0.0,0.0,0.0,0.0,0.0,0.0,25.45,26.56,1.73,0.67,0.0,0.0,True,0,30,20,7,0,0.0,0.0,0.0,0.0,0,1,0
2026-07-20 00:45:00,0.0,0.0,0.0,0.0,0.0,0.0,0.0,0.0,0.0,0.0,0.0,25.05,26.08,1.07,0.16,0.0,0.0,True,0,45,20,7,0,0.0,0.0,0.0,0.0,0,1,0
2026-07-20 01:00:00,0.0,0.0,0.0,0.0,0.0,0.0,0.0,0.0,0.0,0.0,0.0,24.9,26.07,0.64,0.13,0.0,0.0,True,1,0,20,7,0,0.0,0.0,0.0,0.0,0,1,0
2026-07-20 01:15:00,0.0,0.0,0.0,0.0,0.0,0.0,0.0,0.0,0.0,0.0,0.0,24.52,26.19,0.7,0.08,0.0,0.0,True,1,15,20,7,0,0.0,0.0,0.0,0.0,0,1,0
2026-07-20 01:30:00,0.0,0.0,0.0,0.0,0.0,0.0,0.0,0.0,0.0,0.0,0.0,24.63,26.07,0.94,0.13,0.0,0.0,True,1,30,20,7,0,0.0,0.0,0.0,0.0,0,1,0
2026-07-20 01:45:00,0.0,0.0,0.0,0.0,0.0,0.0,0.0,0.0,0.0,0.0,0.0,25.06,26.14,0.53,0.13,0.0,0.0,True,1,45,20,7,0,0.0,0.0,0.0,0.0,0,1,0
2026-07-20 02:00:00,0.0,0.0,0.0,0.0,0.0,0.0,0.0,0.0,0.0,0.0,0.0,25.24,26.0,0.35,0.14,0.0,0.0,True,2,0,20,7,0,0.0,0.0,0.0,0.0,0,1,0
2026-07-20 02:15:00,0.0,0.0,0.0,0.0,0.0,0.0,0.0,0.0,0.0,0.0,0.0,25.19,26.0,1.02,0.15,0.0,0.0,True,2,15,20,7,0,0.0,0.0,0.0,0.0,0,1,0
2026-07-20 02:30:00,0.0,0.0,0.0,0.0,0.0,0.0,0.0,0.0,0.0,0.0,0.0,25.26,25.99,0.95,0.14,0.0,0.0,True,2,30,20,7,0,0.0,0.0,0.0,0.0,0,1,0
2026-07-20 02:45:00,0.0,0.0,0.0,0.0,0.0,0.0,0.0,0.0,0.0,0.0,0.0,25.38,26.0,0.94,0.13,0.0,0.0,True,2,45,20,7,0,0.0,0.0,0.0,0.0,0,1,0
2026-07-20 03:00:00,0.0,0.0,0.0,0.0,0.0,0.0,0.0,0.0,0.0,0.0,0.0,25.68,26.09,0.97,0.14,0.0,0.0,True,3,0,20,7,0,0.0,0.0,0.0,0.0,0,1,0
2026-07-20 03:15:00,0.0,0.0,0.0,0.0,0.0,0.0,0.0,0.0,0.0,0.0,0.0,25.83,26.4,1.22,0.12,0.0,0.0,True,3,15,20,7,0,0.0,0.0,0.0,0.0,0,1,0
2026-07-20 03:30:00,0.0,0.0,0.0,0.0,0.0,0.0,0.0,0.0,0.0,0.0,0.0,25.46,26.41,1.09,0.11,0.0,0.0,True,3,30,20,7,0,0.0,0.0,0.0,0.0,0,1,0
2026-07-20 03:45:00,0.0,0.0,0.0,0.0,0.0,0.0,0.0,0.0,0.0,0.0,0.0,24.87,26.34,0.8,0.12,0.0,0.0,True,3,45,20,7,0,0.0,0.0,0.0,0.0,0,1,0
2026-07-20 04:00:00,0.0,0.0,0.0,0.0,0.0,0.0,0.0,0.0,0.0,0.0,0.0,24.92,26.24,0.46,0.12,0.0,0.0,True,4,0,20,7,0,0.0,0.0,0.0,0.0,0,1,0
2026-07-20 04:15:00,0.0,0.0,0.0,0.0,0.0,0.0,0.0,0.0,0.0,0.0,0.0,25.25,26.24,0.52,0.1,0.0,0.0,True,4,15,20,7,0,0.0,0.0,0.0,0.0,0,1,0
2026-07-20 04:30:00,0.0,0.0,0.0,0.0,0.0,0.0,0.0,0.0,0.0,0.0,0.0,24.88,26.29,0.47,0.11,0.0,0.0,True,4,30,20,7,0,0.0,0.0,0.0,0.0,0,1,0
2026-07-20 04:45:00,0.0,0.0,0.0,0.0,0.0,0.0,0.0,0.0,0.0,0.0,0.0,24.93,26.36,0.49,0.11,0.0,0.0,True,4,45,20,7,0,0.0,0.0,0.0,0.0,0,1,0
2026-07-20 05:00:00,0.0,0.0,0.0,0.0,0.0,0.0,0.0,0.0,0.0,0.0,0.0,25.46,26.3,0.13,0.09,0.0,0.0,True,5,0,20,7,0,0.0,0.0,0.0,0.0,0,1,0
2026-07-20 05:15:00,0.0,0.0,0.0,0.0,0.0,0.0,0.0,0.0,0.0,0.0,0.0,25.5,26.32,0.18,0.13,0.0,0.0,True,5,15,20,7,0,0.0,0.0,0.0,0.0,0,1,0
2026-07-20 05:30:00,0.0,0.0,0.0,0.0,0.0,0.0,0.0,0.0,0.0,0.0,0.0,24.95,26.39,0.19,0.09,0.0,0.0,True,5,30,20,7,0,0.0,0.0,0.0,0.0,0,1,0
2026-07-20 05:45:00,0.0,0.0,0.0,0.0,0.0,0.0,0.0,0.0,0.0,0.0,0.0,25.47,26.41,0.63,0.15,0.0,0.0,True,5,45,20,7,0,0.0,0.0,0.0,0.0,0,1,0
2026-07-20 06:00:00,18.0,0.0,0.0,0.0,0.0,6.13,6.34,4.03,4.18,4.58,4.76,25.74,26.41,3.91,3.27,0.0,27.91,True,6,0,20,7,0,0.0,0.0,6.0,10.392304845413264,0,1,0
2026-07-20 06:15:00,120.6,20.58,21.37,24.29,25.22,31.99,32.99,31.48,32.69,32.71,33.98,25.8,26.45,13.76,12.97,0.0,53.13,True,6,15,20,7,0,18.0,0.0,46.199999999999996,65.0578204369006,0,1,0
2026-07-20 06:30:00,392.4,80.62,82.16,82.6,84.18,85.0,87.14,81.95,83.52,84.69,86.26,26.18,26.5,31.54,29.74,0.0,75.54,True,6,30,20,7,0,120.6,18.0,177.0,193.46720652348293,1,1,0
2026-07-20 06:45:00,690.0,133.66,135.6,137.17,139.15,151.26,154.12,137.95,139.95,148.65,150.8,26.92,26.6,54.17,53.68,0.0,77.56,True,6,45,20,7,0,392.4,120.6,401.0,284.79740167354055,1,1,0
2026-07-20 07:00:00,901.2,173.96,176.42,180.43,182.98,189.34,193.14,178.7,181.23,190.21,192.88,27.4,26.57,69.59,68.43,0.0,79.0,True,7,0,20,7,0,690.0,392.4,661.2,255.61971754933148,1,1,0
2026-07-20 07:15:00,1286.4,245.14,248.55,260.11,263.75,276.24,281.56,252.0,255.43,266.33,270.1,28.01,26.6,99.03,95.7,0.0,79.44,True,7,15,20,7,0,901.2,690.0,959.2000000000002,302.4007936497521,1,1,0
2026-07-20 07:30:00,1249.8,234.43,237.9,256.43,260.15,261.2,266.31,254.71,258.4,264.29,268.12,28.53,26.69,92.78,92.97,0.25,82.56,True,7,30,20,7,0,1286.4,901.2,1145.8,212.61881384298957,1,1,0
2026-07-20 07:45:00,1780.8,362.86,368.13,361.64,366.89,347.53,353.9,358.97,364.17,366.13,371.44,29.25,26.98,123.2,122.86,0.25,88.85,True,7,45,20,7,0,1249.8,1286.4,1439.0,296.57262179776416,1,1,0
2026-07-20 08:00:00,1819.93,354.17,359.31,357.9,363.07,398.49,405.51,353.7,358.83,382.33,387.69,29.99,27.2,140.58,135.37,0.5,79.81,True,8,0,20,7,0,1780.8,1249.8,1616.8433333333335,318.4703999327613,1,1,0
2026-07-20 08:15:00,1878.0,370.21,375.49,370.13,375.44,394.7,401.7,369.59,374.91,392.86,398.45,30.82,27.37,139.49,141.05,0.5,83.29,True,8,15,20,7,0,1819.93,1780.8,1826.243333333333,48.90658067512821,1,1,0
2026-07-20 08:30:00,1976.4,396.16,401.83,393.44,399.07,398.9,405.95,397.52,403.18,411.69,417.42,30.92,27.56,137.24,137.5,0.75,89.12,True,8,30,20,7,0,1878.0,1819.93,1891.4433333333334,79.09650835108198,1,1,0
2026-07-20 08:45:00,2815.2,554.35,561.12,559.1,565.93,586.73,596.36,560.49,567.33,584.67,591.77,31.53,27.65,196.23,195.41,1.0,89.0,True,8,45,20,7,0,1976.4,1878.0,2223.2000000000003,515.0423671893401,1,1,0
2026-07-20 09:00:00,3814.2,739.73,748.49,754.93,763.89,805.38,818.38,752.86,761.78,789.14,798.51,33.64,27.92,272.77,271.36,1.25,87.51,True,9,0,20,7,0,2815.2,1976.4,2868.6,920.0629761054396,1,1,0
2026-07-20 09:15:00,3784.2,701.71,710.01,733.62,742.31,852.3,866.13,720.14,728.66,785.18,794.5,34.55,28.07,288.69,288.51,1.5,82.35,True,9,15,20,7,0,3814.2,2815.2,3471.2000000000003,568.3106544839706,1,1,0
2026-07-20 09:30:00,2973.21,549.11,555.82,567.16,574.04,677.8,688.91,562.13,568.98,612.73,619.99,34.81,27.98,232.62,233.04,1.75,80.38,True,9,30,20,7,0,3784.2,3814.2,3523.8699999999994,477.1213961875938,1,1,0
2026-07-20 09:45:00,3515.14,683.75,691.84,694.87,703.09,740.82,752.67,691.24,699.43,725.41,733.99,33.25,27.87,244.89,243.89,2.0,89.69,True,9,45,20,7,0,2973.21,3784.2,3424.183333333333,413.07509176096806,1,1,0
2026-07-20 10:00:00,4173.0,816.24,825.94,831.22,841.11,892.74,907.36,821.92,831.69,857.48,867.69,31.43,27.65,285.39,282.49,2.25,90.68,True,10,0,20,7,0,3515.14,2973.21,3553.783333333333,600.8277552122008,1,1,0
2026-07-20 10:15:00,4929.43,967.43,979.1,974.87,986.69,1013.04,1029.99,973.38,985.01,1011.95,1024.21,33.8,27.99,343.97,339.41,2.5,89.75,True,10,15,20,7,0,4173.0,3515.14,4205.856666666667,707.7172609406477,1,1,0
2026-07-20 10:30:00,6093.64,1211.55,1226.85,1228.3,1243.81,1232.61,1254.32,1213.59,1228.89,1242.01,1257.69,36.15,28.43,418.7,414.31,3.0,92.04,True,10,30,20,7,0,4929.43,4173.0,5065.3566666666675,967.5079051012107,1,1,0
2026-07-20 10:45:00,7722.0,1547.51,1568.11,1561.86,1583.15,1609.18,1640.24,1537.31,1558.0,1586.53,1608.56,40.52,29.07,568.48,561.48,3.5,87.5,True,10,45,20,7,0,6093.64,4929.43,6248.356666666667,1402.6990897670582,1,1,0
2026-07-20 11:00:00,8014.2,1556.6,1578.65,1615.18,1638.08,1693.43,1726.88,1571.52,1593.66,1638.06,1661.45,42.57,29.43,602.03,601.56,4.0,86.51,True,11,0,20,7,0,7722.0,6093.64,7276.613333333334,1034.850057029198,1,1,0
2026-07-20 11:15:00,6197.25,1221.11,1236.69,1233.6,1249.34,1276.93,1299.51,1232.94,1248.68,1289.85,1306.3,40.42,29.28,444.95,446.46,4.5,89.68,True,11,15,20,7,0,8014.2,7722.0,7311.150000000001,975.6664991173988,1,1,0
2026-07-20 11:30:00,7072.8,1389.33,1407.78,1404.92,1423.59,1489.16,1517.27,1405.72,1424.62,1458.85,1478.47,38.99,29.29,503.86,502.63,5.0,89.84,True,11,30,20,7,0,6197.25,8014.2,7094.75,908.6738565073831,1,1,0
2026-07-20 11:45:00,9202.2,1740.86,1766.59,1775.26,1801.49,2067.01,2111.26,1751.68,1777.38,1865.06,1892.66,43.96,29.79,754.84,753.4,5.5,79.7,True,11,45,20,7,0,7072.8,6197.25,7490.75,1545.4587595597636,1,1,0
2026-07-20 12:00:00,8227.2,1653.76,1677.83,1615.58,1638.89,1757.27,1792.58,1611.75,1634.54,1664.31,1687.84,46.46,30.13,654.77,655.14,6.25,83.05,True,12,0,20,7,0,9202.2,7072.8,8167.400000000001,1065.95877969085,1,0,1
2026-07-20 12:15:00,8302.2,1647.21,1670.69,1656.51,1680.35,1725.04,1759.41,1657.01,1680.64,1716.29,1741.45,45.1,30.36,614.63,610.81,6.75,88.75,True,12,15,20,7,0,8227.2,9202.2,8577.2,542.563360355275,1,0,1
2026-07-20 12:30:00,8096.79,1642.52,1665.99,1604.09,1626.5,1642.76,1674.81,1614.09,1636.67,1607.52,1629.88,44.38,30.41,617.76,615.9,7.25,85.85,True,12,30,20,7,0,8302.2,8227.2,8208.730000000001,103.94312242763178,1,0,1
2026-07-20 12:45:00,12127.5,2707.46,2751.86,2552.08,2593.55,2104.82,2150.23,2549.91,2591.22,2400.34,2438.67,44.28,30.64,767.85,763.57,8.0,103.4,True,12,45,20,7,0,8096.79,8302.2,9508.83,2270.1591890658283,1,0,1
2026-07-20 13:00:00,11964.6,2446.71,2486.47,2330.89,2368.27,2216.32,2264.81,2477.83,2518.39,2477.06,2517.22,49.06,31.1,900.16,896.2,9.0,88.86,True,13,0,20,7,0,12127.5,8096.79,10729.63,2281.560639496579,1,0,1
2026-07-20 13:15:00,12135.6,2665.39,2709.56,2661.82,2705.92,1886.13,1925.11,2613.41,2656.39,2450.76,2490.9,47.82,31.45,741.92,733.3,9.75,108.76,True,13,15,20,7,0,11964.6,12127.5,12075.9,96.47367516610137,1,0,1
2026-07-20 13:30:00,12509.36,2444.55,2484.24,2504.96,2545.65,2547.42,2605.74,2453.22,2493.03,2613.17,2656.39,50.6,31.97,1001.19,996.4,10.75,84.1,True,13,30,20,7,0,12135.6,11964.6,12203.186666666666,278.5979765421662,1,0,1
2026-07-20 13:45:00,10636.71,2136.3,2169.62,2212.2,2247.32,2263.69,2313.84,2069.24,2100.96,2215.88,2251.04,50.39,31.77,907.53,899.1,11.5,78.82,True,13,45,20,7,0,12509.36,12135.6,11760.556666666665,991.058843880314,1,0,1
2026-07-20 14:00:00,8389.29,1693.1,1717.3,1729.63,1755.03,1553.37,1582.95,1662.85,1686.69,1658.87,1682.8,46.74,31.66,588.5,586.6,12.0,94.33,True,14,0,20,7,0,10636.71,12509.36,10511.786666666667,2062.8738644506025,1,0,1
2026-07-20 14:15:00,8217.0,1457.6,1477.79,1445.91,1465.99,1706.18,1740.52,1523.36,1545.14,1855.05,1882.78,45.81,32.24,693.3,683.51,12.5,78.11,True,14,15,20,7,0,8389.29,10636.71,9081.0,1350.0356158635245,1,0,1
2026-07-20 14:30:00,9085.8,1860.23,1888.49,1950.64,1980.24,1640.76,1673.55,1839.82,1867.41,1947.41,1977.42,45.16,32.26,600.72,590.9,13.25,99.4,True,14,30,20,7,0,8217.0,8389.29,8564.03,460.0042507412288,1,0,1
2026-07-20 14:45:00,9146.4,1817.37,1844.66,1872.51,1900.96,2028.46,2071.69,1831.97,1859.48,1860.18,1888.9,46.64,32.59,779.59,780.12,13.75,77.6,True,14,45,20,7,0,9085.8,8217.0,8816.4,519.9791918913711,1,0,1
2026-07-20 15:00:00,8369.25,1821.34,1848.35,1818.49,1845.83,1674.11,1707.97,1760.06,1785.67,1705.76,1730.83,47.02,32.51,626.51,618.23,14.25,88.51,True,15,0,20,7,0,9146.4,9085.8,8867.15,432.25732787311335,1,0,1
2026-07-20 15:15:00,9055.29,1749.77,1775.65,1779.85,1805.95,1843.83,1881.53,1831.05,1858.18,1914.1,1943.1,46.75,32.64,709.51,693.5,15.0,84.46,True,15,15,20,7,0,8369.25,9146.4,8856.980000000001,424.8360539078628,1,0,1
2026-07-20 15:30:00,9671.79,1927.23,1955.98,1957.16,1986.67,1931.04,1971.24,1918.8,1947.42,1980.29,2010.15,47.31,32.92,749.64,730.68,15.75,85.59,True,15,30,20,7,0,9055.29,8369.25,9032.11,651.5793099846003,1,0,1
2026-07-20 15:45:00,8783.31,1635.79,1659.69,1684.9,1709.53,1778.48,1814.33,0.0,0.0,0.0,0.0,46.87,33.2,675.74,659.35,16.25,86.06,True,15,45,20,7,0,9671.79,9055.29,9170.13,455.23658332784515,1,0,1
2026-07-20 16:00:00,6281.36,1251.2,1268.21,1235.02,1251.51,1368.13,1394.16,1211.97,1228.43,1212.57,1228.71,45.1,32.95,570.72,562.22,16.75,72.31,True,16,0,20,7,0,8783.31,9671.79,8245.486666666666,1758.0370728836547,1,0,1
2026-07-20 16:15:00,5087.4,1122.15,1137.2,1083.34,1097.4,907.96,923.33,1100.99,1115.51,1052.4,1066.02,39.28,32.32,335.01,332.83,17.25,97.31,True,16,15,20,7,0,6281.36,8783.31,6717.356666666667,1886.1356001182146,1,0,1
2026-07-20 16:30:00,4924.2,965.15,976.92,999.89,1012.15,982.61,999.03,943.42,954.98,956.02,967.64,38.98,32.39,359.13,354.98,17.5,87.75,True,16,30,20,7,0,5087.4,6281.36,5430.986666666667,740.9518638435792,1,0,1
2026-07-20 16:45:00,3610.2,699.29,707.8,729.32,738.27,709.62,721.63,689.44,697.88,681.49,689.83,37.74,31.75,280.1,275.55,17.75,82.06,True,16,45,20,7,0,4924.2,5087.4,4540.599999999999,809.871397198298,1,0,1
2026-07-20 17:00:00,1869.0,367.38,372.56,373.5,378.76,383.53,390.35,370.44,375.67,385.6,390.99,33.41,30.8,137.11,138.25,17.75,85.23,True,17,0,20,7,0,3610.2,4924.2,3467.8000000000006,1532.5697635017802,1,0,1
2026-07-20 17:15:00,1912.2,380.96,386.45,386.69,392.26,384.83,391.68,383.44,388.9,386.26,391.58,32.76,30.23,138.61,138.03,18.0,86.02,True,17,15,20,7,0,1869.0,3610.2,2463.7999999999997,993.0464641696698,1,0,1
2026-07-20 17:30:00,1127.4,232.22,235.96,234.91,238.71,214.67,219.46,225.77,229.48,229.5,233.29,32.3,30.02,78.85,77.74,18.0,88.99,True,17,30,20,7,0,1912.2,1869.0,1636.2,441.16282708300355,1,0,1
2026-07-20 17:45:00,799.8,165.21,168.48,166.92,170.22,161.19,165.59,164.85,168.11,168.31,171.64,30.68,30.07,59.2,58.89,18.25,83.53,True,17,45,20,7,0,1127.4,1912.2,1279.8,571.6447848094668,1,0,1
2026-07-20 18:00:00,642.6,129.54,132.6,131.97,135.09,134.62,138.4,128.69,131.79,134.76,137.95,30.65,30.05,52.42,52.39,18.25,75.78,True,18,0,20,7,0,799.8,1127.4,856.6,247.3407366364338,1,0,1
2026-07-20 18:15:00,285.6,61.85,64.24,62.46,64.87,60.87,62.79,61.32,63.68,62.52,64.93,29.49,29.77,24.12,24.06,18.25,72.85,True,18,15,20,7,0,642.6,799.8,576.0,263.49018957040585,1,0,1
2026-07-20 18:30:00,195.6,45.48,47.24,45.64,47.4,41.9,43.25,43.97,45.67,44.33,46.04,28.93,29.41,18.11,17.77,18.25,66.3,True,18,30,20,7,0,285.6,642.6,374.59999999999997,236.4170044642404,0,0,1
2026-07-20 18:45:00,69.43,18.58,19.29,18.16,18.86,19.28,19.94,18.17,18.87,19.1,19.84,28.23,29.15,9.54,9.41,18.25,44.52,True,18,45,20,7,0,195.6,285.6,183.54333333333332,108.588165253744,0,0,1
2026-07-20 19:00:00,9.0,0.65,0.67,0.4,0.42,1.05,1.11,0.59,0.61,0.67,0.7,28.06,29.05,1.14,1.09,18.25,18.49,True,19,0,20,7,0,69.43,195.6,91.34333333333332,95.21048068974699,0,0,1
2026-07-20 19:15:00,0.0,0.0,0.0,0.0,0.0,0.0,0.0,0.0,0.0,0.0,0.0,26.91,29.06,0.14,0.09,18.25,0.0,True,19,15,20,7,0,9.0,69.43,26.143333333333334,37.75647802922648,0,0,1
2026-07-20 19:30:00,0.0,0.0,0.0,0.0,0.0,0.0,0.0,0.0,0.0,0.0,0.0,27.32,28.92,0.12,0.09,18.25,0.0,True,19,30,20,7,0,0.0,9.0,3.0,5.1961524070887215,0,0,1
2026-07-20 19:45:00,0.0,0.0,0.0,0.0,0.0,0.0,0.0,0.0,0.0,0.0,0.0,27.7,29.14,0.15,0.08,18.25,0.0,True,19,45,20,7,0,0.0,0.0,0.0,0.0,0,0,1
2026-07-20 20:00:00,0.0,0.0,0.0,0.0,0.0,0.0,0.0,0.0,0.0,0.0,0.0,27.69,29.33,0.18,0.08,18.25,0.0,True,20,0,20,7,0,0.0,0.0,0.0,0.0,0,0,1
2026-07-20 20:15:00,0.0,0.0,0.0,0.0,0.0,0.0,0.0,0.0,0.0,0.0,0.0,27.93,29.47,0.34,0.09,18.25,0.0,True,20,15,20,7,0,0.0,0.0,0.0,0.0,0,0,1
2026-07-20 20:30:00,0.0,0.0,0.0,0.0,0.0,0.0,0.0,0.0,0.0,0.0,0.0,27.91,29.04,0.16,0.1,18.25,0.0,True,20,30,20,7,0,0.0,0.0,0.0,0.0,0,0,1
2026-07-20 20:45:00,0.0,0.0,0.0,0.0,0.0,0.0,0.0,0.0,0.0,0.0,0.0,27.53,28.77,0.12,0.09,18.25,0.0,True,20,45,20,7,0,0.0,0.0,0.0,0.0,0,0,1
2026-07-20 21:00:00,0.0,0.0,0.0,0.0,0.0,0.0,0.0,0.0,0.0,0.0,0.0,27.69,28.67,0.14,0.1,18.25,0.0,True,21,0,20,7,0,0.0,0.0,0.0,0.0,0,0,1
2026-07-20 21:15:00,0.0,0.0,0.0,0.0,0.0,0.0,0.0,0.0,0.0,0.0,0.0,27.57,28.66,0.14,0.09,18.25,0.0,True,21,15,20,7,0,0.0,0.0,0.0,0.0,0,0,1
2026-07-20 21:30:00,0.0,0.0,0.0,0.0,0.0,0.0,0.0,0.0,0.0,0.0,0.0,27.52,28.64,0.12,0.09,18.25,0.0,True,21,30,20,7,0,0.0,0.0,0.0,0.0,0,0,1
2026-07-20 21:45:00,0.0,0.0,0.0,0.0,0.0,0.0,0.0,0.0,0.0,0.0,0.0,27.11,28.66,0.14,0.1,18.25,0.0,True,21,45,20,7,0,0.0,0.0,0.0,0.0,0,0,1
2026-07-20 22:00:00,0.0,0.0,0.0,0.0,0.0,0.0,0.0,0.0,0.0,0.0,0.0,27.35,28.56,0.11,0.09,18.25,0.0,True,22,0,20,7,0,0.0,0.0,0.0,0.0,0,0,1
2026-07-20 22:15:00,0.0,0.0,0.0,0.0,0.0,0.0,0.0,0.0,0.0,0.0,0.0,27.06,28.55,0.14,0.09,18.25,0.0,True,22,15,20,7,0,0.0,0.0,0.0,0.0,0,0,1
2026-07-20 22:30:00,0.0,0.0,0.0,0.0,0.0,0.0,0.0,0.0,0.0,0.0,0.0,27.01,28.38,0.13,0.1,18.25,0.0,True,22,30,20,7,0,0.0,0.0,0.0,0.0,0,0,1
2026-07-20 22:45:00,0.0,0.0,0.0,0.0,0.0,0.0,0.0,0.0,0.0,0.0,0.0,27.28,28.17,0.12,0.09,18.25,0.0,True,22,45,20,7,0,0.0,0.0,0.0,0.0,0,0,1
2026-07-20 23:00:00,0.0,0.0,0.0,0.0,0.0,0.0,0.0,0.0,0.0,0.0,0.0,27.28,28.17,0.14,0.09,18.25,0.0,True,23,0,20,7,0,0.0,0.0,0.0,0.0,0,0,1
2026-07-20 23:15:00,0.0,0.0,0.0,0.0,0.0,0.0,0.0,0.0,0.0,0.0,0.0,26.49,28.18,0.1,0.07,18.25,0.0,True,23,15,20,7,0,0.0,0.0,0.0,0.0,0,0,1
2026-07-20 23:30:00,0.0,0.0,0.0,0.0,0.0,0.0,0.0,0.0,0.0,0.0,0.0,26.79,27.99,0.12,0.09,18.25,0.0,True,23,30,20,7,0,0.0,0.0,0.0,0.0,0,0,1
2026-07-20 23:45:00,0.0,0.0,0.0,0.0,0.0,0.0,0.0,0.0,0.0,0.0,0.0,26.89,28.01,0.13,0.1,18.25,0.0,True,23,45,20,7,0,0.0,0.0,0.0,0.0,0,0,1
2026-07-21 00:15:00,0.0,0.0,0.0,0.0,0.0,0.0,0.0,0.0,0.0,0.0,0.0,26.83,27.84,0.07,0.07,0.0,0.0,True,0,15,21,7,1,0.0,0.0,0.0,0.0,0,1,0
2026-07-21 00:30:00,0.0,0.0,0.0,0.0,0.0,0.0,0.0,0.0,0.0,0.0,0.0,26.55,27.97,0.21,0.12,0.0,0.0,True,0,30,21,7,1,0.0,0.0,0.0,0.0,0,1,0
2026-07-21 00:45:00,0.0,0.0,0.0,0.0,0.0,0.0,0.0,0.0,0.0,0.0,0.0,26.8,28.15,0.13,0.1,0.0,0.0,True,0,45,21,7,1,0.0,0.0,0.0,0.0,0,1,0
2026-07-21 01:00:00,0.0,0.0,0.0,0.0,0.0,0.0,0.0,0.0,0.0,0.0,0.0,26.5,27.84,0.57,0.11,0.0,0.0,True,1,0,21,7,1,0.0,0.0,0.0,0.0,0,1,0
2026-07-21 01:15:00,0.0,0.0,0.0,0.0,0.0,0.0,0.0,0.0,0.0,0.0,0.0,25.92,27.12,0.19,0.12,0.0,0.0,True,1,15,21,7,1,0.0,0.0,0.0,0.0,0,1,0
2026-07-21 01:30:00,0.0,0.0,0.0,0.0,0.0,0.0,0.0,0.0,0.0,0.0,0.0,25.02,26.44,0.15,0.19,0.0,0.0,True,1,30,21,7,1,0.0,0.0,0.0,0.0,0,1,0
2026-07-21 01:45:00,0.0,0.0,0.0,0.0,0.0,0.0,0.0,0.0,0.0,0.0,0.0,24.97,26.08,0.18,0.16,0.0,0.0,True,1,45,21,7,1,0.0,0.0,0.0,0.0,0,1,0
2026-07-21 02:00:00,0.0,0.0,0.0,0.0,0.0,0.0,0.0,0.0,0.0,0.0,0.0,24.67,25.52,0.29,0.2,0.0,0.0,True,2,0,21,7,1,0.0,0.0,0.0,0.0,0,1,0
2026-07-21 02:15:00,0.0,0.0,0.0,0.0,0.0,0.0,0.0,0.0,0.0,0.0,0.0,24.27,25.17,0.38,0.17,0.0,0.0,True,2,15,21,7,1,0.0,0.0,0.0,0.0,0,1,0
2026-07-21 02:30:00,0.0,0.0,0.0,0.0,0.0,0.0,0.0,0.0,0.0,0.0,0.0,23.55,24.99,0.49,0.2,0.0,0.0,True,2,30,21,7,1,0.0,0.0,0.0,0.0,0,1,0
2026-07-21 02:45:00,0.0,0.0,0.0,0.0,0.0,0.0,0.0,0.0,0.0,0.0,0.0,23.98,24.94,0.5,0.19,0.0,0.0,True,2,45,21,7,1,0.0,0.0,0.0,0.0,0,1,0
2026-07-21 03:00:00,0.0,0.0,0.0,0.0,0.0,0.0,0.0,0.0,0.0,0.0,0.0,24.21,24.96,0.51,0.19,0.0,0.0,True,3,0,21,7,1,0.0,0.0,0.0,0.0,0,1,0
2026-07-21 03:15:00,0.0,0.0,0.0,0.0,0.0,0.0,0.0,0.0,0.0,0.0,0.0,23.91,24.94,0.44,0.18,0.0,0.0,True,3,15,21,7,1,0.0,0.0,0.0,0.0,0,1,0
2026-07-21 03:30:00,0.0,0.0,0.0,0.0,0.0,0.0,0.0,0.0,0.0,0.0,0.0,23.88,24.97,0.5,0.19,0.0,0.0,True,3,30,21,7,1,0.0,0.0,0.0,0.0,0,1,0
2026-07-21 03:45:00,0.0,0.0,0.0,0.0,0.0,0.0,0.0,0.0,0.0,0.0,0.0,23.83,24.99,0.45,0.15,0.0,0.0,True,3,45,21,7,1,0.0,0.0,0.0,0.0,0,1,0
2026-07-21 04:00:00,0.0,0.0,0.0,0.0,0.0,0.0,0.0,0.0,0.0,0.0,0.0,23.9,25.04,0.39,0.16,0.0,0.0,True,4,0,21,7,1,0.0,0.0,0.0,0.0,0,1,0
2026-07-21 04:15:00,0.0,0.0,0.0,0.0,0.0,0.0,0.0,0.0,0.0,0.0,0.0,23.73,25.05,0.4,0.23,0.0,0.0,True,4,15,21,7,1,0.0,0.0,0.0,0.0,0,1,0
2026-07-21 04:30:00,0.0,0.0,0.0,0.0,0.0,0.0,0.0,0.0,0.0,0.0,0.0,23.89,24.96,0.35,0.18,0.0,0.0,True,4,30,21,7,1,0.0,0.0,0.0,0.0,0,1,0
2026-07-21 04:45:00,0.0,0.0,0.0,0.0,0.0,0.0,0.0,0.0,0.0,0.0,0.0,23.9,24.97,0.44,0.18,0.0,0.0,True,4,45,21,7,1,0.0,0.0,0.0,0.0,0,1,0
2026-07-21 05:00:00,0.0,0.0,0.0,0.0,0.0,0.0,0.0,0.0,0.0,0.0,0.0,23.9,25.07,0.45,0.18,0.0,0.0,True,5,0,21,7,1,0.0,0.0,0.0,0.0,0,1,0
2026-07-21 05:15:00,0.0,0.0,0.0,0.0,0.0,0.0,0.0,0.0,0.0,0.0,0.0,23.81,25.08,0.45,0.18,0.0,0.0,True,5,15,21,7,1,0.0,0.0,0.0,0.0,0,1,0
2026-07-21 05:30:00,0.0,0.0,0.0,0.0,0.0,0.0,0.0,0.0,0.0,0.0,0.0,24.07,25.08,0.48,0.2,0.0,0.0,True,5,30,21,7,1,0.0,0.0,0.0,0.0,0,1,0
2026-07-21 05:45:00,0.0,0.0,0.0,0.0,0.0,0.0,0.0,0.0,0.0,0.0,0.0,23.92,25.02,0.54,0.19,0.0,0.0,True,5,45,21,7,1,0.0,0.0,0.0,0.0,0,1,0
2026-07-21 06:00:00,0.0,0.0,0.0,0.0,0.0,0.0,0.0,0.0,0.0,0.0,0.0,23.69,24.95,1.24,0.62,0.0,0.0,True,6,0,21,7,1,0.0,0.0,0.0,0.0,0,1,0
2026-07-21 06:15:00,0.0,0.0,0.0,1.49,1.55,3.16,3.29,0.34,0.35,0.79,0.82,23.8,24.83,3.01,2.38,0.0,0.0,True,6,15,21,7,1,0.0,0.0,0.0,0.0,0,1,0
2026-07-21 06:30:00,13.5,0.0,0.0,7.87,8.18,9.37,9.7,7.44,7.73,8.95,9.3,23.68,24.79,5.35,4.74,0.0,15.18,True,6,30,21,7,1,0.0,0.0,4.5,7.794228634059948,0,1,0
2026-07-21 06:45:00,48.6,0.0,0.0,17.7,18.38,18.66,19.27,17.88,18.57,19.21,19.95,23.9,24.93,8.62,8.01,0.0,33.93,True,6,45,21,7,1,13.5,0.0,20.7,25.087247756579437,0,1,0
2026-07-21 07:00:00,182.4,0.0,0.0,33.38,34.66,46.16,47.59,44.36,45.71,47.58,48.97,24.02,25.13,17.63,17.35,0.0,62.26,True,7,0,21,7,1,48.6,13.5,81.5,89.12693195662015,0,1,0
2026-07-21 07:15:00,375.6,0.0,0.0,0.0,0.0,80.13,82.33,77.96,79.5,82.05,83.67,24.33,25.37,29.1,28.49,0.0,77.78,True,7,15,21,7,1,182.4,48.6,202.20000000000002,164.39671529565305,1,1,0
2026-07-21 07:30:00,490.8,101.23,103.24,104.41,106.1,103.09,105.5,100.06,102.0,104.59,106.32,24.67,25.51,36.95,35.81,0.0,80.14,True,7,30,21,7,1,375.6,182.4,349.59999999999997,155.83529767032888,1,1,0
2026-07-21 07:45:00,499.8,100.47,102.34,105.16,106.97,108.56,111.0,100.21,102.12,107.04,108.77,24.66,25.56,38.41,37.35,0.0,78.52,True,7,45,21,7,1,490.8,375.6,455.40000000000003,69.25518031165612,1,1,0
2026-07-21 08:00:00,553.2,110.1,111.83,115.38,117.12,121.18,123.64,110.11,111.85,118.18,119.93,24.69,25.55,42.41,41.75,0.0,78.72,True,8,0,21,7,1,499.8,490.8,514.6,33.73010524738988,1,1,0
2026-07-21 08:15:00,868.2,177.07,179.64,181.27,183.9,173.82,177.43,177.0,179.57,183.05,185.69,25.02,25.58,58.83,57.69,0.25,89.18,True,8,15,21,7,1,553.2,499.8,640.4000000000001,199.07918022736587,1,1,0
2026-07-21 08:30:00,984.0,199.49,202.37,206.54,209.37,196.62,201.4,196.61,199.46,205.23,208.12,25.29,25.69,67.03,65.07,0.25,88.8,True,8,30,21,7,1,868.2,553.2,801.8000000000001,222.9436700155446,1,1,0
2026-07-21 08:45:00,1087.8,219.79,222.78,225.18,228.18,216.97,221.84,220.46,223.42,230.35,233.36,25.45,25.74,72.83,71.04,0.25,90.4,True,8,45,21,7,1,984.0,868.2,980.0,109.85463121780568,1,1,0
2026-07-21 09:00:00,1375.8,285.48,289.21,285.69,289.45,274.51,279.8,263.17,266.63,289.98,293.81,25.61,25.7,90.11,88.59,0.5,92.47,True,9,0,21,7,1,1087.8,984.0,1149.1999999999998,202.9883740513238,1,1,0
2026-07-21 09:15:00,1536.0,309.08,313.56,316.78,321.37,309.66,315.48,305.52,309.96,316.57,321.16,26.37,25.8,101.8,100.05,0.5,91.66,True,9,15,21,7,1,1375.8,1087.8,1333.1999999999998,227.11644590385842,1,1,0
2026-07-21 09:30:00,1322.36,266.31,270.17,274.16,278.13,270.29,275.51,263.08,266.9,272.52,276.47,26.2,25.79,89.73,88.15,0.5,89.47,True,9,30,21,7,1,1536.0,1375.8,1411.3866666666665,111.1769784322888,1,1,0
2026-07-21 09:45:00,1103.4,220.37,224.03,227.18,230.8,226.81,231.7,218.42,222.05,227.54,231.02,25.43,25.4,76.84,75.47,0.75,86.91,True,9,45,21,7,1,1322.36,1536.0,1320.5866666666666,216.30545192697636,1,1,0
2026-07-21 10:00:00,1284.6,262.22,266.1,264.32,268.15,249.34,254.38,260.45,264.26,266.33,270.19,24.98,25.06,82.38,81.32,0.75,94.2,True,10,0,21,7,1,1103.4,1322.36,1236.7866666666666,117.04894930469649,1,1,0
2026-07-21 10:15:00,1410.0,287.67,291.84,292.08,296.31,275.65,280.95,283.06,287.17,288.98,293.17,25.4,25.23,91.32,89.05,1.0,93.44,True,10,15,21,7,1,1284.6,1103.4,1266.0,154.1439586879749,1,1,0
2026-07-21 10:30:00,1476.64,299.25,303.59,305.98,310.42,293.33,298.91,293.84,298.1,301.09,305.46,25.78,25.36,97.0,94.05,1.0,92.27,True,10,30,21,7,1,1410.0,1284.6,1390.4133333333332,97.50676147495386,1,1,0
2026-07-21 10:45:00,1302.6,262.52,266.33,267.73,271.62,261.99,267.07,259.47,263.23,268.03,271.92,25.33,25.21,87.41,85.25,1.0,90.16,True,10,45,21,7,1,1476.64,1410.0,1396.4133333333332,87.81189289232722,1,1,0
2026-07-21 11:00:00,1523.4,312.18,316.71,315.0,319.57,296.25,301.86,310.03,314.52,315.69,320.27,25.09,25.13,96.24,94.83,1.25,95.67,True,11,0,21,7,1,1302.6,1476.64,1434.2133333333334,116.35367004668807,1,1,0
2026-07-21 11:15:00,2287.2,459.14,465.21,467.35,473.52,455.29,463.03,458.17,464.25,474.0,480.21,26.33,25.25,144.2,141.67,1.25,96.34,True,11,15,21,7,1,1523.4,1302.6,1704.3999999999999,516.6527266936662,1,1,0
2026-07-21 11:30:00,2756.4,549.07,555.6,560.89,567.47,558.78,568.01,548.25,554.8,571.11,577.81,26.75,25.35,176.03,172.71,1.5,95.27,True,11,30,21,7,1,2287.2,1523.4,2189.0,622.3380753256226,1,1,0
2026-07-21 11:45:00,2830.8,561.44,568.03,575.4,582.15,575.55,585.05,559.13,565.69,582.73,589.57,27.15,25.58,183.55,179.83,1.75,93.99,True,11,45,21,7,1,2756.4,2287.2,2624.7999999999997,294.7272637541367,1,1,0
2026-07-21 12:00:00,2748.21,540.11,546.67,553.71,560.39,558.48,567.7,539.34,545.92,565.52,572.25,27.47,25.78,178.94,175.68,2.0,93.72,True,12,0,21,7,1,2830.8,2756.4,2778.47,45.50374380202434,1,0,1
2026-07-21 12:15:00,2636.4,523.27,529.82,532.81,539.36,533.09,541.89,524.6,531.12,548.15,554.67,26.86,25.85,169.45,167.45,2.0,94.71,True,12,15,21,7,1,2748.21,2830.8,2738.47,97.56531504587211,1,0,1
2026-07-21 12:30:00,2855.4,560.05,566.62,570.16,576.85,584.64,594.3,563.27,569.88,594.97,601.95,27.36,25.88,187.61,186.22,2.25,92.83,True,12,30,21,7,1,2636.4,2748.21,2746.67,109.50812161661928,1,0,1
2026-07-21 12:45:00,3655.8,741.87,750.67,743.62,752.44,712.46,724.01,742.67,751.47,763.89,772.96,27.58,25.97,224.67,223.82,2.5,99.33,True,12,45,21,7,1,2855.4,2636.4,3049.2000000000003,536.6217662376362,1,0,1
2026-07-21 13:00:00,4381.2,872.78,883.2,889.86,900.49,869.85,884.0,867.79,878.15,903.25,914.03,29.62,26.3,278.77,273.96,2.75,96.74,True,13,0,21,7,1,3655.8,2855.4,3630.8000000000006,763.20715405452,1,0,1
2026-07-21 13:15:00,3822.43,745.72,754.55,762.48,771.53,766.76,779.13,745.71,754.54,783.57,792.88,29.0,26.41,249.33,243.99,3.0,94.14,True,13,15,21,7,1,4381.2,3655.8,3953.1433333333334,379.9549600062264,1,0,1
2026-07-21 13:30:00,2863.2,563.69,570.31,573.03,579.75,576.91,586.44,566.32,572.97,595.23,602.22,28.5,26.37,186.17,183.92,3.25,94.24,True,13,30,21,7,1,3822.43,4381.2,3688.943333333333,767.7532270419537,1,0,1
2026-07-21 13:45:00,2794.2,547.57,554.0,555.51,562.03,571.45,580.88,555.91,562.44,583.69,590.54,27.96,26.4,182.02,179.66,3.5,93.86,True,13,45,21,7,1,2863.2,3822.43,3159.943333333333,574.7666375437377,1,0,1
2026-07-21 14:00:00,2791.2,544.62,551.01,555.35,561.87,577.28,586.81,551.6,558.07,581.72,588.54,27.79,26.4,184.02,181.42,3.75,92.68,True,14,0,21,7,1,2794.2,2863.2,2816.2000000000003,40.730823708851425,1,0,1
2026-07-21 14:15:00,3192.6,621.9,629.23,635.36,642.86,656.98,667.72,632.52,639.99,664.41,672.26,28.04,26.45,208.35,205.31,4.0,93.72,True,14,15,21,7,1,2791.2,2794.2,2926.0,230.8872452085679,1,0,1
2026-07-21 14:30:00,2936.77,574.84,581.59,584.9,591.77,607.35,617.38,582.15,588.98,613.72,620.94,28.28,26.5,196.22,193.55,4.25,91.63,True,14,30,21,7,1,3192.6,2791.2,2973.523333333333,203.20825680403487,1,0,1
2026-07-21 14:45:00,3209.14,629.23,636.66,639.56,647.11,656.88,667.63,637.93,645.47,669.05,676.97,28.42,26.53,210.78,209.17,4.25,93.26,True,14,45,21,7,1,2936.77,3192.6,3112.8366666666675,152.70231246885038,1,0,1
2026-07-21 15:00:00,2970.6,584.06,590.92,592.93,599.9,603.29,613.25,590.92,597.85,619.65,626.94,28.39,26.55,195.98,195.31,4.5,92.84,True,15,0,21,7,1,3209.14,2936.77,3038.8366666666666,148.45381852055723,1,0,1
2026-07-21 15:15:00,2985.0,589.21,596.13,591.42,598.36,592.92,602.71,594.36,601.33,621.23,628.55,28.16,26.59,193.28,193.65,4.75,94.5,True,15,15,21,7,1,2970.6,3209.14,3054.9133333333334,133.7581344566921,1,0,1
2026-07-21 15:30:00,2352.0,467.66,473.78,469.63,475.8,466.76,474.64,467.93,474.1,489.56,495.84,27.71,26.49,154.56,154.49,5.0,92.95,True,15,30,21,7,1,2985.0,2970.6,2769.2000000000003,361.37753112223487,1,0,1
2026-07-21 15:45:00,2590.07,519.07,525.43,525.38,531.79,512.13,520.59,517.78,524.16,531.86,538.31,27.59,26.31,166.22,163.57,5.0,95.13,True,15,45,21,7,1,2352.0,2985.0,2642.356666666667,319.72280436862087,1,0,1
2026-07-21 16:00:00,2437.8,481.82,487.96,489.78,495.96,490.41,498.63,481.78,487.92,501.92,508.14,28.21,26.55,165.04,163.03,5.25,90.4,True,16,0,21,7,1,2590.07,2352.0,2459.9566666666674,120.57163693562364,1,0,1
2026-07-21 16:15:00,1818.6,361.82,367.07,368.32,373.66,367.7,374.35,361.0,366.23,375.93,381.39,28.22,26.71,123.78,122.25,5.5,89.93,True,16,15,21,7,1,2437.8,2590.07,2282.156666666667,408.6075447582147,1,0,1
2026-07-21 16:30:00,1497.6,297.4,301.71,304.6,309.01,304.76,310.51,296.73,301.03,308.63,313.11,27.37,26.73,102.1,100.61,5.5,89.47,True,16,30,21,7,1,1818.6,2437.8,1918.0000000000002,477.9166036036039,1,0,1
2026-07-21 16:45:00,1165.5,229.89,233.43,235.67,239.26,237.05,242.0,228.52,232.08,238.82,242.39,27.03,26.74,79.96,78.7,5.5,88.79,True,16,45,21,7,1,1497.6,1818.6,1493.9000000000003,326.56572079752283,1,0,1
2026-07-21 17:00:00,846.0,169.97,173.33,173.52,176.95,173.58,178.14,168.41,171.74,176.37,179.86,26.5,26.66,59.49,58.63,5.75,86.44,True,17,0,21,7,1,1165.5,1497.6,1169.7000000000003,325.8203032347846,1,0,1
2026-07-21 17:15:00,585.64,119.93,122.67,122.14,124.93,119.25,122.89,117.77,120.53,122.7,125.44,25.64,26.51,42.16,41.36,5.75,84.14,True,17,15,21,7,1,846.0,1165.5,865.7133333333336,290.43220643265727,1,0,1
2026-07-21 17:30:00,397.2,82.71,85.91,83.96,87.2,82.83,85.42,81.81,84.97,85.33,88.62,25.79,26.43,30.01,29.45,5.75,80.21,True,17,30,21,7,1,585.64,846.0,609.6133333333336,225.35838243416353,1,0,1
2026-07-21 17:45:00,310.8,65.76,68.3,66.86,69.45,66.26,68.35,64.83,67.34,67.8,70.42,25.32,26.46,24.88,24.24,5.75,75.58,True,17,45,21,7,1,397.2,585.64,431.2133333333336,140.54158293310718,1,0,1
2026-07-21 18:00:00,180.6,40.51,42.08,41.14,42.73,40.89,42.21,39.63,41.16,41.65,43.26,25.37,26.55,16.61,15.99,5.75,65.78,True,18,0,21,7,1,310.8,397.2,296.20000000000033,109.03559051984212,0,0,1
2026-07-21 18:15:00,82.29,21.23,22.05,21.21,22.03,22.36,23.12,20.72,21.52,22.11,22.96,25.15,26.44,10.07,9.63,5.75,49.38,True,18,15,21,7,1,180.6,310.8,191.23000000000033,114.62527077399264,0,0,1
2026-07-21 18:30:00,27.0,8.82,9.16,8.02,8.33,10.28,10.67,8.87,9.21,9.44,9.81,24.96,26.19,5.6,5.37,5.75,29.15,True,18,30,21,7,1,82.29,180.6,96.6300000000003,77.79760086282563,0,0,1
2026-07-21 18:45:00,0.0,0.49,0.51,0.0,0.0,2.07,2.17,1.37,1.43,1.42,1.48,24.95,26.15,1.96,1.73,5.75,0.0,True,18,45,21,7,1,27.0,82.29,36.430000000000305,41.94764236535566,0,0,1
2026-07-21 19:00:00,0.0,0.0,0.0,0.0,0.0,0.0,0.0,0.0,0.0,0.0,0.0,24.52,26.03,0.2,0.15,5.75,0.0,True,19,0,21,7,1,0.0,27.0,9.000000000000304,15.588457268501452,0,0,1
2026-07-21 19:15:00,0.0,0.0,0.0,0.0,0.0,0.0,0.0,0.0,0.0,0.0,0.0,24.57,25.98,0.16,0.17,5.75,0.0,True,19,15,21,7,1,0.0,0.0,0.0,0.00010924033852132262,0,0,1
2026-07-21 19:30:00,0.0,0.0,0.0,0.0,0.0,0.0,0.0,0.0,0.0,0.0,0.0,24.74,25.86,0.16,0.16,5.75,0.0,True,19,30,21,7,1,0.0,0.0,0.0,0.00010924033852132262,0,0,1
2026-07-21 19:45:00,0.0,0.0,0.0,0.0,0.0,0.0,0.0,0.0,0.0,0.0,0.0,24.56,25.76,0.14,0.14,5.75,0.0,True,19,45,21,7,1,0.0,0.0,0.0,0.00010924033852132262,0,0,1
2026-07-21 20:00:00,0.0,0.0,0.0,0.0,0.0,0.0,0.0,0.0,0.0,0.0,0.0,24.55,25.77,0.15,0.15,5.75,0.0,True,20,0,21,7,1,0.0,0.0,0.0,0.00010924033852132262,0,0,1
2026-07-21 20:15:00,0.0,0.0,0.0,0.0,0.0,0.0,0.0,0.0,0.0,0.0,0.0,24.19,25.74,0.21,0.2,5.75,0.0,True,20,15,21,7,1,0.0,0.0,0.0,0.00010924033852132262,0,0,1
2026-07-21 20:30:00,0.0,0.0,0.0,0.0,0.0,0.0,0.0,0.0,0.0,0.0,0.0,24.58,25.68,0.16,0.16,5.75,0.0,True,20,30,21,7,1,0.0,0.0,0.0,0.00010924033852132262,0,0,1
2026-07-21 20:45:00,0.0,0.0,0.0,0.0,0.0,0.0,0.0,0.0,0.0,0.0,0.0,24.5,25.69,0.17,0.16,5.75,0.0,True,20,45,21,7,1,0.0,0.0,0.0,0.00010924033852132262,0,0,1
2026-07-21 21:00:00,0.0,0.0,0.0,0.0,0.0,0.0,0.0,0.0,0.0,0.0,0.0,24.67,25.66,0.13,0.14,5.75,0.0,True,21,0,21,7,1,0.0,0.0,0.0,0.00010924033852132262,0,0,1
2026-07-21 21:15:00,0.0,0.0,0.0,0.0,0.0,0.0,0.0,0.0,0.0,0.0,0.0,24.42,25.59,0.11,0.11,5.75,0.0,True,21,15,21,7,1,0.0,0.0,0.0,0.00010924033852132262,0,0,1
2026-07-21 21:30:00,0.0,0.0,0.0,0.0,0.0,0.0,0.0,0.0,0.0,0.0,0.0,24.93,25.6,0.18,0.18,5.75,0.0,True,21,30,21,7,1,0.0,0.0,0.0,0.00010924033852132262,0,0,1
2026-07-21 21:45:00,0.0,0.0,0.0,0.0,0.0,0.0,0.0,0.0,0.0,0.0,0.0,25.04,25.6,0.21,0.18,5.75,0.0,True,21,45,21,7,1,0.0,0.0,0.0,0.00010924033852132262,0,0,1
2026-07-21 22:00:00,0.0,0.0,0.0,0.0,0.0,0.0,0.0,0.0,0.0,0.0,0.0,24.77,25.63,0.16,0.14,5.75,0.0,True,22,0,21,7,1,0.0,0.0,0.0,0.00010924033852132262,0,0,1
2026-07-21 22:15:00,0.0,0.0,0.0,0.0,0.0,0.0,0.0,0.0,0.0,0.0,0.0,24.62,25.75,0.18,0.16,5.75,0.0,True,22,15,21,7,1,0.0,0.0,0.0,0.00010924033852132262,0,0,1
2026-07-21 22:30:00,0.0,0.0,0.0,0.0,0.0,0.0,0.0,0.0,0.0,0.0,0.0,24.58,25.8,0.33,0.15,5.75,0.0,True,22,30,21,7,1,0.0,0.0,0.0,0.00010924033852132262,0,0,1
2026-07-21 22:45:00,0.0,0.0,0.0,0.0,0.0,0.0,0.0,0.0,0.0,0.0,0.0,24.91,25.8,0.45,0.15,5.75,0.0,True,22,45,21,7,1,0.0,0.0,0.0,0.00010924033852132262,0,0,1
2026-07-21 23:00:00,0.0,0.0,0.0,0.0,0.0,0.0,0.0,0.0,0.0,0.0,0.0,25.13,25.6,0.4,0.2,5.75,0.0,True,23,0,21,7,1,0.0,0.0,0.0,0.00010924033852132262,0,0,1
2026-07-21 23:15:00,0.0,0.0,0.0,0.0,0.0,0.0,0.0,0.0,0.0,0.0,0.0,24.52,25.29,0.34,0.18,5.75,0.0,True,23,15,21,7,1,0.0,0.0,0.0,0.00010924033852132262,0,0,1
2026-07-21 23:30:00,0.0,0.0,0.0,0.0,0.0,0.0,0.0,0.0,0.0,0.0,0.0,24.46,25.07,0.37,0.22,5.75,0.0,True,23,30,21,7,1,0.0,0.0,0.0,0.00010924033852132262,0,0,1
2026-07-21 23:45:00,0.0,0.0,0.0,0.0,0.0,0.0,0.0,0.0,0.0,0.0,0.0,24.07,25.18,0.25,0.18,5.75,0.0,True,23,45,21,7,1,0.0,0.0,0.0,0.00010924033852132262,0,0,1
2026-07-22 00:15:00,0.0,0.0,0.0,0.0,0.0,0.0,0.0,0.0,0.0,0.0,0.0,24.02,25.11,0.32,0.21,0.0,0.0,True,0,15,22,7,2,0.0,0.0,0.0,0.0,0,1,0
2026-07-22 00:30:00,0.0,0.0,0.0,0.0,0.0,0.0,0.0,0.0,0.0,0.0,0.0,23.93,25.18,0.3,0.18,0.0,0.0,True,0,30,22,7,2,0.0,0.0,0.0,0.0,0,1,0
2026-07-22 00:45:00,0.0,0.0,0.0,0.0,0.0,0.0,0.0,0.0,0.0,0.0,0.0,23.57,25.17,0.17,0.14,0.0,0.0,True,0,45,22,7,2,0.0,0.0,0.0,0.0,0,1,0
2026-07-22 01:00:00,0.0,0.0,0.0,0.0,0.0,0.0,0.0,0.0,0.0,0.0,0.0,23.88,25.22,0.4,0.23,0.0,0.0,True,1,0,22,7,2,0.0,0.0,0.0,0.0,0,1,0
2026-07-22 01:15:00,0.0,0.0,0.0,0.0,0.0,0.0,0.0,0.0,0.0,0.0,0.0,23.98,25.2,0.24,0.2,0.0,0.0,True,1,15,22,7,2,0.0,0.0,0.0,0.0,0,1,0
2026-07-22 01:30:00,0.0,0.0,0.0,0.0,0.0,0.0,0.0,0.0,0.0,0.0,0.0,23.84,25.21,0.21,0.18,0.0,0.0,True,1,30,22,7,2,0.0,0.0,0.0,0.0,0,1,0
2026-07-22 01:45:00,0.0,0.0,0.0,0.0,0.0,0.0,0.0,0.0,0.0,0.0,0.0,23.78,25.17,0.22,0.18,0.0,0.0,True,1,45,22,7,2,0.0,0.0,0.0,0.0,0,1,0
2026-07-22 02:00:00,0.0,0.0,0.0,0.0,0.0,0.0,0.0,0.0,0.0,0.0,0.0,23.55,25.17,0.19,0.15,0.0,0.0,True,2,0,22,7,2,0.0,0.0,0.0,0.0,0,1,0
2026-07-22 02:15:00,0.0,0.0,0.0,0.0,0.0,0.0,0.0,0.0,0.0,0.0,0.0,23.69,25.15,0.19,0.16,0.0,0.0,True,2,15,22,7,2,0.0,0.0,0.0,0.0,0,1,0
2026-07-22 02:30:00,0.0,0.0,0.0,0.0,0.0,0.0,0.0,0.0,0.0,0.0,0.0,23.56,25.2,0.21,0.15,0.0,0.0,True,2,30,22,7,2,0.0,0.0,0.0,0.0,0,1,0
2026-07-22 02:45:00,0.0,0.0,0.0,0.0,0.0,0.0,0.0,0.0,0.0,0.0,0.0,23.89,25.23,0.22,0.18,0.0,0.0,True,2,45,22,7,2,0.0,0.0,0.0,0.0,0,1,0
2026-07-22 03:00:00,0.0,0.0,0.0,0.0,0.0,0.0,0.0,0.0,0.0,0.0,0.0,23.95,25.36,0.19,0.15,0.0,0.0,True,3,0,22,7,2,0.0,0.0,0.0,0.0,0,1,0
2026-07-22 03:15:00,0.0,0.0,0.0,0.0,0.0,0.0,0.0,0.0,0.0,0.0,0.0,24.11,25.46,0.15,0.13,0.0,0.0,True,3,15,22,7,2,0.0,0.0,0.0,0.0,0,1,0
2026-07-22 03:30:00,0.0,0.0,0.0,0.0,0.0,0.0,0.0,0.0,0.0,0.0,0.0,24.17,25.24,0.17,0.14,0.0,0.0,True,3,30,22,7,2,0.0,0.0,0.0,0.0,0,1,0
2026-07-22 03:45:00,0.0,0.0,0.0,0.0,0.0,0.0,0.0,0.0,0.0,0.0,0.0,24.01,25.15,0.19,0.14,0.0,0.0,True,3,45,22,7,2,0.0,0.0,0.0,0.0,0,1,0
2026-07-22 04:00:00,0.0,0.0,0.0,0.0,0.0,0.0,0.0,0.0,0.0,0.0,0.0,23.57,24.92,0.19,0.14,0.0,0.0,True,4,0,22,7,2,0.0,0.0,0.0,0.0,0,1,0
2026-07-22 04:15:00,0.0,0.0,0.0,0.0,0.0,0.0,0.0,0.0,0.0,0.0,0.0,24.1,24.85,0.21,0.16,0.0,0.0,True,4,15,22,7,2,0.0,0.0,0.0,0.0,0,1,0
2026-07-22 04:30:00,0.0,0.0,0.0,0.0,0.0,0.0,0.0,0.0,0.0,0.0,0.0,24.01,24.81,0.23,0.18,0.0,0.0,True,4,30,22,7,2,0.0,0.0,0.0,0.0,0,1,0
2026-07-22 04:45:00,0.0,0.0,0.0,0.0,0.0,0.0,0.0,0.0,0.0,0.0,0.0,24.07,24.87,0.27,0.19,0.0,0.0,True,4,45,22,7,2,0.0,0.0,0.0,0.0,0,1,0
2026-07-22 05:00:00,0.0,0.0,0.0,0.0,0.0,0.0,0.0,0.0,0.0,0.0,0.0,24.0,24.8,0.22,0.18,0.0,0.0,True,5,0,22,7,2,0.0,0.0,0.0,0.0,0,1,0
2026-07-22 05:15:00,0.0,0.0,0.0,0.0,0.0,0.0,0.0,0.0,0.0,0.0,0.0,23.89,24.49,0.32,0.17,0.0,0.0,True,5,15,22,7,2,0.0,0.0,0.0,0.0,0,1,0
2026-07-22 05:30:00,0.0,0.0,0.0,0.0,0.0,0.0,0.0,0.0,0.0,0.0,0.0,23.89,24.51,0.3,0.18,0.0,0.0,True,5,30,22,7,2,0.0,0.0,0.0,0.0,0,1,0
2026-07-22 05:45:00,0.0,0.0,0.0,0.0,0.0,0.0,0.0,0.0,0.0,0.0,0.0,23.54,24.76,0.75,0.19,0.0,0.0,True,5,45,22,7,2,0.0,0.0,0.0,0.0,0,1,0
2026-07-22 06:00:00,0.0,0.0,0.0,0.0,0.0,0.83,0.86,0.7,0.73,0.72,0.75,23.3,24.74,1.59,0.92,0.0,0.0,True,6,0,22,7,2,0.0,0.0,0.0,0.0,0,1,0
2026-07-22 06:15:00,22.91,0.0,0.0,0.0,0.0,13.76,14.21,13.82,14.36,13.72,14.25,23.64,24.48,7.1,6.04,0.0,19.38,True,6,15,22,7,2,0.0,0.0,7.636666666666667,13.227094667134326,0,1,0
2026-07-22 06:30:00,106.2,21.17,21.99,27.91,28.99,25.33,26.13,27.7,28.77,26.85,27.88,23.99,24.67,11.68,10.43,0.0,54.69,True,6,30,22,7,2,22.91,0.0,43.03666666666667,55.88758389242939,0,1,0
2026-07-22 06:45:00,232.2,52.31,53.8,53.58,54.97,47.59,49.07,50.98,52.43,50.11,51.54,24.26,25.18,20.16,18.46,0.0,69.39,True,6,45,22,7,2,106.2,22.91,120.43666666666667,105.36881907534757,0,1,0
2026-07-22 07:00:00,386.4,84.02,85.56,85.8,87.38,78.24,80.37,83.23,84.76,83.9,85.44,24.31,25.5,30.14,28.27,0.0,77.24,True,7,0,22,7,2,232.2,106.2,241.6,140.33631034055298,1,1,0
2026-07-22 07:15:00,725.4,152.68,154.9,157.14,159.42,144.58,147.37,150.27,152.45,150.46,152.64,25.33,25.73,52.51,49.62,0.0,83.57,True,7,15,22,7,2,386.4,232.2,448.0,252.30434003401527,1,1,0
2026-07-22 07:30:00,1237.8,266.83,270.4,268.28,271.87,220.86,225.41,256.35,259.83,250.14,253.51,25.59,25.81,80.9,76.84,0.25,92.66,True,7,30,22,7,2,725.4,386.4,783.1999999999999,428.6328498843736,1,1,0
2026-07-22 07:45:00,1396.8,298.26,302.59,300.05,304.4,249.95,254.92,286.32,290.47,280.32,284.39,25.93,25.94,89.09,84.23,0.25,95.09,True,7,45,22,7,2,1237.8,725.4,1120.0,350.8591170256233,1,1,0
2026-07-22 08:00:00,1099.8,232.34,235.89,234.56,238.14,205.87,210.67,225.0,228.54,226.03,229.55,25.96,26.11,73.74,70.09,0.5,90.45,True,8,0,22,7,2,1396.8,1237.8,1244.8,148.62368586466974,1,1,0
2026-07-22 08:15:00,1750.2,368.37,373.48,369.37,374.46,326.32,332.41,361.1,366.12,361.41,366.39,26.46,26.12,108.94,105.2,0.5,97.63,True,8,15,22,7,2,1099.8,1396.8,1415.6000000000001,325.60730950026306,1,1,0
2026-07-22 08:30:00,2427.6,503.28,509.6,508.17,514.52,464.89,472.74,489.03,495.23,495.83,502.12,27.74,26.26,157.05,153.27,0.75,94.43,True,8,30,22,7,2,1750.2,1099.8,1759.1999999999998,663.9457507959518,1,1,0
2026-07-22 08:45:00,2007.0,406.38,412.03,413.5,419.16,397.26,404.29,401.87,407.45,413.72,419.37,26.87,26.35,135.91,132.37,0.75,89.89,True,8,45,22,7,2,2427.6,1750.2,2061.6,341.98473650149936,1,1,0
2026-07-22 09:00:00,2980.2,612.4,619.78,619.77,627.22,578.62,588.14,603.55,610.86,613.7,621.06,28.12,26.45,189.95,185.75,1.0,95.99,True,9,0,22,7,2,2007.0,2427.6,2471.6,488.08970486991427,1,1,0
2026-07-22 09:15:00,2926.8,585.64,592.75,604.86,612.13,583.43,593.04,569.55,576.54,588.76,595.91,29.61,26.57,201.35,196.71,1.25,89.47,True,9,15,22,7,2,2980.2,2007.0,2638.0,547.1139186677672,1,1,0
2026-07-22 09:30:00,2239.8,454.9,460.92,465.05,471.09,439.58,447.15,445.59,451.62,454.91,460.93,29.38,26.59,145.59,142.24,1.25,94.61,True,9,30,22,7,2,2926.8,2980.2,2715.6,412.9190235385141,1,1,0
2026-07-22 09:45:00,2364.43,468.88,474.86,483.02,489.18,476.61,484.66,462.52,468.47,480.21,486.33,27.83,26.47,154.81,152.06,1.5,93.34,True,9,45,22,7,2,2239.8,2926.8,2510.3433333333337,366.005840982536,1,1,0
2026-07-22 10:00:00,2397.6,484.36,490.59,498.4,504.81,476.89,484.89,476.3,482.47,487.58,493.91,26.78,26.25,152.71,148.28,1.75,95.54,True,10,0,22,7,2,2364.43,2239.8,2333.943333333333,83.20028625751996,1,1,0
2026-07-22 10:15:00,2682.0,546.89,553.35,559.77,566.34,527.08,535.78,532.47,538.92,541.32,547.76,27.31,26.41,170.75,165.93,2.0,95.79,True,10,15,22,7,2,2397.6,2364.43,2481.3433333333332,174.56341436089482,1,1,0
2026-07-22 10:30:00,3226.2,660.14,667.93,675.79,683.77,614.58,624.66,642.44,650.02,638.44,645.97,28.46,26.59,201.53,196.04,2.0,98.08,True,10,30,22,7,2,2682.0,2397.6,2768.6,421.0334428522281,1,1,0
2026-07-22 10:45:00,3825.6,784.82,794.13,806.99,816.57,732.43,744.18,755.74,764.69,757.69,766.66,30.18,26.94,243.45,235.57,2.5,96.95,True,10,45,22,7,2,3226.2,2682.0,3244.6,572.021992584202,1,1,0
2026-07-22 11:00:00,3151.8,633.27,640.74,655.11,662.86,623.52,633.77,617.49,624.76,631.75,639.2,28.86,26.99,205.49,198.36,2.5,94.12,True,11,0,22,7,2,3825.6,3226.2,3401.2000000000003,369.41894916206064,1,1,0
2026-07-22 11:15:00,3758.14,763.03,772.09,785.02,794.34,722.48,734.17,739.89,748.66,745.85,754.7,29.2,27.15,233.49,217.13,2.75,98.91,True,11,15,22,7,2,3151.8,3825.6,3578.513333333334,371.0807385641766,1,1,0
2026-07-22 11:30:00,4783.2,1009.22,1021.62,1037.07,1049.9,874.87,889.13,954.38,965.92,927.43,938.6,30.0,27.36,295.62,281.05,3.25,99.76,True,11,30,22,7,2,3758.14,3151.8,3897.713333333333,824.6071952956363,1,1,0
2026-07-22 11:45:00,5389.8,1126.41,1140.44,1163.46,1178.28,1025.59,1043.06,1084.06,1097.56,1069.56,1082.93,33.09,27.69,343.41,328.79,3.5,98.0,True,11,45,22,7,2,4783.2,3758.14,4643.713333333333,824.7247944213503,1,1,0
2026-07-22 12:00:00,8244.69,1692.88,1718.14,1718.55,1744.19,1552.51,1582.04,1635.68,1659.08,1671.21,1695.7,37.98,28.27,550.78,538.03,4.25,95.39,True,12,0,22,7,2,5389.8,4783.2,6139.2300000000005,1848.4350810077187,1,0,1
2026-07-22 12:15:00,6454.2,1318.17,1335.44,1331.97,1349.43,1225.42,1247.05,1278.69,1295.0,1316.42,1333.68,37.94,28.54,432.71,427.45,4.5,95.04,True,12,15,22,7,2,8244.69,5389.8,6696.2300000000005,1442.7519255575485,1,0,1
2026-07-22 12:30:00,4597.8,945.16,956.93,956.67,968.53,874.41,889.18,904.35,915.62,928.15,939.65,34.36,28.36,306.66,302.25,5.0,94.11,True,12,30,22,7,2,6454.2,8244.69,6432.2300000000005,1823.5442628847848,1,0,1
2026-07-22 12:45:00,1528.2,303.61,308.01,299.31,303.65,289.8,295.36,302.79,307.18,323.24,327.87,29.42,27.68,98.19,100.67,5.0,95.72,True,12,45,22,7,2,4597.8,6454.2,4193.400000000001,2487.7748129603697,1,0,1
2026-07-22 13:00:00,2178.0,453.43,459.22,452.57,458.39,418.26,425.69,447.13,452.91,457.99,463.74,27.49,27.18,134.04,135.74,5.25,99.16,True,13,0,22,7,2,1528.2,4597.8,2768.0,1617.6173960488923,1,0,1
2026-07-22 13:15:00,3876.0,803.96,814.09,806.54,816.69,711.76,723.76,780.04,789.81,786.33,796.24,28.43,27.49,228.02,223.32,5.5,104.13,True,13,15,22,7,2,2178.0,1528.2,2527.4,1212.2712072799538,1,0,1
2026-07-22 13:30:00,5203.8,1049.77,1062.99,1071.67,1085.34,1032.12,1049.45,1024.82,1037.05,1061.87,1075.34,33.27,28.1,348.37,339.77,5.75,93.34,True,13,30,22,7,2,3876.0,2178.0,3752.6,1516.6697333302334,1,0,1
2026-07-22 13:45:00,5416.8,1085.56,1099.24,1107.55,1121.68,1086.26,1104.7,1068.14,1081.54,1114.29,1128.51,35.08,28.34,367.7,361.12,6.25,92.75,True,13,45,22,7,2,5203.8,3876.0,4832.2,834.9138159115614,1,0,1
2026-07-22 14:00:00,4833.0,964.48,976.41,986.36,998.56,965.74,982.01,939.94,951.56,988.11,1000.34,35.35,28.48,345.73,342.37,6.5,88.11,True,14,0,22,7,2,5416.8,5203.8,5151.2,295.433038098324,1,0,1
2026-07-22 14:15:00,3561.6,727.47,736.18,741.82,750.71,697.72,709.1,713.08,721.66,729.94,738.73,32.8,28.38,233.87,230.71,6.75,94.98,True,14,15,22,7,2,4833.0,5416.8,4603.8,948.5996204932845,1,0,1
2026-07-22 14:30:00,4362.0,874.86,885.29,889.16,899.75,870.83,885.17,863.69,873.98,901.73,912.48,31.77,28.32,288.02,288.87,7.0,94.05,True,14,30,22,7,2,3561.6,4833.0,4252.2,642.7725258596555,1,0,1
2026-07-22 14:45:00,4802.14,960.86,972.33,973.32,984.94,955.44,971.25,944.94,956.23,989.82,1001.64,30.42,28.27,317.03,317.73,7.25,93.55,True,14,45,22,7,2,4362.0,3561.6,4241.913333333334,628.9280392328959,1,0,1
2026-07-22 15:00:00,5083.8,1020.15,1032.63,1030.77,1043.38,1009.12,1026.0,1004.25,1016.48,1050.05,1062.96,30.11,28.06,334.61,334.76,7.75,93.71,True,15,0,22,7,2,4802.14,4362.0,4749.3133333333335,363.7881286316777,1,0,1
2026-07-22 15:15:00,5424.0,1080.41,1093.87,1103.01,1116.84,1084.53,1102.95,1060.86,1074.08,1112.51,1126.49,30.75,28.26,371.69,370.41,8.0,90.25,True,15,15,22,7,2,5083.8,4802.14,5103.3133333333335,311.3888927584602,1,0,1
2026-07-22 15:30:00,4594.2,914.65,925.57,932.33,943.46,924.31,939.52,899.05,909.78,945.12,956.41,30.81,28.25,315.45,314.82,8.5,90.09,True,15,30,22,7,2,5424.0,5083.8,5034.0,417.13551754796225,1,0,1
2026-07-22 15:45:00,3877.8,777.53,786.77,794.7,804.14,771.12,783.59,759.67,768.68,792.44,801.86,29.78,28.08,264.07,260.3,8.75,90.46,True,15,45,22,7,2,4594.2,5424.0,4632.0,773.7927629540119,1,0,1
2026-07-22 16:00:00,2872.8,584.7,591.81,596.78,603.98,544.51,553.56,559.95,566.74,574.0,580.97,29.0,27.96,185.27,181.93,9.0,95.21,True,16,0,22,7,2,3877.8,4594.2,3781.6,864.7226838703833,1,0,1
2026-07-22 16:15:00,1446.0,296.66,301.11,305.25,309.66,281.67,287.31,282.77,287.05,290.6,294.96,28.05,27.83,97.74,94.37,9.0,90.49,True,16,15,22,7,2,2872.8,3877.8,2732.2000000000003,1221.9816201563729,1,0,1
2026-07-22 16:30:00,1300.2,267.42,271.3,271.86,275.8,251.14,256.23,258.17,261.91,264.4,268.24,26.74,27.06,86.4,84.1,9.0,91.56,True,16,30,22,7,2,1446.0,2872.8,1873.0,868.9156690956779,1,0,1
2026-07-22 16:45:00,892.8,189.12,192.71,190.29,193.86,170.89,175.42,180.71,184.18,183.22,186.74,26.82,27.4,64.17,62.15,9.25,84.68,True,16,45,22,7,2,1300.2,1446.0,1213.0,286.72362999931954,1,0,1
2026-07-22 17:00:00,969.6,208.12,211.72,208.24,211.84,181.72,186.29,200.02,203.51,199.38,202.89,27.06,27.47,65.94,63.6,9.25,89.59,True,17,0,22,7,2,892.8,1300.2,1054.2,216.4753103704578,1,0,1
2026-07-22 17:15:00,1016.36,211.56,215.18,212.81,216.42,197.17,201.92,203.46,207.09,209.12,212.78,26.93,27.58,72.19,70.14,9.25,85.72,True,17,15,22,7,2,969.6,892.8,959.5866666666667,62.38564364754908,1,0,1
2026-07-22 17:30:00,951.6,197.4,201.27,199.54,203.37,187.35,192.05,191.49,195.27,197.26,201.13,27.59,27.62,67.98,64.99,9.25,85.46,True,17,30,22,7,2,1016.36,969.6,979.1866666666666,33.42742187664277,1,0,1
2026-07-22 17:45:00,898.2,185.38,188.9,189.36,192.81,179.12,183.73,179.29,182.83,185.85,189.41,28.02,27.77,67.21,64.03,9.5,81.73,True,17,45,22,7,2,951.6,1016.36,955.3866666666668,59.17094331949554,1,0,1
2026-07-22 18:00:00,678.0,141.01,143.8,143.66,146.5,137.37,141.43,136.8,139.51,142.47,145.29,27.64,27.69,51.76,49.46,9.5,79.98,True,18,0,22,7,2,898.2,951.6,842.6,145.02675615204652,1,0,1
2026-07-22 18:15:00,474.0,99.16,102.43,100.45,103.69,97.59,100.62,97.14,100.47,101.05,104.31,26.93,27.42,38.38,36.79,9.5,75.2,True,18,15,22,7,2,678.0,898.2,683.4000000000001,212.1515496054283,1,0,1
2026-07-22 18:30:00,328.5,69.52,72.2,70.39,73.11,67.57,69.69,67.31,69.91,69.82,72.51,26.34,27.18,28.43,27.16,9.5,70.18,True,18,30,22,7,2,474.0,678.0,493.5,175.5640908613823,1,0,1
2026-07-22 18:45:00,80.31,19.02,19.76,18.79,19.52,19.67,20.35,17.68,18.36,19.27,20.01,26.29,27.12,11.32,10.23,9.5,43.07,True,18,45,22,7,2,328.5,474.0,294.27,199.06462191957388,0,0,1
2026-07-22 19:00:00,0.0,0.13,0.13,0.05,0.05,0.36,0.39,0.18,0.18,0.15,0.15,26.08,27.21,1.37,0.85,9.5,0.0,True,19,0,22,7,2,80.31,328.5,136.27,171.2504122622256,0,0,1
2026-07-22 19:15:00,0.0,0.0,0.0,0.0,0.0,0.0,0.0,0.0,0.0,0.0,0.0,26.04,27.24,0.13,0.12,9.5,0.0,True,19,15,22,7,2,0.0,80.31,26.77,46.367000118422375,0,0,1
2026-07-22 19:30:00,0.0,0.0,0.0,0.0,0.0,0.0,0.0,0.0,0.0,0.0,0.0,25.23,27.18,0.13,0.1,9.5,0.0,True,19,30,22,7,2,0.0,0.0,0.0,0.0,0,0,1
2026-07-22 19:45:00,0.0,0.0,0.0,0.0,0.0,0.0,0.0,0.0,0.0,0.0,0.0,25.9,27.17,0.15,0.13,9.5,0.0,True,19,45,22,7,2,0.0,0.0,0.0,0.0,0,0,1
2026-07-22 20:00:00,0.0,0.0,0.0,0.0,0.0,0.0,0.0,0.0,0.0,0.0,0.0,25.53,27.01,0.16,0.13,9.5,0.0,True,20,0,22,7,2,0.0,0.0,0.0,0.0,0,0,1
2026-07-22 20:15:00,0.0,0.0,0.0,0.0,0.0,0.0,0.0,0.0,0.0,0.0,0.0,24.89,26.95,0.15,0.11,9.5,0.0,True,20,15,22,7,2,0.0,0.0,0.0,0.0,0,0,1
2026-07-22 20:30:00,0.0,0.0,0.0,0.0,0.0,0.0,0.0,0.0,0.0,0.0,0.0,25.95,26.85,0.13,0.11,9.5,0.0,True,20,30,22,7,2,0.0,0.0,0.0,0.0,0,0,1
2026-07-22 20:45:00,0.0,0.0,0.0,0.0,0.0,0.0,0.0,0.0,0.0,0.0,0.0,25.7,26.78,0.11,0.1,9.5,0.0,True,20,45,22,7,2,0.0,0.0,0.0,0.0,0,0,1
2026-07-22 21:00:00,0.0,0.0,0.0,0.0,0.0,0.0,0.0,0.0,0.0,0.0,0.0,25.21,26.83,0.16,0.13,9.5,0.0,True,21,0,22,7,2,0.0,0.0,0.0,0.0,0,0,1
2026-07-22 21:15:00,0.0,0.0,0.0,0.0,0.0,0.0,0.0,0.0,0.0,0.0,0.0,24.95,26.76,0.15,0.11,9.5,0.0,True,21,15,22,7,2,0.0,0.0,0.0,0.0,0,0,1
2026-07-22 21:30:00,0.0,0.0,0.0,0.0,0.0,0.0,0.0,0.0,0.0,0.0,0.0,25.5,26.82,0.22,0.13,9.5,0.0,True,21,30,22,7,2,0.0,0.0,0.0,0.0,0,0,1
2026-07-22 21:45:00,0.0,0.0,0.0,0.0,0.0,0.0,0.0,0.0,0.0,0.0,0.0,25.73,26.86,0.18,0.15,9.5,0.0,True,21,45,22,7,2,0.0,0.0,0.0,0.0,0,0,1
2026-07-22 22:00:00,0.0,0.0,0.0,0.0,0.0,0.0,0.0,0.0,0.0,0.0,0.0,25.9,26.87,0.98,0.17,9.5,0.0,True,22,0,22,7,2,0.0,0.0,0.0,0.0,0,0,1
2026-07-22 22:15:00,0.0,0.0,0.0,0.0,0.0,0.0,0.0,0.0,0.0,0.0,0.0,25.39,26.93,0.21,0.13,9.5,0.0,True,22,15,22,7,2,0.0,0.0,0.0,0.0,0,0,1
2026-07-22 22:30:00,0.0,0.0,0.0,0.0,0.0,0.0,0.0,0.0,0.0,0.0,0.0,25.49,26.83,0.16,0.13,9.5,0.0,True,22,30,22,7,2,0.0,0.0,0.0,0.0,0,0,1
2026-07-22 22:45:00,0.0,0.0,0.0,0.0,0.0,0.0,0.0,0.0,0.0,0.0,0.0,24.66,25.54,0.15,0.17,9.5,0.0,True,22,45,22,7,2,0.0,0.0,0.0,0.0,0,0,1
2026-07-22 23:00:00,0.0,0.0,0.0,0.0,0.0,0.0,0.0,0.0,0.0,0.0,0.0,23.43,24.15,0.2,0.19,9.5,0.0,True,23,0,22,7,2,0.0,0.0,0.0,0.0,0,0,1
2026-07-22 23:15:00,0.0,0.0,0.0,0.0,0.0,0.0,0.0,0.0,0.0,0.0,0.0,23.08,24.17,0.25,0.2,9.5,0.0,True,23,15,22,7,2,0.0,0.0,0.0,0.0,0,0,1
2026-07-22 23:30:00,0.0,0.0,0.0,0.0,0.0,0.0,0.0,0.0,0.0,0.0,0.0,23.0,24.12,0.23,0.27,9.5,0.0,True,23,30,22,7,2,0.0,0.0,0.0,0.0,0,0,1
2026-07-22 23:45:00,0.0,0.0,0.0,0.0,0.0,0.0,0.0,0.0,0.0,0.0,0.0,22.85,24.21,1.1,1.19,9.5,0.0,True,23,45,22,7,2,0.0,0.0,0.0,0.0,0,0,1
2026-07-23 00:15:00,0.0,0.0,0.0,0.0,0.0,0.0,0.0,0.0,0.0,0.0,0.0,22.68,25.04,2.87,1.5,0.0,0.0,True,0,15,23,7,3,0.0,0.0,0.0,0.0,0,1,0
2026-07-23 00:30:00,0.0,0.0,0.0,0.0,0.0,0.0,0.0,0.0,0.0,0.0,0.0,24.39,25.89,4.11,1.45,0.0,0.0,True,0,30,23,7,3,0.0,0.0,0.0,0.0,0,1,0
2026-07-23 00:45:00,0.0,0.0,0.0,0.0,0.0,0.0,0.0,0.0,0.0,0.0,0.0,25.22,26.22,3.86,0.45,0.0,0.0,True,0,45,23,7,3,0.0,0.0,0.0,0.0,0,1,0
2026-07-23 01:00:00,0.0,0.0,0.0,0.0,0.0,0.0,0.0,0.0,0.0,0.0,0.0,25.28,25.88,2.9,0.13,0.0,0.0,True,1,0,23,7,3,0.0,0.0,0.0,0.0,0,1,0
2026-07-23 01:15:00,0.0,0.0,0.0,0.0,0.0,0.0,0.0,0.0,0.0,0.0,0.0,24.84,25.52,1.91,0.13,0.0,0.0,True,1,15,23,7,3,0.0,0.0,0.0,0.0,0,1,0
2026-07-23 01:30:00,0.0,0.0,0.0,0.0,0.0,0.0,0.0,0.0,0.0,0.0,0.0,24.73,25.39,1.52,0.13,0.0,0.0,True,1,30,23,7,3,0.0,0.0,0.0,0.0,0,1,0
2026-07-23 01:45:00,0.0,0.0,0.0,0.0,0.0,0.0,0.0,0.0,0.0,0.0,0.0,24.33,25.43,0.54,0.11,0.0,0.0,True,1,45,23,7,3,0.0,0.0,0.0,0.0,0,1,0
2026-07-23 02:00:00,0.0,0.0,0.0,0.0,0.0,0.0,0.0,0.0,0.0,0.0,0.0,24.01,24.75,0.31,0.12,0.0,0.0,True,2,0,23,7,3,0.0,0.0,0.0,0.0,0,1,0
2026-07-23 02:15:00,0.0,0.0,0.0,0.0,0.0,0.0,0.0,0.0,0.0,0.0,0.0,23.37,23.98,0.19,0.12,0.0,0.0,True,2,15,23,7,3,0.0,0.0,0.0,0.0,0,1,0
2026-07-23 02:30:00,0.0,0.0,0.0,0.0,0.0,0.0,0.0,0.0,0.0,0.0,0.0,23.09,23.87,0.2,0.12,0.0,0.0,True,2,30,23,7,3,0.0,0.0,0.0,0.0,0,1,0
2026-07-23 02:45:00,0.0,0.0,0.0,0.0,0.0,0.0,0.0,0.0,0.0,0.0,0.0,22.96,23.95,0.18,0.11,0.0,0.0,True,2,45,23,7,3,0.0,0.0,0.0,0.0,0,1,0
2026-07-23 03:00:00,0.0,0.0,0.0,0.0,0.0,0.0,0.0,0.0,0.0,0.0,0.0,23.24,24.02,0.23,0.14,0.0,0.0,True,3,0,23,7,3,0.0,0.0,0.0,0.0,0,1,0
2026-07-23 03:15:00,0.0,0.0,0.0,0.0,0.0,0.0,0.0,0.0,0.0,0.0,0.0,23.02,24.02,0.23,0.14,0.0,0.0,True,3,15,23,7,3,0.0,0.0,0.0,0.0,0,1,0
2026-07-23 03:30:00,0.0,0.0,0.0,0.0,0.0,0.0,0.0,0.0,0.0,0.0,0.0,22.23,23.85,0.17,0.09,0.0,0.0,True,3,30,23,7,3,0.0,0.0,0.0,0.0,0,1,0
2026-07-23 03:45:00,0.0,0.0,0.0,0.0,0.0,0.0,0.0,0.0,0.0,0.0,0.0,22.54,23.78,0.22,0.12,0.0,0.0,True,3,45,23,7,3,0.0,0.0,0.0,0.0,0,1,0
2026-07-23 04:00:00,0.0,0.0,0.0,0.0,0.0,0.0,0.0,0.0,0.0,0.0,0.0,22.52,23.75,0.19,0.12,0.0,0.0,True,4,0,23,7,3,0.0,0.0,0.0,0.0,0,1,0
2026-07-23 04:15:00,0.0,0.0,0.0,0.0,0.0,0.0,0.0,0.0,0.0,0.0,0.0,23.13,23.77,0.2,0.13,0.0,0.0,True,4,15,23,7,3,0.0,0.0,0.0,0.0,0,1,0
2026-07-23 04:30:00,0.0,0.0,0.0,0.0,0.0,0.0,0.0,0.0,0.0,0.0,0.0,23.27,23.79,0.21,0.14,0.0,0.0,True,4,30,23,7,3,0.0,0.0,0.0,0.0,0,1,0
2026-07-23 04:45:00,0.0,0.0,0.0,0.0,0.0,0.0,0.0,0.0,0.0,0.0,0.0,23.21,23.79,0.22,0.14,0.0,0.0,True,4,45,23,7,3,0.0,0.0,0.0,0.0,0,1,0
2026-07-23 05:00:00,0.0,0.0,0.0,0.0,0.0,0.0,0.0,0.0,0.0,0.0,0.0,23.0,23.82,0.22,0.13,0.0,0.0,True,5,0,23,7,3,0.0,0.0,0.0,0.0,0,1,0
2026-07-23 05:15:00,0.0,0.0,0.0,0.0,0.0,0.0,0.0,0.0,0.0,0.0,0.0,22.93,23.9,0.22,0.14,0.0,0.0,True,5,15,23,7,3,0.0,0.0,0.0,0.0,0,1,0
2026-07-23 05:30:00,0.0,0.0,0.0,0.0,0.0,0.0,0.0,0.0,0.0,0.0,0.0,23.34,23.98,0.21,0.13,0.0,0.0,True,5,30,23,7,3,0.0,0.0,0.0,0.0,0,1,0
2026-07-23 05:45:00,0.0,0.0,0.0,0.0,0.0,0.0,0.0,0.0,0.0,0.0,0.0,22.9,24.06,0.65,0.16,0.0,0.0,True,5,45,23,7,3,0.0,0.0,0.0,0.0,0,1,0
2026-07-23 06:00:00,18.0,0.0,0.0,0.0,0.0,6.01,6.22,6.37,6.61,6.9,7.17,22.86,24.09,3.6,2.79,0.0,29.95,True,6,0,23,7,3,0.0,0.0,6.0,10.392304845413264,0,1,0
2026-07-23 06:15:00,108.6,0.0,0.0,6.28,6.4,44.5,45.85,48.43,49.78,49.79,51.18,23.54,24.23,17.81,16.75,0.0,36.63,True,6,15,23,7,3,18.0,0.0,42.199999999999996,58.204123565259536,0,1,0
2026-07-23 06:30:00,561.21,113.82,115.51,129.03,131.0,122.68,125.23,126.06,127.98,129.86,131.84,24.23,24.4,45.29,44.36,0.0,74.64,True,6,30,23,7,3,108.6,18.0,229.27,291.01582895093526,1,1,0
2026-07-23 06:45:00,1357.8,286.76,290.75,295.08,299.17,279.08,284.45,285.72,289.69,292.47,296.54,24.8,24.69,96.13,94.53,0.25,85.27,True,6,45,23,7,3,561.21,108.6,675.87,632.4439474767705,1,1,0
2026-07-23 07:00:00,2001.86,404.05,409.73,416.06,421.76,415.68,422.95,397.44,403.1,406.69,412.4,26.26,25.11,143.65,139.7,0.25,84.62,True,7,0,23,7,3,1357.8,561.21,1306.9566666666667,721.669515106003,1,1,0
2026-07-23 07:15:00,2025.0,402.91,408.44,409.93,415.56,416.17,423.4,394.49,399.95,417.06,422.78,28.2,25.57,150.55,147.2,0.5,82.32,True,7,15,23,7,3,2001.86,1357.8,1794.8866666666665,378.7049386175652,1,1,0
2026-07-23 07:30:00,1852.07,371.16,376.54,378.82,384.31,380.89,387.72,366.29,371.61,387.38,393.0,28.2,25.82,137.65,137.12,0.5,82.35,True,7,30,23,7,3,2025.0,2001.86,1959.6433333333332,93.87694835972158,1,1,0
2026-07-23 07:45:00,1798.2,366.12,371.34,371.72,377.02,365.74,372.34,362.88,368.05,380.3,385.66,28.3,26.02,134.96,134.33,0.75,81.58,True,7,45,23,7,3,1852.07,2025.0,1891.756666666667,118.49402361863581,1,1,0
2026-07-23 08:00:00,2923.2,593.81,600.8,602.03,609.12,586.4,596.07,587.28,594.26,617.15,624.42,29.03,26.34,205.47,204.41,1.0,87.36,True,8,0,23,7,3,1798.2,1852.07,2191.1566666666663,634.5400504564969,1,1,0
2026-07-23 08:15:00,2943.6,580.1,586.91,588.14,595.05,595.82,605.64,576.44,583.21,612.04,619.23,30.48,26.68,213.76,214.87,1.25,85.07,True,8,15,23,7,3,2923.2,1798.2,2555.0,655.48739118308,1,1,0
2026-07-23 08:30:00,3349.2,678.86,686.89,695.08,703.31,684.45,695.58,676.98,684.99,709.57,717.99,30.54,26.78,236.02,234.15,1.25,87.68,True,8,30,23,7,3,2943.6,2923.2,3072.0,240.27883801949784,1,1,0
2026-07-23 08:45:00,4773.86,943.81,955.3,970.21,982.09,1012.9,1029.91,945.18,956.69,1002.35,1014.6,31.57,27.18,346.85,344.6,1.75,85.4,True,8,45,23,7,3,3349.2,2943.6,3688.8866666666668,961.2508468310095,1,1,0
2026-07-23 09:00:00,4672.8,915.31,926.3,935.01,946.23,952.78,968.56,900.74,911.49,943.13,954.45,33.24,27.44,342.96,342.04,2.0,85.13,True,9,0,23,7,3,4773.86,3349.2,4265.286666666666,794.9618648295858,1,1,0
2026-07-23 09:15:00,4725.6,963.78,975.41,979.09,990.95,955.44,971.26,954.67,966.13,993.07,1005.22,33.63,27.53,331.29,330.06,2.25,89.26,True,9,15,23,7,3,4672.8,4773.86,4724.086666666667,50.54699331644068,1,1,0
2026-07-23 09:30:00,4514.4,910.65,921.52,918.8,929.77,871.15,885.34,888.18,898.77,908.46,919.3,33.76,27.82,312.02,310.83,2.75,90.59,True,9,30,23,7,3,4725.6,4672.8,4637.599999999999,109.91196477180794,1,1,0
2026-07-23 09:45:00,5339.57,1097.64,1111.37,1122.0,1136.07,1034.92,1052.36,1075.71,1089.06,1094.88,1108.56,33.98,27.96,352.95,347.24,3.0,94.81,True,9,45,23,7,3,4514.4,4725.6,4859.856666666667,428.65489806292,1,1,0
2026-07-23 10:00:00,5845.8,1194.37,1209.61,1212.01,1227.48,1144.81,1164.47,1165.5,1180.38,1186.8,1201.94,35.48,28.33,404.02,399.24,3.5,91.24,True,10,0,23,7,3,5339.57,4514.4,5233.256666666665,672.0367427703138,1,1,0
2026-07-23 10:15:00,6011.31,1210.97,1226.43,1224.73,1240.36,1125.68,1144.95,1180.07,1195.13,1187.3,1202.45,35.25,28.46,399.35,393.24,3.75,94.83,True,10,15,23,7,3,5845.8,5339.57,5732.2266666666665,349.9754754741155,1,1,0
2026-07-23 10:30:00,5751.6,1203.39,1218.75,1216.59,1232.12,1098.57,1117.29,1164.44,1179.25,1170.3,1185.24,33.81,28.46,378.46,371.01,4.25,95.17,True,10,30,23,7,3,6011.31,5845.8,5869.57,131.4765404929708,1,1,0
2026-07-23 10:45:00,8187.6,1662.41,1686.08,1704.17,1728.55,1665.45,1698.32,1648.37,1671.96,1722.4,1747.08,35.8,28.84,583.2,573.49,4.75,88.65,True,10,45,23,7,3,5751.6,6011.31,6650.170000000001,1337.7707481852033,1,1,0
2026-07-23 11:00:00,7715.4,1515.54,1536.18,1544.66,1565.68,1573.87,1604.19,1486.56,1506.58,1566.0,1587.47,39.5,29.19,568.78,566.25,5.25,87.01,True,11,0,23,7,3,8187.6,5751.6,7218.2,1291.8706901234339,1,1,0
2026-07-23 11:15:00,7692.6,1577.72,1599.55,1605.07,1627.62,1531.83,1560.81,1542.2,1563.31,1592.7,1614.72,38.03,29.18,534.86,530.33,5.75,91.68,True,11,15,23,7,3,7715.4,8187.6,7865.2,279.43922416152776,1,1,0
2026-07-23 11:30:00,9273.0,1814.55,1841.62,1885.9,1914.04,1922.83,1962.78,1792.98,1819.73,1897.15,1925.46,39.63,29.56,683.35,679.02,6.5,87.08,True,11,30,23,7,3,7692.6,7715.4,8227.0,905.934302253754,1,1,0
2026-07-23 11:45:00,8950.2,1766.35,1792.7,1809.72,1836.72,1838.45,1875.96,1749.75,1775.85,1849.36,1876.95,40.26,29.8,673.33,668.74,7.25,85.53,True,11,45,23,7,3,9273.0,7692.6,8638.6,835.0071616459326,1,1,0
2026-07-23 12:00:00,8558.36,1690.7,1715.92,1720.97,1746.64,1711.65,1745.52,1661.87,1686.44,1738.97,1764.92,40.23,29.95,627.93,623.11,7.75,87.69,True,12,0,23,7,3,8950.2,9273.0,8927.186666666666,357.8753868783512,1,0,1
2026-07-23 12:15:00,8840.77,1787.05,1813.71,1821.47,1848.64,1769.38,1804.96,1760.02,1786.05,1838.5,1865.93,40.28,30.15,639.55,635.27,8.25,88.95,True,12,15,23,7,3,8558.36,8950.2,8783.11,202.18346396279816,1,0,1
2026-07-23 12:30:00,8364.0,1658.16,1682.9,1687.57,1712.74,1702.4,1735.99,1650.74,1675.36,1759.48,1785.73,41.17,30.25,620.2,616.89,9.0,87.11,True,12,30,23,7,3,8840.77,8558.36,8587.71,239.7362615458817,1,0,1
2026-07-23 12:45:00,8620.71,1714.52,1740.09,1754.36,1780.53,1741.3,1776.01,1690.94,1716.16,1787.61,1814.28,40.93,30.3,631.39,624.0,9.5,88.11,True,12,45,23,7,3,8364.0,8840.77,8608.493333333332,238.61966271313182,1,0,1
2026-07-23 13:00:00,9815.4,1991.42,2022.15,2032.58,2063.95,1993.19,2035.27,1962.53,1992.25,2056.81,2088.7,42.12,30.76,722.16,712.81,10.25,88.16,True,13,0,23,7,3,8620.71,8364.0,8933.369999999999,774.5693620974148,1,0,1
2026-07-23 13:15:00,8743.2,1809.4,1836.7,1829.25,1856.85,1578.65,1609.23,1701.6,1725.96,1694.97,1718.86,42.63,30.77,601.49,591.01,10.75,94.49,True,13,15,23,7,3,9815.4,8620.71,9059.769999999999,657.2544961428534,1,0,1
2026-07-23 13:30:00,7337.4,1565.71,1587.31,1585.14,1607.11,1344.16,1368.39,1482.63,1502.53,1468.21,1487.91,39.45,30.6,476.53,461.41,11.25,98.74,True,13,30,23,7,3,8743.2,9815.4,8632.0,1242.7369311322475,1,0,1
2026-07-23 13:45:00,9360.0,1878.33,1906.43,1888.52,1916.77,1746.23,1781.26,1850.86,1878.58,1881.71,1909.86,40.42,30.84,645.18,632.84,12.0,93.42,True,13,45,23,7,3,7337.4,8743.2,8480.199999999999,1036.6312941446424,1,0,1
2026-07-23 14:00:00,6562.2,1293.68,1310.91,1292.81,1309.9,1229.31,1251.33,1248.1,1264.71,1293.23,1310.71,40.38,30.89,459.61,456.94,12.5,91.92,True,14,0,23,7,3,9360.0,7337.4,7753.2,1444.502834888183,1,0,1
2026-07-23 14:15:00,1854.6,323.4,327.97,326.67,331.29,377.53,384.43,320.96,325.57,353.69,358.63,35.25,30.27,142.42,146.73,12.5,82.04,True,14,15,23,7,3,6562.2,9360.0,5925.599999999999,3792.9806168763903,1,0,1
2026-07-23 14:30:00,628.8,130.42,133.37,133.89,136.92,131.19,135.07,129.45,132.38,136.26,139.14,29.32,29.24,42.34,43.04,12.5,91.3,True,14,30,23,7,3,1854.6,6562.2,3015.1999999999994,3132.3398857722973,1,0,1
2026-07-23 14:45:00,1014.0,205.04,208.55,213.63,217.28,213.78,218.61,201.35,204.94,211.97,215.6,27.49,28.82,72.07,68.9,12.75,85.87,True,14,45,23,7,3,628.8,1854.6,1165.7999999999993,626.8403624528445,1,0,1
2026-07-23 15:00:00,1117.8,227.21,230.9,229.55,233.28,225.18,230.13,224.26,227.87,235.43,239.25,28.7,29.01,80.29,77.33,12.75,85.38,True,15,0,23,7,3,1014.0,628.8,920.1999999999994,257.6413786642475,1,0,1
2026-07-23 15:15:00,2344.2,511.07,517.29,522.0,528.35,446.6,454.3,494.81,500.97,500.37,506.48,29.61,29.23,147.7,140.97,13.0,97.69,True,15,15,23,7,3,1117.8,1014.0,1491.9999999999993,739.8494711764095,1,0,1
2026-07-23 15:30:00,3335.4,681.15,689.2,686.04,694.15,644.32,654.82,671.05,678.97,702.4,710.71,32.97,29.8,229.3,222.37,13.25,90.78,True,15,30,23,7,3,2344.2,1117.8,2265.7999999999993,1110.8768428588344,1,0,1
2026-07-23 15:45:00,2955.6,609.73,616.9,592.77,599.73,537.77,546.64,602.09,609.17,634.69,642.18,34.0,30.09,195.84,198.25,13.25,94.59,True,15,45,23,7,3,3335.4,2344.2,2878.399999999999,500.08923203765363,1,0,1
2026-07-23 16:00:00,2327.4,461.7,467.7,459.57,465.56,442.15,449.77,459.54,465.51,485.45,491.6,32.43,29.9,157.65,158.73,13.5,91.93,True,16,0,23,7,3,2955.6,3335.4,2872.7999999999993,509.0755150270046,1,0,1
2026-07-23 16:15:00,2023.2,410.59,416.12,409.59,415.14,394.32,401.28,403.56,409.07,422.33,428.05,32.02,29.7,146.23,144.56,13.75,86.01,True,16,15,23,7,3,2327.4,2955.6,2435.3999999999996,475.48968443070424,1,0,1
2026-07-23 16:30:00,4938.6,1038.58,1051.64,1082.59,1096.57,998.64,1016.29,1003.4,1015.97,1078.26,1092.58,33.13,29.92,366.56,352.6,14.0,84.14,True,16,30,23,7,3,2023.2,2327.4,3096.3999999999996,1602.6259825673642,1,0,1
2026-07-23 16:45:00,3619.2,705.61,714.18,684.7,692.89,656.33,667.05,697.55,706.02,734.73,743.7,35.29,30.4,264.39,257.61,14.25,86.26,True,16,45,23,7,3,4938.6,2023.2,3527.0,1459.8852420652827,1,0,1
2026-07-23 17:00:00,1257.6,249.31,253.47,252.39,256.55,231.92,237.04,234.91,238.93,236.76,240.77,33.15,30.05,91.14,89.66,14.25,86.18,True,17,0,23,7,3,3619.2,4938.6,3271.7999999999993,1864.927698330423,1,0,1
2026-07-23 17:15:00,985.8,222.63,226.42,227.15,230.94,182.4,186.97,210.7,214.35,204.72,208.28,30.89,29.81,64.82,61.12,14.5,94.11,True,17,15,23,7,3,1257.6,3619.2,1954.1999999999991,1448.3223260034395,1,0,1
2026-07-23 17:30:00,1168.2,240.68,244.56,243.67,247.59,202.38,207.09,221.94,225.65,216.56,220.17,30.3,29.77,79.55,75.67,14.5,90.65,True,17,30,23,7,3,985.8,1257.6,1137.1999999999994,138.526387378059,1,0,1
2026-07-23 17:45:00,573.0,119.25,121.8,121.66,124.07,110.23,113.63,113.34,115.89,114.85,117.31,30.0,29.62,42.86,41.28,14.5,82.43,True,17,45,23,7,3,1168.2,985.8,908.9999999999994,304.9416993459847,1,0,1
2026-07-23 18:00:00,412.07,88.74,92.17,90.19,93.41,79.97,82.47,84.32,87.58,85.14,88.43,29.15,29.51,32.46,31.16,14.5,78.0,True,18,0,23,7,3,573.0,1168.2,717.7566666666661,398.3076871381608,1,0,1
2026-07-23 18:15:00,191.57,39.96,41.51,40.42,41.99,38.41,39.66,37.1,38.53,37.74,39.2,28.73,29.42,17.86,16.97,14.5,65.79,True,18,15,23,7,3,412.07,573.0,392.2133333333327,191.48871150371323,0,0,1
2026-07-23 18:30:00,50.4,14.09,14.63,13.07,13.58,14.89,15.42,13.04,13.54,14.21,14.76,28.91,29.24,8.28,7.65,14.5,37.37,True,18,30,23,7,3,191.57,412.07,218.01333333333272,182.279276478027,0,0,1
2026-07-23 18:45:00,0.0,1.19,1.23,0.64,0.66,3.78,3.95,2.08,2.16,2.3,2.39,28.05,29.2,3.59,2.91,14.5,0.0,True,18,45,23,7,3,50.4,191.57,80.65666666666606,99.30440893209902,0,0,1
2026-07-23 19:00:00,0.0,0.0,0.0,0.0,0.0,0.19,0.21,0.0,0.0,0.0,0.0,28.02,29.06,0.91,0.41,14.5,0.0,True,19,0,23,7,3,0.0,50.4,16.799999999999393,29.098453567508855,0,0,1
2026-07-23 19:15:00,0.0,0.0,0.0,0.0,0.0,0.0,0.0,0.0,0.0,0.0,0.0,27.9,29.08,0.12,0.09,14.5,0.0,True,19,15,23,7,3,0.0,0.0,0.0,0.00014330325164435074,0,0,1
2026-07-23 19:30:00,0.0,0.0,0.0,0.0,0.0,0.0,0.0,0.0,0.0,0.0,0.0,27.42,28.68,0.11,0.08,14.5,0.0,True,19,30,23,7,3,0.0,0.0,0.0,0.00014330325164435074,0,0,1
2026-07-23 19:45:00,0.0,0.0,0.0,0.0,0.0,0.0,0.0,0.0,0.0,0.0,0.0,26.91,28.49,0.11,0.08,14.5,0.0,True,19,45,23,7,3,0.0,0.0,0.0,0.00014330325164435074,0,0,1
2026-07-23 20:00:00,0.0,0.0,0.0,0.0,0.0,0.0,0.0,0.0,0.0,0.0,0.0,26.29,28.61,0.11,0.07,14.5,0.0,True,20,0,23,7,3,0.0,0.0,0.0,0.00014330325164435074,0,0,1
2026-07-23 20:15:00,0.0,0.0,0.0,0.0,0.0,0.0,0.0,0.0,0.0,0.0,0.0,27.02,28.92,0.33,0.08,14.5,0.0,True,20,15,23,7,3,0.0,0.0,0.0,0.00014330325164435074,0,0,1
2026-07-23 20:30:00,0.0,0.0,0.0,0.0,0.0,0.0,0.0,0.0,0.0,0.0,0.0,27.23,28.95,0.16,0.08,14.5,0.0,True,20,30,23,7,3,0.0,0.0,0.0,0.00014330325164435074,0,0,1
2026-07-23 20:45:00,0.0,0.0,0.0,0.0,0.0,0.0,0.0,0.0,0.0,0.0,0.0,27.98,28.88,0.12,0.09,14.5,0.0,True,20,45,23,7,3,0.0,0.0,0.0,0.00014330325164435074,0,0,1
2026-07-23 21:00:00,0.0,0.0,0.0,0.0,0.0,0.0,0.0,0.0,0.0,0.0,0.0,27.28,28.4,0.12,0.09,14.5,0.0,True,21,0,23,7,3,0.0,0.0,0.0,0.00014330325164435074,0,0,1
2026-07-23 21:15:00,0.0,0.0,0.0,0.0,0.0,0.0,0.0,0.0,0.0,0.0,0.0,26.97,28.08,0.1,0.08,14.5,0.0,True,21,15,23,7,3,0.0,0.0,0.0,0.00014330325164435074,0,0,1
2026-07-23 21:30:00,0.0,0.0,0.0,0.0,0.0,0.0,0.0,0.0,0.0,0.0,0.0,26.79,28.44,0.08,0.07,14.5,0.0,True,21,30,23,7,3,0.0,0.0,0.0,0.00014330325164435074,0,0,1
2026-07-23 21:45:00,0.0,0.0,0.0,0.0,0.0,0.0,0.0,0.0,0.0,0.0,0.0,26.4,28.4,0.11,0.08,14.5,0.0,True,21,45,23,7,3,0.0,0.0,0.0,0.00014330325164435074,0,0,1
2026-07-23 22:00:00,0.0,0.0,0.0,0.0,0.0,0.0,0.0,0.0,0.0,0.0,0.0,26.67,28.42,0.13,0.08,14.5,0.0,True,22,0,23,7,3,0.0,0.0,0.0,0.00014330325164435074,0,0,1
2026-07-23 22:15:00,0.0,0.0,0.0,0.0,0.0,0.0,0.0,0.0,0.0,0.0,0.0,26.57,28.51,0.14,0.09,14.5,0.0,True,22,15,23,7,3,0.0,0.0,0.0,0.00014330325164435074,0,0,1
2026-07-23 22:30:00,0.0,0.0,0.0,0.0,0.0,0.0,0.0,0.0,0.0,0.0,0.0,26.63,28.23,0.13,0.09,14.5,0.0,True,22,30,23,7,3,0.0,0.0,0.0,0.00014330325164435074,0,0,1
2026-07-23 22:45:00,0.0,0.0,0.0,0.0,0.0,0.0,0.0,0.0,0.0,0.0,0.0,26.55,28.04,0.12,0.08,14.5,0.0,True,22,45,23,7,3,0.0,0.0,0.0,0.00014330325164435074,0,0,1
2026-07-23 23:00:00,0.0,0.0,0.0,0.0,0.0,0.0,0.0,0.0,0.0,0.0,0.0,25.79,27.64,0.11,0.07,14.5,0.0,True,23,0,23,7,3,0.0,0.0,0.0,0.00014330325164435074,0,0,1
2026-07-23 23:15:00,0.0,0.0,0.0,0.0,0.0,0.0,0.0,0.0,0.0,0.0,0.0,25.72,27.6,0.14,0.09,14.5,0.0,True,23,15,23,7,3,0.0,0.0,0.0,0.00014330325164435074,0,0,1
2026-07-23 23:30:00,0.0,0.0,0.0,0.0,0.0,0.0,0.0,0.0,0.0,0.0,0.0,26.02,27.57,0.16,0.09,14.5,0.0,True,23,30,23,7,3,0.0,0.0,0.0,0.00014330325164435074,0,0,1
2026-07-23 23:45:00,0.0,0.0,0.0,0.0,0.0,0.0,0.0,0.0,0.0,0.0,0.0,25.78,27.46,0.16,0.09,14.5,0.0,True,23,45,23,7,3,0.0,0.0,0.0,0.00014330325164435074,0,0,1
2026-07-24 00:15:00,0.0,0.0,0.0,0.0,0.0,0.0,0.0,0.0,0.0,0.0,0.0,25.94,27.38,0.15,0.09,0.0,0.0,True,0,15,24,7,4,0.0,0.0,0.0,0.0,0,1,0
2026-07-24 00:30:00,0.0,0.0,0.0,0.0,0.0,0.0,0.0,0.0,0.0,0.0,0.0,25.47,27.48,0.2,0.09,0.0,0.0,True,0,30,24,7,4,0.0,0.0,0.0,0.0,0,1,0
2026-07-24 00:45:00,0.0,0.0,0.0,0.0,0.0,0.0,0.0,0.0,0.0,0.0,0.0,26.25,28.02,0.67,0.09,0.0,0.0,True,0,45,24,7,4,0.0,0.0,0.0,0.0,0,1,0
2026-07-24 01:00:00,0.0,0.0,0.0,0.0,0.0,0.0,0.0,0.0,0.0,0.0,0.0,27.06,28.19,0.26,0.09,0.0,0.0,True,1,0,24,7,4,0.0,0.0,0.0,0.0,0,1,0
2026-07-24 01:15:00,0.0,0.0,0.0,0.0,0.0,0.0,0.0,0.0,0.0,0.0,0.0,27.04,28.14,0.14,0.09,0.0,0.0,True,1,15,24,7,4,0.0,0.0,0.0,0.0,0,1,0
2026-07-24 01:30:00,0.0,0.0,0.0,0.0,0.0,0.0,0.0,0.0,0.0,0.0,0.0,26.69,28.02,0.13,0.09,0.0,0.0,True,1,30,24,7,4,0.0,0.0,0.0,0.0,0,1,0
2026-07-24 01:45:00,0.0,0.0,0.0,0.0,0.0,0.0,0.0,0.0,0.0,0.0,0.0,26.79,27.83,0.12,0.09,0.0,0.0,True,1,45,24,7,4,0.0,0.0,0.0,0.0,0,1,0
2026-07-24 02:00:00,0.0,0.0,0.0,0.0,0.0,0.0,0.0,0.0,0.0,0.0,0.0,26.44,27.8,0.14,0.09,0.0,0.0,True,2,0,24,7,4,0.0,0.0,0.0,0.0,0,1,0
2026-07-24 02:15:00,0.0,0.0,0.0,0.0,0.0,0.0,0.0,0.0,0.0,0.0,0.0,26.51,27.59,0.14,0.09,0.0,0.0,True,2,15,24,7,4,0.0,0.0,0.0,0.0,0,1,0
2026-07-24 02:30:00,0.0,0.0,0.0,0.0,0.0,0.0,0.0,0.0,0.0,0.0,0.0,25.96,27.54,0.11,0.08,0.0,0.0,True,2,30,24,7,4,0.0,0.0,0.0,0.0,0,1,0
2026-07-24 02:45:00,0.0,0.0,0.0,0.0,0.0,0.0,0.0,0.0,0.0,0.0,0.0,25.07,27.06,0.13,0.08,0.0,0.0,True,2,45,24,7,4,0.0,0.0,0.0,0.0,0,1,0
2026-07-24 03:00:00,0.0,0.0,0.0,0.0,0.0,0.0,0.0,0.0,0.0,0.0,0.0,25.17,26.81,0.15,0.08,0.0,0.0,True,3,0,24,7,4,0.0,0.0,0.0,0.0,0,1,0
2026-07-24 03:15:00,0.0,0.0,0.0,0.0,0.0,0.0,0.0,0.0,0.0,0.0,0.0,25.24,26.67,0.14,0.08,0.0,0.0,True,3,15,24,7,4,0.0,0.0,0.0,0.0,0,1,0
2026-07-24 03:30:00,0.0,0.0,0.0,0.0,0.0,0.0,0.0,0.0,0.0,0.0,0.0,25.05,26.59,0.15,0.08,0.0,0.0,True,3,30,24,7,4,0.0,0.0,0.0,0.0,0,1,0
2026-07-24 03:45:00,0.0,0.0,0.0,0.0,0.0,0.0,0.0,0.0,0.0,0.0,0.0,25.35,26.73,0.13,0.08,0.0,0.0,True,3,45,24,7,4,0.0,0.0,0.0,0.0,0,1,0
2026-07-24 04:00:00,0.0,0.0,0.0,0.0,0.0,0.0,0.0,0.0,0.0,0.0,0.0,25.46,26.87,0.17,0.08,0.0,0.0,True,4,0,24,7,4,0.0,0.0,0.0,0.0,0,1,0
2026-07-24 04:15:00,0.0,0.0,0.0,0.0,0.0,0.0,0.0,0.0,0.0,0.0,0.0,26.01,26.97,0.39,0.09,0.0,0.0,True,4,15,24,7,4,0.0,0.0,0.0,0.0,0,1,0
2026-07-24 04:30:00,0.0,0.0,0.0,0.0,0.0,0.0,0.0,0.0,0.0,0.0,0.0,25.58,27.03,0.21,0.08,0.0,0.0,True,4,30,24,7,4,0.0,0.0,0.0,0.0,0,1,0
2026-07-24 04:45:00,0.0,0.0,0.0,0.0,0.0,0.0,0.0,0.0,0.0,0.0,0.0,25.75,26.97,0.14,0.08,0.0,0.0,True,4,45,24,7,4,0.0,0.0,0.0,0.0,0,1,0
2026-07-24 05:00:00,0.0,0.0,0.0,0.0,0.0,0.0,0.0,0.0,0.0,0.0,0.0,26.15,26.96,0.18,0.1,0.0,0.0,True,5,0,24,7,4,0.0,0.0,0.0,0.0,0,1,0
2026-07-24 05:15:00,0.0,0.0,0.0,0.0,0.0,0.0,0.0,0.0,0.0,0.0,0.0,26.03,26.97,0.13,0.09,0.0,0.0,True,5,15,24,7,4,0.0,0.0,0.0,0.0,0,1,0
2026-07-24 05:30:00,0.0,0.0,0.0,0.0,0.0,0.0,0.0,0.0,0.0,0.0,0.0,25.81,26.93,0.15,0.09,0.0,0.0,True,5,30,24,7,4,0.0,0.0,0.0,0.0,0,1,0
2026-07-24 05:45:00,0.0,0.0,0.0,0.0,0.0,0.0,0.0,0.0,0.0,0.0,0.0,25.92,26.81,0.39,0.1,0.0,0.0,True,5,45,24,7,4,0.0,0.0,0.0,0.0,0,1,0
2026-07-24 06:00:00,12.0,0.0,0.0,0.0,0.0,5.0,5.18,5.04,5.23,5.63,5.85,25.87,27.07,3.21,2.27,0.0,22.63,True,6,0,24,7,4,0.0,0.0,4.0,6.928203230275509,0,1,0
2026-07-24 06:15:00,87.0,12.48,12.96,15.74,16.35,28.61,29.51,28.69,29.8,30.99,32.19,26.02,26.58,11.29,10.44,0.0,46.74,True,6,15,24,7,4,12.0,0.0,33.0,47.148700936505136,0,1,0
2026-07-24 06:30:00,254.4,55.79,57.3,57.02,58.5,57.48,59.22,58.54,60.06,62.32,63.74,25.64,26.82,22.49,21.72,0.0,68.53,True,6,30,24,7,4,87.0,12.0,117.8,124.10044319018365,1,1,0
2026-07-24 06:45:00,465.6,97.21,98.94,99.15,100.88,98.39,100.77,97.95,99.74,104.46,106.14,26.99,27.17,38.27,37.33,0.25,74.11,True,6,45,24,7,4,254.4,87.0,269.0,189.72179632293177,1,1,0
2026-07-24 07:00:00,620.36,127.31,129.19,129.08,130.99,127.42,130.0,132.12,134.07,140.68,142.72,26.47,26.92,46.48,46.33,0.25,81.12,True,7,0,24,7,4,465.6,254.4,446.7866666666667,183.70393717428414,1,1,0
2026-07-24 07:15:00,832.5,168.77,171.22,171.74,174.23,171.35,174.49,168.05,170.49,180.06,182.68,27.29,27.22,63.15,63.76,0.25,80.39,True,7,15,24,7,4,620.36,465.6,639.4866666666667,184.19629348424286,1,1,0
2026-07-24 07:30:00,1187.4,243.23,246.33,244.76,247.87,232.85,237.59,245.19,248.32,257.3,260.51,28.49,27.61,84.45,85.4,0.25,86.15,True,7,30,24,7,4,832.5,620.36,880.0866666666667,286.49949133171833,1,1,0
2026-07-24 07:45:00,1236.6,254.86,258.22,239.13,242.32,242.85,247.88,258.15,261.6,248.01,251.35,28.52,27.69,88.23,87.67,0.5,85.89,True,7,45,24,7,4,1187.4,832.5,1085.5,220.481087624313,1,1,0
2026-07-24 08:00:00,1585.93,329.27,334.05,331.5,336.31,302.72,308.44,317.65,322.26,325.4,330.12,29.33,27.72,110.37,108.96,0.5,88.35,True,8,0,24,7,4,1236.6,1187.4,1336.6433333333334,217.28562224255273,1,1,0
2026-07-24 08:15:00,2464.2,502.8,509.05,505.02,511.3,472.86,480.89,502.15,508.41,519.42,525.87,30.01,27.89,165.1,162.53,0.75,92.02,True,8,15,24,7,4,1585.93,1236.6,1762.243333333333,632.5071016465611,1,1,0
2026-07-24 08:30:00,2619.6,544.78,551.34,548.16,554.77,485.24,493.36,523.09,529.48,527.5,533.88,31.48,28.14,174.77,170.43,0.75,92.97,True,8,30,24,7,4,2464.2,1585.93,2223.2433333333333,557.3719616497882,1,1,0
2026-07-24 08:45:00,2591.4,528.84,535.41,536.45,542.9,500.45,508.75,520.49,527.08,537.2,543.8,31.67,28.11,175.58,170.85,1.0,91.62,True,8,45,24,7,4,2619.6,2464.2,2558.4,82.78912972123628,1,1,0
2026-07-24 09:00:00,2971.2,594.43,601.48,609.18,616.36,596.78,606.58,574.08,581.02,602.65,609.79,32.17,28.27,209.5,203.72,1.25,88.22,True,9,0,24,7,4,2591.4,2619.6,2727.4,211.60727775764138,1,1,0
2026-07-24 09:15:00,2278.29,455.28,461.23,462.19,468.23,446.01,453.64,443.01,448.82,464.0,470.06,31.65,28.32,156.53,153.32,1.5,90.34,True,9,15,24,7,4,2971.2,2591.4,2613.63,346.98947635338976,1,1,0
2026-07-24 09:30:00,2313.64,463.29,469.34,469.77,475.91,465.14,473.0,455.19,461.14,480.49,486.77,31.17,28.21,159.33,156.49,1.5,89.96,True,9,30,24,7,4,2278.29,2971.2,2521.043333333333,390.24758043238774,1,1,0
2026-07-24 09:45:00,1845.64,371.18,376.44,378.07,383.38,378.69,385.47,358.86,364.01,380.66,386.06,31.08,28.33,131.46,128.79,1.75,86.94,True,9,45,24,7,4,2313.64,2278.29,2145.8566666666666,260.5953584263019,1,1,0
2026-07-24 10:00:00,1947.86,383.92,389.35,389.29,394.8,393.09,400.05,394.76,400.25,415.95,421.67,30.58,28.22,130.39,128.38,1.75,92.32,True,10,0,24,7,4,1845.64,2313.64,2035.7133333333331,246.0582372799837,1,1,0
2026-07-24 10:15:00,4951.8,1106.04,1121.11,1132.85,1148.35,943.87,960.31,1108.88,1123.68,1094.86,1109.19,32.16,28.56,306.57,305.17,2.25,100.47,True,10,15,24,7,4,1947.86,1845.64,2915.1000000000004,1764.5742828229136,1,1,0
2026-07-24 10:30:00,9330.0,1889.09,1917.34,1996.62,2027.32,1773.56,1809.26,1791.41,1817.69,1885.51,1913.87,41.45,29.62,655.02,646.39,2.75,92.12,True,10,30,24,7,4,4951.8,1947.86,5409.886666666666,3712.3281496297354,1,1,0
2026-07-24 10:45:00,8873.4,1500.64,1521.1,1520.74,1541.96,2071.8,2116.77,1620.71,1644.6,1979.88,2010.43,48.07,30.25,839.28,756.55,3.5,70.37,True,10,45,24,7,4,9330.0,4951.8,7718.399999999999,2406.7981967751266,1,1,0
2026-07-24 11:00:00,5152.8,1049.85,1062.98,1055.07,1068.28,1003.59,1020.36,1024.54,1037.12,1063.23,1076.58,44.03,29.77,358.75,359.23,3.75,93.93,True,11,0,24,7,4,8873.4,9330.0,7785.400000000001,2291.3004953519303,1,1,0
2026-07-24 11:15:00,4504.2,923.46,934.59,930.3,941.52,890.26,904.86,875.27,885.76,905.07,915.98,37.48,29.52,309.81,308.64,4.0,92.45,True,11,15,24,7,4,5152.8,8873.4,6176.8,2357.7339035607897,1,1,0
2026-07-24 11:30:00,4902.0,1038.19,1051.03,1023.05,1035.58,945.28,960.9,1003.25,1015.53,1020.0,1032.49,36.44,29.72,326.44,323.2,4.5,95.08,True,11,30,24,7,4,4504.2,5152.8,4853.0,327.0645807787761,1,1,0
2026-07-24 11:45:00,6805.2,1425.54,1444.93,1447.7,1467.4,1301.13,1324.51,1480.97,1501.1,1426.91,1446.1,38.71,30.05,455.17,449.3,5.0,95.57,True,11,45,24,7,4,4902.0,4504.2,5403.8,1229.8384771993424,1,1,0
2026-07-24 12:00:00,8958.0,1780.58,1806.59,1776.77,1803.05,1756.54,1791.87,1740.4,1765.69,1843.6,1870.52,43.4,30.57,644.19,637.1,5.5,90.69,True,12,0,24,7,4,6805.2,4902.0,6888.400000000001,2029.2795963099816,1,0,1
2026-07-24 12:15:00,9304.2,1930.64,1960.15,1981.05,2011.61,1878.1,1916.96,1804.94,1831.43,1840.0,1867.74,46.82,30.96,710.83,718.0,6.25,86.65,True,12,15,24,7,4,8958.0,6805.2,8355.800000000001,1353.969674697335,1,0,1
2026-07-24 12:30:00,8645.4,1805.62,1832.59,1814.98,1842.05,1673.33,1706.23,1741.01,1766.72,1792.97,1819.55,46.78,31.17,638.67,641.31,6.75,89.59,True,12,30,24,7,4,9304.2,8958.0,8969.199999999999,329.5427741583911,1,0,1
2026-07-24 12:45:00,10922.4,2215.99,2251.22,2185.55,2220.32,2063.96,2108.15,2166.81,2201.04,2235.59,2271.43,45.48,31.22,747.54,756.74,7.5,96.16,True,12,45,24,7,4,8645.4,9304.2,9624.0,1171.7023000745576,1,0,1
2026-07-24 13:00:00,9527.79,2221.86,2256.62,2155.99,2189.66,1649.79,1682.23,1930.01,1959.4,1727.44,1752.27,45.48,31.53,624.07,626.92,8.25,100.48,True,13,0,24,7,4,10922.4,8645.4,9698.53,1148.0620021148723,1,0,1
2026-07-24 13:15:00,6496.2,1393.31,1411.98,1428.21,1447.48,1236.49,1258.17,1236.31,1252.08,1273.94,1290.43,41.57,31.32,457.0,454.7,8.75,91.98,True,13,15,24,7,4,9527.79,10922.4,8982.130000000001,2262.9892259354688,1,0,1
2026-07-24 13:30:00,9818.4,1921.95,1950.82,1928.95,1958.15,1893.37,1933.02,1906.51,1935.41,1939.66,1968.73,42.61,31.76,721.09,711.43,9.25,88.5,True,13,30,24,7,4,6496.2,9527.79,8614.13,1839.9277585546704,1,0,1
2026-07-24 13:45:00,9069.0,1868.43,1896.68,1786.67,1813.34,1689.59,1723.22,1877.85,1906.09,1922.57,1951.43,45.65,32.2,628.4,619.61,10.0,95.05,True,13,45,24,7,4,9818.4,6496.2,8461.199999999999,1742.5036126217967,1,0,1
2026-07-24 14:00:00,11315.77,2357.55,2396.05,2301.25,2338.21,2295.57,2346.79,2334.15,2372.19,2439.48,2479.35,47.36,32.63,898.33,893.1,10.75,83.58,True,14,0,24,7,4,9069.0,9818.4,10067.723333333333,1143.9473115634933,1,0,1
2026-07-24 14:15:00,11351.4,2302.39,2339.99,2245.06,2281.51,2288.26,2339.25,2212.83,2248.44,2339.58,2377.82,50.57,32.92,909.93,902.84,11.5,83.96,True,14,15,24,7,4,11315.77,9069.0,10578.723333333333,1307.5801243646004,1,0,1
2026-07-24 14:30:00,11050.2,2162.7,2197.25,2257.2,2293.88,2265.93,2316.33,2212.82,2248.23,2233.96,2269.98,50.84,33.19,889.08,876.49,12.25,83.75,True,14,30,24,7,4,11351.4,11315.77,11239.123333333335,164.5794447473435,1,0,1
2026-07-24 14:45:00,10654.2,2028.23,2059.84,2091.93,2124.94,2224.34,2273.53,2017.52,2048.51,2252.89,2289.37,52.03,33.53,905.93,895.5,13.0,79.67,True,14,45,24,7,4,11050.2,11351.4,11018.6,349.6725325215152,1,0,1
2026-07-24 15:00:00,8845.2,1830.33,1857.91,1734.54,1760.9,1738.39,1774.31,1765.04,1791.55,1853.79,1882.13,49.03,32.99,668.46,663.39,13.75,88.45,True,15,0,24,7,4,10654.2,11050.2,10183.199999999999,1175.5368986127191,1,0,1
2026-07-24 15:15:00,8818.2,1752.93,1778.67,1765.16,1791.29,1856.23,1894.69,1658.59,1682.66,1823.93,1851.02,43.04,32.83,707.55,692.63,14.25,81.16,True,15,15,24,7,4,8845.2,10654.2,9439.200000000003,1052.307464574879,1,0,1
2026-07-24 15:30:00,7456.2,1424.84,1444.26,1458.83,1479.19,1525.2,1554.55,1475.29,1496.16,1502.51,1523.56,46.27,33.16,615.07,602.12,14.75,80.05,True,15,30,24,7,4,8818.2,8845.2,8373.199999999999,794.260032986686,1,0,1
2026-07-24 15:45:00,5572.2,986.66,998.8,1014.28,1027.05,1117.56,1137.28,1058.29,1072.03,1136.43,1151.28,44.48,33.08,452.93,447.69,15.25,80.61,True,15,45,24,7,4,7456.2,8818.2,7282.2,1629.980367979938,1,0,1
2026-07-24 16:00:00,4228.2,846.06,856.56,890.92,901.97,917.15,932.87,767.4,776.58,791.58,801.04,41.82,32.98,351.2,349.75,15.5,77.99,True,16,0,24,7,4,5572.2,7456.2,5752.2,1621.510406997135,1,0,1
2026-07-24 16:15:00,4214.4,865.09,875.81,875.86,886.67,850.16,864.5,824.25,834.18,854.52,865.05,38.0,31.85,304.89,302.11,15.75,88.1,True,16,15,24,7,4,4228.2,5572.2,4671.599999999999,779.9729995326871,1,0,1
2026-07-24 16:30:00,4108.8,859.37,869.93,873.83,884.65,791.13,804.36,927.05,938.62,918.15,929.43,35.49,30.94,281.94,273.25,16.0,91.91,True,16,30,24,7,4,4214.4,4228.2,4183.8,65.31737900450563,1,0,1
2026-07-24 16:45:00,5026.5,920.1,931.63,906.05,917.3,1011.13,1028.72,871.1,881.95,948.75,960.58,40.25,31.5,422.8,411.02,16.5,76.5,True,16,45,24,7,4,4108.8,4214.4,4449.900000000001,502.133956230822,1,0,1
2026-07-24 17:00:00,2223.0,448.31,454.18,450.69,456.6,427.29,434.68,433.0,438.7,455.22,461.18,37.97,31.53,160.45,158.67,16.5,88.29,True,17,0,24,7,4,5026.5,4108.8,3786.1,1429.3370946001578,1,0,1
2026-07-24 17:15:00,1498.2,309.95,314.37,311.67,316.11,292.99,298.54,312.01,316.54,318.2,322.71,34.21,31.29,107.06,104.41,16.75,87.78,True,17,15,24,7,4,2223.0,5026.5,2915.9,1863.4130057504765,1,0,1
2026-07-24 17:30:00,2057.4,420.06,425.78,423.87,429.54,400.06,407.13,407.98,413.67,421.88,427.56,34.04,31.22,151.83,147.7,16.75,84.94,True,17,30,24,7,4,1498.2,2223.0,1926.2,379.794470733884,1,0,1
2026-07-24 17:45:00,2115.64,432.01,437.85,444.17,450.1,425.21,432.58,418.24,423.94,441.4,447.29,33.86,31.28,176.83,169.02,17.0,74.94,True,17,45,24,7,4,2057.4,1498.2,1890.4133333333332,340.9126699513595,1,0,1
2026-07-24 18:00:00,1515.21,300.14,304.5,306.56,311.01,307.36,313.16,284.71,288.98,302.02,306.43,34.09,31.21,144.21,138.49,17.0,65.88,True,18,0,24,7,4,2115.64,2057.4,1896.0833333333333,331.12889700744114,1,0,1
2026-07-24 18:15:00,719.4,144.07,147.18,148.38,151.45,150.36,154.51,135.34,138.39,143.93,146.97,32.4,30.93,63.72,60.8,17.0,70.3,True,18,15,24,7,4,1515.21,2115.64,1450.0833333333333,700.3946362111631,1,0,1
2026-07-24 18:30:00,348.6,73.05,75.87,74.86,77.76,74.16,76.48,68.69,71.35,72.38,75.18,30.69,30.52,33.77,32.03,17.25,63.82,True,18,30,24,7,4,719.4,1515.21,861.07,596.0683808926944,1,0,1
2026-07-24 18:45:00,136.8,31.85,33.08,32.09,33.33,31.89,32.94,27.19,28.24,29.09,30.22,29.86,30.21,15.35,14.76,17.25,54.9,True,18,45,24,7,4,348.6,719.4,401.59999999999997,294.8939470386621,0,0,1
2026-07-24 19:00:00,0.0,0.52,0.54,0.31,0.32,1.12,1.19,0.37,0.39,0.33,0.34,28.24,29.96,0.82,0.82,17.25,0.0,True,19,0,24,7,4,136.8,348.6,161.8,175.63951719371934,0,0,1
2026-07-24 19:15:00,0.0,0.0,0.0,0.0,0.0,0.0,0.0,0.0,0.0,0.0,0.0,27.48,30.03,0.09,0.08,17.25,0.0,True,19,15,24,7,4,0.0,136.8,45.6,78.98151682541669,0,0,1
2026-07-24 19:30:00,0.0,0.0,0.0,0.0,0.0,0.0,0.0,0.0,0.0,0.0,0.0,27.04,29.59,0.1,0.08,17.25,0.0,True,19,30,24,7,4,0.0,0.0,0.0,0.00020946127187030557,0,0,1
2026-07-24 19:45:00,0.0,0.0,0.0,0.0,0.0,0.0,0.0,0.0,0.0,0.0,0.0,27.63,29.37,0.14,0.1,17.25,0.0,True,19,45,24,7,4,0.0,0.0,0.0,0.00020946127187030557,0,0,1
2026-07-24 20:00:00,0.0,0.0,0.0,0.0,0.0,0.0,0.0,0.0,0.0,0.0,0.0,26.75,29.48,0.12,0.08,17.25,0.0,True,20,0,24,7,4,0.0,0.0,0.0,0.00020946127187030557,0,0,1
2026-07-24 20:15:00,0.0,0.0,0.0,0.0,0.0,0.0,0.0,0.0,0.0,0.0,0.0,27.14,29.35,0.1,0.08,17.25,0.0,True,20,15,24,7,4,0.0,0.0,0.0,0.00020946127187030557,0,0,1
2026-07-24 20:30:00,0.0,0.0,0.0,0.0,0.0,0.0,0.0,0.0,0.0,0.0,0.0,26.55,29.24,0.14,0.1,17.25,0.0,True,20,30,24,7,4,0.0,0.0,0.0,0.00020946127187030557,0,0,1
2026-07-24 20:45:00,0.0,0.0,0.0,0.0,0.0,0.0,0.0,0.0,0.0,0.0,0.0,25.8,29.04,0.12,0.08,17.25,0.0,True,20,45,24,7,4,0.0,0.0,0.0,0.00020946127187030557,0,0,1
2026-07-24 21:00:00,0.0,0.0,0.0,0.0,0.0,0.0,0.0,0.0,0.0,0.0,0.0,26.4,28.91,0.09,0.08,17.25,0.0,True,21,0,24,7,4,0.0,0.0,0.0,0.00020946127187030557,0,0,1
2026-07-24 21:15:00,0.0,0.0,0.0,0.0,0.0,0.0,0.0,0.0,0.0,0.0,0.0,26.84,28.84,0.12,0.1,17.25,0.0,True,21,15,24,7,4,0.0,0.0,0.0,0.00020946127187030557,0,0,1
2026-07-24 21:30:00,0.0,0.0,0.0,0.0,0.0,0.0,0.0,0.0,0.0,0.0,0.0,26.8,28.7,0.12,0.1,17.25,0.0,True,21,30,24,7,4,0.0,0.0,0.0,0.00020946127187030557,0,0,1
2026-07-24 21:45:00,0.0,0.0,0.0,0.0,0.0,0.0,0.0,0.0,0.0,0.0,0.0,27.21,28.8,0.14,0.1,17.25,0.0,True,21,45,24,7,4,0.0,0.0,0.0,0.00020946127187030557,0,0,1
2026-07-24 22:00:00,0.0,0.0,0.0,0.0,0.0,0.0,0.0,0.0,0.0,0.0,0.0,27.48,28.86,0.15,0.11,17.25,0.0,True,22,0,24,7,4,0.0,0.0,0.0,0.00020946127187030557,0,0,1
2026-07-24 22:15:00,0.0,0.0,0.0,0.0,0.0,0.0,0.0,0.0,0.0,0.0,0.0,27.07,28.92,0.13,0.11,17.25,0.0,True,22,15,24,7,4,0.0,0.0,0.0,0.00020946127187030557,0,0,1
2026-07-24 22:30:00,0.0,0.0,0.0,0.0,0.0,0.0,0.0,0.0,0.0,0.0,0.0,26.77,29.01,0.15,0.11,17.25,0.0,True,22,30,24,7,4,0.0,0.0,0.0,0.00020946127187030557,0,0,1
2026-07-24 22:45:00,0.0,0.0,0.0,0.0,0.0,0.0,0.0,0.0,0.0,0.0,0.0,26.33,28.86,0.14,0.11,17.25,0.0,True,22,45,24,7,4,0.0,0.0,0.0,0.00020946127187030557,0,0,1
2026-07-24 23:00:00,0.0,0.0,0.0,0.0,0.0,0.0,0.0,0.0,0.0,0.0,0.0,25.9,28.52,0.14,0.1,17.25,0.0,True,23,0,24,7,4,0.0,0.0,0.0,0.00020946127187030557,0,0,1
2026-07-24 23:15:00,0.0,0.0,0.0,0.0,0.0,0.0,0.0,0.0,0.0,0.0,0.0,26.2,28.15,0.13,0.1,17.25,0.0,True,23,15,24,7,4,0.0,0.0,0.0,0.00020946127187030557,0,0,1
2026-07-24 23:30:00,0.0,0.0,0.0,0.0,0.0,0.0,0.0,0.0,0.0,0.0,0.0,26.34,28.1,0.13,0.11,17.25,0.0,True,23,30,24,7,4,0.0,0.0,0.0,0.00020946127187030557,0,0,1
2026-07-24 23:45:00,0.0,0.0,0.0,0.0,0.0,0.0,0.0,0.0,0.0,0.0,0.0,25.81,28.51,0.13,0.09,17.25,0.0,True,23,45,24,7,4,0.0,0.0,0.0,0.00020946127187030557,0,0,1
2026-07-25 00:15:00,0.0,0.0,0.0,0.0,0.0,0.0,0.0,0.0,0.0,0.0,0.0,25.64,29.52,0.81,0.09,0.0,0.0,True,0,15,25,7,5,0.0,0.0,0.0,0.0,0,1,0
2026-07-25 00:30:00,0.0,0.0,0.0,0.0,0.0,0.0,0.0,0.0,0.0,0.0,0.0,25.78,29.38,0.14,0.1,0.0,0.0,True,0,30,25,7,5,0.0,0.0,0.0,0.0,0,1,0
2026-07-25 00:45:00,0.0,0.0,0.0,0.0,0.0,0.0,0.0,0.0,0.0,0.0,0.0,26.42,29.42,0.4,0.09,0.0,0.0,True,0,45,25,7,5,0.0,0.0,0.0,0.0,0,1,0
2026-07-25 01:00:00,0.0,0.0,0.0,0.0,0.0,0.0,0.0,0.0,0.0,0.0,0.0,27.21,29.54,0.44,0.09,0.0,0.0,True,1,0,25,7,5,0.0,0.0,0.0,0.0,0,1,0
2026-07-25 01:15:00,0.0,0.0,0.0,0.0,0.0,0.0,0.0,0.0,0.0,0.0,0.0,27.91,29.41,0.14,0.09,0.0,0.0,True,1,15,25,7,5,0.0,0.0,0.0,0.0,0,1,0
2026-07-25 01:30:00,0.0,0.0,0.0,0.0,0.0,0.0,0.0,0.0,0.0,0.0,0.0,27.69,29.38,0.13,0.09,0.0,0.0,True,1,30,25,7,5,0.0,0.0,0.0,0.0,0,1,0
2026-07-25 01:45:00,0.0,0.0,0.0,0.0,0.0,0.0,0.0,0.0,0.0,0.0,0.0,27.43,29.57,0.15,0.1,0.0,0.0,True,1,45,25,7,5,0.0,0.0,0.0,0.0,0,1,0
2026-07-25 02:00:00,0.0,0.0,0.0,0.0,0.0,0.0,0.0,0.0,0.0,0.0,0.0,28.08,29.76,0.12,0.09,0.0,0.0,True,2,0,25,7,5,0.0,0.0,0.0,0.0,0,1,0
2026-07-25 02:15:00,0.0,0.0,0.0,0.0,0.0,0.0,0.0,0.0,0.0,0.0,0.0,28.03,29.59,0.12,0.09,0.0,0.0,True,2,15,25,7,5,0.0,0.0,0.0,0.0,0,1,0
2026-07-25 02:30:00,0.0,0.0,0.0,0.0,0.0,0.0,0.0,0.0,0.0,0.0,0.0,27.92,29.37,0.11,0.09,0.0,0.0,True,2,30,25,7,5,0.0,0.0,0.0,0.0,0,1,0
2026-07-25 02:45:00,0.0,0.0,0.0,0.0,0.0,0.0,0.0,0.0,0.0,0.0,0.0,27.25,29.05,0.12,0.09,0.0,0.0,True,2,45,25,7,5,0.0,0.0,0.0,0.0,0,1,0
2026-07-25 03:00:00,0.0,0.0,0.0,0.0,0.0,0.0,0.0,0.0,0.0,0.0,0.0,27.03,28.6,0.12,0.09,0.0,0.0,True,3,0,25,7,5,0.0,0.0,0.0,0.0,0,1,0
2026-07-25 03:15:00,0.0,0.0,0.0,0.0,0.0,0.0,0.0,0.0,0.0,0.0,0.0,26.55,28.46,0.17,0.1,0.0,0.0,True,3,15,25,7,5,0.0,0.0,0.0,0.0,0,1,0
2026-07-25 03:30:00,0.0,0.0,0.0,0.0,0.0,0.0,0.0,0.0,0.0,0.0,0.0,26.41,28.53,0.09,0.07,0.0,0.0,True,3,30,25,7,5,0.0,0.0,0.0,0.0,0,1,0
2026-07-25 03:45:00,0.0,0.0,0.0,0.0,0.0,0.0,0.0,0.0,0.0,0.0,0.0,26.65,28.59,0.17,0.09,0.0,0.0,True,3,45,25,7,5,0.0,0.0,0.0,0.0,0,1,0
2026-07-25 04:00:00,0.0,0.0,0.0,0.0,0.0,0.0,0.0,0.0,0.0,0.0,0.0,26.75,28.44,0.13,0.09,0.0,0.0,True,4,0,25,7,5,0.0,0.0,0.0,0.0,0,1,0
2026-07-25 04:15:00,0.0,0.0,0.0,0.0,0.0,0.0,0.0,0.0,0.0,0.0,0.0,26.61,28.25,0.12,0.09,0.0,0.0,True,4,15,25,7,5,0.0,0.0,0.0,0.0,0,1,0
2026-07-25 04:30:00,0.0,0.0,0.0,0.0,0.0,0.0,0.0,0.0,0.0,0.0,0.0,25.66,27.96,0.1,0.07,0.0,0.0,True,4,30,25,7,5,0.0,0.0,0.0,0.0,0,1,0
2026-07-25 04:45:00,0.0,0.0,0.0,0.0,0.0,0.0,0.0,0.0,0.0,0.0,0.0,25.1,27.75,0.14,0.08,0.0,0.0,True,4,45,25,7,5,0.0,0.0,0.0,0.0,0,1,0
2026-07-25 05:00:00,0.0,0.0,0.0,0.0,0.0,0.0,0.0,0.0,0.0,0.0,0.0,25.06,27.74,0.12,0.08,0.0,0.0,True,5,0,25,7,5,0.0,0.0,0.0,0.0,0,1,0
2026-07-25 05:15:00,0.0,0.0,0.0,0.0,0.0,0.0,0.0,0.0,0.0,0.0,0.0,25.64,27.69,0.12,0.09,0.0,0.0,True,5,15,25,7,5,0.0,0.0,0.0,0.0,0,1,0
2026-07-25 05:30:00,0.0,0.0,0.0,0.0,0.0,0.0,0.0,0.0,0.0,0.0,0.0,25.19,27.53,0.13,0.09,0.0,0.0,True,5,30,25,7,5,0.0,0.0,0.0,0.0,0,1,0
2026-07-25 05:45:00,0.0,0.0,0.0,0.0,0.0,0.0,0.0,0.02,0.02,0.04,0.04,24.7,27.49,0.27,0.08,0.0,0.0,True,5,45,25,7,5,0.0,0.0,0.0,0.0,0,1,0
2026-07-25 06:00:00,37.12,0.0,0.0,6.15,6.38,11.25,11.62,10.49,10.89,11.21,11.64,24.82,27.35,4.89,4.02,0.0,45.83,True,6,0,25,7,5,0.0,0.0,12.373333333333333,21.431241992318906,0,1,0
2026-07-25 06:15:00,159.6,0.0,0.0,47.61,48.99,45.12,46.52,44.67,46.03,46.65,48.01,25.07,27.26,17.89,17.75,0.0,53.92,True,6,15,25,7,5,37.12,0.0,65.57333333333334,83.51786715028906,0,1,0
2026-07-25 06:30:00,411.6,79.42,80.83,94.89,96.56,88.78,91.05,89.52,91.13,92.67,94.34,24.8,27.44,35.21,34.51,0.0,70.57,True,6,30,25,7,5,159.6,37.12,202.77333333333334,190.9365604941425,1,1,0
2026-07-25 06:45:00,735.0,155.86,158.12,158.12,160.42,150.15,152.98,149.92,152.1,155.07,157.32,25.46,27.46,56.66,56.45,0.0,78.52,True,6,45,25,7,5,411.6,159.6,435.40000000000003,288.4373762188251,1,1,0
2026-07-25 07:00:00,992.4,203.08,205.94,206.65,209.54,200.21,205.0,198.89,201.71,206.87,209.76,27.41,27.56,75.84,75.34,0.0,79.83,True,7,0,25,7,5,735.0,411.6,713.0,291.0243288799066,1,1,0
2026-07-25 07:15:00,1269.64,263.03,266.37,268.01,271.58,256.87,261.99,237.97,240.98,266.98,270.48,27.79,27.73,95.39,96.14,0.25,81.32,True,7,15,25,7,5,992.4,735.0,999.0133333333333,267.3813466443263,1,1,0
2026-07-25 07:30:00,1720.93,347.35,352.38,356.21,361.34,347.36,353.72,338.91,343.83,355.35,360.48,29.14,27.79,125.79,127.42,0.25,84.05,True,7,30,25,7,5,1269.64,992.4,1327.6566666666668,367.7138023427096,1,1,0
2026-07-25 07:45:00,2636.4,535.18,541.79,551.76,558.54,546.36,555.43,521.34,527.86,546.35,553.09,30.37,27.89,187.93,187.89,0.5,86.62,True,7,45,25,7,5,1720.93,1269.64,1875.6566666666668,696.39319384478,1,1,0
2026-07-25 08:00:00,4092.6,813.69,823.36,836.16,846.09,894.99,909.67,787.46,796.81,852.78,863.04,33.22,28.27,312.99,290.62,0.75,81.69,True,8,0,25,7,5,2636.4,1720.93,2816.6433333333334,1196.0645432556444,1,1,0
2026-07-25 08:15:00,6383.4,1275.19,1291.4,1331.95,1348.95,1264.18,1286.67,1269.4,1285.6,1365.82,1383.24,36.88,28.85,441.86,455.04,1.25,91.64,True,8,15,25,7,5,4092.6,2636.4,4370.8,1888.927918158869,1,1,0
2026-07-25 08:30:00,7347.0,1461.38,1481.05,1530.84,1552.11,1394.32,1420.0,1471.67,1491.36,1488.8,1509.31,40.56,29.15,502.64,525.36,1.75,94.18,True,8,30,25,7,5,6383.4,4092.6,5941.0,1671.6961924943178,1,1,0
2026-07-25 08:45:00,8163.0,1664.18,1688.66,1697.24,1722.21,1616.61,1648.17,1628.09,1651.63,1676.8,1701.26,40.35,29.3,559.79,582.65,2.25,93.87,True,8,45,25,7,5,7347.0,6383.4,7297.8,890.8195776923623,1,1,0
2026-07-25 09:00:00,8692.07,1569.88,1592.11,1655.7,1679.44,1834.45,1871.84,1739.63,1765.19,1862.56,1890.34,42.49,29.75,650.55,676.13,2.75,86.8,True,9,0,25,7,5,8163.0,7347.0,8067.356666666667,677.6164561411798,1,1,0
2026-07-25 09:15:00,7598.4,1393.31,1411.27,1488.43,1508.74,1708.83,1742.76,1471.5,1491.64,1669.75,1693.82,43.86,29.83,626.83,649.88,3.25,79.22,True,9,15,25,7,5,8692.07,8163.0,8151.156666666667,546.931179979101,1,1,0
2026-07-25 09:30:00,8356.8,1693.95,1718.78,1747.71,1773.56,1731.56,1766.1,1618.06,1641.62,1596.35,1618.57,42.6,30.1,612.2,636.05,4.0,88.72,True,9,30,25,7,5,7598.4,8692.07,8215.756666666666,560.3110150919144,1,1,0
2026-07-25 09:45:00,9594.0,2003.14,2033.02,2053.66,2085.03,1934.02,1974.29,1892.58,1920.92,1858.17,1885.39,44.17,30.19,701.98,726.47,4.5,89.43,True,9,45,25,7,5,8356.8,7598.4,8516.4,1007.327632898055,1,1,0
2026-07-25 10:00:00,10219.8,2026.49,2056.72,2078.44,2110.39,2052.65,2096.38,2046.53,2077.07,2107.73,2140.99,46.55,30.65,752.7,777.84,5.25,89.77,True,10,0,25,7,5,9594.0,8356.8,9390.2,948.0733515925857,1,1,0
2026-07-25 10:15:00,10611.6,2122.64,2156.07,2169.29,2203.9,2132.37,2178.47,2138.09,2171.91,2197.25,2232.29,48.12,31.07,786.55,810.82,6.0,89.82,True,10,15,25,7,5,10219.8,9594.0,10141.800000000001,513.2644932196271,1,1,0
2026-07-25 10:30:00,10714.5,2137.69,2171.79,2186.14,2221.01,2142.36,2188.77,2155.7,2190.09,2213.92,2249.23,48.96,31.3,796.02,814.13,6.75,89.95,True,10,30,25,7,5,10611.6,10219.8,10515.300000000001,261.03120503112547,1,1,0
2026-07-25 10:45:00,11434.8,2250.42,2287.14,2350.59,2389.12,2296.75,2347.95,2247.41,2284.0,2325.83,2363.73,49.89,31.42,853.38,793.1,7.5,89.91,True,10,45,25,7,5,10714.5,10611.6,10920.300000000001,448.53070129033694,1,1,0
2026-07-25 11:00:00,11133.6,2278.88,2315.92,2344.38,2382.68,2239.07,2289.08,2176.41,2211.14,2162.84,2197.26,50.21,31.6,867.01,881.08,8.25,86.29,True,11,0,25,7,5,11434.8,10714.5,11094.300000000001,361.75459914146523,1,1,0
2026-07-25 11:15:00,11351.4,2363.5,2402.57,2419.13,2459.22,2354.77,2407.85,2250.66,2286.97,2151.36,2185.43,49.8,31.79,871.62,894.75,9.25,87.35,True,11,15,25,7,5,11133.6,11434.8,11306.6,155.51733022400637,1,1,0
2026-07-25 11:30:00,12264.6,2488.65,2529.8,2544.59,2586.76,2478.44,2535.38,2396.72,2436.05,2506.71,2547.93,49.89,31.71,945.27,961.03,10.0,87.06,True,11,30,25,7,5,11351.4,11133.6,11583.200000000003,600.0738954495555,1,1,0
2026-07-25 11:45:00,12136.2,2338.04,2375.91,2454.22,2494.26,2542.42,2600.68,2418.45,2457.89,2360.64,2398.74,52.09,32.32,1027.68,1034.46,10.75,80.02,True,11,45,25,7,5,12264.6,11351.4,11917.400000000001,494.3567942286274,1,1,0
2026-07-25 12:00:00,9622.8,1744.91,1770.94,1867.91,1896.21,2067.75,2112.79,1871.51,1900.0,2006.05,2037.09,51.09,32.37,832.05,840.88,11.5,78.02,True,12,0,25,7,5,12136.2,12264.6,11341.200000000003,1489.5622041391912,1,0,1
2026-07-25 12:15:00,10048.2,1866.83,1894.81,1974.59,2004.67,2169.49,2216.99,1992.12,2022.75,2192.08,2226.58,48.67,32.14,815.5,829.46,12.25,82.23,True,12,15,25,7,5,9622.8,12136.2,10602.400000000001,1345.2316231787008,1,0,1
2026-07-25 12:30:00,11555.4,2257.72,2293.87,2245.76,2281.79,2349.8,2402.52,2372.02,2410.45,2485.64,2526.25,49.64,32.49,913.23,924.19,13.0,84.81,True,12,30,25,7,5,10048.2,9622.8,10408.800000000001,1015.5097045326551,1,0,1
2026-07-25 12:45:00,8503.2,1577.62,1599.43,1656.57,1680.2,1894.18,1933.75,1598.82,1621.28,1819.26,1846.24,49.02,32.45,726.7,734.31,13.5,78.21,True,12,45,25,7,5,11555.4,10048.2,10035.6,1526.1390107064294,1,0,1
2026-07-25 13:00:00,10563.6,2128.42,2161.63,2155.93,2190.15,2182.04,2229.89,2053.8,2085.78,2206.38,2241.12,47.62,32.81,843.7,842.01,14.25,83.17,True,13,0,25,7,5,8503.2,11555.4,10207.4,1556.9650092407342,1,0,1
2026-07-25 13:15:00,9006.6,1869.85,1898.68,1843.36,1871.5,1816.99,1855.11,1777.04,1804.01,1813.76,1841.29,48.03,32.67,736.71,736.54,15.0,81.36,True,13,15,25,7,5,10563.6,8503.2,9357.800000000001,1074.1592619346534,1,0,1
2026-07-25 13:30:00,11249.4,2366.12,2404.46,2399.42,2438.36,2195.18,2243.61,2284.49,2321.14,2286.71,2323.34,47.36,32.95,804.84,803.9,15.75,92.74,True,13,30,25,7,5,9006.6,10563.6,10273.2,1149.2550108657356,1,0,1
2026-07-25 13:45:00,11238.0,2269.3,2306.03,2315.17,2352.79,2141.22,2187.97,2360.63,2398.96,2150.83,2185.1,49.12,33.19,833.85,831.34,16.5,90.12,True,13,45,25,7,5,11249.4,9006.6,10498.0,1291.6028646608072,1,0,1
2026-07-25 14:00:00,10461.0,2034.5,2066.7,2167.83,2202.67,1857.44,1896.07,2103.95,2137.14,2114.31,2147.58,48.66,33.33,748.5,747.15,17.25,93.27,True,14,0,25,7,5,11238.0,11249.4,10982.800000000001,451.9280031155476,1,0,1
2026-07-25 14:15:00,7487.36,1506.09,1527.6,1556.42,1579.48,1575.74,1607.52,1568.44,1591.74,1610.02,1634.1,45.45,33.25,590.97,597.35,17.75,83.37,True,14,15,25,7,5,10461.0,11238.0,9728.786666666667,1979.6280904587431,1,0,1
2026-07-25 14:30:00,10057.2,2057.66,2089.38,2070.42,2102.57,1887.67,1926.9,2016.94,2047.63,2019.73,2050.78,46.88,33.54,719.14,714.47,18.5,92.6,True,14,30,25,7,5,7487.36,10461.0,9335.186666666666,1612.951069478962,1,0,1
2026-07-25 14:45:00,7418.4,1394.9,1414.28,1413.05,1433.04,1687.4,1722.04,1399.17,1418.6,1541.59,1563.85,48.14,33.75,677.42,670.54,19.0,72.91,True,14,45,25,7,5,10057.2,7487.36,8320.98666666667,1504.0001411347398,1,0,1
2026-07-25 15:00:00,7264.8,1406.56,1426.03,1460.39,1480.85,1502.98,1531.77,1449.33,1469.42,1492.87,1513.84,45.38,33.42,558.89,552.72,19.5,85.51,True,15,0,25,7,5,7418.4,10057.2,8246.800000000001,1569.7322574248078,1,0,1
2026-07-25 15:15:00,4628.4,927.15,938.34,923.22,934.3,902.29,917.13,937.4,948.69,1000.35,1012.59,42.16,33.14,351.19,348.61,19.75,85.5,True,15,15,25,7,5,7264.8,7418.4,6437.200000000001,1568.348277647528,1,0,1
2026-07-25 15:30:00,6128.4,1233.4,1249.14,1212.6,1228.07,1148.09,1167.81,1243.33,1259.19,1275.96,1292.24,41.55,33.17,425.57,417.98,20.25,93.18,True,15,30,25,7,5,4628.4,7264.8,6007.200000000001,1322.3722320133481,1,0,1
2026-07-25 15:45:00,7102.93,1415.96,1434.93,1448.71,1468.28,1522.52,1551.33,1420.39,1439.55,1498.13,1518.88,43.63,33.39,573.16,558.69,20.75,80.91,True,15,45,25,7,5,6128.4,4628.4,5953.243333333335,1246.5290103456464,1,0,1
2026-07-25 16:00:00,6247.8,1132.75,1147.61,1185.32,1200.98,1329.73,1354.39,1211.2,1227.06,1278.52,1296.0,45.5,33.72,539.97,524.79,21.25,76.15,True,16,0,25,7,5,7102.93,6128.4,6493.043333333335,531.5405907673459,1,0,1
2026-07-25 16:15:00,4482.64,858.38,868.84,919.82,931.14,897.0,912.6,869.13,879.81,927.79,939.36,40.7,33.17,328.97,324.83,21.5,87.85,True,16,15,25,7,5,6247.8,7102.93,5944.456666666669,1336.2233362852542,1,0,1
2026-07-25 16:30:00,5310.0,1038.45,1051.35,985.61,997.7,1097.04,1115.9,1047.73,1060.7,1100.06,1113.8,41.6,33.26,448.2,436.79,21.75,76.67,True,16,30,25,7,5,4482.64,6247.8,5346.813333333335,883.1556332455182,1,0,1
2026-07-25 16:45:00,5366.57,1052.38,1065.42,1077.4,1090.95,1072.87,1091.04,1065.05,1078.31,1105.13,1119.23,41.75,33.4,429.53,414.95,22.25,80.91,True,16,45,25,7,5,5310.0,4482.64,5053.070000000001,494.81595558344424,1,0,1
2026-07-25 17:00:00,3523.2,650.6,658.44,662.66,670.65,759.04,771.47,684.96,693.18,713.69,722.22,40.49,33.14,317.25,307.28,22.5,71.53,True,17,0,25,7,5,5366.57,5310.0,4733.256666666668,1048.3214648347564,1,0,1
2026-07-25 17:15:00,1961.36,394.79,400.48,400.4,406.16,395.56,402.57,391.94,397.59,401.05,406.81,37.0,32.88,157.09,153.41,22.75,79.24,True,17,15,25,7,5,3523.2,5366.57,3617.043333333335,1704.543550172094,1,0,1
2026-07-25 17:30:00,2454.6,501.01,507.21,493.25,499.43,476.21,484.29,494.83,501.03,499.42,505.62,35.46,32.9,183.42,178.08,22.75,84.39,True,17,30,25,7,5,1961.36,3523.2,2646.3866666666677,798.3875252866136,1,0,1
2026-07-25 17:45:00,2628.6,498.01,504.26,501.11,507.43,546.4,555.43,526.22,532.59,560.21,566.87,36.6,33.3,235.78,224.75,23.0,70.64,True,17,45,25,7,5,2454.6,1961.36,2348.186666666668,346.114363373268,1,0,1
2026-07-25 18:00:00,1798.2,344.73,349.6,353.45,358.45,366.44,373.02,353.52,358.5,361.54,366.61,36.18,33.23,166.53,159.77,23.0,68.29,True,18,0,25,7,5,2628.6,2454.6,2293.8000000000015,437.93095346178626,1,0,1
2026-07-25 18:15:00,1356.6,264.13,267.96,271.62,275.56,280.79,286.19,269.8,273.72,280.8,284.87,34.66,32.92,122.23,119.26,23.25,69.75,True,18,15,25,7,5,1798.2,2628.6,1927.800000000001,645.8274692206489,1,0,1
2026-07-25 18:30:00,810.0,153.84,157.09,156.97,160.14,165.19,169.45,161.65,164.86,167.33,170.51,33.31,32.6,69.61,68.04,23.25,72.72,True,18,30,25,7,5,1356.6,1798.2,1321.6000000000013,495.02884764420224,1,0,1
2026-07-25 18:45:00,189.0,37.17,38.61,37.46,38.91,42.22,43.58,40.58,42.15,42.51,44.15,31.8,32.29,18.53,18.67,23.25,63.35,True,18,45,25,7,5,810.0,1356.6,785.2000000000013,584.1949332200215,0,0,1
2026-07-25 19:00:00,22.5,2.3,2.38,1.78,1.85,3.93,4.09,2.86,2.97,3.24,3.38,30.38,32.11,1.89,2.07,23.25,40.36,True,19,0,25,7,5,189.0,810.0,340.5000000000012,415.0340347488919,0,0,1
2026-07-25 19:15:00,0.0,0.0,0.0,0.0,0.0,0.0,0.0,0.0,0.0,0.0,0.0,29.23,31.87,0.08,0.08,23.25,0.0,True,19,15,25,7,5,22.5,189.0,70.50000000000121,103.23880084514627,0,0,1
2026-07-25 19:30:00,0.0,0.0,0.0,0.0,0.0,0.0,0.0,0.0,0.0,0.0,0.0,28.94,31.68,0.1,0.08,23.25,0.0,True,19,30,25,7,5,0.0,22.5,7.500000000001212,12.990381054596675,0,0,1
2026-07-25 19:45:00,0.0,0.0,0.0,0.0,0.0,0.0,0.0,0.0,0.0,0.0,0.0,28.77,31.58,0.06,0.08,23.25,0.0,True,19,45,25,7,5,0.0,0.0,0.0,0.0,0,0,1
2026-07-25 20:00:00,0.0,0.0,0.0,0.0,0.0,0.0,0.0,0.0,0.0,0.0,0.0,28.17,31.18,0.07,0.07,23.25,0.0,True,20,0,25,7,5,0.0,0.0,0.0,0.0,0,0,1
2026-07-25 20:15:00,0.0,0.0,0.0,0.0,0.0,0.0,0.0,0.0,0.0,0.0,0.0,27.82,30.88,0.1,0.08,23.25,0.0,True,20,15,25,7,5,0.0,0.0,0.0,0.0,0,0,1
2026-07-25 20:30:00,0.0,0.0,0.0,0.0,0.0,0.0,0.0,0.0,0.0,0.0,0.0,27.68,30.74,0.08,0.08,23.25,0.0,True,20,30,25,7,5,0.0,0.0,0.0,0.0,0,0,1
2026-07-25 20:45:00,0.0,0.0,0.0,0.0,0.0,0.0,0.0,0.0,0.0,0.0,0.0,27.87,31.04,0.33,0.09,23.25,0.0,True,20,45,25,7,5,0.0,0.0,0.0,0.0,0,0,1
2026-07-25 21:00:00,0.0,0.0,0.0,0.0,0.0,0.0,0.0,0.0,0.0,0.0,0.0,27.96,30.64,0.42,0.08,23.25,0.0,True,21,0,25,7,5,0.0,0.0,0.0,0.0,0,0,1
2026-07-25 21:15:00,0.0,0.0,0.0,0.0,0.0,0.0,0.0,0.0,0.0,0.0,0.0,28.52,29.39,0.25,0.09,23.25,0.0,True,21,15,25,7,5,0.0,0.0,0.0,0.0,0,0,1
2026-07-25 21:30:00,0.0,0.0,0.0,0.0,0.0,0.0,0.0,0.0,0.0,0.0,0.0,27.34,27.84,0.11,0.09,23.25,0.0,True,21,30,25,7,5,0.0,0.0,0.0,0.0,0,0,1
2026-07-25 21:45:00,0.0,0.0,0.0,0.0,0.0,0.0,0.0,0.0,0.0,0.0,0.0,25.75,27.2,0.12,0.1,23.25,0.0,True,21,45,25,7,5,0.0,0.0,0.0,0.0,0,0,1
2026-07-25 22:00:00,0.0,0.0,0.0,0.0,0.0,0.0,0.0,0.0,0.0,0.0,0.0,25.62,26.96,0.14,0.09,23.25,0.0,True,22,0,25,7,5,0.0,0.0,0.0,0.0,0,0,1
2026-07-25 22:15:00,0.0,0.0,0.0,0.0,0.0,0.0,0.0,0.0,0.0,0.0,0.0,25.92,27.09,0.25,0.12,23.25,0.0,True,22,15,25,7,5,0.0,0.0,0.0,0.0,0,0,1
2026-07-25 22:30:00,0.0,0.0,0.0,0.0,0.0,0.0,0.0,0.0,0.0,0.0,0.0,25.71,27.34,0.15,0.11,23.25,0.0,True,22,30,25,7,5,0.0,0.0,0.0,0.0,0,0,1
2026-07-25 22:45:00,0.0,0.0,0.0,0.0,0.0,0.0,0.0,0.0,0.0,0.0,0.0,25.77,27.47,0.21,0.11,23.25,0.0,True,22,45,25,7,5,0.0,0.0,0.0,0.0,0,0,1
2026-07-25 23:00:00,0.0,0.0,0.0,0.0,0.0,0.0,0.0,0.0,0.0,0.0,0.0,25.68,27.85,1.27,0.15,23.25,0.0,True,23,0,25,7,5,0.0,0.0,0.0,0.0,0,0,1
2026-07-25 23:15:00,0.0,0.0,0.0,0.0,0.0,0.0,0.0,0.0,0.0,0.0,0.0,26.48,28.03,1.15,0.1,23.25,0.0,True,23,15,25,7,5,0.0,0.0,0.0,0.0,0,0,1
2026-07-25 23:30:00,0.0,0.0,0.0,0.0,0.0,0.0,0.0,0.0,0.0,0.0,0.0,26.03,28.02,1.0,0.1,23.25,0.0,True,23,30,25,7,5,0.0,0.0,0.0,0.0,0,0,1
2026-07-25 23:45:00,0.0,0.0,0.0,0.0,0.0,0.0,0.0,0.0,0.0,0.0,0.0,26.46,28.2,0.98,0.08,23.25,0.0,True,23,45,25,7,5,0.0,0.0,0.0,0.0,0,0,1
2026-07-26 00:15:00,0.0,0.0,0.0,0.0,0.0,0.0,0.0,0.0,0.0,0.0,0.0,27.36,28.19,0.28,0.09,0.0,0.0,True,0,15,26,7,6,0.0,0.0,0.0,0.0,0,1,0
2026-07-26 00:30:00,0.0,0.0,0.0,0.0,0.0,0.0,0.0,0.0,0.0,0.0,0.0,27.8,28.13,0.16,0.1,0.0,0.0,True,0,30,26,7,6,0.0,0.0,0.0,0.0,0,1,0
2026-07-26 00:45:00,0.0,0.0,0.0,0.0,0.0,0.0,0.0,0.0,0.0,0.0,0.0,27.51,28.17,0.16,0.1,0.0,0.0,True,0,45,26,7,6,0.0,0.0,0.0,0.0,0,1,0
2026-07-26 01:00:00,0.0,0.0,0.0,0.0,0.0,0.0,0.0,0.0,0.0,0.0,0.0,27.51,27.96,0.13,0.09,0.0,0.0,True,1,0,26,7,6,0.0,0.0,0.0,0.0,0,1,0
2026-07-26 01:15:00,0.0,0.0,0.0,0.0,0.0,0.0,0.0,0.0,0.0,0.0,0.0,26.39,27.87,0.16,0.09,0.0,0.0,True,1,15,26,7,6,0.0,0.0,0.0,0.0,0,1,0
2026-07-26 01:30:00,0.0,0.0,0.0,0.0,0.0,0.0,0.0,0.0,0.0,0.0,0.0,26.63,27.86,0.14,0.09,0.0,0.0,True,1,30,26,7,6,0.0,0.0,0.0,0.0,0,1,0
2026-07-26 01:45:00,0.0,0.0,0.0,0.0,0.0,0.0,0.0,0.0,0.0,0.0,0.0,27.33,27.94,0.24,0.1,0.0,0.0,True,1,45,26,7,6,0.0,0.0,0.0,0.0,0,1,0
2026-07-26 02:00:00,0.0,0.0,0.0,0.0,0.0,0.0,0.0,0.0,0.0,0.0,0.0,26.93,27.93,0.15,0.09,0.0,0.0,True,2,0,26,7,6,0.0,0.0,0.0,0.0,0,1,0
2026-07-26 02:15:00,0.0,0.0,0.0,0.0,0.0,0.0,0.0,0.0,0.0,0.0,0.0,27.0,28.02,0.27,0.09,0.0,0.0,True,2,15,26,7,6,0.0,0.0,0.0,0.0,0,1,0
2026-07-26 02:30:00,0.0,0.0,0.0,0.0,0.0,0.0,0.0,0.0,0.0,0.0,0.0,27.22,27.87,0.16,0.09,0.0,0.0,True,2,30,26,7,6,0.0,0.0,0.0,0.0,0,1,0
2026-07-26 02:45:00,0.0,0.0,0.0,0.0,0.0,0.0,0.0,0.0,0.0,0.0,0.0,26.91,27.79,0.14,0.09,0.0,0.0,True,2,45,26,7,6,0.0,0.0,0.0,0.0,0,1,0
2026-07-26 03:00:00,0.0,0.0,0.0,0.0,0.0,0.0,0.0,0.0,0.0,0.0,0.0,26.88,27.69,0.13,0.09,0.0,0.0,True,3,0,26,7,6,0.0,0.0,0.0,0.0,0,1,0
2026-07-26 03:15:00,0.0,0.0,0.0,0.0,0.0,0.0,0.0,0.0,0.0,0.0,0.0,26.04,27.53,0.12,0.08,0.0,0.0,True,3,15,26,7,6,0.0,0.0,0.0,0.0,0,1,0
2026-07-26 03:30:00,0.0,0.0,0.0,0.0,0.0,0.0,0.0,0.0,0.0,0.0,0.0,26.11,27.38,0.14,0.09,0.0,0.0,True,3,30,26,7,6,0.0,0.0,0.0,0.0,0,1,0
2026-07-26 03:45:00,0.0,0.0,0.0,0.0,0.0,0.0,0.0,0.0,0.0,0.0,0.0,25.98,27.35,0.13,0.09,0.0,0.0,True,3,45,26,7,6,0.0,0.0,0.0,0.0,0,1,0
2026-07-26 04:00:00,0.0,0.0,0.0,0.0,0.0,0.0,0.0,0.0,0.0,0.0,0.0,26.18,27.42,0.14,0.09,0.0,0.0,True,4,0,26,7,6,0.0,0.0,0.0,0.0,0,1,0
2026-07-26 04:15:00,0.0,0.0,0.0,0.0,0.0,0.0,0.0,0.0,0.0,0.0,0.0,26.03,27.49,0.12,0.08,0.0,0.0,True,4,15,26,7,6,0.0,0.0,0.0,0.0,0,1,0
2026-07-26 04:30:00,0.0,0.0,0.0,0.0,0.0,0.0,0.0,0.0,0.0,0.0,0.0,25.96,27.59,0.13,0.09,0.0,0.0,True,4,30,26,7,6,0.0,0.0,0.0,0.0,0,1,0
2026-07-26 04:45:00,0.0,0.0,0.0,0.0,0.0,0.0,0.0,0.0,0.0,0.0,0.0,25.7,27.68,0.12,0.08,0.0,0.0,True,4,45,26,7,6,0.0,0.0,0.0,0.0,0,1,0
2026-07-26 05:00:00,0.0,0.0,0.0,0.0,0.0,0.0,0.0,0.0,0.0,0.0,0.0,26.29,27.32,0.13,0.09,0.0,0.0,True,5,0,26,7,6,0.0,0.0,0.0,0.0,0,1,0
2026-07-26 05:15:00,0.0,0.0,0.0,0.0,0.0,0.0,0.0,0.0,0.0,0.0,0.0,26.29,27.32,0.13,0.1,0.0,0.0,True,5,15,26,7,6,0.0,0.0,0.0,0.0,0,1,0
2026-07-26 05:30:00,0.0,0.0,0.0,0.0,0.0,0.0,0.0,0.0,0.0,0.0,0.0,26.13,27.34,0.15,0.1,0.0,0.0,True,5,30,26,7,6,0.0,0.0,0.0,0.0,0,1,0
2026-07-26 05:45:00,0.0,0.0,0.0,0.0,0.0,0.0,0.0,0.0,0.0,0.0,0.0,26.02,27.44,0.18,0.09,0.0,0.0,True,5,45,26,7,6,0.0,0.0,0.0,0.0,0,1,0
2026-07-26 06:00:00,0.0,0.0,0.0,0.0,0.0,1.52,1.57,1.26,1.31,1.53,1.59,25.84,27.52,1.37,0.9,0.0,0.0,True,6,0,26,7,6,0.0,0.0,0.0,0.0,0,1,0
2026-07-26 06:15:00,30.75,0.0,0.0,0.0,0.0,17.72,18.29,16.94,17.6,17.81,18.5,26.02,27.48,7.97,7.1,0.0,23.39,True,6,15,26,7,6,0.0,0.0,10.25,17.75352077758099,0,1,0
2026-07-26 06:30:00,180.6,26.7,27.29,33.24,34.07,48.63,50.13,48.38,49.79,49.93,51.32,26.44,27.54,18.84,18.1,0.0,58.24,True,6,30,26,7,6,30.75,0.0,70.45,96.62379365353029,0,1,0
2026-07-26 06:45:00,524.4,107.48,109.27,108.35,110.16,110.92,113.38,110.21,112.02,114.27,116.14,26.34,27.52,39.43,39.37,0.0,80.78,True,6,45,26,7,6,180.6,30.75,245.25,253.09543160634092,1,1,0
2026-07-26 07:00:00,1084.2,216.79,219.71,219.63,222.59,213.55,217.92,221.15,224.13,230.1,233.18,27.7,27.71,79.03,78.42,0.25,83.8,True,7,0,26,7,6,524.4,180.6,596.4,456.0824925383565,1,1,0
2026-07-26 07:15:00,1270.2,252.8,255.98,257.27,260.59,261.66,266.77,256.16,259.36,263.55,266.98,28.69,27.85,93.76,92.77,0.25,83.08,True,7,15,26,7,6,1084.2,524.4,959.6,388.19876352198764,1,1,0
2026-07-26 07:30:00,1283.4,257.15,260.34,260.72,264.5,264.61,269.81,258.35,261.69,266.67,270.53,29.79,28.1,94.54,92.83,0.25,83.63,True,7,30,26,7,6,1270.2,1084.2,1212.6000000000001,111.39335707303222,1,1,0
2026-07-26 07:45:00,1458.6,283.04,286.91,298.05,302.38,299.89,305.55,292.49,296.73,302.02,306.4,30.56,28.26,105.44,102.99,0.5,85.48,True,7,45,26,7,6,1283.4,1270.2,1337.4,105.16957735010637,1,1,0
2026-07-26 08:00:00,2083.5,411.7,417.42,422.09,427.83,429.17,436.6,413.88,419.59,430.25,436.03,31.52,28.38,149.88,147.09,0.5,86.24,True,8,0,26,7,6,1458.6,1283.4,1608.5,420.58591274554124,1,1,0
2026-07-26 08:15:00,1887.0,374.22,379.65,382.44,387.99,382.15,388.98,372.33,377.74,384.9,390.49,32.34,28.47,136.26,132.68,0.75,86.2,True,8,15,26,7,6,2083.5,1458.6,1809.7,319.5410302292963,1,1,0
2026-07-26 08:30:00,1719.0,337.71,342.61,346.36,351.38,349.05,355.43,338.04,342.94,349.62,354.69,31.93,28.33,121.21,117.74,0.75,88.13,True,8,30,26,7,6,1887.0,2083.5,1896.5,182.43560507751772,1,1,0
2026-07-26 08:45:00,1659.6,326.45,331.18,333.68,338.52,345.5,351.83,328.89,333.66,342.51,347.45,31.26,28.36,118.49,116.52,1.0,86.8,True,8,45,26,7,6,1719.0,1887.0,1755.2,117.94286752491661,1,1,0
2026-07-26 09:00:00,2620.2,509.87,516.19,522.49,528.89,545.86,554.92,518.91,525.29,543.29,549.89,32.21,28.6,182.61,180.83,1.0,89.27,True,9,0,26,7,6,1659.6,1719.0,1999.5999999999997,538.2753570432142,1,1,0
2026-07-26 09:15:00,3438.6,668.69,676.59,682.05,690.12,715.02,726.54,681.71,689.77,718.55,727.06,33.65,28.83,243.45,243.75,1.25,88.4,True,9,15,26,7,6,2620.2,1659.6,2572.7999999999997,890.4466968887017,1,1,0
2026-07-26 09:30:00,5314.8,1049.86,1063.0,1071.17,1084.57,1069.34,1087.45,1060.49,1073.76,1097.52,1111.34,35.94,29.22,370.38,368.28,1.75,90.66,True,9,30,26,7,6,3438.6,2620.2,3791.1999999999994,1381.4710854737418,1,1,0
2026-07-26 09:45:00,6517.2,1283.84,1300.22,1308.76,1325.46,1304.78,1328.21,1286.99,1303.41,1372.28,1390.49,39.69,29.94,456.35,454.12,2.25,91.67,True,9,45,26,7,6,5314.8,3438.6,5090.2,1551.5406407825726,1,1,0
2026-07-26 10:00:00,6177.0,1215.55,1231.06,1222.31,1237.91,1241.67,1263.55,1237.88,1253.68,1283.68,1300.06,39.96,30.08,448.3,448.22,2.5,88.55,True,10,0,26,7,6,6517.2,5314.8,6003.0,619.7970958305579,1,1,0
2026-07-26 10:15:00,6414.0,1247.33,1263.24,1270.01,1286.22,1299.19,1322.31,1274.32,1290.58,1334.45,1351.47,39.97,30.12,459.48,458.73,3.0,89.71,True,10,15,26,7,6,6177.0,6517.2,6369.400000000001,174.4301579429226,1,1,0
2026-07-26 10:30:00,6093.6,1212.48,1227.96,1239.03,1254.84,1230.56,1252.16,1218.69,1234.24,1249.5,1265.44,38.75,30.2,424.99,420.9,3.5,91.67,True,10,30,26,7,6,6414.0,6177.0,6228.2,166.22310308736616,1,1,0
2026-07-26 10:45:00,6891.6,1383.98,1401.64,1412.28,1430.3,1368.52,1393.28,1375.29,1392.84,1406.32,1424.26,40.12,30.42,484.69,479.65,4.0,91.44,True,10,45,26,7,6,6093.6,6414.0,6466.400000000001,401.57230980234795,1,1,0
2026-07-26 11:00:00,9300.6,1928.28,1957.6,1980.88,2011.26,1831.22,1868.84,1873.38,1901.48,1866.18,1894.04,42.14,30.84,640.21,638.25,4.5,94.23,True,11,0,26,7,6,6891.6,6093.6,7428.600000000001,1669.5774914630326,1,1,0
2026-07-26 11:15:00,8442.0,1747.31,1773.38,1769.05,1795.44,1634.5,1666.31,1688.39,1713.58,1687.84,1712.79,44.39,31.02,601.52,598.44,5.25,91.92,True,11,15,26,7,6,9300.6,6891.6,8211.4,1220.9432910663759,1,1,0
2026-07-26 11:30:00,8956.8,1825.55,1852.72,1838.79,1866.15,1732.13,1766.65,1796.45,1822.97,1809.18,1836.24,44.91,31.18,634.63,632.96,5.75,92.65,True,11,30,26,7,6,8442.0,9300.6,8899.8,432.12873081987317,1,1,0
2026-07-26 11:45:00,7273.8,1472.84,1492.2,1509.5,1529.91,1436.2,1462.66,1451.5,1470.02,1473.08,1491.88,44.41,31.38,515.35,511.15,6.25,92.45,True,11,45,26,7,6,8956.8,8442.0,8224.199999999999,862.3803569191448,1,1,0
2026-07-26 12:00:00,7115.4,1440.9,1460.65,1445.14,1465.12,1404.07,1430.14,1476.33,1496.58,1548.61,1570.58,43.32,31.68,497.45,498.08,6.75,93.26,True,12,0,26,7,6,7273.8,8956.8,7782.0,1020.4846495660729,1,0,1
2026-07-26 12:15:00,8699.4,1732.28,1757.51,1735.59,1760.85,1766.91,1802.9,1748.68,1774.14,1918.2,1947.46,45.25,31.98,669.05,665.51,7.5,85.48,True,12,15,26,7,6,7115.4,7273.8,7696.2,872.3991746901135,1,0,1
2026-07-26 12:30:00,7372.8,1475.55,1496.03,1454.92,1475.38,1395.48,1421.42,1502.42,1523.68,1536.3,1558.23,42.89,32.06,489.08,487.03,8.0,98.1,True,12,30,26,7,6,8699.4,7115.4,7729.2,850.0174821731558,1,0,1
2026-07-26 12:45:00,7195.8,1349.99,1367.92,1346.51,1364.07,1544.3,1574.2,1437.14,1456.75,1497.66,1517.9,43.34,32.29,589.46,588.15,8.5,79.6,True,12,45,26,7,6,7372.8,8699.4,7756.0,821.7876368016199,1,0,1
2026-07-26 13:00:00,2789.4,501.29,507.61,517.9,524.37,620.92,631.44,517.39,523.86,573.4,580.54,40.03,31.97,242.93,239.24,8.5,73.81,True,13,0,26,7,6,7195.8,7372.8,5786.0,2596.6403139441527,1,0,1
2026-07-26 13:15:00,5570.4,1347.33,1367.2,1300.19,1319.48,803.46,817.89,1256.52,1274.87,1119.29,1135.2,33.88,30.7,257.99,257.09,9.0,135.25,True,13,15,26,7,6,2789.4,7195.8,5185.2,2228.3120338049575,1,0,1
2026-07-26 13:30:00,12223.2,2430.32,2469.57,2483.75,2524.27,2420.56,2475.11,2391.58,2430.04,2569.85,2612.0,41.12,31.04,952.37,935.58,9.75,82.89,True,13,30,26,7,6,5570.4,2789.4,6861.0,4847.51295820857,1,0,1
2026-07-26 13:45:00,3272.4,587.2,595.26,646.45,655.61,772.47,786.72,589.38,597.38,694.77,704.21,44.62,30.84,337.5,333.8,10.0,63.57,True,13,45,26,7,6,12223.2,5570.4,7022.0,4648.608617640336,1,0,1
2026-07-26 14:00:00,1580.79,340.52,345.53,331.21,336.16,276.89,282.33,329.67,334.5,321.3,325.98,30.6,28.79,92.06,92.36,10.25,106.13,True,14,0,26,7,6,3272.4,12223.2,5692.13,5718.963420647136,1,0,1
2026-07-26 14:15:00,1867.2,390.99,396.54,393.74,399.32,341.21,347.48,380.05,385.48,372.89,378.24,27.81,27.63,114.33,110.55,10.25,99.79,True,14,15,26,7,6,1580.79,3272.4,2240.13,905.3693647898491,1,0,1
2026-07-26 14:30:00,842.4,173.07,176.2,176.71,179.9,171.62,175.99,168.79,171.85,174.71,177.87,27.03,26.95,65.04,64.52,10.5,78.89,True,14,30,26,7,6,1867.2,1580.79,1430.13,528.7509685097244,1,0,1
2026-07-26 14:45:00,1186.8,234.94,238.42,237.33,240.84,245.58,250.57,239.94,243.45,253.83,257.51,26.91,26.84,84.2,86.08,10.5,85.82,True,14,45,26,7,6,842.4,1867.2,1298.8,521.4995302011031,1,0,1
2026-07-26 15:00:00,1211.4,238.96,242.58,241.33,244.83,250.87,255.93,243.75,247.28,258.05,261.79,27.38,26.92,85.23,86.87,10.5,86.71,True,15,0,26,7,6,1186.8,842.4,1080.2,206.30782825663783,1,0,1
2026-07-26 15:15:00,1260.0,249.41,253.03,254.88,258.58,260.77,265.86,249.32,252.93,262.56,266.36,27.81,27.1,89.09,89.17,10.75,86.42,True,15,15,26,7,6,1211.4,1186.8,1219.3999999999999,37.24996644254639,1,0,1
2026-07-26 15:30:00,1086.6,213.46,216.97,222.79,226.3,231.73,236.62,213.03,216.48,225.73,229.25,27.5,27.12,79.3,78.45,10.75,83.62,True,15,30,26,7,6,1260.0,1211.4,1186.0,89.44696752808746,1,0,1
2026-07-26 15:45:00,1029.46,204.18,207.75,207.63,211.26,216.47,221.33,207.5,211.09,218.89,222.53,26.59,26.48,72.4,73.14,10.75,86.46,True,15,45,26,7,6,1086.6,1260.0,1125.3533333333335,120.05639730270047,1,0,1
2026-07-26 16:00:00,1115.4,218.34,221.5,222.42,225.64,235.52,240.42,222.34,225.56,235.81,239.23,26.12,26.24,80.24,81.71,10.75,84.36,True,16,0,26,7,6,1029.46,1086.6,1077.1533333333334,43.74186248096576,1,0,1
2026-07-26 16:15:00,1327.8,257.66,261.4,262.76,266.57,283.24,288.66,264.89,268.73,283.5,287.61,27.29,26.62,96.2,98.31,11.0,84.17,True,16,15,26,7,6,1115.4,1029.46,1157.5533333333335,153.57202392787545,1,0,1
2026-07-26 16:30:00,1582.8,310.08,314.58,315.41,319.99,330.58,336.71,315.72,320.3,334.24,339.08,27.24,26.77,113.83,116.21,11.0,84.77,True,16,30,26,7,6,1327.8,1115.4,1342.0,234.0233321700448,1,0,1
2026-07-26 16:45:00,1453.8,289.53,293.73,294.2,298.47,297.06,302.69,290.42,294.64,302.96,307.35,27.59,26.79,105.87,107.18,11.25,83.84,True,16,45,26,7,6,1582.8,1327.8,1454.8,127.50294114243586,1,0,1
2026-07-26 17:00:00,1563.0,312.48,317.01,316.66,321.25,318.08,324.0,316.17,320.76,326.89,331.59,27.62,26.94,110.75,110.25,11.25,86.17,True,17,0,26,7,6,1453.8,1582.8,1533.2,69.47143297767562,1,0,1
2026-07-26 17:15:00,2170.8,433.69,439.36,441.84,447.62,434.14,441.64,432.57,438.22,445.08,450.89,29.25,27.32,158.46,154.17,11.5,84.2,True,17,15,26,7,6,1563.0,1453.8,1729.2,386.3147421468307,1,0,1
2026-07-26 17:30:00,1770.0,353.34,358.43,361.56,366.68,356.85,363.33,351.23,356.31,363.38,368.53,30.19,27.53,139.43,134.19,11.5,78.32,True,17,30,26,7,6,2170.8,1563.0,1834.6000000000001,309.0066018711778,1,0,1
2026-07-26 17:45:00,1264.2,249.58,253.2,256.38,260.1,261.41,266.55,250.33,254.0,262.05,265.85,29.19,27.5,101.19,97.69,11.75,76.77,True,17,45,26,7,6,1770.0,2170.8,1735.0,454.3122714609107,1,0,1
2026-07-26 18:00:00,799.71,159.21,162.36,163.16,166.35,163.96,168.37,158.12,161.25,165.04,168.23,29.15,27.59,65.5,62.95,11.75,75.02,True,18,0,26,7,6,1264.2,1770.0,1277.97,485.29154196211874,1,0,1
2026-07-26 18:15:00,396.6,82.29,85.05,84.51,87.21,82.82,85.4,80.96,83.66,83.43,86.15,28.45,27.62,35.4,33.51,11.75,68.64,True,18,15,26,7,6,799.71,1264.2,820.1700000000001,434.16171952392295,1,0,1
2026-07-26 18:30:00,108.6,26.1,27.11,26.42,27.44,25.09,25.94,24.87,25.83,25.33,26.31,27.52,27.58,13.32,11.85,11.75,49.75,True,18,30,26,7,6,396.6,799.71,434.97,347.1490324053467,0,0,1
2026-07-26 18:45:00,24.75,2.96,3.07,2.49,2.58,3.59,3.76,2.75,2.86,2.95,3.06,27.04,27.59,4.42,3.31,11.75,34.1,True,18,45,26,7,6,108.6,396.6,176.65,195.04155326485622,0,0,1
2026-07-26 19:00:00,0.0,0.0,0.0,0.0,0.0,0.0,0.0,0.0,0.0,0.0,0.0,26.66,27.68,0.63,0.17,11.75,0.0,True,19,0,26,7,6,24.75,108.6,44.449999999999996,56.917110783729896,0,0,1
2026-07-26 19:15:00,0.0,0.0,0.0,0.0,0.0,0.0,0.0,0.0,0.0,0.0,0.0,26.0,27.71,0.67,0.11,11.75,0.0,True,19,15,26,7,6,0.0,24.75,8.25,14.289419161298468,0,0,1
2026-07-26 19:30:00,0.0,0.0,0.0,0.0,0.0,0.0,0.0,0.0,0.0,0.0,0.0,26.43,27.73,0.51,0.12,11.75,0.0,True,19,30,26,7,6,0.0,0.0,0.0,0.0,0,0,1
2026-07-26 19:45:00,0.0,0.0,0.0,0.0,0.0,0.0,0.0,0.0,0.0,0.0,0.0,26.0,27.55,0.15,0.11,11.75,0.0,True,19,45,26,7,6,0.0,0.0,0.0,0.0,0,0,1
2026-07-26 20:00:00,0.0,0.0,0.0,0.0,0.0,0.0,0.0,0.0,0.0,0.0,0.0,25.96,27.48,0.24,0.11,11.75,0.0,True,20,0,26,7,6,0.0,0.0,0.0,0.0,0,0,1
2026-07-26 20:15:00,0.0,0.0,0.0,0.0,0.0,0.0,0.0,0.0,0.0,0.0,0.0,25.33,27.5,0.14,0.09,11.75,0.0,True,20,15,26,7,6,0.0,0.0,0.0,0.0,0,0,1
2026-07-26 20:30:00,0.0,0.0,0.0,0.0,0.0,0.0,0.0,0.0,0.0,0.0,0.0,25.91,27.47,0.57,0.13,11.75,0.0,True,20,30,26,7,6,0.0,0.0,0.0,0.0,0,0,1
2026-07-26 20:45:00,0.0,0.0,0.0,0.0,0.0,0.0,0.0,0.0,0.0,0.0,0.0,25.91,27.65,0.35,0.12,11.75,0.0,True,20,45,26,7,6,0.0,0.0,0.0,0.0,0,0,1
2026-07-26 21:00:00,0.0,0.0,0.0,0.0,0.0,0.0,0.0,0.0,0.0,0.0,0.0,25.51,27.44,0.15,0.11,11.75,0.0,True,21,0,26,7,6,0.0,0.0,0.0,0.0,0,0,1
2026-07-26 21:15:00,0.0,0.0,0.0,0.0,0.0,0.0,0.0,0.0,0.0,0.0,0.0,25.45,27.48,0.17,0.12,11.75,0.0,True,21,15,26,7,6,0.0,0.0,0.0,0.0,0,0,1
2026-07-26 21:30:00,0.0,0.0,0.0,0.0,0.0,0.0,0.0,0.0,0.0,0.0,0.0,25.45,27.49,0.19,0.12,11.75,0.0,True,21,30,26,7,6,0.0,0.0,0.0,0.0,0,0,1
2026-07-26 21:45:00,0.0,0.0,0.0,0.0,0.0,0.0,0.0,0.0,0.0,0.0,0.0,25.28,27.41,0.1,0.08,11.75,0.0,True,21,45,26,7,6,0.0,0.0,0.0,0.0,0,0,1
2026-07-26 22:00:00,0.0,0.0,0.0,0.0,0.0,0.0,0.0,0.0,0.0,0.0,0.0,25.75,27.38,0.22,0.12,11.75,0.0,True,22,0,26,7,6,0.0,0.0,0.0,0.0,0,0,1
2026-07-26 22:15:00,0.0,0.0,0.0,0.0,0.0,0.0,0.0,0.0,0.0,0.0,0.0,25.57,27.34,0.2,0.12,11.75,0.0,True,22,15,26,7,6,0.0,0.0,0.0,0.0,0,0,1
2026-07-26 22:30:00,0.0,0.0,0.0,0.0,0.0,0.0,0.0,0.0,0.0,0.0,0.0,25.75,27.43,0.2,0.11,11.75,0.0,True,22,30,26,7,6,0.0,0.0,0.0,0.0,0,0,1
2026-07-26 22:45:00,0.0,0.0,0.0,0.0,0.0,0.0,0.0,0.0,0.0,0.0,0.0,26.07,27.41,0.69,0.11,11.75,0.0,True,22,45,26,7,6,0.0,0.0,0.0,0.0,0,0,1
2026-07-26 23:00:00,0.0,0.0,0.0,0.0,0.0,0.0,0.0,0.0,0.0,0.0,0.0,26.16,27.66,0.59,0.09,11.75,0.0,True,23,0,26,7,6,0.0,0.0,0.0,0.0,0,0,1
2026-07-26 23:15:00,0.0,0.0,0.0,0.0,0.0,0.0,0.0,0.0,0.0,0.0,0.0,25.72,27.68,0.3,0.11,11.75,0.0,True,23,15,26,7,6,0.0,0.0,0.0,0.0,0,0,1
2026-07-26 23:30:00,0.0,0.0,0.0,0.0,0.0,0.0,0.0,0.0,0.0,0.0,0.0,26.08,27.73,0.35,0.12,11.75,0.0,True,23,30,26,7,6,0.0,0.0,0.0,0.0,0,0,1
2026-07-26 23:45:00,0.0,0.0,0.0,0.0,0.0,0.0,0.0,0.0,0.0,0.0,0.0,26.31,27.81,0.33,0.1,11.75,0.0,True,23,45,26,7,6,0.0,0.0,0.0,0.0,0,0,1
2026-07-27 00:15:00,0.0,0.0,0.0,0.0,0.0,0.0,0.0,0.0,0.0,0.0,0.0,26.68,27.59,0.08,0.09,0.0,0.0,True,0,15,27,7,0,0.0,0.0,0.0,0.0,0,1,0
2026-07-27 00:30:00,0.0,0.0,0.0,0.0,0.0,0.0,0.0,0.0,0.0,0.0,0.0,25.85,27.39,0.1,0.07,0.0,0.0,True,0,30,27,7,0,0.0,0.0,0.0,0.0,0,1,0
2026-07-27 00:45:00,0.0,0.0,0.0,0.0,0.0,0.0,0.0,0.0,0.0,0.0,0.0,26.25,27.34,0.15,0.1,0.0,0.0,True,0,45,27,7,0,0.0,0.0,0.0,0.0,0,1,0
2026-07-27 01:00:00,0.0,0.0,0.0,0.0,0.0,0.0,0.0,0.0,0.0,0.0,0.0,26.28,27.25,0.17,0.11,0.0,0.0,True,1,0,27,7,0,0.0,0.0,0.0,0.0,0,1,0
2026-07-27 01:15:00,0.0,0.0,0.0,0.0,0.0,0.0,0.0,0.0,0.0,0.0,0.0,26.4,27.17,0.14,0.1,0.0,0.0,True,1,15,27,7,0,0.0,0.0,0.0,0.0,0,1,0
2026-07-27 01:30:00,0.0,0.0,0.0,0.0,0.0,0.0,0.0,0.0,0.0,0.0,0.0,25.68,27.05,0.12,0.08,0.0,0.0,True,1,30,27,7,0,0.0,0.0,0.0,0.0,0,1,0
2026-07-27 01:45:00,0.0,0.0,0.0,0.0,0.0,0.0,0.0,0.0,0.0,0.0,0.0,26.16,27.04,0.15,0.11,0.0,0.0,True,1,45,27,7,0,0.0,0.0,0.0,0.0,0,1,0
2026-07-27 02:00:00,0.0,0.0,0.0,0.0,0.0,0.0,0.0,0.0,0.0,0.0,0.0,25.92,27.1,0.15,0.1,0.0,0.0,True,2,0,27,7,0,0.0,0.0,0.0,0.0,0,1,0
2026-07-27 02:15:00,0.0,0.0,0.0,0.0,0.0,0.0,0.0,0.0,0.0,0.0,0.0,25.97,27.12,0.18,0.1,0.0,0.0,True,2,15,27,7,0,0.0,0.0,0.0,0.0,0,1,0
2026-07-27 02:30:00,0.0,0.0,0.0,0.0,0.0,0.0,0.0,0.0,0.0,0.0,0.0,26.16,27.17,0.41,0.1,0.0,0.0,True,2,30,27,7,0,0.0,0.0,0.0,0.0,0,1,0
2026-07-27 02:45:00,0.0,0.0,0.0,0.0,0.0,0.0,0.0,0.0,0.0,0.0,0.0,26.35,27.02,0.16,0.11,0.0,0.0,True,2,45,27,7,0,0.0,0.0,0.0,0.0,0,1,0
2026-07-27 03:00:00,0.0,0.0,0.0,0.0,0.0,0.0,0.0,0.0,0.0,0.0,0.0,26.18,27.07,0.33,0.1,0.0,0.0,True,3,0,27,7,0,0.0,0.0,0.0,0.0,0,1,0
2026-07-27 03:15:00,0.0,0.0,0.0,0.0,0.0,0.0,0.0,0.0,0.0,0.0,0.0,26.5,26.96,0.19,0.11,0.0,0.0,True,3,15,27,7,0,0.0,0.0,0.0,0.0,0,1,0
2026-07-27 03:30:00,0.0,0.0,0.0,0.0,0.0,0.0,0.0,0.0,0.0,0.0,0.0,26.04,26.9,0.11,0.08,0.0,0.0,True,3,30,27,7,0,0.0,0.0,0.0,0.0,0,1,0
2026-07-27 03:45:00,0.0,0.0,0.0,0.0,0.0,0.0,0.0,0.0,0.0,0.0,0.0,26.41,26.93,0.09,0.08,0.0,0.0,True,3,45,27,7,0,0.0,0.0,0.0,0.0,0,1,0
2026-07-27 04:00:00,0.0,0.0,0.0,0.0,0.0,0.0,0.0,0.0,0.0,0.0,0.0,25.32,26.97,0.11,0.08,0.0,0.0,True,4,0,27,7,0,0.0,0.0,0.0,0.0,0,1,0
2026-07-27 04:15:00,0.0,0.0,0.0,0.0,0.0,0.0,0.0,0.0,0.0,0.0,0.0,25.79,27.01,0.11,0.08,0.0,0.0,True,4,15,27,7,0,0.0,0.0,0.0,0.0,0,1,0
2026-07-27 04:30:00,0.0,0.0,0.0,0.0,0.0,0.0,0.0,0.0,0.0,0.0,0.0,25.71,27.04,0.16,0.09,0.0,0.0,True,4,30,27,7,0,0.0,0.0,0.0,0.0,0,1,0
2026-07-27 04:45:00,0.0,0.0,0.0,0.0,0.0,0.0,0.0,0.0,0.0,0.0,0.0,25.81,27.0,0.14,0.1,0.0,0.0,True,4,45,27,7,0,0.0,0.0,0.0,0.0,0,1,0
2026-07-27 05:00:00,0.0,0.0,0.0,0.0,0.0,0.0,0.0,0.0,0.0,0.0,0.0,26.15,27.08,0.13,0.1,0.0,0.0,True,5,0,27,7,0,0.0,0.0,0.0,0.0,0,1,0
2026-07-27 05:15:00,0.0,0.0,0.0,0.0,0.0,0.0,0.0,0.0,0.0,0.0,0.0,25.88,27.1,0.17,0.11,0.0,0.0,True,5,15,27,7,0,0.0,0.0,0.0,0.0,0,1,0
2026-07-27 05:30:00,0.0,0.0,0.0,0.0,0.0,0.0,0.0,0.0,0.0,0.0,0.0,25.78,27.17,0.12,0.08,0.0,0.0,True,5,30,27,7,0,0.0,0.0,0.0,0.0,0,1,0
2026-07-27 05:45:00,0.0,0.0,0.0,0.0,0.0,0.0,0.0,0.0,0.0,0.0,0.0,26.08,27.09,0.2,0.09,0.0,0.0,True,5,45,27,7,0,0.0,0.0,0.0,0.0,0,1,0
2026-07-27 06:00:00,0.0,0.0,0.0,0.0,0.0,0.61,0.64,0.71,0.74,0.79,0.82,25.67,27.12,1.53,0.76,0.0,0.0,True,6,0,27,7,0,0.0,0.0,0.0,0.0,0,1,0
2026-07-27 06:15:00,37.5,0.0,0.0,2.29,2.37,18.74,19.35,17.28,17.95,18.0,18.7,26.45,27.18,8.58,7.64,0.0,26.55,True,6,15,27,7,0,0.0,0.0,12.5,21.650635094610966,0,1,0
2026-07-27 06:30:00,274.8,58.13,59.53,61.22,62.71,59.46,61.24,59.94,61.4,60.41,61.87,26.25,27.15,23.32,21.99,0.0,71.54,True,6,30,27,7,0,37.5,0.0,104.10000000000001,149.01486503030495,1,1,0
2026-07-27 06:45:00,498.21,103.09,104.77,106.44,108.14,101.48,103.87,103.58,105.27,104.26,106.0,26.94,27.21,38.62,36.78,0.0,78.55,True,6,45,27,7,0,274.8,37.5,270.17,230.38989496069485,1,1,0
2026-07-27 07:00:00,706.2,141.04,143.08,146.3,148.42,148.97,151.8,143.92,146.01,148.96,151.12,27.62,27.31,54.93,53.2,0.0,78.5,True,7,0,27,7,0,498.21,274.8,493.07,215.7459262651326,1,1,0
2026-07-27 07:15:00,592.2,117.06,118.83,120.82,122.61,127.01,129.56,119.98,121.76,126.55,128.43,27.76,27.55,48.9,47.85,0.25,73.98,True,7,15,27,7,0,706.2,498.21,598.87,104.1553008732635,1,1,0
2026-07-27 07:30:00,457.2,96.0,97.78,96.55,98.33,90.68,92.98,95.89,97.66,96.57,98.35,27.45,27.44,35.04,34.24,0.25,79.61,True,7,30,27,7,0,592.2,706.2,585.2,124.64750298341337,1,1,0
2026-07-27 07:45:00,1398.21,276.78,280.56,282.05,285.96,284.29,289.59,282.6,286.52,291.98,296.01,28.2,27.47,97.46,96.46,0.25,87.81,True,7,45,27,7,0,457.2,592.2,815.87,508.8183926510519,1,1,0
2026-07-27 08:00:00,1987.2,391.28,396.85,401.76,407.4,407.4,414.55,392.88,398.46,410.82,416.53,29.96,27.65,147.56,146.27,0.5,83.02,True,8,0,27,7,0,1398.21,457.2,1280.8700000000001,771.7198369227008,1,1,0
2026-07-27 08:15:00,1668.6,330.97,335.77,339.0,343.92,337.0,343.22,332.72,337.55,347.18,352.22,29.82,27.71,120.39,119.07,0.5,85.39,True,8,15,27,7,0,1987.2,1398.21,1684.67,294.8236569544579,1,1,0
2026-07-27 08:30:00,2122.2,422.24,428.03,427.81,433.68,425.25,432.64,427.95,433.82,444.93,450.9,30.03,27.81,145.3,145.13,0.75,90.06,True,8,30,27,7,0,1668.6,1987.2,1926.0,232.91054076619156,1,1,0
2026-07-27 08:45:00,3458.4,691.28,699.45,699.73,708.01,676.88,687.87,691.57,699.75,711.12,719.54,32.43,28.15,236.32,235.56,1.0,91.13,True,8,45,27,7,0,2122.2,1668.6,2416.4,930.4629170472082,1,1,0
2026-07-27 09:00:00,2598.0,509.13,515.53,523.83,530.35,532.03,540.85,513.86,520.27,538.31,544.99,32.33,28.24,188.71,186.7,1.0,85.69,True,9,0,27,7,0,3458.4,2122.2,2726.2000000000003,677.2621648962827,1,1,0
2026-07-27 09:15:00,2220.0,440.87,446.79,451.42,457.4,449.81,457.5,440.63,446.58,458.0,464.02,31.89,28.09,158.59,158.6,1.25,86.97,True,9,15,27,7,0,2598.0,3458.4,2758.7999999999997,634.666148459172,1,1,0
2026-07-27 09:30:00,2476.8,508.62,514.96,519.31,525.74,478.0,486.08,503.24,509.53,504.97,511.26,31.54,28.11,161.21,158.53,1.5,95.32,True,9,30,27,7,0,2220.0,2598.0,2431.6,193.01108776440847,1,1,0
2026-07-27 09:45:00,3697.07,738.49,747.23,748.55,757.42,722.2,733.95,739.28,748.03,757.86,766.86,31.51,28.36,244.18,241.81,1.75,93.93,True,9,45,27,7,0,2476.8,2220.0,2797.956666666667,789.1705453406967,1,1,0
2026-07-27 10:00:00,3849.43,744.61,753.42,765.97,775.05,801.17,814.14,750.3,759.18,790.56,799.96,34.8,28.61,285.4,282.91,2.0,84.82,True,10,0,27,7,0,3697.07,2476.8,3341.1,752.3724210123581,1,1,0
2026-07-27 10:15:00,3362.4,674.77,682.75,688.17,696.32,666.38,677.24,669.06,676.97,682.2,690.27,33.27,28.55,230.76,228.19,2.25,91.05,True,10,15,27,7,0,3849.43,3697.07,3636.2999999999997,249.1371106439106,1,1,0
2026-07-27 10:30:00,5340.0,1063.11,1076.38,1077.99,1091.44,1092.26,1111.21,1069.52,1082.86,1104.06,1117.85,34.71,28.87,371.84,370.74,2.5,90.27,True,10,30,27,7,0,3362.4,3849.43,4183.943333333334,1030.3639248505003,1,1,0
2026-07-27 10:45:00,6880.8,1357.23,1375.02,1396.87,1415.42,1421.44,1447.71,1354.01,1371.97,1400.7,1419.27,40.49,29.77,510.2,505.72,3.0,86.86,True,10,45,27,7,0,5340.0,3362.4,5194.400000000001,1763.713173959981,1,1,0
2026-07-27 11:00:00,6427.8,1297.76,1314.32,1308.74,1325.44,1281.92,1304.64,1274.95,1291.46,1286.05,1302.46,41.48,29.81,457.7,454.52,3.5,90.84,True,11,0,27,7,0,6880.8,5340.0,6216.2,791.8946142006437,1,1,0
2026-07-27 11:15:00,5264.36,1049.55,1062.66,1075.04,1088.7,1051.64,1069.37,1043.73,1056.59,1067.62,1081.24,39.55,29.96,365.85,364.08,3.75,92.31,True,11,15,27,7,0,6427.8,6880.8,6190.986666666667,833.8345066818237,1,1,0
2026-07-27 11:30:00,6082.2,1230.28,1245.98,1272.89,1289.13,1187.36,1207.92,1210.67,1226.12,1216.71,1232.24,39.91,30.34,408.66,403.52,4.25,95.63,True,11,30,27,7,0,5264.36,6427.8,5924.786666666667,597.4800218696198,1,1,0
2026-07-27 11:45:00,5827.2,1171.23,1186.17,1201.33,1216.66,1152.42,1172.24,1161.89,1176.71,1181.44,1196.52,39.03,30.55,394.05,387.49,4.75,94.66,True,11,45,27,7,0,6082.2,5264.36,5724.586666666666,418.4646801503353,1,1,0
2026-07-27 12:00:00,5970.0,1251.09,1267.22,1275.03,1291.75,1131.21,1150.79,1189.84,1204.71,1183.65,1198.68,39.34,30.65,400.31,392.75,5.0,95.59,True,12,0,27,7,0,5827.2,6082.2,5959.799999999999,127.80563367859742,1,0,1
2026-07-27 12:15:00,5698.2,1153.4,1167.84,1164.95,1179.54,1107.17,1126.22,1153.89,1168.35,1172.42,1187.12,38.43,30.75,376.8,371.47,5.5,96.56,True,12,15,27,7,0,5970.0,5827.2,5831.8,135.95837598319815,1,0,1
2026-07-27 12:30:00,9072.0,1882.18,1910.5,1888.95,1917.26,1663.51,1696.28,1871.34,1899.48,1801.88,1828.5,41.2,31.28,587.42,577.73,6.0,99.77,True,12,30,27,7,0,5698.2,5970.0,6913.399999999999,1874.3356903180343,1,0,1
2026-07-27 12:45:00,8231.4,1637.56,1661.1,1649.42,1672.81,1651.26,1683.67,1660.18,1684.22,1663.3,1687.1,44.83,31.47,619.46,612.84,6.75,87.2,True,12,45,27,7,0,9072.0,5698.2,7667.2,1756.2382640177202,1,0,1
2026-07-27 13:00:00,8865.6,1893.02,1921.71,1844.58,1872.05,1685.84,1719.18,1853.52,1881.14,1699.28,1723.77,45.71,31.67,630.92,626.77,7.25,92.57,True,13,0,27,7,0,8231.4,9072.0,8723.0,438.06752904086215,1,0,1
2026-07-27 13:15:00,12001.2,2569.53,2611.41,2446.05,2485.58,2428.04,2482.74,2399.34,2437.99,2577.76,2619.65,47.06,31.99,931.39,922.49,8.0,85.39,True,13,15,27,7,0,8865.6,8231.4,9699.400000000001,2018.480824778863,1,0,1
2026-07-27 13:30:00,9397.8,1921.81,1950.8,1871.85,1900.03,1679.08,1712.69,1910.07,1938.87,1685.68,1709.87,49.89,32.32,712.74,706.06,8.75,88.47,True,13,30,27,7,0,12001.2,8865.6,10088.199999999999,1677.9409882352702,1,0,1
2026-07-27 13:45:00,12419.36,2293.12,2329.51,2314.69,2350.87,2442.91,2497.91,2591.1,2633.26,2750.4,2795.71,48.63,32.21,984.8,969.44,9.5,84.15,True,13,45,27,7,0,9397.8,12001.2,11272.786666666667,1637.1914049778302,1,0,1
2026-07-27 14:00:00,12288.6,2429.49,2468.5,2455.69,2495.35,2452.93,2508.21,2493.66,2534.19,2771.13,2816.86,53.03,32.61,1032.22,1016.93,10.5,81.01,True,14,0,27,7,0,12419.36,9397.8,11368.586666666664,1708.0031055397062,1,0,1
2026-07-27 14:15:00,5612.4,1100.58,1114.72,1099.82,1113.76,1175.86,1196.89,1073.0,1086.34,1122.23,1136.19,46.29,31.82,490.5,491.69,11.0,75.57,True,14,15,27,7,0,12288.6,12419.36,10106.786666666667,3892.8020983005663,1,0,1
2026-07-27 14:30:00,3592.8,684.92,693.01,702.38,710.68,758.5,770.78,700.53,708.8,752.72,761.66,37.48,30.46,259.16,265.11,11.25,88.16,True,14,30,27,7,0,5612.4,12288.6,7164.600000000001,4550.959024205775,1,0,1
2026-07-27 14:45:00,3033.0,613.65,620.98,636.91,644.48,612.34,622.36,601.71,608.96,609.74,616.99,31.39,28.98,198.7,192.08,11.25,94.64,True,14,45,27,7,0,3592.8,5612.4,4079.4,1356.801665682938,1,0,1
2026-07-27 15:00:00,2751.0,553.94,560.57,567.05,573.79,547.85,556.89,549.77,556.36,558.13,564.81,28.78,28.26,179.3,173.25,11.5,94.12,True,15,0,27,7,0,3033.0,3592.8,3125.6,428.47156265031316,1,0,1
2026-07-27 15:15:00,2719.8,545.78,552.4,557.97,564.74,543.04,552.02,540.89,547.49,552.46,559.16,29.92,28.82,180.98,173.93,11.75,92.62,True,15,15,27,7,0,2751.0,3033.0,2834.6,172.52617192763236,1,0,1
2026-07-27 15:30:00,2547.6,510.73,517.1,522.65,529.12,508.98,517.49,505.92,512.23,517.54,523.95,30.93,29.07,174.05,166.22,12.0,90.59,True,15,30,27,7,0,2719.8,2751.0,2672.7999999999997,109.54286832105511,1,0,1
2026-07-27 15:45:00,1712.4,348.39,353.4,355.13,360.2,334.96,341.13,341.74,346.65,346.73,351.7,31.58,29.29,121.4,115.46,12.0,87.53,True,15,45,27,7,0,2547.6,2719.8,2326.6,538.8361903213314,1,0,1
2026-07-27 16:00:00,1278.0,262.44,266.25,265.61,269.46,249.5,254.47,258.83,262.59,261.96,265.76,30.99,29.3,88.0,84.12,12.0,89.9,True,16,0,27,7,0,1712.4,2547.6,1846.0,645.2579019276006,1,0,1
2026-07-27 16:15:00,1032.6,208.99,212.64,210.61,214.25,206.26,211.07,208.97,212.54,216.06,219.61,30.49,28.95,71.71,70.09,12.25,88.96,True,16,15,27,7,0,1278.0,1712.4,1341.0,344.25101307042263,1,0,1
2026-07-27 16:30:00,807.0,162.38,165.29,166.26,169.16,165.62,169.87,161.42,164.26,166.82,169.73,30.38,29.19,60.38,57.75,12.25,82.52,True,16,30,27,7,0,1032.6,1278.0,1039.2,235.56935284542854,1,0,1
2026-07-27 16:45:00,514.29,106.09,109.3,110.14,113.07,110.87,114.3,105.15,108.26,108.88,111.91,28.91,29.08,39.3,37.14,12.25,80.33,True,16,45,27,7,0,807.0,1032.6,784.63,259.87809969294347,1,0,1
2026-07-27 17:00:00,291.6,61.83,64.22,63.29,65.73,62.28,64.25,60.75,63.1,62.52,64.94,27.45,28.31,23.81,22.92,12.25,74.73,True,17,0,27,7,0,514.29,807.0,537.63,258.4915021814389,1,0,1
2026-07-27 17:15:00,192.6,41.83,43.44,42.35,43.98,43.69,45.09,41.99,43.61,44.15,45.86,26.69,27.76,17.8,17.83,12.25,65.83,True,17,15,27,7,0,291.6,514.29,332.83,164.76057993348388,0,0,1
2026-07-27 17:30:00,185.79,40.78,42.36,40.92,42.5,41.84,43.19,41.15,42.74,43.13,44.8,26.67,27.83,17.09,17.46,12.25,66.12,True,17,30,27,7,0,192.6,291.6,223.33,59.2215222703582,0,0,1
2026-07-27 17:45:00,215.36,46.51,48.31,46.74,48.54,47.62,49.14,47.23,49.06,49.68,51.6,26.26,27.74,19.06,20.04,12.25,68.62,True,17,45,27,7,0,185.79,192.6,197.91666666666666,15.485361905748327,1,0,1
2026-07-27 18:00:00,202.8,43.51,45.19,44.33,46.04,46.24,47.72,44.33,46.04,46.79,48.6,25.85,27.44,17.24,17.28,12.25,71.3,True,18,0,27,7,0,215.36,185.79,201.3166666666667,14.840701915744518,0,0,1
2026-07-27 18:15:00,159.6,35.65,37.02,36.53,37.94,37.19,38.4,35.63,37.0,37.34,38.78,26.07,27.55,16.04,15.06,12.25,60.36,True,18,15,27,7,0,202.8,215.36,192.58666666666667,29.249419367776007,0,0,1
2026-07-27 18:30:00,46.8,14.02,14.57,13.64,14.17,14.76,15.29,13.65,14.17,14.31,14.86,26.04,27.32,8.01,7.9,12.25,35.44,True,18,30,27,7,0,159.6,202.8,136.4,80.54613584784188,0,0,1
2026-07-27 18:45:00,9.0,4.1,4.26,3.91,4.06,5.33,5.55,4.3,4.47,4.44,4.61,25.45,27.33,5.57,4.82,12.25,9.79,True,18,45,27,7,0,46.8,159.6,71.8,78.35074983699484,0,0,1
2026-07-27 19:00:00,0.0,0.0,0.0,0.0,0.0,0.01,0.02,0.0,0.0,0.0,0.0,25.76,27.29,1.58,0.83,12.25,0.0,True,19,0,27,7,0,9.0,46.8,18.599999999999998,24.8330425042852,0,0,1
2026-07-27 19:15:00,0.0,0.0,0.0,0.0,0.0,0.0,0.0,0.0,0.0,0.0,0.0,25.83,27.29,0.52,0.11,12.25,0.0,True,19,15,27,7,0,0.0,9.0,3.0,5.196152424604196,0,0,1
2026-07-27 19:30:00,0.0,0.0,0.0,0.0,0.0,0.0,0.0,0.0,0.0,0.0,0.0,25.77,27.23,0.33,0.13,12.25,0.0,True,19,30,27,7,0,0.0,0.0,0.0,0.00014048604878673143,0,0,1
2026-07-27 19:45:00,0.0,0.0,0.0,0.0,0.0,0.0,0.0,0.0,0.0,0.0,0.0,25.77,27.15,0.19,0.1,12.25,0.0,True,19,45,27,7,0,0.0,0.0,0.0,0.00014048604878673143,0,0,1
2026-07-27 20:00:00,0.0,0.0,0.0,0.0,0.0,0.0,0.0,0.0,0.0,0.0,0.0,25.56,27.28,0.52,0.13,12.25,0.0,True,20,0,27,7,0,0.0,0.0,0.0,0.00014048604878673143,0,0,1
2026-07-27 20:15:00,0.0,0.0,0.0,0.0,0.0,0.0,0.0,0.0,0.0,0.0,0.0,25.61,27.24,0.21,0.12,12.25,0.0,True,20,15,27,7,0,0.0,0.0,0.0,0.00014048604878673143,0,0,1
2026-07-27 20:30:00,0.0,0.0,0.0,0.0,0.0,0.0,0.0,0.0,0.0,0.0,0.0,25.6,27.03,0.14,0.1,12.25,0.0,True,20,30,27,7,0,0.0,0.0,0.0,0.00014048604878673143,0,0,1
2026-07-27 20:45:00,0.0,0.0,0.0,0.0,0.0,0.0,0.0,0.0,0.0,0.0,0.0,25.65,27.07,0.18,0.13,12.25,0.0,True,20,45,27,7,0,0.0,0.0,0.0,0.00014048604878673143,0,0,1
2026-07-27 21:00:00,0.0,0.0,0.0,0.0,0.0,0.0,0.0,0.0,0.0,0.0,0.0,25.48,27.28,0.17,0.13,12.25,0.0,True,21,0,27,7,0,0.0,0.0,0.0,0.00014048604878673143,0,0,1
2026-07-27 21:15:00,0.0,0.0,0.0,0.0,0.0,0.0,0.0,0.0,0.0,0.0,0.0,25.59,27.25,0.25,0.12,12.25,0.0,True,21,15,27,7,0,0.0,0.0,0.0,0.00014048604878673143,0,0,1
2026-07-27 21:30:00,0.0,0.0,0.0,0.0,0.0,0.0,0.0,0.0,0.0,0.0,0.0,25.96,27.29,0.72,0.14,12.25,0.0,True,21,30,27,7,0,0.0,0.0,0.0,0.00014048604878673143,0,0,1
2026-07-27 21:45:00,0.0,0.0,0.0,0.0,0.0,0.0,0.0,0.0,0.0,0.0,0.0,25.54,27.37,0.53,0.11,12.25,0.0,True,21,45,27,7,0,0.0,0.0,0.0,0.00014048604878673143,0,0,1
2026-07-27 22:00:00,0.0,0.0,0.0,0.0,0.0,0.0,0.0,0.0,0.0,0.0,0.0,25.99,27.36,0.35,0.09,12.25,0.0,True,22,0,27,7,0,0.0,0.0,0.0,0.00014048604878673143,0,0,1
2026-07-27 22:15:00,0.0,0.0,0.0,0.0,0.0,0.0,0.0,0.0,0.0,0.0,0.0,26.44,27.23,0.59,0.1,12.25,0.0,True,22,15,27,7,0,0.0,0.0,0.0,0.00014048604878673143,0,0,1
2026-07-27 22:30:00,0.0,0.0,0.0,0.0,0.0,0.0,0.0,0.0,0.0,0.0,0.0,25.94,27.2,0.45,0.1,12.25,0.0,True,22,30,27,7,0,0.0,0.0,0.0,0.00014048604878673143,0,0,1
2026-07-27 22:45:00,0.0,0.0,0.0,0.0,0.0,0.0,0.0,0.0,0.0,0.0,0.0,25.55,27.34,0.37,0.11,12.25,0.0,True,22,45,27,7,0,0.0,0.0,0.0,0.00014048604878673143,0,0,1
2026-07-27 23:00:00,0.0,0.0,0.0,0.0,0.0,0.0,0.0,0.0,0.0,0.0,0.0,26.18,27.5,0.93,0.12,12.25,0.0,True,23,0,27,7,0,0.0,0.0,0.0,0.00014048604878673143,0,0,1
2026-07-27 23:15:00,0.0,0.0,0.0,0.0,0.0,0.0,0.0,0.0,0.0,0.0,0.0,26.28,27.54,0.45,0.12,12.25,0.0,True,23,15,27,7,0,0.0,0.0,0.0,0.00014048604878673143,0,0,1
2026-07-27 23:30:00,0.0,0.0,0.0,0.0,0.0,0.0,0.0,0.0,0.0,0.0,0.0,26.29,27.6,1.1,0.14,12.25,0.0,True,23,30,27,7,0,0.0,0.0,0.0,0.00014048604878673143,0,0,1
2026-07-27 23:45:00,0.0,0.0,0.0,0.0,0.0,0.0,0.0,0.0,0.0,0.0,0.0,26.33,27.8,1.14,0.12,12.25,0.0,True,23,45,27,7,0,0.0,0.0,0.0,0.00014048604878673143,0,0,1
2026-07-28 00:15:00,0.0,0.0,0.0,0.0,0.0,0.0,0.0,0.0,0.0,0.0,0.0,26.05,27.2,0.3,0.09,0.0,0.0,True,0,15,28,7,1,0.0,0.0,0.0,0.0,0,1,0
2026-07-28 00:30:00,0.0,0.0,0.0,0.0,0.0,0.0,0.0,0.0,0.0,0.0,0.0,25.95,26.83,0.11,0.1,0.0,0.0,True,0,30,28,7,1,0.0,0.0,0.0,0.0,0,1,0
2026-07-28 00:45:00,0.0,0.0,0.0,0.0,0.0,0.0,0.0,0.0,0.0,0.0,0.0,25.59,26.73,0.25,0.12,0.0,0.0,True,0,45,28,7,1,0.0,0.0,0.0,0.0,0,1,0
2026-07-28 01:00:00,0.0,0.0,0.0,0.0,0.0,0.0,0.0,0.0,0.0,0.0,0.0,25.27,26.74,0.61,0.12,0.0,0.0,True,1,0,28,7,1,0.0,0.0,0.0,0.0,0,1,0
2026-07-28 01:15:00,0.0,0.0,0.0,0.0,0.0,0.0,0.0,0.0,0.0,0.0,0.0,25.25,26.38,0.16,0.12,0.0,0.0,True,1,15,28,7,1,0.0,0.0,0.0,0.0,0,1,0
2026-07-28 01:30:00,0.0,0.0,0.0,0.0,0.0,0.0,0.0,0.0,0.0,0.0,0.0,24.87,26.4,0.52,0.1,0.0,0.0,True,1,30,28,7,1,0.0,0.0,0.0,0.0,0,1,0
2026-07-28 01:45:00,0.0,0.0,0.0,0.0,0.0,0.0,0.0,0.0,0.0,0.0,0.0,24.69,26.47,0.62,0.11,0.0,0.0,True,1,45,28,7,1,0.0,0.0,0.0,0.0,0,1,0
2026-07-28 02:00:00,0.0,0.0,0.0,0.0,0.0,0.0,0.0,0.0,0.0,0.0,0.0,24.97,26.66,0.88,0.12,0.0,0.0,True,2,0,28,7,1,0.0,0.0,0.0,0.0,0,1,0
2026-07-28 02:15:00,0.0,0.0,0.0,0.0,0.0,0.0,0.0,0.0,0.0,0.0,0.0,24.84,26.66,0.24,0.13,0.0,0.0,True,2,15,28,7,1,0.0,0.0,0.0,0.0,0,1,0
2026-07-28 02:30:00,0.0,0.0,0.0,0.0,0.0,0.0,0.0,0.0,0.0,0.0,0.0,25.0,26.7,0.49,0.11,0.0,0.0,True,2,30,28,7,1,0.0,0.0,0.0,0.0,0,1,0
2026-07-28 02:45:00,0.0,0.0,0.0,0.0,0.0,0.0,0.0,0.0,0.0,0.0,0.0,25.39,26.69,0.46,0.13,0.0,0.0,True,2,45,28,7,1,0.0,0.0,0.0,0.0,0,1,0
2026-07-28 03:00:00,0.0,0.0,0.0,0.0,0.0,0.0,0.0,0.0,0.0,0.0,0.0,25.55,26.75,0.4,0.11,0.0,0.0,True,3,0,28,7,1,0.0,0.0,0.0,0.0,0,1,0
2026-07-28 03:15:00,0.0,0.0,0.0,0.0,0.0,0.0,0.0,0.0,0.0,0.0,0.0,25.29,26.78,0.16,0.13,0.0,0.0,True,3,15,28,7,1,0.0,0.0,0.0,0.0,0,1,0
2026-07-28 03:30:00,0.0,0.0,0.0,0.0,0.0,0.0,0.0,0.0,0.0,0.0,0.0,25.22,26.75,0.44,0.12,0.0,0.0,True,3,30,28,7,1,0.0,0.0,0.0,0.0,0,1,0
2026-07-28 03:45:00,0.0,0.0,0.0,0.0,0.0,0.0,0.0,0.0,0.0,0.0,0.0,25.08,26.8,0.87,0.12,0.0,0.0,True,3,45,28,7,1,0.0,0.0,0.0,0.0,0,1,0
2026-07-28 04:00:00,0.0,0.0,0.0,0.0,0.0,0.0,0.0,0.0,0.0,0.0,0.0,25.26,26.93,0.98,0.11,0.0,0.0,True,4,0,28,7,1,0.0,0.0,0.0,0.0,0,1,0
2026-07-28 04:15:00,0.0,0.0,0.0,0.0,0.0,0.0,0.0,0.0,0.0,0.0,0.0,25.67,27.03,0.87,0.11,0.0,0.0,True,4,15,28,7,1,0.0,0.0,0.0,0.0,0,1,0
2026-07-28 04:30:00,0.0,0.0,0.0,0.0,0.0,0.0,0.0,0.0,0.0,0.0,0.0,26.16,27.08,0.86,0.11,0.0,0.0,True,4,30,28,7,1,0.0,0.0,0.0,0.0,0,1,0
2026-07-28 04:45:00,0.0,0.0,0.0,0.0,0.0,0.0,0.0,0.0,0.0,0.0,0.0,25.96,27.07,0.66,0.1,0.0,0.0,True,4,45,28,7,1,0.0,0.0,0.0,0.0,0,1,0
2026-07-28 05:00:00,0.0,0.0,0.0,0.0,0.0,0.0,0.0,0.0,0.0,0.0,0.0,26.01,27.21,0.87,0.1,0.0,0.0,True,5,0,28,7,1,0.0,0.0,0.0,0.0,0,1,0
2026-07-28 05:15:00,0.0,0.0,0.0,0.0,0.0,0.0,0.0,0.0,0.0,0.0,0.0,26.32,27.23,0.84,0.11,0.0,0.0,True,5,15,28,7,1,0.0,0.0,0.0,0.0,0,1,0
2026-07-28 05:30:00,0.0,0.0,0.0,0.0,0.0,0.0,0.0,0.0,0.0,0.0,0.0,26.48,27.23,0.8,0.1,0.0,0.0,True,5,30,28,7,1,0.0,0.0,0.0,0.0,0,1,0
2026-07-28 05:45:00,0.0,0.0,0.0,0.0,0.0,0.0,0.0,0.0,0.0,0.0,0.0,26.51,27.28,0.7,0.11,0.0,0.0,True,5,45,28,7,1,0.0,0.0,0.0,0.0,0,1,0
2026-07-28 06:00:00,0.0,0.0,0.0,0.0,0.0,1.01,1.05,1.11,1.15,1.39,1.44,26.34,27.25,1.83,0.89,0.0,0.0,True,6,0,28,7,1,0.0,0.0,0.0,0.0,0,1,0
2026-07-28 06:15:00,54.69,9.09,9.44,16.0,16.61,17.32,17.88,16.34,16.97,17.36,18.03,26.62,27.32,8.3,7.13,0.25,40.09,True,6,15,28,7,1,0.0,0.0,18.23,31.57528622198063,0,1,0
2026-07-28 06:30:00,121.8,29.48,30.62,30.19,31.36,28.0,28.88,29.33,30.46,29.54,30.68,26.58,27.22,12.03,10.59,0.25,61.58,True,6,30,28,7,1,54.69,0.0,58.830000000000005,61.00544811736079,0,1,0
2026-07-28 06:45:00,205.71,45.61,47.17,47.18,48.78,46.69,48.14,46.62,48.13,48.48,49.91,26.2,27.03,17.52,16.12,0.25,71.3,True,6,45,28,7,1,121.8,54.69,127.39999999999999,75.66558068236839,0,1,0
2026-07-28 07:00:00,292.8,59.11,60.53,61.25,62.64,67.72,69.71,61.59,62.93,66.81,68.19,26.04,26.96,26.31,24.97,0.25,67.52,True,7,0,28,7,1,205.71,121.8,206.76999999999998,85.50492792816097,1,1,0
2026-07-28 07:15:00,690.0,143.69,145.83,146.9,149.09,148.77,151.83,148.02,150.23,156.24,158.57,26.66,26.98,52.21,50.35,0.25,80.38,True,7,15,28,7,1,292.8,205.71,396.17,258.1631629415785,1,1,0
2026-07-28 07:30:00,1095.0,212.62,215.48,237.83,241.03,231.14,236.13,220.58,223.66,242.97,246.25,27.82,27.11,80.14,76.34,0.25,83.5,True,7,30,28,7,1,690.0,292.8,692.6,401.1063200698787,1,1,0
2026-07-28 07:45:00,1408.8,281.52,285.6,285.92,290.07,280.05,285.42,278.97,283.02,286.41,290.56,28.81,27.27,99.11,95.26,0.5,87.22,True,7,45,28,7,1,1095.0,690.0,1064.6000000000001,360.3629836706317,1,1,0
2026-07-28 08:00:00,1263.0,257.65,261.39,262.81,266.63,246.07,251.04,252.31,255.97,253.64,257.32,29.13,27.34,86.22,82.57,0.5,89.99,True,8,0,28,7,1,1408.8,1095.0,1255.6000000000001,157.0308249994249,1,1,0
2026-07-28 08:15:00,1425.6,301.55,305.93,305.1,309.52,278.51,283.93,299.98,304.33,303.52,307.92,29.14,27.38,93.64,91.48,0.5,93.53,True,8,15,28,7,1,1263.0,1408.8,1365.8,89.42281588051247,1,1,0
2026-07-28 08:30:00,1936.2,398.06,403.61,401.98,407.55,380.57,387.38,398.34,403.89,407.34,413.0,29.53,27.54,127.85,126.3,0.75,93.19,True,8,30,28,7,1,1425.6,1263.0,1541.5999999999997,351.271348105706,1,1,0
2026-07-28 08:45:00,2133.0,428.84,434.62,436.44,442.22,424.41,431.79,425.6,431.35,434.73,440.48,30.18,27.72,144.5,141.77,0.75,91.08,True,8,45,28,7,1,1936.2,1425.6,1831.5999999999997,365.1158172415982,1,1,0
2026-07-28 09:00:00,1971.64,397.78,403.55,401.82,407.6,385.75,392.63,396.75,402.51,406.53,412.33,30.78,27.88,133.17,131.16,1.0,91.57,True,9,0,28,7,1,2133.0,1936.2,2013.6133333333335,104.89938290253902,1,1,0
2026-07-28 09:15:00,2242.8,464.03,470.15,468.61,474.72,436.25,443.77,463.85,469.94,472.42,478.55,31.05,28.01,147.73,145.58,1.25,94.0,True,9,15,28,7,1,1971.64,2133.0,2115.813333333333,136.3945473005926,1,1,0
2026-07-28 09:30:00,3080.4,634.45,641.93,642.89,650.47,619.4,629.55,642.4,649.97,663.09,670.92,32.04,28.23,207.33,205.83,1.25,92.37,True,9,30,28,7,1,2242.8,1971.64,2431.6133333333332,577.9922495443465,1,1,0
2026-07-28 09:45:00,5494.2,1105.04,1118.87,1124.41,1138.6,1111.68,1130.71,1101.62,1115.41,1134.45,1148.7,34.38,28.56,379.97,378.35,1.75,90.77,True,9,45,28,7,1,3080.4,2242.8,3605.8000000000006,1688.174860611306,1,1,0
2026-07-28 10:00:00,6417.0,1362.9,1381.18,1369.25,1387.4,1250.54,1272.73,1313.17,1330.1,1337.46,1355.05,37.56,28.9,443.37,443.91,2.25,92.07,True,10,0,28,7,1,5494.2,3080.4,4997.200000000001,1722.9282167287195,1,1,0
2026-07-28 10:15:00,9261.0,1964.1,1994.23,1915.28,1944.02,1558.29,1588.32,1921.92,1951.0,1891.75,1920.86,40.57,29.3,568.27,568.89,2.75,105.0,True,10,15,28,7,1,6417.0,5494.2,7057.400000000001,1963.359284491763,1,1,0
2026-07-28 10:30:00,6520.2,1253.98,1270.26,1257.41,1273.92,1350.36,1374.87,1250.84,1267.06,1329.4,1346.85,40.5,29.63,487.95,485.72,3.25,86.07,True,10,30,28,7,1,9261.0,6417.0,7399.400000000001,1613.0184375883643,1,1,0
2026-07-28 10:45:00,4780.93,933.0,944.26,964.95,976.66,949.12,964.82,914.7,925.7,928.64,939.84,38.06,29.46,329.25,324.54,3.5,92.57,True,10,45,28,7,1,6520.2,9261.0,6854.043333333334,2258.615799473948,1,1,0
2026-07-28 11:00:00,6411.0,1320.35,1337.19,1343.06,1360.2,1296.79,1320.04,1358.07,1375.88,1398.36,1416.68,36.91,29.64,439.52,438.01,4.0,92.54,True,11,0,28,7,1,4780.93,6520.2,5904.043333333334,974.1759746746678,1,1,0
2026-07-28 11:15:00,6258.0,1168.28,1183.19,1200.83,1216.16,1323.99,1348.2,1185.09,1200.45,1272.08,1288.84,39.68,29.81,464.47,463.58,4.5,86.48,True,11,15,28,7,1,6411.0,4780.93,5816.643333333333,900.2104374163516,1,1,0
2026-07-28 11:30:00,7612.8,1458.74,1478.2,1437.67,1457.39,1515.84,1544.97,1477.61,1497.87,1564.94,1587.06,40.01,30.05,537.74,536.53,5.0,91.0,True,11,30,28,7,1,6258.0,6411.0,6760.600000000001,741.9810509709841,1,1,0
2026-07-28 11:45:00,3789.0,703.9,712.23,711.67,720.09,801.67,814.66,731.16,739.81,800.13,809.64,37.95,30.22,288.03,292.93,5.25,83.82,True,11,45,28,7,1,7612.8,6258.0,5886.600000000001,1938.7663809752858,1,1,0
2026-07-28 12:00:00,7505.4,1767.09,1794.25,1764.58,1791.46,1390.74,1418.51,1662.49,1687.66,1680.51,1705.51,35.96,29.87,459.85,462.67,5.75,103.14,True,12,0,28,7,1,3789.0,7612.8,6302.400000000001,2177.3305582754324,1,0,1
2026-07-28 12:15:00,10503.0,2041.93,2073.97,2138.84,2172.32,2215.32,2263.81,1939.91,1969.47,2116.63,2149.82,45.39,30.76,933.1,933.96,6.5,74.05,True,12,15,28,7,1,7505.4,3789.0,7265.8,3363.406772901548,1,0,1
2026-07-28 12:30:00,4205.57,772.44,781.8,799.56,809.27,879.32,894.07,782.27,791.77,833.52,843.83,43.16,30.56,332.87,332.21,6.75,82.32,True,12,30,28,7,1,10503.0,7505.4,7404.656666666667,3149.9235015525915,1,0,1
2026-07-28 12:45:00,1540.2,301.53,305.91,307.92,312.38,301.33,306.98,294.85,299.13,295.58,299.86,35.15,29.9,105.99,107.88,7.0,91.51,True,12,45,28,7,1,4205.57,10503.0,5416.256666666667,4602.41975634919,1,0,1
2026-07-28 13:00:00,1276.8,248.38,252.19,255.86,259.78,246.61,251.69,240.98,244.68,242.82,246.5,31.9,29.65,84.34,85.67,7.0,94.07,True,13,0,28,7,1,1540.2,4205.57,2340.856666666667,1620.2505212569226,1,0,1
2026-07-28 13:15:00,1036.8,226.99,230.71,230.33,234.03,196.31,200.91,221.99,225.65,219.6,223.22,30.0,28.89,64.17,65.29,7.25,99.62,True,13,15,28,7,1,1276.8,1540.2,1284.6000000000006,251.79062730767967,1,0,1
2026-07-28 13:30:00,2461.8,545.37,552.12,547.56,554.34,461.57,469.5,541.7,548.41,540.37,547.08,28.85,28.62,148.71,147.43,7.25,101.59,True,13,30,28,7,1,1036.8,1276.8,1591.8000000000009,762.9383985617682,1,0,1
2026-07-28 13:45:00,4396.85,890.61,901.28,909.11,920.06,833.18,846.69,872.87,883.33,866.54,876.86,33.38,29.01,285.42,280.21,7.5,96.3,True,13,45,28,7,1,2461.8,1036.8,2631.8166666666675,1686.4647197120166,1,0,1
2026-07-28 14:00:00,5050.8,1030.61,1043.5,1059.99,1073.37,1007.69,1024.69,1028.5,1041.25,1053.57,1066.79,34.55,29.46,335.77,332.34,8.0,94.49,True,14,0,28,7,1,4396.85,2461.8,3969.8166666666675,1346.2905892983629,1,0,1
2026-07-28 14:15:00,5212.29,1016.0,1028.6,1038.04,1051.04,1017.55,1034.65,1014.27,1026.82,1042.71,1055.76,31.92,29.2,339.25,334.06,8.25,95.47,True,14,15,28,7,1,5050.8,4396.85,4886.646666666667,431.7931634861015,1,0,1
2026-07-28 14:30:00,4746.0,897.2,908.01,920.58,931.63,958.91,974.84,916.09,927.14,945.19,956.58,30.5,28.14,321.63,319.69,8.75,91.16,True,14,30,28,7,1,5212.29,5050.8,5003.030000000002,236.78697324811267,1,0,1
2026-07-28 14:45:00,2829.6,557.52,564.32,555.9,562.68,552.21,561.37,562.15,569.01,591.05,598.22,28.75,27.06,189.61,190.14,8.75,91.54,True,14,45,28,7,1,4746.0,5212.29,4262.63,1262.750104612944,1,0,1
2026-07-28 15:00:00,3952.2,805.37,814.94,814.36,824.05,779.9,792.49,801.64,811.16,821.54,831.32,30.03,27.85,257.0,252.86,9.0,94.82,True,15,0,28,7,1,2829.6,4746.0,3842.6000000000004,962.8895886860547,1,0,1
2026-07-28 15:15:00,3163.2,606.5,613.94,620.96,628.58,608.31,618.34,592.12,599.43,596.29,603.62,30.13,28.02,213.99,203.49,9.25,91.18,True,15,15,28,7,1,3952.2,2829.6,3315.0000000000005,576.4894795223919,1,0,1
2026-07-28 15:30:00,2107.8,418.05,423.69,426.18,431.89,410.14,417.34,412.64,418.2,420.94,426.58,28.5,27.72,138.84,131.61,9.5,93.03,True,15,30,28,7,1,3163.2,3952.2,3074.4,925.400950939644,1,0,1
2026-07-28 15:45:00,1192.2,232.23,235.92,238.3,241.97,243.96,249.06,231.1,234.77,239.44,243.12,28.92,27.7,88.87,84.47,9.5,82.35,True,15,45,28,7,1,2107.8,3163.2,2154.400000000001,986.3259704580407,1,0,1
2026-07-28 16:00:00,1678.2,356.36,361.38,359.41,364.46,327.96,334.04,356.93,361.96,362.99,368.09,28.79,27.79,108.54,105.93,9.75,94.86,True,16,0,28,7,1,1192.2,2107.8,1659.4000000000008,458.0894235845176,1,0,1
2026-07-28 16:15:00,2089.8,405.3,410.88,415.61,421.28,426.79,434.19,405.04,410.59,422.83,428.59,28.51,27.96,143.1,139.91,9.75,89.49,True,16,15,28,7,1,1678.2,1192.2,1653.4000000000008,449.31360985395884,1,0,1
2026-07-28 16:30:00,1782.0,363.18,368.41,366.95,372.25,355.59,362.07,363.83,369.09,374.39,379.76,27.89,27.54,120.97,120.75,10.0,90.05,True,16,30,28,7,1,2089.8,1678.2,1850.0000000000007,214.05989815936044,1,0,1
2026-07-28 16:45:00,1888.07,369.92,374.99,377.23,382.41,381.48,388.28,364.81,369.86,375.36,380.51,28.25,27.82,136.96,136.24,10.0,84.39,True,16,45,28,7,1,1782.0,2089.8,1919.9566666666672,156.35785760021514,1,0,1
2026-07-28 17:00:00,1529.4,329.17,333.9,334.55,339.32,298.96,304.73,324.42,329.14,323.22,327.9,29.43,27.97,104.73,101.22,10.25,89.82,True,17,0,28,7,1,1888.07,1782.0,1733.1566666666674,184.25605996365218,1,0,1
2026-07-28 17:15:00,1596.0,302.32,306.77,313.95,318.57,310.3,316.28,291.2,295.62,292.67,297.14,30.18,28.09,115.28,109.63,10.25,85.42,True,17,15,28,7,1,1529.4,1888.07,1671.1566666666674,190.78111969827873,1,0,1
2026-07-28 17:30:00,714.6,147.79,150.71,151.11,154.09,143.8,147.97,145.06,147.93,145.93,148.81,29.22,28.18,54.53,51.88,10.25,80.54,True,17,30,28,7,1,1596.0,1529.4,1280.0000000000007,490.7817845030473,1,0,1
2026-07-28 17:45:00,508.8,107.89,110.73,110.57,113.48,99.26,102.34,103.82,106.68,102.02,105.03,29.28,28.16,38.93,36.49,10.5,80.35,True,17,45,28,7,1,714.6,1596.0,939.8000000000006,577.5268305455561,1,0,1
2026-07-28 18:00:00,451.8,90.88,93.34,93.48,96.02,88.18,90.93,86.84,89.31,86.35,88.83,28.35,28.14,35.99,33.45,10.5,76.88,True,18,0,28,7,1,508.8,714.6,558.4000000000007,138.24282983213064,1,0,1
2026-07-28 18:15:00,154.2,33.39,34.67,33.49,34.79,35.01,36.16,33.41,34.7,35.12,36.47,27.91,28.15,16.87,15.68,10.5,55.88,True,18,15,28,7,1,451.8,508.8,371.6000000000006,190.41880159268783,0,0,1
2026-07-28 18:30:00,77.79,19.39,20.14,19.0,19.73,22.36,23.12,19.47,20.22,20.98,21.79,27.77,28.05,11.85,10.93,10.5,40.11,True,18,30,28,7,1,154.2,451.8,227.93000000000063,197.60555331264197,0,0,1
2026-07-28 18:45:00,27.0,3.18,3.3,2.65,2.75,6.11,6.36,3.17,3.3,3.78,3.93,26.99,27.94,4.93,4.32,10.5,33.38,True,18,45,28,7,1,77.79,154.2,86.33000000000061,64.02857721357991,0,0,1
2026-07-28 19:00:00,0.0,0.0,0.0,0.0,0.0,0.0,0.0,0.0,0.0,0.0,0.0,27.13,27.77,0.71,0.43,10.5,0.0,True,19,0,28,7,1,27.0,77.79,34.93000000000061,39.496641629325346,0,0,1
2026-07-28 19:15:00,0.0,0.0,0.0,0.0,0.0,0.0,0.0,0.0,0.0,0.0,0.0,26.02,27.43,0.14,0.09,10.5,0.0,True,19,15,28,7,1,0.0,27.0,9.000000000000606,15.588457267970803,0,0,1
2026-07-28 19:30:00,0.0,0.0,0.0,0.0,0.0,0.0,0.0,0.0,0.0,0.0,0.0,25.28,27.01,0.15,0.11,10.5,0.0,True,19,30,28,7,1,0.0,0.0,0.0,0.0,0,0,1
2026-07-28 19:45:00,0.0,0.0,0.0,0.0,0.0,0.0,0.0,0.0,0.0,0.0,0.0,25.23,26.38,0.14,0.11,10.5,0.0,True,19,45,28,7,1,0.0,0.0,0.0,0.0,0,0,1
2026-07-28 20:00:00,0.0,0.0,0.0,0.0,0.0,0.0,0.0,0.0,0.0,0.0,0.0,25.25,26.2,0.12,0.11,10.5,0.0,True,20,0,28,7,1,0.0,0.0,0.0,0.0,0,0,1
2026-07-28 20:15:00,0.0,0.0,0.0,0.0,0.0,0.0,0.0,0.0,0.0,0.0,0.0,24.44,26.1,0.14,0.11,10.5,0.0,True,20,15,28,7,1,0.0,0.0,0.0,0.0,0,0,1
2026-07-28 20:30:00,0.0,0.0,0.0,0.0,0.0,0.0,0.0,0.0,0.0,0.0,0.0,24.88,26.1,0.17,0.14,10.5,0.0,True,20,30,28,7,1,0.0,0.0,0.0,0.0,0,0,1
2026-07-28 20:45:00,0.0,0.0,0.0,0.0,0.0,0.0,0.0,0.0,0.0,0.0,0.0,24.9,26.15,0.25,0.14,10.5,0.0,True,20,45,28,7,1,0.0,0.0,0.0,0.0,0,0,1
2026-07-28 21:00:00,0.0,0.0,0.0,0.0,0.0,0.0,0.0,0.0,0.0,0.0,0.0,24.28,26.08,0.23,0.11,10.5,0.0,True,21,0,28,7,1,0.0,0.0,0.0,0.0,0,0,1
2026-07-28 21:15:00,0.0,0.0,0.0,0.0,0.0,0.0,0.0,0.0,0.0,0.0,0.0,24.76,25.93,0.33,0.11,10.5,0.0,True,21,15,28,7,1,0.0,0.0,0.0,0.0,0,0,1
2026-07-28 21:30:00,0.0,0.0,0.0,0.0,0.0,0.0,0.0,0.0,0.0,0.0,0.0,24.97,26.01,0.35,0.14,10.5,0.0,True,21,30,28,7,1,0.0,0.0,0.0,0.0,0,0,1
2026-07-28 21:45:00,0.0,0.0,0.0,0.0,0.0,0.0,0.0,0.0,0.0,0.0,0.0,24.51,26.21,0.17,0.13,10.5,0.0,True,21,45,28,7,1,0.0,0.0,0.0,0.0,0,0,1
2026-07-28 22:00:00,0.0,0.0,0.0,0.0,0.0,0.0,0.0,0.0,0.0,0.0,0.0,24.5,26.47,0.16,0.13,10.5,0.0,True,22,0,28,7,1,0.0,0.0,0.0,0.0,0,0,1
2026-07-28 22:15:00,0.0,0.0,0.0,0.0,0.0,0.0,0.0,0.0,0.0,0.0,0.0,24.97,26.42,0.15,0.13,10.5,0.0,True,22,15,28,7,1,0.0,0.0,0.0,0.0,0,0,1
2026-07-28 22:30:00,0.0,0.0,0.0,0.0,0.0,0.0,0.0,0.0,0.0,0.0,0.0,25.18,26.3,0.18,0.15,10.5,0.0,True,22,30,28,7,1,0.0,0.0,0.0,0.0,0,0,1
2026-07-28 22:45:00,0.0,0.0,0.0,0.0,0.0,0.0,0.0,0.0,0.0,0.0,0.0,25.23,26.31,0.14,0.14,10.5,0.0,True,22,45,28,7,1,0.0,0.0,0.0,0.0,0,0,1
2026-07-28 23:00:00,0.0,0.0,0.0,0.0,0.0,0.0,0.0,0.0,0.0,0.0,0.0,24.8,26.21,0.1,0.09,10.5,0.0,True,23,0,28,7,1,0.0,0.0,0.0,0.0,0,0,1
2026-07-28 23:15:00,0.0,0.0,0.0,0.0,0.0,0.0,0.0,0.0,0.0,0.0,0.0,24.8,26.13,0.15,0.12,10.5,0.0,True,23,15,28,7,1,0.0,0.0,0.0,0.0,0,0,1
2026-07-28 23:30:00,0.0,0.0,0.0,0.0,0.0,0.0,0.0,0.0,0.0,0.0,0.0,24.66,26.02,0.14,0.12,10.5,0.0,True,23,30,28,7,1,0.0,0.0,0.0,0.0,0,0,1
2026-07-28 23:45:00,0.0,0.0,0.0,0.0,0.0,0.0,0.0,0.0,0.0,0.0,0.0,24.94,26.01,0.18,0.15,10.5,0.0,True,23,45,28,7,1,0.0,0.0,0.0,0.0,0,0,1
2026-07-29 00:15:00,0.0,0.0,0.0,0.0,0.0,0.0,0.0,0.0,0.0,0.0,0.0,24.89,26.07,0.56,0.13,0.0,0.0,True,0,15,29,7,2,0.0,0.0,0.0,0.0,0,1,0
2026-07-29 00:30:00,0.0,0.0,0.0,0.0,0.0,0.0,0.0,0.0,0.0,0.0,0.0,24.93,26.21,0.41,0.11,0.0,0.0,True,0,30,29,7,2,0.0,0.0,0.0,0.0,0,1,0
2026-07-29 00:45:00,0.0,0.0,0.0,0.0,0.0,0.0,0.0,0.0,0.0,0.0,0.0,24.59,26.2,0.2,0.1,0.0,0.0,True,0,45,29,7,2,0.0,0.0,0.0,0.0,0,1,0
2026-07-29 01:00:00,0.0,0.0,0.0,0.0,0.0,0.0,0.0,0.0,0.0,0.0,0.0,24.96,26.24,0.97,0.21,0.0,0.0,True,1,0,29,7,2,0.0,0.0,0.0,0.0,0,1,0
2026-07-29 01:15:00,0.0,0.0,0.0,0.0,0.0,0.0,0.0,0.0,0.0,0.0,0.0,25.08,26.34,1.15,0.27,0.0,0.0,True,1,15,29,7,2,0.0,0.0,0.0,0.0,0,1,0
2026-07-29 01:30:00,0.0,0.0,0.0,0.0,0.0,0.0,0.0,0.0,0.0,0.0,0.0,25.51,26.45,1.17,0.32,0.0,0.0,True,1,30,29,7,2,0.0,0.0,0.0,0.0,0,1,0
2026-07-29 01:45:00,0.0,0.0,0.0,0.0,0.0,0.0,0.0,0.0,0.0,0.0,0.0,25.35,26.44,0.22,0.13,0.0,0.0,True,1,45,29,7,2,0.0,0.0,0.0,0.0,0,1,0
2026-07-29 02:00:00,0.0,0.0,0.0,0.0,0.0,0.0,0.0,0.0,0.0,0.0,0.0,25.28,26.44,0.44,0.22,0.0,0.0,True,2,0,29,7,2,0.0,0.0,0.0,0.0,0,1,0
2026-07-29 02:15:00,0.0,0.0,0.0,0.0,0.0,0.0,0.0,0.0,0.0,0.0,0.0,25.18,26.3,1.2,0.43,0.0,0.0,True,2,15,29,7,2,0.0,0.0,0.0,0.0,0,1,0
2026-07-29 02:30:00,0.0,0.0,0.0,0.0,0.0,0.0,0.0,0.0,0.0,0.0,0.0,25.12,26.19,0.9,0.19,0.0,0.0,True,2,30,29,7,2,0.0,0.0,0.0,0.0,0,1,0
2026-07-29 02:45:00,0.0,0.0,0.0,0.0,0.0,0.0,0.0,0.0,0.0,0.0,0.0,24.71,25.84,0.18,0.16,0.0,0.0,True,2,45,29,7,2,0.0,0.0,0.0,0.0,0,1,0
2026-07-29 03:00:00,0.0,0.0,0.0,0.0,0.0,0.0,0.0,0.0,0.0,0.0,0.0,24.84,25.51,0.27,0.18,0.0,0.0,True,3,0,29,7,2,0.0,0.0,0.0,0.0,0,1,0
2026-07-29 03:15:00,0.0,0.0,0.0,0.0,0.0,0.0,0.0,0.0,0.0,0.0,0.0,24.92,25.36,0.49,0.19,0.0,0.0,True,3,15,29,7,2,0.0,0.0,0.0,0.0,0,1,0
2026-07-29 03:30:00,0.0,0.0,0.0,0.0,0.0,0.0,0.0,0.0,0.0,0.0,0.0,24.03,25.2,0.36,0.13,0.0,0.0,True,3,30,29,7,2,0.0,0.0,0.0,0.0,0,1,0
2026-07-29 03:45:00,0.0,0.0,0.0,0.0,0.0,0.0,0.0,0.0,0.0,0.0,0.0,24.1,25.09,0.43,0.18,0.0,0.0,True,3,45,29,7,2,0.0,0.0,0.0,0.0,0,1,0
2026-07-29 04:00:00,0.0,0.0,0.0,0.0,0.0,0.0,0.0,0.0,0.0,0.0,0.0,24.4,25.14,0.42,0.16,0.0,0.0,True,4,0,29,7,2,0.0,0.0,0.0,0.0,0,1,0
2026-07-29 04:15:00,0.0,0.0,0.0,0.0,0.0,0.0,0.0,0.0,0.0,0.0,0.0,24.1,25.09,0.53,0.17,0.0,0.0,True,4,15,29,7,2,0.0,0.0,0.0,0.0,0,1,0
2026-07-29 04:30:00,0.0,0.0,0.0,0.0,0.0,0.0,0.0,0.0,0.0,0.0,0.0,24.37,24.93,0.45,0.16,0.0,0.0,True,4,30,29,7,2,0.0,0.0,0.0,0.0,0,1,0
2026-07-29 04:45:00,0.0,0.0,0.0,0.0,0.0,0.0,0.0,0.0,0.0,0.0,0.0,24.56,24.9,0.5,0.18,0.0,0.0,True,4,45,29,7,2,0.0,0.0,0.0,0.0,0,1,0
2026-07-29 05:00:00,0.0,0.0,0.0,0.0,0.0,0.0,0.0,0.0,0.0,0.0,0.0,24.56,24.82,0.55,0.19,0.0,0.0,True,5,0,29,7,2,0.0,0.0,0.0,0.0,0,1,0
2026-07-29 05:15:00,0.0,0.0,0.0,0.0,0.0,0.0,0.0,0.0,0.0,0.0,0.0,23.94,24.72,0.46,0.17,0.0,0.0,True,5,15,29,7,2,0.0,0.0,0.0,0.0,0,1,0
2026-07-29 05:30:00,0.0,0.0,0.0,0.0,0.0,0.0,0.0,0.0,0.0,0.0,0.0,24.39,24.68,0.54,0.17,0.0,0.0,True,5,30,29,7,2,0.0,0.0,0.0,0.0,0,1,0
2026-07-29 05:45:00,0.0,0.0,0.0,0.0,0.0,0.0,0.0,0.0,0.0,0.0,0.0,24.03,24.63,0.52,0.17,0.0,0.0,True,5,45,29,7,2,0.0,0.0,0.0,0.0,0,1,0
2026-07-29 06:00:00,0.0,0.0,0.0,0.0,0.0,0.0,0.0,0.0,0.0,0.0,0.0,24.38,24.75,0.64,0.19,0.0,0.0,True,6,0,29,7,2,0.0,0.0,0.0,0.0,0,1,0
2026-07-29 06:15:00,0.0,0.0,0.0,0.0,0.0,0.47,0.49,0.29,0.3,0.65,0.68,24.26,24.75,1.85,1.22,0.0,0.0,True,6,15,29,7,2,0.0,0.0,0.0,0.0,0,1,0
2026-07-29 06:30:00,0.0,0.0,0.0,0.0,0.0,4.93,5.12,3.0,3.11,4.09,4.25,23.79,24.87,4.65,4.03,0.0,0.0,True,6,30,29,7,2,0.0,0.0,0.0,0.0,0,1,0
2026-07-29 06:45:00,0.0,2.88,2.99,2.7,2.81,4.36,4.53,2.99,3.11,4.31,4.47,24.12,24.95,4.27,3.59,0.0,0.0,True,6,45,29,7,2,0.0,0.0,0.0,0.0,0,1,0
2026-07-29 07:00:00,18.0,2.81,2.92,5.44,5.65,7.43,7.69,3.52,3.66,6.93,7.2,24.74,24.83,4.98,4.34,0.0,21.81,True,7,0,29,7,2,0.0,0.0,6.0,10.392304845413264,0,1,0
2026-07-29 07:15:00,52.8,15.08,15.66,15.3,15.89,17.08,17.64,16.29,16.92,18.46,19.17,24.32,24.77,8.14,7.54,0.0,39.1,True,7,15,29,7,2,18.0,0.0,23.599999999999998,26.841758511692184,0,1,0
2026-07-29 07:30:00,172.8,36.45,37.86,37.1,38.54,41.47,42.76,37.84,39.3,41.35,42.88,24.49,24.82,17.17,16.53,0.0,60.67,True,7,30,29,7,2,52.8,18.0,81.2,81.21379193215891,0,1,0
2026-07-29 07:45:00,205.8,44.13,45.53,45.0,46.43,47.62,49.08,46.19,47.58,49.54,51.04,24.09,24.88,19.49,18.68,0.0,63.55,True,7,45,29,7,2,172.8,52.8,143.8,80.51707893360265,0,1,0
2026-07-29 08:00:00,154.8,33.07,34.34,34.39,35.72,36.14,37.27,33.12,34.4,34.83,36.17,24.29,24.81,16.21,15.23,0.0,57.53,True,8,0,29,7,2,205.8,172.8,177.80000000000004,25.86503431275507,0,1,0
2026-07-29 08:15:00,158.79,37.53,38.98,38.14,39.62,36.41,37.55,38.68,40.17,40.09,41.57,24.37,24.75,15.32,14.51,0.0,62.48,True,8,15,29,7,2,154.8,205.8,173.13,28.363298468267004,0,1,0
2026-07-29 08:30:00,243.64,51.52,53.08,52.18,53.76,55.18,56.89,52.58,54.11,56.11,57.42,24.35,24.79,22.36,21.63,0.0,65.67,True,8,30,29,7,2,158.79,154.8,185.74333333333334,50.17965756492695,1,1,0
2026-07-29 08:45:00,216.0,46.52,47.97,47.7,49.12,49.16,50.68,46.69,48.14,50.21,51.64,24.62,24.86,20.21,19.32,0.0,64.47,True,8,45,29,7,2,243.64,158.79,206.14333333333332,43.27523579754744,0,1,0
2026-07-29 09:00:00,212.4,47.13,48.57,47.51,48.89,46.74,48.19,46.21,47.63,47.98,49.47,24.24,24.89,20.09,19.1,0.0,63.68,True,9,0,29,7,2,216.0,243.64,224.01333333333332,17.09223605422449,0,1,0
2026-07-29 09:15:00,311.14,64.04,65.57,65.29,66.79,65.33,67.2,64.28,65.89,68.33,69.82,24.62,24.89,26.13,25.08,0.0,71.84,True,9,15,29,7,2,212.4,216.0,246.51333333333332,55.99727255262823,1,1,0
2026-07-29 09:30:00,251.4,51.97,53.32,53.45,54.84,57.44,59.2,53.37,54.69,57.97,59.4,24.69,24.91,23.46,22.59,0.0,64.66,True,9,30,29,7,2,311.14,212.4,258.31333333333333,49.73170551402126,1,1,0
2026-07-29 09:45:00,244.29,49.84,51.35,51.06,52.53,58.66,60.44,51.98,53.35,59.1,60.45,24.87,25.0,23.86,23.27,0.0,61.81,True,9,45,29,7,2,251.4,311.14,268.9433333333333,36.715896194064676,1,1,0
2026-07-29 10:00:00,751.2,173.4,176.0,173.41,175.99,154.73,157.98,185.48,188.2,196.32,199.19,24.77,24.9,50.6,50.15,0.25,89.62,True,10,0,29,7,2,244.29,251.4,415.63000000000005,290.63388773506784,1,1,0
2026-07-29 10:15:00,1402.8,252.51,256.61,263.59,267.84,296.5,302.31,259.39,263.56,285.34,289.72,25.7,24.9,105.28,103.35,0.25,80.73,True,10,15,29,7,2,751.2,244.29,799.43,580.7589471544972,1,1,0
2026-07-29 10:30:00,847.8,173.95,177.39,176.86,180.36,172.03,176.59,171.11,174.49,178.67,182.17,25.0,24.91,61.58,60.04,0.25,83.19,True,10,30,29,7,2,1402.8,751.2,1000.6,351.6482901991704,1,1,0
2026-07-29 10:45:00,817.2,174.86,177.89,176.5,179.57,163.18,167.43,173.36,176.29,178.35,181.41,25.24,24.92,58.21,56.94,0.25,84.9,True,10,45,29,7,2,847.8,1402.8,1022.6,329.6181427045544,1,1,0
2026-07-29 11:00:00,1782.6,375.8,381.09,380.27,385.58,341.05,347.31,375.26,380.54,375.83,381.11,25.34,24.8,111.72,109.92,0.5,96.53,True,11,0,29,7,2,817.2,847.8,1149.2,548.7538245880387,1,1,0
2026-07-29 11:15:00,2095.71,432.31,438.16,438.94,444.81,400.14,407.21,428.2,433.96,429.13,434.93,26.15,25.16,131.95,128.44,0.75,96.41,True,11,15,29,7,2,1782.6,817.2,1565.17,666.4111408882657,1,1,0
2026-07-29 11:30:00,1524.6,294.13,298.36,305.11,309.46,309.78,315.63,292.99,297.23,301.99,306.33,26.17,25.34,108.22,104.78,0.75,85.52,True,11,30,29,7,2,2095.71,1782.6,1800.97,285.9978159007509,1,1,0
2026-07-29 11:45:00,1544.4,320.78,325.44,326.81,331.55,309.42,315.22,324.43,329.13,334.68,339.49,25.23,25.26,101.65,99.88,0.75,91.89,True,11,45,29,7,2,1524.6,2095.71,1721.5700000000004,324.16595240709626,1,1,0
2026-07-29 12:00:00,2086.8,417.19,422.94,427.73,433.36,416.21,423.5,417.58,423.33,434.12,439.79,26.27,25.53,136.38,132.83,1.0,92.92,True,12,0,29,7,2,1544.4,1524.6,1718.6000000000004,319.0241997090501,1,0,1
2026-07-29 12:15:00,2108.4,418.69,424.38,429.38,435.01,420.35,427.68,420.02,425.68,437.28,442.99,26.26,25.72,138.44,135.23,1.25,92.48,True,12,15,29,7,2,2086.8,1544.4,1913.2,319.572714730153,1,0,1
2026-07-29 12:30:00,2599.2,513.21,519.43,528.34,534.74,536.21,545.15,522.39,528.72,554.54,561.22,26.79,25.89,172.03,170.4,1.25,91.95,True,12,30,29,7,2,2108.4,2086.8,2264.8000000000006,289.80020703926255,1,0,1
2026-07-29 12:45:00,3160.2,640.78,648.45,653.76,661.47,628.27,638.5,645.34,653.0,666.89,674.76,26.83,26.07,202.68,198.06,1.5,94.9,True,12,45,29,7,2,2599.2,2108.4,2622.6,526.2903001196196,1,0,1
2026-07-29 13:00:00,3408.0,677.54,685.54,693.65,701.85,674.39,685.33,677.63,685.64,695.98,704.21,27.68,26.41,220.2,213.16,1.75,94.52,True,13,0,29,7,2,3160.2,2599.2,3055.7999999999997,414.3837352020462,1,0,1
2026-07-29 13:15:00,2855.4,558.78,565.57,574.43,581.37,560.84,570.09,548.12,554.86,559.0,565.79,27.91,26.68,192.14,183.62,2.0,90.85,True,13,15,29,7,2,3408.0,3160.2,3141.2000000000003,276.78952292310396,1,0,1
2026-07-29 13:30:00,2479.5,490.16,496.39,503.34,509.63,491.7,499.97,486.38,492.57,502.35,508.64,29.09,26.78,168.22,161.38,2.25,90.54,True,13,30,29,7,2,2855.4,3408.0,2914.3000000000006,467.0438630364384,1,0,1
2026-07-29 13:45:00,2494.2,511.99,518.45,521.74,528.33,496.31,504.72,513.81,520.28,529.84,536.47,27.69,26.78,162.72,157.61,2.25,93.62,True,13,45,29,7,2,2479.5,2855.4,2609.7000000000003,212.90934690614046,1,0,1
2026-07-29 14:00:00,2988.0,588.57,595.58,604.79,611.96,592.46,602.24,583.53,590.5,600.96,608.13,27.66,26.83,198.84,191.37,2.5,91.77,True,14,0,29,7,2,2494.2,2479.5,2653.9,289.4324273470395,1,0,1
2026-07-29 14:15:00,2023.07,410.91,416.7,421.04,426.74,383.23,390.07,393.19,398.83,389.32,394.92,28.78,26.92,135.98,128.71,2.75,91.27,True,14,15,29,7,2,2988.0,2494.2,2501.7566666666667,482.50938191224066,1,0,1
2026-07-29 14:30:00,1171.2,236.1,239.73,241.4,245.04,220.58,225.55,223.39,226.87,221.61,225.06,28.3,26.95,82.89,77.7,2.75,86.51,True,14,30,29,7,2,2023.07,2988.0,2060.7566666666667,908.9861240048342,1,0,1
2026-07-29 14:45:00,601.8,119.08,122.0,123.18,126.2,115.31,118.56,110.79,113.68,109.72,112.59,26.82,26.9,45.76,42.32,2.75,80.04,True,14,45,29,7,2,1171.2,2023.07,1265.3566666666668,715.2979879975413,1,0,1
2026-07-29 15:00:00,358.8,76.73,79.69,78.82,81.86,74.73,77.07,75.64,78.56,78.22,81.24,26.09,26.7,27.87,25.65,2.75,78.12,True,15,0,29,7,2,601.8,1171.2,710.6000000000003,416.98503570271754,1,0,1
2026-07-29 15:15:00,363.0,75.3,78.2,77.02,79.99,76.9,79.3,76.13,79.07,79.76,82.84,25.57,26.4,29.92,28.19,2.75,73.46,True,15,15,29,7,2,358.8,601.8,441.2000000000001,139.09953270948174,1,0,1
2026-07-29 15:30:00,429.0,85.27,88.56,88.56,91.99,92.07,94.93,84.85,88.06,89.37,92.42,25.09,26.14,36.03,34.6,2.75,71.96,True,15,30,29,7,2,363.0,358.8,383.60000000000014,39.37359521298615,1,0,1
2026-07-29 15:45:00,247.8,56.0,58.17,57.0,59.2,51.05,52.68,54.4,56.5,55.09,57.22,25.78,26.11,21.45,20.38,3.0,70.01,True,15,45,29,7,2,429.0,363.0,346.6000000000002,91.70648832005304,1,0,1
2026-07-29 16:00:00,295.8,60.66,63.0,62.73,65.15,63.76,65.77,59.73,62.04,62.39,64.8,25.25,26.14,26.26,25.3,3.0,68.14,True,16,0,29,7,2,247.8,429.0,324.2000000000002,93.87907115004914,1,0,1
2026-07-29 16:15:00,145.29,32.41,33.66,34.1,35.42,34.62,35.75,30.6,31.78,30.74,31.93,25.36,26.15,16.34,15.25,3.0,53.79,True,16,15,29,7,2,295.8,247.8,229.6300000000002,76.8825513364108,0,0,1
2026-07-29 16:30:00,214.2,51.3,53.28,52.21,54.23,48.0,49.53,52.8,54.84,55.41,57.54,25.39,26.09,18.76,17.97,3.0,69.09,True,16,30,29,7,2,145.29,295.8,218.43000000000015,75.34410859513717,0,0,1
2026-07-29 16:45:00,562.8,112.82,115.61,116.24,119.11,121.21,124.86,115.94,118.73,124.53,127.46,26.02,26.11,43.65,42.83,3.0,78.22,True,16,45,29,7,2,214.2,145.29,307.4300000000001,223.82476337527078,1,0,1
2026-07-29 17:00:00,613.29,119.42,122.3,124.15,127.02,129.22,133.02,119.83,122.65,125.79,128.68,26.63,26.2,48.38,46.6,3.0,77.09,True,17,0,29,7,2,562.8,214.2,463.4300000000001,217.31084809552468,1,0,1
2026-07-29 17:15:00,297.69,64.96,67.47,66.67,69.24,63.63,65.63,65.94,68.49,67.91,70.53,25.9,26.38,25.26,24.08,3.0,71.45,True,17,15,29,7,2,613.29,562.8,491.26000000000016,169.52674921674233,1,0,1
2026-07-29 17:30:00,406.8,83.01,86.22,86.07,89.4,83.94,86.55,81.86,85.02,84.57,87.84,26.21,26.53,32.87,31.63,3.0,75.13,True,17,30,29,7,2,297.69,613.29,439.26000000000016,160.2843682334499,1,0,1
2026-07-29 17:45:00,324.0,67.04,69.63,69.17,71.84,68.79,70.95,66.81,69.39,69.59,72.28,25.76,26.97,28.68,28.1,3.0,68.46,True,17,45,29,7,2,406.8,297.69,342.83000000000015,56.940097470903616,1,0,1
2026-07-29 18:00:00,165.6,36.05,37.44,36.96,38.38,36.97,38.17,35.54,36.91,36.66,38.07,26.3,27.14,18.73,18.4,3.0,53.69,True,18,0,29,7,2,324.0,406.8,298.8000000000001,122.55872061993763,0,0,1
2026-07-29 18:15:00,159.92,36.74,38.16,37.0,38.43,34.79,35.92,36.3,37.7,37.17,38.61,26.44,27.03,17.67,17.37,3.0,55.01,True,18,15,29,7,2,165.6,324.0,216.5066666666668,93.13526793502612,0,0,1
2026-07-29 18:30:00,65.45,12.32,12.79,11.56,12.01,14.0,14.51,11.56,12.05,12.49,12.97,26.25,27.04,10.63,9.77,3.0,37.41,True,18,30,29,7,2,159.92,165.6,130.32333333333347,56.25368995300612,0,0,1
2026-07-29 18:45:00,0.0,0.14,0.15,0.0,0.0,0.64,0.68,0.56,0.59,0.23,0.23,26.37,27.04,4.67,3.56,3.0,0.0,True,18,45,29,7,2,65.45,159.92,75.12333333333349,80.39764693900462,0,0,1
2026-07-29 19:00:00,0.0,0.0,0.0,0.0,0.0,0.0,0.0,0.0,0.0,0.0,0.0,26.16,27.04,2.55,1.02,3.0,0.0,True,19,0,29,7,2,0.0,65.45,21.81666666666682,37.78757511840023,0,0,1
2026-07-29 19:15:00,0.0,0.0,0.0,0.0,0.0,0.0,0.0,0.0,0.0,0.0,0.0,26.07,27.07,2.42,0.27,3.0,0.0,True,19,15,29,7,2,0.0,0.0,0.0,0.0,0,0,1
2026-07-29 19:30:00,0.0,0.0,0.0,0.0,0.0,0.0,0.0,0.0,0.0,0.0,0.0,26.33,27.15,2.55,0.12,3.0,0.0,True,19,30,29,7,2,0.0,0.0,0.0,0.0,0,0,1
2026-07-29 19:45:00,0.0,0.0,0.0,0.0,0.0,0.0,0.0,0.0,0.0,0.0,0.0,26.37,27.11,2.22,0.12,3.0,0.0,True,19,45,29,7,2,0.0,0.0,0.0,0.0,0,0,1
2026-07-29 20:00:00,0.0,0.0,0.0,0.0,0.0,0.0,0.0,0.0,0.0,0.0,0.0,25.86,27.08,1.96,0.12,3.0,0.0,True,20,0,29,7,2,0.0,0.0,0.0,0.0,0,0,1
2026-07-29 20:15:00,0.0,0.0,0.0,0.0,0.0,0.0,0.0,0.0,0.0,0.0,0.0,25.67,27.08,1.55,0.11,3.0,0.0,True,20,15,29,7,2,0.0,0.0,0.0,0.0,0,0,1
2026-07-29 20:30:00,0.0,0.0,0.0,0.0,0.0,0.0,0.0,0.0,0.0,0.0,0.0,25.59,27.11,1.09,0.12,3.0,0.0,True,20,30,29,7,2,0.0,0.0,0.0,0.0,0,0,1
2026-07-29 20:45:00,0.0,0.0,0.0,0.0,0.0,0.0,0.0,0.0,0.0,0.0,0.0,25.41,26.88,0.15,0.12,3.0,0.0,True,20,45,29,7,2,0.0,0.0,0.0,0.0,0,0,1
2026-07-29 21:00:00,0.0,0.0,0.0,0.0,0.0,0.0,0.0,0.0,0.0,0.0,0.0,25.49,26.81,0.36,0.12,3.0,0.0,True,21,0,29,7,2,0.0,0.0,0.0,0.0,0,0,1
2026-07-29 21:15:00,0.0,0.0,0.0,0.0,0.0,0.0,0.0,0.0,0.0,0.0,0.0,25.42,26.69,0.31,0.13,3.0,0.0,True,21,15,29,7,2,0.0,0.0,0.0,0.0,0,0,1
2026-07-29 21:30:00,0.0,0.0,0.0,0.0,0.0,0.0,0.0,0.0,0.0,0.0,0.0,25.27,26.53,0.17,0.13,3.0,0.0,True,21,30,29,7,2,0.0,0.0,0.0,0.0,0,0,1
2026-07-29 21:45:00,0.0,0.0,0.0,0.0,0.0,0.0,0.0,0.0,0.0,0.0,0.0,25.31,26.29,0.18,0.13,3.0,0.0,True,21,45,29,7,2,0.0,0.0,0.0,0.0,0,0,1
2026-07-29 22:00:00,0.0,0.0,0.0,0.0,0.0,0.0,0.0,0.0,0.0,0.0,0.0,25.15,26.21,0.24,0.13,3.0,0.0,True,22,0,29,7,2,0.0,0.0,0.0,0.0,0,0,1
2026-07-29 22:15:00,0.0,0.0,0.0,0.0,0.0,0.0,0.0,0.0,0.0,0.0,0.0,24.98,26.18,0.22,0.12,3.0,0.0,True,22,15,29,7,2,0.0,0.0,0.0,0.0,0,0,1
2026-07-29 22:30:00,0.0,0.0,0.0,0.0,0.0,0.0,0.0,0.0,0.0,0.0,0.0,25.14,26.2,0.25,0.14,3.0,0.0,True,22,30,29,7,2,0.0,0.0,0.0,0.0,0,0,1
2026-07-29 22:45:00,0.0,0.0,0.0,0.0,0.0,0.0,0.0,0.0,0.0,0.0,0.0,25.28,26.18,0.3,0.16,3.0,0.0,True,22,45,29,7,2,0.0,0.0,0.0,0.0,0,0,1
2026-07-29 23:00:00,0.0,0.0,0.0,0.0,0.0,0.0,0.0,0.0,0.0,0.0,0.0,24.7,26.08,0.32,0.13,3.0,0.0,True,23,0,29,7,2,0.0,0.0,0.0,0.0,0,0,1
2026-07-29 23:15:00,0.0,0.0,0.0,0.0,0.0,0.0,0.0,0.0,0.0,0.0,0.0,25.27,26.04,0.37,0.15,3.0,0.0,True,23,15,29,7,2,0.0,0.0,0.0,0.0,0,0,1
2026-07-29 23:30:00,0.0,0.0,0.0,0.0,0.0,0.0,0.0,0.0,0.0,0.0,0.0,24.94,25.98,0.4,0.16,3.0,0.0,True,23,30,29,7,2,0.0,0.0,0.0,0.0,0,0,1
2026-07-29 23:45:00,0.0,0.0,0.0,0.0,0.0,0.0,0.0,0.0,0.0,0.0,0.0,25.04,25.95,0.34,0.14,3.0,0.0,True,23,45,29,7,2,0.0,0.0,0.0,0.0,0,0,1
2026-07-30 00:15:00,0.0,0.0,0.0,0.0,0.0,0.0,0.0,0.0,0.0,0.0,0.0,24.88,26.04,0.34,0.16,0.0,0.0,True,0,15,30,7,3,0.0,0.0,0.0,0.0,0,1,0
2026-07-30 00:30:00,0.0,0.0,0.0,0.0,0.0,0.0,0.0,0.0,0.0,0.0,0.0,25.12,26.06,0.36,0.16,0.0,0.0,True,0,30,30,7,3,0.0,0.0,0.0,0.0,0,1,0
2026-07-30 00:45:00,0.0,0.0,0.0,0.0,0.0,0.0,0.0,0.0,0.0,0.0,0.0,24.86,26.03,0.34,0.14,0.0,0.0,True,0,45,30,7,3,0.0,0.0,0.0,0.0,0,1,0
2026-07-30 01:00:00,0.0,0.0,0.0,0.0,0.0,0.0,0.0,0.0,0.0,0.0,0.0,24.85,25.92,0.29,0.12,0.0,0.0,True,1,0,30,7,3,0.0,0.0,0.0,0.0,0,1,0
2026-07-30 01:15:00,0.0,0.0,0.0,0.0,0.0,0.0,0.0,0.0,0.0,0.0,0.0,24.94,25.89,0.32,0.13,0.0,0.0,True,1,15,30,7,3,0.0,0.0,0.0,0.0,0,1,0
2026-07-30 01:30:00,0.0,0.0,0.0,0.0,0.0,0.0,0.0,0.0,0.0,0.0,0.0,24.81,25.96,0.42,0.18,0.0,0.0,True,1,30,30,7,3,0.0,0.0,0.0,0.0,0,1,0
2026-07-30 01:45:00,0.0,0.0,0.0,0.0,0.0,0.0,0.0,0.0,0.0,0.0,0.0,24.7,25.95,0.43,0.17,0.0,0.0,True,1,45,30,7,3,0.0,0.0,0.0,0.0,0,1,0
2026-07-30 02:00:00,0.0,0.0,0.0,0.0,0.0,0.0,0.0,0.0,0.0,0.0,0.0,24.86,26.05,0.4,0.14,0.0,0.0,True,2,0,30,7,3,0.0,0.0,0.0,0.0,0,1,0
2026-07-30 02:15:00,0.0,0.0,0.0,0.0,0.0,0.0,0.0,0.0,0.0,0.0,0.0,25.27,26.01,0.44,0.19,0.0,0.0,True,2,15,30,7,3,0.0,0.0,0.0,0.0,0,1,0
2026-07-30 02:30:00,0.0,0.0,0.0,0.0,0.0,0.0,0.0,0.0,0.0,0.0,0.0,25.02,25.88,0.39,0.18,0.0,0.0,True,2,30,30,7,3,0.0,0.0,0.0,0.0,0,1,0
2026-07-30 02:45:00,0.0,0.0,0.0,0.0,0.0,0.0,0.0,0.0,0.0,0.0,0.0,25.04,25.9,0.39,0.2,0.0,0.0,True,2,45,30,7,3,0.0,0.0,0.0,0.0,0,1,0
2026-07-30 03:00:00,0.0,0.0,0.0,0.0,0.0,0.0,0.0,0.0,0.0,0.0,0.0,24.35,25.95,0.44,0.18,0.0,0.0,True,3,0,30,7,3,0.0,0.0,0.0,0.0,0,1,0
2026-07-30 03:15:00,0.0,0.0,0.0,0.0,0.0,0.0,0.0,0.0,0.0,0.0,0.0,24.74,25.79,0.42,0.18,0.0,0.0,True,3,15,30,7,3,0.0,0.0,0.0,0.0,0,1,0
2026-07-30 03:30:00,0.0,0.0,0.0,0.0,0.0,0.0,0.0,0.0,0.0,0.0,0.0,25.14,25.75,0.29,0.09,0.0,0.0,True,3,30,30,7,3,0.0,0.0,0.0,0.0,0,1,0
2026-07-30 03:45:00,0.0,0.0,0.0,0.0,0.0,0.0,0.0,0.0,0.0,0.0,0.0,24.73,25.75,0.39,0.13,0.0,0.0,True,3,45,30,7,3,0.0,0.0,0.0,0.0,0,1,0
2026-07-30 04:00:00,0.0,0.0,0.0,0.0,0.0,0.0,0.0,0.0,0.0,0.0,0.0,24.03,25.82,0.49,0.17,0.0,0.0,True,4,0,30,7,3,0.0,0.0,0.0,0.0,0,1,0
2026-07-30 04:15:00,0.0,0.0,0.0,0.0,0.0,0.0,0.0,0.0,0.0,0.0,0.0,24.68,25.8,0.48,0.18,0.0,0.0,True,4,15,30,7,3,0.0,0.0,0.0,0.0,0,1,0
2026-07-30 04:30:00,0.0,0.0,0.0,0.0,0.0,0.0,0.0,0.0,0.0,0.0,0.0,24.91,25.73,0.32,0.13,0.0,0.0,True,4,30,30,7,3,0.0,0.0,0.0,0.0,0,1,0
2026-07-30 04:45:00,0.0,0.0,0.0,0.0,0.0,0.0,0.0,0.0,0.0,0.0,0.0,24.66,25.66,0.43,0.16,0.0,0.0,True,4,45,30,7,3,0.0,0.0,0.0,0.0,0,1,0
2026-07-30 05:00:00,0.0,0.0,0.0,0.0,0.0,0.0,0.0,0.0,0.0,0.0,0.0,24.57,25.59,0.47,0.18,0.0,0.0,True,5,0,30,7,3,0.0,0.0,0.0,0.0,0,1,0
2026-07-30 05:15:00,0.0,0.0,0.0,0.0,0.0,0.0,0.0,0.0,0.0,0.0,0.0,24.64,25.49,0.49,0.17,0.0,0.0,True,5,15,30,7,3,0.0,0.0,0.0,0.0,0,1,0
2026-07-30 05:30:00,0.0,0.0,0.0,0.0,0.0,0.0,0.0,0.0,0.0,0.0,0.0,24.71,25.51,0.49,0.17,0.0,0.0,True,5,30,30,7,3,0.0,0.0,0.0,0.0,0,1,0
2026-07-30 05:45:00,0.0,0.0,0.0,0.0,0.0,0.0,0.0,0.0,0.0,0.0,0.0,24.72,25.5,0.51,0.17,0.0,0.0,True,5,45,30,7,3,0.0,0.0,0.0,0.0,0,1,0
2026-07-30 06:00:00,0.0,0.0,0.0,0.0,0.0,0.0,0.0,0.0,0.0,0.0,0.0,24.63,25.46,0.69,0.16,0.0,0.0,True,6,0,30,7,3,0.0,0.0,0.0,0.0,0,1,0
2026-07-30 06:15:00,0.0,0.0,0.0,0.0,0.0,0.0,0.0,0.0,0.0,0.0,0.0,24.6,25.31,1.26,0.59,0.0,0.0,True,6,15,30,7,3,0.0,0.0,0.0,0.0,0,1,0
2026-07-30 06:30:00,0.0,0.0,0.0,0.0,0.0,3.93,4.08,2.77,2.88,3.81,3.96,24.38,25.13,3.39,2.78,0.0,0.0,True,6,30,30,7,3,0.0,0.0,0.0,0.0,0,1,0
2026-07-30 06:45:00,9.0,0.0,0.0,0.0,0.0,9.49,9.82,6.31,6.56,7.63,7.93,24.57,25.4,5.86,5.13,0.0,9.27,True,6,45,30,7,3,0.0,0.0,3.0,5.196152422706632,0,1,0
2026-07-30 07:00:00,0.0,0.0,0.0,0.0,0.0,6.06,6.28,1.73,1.79,5.18,5.38,24.62,25.3,4.56,3.79,0.0,0.0,True,7,0,30,7,3,9.0,0.0,3.0,5.196152422706632,0,1,0
2026-07-30 07:15:00,9.0,0.0,0.0,0.0,0.0,8.37,8.66,7.26,7.54,8.41,8.74,24.5,25.11,5.35,4.6,0.0,10.15,True,7,15,30,7,3,0.0,9.0,6.0,5.196152422706632,0,1,0
2026-07-30 07:30:00,63.0,0.0,0.0,0.0,0.0,29.3,30.23,29.2,30.33,31.2,32.4,24.35,25.21,12.86,12.04,0.0,29.52,True,7,30,30,7,3,9.0,0.0,24.0,34.07345007480164,0,1,0
2026-07-30 07:45:00,53.36,0.0,0.0,0.0,0.0,26.9,27.75,23.87,24.79,26.16,27.17,24.56,25.27,12.62,11.73,0.25,25.49,True,7,45,30,7,3,63.0,9.0,41.78666666666667,28.800287035606665,0,1,0
2026-07-30 08:00:00,70.2,0.0,0.0,14.84,15.41,27.85,28.73,25.55,26.53,28.77,29.88,23.84,24.93,12.57,11.96,0.25,33.59,True,8,0,30,7,3,53.36,63.0,62.18666666666667,8.449410235829069,0,1,0
2026-07-30 08:15:00,189.6,28.44,29.26,49.74,51.38,47.55,49.02,48.26,49.99,50.56,52.11,24.27,25.2,19.53,18.62,0.25,58.48,True,8,15,30,7,3,70.2,53.36,104.38666666666666,74.2757062122827,0,1,0
2026-07-30 08:30:00,325.29,70.81,72.21,72.07,73.49,67.57,69.56,72.32,73.75,74.91,76.39,24.45,25.16,26.37,25.31,0.25,74.37,True,8,30,30,7,3,189.6,70.2,195.03,127.63166025716345,1,1,0
2026-07-30 08:45:00,408.6,86.92,88.6,88.85,90.56,85.54,87.78,89.02,90.65,93.09,94.8,24.72,24.58,32.09,31.03,0.25,76.84,True,8,45,30,7,3,325.29,189.6,307.83000000000004,110.53908222886592,1,1,0
2026-07-30 09:00:00,719.36,148.68,150.83,151.63,153.83,148.38,151.19,149.59,151.76,156.11,158.37,24.94,24.6,53.13,52.06,0.25,81.79,True,9,0,30,7,3,408.6,325.29,484.4166666666667,207.68706371205045,1,1,0
2026-07-30 09:15:00,666.0,141.68,143.88,144.75,146.92,128.55,131.17,130.08,132.17,132.5,134.6,25.15,25.12,48.21,46.14,0.25,83.52,True,9,15,30,7,3,719.36,408.6,597.9866666666667,166.1695054254339,1,1,0
2026-07-30 09:30:00,301.2,68.32,69.9,71.02,72.6,61.52,63.33,60.48,61.94,60.46,61.92,24.77,25.35,26.23,24.47,0.25,69.32,True,9,30,30,7,3,666.0,719.36,562.1866666666666,227.59031731014684,1,1,0
2026-07-30 09:45:00,277.62,66.66,68.1,68.33,69.8,56.3,57.98,68.33,69.81,67.65,69.06,24.73,25.18,22.23,20.99,0.25,75.36,True,9,45,30,7,3,301.2,666.0,414.94,217.74376408981271,1,1,0
2026-07-30 10:00:00,514.29,108.26,109.98,112.58,114.34,105.06,107.42,102.97,104.63,104.82,106.51,24.54,25.06,40.56,39.0,0.25,76.47,True,10,0,30,7,3,277.62,301.2,364.36999999999995,130.3687420358117,1,1,0
2026-07-30 10:15:00,307.2,67.51,68.84,69.34,70.72,65.65,67.61,66.94,68.27,69.84,71.22,24.57,25.01,26.17,25.19,0.5,70.8,True,10,15,30,7,3,514.29,277.62,366.36999999999995,128.95343694527887,1,1,0
2026-07-30 10:30:00,426.0,91.83,93.39,95.32,96.91,90.32,92.56,85.77,87.27,88.37,89.88,24.99,25.0,35.59,34.01,0.5,72.32,True,10,30,30,7,3,307.2,514.29,415.83,103.91890443995263,1,1,0
2026-07-30 10:45:00,441.0,91.8,93.37,94.0,95.61,95.17,97.48,95.0,96.6,101.63,103.34,24.81,25.04,35.48,34.61,0.5,75.05,True,10,45,30,7,3,426.0,307.2,391.40000000000003,73.30402444613813,1,1,0
2026-07-30 11:00:00,700.8,145.82,147.94,151.27,153.47,150.09,153.67,141.5,143.56,148.24,150.39,25.23,25.13,54.69,53.35,0.5,77.5,True,11,0,30,7,3,441.0,426.0,522.6,154.50786387753857,1,1,0
2026-07-30 11:15:00,924.0,185.31,187.88,189.46,192.09,181.74,186.3,184.68,187.26,191.93,194.56,25.61,25.25,64.5,62.41,0.5,86.76,True,11,15,30,7,3,700.8,441.0,688.6,241.7310075269616,1,1,0
2026-07-30 11:30:00,1129.8,231.69,234.8,236.95,240.24,225.51,230.46,238.27,241.48,243.61,246.98,25.44,25.28,76.79,75.05,0.75,89.04,True,11,30,30,7,3,924.0,700.8,918.1999999999999,214.55880312865264,1,1,0
2026-07-30 11:45:00,1635.0,342.36,347.33,347.9,352.95,301.04,306.73,322.26,326.94,322.83,327.51,26.24,25.47,104.38,100.69,0.75,95.11,True,11,45,30,7,3,1129.8,924.0,1229.6000000000001,365.8555452634275,1,1,0
2026-07-30 12:00:00,1271.4,262.76,266.64,265.49,269.34,242.56,247.6,253.45,257.24,261.38,265.17,26.11,25.71,86.25,84.04,0.75,89.46,True,12,0,30,7,3,1635.0,1129.8,1345.4,260.6026860951356,1,0,1
2026-07-30 12:15:00,738.0,152.96,155.82,158.62,161.44,154.71,158.9,139.27,142.05,147.09,149.92,25.23,25.6,58.39,56.44,1.0,76.44,True,12,15,30,7,3,1271.4,1635.0,1214.8,451.1706107449818,1,0,1
2026-07-30 12:30:00,530.36,107.73,110.62,111.92,114.79,109.67,113.02,101.14,104.04,106.78,109.64,25.04,25.35,43.79,42.22,1.0,73.18,True,12,30,30,7,3,738.0,1271.4,846.5866666666667,382.26740448713826,1,0,1
2026-07-30 12:45:00,462.0,94.6,97.7,97.33,100.52,97.84,100.87,96.41,99.5,103.46,106.45,24.9,25.25,37.85,36.9,1.0,73.71,True,12,45,30,7,3,530.36,738.0,576.7866666666667,143.73787438714066,1,0,1
2026-07-30 13:00:00,555.0,115.53,118.13,118.14,120.67,110.76,114.19,114.06,116.76,119.16,121.71,24.84,25.35,42.76,41.51,1.0,78.36,True,13,0,30,7,3,462.0,530.36,515.7866666666667,48.182325943580665,1,0,1
2026-07-30 13:15:00,567.6,118.72,121.44,120.86,123.51,114.4,117.94,115.59,118.32,122.1,124.52,25.01,25.57,44.39,43.19,1.0,77.26,True,13,15,30,7,3,555.0,462.0,528.1999999999999,57.67599153894203,1,0,1
2026-07-30 13:30:00,659.4,136.52,139.22,137.41,140.13,134.13,138.11,142.39,145.17,150.32,153.21,24.67,25.39,49.12,48.31,1.0,81.01,True,13,30,30,7,3,567.6,555.0,594.0,56.98736702112235,1,0,1
2026-07-30 13:45:00,1228.8,250.46,254.09,256.72,260.44,241.01,245.95,248.4,252.0,261.08,264.87,25.23,25.57,83.29,81.27,1.25,89.22,True,13,45,30,7,3,659.4,567.6,818.6,358.1966499005819,1,0,1
2026-07-30 14:00:00,1398.6,278.43,282.47,285.58,289.73,282.84,288.26,269.95,273.94,290.43,294.64,25.59,25.72,98.12,96.54,1.25,86.32,True,14,0,30,7,3,1228.8,659.4,1095.6000000000001,387.18321244599446,1,0,1
2026-07-30 14:15:00,879.0,180.78,184.35,186.54,190.12,173.26,177.81,170.86,174.24,177.01,180.44,25.45,25.72,63.86,61.64,1.25,83.31,True,14,15,30,7,3,1398.6,1228.8,1168.8,264.9453528560184,1,0,1
2026-07-30 14:30:00,711.0,144.96,147.82,150.03,153.0,145.22,149.4,138.32,141.05,147.14,150.05,25.07,25.44,54.16,52.76,1.5,79.34,True,14,30,30,7,3,879.0,1398.6,996.1999999999998,358.46941292110273,1,0,1
2026-07-30 14:45:00,499.8,100.67,103.57,105.57,108.4,106.92,110.23,96.67,99.64,104.22,107.22,24.96,25.29,41.71,40.53,1.5,72.39,True,14,45,30,7,3,711.0,879.0,696.6,190.0096839637393,1,0,1
2026-07-30 15:00:00,415.2,88.22,91.63,88.91,92.27,83.62,86.23,87.04,90.33,92.57,95.88,24.6,25.03,33.61,32.88,1.5,74.52,True,15,0,30,7,3,499.8,711.0,542.0,152.34841646699223,1,0,1
2026-07-30 15:15:00,675.6,143.49,146.46,144.26,147.24,126.4,130.24,139.73,142.49,144.81,147.67,24.6,25.19,46.94,46.28,1.5,86.81,True,15,15,30,7,3,415.2,499.8,530.1999999999999,132.8350857266261,1,0,1
2026-07-30 15:30:00,1053.0,221.17,224.65,223.0,226.5,199.21,203.76,219.61,223.05,226.46,229.96,24.81,25.12,68.44,67.38,1.5,92.88,True,15,30,30,7,3,675.6,415.2,714.6,320.6835823674172,1,0,1
2026-07-30 15:45:00,1124.4,229.68,233.01,235.09,238.5,221.34,226.22,223.6,226.98,233.31,236.69,24.99,25.14,77.12,75.35,1.75,88.09,True,15,45,30,7,3,1053.0,675.6,951.0,241.16044451775267,1,0,1
2026-07-30 16:00:00,1321.2,268.65,272.55,273.94,277.91,258.86,263.94,263.5,267.32,275.62,279.62,25.07,25.43,88.22,86.23,1.75,90.51,True,16,0,30,7,3,1124.4,1053.0,1166.2,138.90010799131858,1,0,1
2026-07-30 16:15:00,1374.0,281.99,286.08,287.68,291.85,265.9,271.13,274.99,278.98,284.91,289.04,25.07,25.48,91.27,89.16,1.75,90.98,True,16,15,30,7,3,1321.2,1124.4,1273.2,131.54102021802885,1,0,1
2026-07-30 16:30:00,1387.8,283.03,287.14,288.48,292.66,268.83,274.05,277.24,281.26,291.64,295.87,25.3,25.71,93.18,91.6,2.0,90.09,True,16,30,30,7,3,1374.0,1321.2,1361.0,35.15167136851135,1,0,1
2026-07-30 16:45:00,1416.6,286.23,290.38,292.03,296.27,281.55,286.95,279.73,283.78,295.86,300.15,25.76,25.89,97.08,95.82,2.0,88.44,True,16,45,30,7,3,1387.8,1374.0,1392.8,21.735684944344406,1,0,1
2026-07-30 17:00:00,1398.46,282.69,286.79,287.99,292.16,270.77,276.03,273.15,277.11,288.25,292.43,25.82,25.92,94.88,93.76,2.0,89.34,True,17,0,30,7,3,1416.6,1387.8,1400.9533333333336,14.560993555837081,1,0,1
2026-07-30 17:15:00,1175.4,239.34,242.81,244.81,248.36,234.1,239.02,229.75,233.26,242.96,246.48,25.21,25.99,82.87,81.48,2.25,85.77,True,17,15,30,7,3,1398.46,1416.6,1330.1533333333334,134.32687941485565,1,0,1
2026-07-30 17:30:00,1072.2,222.41,225.64,227.41,230.7,207.51,212.35,215.58,218.92,223.09,226.32,25.42,26.16,73.97,71.55,2.25,87.72,True,17,30,30,7,3,1175.4,1398.46,1215.3533333333335,166.75910329973982,1,0,1
2026-07-30 17:45:00,755.4,160.3,163.32,164.39,167.49,141.93,145.85,146.86,149.77,149.29,152.17,25.54,26.06,54.56,52.01,2.25,83.83,True,17,45,30,7,3,1072.2,1175.4,1001.0,218.86543811209717,1,0,1
2026-07-30 18:00:00,525.6,114.17,117.0,115.51,118.37,97.51,100.54,104.84,107.71,106.95,109.88,25.38,26.3,39.36,36.81,2.25,80.81,True,18,0,30,7,3,755.4,1072.2,784.4,274.4515257745901,1,0,1
2026-07-30 18:15:00,165.6,39.91,41.45,41.43,43.02,32.64,33.72,32.55,33.8,32.38,33.63,25.11,26.43,17.1,14.45,2.5,58.54,True,18,15,30,7,3,525.6,755.4,482.2,297.28551932443816,0,0,1
2026-07-30 18:30:00,16.8,8.97,9.31,8.71,9.04,7.26,7.56,7.32,7.61,7.07,7.34,25.04,26.43,5.68,3.06,2.5,17.86,True,18,30,30,7,3,165.6,525.6,236.0,261.60366969903396,0,0,1
2026-07-30 18:45:00,13.5,2.11,2.19,2.35,2.44,2.91,3.03,1.23,1.28,1.45,1.51,24.82,26.27,2.5,0.63,2.5,29.54,True,18,45,30,7,3,16.8,165.6,65.3,86.87801793320051,0,0,1
2026-07-30 19:00:00,0.0,0.0,0.0,0.0,0.0,0.0,0.0,0.0,0.0,0.0,0.0,24.74,26.13,0.19,0.1,2.5,0.0,True,19,0,30,7,3,13.5,16.8,10.1,8.901123524679095,0,0,1
2026-07-30 19:15:00,0.0,0.0,0.0,0.0,0.0,0.0,0.0,0.0,0.0,0.0,0.0,24.97,26.37,1.5,0.12,2.5,0.0,True,19,15,30,7,3,0.0,13.5,4.5,7.794228634162858,0,0,1
2026-07-30 19:30:00,0.0,0.0,0.0,0.0,0.0,0.0,0.0,0.0,0.0,0.0,0.0,25.16,26.53,1.25,0.11,2.5,0.0,True,19,30,30,7,3,0.0,0.0,0.0,4.013902642667498e-05,0,0,1
2026-07-30 19:45:00,0.0,0.0,0.0,0.0,0.0,0.0,0.0,0.0,0.0,0.0,0.0,25.78,26.74,2.34,0.12,2.5,0.0,True,19,45,30,7,3,0.0,0.0,0.0,4.013902642667498e-05,0,0,1
2026-07-30 20:00:00,0.0,0.0,0.0,0.0,0.0,0.0,0.0,0.0,0.0,0.0,0.0,25.99,26.66,1.08,0.12,2.5,0.0,True,20,0,30,7,3,0.0,0.0,0.0,4.013902642667498e-05,0,0,1
2026-07-30 20:15:00,0.0,0.0,0.0,0.0,0.0,0.0,0.0,0.0,0.0,0.0,0.0,24.81,26.51,0.16,0.1,2.5,0.0,True,20,15,30,7,3,0.0,0.0,0.0,4.013902642667498e-05,0,0,1
2026-07-30 20:30:00,0.0,0.0,0.0,0.0,0.0,0.0,0.0,0.0,0.0,0.0,0.0,25.12,26.38,0.16,0.12,2.5,0.0,True,20,30,30,7,3,0.0,0.0,0.0,4.013902642667498e-05,0,0,1
2026-07-30 20:45:00,0.0,0.0,0.0,0.0,0.0,0.0,0.0,0.0,0.0,0.0,0.0,24.94,26.25,0.18,0.12,2.5,0.0,True,20,45,30,7,3,0.0,0.0,0.0,4.013902642667498e-05,0,0,1
2026-07-30 21:00:00,0.0,0.0,0.0,0.0,0.0,0.0,0.0,0.0,0.0,0.0,0.0,25.0,26.22,0.17,0.11,2.5,0.0,True,21,0,30,7,3,0.0,0.0,0.0,4.013902642667498e-05,0,0,1
2026-07-30 21:15:00,0.0,0.0,0.0,0.0,0.0,0.0,0.0,0.0,0.0,0.0,0.0,24.67,26.05,0.19,0.13,2.5,0.0,True,21,15,30,7,3,0.0,0.0,0.0,4.013902642667498e-05,0,0,1
2026-07-30 21:30:00,0.0,0.0,0.0,0.0,0.0,0.0,0.0,0.0,0.0,0.0,0.0,25.01,26.14,0.18,0.13,2.5,0.0,True,21,30,30,7,3,0.0,0.0,0.0,4.013902642667498e-05,0,0,1
2026-07-30 21:45:00,0.0,0.0,0.0,0.0,0.0,0.0,0.0,0.0,0.0,0.0,0.0,24.68,26.17,1.16,0.18,2.5,0.0,True,21,45,30,7,3,0.0,0.0,0.0,4.013902642667498e-05,0,0,1
2026-07-30 22:00:00,0.0,0.0,0.0,0.0,0.0,0.0,0.0,0.0,0.0,0.0,0.0,24.3,26.34,2.1,0.84,2.5,0.0,True,22,0,30,7,3,0.0,0.0,0.0,4.013902642667498e-05,0,0,1
2026-07-30 22:15:00,0.0,0.0,0.0,0.0,0.0,0.0,0.0,0.0,0.0,0.0,0.0,24.97,26.48,2.42,0.84,2.5,0.0,True,22,15,30,7,3,0.0,0.0,0.0,4.013902642667498e-05,0,0,1
2026-07-30 22:30:00,0.0,0.0,0.0,0.0,0.0,0.0,0.0,0.0,0.0,0.0,0.0,25.7,26.55,2.45,0.42,2.5,0.0,True,22,30,30,7,3,0.0,0.0,0.0,4.013902642667498e-05,0,0,1
2026-07-30 22:45:00,0.0,0.0,0.0,0.0,0.0,0.0,0.0,0.0,0.0,0.0,0.0,26.1,26.65,2.51,0.18,2.5,0.0,True,22,45,30,7,3,0.0,0.0,0.0,4.013902642667498e-05,0,0,1
2026-07-30 23:00:00,0.0,0.0,0.0,0.0,0.0,0.0,0.0,0.0,0.0,0.0,0.0,25.9,26.59,2.17,0.12,2.5,0.0,True,23,0,30,7,3,0.0,0.0,0.0,4.013902642667498e-05,0,0,1
2026-07-30 23:15:00,0.0,0.0,0.0,0.0,0.0,0.0,0.0,0.0,0.0,0.0,0.0,25.48,26.51,1.05,0.12,2.5,0.0,True,23,15,30,7,3,0.0,0.0,0.0,4.013902642667498e-05,0,0,1
2026-07-30 23:30:00,0.0,0.0,0.0,0.0,0.0,0.0,0.0,0.0,0.0,0.0,0.0,25.05,26.47,1.73,0.11,2.5,0.0,True,23,30,30,7,3,0.0,0.0,0.0,4.013902642667498e-05,0,0,1
2026-07-30 23:45:00,0.0,0.0,0.0,0.0,0.0,0.0,0.0,0.0,0.0,0.0,0.0,25.43,26.58,1.95,0.12,2.5,0.0,True,23,45,30,7,3,0.0,0.0,0.0,4.013902642667498e-05,0,0,1
2026-07-31 00:15:00,0.0,0.0,0.0,0.0,0.0,0.0,0.0,0.0,0.0,0.0,0.0,24.83,25.87,0.18,0.12,0.0,0.0,True,0,15,31,7,4,0.0,0.0,0.0,0.0,0,1,0
2026-07-31 00:30:00,0.0,0.0,0.0,0.0,0.0,0.0,0.0,0.0,0.0,0.0,0.0,24.34,25.56,0.16,0.12,0.0,0.0,True,0,30,31,7,4,0.0,0.0,0.0,0.0,0,1,0
2026-07-31 00:45:00,0.0,0.0,0.0,0.0,0.0,0.0,0.0,0.0,0.0,0.0,0.0,24.5,25.46,0.19,0.17,0.0,0.0,True,0,45,31,7,4,0.0,0.0,0.0,0.0,0,1,0
2026-07-31 01:00:00,0.0,0.0,0.0,0.0,0.0,0.0,0.0,0.0,0.0,0.0,0.0,24.42,25.32,0.22,0.17,0.0,0.0,True,1,0,31,7,4,0.0,0.0,0.0,0.0,0,1,0
2026-07-31 01:15:00,0.0,0.0,0.0,0.0,0.0,0.0,0.0,0.0,0.0,0.0,0.0,24.43,24.99,0.18,0.17,0.0,0.0,True,1,15,31,7,4,0.0,0.0,0.0,0.0,0,1,0
2026-07-31 01:30:00,0.0,0.0,0.0,0.0,0.0,0.0,0.0,0.0,0.0,0.0,0.0,24.44,24.95,0.18,0.16,0.0,0.0,True,1,30,31,7,4,0.0,0.0,0.0,0.0,0,1,0
2026-07-31 01:45:00,0.0,0.0,0.0,0.0,0.0,0.0,0.0,0.0,0.0,0.0,0.0,24.4,25.05,0.18,0.18,0.0,0.0,True,1,45,31,7,4,0.0,0.0,0.0,0.0,0,1,0
2026-07-31 02:00:00,0.0,0.0,0.0,0.0,0.0,0.0,0.0,0.0,0.0,0.0,0.0,24.43,25.15,0.17,0.16,0.0,0.0,True,2,0,31,7,4,0.0,0.0,0.0,0.0,0,1,0
2026-07-31 02:15:00,0.0,0.0,0.0,0.0,0.0,0.0,0.0,0.0,0.0,0.0,0.0,24.4,25.21,0.32,0.21,0.0,0.0,True,2,15,31,7,4,0.0,0.0,0.0,0.0,0,1,0
2026-07-31 02:30:00,0.0,0.0,0.0,0.0,0.0,0.0,0.0,0.0,0.0,0.0,0.0,24.53,25.46,1.27,1.12,0.0,0.0,True,2,30,31,7,4,0.0,0.0,0.0,0.0,0,1,0
2026-07-31 02:45:00,0.0,0.0,0.0,0.0,0.0,0.0,0.0,0.0,0.0,0.0,0.0,24.79,25.63,1.28,1.29,0.0,0.0,True,2,45,31,7,4,0.0,0.0,0.0,0.0,0,1,0
2026-07-31 03:00:00,0.0,0.0,0.0,0.0,0.0,0.0,0.0,0.0,0.0,0.0,0.0,24.5,25.72,1.3,1.07,0.0,0.0,True,3,0,31,7,4,0.0,0.0,0.0,0.0,0,1,0
2026-07-31 03:15:00,0.0,0.0,0.0,0.0,0.0,0.0,0.0,0.0,0.0,0.0,0.0,24.22,25.5,0.47,0.19,0.0,0.0,True,3,15,31,7,4,0.0,0.0,0.0,0.0,0,1,0
2026-07-31 03:30:00,0.0,0.0,0.0,0.0,0.0,0.0,0.0,0.0,0.0,0.0,0.0,24.98,25.45,0.5,0.15,0.0,0.0,True,3,30,31,7,4,0.0,0.0,0.0,0.0,0,1,0
2026-07-31 03:45:00,0.0,0.0,0.0,0.0,0.0,0.0,0.0,0.0,0.0,0.0,0.0,24.93,25.47,0.18,0.15,0.0,0.0,True,3,45,31,7,4,0.0,0.0,0.0,0.0,0,1,0
2026-07-31 04:00:00,0.0,0.0,0.0,0.0,0.0,0.0,0.0,0.0,0.0,0.0,0.0,24.95,25.44,0.2,0.15,0.0,0.0,True,4,0,31,7,4,0.0,0.0,0.0,0.0,0,1,0
2026-07-31 04:15:00,0.0,0.0,0.0,0.0,0.0,0.0,0.0,0.0,0.0,0.0,0.0,24.56,25.47,0.45,0.12,0.0,0.0,True,4,15,31,7,4,0.0,0.0,0.0,0.0,0,1,0
2026-07-31 04:30:00,0.0,0.0,0.0,0.0,0.0,0.0,0.0,0.0,0.0,0.0,0.0,24.74,25.6,0.73,0.15,0.0,0.0,True,4,30,31,7,4,0.0,0.0,0.0,0.0,0,1,0
2026-07-31 04:45:00,0.0,0.0,0.0,0.0,0.0,0.0,0.0,0.0,0.0,0.0,0.0,24.83,25.61,0.19,0.14,0.0,0.0,True,4,45,31,7,4,0.0,0.0,0.0,0.0,0,1,0
2026-07-31 05:00:00,0.0,0.0,0.0,0.0,0.0,0.0,0.0,0.0,0.0,0.0,0.0,24.66,25.6,0.66,0.13,0.0,0.0,True,5,0,31,7,4,0.0,0.0,0.0,0.0,0,1,0
2026-07-31 05:15:00,0.0,0.0,0.0,0.0,0.0,0.0,0.0,0.0,0.0,0.0,0.0,24.52,25.65,0.87,0.11,0.0,0.0,True,5,15,31,7,4,0.0,0.0,0.0,0.0,0,1,0
2026-07-31 05:30:00,0.0,0.0,0.0,0.0,0.0,0.0,0.0,0.0,0.0,0.0,0.0,24.74,25.67,0.88,0.13,0.0,0.0,True,5,30,31,7,4,0.0,0.0,0.0,0.0,0,1,0
2026-07-31 05:45:00,0.0,0.0,0.0,0.0,0.0,0.0,0.0,0.0,0.0,0.0,0.0,24.8,25.73,0.28,0.13,0.0,0.0,True,5,45,31,7,4,0.0,0.0,0.0,0.0,0,1,0
2026-07-31 06:00:00,27.0,0.0,0.0,0.0,0.0,5.0,5.18,2.55,2.65,2.82,2.93,24.89,25.84,2.28,1.14,0.0,64.14,True,6,0,31,7,4,0.0,0.0,9.0,15.588457268119896,0,1,0
2026-07-31 06:15:00,78.43,0.0,0.0,0.0,0.0,34.35,35.43,33.53,34.82,35.59,36.97,24.68,26.08,14.88,13.1,0.0,31.8,True,6,15,31,7,4,27.0,0.0,35.14333333333334,39.844091573699274,0,1,0
2026-07-31 06:30:00,226.8,20.27,20.67,30.91,31.52,65.89,67.77,67.51,69.07,69.89,71.49,25.41,26.25,26.66,24.52,0.0,51.48,True,6,30,31,7,4,78.43,27.0,110.74333333333334,103.74547524269835,1,1,0
2026-07-31 06:45:00,608.4,127.51,129.5,131.35,133.29,122.13,124.68,124.8,126.75,129.03,130.97,25.87,26.32,47.3,44.51,0.0,77.98,True,6,45,31,7,4,226.8,78.43,304.54333333333335,273.40458963472673,1,1,0
2026-07-31 07:00:00,1130.79,232.13,235.31,230.26,233.48,207.08,211.31,227.28,230.39,235.74,238.92,26.35,26.41,81.11,78.18,0.0,84.69,True,7,0,31,7,4,608.4,226.8,655.33,453.8185746529113,1,1,0
2026-07-31 07:15:00,1872.64,381.27,386.62,397.27,402.78,391.61,398.54,373.0,378.23,395.45,400.97,27.63,26.63,139.53,137.26,0.25,81.95,True,7,15,31,7,4,1130.79,608.4,1203.9433333333334,635.2867478810915,1,1,0
2026-07-31 07:30:00,1567.8,316.15,320.74,323.13,327.81,308.52,314.34,309.83,314.33,325.85,330.58,27.16,26.5,109.33,107.9,0.25,87.4,True,7,30,31,7,4,1872.64,1130.79,1523.743333333333,372.8821503281344,1,1,0
2026-07-31 07:45:00,1876.8,393.1,398.63,399.2,404.79,344.07,350.35,374.55,379.83,373.87,379.14,27.68,26.46,126.3,122.38,0.5,90.76,True,7,45,31,7,4,1567.8,1872.64,1772.4133333333332,177.2125518504075,1,1,0
2026-07-31 08:00:00,3567.0,770.3,779.49,783.23,792.57,637.78,648.27,727.35,736.01,723.65,732.27,29.07,26.72,216.58,209.46,0.75,101.16,True,8,0,31,7,4,1876.8,1567.8,2337.2,1076.1859876433996,1,1,0
2026-07-31 08:15:00,3565.2,728.35,737.05,751.69,760.67,686.05,697.15,692.76,701.03,723.08,731.72,31.68,27.35,255.36,250.73,1.0,86.67,True,8,15,31,7,4,3567.0,1876.8,3003.0,975.318224991207,1,1,0
2026-07-31 08:30:00,2447.4,516.9,523.22,534.56,541.06,458.76,466.56,481.89,488.17,487.21,493.51,30.57,27.31,164.64,159.57,1.0,91.86,True,8,30,31,7,4,3565.2,3567.0,3193.2000000000003,645.8823731918981,1,1,0
2026-07-31 08:45:00,1696.8,359.67,364.59,366.4,371.38,317.41,323.45,331.89,336.71,336.98,341.75,29.86,27.3,120.19,117.24,1.25,86.99,True,8,45,31,7,4,2447.4,3565.2,2569.7999999999997,940.1946394231355,1,1,0
2026-07-31 09:00:00,1417.2,310.26,314.87,311.16,315.78,260.19,265.54,289.64,294.07,285.98,290.45,28.18,27.04,91.71,88.89,1.25,94.56,True,9,0,31,7,4,1696.8,2447.4,1853.8,532.7426770965524,1,1,0
2026-07-31 09:15:00,1744.2,368.94,374.17,374.59,379.89,322.12,328.14,345.24,350.17,345.55,350.44,28.49,26.96,115.56,111.85,1.5,92.49,True,9,15,31,7,4,1417.2,1696.8,1619.3999999999999,176.70687592734492,1,1,0
2026-07-31 09:30:00,2609.36,526.16,532.63,538.78,545.36,495.88,504.26,514.53,520.88,530.2,536.77,28.88,27.07,171.5,166.27,1.5,93.38,True,9,30,31,7,4,1744.2,1417.2,1923.5866666666668,615.9919224578636,1,1,0
2026-07-31 09:45:00,3846.6,799.74,809.35,821.28,831.22,727.09,738.95,763.81,772.89,779.47,788.78,30.37,27.47,253.05,246.28,1.75,93.86,True,9,45,31,7,4,2609.36,1744.2,2733.3866666666668,1056.6732704735803,1,1,0
2026-07-31 10:00:00,3319.2,677.87,685.88,697.62,705.87,635.45,645.86,642.1,649.77,662.64,670.47,31.77,27.7,225.48,219.1,2.0,91.41,True,10,0,31,7,4,3846.6,2609.36,3258.3866666666668,620.8577941310962,1,1,0
2026-07-31 10:15:00,5450.4,1116.7,1131.1,1098.17,1112.41,928.26,943.63,1070.66,1083.88,1051.09,1064.36,32.36,27.96,333.47,329.89,2.5,101.75,True,10,15,31,7,4,3319.2,3846.6,4205.4,1109.9803782049457,1,1,0
2026-07-31 10:30:00,4311.64,874.46,885.01,932.63,944.18,812.62,825.86,828.35,838.28,864.07,874.42,33.44,28.22,295.66,291.84,2.75,91.19,True,10,30,31,7,4,5450.4,3319.2,4360.413333333333,1066.4368188192525,1,1,0
2026-07-31 10:45:00,3729.6,742.33,751.17,764.81,773.89,724.83,736.64,719.5,728.1,760.63,769.65,33.18,28.3,260.69,256.77,3.0,89.36,True,10,45,31,7,4,4311.64,5450.4,4497.213333333333,875.2806730034239,1,1,0
2026-07-31 11:00:00,3784.8,771.26,780.58,803.85,813.57,720.78,732.6,741.12,750.11,746.18,755.17,32.0,28.5,248.43,241.05,3.25,94.7,True,11,0,31,7,4,3729.6,4311.64,3942.013333333334,321.293735596147,1,1,0
2026-07-31 11:15:00,3499.71,735.66,745.01,751.78,761.34,697.12,709.22,725.87,735.1,726.28,735.5,33.06,28.77,237.01,234.85,3.5,92.19,True,11,15,31,7,4,3784.8,3729.6,3671.3700000000003,151.20227081625873,1,1,0
2026-07-31 11:30:00,5331.0,1148.64,1163.98,1128.68,1143.42,1071.11,1090.36,1049.86,1063.51,1101.37,1115.39,33.8,29.02,404.76,411.99,4.0,82.48,True,11,30,31,7,4,3499.71,3784.8,4205.17,985.3623540099312,1,1,0
2026-07-31 11:45:00,3119.14,639.17,646.71,650.28,657.97,582.09,591.7,613.72,620.99,633.58,641.14,31.8,28.66,203.69,201.53,4.0,95.11,True,11,45,31,7,4,5331.0,3499.71,3983.2833333333333,1182.5665061354166,1,1,0
2026-07-31 12:00:00,4797.0,950.68,962.28,1011.83,1024.25,968.78,985.19,916.83,928.0,963.12,974.86,31.61,28.71,335.35,326.95,4.5,88.77,True,12,0,31,7,4,3119.14,5331.0,4415.713333333333,1154.1732134014057,1,0,1
2026-07-31 12:15:00,4512.0,961.08,973.21,948.99,960.91,787.7,801.18,914.59,926.09,910.1,921.53,30.92,28.98,261.09,258.05,4.75,106.95,True,12,15,31,7,4,4797.0,3119.14,4142.713333333333,897.8212664741944,1,0,1
2026-07-31 12:30:00,4981.8,995.51,1007.76,1015.16,1027.66,997.67,1014.35,959.03,970.78,1018.52,1031.05,34.18,29.49,353.88,352.23,5.0,88.3,True,12,30,31,7,4,4512.0,4797.0,4763.599999999999,236.67420645265324,1,0,1
2026-07-31 12:45:00,6808.2,1453.49,1474.14,1371.24,1390.14,1204.87,1226.62,1380.83,1399.98,1322.6,1340.9,35.66,29.76,416.94,411.37,5.5,103.05,True,12,45,31,7,4,4981.8,4512.0,5434.0,1213.0528595242633,1,0,1
2026-07-31 13:00:00,6620.4,1335.48,1352.86,1397.26,1415.81,1289.59,1312.64,1294.27,1311.01,1355.44,1372.99,38.34,29.93,462.52,455.89,6.0,91.36,True,13,0,31,7,4,6808.2,4981.8,6136.8,1004.6571355442572,1,0,1
2026-07-31 13:15:00,5133.0,1011.62,1024.86,1037.13,1051.17,970.57,988.06,971.71,984.27,1070.12,1084.39,37.58,29.95,364.78,366.15,6.25,89.52,True,13,15,31,7,4,6620.4,6808.2,6187.2,917.7801697574382,1,0,1
2026-07-31 13:30:00,5883.6,1176.23,1191.24,1213.15,1228.63,1161.18,1181.2,1136.75,1151.12,1191.22,1206.39,31.51,28.67,389.33,385.36,6.75,93.75,True,13,30,31,7,4,5133.0,6620.4,5879.0,743.7106695483076,1,0,1
2026-07-31 13:45:00,5468.4,1157.5,1172.12,1191.15,1206.2,1078.43,1096.83,1062.84,1076.15,1080.75,1094.29,34.49,29.2,375.57,368.12,7.25,91.44,True,13,45,31,7,4,5883.6,5133.0,5495.0,376.00632973394534,1,0,1
2026-07-31 14:00:00,7719.6,1510.85,1531.89,1549.65,1571.28,1632.23,1664.52,1416.53,1435.82,1555.83,1577.68,38.16,29.51,633.75,619.33,7.75,77.69,True,14,0,31,7,4,5468.4,5883.6,6357.2,1197.997529212808,1,0,1
2026-07-31 14:15:00,6579.0,1359.96,1377.79,1412.21,1431.21,1204.63,1225.6,1312.99,1330.23,1316.91,1333.72,38.41,29.7,457.25,450.15,8.25,91.86,True,14,15,31,7,4,7719.6,5468.4,6589.0,1125.6333150720056,1,0,1
2026-07-31 14:30:00,8050.5,1856.06,1884.48,1835.55,1863.45,1467.28,1496.37,1767.79,1794.7,1699.91,1725.35,38.02,30.11,530.73,523.36,8.75,96.68,True,14,30,31,7,4,6579.0,7719.6,7449.7,771.9861203415466,1,0,1
2026-07-31 14:45:00,8520.0,1769.18,1795.67,1782.25,1808.86,1455.78,1483.81,1676.92,1701.76,1687.47,1711.96,42.86,31.16,601.32,583.75,9.25,92.19,True,14,45,31,7,4,8050.5,6579.0,7716.5,1012.6881306700462,1,0,1
2026-07-31 15:00:00,8101.8,1672.45,1696.27,1672.94,1696.64,1360.87,1385.6,1593.41,1615.79,1575.51,1597.32,41.42,31.53,496.08,491.34,9.75,105.61,True,15,0,31,7,4,8520.0,8050.5,8224.1,257.53743417218527,1,0,1
2026-07-31 15:15:00,8785.2,1676.15,1701.12,1814.13,1841.35,1658.45,1692.44,1670.31,1695.17,1784.36,1811.58,44.13,31.78,671.74,656.89,10.5,85.57,True,15,15,31,7,4,8101.8,8520.0,8469.0,344.5426533827011,1,0,1
2026-07-31 15:30:00,3286.8,631.06,639.42,663.8,672.38,669.52,680.99,665.93,675.19,717.75,727.37,38.53,30.91,250.4,248.98,10.75,83.85,True,15,30,31,7,4,8785.2,8101.8,6724.599999999999,2996.766677604382,1,0,1
2026-07-31 15:45:00,1387.8,278.05,282.33,279.66,283.95,272.68,278.17,270.39,274.54,291.02,295.46,31.72,28.99,97.67,98.43,10.75,88.22,True,15,45,31,7,4,3286.8,8785.2,4486.6,3841.877369203762,1,0,1
2026-07-31 16:00:00,3704.4,811.74,822.02,783.82,793.98,529.37,538.61,835.46,846.69,797.06,807.81,26.74,26.65,184.92,178.26,11.0,121.88,True,16,0,31,7,4,1387.8,3286.8,2793.0,1234.7217176352035,1,0,1
2026-07-31 16:15:00,3318.0,722.34,730.89,716.23,724.72,577.1,586.64,687.85,696.03,676.57,684.72,28.96,26.82,206.98,201.7,11.25,98.41,True,16,15,31,7,4,3704.4,1387.8,2803.4,1241.075646364889,1,0,1
2026-07-31 16:30:00,4423.8,800.3,809.92,899.34,910.26,970.55,987.49,843.64,853.85,968.25,980.31,32.04,27.88,355.53,341.92,11.5,77.36,True,16,30,31,7,4,3318.0,3704.4,3815.4,561.1944048188838,1,0,1
2026-07-31 16:45:00,3733.2,794.49,804.67,759.63,769.34,621.68,632.67,777.93,787.86,735.58,744.87,36.08,28.55,276.95,267.07,11.75,85.22,True,16,45,31,7,4,4423.8,3318.0,3825.0,558.5864660014787,1,0,1
2026-07-31 17:00:00,5769.6,1142.84,1157.24,1186.14,1201.15,1151.66,1171.57,1127.4,1141.57,1206.93,1222.24,36.43,29.0,451.54,430.09,12.25,80.9,True,17,0,31,7,4,3733.2,4423.8,4642.2,1035.6182501288868,1,0,1
2026-07-31 17:15:00,5063.79,977.59,989.62,1030.6,1043.29,1023.87,1041.11,989.34,1001.52,1053.76,1066.82,38.65,29.59,441.28,419.99,12.5,73.34,True,17,15,31,7,4,5769.6,3733.2,4855.53,1034.0504875004974,1,0,1
2026-07-31 17:30:00,3273.6,626.83,634.42,653.66,661.51,678.12,689.1,630.85,638.5,670.0,678.0,36.32,29.85,320.97,305.0,12.75,64.54,True,17,30,31,7,4,5063.79,5769.6,4702.33,1286.6600167487982,1,0,1
2026-07-31 17:45:00,2193.0,402.15,407.57,438.54,444.32,479.08,487.2,417.83,423.43,448.95,454.83,34.36,29.76,229.8,217.13,13.0,59.9,True,17,45,31,7,4,3273.6,5063.79,3510.1299999999997,1449.9374595823167,1,0,1
2026-07-31 18:00:00,1783.2,339.55,344.44,351.57,356.45,354.34,360.83,343.36,348.24,351.26,356.2,32.89,29.78,167.58,160.58,13.0,66.39,True,18,0,31,7,4,2193.0,3273.6,2416.6,769.9485437352467,1,0,1
2026-07-31 18:15:00,1131.43,230.4,234.06,236.37,240.11,217.71,222.5,227.96,231.51,225.94,229.52,31.2,29.77,99.43,94.59,13.25,70.5,True,18,15,31,7,4,1783.2,2193.0,1702.5433333333333,535.3614102952913,1,0,1
2026-07-31 18:30:00,703.8,139.66,142.67,144.99,148.11,143.43,147.16,139.1,142.13,145.06,148.12,30.88,29.86,75.18,70.42,13.25,57.93,True,18,30,31,7,4,1131.43,1783.2,1206.1433333333334,543.564763053461,1,0,1
2026-07-31 18:45:00,130.8,29.51,30.65,29.68,30.82,31.63,32.67,29.12,30.25,30.87,32.06,29.7,29.52,14.68,14.26,13.25,54.86,True,18,45,31,7,4,703.8,1131.43,655.3433333333334,502.07184309953817,0,0,1
2026-07-31 19:00:00,12.0,2.04,2.12,1.47,1.53,2.59,2.71,1.9,1.97,2.07,2.15,28.34,29.22,1.62,1.7,13.25,25.33,True,19,0,31,7,4,130.8,703.8,282.2,369.91658519189883,0,0,1
2026-07-31 19:15:00,0.0,0.0,0.0,0.0,0.0,0.0,0.0,0.0,0.0,0.0,0.0,27.85,28.76,0.08,0.09,13.25,0.0,True,19,15,31,7,4,12.0,130.8,47.6,72.30269704538176,0,0,1
2026-07-31 19:30:00,0.0,0.0,0.0,0.0,0.0,0.0,0.0,0.0,0.0,0.0,0.0,27.72,28.13,0.11,0.09,13.25,0.0,True,19,30,31,7,4,0.0,12.0,4.0,6.928203232904385,0,0,1
2026-07-31 19:45:00,0.0,0.0,0.0,0.0,0.0,0.0,0.0,0.0,0.0,0.0,0.0,27.05,27.46,0.08,0.09,13.25,0.0,True,19,45,31,7,4,0.0,0.0,0.0,0.00019089922677588308,0,0,1
2026-07-31 20:00:00,0.0,0.0,0.0,0.0,0.0,0.0,0.0,0.0,0.0,0.0,0.0,26.41,27.49,0.12,0.1,13.25,0.0,True,20,0,31,7,4,0.0,0.0,0.0,0.00019089922677588308,0,0,1
2026-07-31 20:15:00,0.0,0.0,0.0,0.0,0.0,0.0,0.0,0.0,0.0,0.0,0.0,26.52,27.54,0.12,0.11,13.25,0.0,True,20,15,31,7,4,0.0,0.0,0.0,0.00019089922677588308,0,0,1
2026-07-31 20:30:00,0.0,0.0,0.0,0.0,0.0,0.0,0.0,0.0,0.0,0.0,0.0,26.63,27.5,0.14,0.12,13.25,0.0,True,20,30,31,7,4,0.0,0.0,0.0,0.00019089922677588308,0,0,1
2026-07-31 20:45:00,0.0,0.0,0.0,0.0,0.0,0.0,0.0,0.0,0.0,0.0,0.0,26.35,27.41,0.13,0.11,13.25,0.0,True,20,45,31,7,4,0.0,0.0,0.0,0.00019089922677588308,0,0,1
2026-07-31 21:00:00,0.0,0.0,0.0,0.0,0.0,0.0,0.0,0.0,0.0,0.0,0.0,26.28,27.12,0.1,0.1,13.25,0.0,True,21,0,31,7,4,0.0,0.0,0.0,0.00019089922677588308,0,0,1
2026-07-31 21:15:00,0.0,0.0,0.0,0.0,0.0,0.0,0.0,0.0,0.0,0.0,0.0,25.88,27.0,0.12,0.1,13.25,0.0,True,21,15,31,7,4,0.0,0.0,0.0,0.00019089922677588308,0,0,1
2026-07-31 21:30:00,0.0,0.0,0.0,0.0,0.0,0.0,0.0,0.0,0.0,0.0,0.0,25.46,26.91,0.11,0.09,13.25,0.0,True,21,30,31,7,4,0.0,0.0,0.0,0.00019089922677588308,0,0,1
2026-07-31 21:45:00,0.0,0.0,0.0,0.0,0.0,0.0,0.0,0.0,0.0,0.0,0.0,26.18,26.82,0.14,0.12,13.25,0.0,True,21,45,31,7,4,0.0,0.0,0.0,0.00019089922677588308,0,0,1
2026-07-31 22:00:00,0.0,0.0,0.0,0.0,0.0,0.0,0.0,0.0,0.0,0.0,0.0,26.19,26.98,0.23,0.11,13.25,0.0,True,22,0,31,7,4,0.0,0.0,0.0,0.00019089922677588308,0,0,1
2026-07-31 22:15:00,0.0,0.0,0.0,0.0,0.0,0.0,0.0,0.0,0.0,0.0,0.0,26.34,27.13,0.16,0.1,13.25,0.0,True,22,15,31,7,4,0.0,0.0,0.0,0.00019089922677588308,0,0,1
2026-07-31 22:30:00,0.0,0.0,0.0,0.0,0.0,0.0,0.0,0.0,0.0,0.0,0.0,26.09,27.04,0.1,0.1,13.25,0.0,True,22,30,31,7,4,0.0,0.0,0.0,0.00019089922677588308,0,0,1
2026-07-31 22:45:00,0.0,0.0,0.0,0.0,0.0,0.0,0.0,0.0,0.0,0.0,0.0,26.08,26.85,0.13,0.1,13.25,0.0,True,22,45,31,7,4,0.0,0.0,0.0,0.00019089922677588308,0,0,1
2026-07-31 23:00:00,0.0,0.0,0.0,0.0,0.0,0.0,0.0,0.0,0.0,0.0,0.0,25.83,26.78,0.13,0.11,13.25,0.0,True,23,0,31,7,4,0.0,0.0,0.0,0.00019089922677588308,0,0,1
2026-07-31 23:15:00,0.0,0.0,0.0,0.0,0.0,0.0,0.0,0.0,0.0,0.0,0.0,25.82,26.81,0.35,0.1,13.25,0.0,True,23,15,31,7,4,0.0,0.0,0.0,0.00019089922677588308,0,0,1
2026-07-31 23:30:00,0.0,0.0,0.0,0.0,0.0,0.0,0.0,0.0,0.0,0.0,0.0,24.84,26.88,0.39,0.1,13.25,0.0,True,23,30,31,7,4,0.0,0.0,0.0,0.00019089922677588308,0,0,1
2026-07-31 23:45:00,0.0,0.0,0.0,0.0,0.0,0.0,0.0,0.0,0.0,0.0,0.0,25.8,26.83,0.12,0.11,13.25,0.0,True,23,45,31,7,4,0.0,0.0,0.0,0.00019089922677588308,0,0,1
2026-08-01 00:15:00,0.0,0.0,0.0,0.0,0.0,0.0,0.0,0.0,0.0,0.0,0.0,25.46,26.76,0.15,0.09,0.0,0.0,True,0,15,1,8,5,0.0,0.0,0.0,0.0,0,1,0
2026-08-01 00:30:00,0.0,0.0,0.0,0.0,0.0,0.0,0.0,0.0,0.0,0.0,0.0,25.83,26.8,0.23,0.1,0.0,0.0,True,0,30,1,8,5,0.0,0.0,0.0,0.0,0,1,0
2026-08-01 00:45:00,0.0,0.0,0.0,0.0,0.0,0.0,0.0,0.0,0.0,0.0,0.0,25.59,26.85,0.13,0.12,0.0,0.0,True,0,45,1,8,5,0.0,0.0,0.0,0.0,0,1,0
2026-08-01 01:00:00,0.0,0.0,0.0,0.0,0.0,0.0,0.0,0.0,0.0,0.0,0.0,24.98,26.79,0.14,0.1,0.0,0.0,True,1,0,1,8,5,0.0,0.0,0.0,0.0,0,1,0
2026-08-01 01:15:00,0.0,0.0,0.0,0.0,0.0,0.0,0.0,0.0,0.0,0.0,0.0,25.52,26.57,0.12,0.1,0.0,0.0,True,1,15,1,8,5,0.0,0.0,0.0,0.0,0,1,0
2026-08-01 01:30:00,0.0,0.0,0.0,0.0,0.0,0.0,0.0,0.0,0.0,0.0,0.0,25.79,26.55,0.13,0.11,0.0,0.0,True,1,30,1,8,5,0.0,0.0,0.0,0.0,0,1,0
2026-08-01 01:45:00,0.0,0.0,0.0,0.0,0.0,0.0,0.0,0.0,0.0,0.0,0.0,25.44,26.58,0.14,0.1,0.0,0.0,True,1,45,1,8,5,0.0,0.0,0.0,0.0,0,1,0
2026-08-01 02:00:00,0.0,0.0,0.0,0.0,0.0,0.0,0.0,0.0,0.0,0.0,0.0,25.33,26.6,0.15,0.09,0.0,0.0,True,2,0,1,8,5,0.0,0.0,0.0,0.0,0,1,0
2026-08-01 02:15:00,0.0,0.0,0.0,0.0,0.0,0.0,0.0,0.0,0.0,0.0,0.0,25.66,26.7,0.16,0.11,0.0,0.0,True,2,15,1,8,5,0.0,0.0,0.0,0.0,0,1,0
2026-08-01 02:30:00,0.0,0.0,0.0,0.0,0.0,0.0,0.0,0.0,0.0,0.0,0.0,25.88,26.77,0.14,0.11,0.0,0.0,True,2,30,1,8,5,0.0,0.0,0.0,0.0,0,1,0
2026-08-01 02:45:00,0.0,0.0,0.0,0.0,0.0,0.0,0.0,0.0,0.0,0.0,0.0,26.02,26.68,0.15,0.11,0.0,0.0,True,2,45,1,8,5,0.0,0.0,0.0,0.0,0,1,0
2026-08-01 03:00:00,0.0,0.0,0.0,0.0,0.0,0.0,0.0,0.0,0.0,0.0,0.0,25.38,26.55,0.13,0.1,0.0,0.0,True,3,0,1,8,5,0.0,0.0,0.0,0.0,0,1,0
2026-08-01 03:15:00,0.0,0.0,0.0,0.0,0.0,0.0,0.0,0.0,0.0,0.0,0.0,24.36,26.42,0.12,0.08,0.0,0.0,True,3,15,1,8,5,0.0,0.0,0.0,0.0,0,1,0
2026-08-01 03:30:00,0.0,0.0,0.0,0.0,0.0,0.0,0.0,0.0,0.0,0.0,0.0,24.36,26.35,0.17,0.11,0.0,0.0,True,3,30,1,8,5,0.0,0.0,0.0,0.0,0,1,0
2026-08-01 03:45:00,0.0,0.0,0.0,0.0,0.0,0.0,0.0,0.0,0.0,0.0,0.0,25.09,26.31,0.12,0.1,0.0,0.0,True,3,45,1,8,5,0.0,0.0,0.0,0.0,0,1,0
2026-08-01 04:00:00,0.0,0.0,0.0,0.0,0.0,0.0,0.0,0.0,0.0,0.0,0.0,24.48,26.33,0.14,0.1,0.0,0.0,True,4,0,1,8,5,0.0,0.0,0.0,0.0,0,1,0
2026-08-01 04:15:00,0.0,0.0,0.0,0.0,0.0,0.0,0.0,0.0,0.0,0.0,0.0,24.47,26.26,0.19,0.13,0.0,0.0,True,4,15,1,8,5,0.0,0.0,0.0,0.0,0,1,0
2026-08-01 04:30:00,0.0,0.0,0.0,0.0,0.0,0.0,0.0,0.0,0.0,0.0,0.0,25.27,26.2,0.17,0.12,0.0,0.0,True,4,30,1,8,5,0.0,0.0,0.0,0.0,0,1,0
2026-08-01 04:45:00,0.0,0.0,0.0,0.0,0.0,0.0,0.0,0.0,0.0,0.0,0.0,25.38,26.23,0.16,0.12,0.0,0.0,True,4,45,1,8,5,0.0,0.0,0.0,0.0,0,1,0
2026-08-01 05:00:00,0.0,0.0,0.0,0.0,0.0,0.0,0.0,0.0,0.0,0.0,0.0,25.04,26.28,0.14,0.11,0.0,0.0,True,5,0,1,8,5,0.0,0.0,0.0,0.0,0,1,0
2026-08-01 05:15:00,0.0,0.0,0.0,0.0,0.0,0.0,0.0,0.0,0.0,0.0,0.0,24.86,26.19,0.13,0.11,0.0,0.0,True,5,15,1,8,5,0.0,0.0,0.0,0.0,0,1,0
2026-08-01 05:30:00,0.0,0.0,0.0,0.0,0.0,0.0,0.0,0.0,0.0,0.0,0.0,25.01,26.0,0.18,0.13,0.0,0.0,True,5,30,1,8,5,0.0,0.0,0.0,0.0,0,1,0
2026-08-01 05:45:00,0.0,0.0,0.0,0.0,0.0,0.0,0.0,0.0,0.0,0.0,0.0,24.75,25.97,0.34,0.12,0.0,0.0,True,5,45,1,8,5,0.0,0.0,0.0,0.0,0,1,0
2026-08-01 06:00:00,23.4,0.0,0.0,0.0,0.0,8.11,8.39,6.63,6.88,7.23,7.51,24.87,26.1,4.6,3.75,0.0,30.74,True,6,0,1,8,5,0.0,0.0,7.8,13.50999629903724,0,1,0
2026-08-01 06:15:00,177.0,0.0,0.0,0.0,0.0,56.57,58.16,53.76,55.14,56.97,58.4,25.14,26.11,21.78,21.62,0.0,49.14,True,6,15,1,8,5,23.4,0.0,66.8,96.150507018944,1,1,0
2026-08-01 06:30:00,655.8,0.0,0.0,0.0,0.0,138.37,141.06,136.09,138.13,138.31,140.31,25.76,26.25,53.24,49.27,0.0,74.65,True,6,30,1,8,5,177.0,23.4,285.4,329.8414164412953,1,1,0
2026-08-01 06:45:00,1129.2,259.49,262.63,261.83,265.01,215.73,220.28,232.97,235.95,230.8,233.82,25.98,26.47,88.56,70.18,0.0,77.34,True,6,45,1,8,5,655.8,177.0,654.0,476.10255197803764,1,1,0
2026-08-01 07:00:00,1672.8,334.68,339.42,337.48,342.27,346.64,352.98,333.14,338.02,342.79,347.71,26.59,26.7,131.24,128.51,0.25,77.5,True,7,0,1,8,5,1129.2,655.8,1152.6000000000001,508.90364510386445,1,1,0
2026-08-01 07:15:00,2436.6,482.82,488.97,483.72,489.89,491.89,500.11,491.58,497.78,492.27,498.48,28.9,27.08,181.1,201.95,0.5,82.58,True,7,15,1,8,5,1672.8,1129.2,1746.1999999999998,656.7833432723456,1,1,0
2026-08-01 07:30:00,3248.36,639.87,647.42,646.3,653.93,664.06,674.86,651.87,659.57,663.62,671.46,29.92,27.52,236.94,262.45,0.75,84.5,True,7,30,1,8,5,2436.6,1672.8,2452.5866666666666,787.9016490231083,1,1,0
2026-08-01 07:45:00,3930.0,771.17,780.31,782.09,791.37,806.13,819.18,784.12,793.44,807.29,816.89,32.35,27.89,283.23,308.6,1.0,86.38,True,7,45,1,8,5,3248.36,2436.6,3204.986666666666,747.6441831067325,1,1,0
2026-08-01 08:00:00,5125.8,1017.26,1029.76,1022.83,1035.4,1040.75,1058.27,1024.51,1037.04,1058.94,1072.05,33.97,28.33,361.63,371.34,1.25,88.82,True,8,0,1,8,5,3930.0,3248.36,4101.386666666666,950.3816499350842,1,1,0
2026-08-01 08:15:00,5908.2,1212.91,1228.39,1179.16,1194.13,1116.95,1136.37,1190.62,1205.78,1230.48,1246.13,35.94,28.71,403.81,424.11,1.75,92.44,True,8,15,1,8,5,5125.8,3930.0,4988.0,996.2732757632309,1,1,0
2026-08-01 08:30:00,6061.8,1171.48,1186.24,1322.62,1339.87,1043.29,1061.41,1227.34,1242.74,1222.31,1237.89,37.38,28.96,404.02,420.98,2.0,95.38,True,8,30,1,8,5,5908.2,5125.8,5698.599999999999,501.96924208560694,1,1,0
2026-08-01 08:45:00,6597.0,1372.83,1390.77,1385.7,1404.23,1185.17,1206.16,1371.22,1389.08,1330.05,1347.46,37.36,29.16,441.86,472.15,2.5,94.9,True,8,45,1,8,5,6061.8,5908.2,6189.0,361.58849539220495,1,1,0
2026-08-01 09:00:00,7313.4,1428.65,1448.25,1435.4,1455.14,1366.56,1392.2,1479.12,1499.58,1562.28,1584.43,37.78,29.44,494.17,504.98,3.0,94.23,True,9,0,1,8,5,6597.0,6061.8,6657.400000000001,627.9822927439902,1,1,0
2026-08-01 09:15:00,7623.0,1409.88,1429.69,1504.11,1525.15,1659.17,1692.12,1486.41,1507.76,1507.82,1529.07,40.71,29.7,620.92,641.18,3.5,79.15,True,9,15,1,8,5,7313.4,6597.0,7177.8,526.2694366956908,1,1,0
2026-08-01 09:30:00,8668.8,1697.22,1721.77,1758.54,1784.25,1869.19,1907.63,1673.91,1698.13,1785.26,1811.31,43.12,30.07,678.84,704.18,4.25,83.19,True,9,30,1,8,5,7623.0,7313.4,7868.400000000001,710.2416208587052,1,1,0
2026-08-01 09:45:00,8878.8,1681.09,1705.78,1750.8,1776.94,2008.25,2050.69,1729.17,1754.23,1853.06,1880.79,44.62,30.37,747.26,770.12,4.75,77.9,True,9,45,1,8,5,8668.8,7623.0,8390.199999999999,672.6603005975618,1,1,0
2026-08-01 10:00:00,10347.6,1985.71,2016.35,2128.64,2162.16,2092.89,2137.93,2059.67,2092.02,2134.73,2168.75,44.98,30.77,786.85,811.6,5.5,86.36,True,10,0,1,8,5,8878.8,8668.8,9298.4,914.6805343943886,1,1,0
2026-08-01 10:15:00,9843.6,1983.79,2014.28,2048.4,2080.65,2104.85,2150.74,1903.68,1932.91,1974.76,2005.3,46.86,31.04,818.04,834.14,6.25,79.67,True,10,15,1,8,5,10347.6,8878.8,9690.0,746.3498375426925,1,1,0
2026-08-01 10:30:00,6295.15,1193.35,1209.07,1347.22,1365.61,1451.92,1480.17,1179.81,1195.14,1239.67,1256.33,44.79,30.75,582.74,587.15,6.75,70.88,True,10,30,1,8,5,9843.6,10347.6,8828.783333333335,2208.6143621812607,1,1,0
2026-08-01 10:45:00,6619.2,1299.2,1316.98,1334.93,1353.2,1322.29,1346.91,1251.0,1267.31,1296.5,1313.83,41.55,30.63,484.82,465.89,7.0,88.34,True,10,45,1,8,5,6295.15,9843.6,7585.983333333334,1961.8554637978134,1,1,0
2026-08-01 11:00:00,8854.8,1626.44,1650.05,1730.66,1756.11,1858.18,1896.89,1768.12,1794.3,1666.87,1690.51,44.93,31.04,686.86,688.39,7.75,84.64,True,11,0,1,8,5,6619.2,6295.15,7256.383333333334,1393.7194770947744,1,1,0
2026-08-01 11:15:00,8746.71,1789.83,1816.12,1870.32,1898.41,1616.3,1647.99,1761.91,1787.62,1793.73,1820.29,46.67,31.49,653.36,645.79,8.25,88.56,True,11,15,1,8,5,8854.8,6619.2,8073.57,1260.6803459640353,1,1,0
2026-08-01 11:30:00,10987.8,1996.67,2027.78,2261.71,2297.96,2417.35,2471.83,2074.25,2106.67,2120.62,2153.66,47.52,31.68,957.78,972.18,9.0,76.18,True,11,30,1,8,5,8746.71,8854.8,9529.769999999999,1263.8470922940023,1,1,0
2026-08-01 11:45:00,12819.6,2522.47,2564.27,2648.31,2692.2,2600.47,2660.21,2561.2,2603.64,2662.8,2706.82,52.08,31.99,1011.97,1016.81,10.0,85.84,True,11,45,1,8,5,10987.8,8746.71,10851.37,2039.8696273781838,1,1,0
2026-08-01 12:00:00,8331.0,1723.24,1747.91,1748.43,1773.51,1697.59,1731.69,1675.21,1699.22,1700.41,1724.21,50.96,31.84,689.6,691.43,10.5,81.45,True,12,0,1,8,5,12819.6,10987.8,10712.800000000001,2256.9008042003106,1,0,1
2026-08-01 12:15:00,4848.0,965.13,977.22,1003.1,1015.89,965.4,981.72,932.07,943.7,970.28,982.18,43.67,31.47,336.85,339.01,10.75,93.97,True,12,15,1,8,5,8331.0,12819.6,8666.199999999999,3996.3572062567187,1,0,1
2026-08-01 12:30:00,9431.4,1896.09,1925.12,1878.6,1907.05,1834.02,1871.46,1868.42,1896.59,1957.47,1987.53,42.97,31.55,675.07,674.47,11.5,90.95,True,12,30,1,8,5,4848.0,8331.0,7536.8,2392.687635275445,1,0,1
2026-08-01 12:45:00,10795.5,2280.86,2316.86,2285.28,2321.31,2104.97,2150.23,2165.3,2199.15,2338.03,2374.97,46.73,32.0,823.67,817.59,12.25,86.73,True,12,45,1,8,5,9431.4,4848.0,8358.300000000001,3115.5812892620866,1,0,1
2026-08-01 13:00:00,8605.2,1732.33,1758.28,1929.73,1959.22,1775.74,1812.45,1717.59,1743.32,1769.75,1796.36,50.98,32.54,715.97,717.41,13.0,81.04,True,13,0,1,8,5,10795.5,9431.4,9610.699999999999,1106.103471651732,1,0,1
2026-08-01 13:15:00,10084.8,2041.25,2073.24,2066.61,2098.82,1808.78,1846.63,2064.94,2097.5,2104.31,2137.3,46.18,32.12,702.03,676.59,13.5,94.83,True,13,15,1,8,5,8605.2,10795.5,9828.5,1117.4170170531745,1,0,1
2026-08-01 13:30:00,11665.93,2306.46,2343.91,2400.51,2439.82,2408.2,2462.77,2289.04,2326.03,2431.09,2471.1,52.3,32.68,942.04,929.69,14.5,83.99,True,13,30,1,8,5,10084.8,8605.2,10118.643333333333,1530.6456355516616,1,0,1
2026-08-01 13:45:00,10099.8,2050.28,2082.02,2138.34,2171.61,1861.06,1899.68,2039.65,2071.08,2018.61,2049.75,53.56,33.06,755.9,746.92,15.0,91.14,True,13,45,1,8,5,11665.93,10084.8,10616.843333333332,908.56665998338,1,0,1
2026-08-01 14:00:00,8025.43,1729.29,1754.22,1713.48,1737.87,1385.84,1411.27,1705.18,1729.7,1593.43,1615.57,47.3,32.67,508.4,503.56,15.75,104.72,True,14,0,1,8,5,10099.8,11665.93,9930.386666666665,1826.1532577068526,1,0,1
2026-08-01 14:15:00,9860.25,1913.29,1941.62,2034.45,2065.69,1973.13,2014.55,1924.28,1953.22,1992.16,2022.27,47.94,33.0,755.02,739.82,16.25,86.88,True,14,15,1,8,5,8025.43,10099.8,9328.493333333332,1134.8244748124478,1,0,1
2026-08-01 14:30:00,9396.0,1974.14,2003.88,2004.91,2035.04,1752.25,1787.37,1904.96,1933.16,1854.57,1881.68,49.0,33.35,667.69,655.12,17.0,94.06,True,14,30,1,8,5,9860.25,8025.43,9093.893333333333,953.987650147185,1,0,1
2026-08-01 14:45:00,7242.6,1551.98,1573.61,1562.52,1584.96,1257.75,1279.94,1506.16,1527.13,1442.69,1462.18,45.99,32.87,475.29,469.65,17.5,100.51,True,14,45,1,8,5,9396.0,9860.25,8832.95,1396.7075060656082,1,0,1
2026-08-01 15:00:00,6490.2,1286.16,1302.57,1323.6,1340.48,1282.27,1304.97,1310.82,1327.55,1346.45,1363.63,44.17,32.9,465.32,461.45,18.0,91.27,True,15,0,1,8,5,7242.6,9396.0,7709.599999999999,1508.1396354449414,1,0,1
2026-08-01 15:15:00,5586.6,1147.54,1161.97,1180.38,1195.34,1071.21,1089.41,1122.68,1136.75,1146.83,1161.25,42.54,32.43,396.77,392.5,18.25,91.49,True,15,15,1,8,5,6490.2,7242.6,6439.8,829.1496366760274,1,0,1
2026-08-01 15:30:00,5827.2,1132.98,1147.19,1162.65,1177.24,1150.33,1170.38,1170.84,1185.58,1182.61,1197.48,41.54,32.39,403.33,397.83,18.75,93.48,True,15,30,1,8,5,5586.6,6490.2,5968.0,467.965511549711,1,0,1
2026-08-01 15:45:00,6507.6,1268.51,1284.64,1334.37,1351.34,1337.45,1361.5,1289.0,1305.39,1314.15,1330.89,43.12,32.58,493.78,487.37,19.25,85.85,True,15,45,1,8,5,5827.2,5586.6,5973.8,477.68077206433907,1,0,1
2026-08-01 16:00:00,6377.4,1288.11,1304.49,1337.89,1354.96,1273.43,1296.02,1257.05,1272.98,1291.53,1307.95,43.57,32.42,475.41,468.07,19.75,87.55,True,16,0,1,8,5,6507.6,5827.2,6237.400000000001,361.15930003252873,1,0,1
2026-08-01 16:15:00,3351.86,676.98,685.07,690.4,698.66,633.64,644.08,667.41,675.36,683.05,691.2,40.75,32.18,239.94,242.64,20.0,90.08,True,16,15,1,8,5,6377.4,6507.6,5412.286666666667,1785.5689699738039,1,0,1
2026-08-01 16:30:00,2904.6,595.55,602.54,605.92,613.04,545.06,554.11,593.82,600.8,592.23,599.19,36.56,31.97,190.95,188.47,20.0,96.36,True,16,30,1,8,5,3351.86,6377.4,4211.286666666667,1889.1917865937535,1,0,1
2026-08-01 16:45:00,3593.4,692.64,700.83,718.24,726.74,736.37,748.19,715.59,724.06,738.35,747.09,37.18,32.22,257.94,255.01,20.25,88.48,True,16,45,1,8,5,2904.6,3351.86,3283.286666666667,349.48259832685426,1,0,1
2026-08-01 17:00:00,3717.0,732.72,741.39,759.33,768.32,741.3,753.19,730.97,739.63,751.97,760.87,38.02,32.16,270.2,265.85,20.5,87.68,True,17,0,1,8,5,3593.4,2904.6,3405.0,437.7434865305906,1,0,1
2026-08-01 17:15:00,2725.2,554.98,561.58,574.18,581.01,544.5,553.51,543.8,550.3,554.77,561.41,36.89,32.22,202.02,197.84,20.75,85.57,True,17,15,1,8,5,3717.0,3593.4,3345.2000000000003,540.4805639428273,1,0,1
2026-08-01 17:30:00,1912.8,391.58,397.01,404.04,409.6,380.03,386.83,381.78,387.13,388.48,393.9,35.0,32.02,140.78,137.78,21.0,85.51,True,17,30,1,8,5,2725.2,3717.0,2785.0,903.5853252460169,1,0,1
2026-08-01 17:45:00,1326.0,268.12,272.01,277.37,281.39,269.29,274.53,263.9,267.73,271.73,275.67,33.27,31.34,100.39,98.59,21.0,82.54,True,17,45,1,8,5,1912.8,2725.2,1988.0,702.6246793274058,1,0,1
2026-08-01 18:00:00,948.6,192.44,195.94,199.35,202.9,195.8,200.53,189.97,193.49,196.15,199.68,32.15,31.08,73.7,72.41,21.0,80.06,True,18,0,1,8,5,1326.0,1912.8,1395.8,485.8749221764101,1,0,1
2026-08-01 18:15:00,600.43,127.96,130.85,132.37,135.29,124.33,128.03,123.06,125.96,125.86,128.77,31.19,30.73,48.89,47.56,21.25,76.08,True,18,15,1,8,5,948.6,1326.0,958.3433333333332,362.8831156629646,1,0,1
2026-08-01 18:30:00,261.0,59.24,61.53,61.24,63.6,56.91,58.71,55.07,57.19,56.89,59.09,30.25,30.46,24.48,23.45,21.25,65.79,True,18,30,1,8,5,600.43,948.6,603.3433333333334,343.80925763169336,1,0,1
2026-08-01 18:45:00,63.0,14.33,14.88,13.8,14.33,13.71,14.21,11.85,12.33,12.77,13.26,29.04,30.15,7.16,6.48,21.25,54.02,True,18,45,1,8,5,261.0,600.43,308.1433333333333,271.79886245761287,0,0,1
2026-08-01 19:00:00,0.0,0.29,0.3,0.02,0.02,2.88,3.02,0.5,0.52,0.36,0.37,28.6,29.94,1.52,1.07,21.25,0.0,True,19,0,1,8,5,63.0,261.0,108.0,136.19471355348765,0,0,1
2026-08-01 19:15:00,0.0,0.0,0.0,0.0,0.0,0.0,0.0,0.0,0.0,0.0,0.0,27.44,29.67,0.1,0.08,21.25,0.0,True,19,15,1,8,5,0.0,63.0,21.0,36.37306695778436,0,0,1
2026-08-01 19:30:00,0.0,0.0,0.0,0.0,0.0,0.0,0.0,0.0,0.0,0.0,0.0,27.25,29.41,0.06,0.06,21.25,0.0,True,19,30,1,8,5,0.0,0.0,0.0,0.0,0,0,1
2026-08-01 19:45:00,0.0,0.0,0.0,0.0,0.0,0.0,0.0,0.0,0.0,0.0,0.0,26.65,29.54,0.13,0.1,21.25,0.0,True,19,45,1,8,5,0.0,0.0,0.0,0.0,0,0,1
2026-08-01 20:00:00,0.0,0.0,0.0,0.0,0.0,0.0,0.0,0.0,0.0,0.0,0.0,26.48,29.38,0.12,0.08,21.25,0.0,True,20,0,1,8,5,0.0,0.0,0.0,0.0,0,0,1
2026-08-01 20:15:00,0.0,0.0,0.0,0.0,0.0,0.0,0.0,0.0,0.0,0.0,0.0,26.36,29.01,0.12,0.08,21.25,0.0,True,20,15,1,8,5,0.0,0.0,0.0,0.0,0,0,1
2026-08-01 20:30:00,0.0,0.0,0.0,0.0,0.0,0.0,0.0,0.0,0.0,0.0,0.0,26.38,28.89,0.12,0.08,21.25,0.0,True,20,30,1,8,5,0.0,0.0,0.0,0.0,0,0,1
2026-08-01 20:45:00,0.0,0.0,0.0,0.0,0.0,0.0,0.0,0.0,0.0,0.0,0.0,26.69,28.72,0.13,0.09,21.25,0.0,True,20,45,1,8,5,0.0,0.0,0.0,0.0,0,0,1
2026-08-01 21:00:00,0.0,0.0,0.0,0.0,0.0,0.0,0.0,0.0,0.0,0.0,0.0,26.67,28.48,0.11,0.09,21.25,0.0,True,21,0,1,8,5,0.0,0.0,0.0,0.0,0,0,1
2026-08-01 21:15:00,0.0,0.0,0.0,0.0,0.0,0.0,0.0,0.0,0.0,0.0,0.0,26.31,28.43,0.12,0.09,21.25,0.0,True,21,15,1,8,5,0.0,0.0,0.0,0.0,0,0,1
2026-08-01 21:30:00,0.0,0.0,0.0,0.0,0.0,0.0,0.0,0.0,0.0,0.0,0.0,26.45,28.49,0.12,0.09,21.25,0.0,True,21,30,1,8,5,0.0,0.0,0.0,0.0,0,0,1
2026-08-01 21:45:00,0.0,0.0,0.0,0.0,0.0,0.0,0.0,0.0,0.0,0.0,0.0,25.99,28.53,0.11,0.09,21.25,0.0,True,21,45,1,8,5,0.0,0.0,0.0,0.0,0,0,1
2026-08-01 22:00:00,0.0,0.0,0.0,0.0,0.0,0.0,0.0,0.0,0.0,0.0,0.0,25.94,28.3,0.11,0.08,21.25,0.0,True,22,0,1,8,5,0.0,0.0,0.0,0.0,0,0,1
2026-08-01 22:15:00,0.0,0.0,0.0,0.0,0.0,0.0,0.0,0.0,0.0,0.0,0.0,26.55,28.27,0.12,0.1,21.25,0.0,True,22,15,1,8,5,0.0,0.0,0.0,0.0,0,0,1
2026-08-01 22:30:00,0.0,0.0,0.0,0.0,0.0,0.0,0.0,0.0,0.0,0.0,0.0,26.34,28.54,0.14,0.11,21.25,0.0,True,22,30,1,8,5,0.0,0.0,0.0,0.0,0,0,1
2026-08-01 22:45:00,0.0,0.0,0.0,0.0,0.0,0.0,0.0,0.0,0.0,0.0,0.0,26.19,28.3,0.13,0.1,21.25,0.0,True,22,45,1,8,5,0.0,0.0,0.0,0.0,0,0,1
2026-08-01 23:00:00,0.0,0.0,0.0,0.0,0.0,0.0,0.0,0.0,0.0,0.0,0.0,26.48,28.33,0.22,0.11,21.25,0.0,True,23,0,1,8,5,0.0,0.0,0.0,0.0,0,0,1
2026-08-01 23:15:00,0.0,0.0,0.0,0.0,0.0,0.0,0.0,0.0,0.0,0.0,0.0,26.75,28.09,0.5,0.12,21.25,0.0,True,23,15,1,8,5,0.0,0.0,0.0,0.0,0,0,1
2026-08-01 23:30:00,0.0,0.0,0.0,0.0,0.0,0.0,0.0,0.0,0.0,0.0,0.0,26.83,28.03,0.71,0.12,21.25,0.0,True,23,30,1,8,5,0.0,0.0,0.0,0.0,0,0,1
2026-08-01 23:45:00,0.0,0.0,0.0,0.0,0.0,0.0,0.0,0.0,0.0,0.0,0.0,26.34,28.15,1.06,0.26,21.25,0.0,True,23,45,1,8,5,0.0,0.0,0.0,0.0,0,0,1
2026-08-02 00:15:00,0.0,0.0,0.0,0.0,0.0,0.0,0.0,0.0,0.0,0.0,0.0,26.51,28.3,1.36,0.12,0.0,0.0,True,0,15,2,8,6,0.0,0.0,0.0,0.0,0,1,0
2026-08-02 00:30:00,0.0,0.0,0.0,0.0,0.0,0.0,0.0,0.0,0.0,0.0,0.0,26.76,28.3,1.44,0.1,0.0,0.0,True,0,30,2,8,6,0.0,0.0,0.0,0.0,0,1,0
2026-08-02 00:45:00,0.0,0.0,0.0,0.0,0.0,0.0,0.0,0.0,0.0,0.0,0.0,27.1,28.2,1.26,0.1,0.0,0.0,True,0,45,2,8,6,0.0,0.0,0.0,0.0,0,1,0
2026-08-02 01:00:00,0.0,0.0,0.0,0.0,0.0,0.0,0.0,0.0,0.0,0.0,0.0,26.86,28.13,0.97,0.09,0.0,0.0,True,1,0,2,8,6,0.0,0.0,0.0,0.0,0,1,0
2026-08-02 01:15:00,0.0,0.0,0.0,0.0,0.0,0.0,0.0,0.0,0.0,0.0,0.0,26.87,28.02,0.77,0.1,0.0,0.0,True,1,15,2,8,6,0.0,0.0,0.0,0.0,0,1,0
2026-08-02 01:30:00,0.0,0.0,0.0,0.0,0.0,0.0,0.0,0.0,0.0,0.0,0.0,26.47,28.0,0.42,0.09,0.0,0.0,True,1,30,2,8,6,0.0,0.0,0.0,0.0,0,1,0
2026-08-02 01:45:00,0.0,0.0,0.0,0.0,0.0,0.0,0.0,0.0,0.0,0.0,0.0,26.59,28.45,1.23,0.09,0.0,0.0,True,1,45,2,8,6,0.0,0.0,0.0,0.0,0,1,0
2026-08-02 02:00:00,0.0,0.0,0.0,0.0,0.0,0.0,0.0,0.0,0.0,0.0,0.0,27.17,28.64,1.39,0.09,0.0,0.0,True,2,0,2,8,6,0.0,0.0,0.0,0.0,0,1,0
2026-08-02 02:15:00,0.0,0.0,0.0,0.0,0.0,0.0,0.0,0.0,0.0,0.0,0.0,26.86,28.42,0.64,0.09,0.0,0.0,True,2,15,2,8,6,0.0,0.0,0.0,0.0,0,1,0
2026-08-02 02:30:00,0.0,0.0,0.0,0.0,0.0,0.0,0.0,0.0,0.0,0.0,0.0,27.03,28.53,0.88,0.09,0.0,0.0,True,2,30,2,8,6,0.0,0.0,0.0,0.0,0,1,0
2026-08-02 02:45:00,0.0,0.0,0.0,0.0,0.0,0.0,0.0,0.0,0.0,0.0,0.0,27.6,28.75,0.73,0.09,0.0,0.0,True,2,45,2,8,6,0.0,0.0,0.0,0.0,0,1,0
2026-08-02 03:00:00,0.0,0.0,0.0,0.0,0.0,0.0,0.0,0.0,0.0,0.0,0.0,27.0,28.43,0.17,0.08,0.0,0.0,True,3,0,2,8,6,0.0,0.0,0.0,0.0,0,1,0
2026-08-02 03:15:00,0.0,0.0,0.0,0.0,0.0,0.0,0.0,0.0,0.0,0.0,0.0,26.6,28.05,0.07,0.07,0.0,0.0,True,3,15,2,8,6,0.0,0.0,0.0,0.0,0,1,0
2026-08-02 03:30:00,0.0,0.0,0.0,0.0,0.0,0.0,0.0,0.0,0.0,0.0,0.0,25.73,27.8,0.14,0.09,0.0,0.0,True,3,30,2,8,6,0.0,0.0,0.0,0.0,0,1,0
2026-08-02 03:45:00,0.0,0.0,0.0,0.0,0.0,0.0,0.0,0.0,0.0,0.0,0.0,25.99,27.84,0.12,0.08,0.0,0.0,True,3,45,2,8,6,0.0,0.0,0.0,0.0,0,1,0
2026-08-02 04:00:00,0.0,0.0,0.0,0.0,0.0,0.0,0.0,0.0,0.0,0.0,0.0,26.25,28.04,0.56,0.08,0.0,0.0,True,4,0,2,8,6,0.0,0.0,0.0,0.0,0,1,0
2026-08-02 04:15:00,0.0,0.0,0.0,0.0,0.0,0.0,0.0,0.0,0.0,0.0,0.0,26.58,28.18,0.51,0.08,0.0,0.0,True,4,15,2,8,6,0.0,0.0,0.0,0.0,0,1,0
2026-08-02 04:30:00,0.0,0.0,0.0,0.0,0.0,0.0,0.0,0.0,0.0,0.0,0.0,26.4,28.18,0.32,0.09,0.0,0.0,True,4,30,2,8,6,0.0,0.0,0.0,0.0,0,1,0
2026-08-02 04:45:00,0.0,0.0,0.0,0.0,0.0,0.0,0.0,0.0,0.0,0.0,0.0,26.22,28.15,0.19,0.09,0.0,0.0,True,4,45,2,8,6,0.0,0.0,0.0,0.0,0,1,0
2026-08-02 05:00:00,0.0,0.0,0.0,0.0,0.0,0.0,0.0,0.0,0.0,0.0,0.0,26.6,28.26,0.18,0.08,0.0,0.0,True,5,0,2,8,6,0.0,0.0,0.0,0.0,0,1,0
2026-08-02 05:15:00,0.0,0.0,0.0,0.0,0.0,0.0,0.0,0.0,0.0,0.0,0.0,27.06,28.33,0.19,0.09,0.0,0.0,True,5,15,2,8,6,0.0,0.0,0.0,0.0,0,1,0
2026-08-02 05:30:00,0.0,0.0,0.0,0.0,0.0,0.0,0.0,0.0,0.0,0.0,0.0,27.03,28.24,0.13,0.09,0.0,0.0,True,5,30,2,8,6,0.0,0.0,0.0,0.0,0,1,0
2026-08-02 05:45:00,0.0,0.0,0.0,0.0,0.0,0.0,0.0,0.0,0.0,0.0,0.0,26.46,28.07,0.12,0.08,0.0,0.0,True,5,45,2,8,6,0.0,0.0,0.0,0.0,0,1,0
2026-08-02 06:00:00,18.0,0.0,0.0,0.0,0.0,6.27,6.48,5.25,5.45,5.76,5.98,26.03,27.89,3.05,2.48,0.0,29.61,True,6,0,2,8,6,0.0,0.0,6.0,10.392304845413264,0,1,0
2026-08-02 06:15:00,100.2,0.0,0.0,0.0,0.0,43.07,44.4,41.17,42.45,42.6,43.86,26.13,27.84,16.53,16.05,0.0,36.79,True,6,15,2,8,6,18.0,0.0,39.4,53.41797450297044,0,1,0
2026-08-02 06:30:00,505.2,79.65,80.8,88.42,89.7,130.66,133.34,126.35,128.34,129.32,131.35,26.01,27.85,45.93,44.86,0.0,66.73,True,6,30,2,8,6,100.2,18.0,207.79999999999998,260.81464682797247,1,1,0
2026-08-02 06:45:00,1278.6,236.27,239.35,255.33,258.8,263.02,268.25,259.81,263.24,264.05,267.53,27.61,27.88,93.67,88.13,0.0,83.35,True,6,45,2,8,6,505.2,100.2,628.0,598.7207362368536,1,1,0
2026-08-02 07:00:00,1716.0,342.45,347.42,353.29,358.41,350.95,357.37,345.53,350.54,350.78,355.86,29.21,27.99,125.74,126.55,0.25,83.87,True,7,0,2,8,6,1278.6,505.2,1166.6000000000001,613.1208363773001,1,1,0
2026-08-02 07:15:00,2238.0,443.3,449.17,458.17,464.17,457.58,465.35,446.27,452.18,452.53,458.48,30.68,28.41,161.93,169.0,0.25,85.45,True,7,15,2,8,6,1716.0,1278.6,1744.2,480.32126748666883,1,1,0
2026-08-02 07:30:00,2667.0,517.07,523.47,531.69,538.22,542.91,551.92,527.26,533.71,542.17,548.75,31.55,28.71,191.1,198.11,0.5,86.59,True,7,30,2,8,6,2238.0,1716.0,2207.0,476.25728340887343,1,1,0
2026-08-02 07:45:00,3222.0,642.82,650.41,667.2,675.06,671.7,682.6,652.05,659.74,670.29,678.21,33.03,28.7,229.75,236.56,0.75,87.54,True,7,45,2,8,6,2667.0,2238.0,2709.0,493.3426800916377,1,1,0
2026-08-02 08:00:00,4713.6,920.4,931.38,951.44,962.85,958.65,974.53,935.63,946.85,960.57,972.15,34.83,29.14,327.46,335.99,1.0,90.53,True,8,0,2,8,6,3222.0,2667.0,3534.2000000000003,1058.4160429623128,1,1,0
2026-08-02 08:15:00,5664.6,1109.91,1123.8,1147.74,1162.39,1166.15,1186.28,1129.07,1143.33,1161.61,1176.32,36.94,29.68,399.69,415.49,1.5,89.93,True,8,15,2,8,6,4713.6,3222.0,4533.400000000001,1231.2301653224713,1,1,0
2026-08-02 08:30:00,5738.4,1148.39,1162.83,1177.45,1192.31,1132.44,1151.88,1143.5,1157.88,1155.92,1170.45,38.6,29.67,399.73,413.91,1.75,91.72,True,8,30,2,8,6,5664.6,4713.6,5372.2,571.5567163458052,1,1,0
2026-08-02 08:45:00,4237.2,826.49,836.37,855.47,865.76,868.68,883.01,842.96,853.05,862.73,873.12,37.2,29.55,301.83,306.19,2.0,89.17,True,8,45,2,8,6,5738.4,5664.6,5213.400000000001,846.2189078483176,1,1,0
2026-08-02 09:00:00,6107.4,1165.64,1180.41,1209.57,1224.95,1210.29,1231.39,1245.39,1261.28,1269.44,1285.63,37.97,29.77,429.28,440.19,2.5,90.66,True,9,0,2,8,6,4237.2,5738.4,5361.0,990.5731068427001,1,1,0
2026-08-02 09:15:00,4504.8,927.69,938.98,954.0,965.67,857.56,871.5,910.47,921.52,887.1,897.83,37.86,29.5,305.84,309.14,2.75,93.82,True,9,15,2,8,6,6107.4,4237.2,4949.8,1011.4003954913201,1,1,0
2026-08-02 09:30:00,4707.0,917.43,928.48,949.28,960.86,959.8,975.72,937.81,949.1,968.94,980.7,36.19,29.37,328.45,331.11,3.25,90.65,True,9,30,2,8,6,4504.8,6107.4,5106.400000000001,872.7668417166173,1,1,0
2026-08-02 09:45:00,6543.64,1297.77,1314.68,1347.81,1366.14,1355.28,1379.98,1318.86,1336.43,1355.5,1373.72,38.23,29.84,460.84,464.39,3.5,90.58,True,9,45,2,8,6,4707.0,4504.8,5251.813333333333,1123.3135415071492,1,1,0
2026-08-02 10:00:00,7205.79,1428.47,1446.92,1479.96,1499.76,1459.22,1486.3,1441.6,1460.23,1473.79,1493.51,41.08,30.12,508.1,510.5,4.25,91.57,True,10,0,2,8,6,6543.64,4707.0,6152.143333333333,1294.5810503917237,1,1,0
2026-08-02 10:15:00,8956.2,1691.01,1715.55,1756.32,1782.49,1882.24,1921.08,1785.9,1812.26,1925.49,1954.96,43.7,30.55,660.76,665.03,4.75,88.52,True,10,15,2,8,6,7205.79,6543.64,7568.543333333334,1246.516716307225,1,1,0
2026-08-02 10:30:00,9567.0,1937.56,1966.76,1987.91,2018.3,1748.17,1783.55,2038.14,2069.59,1938.7,1968.1,48.15,31.01,673.81,671.2,5.5,94.54,True,10,30,2,8,6,8956.2,7205.79,8576.33,1225.5831586228728,1,1,0
2026-08-02 10:45:00,6530.79,1191.06,1205.95,1264.5,1280.76,1510.87,1539.79,1260.37,1276.12,1395.14,1414.07,46.36,30.96,563.32,558.75,6.0,76.59,True,10,45,2,8,6,9567.0,8956.2,8351.33,1605.9400918776566,1,1,0
2026-08-02 11:00:00,7410.0,1439.25,1458.81,1538.83,1560.21,1511.34,1540.63,1508.55,1529.22,1565.6,1587.65,44.05,30.85,541.62,541.8,6.5,89.48,True,11,0,2,8,6,6530.79,9567.0,7835.93,1562.275604590948,1,1,0
2026-08-02 11:15:00,7742.4,1330.68,1348.58,1389.8,1408.65,1743.76,1779.2,1536.38,1558.06,1763.85,1789.95,47.96,31.68,659.66,664.54,7.0,78.08,True,11,15,2,8,6,7410.0,6530.79,7227.73,626.0323176162775,1,1,0
2026-08-02 11:30:00,7893.0,1600.7,1623.54,1684.08,1708.73,1534.98,1564.9,1577.68,1599.75,1614.49,1637.82,45.87,31.64,572.28,576.28,7.5,90.92,True,11,30,2,8,6,7742.4,7410.0,7681.799999999999,247.13664236614244,1,1,0
2026-08-02 11:45:00,7147.29,1394.3,1413.64,1413.34,1432.71,1544.13,1573.75,1422.69,1442.09,1633.67,1657.16,45.91,31.58,577.32,578.37,8.0,81.63,True,11,45,2,8,6,7893.0,7742.4,7594.23,394.31790816549267,1,1,0
2026-08-02 12:00:00,3254.79,597.37,604.76,618.1,625.73,710.43,722.88,615.08,622.65,678.86,687.51,44.27,31.42,288.4,293.36,8.25,73.88,True,12,0,2,8,6,7147.29,7893.0,6098.360000000001,2490.6703133293254,1,0,1
2026-08-02 12:15:00,3070.2,672.16,681.01,651.73,660.36,543.64,552.8,667.94,676.76,645.21,653.39,35.25,30.84,177.54,184.08,8.5,108.95,True,12,15,2,8,6,3254.79,7147.29,4490.76,2302.4730395164224,1,0,1
2026-08-02 12:30:00,10377.0,2068.73,2101.03,2144.5,2178.06,2106.26,2151.75,2049.65,2081.4,2107.44,2140.19,39.0,31.29,732.59,729.48,9.25,90.66,True,12,30,2,8,6,3070.2,3254.79,5567.329999999999,4166.318818657545,1,0,1
2026-08-02 12:45:00,7242.0,1400.47,1419.44,1453.2,1473.38,1438.48,1465.3,1462.93,1483.25,1516.66,1537.53,46.27,31.92,562.55,552.54,9.75,85.01,True,12,45,2,8,6,10377.0,3070.2,6896.399999999999,3665.6392457523707,1,0,1
2026-08-02 13:00:00,9445.2,1858.34,1885.94,1875.69,1903.84,1845.7,1883.65,1905.08,1933.87,1985.51,2016.31,46.27,32.17,694.83,684.17,10.25,89.77,True,13,0,2,8,6,7242.0,10377.0,9021.400000000001,1609.8947419008562,1,0,1
2026-08-02 13:15:00,9115.8,1871.99,1900.05,1848.56,1876.31,1750.81,1785.85,1973.72,2003.93,1917.23,1945.83,47.23,32.37,631.58,622.25,11.0,95.72,True,13,15,2,8,6,9445.2,7242.0,8601.0,1188.3967519309454,1,0,1
2026-08-02 13:30:00,13313.57,2768.94,2814.5,2811.83,2857.99,2247.03,2296.51,2772.22,2817.97,2658.52,2701.6,49.78,32.61,944.38,943.93,12.0,94.55,True,13,30,2,8,6,9115.8,9445.2,10624.856666666667,2334.3115969453106,1,0,1
2026-08-02 13:45:00,7489.2,1565.55,1587.7,1584.68,1607.39,1362.87,1387.58,1538.56,1560.16,1501.87,1522.73,44.48,31.97,498.65,499.17,12.5,98.41,True,13,45,2,8,6,13313.57,9115.8,9972.856666666665,3005.2838587450215,1,0,1
2026-08-02 14:00:00,8872.07,1734.59,1760.4,1737.24,1762.6,1743.27,1778.51,1720.25,1745.23,1784.77,1810.95,44.3,32.21,660.7,654.47,13.0,87.92,True,14,0,2,8,6,7489.2,13313.57,9891.613333333333,3043.094301961963,1,0,1
2026-08-02 14:15:00,9409.2,2022.12,2053.39,1995.58,2026.43,1598.46,1629.45,1975.23,2005.1,1796.38,1822.83,46.59,32.57,596.6,590.93,13.75,104.3,True,14,15,2,8,6,8872.07,7489.2,8590.156666666668,990.558602826388,1,0,1
2026-08-02 14:30:00,7732.2,1479.16,1499.22,1596.75,1618.98,1551.06,1580.7,1546.46,1567.93,1596.8,1618.97,46.83,32.9,595.14,587.92,14.25,86.01,True,14,30,2,8,6,9409.2,8872.07,8671.156666666666,856.3625842091457,1,0,1
2026-08-02 14:45:00,6893.4,1329.81,1347.34,1503.34,1524.02,1348.99,1373.56,1346.69,1364.68,1388.51,1407.2,44.4,32.8,494.99,490.8,14.75,91.22,True,14,45,2,8,6,7732.2,9409.2,8011.599999999999,1280.9608424928656,1,0,1
2026-08-02 15:00:00,8235.0,1817.87,1845.46,1861.15,1889.28,1522.54,1552.23,1736.36,1761.97,1619.45,1642.67,44.91,32.9,580.0,575.2,15.25,93.21,True,15,0,2,8,6,6893.4,7732.2,7620.2,677.77624626423,1,0,1
2026-08-02 15:15:00,9271.93,1875.13,1903.56,2013.19,2044.42,1895.97,1936.09,1833.0,1860.57,1783.92,1810.91,47.12,33.13,701.27,695.34,16.0,87.64,True,15,15,2,8,6,8235.0,6893.4,8133.443333333333,1192.5127075353805,1,0,1
2026-08-02 15:30:00,8218.8,1397.36,1417.15,1544.67,1566.76,1819.41,1856.62,1664.74,1688.94,1709.51,1734.19,47.78,33.4,724.19,712.03,16.5,75.44,True,15,30,2,8,6,9271.93,8235.0,8575.243333333334,603.4027209363275,1,0,1
2026-08-02 15:45:00,4486.2,897.19,909.38,925.8,938.15,952.35,969.73,910.81,923.09,951.06,963.92,43.15,32.76,357.37,357.71,16.75,81.78,True,15,45,2,8,6,8218.8,9271.93,7325.643333333333,2514.7762388795886,1,0,1
2026-08-02 16:00:00,6057.6,1045.18,1058.56,1090.42,1104.63,1310.18,1334.41,1220.36,1236.4,1427.04,1446.72,43.45,33.18,549.98,532.81,17.25,71.85,True,16,0,2,8,6,4486.2,8218.8,6254.2,1874.0502554627606,1,0,1
2026-08-02 16:15:00,7576.07,1431.32,1449.81,1492.21,1513.12,1624.33,1655.76,1496.41,1517.09,1560.02,1582.28,44.22,33.06,622.79,598.43,17.75,79.62,True,16,15,2,8,6,6057.6,4486.2,6039.956666666666,1545.0105564795904,1,0,1
2026-08-02 16:30:00,3840.6,698.67,707.4,734.81,743.94,853.54,868.57,710.62,719.43,812.22,822.52,43.34,32.97,365.86,353.87,18.0,68.45,True,16,30,2,8,6,7576.07,6057.6,5824.756666666667,1878.5888436891596,1,0,1
2026-08-02 16:45:00,5101.2,981.23,993.44,984.71,997.02,1045.0,1063.32,1024.43,1037.26,1093.68,1107.39,38.75,32.59,388.69,377.14,18.25,83.91,True,16,45,2,8,6,3840.6,7576.07,5505.956666666668,1900.3433899254562,1,0,1
2026-08-02 17:00:00,5747.79,1122.94,1137.21,1193.11,1208.34,1148.82,1168.69,1114.47,1128.53,1136.72,1150.96,42.48,33.3,469.81,450.31,18.75,79.47,True,17,0,2,8,6,5101.2,3840.6,4896.53,969.9282348194862,1,0,1
2026-08-02 17:15:00,4500.64,879.42,889.93,901.81,912.73,870.38,884.67,910.77,921.75,932.16,943.46,41.7,33.31,364.89,353.18,19.0,79.86,True,17,15,2,8,6,5747.79,5101.2,5116.543333333334,623.7165574468718,1,0,1
2026-08-02 17:30:00,2926.29,572.45,579.49,596.77,604.06,575.84,585.32,579.05,586.13,590.48,597.65,38.86,33.0,245.67,238.17,19.25,76.19,True,17,30,2,8,6,4500.64,5747.79,4391.573333333334,1413.9084892005487,1,0,1
2026-08-02 17:45:00,2219.4,438.62,444.61,455.44,461.49,431.77,439.22,445.03,451.04,453.89,459.96,36.37,32.75,197.84,191.28,19.5,71.01,True,17,45,2,8,6,2926.29,4500.64,3215.443333333333,1167.7847498719013,1,0,1
2026-08-02 18:00:00,1182.6,222.15,225.82,228.53,232.24,246.5,251.72,234.73,238.57,254.75,258.78,35.01,32.42,113.23,111.79,19.5,65.74,True,18,0,2,8,6,2219.4,2926.29,2109.43,877.0312164912068,1,0,1
2026-08-02 18:15:00,835.2,164.96,168.22,171.79,175.19,172.42,176.95,167.59,170.9,173.25,176.67,32.77,31.9,79.44,78.95,19.5,65.56,True,18,15,2,8,6,1182.6,2219.4,1412.3999999999999,720.1447354525662,1,0,1
2026-08-02 18:30:00,485.4,98.14,100.85,102.68,105.51,100.17,103.24,97.67,100.42,100.64,103.41,31.72,31.69,45.92,44.87,19.5,65.64,True,18,30,2,8,6,835.2,1182.6,834.4,348.6006884675462,1,0,1
2026-08-02 18:45:00,121.8,28.72,29.83,29.41,30.54,29.29,30.26,28.08,29.16,29.28,30.41,30.23,31.32,13.21,13.49,19.5,56.92,True,18,45,2,8,6,485.4,835.2,480.8,356.7222448909622,0,0,1
2026-08-02 19:00:00,0.0,0.68,0.71,0.21,0.22,2.94,3.09,1.28,1.33,1.36,1.41,29.05,31.08,1.03,1.07,19.5,0.0,True,19,0,2,8,6,121.8,485.4,202.39999999999998,252.53823472901647,0,0,1
2026-08-02 19:15:00,0.0,0.0,0.0,0.0,0.0,0.0,0.0,0.0,0.0,0.0,0.0,28.65,31.0,0.07,0.08,19.5,0.0,True,19,15,2,8,6,0.0,121.8,40.6,70.32126278763756,0,0,1
2026-08-02 19:30:00,0.0,0.0,0.0,0.0,0.0,0.0,0.0,0.0,0.0,0.0,0.0,27.74,30.87,0.09,0.07,19.5,0.0,True,19,30,2,8,6,0.0,0.0,0.0,0.00021913352382555953,0,0,1
2026-08-02 19:45:00,0.0,0.0,0.0,0.0,0.0,0.0,0.0,0.0,0.0,0.0,0.0,27.18,30.7,0.1,0.08,19.5,0.0,True,19,45,2,8,6,0.0,0.0,0.0,0.00021913352382555953,0,0,1
2026-08-02 20:00:00,0.0,0.0,0.0,0.0,0.0,0.0,0.0,0.0,0.0,0.0,0.0,27.28,30.01,0.11,0.08,19.5,0.0,True,20,0,2,8,6,0.0,0.0,0.0,0.00021913352382555953,0,0,1
2026-08-02 20:15:00,0.0,0.0,0.0,0.0,0.0,0.0,0.0,0.0,0.0,0.0,0.0,26.87,29.97,0.1,0.08,19.5,0.0,True,20,15,2,8,6,0.0,0.0,0.0,0.00021913352382555953,0,0,1
2026-08-02 20:30:00,0.0,0.0,0.0,0.0,0.0,0.0,0.0,0.0,0.0,0.0,0.0,27.02,30.05,0.14,0.09,19.5,0.0,True,20,30,2,8,6,0.0,0.0,0.0,0.00021913352382555953,0,0,1
2026-08-02 20:45:00,0.0,0.0,0.0,0.0,0.0,0.0,0.0,0.0,0.0,0.0,0.0,26.81,29.78,0.13,0.08,19.5,0.0,True,20,45,2,8,6,0.0,0.0,0.0,0.00021913352382555953,0,0,1
2026-08-02 21:00:00,0.0,0.0,0.0,0.0,0.0,0.0,0.0,0.0,0.0,0.0,0.0,26.76,29.37,0.09,0.08,19.5,0.0,True,21,0,2,8,6,0.0,0.0,0.0,0.00021913352382555953,0,0,1
2026-08-02 21:15:00,0.0,0.0,0.0,0.0,0.0,0.0,0.0,0.0,0.0,0.0,0.0,26.82,29.26,0.14,0.09,19.5,0.0,True,21,15,2,8,6,0.0,0.0,0.0,0.00021913352382555953,0,0,1
2026-08-02 21:30:00,0.0,0.0,0.0,0.0,0.0,0.0,0.0,0.0,0.0,0.0,0.0,26.56,29.0,0.13,0.09,19.5,0.0,True,21,30,2,8,6,0.0,0.0,0.0,0.00021913352382555953,0,0,1
2026-08-02 21:45:00,0.0,0.0,0.0,0.0,0.0,0.0,0.0,0.0,0.0,0.0,0.0,25.76,28.96,0.12,0.08,19.5,0.0,True,21,45,2,8,6,0.0,0.0,0.0,0.00021913352382555953,0,0,1
2026-08-02 22:00:00,0.0,0.0,0.0,0.0,0.0,0.0,0.0,0.0,0.0,0.0,0.0,26.44,28.77,0.13,0.1,19.5,0.0,True,22,0,2,8,6,0.0,0.0,0.0,0.00021913352382555953,0,0,1
2026-08-02 22:15:00,0.0,0.0,0.0,0.0,0.0,0.0,0.0,0.0,0.0,0.0,0.0,26.05,28.74,0.13,0.09,19.5,0.0,True,22,15,2,8,6,0.0,0.0,0.0,0.00021913352382555953,0,0,1
2026-08-02 22:30:00,0.0,0.0,0.0,0.0,0.0,0.0,0.0,0.0,0.0,0.0,0.0,26.57,28.88,0.32,0.09,19.5,0.0,True,22,30,2,8,6,0.0,0.0,0.0,0.00021913352382555953,0,0,1
2026-08-02 22:45:00,0.0,0.0,0.0,0.0,0.0,0.0,0.0,0.0,0.0,0.0,0.0,26.92,29.06,0.73,0.08,19.5,0.0,True,22,45,2,8,6,0.0,0.0,0.0,0.00021913352382555953,0,0,1
2026-08-02 23:00:00,0.0,0.0,0.0,0.0,0.0,0.0,0.0,0.0,0.0,0.0,0.0,27.26,28.92,0.28,0.09,19.5,0.0,True,23,0,2,8,6,0.0,0.0,0.0,0.00021913352382555953,0,0,1
2026-08-02 23:15:00,0.0,0.0,0.0,0.0,0.0,0.0,0.0,0.0,0.0,0.0,0.0,27.29,29.13,0.17,0.1,19.5,0.0,True,23,15,2,8,6,0.0,0.0,0.0,0.00021913352382555953,0,0,1
2026-08-02 23:30:00,0.0,0.0,0.0,0.0,0.0,0.0,0.0,0.0,0.0,0.0,0.0,27.39,28.92,0.15,0.1,19.5,0.0,True,23,30,2,8,6,0.0,0.0,0.0,0.00021913352382555953,0,0,1
2026-08-02 23:45:00,0.0,0.0,0.0,0.0,0.0,0.0,0.0,0.0,0.0,0.0,0.0,27.03,28.82,0.14,0.1,19.5,0.0,True,23,45,2,8,6,0.0,0.0,0.0,0.00021913352382555953,0,0,1
2026-08-03 00:15:00,0.0,0.0,0.0,0.0,0.0,0.0,0.0,0.0,0.0,0.0,0.0,27.5,29.0,0.24,0.09,0.0,0.0,True,0,15,3,8,0,0.0,0.0,0.0,0.0,0,1,0
2026-08-03 00:30:00,0.0,0.0,0.0,0.0,0.0,0.0,0.0,0.0,0.0,0.0,0.0,27.3,29.03,0.14,0.09,0.0,0.0,True,0,30,3,8,0,0.0,0.0,0.0,0.0,0,1,0
2026-08-03 00:45:00,0.0,0.0,0.0,0.0,0.0,0.0,0.0,0.0,0.0,0.0,0.0,27.02,28.88,0.14,0.08,0.0,0.0,True,0,45,3,8,0,0.0,0.0,0.0,0.0,0,1,0
2026-08-03 01:00:00,0.0,0.0,0.0,0.0,0.0,0.0,0.0,0.0,0.0,0.0,0.0,26.49,28.92,0.14,0.08,0.0,0.0,True,1,0,3,8,0,0.0,0.0,0.0,0.0,0,1,0
2026-08-03 01:15:00,0.0,0.0,0.0,0.0,0.0,0.0,0.0,0.0,0.0,0.0,0.0,26.64,28.75,0.38,0.07,0.0,0.0,True,1,15,3,8,0,0.0,0.0,0.0,0.0,0,1,0
2026-08-03 01:30:00,0.0,0.0,0.0,0.0,0.0,0.0,0.0,0.0,0.0,0.0,0.0,26.57,29.05,0.72,0.08,0.0,0.0,True,1,30,3,8,0,0.0,0.0,0.0,0.0,0,1,0
2026-08-03 01:45:00,0.0,0.0,0.0,0.0,0.0,0.0,0.0,0.0,0.0,0.0,0.0,27.23,29.13,0.59,0.08,0.0,0.0,True,1,45,3,8,0,0.0,0.0,0.0,0.0,0,1,0
2026-08-03 02:00:00,0.0,0.0,0.0,0.0,0.0,0.0,0.0,0.0,0.0,0.0,0.0,28.01,29.01,0.47,0.09,0.0,0.0,True,2,0,3,8,0,0.0,0.0,0.0,0.0,0,1,0
2026-08-03 02:15:00,0.0,0.0,0.0,0.0,0.0,0.0,0.0,0.0,0.0,0.0,0.0,27.76,28.92,0.23,0.08,0.0,0.0,True,2,15,3,8,0,0.0,0.0,0.0,0.0,0,1,0
2026-08-03 02:30:00,0.0,0.0,0.0,0.0,0.0,0.0,0.0,0.0,0.0,0.0,0.0,27.93,28.72,0.11,0.09,0.0,0.0,True,2,30,3,8,0,0.0,0.0,0.0,0.0,0,1,0
2026-08-03 02:45:00,0.0,0.0,0.0,0.0,0.0,0.0,0.0,0.0,0.0,0.0,0.0,27.66,28.61,0.09,0.08,0.0,0.0,True,2,45,3,8,0,0.0,0.0,0.0,0.0,0,1,0
2026-08-03 03:00:00,0.0,0.0,0.0,0.0,0.0,0.0,0.0,0.0,0.0,0.0,0.0,26.87,28.5,0.14,0.08,0.0,0.0,True,3,0,3,8,0,0.0,0.0,0.0,0.0,0,1,0
2026-08-03 03:15:00,0.0,0.0,0.0,0.0,0.0,0.0,0.0,0.0,0.0,0.0,0.0,27.45,28.4,0.11,0.08,0.0,0.0,True,3,15,3,8,0,0.0,0.0,0.0,0.0,0,1,0
2026-08-03 03:30:00,0.0,0.0,0.0,0.0,0.0,0.0,0.0,0.0,0.0,0.0,0.0,27.31,28.42,0.11,0.09,0.0,0.0,True,3,30,3,8,0,0.0,0.0,0.0,0.0,0,1,0
2026-08-03 03:45:00,0.0,0.0,0.0,0.0,0.0,0.0,0.0,0.0,0.0,0.0,0.0,27.51,28.46,0.12,0.09,0.0,0.0,True,3,45,3,8,0,0.0,0.0,0.0,0.0,0,1,0
2026-08-03 04:00:00,0.0,0.0,0.0,0.0,0.0,0.0,0.0,0.0,0.0,0.0,0.0,27.58,28.38,0.16,0.09,0.0,0.0,True,4,0,3,8,0,0.0,0.0,0.0,0.0,0,1,0
2026-08-03 04:15:00,0.0,0.0,0.0,0.0,0.0,0.0,0.0,0.0,0.0,0.0,0.0,27.51,28.34,0.26,0.08,0.0,0.0,True,4,15,3,8,0,0.0,0.0,0.0,0.0,0,1,0
2026-08-03 04:30:00,0.0,0.0,0.0,0.0,0.0,0.0,0.0,0.0,0.0,0.0,0.0,27.52,28.23,0.12,0.09,0.0,0.0,True,4,30,3,8,0,0.0,0.0,0.0,0.0,0,1,0
2026-08-03 04:45:00,0.0,0.0,0.0,0.0,0.0,0.0,0.0,0.0,0.0,0.0,0.0,27.25,28.21,0.12,0.09,0.0,0.0,True,4,45,3,8,0,0.0,0.0,0.0,0.0,0,1,0
2026-08-03 05:00:00,0.0,0.0,0.0,0.0,0.0,0.0,0.0,0.0,0.0,0.0,0.0,27.06,28.09,0.14,0.09,0.0,0.0,True,5,0,3,8,0,0.0,0.0,0.0,0.0,0,1,0
2026-08-03 05:15:00,0.0,0.0,0.0,0.0,0.0,0.0,0.0,0.0,0.0,0.0,0.0,27.01,27.99,0.11,0.08,0.0,0.0,True,5,15,3,8,0,0.0,0.0,0.0,0.0,0,1,0
2026-08-03 05:30:00,0.0,0.0,0.0,0.0,0.0,0.0,0.0,0.0,0.0,0.0,0.0,26.44,27.74,0.13,0.09,0.0,0.0,True,5,30,3,8,0,0.0,0.0,0.0,0.0,0,1,0
2026-08-03 05:45:00,0.0,0.0,0.0,0.0,0.0,0.0,0.0,0.0,0.0,0.0,0.0,26.05,27.51,0.47,0.18,0.0,0.0,True,5,45,3,8,0,0.0,0.0,0.0,0.0,0,1,0
2026-08-03 06:00:00,0.0,0.0,0.0,0.0,0.0,1.2,1.25,1.4,1.45,1.55,1.61,25.92,27.76,2.9,1.87,0.0,0.0,True,6,0,3,8,0,0.0,0.0,0.0,0.0,0,1,0
2026-08-03 06:15:00,29.25,1.95,2.03,5.57,5.78,14.56,15.03,16.58,17.22,16.52,17.16,25.91,27.77,8.24,6.94,0.25,21.52,True,6,15,3,8,0,0.0,0.0,9.75,16.887495373796554,0,1,0
2026-08-03 06:30:00,307.2,69.83,71.33,73.34,74.87,64.79,66.61,72.69,74.21,72.95,74.47,26.99,27.75,25.53,24.02,0.25,73.29,True,6,30,3,8,0,29.25,0.0,112.14999999999999,169.55019168376072,1,1,0
2026-08-03 06:45:00,603.0,123.49,125.28,129.66,131.54,121.85,124.31,126.69,128.53,127.56,129.41,27.22,27.85,47.6,45.88,0.25,77.23,True,6,45,3,8,0,307.2,29.25,313.15000000000003,286.92127404568663,1,1,0
2026-08-03 07:00:00,859.5,182.74,185.37,191.14,193.87,165.69,168.75,185.28,187.95,182.18,184.83,28.26,28.01,63.03,60.75,0.25,83.48,True,7,0,3,8,0,603.0,307.2,589.9,276.3829408628543,1,1,0
2026-08-03 07:15:00,968.4,197.95,200.8,205.07,207.94,182.37,186.21,198.85,201.73,197.31,200.17,29.09,28.1,70.78,68.25,0.25,84.04,True,7,15,3,8,0,859.5,603.0,810.3000000000001,187.60269187834174,1,1,0
2026-08-03 07:30:00,1023.43,217.93,220.91,221.07,224.06,181.77,186.41,215.97,218.92,209.95,212.84,29.1,28.21,71.11,68.3,0.5,88.41,True,7,30,3,8,0,968.4,859.5,950.4433333333333,83.42716963515772,1,1,0
2026-08-03 07:45:00,1231.8,257.66,261.01,254.19,257.58,239.1,244.13,257.64,261.02,257.8,261.18,29.3,28.33,90.82,87.37,0.5,83.38,True,7,45,3,8,0,1023.43,968.4,1074.5433333333333,138.93998572525257,1,1,0
2026-08-03 08:00:00,1913.54,391.13,396.54,405.78,411.33,394.47,401.43,398.2,403.67,409.36,414.95,29.8,28.41,139.65,136.41,0.5,84.41,True,8,0,3,8,0,1231.8,1023.43,1389.59,465.5611840564031,1,1,0
2026-08-03 08:15:00,2446.2,475.39,481.51,496.61,502.86,519.65,528.29,499.11,505.48,520.76,527.19,31.57,28.62,183.02,180.51,0.75,82.93,True,8,15,3,8,0,1913.54,1231.8,1863.8466666666664,608.7231805454211,1,1,0
2026-08-03 08:30:00,4710.6,1045.38,1059.14,1082.03,1096.12,968.79,985.33,1046.3,1060.06,984.26,996.71,33.67,29.03,314.96,322.02,1.0,93.61,True,8,30,3,8,0,2446.2,1913.54,3023.4466666666667,1485.1923937770937,1,1,0
2026-08-03 08:45:00,8501.4,1680.38,1704.48,1722.92,1747.39,1649.02,1681.53,1723.78,1748.71,1770.38,1796.2,39.52,29.99,599.75,616.2,1.75,90.93,True,8,45,3,8,0,4710.6,2446.2,5219.399999999999,3059.496664485843,1,1,0
2026-08-03 09:00:00,6578.36,1272.01,1288.91,1348.37,1366.64,1196.85,1217.69,1246.62,1263.02,1253.56,1269.95,40.89,29.99,425.31,431.07,2.25,99.8,True,9,0,3,8,0,8501.4,4710.6,6596.786666666666,1895.4671763270746,1,1,0
2026-08-03 09:15:00,7574.79,1475.97,1496.06,1528.89,1550.08,1639.55,1671.83,1540.01,1560.7,1609.14,1631.6,40.07,30.11,552.79,568.44,2.75,88.1,True,9,15,3,8,0,6578.36,8501.4,7551.5166666666655,961.7312235928155,1,1,0
2026-08-03 09:30:00,5339.4,976.37,988.28,982.83,994.81,1109.37,1128.56,1033.85,1046.59,1150.24,1164.74,40.9,30.32,398.57,402.89,3.0,86.44,True,9,30,3,8,0,7574.79,6578.36,6497.5166666666655,1119.8856398906696,1,1,0
2026-08-03 09:45:00,8027.4,1732.47,1758.19,1736.34,1762.35,1540.74,1570.69,1712.41,1737.72,1742.36,1768.5,38.93,30.14,541.49,549.13,3.5,94.86,True,9,45,3,8,0,5339.4,7574.79,6980.529999999999,1439.1645877730598,1,1,0
2026-08-03 10:00:00,10751.4,2193.97,2228.92,2162.9,2197.45,2215.86,2264.57,2215.33,2250.67,2209.24,2244.77,44.75,31.09,806.15,826.7,4.25,87.49,True,10,0,3,8,0,8027.4,5339.4,8039.399999999999,2706.01995558052,1,1,0
2026-08-03 10:15:00,9561.0,1728.32,1754.32,1858.34,1886.5,2117.26,2163.26,1755.44,1781.36,1912.79,1942.13,48.09,31.49,831.94,842.88,5.0,76.5,True,10,15,3,8,0,10751.4,8027.4,9446.599999999999,1365.598594023881,1,1,0
2026-08-03 10:30:00,10145.4,2002.79,2034.45,2080.03,2113.14,2256.68,2306.82,2069.46,2102.34,2167.86,2202.62,48.85,31.64,822.71,834.25,5.75,82.37,True,10,30,3,8,0,9561.0,10751.4,10152.599999999999,595.2326603942355,1,1,0
2026-08-03 10:45:00,11815.07,2281.5,2318.68,2324.03,2361.75,2421.39,2476.57,2376.71,2415.78,2510.02,2551.61,49.35,32.36,914.52,929.61,6.5,86.48,True,10,45,3,8,0,10145.4,9561.0,10507.156666666664,1169.7686974925134,1,1,0
2026-08-03 11:00:00,12153.6,2404.82,2444.48,2392.99,2432.14,2492.87,2550.03,2441.66,2482.12,2527.79,2569.67,51.55,32.25,947.04,958.18,7.25,86.75,True,11,0,3,8,0,11815.07,10145.4,11371.356666666665,1075.117645485056,1,1,0
2026-08-03 11:15:00,9933.0,1809.95,1837.9,1864.86,1893.88,2149.18,2196.59,1757.63,1784.07,2083.42,2116.24,51.94,32.42,864.91,856.33,8.0,77.77,True,11,15,3,8,0,12153.6,11815.07,11300.556666666665,1196.3732977767972,1,1,0
2026-08-03 11:30:00,6789.0,1164.75,1180.07,1233.88,1250.43,1472.65,1501.38,1309.66,1327.63,1484.02,1505.07,47.16,32.39,627.96,620.89,8.5,71.67,True,11,30,3,8,0,9933.0,12153.6,9625.199999999999,2695.5127378663956,1,1,0
2026-08-03 11:45:00,7841.57,1701.74,1727.08,1803.77,1831.12,1373.48,1399.72,1632.62,1656.79,1569.82,1592.25,46.15,32.28,553.65,549.76,9.0,93.48,True,11,45,3,8,0,6789.0,9933.0,8187.856666666667,1600.3499122483554,1,1,0
2026-08-03 12:00:00,10216.2,2002.82,2033.63,2119.22,2152.38,2152.95,2200.08,2004.46,2035.49,2193.14,2227.51,48.73,32.53,851.12,855.8,9.75,80.13,True,12,0,3,8,0,7841.57,6789.0,8282.256666666666,1755.5849491361334,1,0,1
2026-08-03 12:15:00,7785.0,1406.1,1425.94,1456.41,1476.73,1944.71,1986.6,1557.11,1579.61,1744.98,1771.16,53.16,33.31,880.16,872.91,10.25,60.23,True,12,15,3,8,0,10216.2,7841.57,8614.256666666666,1387.6119319295726,1,0,1
2026-08-03 12:30:00,8789.79,1851.81,1880.29,1721.18,1747.27,1810.65,1849.31,1957.24,1987.74,2137.72,2171.61,49.54,32.7,694.29,689.79,11.0,84.82,True,12,30,3,8,0,7785.0,10216.2,8930.33,1221.6779357506578,1,0,1
2026-08-03 12:45:00,10749.6,1743.71,1770.67,1850.24,1878.66,2547.82,2606.09,1883.69,1913.16,2201.87,2237.16,52.67,33.48,1088.19,1081.25,11.75,67.11,True,12,45,3,8,0,8789.79,7785.0,9108.13,1507.7196545445663,1,0,1
2026-08-03 13:00:00,7962.0,1850.04,1879.31,1902.5,1932.45,1277.23,1302.85,1799.04,1827.11,1707.94,1734.23,47.24,32.77,482.11,476.36,12.25,109.52,True,13,0,3,8,0,10749.6,8789.79,9167.13,1431.5961534944086,1,0,1
2026-08-03 13:15:00,7979.79,1383.08,1402.45,1429.43,1449.26,1877.54,1917.26,1401.86,1421.28,1561.43,1583.79,49.8,33.36,767.73,772.32,12.75,69.72,True,13,15,3,8,0,7962.0,10749.6,8897.13,1604.3107388221233,1,0,1
2026-08-03 13:30:00,10913.4,2399.02,2437.4,2498.85,2539.3,2082.16,2127.35,2401.23,2439.83,2137.73,2171.06,47.5,33.45,788.53,794.37,13.5,91.89,True,13,30,3,8,0,7979.79,7962.0,8951.729999999998,1698.8793402416738,1,0,1
2026-08-03 13:45:00,6030.0,979.57,991.39,1028.97,1041.48,1325.86,1351.09,1019.17,1031.67,1165.39,1180.54,49.81,33.31,572.99,568.8,14.0,70.59,True,13,45,3,8,0,10913.4,7979.79,8307.729999999998,2458.161380524067,1,0,1
2026-08-03 14:00:00,8238.6,1708.87,1733.95,1689.86,1714.53,1753.84,1790.05,1685.25,1709.78,1665.11,1689.46,45.29,33.01,681.42,670.5,14.5,79.5,True,14,0,3,8,0,6030.0,10913.4,8393.999999999998,2445.4060521721103,1,0,1
2026-08-03 14:15:00,10036.29,2229.76,2265.08,2341.61,2379.41,1925.45,1966.36,2142.18,2175.68,2101.5,2134.39,47.71,33.37,709.23,705.37,15.25,94.04,True,14,15,3,8,0,8238.6,6030.0,8101.63,2006.654050079383,1,0,1
2026-08-03 14:30:00,11699.4,2223.81,2259.58,2300.91,2338.27,2423.62,2478.73,2363.54,2402.29,2470.53,2511.28,53.34,34.36,975.59,959.46,16.0,81.72,True,14,30,3,8,0,10036.29,8238.6,9991.43,1730.8360623409656,1,0,1
2026-08-03 14:45:00,11302.8,2226.25,2262.23,2273.41,2310.23,2189.78,2238.1,2224.69,2260.58,2336.68,2374.78,54.62,34.54,888.35,872.41,17.0,87.2,True,14,45,3,8,0,11699.4,10036.29,11012.83,868.6458822212727,1,0,1
2026-08-03 15:00:00,8539.8,1657.27,1681.6,1774.98,1801.62,1714.06,1748.63,1596.34,1619.45,1656.92,1681.0,51.48,34.26,663.26,652.19,17.5,87.01,True,15,0,3,8,0,11302.8,11699.4,10514.0,1721.1688237938713,1,0,1
2026-08-03 15:15:00,8551.29,1709.28,1734.44,1777.18,1803.6,1592.16,1623.41,1647.03,1670.95,1646.72,1670.65,45.41,32.78,613.83,600.59,18.0,91.65,True,15,15,3,8,0,8539.8,11302.8,9464.63,1591.91228297918,1,0,1
2026-08-03 15:30:00,2392.8,452.46,458.39,479.57,485.73,500.01,508.41,449.46,455.33,462.49,468.43,37.75,31.04,183.98,176.22,18.25,82.8,True,15,30,3,8,0,8551.29,8539.8,6494.63,3552.2936276017526,1,0,1
2026-08-03 15:45:00,1850.4,384.81,390.02,400.58,406.01,380.17,386.93,379.83,385.01,377.99,383.19,31.86,29.21,130.75,123.84,18.25,87.92,True,15,45,3,8,0,2392.8,8551.29,4264.83,3722.0765627133524,1,0,1
2026-08-03 16:00:00,2859.6,567.54,574.2,594.02,600.99,569.98,579.39,569.06,575.74,579.29,586.08,31.72,29.63,194.2,184.77,18.5,91.42,True,16,0,3,8,0,1850.4,2392.8,2367.5999999999995,505.0717176798346,1,0,1
2026-08-03 16:15:00,2831.14,558.23,564.78,586.29,593.17,577.73,587.27,562.35,568.95,578.02,584.81,32.31,29.42,197.49,189.05,18.75,89.22,True,16,15,3,8,0,2859.6,1850.4,2513.7133333333327,574.6224208411907,1,0,1
2026-08-03 16:30:00,2676.0,516.95,523.39,542.5,549.09,548.15,557.2,521.31,527.79,539.34,545.89,32.39,29.3,192.49,185.63,19.0,86.55,True,16,30,3,8,0,2831.14,2859.6,2788.9133333333325,98.81578079126878,1,0,1
2026-08-03 16:45:00,2338.8,449.31,455.29,471.37,477.63,481.57,489.63,452.02,458.05,469.16,475.39,33.1,30.1,172.35,166.27,19.0,84.73,True,16,45,3,8,0,2676.0,2831.14,2615.313333333333,251.71774377939573,1,0,1
2026-08-03 17:00:00,1551.21,297.95,302.27,310.82,315.32,322.56,328.56,300.87,305.23,313.4,317.94,33.62,30.75,119.12,115.8,19.25,81.49,True,17,0,3,8,0,2338.8,2676.0,2188.6699999999996,577.2282033130915,1,0,1
2026-08-03 17:15:00,1499.4,305.42,309.85,314.63,319.2,327.07,333.13,343.88,348.86,348.11,353.16,33.28,30.91,116.68,112.97,19.25,80.3,True,17,15,3,8,0,1551.21,2338.8,1796.4699999999993,470.3854171847412,1,0,1
2026-08-03 17:30:00,1111.2,0.0,0.0,0.0,0.0,372.04,378.75,366.33,371.64,376.02,381.47,33.34,30.84,134.97,132.02,19.5,51.46,True,17,30,3,8,0,1499.4,1551.21,1387.2699999999995,240.482957192534,1,0,1
2026-08-03 17:45:00,762.0,0.0,0.0,0.0,0.0,255.54,260.71,243.54,247.25,251.28,255.03,33.4,31.05,95.22,93.08,19.5,50.03,True,17,45,3,8,0,1111.2,1499.4,1124.1999999999996,368.87184766537587,1,0,1
2026-08-03 18:00:00,553.8,149.89,152.06,155.64,157.9,177.44,182.04,169.37,172.72,175.11,178.57,32.0,31.32,65.48,63.7,19.5,52.57,True,18,0,3,8,0,762.0,1111.2,808.9999999999994,281.65659942573836,1,0,1
2026-08-03 18:15:00,520.8,102.0,103.71,105.89,107.67,107.0,110.26,99.54,102.37,102.71,105.57,31.86,31.34,41.48,40.38,19.5,78.0,True,18,15,3,8,0,553.8,762.0,612.1999999999994,130.77568581381038,1,0,1
2026-08-03 18:30:00,192.6,40.68,42.03,42.15,43.48,42.66,44.03,37.93,39.4,39.69,41.22,30.51,31.17,17.71,17.28,19.5,67.18,True,18,30,3,8,0,520.8,553.8,422.39999999999935,199.69546815106742,0,0,1
2026-08-03 18:45:00,41.62,7.27,7.55,7.4,7.69,8.02,8.33,5.44,5.65,5.95,6.18,29.04,31.16,4.14,3.87,19.5,50.28,True,18,45,3,8,0,192.6,520.8,251.67333333333272,244.9910450065649,0,0,1
2026-08-03 19:00:00,0.0,0.0,0.0,0.0,0.0,0.0,0.0,0.0,0.0,0.0,0.0,28.51,30.91,0.09,0.08,19.5,0.0,True,19,0,3,8,0,41.62,192.6,78.07333333333273,101.3426076900043,0,0,1
2026-08-03 19:15:00,0.0,0.0,0.0,0.0,0.0,0.0,0.0,0.0,0.0,0.0,0.0,27.8,30.3,0.06,0.07,19.5,0.0,True,19,15,3,8,0,0.0,41.62,13.873333333332726,24.029318205280862,0,0,1
2026-08-03 19:30:00,0.0,0.0,0.0,0.0,0.0,0.0,0.0,0.0,0.0,0.0,0.0,27.58,30.23,0.12,0.09,19.5,0.0,True,19,30,3,8,0,0.0,0.0,0.0,0.00027824827174750464,0,0,1
2026-08-03 19:45:00,0.0,0.0,0.0,0.0,0.0,0.0,0.0,0.0,0.0,0.0,0.0,27.74,30.08,0.09,0.08,19.5,0.0,True,19,45,3,8,0,0.0,0.0,0.0,0.00027824827174750464,0,0,1
2026-08-03 20:00:00,0.0,0.0,0.0,0.0,0.0,0.0,0.0,0.0,0.0,0.0,0.0,27.52,29.93,0.11,0.08,19.5,0.0,True,20,0,3,8,0,0.0,0.0,0.0,0.00027824827174750464,0,0,1
2026-08-03 20:15:00,0.0,0.0,0.0,0.0,0.0,0.0,0.0,0.0,0.0,0.0,0.0,27.2,29.79,0.11,0.07,19.5,0.0,True,20,15,3,8,0,0.0,0.0,0.0,0.00027824827174750464,0,0,1
2026-08-03 20:30:00,0.0,0.0,0.0,0.0,0.0,0.0,0.0,0.0,0.0,0.0,0.0,28.08,29.79,0.38,0.08,19.5,0.0,True,20,30,3,8,0,0.0,0.0,0.0,0.00027824827174750464,0,0,1
2026-08-03 20:45:00,0.0,0.0,0.0,0.0,0.0,0.0,0.0,0.0,0.0,0.0,0.0,28.67,29.76,0.22,0.09,19.5,0.0,True,20,45,3,8,0,0.0,0.0,0.0,0.00027824827174750464,0,0,1
2026-08-03 21:00:00,0.0,0.0,0.0,0.0,0.0,0.0,0.0,0.0,0.0,0.0,0.0,28.44,29.77,0.42,0.08,19.5,0.0,True,21,0,3,8,0,0.0,0.0,0.0,0.00027824827174750464,0,0,1
2026-08-03 21:15:00,0.0,0.0,0.0,0.0,0.0,0.0,0.0,0.0,0.0,0.0,0.0,27.8,29.39,0.09,0.07,19.5,0.0,True,21,15,3,8,0,0.0,0.0,0.0,0.00027824827174750464,0,0,1
2026-08-03 21:30:00,0.0,0.0,0.0,0.0,0.0,0.0,0.0,0.0,0.0,0.0,0.0,26.55,28.42,0.14,0.1,19.5,0.0,True,21,30,3,8,0,0.0,0.0,0.0,0.00027824827174750464,0,0,1
2026-08-03 21:45:00,0.0,0.0,0.0,0.0,0.0,0.0,0.0,0.0,0.0,0.0,0.0,25.87,28.16,0.34,0.11,19.5,0.0,True,21,45,3,8,0,0.0,0.0,0.0,0.00027824827174750464,0,0,1
2026-08-03 22:00:00,0.0,0.0,0.0,0.0,0.0,0.0,0.0,0.0,0.0,0.0,0.0,25.45,28.39,1.15,0.17,19.5,0.0,True,22,0,3,8,0,0.0,0.0,0.0,0.00027824827174750464,0,0,1
2026-08-03 22:15:00,0.0,0.0,0.0,0.0,0.0,0.0,0.0,0.0,0.0,0.0,0.0,25.94,28.32,0.83,0.1,19.5,0.0,True,22,15,3,8,0,0.0,0.0,0.0,0.00027824827174750464,0,0,1
2026-08-03 22:30:00,0.0,0.0,0.0,0.0,0.0,0.0,0.0,0.0,0.0,0.0,0.0,26.04,27.99,0.28,0.09,19.5,0.0,True,22,30,3,8,0,0.0,0.0,0.0,0.00027824827174750464,0,0,1
2026-08-03 22:45:00,0.0,0.0,0.0,0.0,0.0,0.0,0.0,0.0,0.0,0.0,0.0,26.28,27.99,0.28,0.1,19.5,0.0,True,22,45,3,8,0,0.0,0.0,0.0,0.00027824827174750464,0,0,1
2026-08-03 23:00:00,0.0,0.0,0.0,0.0,0.0,0.0,0.0,0.0,0.0,0.0,0.0,25.78,27.92,0.22,0.09,19.5,0.0,True,23,0,3,8,0,0.0,0.0,0.0,0.00027824827174750464,0,0,1
2026-08-03 23:15:00,0.0,0.0,0.0,0.0,0.0,0.0,0.0,0.0,0.0,0.0,0.0,26.28,28.07,0.81,0.09,19.5,0.0,True,23,15,3,8,0,0.0,0.0,0.0,0.00027824827174750464,0,0,1
2026-08-03 23:30:00,0.0,0.0,0.0,0.0,0.0,0.0,0.0,0.0,0.0,0.0,0.0,26.53,28.04,0.61,0.08,19.5,0.0,True,23,30,3,8,0,0.0,0.0,0.0,0.00027824827174750464,0,0,1
2026-08-03 23:45:00,0.0,0.0,0.0,0.0,0.0,0.0,0.0,0.0,0.0,0.0,0.0,26.01,28.27,0.29,0.09,19.5,0.0,True,23,45,3,8,0,0.0,0.0,0.0,0.00027824827174750464,0,0,1
2026-08-04 00:15:00,0.0,0.0,0.0,0.0,0.0,0.0,0.0,0.0,0.0,0.0,0.0,26.5,28.33,0.26,0.08,0.0,0.0,True,0,15,4,8,1,0.0,0.0,0.0,0.0,0,1,0
2026-08-04 00:30:00,0.0,0.0,0.0,0.0,0.0,0.0,0.0,0.0,0.0,0.0,0.0,26.89,28.31,0.36,0.09,0.0,0.0,True,0,30,4,8,1,0.0,0.0,0.0,0.0,0,1,0
2026-08-04 00:45:00,0.0,0.0,0.0,0.0,0.0,0.0,0.0,0.0,0.0,0.0,0.0,27.04,28.35,0.72,0.1,0.0,0.0,True,0,45,4,8,1,0.0,0.0,0.0,0.0,0,1,0
2026-08-04 01:00:00,0.0,0.0,0.0,0.0,0.0,0.0,0.0,0.0,0.0,0.0,0.0,26.71,28.55,0.71,0.09,0.0,0.0,True,1,0,4,8,1,0.0,0.0,0.0,0.0,0,1,0
2026-08-04 01:15:00,0.0,0.0,0.0,0.0,0.0,0.0,0.0,0.0,0.0,0.0,0.0,26.65,28.46,0.5,0.08,0.0,0.0,True,1,15,4,8,1,0.0,0.0,0.0,0.0,0,1,0
2026-08-04 01:30:00,0.0,0.0,0.0,0.0,0.0,0.0,0.0,0.0,0.0,0.0,0.0,27.15,28.51,0.35,0.1,0.0,0.0,True,1,30,4,8,1,0.0,0.0,0.0,0.0,0,1,0
2026-08-04 01:45:00,0.0,0.0,0.0,0.0,0.0,0.0,0.0,0.0,0.0,0.0,0.0,26.82,28.45,0.14,0.1,0.0,0.0,True,1,45,4,8,1,0.0,0.0,0.0,0.0,0,1,0
2026-08-04 02:00:00,0.0,0.0,0.0,0.0,0.0,0.0,0.0,0.0,0.0,0.0,0.0,27.04,28.12,0.13,0.09,0.0,0.0,True,2,0,4,8,1,0.0,0.0,0.0,0.0,0,1,0
2026-08-04 02:15:00,0.0,0.0,0.0,0.0,0.0,0.0,0.0,0.0,0.0,0.0,0.0,26.64,28.18,0.11,0.08,0.0,0.0,True,2,15,4,8,1,0.0,0.0,0.0,0.0,0,1,0
2026-08-04 02:30:00,0.0,0.0,0.0,0.0,0.0,0.0,0.0,0.0,0.0,0.0,0.0,26.83,28.19,0.13,0.1,0.0,0.0,True,2,30,4,8,1,0.0,0.0,0.0,0.0,0,1,0
2026-08-04 02:45:00,0.0,0.0,0.0,0.0,0.0,0.0,0.0,0.0,0.0,0.0,0.0,26.86,28.21,0.12,0.09,0.0,0.0,True,2,45,4,8,1,0.0,0.0,0.0,0.0,0,1,0
2026-08-04 03:00:00,0.0,0.0,0.0,0.0,0.0,0.0,0.0,0.0,0.0,0.0,0.0,26.51,27.82,0.11,0.09,0.0,0.0,True,3,0,4,8,1,0.0,0.0,0.0,0.0,0,1,0
2026-08-04 03:15:00,0.0,0.0,0.0,0.0,0.0,0.0,0.0,0.0,0.0,0.0,0.0,25.85,27.52,0.12,0.09,0.0,0.0,True,3,15,4,8,1,0.0,0.0,0.0,0.0,0,1,0
2026-08-04 03:30:00,0.0,0.0,0.0,0.0,0.0,0.0,0.0,0.0,0.0,0.0,0.0,25.73,27.21,0.13,0.1,0.0,0.0,True,3,30,4,8,1,0.0,0.0,0.0,0.0,0,1,0
2026-08-04 03:45:00,0.0,0.0,0.0,0.0,0.0,0.0,0.0,0.0,0.0,0.0,0.0,25.64,27.07,0.13,0.11,0.0,0.0,True,3,45,4,8,1,0.0,0.0,0.0,0.0,0,1,0
2026-08-04 04:00:00,0.0,0.0,0.0,0.0,0.0,0.0,0.0,0.0,0.0,0.0,0.0,25.61,27.03,0.14,0.11,0.0,0.0,True,4,0,4,8,1,0.0,0.0,0.0,0.0,0,1,0
2026-08-04 04:15:00,0.0,0.0,0.0,0.0,0.0,0.0,0.0,0.0,0.0,0.0,0.0,25.65,26.96,0.12,0.1,0.0,0.0,True,4,15,4,8,1,0.0,0.0,0.0,0.0,0,1,0
2026-08-04 04:30:00,0.0,0.0,0.0,0.0,0.0,0.0,0.0,0.0,0.0,0.0,0.0,25.63,26.81,0.14,0.12,0.0,0.0,True,4,30,4,8,1,0.0,0.0,0.0,0.0,0,1,0
2026-08-04 04:45:00,0.0,0.0,0.0,0.0,0.0,0.0,0.0,0.0,0.0,0.0,0.0,25.62,26.66,0.18,0.13,0.0,0.0,True,4,45,4,8,1,0.0,0.0,0.0,0.0,0,1,0
2026-08-04 05:00:00,0.0,0.0,0.0,0.0,0.0,0.0,0.0,0.0,0.0,0.0,0.0,25.14,26.44,0.16,0.13,0.0,0.0,True,5,0,4,8,1,0.0,0.0,0.0,0.0,0,1,0
2026-08-04 05:15:00,0.0,0.0,0.0,0.0,0.0,0.0,0.0,0.0,0.0,0.0,0.0,25.04,26.22,0.17,0.12,0.0,0.0,True,5,15,4,8,1,0.0,0.0,0.0,0.0,0,1,0
2026-08-04 05:30:00,0.0,0.0,0.0,0.0,0.0,0.0,0.0,0.0,0.0,0.0,0.0,25.08,25.92,0.15,0.11,0.0,0.0,True,5,30,4,8,1,0.0,0.0,0.0,0.0,0,1,0
2026-08-04 05:45:00,0.0,0.0,0.0,0.0,0.0,0.0,0.0,0.0,0.0,0.0,0.0,24.5,25.8,0.29,0.19,0.0,0.0,True,5,45,4,8,1,0.0,0.0,0.0,0.0,0,1,0
2026-08-04 06:00:00,0.0,0.0,0.0,0.0,0.0,0.0,0.0,0.0,0.0,0.0,0.0,24.4,25.58,0.65,0.18,0.0,0.0,True,6,0,4,8,1,0.0,0.0,0.0,0.0,0,1,0
2026-08-04 06:15:00,0.0,0.0,0.0,0.0,0.0,0.0,0.0,0.0,0.0,0.0,0.0,24.74,25.62,1.46,0.83,0.0,0.0,True,6,15,4,8,1,0.0,0.0,0.0,0.0,0,1,0
2026-08-04 06:30:00,0.0,0.0,0.0,0.3,0.31,0.65,0.69,0.14,0.14,0.07,0.07,24.23,25.74,2.42,1.74,0.0,0.0,True,6,30,4,8,1,0.0,0.0,0.0,0.0,0,1,0
2026-08-04 06:45:00,9.0,0.0,0.0,3.89,4.04,5.77,5.98,3.96,4.11,4.85,5.03,24.72,25.81,3.92,3.31,0.0,13.85,True,6,45,4,8,1,0.0,0.0,3.0,5.196152422706632,0,1,0
2026-08-04 07:00:00,16.2,0.0,0.0,0.0,0.0,8.78,9.08,7.49,7.78,8.11,8.43,24.54,25.91,5.07,4.49,0.0,19.29,True,7,0,4,8,1,9.0,0.0,8.4,8.11664955508121,0,1,0
2026-08-04 07:15:00,49.2,0.0,0.0,0.0,0.0,14.91,15.4,13.98,14.52,14.57,15.13,25.09,26.04,7.32,6.76,0.0,40.63,True,7,15,4,8,1,16.2,9.0,24.8,21.435484599140743,0,1,0
2026-08-04 07:30:00,92.08,22.47,23.33,23.56,24.47,23.08,23.82,22.18,23.04,22.94,23.82,25.13,26.27,10.18,9.64,0.0,54.69,True,7,30,4,8,1,49.2,16.2,52.49333333333334,38.04705157214331,0,1,0
2026-08-04 07:45:00,121.8,27.78,28.85,28.88,29.99,29.08,30.0,28.14,29.23,29.15,30.28,25.13,26.52,12.14,11.67,0.0,60.65,True,7,45,4,8,1,92.08,49.2,87.69333333333334,36.49824835979573,0,1,0
2026-08-04 08:00:00,167.4,37.11,38.55,38.39,39.87,38.27,39.46,37.6,39.05,38.85,40.35,25.27,26.34,15.24,14.71,0.0,66.44,True,8,0,4,8,1,121.8,92.08,127.09333333333332,37.937977454436485,0,1,0
2026-08-04 08:15:00,199.8,43.92,45.62,45.56,47.25,44.1,45.47,44.08,45.78,44.87,46.6,25.21,26.08,17.27,16.46,0.0,69.95,True,8,15,4,8,1,167.4,121.8,163.0,39.18571168168311,0,1,0
2026-08-04 08:30:00,257.4,54.67,55.82,57.13,58.25,56.39,58.13,55.22,56.38,56.34,57.46,25.11,26.02,21.27,20.21,0.25,73.15,True,8,30,4,8,1,199.8,167.4,208.19999999999996,45.58420779173409,1,1,0
2026-08-04 08:45:00,303.0,63.27,64.52,66.35,67.66,66.29,68.28,64.04,65.3,65.77,67.07,25.25,25.95,24.5,23.18,0.25,74.79,True,8,45,4,8,1,257.4,199.8,253.4,51.71614834846065,1,1,0
2026-08-04 09:00:00,315.6,65.73,67.03,68.66,70.01,68.63,70.67,66.74,68.06,68.55,69.9,25.08,25.86,25.69,24.23,0.25,74.25,True,9,0,4,8,1,303.0,257.4,292.0,30.61960156501046,1,1,0
2026-08-04 09:15:00,340.07,70.97,72.37,73.97,75.44,73.93,76.05,71.86,73.28,73.74,75.2,25.14,25.8,27.36,25.92,0.25,75.13,True,9,15,4,8,1,315.6,303.0,319.5566666666667,18.849075132040902,1,1,0
2026-08-04 09:30:00,402.0,82.87,84.51,86.7,88.41,86.76,89.04,83.58,85.24,85.97,87.67,25.12,25.77,31.28,29.72,0.25,77.68,True,9,30,4,8,1,340.07,315.6,352.5566666666667,44.53288260749938,1,1,0
2026-08-04 09:45:00,552.6,112.94,114.71,118.01,119.79,118.07,120.54,113.52,115.3,116.99,118.79,25.08,25.8,40.67,38.97,0.25,82.12,True,9,45,4,8,1,402.0,340.07,431.5566666666667,109.30438066854104,1,1,0
2026-08-04 10:00:00,696.6,140.12,142.16,146.38,148.5,147.22,150.02,141.68,143.73,146.22,148.34,25.56,25.91,49.95,48.14,0.25,84.45,True,10,0,4,8,1,552.6,402.0,550.4,147.31232127693866,1,1,0
2026-08-04 10:15:00,853.2,170.59,173.07,177.58,180.15,179.43,182.78,172.89,175.4,178.86,181.45,25.96,26.05,59.71,58.01,0.25,86.66,True,10,15,4,8,1,696.6,552.6,700.8000000000001,150.3440055339754,1,1,0
2026-08-04 10:30:00,1119.0,224.83,227.82,234.57,237.62,233.7,238.65,226.01,229.01,233.95,237.02,26.31,26.25,75.85,73.81,0.5,89.61,True,10,30,4,8,1,853.2,696.6,889.6,213.5395982013642,1,1,0
2026-08-04 10:45:00,1355.4,328.5,333.13,43.43,43.97,354.76,361.21,323.42,328.16,351.19,356.21,26.67,26.34,111.92,109.04,0.5,73.66,True,10,45,4,8,1,1119.0,853.2,1109.2,251.24338797269897,1,1,0
2026-08-04 11:00:00,2330.4,464.93,471.05,484.75,490.56,478.22,486.23,464.82,470.91,479.63,485.87,27.79,26.4,151.24,147.61,0.75,94.15,True,11,0,4,8,1,1355.4,1119.0,1601.5999999999997,642.1318556184549,1,1,0
2026-08-04 11:15:00,2674.8,533.31,539.68,554.81,561.88,540.99,549.91,533.78,540.15,547.4,553.83,27.93,26.3,172.1,167.23,1.0,95.02,True,11,15,4,8,1,2330.4,1355.4,2120.2000000000003,684.3552586193812,1,1,0
2026-08-04 11:30:00,3150.6,625.45,632.82,653.09,661.42,644.03,654.57,625.63,633.0,644.86,652.47,28.49,26.62,202.41,196.6,1.0,95.38,True,11,30,4,8,1,2674.8,2330.4,2718.6,411.85050685898113,1,1,0
2026-08-04 11:45:00,4062.6,803.13,812.67,839.97,852.18,834.32,847.81,802.21,811.74,828.04,837.89,30.2,27.03,263.66,255.37,1.25,95.07,True,11,45,4,8,1,3150.6,2674.8,3296.0,705.232642466299,1,1,0
2026-08-04 12:00:00,4768.71,943.66,954.93,985.89,1000.74,982.96,999.31,945.2,956.49,976.33,988.11,31.73,27.53,315.32,305.21,1.75,93.9,True,12,0,4,8,1,4062.6,3150.6,3993.97,811.2352006046078,1,0,1
2026-08-04 12:15:00,6086.57,1220.23,1235.8,1273.43,1294.43,1272.98,1295.59,1210.39,1225.83,1251.93,1267.9,32.84,27.53,410.72,400.85,2.0,92.44,True,12,15,4,8,1,4768.71,4062.6,4972.626666666666,1027.2780273291792,1,0,1
2026-08-04 12:30:00,6433.71,1240.69,1256.52,1285.98,1307.29,1295.38,1318.42,1270.38,1286.59,1317.05,1334.21,36.0,27.83,449.53,438.86,2.5,90.45,True,12,30,4,8,1,6086.57,4768.71,5762.996666666666,878.3968502523956,1,0,1
2026-08-04 12:45:00,6610.8,1307.86,1324.55,1353.69,1376.12,1338.59,1362.64,1311.89,1328.63,1345.37,1362.53,37.67,28.13,461.45,449.15,3.0,91.18,True,12,45,4,8,1,6433.71,6086.57,6377.026666666666,266.67212721491745,1,0,1
2026-08-04 13:00:00,5567.4,1087.45,1101.05,1128.42,1146.56,1109.68,1128.62,1103.64,1117.5,1127.38,1141.6,39.48,28.6,388.95,377.96,3.5,91.8,True,13,0,4,8,1,6610.8,6433.71,6203.97,558.3513595398475,1,0,1
2026-08-04 13:15:00,4977.6,970.33,981.92,1009.69,1024.75,1000.58,1017.29,990.91,1002.74,1025.7,1038.03,39.27,28.75,341.4,334.09,3.75,93.43,True,13,15,4,8,1,5567.4,6610.8,5718.599999999999,827.0318252642979,1,0,1
2026-08-04 13:30:00,4550.4,888.76,899.36,921.12,934.86,913.43,928.42,900.03,910.77,924.8,935.84,38.16,28.86,312.58,304.84,4.0,92.84,True,13,30,4,8,1,4977.6,5567.4,5031.799999999999,510.6618058950527,1,0,1
2026-08-04 13:45:00,3922.8,770.24,779.36,803.14,815.01,787.73,800.33,776.05,785.24,794.16,803.56,37.1,29.06,261.62,256.0,4.5,95.2,True,13,45,4,8,1,4550.4,4977.6,4483.599999999999,530.5633232706505,1,0,1
2026-08-04 14:00:00,3495.86,679.66,687.7,707.34,716.37,704.8,716.17,687.91,696.05,708.58,716.97,35.98,29.08,233.8,229.48,4.5,94.49,True,14,0,4,8,1,3922.8,4550.4,3989.6866666666665,530.4422895408418,1,0,1
2026-08-04 14:15:00,3599.36,715.27,723.73,746.28,755.8,717.17,728.69,715.68,724.15,730.88,739.53,34.81,29.14,232.76,227.69,4.75,97.25,True,14,15,4,8,1,3495.86,3922.8,3672.6733333333336,222.71186437487094,1,0,1
2026-08-04 14:30:00,3703.8,727.73,736.34,755.31,765.06,739.0,750.8,735.12,743.82,754.33,763.26,34.93,29.25,243.53,239.57,5.0,95.69,True,14,30,4,8,1,3599.36,3495.86,3599.6733333333336,103.97035410794287,1,0,1
2026-08-04 14:45:00,3440.4,677.2,685.21,704.91,713.9,693.9,705.11,682.07,690.15,701.81,710.12,34.73,29.33,227.54,224.14,5.25,95.05,True,14,45,4,8,1,3703.8,3599.36,3581.1866666666665,132.6370707356396,1,0,1
2026-08-04 15:00:00,3934.93,774.38,783.54,808.32,820.06,801.85,814.73,778.45,787.67,803.74,813.28,35.36,29.46,266.77,262.87,5.75,92.97,True,15,0,4,8,1,3440.4,3703.8,3693.043333333333,247.44041632952926,1,0,1
2026-08-04 15:15:00,4303.8,842.89,852.94,877.69,890.79,872.8,887.0,850.28,860.42,877.24,887.71,36.01,29.61,302.37,297.44,6.0,89.96,True,15,15,4,8,1,3934.93,3440.4,3893.043333333333,433.22137485739376,1,0,1
2026-08-04 15:30:00,3715.8,723.17,731.73,752.26,762.45,747.66,759.67,735.29,743.99,753.84,762.78,35.99,29.55,269.57,265.32,6.25,87.11,True,15,30,4,8,1,4303.8,3934.93,3984.843333333333,297.16074039706234,1,0,1
2026-08-04 15:45:00,3958.8,772.58,781.74,806.9,818.42,828.46,841.91,785.51,794.89,824.6,834.47,35.38,29.55,294.75,289.71,6.5,84.66,True,15,45,4,8,1,3715.8,4303.8,3992.7999999999997,295.4708107410898,1,0,1
2026-08-04 16:00:00,4843.93,941.95,953.32,992.86,1007.88,1030.0,1047.35,947.77,959.14,981.35,993.07,36.98,29.77,371.59,363.18,6.75,82.73,True,16,0,4,8,1,3958.8,3715.8,4172.843333333333,593.7425668025916,1,0,1
2026-08-04 16:15:00,4561.8,903.97,914.75,971.56,986.28,896.37,911.17,906.17,916.98,908.33,919.15,37.22,29.88,330.16,324.6,7.0,87.77,True,16,15,4,8,1,4843.93,3958.8,4454.843333333333,452.1543714632529,1,0,1
2026-08-04 16:30:00,2960.4,608.47,615.64,584.21,591.66,566.55,575.89,605.0,612.12,602.25,609.33,34.81,29.65,206.27,201.19,7.25,90.25,True,16,30,4,8,1,4561.8,4843.93,4122.043333333333,1015.8546941533178,1,0,1
2026-08-04 16:45:00,2481.0,607.27,614.41,0.0,0.0,641.21,651.74,618.92,626.22,641.18,648.76,34.02,29.73,229.29,224.71,7.5,67.82,True,16,45,4,8,1,2960.4,4561.8,3334.3999999999996,1089.6509349328346,1,0,1
2026-08-04 17:00:00,2159.4,528.49,534.93,0.0,0.0,550.74,559.84,535.47,541.95,552.3,558.89,34.22,29.73,200.82,197.67,7.75,67.45,True,17,0,4,8,1,2481.0,2960.4,2533.6,403.0822744800416,1,0,1
2026-08-04 17:15:00,1477.8,354.67,359.81,0.0,0.0,378.83,385.61,366.22,371.47,380.64,386.06,33.83,29.77,139.04,137.55,7.75,66.57,True,17,15,4,8,1,2159.4,2481.0,2039.3999999999999,512.2524377687286,1,0,1
2026-08-04 17:30:00,1338.0,293.26,297.51,0.0,0.0,311.99,317.85,297.22,301.53,311.95,316.48,32.43,29.77,112.36,112.76,7.75,74.15,True,17,30,4,8,1,1477.8,2159.4,1658.3999999999996,439.4732756380145,1,0,1
2026-08-04 17:45:00,1261.8,0.0,0.0,0.0,0.0,263.24,268.41,249.35,252.97,261.2,264.99,31.49,29.46,95.64,94.88,8.0,81.84,True,17,45,4,8,1,1338.0,1477.8,1359.1999999999996,109.54944089317439,1,0,1
2026-08-04 18:00:00,876.0,159.38,162.53,165.91,169.19,179.25,183.85,176.16,179.57,181.36,184.79,30.22,29.21,66.57,65.82,8.0,81.2,True,18,0,4,8,1,1261.8,1338.0,1158.5999999999997,247.6866568873013,1,0,1
2026-08-04 18:15:00,564.0,109.82,112.66,114.49,117.32,116.41,119.96,114.0,116.82,117.59,120.44,29.47,29.02,44.94,44.23,8.0,77.21,True,18,15,4,8,1,876.0,1261.8,900.5999999999998,349.54982477467854,1,0,1
2026-08-04 18:30:00,238.2,47.5,49.33,49.28,51.18,52.66,54.33,50.52,52.47,52.56,54.59,28.64,28.75,22.08,21.6,8.0,66.13,True,18,30,4,8,1,564.0,876.0,559.3999999999997,318.92488143763484,1,0,1
2026-08-04 18:45:00,60.43,7.17,7.45,6.67,6.93,10.13,10.5,8.5,8.82,9.17,9.52,27.27,28.63,5.68,5.37,8.0,60.99,True,18,45,4,8,1,238.2,564.0,287.543333333333,255.38551179215997,0,0,1
2026-08-04 19:00:00,0.0,0.0,0.0,0.0,0.0,0.0,0.0,0.0,0.0,0.0,0.0,26.81,28.61,0.12,0.09,8.0,0.0,True,19,0,4,8,1,60.43,238.2,99.54333333333302,123.8232596620844,0,0,1
2026-08-04 19:15:00,0.0,0.0,0.0,0.0,0.0,0.0,0.0,0.0,0.0,0.0,0.0,26.3,28.49,0.08,0.08,8.0,0.0,True,19,15,4,8,1,0.0,60.43,20.14333333333303,34.88927676728464,0,0,1
2026-08-04 19:30:00,0.0,0.0,0.0,0.0,0.0,0.0,0.0,0.0,0.0,0.0,0.0,26.13,28.1,0.12,0.1,8.0,0.0,True,19,30,4,8,1,0.0,0.0,0.0,0.00010443822377217685,0,0,1
2026-08-04 19:45:00,0.0,0.0,0.0,0.0,0.0,0.0,0.0,0.0,0.0,0.0,0.0,25.76,27.98,0.12,0.1,8.0,0.0,True,19,45,4,8,1,0.0,0.0,0.0,0.00010443822377217685,0,0,1
2026-08-04 20:00:00,0.0,0.0,0.0,0.0,0.0,0.0,0.0,0.0,0.0,0.0,0.0,25.83,28.05,0.12,0.1,8.0,0.0,True,20,0,4,8,1,0.0,0.0,0.0,0.00010443822377217685,0,0,1
2026-08-04 20:15:00,0.0,0.0,0.0,0.0,0.0,0.0,0.0,0.0,0.0,0.0,0.0,25.57,27.95,0.15,0.1,8.0,0.0,True,20,15,4,8,1,0.0,0.0,0.0,0.00010443822377217685,0,0,1
2026-08-04 20:30:00,0.0,0.0,0.0,0.0,0.0,0.0,0.0,0.0,0.0,0.0,0.0,25.04,27.83,0.12,0.08,8.0,0.0,True,20,30,4,8,1,0.0,0.0,0.0,0.00010443822377217685,0,0,1
2026-08-04 20:45:00,0.0,0.0,0.0,0.0,0.0,0.0,0.0,0.0,0.0,0.0,0.0,25.79,27.97,0.12,0.09,8.0,0.0,True,20,45,4,8,1,0.0,0.0,0.0,0.00010443822377217685,0,0,1
2026-08-04 21:00:00,0.0,0.0,0.0,0.0,0.0,0.0,0.0,0.0,0.0,0.0,0.0,26.2,28.0,0.14,0.1,8.0,0.0,True,21,0,4,8,1,0.0,0.0,0.0,0.00010443822377217685,0,0,1
2026-08-04 21:15:00,0.0,0.0,0.0,0.0,0.0,0.0,0.0,0.0,0.0,0.0,0.0,26.31,28.0,0.13,0.09,8.0,0.0,True,21,15,4,8,1,0.0,0.0,0.0,0.00010443822377217685,0,0,1
2026-08-04 21:30:00,0.0,0.0,0.0,0.0,0.0,0.0,0.0,0.0,0.0,0.0,0.0,26.21,28.01,0.17,0.1,8.0,0.0,True,21,30,4,8,1,0.0,0.0,0.0,0.00010443822377217685,0,0,1
2026-08-04 21:45:00,0.0,0.0,0.0,0.0,0.0,0.0,0.0,0.0,0.0,0.0,0.0,25.84,28.02,0.12,0.09,8.0,0.0,True,21,45,4,8,1,0.0,0.0,0.0,0.00010443822377217685,0,0,1
2026-08-04 22:00:00,0.0,0.0,0.0,0.0,0.0,0.0,0.0,0.0,0.0,0.0,0.0,25.76,28.24,0.12,0.09,8.0,0.0,True,22,0,4,8,1,0.0,0.0,0.0,0.00010443822377217685,0,0,1
2026-08-04 22:15:00,0.0,0.0,0.0,0.0,0.0,0.0,0.0,0.0,0.0,0.0,0.0,25.71,28.3,0.13,0.09,8.0,0.0,True,22,15,4,8,1,0.0,0.0,0.0,0.00010443822377217685,0,0,1
2026-08-04 22:30:00,0.0,0.0,0.0,0.0,0.0,0.0,0.0,0.0,0.0,0.0,0.0,25.33,28.37,0.14,0.09,8.0,0.0,True,22,30,4,8,1,0.0,0.0,0.0,0.00010443822377217685,0,0,1
2026-08-04 22:45:00,0.0,0.0,0.0,0.0,0.0,0.0,0.0,0.0,0.0,0.0,0.0,25.42,28.22,0.09,0.07,8.0,0.0,True,22,45,4,8,1,0.0,0.0,0.0,0.00010443822377217685,0,0,1
2026-08-04 23:00:00,0.0,0.0,0.0,0.0,0.0,0.0,0.0,0.0,0.0,0.0,0.0,25.96,27.96,0.14,0.1,8.0,0.0,True,23,0,4,8,1,0.0,0.0,0.0,0.00010443822377217685,0,0,1
2026-08-04 23:15:00,0.0,0.0,0.0,0.0,0.0,0.0,0.0,0.0,0.0,0.0,0.0,26.14,27.74,0.16,0.1,8.0,0.0,True,23,15,4,8,1,0.0,0.0,0.0,0.00010443822377217685,0,0,1
2026-08-04 23:30:00,0.0,0.0,0.0,0.0,0.0,0.0,0.0,0.0,0.0,0.0,0.0,26.09,27.58,0.14,0.09,8.0,0.0,True,23,30,4,8,1,0.0,0.0,0.0,0.00010443822377217685,0,0,1
2026-08-04 23:45:00,0.0,0.0,0.0,0.0,0.0,0.0,0.0,0.0,0.0,0.0,0.0,25.91,27.55,0.11,0.09,8.0,0.0,True,23,45,4,8,1,0.0,0.0,0.0,0.00010443822377217685,0,0,1
2026-08-05 00:15:00,0.0,0.0,0.0,0.0,0.0,0.0,0.0,0.0,0.0,0.0,0.0,25.62,27.73,0.15,0.08,0.0,0.0,True,0,15,5,8,2,0.0,0.0,0.0,0.0,0,1,0
2026-08-05 00:30:00,0.0,0.0,0.0,0.0,0.0,0.0,0.0,0.0,0.0,0.0,0.0,26.61,27.75,0.16,0.09,0.0,0.0,True,0,30,5,8,2,0.0,0.0,0.0,0.0,0,1,0
2026-08-05 00:45:00,0.0,0.0,0.0,0.0,0.0,0.0,0.0,0.0,0.0,0.0,0.0,27.27,28.26,0.66,0.1,0.0,0.0,True,0,45,5,8,2,0.0,0.0,0.0,0.0,0,1,0
2026-08-05 01:00:00,0.0,0.0,0.0,0.0,0.0,0.0,0.0,0.0,0.0,0.0,0.0,27.04,28.14,0.22,0.09,0.0,0.0,True,1,0,5,8,2,0.0,0.0,0.0,0.0,0,1,0
2026-08-05 01:15:00,0.0,0.0,0.0,0.0,0.0,0.0,0.0,0.0,0.0,0.0,0.0,27.17,28.08,0.13,0.09,0.0,0.0,True,1,15,5,8,2,0.0,0.0,0.0,0.0,0,1,0
2026-08-05 01:30:00,0.0,0.0,0.0,0.0,0.0,0.0,0.0,0.0,0.0,0.0,0.0,27.11,27.96,0.12,0.09,0.0,0.0,True,1,30,5,8,2,0.0,0.0,0.0,0.0,0,1,0
2026-08-05 01:45:00,0.0,0.0,0.0,0.0,0.0,0.0,0.0,0.0,0.0,0.0,0.0,26.76,27.9,0.1,0.09,0.0,0.0,True,1,45,5,8,2,0.0,0.0,0.0,0.0,0,1,0
2026-08-05 02:00:00,0.0,0.0,0.0,0.0,0.0,0.0,0.0,0.0,0.0,0.0,0.0,26.76,27.86,0.14,0.09,0.0,0.0,True,2,0,5,8,2,0.0,0.0,0.0,0.0,0,1,0
2026-08-05 02:15:00,0.0,0.0,0.0,0.0,0.0,0.0,0.0,0.0,0.0,0.0,0.0,26.82,27.61,0.13,0.1,0.0,0.0,True,2,15,5,8,2,0.0,0.0,0.0,0.0,0,1,0
2026-08-05 02:30:00,0.0,0.0,0.0,0.0,0.0,0.0,0.0,0.0,0.0,0.0,0.0,26.89,27.56,0.13,0.09,0.0,0.0,True,2,30,5,8,2,0.0,0.0,0.0,0.0,0,1,0
2026-08-05 02:45:00,0.0,0.0,0.0,0.0,0.0,0.0,0.0,0.0,0.0,0.0,0.0,26.82,27.51,0.12,0.09,0.0,0.0,True,2,45,5,8,2,0.0,0.0,0.0,0.0,0,1,0
2026-08-05 03:00:00,0.0,0.0,0.0,0.0,0.0,0.0,0.0,0.0,0.0,0.0,0.0,26.07,27.58,0.2,0.09,0.0,0.0,True,3,0,5,8,2,0.0,0.0,0.0,0.0,0,1,0
2026-08-05 03:15:00,0.0,0.0,0.0,0.0,0.0,0.0,0.0,0.0,0.0,0.0,0.0,26.92,27.61,0.13,0.09,0.0,0.0,True,3,15,5,8,2,0.0,0.0,0.0,0.0,0,1,0
2026-08-05 03:30:00,0.0,0.0,0.0,0.0,0.0,0.0,0.0,0.0,0.0,0.0,0.0,26.61,27.48,0.13,0.09,0.0,0.0,True,3,30,5,8,2,0.0,0.0,0.0,0.0,0,1,0
2026-08-05 03:45:00,0.0,0.0,0.0,0.0,0.0,0.0,0.0,0.0,0.0,0.0,0.0,26.5,27.36,0.13,0.08,0.0,0.0,True,3,45,5,8,2,0.0,0.0,0.0,0.0,0,1,0
2026-08-05 04:00:00,0.0,0.0,0.0,0.0,0.0,0.0,0.0,0.0,0.0,0.0,0.0,26.2,27.39,0.12,0.09,0.0,0.0,True,4,0,5,8,2,0.0,0.0,0.0,0.0,0,1,0
2026-08-05 04:15:00,0.0,0.0,0.0,0.0,0.0,0.0,0.0,0.0,0.0,0.0,0.0,25.98,27.33,0.16,0.09,0.0,0.0,True,4,15,5,8,2,0.0,0.0,0.0,0.0,0,1,0
2026-08-05 04:30:00,0.0,0.0,0.0,0.0,0.0,0.0,0.0,0.0,0.0,0.0,0.0,26.37,27.24,0.14,0.1,0.0,0.0,True,4,30,5,8,2,0.0,0.0,0.0,0.0,0,1,0
2026-08-05 04:45:00,0.0,0.0,0.0,0.0,0.0,0.0,0.0,0.0,0.0,0.0,0.0,25.84,27.21,0.14,0.09,0.0,0.0,True,4,45,5,8,2,0.0,0.0,0.0,0.0,0,1,0
2026-08-05 05:00:00,0.0,0.0,0.0,0.0,0.0,0.0,0.0,0.0,0.0,0.0,0.0,26.05,27.21,0.15,0.1,0.0,0.0,True,5,0,5,8,2,0.0,0.0,0.0,0.0,0,1,0
2026-08-05 05:15:00,0.0,0.0,0.0,0.0,0.0,0.0,0.0,0.0,0.0,0.0,0.0,26.24,27.27,0.17,0.09,0.0,0.0,True,5,15,5,8,2,0.0,0.0,0.0,0.0,0,1,0
2026-08-05 05:30:00,0.0,0.0,0.0,0.0,0.0,0.0,0.0,0.0,0.0,0.0,0.0,26.28,27.27,0.21,0.09,0.0,0.0,True,5,30,5,8,2,0.0,0.0,0.0,0.0,0,1,0
2026-08-05 05:45:00,0.0,0.0,0.0,0.0,0.0,0.0,0.0,0.0,0.0,0.0,0.0,26.3,27.23,0.15,0.09,0.0,0.0,True,5,45,5,8,2,0.0,0.0,0.0,0.0,0,1,0
2026-08-05 06:00:00,0.0,0.0,0.0,0.0,0.0,0.43,0.45,0.22,0.23,0.33,0.35,25.97,27.29,0.91,0.47,0.0,0.0,True,6,0,5,8,2,0.0,0.0,0.0,0.0,0,1,0
2026-08-05 06:15:00,32.4,2.98,3.1,5.0,5.19,12.06,12.46,12.01,12.48,12.02,12.48,26.34,27.41,6.48,5.53,0.0,30.36,True,6,15,5,8,2,0.0,0.0,10.799999999999999,18.706148721743876,0,1,0
2026-08-05 06:30:00,117.64,27.95,29.03,28.5,29.6,26.13,26.96,27.81,28.89,27.44,28.5,26.8,27.37,11.6,10.52,0.0,61.7,True,6,30,5,8,2,32.4,0.0,50.01333333333333,60.76565257884863,0,1,0
2026-08-05 06:45:00,308.4,66.03,67.57,67.76,69.33,63.3,65.13,66.75,68.3,67.08,68.64,26.83,27.56,24.26,23.1,0.0,77.36,True,6,45,5,8,2,117.64,32.4,152.8133333333333,141.3218756361991,1,1,0
2026-08-05 07:00:00,616.8,129.48,131.43,133.59,135.57,121.46,123.95,128.43,130.36,127.34,129.26,26.66,27.47,45.27,43.08,0.25,82.88,True,7,0,5,8,2,308.4,117.64,347.6133333333333,251.87981366781523,1,1,0
2026-08-05 07:15:00,782.4,165.14,167.53,169.51,171.97,148.7,151.52,161.81,164.16,157.95,160.24,27.36,27.41,55.02,52.72,0.25,86.73,True,7,15,5,8,2,616.8,308.4,569.1999999999999,240.55835050980866,1,1,0
2026-08-05 07:30:00,751.8,159.25,161.56,163.74,166.11,142.65,145.37,154.48,156.72,151.2,153.39,27.81,27.47,53.09,50.81,0.25,86.54,True,7,30,5,8,2,782.4,616.8,717.0,88.1142440244477,1,1,0
2026-08-05 07:45:00,871.8,185.08,187.76,188.29,191.02,164.75,167.81,181.06,183.69,176.91,179.47,28.47,27.53,59.2,57.24,0.25,90.23,True,7,45,5,8,2,751.8,782.4,802.0,62.35479131550262,1,1,0
2026-08-05 08:00:00,914.4,194.67,197.4,196.94,199.71,170.25,173.63,191.18,193.87,186.77,189.41,28.76,27.7,61.62,59.57,0.25,91.03,True,8,0,5,8,2,871.8,751.8,846.0,84.31441157951505,1,1,0
2026-08-05 08:15:00,1374.6,288.89,292.9,291.65,295.71,256.99,262.07,282.88,286.83,277.96,281.74,29.27,27.96,90.81,88.15,0.5,93.05,True,8,15,5,8,2,914.4,871.8,1053.6000000000001,278.8089668572368,1,1,0
2026-08-05 08:30:00,1396.2,292.12,296.35,295.66,299.94,262.66,267.75,286.11,290.26,283.04,287.15,29.81,27.99,92.94,91.05,0.5,92.54,True,8,30,5,8,2,1374.6,914.4,1228.3999999999999,272.14635768277276,1,1,0
2026-08-05 08:45:00,1898.18,381.69,387.01,394.35,399.81,368.19,374.8,381.37,386.69,383.74,389.09,30.29,28.04,125.75,123.64,0.75,93.17,True,8,45,5,8,2,1396.2,1374.6,1556.3266666666668,296.25059684890584,1,1,0
2026-08-05 09:00:00,3006.6,611.06,618.4,634.59,642.17,584.2,593.84,606.05,613.33,602.49,609.73,31.87,28.37,200.15,196.79,1.0,93.33,True,9,0,5,8,2,1898.18,1396.2,2100.3266666666664,824.011223305443,1,1,0
2026-08-05 09:15:00,3873.0,768.46,777.56,803.62,813.17,773.32,785.78,771.12,780.26,784.26,793.57,33.81,28.52,266.37,263.73,1.25,91.06,True,9,15,5,8,2,3006.6,1898.18,2925.9266666666667,989.8786027252696,1,1,0
2026-08-05 09:30:00,3930.0,790.71,800.09,822.3,832.07,758.75,770.9,786.39,795.73,791.17,800.56,34.46,28.78,266.98,262.58,1.5,92.44,True,9,30,5,8,2,3873.0,3006.6,3603.2000000000003,517.4562010450727,1,1,0
2026-08-05 09:45:00,3126.21,601.0,608.08,630.43,637.86,637.11,647.51,608.67,615.84,635.09,642.58,35.12,29.02,222.89,220.91,1.75,88.32,True,9,45,5,8,2,3930.0,3873.0,3643.0699999999997,448.52028348782454,1,1,0
2026-08-05 10:00:00,3215.4,620.11,627.42,650.31,657.99,675.44,686.41,632.5,639.96,662.06,669.88,34.78,29.08,228.65,226.49,2.0,88.42,True,10,0,5,8,2,3126.21,3930.0,3423.8700000000003,440.5841539365648,1,1,0
2026-08-05 10:15:00,2785.8,547.57,554.13,568.54,575.22,560.4,569.65,551.12,557.75,563.95,570.59,33.47,28.87,190.57,188.12,2.0,91.42,True,10,15,5,8,2,3215.4,3126.21,3042.47,226.71199946186988,1,1,0
2026-08-05 10:30:00,3484.2,694.83,703.06,708.87,717.26,687.92,699.08,701.16,709.46,715.94,724.42,33.23,28.85,231.67,228.19,2.25,93.96,True,10,30,5,8,2,2785.8,3215.4,3161.8000000000006,352.27171331232194,1,1,0
2026-08-05 10:45:00,4161.0,795.18,804.59,831.81,841.71,879.88,894.22,815.47,825.14,861.53,871.8,34.8,29.02,296.82,294.28,2.5,88.15,True,10,45,5,8,2,3484.2,2785.8,3477.0,687.6282716700927,1,1,0
2026-08-05 11:00:00,4239.0,830.27,840.13,860.7,870.99,861.12,875.12,842.29,852.3,871.13,881.55,34.58,28.88,286.99,286.0,3.0,92.8,True,11,0,5,8,2,4161.0,3484.2,3961.4,415.1034569839174,1,1,0
2026-08-05 11:15:00,5591.4,1107.72,1121.86,1142.91,1157.49,1104.2,1123.01,1113.99,1128.21,1141.45,1156.02,37.01,29.25,381.46,381.26,3.25,93.03,True,11,15,5,8,2,4239.0,4161.0,4663.799999999999,804.2712975109819,1,1,0
2026-08-05 11:30:00,7143.0,1437.35,1456.9,1494.78,1515.58,1405.37,1431.35,1439.51,1459.1,1438.57,1458.25,39.24,29.54,487.33,484.22,3.75,93.91,True,11,30,5,8,2,5591.4,4239.0,5657.799999999999,1453.1382315526619,1,1,0
2026-08-05 11:45:00,7790.4,1671.66,1695.22,1818.23,1845.02,1459.93,1487.06,1479.97,1499.38,1445.79,1464.71,42.05,29.84,534.28,530.69,4.25,94.55,True,11,45,5,8,2,7143.0,5591.4,6841.599999999999,1130.05828168285,1,1,0
2026-08-05 12:00:00,12151.8,2469.24,2509.21,2648.58,2692.01,2359.41,2412.12,2404.75,2443.55,2373.25,2411.27,45.54,30.76,880.46,873.59,5.25,90.85,True,12,0,5,8,2,7790.4,7143.0,9028.4,2724.2434472711852,1,0,1
2026-08-05 12:15:00,10227.6,2051.45,2083.32,2109.21,2141.82,2013.35,2056.15,2016.07,2046.92,2101.67,2134.18,50.55,31.24,785.66,783.23,6.0,87.61,True,12,15,5,8,2,12151.8,7790.4,10056.6,2185.7225899001896,1,0,1
2026-08-05 12:30:00,9185.4,1848.47,1876.04,1966.33,1996.0,1841.26,1878.85,1803.97,1830.88,1806.16,1833.11,47.4,31.45,684.69,677.16,6.5,89.03,True,12,30,5,8,2,10227.6,12151.8,10521.6,1504.8950926891864,1,0,1
2026-08-05 12:45:00,11598.6,2405.36,2444.15,2439.36,2478.54,2254.68,2304.29,2318.74,2355.89,2333.1,2370.42,46.29,31.49,833.31,830.16,7.25,91.92,True,12,45,5,8,2,9185.4,10227.6,10337.199999999999,1210.3275093956988,1,0,1
2026-08-05 13:00:00,12631.2,2581.35,2623.76,2698.87,2743.05,2365.91,2418.77,2557.3,2599.07,2601.24,2643.34,50.74,32.1,994.15,977.34,8.25,85.58,True,13,0,5,8,2,11598.6,9185.4,11138.400000000001,1768.3954422017714,1,0,1
2026-08-05 13:15:00,12013.8,2177.81,2211.89,2410.26,2449.06,2443.78,2498.96,2327.48,2364.99,2411.75,2450.34,54.77,32.24,1019.14,1003.12,9.0,80.85,True,13,15,5,8,2,12631.2,11598.6,12081.199999999999,519.5890299072903,1,0,1
2026-08-05 13:30:00,11068.8,2227.6,2262.91,2274.51,2310.72,2136.94,2183.37,2251.22,2286.76,2132.38,2165.56,55.11,32.6,890.42,876.72,9.75,85.39,True,13,30,5,8,2,12013.8,12631.2,11904.6,786.9033739920037,1,0,1
2026-08-05 13:45:00,12190.8,2372.39,2411.06,2460.17,2500.35,2475.54,2531.91,2416.88,2456.23,2534.16,2575.88,51.74,32.62,962.78,943.48,10.5,85.67,True,13,45,5,8,2,11068.8,12013.8,11757.799999999997,603.2188657527198,1,0,1
2026-08-05 14:00:00,10629.0,2058.07,2090.73,2121.9,2155.56,2398.43,2452.77,2013.32,2045.0,2245.7,2282.02,52.99,32.78,1011.08,994.6,11.5,71.52,True,14,0,5,8,2,12190.8,11068.8,11296.199999999999,805.3495390201662,1,0,1
2026-08-05 14:15:00,10929.6,2155.34,2189.44,2107.38,2140.59,2243.48,2293.4,2318.81,2356.22,2322.74,2359.94,49.92,32.77,850.62,841.87,12.25,86.23,True,14,15,5,8,2,10629.0,12190.8,11249.799999999997,828.6741458498591,1,0,1
2026-08-05 14:30:00,8275.2,1739.3,1765.27,1816.05,1843.44,1797.96,1835.78,1619.66,1643.27,1568.06,1590.65,50.12,32.95,707.17,705.34,12.75,78.6,True,14,30,5,8,2,10929.6,10629.0,9944.6,1453.5344371565407,1,0,1
2026-08-05 14:45:00,7563.21,1432.25,1452.11,1497.84,1519.07,1532.4,1562.11,1516.66,1538.02,1521.98,1543.32,47.26,32.97,577.72,573.46,13.25,86.83,True,14,45,5,8,2,8275.2,10929.6,8922.67,1774.1359752566796,1,0,1
2026-08-05 15:00:00,10162.8,2005.36,2036.44,2012.27,2043.92,2011.59,2054.69,2062.91,2095.19,2178.13,2212.77,47.56,33.32,767.43,756.02,14.0,87.95,True,15,0,5,8,2,7563.21,8275.2,8667.07,1343.3683838396541,1,0,1
2026-08-05 15:15:00,7317.6,1419.73,1439.29,1439.88,1460.02,1476.82,1505.16,1425.64,1445.06,1552.84,1574.96,48.0,33.22,602.56,594.87,14.5,80.81,True,15,15,5,8,2,10162.8,7563.21,8347.87,1576.5656493466931,1,0,1
2026-08-05 15:30:00,5845.2,1038.61,1051.75,1134.74,1149.18,1361.77,1387.05,1089.76,1103.62,1245.73,1262.31,43.89,32.69,511.22,502.02,15.0,74.73,True,15,30,5,8,2,7317.6,10162.8,7775.2,2194.872606781531,1,0,1
2026-08-05 15:45:00,3273.6,642.74,650.41,665.0,672.95,668.43,679.44,656.15,663.93,691.53,699.71,40.75,32.34,248.37,250.24,15.0,84.99,True,15,45,5,8,2,5845.2,7317.6,5478.8,2046.7463741264878,1,0,1
2026-08-05 16:00:00,3540.0,659.92,667.85,710.51,719.01,702.69,714.07,692.11,700.44,699.24,707.62,38.24,32.15,256.19,249.02,15.25,88.16,True,16,0,5,8,2,3273.6,5845.2,4219.599999999999,1414.0982144108334,1,0,1
2026-08-05 16:15:00,2350.8,461.54,467.57,483.74,490.06,479.22,487.23,467.11,473.21,480.36,486.64,34.91,31.59,167.69,164.6,15.5,88.2,True,16,15,5,8,2,3540.0,3273.6,3054.7999999999997,624.0626891586236,1,0,1
2026-08-05 16:30:00,2353.5,453.79,459.72,478.17,484.42,492.09,500.29,462.04,468.08,481.44,487.74,34.43,31.4,169.47,164.18,15.75,87.19,True,16,30,5,8,2,2350.8,3540.0,2748.1,685.806845984997,1,0,1
2026-08-05 16:45:00,2362.5,465.35,471.43,481.67,487.97,473.81,481.77,471.84,478.01,485.67,492.02,33.69,31.01,162.17,157.66,15.75,91.19,True,16,45,5,8,2,2353.5,2350.8,2355.6,6.126173347610411,1,0,1
2026-08-05 17:00:00,1526.4,303.61,308.09,314.4,318.9,301.99,307.74,302.88,307.29,310.1,314.55,33.08,30.8,108.46,104.58,16.0,87.87,True,17,0,5,8,2,2362.5,2353.5,2080.8,480.14557167580125,1,0,1
2026-08-05 17:15:00,641.4,124.11,127.14,129.93,132.9,139.75,143.62,127.12,130.18,136.95,140.12,31.57,30.56,51.17,50.33,16.0,77.77,True,17,15,5,8,2,1526.4,2362.5,1510.1000000000001,860.6657713653285,1,0,1
2026-08-05 17:30:00,289.2,60.2,62.52,62.45,64.86,64.26,66.28,61.29,63.65,64.17,66.65,30.27,30.37,24.67,23.77,16.0,72.36,True,17,30,5,8,2,641.4,1526.4,819.0,637.4341377741457,1,0,1
2026-08-05 17:45:00,502.07,108.13,111.03,110.56,113.38,102.81,105.95,109.38,112.24,109.83,112.68,28.3,29.57,32.6,31.16,16.0,94.3,True,17,45,5,8,2,289.2,641.4,477.5566666666667,177.3749915664497,1,0,1
2026-08-05 18:00:00,672.6,134.68,137.35,139.4,142.16,140.8,144.93,136.86,139.57,142.14,144.95,27.65,29.05,51.11,49.71,16.0,80.36,True,18,0,5,8,2,502.07,289.2,487.95666666666665,192.0892491348702,1,0,1
2026-08-05 18:15:00,484.8,97.76,100.83,101.3,104.22,102.14,105.31,98.78,101.75,102.83,105.72,27.72,29.02,39.78,38.28,16.25,74.44,True,18,15,5,8,2,672.6,502.07,553.1566666666666,103.80074967551505,1,0,1
2026-08-05 18:30:00,242.4,51.3,53.28,53.35,55.41,53.64,55.35,51.32,53.3,53.58,55.65,27.85,28.99,22.66,21.54,16.25,65.38,True,18,30,5,8,2,484.8,672.6,466.59999999999997,215.67670249673395,1,0,1
2026-08-05 18:45:00,64.0,10.61,11.02,10.32,10.72,11.92,12.35,10.37,10.77,11.05,11.48,27.29,28.93,6.64,5.95,16.25,58.74,True,18,45,5,8,2,242.4,484.8,263.73333333333335,211.2095957412822,0,0,1
2026-08-05 19:00:00,0.0,0.0,0.0,0.0,0.0,0.0,0.0,0.0,0.0,0.0,0.0,26.92,28.76,0.31,0.12,16.25,0.0,True,19,0,5,8,2,64.0,242.4,102.13333333333333,125.61868226181214,0,0,1
2026-08-05 19:15:00,0.0,0.0,0.0,0.0,0.0,0.0,0.0,0.0,0.0,0.0,0.0,26.3,28.44,0.12,0.09,16.25,0.0,True,19,15,5,8,2,0.0,64.0,21.333333333333332,36.95041722624052,0,0,1
2026-08-05 19:30:00,0.0,0.0,0.0,0.0,0.0,0.0,0.0,0.0,0.0,0.0,0.0,26.42,28.44,0.11,0.08,16.25,0.0,True,19,30,5,8,2,0.0,0.0,0.0,0.0,0,0,1
2026-08-05 19:45:00,0.0,0.0,0.0,0.0,0.0,0.0,0.0,0.0,0.0,0.0,0.0,26.58,28.34,0.16,0.1,16.25,0.0,True,19,45,5,8,2,0.0,0.0,0.0,0.0,0,0,1
2026-08-05 20:00:00,0.0,0.0,0.0,0.0,0.0,0.0,0.0,0.0,0.0,0.0,0.0,26.12,28.38,0.11,0.09,16.25,0.0,True,20,0,5,8,2,0.0,0.0,0.0,0.0,0,0,1
2026-08-05 20:15:00,0.0,0.0,0.0,0.0,0.0,0.0,0.0,0.0,0.0,0.0,0.0,26.06,28.07,0.12,0.09,16.25,0.0,True,20,15,5,8,2,0.0,0.0,0.0,0.0,0,0,1
2026-08-05 20:30:00,0.0,0.0,0.0,0.0,0.0,0.0,0.0,0.0,0.0,0.0,0.0,26.38,28.05,0.1,0.09,16.25,0.0,True,20,30,5,8,2,0.0,0.0,0.0,0.0,0,0,1
2026-08-05 20:45:00,0.0,0.0,0.0,0.0,0.0,0.0,0.0,0.0,0.0,0.0,0.0,25.81,28.28,0.11,0.08,16.25,0.0,True,20,45,5,8,2,0.0,0.0,0.0,0.0,0,0,1
2026-08-05 21:00:00,0.0,0.0,0.0,0.0,0.0,0.0,0.0,0.0,0.0,0.0,0.0,26.09,28.18,0.14,0.1,16.25,0.0,True,21,0,5,8,2,0.0,0.0,0.0,0.0,0,0,1
2026-08-05 21:15:00,0.0,0.0,0.0,0.0,0.0,0.0,0.0,0.0,0.0,0.0,0.0,25.98,28.04,0.16,0.11,16.25,0.0,True,21,15,5,8,2,0.0,0.0,0.0,0.0,0,0,1
2026-08-05 21:30:00,0.0,0.0,0.0,0.0,0.0,0.0,0.0,0.0,0.0,0.0,0.0,26.03,27.9,0.12,0.1,16.25,0.0,True,21,30,5,8,2,0.0,0.0,0.0,0.0,0,0,1
2026-08-05 21:45:00,0.0,0.0,0.0,0.0,0.0,0.0,0.0,0.0,0.0,0.0,0.0,26.0,27.82,0.14,0.11,16.25,0.0,True,21,45,5,8,2,0.0,0.0,0.0,0.0,0,0,1
2026-08-05 22:00:00,0.0,0.0,0.0,0.0,0.0,0.0,0.0,0.0,0.0,0.0,0.0,25.91,28.0,0.14,0.1,16.25,0.0,True,22,0,5,8,2,0.0,0.0,0.0,0.0,0,0,1
2026-08-05 22:15:00,0.0,0.0,0.0,0.0,0.0,0.0,0.0,0.0,0.0,0.0,0.0,25.97,27.87,0.14,0.11,16.25,0.0,True,22,15,5,8,2,0.0,0.0,0.0,0.0,0,0,1
2026-08-05 22:30:00,0.0,0.0,0.0,0.0,0.0,0.0,0.0,0.0,0.0,0.0,0.0,26.02,28.01,0.15,0.11,16.25,0.0,True,22,30,5,8,2,0.0,0.0,0.0,0.0,0,0,1
2026-08-05 22:45:00,0.0,0.0,0.0,0.0,0.0,0.0,0.0,0.0,0.0,0.0,0.0,26.07,27.85,0.14,0.11,16.25,0.0,True,22,45,5,8,2,0.0,0.0,0.0,0.0,0,0,1
2026-08-05 23:00:00,0.0,0.0,0.0,0.0,0.0,0.0,0.0,0.0,0.0,0.0,0.0,26.07,27.81,0.16,0.12,16.25,0.0,True,23,0,5,8,2,0.0,0.0,0.0,0.0,0,0,1
2026-08-05 23:15:00,0.0,0.0,0.0,0.0,0.0,0.0,0.0,0.0,0.0,0.0,0.0,25.51,27.67,0.12,0.1,16.25,0.0,True,23,15,5,8,2,0.0,0.0,0.0,0.0,0,0,1
2026-08-05 23:30:00,0.0,0.0,0.0,0.0,0.0,0.0,0.0,0.0,0.0,0.0,0.0,25.62,27.85,0.12,0.09,16.25,0.0,True,23,30,5,8,2,0.0,0.0,0.0,0.0,0,0,1
2026-08-05 23:45:00,0.0,0.0,0.0,0.0,0.0,0.0,0.0,0.0,0.0,0.0,0.0,25.92,27.85,0.14,0.11,16.25,0.0,True,23,45,5,8,2,0.0,0.0,0.0,0.0,0,0,1
2026-08-06 00:15:00,0.0,0.0,0.0,0.0,0.0,0.0,0.0,0.0,0.0,0.0,0.0,26.49,27.89,0.19,0.13,0.0,0.0,True,0,15,6,8,3,0.0,0.0,0.0,0.0,0,1,0
2026-08-06 00:30:00,0.0,0.0,0.0,0.0,0.0,0.0,0.0,0.0,0.0,0.0,0.0,25.96,28.32,0.16,0.09,0.0,0.0,True,0,30,6,8,3,0.0,0.0,0.0,0.0,0,1,0
2026-08-06 00:45:00,0.0,0.0,0.0,0.0,0.0,0.0,0.0,0.0,0.0,0.0,0.0,26.02,28.57,0.68,0.09,0.0,0.0,True,0,45,6,8,3,0.0,0.0,0.0,0.0,0,1,0
2026-08-06 01:00:00,0.0,0.0,0.0,0.0,0.0,0.0,0.0,0.0,0.0,0.0,0.0,26.35,28.55,0.8,0.1,0.0,0.0,True,1,0,6,8,3,0.0,0.0,0.0,0.0,0,1,0
2026-08-06 01:15:00,0.0,0.0,0.0,0.0,0.0,0.0,0.0,0.0,0.0,0.0,0.0,26.32,28.5,0.3,0.09,0.0,0.0,True,1,15,6,8,3,0.0,0.0,0.0,0.0,0,1,0
2026-08-06 01:30:00,0.0,0.0,0.0,0.0,0.0,0.0,0.0,0.0,0.0,0.0,0.0,26.69,28.12,0.17,0.11,0.0,0.0,True,1,30,6,8,3,0.0,0.0,0.0,0.0,0,1,0
2026-08-06 01:45:00,0.0,0.0,0.0,0.0,0.0,0.0,0.0,0.0,0.0,0.0,0.0,26.5,28.24,0.24,0.1,0.0,0.0,True,1,45,6,8,3,0.0,0.0,0.0,0.0,0,1,0
2026-08-06 02:00:00,0.0,0.0,0.0,0.0,0.0,0.0,0.0,0.0,0.0,0.0,0.0,26.32,28.43,0.36,0.09,0.0,0.0,True,2,0,6,8,3,0.0,0.0,0.0,0.0,0,1,0
2026-08-06 02:15:00,0.0,0.0,0.0,0.0,0.0,0.0,0.0,0.0,0.0,0.0,0.0,25.92,28.49,0.14,0.09,0.0,0.0,True,2,15,6,8,3,0.0,0.0,0.0,0.0,0,1,0
2026-08-06 02:30:00,0.0,0.0,0.0,0.0,0.0,0.0,0.0,0.0,0.0,0.0,0.0,25.83,28.42,0.14,0.1,0.0,0.0,True,2,30,6,8,3,0.0,0.0,0.0,0.0,0,1,0
2026-08-06 02:45:00,0.0,0.0,0.0,0.0,0.0,0.0,0.0,0.0,0.0,0.0,0.0,26.22,28.31,0.27,0.09,0.0,0.0,True,2,45,6,8,3,0.0,0.0,0.0,0.0,0,1,0
2026-08-06 03:00:00,0.0,0.0,0.0,0.0,0.0,0.0,0.0,0.0,0.0,0.0,0.0,25.61,28.16,0.12,0.07,0.0,0.0,True,3,0,6,8,3,0.0,0.0,0.0,0.0,0,1,0
2026-08-06 03:15:00,0.0,0.0,0.0,0.0,0.0,0.0,0.0,0.0,0.0,0.0,0.0,26.06,28.13,0.39,0.09,0.0,0.0,True,3,15,6,8,3,0.0,0.0,0.0,0.0,0,1,0
2026-08-06 03:30:00,0.0,0.0,0.0,0.0,0.0,0.0,0.0,0.0,0.0,0.0,0.0,25.77,28.21,0.75,0.08,0.0,0.0,True,3,30,6,8,3,0.0,0.0,0.0,0.0,0,1,0
2026-08-06 03:45:00,0.0,0.0,0.0,0.0,0.0,0.0,0.0,0.0,0.0,0.0,0.0,26.27,28.21,0.46,0.1,0.0,0.0,True,3,45,6,8,3,0.0,0.0,0.0,0.0,0,1,0
2026-08-06 04:00:00,0.0,0.0,0.0,0.0,0.0,0.0,0.0,0.0,0.0,0.0,0.0,26.8,28.19,0.25,0.09,0.0,0.0,True,4,0,6,8,3,0.0,0.0,0.0,0.0,0,1,0
2026-08-06 04:15:00,0.0,0.0,0.0,0.0,0.0,0.0,0.0,0.0,0.0,0.0,0.0,26.96,28.16,0.27,0.09,0.0,0.0,True,4,15,6,8,3,0.0,0.0,0.0,0.0,0,1,0
2026-08-06 04:30:00,0.0,0.0,0.0,0.0,0.0,0.0,0.0,0.0,0.0,0.0,0.0,26.9,28.0,0.13,0.1,0.0,0.0,True,4,30,6,8,3,0.0,0.0,0.0,0.0,0,1,0
2026-08-06 04:45:00,0.0,0.0,0.0,0.0,0.0,0.0,0.0,0.0,0.0,0.0,0.0,26.69,28.13,0.27,0.1,0.0,0.0,True,4,45,6,8,3,0.0,0.0,0.0,0.0,0,1,0
2026-08-06 05:00:00,0.0,0.0,0.0,0.0,0.0,0.0,0.0,0.0,0.0,0.0,0.0,26.91,28.09,0.36,0.09,0.0,0.0,True,5,0,6,8,3,0.0,0.0,0.0,0.0,0,1,0
2026-08-06 05:15:00,0.0,0.0,0.0,0.0,0.0,0.0,0.0,0.0,0.0,0.0,0.0,26.69,27.98,0.17,0.08,0.0,0.0,True,5,15,6,8,3,0.0,0.0,0.0,0.0,0,1,0
2026-08-06 05:30:00,0.0,0.0,0.0,0.0,0.0,0.0,0.0,0.0,0.0,0.0,0.0,26.83,27.98,0.14,0.09,0.0,0.0,True,5,30,6,8,3,0.0,0.0,0.0,0.0,0,1,0
2026-08-06 05:45:00,0.0,0.0,0.0,0.0,0.0,0.0,0.0,0.0,0.0,0.0,0.0,26.49,27.79,0.14,0.09,0.0,0.0,True,5,45,6,8,3,0.0,0.0,0.0,0.0,0,1,0
2026-08-06 06:00:00,9.0,0.0,0.0,0.0,0.0,2.92,3.03,2.44,2.54,2.67,2.77,26.21,27.63,1.64,1.18,0.0,17.58,True,6,0,6,8,3,0.0,0.0,3.0,5.196152422706632,0,1,0
2026-08-06 06:15:00,90.64,0.0,0.0,0.0,0.0,42.53,43.82,41.09,42.27,42.8,44.03,25.74,27.74,16.22,15.3,0.0,33.87,True,6,15,6,8,3,9.0,0.0,33.21333333333333,49.93612453257995,0,1,0
2026-08-06 06:30:00,704.4,0.0,0.0,0.0,0.0,160.52,163.85,152.28,154.54,158.02,160.37,27.16,27.83,56.2,55.35,0.0,76.39,True,6,30,6,8,3,90.64,9.0,268.0133333333333,380.12006594408206,1,1,0
2026-08-06 06:45:00,1567.38,325.14,329.86,329.17,333.94,339.43,345.67,307.85,312.16,319.35,323.83,29.23,28.13,122.98,128.51,0.0,78.33,True,6,45,6,8,3,704.4,90.64,787.4733333333334,741.8666598070932,1,1,0
2026-08-06 07:00:00,1875.6,373.97,379.35,401.93,407.54,382.46,389.26,377.54,382.87,380.61,385.9,30.17,28.45,142.53,157.64,0.25,81.19,True,7,0,6,8,3,1567.38,704.4,1382.46,607.1028865027739,1,1,0
2026-08-06 07:15:00,1402.2,319.13,323.51,318.99,323.38,323.87,329.89,283.34,287.34,298.5,302.79,31.01,28.6,126.3,136.25,0.25,68.73,True,7,15,6,8,3,1875.6,1567.38,1615.0600000000002,240.2746903025783,1,1,0
2026-08-06 07:30:00,4482.6,876.46,886.9,925.5,936.54,890.68,905.42,919.47,930.45,934.79,946.11,32.38,28.91,302.5,325.38,0.5,92.26,True,7,30,6,8,3,1402.2,1875.6,2586.8,1658.7857366157937,1,1,0
2026-08-06 07:45:00,2859.0,494.47,500.78,518.65,525.13,679.16,690.35,543.27,550.05,624.29,631.88,35.8,29.35,247.95,258.2,0.75,72.81,True,7,45,6,8,3,4482.6,1402.2,2914.6000000000004,1540.9524846665456,1,1,0
2026-08-06 08:00:00,3614.4,742.6,751.53,718.87,727.44,727.85,739.7,730.92,739.65,734.43,743.2,34.73,29.19,246.46,253.89,1.0,92.2,True,8,0,6,8,3,2859.0,4482.6,3652.0,812.4528047831456,1,1,0
2026-08-06 08:15:00,3800.57,669.58,677.51,713.7,722.16,868.86,883.08,720.77,729.31,822.13,831.95,37.14,29.59,310.48,318.37,1.25,77.73,True,8,15,6,8,3,3614.4,2859.0,3424.656666666667,498.6385621202329,1,1,0
2026-08-06 08:30:00,3756.0,716.28,724.76,749.18,758.05,806.73,819.69,739.22,747.97,783.26,792.54,38.09,29.59,286.99,291.44,1.5,83.44,True,8,30,6,8,3,3800.57,3614.4,3723.656666666667,97.20795046359618,1,1,0
2026-08-06 08:45:00,4546.2,884.51,895.06,921.75,932.75,956.34,972.17,905.13,915.93,945.29,956.58,37.17,29.73,335.88,339.27,2.0,85.96,True,8,45,6,8,3,3756.0,3800.57,4034.2566666666667,443.91564923229777,1,1,0
2026-08-06 09:00:00,4910.79,957.53,968.96,992.51,1004.48,1006.41,1023.22,973.07,984.72,1008.59,1020.84,38.48,29.89,356.28,358.4,2.25,88.03,True,9,0,6,8,3,4546.2,3756.0,4404.330000000001,590.3222075273799,1,1,0
2026-08-06 09:15:00,5450.79,1081.24,1094.92,1110.53,1124.7,1080.92,1099.24,1093.36,1107.31,1118.25,1132.52,38.82,30.06,384.28,386.18,2.75,90.71,True,9,15,6,8,3,4910.79,4546.2,4969.26,455.1206682847956,1,1,0
2026-08-06 09:30:00,6253.8,1198.26,1213.55,1241.62,1257.46,1279.05,1301.7,1244.2,1260.08,1307.81,1324.5,38.48,30.16,443.4,445.33,3.0,90.07,True,9,30,6,8,3,5450.79,4910.79,5538.46,675.7836093750706,1,1,0
2026-08-06 09:45:00,4807.2,920.25,931.29,951.46,962.91,988.75,1005.24,951.6,963.09,994.4,1006.52,38.54,30.13,360.46,361.61,3.5,85.19,True,9,45,6,8,3,6253.8,5450.79,5503.93,724.7625712604082,1,1,0
2026-08-06 10:00:00,4818.0,913.16,924.05,949.6,960.93,1005.61,1022.41,948.54,959.86,996.04,1008.07,38.14,30.09,355.66,356.48,3.75,86.39,True,10,0,6,8,3,4807.2,6253.8,5293.0,832.0947301840091,1,1,0
2026-08-06 10:15:00,4816.29,937.34,948.81,967.59,979.44,1000.37,1017.19,958.09,969.82,1012.03,1024.45,37.91,30.15,346.47,348.4,4.0,88.56,True,10,15,6,8,3,4818.0,4807.2,4813.830000000001,5.805058139246271,1,1,0
2026-08-06 10:30:00,7796.4,1509.03,1529.77,1560.02,1582.15,1608.06,1639.28,1546.71,1568.58,1654.26,1678.18,40.33,30.35,571.45,577.08,4.5,87.82,True,10,30,6,8,3,4816.29,4818.0,5810.23,1720.0738887326895,1,1,0
2026-08-06 10:45:00,7319.4,1318.12,1335.4,1403.49,1421.87,1679.52,1712.54,1415.58,1434.39,1562.61,1583.79,44.68,30.96,603.58,602.63,5.0,79.53,True,10,45,6,8,3,7796.4,4816.29,6644.03,1600.736511953168,1,1,0
2026-08-06 11:00:00,8839.8,1571.14,1593.01,1910.11,1939.27,2257.3,2307.04,1563.56,1585.65,1608.87,1631.83,46.6,31.58,848.31,850.58,5.75,68.91,True,11,0,6,8,3,7319.4,7796.4,7985.2,777.5847992341354,1,1,0
2026-08-06 11:15:00,11353.2,2294.33,2330.47,2436.71,2475.37,2316.38,2367.82,2315.28,2351.56,2344.0,2380.85,50.12,31.9,923.81,930.62,6.5,82.55,True,11,15,6,8,3,8839.8,7319.4,9170.800000000001,2037.168711717316,1,1,0
2026-08-06 11:30:00,10326.86,1649.58,1673.19,1801.59,1828.34,2496.64,2553.08,1833.43,1860.38,2249.07,2284.39,53.52,32.57,1093.5,1088.86,7.25,64.41,True,11,30,6,8,3,11353.2,8839.8,10173.286666666667,1263.7181119748655,1,1,0
2026-08-06 11:45:00,8174.57,1552.57,1573.81,1617.36,1640.43,1762.88,1798.25,1601.41,1624.02,1723.73,1749.24,49.97,31.98,671.63,666.4,7.75,81.7,True,11,45,6,8,3,10326.86,11353.2,9951.543333333333,1622.2111821317587,1,1,0
2026-08-06 12:00:00,8316.64,1556.02,1577.82,1574.91,1597.2,1791.95,1828.19,1644.66,1668.08,1757.04,1783.27,46.87,32.1,666.12,657.55,8.25,82.66,True,12,0,6,8,3,8174.57,10326.86,8939.356666666667,1203.710968726846,1,0,1
2026-08-06 12:15:00,4706.4,974.49,986.71,982.18,994.5,922.68,938.14,948.29,960.11,990.27,1002.92,42.25,31.6,336.39,338.26,8.75,90.8,True,12,15,6,8,3,8316.64,8174.57,7065.87,2044.5953100552686,1,0,1
2026-08-06 12:30:00,9625.8,1806.12,1833.07,1902.96,1931.5,2076.59,2121.05,1899.51,1928.26,2041.96,2073.38,40.72,31.61,762.66,758.42,9.25,81.37,True,12,30,6,8,3,4706.4,8316.64,7549.613333333332,2547.817010802253,1,0,1
2026-08-06 12:45:00,8805.0,1694.96,1720.24,1801.32,1828.2,1828.51,1865.74,1737.26,1763.18,1802.15,1829.03,45.69,32.0,672.24,666.97,10.0,86.28,True,12,45,6,8,3,9625.8,4706.4,7712.399999999999,2635.4231462897937,1,0,1
2026-08-06 13:00:00,8754.43,1640.53,1664.78,1734.39,1760.27,1889.48,1928.47,1708.0,1733.48,1827.43,1854.69,46.66,32.51,697.84,693.35,10.5,82.99,True,13,0,6,8,3,8805.0,9625.8,9061.743333333332,489.1413636499406,1,0,1
2026-08-06 13:15:00,7405.8,1393.6,1411.38,1454.06,1472.85,1551.55,1581.2,1455.2,1474.24,1534.2,1554.75,45.98,32.28,576.29,574.31,11.0,84.76,True,13,15,6,8,3,8754.43,8805.0,8321.743333333334,793.6330850168259,1,0,1
2026-08-06 13:30:00,10593.6,2214.61,2248.97,2269.48,2305.08,1997.96,2040.17,2146.66,2179.65,2208.38,2242.91,44.33,32.12,764.13,755.68,11.75,90.78,True,13,30,6,8,3,7405.8,8754.43,8917.943333333335,1600.1780112329138,1,0,1
2026-08-06 13:45:00,10228.5,1789.06,1815.59,1899.19,1927.8,2307.0,2358.09,2001.2,2031.46,2308.46,2345.12,52.45,32.9,981.85,961.38,12.5,70.71,True,13,45,6,8,3,10593.6,7405.8,9409.300000000001,1744.6586170365792,1,0,1
2026-08-06 14:00:00,10782.0,2126.29,2159.86,2129.19,2162.68,2226.32,2275.15,2179.89,2214.45,2398.49,2437.28,50.62,32.62,867.18,843.27,13.25,83.7,True,14,0,6,8,3,10228.5,10593.6,10534.699999999999,281.41156692642653,1,0,1
2026-08-06 14:15:00,11749.8,2308.97,2345.9,2394.93,2433.64,2453.7,2509.05,2325.75,2362.78,2527.39,2568.31,52.78,33.16,999.7,978.43,14.0,79.89,True,14,15,6,8,3,10782.0,10228.5,10920.099999999999,769.9948895934217,1,0,1
2026-08-06 14:30:00,6383.4,1193.31,1209.13,1287.87,1305.49,1365.29,1391.23,1237.78,1254.53,1286.28,1303.28,50.57,33.09,603.85,599.76,14.5,71.15,True,14,30,6,8,3,11749.8,10782.0,9638.4,2860.1447445889853,1,0,1
2026-08-06 14:45:00,8412.0,1724.54,1750.82,1915.29,1945.19,1588.67,1620.68,1632.13,1656.15,1676.18,1701.0,46.09,33.2,561.54,532.56,15.25,98.85,True,14,45,6,8,3,6383.4,11749.8,8848.4,2709.6855832365486,1,0,1
2026-08-06 15:00:00,9241.8,1718.57,1743.95,1919.52,1948.96,1959.29,2000.96,1804.58,1831.9,1975.86,2006.78,47.02,33.43,814.62,790.14,15.75,75.17,True,15,0,6,8,3,8412.0,6383.4,8012.399999999999,1470.5008534509595,1,0,1
2026-08-06 15:15:00,9813.6,1882.18,1910.97,1981.22,2012.01,1977.44,2019.62,1995.21,2026.3,2014.9,2046.5,47.66,33.49,759.41,745.63,16.5,85.86,True,15,15,6,8,3,9241.8,8412.0,9155.799999999997,704.7465076181621,1,0,1
2026-08-06 15:30:00,6080.79,1143.41,1157.92,1227.49,1243.31,1230.32,1252.4,1116.21,1130.1,1173.83,1188.99,46.81,33.39,484.51,472.85,16.75,83.08,True,15,30,6,8,3,9813.6,9241.8,8378.729999999998,2010.506153360391,1,0,1
2026-08-06 15:45:00,6165.6,1139.13,1153.4,1225.58,1241.09,1292.16,1315.2,1212.42,1227.78,1275.34,1291.61,43.9,33.24,474.53,462.41,17.25,84.92,True,15,45,6,8,3,6080.79,9813.6,7353.329999999999,2131.0782572913636,1,0,1
2026-08-06 16:00:00,4183.07,802.57,812.09,841.28,851.34,831.93,845.39,828.28,838.17,853.64,863.84,41.23,32.97,300.91,294.79,17.5,89.82,True,16,0,6,8,3,6165.6,6080.79,5476.486666666667,1120.9340699761642,1,0,1
2026-08-06 16:15:00,3226.2,624.95,632.31,649.01,656.68,640.48,650.97,639.63,647.18,664.42,672.28,38.76,32.71,226.47,226.44,17.75,91.09,True,16,15,6,8,3,4183.07,6165.6,4524.956666666666,1499.2274542688074,1,0,1
2026-08-06 16:30:00,2730.21,534.3,540.79,555.91,562.48,544.43,553.41,545.31,551.87,562.94,569.54,37.02,32.62,190.14,191.32,18.0,91.14,True,16,30,6,8,3,3226.2,4183.07,3379.826666666666,738.5129717434412,1,0,1
2026-08-06 16:45:00,2337.0,455.02,461.01,472.49,478.67,466.04,473.91,464.72,470.79,480.92,487.18,35.98,32.44,162.88,164.85,18.25,90.67,True,16,45,6,8,3,2730.21,3226.2,2764.4699999999993,445.58890325051425,1,0,1
2026-08-06 17:00:00,1933.2,376.83,382.29,391.03,396.63,385.93,392.82,384.39,389.95,398.48,404.12,35.1,32.28,135.63,138.13,18.25,89.75,True,17,0,6,8,3,2337.0,2730.21,2333.4699999999993,398.51672574685824,1,0,1
2026-08-06 17:15:00,1676.4,327.19,331.94,340.44,345.38,336.6,342.81,334.0,338.85,345.97,350.99,33.73,32.16,119.04,120.97,18.5,88.17,True,17,15,6,8,3,1933.2,2337.0,1982.1999999999996,333.01477444701584,1,0,1
2026-08-06 17:30:00,1314.6,254.68,258.37,265.14,268.98,264.06,269.24,261.31,265.1,270.59,274.52,33.65,32.11,95.71,96.64,18.5,85.96,True,17,30,6,8,3,1676.4,1933.2,1641.3999999999994,310.7816596905248,1,0,1
2026-08-06 17:45:00,1042.2,203.94,207.56,212.89,216.41,212.85,217.7,208.28,211.83,216.47,219.9,32.69,32.02,76.67,77.03,18.5,84.74,True,17,45,6,8,3,1314.6,1676.4,1344.3999999999994,318.1484559132692,1,0,1
2026-08-06 18:00:00,858.6,166.38,169.67,173.64,177.07,174.76,179.32,171.45,174.84,178.03,181.55,32.06,31.89,63.86,63.94,18.75,83.59,True,18,0,6,8,3,1042.2,1314.6,1071.7999999999995,229.436527170365,1,0,1
2026-08-06 18:15:00,448.8,85.24,87.94,89.68,92.39,95.28,98.22,91.24,93.95,95.32,98.15,31.37,31.73,37.08,36.79,18.75,75.04,True,18,15,6,8,3,858.6,1042.2,783.1999999999994,303.80052666181814,1,0,1
2026-08-06 18:30:00,92.57,18.5,19.22,19.14,19.88,26.99,27.89,21.29,22.11,24.19,25.12,30.55,31.55,11.85,11.75,18.75,48.26,True,18,30,6,8,3,448.8,858.6,466.65666666666607,383.3270609196954,0,0,1
2026-08-06 18:45:00,25.5,4.3,4.47,3.9,4.05,5.95,6.2,5.48,5.69,5.19,5.4,29.65,30.5,2.66,2.63,18.75,31.93,True,18,45,6,8,3,92.57,448.8,188.95666666666605,227.51596566687837,0,0,1
2026-08-06 19:00:00,0.0,0.0,0.0,0.0,0.0,0.0,0.0,0.0,0.0,0.0,0.0,26.69,28.31,0.07,0.07,18.75,0.0,True,19,0,6,8,3,25.5,92.57,39.35666666666606,47.81533889174454,0,0,1
2026-08-06 19:15:00,0.0,0.0,0.0,0.0,0.0,0.0,0.0,0.0,0.0,0.0,0.0,26.79,28.61,0.54,0.25,18.75,0.0,True,19,15,6,8,3,0.0,25.5,8.499999999999394,14.722431864304369,0,0,1
2026-08-06 19:30:00,0.0,0.0,0.0,0.0,0.0,0.0,0.0,0.0,0.0,0.0,0.0,26.76,28.57,0.43,0.09,18.75,0.0,True,19,30,6,8,3,0.0,0.0,0.0,0.0,0,0,1
2026-08-06 19:45:00,0.0,0.0,0.0,0.0,0.0,0.0,0.0,0.0,0.0,0.0,0.0,25.82,28.19,0.14,0.1,18.75,0.0,True,19,45,6,8,3,0.0,0.0,0.0,0.0,0,0,1
2026-08-06 20:00:00,0.0,0.0,0.0,0.0,0.0,0.0,0.0,0.0,0.0,0.0,0.0,25.33,28.17,0.11,0.07,18.75,0.0,True,20,0,6,8,3,0.0,0.0,0.0,0.0,0,0,1
2026-08-06 20:15:00,0.0,0.0,0.0,0.0,0.0,0.0,0.0,0.0,0.0,0.0,0.0,25.9,28.23,0.12,0.1,18.75,0.0,True,20,15,6,8,3,0.0,0.0,0.0,0.0,0,0,1
2026-08-06 20:30:00,0.0,0.0,0.0,0.0,0.0,0.0,0.0,0.0,0.0,0.0,0.0,26.51,28.31,0.12,0.12,18.75,0.0,True,20,30,6,8,3,0.0,0.0,0.0,0.0,0,0,1
2026-08-06 20:45:00,0.0,0.0,0.0,0.0,0.0,0.0,0.0,0.0,0.0,0.0,0.0,26.64,28.19,0.12,0.12,18.75,0.0,True,20,45,6,8,3,0.0,0.0,0.0,0.0,0,0,1
2026-08-06 21:00:00,0.0,0.0,0.0,0.0,0.0,0.0,0.0,0.0,0.0,0.0,0.0,26.16,28.05,0.16,0.11,18.75,0.0,True,21,0,6,8,3,0.0,0.0,0.0,0.0,0,0,1
2026-08-06 21:15:00,0.0,0.0,0.0,0.0,0.0,0.0,0.0,0.0,0.0,0.0,0.0,26.46,28.11,0.28,0.11,18.75,0.0,True,21,15,6,8,3,0.0,0.0,0.0,0.0,0,0,1
2026-08-06 21:30:00,0.0,0.0,0.0,0.0,0.0,0.0,0.0,0.0,0.0,0.0,0.0,26.55,28.23,0.13,0.1,18.75,0.0,True,21,30,6,8,3,0.0,0.0,0.0,0.0,0,0,1
2026-08-06 21:45:00,0.0,0.0,0.0,0.0,0.0,0.0,0.0,0.0,0.0,0.0,0.0,26.8,28.32,0.18,0.12,18.75,0.0,True,21,45,6,8,3,0.0,0.0,0.0,0.0,0,0,1
2026-08-06 22:00:00,0.0,0.0,0.0,0.0,0.0,0.0,0.0,0.0,0.0,0.0,0.0,26.9,28.3,0.33,0.12,18.75,0.0,True,22,0,6,8,3,0.0,0.0,0.0,0.0,0,0,1
2026-08-06 22:15:00,0.0,0.0,0.0,0.0,0.0,0.0,0.0,0.0,0.0,0.0,0.0,27.05,28.59,0.13,0.12,18.75,0.0,True,22,15,6,8,3,0.0,0.0,0.0,0.0,0,0,1
2026-08-06 22:30:00,0.0,0.0,0.0,0.0,0.0,0.0,0.0,0.0,0.0,0.0,0.0,26.93,28.95,0.13,0.12,18.75,0.0,True,22,30,6,8,3,0.0,0.0,0.0,0.0,0,0,1
2026-08-06 22:45:00,0.0,0.0,0.0,0.0,0.0,0.0,0.0,0.0,0.0,0.0,0.0,26.98,28.78,0.18,0.11,18.75,0.0,True,22,45,6,8,3,0.0,0.0,0.0,0.0,0,0,1
2026-08-06 23:00:00,0.0,0.0,0.0,0.0,0.0,0.0,0.0,0.0,0.0,0.0,0.0,26.95,28.65,0.13,0.11,18.75,0.0,True,23,0,6,8,3,0.0,0.0,0.0,0.0,0,0,1
2026-08-06 23:15:00,0.0,0.0,0.0,0.0,0.0,0.0,0.0,0.0,0.0,0.0,0.0,27.12,28.54,0.13,0.12,18.75,0.0,True,23,15,6,8,3,0.0,0.0,0.0,0.0,0,0,1
2026-08-06 23:30:00,0.0,0.0,0.0,0.0,0.0,0.0,0.0,0.0,0.0,0.0,0.0,26.94,28.52,0.12,0.11,18.75,0.0,True,23,30,6,8,3,0.0,0.0,0.0,0.0,0,0,1
2026-08-06 23:45:00,0.0,0.0,0.0,0.0,0.0,0.0,0.0,0.0,0.0,0.0,0.0,26.83,28.87,0.12,0.11,18.75,0.0,True,23,45,6,8,3,0.0,0.0,0.0,0.0,0,0,1
