block_hour,horizon_min,kt_now,final_forecast_kw,residual_kw,date
7.0,15.0,0.26939585107442826,461.4568847519543,71.2831152480457,2026-07-01
7.25,30.0,0.26939585107442826,619.8152206274592,173.07477937254077,2026-07-01
7.5,45.0,0.26939585107442826,786.283657032259,233.20634296774097,2026-07-01
7.75,60.0,0.26939585107442826,954.9867888488888,212.40321115111135,2026-07-01
8.0,75.0,0.26939585107442826,1122.935287349485,134.07471265051504,2026-07-01
8.25,90.0,0.26939585107442826,1290.4371131584064,467.9128868415935,2026-07-01
8.5,105.0,0.26939585107442826,1456.9425141013078,641.8474858986922,2026-07-01
8.75,120.0,0.26939585107442826,1611.3238349745554,1107.5161650254447,2026-07-01
9.0,135.0,0.26939585107442826,1762.799796172421,2768.1102038275785,2026-07-01
9.25,150.0,0.26939585107442826,1909.17483574486,1456.01516425514,2026-07-01
9.5,165.0,0.26939585107442826,2051.1655767375423,2132.924423262458,2026-07-01
9.75,180.0,0.26939585107442826,2165.2575538644,3871.1724461356002,2026-07-01
10.0,195.0,0.26939585107442826,2268.6208633485858,2405.2191366514144,2026-07-01
10.25,210.0,0.26939585107442826,2367.912121560947,4676.857878439054,2026-07-01
10.5,225.0,0.26939585107442826,2464.6204367615105,1761.9195632384894,2026-07-01
10.75,240.0,0.26939585107442826,2517.541900657515,1025.2280993424852,2026-07-01
11.0,255.0,0.26939585107442826,2552.973737138269,1750.1762628617307,2026-07-01
11.25,270.0,0.26939585107442826,2576.9511895090354,2619.028810490964,2026-07-01
11.5,285.0,0.26939585107442826,2596.0829373255424,3743.3270626744575,2026-07-01
11.75,300.0,0.26939585107442826,2580.7910653003087,2790.5989346996917,2026-07-01
12.0,315.0,0.26939585107442826,2553.2396329293483,1765.570367070652,2026-07-01
12.25,330.0,0.26939585107442826,2519.043479613773,1870.5265203862268,2026-07-01
12.5,345.0,0.26939585107442826,2484.699007696663,2001.640992303337,2026-07-01
12.75,360.0,0.26939585107442826,2443.665428404879,2603.4945715951208,2026-07-01
13.0,375.0,0.26939585107442826,2387.817707992567,1819.232292007433,2026-07-01
13.25,390.0,0.26939585107442826,2322.357437629049,1242.032562370951,2026-07-01
13.5,405.0,0.26939585107442826,2248.1887891468014,1440.6212108531986,2026-07-01
13.75,420.0,0.26939585107442826,2185.3963572634034,2151.7736427365967,2026-07-01
14.0,435.0,0.26939585107442826,2110.590985136203,1646.079014863797,2026-07-01
14.25,450.0,0.26939585107442826,2026.025248017546,1052.8747519824542,2026-07-01
14.5,465.0,0.26939585107442826,1939.0652600845017,1569.4747399154983,2026-07-01
14.75,480.0,0.26939585107442826,1850.5528004432267,587.2771995567732,2026-07-01
15.0,495.0,0.26939585107442826,1753.6018341729318,1228.1881658270681,2026-07-01
15.25,510.0,0.26939585107442826,1647.777297044514,1085.652702955486,2026-07-01
15.5,525.0,0.26939585107442826,1537.0636827853814,992.6063172146187,2026-07-01
15.75,540.0,0.26939585107442826,1414.004668974806,1029.645331025194,2026-07-01
16.0,555.0,0.26939585107442826,1286.4192079847928,793.3807920152074,2026-07-01
16.25,570.0,0.26939585107442826,1154.1667172668058,1167.9232827331944,2026-07-01
16.5,585.0,0.26939585107442826,1021.3555936127756,943.4044063872244,2026-07-01
16.75,600.0,0.26939585107442826,877.1531818308922,339.2168181691077,2026-07-01
17.0,615.0,0.26939585107442826,732.956950066318,86.53304993368204,2026-07-01
17.25,630.0,0.26939585107442826,592.0276383003467,173.45236169965335,2026-07-01
17.5,645.0,0.26939585107442826,458.29513126241295,215.92486873758708,2026-07-01
17.75,660.0,0.26939585107442826,335.94134668851007,183.62865331148998,2026-07-01
18.0,675.0,0.26939585107442826,228.1520090778739,152.91799092212608,2026-07-01
18.25,690.0,0.26939585107442826,114.48849422433958,131.63150577566043,2026-07-01
18.5,705.0,0.26939585107442826,25.436304224589804,40.02369577541019,2026-07-01
18.75,720.0,0.26939585107442826,0.3193832533183459,11.250616746681654,2026-07-01
19.0,735.0,0.26939585107442826,0.0,0.0,2026-07-01
8.5,15.0,0.3486111388187625,1735.108450262913,363.6815497370869,2026-07-01
8.75,30.0,0.3486111388187625,1920.1349833100671,798.705016689933,2026-07-01
9.0,45.0,0.3486111388187625,2098.873218821965,2432.0367811780347,2026-07-01
9.25,60.0,0.3486111388187625,2268.6593505415867,1096.5306494584133,2026-07-01
9.5,75.0,0.3486111388187625,2429.1746194592065,1754.9153805407936,2026-07-01
9.75,90.0,0.3486111388187625,2560.99320626515,3475.43679373485,2026-07-01
10.0,105.0,0.3486111388187625,2684.092127059049,1989.7478729409513,2026-07-01
10.25,120.0,0.3486111388187625,2799.900535572156,4244.869464427844,2026-07-01
10.5,135.0,0.3486111388187625,2904.80504501126,1321.73495498874,2026-07-01
10.75,150.0,0.3486111388187625,2961.436571487514,581.3334285124861,2026-07-01
11.0,165.0,0.3486111388187625,3006.7386952093825,1296.4113047906171,2026-07-01
11.25,180.0,0.3486111388187625,3040.0736796295582,2155.9063203704413,2026-07-01
11.5,195.0,0.3486111388187625,3060.7371412238267,3278.672858776173,2026-07-01
11.75,210.0,0.3486111388187625,3044.442884442746,2326.947115557254,2026-07-01
12.0,225.0,0.3486111388187625,3018.335869158408,1300.4741308415923,2026-07-01
12.25,240.0,0.3486111388187625,2982.4957088098618,1407.074291190138,2026-07-01
12.5,255.0,0.3486111388187625,2941.553837808593,1544.7861621914071,2026-07-01
12.75,270.0,0.3486111388187625,2899.3707106420634,2147.7892893579365,2026-07-01
13.0,285.0,0.3486111388187625,2849.9235921750656,1357.1264078249346,2026-07-01
13.25,300.0,0.3486111388187625,2789.518486961248,774.8715130387518,2026-07-01
13.5,315.0,0.3486111388187625,2713.0932099795277,975.7167900204722,2026-07-01
13.75,330.0,0.3486111388187625,2644.216780221147,1692.953219778853,2026-07-01
14.0,345.0,0.3486111388187625,2563.847892745311,1192.822107254689,2026-07-01
14.25,360.0,0.3486111388187625,2470.9937175498835,607.9062824501166,2026-07-01
14.5,375.0,0.3486111388187625,2362.870815078277,1145.6691849217232,2026-07-01
14.75,390.0,0.3486111388187625,2247.502925020826,190.32707497917409,2026-07-01
15.0,405.0,0.3486111388187625,2121.108305045363,860.6816949546369,2026-07-01
15.25,420.0,0.3486111388187625,1988.3403972697813,745.0896027302185,2026-07-01
15.5,435.0,0.3486111388187625,1849.255129328737,680.4148706712631,2026-07-01
15.75,450.0,0.3486111388187625,1691.972230604924,751.677769395076,2026-07-01
16.0,465.0,0.3486111388187625,1532.5195512306918,547.2804487693084,2026-07-01
16.25,480.0,0.3486111388187625,1371.229286156114,950.8607138438861,2026-07-01
16.5,495.0,0.3486111388187625,1207.9254608560525,756.8345391439475,2026-07-01
16.75,510.0,0.3486111388187625,1032.249774783085,184.12022521691483,2026-07-01
17.0,525.0,0.3486111388187625,858.7697278436291,-39.279727843629075,2026-07-01
17.25,540.0,0.3486111388187625,690.6877873199182,74.79221268008178,2026-07-01
17.5,555.0,0.3486111388187625,530.4335714479041,143.7864285520959,2026-07-01
17.75,570.0,0.3486111388187625,383.7238166116034,135.84618338839664,2026-07-01
18.0,585.0,0.3486111388187625,255.28359083405945,125.78640916594054,2026-07-01
18.25,600.0,0.3486111388187625,126.14595318667224,119.97404681332776,2026-07-01
18.5,615.0,0.3486111388187625,28.28817052134001,37.17182947865999,2026-07-01
18.75,630.0,0.3486111388187625,0.3551082401221896,11.21489175987781,2026-07-01
19.0,645.0,0.3486111388187625,0.0,0.0,2026-07-01
10.0,15.0,0.7415588146970755,4874.460015762551,-200.6200157625508,2026-07-01
10.25,30.0,0.7415588146970755,5057.505936038321,1987.2640639616793,2026-07-01
10.5,45.0,0.7415588146970755,5222.37165274336,-995.8316527433599,2026-07-01
10.75,60.0,0.7415588146970755,5314.569447008266,-1771.7994470082663,2026-07-01
11.0,75.0,0.7415588146970755,5362.61624426465,-1059.4662442646504,2026-07-01
11.25,90.0,0.7415588146970755,5379.62313426582,-183.64313426582066,2026-07-01
11.5,105.0,0.7415588146970755,5365.116487182057,974.2935128179424,2026-07-01
11.75,120.0,0.7415588146970755,5285.543058460046,85.84694153995406,2026-07-01
12.0,135.0,0.7415588146970755,5200.5309029633,-881.7209029632995,2026-07-01
12.25,150.0,0.7415588146970755,5101.3670003996685,-711.7970003996688,2026-07-01
12.5,165.0,0.7415588146970755,5020.653934115851,-534.3139341158512,2026-07-01
12.75,180.0,0.7415588146970755,4937.953759558577,109.20624044142278,2026-07-01
13.0,195.0,0.7415588146970755,4842.360248760715,-635.3102487607148,2026-07-01
13.25,210.0,0.7415588146970755,4737.970712451204,-1173.5807124512044,2026-07-01
13.5,225.0,0.7415588146970755,4619.651298508651,-930.8412985086511,2026-07-01
13.75,240.0,0.7415588146970755,4495.200415247521,-158.03041524752098,2026-07-01
14.0,255.0,0.7415588146970755,4362.875383093386,-606.2053830933855,2026-07-01
14.25,270.0,0.7415588146970755,4231.601600418512,-1152.701600418512,2026-07-01
14.5,285.0,0.7415588146970755,4101.8551046687,-593.3151046686999,2026-07-01
14.75,300.0,0.7415588146970755,3963.286408001346,-1525.456408001346,2026-07-01
15.0,315.0,0.7415588146970755,3800.927535143519,-819.137535143519,2026-07-01
15.25,330.0,0.7415588146970755,3598.994485666476,-865.5644856664762,2026-07-01
15.5,345.0,0.7415588146970755,3367.5942792201627,-837.9242792201626,2026-07-01
15.75,360.0,0.7415588146970755,3099.4964735750964,-655.8464735750963,2026-07-01
16.0,375.0,0.7415588146970755,2805.529035371479,-725.7290353714789,2026-07-01
16.25,390.0,0.7415588146970755,2487.163971802306,-165.073971802306,2026-07-01
16.5,405.0,0.7415588146970755,2156.92371412263,-192.16371412262993,2026-07-01
16.75,420.0,0.7415588146970755,1820.778245944367,-604.4082459443671,2026-07-01
17.0,435.0,0.7415588146970755,1491.7814155608542,-672.2914155608541,2026-07-01
17.25,450.0,0.7415588146970755,1173.1280749405437,-407.64807494054367,2026-07-01
17.5,465.0,0.7415588146970755,876.8463085613723,-202.6263085613723,2026-07-01
17.75,480.0,0.7415588146970755,610.544939952113,-90.974939952113,2026-07-01
18.0,495.0,0.7415588146970755,382.7252488403578,-1.6552488403577854,2026-07-01
18.25,510.0,0.7415588146970755,180.3175028934208,65.80249710657921,2026-07-01
18.5,525.0,0.7415588146970755,41.44774255376308,24.012257446236916,2026-07-01
18.75,540.0,0.7415588146970755,0.5180935241900998,11.0519064758099,2026-07-01
19.0,555.0,0.7415588146970755,0.0,0.0,2026-07-01
11.5,15.0,0.5106523697970811,4147.840590199477,2191.5694098005224,2026-07-01
11.75,30.0,0.5106523697970811,4103.886769571787,1267.503230428213,2026-07-01
12.0,45.0,0.5106523697970811,4042.578160080888,276.2318399191122,2026-07-01
12.25,60.0,0.5106523697970811,3977.128070262684,412.4419297373156,2026-07-01
12.5,75.0,0.5106523697970811,3913.698694819641,572.6413051803593,2026-07-01
12.75,90.0,0.5106523697970811,3849.023935760273,1198.1360642397267,2026-07-01
13.0,105.0,0.5106523697970811,3767.026110901403,440.023889098597,2026-07-01
13.25,120.0,0.5106523697970811,3680.8612969222254,-116.47129692222552,2026-07-01
13.5,135.0,0.5106523697970811,3589.3003177146443,99.50968228535567,2026-07-01
13.75,150.0,0.5106523697970811,3506.856006974371,830.3139930256289,2026-07-01
14.0,165.0,0.5106523697970811,3416.912338248042,339.75766175195804,2026-07-01
14.25,180.0,0.5106523697970811,3319.191823084123,-240.29182308412283,2026-07-01
14.5,195.0,0.5106523697970811,3211.467567302984,297.07243269701576,2026-07-01
14.75,210.0,0.5106523697970811,3104.734355742793,-666.9043557427931,2026-07-01
15.0,225.0,0.5106523697970811,2964.278198590804,17.51180140919587,2026-07-01
15.25,240.0,0.5106523697970811,2792.518442105129,-59.08844210512916,2026-07-01
15.5,255.0,0.5106523697970811,2594.019970847467,-64.34997084746692,2026-07-01
15.75,270.0,0.5106523697970811,2373.8343488231103,69.81565117688979,2026-07-01
16.0,285.0,0.5106523697970811,2143.249001024809,-63.449001024808695,2026-07-01
16.25,300.0,0.5106523697970811,1896.6706530592817,425.41934694071847,2026-07-01
16.5,315.0,0.5106523697970811,1636.4533564061833,328.3066435938167,2026-07-01
16.75,330.0,0.5106523697970811,1373.2245077584469,-156.85450775844697,2026-07-01
17.0,345.0,0.5106523697970811,1128.6332504223908,-309.1432504223908,2026-07-01
17.25,360.0,0.5106523697970811,894.9486692499263,-129.46866924992628,2026-07-01
17.5,375.0,0.5106523697970811,673.9301417474976,0.2898582525024267,2026-07-01
17.75,390.0,0.5106523697970811,477.0844554932745,42.485544506725546,2026-07-01
18.0,405.0,0.5106523697970811,307.55850037762093,73.51149962237906,2026-07-01
18.25,420.0,0.5106523697970811,148.33884487574028,97.78115512425973,2026-07-01
18.5,435.0,0.5106523697970811,33.634995507538534,31.82500449246146,2026-07-01
18.75,450.0,0.5106523697970811,0.4211967126712026,11.148803287328798,2026-07-01
19.0,465.0,0.5106523697970811,0.0,0.0,2026-07-01
13.0,15.0,0.5158480700804723,4313.67779010246,-106.62779010245958,2026-07-01
13.25,30.0,0.5158480700804723,4163.163623962759,-598.7736239627588,2026-07-01
13.5,45.0,0.5158480700804723,4010.984160060911,-322.17416006091116,2026-07-01
13.75,60.0,0.5158480700804723,3924.03461591473,413.1353840852703,2026-07-01
14.0,75.0,0.5158480700804723,3820.410040291164,-63.74004029116395,2026-07-01
14.25,90.0,0.5158480700804723,3715.162825405205,-636.2628254052047,2026-07-01
14.5,105.0,0.5158480700804723,3597.4217535153057,-88.88175351530572,2026-07-01
14.75,120.0,0.5158480700804723,3486.105355542298,-1048.2753555422983,2026-07-01
15.0,135.0,0.5158480700804723,3360.1790277557348,-378.3890277557348,2026-07-01
15.25,150.0,0.5158480700804723,3199.6943383154658,-466.2643383154659,2026-07-01
15.5,165.0,0.5158480700804723,3020.3178562737235,-490.6478562737234,2026-07-01
15.75,180.0,0.5158480700804723,2778.5704298330265,-334.92042983302645,2026-07-01
16.0,195.0,0.5158480700804723,2530.7530909808206,-450.95309098082043,2026-07-01
16.25,210.0,0.5158480700804723,2275.977633841687,46.11236615831331,2026-07-01
16.5,225.0,0.5158480700804723,2010.1221464198352,-45.3621464198352,2026-07-01
16.75,240.0,0.5158480700804723,1704.085002451881,-487.7150024518812,2026-07-01
17.0,255.0,0.5158480700804723,1409.1929074516634,-589.7029074516634,2026-07-01
17.25,270.0,0.5158480700804723,1128.662881332987,-363.1828813329869,2026-07-01
17.5,285.0,0.5158480700804723,861.423661195154,-187.20366119515393,2026-07-01
17.75,300.0,0.5158480700804723,602.5912628044279,-83.0212628044278,2026-07-01
18.0,315.0,0.5158480700804723,346.53363792056285,34.53636207943714,2026-07-01
18.25,330.0,0.5158480700804723,150.4706566655574,95.64934333444259,2026-07-01
18.5,345.0,0.5158480700804723,34.18153640774599,31.278463592254006,2026-07-01
18.75,360.0,0.5158480700804723,0.4293447327068647,11.140655267293136,2026-07-01
19.0,375.0,0.5158480700804723,0.0,0.0,2026-07-01
14.5,15.0,0.4498971386847514,3149.767824385348,358.77217561465204,2026-07-01
14.75,30.0,0.4498971386847514,3058.127717974254,-620.2977179742543,2026-07-01
15.0,45.0,0.4498971386847514,2949.871041470433,31.918958529567135,2026-07-01
15.25,60.0,0.4498971386847514,2806.010975875603,-72.58097587560314,2026-07-01
15.5,75.0,0.4498971386847514,2654.076122038097,-124.40612203809678,2026-07-01
15.75,90.0,0.4498971386847514,2457.6792189926737,-14.029218992673577,2026-07-01
16.0,105.0,0.4498971386847514,2246.72738540656,-166.92738540656,2026-07-01
16.25,120.0,0.4498971386847514,2025.8203701981336,296.2696298018666,2026-07-01
16.5,135.0,0.4498971386847514,1800.8760290460195,163.88397095398045,2026-07-01
16.75,150.0,0.4498971386847514,1532.4275817548214,-316.0575817548215,2026-07-01
17.0,165.0,0.4498971386847514,1274.7610133686053,-455.2710133686053,2026-07-01
17.25,180.0,0.4498971386847514,1027.997181165452,-262.51718116545203,2026-07-01
17.5,195.0,0.4498971386847514,791.9976461378226,-117.77764613782256,2026-07-01
17.75,210.0,0.4498971386847514,556.2069262409698,-36.63692624096973,2026-07-01
18.0,225.0,0.4498971386847514,320.41679791114245,60.65320208885754,2026-07-01
18.25,240.0,0.4498971386847514,139.93239357538985,106.18760642461015,2026-07-01
18.5,255.0,0.4498971386847514,31.73172105822408,33.72827894177591,2026-07-01
18.75,270.0,0.4498971386847514,0.3985625452420183,11.171437454757982,2026-07-01
19.0,285.0,0.4498971386847514,0.0,0.0,2026-07-01
16.0,15.0,0.4412217753866803,2221.193469863688,-141.39346986368764,2026-07-01
16.25,30.0,0.4412217753866803,2008.073893919928,314.0161060800722,2026-07-01
16.5,45.0,0.4412217753866803,1789.66735743871,175.09264256128995,2026-07-01
16.75,60.0,0.4412217753866803,1527.137231663228,-310.76723166322813,2026-07-01
17.0,75.0,0.4412217753866803,1272.8130046282224,-453.3230046282224,2026-07-01
17.25,90.0,0.4412217753866803,1025.620139430487,-260.1401394304869,2026-07-01
17.5,105.0,0.4412217753866803,788.8372248639951,-114.61722486399503,2026-07-01
17.75,120.0,0.4412217753866803,554.0546789578672,-34.48467895786712,2026-07-01
18.0,135.0,0.4412217753866803,319.1035959331312,61.96640406686879,2026-07-01
18.25,150.0,0.4412217753866803,139.23248442691502,106.88751557308498,2026-07-01
18.5,165.0,0.4412217753866803,31.475719708701742,33.98428029129825,2026-07-01
18.75,180.0,0.4412217753866803,0.3950108949475197,11.17498910505248,2026-07-01
19.0,195.0,0.4412217753866803,0.0,0.0,2026-07-01
17.5,15.0,0.39022937947106917,742.5489402880326,-68.32894028803253,2026-07-01
17.75,30.0,0.39022937947106917,524.3463919404767,-4.776391940476628,2026-07-01
18.0,45.0,0.39022937947106917,302.65398229106523,78.41601770893476,2026-07-01
18.25,60.0,0.39022937947106917,131.99335565494528,114.12664434505473,2026-07-01
18.5,75.0,0.39022937947106917,29.69601533860065,35.76398466139935,2026-07-01
18.75,90.0,0.39022937947106917,0.3720398001937828,11.197960199806218,2026-07-01
19.0,105.0,0.39022937947106917,0.0,0.0,2026-07-01
7.0,15.0,0.1267992747267746,247.27817172664092,-77.01817172664093,2026-07-02
7.25,30.0,0.1267992747267746,334.7200587118638,-62.160058711863826,2026-07-02
7.5,45.0,0.1267992747267746,429.5857915828751,-48.44579158287513,2026-07-02
7.75,60.0,0.1267992747267746,523.0477988950519,-38.78779889505188,2026-07-02
8.0,75.0,0.1267992747267746,625.4677004648711,-94.03770046487114,2026-07-02
8.25,90.0,0.1267992747267746,733.5426450494025,-137.81264504940248,2026-07-02
8.5,105.0,0.1267992747267746,844.8893622590355,-167.30936225903542,2026-07-02
8.75,120.0,0.1267992747267746,947.6990322864352,-109.82903228643522,2026-07-02
9.0,135.0,0.1267992747267746,1052.794304898095,769.395695101905,2026-07-02
9.25,150.0,0.1267992747267746,1154.5156567815732,643.8243432184267,2026-07-02
9.5,165.0,0.1267992747267746,1257.125869935042,333.1041300649581,2026-07-02
9.75,180.0,0.1267992747267746,1340.9912702230586,329.5787297769414,2026-07-02
10.0,195.0,0.1267992747267746,1420.1101604475475,370.1398395524525,2026-07-02
10.25,210.0,0.1267992747267746,1477.4499752272516,1445.0000247727482,2026-07-02
10.5,225.0,0.1267992747267746,1517.2621469105816,3610.9478530894185,2026-07-02
10.75,240.0,0.1267992747267746,1557.6357914327011,4473.154208567299,2026-07-02
11.0,255.0,0.1267992747267746,1624.1354074937192,3609.5945925062806,2026-07-02
11.25,270.0,0.1267992747267746,1671.8730532149875,3391.1169467850123,2026-07-02
11.5,285.0,0.1267992747267746,1690.7914012974948,2285.908598702505,2026-07-02
11.75,300.0,0.1267992747267746,1683.126213571442,959.993786428558,2026-07-02
12.0,315.0,0.1267992747267746,1666.3645887464656,1079.4454112535343,2026-07-02
12.25,330.0,0.1267992747267746,1626.4355220847624,1865.0544779152374,2026-07-02
12.5,345.0,0.1267992747267746,1599.061399771659,3127.6386002283407,2026-07-02
12.75,360.0,0.1267992747267746,1560.1482786388617,3575.8517213611385,2026-07-02
13.0,375.0,0.1267992747267746,1523.0515945442855,5641.588405455715,2026-07-02
13.25,390.0,0.1267992747267746,1482.9880440525917,4760.101955947408,2026-07-02
13.5,405.0,0.1267992747267746,1445.9437743888268,2988.3462256111734,2026-07-02
13.75,420.0,0.1267992747267746,1396.469883914344,903.140116085656,2026-07-02
14.0,435.0,0.1267992747267746,1350.8927365479592,154.55726345204084,2026-07-02
14.25,450.0,0.1267992747267746,1301.80104659704,729.2889534029598,2026-07-02
14.5,465.0,0.1267992747267746,1253.6597393946051,365.3102606053949,2026-07-02
14.75,480.0,0.1267992747267746,1197.724927165727,898.6250728342729,2026-07-02
15.0,495.0,0.1267992747267746,1134.573584388891,2585.3964156111088,2026-07-02
15.25,510.0,0.1267992747267746,1066.1579351897333,2769.032064810267,2026-07-02
15.5,525.0,0.1267992747267746,997.886555879079,2292.183444120921,2026-07-02
15.75,540.0,0.1267992747267746,914.516415439218,1666.8935845607818,2026-07-02
16.0,555.0,0.1267992747267746,828.3801901301214,1232.9298098698787,2026-07-02
16.25,570.0,0.1267992747267746,733.8400138050658,1384.489986194934,2026-07-02
16.5,585.0,0.1267992747267746,636.2936829339839,1382.276317066016,2026-07-02
16.75,600.0,0.1267992747267746,539.9523040412776,1610.1976959587225,2026-07-02
17.0,615.0,0.1267992747267746,452.75303313262407,1326.706966867376,2026-07-02
17.25,630.0,0.1267992747267746,366.8146817245097,623.2753182754903,2026-07-02
17.5,645.0,0.1267992747267746,281.6233748445618,16.71662515543818,2026-07-02
17.75,660.0,0.1267992747267746,205.3184880861752,-104.4984880861752,2026-07-02
18.0,675.0,0.1267992747267746,138.46333098703656,-94.13333098703656,2026-07-02
18.25,690.0,0.1267992747267746,85.2702574503776,-27.6202574503776,2026-07-02
18.5,705.0,0.1267992747267746,20.663319677150675,5.146680322849324,2026-07-02
18.75,720.0,0.1267992747267746,0.2652001889323824,2.834799811067618,2026-07-02
19.0,735.0,0.1267992747267746,0.0,0.0,2026-07-02
8.5,15.0,0.14181437291093807,834.3169358892762,-156.7369358892762,2026-07-02
8.75,30.0,0.14181437291093807,945.059353531979,-107.18935353197901,2026-07-02
9.0,45.0,0.14181437291093807,1053.2362214901966,768.9537785098034,2026-07-02
9.25,60.0,0.14181437291093807,1155.959162725888,642.3808372741119,2026-07-02
9.5,75.0,0.14181437291093807,1265.1548648837486,325.07513511625143,2026-07-02
9.75,90.0,0.14181437291093807,1357.495112711941,313.074887288059,2026-07-02
10.0,105.0,0.14181437291093807,1429.5922421644536,360.65775783554636,2026-07-02
10.25,120.0,0.14181437291093807,1482.828037837484,1439.6219621625157,2026-07-02
10.5,135.0,0.14181437291093807,1536.497979837216,3591.712020162784,2026-07-02
10.75,150.0,0.14181437291093807,1586.2768252582405,4444.51317474176,2026-07-02
11.0,165.0,0.14181437291093807,1633.2037293598682,3600.5262706401313,2026-07-02
11.25,180.0,0.14181437291093807,1658.6852268171178,3404.304773182882,2026-07-02
11.5,195.0,0.14181437291093807,1678.895705256577,2297.804294743423,2026-07-02
11.75,210.0,0.14181437291093807,1680.932958551703,962.1870414482969,2026-07-02
12.0,225.0,0.14181437291093807,1665.4743398254286,1080.3356601745713,2026-07-02
12.25,240.0,0.14181437291093807,1639.6692136588763,1851.8207863411235,2026-07-02
12.5,255.0,0.14181437291093807,1621.311203921761,3105.3887960782386,2026-07-02
12.75,270.0,0.14181437291093807,1593.5702283314668,3542.4297716685332,2026-07-02
13.0,285.0,0.14181437291093807,1566.2040973520595,5598.435902647941,2026-07-02
13.25,300.0,0.14181437291093807,1539.4186168174965,4703.671383182504,2026-07-02
13.5,315.0,0.14181437291093807,1508.3955963812443,2925.894403618756,2026-07-02
13.75,330.0,0.14181437291093807,1460.3315429494082,839.2784570505919,2026-07-02
14.0,345.0,0.14181437291093807,1404.8642342471226,100.58576575287748,2026-07-02
14.25,360.0,0.14181437291093807,1352.6382011952514,678.4517988047485,2026-07-02
14.5,375.0,0.14181437291093807,1310.3219671035813,308.6480328964187,2026-07-02
14.75,390.0,0.14181437291093807,1261.7480069548444,834.6019930451555,2026-07-02
15.0,405.0,0.14181437291093807,1197.0398158413975,2522.930184158602,2026-07-02
15.25,420.0,0.14181437291093807,1122.7453042375548,2712.444695762445,2026-07-02
15.5,435.0,0.14181437291093807,1047.9884361629963,2242.081563837004,2026-07-02
15.75,450.0,0.14181437291093807,960.9290537486326,1620.4809462513672,2026-07-02
16.0,465.0,0.14181437291093807,867.8381198113376,1193.4718801886625,2026-07-02
16.25,480.0,0.14181437291093807,769.6029244111921,1348.7270755888078,2026-07-02
16.5,495.0,0.14181437291093807,669.4775189781968,1349.092481021803,2026-07-02
16.75,510.0,0.14181437291093807,568.9885499146466,1581.1614500853534,2026-07-02
17.0,525.0,0.14181437291093807,472.9895682108599,1306.47043178914,2026-07-02
17.25,540.0,0.14181437291093807,380.8758548025259,609.2141451974742,2026-07-02
17.5,555.0,0.14181437291093807,293.56850595405706,4.771494045942916,2026-07-02
17.75,570.0,0.14181437291093807,214.0696933857492,-113.2496933857492,2026-07-02
18.0,585.0,0.14181437291093807,143.28338485399786,-98.95338485399786,2026-07-02
18.25,600.0,0.14181437291093807,87.46439430703857,-29.814394307038576,2026-07-02
18.5,615.0,0.14181437291093807,21.22507574364832,4.58492425635168,2026-07-02
18.75,630.0,0.14181437291093807,0.2726733662727332,2.827326633727267,2026-07-02
19.0,645.0,0.14181437291093807,0.0,0.0,2026-07-02
10.0,15.0,0.24730927207979184,1849.925316184804,-59.67531618480393,2026-07-02
10.25,30.0,0.24730927207979184,1926.374157720828,996.0758422791719,2026-07-02
10.5,45.0,0.24730927207979184,1989.6088025673644,3138.6011974326357,2026-07-02
10.75,60.0,0.24730927207979184,2051.819399844382,3978.970600155618,2026-07-02
11.0,75.0,0.24730927207979184,2126.3234221496687,3107.406577850331,2026-07-02
11.25,90.0,0.24730927207979184,2183.237545522353,2879.752454477647,2026-07-02
11.5,105.0,0.24730927207979184,2215.449544387076,1761.2504556129238,2026-07-02
11.75,120.0,0.24730927207979184,2221.918842527372,421.201157472628,2026-07-02
12.0,135.0,0.24730927207979184,2212.884776112284,532.9252238877161,2026-07-02
12.25,150.0,0.24730927207979184,2193.822297885633,1297.6677021143669,2026-07-02
12.5,165.0,0.24730927207979184,2165.3671531972577,2561.332846802742,2026-07-02
12.75,180.0,0.24730927207979184,2124.7762240398915,3011.2237759601085,2026-07-02
13.0,195.0,0.24730927207979184,2089.409012739066,5075.230987260935,2026-07-02
13.25,210.0,0.24730927207979184,2050.045024596994,4193.044975403006,2026-07-02
13.5,225.0,0.24730927207979184,2002.2820778812656,2432.0079221187343,2026-07-02
13.75,240.0,0.24730927207979184,1945.8689480674664,353.74105193253376,2026-07-02
14.0,255.0,0.24730927207979184,1881.044183762008,-375.594183762008,2026-07-02
14.25,270.0,0.24730927207979184,1816.3901688688625,214.69983113113744,2026-07-02
14.5,285.0,0.24730927207979184,1754.766188275995,-135.79618827599506,2026-07-02
14.75,300.0,0.24730927207979184,1682.639537614813,413.71046238518693,2026-07-02
15.0,315.0,0.24730927207979184,1596.0927484467693,2123.8772515532305,2026-07-02
15.25,330.0,0.24730927207979184,1498.940371395291,2336.249628604709,2026-07-02
15.5,345.0,0.24730927207979184,1394.4843140325213,1895.5856859674789,2026-07-02
15.75,360.0,0.24730927207979184,1278.5613594710912,1302.8486405289086,2026-07-02
16.0,375.0,0.24730927207979184,1160.836383228441,900.4736167715589,2026-07-02
16.25,390.0,0.24730927207979184,1028.45713776687,1089.87286223313,2026-07-02
16.5,405.0,0.24730927207979184,889.9840815650132,1128.5859184349868,2026-07-02
16.75,420.0,0.24730927207979184,756.0035682703026,1394.1464317296975,2026-07-02
17.0,435.0,0.24730927207979184,629.2680254060771,1150.191974593923,2026-07-02
17.25,450.0,0.24730927207979184,503.4184676364199,486.6715323635801,2026-07-02
17.5,465.0,0.24730927207979184,382.37664728272256,-84.03664728272258,2026-07-02
17.75,480.0,0.24730927207979184,272.8794401163577,-172.05944011635773,2026-07-02
18.0,495.0,0.24730927207979184,176.92136480743812,-132.59136480743814,2026-07-02
18.25,510.0,0.24730927207979184,102.17968696725735,-44.529686967257355,2026-07-02
18.5,525.0,0.24730927207979184,24.800277387517323,1.0097226124826761,2026-07-02
18.75,540.0,0.24730927207979184,0.3186838203618091,2.781316179638191,2026-07-02
19.0,555.0,0.24730927207979184,0.0,0.0,2026-07-02
11.5,15.0,0.6543231546226452,4681.5502654854345,-704.8502654854346,2026-07-02
11.75,30.0,0.6543231546226452,4696.799128448914,-2053.6791284489145,2026-07-02
12.0,45.0,0.6543231546226452,4681.540775368255,-1935.7307753682549,2026-07-02
12.25,60.0,0.6543231546226452,4640.5225659824855,-1149.0325659824857,2026-07-02
12.5,75.0,0.6543231546226452,4593.683726926275,133.01627307372473,2026-07-02
12.75,90.0,0.6543231546226452,4518.160446314336,617.8395536856642,2026-07-02
13.0,105.0,0.6543231546226452,4426.348829135876,2738.291170864124,2026-07-02
13.25,120.0,0.6543231546226452,4328.270783831807,1914.8192161681927,2026-07-02
13.5,135.0,0.6543231546226452,4221.214555795521,213.07544420447903,2026-07-02
13.75,150.0,0.6543231546226452,4086.417459209204,-1786.807459209204,2026-07-02
14.0,165.0,0.6543231546226452,3940.550070009433,-2435.100070009433,2026-07-02
14.25,180.0,0.6543231546226452,3776.5691533309855,-1745.4791533309856,2026-07-02
14.5,195.0,0.6543231546226452,3609.84501052484,-1990.8750105248398,2026-07-02
14.75,210.0,0.6543231546226452,3422.540410594575,-1326.190410594575,2026-07-02
15.0,225.0,0.6543231546226452,3219.341699137142,500.62830086285794,2026-07-02
15.25,240.0,0.6543231546226452,3005.046633282298,830.1433667177021,2026-07-02
15.5,255.0,0.6543231546226452,2783.8951508966443,506.1748491033559,2026-07-02
15.75,270.0,0.6543231546226452,2547.268222188243,34.14177781175704,2026-07-02
16.0,285.0,0.6543231546226452,2301.338292960426,-240.02829296042592,2026-07-02
16.25,300.0,0.6543231546226452,2037.3945510854676,80.93544891453234,2026-07-02
16.5,315.0,0.6543231546226452,1768.0615863206958,250.5084136793041,2026-07-02
16.75,330.0,0.6543231546226452,1498.1606558510591,651.989344148941,2026-07-02
17.0,345.0,0.6543231546226452,1235.6016313238206,543.8583686761795,2026-07-02
17.25,360.0,0.6543231546226452,975.851223431859,14.23877656814102,2026-07-02
17.5,375.0,0.6543231546226452,730.4362048738334,-432.0962048738334,2026-07-02
17.75,390.0,0.6543231546226452,506.3141741119092,-405.4941741119092,2026-07-02
18.0,405.0,0.6543231546226452,310.76080140267885,-266.43080140267887,2026-07-02
18.25,420.0,0.6543231546226452,159.74313725581283,-102.09313725581282,2026-07-02
18.5,435.0,0.6543231546226452,38.92625001677482,-13.116250016774824,2026-07-02
18.75,450.0,0.6543231546226452,0.498440145344402,2.6015598546555982,2026-07-02
19.0,465.0,0.6543231546226452,0.0,0.0,2026-07-02
13.0,15.0,0.4804811661314641,4086.54096273624,3078.0990372637602,2026-07-02
13.25,30.0,0.4804811661314641,3991.522490491884,2251.567509508116,2026-07-02
13.5,45.0,0.4804811661314641,3892.211711075754,542.078288924246,2026-07-02
13.75,60.0,0.4804811661314641,3759.459735679086,-1459.8497356790858,2026-07-02
14.0,75.0,0.4804811661314641,3617.7084583100127,-2112.2584583100124,2026-07-02
14.25,90.0,0.4804811661314641,3466.4932720642864,-1435.4032720642865,2026-07-02
14.5,105.0,0.4804811661314641,3304.7893780622685,-1685.8193780622685,2026-07-02
14.75,120.0,0.4804811661314641,3122.938924119016,-1026.5889241190162,2026-07-02
15.0,135.0,0.4804811661314641,2927.571659240303,792.398340759697,2026-07-02
15.25,150.0,0.4804811661314641,2719.327776823052,1115.8622231769482,2026-07-02
15.5,165.0,0.4804811661314641,2502.449879498694,787.6201205013062,2026-07-02
15.75,180.0,0.4804811661314641,2276.829360554404,304.5806394455958,2026-07-02
16.0,195.0,0.4804811661314641,2051.6426231809733,9.667376819026686,2026-07-02
16.25,210.0,0.4804811661314641,1812.2190367189337,306.11096328106623,2026-07-02
16.5,225.0,0.4804811661314641,1566.0687618368374,452.5012381631625,2026-07-02
16.75,240.0,0.4804811661314641,1325.9895803386178,824.1604196613823,2026-07-02
17.0,255.0,0.4804811661314641,1098.4156048126629,681.0443951873372,2026-07-02
17.25,270.0,0.4804811661314641,877.4835352178399,112.60646478216017,2026-07-02
17.5,285.0,0.4804811661314641,667.0046697996286,-368.6646697996286,2026-07-02
17.75,300.0,0.4804811661314641,476.5232953409734,-375.7032953409734,2026-07-02
18.0,315.0,0.4804811661314641,311.0752583937132,-266.74525839371324,2026-07-02
18.25,330.0,0.4804811661314641,145.14608581705906,-87.49608581705905,2026-07-02
18.5,345.0,0.4804811661314641,33.02380634834513,-7.213806348345134,2026-07-02
18.75,360.0,0.4804811661314641,0.4242532250267637,2.6757467749732364,2026-07-02
19.0,375.0,0.4804811661314641,0.0,0.0,2026-07-02
14.5,15.0,0.30907165564381023,2366.6460754745303,-747.6760754745303,2026-07-02
14.75,30.0,0.30907165564381023,2252.0721956424227,-155.72219564242278,2026-07-02
15.0,45.0,0.30907165564381023,2126.479884068161,1593.4901159318388,2026-07-02
15.25,60.0,0.30907165564381023,1985.0711711043923,1850.1188288956077,2026-07-02
15.5,75.0,0.30907165564381023,1841.0932808155635,1448.9767191844367,2026-07-02
15.75,90.0,0.30907165564381023,1687.3972502672589,894.012749732741,2026-07-02
16.0,105.0,0.30907165564381023,1530.086366924727,531.223633075273,2026-07-02
16.25,120.0,0.30907165564381023,1359.9602125567458,758.3697874432542,2026-07-02
16.5,135.0,0.30907165564381023,1182.5760720183275,835.9939279816724,2026-07-02
16.75,150.0,0.30907165564381023,1009.5134341425882,1140.6365658574118,2026-07-02
17.0,165.0,0.30907165564381023,841.8361161785706,937.6238838214294,2026-07-02
17.25,180.0,0.30907165564381023,677.2150263964024,312.8749736035976,2026-07-02
17.5,195.0,0.30907165564381023,519.2802236513445,-220.94022365134452,2026-07-02
17.75,210.0,0.30907165564381023,379.2082783414254,-278.3882783414254,2026-07-02
18.0,225.0,0.30907165564381023,255.7133938160862,-211.3833938160862,2026-07-02
18.25,240.0,0.30907165564381023,120.64527383502146,-62.99527383502146,2026-07-02
18.5,255.0,0.30907165564381023,26.942789071869917,-1.1327890718699187,2026-07-02
18.75,270.0,0.30907165564381023,0.3463198519592467,2.7536801480407536,2026-07-02
19.0,285.0,0.30907165564381023,0.0,0.0,2026-07-02
16.0,15.0,0.5441041149494996,2248.9791824174663,-187.66918241746635,2026-07-02
16.25,30.0,0.5441041149494996,1981.9745161792396,136.35548382076036,2026-07-02
16.5,45.0,0.5441041149494996,1714.992562829366,303.57743717063386,2026-07-02
16.75,60.0,0.5441041149494996,1453.465004088558,696.684995911442,2026-07-02
17.0,75.0,0.5441041149494996,1198.2037085606626,581.2562914393375,2026-07-02
17.25,90.0,0.5441041149494996,953.6341501940544,36.455849805945604,2026-07-02
17.5,105.0,0.5441041149494996,721.2269386041113,-422.8869386041113,2026-07-02
17.75,120.0,0.5441041149494996,512.4719679805487,-411.6519679805487,2026-07-02
18.0,135.0,0.5441041149494996,331.49290409166287,-287.1629040916629,2026-07-02
18.25,150.0,0.5441041149494996,153.82316724761577,-96.17316724761577,2026-07-02
18.5,165.0,0.5441041149494996,35.13599418631635,-9.325994186316354,2026-07-02
18.75,180.0,0.5441041149494996,0.4508980342176286,2.6491019657823713,2026-07-02
19.0,195.0,0.5441041149494996,0.0,0.0,2026-07-02
17.5,15.0,0.6061679753564948,781.286251334953,-482.94625133495305,2026-07-02
17.75,30.0,0.6061679753564948,551.5286401029603,-450.70864010296026,2026-07-02
18.0,45.0,0.6061679753564948,353.5770201511952,-309.2470201511952,2026-07-02
18.25,60.0,0.6061679753564948,163.43851940322895,-105.78851940322895,2026-07-02
18.5,75.0,0.6061679753564948,37.47709831298171,-11.667098312981711,2026-07-02
18.75,90.0,0.6061679753564948,0.4818237957027727,2.618176204297227,2026-07-02
19.0,105.0,0.6061679753564948,0.0,0.0,2026-07-02
7.0,15.0,0.4437673750676474,594.6315568735772,218.37844312642278,2026-07-03
7.25,30.0,0.4437673750676474,792.6767725569431,105.99322744305687,2026-07-03
7.5,45.0,0.4437673750676474,998.3471107599352,-51.39711075993512,2026-07-03
7.75,60.0,0.4437673750676474,1205.840125422047,-92.90012542204704,2026-07-03
8.0,75.0,0.4437673750676474,1421.4112860062646,99.87871399373535,2026-07-03
8.25,90.0,0.4437673750676474,1645.2760827008533,39.52391729914666,2026-07-03
8.5,105.0,0.4437673750676474,1874.1090135001,147.46098649989995,2026-07-03
8.75,120.0,0.4437673750676474,2090.593707423403,-393.6537074234029,2026-07-03
9.0,135.0,0.4437673750676474,2293.894803333409,-515.3948033334091,2026-07-03
9.25,150.0,0.4437673750676474,2488.480425990677,-722.5604259906768,2026-07-03
9.5,165.0,0.4437673750676474,2669.523409013717,47.70659098628312,2026-07-03
9.75,180.0,0.4437673750676474,2837.2512393446086,177.42876065539122,2026-07-03
10.0,195.0,0.4437673750676474,2978.0927535034766,-214.06275350347642,2026-07-03
10.25,210.0,0.4437673750676474,3104.3318145547737,-61.70181455477359,2026-07-03
10.5,225.0,0.4437673750676474,3234.0948563850234,-13.364856385023359,2026-07-03
10.75,240.0,0.4437673750676474,3375.369012318808,-92.69901231880795,2026-07-03
11.0,255.0,0.4437673750676474,3465.67190323503,-748.8619032350302,2026-07-03
11.25,270.0,0.4437673750676474,3497.4267429910683,-1038.396742991068,2026-07-03
11.5,285.0,0.4437673750676474,3511.2026342940094,-1603.1826342940094,2026-07-03
11.75,300.0,0.4437673750676474,3539.587544703761,-1626.837544703761,2026-07-03
12.0,315.0,0.4437673750676474,3573.687756755249,-1191.8577567552493,2026-07-03
12.25,330.0,0.4437673750676474,3608.592726309224,-1376.342726309224,2026-07-03
12.5,345.0,0.4437673750676474,3622.5509797295913,-2284.2609797295913,2026-07-03
12.75,360.0,0.4437673750676474,3599.649673806746,-2553.9796738067457,2026-07-03
13.0,375.0,0.4437673750676474,3544.183041847548,-2342.0230418475476,2026-07-03
13.25,390.0,0.4437673750676474,3463.1800315174123,-1649.9300315174123,2026-07-03
13.5,405.0,0.4437673750676474,3357.42624785897,-593.8162478589697,2026-07-03
13.75,420.0,0.4437673750676474,3228.375530343631,-32.055530343630835,2026-07-03
14.0,435.0,0.4437673750676474,3102.119758401115,-313.839758401115,2026-07-03
14.25,450.0,0.4437673750676474,2972.0207122452844,-77.38071224528449,2026-07-03
14.5,465.0,0.4437673750676474,2840.333133441019,138.41686655898093,2026-07-03
14.75,480.0,0.4437673750676474,2692.173134338258,-95.57313433825811,2026-07-03
15.0,495.0,0.4437673750676474,2520.233286898486,-795.8032868984858,2026-07-03
15.25,510.0,0.4437673750676474,2335.240925630879,566.4690743691212,2026-07-03
15.5,525.0,0.4437673750676474,2136.602611312786,449.5573886872139,2026-07-03
15.75,540.0,0.4437673750676474,1943.441726444376,-715.9717264443759,2026-07-03
16.0,555.0,0.4437673750676474,1734.670533503694,-1280.660533503694,2026-07-03
16.25,570.0,0.4437673750676474,1519.8481479687891,-1497.9981479687892,2026-07-03
16.5,585.0,0.4437673750676474,1308.9391900854985,-1265.4091900854985,2026-07-03
16.75,600.0,0.4437673750676474,1111.0173182591795,-1072.3873182591794,2026-07-03
17.0,615.0,0.4437673750676474,906.06668348537,-862.0366834853701,2026-07-03
17.25,630.0,0.4437673750676474,707.6441806438424,-645.6941806438424,2026-07-03
17.5,645.0,0.4437673750676474,526.3388941340535,-449.59889413405347,2026-07-03
17.75,660.0,0.4437673750676474,367.5271389217579,-263.9171389217579,2026-07-03
18.0,675.0,0.4437673750676474,232.39292419597916,-121.13292419597916,2026-07-03
18.25,690.0,0.4437673750676474,128.89357453406464,-32.123574534064645,2026-07-03
18.5,705.0,0.4437673750676474,31.73006644122267,-15.300066441222672,2026-07-03
18.75,720.0,0.4437673750676474,0.4175556064845845,-0.4175556064845845,2026-07-03
19.0,735.0,0.4437673750676474,0.0,0.0,2026-07-03
8.5,15.0,0.3629205006814272,1611.569113882831,410.0008861171689,2026-07-03
8.75,30.0,0.3629205006814272,1800.251789842138,-103.31178984213784,2026-07-03
9.0,45.0,0.3629205006814272,1981.565046201116,-203.06504620111605,2026-07-03
9.25,60.0,0.3629205006814272,2151.488066731188,-385.5680667311881,2026-07-03
9.5,75.0,0.3629205006814272,2313.6071833005467,403.6228166994533,2026-07-03
9.75,90.0,0.3629205006814272,2466.918561499451,547.761438500549,2026-07-03
10.0,105.0,0.3629205006814272,2589.839419853208,174.1905801467924,2026-07-03
10.25,120.0,0.3629205006814272,2702.164058641553,340.46594135844725,2026-07-03
10.5,135.0,0.3629205006814272,2816.673321457555,404.05667854244484,2026-07-03
10.75,150.0,0.3629205006814272,2932.7045596905195,349.9654403094805,2026-07-03
11.0,165.0,0.3629205006814272,3001.256198204021,-284.44619820402113,2026-07-03
11.25,180.0,0.3629205006814272,3030.7615459895537,-571.7315459895535,2026-07-03
11.5,195.0,0.3629205006814272,3052.898468747529,-1144.878468747529,2026-07-03
11.75,210.0,0.3629205006814272,3085.379251081056,-1172.6292510810558,2026-07-03
12.0,225.0,0.3629205006814272,3113.2848974565327,-731.4548974565328,2026-07-03
12.25,240.0,0.3629205006814272,3152.193211525748,-919.9432115257482,2026-07-03
12.5,255.0,0.3629205006814272,3171.4233957812544,-1833.1333957812544,2026-07-03
12.75,270.0,0.3629205006814272,3153.342458294891,-2107.672458294891,2026-07-03
13.0,285.0,0.3629205006814272,3110.800925010756,-1908.640925010756,2026-07-03
13.25,300.0,0.3629205006814272,3049.343769149926,-1236.0937691499262,2026-07-03
13.5,315.0,0.3629205006814272,2961.20962187701,-197.59962187700967,2026-07-03
13.75,330.0,0.3629205006814272,2845.221293114668,351.0987068853324,2026-07-03
14.0,345.0,0.3629205006814272,2739.5057283383694,48.77427166163079,2026-07-03
14.25,360.0,0.3629205006814272,2629.090780391979,265.54921960802085,2026-07-03
14.5,375.0,0.3629205006814272,2515.9968273699037,462.7531726300963,2026-07-03
14.75,390.0,0.3629205006814272,2387.0143144807457,209.58568551925418,2026-07-03
15.0,405.0,0.3629205006814272,2231.7871249243067,-507.3571249243066,2026-07-03
15.25,420.0,0.3629205006814272,2059.638872984086,842.071127015914,2026-07-03
15.5,435.0,0.3629205006814272,1883.9335538183452,702.2264461816546,2026-07-03
15.75,450.0,0.3629205006814272,1715.8582773867613,-488.3882773867613,2026-07-03
16.0,465.0,0.3629205006814272,1527.504374779128,-1073.494374779128,2026-07-03
16.25,480.0,0.3629205006814272,1333.4529362920575,-1311.6029362920576,2026-07-03
16.5,495.0,0.3629205006814272,1147.6200640795903,-1104.0900640795903,2026-07-03
16.75,510.0,0.3629205006814272,976.8262748234982,-938.1962748234982,2026-07-03
17.0,525.0,0.3629205006814272,797.9819332839704,-753.9519332839704,2026-07-03
17.25,540.0,0.3629205006814272,623.1991248745866,-561.2491248745865,2026-07-03
17.5,555.0,0.3629205006814272,464.77181650953776,-388.03181650953775,2026-07-03
17.75,570.0,0.3629205006814272,326.6248354667185,-223.01483546671847,2026-07-03
18.0,585.0,0.3629205006814272,208.54883522116427,-97.28883522116426,2026-07-03
18.25,600.0,0.3629205006814272,118.35222825782192,-21.582228257821924,2026-07-03
18.5,615.0,0.3629205006814272,29.114909631121645,-12.684909631121645,2026-07-03
18.75,630.0,0.3629205006814272,0.3832712680675083,-0.3832712680675083,2026-07-03
19.0,645.0,0.3629205006814272,0.0,0.0,2026-07-03
10.0,15.0,0.34123583801067603,2369.696086158293,394.3339138417073,2026-07-03
10.25,30.0,0.34123583801067603,2491.128417022511,551.5015829774893,2026-07-03
10.5,45.0,0.34123583801067603,2609.943156073355,610.7868439266449,2026-07-03
10.75,60.0,0.34123583801067603,2720.701059253748,561.968940746252,2026-07-03
11.0,75.0,0.34123583801067603,2799.4115899096582,-82.60158990965829,2026-07-03
11.25,90.0,0.34123583801067603,2842.353158968522,-383.32315896852197,2026-07-03
11.5,105.0,0.34123583801067603,2875.057488916148,-967.037488916148,2026-07-03
11.75,120.0,0.34123583801067603,2917.501978925476,-1004.7519789254761,2026-07-03
12.0,135.0,0.34123583801067603,2957.170206869818,-575.3402068698178,2026-07-03
12.25,150.0,0.34123583801067603,2996.604136274675,-764.354136274675,2026-07-03
12.5,165.0,0.34123583801067603,3019.0582472769224,-1680.7682472769225,2026-07-03
12.75,180.0,0.34123583801067603,3009.9248171509,-1964.2548171508997,2026-07-03
13.0,195.0,0.34123583801067603,2971.7578906627487,-1769.5978906627486,2026-07-03
13.25,210.0,0.34123583801067603,2906.146357964792,-1092.896357964792,2026-07-03
13.5,225.0,0.34123583801067603,2821.178207637474,-57.56820763747373,2026-07-03
13.75,240.0,0.34123583801067603,2702.017509616243,494.30249038375723,2026-07-03
14.0,255.0,0.34123583801067603,2591.332871950523,196.94712804947721,2026-07-03
14.25,270.0,0.34123583801067603,2479.38329400935,415.25670599065006,2026-07-03
14.5,285.0,0.34123583801067603,2369.312315434438,609.437684565562,2026-07-03
14.75,300.0,0.34123583801067603,2237.6838964727085,358.9161035272914,2026-07-03
15.0,315.0,0.34123583801067603,2088.024554803709,-363.5945548037091,2026-07-03
15.25,330.0,0.34123583801067603,1936.221193942509,965.488806057491,2026-07-03
15.5,345.0,0.34123583801067603,1774.4020232156795,811.7579767843204,2026-07-03
15.75,360.0,0.34123583801067603,1608.3168262147062,-380.8468262147062,2026-07-03
16.0,375.0,0.34123583801067603,1431.5887552371032,-977.5787552371032,2026-07-03
16.25,390.0,0.34123583801067603,1256.385570571419,-1234.5355705714192,2026-07-03
16.5,405.0,0.34123583801067603,1083.8854585654335,-1040.3554585654335,2026-07-03
16.75,420.0,0.34123583801067603,924.195697811534,-885.565697811534,2026-07-03
17.0,435.0,0.34123583801067603,760.1385335563925,-716.1085335563926,2026-07-03
17.25,450.0,0.34123583801067603,596.1366918904678,-534.1866918904677,2026-07-03
17.5,465.0,0.34123583801067603,446.1883259402575,-369.4483259402575,2026-07-03
17.75,480.0,0.34123583801067603,316.24348827797223,-212.63348827797222,2026-07-03
18.0,495.0,0.34123583801067603,203.74473866596776,-92.48473866596775,2026-07-03
18.25,510.0,0.34123583801067603,116.25676610415644,-19.486766104156445,2026-07-03
18.5,525.0,0.34123583801067603,28.55314394501135,-12.12314394501135,2026-07-03
18.75,540.0,0.34123583801067603,0.3768003247639528,-0.3768003247639528,2026-07-03
19.0,555.0,0.34123583801067603,0.0,0.0,2026-07-03
11.5,15.0,0.33105978308172435,2638.114927649852,-730.0949276498518,2026-07-03
11.75,30.0,0.33105978308172435,2697.8827084304203,-785.1327084304203,2026-07-03
12.0,45.0,0.33105978308172435,2752.7084338537807,-370.87843385378073,2026-07-03
12.25,60.0,0.33105978308172435,2807.882500836409,-575.6325008364088,2026-07-03
12.5,75.0,0.33105978308172435,2846.072798456127,-1507.7827984561272,2026-07-03
12.75,90.0,0.33105978308172435,2851.6795720110244,-1806.0095720110244,2026-07-03
13.0,105.0,0.33105978308172435,2831.786017475463,-1629.6260174754627,2026-07-03
13.25,120.0,0.33105978308172435,2788.343873043312,-975.0938730433122,2026-07-03
13.5,135.0,0.33105978308172435,2726.058985644022,37.55101435597817,2026-07-03
13.75,150.0,0.33105978308172435,2631.958900224457,564.3610997755432,2026-07-03
14.0,165.0,0.33105978308172435,2532.29305734596,255.98694265404038,2026-07-03
14.25,180.0,0.33105978308172435,2431.108630749688,463.53136925031185,2026-07-03
14.5,195.0,0.33105978308172435,2320.115489318527,658.6345106814729,2026-07-03
14.75,210.0,0.33105978308172435,2196.4048436920166,400.1951563079833,2026-07-03
15.0,225.0,0.33105978308172435,2053.608209910549,-329.17820991054873,2026-07-03
15.25,240.0,0.33105978308172435,1906.950904528466,994.759095471534,2026-07-03
15.5,255.0,0.33105978308172435,1748.8074069322222,837.3525930677777,2026-07-03
15.75,270.0,0.33105978308172435,1591.519443351288,-364.0494433512879,2026-07-03
16.0,285.0,0.33105978308172435,1422.8019692730522,-968.7919692730522,2026-07-03
16.25,300.0,0.33105978308172435,1248.884888907451,-1227.0348889074512,2026-07-03
16.5,315.0,0.33105978308172435,1073.2549852008344,-1029.7249852008345,2026-07-03
16.75,330.0,0.33105978308172435,908.5460625199604,-869.9160625199604,2026-07-03
17.0,345.0,0.33105978308172435,740.8388988644193,-696.8088988644193,2026-07-03
17.25,360.0,0.33105978308172435,579.4602757145423,-517.5102757145422,2026-07-03
17.5,375.0,0.33105978308172435,432.4401405122424,-355.7001405122424,2026-07-03
17.75,390.0,0.33105978308172435,306.8086337204087,-203.19863372040868,2026-07-03
18.0,405.0,0.33105978308172435,198.66027297972693,-87.40027297972692,2026-07-03
18.25,420.0,0.33105978308172435,114.35492974208222,-17.584929742082224,2026-07-03
18.5,435.0,0.33105978308172435,28.12592491182352,-11.695924911823521,2026-07-03
18.75,450.0,0.33105978308172435,0.3704664885464076,-0.3704664885464076,2026-07-03
19.0,465.0,0.33105978308172435,0.0,0.0,2026-07-03
13.0,15.0,0.1826455972138249,1917.1817764502584,-715.0217764502584,2026-07-03
13.25,30.0,0.1826455972138249,1897.2210200097825,-83.97102000978248,2026-07-03
13.5,45.0,0.1826455972138249,1861.3897461072213,902.2202538927788,2026-07-03
13.75,60.0,0.1826455972138249,1803.03338825286,1393.2866117471401,2026-07-03
14.0,75.0,0.1826455972138249,1743.5464183937945,1044.7335816062057,2026-07-03
14.25,90.0,0.1826455972138249,1679.2131609507016,1215.4268390492982,2026-07-03
14.5,105.0,0.1826455972138249,1604.7223470069237,1374.0276529930763,2026-07-03
14.75,120.0,0.1826455972138249,1515.2250165600256,1081.3749834399744,2026-07-03
15.0,135.0,0.1826455972138249,1425.5758218730728,298.8541781269273,2026-07-03
15.25,150.0,0.1826455972138249,1331.416346687725,1570.293653312275,2026-07-03
15.5,165.0,0.1826455972138249,1235.607370889894,1350.552629110106,2026-07-03
15.75,180.0,0.1826455972138249,1134.5953674198247,92.87463258017533,2026-07-03
16.0,195.0,0.1826455972138249,1018.4312822328682,-564.4212822328682,2026-07-03
16.25,210.0,0.1826455972138249,899.3742896184226,-877.5242896184226,2026-07-03
16.5,225.0,0.1826455972138249,779.8521018021133,-736.3221018021134,2026-07-03
16.75,240.0,0.1826455972138249,664.6751266182064,-626.0451266182064,2026-07-03
17.0,255.0,0.1826455972138249,548.686949319094,-504.656949319094,2026-07-03
17.25,270.0,0.1826455972138249,434.8426197236101,-372.8926197236101,2026-07-03
17.5,285.0,0.1826455972138249,328.48652656573626,-251.74652656573625,2026-07-03
17.75,300.0,0.1826455972138249,238.91233165948012,-135.3023316594801,2026-07-03
18.0,315.0,0.1826455972138249,161.3661182728247,-50.1061182728247,2026-07-03
18.25,330.0,0.1826455972138249,98.77398380082651,-2.003983800826518,2026-07-03
18.5,345.0,0.1826455972138249,22.14893747373124,-5.718937473731241,2026-07-03
18.75,360.0,0.1826455972138249,0.2916875744991228,-0.2916875744991228,2026-07-03
19.0,375.0,0.1826455972138249,0.0,0.0,2026-07-03
14.5,15.0,0.3471840164755839,2504.5039283272977,474.2460716727023,2026-07-03
14.75,30.0,0.3471840164755839,2367.8267531757424,228.7732468242575,2026-07-03
15.0,45.0,0.3471840164755839,2219.861960866216,-495.43196086621606,2026-07-03
15.25,60.0,0.3471840164755839,2062.0837153609195,839.6262846390805,2026-07-03
15.5,75.0,0.3471840164755839,1896.8981707449,689.2618292550999,2026-07-03
15.75,90.0,0.3471840164755839,1731.5515774132646,-504.08157741326454,2026-07-03
16.0,105.0,0.3471840164755839,1552.781055609481,-1098.771055609481,2026-07-03
16.25,120.0,0.3471840164755839,1369.9654094316977,-1348.1154094316978,2026-07-03
16.5,135.0,0.3471840164755839,1185.2592305980193,-1141.7292305980193,2026-07-03
16.75,150.0,0.3471840164755839,1007.5024438241549,-968.8724438241549,2026-07-03
17.0,165.0,0.3471840164755839,826.2945233203535,-782.2645233203535,2026-07-03
17.25,180.0,0.3471840164755839,649.1793123771769,-587.2293123771768,2026-07-03
17.5,195.0,0.3471840164755839,484.9197140109484,-408.1797140109484,2026-07-03
17.75,210.0,0.3471840164755839,343.9145739280968,-240.30457392809677,2026-07-03
18.0,225.0,0.3471840164755839,222.07389402276704,-110.81389402276703,2026-07-03
18.25,240.0,0.3471840164755839,125.55600624065664,-28.786006240656647,2026-07-03
18.5,255.0,0.3471840164755839,28.80177607517593,-12.37177607517593,2026-07-03
18.75,270.0,0.3471840164755839,0.3789742825137555,-0.3789742825137555,2026-07-03
19.0,285.0,0.3471840164755839,0.0,0.0,2026-07-03
16.0,15.0,0.3323231628044876,1406.2818538702725,-952.2718538702725,2026-07-03
16.25,30.0,0.3323231628044876,1255.5012155575848,-1233.651215557585,2026-07-03
16.5,45.0,0.3323231628044876,1096.906820643837,-1053.376820643837,2026-07-03
16.75,60.0,0.3323231628044876,936.6209666767542,-897.9909666767542,2026-07-03
17.0,75.0,0.3323231628044876,770.7176262295607,-726.6876262295607,2026-07-03
17.25,90.0,0.3323231628044876,609.0366243787764,-547.0866243787764,2026-07-03
17.5,105.0,0.3323231628044876,456.1264287905378,-379.38642879053776,2026-07-03
17.75,120.0,0.3323231628044876,324.76701385602,-221.15701385602,2026-07-03
18.0,135.0,0.3323231628044876,211.4535562341757,-100.19355623417569,2026-07-03
18.25,150.0,0.3323231628044876,121.08442413056414,-24.31442413056415,2026-07-03
18.5,165.0,0.3323231628044876,27.678628898854956,-11.248628898854957,2026-07-03
18.75,180.0,0.3323231628044876,0.3641171821963928,-0.3641171821963928,2026-07-03
19.0,195.0,0.3323231628044876,0.0,0.0,2026-07-03
17.5,15.0,0.028613928274063092,168.9243587307162,-92.1843587307162,2026-07-03
17.75,30.0,0.028613928274063092,134.13630764209228,-30.526307642092277,2026-07-03
18.0,45.0,0.028613928274063092,101.34303717278954,9.916962827210469,2026-07-03
18.25,60.0,0.028613928274063092,72.86389732180292,23.906102678197072,2026-07-03
18.5,75.0,0.028613928274063092,15.884354438245522,0.545645561754478,2026-07-03
18.75,90.0,0.028613928274063092,0.2108220952695253,-0.2108220952695253,2026-07-03
19.0,105.0,0.028613928274063092,0.0,0.0,2026-07-03
7.0,15.0,0.1759197514763952,262.8778196197024,-22.00781961970239,2026-07-04
7.25,30.0,0.1759197514763952,354.9526572817214,52.25734271827861,2026-07-04
7.5,45.0,0.1759197514763952,455.96518714383296,-5.325187143832977,2026-07-04
7.75,60.0,0.1759197514763952,574.473380471586,-12.783380471585929,2026-07-04
8.0,75.0,0.1759197514763952,699.2648423275764,50.86515767242361,2026-07-04
8.25,90.0,0.1759197514763952,827.7696986936597,-98.69969869365968,2026-07-04
8.5,105.0,0.1759197514763952,954.0062583773718,-59.97625837737178,2026-07-04
8.75,120.0,0.1759197514763952,1084.7328166591824,315.8971833408177,2026-07-04
9.0,135.0,0.1759197514763952,1223.40925551368,-236.6792555136799,2026-07-04
9.25,150.0,0.1759197514763952,1358.477266820294,-12.617266820294162,2026-07-04
9.5,165.0,0.1759197514763952,1486.068912728339,1461.851087271661,2026-07-04
9.75,180.0,0.1759197514763952,1585.363540983573,1570.686459016427,2026-07-04
10.0,195.0,0.1759197514763952,1686.9489883235267,1565.0510116764733,2026-07-04
10.25,210.0,0.1759197514763952,1787.8704377852348,1885.4395622147651,2026-07-04
10.5,225.0,0.1759197514763952,1882.640325322677,2695.7196746773225,2026-07-04
10.75,240.0,0.1759197514763952,1901.430944259748,2552.5290557402523,2026-07-04
11.0,255.0,0.1759197514763952,1912.2297477649631,2382.020252235037,2026-07-04
11.25,270.0,0.1759197514763952,1918.581023938174,1394.5289760618261,2026-07-04
11.5,285.0,0.1759197514763952,1932.0076331260796,413.0823668739206,2026-07-04
11.75,300.0,0.1759197514763952,1910.4521298792563,819.8578701207437,2026-07-04
12.0,315.0,0.1759197514763952,1893.137733467995,-404.467733467995,2026-07-04
12.25,330.0,0.1759197514763952,1848.357219165738,-772.5972191657379,2026-07-04
12.5,345.0,0.1759197514763952,1800.8966935300184,-558.4966935300183,2026-07-04
12.75,360.0,0.1759197514763952,1769.316714566656,-561.736714566656,2026-07-04
13.0,375.0,0.1759197514763952,1731.4854687175798,467.6645312824203,2026-07-04
13.25,390.0,0.1759197514763952,1672.1048545349431,47.34514546505693,2026-07-04
13.5,405.0,0.1759197514763952,1619.6443034035894,-548.6043034035895,2026-07-04
13.75,420.0,0.1759197514763952,1614.846224262024,-335.786224262024,2026-07-04
14.0,435.0,0.1759197514763952,1614.9114756418817,905.4085243581185,2026-07-04
14.25,450.0,0.1759197514763952,1605.485029008355,-307.42502900835507,2026-07-04
14.5,465.0,0.1759197514763952,1588.6597095433262,45.340290456673756,2026-07-04
14.75,480.0,0.1759197514763952,1560.9755739551929,459.25442604480713,2026-07-04
15.0,495.0,0.1759197514763952,1539.251200399094,-873.0412003990939,2026-07-04
15.25,510.0,0.1759197514763952,1502.6665068490547,-926.8665068490548,2026-07-04
15.5,525.0,0.1759197514763952,1453.614482376806,-956.5744823768061,2026-07-04
15.75,540.0,0.1759197514763952,1348.575469650716,-789.985469650716,2026-07-04
16.0,555.0,0.1759197514763952,1248.0733338269326,-795.0333338269327,2026-07-04
16.25,570.0,0.1759197514763952,1149.254378853438,-397.16437885343805,2026-07-04
16.5,585.0,0.1759197514763952,1051.175020505175,-198.57502050517508,2026-07-04
16.75,600.0,0.1759197514763952,903.0199335454084,-217.74993354540845,2026-07-04
17.0,615.0,0.1759197514763952,758.3469796981707,-234.4469796981707,2026-07-04
17.25,630.0,0.1759197514763952,621.6954989611885,-206.14549896118848,2026-07-04
17.5,645.0,0.1759197514763952,494.1584966578646,-225.53849665786458,2026-07-04
17.75,660.0,0.1759197514763952,373.859031973968,-121.049031973968,2026-07-04
18.0,675.0,0.1759197514763952,236.36822291855304,-119.35822291855304,2026-07-04
18.25,690.0,0.1759197514763952,103.80933039288448,-17.25933039288448,2026-07-04
18.5,705.0,0.1759197514763952,25.099130059354813,19.630869940645184,2026-07-04
18.75,720.0,0.1759197514763952,0.3357009589364761,10.764299041063524,2026-07-04
19.0,735.0,0.1759197514763952,0.0,0.0,2026-07-04
8.5,15.0,0.18046533957057648,887.8445406067196,6.1854593932803255,2026-07-04
8.75,30.0,0.18046533957057648,1021.1954680728876,379.4345319271125,2026-07-04
9.0,45.0,0.18046533957057648,1158.4719762109971,-171.7419762109971,2026-07-04
9.25,60.0,0.18046533957057648,1290.1318249162366,55.72817508376329,2026-07-04
9.5,75.0,0.18046533957057648,1418.436827990658,1529.483172009342,2026-07-04
9.75,90.0,0.18046533957057648,1526.7087192747783,1629.3412807252218,2026-07-04
10.0,105.0,0.18046533957057648,1632.1383254680334,1619.8616745319666,2026-07-04
10.25,120.0,0.18046533957057648,1732.4401377649297,1940.8698622350703,2026-07-04
10.5,135.0,0.18046533957057648,1824.1758653400057,2754.184134659994,2026-07-04
10.75,150.0,0.18046533957057648,1845.4676023977352,2608.4923976022646,2026-07-04
11.0,165.0,0.18046533957057648,1855.627670746385,2438.622329253615,2026-07-04
11.25,180.0,0.18046533957057648,1864.348153851098,1448.7618461489021,2026-07-04
11.5,195.0,0.18046533957057648,1881.2200617996784,463.8699382003217,2026-07-04
11.75,210.0,0.18046533957057648,1865.078979609876,865.2310203901241,2026-07-04
12.0,225.0,0.18046533957057648,1840.6080117728893,-351.93801177288924,2026-07-04
12.25,240.0,0.18046533957057648,1797.183611045033,-721.4236110450331,2026-07-04
12.5,255.0,0.18046533957057648,1755.178364924906,-512.7783649249059,2026-07-04
12.75,270.0,0.18046533957057648,1725.1787594533298,-517.5987594533299,2026-07-04
13.0,285.0,0.18046533957057648,1685.1091698117996,514.0408301882005,2026-07-04
13.25,300.0,0.18046533957057648,1627.2695901177065,92.18040988229359,2026-07-04
13.5,315.0,0.18046533957057648,1569.844374404738,-498.8043744047379,2026-07-04
13.75,330.0,0.18046533957057648,1568.180809017078,-289.12080901707805,2026-07-04
14.0,345.0,0.18046533957057648,1569.504996486352,950.8150035136482,2026-07-04
14.25,360.0,0.18046533957057648,1562.412181231584,-264.35218123158415,2026-07-04
14.5,375.0,0.18046533957057648,1546.0435420831848,87.95645791681522,2026-07-04
14.75,390.0,0.18046533957057648,1529.0389819709353,491.1910180290647,2026-07-04
15.0,405.0,0.18046533957057648,1507.8695512555685,-841.6595512555684,2026-07-04
15.25,420.0,0.18046533957057648,1473.9879535580612,-898.1879535580613,2026-07-04
15.5,435.0,0.18046533957057648,1431.4873472508552,-934.4473472508553,2026-07-04
15.75,450.0,0.18046533957057648,1334.184063518318,-775.594063518318,2026-07-04
16.0,465.0,0.18046533957057648,1238.5083833521578,-785.4683833521578,2026-07-04
16.25,480.0,0.18046533957057648,1141.682698433927,-389.592698433927,2026-07-04
16.5,495.0,0.18046533957057648,1044.9705768631625,-192.37057686316246,2026-07-04
16.75,510.0,0.18046533957057648,900.216921818989,-214.94692181898904,2026-07-04
17.0,525.0,0.18046533957057648,756.5941029026875,-232.69410290268752,2026-07-04
17.25,540.0,0.18046533957057648,620.3369980124643,-204.78699801246427,2026-07-04
17.5,555.0,0.18046533957057648,493.592340282135,-224.972340282135,2026-07-04
17.75,570.0,0.18046533957057648,374.570312713994,-121.76031271399398,2026-07-04
18.0,585.0,0.18046533957057648,236.5364100477164,-119.5264100477164,2026-07-04
18.25,600.0,0.18046533957057648,103.81306545242671,-17.263065452426716,2026-07-04
18.5,615.0,0.18046533957057648,25.08209396104433,19.647906038955668,2026-07-04
18.75,630.0,0.18046533957057648,0.3350169731268654,10.764983026873134,2026-07-04
19.0,645.0,0.18046533957057648,0.0,0.0,2026-07-04
10.0,15.0,0.316673135530189,2415.443471285775,836.5565287142249,2026-07-04
10.25,30.0,0.316673135530189,2536.762608706935,1136.5473912930647,2026-07-04
10.5,45.0,0.316673135530189,2647.1415203241536,1931.218479675846,2026-07-04
10.75,60.0,0.316673135530189,2681.4724819527246,1772.4875180472754,2026-07-04
11.0,75.0,0.316673135530189,2690.599308429548,1603.6506915704522,2026-07-04
11.25,90.0,0.316673135530189,2696.982165344601,616.127834655399,2026-07-04
11.5,105.0,0.316673135530189,2713.6991182534907,-368.6091182534906,2026-07-04
11.75,120.0,0.316673135530189,2697.9734883383107,32.3365116616892,2026-07-04
12.0,135.0,0.316673135530189,2676.6338480016047,-1187.9638480016047,2026-07-04
12.25,150.0,0.316673135530189,2633.324621458166,-1557.564621458166,2026-07-04
12.5,165.0,0.316673135530189,2584.618507334946,-1342.218507334946,2026-07-04
12.75,180.0,0.316673135530189,2540.119130063382,-1332.539130063382,2026-07-04
13.0,195.0,0.316673135530189,2478.473604443689,-279.32360444368896,2026-07-04
13.25,210.0,0.316673135530189,2399.565036181454,-680.1150361814541,2026-07-04
13.5,225.0,0.316673135530189,2316.184142115426,-1245.144142115426,2026-07-04
13.75,240.0,0.316673135530189,2294.234043038379,-1015.1740430383788,2026-07-04
14.0,255.0,0.316673135530189,2267.4388116927244,252.8811883072758,2026-07-04
14.25,270.0,0.316673135530189,2236.6388560943165,-938.5788560943165,2026-07-04
14.5,285.0,0.316673135530189,2195.446426750004,-561.4464267500039,2026-07-04
14.75,300.0,0.316673135530189,2146.334716048693,-126.10471604869281,2026-07-04
15.0,315.0,0.316673135530189,2089.1805905073347,-1422.9705905073347,2026-07-04
15.25,330.0,0.316673135530189,2016.776427999808,-1440.976427999808,2026-07-04
15.5,345.0,0.316673135530189,1932.961424460792,-1435.921424460792,2026-07-04
15.75,360.0,0.316673135530189,1789.464821743412,-1230.8748217434118,2026-07-04
16.0,375.0,0.316673135530189,1647.2675552134544,-1194.2275552134545,2026-07-04
16.25,390.0,0.316673135530189,1504.986894844818,-752.8968948448179,2026-07-04
16.5,405.0,0.316673135530189,1359.304312860824,-506.70431286082396,2026-07-04
16.75,420.0,0.316673135530189,1165.1854093547263,-479.9154093547263,2026-07-04
17.0,435.0,0.316673135530189,971.573678756084,-447.673678756084,2026-07-04
17.25,450.0,0.316673135530189,785.5817224866331,-370.0317224866331,2026-07-04
17.5,465.0,0.316673135530189,613.9188705079904,-345.2988705079904,2026-07-04
17.75,480.0,0.316673135530189,454.6599258707248,-201.8499258707248,2026-07-04
18.0,495.0,0.316673135530189,282.83449053224217,-165.82449053224218,2026-07-04
18.25,510.0,0.316673135530189,124.13139658560492,-37.58139658560492,2026-07-04
18.5,525.0,0.316673135530189,30.150282853421235,14.579717146578762,2026-07-04
18.75,540.0,0.316673135530189,0.4026000669915144,10.697399933008485,2026-07-04
19.0,555.0,0.316673135530189,0.0,0.0,2026-07-04
11.5,15.0,0.5037641760791802,3707.261386946192,-1362.171386946192,2026-07-04
11.75,30.0,0.5037641760791802,3709.626958502832,-979.3169585028322,2026-07-04
12.0,45.0,0.5037641760791802,3702.8483729544528,-2214.1783729544527,2026-07-04
12.25,60.0,0.5037641760791802,3660.414574865324,-2584.6545748653243,2026-07-04
12.5,75.0,0.5037641760791802,3604.0967215000496,-2361.6967215000495,2026-07-04
12.75,90.0,0.5037641760791802,3550.4007884218445,-2342.8207884218446,2026-07-04
13.0,105.0,0.5037641760791802,3473.6387739213715,-1274.4887739213714,2026-07-04
13.25,120.0,0.5037641760791802,3371.3809060641097,-1651.9309060641096,2026-07-04
13.5,135.0,0.5037641760791802,3269.159887234924,-2198.119887234924,2026-07-04
13.75,150.0,0.5037641760791802,3214.427867453612,-1935.3678674536122,2026-07-04
14.0,165.0,0.5037641760791802,3161.087775685104,-640.767775685104,2026-07-04
14.25,180.0,0.5037641760791802,3097.2120896859983,-1799.1520896859984,2026-07-04
14.5,195.0,0.5037641760791802,3017.941463177997,-1383.9414631779969,2026-07-04
14.75,210.0,0.5037641760791802,2924.2516861690697,-904.0216861690697,2026-07-04
15.0,225.0,0.5037641760791802,2821.544207105347,-2155.334207105347,2026-07-04
15.25,240.0,0.5037641760791802,2698.2914871973894,-2122.4914871973897,2026-07-04
15.5,255.0,0.5037641760791802,2563.304831282559,-2066.264831282559,2026-07-04
15.75,270.0,0.5037641760791802,2367.990711848689,-1809.4007118486888,2026-07-04
16.0,285.0,0.5037641760791802,2170.1821376262164,-1717.1421376262165,2026-07-04
16.25,300.0,0.5037641760791802,1964.883154285596,-1212.7931542855958,2026-07-04
16.5,315.0,0.5037641760791802,1753.3800108652251,-900.7800108652251,2026-07-04
16.75,330.0,0.5037641760791802,1492.271285761582,-807.001285761582,2026-07-04
17.0,345.0,0.5037641760791802,1237.51160526797,-713.61160526797,2026-07-04
17.25,360.0,0.5037641760791802,992.3714872092612,-576.8214872092612,2026-07-04
17.5,375.0,0.5037641760791802,765.3379173357516,-496.7179173357516,2026-07-04
17.75,390.0,0.5037641760791802,556.727461831089,-303.91746183108904,2026-07-04
18.0,405.0,0.5037641760791802,342.30561701592126,-225.29561701592127,2026-07-04
18.25,420.0,0.5037641760791802,150.2509763255669,-63.70097632556691,2026-07-04
18.5,435.0,0.5037641760791802,36.64596044319612,8.08403955680388,2026-07-04
18.75,450.0,0.5037641760791802,0.488876668433929,10.61112333156607,2026-07-04
19.0,465.0,0.5037641760791802,0.0,0.0,2026-07-04
13.0,15.0,0.1326367587337719,2247.882832802009,-48.73283280200894,2026-07-04
13.25,30.0,0.1326367587337719,2234.673161168218,-515.223161168218,2026-07-04
13.5,45.0,0.1326367587337719,2216.1208401598683,-1145.0808401598683,2026-07-04
13.75,60.0,0.1326367587337719,2152.4002529692198,-873.3402529692198,2026-07-04
14.0,75.0,0.1326367587337719,2089.451001561607,430.8689984383932,2026-07-04
14.25,90.0,0.1326367587337719,2022.1012520419115,-724.0412520419115,2026-07-04
14.5,105.0,0.1326367587337719,1939.4782824516324,-305.47828245163237,2026-07-04
14.75,120.0,0.1326367587337719,1824.7247044132969,195.50529558670314,2026-07-04
15.0,135.0,0.1326367587337719,1710.3345654969246,-1044.1245654969246,2026-07-04
15.25,150.0,0.1326367587337719,1588.1664146106689,-1012.3664146106689,2026-07-04
15.5,165.0,0.1326367587337719,1456.4441063171053,-959.4041063171053,2026-07-04
15.75,180.0,0.1326367587337719,1316.6407341095553,-758.0507341095553,2026-07-04
16.0,195.0,0.1326367587337719,1176.0065110046344,-722.9665110046344,2026-07-04
16.25,210.0,0.1326367587337719,1043.9089286360108,-291.8189286360108,2026-07-04
16.5,225.0,0.1326367587337719,910.9272420840722,-58.32724208407217,2026-07-04
16.75,240.0,0.1326367587337719,786.3102707185418,-101.04027071854182,2026-07-04
17.0,255.0,0.1326367587337719,662.5798475279717,-138.67984752797167,2026-07-04
17.25,270.0,0.1326367587337719,542.5815212977019,-127.03152129770189,2026-07-04
17.5,285.0,0.1326367587337719,431.882737347543,-163.262737347543,2026-07-04
17.75,300.0,0.1326367587337719,336.193006814618,-83.383006814618,2026-07-04
18.0,315.0,0.1326367587337719,218.970585700509,-101.96058570050899,2026-07-04
18.25,330.0,0.1326367587337719,96.09604470824485,-9.54604470824485,2026-07-04
18.5,345.0,0.1326367587337719,23.192272051093028,21.53772794890697,2026-07-04
18.75,360.0,0.1326367587337719,0.3094684080945069,10.790531591905493,2026-07-04
19.0,375.0,0.1326367587337719,0.0,0.0,2026-07-04
14.5,15.0,0.1848271184387171,2107.757192111517,-473.7571921115168,2026-07-04
14.75,30.0,0.1848271184387171,1998.697112512564,21.532887487436028,2026-07-04
15.0,45.0,0.1848271184387171,1886.521744924156,-1220.311744924156,2026-07-04
15.25,60.0,0.1848271184387171,1753.6811450417072,-1177.8811450417072,2026-07-04
15.5,75.0,0.1848271184387171,1610.9735855848394,-1113.9335855848394,2026-07-04
15.75,90.0,0.1848271184387171,1467.3414688342186,-908.7514688342186,2026-07-04
16.0,105.0,0.1848271184387171,1319.8836506218313,-866.8436506218313,2026-07-04
16.25,120.0,0.1848271184387171,1173.3659963801465,-421.27599638014647,2026-07-04
16.5,135.0,0.1848271184387171,1024.153745618299,-171.55374561829888,2026-07-04
16.75,150.0,0.1848271184387171,879.8142147806917,-194.54421478069173,2026-07-04
17.0,165.0,0.1848271184387171,737.7639203054505,-213.8639203054505,2026-07-04
17.25,180.0,0.1848271184387171,602.5813469840441,-187.0313469840441,2026-07-04
17.5,195.0,0.1848271184387171,476.819950640493,-208.199950640493,2026-07-04
17.75,210.0,0.1848271184387171,365.2623645606332,-112.45236456063321,2026-07-04
18.0,225.0,0.1848271184387171,235.7375363765881,-118.7275363765881,2026-07-04
18.25,240.0,0.1848271184387171,103.6314979254192,-17.0814979254192,2026-07-04
18.5,255.0,0.1848271184387171,25.127061856175583,19.602938143824414,2026-07-04
18.75,270.0,0.1848271184387171,0.3360848164723646,10.763915183527635,2026-07-04
19.0,285.0,0.1848271184387171,0.0,0.0,2026-07-04
16.0,15.0,0.0952757156046323,965.0951343043156,-512.0551343043155,2026-07-04
16.25,30.0,0.0952757156046323,870.0479270498176,-117.95792704981761,2026-07-04
16.5,45.0,0.0952757156046323,770.545862626432,82.05413737356798,2026-07-04
16.75,60.0,0.0952757156046323,673.6745179996427,11.595482000357265,2026-07-04
17.0,75.0,0.0952757156046323,577.2041552984392,-53.30415529843924,2026-07-04
17.25,90.0,0.0952757156046323,481.0602499036723,-65.51024990367227,2026-07-04
17.5,105.0,0.0952757156046323,389.0398200273704,-120.4198200273704,2026-07-04
17.75,120.0,0.0952757156046323,306.9138921258655,-54.103892125865514,2026-07-04
18.0,135.0,0.0952757156046323,202.1113983394851,-85.1013983394851,2026-07-04
18.25,150.0,0.0952757156046323,89.08401493848363,-2.5340149384836366,2026-07-04
18.5,165.0,0.0952757156046323,21.44869377487082,23.28130622512918,2026-07-04
18.75,180.0,0.0952757156046323,0.2861422151542242,10.813857784845775,2026-07-04
19.0,195.0,0.0952757156046323,0.0,0.0,2026-07-04
17.5,15.0,0.21527547046518858,494.1290334821838,-225.50903348218378,2026-07-04
17.75,30.0,0.21527547046518858,377.9366561444005,-125.1266561444005,2026-07-04
18.0,45.0,0.21527547046518858,243.244287249142,-126.23428724914199,2026-07-04
18.25,60.0,0.21527547046518858,106.95748402010383,-20.407484020103837,2026-07-04
18.5,75.0,0.21527547046518858,25.880237975564327,18.84976202443567,2026-07-04
18.75,90.0,0.21527547046518858,0.3457675140550046,10.754232485944994,2026-07-04
19.0,105.0,0.21527547046518858,0.0,0.0,2026-07-04
7.0,15.0,0.21898705591038856,313.32773545834715,-37.257735458347156,2026-07-05
7.25,30.0,0.21898705591038856,426.8554698306114,-114.47546983061142,2026-07-05
7.5,45.0,0.21898705591038856,545.7538474761125,-167.6038474761125,2026-07-05
7.75,60.0,0.21898705591038856,697.2896394596677,-199.1596394596677,2026-07-05
8.0,75.0,0.21898705591038856,854.4959506378707,-37.605950637870706,2026-07-05
8.25,90.0,0.21898705591038856,1016.3067956268794,53.503204373120525,2026-07-05
8.5,105.0,0.21898705591038856,1176.6425406385067,6.517459361493366,2026-07-05
8.75,120.0,0.21898705591038856,1371.4074902445825,-102.12749024458253,2026-07-05
9.0,135.0,0.21898705591038856,1568.4678603494451,-419.4578603494451,2026-07-05
9.25,150.0,0.21898705591038856,1769.8439656315868,-772.5539656315868,2026-07-05
9.5,165.0,0.21898705591038856,1972.7131417336716,-834.0931417336717,2026-07-05
9.75,180.0,0.21898705591038856,2170.194774680322,-468.1747746803221,2026-07-05
10.0,195.0,0.21898705591038856,2356.8849028673294,-891.3949028673294,2026-07-05
10.25,210.0,0.21898705591038856,2524.45874984025,-238.83874984025033,2026-07-05
10.5,225.0,0.21898705591038856,2661.0547871688937,1462.515212831106,2026-07-05
10.75,240.0,0.21898705591038856,2731.657539291768,1531.7524607082319,2026-07-05
11.0,255.0,0.21898705591038856,2801.867323412053,843.982676587947,2026-07-05
11.25,270.0,0.21898705591038856,2878.229859235338,-246.05985923533808,2026-07-05
11.5,285.0,0.21898705591038856,2954.1672783865083,274.82272161349147,2026-07-05
11.75,300.0,0.21898705591038856,2973.0934639779525,117.69653602204744,2026-07-05
12.0,315.0,0.21898705591038856,2982.871538203792,103.698461796208,2026-07-05
12.25,330.0,0.21898705591038856,2990.805949310782,-28.225949310782198,2026-07-05
12.5,345.0,0.21898705591038856,2985.781567258543,-888.681567258543,2026-07-05
12.75,360.0,0.21898705591038856,2921.982141199747,-743.9721411997466,2026-07-05
13.0,375.0,0.21898705591038856,2849.7321325310018,76.25786746899803,2026-07-05
13.25,390.0,0.21898705591038856,2779.1306881813,290.09931181870024,2026-07-05
13.5,405.0,0.21898705591038856,2702.8800236705006,-19.54002367050043,2026-07-05
13.75,420.0,0.21898705591038856,2599.920324825547,-1277.0603248255472,2026-07-05
14.0,435.0,0.21898705591038856,2497.392186425746,-1460.8921864257459,2026-07-05
14.25,450.0,0.21898705591038856,2392.1615951345693,-1387.0015951345695,2026-07-05
14.5,465.0,0.21898705591038856,2273.533045369837,-1212.363045369837,2026-07-05
14.75,480.0,0.21898705591038856,2128.70483242324,-1043.49483242324,2026-07-05
15.0,495.0,0.21898705591038856,1978.7347504398629,-675.2847504398628,2026-07-05
15.25,510.0,0.21898705591038856,1823.4649290684251,-538.1749290684252,2026-07-05
15.5,525.0,0.21898705591038856,1664.8199975440289,55.940002455971126,2026-07-05
15.75,540.0,0.21898705591038856,1518.5167677917527,539.4232322082473,2026-07-05
16.0,555.0,0.21898705591038856,1366.0907994030697,666.9992005969302,2026-07-05
16.25,570.0,0.21898705591038856,1203.617640355258,816.752359644742,2026-07-05
16.5,585.0,0.21898705591038856,1032.4953719288417,575.6746280711584,2026-07-05
16.75,600.0,0.21898705591038856,878.5153191365313,470.5346808634687,2026-07-05
17.0,615.0,0.21898705591038856,728.8140489642709,360.73595103572904,2026-07-05
17.25,630.0,0.21898705591038856,588.9759966771921,32.664003322807844,2026-07-05
17.5,645.0,0.21898705591038856,457.6629522126127,-89.09295221261272,2026-07-05
17.75,660.0,0.21898705591038856,342.2349608954931,-83.0949608954931,2026-07-05
18.0,675.0,0.21898705591038856,238.56174654295768,-32.221746542957675,2026-07-05
18.25,690.0,0.21898705591038856,111.85941279868196,33.490587201318036,2026-07-05
18.5,705.0,0.21898705591038856,27.048699428317537,34.69130057168246,2026-07-05
18.75,720.0,0.21898705591038856,0.3631788523905392,8.75682114760946,2026-07-05
19.0,735.0,0.21898705591038856,0.0,0.0,2026-07-05
8.5,15.0,0.1847129831620676,1093.7439269180236,89.41607308197649,2026-07-05
8.75,30.0,0.1847129831620676,1281.824111860267,-12.544111860267094,2026-07-05
9.0,45.0,0.1847129831620676,1469.8455064767766,-320.8355064767766,2026-07-05
9.25,60.0,0.1847129831620676,1659.0216488506849,-661.7316488506849,2026-07-05
9.5,75.0,0.1847129831620676,1847.820972129878,-709.2009721298782,2026-07-05
9.75,90.0,0.1847129831620676,2029.262439168659,-327.2424391686591,2026-07-05
10.0,105.0,0.1847129831620676,2196.370422070428,-730.880422070428,2026-07-05
10.25,120.0,0.1847129831620676,2351.092380540199,-65.47238054019908,2026-07-05
10.5,135.0,0.1847129831620676,2481.583134779679,1641.9868652203209,2026-07-05
10.75,150.0,0.1847129831620676,2537.9495454795046,1725.4604545204952,2026-07-05
11.0,165.0,0.1847129831620676,2592.365001600242,1053.4849983997578,2026-07-05
11.25,180.0,0.1847129831620676,2660.551578759461,-28.381578759460808,2026-07-05
11.5,195.0,0.1847129831620676,2725.172793626228,503.81720637377157,2026-07-05
11.75,210.0,0.1847129831620676,2735.040426313163,355.7495736868368,2026-07-05
12.0,225.0,0.1847129831620676,2735.361064087367,351.208935912633,2026-07-05
12.25,240.0,0.1847129831620676,2739.0891918833145,223.49080811668546,2026-07-05
12.5,255.0,0.1847129831620676,2724.89789531822,-627.7978953182201,2026-07-05
12.75,270.0,0.1847129831620676,2671.044860702614,-493.03486070261397,2026-07-05
13.0,285.0,0.1847129831620676,2612.3081874801464,313.68181251985334,2026-07-05
13.25,300.0,0.1847129831620676,2553.057082726732,516.172917273268,2026-07-05
13.5,315.0,0.1847129831620676,2486.254792130753,197.08520786924737,2026-07-05
13.75,330.0,0.1847129831620676,2391.181332784986,-1068.321332784986,2026-07-05
14.0,345.0,0.1847129831620676,2293.299774871893,-1256.799774871893,2026-07-05
14.25,360.0,0.1847129831620676,2189.5635940415946,-1184.4035940415947,2026-07-05
14.5,375.0,0.1847129831620676,2074.0053239673216,-1012.8353239673215,2026-07-05
14.75,390.0,0.1847129831620676,1941.4700116744505,-856.2600116744504,2026-07-05
15.0,405.0,0.1847129831620676,1792.0020762471015,-488.55207624710147,2026-07-05
15.25,420.0,0.1847129831620676,1634.0833278616808,-348.79332786168084,2026-07-05
15.5,435.0,0.1847129831620676,1477.6036270905818,243.15637290941822,2026-07-05
15.75,450.0,0.1847129831620676,1340.566875606759,717.3731243932411,2026-07-05
16.0,465.0,0.1847129831620676,1200.9049242478588,832.1850757521411,2026-07-05
16.25,480.0,0.1847129831620676,1058.9713261678808,961.3986738321191,2026-07-05
16.5,495.0,0.1847129831620676,908.7832321300676,699.3867678699324,2026-07-05
16.75,510.0,0.1847129831620676,772.3514790027849,576.698520997215,2026-07-05
17.0,525.0,0.1847129831620676,642.9447939779475,446.60520602205247,2026-07-05
17.25,540.0,0.1847129831620676,524.6794999825945,96.96050001740548,2026-07-05
17.5,555.0,0.1847129831620676,411.7343794438984,-43.16437944389838,2026-07-05
17.75,570.0,0.1847129831620676,311.645822716548,-52.50582271654804,2026-07-05
18.0,585.0,0.1847129831620676,220.7727652146792,-14.432765214679193,2026-07-05
18.25,600.0,0.1847129831620676,103.97776547007186,41.372234529928136,2026-07-05
18.5,615.0,0.1847129831620676,25.077079336062248,36.662920663937754,2026-07-05
18.75,630.0,0.1847129831620676,0.3369063363567494,8.78309366364325,2026-07-05
19.0,645.0,0.1847129831620676,0.0,0.0,2026-07-05
10.0,15.0,0.18111949690809542,2105.704162738206,-640.2141627382059,2026-07-05
10.25,30.0,0.18111949690809542,2267.156962293521,18.4630377064791,2026-07-05
10.5,45.0,0.18111949690809542,2408.3024402787023,1715.2675597212974,2026-07-05
10.75,60.0,0.18111949690809542,2478.8815820731843,1784.5284179268156,2026-07-05
11.0,75.0,0.18111949690809542,2544.5788379289825,1101.2711620710174,2026-07-05
11.25,90.0,0.18111949690809542,2614.4975706587065,17.672429341293537,2026-07-05
11.5,105.0,0.18111949690809542,2682.5826072721607,546.4073927278391,2026-07-05
11.75,120.0,0.18111949690809542,2695.5412429298835,395.2487570701164,2026-07-05
12.0,135.0,0.18111949690809542,2701.154623212184,385.41537678781606,2026-07-05
12.25,150.0,0.18111949690809542,2700.211952229103,262.36804777089674,2026-07-05
12.5,165.0,0.18111949690809542,2687.913592046825,-590.8135920468253,2026-07-05
12.75,180.0,0.18111949690809542,2639.133483191092,-461.12348319109196,2026-07-05
13.0,195.0,0.18111949690809542,2585.1096787747542,340.88032122524555,2026-07-05
13.25,210.0,0.18111949690809542,2522.7024062769483,546.5275937230517,2026-07-05
13.5,225.0,0.18111949690809542,2452.193957304252,231.1460426957483,2026-07-05
13.75,240.0,0.18111949690809542,2358.6907010637183,-1035.8307010637184,2026-07-05
14.0,255.0,0.18111949690809542,2263.9105394002045,-1227.4105394002045,2026-07-05
14.25,270.0,0.18111949690809542,2165.4274775608287,-1160.2674775608289,2026-07-05
14.5,285.0,0.18111949690809542,2054.425220723235,-993.2552207232347,2026-07-05
14.75,300.0,0.18111949690809542,1912.9874975840632,-827.7774975840632,2026-07-05
15.0,315.0,0.18111949690809542,1763.87953428999,-460.42953428999,2026-07-05
15.25,330.0,0.18111949690809542,1613.7007057568217,-328.4107057568217,2026-07-05
15.5,345.0,0.18111949690809542,1462.5636838854923,258.1963161145077,2026-07-05
15.75,360.0,0.18111949690809542,1325.0158276053355,732.9241723946645,2026-07-05
16.0,375.0,0.18111949690809542,1189.0516040659884,844.0383959340115,2026-07-05
16.25,390.0,0.18111949690809542,1052.0243538128543,968.3456461871456,2026-07-05
16.5,405.0,0.18111949690809542,906.51273872353,701.6572612764701,2026-07-05
16.75,420.0,0.18111949690809542,774.6692344245927,574.3807655754073,2026-07-05
17.0,435.0,0.18111949690809542,647.2255269057706,442.32447309422935,2026-07-05
17.25,450.0,0.18111949690809542,526.1434933133387,95.49650668666129,2026-07-05
17.5,465.0,0.18111949690809542,411.4423454146472,-42.872345414647214,2026-07-05
17.75,480.0,0.18111949690809542,311.10751571721835,-51.96751571721836,2026-07-05
18.0,495.0,0.18111949690809542,220.6740022234656,-14.334002223465603,2026-07-05
18.25,510.0,0.18111949690809542,103.83285244770228,41.517147552297715,2026-07-05
18.5,525.0,0.18111949690809542,25.02773719276039,36.71226280723961,2026-07-05
18.75,540.0,0.18111949690809542,0.3360107255386296,8.78398927446137,2026-07-05
19.0,555.0,0.18111949690809542,0.0,0.0,2026-07-05
11.5,15.0,0.4301781238546971,4084.4938539781706,-855.5038539781708,2026-07-05
11.75,30.0,0.4301781238546971,4131.697502913045,-1040.9075029130454,2026-07-05
12.0,45.0,0.4301781238546971,4160.933797353834,-1074.363797353834,2026-07-05
12.25,60.0,0.4301781238546971,4174.264530541578,-1211.6845305415782,2026-07-05
12.5,75.0,0.4301781238546971,4166.791929310265,-2069.691929310265,2026-07-05
12.75,90.0,0.4301781238546971,4109.726913237591,-1931.7169132375911,2026-07-05
13.0,105.0,0.4301781238546971,4034.370952911641,-1108.380952911641,2026-07-05
13.25,120.0,0.4301781238546971,3944.71756316015,-875.4875631601499,2026-07-05
13.5,135.0,0.4301781238546971,3848.013584701691,-1164.6735847016907,2026-07-05
13.75,150.0,0.4301781238546971,3723.371200088993,-2400.511200088993,2026-07-05
14.0,165.0,0.4301781238546971,3592.823440293754,-2556.323440293754,2026-07-05
14.25,180.0,0.4301781238546971,3454.263696986316,-2449.103696986316,2026-07-05
14.5,195.0,0.4301781238546971,3289.7862210974267,-2228.6162210974267,2026-07-05
14.75,210.0,0.4301781238546971,3092.144878351875,-2006.9348783518749,2026-07-05
15.0,225.0,0.4301781238546971,2879.692364122453,-1576.242364122453,2026-07-05
15.25,240.0,0.4301781238546971,2659.164633579145,-1373.8746335791452,2026-07-05
15.5,255.0,0.4301781238546971,2437.854924062668,-717.094924062668,2026-07-05
15.75,270.0,0.4301781238546971,2224.950738095152,-167.01073809515174,2026-07-05
16.0,285.0,0.4301781238546971,2004.5389075294584,28.551092470541562,2026-07-05
16.25,300.0,0.4301781238546971,1772.7278806790216,247.64211932097828,2026-07-05
16.5,315.0,0.4301781238546971,1528.467213412875,79.70278658712505,2026-07-05
16.75,330.0,0.4301781238546971,1297.236535543902,51.81346445609802,2026-07-05
17.0,345.0,0.4301781238546971,1072.0454834231928,17.50451657680719,2026-07-05
17.25,360.0,0.4301781238546971,858.3947549526886,-236.7547549526886,2026-07-05
17.5,375.0,0.4301781238546971,656.8575602392989,-288.2875602392989,2026-07-05
17.75,390.0,0.4301781238546971,476.9083424659258,-217.7683424659258,2026-07-05
18.0,405.0,0.4301781238546971,317.2550658790812,-110.9150658790812,2026-07-05
18.25,420.0,0.4301781238546971,146.56188759665187,-1.2118875966518772,2026-07-05
18.5,435.0,0.4301781238546971,35.659735283800615,26.080264716199387,2026-07-05
18.75,450.0,0.4301781238546971,0.4781398324625234,8.641860167537477,2026-07-05
19.0,465.0,0.4301781238546971,0.0,0.0,2026-07-05
13.0,15.0,0.2729643207150532,3258.96499087976,-332.9749908797603,2026-07-05
13.25,30.0,0.2729643207150532,3225.73026922111,-156.5002692211101,2026-07-05
13.5,45.0,0.2729643207150532,3186.352037703496,-503.01203770349593,2026-07-05
13.75,60.0,0.2729643207150532,3094.768953981497,-1771.908953981497,2026-07-05
14.0,75.0,0.2729643207150532,2996.2550237766704,-1959.7550237766704,2026-07-05
14.25,90.0,0.2729643207150532,2891.5719259971543,-1886.4119259971544,2026-07-05
14.5,105.0,0.2729643207150532,2769.4720884661665,-1708.3020884661664,2026-07-05
14.75,120.0,0.2729643207150532,2602.2177045497906,-1517.0077045497906,2026-07-05
15.0,135.0,0.2729643207150532,2428.476095742631,-1125.026095742631,2026-07-05
15.25,150.0,0.2729643207150532,2251.7058023153286,-966.4158023153286,2026-07-05
15.5,165.0,0.2729643207150532,2068.9278829411587,-348.1678829411587,2026-07-05
15.75,180.0,0.2729643207150532,1883.087265829001,174.85273417099916,2026-07-05
16.0,195.0,0.2729643207150532,1700.4410804174324,332.6489195825675,2026-07-05
16.25,210.0,0.2729643207150532,1517.3293475419764,503.0406524580235,2026-07-05
16.5,225.0,0.2729643207150532,1322.681678768371,285.488321231629,2026-07-05
16.75,240.0,0.2729643207150532,1126.316912940539,222.733087059461,2026-07-05
17.0,255.0,0.2729643207150532,934.3856342372932,155.16436576270678,2026-07-05
17.25,270.0,0.2729643207150532,750.4356247330256,-128.79562473302565,2026-07-05
17.5,285.0,0.2729643207150532,575.681724236284,-207.11172423628403,2026-07-05
17.75,300.0,0.2729643207150532,427.4707739877701,-168.3307739877701,2026-07-05
18.0,315.0,0.2729643207150532,268.5644564017012,-62.22445640170119,2026-07-05
18.25,330.0,0.2729643207150532,117.8473630578216,27.5026369421784,2026-07-05
18.5,345.0,0.2729643207150532,28.466094732689267,33.27390526731074,2026-07-05
18.75,360.0,0.2729643207150532,0.3811756261468334,8.738824373853166,2026-07-05
19.0,375.0,0.2729643207150532,0.0,0.0,2026-07-05
14.5,15.0,0.17973413129690322,2241.711527613164,-1180.541527613164,2026-07-05
14.75,30.0,0.17973413129690322,2129.457546669648,-1044.2475466696478,2026-07-05
15.0,45.0,0.17973413129690322,2004.5506972548517,-701.1006972548516,2026-07-05
15.25,60.0,0.17973413129690322,1870.1542413943916,-584.8642413943917,2026-07-05
15.5,75.0,0.17973413129690322,1732.279585151063,-11.519585151062984,2026-07-05
15.75,90.0,0.17973413129690322,1586.1505195867292,471.7894804132709,2026-07-05
16.0,105.0,0.17973413129690322,1433.2051961975596,599.8848038024403,2026-07-05
16.25,120.0,0.17973413129690322,1275.9391949460048,744.4308050539951,2026-07-05
16.5,135.0,0.17973413129690322,1115.8495925485431,492.32040745145696,2026-07-05
16.75,150.0,0.17973413129690322,955.945074192279,393.104925807721,2026-07-05
17.0,165.0,0.17973413129690322,796.2711147232976,293.27888527670234,2026-07-05
17.25,180.0,0.17973413129690322,642.7992978887703,-21.15929788877031,2026-07-05
17.5,195.0,0.17973413129690322,495.6039699946896,-127.03396999468958,2026-07-05
17.75,210.0,0.17973413129690322,373.44551692649935,-114.30551692649937,2026-07-05
18.0,225.0,0.17973413129690322,237.15390108329171,-30.81390108329171,2026-07-05
18.25,240.0,0.17973413129690322,104.17853680028256,41.17146319971744,2026-07-05
18.5,255.0,0.17973413129690322,25.160861928173464,36.579138071826534,2026-07-05
18.75,270.0,0.17973413129690322,0.3385113615635978,8.781488638436402,2026-07-05
19.0,285.0,0.17973413129690322,0.0,0.0,2026-07-05
16.0,15.0,0.25493356121041333,1756.0817471530154,277.00825284698453,2026-07-05
16.25,30.0,0.25493356121041333,1553.1264690049911,467.24353099500877,2026-07-05
16.5,45.0,0.25493356121041333,1344.654544694101,263.51545530589897,2026-07-05
16.75,60.0,0.25493356121041333,1140.133132222331,208.91686777766904,2026-07-05
17.0,75.0,0.25493356121041333,940.800298482937,148.74970151706293,2026-07-05
17.25,90.0,0.25493356121041333,752.8222691805275,-131.18226918052756,2026-07-05
17.5,105.0,0.25493356121041333,574.7419310252427,-206.1719310252427,2026-07-05
17.75,120.0,0.25493356121041333,425.4028225781881,-166.2628225781881,2026-07-05
18.0,135.0,0.25493356121041333,267.3311637493249,-60.9911637493249,2026-07-05
18.25,150.0,0.25493356121041333,117.44632552986003,27.90367447013996,2026-07-05
18.5,165.0,0.25493356121041333,28.41450389545164,33.325496104548364,2026-07-05
18.75,180.0,0.25493356121041333,0.381612762649844,8.738387237350155,2026-07-05
19.0,195.0,0.25493356121041333,0.0,0.0,2026-07-05
17.5,15.0,0.38173506313863514,661.7150587999444,-293.14505879994437,2026-07-05
17.75,30.0,0.38173506313863514,485.55165562199727,-226.41165562199728,2026-07-05
18.0,45.0,0.38173506313863514,302.52953363608583,-96.18953363608583,2026-07-05
18.25,60.0,0.38173506313863514,132.9064848434109,12.443515156589086,2026-07-05
18.5,75.0,0.38173506313863514,32.28669034247178,29.453309657528223,2026-07-05
18.75,90.0,0.38173506313863514,0.4341395684341261,8.685860431565873,2026-07-05
19.0,105.0,0.38173506313863514,0.0,0.0,2026-07-05
7.0,15.0,0.7135547895584738,821.0890611150993,148.4009388849007,2026-07-06
7.25,30.0,0.7135547895584738,1105.2469212877727,180.60307871222722,2026-07-06
7.5,45.0,0.7135547895584738,1400.356862028633,-117.7868620286331,2026-07-06
7.75,60.0,0.7135547895584738,1704.489847688188,-596.1298476881882,2026-07-06
8.0,75.0,0.7135547895584738,2010.7097048681285,-326.97970486812847,2026-07-06
8.25,90.0,0.7135547895584738,2315.714404697635,-216.54440469763495,2026-07-06
8.5,105.0,0.7135547895584738,2615.278470043788,132.8215299562121,2026-07-06
8.75,120.0,0.7135547895584738,2909.7003280687245,550.9296719312756,2026-07-06
9.0,135.0,0.7135547895584738,3198.556297891882,298.54370210811794,2026-07-06
9.25,150.0,0.7135547895584738,3478.4788237192856,546.2611762807142,2026-07-06
9.5,165.0,0.7135547895584738,3749.133061911242,398.35693808875794,2026-07-06
9.75,180.0,0.7135547895584738,3993.105890807695,-482.22589080769467,2026-07-06
10.0,195.0,0.7135547895584738,4221.390606980851,-1637.2206069808508,2026-07-06
10.25,210.0,0.7135547895584738,4429.723736046988,-2806.7337360469883,2026-07-06
10.5,225.0,0.7135547895584738,4611.769605833756,-2719.039605833756,2026-07-06
10.75,240.0,0.7135547895584738,4743.608468165499,-2476.2784681654994,2026-07-06
11.0,255.0,0.7135547895584738,4858.210324445686,-2210.1703244456858,2026-07-06
11.25,270.0,0.7135547895584738,4958.7887892323615,-2716.0687892323617,2026-07-06
11.5,285.0,0.7135547895584738,5034.805700512454,-3212.3657005124537,2026-07-06
11.75,300.0,0.7135547895584738,5067.008071527526,-3854.9280715275263,2026-07-06
12.0,315.0,0.7135547895584738,5084.090064812689,-3718.260064812689,2026-07-06
12.25,330.0,0.7135547895584738,5075.498108824261,-3622.1681088242613,2026-07-06
12.5,345.0,0.7135547895584738,5042.6014111691975,-1117.4714111691974,2026-07-06
12.75,360.0,0.7135547895584738,5000.821705723484,-2069.6417057234844,2026-07-06
13.0,375.0,0.7135547895584738,4942.540915007377,-1804.6509150073775,2026-07-06
13.25,390.0,0.7135547895584738,4851.350283986915,-2469.2702839869153,2026-07-06
13.5,405.0,0.7135547895584738,4738.511251495543,-1821.9512514955427,2026-07-06
13.75,420.0,0.7135547895584738,4650.859850620614,-1945.5798506206143,2026-07-06
14.0,435.0,0.7135547895584738,4544.11514472229,-444.5051447222904,2026-07-06
14.25,450.0,0.7135547895584738,4414.488500950329,499.1014990496715,2026-07-06
14.5,465.0,0.7135547895584738,4263.448262882583,1741.831737117417,2026-07-06
14.75,480.0,0.7135547895584738,4096.826164909592,34.383835090407956,2026-07-06
15.0,495.0,0.7135547895584738,3920.9218153039774,-250.49181530397755,2026-07-06
15.25,510.0,0.7135547895584738,3728.648077866885,-426.2580778668853,2026-07-06
15.5,525.0,0.7135547895584738,3518.835290557457,-328.30529055745683,2026-07-06
15.75,540.0,0.7135547895584738,3252.160063788691,-115.85006378869093,2026-07-06
16.0,555.0,0.7135547895584738,2975.7701528018138,-379.44015280181384,2026-07-06
16.25,570.0,0.7135547895584738,2688.1907524447342,-363.3707524447341,2026-07-06
16.5,585.0,0.7135547895584738,2393.454792238276,-783.9447922382758,2026-07-06
16.75,600.0,0.7135547895584738,2054.369801325955,-933.9998013259551,2026-07-06
17.0,615.0,0.7135547895584738,1715.9077131751803,-1252.8377131751804,2026-07-06
17.25,630.0,0.7135547895584738,1384.3774804500172,-1148.5374804500173,2026-07-06
17.5,645.0,0.7135547895584738,1066.6472950324012,-829.3372950324012,2026-07-06
17.75,660.0,0.7135547895584738,753.0028250650785,-567.4128250650784,2026-07-06
18.0,675.0,0.7135547895584738,437.8796865144554,-282.2996865144554,2026-07-06
18.25,690.0,0.7135547895584738,192.61065643600315,-52.160656436003165,2026-07-06
18.5,705.0,0.7135547895584738,45.59584377642407,61.104156223575934,2026-07-06
18.75,720.0,0.7135547895584738,0.6136813618557652,38.93631863814423,2026-07-06
19.0,735.0,0.7135547895584738,0.0,3.1,2026-07-06
8.5,15.0,0.4403188576555566,1880.5769781947813,867.5230218052186,2026-07-06
8.75,30.0,0.4403188576555566,2088.193558254554,1372.4364417454462,2026-07-06
9.0,45.0,0.4403188576555566,2292.0210157455067,1205.0789842544932,2026-07-06
9.25,60.0,0.4403188576555566,2494.419150200203,1530.3208497997966,2026-07-06
9.5,75.0,0.4403188576555566,2691.648464190665,1455.8415358093348,2026-07-06
9.75,90.0,0.4403188576555566,2867.202380888099,643.6776191119011,2026-07-06
10.0,105.0,0.4403188576555566,3028.5500833040805,-444.3800833040805,2026-07-06
10.25,120.0,0.4403188576555566,3178.197190352739,-1555.2071903527392,2026-07-06
10.5,135.0,0.4403188576555566,3313.38279101781,-1420.6527910178102,2026-07-06
10.75,150.0,0.4403188576555566,3402.1631870490746,-1134.8331870490747,2026-07-06
11.0,165.0,0.4403188576555566,3479.0938594520626,-831.0538594520626,2026-07-06
11.25,180.0,0.4403188576555566,3548.6922722294607,-1305.972272229461,2026-07-06
11.5,195.0,0.4403188576555566,3602.001080803507,-1779.5610808035071,2026-07-06
11.75,210.0,0.4403188576555566,3620.865423220259,-2408.785423220259,2026-07-06
12.0,225.0,0.4403188576555566,3626.398082639809,-2260.5680826398093,2026-07-06
12.25,240.0,0.4403188576555566,3621.977234299359,-2168.6472342993593,2026-07-06
12.5,255.0,0.4403188576555566,3594.5543872953585,330.57561270464157,2026-07-06
12.75,270.0,0.4403188576555566,3563.0371530424536,-631.8571530424538,2026-07-06
13.0,285.0,0.4403188576555566,3517.2582520905594,-379.3682520905595,2026-07-06
13.25,300.0,0.4403188576555566,3455.4969809820536,-1073.4169809820537,2026-07-06
13.5,315.0,0.4403188576555566,3376.0730054526307,-459.51300545263075,2026-07-06
13.75,330.0,0.4403188576555566,3324.9135306702874,-619.6335306702872,2026-07-06
14.0,345.0,0.4403188576555566,3266.542969341495,833.0670306585048,2026-07-06
14.25,360.0,0.4403188576555566,3191.5470464640603,1722.04295353594,2026-07-06
14.5,375.0,0.4403188576555566,3100.682621406315,2904.597378593685,2026-07-06
14.75,390.0,0.4403188576555566,2998.583897331793,1132.6261026682068,2026-07-06
15.0,405.0,0.4403188576555566,2888.0058408064174,782.4241591935825,2026-07-06
15.25,420.0,0.4403188576555566,2768.7935609575184,533.5964390424815,2026-07-06
15.5,435.0,0.4403188576555566,2637.7909888190197,552.7390111809805,2026-07-06
15.75,450.0,0.4403188576555566,2449.316032357335,686.9939676426648,2026-07-06
16.0,465.0,0.4403188576555566,2249.064843715124,347.26515628487596,2026-07-06
16.25,480.0,0.4403188576555566,2042.211526856603,282.6084731433971,2026-07-06
16.5,495.0,0.4403188576555566,1833.6481330855788,-224.13813308557883,2026-07-06
16.75,510.0,0.4403188576555566,1579.481671479984,-459.1116714799841,2026-07-06
17.0,525.0,0.4403188576555566,1326.3212828232704,-863.2512828232705,2026-07-06
17.25,540.0,0.4403188576555566,1080.1376122627692,-844.2976122627691,2026-07-06
17.5,555.0,0.4403188576555566,843.295634310934,-605.9856343109341,2026-07-06
17.75,570.0,0.4403188576555566,602.80322344591,-417.21322344591,2026-07-06
18.0,585.0,0.4403188576555566,350.3839076057165,-194.8039076057165,2026-07-06
18.25,600.0,0.4403188576555566,154.34325647470095,-13.893256474700962,2026-07-06
18.5,615.0,0.4403188576555566,36.15281994521953,70.54718005478048,2026-07-06
18.75,630.0,0.4403188576555566,0.4866080248972804,39.06339197510272,2026-07-06
19.0,645.0,0.4403188576555566,0.0,3.1,2026-07-06
10.0,15.0,0.5960251900862207,3659.896153665727,-1075.726153665727,2026-07-06
10.25,30.0,0.5960251900862207,3849.9739376717966,-2226.9839376717964,2026-07-06
10.5,45.0,0.5960251900862207,4022.075388800412,-2129.345388800412,2026-07-06
10.75,60.0,0.5960251900862207,4144.424474603602,-1877.094474603602,2026-07-06
11.0,75.0,0.5960251900862207,4246.624224504587,-1598.584224504587,2026-07-06
11.25,90.0,0.5960251900862207,4332.891778394386,-2090.1717783943864,2026-07-06
11.5,105.0,0.5960251900862207,4399.348122779449,-2576.908122779449,2026-07-06
11.75,120.0,0.5960251900862207,4424.402951629447,-3212.322951629447,2026-07-06
12.0,135.0,0.5960251900862207,4433.605633404152,-3067.7756334041524,2026-07-06
12.25,150.0,0.5960251900862207,4424.677851521533,-2971.347851521533,2026-07-06
12.5,165.0,0.5960251900862207,4398.550308321282,-473.4203083212815,2026-07-06
12.75,180.0,0.5960251900862207,4368.811814119494,-1437.6318141194938,2026-07-06
13.0,195.0,0.5960251900862207,4314.797127738041,-1176.9071277380413,2026-07-06
13.25,210.0,0.5960251900862207,4240.230609224679,-1858.150609224679,2026-07-06
13.5,225.0,0.5960251900862207,4141.488682697305,-1224.9286826973052,2026-07-06
13.75,240.0,0.5960251900862207,4073.9992813581816,-1368.7192813581814,2026-07-06
14.0,255.0,0.5960251900862207,3989.47530208956,110.13469791043963,2026-07-06
14.25,270.0,0.5960251900862207,3888.6481094638657,1024.9418905361345,2026-07-06
14.5,285.0,0.5960251900862207,3767.414338641093,2237.865661358907,2026-07-06
14.75,300.0,0.5960251900862207,3628.7365450179223,502.4734549820778,2026-07-06
15.0,315.0,0.5960251900862207,3476.580134522047,193.8498654779528,2026-07-06
15.25,330.0,0.5960251900862207,3314.57612788962,-12.186127889619911,2026-07-06
15.5,345.0,0.5960251900862207,3140.203174782048,50.32682521795232,2026-07-06
15.75,360.0,0.5960251900862207,2903.1707136401315,233.1392863598685,2026-07-06
16.0,375.0,0.5960251900862207,2658.0364885712,-61.706488571200225,2026-07-06
16.25,390.0,0.5960251900862207,2407.522060631613,-82.70206063161277,2026-07-06
16.5,405.0,0.5960251900862207,2150.3304502949727,-540.8204502949727,2026-07-06
16.75,420.0,0.5960251900862207,1848.904116594192,-728.534116594192,2026-07-06
17.0,435.0,0.5960251900862207,1549.168229684415,-1086.0982296844152,2026-07-06
17.25,450.0,0.5960251900862207,1254.4966497958724,-1018.6566497958723,2026-07-06
17.5,465.0,0.5960251900862207,971.223169556466,-733.9131695564661,2026-07-06
17.75,480.0,0.5960251900862207,688.4283583940273,-502.8383583940273,2026-07-06
18.0,495.0,0.5960251900862207,400.0977090213168,-244.5177090213168,2026-07-06
18.25,510.0,0.5960251900862207,175.94284169193017,-35.49284169193018,2026-07-06
18.5,525.0,0.5960251900862207,41.50777083217842,65.19222916782158,2026-07-06
18.75,540.0,0.5960251900862207,0.5593172050166368,38.99068279498336,2026-07-06
19.0,555.0,0.5960251900862207,0.0,3.1,2026-07-06
11.5,15.0,0.2575177194743781,2312.974673865788,-490.53467386578814,2026-07-06
11.75,30.0,0.2575177194743781,2345.30928725494,-1133.2292872549401,2026-07-06
12.0,45.0,0.2575177194743781,2360.8714133767207,-995.0414133767208,2026-07-06
12.25,60.0,0.2575177194743781,2358.9409954517005,-905.6109954517005,2026-07-06
12.5,75.0,0.2575177194743781,2343.5490353541422,1581.5809646458579,2026-07-06
12.75,90.0,0.2575177194743781,2333.8320169350286,597.3479830649712,2026-07-06
13.0,105.0,0.2575177194743781,2309.988652912982,827.9013470870177,2026-07-06
13.25,120.0,0.2575177194743781,2274.891181300606,107.18881869939378,2026-07-06
13.5,135.0,0.2575177194743781,2229.297956880535,687.262043119465,2026-07-06
13.75,150.0,0.2575177194743781,2212.663431915173,492.6165680848271,2026-07-06
14.0,165.0,0.2575177194743781,2189.8578066146383,1909.7521933853614,2026-07-06
14.25,180.0,0.2575177194743781,2163.675454549377,2749.9145454506233,2026-07-06
14.5,195.0,0.2575177194743781,2122.666600050956,3882.613399949044,2026-07-06
14.75,210.0,0.2575177194743781,2074.635879386243,2056.5741206137573,2026-07-06
15.0,225.0,0.2575177194743781,2013.9649802740323,1656.4650197259675,2026-07-06
15.25,240.0,0.2575177194743781,1950.9328182276925,1351.4571817723074,2026-07-06
15.5,255.0,0.2575177194743781,1880.5773360115224,1309.9526639884778,2026-07-06
15.75,270.0,0.2575177194743781,1758.3034614186647,1378.0065385813352,2026-07-06
16.0,285.0,0.2575177194743781,1628.8337668571069,967.4962331428931,2026-07-06
16.25,300.0,0.2575177194743781,1494.4408023658475,830.3791976341527,2026-07-06
16.5,315.0,0.2575177194743781,1357.2095982244527,252.30040177554724,2026-07-06
16.75,330.0,0.2575177194743781,1177.6807447188337,-57.3107447188338,2026-07-06
17.0,345.0,0.2575177194743781,999.2535166311546,-536.1835166311546,2026-07-06
17.25,360.0,0.2575177194743781,821.5848478643644,-585.7448478643644,2026-07-06
17.5,375.0,0.2575177194743781,651.5560259949631,-414.2460259949631,2026-07-06
17.75,390.0,0.2575177194743781,473.786394884581,-288.19639488458097,2026-07-06
18.0,405.0,0.2575177194743781,275.20356682564363,-119.62356682564362,2026-07-06
18.25,420.0,0.2575177194743781,121.06253372025856,19.38746627974143,2026-07-06
18.5,435.0,0.2575177194743781,27.917272382195662,78.78272761780434,2026-07-06
18.75,450.0,0.2575177194743781,0.3760964987592294,39.173903501240765,2026-07-06
19.0,465.0,0.2575177194743781,0.0,3.1,2026-07-06
13.0,15.0,0.26355778459553275,2624.4207366158207,513.4692633841792,2026-07-06
13.25,30.0,0.26355778459553275,2599.983293458843,-217.9032934588431,2026-07-06
13.5,45.0,0.26355778459553275,2564.2044005668417,352.3555994331582,2026-07-06
13.75,60.0,0.26355778459553275,2509.4163729070765,195.8636270929237,2026-07-06
14.0,75.0,0.26355778459553275,2448.940350238987,1650.6696497610128,2026-07-06
14.25,90.0,0.26355778459553275,2380.141796225324,2533.448203774676,2026-07-06
14.5,105.0,0.26355778459553275,2299.0487206805865,3706.2312793194133,2026-07-06
14.75,120.0,0.26355778459553275,2195.3788460676374,1935.8311539323627,2026-07-06
15.0,135.0,0.26355778459553275,2087.2806191675545,1583.1493808324453,2026-07-06
15.25,150.0,0.26355778459553275,1974.5545458269169,1327.835454173083,2026-07-06
15.5,165.0,0.26355778459553275,1858.756919959845,1331.7730800401553,2026-07-06
15.75,180.0,0.26355778459553275,1716.2119273940366,1420.0980726059634,2026-07-06
16.0,195.0,0.26355778459553275,1567.5573839971703,1028.7726160028296,2026-07-06
16.25,210.0,0.26355778459553275,1413.2417513562125,911.5782486437877,2026-07-06
16.5,225.0,0.26355778459553275,1255.3349588015546,354.17504119844534,2026-07-06
16.75,240.0,0.26355778459553275,1083.69769960172,36.67230039827996,2026-07-06
17.0,255.0,0.26355778459553275,913.729665383494,-450.659665383494,2026-07-06
17.25,270.0,0.26355778459553275,747.1605019065167,-511.3205019065167,2026-07-06
17.5,285.0,0.26355778459553275,587.4574914429147,-350.1474914429147,2026-07-06
17.75,300.0,0.26355778459553275,440.6975700161015,-255.1075700161015,2026-07-06
18.0,315.0,0.26355778459553275,269.0404358651883,-113.46043586518826,2026-07-06
18.25,330.0,0.26355778459553275,118.24730264022362,22.202697359776366,2026-07-06
18.5,345.0,0.26355778459553275,27.21764485099809,79.4823551490019,2026-07-06
18.75,360.0,0.26355778459553275,0.3661427070436175,39.18385729295638,2026-07-06
19.0,375.0,0.26355778459553275,0.0,3.1,2026-07-06
14.5,15.0,0.44608102162165225,3435.057764949505,2570.222235050495,2026-07-06
14.75,30.0,0.44608102162165225,3219.9574376959167,911.2525623040833,2026-07-06
15.0,45.0,0.44608102162165225,3008.82155029002,661.60844970998,2026-07-06
15.25,60.0,0.44608102162165225,2807.7145557939257,494.6754442060742,2026-07-06
15.5,75.0,0.44608102162165225,2608.9447054570824,581.5852945429178,2026-07-06
15.75,90.0,0.44608102162165225,2386.8072021777684,749.5027978222315,2026-07-06
16.0,105.0,0.44608102162165225,2161.2191979195923,435.11080208040767,2026-07-06
16.25,120.0,0.44608102162165225,1935.048632173402,389.7713678265982,2026-07-06
16.5,135.0,0.44608102162165225,1705.6011886763963,-96.09118867639631,2026-07-06
16.75,150.0,0.44608102162165225,1463.8163938867488,-343.44639388674887,2026-07-06
17.0,165.0,0.44608102162165225,1223.9814375775677,-760.9114375775678,2026-07-06
17.25,180.0,0.44608102162165225,988.538264677796,-752.6982646777959,2026-07-06
17.5,195.0,0.44608102162165225,765.1493701893771,-527.8393701893772,2026-07-06
17.75,210.0,0.44608102162165225,559.8146425423852,-374.22464254238514,2026-07-06
18.0,225.0,0.44608102162165225,337.6619218166702,-182.0819218166702,2026-07-06
18.25,240.0,0.44608102162165225,148.27441381919706,-7.824413819197076,2026-07-06
18.5,255.0,0.44608102162165225,34.640611379714144,72.05938862028586,2026-07-06
18.75,270.0,0.44608102162165225,0.4661520907033643,39.08384790929663,2026-07-06
19.0,285.0,0.44608102162165225,0.0,3.1,2026-07-06
16.0,15.0,0.5655590573923179,2596.4499527032635,-0.11995270326360696,2026-07-06
16.25,30.0,0.5655590573923179,2305.5400702445613,19.279929755438843,2026-07-06
16.5,45.0,0.5655590573923179,2013.058174200632,-403.54817420063205,2026-07-06
16.75,60.0,0.5655590573923179,1714.9048093652586,-594.5348093652588,2026-07-06
17.0,75.0,0.5655590573923179,1425.814479050911,-962.744479050911,2026-07-06
17.25,90.0,0.5655590573923179,1146.122722515492,-910.2827225154919,2026-07-06
17.5,105.0,0.5655590573923179,879.4618298361308,-642.1518298361309,2026-07-06
17.75,120.0,0.5655590573923179,636.5906612895442,-451.00066128954415,2026-07-06
18.0,135.0,0.5655590573923179,382.0634803315164,-226.4834803315164,2026-07-06
18.25,150.0,0.5655590573923179,167.89137567783655,-27.44137567783656,2026-07-06
18.5,165.0,0.5655590573923179,39.491952904017,67.208047095983,2026-07-06
18.75,180.0,0.5655590573923179,0.5312128483469005,39.01878715165309,2026-07-06
19.0,195.0,0.5655590573923179,0.0,3.1,2026-07-06
17.5,15.0,0.2613386391575585,543.9404615417943,-306.6304615417943,2026-07-06
17.75,30.0,0.2613386391575585,419.794598713277,-234.20459871327702,2026-07-06
18.0,45.0,0.2613386391575585,260.7578541179712,-105.17785411797118,2026-07-06
18.25,60.0,0.2613386391575585,115.50547029863374,24.94452970136625,2026-07-06
18.5,75.0,0.2613386391575585,26.657858031054555,80.04214196894544,2026-07-06
18.75,90.0,0.2613386391575585,0.3608616555454079,39.18913834445459,2026-07-06
19.0,105.0,0.2613386391575585,0.0,3.1,2026-07-06
7.0,15.0,0.656471928175054,861.4721642143153,41.73783578568475,2026-07-07
7.25,30.0,0.656471928175054,1161.06108761597,-59.5710876159701,2026-07-07
7.5,45.0,0.656471928175054,1471.1124488888895,-14.622448888889494,2026-07-07
7.75,60.0,0.656471928175054,1777.5426393988548,-1.202639398854899,2026-07-07
8.0,75.0,0.656471928175054,2089.744933936536,17.645066063463673,2026-07-07
8.25,90.0,0.656471928175054,2399.485879668278,51.22412033172213,2026-07-07
8.5,105.0,0.656471928175054,2700.002658873253,-160.3226588732532,2026-07-07
8.75,120.0,0.656471928175054,2974.55218818418,-333.45218818418016,2026-07-07
9.0,135.0,0.656471928175054,3240.299547714408,-362.0295477144082,2026-07-07
9.25,150.0,0.656471928175054,3496.596264129456,686.3537358705439,2026-07-07
9.5,165.0,0.656471928175054,3742.589442071011,1434.080557928989,2026-07-07
9.75,180.0,0.656471928175054,3975.002777099169,1335.087222900831,2026-07-07
10.0,195.0,0.656471928175054,4181.977205988248,753.4127940117523,2026-07-07
10.25,210.0,0.656471928175054,4363.359441069887,-127.34944106988678,2026-07-07
10.5,225.0,0.656471928175054,4512.641777158286,-1632.9717771582855,2026-07-07
10.75,240.0,0.656471928175054,4686.079911376098,1154.530088623902,2026-07-07
11.0,255.0,0.656471928175054,4857.606457261566,1112.1635427384344,2026-07-07
11.25,270.0,0.656471928175054,5020.021683164402,-414.2616831644018,2026-07-07
11.5,285.0,0.656471928175054,5166.596455073544,-2441.3664550735443,2026-07-07
11.75,300.0,0.656471928175054,5330.500166775536,-2685.890166775536,2026-07-07
12.0,315.0,0.656471928175054,5488.404905751593,-3597.754905751593,2026-07-07
12.25,330.0,0.656471928175054,5629.531383718382,-4125.721383718383,2026-07-07
12.5,345.0,0.656471928175054,5730.002093079187,-4236.122093079187,2026-07-07
12.75,360.0,0.656471928175054,5744.929338514646,-3479.3993385146455,2026-07-07
13.0,375.0,0.656471928175054,5741.250145516602,-2441.450145516602,2026-07-07
13.25,390.0,0.656471928175054,5716.548275119995,-1019.1782751199953,2026-07-07
13.5,405.0,0.656471928175054,5667.633283364576,-2817.1532833645756,2026-07-07
13.75,420.0,0.656471928175054,5533.619114535729,-2282.709114535729,2026-07-07
14.0,435.0,0.656471928175054,5390.63116929734,-3631.1511692973404,2026-07-07
14.25,450.0,0.656471928175054,5220.64948191105,-2440.4194819110503,2026-07-07
14.5,465.0,0.656471928175054,5029.526697794166,-2613.9366977941654,2026-07-07
14.75,480.0,0.656471928175054,4781.251889701844,-2981.8018897018446,2026-07-07
15.0,495.0,0.656471928175054,4520.793681317446,-2538.763681317446,2026-07-07
15.25,510.0,0.656471928175054,4241.638126759431,-2078.7881267594307,2026-07-07
15.5,525.0,0.656471928175054,3948.119513273211,-2598.209513273211,2026-07-07
15.75,540.0,0.656471928175054,3618.383905161466,-2122.793905161466,2026-07-07
16.0,555.0,0.656471928175054,3273.958028882781,-2248.508028882781,2026-07-07
16.25,570.0,0.656471928175054,2920.203119427992,-1605.9031194279921,2026-07-07
16.5,585.0,0.656471928175054,2560.798210188095,-2560.798210188095,2026-07-07
16.75,600.0,0.656471928175054,2160.10150445297,-2160.10150445297,2026-07-07
17.0,615.0,0.656471928175054,1762.4423190962534,-1762.4423190962534,2026-07-07
17.25,630.0,0.656471928175054,1378.200720292483,-1378.200720292483,2026-07-07
17.5,645.0,0.656471928175054,1014.012470015682,-1014.012470015682,2026-07-07
17.75,660.0,0.656471928175054,682.7664421188164,-682.7664421188164,2026-07-07
18.0,675.0,0.656471928175054,397.3875262110821,-397.3875262110821,2026-07-07
18.25,690.0,0.656471928175054,175.18957785357202,-175.18957785357202,2026-07-07
18.5,705.0,0.656471928175054,41.21449839631351,-41.21449839631351,2026-07-07
18.75,720.0,0.656471928175054,0.5513358524455408,14.548664147554458,2026-07-07
19.0,735.0,0.656471928175054,0.0,0.0,2026-07-07
8.5,15.0,0.552149326919279,2462.625728796685,77.05427120331478,2026-07-07
8.75,30.0,0.552149326919279,2706.395877317075,-65.29587731707488,2026-07-07
9.0,45.0,0.552149326919279,2941.7832811230564,-63.51328112305646,2026-07-07
9.25,60.0,0.552149326919279,3171.976293511973,1010.9737064880269,2026-07-07
9.5,75.0,0.552149326919279,3391.1041335774435,1785.5658664225566,2026-07-07
9.75,90.0,0.552149326919279,3600.744996655783,1709.3450033442173,2026-07-07
10.0,105.0,0.552149326919279,3782.6123983271095,1152.7776016728908,2026-07-07
10.25,120.0,0.552149326919279,3930.386065532452,305.6239344675482,2026-07-07
10.5,135.0,0.552149326919279,4044.30705941842,-1164.63705941842,2026-07-07
10.75,150.0,0.552149326919279,4184.120742546196,1656.4892574538035,2026-07-07
11.0,165.0,0.552149326919279,4328.815661519829,1640.9543384801718,2026-07-07
11.25,180.0,0.552149326919279,4470.890171160192,134.86982883980818,2026-07-07
11.5,195.0,0.552149326919279,4611.50836024954,-1886.2783602495397,2026-07-07
11.75,210.0,0.552149326919279,4785.09842496186,-2140.4884249618594,2026-07-07
12.0,225.0,0.552149326919279,4952.625591349728,-3061.975591349728,2026-07-07
12.25,240.0,0.552149326919279,5105.801725994689,-3601.991725994689,2026-07-07
12.5,255.0,0.552149326919279,5201.457519217294,-3707.577519217294,2026-07-07
12.75,270.0,0.552149326919279,5214.116965593594,-2948.5869655935935,2026-07-07
13.0,285.0,0.552149326919279,5206.686551863051,-1906.886551863051,2026-07-07
13.25,300.0,0.552149326919279,5181.935058363404,-484.5650583634042,2026-07-07
13.5,315.0,0.552149326919279,5145.02255051931,-2294.54255051931,2026-07-07
13.75,330.0,0.552149326919279,5033.460500888218,-1782.5505008882183,2026-07-07
14.0,345.0,0.552149326919279,4912.154027093236,-3152.6740270932364,2026-07-07
14.25,360.0,0.552149326919279,4759.756922615771,-1979.5269226157711,2026-07-07
14.5,375.0,0.552149326919279,4587.7150163361885,-2172.1250163361883,2026-07-07
14.75,390.0,0.552149326919279,4365.678103453358,-2566.228103453358,2026-07-07
15.0,405.0,0.552149326919279,4132.194273708373,-2150.164273708373,2026-07-07
15.25,420.0,0.552149326919279,3888.5869705240425,-1725.7369705240426,2026-07-07
15.5,435.0,0.552149326919279,3631.625152655771,-2281.715152655771,2026-07-07
15.75,450.0,0.552149326919279,3335.7820871410167,-1840.1920871410168,2026-07-07
16.0,465.0,0.552149326919279,3022.283090876596,-1996.8330908765959,2026-07-07
16.25,480.0,0.552149326919279,2688.914582151846,-1374.614582151846,2026-07-07
16.5,495.0,0.552149326919279,2350.575884074583,-2350.575884074583,2026-07-07
16.75,510.0,0.552149326919279,1973.1609329838373,-1973.1609329838373,2026-07-07
17.0,525.0,0.552149326919279,1607.0946704871053,-1607.0946704871053,2026-07-07
17.25,540.0,0.552149326919279,1257.307184965538,-1257.307184965538,2026-07-07
17.5,555.0,0.552149326919279,926.8945133932904,-926.8945133932904,2026-07-07
17.75,570.0,0.552149326919279,625.0715265986769,-625.0715265986769,2026-07-07
18.0,585.0,0.552149326919279,363.7134159564959,-363.7134159564959,2026-07-07
18.25,600.0,0.552149326919279,160.46886248044626,-160.46886248044626,2026-07-07
18.5,615.0,0.552149326919279,37.5138472194565,-37.5138472194565,2026-07-07
18.75,630.0,0.552149326919279,0.5015534902672321,14.598446509732767,2026-07-07
19.0,645.0,0.552149326919279,0.0,0.0,2026-07-07
10.0,15.0,0.7388228874077835,4827.147612138514,108.24238786148635,2026-07-07
10.25,30.0,0.7388228874077835,5021.013906212653,-785.0039062126525,2026-07-07
10.5,45.0,0.7388228874077835,5177.132666004787,-2297.462666004787,2026-07-07
10.75,60.0,0.7388228874077835,5362.216152034341,478.393847965659,2026-07-07
11.0,75.0,0.7388228874077835,5541.335053273743,428.4349467262573,2026-07-07
11.25,90.0,0.7388228874077835,5707.742047603345,-1101.9820476033447,2026-07-07
11.5,105.0,0.7388228874077835,5851.479989417904,-3126.249989417904,2026-07-07
11.75,120.0,0.7388228874077835,6012.177802044815,-3367.5678020448145,2026-07-07
12.0,135.0,0.7388228874077835,6159.228481369728,-4268.578481369728,2026-07-07
12.25,150.0,0.7388228874077835,6287.602611835406,-4783.792611835406,2026-07-07
12.5,165.0,0.7388228874077835,6376.583823807122,-4882.703823807122,2026-07-07
12.75,180.0,0.7388228874077835,6385.308330180775,-4119.778330180774,2026-07-07
13.0,195.0,0.7388228874077835,6376.376125389538,-3076.576125389538,2026-07-07
13.25,210.0,0.7388228874077835,6339.758572898447,-1642.388572898447,2026-07-07
13.5,225.0,0.7388228874077835,6277.274420239269,-3426.7944202392687,2026-07-07
13.75,240.0,0.7388228874077835,6122.478106929055,-2871.568106929055,2026-07-07
14.0,255.0,0.7388228874077835,5956.378802151912,-4196.898802151913,2026-07-07
14.25,270.0,0.7388228874077835,5765.476618734156,-2985.2466187341556,2026-07-07
14.5,285.0,0.7388228874077835,5544.2143574083575,-3128.6243574083574,2026-07-07
14.75,300.0,0.7388228874077835,5258.319408230185,-3458.8694082301854,2026-07-07
15.0,315.0,0.7388228874077835,4967.83130110362,-2985.80130110362,2026-07-07
15.25,330.0,0.7388228874077835,4666.81299157453,-2503.9629915745304,2026-07-07
15.5,345.0,0.7388228874077835,4342.755608624646,-2992.845608624646,2026-07-07
15.75,360.0,0.7388228874077835,3977.206576628321,-2481.616576628321,2026-07-07
16.0,375.0,0.7388228874077835,3601.6783889272683,-2576.2283889272685,2026-07-07
16.25,390.0,0.7388228874077835,3212.7515266775945,-1898.4515266775945,2026-07-07
16.5,405.0,0.7388228874077835,2813.625835228783,-2813.625835228783,2026-07-07
16.75,420.0,0.7388228874077835,2373.536056396704,-2373.536056396704,2026-07-07
17.0,435.0,0.7388228874077835,1938.921243097458,-1938.921243097458,2026-07-07
17.25,450.0,0.7388228874077835,1517.5783569109997,-1517.5783569109997,2026-07-07
17.5,465.0,0.7388228874077835,1117.9951496947117,-1117.9951496947117,2026-07-07
17.75,480.0,0.7388228874077835,753.1643969614403,-753.1643969614403,2026-07-07
18.0,495.0,0.7388228874077835,437.7587797320421,-437.7587797320421,2026-07-07
18.25,510.0,0.7388228874077835,192.60303207847684,-192.60303207847684,2026-07-07
18.5,525.0,0.7388228874077835,45.4871299288322,-45.4871299288322,2026-07-07
18.75,540.0,0.7388228874077835,0.6089708860862504,14.491029113913749,2026-07-07
19.0,555.0,0.7388228874077835,0.0,0.0,2026-07-07
11.5,15.0,0.6008546443167908,5186.302703738002,-2461.0727037380016,2026-07-07
11.75,30.0,0.6008546443167908,5334.717649432452,-2690.107649432452,2026-07-07
12.0,45.0,0.6008546443167908,5460.876271079435,-3570.2262710794353,2026-07-07
12.25,60.0,0.6008546443167908,5575.166567012786,-4071.356567012786,2026-07-07
12.5,75.0,0.6008546443167908,5660.89152599014,-4167.0115259901395,2026-07-07
12.75,90.0,0.6008546443167908,5676.413908722589,-3410.8839087225892,2026-07-07
13.0,105.0,0.6008546443167908,5663.397759902007,-2363.597759902007,2026-07-07
13.25,120.0,0.6008546443167908,5627.356991290593,-929.9869912905933,2026-07-07
13.5,135.0,0.6008546443167908,5568.954521056656,-2718.4745210566557,2026-07-07
13.75,150.0,0.6008546443167908,5426.960945820726,-2176.050945820726,2026-07-07
14.0,165.0,0.6008546443167908,5280.3042587918,-3520.8242587918,2026-07-07
14.25,180.0,0.6008546443167908,5114.284044122425,-2334.0540441224252,2026-07-07
14.5,195.0,0.6008546443167908,4925.8926873625205,-2510.3026873625204,2026-07-07
14.75,210.0,0.6008546443167908,4682.429888848308,-2882.9798888483083,2026-07-07
15.0,225.0,0.6008546443167908,4431.535573582471,-2449.5055735824717,2026-07-07
15.25,240.0,0.6008546443167908,4167.866871177132,-2005.0168711771325,2026-07-07
15.5,255.0,0.6008546443167908,3878.6462687372073,-2528.736268737207,2026-07-07
15.75,270.0,0.6008546443167908,3553.088993640262,-2057.4989936402617,2026-07-07
16.0,285.0,0.6008546443167908,3213.528360674396,-2188.078360674396,2026-07-07
16.25,300.0,0.6008546443167908,2862.348934877346,-1548.048934877346,2026-07-07
16.5,315.0,0.6008546443167908,2505.923291669553,-2505.923291669553,2026-07-07
16.75,330.0,0.6008546443167908,2112.522431118362,-2112.522431118362,2026-07-07
17.0,345.0,0.6008546443167908,1722.5276030395703,-1722.5276030395703,2026-07-07
17.25,360.0,0.6008546443167908,1345.3890208715015,-1345.3890208715015,2026-07-07
17.5,375.0,0.6008546443167908,990.3089024048046,-990.3089024048046,2026-07-07
17.75,390.0,0.6008546443167908,667.0556008466365,-667.0556008466365,2026-07-07
18.0,405.0,0.6008546443167908,387.39279369984496,-387.39279369984496,2026-07-07
18.25,420.0,0.6008546443167908,170.56237426340144,-170.56237426340144,2026-07-07
18.5,435.0,0.6008546443167908,40.07398420030646,-40.07398420030646,2026-07-07
18.75,450.0,0.6008546443167908,0.5360857498006094,14.56391425019939,2026-07-07
19.0,465.0,0.6008546443167908,0.0,0.0,2026-07-07
13.0,15.0,0.19704733765057802,3175.3865361774792,124.41346382252095,2026-07-07
13.25,30.0,0.19704733765057802,3163.720298361687,1533.6497016383128,2026-07-07
13.5,45.0,0.19704733765057802,3140.191180528055,-289.71118052805514,2026-07-07
13.75,60.0,0.19704733765057802,3061.65818050471,189.25181949528996,2026-07-07
14.0,75.0,0.19704733765057802,2987.180178523271,-1227.700178523271,2026-07-07
14.25,90.0,0.19704733765057802,2897.350123083778,-117.1201230837778,2026-07-07
14.5,105.0,0.19704733765057802,2792.907207822881,-377.31720782288085,2026-07-07
14.75,120.0,0.19704733765057802,2658.2890475183976,-858.8390475183976,2026-07-07
15.0,135.0,0.19704733765057802,2526.7688919533507,-544.7388919533507,2026-07-07
15.25,150.0,0.19704733765057802,2389.3111530837946,-226.46115308379467,2026-07-07
15.5,165.0,0.19704733765057802,2238.618338616021,-888.7083386160209,2026-07-07
15.75,180.0,0.19704733765057802,2067.935249701729,-572.345249701729,2026-07-07
16.0,195.0,0.19704733765057802,1877.564186236579,-852.1141862365789,2026-07-07
16.25,210.0,0.19704733765057802,1671.5627702069987,-357.26277020699877,2026-07-07
16.5,225.0,0.19704733765057802,1459.0758187383756,-1459.0758187383756,2026-07-07
16.75,240.0,0.19704733765057802,1250.1417653068,-1250.1417653068,2026-07-07
17.0,255.0,0.19704733765057802,1050.7158116559938,-1050.7158116559938,2026-07-07
17.25,270.0,0.19704733765057802,857.6294451883018,-857.6294451883018,2026-07-07
17.5,285.0,0.19704733765057802,630.2587522431204,-630.2587522431204,2026-07-07
17.75,300.0,0.19704733765057802,424.1272345566497,-424.1272345566497,2026-07-07
18.0,315.0,0.19704733765057802,246.22176688443088,-246.22176688443088,2026-07-07
18.25,330.0,0.19704733765057802,108.3883301729935,-108.3883301729935,2026-07-07
18.5,345.0,0.19704733765057802,24.686657583642347,-24.686657583642347,2026-07-07
18.75,360.0,0.19704733765057802,0.3302747172396884,14.76972528276031,2026-07-07
19.0,375.0,0.19704733765057802,0.0,0.0,2026-07-07
14.5,15.0,0.31602610434461637,3358.194438635136,-942.6044386351359,2026-07-07
14.75,30.0,0.31602610434461637,3187.109013341029,-1387.6590133410289,2026-07-07
15.0,45.0,0.31602610434461637,3012.712984005551,-1030.682984005551,2026-07-07
15.25,60.0,0.31602610434461637,2832.3256455962164,-669.4756455962165,2026-07-07
15.5,75.0,0.31602610434461637,2638.0212661976766,-1288.1112661976765,2026-07-07
15.75,90.0,0.31602610434461637,2425.23042575051,-929.6404257505103,2026-07-07
16.0,105.0,0.31602610434461637,2193.9238231928216,-1168.4738231928216,2026-07-07
16.25,120.0,0.31602610434461637,1952.7848475627068,-638.4848475627068,2026-07-07
16.5,135.0,0.31602610434461637,1703.66626845164,-1703.66626845164,2026-07-07
16.75,150.0,0.31602610434461637,1459.6268592009096,-1459.6268592009096,2026-07-07
17.0,165.0,0.31602610434461637,1223.4269496051036,-1223.4269496051036,2026-07-07
17.25,180.0,0.31602610434461637,994.79981698091,-994.79981698091,2026-07-07
17.5,195.0,0.31602610434461637,731.5279477376157,-731.5279477376157,2026-07-07
17.75,210.0,0.31602610434461637,493.25121485227874,-493.25121485227874,2026-07-07
18.0,225.0,0.31602610434461637,286.68341020752194,-286.68341020752194,2026-07-07
18.25,240.0,0.31602610434461637,126.27319214392908,-126.27319214392908,2026-07-07
18.5,255.0,0.31602610434461637,29.11143036312473,-29.11143036312473,2026-07-07
18.75,270.0,0.31602610434461637,0.3899174000696818,14.710082599930319,2026-07-07
19.0,285.0,0.31602610434461637,0.0,0.0,2026-07-07
16.0,15.0,0.2931046621762914,2067.0538484072863,-1041.6038484072863,2026-07-07
16.25,30.0,0.2931046621762914,1843.6216312571516,-529.3216312571517,2026-07-07
16.5,45.0,0.2931046621762914,1614.3841974107113,-1614.3841974107113,2026-07-07
16.75,60.0,0.2931046621762914,1391.5933007568665,-1391.5933007568665,2026-07-07
17.0,75.0,0.2931046621762914,1172.867356274394,-1172.867356274394,2026-07-07
17.25,90.0,0.2931046621762914,957.561817013116,-957.561817013116,2026-07-07
17.5,105.0,0.2931046621762914,704.3017910009619,-704.3017910009619,2026-07-07
17.75,120.0,0.2931046621762914,474.28167084945926,-474.28167084945926,2026-07-07
18.0,135.0,0.2931046621762914,275.8471192919957,-275.8471192919957,2026-07-07
18.25,150.0,0.2931046621762914,121.61437625899694,-121.61437625899694,2026-07-07
18.5,165.0,0.2931046621762914,27.955411931875897,-27.955411931875897,2026-07-07
18.75,180.0,0.2931046621762914,0.3741771820999162,14.725822817900083,2026-07-07
19.0,195.0,0.2931046621762914,0.0,0.0,2026-07-07
17.5,15.0,0.27530493316580895,684.6019520063193,-684.6019520063193,2026-07-07
17.75,30.0,0.27530493316580895,461.1871446247884,-461.1871446247884,2026-07-07
18.0,45.0,0.27530493316580895,268.17595444596793,-268.17595444596793,2026-07-07
18.25,60.0,0.27530493316580895,118.28164407731391,-118.28164407731391,2026-07-07
18.5,75.0,0.27530493316580895,27.157945099743493,-27.157945099743493,2026-07-07
18.75,90.0,0.27530493316580895,0.3639136821903595,14.73608631780964,2026-07-07
19.0,105.0,0.27530493316580895,0.0,0.0,2026-07-07
7.0,15.0,1.029488638452195,1200.9315748938648,-630.4815748938647,2026-07-08
7.25,30.0,1.029488638452195,1619.968672034326,-116.73867203432587,2026-07-08
7.5,45.0,1.029488638452195,2055.6312600760207,192.0087399239792,2026-07-08
7.75,60.0,1.029488638452195,2515.9209274057,436.7290725943003,2026-07-08
8.0,75.0,1.029488638452195,2981.825986242386,170.24401375761408,2026-07-08
8.25,90.0,1.029488638452195,3441.4056703657625,439.8843296342375,2026-07-08
8.5,105.0,1.029488638452195,3895.256387716912,303.0736122830881,2026-07-08
8.75,120.0,1.029488638452195,4361.999225646135,-994.5592256461346,2026-07-08
9.0,135.0,1.029488638452195,4820.349318889684,-440.4793188896838,2026-07-08
9.25,150.0,1.029488638452195,5251.288536543083,-730.1285365430831,2026-07-08
9.5,165.0,1.029488638452195,5663.193077135207,-1909.9630771352072,2026-07-08
9.75,180.0,1.029488638452195,6024.57663491822,-2039.6766349182203,2026-07-08
10.0,195.0,1.029488638452195,6361.848597324911,-2281.688597324911,2026-07-08
10.25,210.0,1.029488638452195,6672.033588556257,-1364.443588556257,2026-07-08
10.5,225.0,1.029488638452195,6964.552600545056,-2488.242600545055,2026-07-08
10.75,240.0,1.029488638452195,7177.665135110547,-4062.9751351105474,2026-07-08
11.0,255.0,1.029488638452195,7382.882491501561,-5593.322491501562,2026-07-08
11.25,270.0,1.029488638452195,7559.617828245594,-6192.617828245594,2026-07-08
11.5,285.0,1.029488638452195,7717.169235889963,-5719.199235889962,2026-07-08
11.75,300.0,1.029488638452195,7805.60578456902,-5734.81578456902,2026-07-08
12.0,315.0,1.029488638452195,7872.294648009279,-6011.454648009279,2026-07-08
12.25,330.0,1.029488638452195,7897.056146285383,-5092.106146285383,2026-07-08
12.5,345.0,1.029488638452195,7885.025722787699,-5519.095722787699,2026-07-08
12.75,360.0,1.029488638452195,7802.656061906704,-6018.266061906704,2026-07-08
13.0,375.0,1.029488638452195,7681.079236358591,-6249.839236358591,2026-07-08
13.25,390.0,1.029488638452195,7523.452931517834,-5376.882931517834,2026-07-08
13.5,405.0,1.029488638452195,7347.546009227213,-2911.376009227213,2026-07-08
13.75,420.0,1.029488638452195,7146.4440036486485,-4365.924003648648,2026-07-08
14.0,435.0,1.029488638452195,6931.780890137767,-2650.0208901377664,2026-07-08
14.25,450.0,1.029488638452195,6679.692604416644,-4390.162604416644,2026-07-08
14.5,465.0,1.029488638452195,6410.0562659404895,-3862.1062659404897,2026-07-08
14.75,480.0,1.029488638452195,6103.911937129611,-3356.401937129611,2026-07-08
15.0,495.0,1.029488638452195,5779.4287951617225,-4273.478795161723,2026-07-08
15.25,510.0,1.029488638452195,5414.662647750623,-3653.0626477506235,2026-07-08
15.5,525.0,1.029488638452195,5030.491867587896,-1632.5018675878964,2026-07-08
15.75,540.0,1.029488638452195,4597.057181656235,-2341.5871816562353,2026-07-08
16.0,555.0,1.029488638452195,4152.818952965594,-1598.5689529655938,2026-07-08
16.25,570.0,1.029488638452195,3698.226784503157,-743.6067845031571,2026-07-08
16.5,585.0,1.029488638452195,3242.061017524385,-641.2110175243852,2026-07-08
16.75,600.0,1.029488638452195,2769.8804592926485,-754.9704592926485,2026-07-08
17.0,615.0,1.029488638452195,2298.3517281720096,-842.7917281720097,2026-07-08
17.25,630.0,1.029488638452195,1801.6712829846904,-502.9012829846904,2026-07-08
17.5,645.0,1.029488638452195,1329.7572758497713,-372.94727584977136,2026-07-08
17.75,660.0,1.029488638452195,897.5146570241425,139.1553429758576,2026-07-08
18.0,675.0,1.029488638452195,522.9113207052544,12.728679294745575,2026-07-08
18.25,690.0,1.029488638452195,229.91220963873715,34.54779036126283,2026-07-08
18.5,705.0,1.029488638452195,53.94259472212884,70.62740527787116,2026-07-08
18.75,720.0,1.029488638452195,0.7125985621952642,54.95740143780474,2026-07-08
19.0,735.0,1.029488638452195,0.0,5.5,2026-07-08
8.5,15.0,1.0092598325732813,4022.227549948017,176.10245005198294,2026-07-08
8.75,30.0,1.0092598325732813,4496.2559919833175,-1128.8159919833174,2026-07-08
9.0,45.0,1.0092598325732813,4953.562519024415,-573.6925190244156,2026-07-08
9.25,60.0,1.0092598325732813,5383.332493243133,-862.1724932431334,2026-07-08
9.5,75.0,1.0092598325732813,5795.188029077799,-2041.958029077799,2026-07-08
9.75,90.0,1.0092598325732813,6164.232245435103,-2179.3322454351032,2026-07-08
10.0,105.0,1.0092598325732813,6506.050608015336,-2425.8906080153365,2026-07-08
10.25,120.0,1.0092598325732813,6814.218941431227,-1506.6289414312268,2026-07-08
10.5,135.0,1.0092598325732813,7101.568381177591,-2625.2583811775903,2026-07-08
10.75,150.0,1.0092598325732813,7307.968646308126,-4193.278646308127,2026-07-08
11.0,165.0,1.0092598325732813,7515.062827065045,-5725.5028270650455,2026-07-08
11.25,180.0,1.0092598325732813,7690.15462600717,-6323.15462600717,2026-07-08
11.5,195.0,1.0092598325732813,7841.56489074991,-5843.59489074991,2026-07-08
11.75,210.0,1.0092598325732813,7919.8655095292925,-5849.0755095292925,2026-07-08
12.0,225.0,1.0092598325732813,7975.03179725954,-6114.19179725954,2026-07-08
12.25,240.0,1.0092598325732813,7984.1740934965155,-5179.224093496516,2026-07-08
12.5,255.0,1.0092598325732813,7959.475020614887,-5593.545020614887,2026-07-08
12.75,270.0,1.0092598325732813,7874.398480157181,-6090.008480157181,2026-07-08
13.0,285.0,1.0092598325732813,7755.999243594039,-6324.75924359404,2026-07-08
13.25,300.0,1.0092598325732813,7599.895201656342,-5453.325201656342,2026-07-08
13.5,315.0,1.0092598325732813,7435.050418211288,-2998.880418211288,2026-07-08
13.75,330.0,1.0092598325732813,7248.6560411934415,-4468.136041193442,2026-07-08
14.0,345.0,1.0092598325732813,7041.542502509772,-2759.782502509772,2026-07-08
14.25,360.0,1.0092598325732813,6790.2182507878415,-4500.688250787842,2026-07-08
14.5,375.0,1.0092598325732813,6515.6543042584335,-3967.7043042584337,2026-07-08
14.75,390.0,1.0092598325732813,6200.034058347437,-3452.524058347437,2026-07-08
15.0,405.0,1.0092598325732813,5858.356095144685,-4352.406095144685,2026-07-08
15.25,420.0,1.0092598325732813,5481.236175293274,-3719.636175293274,2026-07-08
15.5,435.0,1.0092598325732813,5089.615158235013,-1691.6251582350133,2026-07-08
15.75,450.0,1.0092598325732813,4652.1957392207005,-2396.7257392207007,2026-07-08
16.0,465.0,1.0092598325732813,4204.144265677787,-1649.8942656777872,2026-07-08
16.25,480.0,1.0092598325732813,3741.851150522994,-787.2311505229941,2026-07-08
16.5,495.0,1.0092598325732813,3280.1426197302385,-679.2926197302386,2026-07-08
16.75,510.0,1.0092598325732813,2796.764839291832,-781.8548392918317,2026-07-08
17.0,525.0,1.0092598325732813,2318.1200059220423,-862.5600059220424,2026-07-08
17.25,540.0,1.0092598325732813,1813.9114628974453,-515.1414628974453,2026-07-08
17.5,555.0,1.0092598325732813,1337.015904857447,-380.20590485744697,2026-07-08
17.75,570.0,1.0092598325732813,900.8810500580868,135.7889499419133,2026-07-08
18.0,585.0,1.0092598325732813,523.406310349889,12.233689650110932,2026-07-08
18.25,600.0,1.0092598325732813,229.97799426426272,34.48200573573726,2026-07-08
18.5,615.0,1.0092598325732813,53.863070212641865,70.70692978735812,2026-07-08
18.75,630.0,1.0092598325732813,0.7115804562738295,54.95841954372617,2026-07-08
19.0,645.0,1.0092598325732813,0.0,5.5,2026-07-08
10.0,15.0,0.6826006312737556,4825.21405385509,-745.0540538550904,2026-07-08
10.25,30.0,0.6826006312737556,5066.957831458749,240.6321685412513,2026-07-08
10.5,45.0,0.6826006312737556,5285.441390040515,-809.1313900405148,2026-07-08
10.75,60.0,0.6826006312737556,5428.53216092817,-2313.84216092817,2026-07-08
11.0,75.0,0.6826006312737556,5573.486692471325,-3783.926692471325,2026-07-08
11.25,90.0,0.6826006312737556,5715.195199149079,-4348.195199149079,2026-07-08
11.5,105.0,0.6826006312737556,5851.174048014746,-3853.204048014746,2026-07-08
11.75,120.0,0.6826006312737556,5931.32747534071,-3860.5374753407104,2026-07-08
12.0,135.0,0.6826006312737556,5986.632733521151,-4125.792733521151,2026-07-08
12.25,150.0,0.6826006312737556,5993.940301094653,-3188.9903010946528,2026-07-08
12.5,165.0,0.6826006312737556,5985.40871292361,-3619.4787129236106,2026-07-08
12.75,180.0,0.6826006312737556,5932.382930568457,-4147.992930568456,2026-07-08
13.0,195.0,0.6826006312737556,5841.0323127040165,-4409.792312704017,2026-07-08
13.25,210.0,0.6826006312737556,5727.18967177158,-3580.6196717715798,2026-07-08
13.5,225.0,0.6826006312737556,5608.454918917912,-1172.2849189179124,2026-07-08
13.75,240.0,0.6826006312737556,5475.868810474947,-2695.348810474947,2026-07-08
14.0,255.0,0.6826006312737556,5325.159001059427,-1043.399001059427,2026-07-08
14.25,270.0,0.6826006312737556,5139.628830788838,-2850.098830788838,2026-07-08
14.5,285.0,0.6826006312737556,4937.575101010139,-2389.6251010101396,2026-07-08
14.75,300.0,0.6826006312737556,4707.919709076628,-1960.4097090766281,2026-07-08
15.0,315.0,0.6826006312737556,4467.797716161512,-2961.847716161512,2026-07-08
15.25,330.0,0.6826006312737556,4198.162149290962,-2436.5621492909618,2026-07-08
15.5,345.0,0.6826006312737556,3911.4352789877066,-513.4452789877068,2026-07-08
15.75,360.0,0.6826006312737556,3576.462159093399,-1320.992159093399,2026-07-08
16.0,375.0,0.6826006312737556,3230.573652401656,-676.3236524016561,2026-07-08
16.25,390.0,0.6826006312737556,2878.9514258296053,75.66857417039455,2026-07-08
16.5,405.0,0.6826006312737556,2527.381685465394,73.46831453460572,2026-07-08
16.75,420.0,0.6826006312737556,2157.9397836966727,-143.02978369667267,2026-07-08
17.0,435.0,0.6826006312737556,1794.1717212132903,-338.61172121329037,2026-07-08
17.25,450.0,0.6826006312737556,1405.368278199062,-106.59827819906195,2026-07-08
17.5,465.0,0.6826006312737556,1038.2068185094668,-81.39681850946681,2026-07-08
17.75,480.0,0.6826006312737556,702.4915345481392,334.1784654518609,2026-07-08
18.0,495.0,0.6826006312737556,409.34633429661307,126.29366570338692,2026-07-08
18.25,510.0,0.6826006312737556,179.77784993990488,84.6821500600951,2026-07-08
18.5,525.0,0.6826006312737556,41.64473775141307,82.92526224858693,2026-07-08
18.75,540.0,0.6826006312737556,0.5516321188989898,55.118367881101015,2026-07-08
19.0,555.0,0.6826006312737556,0.0,5.5,2026-07-08
11.5,15.0,0.33687075062202976,3740.934550411692,-1742.9645504116918,2026-07-08
11.75,30.0,0.33687075062202976,3832.2772126832033,-1761.4872126832033,2026-07-08
12.0,45.0,0.33687075062202976,3902.707296286573,-2041.8672962865733,2026-07-08
12.25,60.0,0.33687075062202976,3924.205335725478,-1119.2553357254783,2026-07-08
12.5,75.0,0.33687075062202976,3934.338583325749,-1568.408583325749,2026-07-08
12.75,90.0,0.33687075062202976,3907.137751858934,-2122.747751858934,2026-07-08
13.0,105.0,0.33687075062202976,3855.768417492096,-2424.528417492096,2026-07-08
13.25,120.0,0.33687075062202976,3783.8516130734656,-1637.2816130734655,2026-07-08
13.5,135.0,0.33687075062202976,3727.386858775909,708.7831412240912,2026-07-08
13.75,150.0,0.33687075062202976,3658.52919607394,-878.0091960739401,2026-07-08
14.0,165.0,0.33687075062202976,3576.281787552225,705.4782124477751,2026-07-08
14.25,180.0,0.33687075062202976,3462.154329658164,-1172.6243296581638,2026-07-08
14.5,195.0,0.33687075062202976,3335.719446509642,-787.769446509642,2026-07-08
14.75,210.0,0.33687075062202976,3200.2175959228284,-452.7075959228282,2026-07-08
15.0,225.0,0.33687075062202976,3058.8741672990795,-1552.9241672990795,2026-07-08
15.25,240.0,0.33687075062202976,2885.37894137794,-1123.77894137794,2026-07-08
15.5,255.0,0.33687075062202976,2693.579883350791,704.4101166492087,2026-07-08
15.75,270.0,0.33687075062202976,2469.3778740338616,-213.90787403386184,2026-07-08
16.0,285.0,0.33687075062202976,2250.5824988252366,303.6675011747634,2026-07-08
16.25,300.0,0.33687075062202976,2023.1688324114325,931.4511675885674,2026-07-08
16.5,315.0,0.33687075062202976,1791.3567453899147,809.4932546100852,2026-07-08
16.75,330.0,0.33687075062202976,1538.900837159864,476.009162840136,2026-07-08
17.0,345.0,0.33687075062202976,1288.9202091052668,166.6397908947331,2026-07-08
17.25,360.0,0.33687075062202976,1008.2950967019478,290.47490329805214,2026-07-08
17.5,375.0,0.33687075062202976,745.037576785087,211.77242321491292,2026-07-08
17.75,390.0,0.33687075062202976,505.04812602309386,531.6218739769063,2026-07-08
18.0,405.0,0.33687075062202976,294.834772323739,240.80522767626098,2026-07-08
18.25,420.0,0.33687075062202976,129.55128566836615,134.90871433163383,2026-07-08
18.5,435.0,0.33687075062202976,29.224154848299943,95.34584515170005,2026-07-08
18.75,450.0,0.33687075062202976,0.3864290140474635,55.28357098595254,2026-07-08
19.0,465.0,0.33687075062202976,0.0,5.5,2026-07-08
13.0,15.0,0.23809212209182432,3030.867037464141,-1599.627037464141,2026-07-08
13.25,30.0,0.23809212209182432,3026.4542054895314,-879.8842054895313,2026-07-08
13.5,45.0,0.23809212209182432,3023.632499174412,1412.5375008255883,2026-07-08
13.75,60.0,0.23809212209182432,2963.815471976387,-183.29547197638703,2026-07-08
14.0,75.0,0.23809212209182432,2903.890984707439,1377.869015292561,2026-07-08
14.25,90.0,0.23809212209182432,2815.345023607446,-525.8150236074457,2026-07-08
14.5,105.0,0.23809212209182432,2712.694867003292,-164.74486700329226,2026-07-08
14.75,120.0,0.23809212209182432,2587.0057180098875,160.50428199011276,2026-07-08
15.0,135.0,0.23809212209182432,2465.636713640629,-959.6867136406288,2026-07-08
15.25,150.0,0.23809212209182432,2313.3264917308657,-551.7264917308657,2026-07-08
15.5,165.0,0.23809212209182432,2143.1092673717126,1254.8807326282872,2026-07-08
15.75,180.0,0.23809212209182432,1952.6280090317732,302.8419909682266,2026-07-08
16.0,195.0,0.23809212209182432,1763.4392291215104,790.8107708784896,2026-07-08
16.25,210.0,0.23809212209182432,1576.2113073652993,1378.4086926347006,2026-07-08
16.5,225.0,0.23809212209182432,1390.1689423011906,1210.6810576988094,2026-07-08
16.75,240.0,0.23809212209182432,1193.6763750915948,821.2336249084053,2026-07-08
17.0,255.0,0.23809212209182432,1006.7725336618028,448.7874663381972,2026-07-08
17.25,270.0,0.23809212209182432,829.7604543272256,469.0095456727744,2026-07-08
17.5,285.0,0.23809212209182432,646.426273946289,310.3837260537109,2026-07-08
17.75,300.0,0.23809212209182432,438.2807555762095,598.3892444237906,2026-07-08
18.0,315.0,0.23809212209182432,256.49028958369905,279.14971041630093,2026-07-08
18.25,330.0,0.23809212209182432,113.05184647169604,151.40815352830396,2026-07-08
18.5,345.0,0.23809212209182432,25.15027976624759,99.4197202337524,2026-07-08
18.75,360.0,0.23809212209182432,0.3310893125435618,55.33891068745644,2026-07-08
19.0,375.0,0.23809212209182432,0.0,5.5,2026-07-08
14.5,15.0,0.4144250544431122,3446.0824476518537,-898.1324476518539,2026-07-08
14.75,30.0,0.4144250544431122,3279.5038237266986,-531.9938237266983,2026-07-08
15.0,45.0,0.4144250544431122,3112.537410577569,-1606.587410577569,2026-07-08
15.25,60.0,0.4144250544431122,2920.0197059531365,-1158.4197059531366,2026-07-08
15.5,75.0,0.4144250544431122,2712.452644628945,685.5373553710547,2026-07-08
15.75,90.0,0.4144250544431122,2483.787356936517,-228.31735693651717,2026-07-08
16.0,105.0,0.4144250544431122,2242.81272143438,311.4372785656201,2026-07-08
16.25,120.0,0.4144250544431122,1990.446916942086,964.1730830579138,2026-07-08
16.5,135.0,0.4144250544431122,1745.4964074507157,855.3535925492843,2026-07-08
16.75,150.0,0.4144250544431122,1495.1311011117464,519.7788988882537,2026-07-08
17.0,165.0,0.4144250544431122,1255.226009868765,200.33399013123494,2026-07-08
17.25,180.0,0.4144250544431122,1023.5432540856852,275.22674591431473,2026-07-08
17.5,195.0,0.4144250544431122,787.7014016676177,169.10859833238226,2026-07-08
17.75,210.0,0.4144250544431122,533.7014681777836,502.9685318222165,2026-07-08
18.0,225.0,0.4144250544431122,311.8193670216354,223.82063297836459,2026-07-08
18.25,240.0,0.4144250544431122,137.2870702734008,127.1729297265992,2026-07-08
18.5,255.0,0.4144250544431122,31.079442503560525,93.49055749643946,2026-07-08
18.75,270.0,0.4144250544431122,0.4099329776146549,55.26006702238535,2026-07-08
19.0,285.0,0.4144250544431122,0.0,5.5,2026-07-08
16.0,15.0,0.39087420183852273,2224.4197274968037,329.8302725031963,2026-07-08
16.25,30.0,0.39087420183852273,1965.3250553966789,989.294944603321,2026-07-08
16.5,45.0,0.39087420183852273,1715.2192929763476,885.6307070236523,2026-07-08
16.75,60.0,0.39087420183852273,1466.796011053393,548.1139889466072,2026-07-08
17.0,75.0,0.39087420183852273,1231.9458423654094,223.61415763459058,2026-07-08
17.25,90.0,0.39087420183852273,1005.9676014719596,292.8023985280404,2026-07-08
17.5,105.0,0.39087420183852273,776.5050911001149,180.30490889988505,2026-07-08
17.75,120.0,0.39087420183852273,526.9164998405738,509.75350015942627,2026-07-08
18.0,135.0,0.39087420183852273,308.7692102406651,226.8707897593349,2026-07-08
18.25,150.0,0.39087420183852273,136.08269617691587,128.3773038230841,2026-07-08
18.5,165.0,0.39087420183852273,30.87979820010972,93.69020179989027,2026-07-08
18.75,180.0,0.39087420183852273,0.4077831905888121,55.26221680941119,2026-07-08
19.0,195.0,0.39087420183852273,0.0,5.5,2026-07-08
17.5,15.0,0.6608901646602332,1062.4956474572589,-105.68564745725894,2026-07-08
17.75,30.0,0.6608901646602332,716.3730290778566,320.2969709221435,2026-07-08
18.0,45.0,0.6608901646602332,416.8347488131894,118.80525118681061,2026-07-08
18.25,60.0,0.6608901646602332,183.0226545006915,81.43734549930849,2026-07-08
18.5,75.0,0.6608901646602332,42.31002414432769,82.25997585567231,2026-07-08
18.75,90.0,0.6608901646602332,0.5580491802742883,55.11195081972571,2026-07-08
19.0,105.0,0.6608901646602332,0.0,5.5,2026-07-08
7.0,15.0,0.2145873656776948,311.61708354930863,-142.24708354930863,2026-07-09
7.25,30.0,0.2145873656776948,435.648904835962,111.55109516403803,2026-07-09
7.5,45.0,0.2145873656776948,571.2314316170972,253.67856838290277,2026-07-09
7.75,60.0,0.2145873656776948,714.4818942768361,335.6181057231638,2026-07-09
8.0,75.0,0.2145873656776948,850.0681413948103,992.5218586051897,2026-07-09
8.25,90.0,0.2145873656776948,985.68183763304,1147.8881623669602,2026-07-09
8.5,105.0,0.2145873656776948,1122.5035485464443,3215.6064514535556,2026-07-09
8.75,120.0,0.2145873656776948,1264.042926546616,2228.407073453384,2026-07-09
9.0,135.0,0.2145873656776948,1380.8905784247113,343.82942157528873,2026-07-09
9.25,150.0,0.2145873656776948,1477.581903654931,-312.27190365493107,2026-07-09
9.5,165.0,0.2145873656776948,1562.2729608795246,584.2070391204754,2026-07-09
9.75,180.0,0.2145873656776948,1643.685540161414,-27.125540161414165,2026-07-09
10.0,195.0,0.2145873656776948,1717.647611510687,-68.217611510687,2026-07-09
10.25,210.0,0.2145873656776948,1801.2737013467006,779.4362986532994,2026-07-09
10.5,225.0,0.2145873656776948,1860.415376453687,1485.2646235463128,2026-07-09
10.75,240.0,0.2145873656776948,1901.7292063461416,2863.2907936538586,2026-07-09
11.0,255.0,0.2145873656776948,1944.0597114696395,2959.030288530361,2026-07-09
11.25,270.0,0.2145873656776948,2000.4491126148207,3556.61088738518,2026-07-09
11.5,285.0,0.2145873656776948,2073.609655344186,2393.3703446558134,2026-07-09
11.75,300.0,0.2145873656776948,2139.6733133878147,2005.8766866121855,2026-07-09
12.0,315.0,0.2145873656776948,2166.1642657238,1188.9157342762,2026-07-09
12.25,330.0,0.2145873656776948,2169.031654354215,1400.628345645785,2026-07-09
12.5,345.0,0.2145873656776948,2164.0741308516267,1217.2358691483732,2026-07-09
12.75,360.0,0.2145873656776948,2153.8802650368493,1726.8297349631507,2026-07-09
13.0,375.0,0.2145873656776948,2144.068738560809,1521.5612614391912,2026-07-09
13.25,390.0,0.2145873656776948,2157.025546201647,2189.0744537983533,2026-07-09
13.5,405.0,0.2145873656776948,2157.7647127151818,1507.7752872848182,2026-07-09
13.75,420.0,0.2145873656776948,2148.134863491668,2016.575136508332,2026-07-09
14.0,435.0,0.2145873656776948,2096.663351643881,1284.5166483561188,2026-07-09
14.25,450.0,0.2145873656776948,2029.150548657729,2548.9594513422708,2026-07-09
14.5,465.0,0.2145873656776948,1960.2934916139675,374.89650838603256,2026-07-09
14.75,480.0,0.2145873656776948,1892.975273997351,256.88472600264913,2026-07-09
15.0,495.0,0.2145873656776948,1798.298326932486,1193.471673067514,2026-07-09
15.25,510.0,0.2145873656776948,1688.9162756105677,3000.673724389432,2026-07-09
15.5,525.0,0.2145873656776948,1574.1860354640255,2248.513964535974,2026-07-09
15.75,540.0,0.2145873656776948,1447.095259845801,3192.5847401541996,2026-07-09
16.0,555.0,0.2145873656776948,1317.5615891618927,1578.6084108381074,2026-07-09
16.25,570.0,0.2145873656776948,1182.8256772284906,2256.144322771509,2026-07-09
16.5,585.0,0.2145873656776948,1041.0292178894058,1999.7907821105944,2026-07-09
16.75,600.0,0.2145873656776948,892.0609017515646,1117.7890982484353,2026-07-09
17.0,615.0,0.2145873656776948,755.7853453732918,791.5146546267082,2026-07-09
17.25,630.0,0.2145873656776948,624.7877920068312,659.1922079931688,2026-07-09
17.5,645.0,0.2145873656776948,491.8049534511102,586.7350465488898,2026-07-09
17.75,660.0,0.2145873656776948,349.0907597819479,467.1592402180521,2026-07-09
18.0,675.0,0.2145873656776948,202.67051836823063,393.8894816317693,2026-07-09
18.25,690.0,0.2145873656776948,88.49414133607095,265.76585866392907,2026-07-09
18.5,705.0,0.2145873656776948,19.936087608164534,202.35391239183545,2026-07-09
18.75,720.0,0.2145873656776948,0.2595537527310679,49.990446247268935,2026-07-09
19.0,735.0,0.2145873656776948,0.0,0.0,2026-07-09
8.5,15.0,0.38863626095719,1576.67732684209,2761.4326731579094,2026-07-09
8.75,30.0,0.38863626095719,1767.4815090931995,1724.9684909068003,2026-07-09
9.0,45.0,0.38863626095719,1937.8505286064235,-213.13052860642347,2026-07-09
9.25,60.0,0.38863626095719,2093.9967278823447,-928.6867278823447,2026-07-09
9.5,75.0,0.38863626095719,2224.0205859367647,-77.54058593676473,2026-07-09
9.75,90.0,0.38863626095719,2358.0516427536354,-741.4916427536355,2026-07-09
10.0,105.0,0.38863626095719,2486.724955936,-837.2949559359997,2026-07-09
10.25,120.0,0.38863626095719,2604.46916075137,-23.75916075137002,2026-07-09
10.5,135.0,0.38863626095719,2689.0083390781588,656.6716609218411,2026-07-09
10.75,150.0,0.38863626095719,2762.2392460360675,2002.780753963933,2026-07-09
11.0,165.0,0.38863626095719,2826.865609786153,2076.224390213847,2026-07-09
11.25,180.0,0.38863626095719,2897.792694628082,2659.2673053719186,2026-07-09
11.5,195.0,0.38863626095719,2974.8237783079376,1492.156221692062,2026-07-09
11.75,210.0,0.38863626095719,3047.082086672824,1098.4679133271761,2026-07-09
12.0,225.0,0.38863626095719,3066.476799267309,288.60320073269077,2026-07-09
12.25,240.0,0.38863626095719,3067.666974499487,501.9930255005129,2026-07-09
12.5,255.0,0.38863626095719,3056.537575817857,324.7724241821429,2026-07-09
12.75,270.0,0.38863626095719,3041.284261337888,839.425738662112,2026-07-09
13.0,285.0,0.38863626095719,3017.6011041293677,648.0288958706324,2026-07-09
13.25,300.0,0.38863626095719,3001.046662440104,1345.0533375598966,2026-07-09
13.5,315.0,0.38863626095719,2967.557003547321,697.9829964526789,2026-07-09
13.75,330.0,0.38863626095719,2935.269997967851,1229.440002032149,2026-07-09
14.0,345.0,0.38863626095719,2868.4915340033604,512.6884659966395,2026-07-09
14.25,360.0,0.38863626095719,2777.39598156784,1800.7140184321597,2026-07-09
14.5,375.0,0.38863626095719,2680.454428310613,-345.26442831061286,2026-07-09
14.75,390.0,0.38863626095719,2576.810556575034,-426.9505565750337,2026-07-09
15.0,405.0,0.38863626095719,2445.7031798622183,546.0668201377816,2026-07-09
15.25,420.0,0.38863626095719,2305.6975290387145,2383.8924709612857,2026-07-09
15.5,435.0,0.38863626095719,2147.1532878982885,1675.5467121017114,2026-07-09
15.75,450.0,0.38863626095719,1966.4216375505896,2673.258362449411,2026-07-09
16.0,465.0,0.38863626095719,1785.205986731277,1110.964013268723,2026-07-09
16.25,480.0,0.38863626095719,1603.8749611107064,1835.0950388892934,2026-07-09
16.5,495.0,0.38863626095719,1407.249642433309,1633.5703575666912,2026-07-09
16.75,510.0,0.38863626095719,1198.7527633983852,811.0972366016147,2026-07-09
17.0,525.0,0.38863626095719,998.5404803134032,548.7595196865967,2026-07-09
17.25,540.0,0.38863626095719,811.5113731132384,472.4686268867616,2026-07-09
17.5,555.0,0.38863626095719,630.1575928549588,448.38240714504116,2026-07-09
17.75,570.0,0.38863626095719,442.0890292739688,374.1609707260312,2026-07-09
18.0,585.0,0.38863626095719,256.69320583143906,339.8667941685609,2026-07-09
18.25,600.0,0.38863626095719,112.40192707059556,241.85807292940444,2026-07-09
18.5,615.0,0.38863626095719,25.816847633180785,196.4731523668192,2026-07-09
18.75,630.0,0.38863626095719,0.3354668457275517,49.91453315427245,2026-07-09
19.0,645.0,0.38863626095719,0.0,0.0,2026-07-09
10.0,15.0,0.2619258678566333,1784.7070764118002,-135.27707641180018,2026-07-09
10.25,30.0,0.2619258678566333,1878.6971278234191,702.0128721765809,2026-07-09
10.5,45.0,0.2619258678566333,1948.6049103595503,1397.0750896404495,2026-07-09
10.75,60.0,0.2619258678566333,2011.4878163656124,2753.5321836343883,2026-07-09
11.0,75.0,0.2619258678566333,2073.1008552908124,2829.9891447091877,2026-07-09
11.25,90.0,0.2619258678566333,2146.402172575011,3410.6578274249896,2026-07-09
11.5,105.0,0.2619258678566333,2227.175185842601,2239.8048141573986,2026-07-09
11.75,120.0,0.2619258678566333,2292.451104888361,1853.0988951116392,2026-07-09
12.0,135.0,0.2619258678566333,2327.8575648065507,1027.2224351934492,2026-07-09
12.25,150.0,0.2619258678566333,2341.8785872463814,1227.7814127536185,2026-07-09
12.5,165.0,0.2619258678566333,2336.8907787741123,1044.4192212258877,2026-07-09
12.75,180.0,0.2619258678566333,2334.464971578332,1546.245028421668,2026-07-09
13.0,195.0,0.2619258678566333,2329.922508614184,1335.707491385816,2026-07-09
13.25,210.0,0.2619258678566333,2342.285013681975,2003.8149863180251,2026-07-09
13.5,225.0,0.2619258678566333,2338.8724749760536,1326.6675250239464,2026-07-09
13.75,240.0,0.2619258678566333,2340.5961599213847,1824.1138400786153,2026-07-09
14.0,255.0,0.2619258678566333,2288.7623472174128,1092.417652782587,2026-07-09
14.25,270.0,0.2619258678566333,2225.444065697184,2352.6659343028155,2026-07-09
14.5,285.0,0.2619258678566333,2159.2555245311773,175.9344754688227,2026-07-09
14.75,300.0,0.2619258678566333,2071.753235873888,78.10676412611201,2026-07-09
15.0,315.0,0.2619258678566333,1956.716350829019,1035.053649170981,2026-07-09
15.25,330.0,0.2619258678566333,1839.7810685029729,2849.8089314970275,2026-07-09
15.5,345.0,0.2619258678566333,1719.417079026192,2103.282920973808,2026-07-09
15.75,360.0,0.2619258678566333,1567.3641903051653,3072.315809694835,2026-07-09
16.0,375.0,0.2619258678566333,1413.1540732326282,1483.0159267673719,2026-07-09
16.25,390.0,0.2619258678566333,1268.9366089418193,2170.0333910581803,2026-07-09
16.5,405.0,0.2619258678566333,1121.3101760308575,1919.5098239691426,2026-07-09
16.75,420.0,0.2619258678566333,961.2328859171616,1048.6171140828383,2026-07-09
17.0,435.0,0.2619258678566333,807.1011755977366,740.1988244022633,2026-07-09
17.25,450.0,0.2619258678566333,661.8190607642745,622.1609392357256,2026-07-09
17.5,465.0,0.2619258678566333,520.3199075778425,558.2200924221574,2026-07-09
17.75,480.0,0.2619258678566333,368.8359553772439,447.4140446227561,2026-07-09
18.0,495.0,0.2619258678566333,214.3849809856277,382.17501901437225,2026-07-09
18.25,510.0,0.2619258678566333,93.39879371075833,260.86120628924164,2026-07-09
18.5,525.0,0.2619258678566333,21.134756643795026,201.15524335620498,2026-07-09
18.75,540.0,0.2619258678566333,0.2743970983816377,49.97560290161836,2026-07-09
19.0,555.0,0.2619258678566333,0.0,0.0,2026-07-09
11.5,15.0,0.5484893777645272,4224.390490565288,242.58950943471154,2026-07-09
11.75,30.0,0.5484893777645272,4257.272755924544,-111.72275592454389,2026-07-09
12.0,45.0,0.5484893777645272,4244.356325171578,-889.2763251715778,2026-07-09
12.25,60.0,0.5484893777645272,4207.8350353392025,-638.1750353392026,2026-07-09
12.5,75.0,0.5484893777645272,4157.655863967544,-776.3458639675441,2026-07-09
12.75,90.0,0.5484893777645272,4110.450199900606,-229.74019990060606,2026-07-09
13.0,105.0,0.5484893777645272,4050.78519728381,-385.1551972838097,2026-07-09
13.25,120.0,0.5484893777645272,3992.9385145449214,353.16148545507895,2026-07-09
13.5,135.0,0.5484893777645272,3928.927879588065,-263.38787958806506,2026-07-09
13.75,150.0,0.5484893777645272,3858.15224022231,306.5577597776901,2026-07-09
14.0,165.0,0.5484893777645272,3746.236093190767,-365.0560931907671,2026-07-09
14.25,180.0,0.5484893777645272,3607.96289528442,970.1471047155796,2026-07-09
14.5,195.0,0.5484893777645272,3463.595306599665,-1128.405306599665,2026-07-09
14.75,210.0,0.5484893777645272,3302.537775159464,-1152.677775159464,2026-07-09
15.0,225.0,0.5484893777645272,3112.7695799535627,-120.99957995356272,2026-07-09
15.25,240.0,0.5484893777645272,2914.114875735827,1775.4751242641732,2026-07-09
15.5,255.0,0.5484893777645272,2698.745707527272,1123.954292472728,2026-07-09
15.75,270.0,0.5484893777645272,2459.037002718807,2180.6429972811934,2026-07-09
16.0,285.0,0.5484893777645272,2226.249122473578,669.9208775264219,2026-07-09
16.25,300.0,0.5484893777645272,1998.019168061132,1440.9508319388679,2026-07-09
16.5,315.0,0.5484893777645272,1760.0976837772496,1280.7223162227506,2026-07-09
16.75,330.0,0.5484893777645272,1499.171987759027,510.678012240973,2026-07-09
17.0,345.0,0.5484893777645272,1244.3970227452608,302.9029772547392,2026-07-09
17.25,360.0,0.5484893777645272,1001.6823193074948,282.2976806925052,2026-07-09
17.5,375.0,0.5484893777645272,769.1033525485503,309.43664745144963,2026-07-09
17.75,390.0,0.5484893777645272,534.8845525006273,281.36544749937275,2026-07-09
18.0,405.0,0.5484893777645272,309.87295439929625,286.6870456007037,2026-07-09
18.25,420.0,0.5484893777645272,135.33432798883877,218.92567201116123,2026-07-09
18.5,435.0,0.5484893777645272,31.4400914868412,190.8499085131588,2026-07-09
18.75,450.0,0.5484893777645272,0.4075678959517412,49.84243210404826,2026-07-09
19.0,465.0,0.5484893777645272,0.0,0.0,2026-07-09
13.0,15.0,0.3843177007359916,3281.357248570854,384.27275142914596,2026-07-09
13.25,30.0,0.3843177007359916,3261.1590946834253,1084.940905316575,2026-07-09
13.5,45.0,0.3843177007359916,3227.449811230782,438.090188769218,2026-07-09
13.75,60.0,0.3843177007359916,3156.1418815719235,1008.5681184280766,2026-07-09
14.0,75.0,0.3843177007359916,3044.909947755942,336.27005224405775,2026-07-09
14.25,90.0,0.3843177007359916,2923.743161188457,1654.3668388115425,2026-07-09
14.5,105.0,0.3843177007359916,2794.732571311841,-459.54257131184113,2026-07-09
14.75,120.0,0.3843177007359916,2646.449455244877,-496.5894552448767,2026-07-09
15.0,135.0,0.3843177007359916,2466.913314162516,524.8566858374838,2026-07-09
15.25,150.0,0.3843177007359916,2280.4704963048443,2409.119503695156,2026-07-09
15.5,165.0,0.3843177007359916,2089.875022565775,1732.8249774342248,2026-07-09
15.75,180.0,0.3843177007359916,1902.501832335239,2737.1781676647615,2026-07-09
16.0,195.0,0.3843177007359916,1707.6472257483767,1188.5227742516233,2026-07-09
16.25,210.0,0.3843177007359916,1519.522631715886,1919.4473682841137,2026-07-09
16.5,225.0,0.3843177007359916,1325.795013249162,1715.0249867508383,2026-07-09
16.75,240.0,0.3843177007359916,1139.9896839286414,869.8603160713585,2026-07-09
17.0,255.0,0.3843177007359916,952.7663384706652,594.5336615293347,2026-07-09
17.25,270.0,0.3843177007359916,772.5393211132535,511.44067888674647,2026-07-09
17.5,285.0,0.3843177007359916,599.0969138907418,479.44308610925816,2026-07-09
17.75,300.0,0.3843177007359916,435.9685978106991,380.2814021893009,2026-07-09
18.0,315.0,0.3843177007359916,254.26716033445425,342.29283966554567,2026-07-09
18.25,330.0,0.3843177007359916,111.1369361862835,243.1230638137165,2026-07-09
18.5,345.0,0.3843177007359916,25.54800593265703,196.74199406734297,2026-07-09
18.75,360.0,0.3843177007359916,0.330890702335788,49.919109297664214,2026-07-09
19.0,375.0,0.3843177007359916,0.0,0.0,2026-07-09
14.5,15.0,0.4951916250863123,3400.5099411612123,-1065.3199411612122,2026-07-09
14.75,30.0,0.4951916250863123,3205.598810647129,-1055.738810647129,2026-07-09
15.0,45.0,0.4951916250863123,2979.559609870021,12.210390129978805,2026-07-09
15.25,60.0,0.4951916250863123,2743.2025339600023,1946.387466039998,2026-07-09
15.5,75.0,0.4951916250863123,2500.489405706872,1322.210594293128,2026-07-09
15.75,90.0,0.4951916250863123,2269.649858526652,2370.030141473348,2026-07-09
16.0,105.0,0.4951916250863123,2035.1285124403892,861.0414875596109,2026-07-09
16.25,120.0,0.4951916250863123,1803.9447647206407,1635.025235279359,2026-07-09
16.5,135.0,0.4951916250863123,1567.8731385588253,1472.9468614411749,2026-07-09
16.75,150.0,0.4951916250863123,1344.732332112575,665.1176678874249,2026-07-09
17.0,165.0,0.4951916250863123,1123.3843748173806,423.91562518261935,2026-07-09
17.25,180.0,0.4951916250863123,911.403864504696,372.576135495304,2026-07-09
17.5,195.0,0.4951916250863123,704.1334889112661,374.40651108873385,2026-07-09
17.75,210.0,0.4951916250863123,507.70352273963823,308.54647726036177,2026-07-09
18.0,225.0,0.4951916250863123,295.75373291688635,300.8062670831136,2026-07-09
18.25,240.0,0.4951916250863123,129.1459410175573,225.11405898244269,2026-07-09
18.5,255.0,0.4951916250863123,29.91321602002416,192.37678397997584,2026-07-09
18.75,270.0,0.4951916250863123,0.387725924120251,49.862274075879746,2026-07-09
19.0,285.0,0.4951916250863123,0.0,0.0,2026-07-09
16.0,15.0,0.6857177904777672,2800.059920973531,96.11007902646907,2026-07-09
16.25,30.0,0.6857177904777672,2458.999538309905,979.9704616900949,2026-07-09
16.5,45.0,0.6857177904777672,2116.6715235697507,924.1484764302495,2026-07-09
16.75,60.0,0.6857177904777672,1793.5995228894185,216.25047711058141,2026-07-09
17.0,75.0,0.6857177904777672,1478.8709156881148,68.42908431188516,2026-07-09
17.25,90.0,0.6857177904777672,1179.1605246095507,104.81947539044927,2026-07-09
17.5,105.0,0.6857177904777672,893.6426756400983,184.89732435990163,2026-07-09
17.75,120.0,0.6857177904777672,632.34263118732,183.90736881268003,2026-07-09
18.0,135.0,0.6857177904777672,366.723754329916,229.83624567008394,2026-07-09
18.25,150.0,0.6857177904777672,159.62984564071,194.63015435929,2026-07-09
18.5,165.0,0.6857177904777672,37.28974004332521,185.00025995667477,2026-07-09
18.75,180.0,0.6857177904777672,0.4826164209664568,49.76738357903354,2026-07-09
19.0,195.0,0.6857177904777672,0.0,0.0,2026-07-09
17.5,15.0,0.6696286174670074,862.9766828460157,215.56331715398426,2026-07-09
17.75,30.0,0.6696286174670074,610.7346915091549,205.5153084908451,2026-07-09
18.0,45.0,0.6696286174670074,354.89111573285953,241.6688842671404,2026-07-09
18.25,60.0,0.6696286174670074,155.1269459108491,199.1330540891509,2026-07-09
18.5,75.0,0.6696286174670074,36.24854887190324,186.04145112809675,2026-07-09
18.75,90.0,0.6696286174670074,0.470274773309738,49.77972522669026,2026-07-09
19.0,105.0,0.6696286174670074,0.0,0.0,2026-07-09
7.0,15.0,0.46526556656484236,549.5604517189649,166.19954828103505,2026-07-10
7.25,30.0,0.46526556656484236,758.5130717602772,91.65692823972279,2026-07-10
7.5,45.0,0.46526556656484236,985.3032878248052,76.44671217519476,2026-07-10
7.75,60.0,0.46526556656484236,1228.5060829996328,259.6039170003671,2026-07-10
8.0,75.0,0.46526556656484236,1478.4729170220176,490.26708297798245,2026-07-10
8.25,90.0,0.46526556656484236,1727.162275760971,571.4077242390292,2026-07-10
8.5,105.0,0.46526556656484236,1968.0524767320212,691.997523267979,2026-07-10
8.75,120.0,0.46526556656484236,2201.092444878056,739.597555121944,2026-07-10
9.0,135.0,0.46526556656484236,2425.384075532508,1946.9359244674915,2026-07-10
9.25,150.0,0.46526556656484236,2636.0070237866216,3034.4229762133787,2026-07-10
9.5,165.0,0.46526556656484236,2840.5241613131275,3087.5958386868724,2026-07-10
9.75,180.0,0.46526556656484236,3034.2663486822016,3140.883651317798,2026-07-10
10.0,195.0,0.46526556656484236,3225.312506773601,3196.0774932263994,2026-07-10
10.25,210.0,0.46526556656484236,3397.6714934451365,2977.2985065548637,2026-07-10
10.5,225.0,0.46526556656484236,3556.339846134019,2392.6701538659813,2026-07-10
10.75,240.0,0.46526556656484236,3672.768307389296,2826.4016926107042,2026-07-10
11.0,255.0,0.46526556656484236,3778.020629290378,2730.4293707096217,2026-07-10
11.25,270.0,0.46526556656484236,3856.7932330071576,3377.3467669928427,2026-07-10
11.5,285.0,0.46526556656484236,3942.939400329767,799.4905996702332,2026-07-10
11.75,300.0,0.46526556656484236,3998.971444562578,-229.90144456257804,2026-07-10
12.0,315.0,0.46526556656484236,4045.2310021486937,367.1589978513066,2026-07-10
12.25,330.0,0.46526556656484236,4065.8842761328624,530.7257238671373,2026-07-10
12.5,345.0,0.46526556656484236,4076.520791855288,579.5592081447121,2026-07-10
12.75,360.0,0.46526556656484236,4039.24718567174,746.22281432826,2026-07-10
13.0,375.0,0.46526556656484236,3994.506954956969,462.4430450430309,2026-07-10
13.25,390.0,0.46526556656484236,3944.414039788276,-511.0640397882762,2026-07-10
13.5,405.0,0.46526556656484236,3880.225221811815,146.82477818818506,2026-07-10
13.75,420.0,0.46526556656484236,3754.009066187993,302.2109338120067,2026-07-10
14.0,435.0,0.46526556656484236,3619.3444647040105,22.425535295989448,2026-07-10
14.25,450.0,0.46526556656484236,3457.619224441416,698.1807755585842,2026-07-10
14.5,465.0,0.46526556656484236,3294.6163690722337,689.8436309277663,2026-07-10
14.75,480.0,0.46526556656484236,3113.557604809628,221.992395190372,2026-07-10
15.0,495.0,0.46526556656484236,2934.446422672497,1554.893577327503,2026-07-10
15.25,510.0,0.46526556656484236,2735.6341935176238,1701.975806482376,2026-07-10
15.5,525.0,0.46526556656484236,2522.1279762743548,1753.782023725645,2026-07-10
15.75,540.0,0.46526556656484236,2305.565051446133,1340.2849485538668,2026-07-10
16.0,555.0,0.46526556656484236,2080.0987962192944,1354.9212037807056,2026-07-10
16.25,570.0,0.46526556656484236,1834.1066221886847,1585.5733778113151,2026-07-10
16.5,585.0,0.46526556656484236,1586.342529247475,1604.6774707525249,2026-07-10
16.75,600.0,0.46526556656484236,1350.4903054550489,1202.9496945449512,2026-07-10
17.0,615.0,0.46526556656484236,1120.849604315974,523.510395684026,2026-07-10
17.25,630.0,0.46526556656484236,895.4858657429342,286.27413425706584,2026-07-10
17.5,645.0,0.46526556656484236,678.04183856206,231.96816143794,2026-07-10
17.75,660.0,0.46526556656484236,478.50729019540967,213.31270980459038,2026-07-10
18.0,675.0,0.46526556656484236,285.8654268762555,222.78457312374445,2026-07-10
18.25,690.0,0.46526556656484236,124.16746063920507,189.8525393607949,2026-07-10
18.5,705.0,0.46526556656484236,28.510107891903644,129.87989210809633,2026-07-10
18.75,720.0,0.46526556656484236,0.3601196374489619,41.05988036255104,2026-07-10
19.0,735.0,0.46526556656484236,0.0,0.0,2026-07-10
8.5,15.0,0.49474809842976697,2060.421127941207,599.6288720587931,2026-07-10
8.75,30.0,0.49474809842976697,2313.187336568539,627.5026634314609,2026-07-10
9.0,45.0,0.49474809842976697,2562.2822027504485,1810.0377972495512,2026-07-10
9.25,60.0,0.49474809842976697,2801.6619336894496,2868.7680663105507,2026-07-10
9.5,75.0,0.49474809842976697,3030.1273380003367,2897.992661999663,2026-07-10
9.75,90.0,0.49474809842976697,3239.100300603244,2936.049699396756,2026-07-10
10.0,105.0,0.49474809842976697,3438.8399539830302,2982.55004601697,2026-07-10
10.25,120.0,0.49474809842976697,3611.495445494312,2763.474554505688,2026-07-10
10.5,135.0,0.49474809842976697,3776.424267069296,2172.585732930704,2026-07-10
10.75,150.0,0.49474809842976697,3917.016742191225,2582.153257808775,2026-07-10
11.0,165.0,0.49474809842976697,4053.5217115492032,2454.9282884507966,2026-07-10
11.25,180.0,0.49474809842976697,4168.242717858982,3065.897282141018,2026-07-10
11.5,195.0,0.49474809842976697,4264.838425532637,477.591574467363,2026-07-10
11.75,210.0,0.49474809842976697,4315.471153531545,-546.4011535315444,2026-07-10
12.0,225.0,0.49474809842976697,4346.55310988235,65.83689011765,2026-07-10
12.25,240.0,0.49474809842976697,4357.208597966073,239.4014020339264,2026-07-10
12.5,255.0,0.49474809842976697,4354.151807249771,301.92819275022885,2026-07-10
12.75,270.0,0.49474809842976697,4314.736359362157,470.73364063784356,2026-07-10
13.0,285.0,0.49474809842976697,4268.985564065555,187.96443593444474,2026-07-10
13.25,300.0,0.49474809842976697,4193.7201688648975,-760.3701688648976,2026-07-10
13.5,315.0,0.49474809842976697,4115.801233653901,-88.75123365390118,2026-07-10
13.75,330.0,0.49474809842976697,3987.216710008811,69.00328999118892,2026-07-10
14.0,345.0,0.49474809842976697,3839.848630671753,-198.07863067175322,2026-07-10
14.25,360.0,0.49474809842976697,3671.083917457645,484.71608254235525,2026-07-10
14.5,375.0,0.49474809842976697,3502.109180858612,482.350819141388,2026-07-10
14.75,390.0,0.49474809842976697,3303.069444474228,32.48055552577216,2026-07-10
15.0,405.0,0.49474809842976697,3089.9782638862,1399.3617361138004,2026-07-10
15.25,420.0,0.49474809842976697,2861.089689323296,1576.5203106767035,2026-07-10
15.5,435.0,0.49474809842976697,2624.4938157966003,1651.4161842033996,2026-07-10
15.75,450.0,0.49474809842976697,2384.028735252671,1261.8212647473288,2026-07-10
16.0,465.0,0.49474809842976697,2143.027255929949,1291.9927440700508,2026-07-10
16.25,480.0,0.49474809842976697,1883.6443382944196,1536.0356617055802,2026-07-10
16.5,495.0,0.49474809842976697,1626.4704384427955,1564.5495615572045,2026-07-10
16.75,510.0,0.49474809842976697,1382.9471297126229,1170.4928702873772,2026-07-10
17.0,525.0,0.49474809842976697,1144.382815024393,499.97718497560686,2026-07-10
17.25,540.0,0.49474809842976697,909.222976215704,272.537023784296,2026-07-10
17.5,555.0,0.49474809842976697,685.1450639054971,224.86493609450292,2026-07-10
17.75,570.0,0.49474809842976697,484.36591274155575,207.4540872584443,2026-07-10
18.0,585.0,0.49474809842976697,291.4952849912917,217.15471500870825,2026-07-10
18.25,600.0,0.49474809842976697,127.35545699855015,186.66454300144983,2026-07-10
18.5,615.0,0.49474809842976697,29.32952748003373,129.06047251996625,2026-07-10
18.75,630.0,0.49474809842976697,0.3711702774508232,41.04882972254918,2026-07-10
19.0,645.0,0.49474809842976697,0.0,0.0,2026-07-10
10.0,15.0,0.8773535366355518,5420.974801837056,1000.4151981629448,2026-07-10
10.25,30.0,0.8773535366355518,5657.613962536298,717.3560374637027,2026-07-10
10.5,45.0,0.8773535366355518,5873.585390348906,75.42460965109422,2026-07-10
10.75,60.0,0.8773535366355518,6046.732124241506,452.43787575849365,2026-07-10
11.0,75.0,0.8773535366355518,6212.498576068478,295.9514239315222,2026-07-10
11.25,90.0,0.8773535366355518,6357.438999570945,876.7010004290551,2026-07-10
11.5,105.0,0.8773535366355518,6482.326679957968,-1739.8966799579675,2026-07-10
11.75,120.0,0.8773535366355518,6550.697195448574,-2781.627195448574,2026-07-10
12.0,135.0,0.8773535366355518,6589.069427221593,-2176.679427221593,2026-07-10
12.25,150.0,0.8773535366355518,6595.681365053532,-1999.0713650535326,2026-07-10
12.5,165.0,0.8773535366355518,6583.047527806517,-1926.967527806517,2026-07-10
12.75,180.0,0.8773535366355518,6509.983023972066,-1724.5130239720656,2026-07-10
13.0,195.0,0.8773535366355518,6430.798439276276,-1973.8484392762766,2026-07-10
13.25,210.0,0.8773535366355518,6313.853952899337,-2880.503952899337,2026-07-10
13.5,225.0,0.8773535366355518,6188.356846064627,-2161.3068460646264,2026-07-10
13.75,240.0,0.8773535366355518,5993.434079436736,-1937.2140794367365,2026-07-10
14.0,255.0,0.8773535366355518,5776.687353304316,-2134.9173533043163,2026-07-10
14.25,270.0,0.8773535366355518,5531.253530900398,-1375.4535309003977,2026-07-10
14.5,285.0,0.8773535366355518,5277.51330308574,-1293.0533030857396,2026-07-10
14.75,300.0,0.8773535366355518,4986.336739753529,-1650.7867397535292,2026-07-10
15.0,315.0,0.8773535366355518,4684.8698745363645,-195.52987453636433,2026-07-10
15.25,330.0,0.8773535366355518,4356.45223704997,81.15776295002979,2026-07-10
15.5,345.0,0.8773535366355518,4009.420269133328,266.48973086667183,2026-07-10
15.75,360.0,0.8773535366355518,3647.616773197412,-1.7667731974120215,2026-07-10
16.0,375.0,0.8773535366355518,3280.8433953652952,154.17660463470474,2026-07-10
16.25,390.0,0.8773535366355518,2888.337278700402,531.342721299598,2026-07-10
16.5,405.0,0.8773535366355518,2493.682139789905,697.3378602100952,2026-07-10
16.75,420.0,0.8773535366355518,2111.5181811944726,441.92181880552744,2026-07-10
17.0,435.0,0.8773535366355518,1742.132465403888,-97.77246540388819,2026-07-10
17.25,450.0,0.8773535366355518,1379.7940928489747,-198.03409284897475,2026-07-10
17.5,465.0,0.8773535366355518,1033.417958048418,-123.4079580484181,2026-07-10
17.75,480.0,0.8773535366355518,717.3647152830504,-25.544715283050323,2026-07-10
18.0,495.0,0.8773535366355518,425.1666796479132,83.48332035208676,2026-07-10
18.25,510.0,0.8773535366355518,185.4652380783033,128.5547619216967,2026-07-10
18.5,525.0,0.8773535366355518,43.47088654977105,114.91911345022893,2026-07-10
18.75,540.0,0.8773535366355518,0.5491041786863893,40.87089582131361,2026-07-10
19.0,555.0,0.8773535366355518,0.0,0.0,2026-07-10
11.5,15.0,0.8033219173268367,6418.483901664408,-1676.053901664408,2026-07-10
11.75,30.0,0.8033219173268367,6430.639811071719,-2661.569811071719,2026-07-10
12.0,45.0,0.8033219173268367,6419.536605121501,-2007.1466051215011,2026-07-10
12.25,60.0,0.8033219173268367,6384.662306245571,-1788.0523062455713,2026-07-10
12.5,75.0,0.8033219173268367,6343.242473843638,-1687.1624738436385,2026-07-10
12.75,90.0,0.8033219173268367,6256.7920553819895,-1471.3220553819892,2026-07-10
13.0,105.0,0.8033219173268367,6163.560623047738,-1706.610623047738,2026-07-10
13.25,120.0,0.8033219173268367,6045.918257714659,-2612.5682577146595,2026-07-10
13.5,135.0,0.8033219173268367,5913.564273383207,-1886.5142733832072,2026-07-10
13.75,150.0,0.8033219173268367,5726.894358468364,-1670.674358468364,2026-07-10
14.0,165.0,0.8033219173268367,5514.616033610985,-1872.8460336109852,2026-07-10
14.25,180.0,0.8033219173268367,5264.891561189296,-1109.091561189296,2026-07-10
14.5,195.0,0.8033219173268367,5009.268003375708,-1024.8080033757078,2026-07-10
14.75,210.0,0.8033219173268367,4722.289927440266,-1386.739927440266,2026-07-10
15.0,225.0,0.8033219173268367,4435.937243122841,53.402756877158936,2026-07-10
15.25,240.0,0.8033219173268367,4122.2933359780245,315.31666402197516,2026-07-10
15.5,255.0,0.8033219173268367,3791.4692821464578,484.4407178535421,2026-07-10
15.75,270.0,0.8033219173268367,3451.011659276744,194.8383407232559,2026-07-10
16.0,285.0,0.8033219173268367,3103.994296516384,331.02570348361587,2026-07-10
16.25,300.0,0.8033219173268367,2733.9329989518906,685.7470010481093,2026-07-10
16.5,315.0,0.8033219173268367,2361.3772675639048,829.6427324360952,2026-07-10
16.75,330.0,0.8033219173268367,2002.78857989641,550.65142010359,2026-07-10
17.0,345.0,0.8033219173268367,1650.5133864878633,-6.153386487863372,2026-07-10
17.25,360.0,0.8033219173268367,1306.5907765490322,-124.83077654903218,2026-07-10
17.5,375.0,0.8033219173268367,979.2703269783824,-69.26032697838241,2026-07-10
17.75,390.0,0.8033219173268367,681.3253093656863,10.49469063431377,2026-07-10
18.0,405.0,0.8033219173268367,404.2611310278805,104.3888689721195,2026-07-10
18.25,420.0,0.8033219173268367,176.16652765228537,137.85347234771461,2026-07-10
18.5,435.0,0.8033219173268367,41.252529481682245,117.13747051831774,2026-07-10
18.75,450.0,0.8033219173268367,0.5211591660538377,40.89884083394617,2026-07-10
19.0,465.0,0.8033219173268367,0.0,0.0,2026-07-10
13.0,15.0,0.5165875661059213,4439.0431219616485,17.90687803835135,2026-07-10
13.25,30.0,0.5165875661059213,4369.482819262445,-936.1328192624455,2026-07-10
13.5,45.0,0.5165875661059213,4287.424394493838,-260.3743944938378,2026-07-10
13.75,60.0,0.5165875661059213,4156.019050339595,-99.7990503395954,2026-07-10
14.0,75.0,0.5165875661059213,4008.362718369469,-366.5927183694689,2026-07-10
14.25,90.0,0.5165875661059213,3843.992942844702,311.807057155298,2026-07-10
14.5,105.0,0.5165875661059213,3673.224190635845,311.2358093641551,2026-07-10
14.75,120.0,0.5165875661059213,3480.167669436468,-144.61766943646762,2026-07-10
15.0,135.0,0.5165875661059213,3281.9235132154854,1207.4164867845147,2026-07-10
15.25,150.0,0.5165875661059213,3064.59809610571,1373.0119038942898,2026-07-10
15.5,165.0,0.5165875661059213,2831.974893563593,1443.9351064364068,2026-07-10
15.75,180.0,0.5165875661059213,2585.7514875450597,1060.0985124549402,2026-07-10
16.0,195.0,0.5165875661059213,2331.4332015547698,1103.5867984452302,2026-07-10
16.25,210.0,0.5165875661059213,2061.189282795477,1358.4907172045228,2026-07-10
16.5,225.0,0.5165875661059213,1788.29519219992,1402.72480780008,2026-07-10
16.75,240.0,0.5165875661059213,1519.7749153423558,1033.6650846576442,2026-07-10
17.0,255.0,0.5165875661059213,1260.472260006447,383.88773999355294,2026-07-10
17.25,270.0,0.5165875661059213,1007.6421817324608,174.11781826753918,2026-07-10
17.5,285.0,0.5165875661059213,764.7496648157728,145.2603351842272,2026-07-10
17.75,300.0,0.5165875661059213,525.2516432530944,166.5683567469057,2026-07-10
18.0,315.0,0.5165875661059213,303.07366135042207,205.5763386495779,2026-07-10
18.25,330.0,0.5165875661059213,132.14096595566232,181.87903404433766,2026-07-10
18.5,345.0,0.5165875661059213,30.52550445750653,127.86449554249346,2026-07-10
18.75,360.0,0.5165875661059213,0.3858465652153568,41.03415343478464,2026-07-10
19.0,375.0,0.5165875661059213,0.0,0.0,2026-07-10
14.5,15.0,0.502361947406184,3603.011003011852,381.4489969881479,2026-07-10
14.75,30.0,0.502361947406184,3422.5817732553865,-87.03177325538627,2026-07-10
15.0,45.0,0.502361947406184,3248.771732700829,1240.568267299171,2026-07-10
15.25,60.0,0.502361947406184,3051.3396196675585,1386.2703803324412,2026-07-10
15.5,75.0,0.502361947406184,2825.773066403985,1450.1369335960148,2026-07-10
15.75,90.0,0.502361947406184,2581.859608633034,1063.990391366966,2026-07-10
16.0,105.0,0.502361947406184,2333.6467056466945,1101.3732943533055,2026-07-10
16.25,120.0,0.502361947406184,2067.354086805929,1352.3259131940708,2026-07-10
16.5,135.0,0.502361947406184,1792.4577195783286,1398.5622804216714,2026-07-10
16.75,150.0,0.502361947406184,1524.4597624235637,1028.9802375764364,2026-07-10
17.0,165.0,0.502361947406184,1265.1096500336316,379.2503499663683,2026-07-10
17.25,180.0,0.502361947406184,1011.6951699159564,170.0648300840436,2026-07-10
17.5,195.0,0.502361947406184,767.7619463188792,142.24805368112084,2026-07-10
17.75,210.0,0.502361947406184,527.2285361350732,164.59146386492682,2026-07-10
18.0,225.0,0.502361947406184,303.20429826275284,205.44570173724713,2026-07-10
18.25,240.0,0.502361947406184,131.1469165924785,182.87308340752148,2026-07-10
18.5,255.0,0.502361947406184,30.0959374542986,128.2940625457014,2026-07-10
18.75,270.0,0.502361947406184,0.3797944337522324,41.04020556624777,2026-07-10
19.0,285.0,0.502361947406184,0.0,0.0,2026-07-10
16.0,15.0,0.7445735206589794,3048.929830959733,386.090169040267,2026-07-10
16.25,30.0,0.7445735206589794,2692.1673889472354,727.5126110527644,2026-07-10
16.5,45.0,0.7445735206589794,2327.4940004295017,863.5259995704982,2026-07-10
16.75,60.0,0.7445735206589794,1972.0915540873475,581.3484459126526,2026-07-10
17.0,75.0,0.7445735206589794,1628.716295269213,15.643704730786794,2026-07-10
17.25,90.0,0.7445735206589794,1295.4600031637042,-113.7000031637042,2026-07-10
17.5,105.0,0.7445735206589794,974.4117361887362,-64.40173618873621,2026-07-10
17.75,120.0,0.7445735206589794,665.6777620659624,26.142237934037666,2026-07-10
18.0,135.0,0.7445735206589794,382.8786348670168,125.77136513298319,2026-07-10
18.25,150.0,0.7445735206589794,166.018263827252,148.00173617274797,2026-07-10
18.5,165.0,0.7445735206589794,38.61598001279306,119.77401998720693,2026-07-10
18.75,180.0,0.7445735206589794,0.4875563844863962,40.932443615513606,2026-07-10
19.0,195.0,0.7445735206589794,0.0,0.0,2026-07-10
17.5,15.0,0.8713684199430952,1093.7029315527398,-183.69293155273976,2026-07-10
17.75,30.0,0.8713684199430952,744.3089010104878,-52.48890101048778,2026-07-10
18.0,45.0,0.8713684199430952,428.6987417710146,79.95125822898535,2026-07-10
18.25,60.0,0.8713684199430952,186.59201475154373,127.42798524845625,2026-07-10
18.5,75.0,0.8713684199430952,43.62004669574446,114.76995330425552,2026-07-10
18.75,90.0,0.8713684199430952,0.5507957133319967,40.86920428666801,2026-07-10
19.0,105.0,0.8713684199430952,0.0,0.0,2026-07-10
7.0,15.0,0.5108795116325694,692.6640022395945,-269.03400223959454,2026-07-11
7.25,30.0,0.5108795116325694,952.1698208340556,-199.08982083405556,2026-07-11
7.5,45.0,0.5108795116325694,1231.4824278938931,-87.25242789389313,2026-07-11
7.75,60.0,0.5108795116325694,1527.33566669279,-99.31566669279005,2026-07-11
8.0,75.0,0.5108795116325694,1822.092305636396,-151.932305636396,2026-07-11
8.25,90.0,0.5108795116325694,2114.0833133510773,-288.2533133510774,2026-07-11
8.5,105.0,0.5108795116325694,2411.8271012443147,-401.9571012443148,2026-07-11
8.75,120.0,0.5108795116325694,2735.686418262092,-498.266418262092,2026-07-11
9.0,135.0,0.5108795116325694,3051.629800168647,-521.0798001686467,2026-07-11
9.25,150.0,0.5108795116325694,3348.945000320374,-513.1950003203742,2026-07-11
9.5,165.0,0.5108795116325694,3624.3824009730274,-134.61240097302743,2026-07-11
9.75,180.0,0.5108795116325694,3882.58836971064,414.4116302893599,2026-07-11
10.0,195.0,0.5108795116325694,4122.034982209757,927.6150177902427,2026-07-11
10.25,210.0,0.5108795116325694,4330.913259936105,1265.156740063895,2026-07-11
10.5,225.0,0.5108795116325694,4514.507318687391,1598.9026813126093,2026-07-11
10.75,240.0,0.5108795116325694,4667.518168479749,1398.5318315202512,2026-07-11
11.0,255.0,0.5108795116325694,4798.673943342292,1721.6260566577084,2026-07-11
11.25,270.0,0.5108795116325694,4898.475660743256,844.7543392567432,2026-07-11
11.5,285.0,0.5108795116325694,4979.377839161346,533.5221608386537,2026-07-11
11.75,300.0,0.5108795116325694,5027.081534304269,992.858465695731,2026-07-11
12.0,315.0,0.5108795116325694,5042.273569437263,1618.356430562737,2026-07-11
12.25,330.0,0.5108795116325694,5056.421107833096,741.0788921669036,2026-07-11
12.5,345.0,0.5108795116325694,5080.881923257792,337.72807674220803,2026-07-11
12.75,360.0,0.5108795116325694,5048.711287059081,1429.6387129409195,2026-07-11
13.0,375.0,0.5108795116325694,4993.175526701794,1240.8444732982061,2026-07-11
13.25,390.0,0.5108795116325694,4933.532196600397,1924.9178033996031,2026-07-11
13.5,405.0,0.5108795116325694,4864.022568477116,1404.5274315228844,2026-07-11
13.75,420.0,0.5108795116325694,4734.790673877018,-679.3006738770182,2026-07-11
14.0,435.0,0.5108795116325694,4578.810678179718,1849.6593218202825,2026-07-11
14.25,450.0,0.5108795116325694,4406.911031618748,526.0689683812516,2026-07-11
14.5,465.0,0.5108795116325694,4245.530284918521,284.9797150814793,2026-07-11
14.75,480.0,0.5108795116325694,4084.4318174221858,887.2581825778138,2026-07-11
15.0,495.0,0.5108795116325694,3885.7407309497376,719.6792690502625,2026-07-11
15.25,510.0,0.5108795116325694,3649.274619906065,1993.255380093935,2026-07-11
15.5,525.0,0.5108795116325694,3387.385341720144,2174.574658279856,2026-07-11
15.75,540.0,0.5108795116325694,3107.778650535774,-347.6086505357739,2026-07-11
16.0,555.0,0.5108795116325694,2809.2470987073475,1222.6829012926523,2026-07-11
16.25,570.0,0.5108795116325694,2497.65321910138,2.956780898620309,2026-07-11
16.5,585.0,0.5108795116325694,2182.718089073433,1738.241910926567,2026-07-11
16.75,600.0,0.5108795116325694,1870.289334128388,1436.8006658716122,2026-07-11
17.0,615.0,0.5108795116325694,1560.5813148592797,1090.8986851407203,2026-07-11
17.25,630.0,0.5108795116325694,1257.8059510965545,1266.4940489034457,2026-07-11
17.5,645.0,0.5108795116325694,932.9810416226862,956.6189583773137,2026-07-11
17.75,660.0,0.5108795116325694,625.7230999119712,733.7669000880288,2026-07-11
18.0,675.0,0.5108795116325694,357.91687153615163,479.73312846384835,2026-07-11
18.25,690.0,0.5108795116325694,154.56981976672367,406.1001802332763,2026-07-11
18.5,705.0,0.5108795116325694,34.71117691401536,248.5588230859846,2026-07-11
18.75,720.0,0.5108795116325694,0.4243497335260554,77.28565026647394,2026-07-11
19.0,735.0,0.5108795116325694,0.0,14.63,2026-07-11
8.5,15.0,0.44035831355777477,2130.318039859399,-120.44803985939916,2026-07-11
8.75,30.0,0.44035831355777477,2435.096762256319,-197.67676225631885,2026-07-11
9.0,45.0,0.44035831355777477,2739.991492179614,-209.44149217961376,2026-07-11
9.25,60.0,0.44035831355777477,3021.984378160371,-186.23437816037085,2026-07-11
9.5,75.0,0.44035831355777477,3275.841520947284,213.92847905271583,2026-07-11
9.75,90.0,0.44035831355777477,3516.944931624352,780.0550683756478,2026-07-11
10.0,105.0,0.44035831355777477,3741.13944762921,1308.5105523707898,2026-07-11
10.25,120.0,0.44035831355777477,3945.07939846549,1650.9906015345096,2026-07-11
10.5,135.0,0.44035831355777477,4123.935160823178,1989.4748391768217,2026-07-11
10.75,150.0,0.44035831355777477,4277.800179286386,1788.249820713614,2026-07-11
11.0,165.0,0.44035831355777477,4410.01461183204,2110.2853881679603,2026-07-11
11.25,180.0,0.44035831355777477,4514.402910156568,1228.8270898434312,2026-07-11
11.5,195.0,0.44035831355777477,4597.719600113975,915.180399886025,2026-07-11
11.75,210.0,0.44035831355777477,4641.008718925204,1378.9312810747952,2026-07-11
12.0,225.0,0.44035831355777477,4637.811258361403,2022.8187416385972,2026-07-11
12.25,240.0,0.44035831355777477,4620.401587689296,1177.0984123107037,2026-07-11
12.5,255.0,0.44035831355777477,4616.791723832417,801.8182761675826,2026-07-11
12.75,270.0,0.44035831355777477,4584.466203033996,1893.8837969660044,2026-07-11
13.0,285.0,0.44035831355777477,4530.33850096372,1703.68149903628,2026-07-11
13.25,300.0,0.44035831355777477,4474.194241281437,2384.255758718563,2026-07-11
13.5,315.0,0.44035831355777477,4409.647600773578,1858.902399226422,2026-07-11
13.75,330.0,0.44035831355777477,4285.715527372977,-230.225527372977,2026-07-11
14.0,345.0,0.44035831355777477,4135.8855343517625,2292.5844656482377,2026-07-11
14.25,360.0,0.44035831355777477,3979.8112714636895,953.16872853631,2026-07-11
14.5,375.0,0.44035831355777477,3845.193734271451,685.3162657285493,2026-07-11
14.75,390.0,0.44035831355777477,3706.1893095764585,1265.500690423541,2026-07-11
15.0,405.0,0.44035831355777477,3541.3518882508897,1064.0681117491104,2026-07-11
15.25,420.0,0.44035831355777477,3335.98450531806,2306.5454946819395,2026-07-11
15.5,435.0,0.44035831355777477,3101.041295576587,2460.918704423413,2026-07-11
15.75,450.0,0.44035831355777477,2846.799915663435,-86.62991566343499,2026-07-11
16.0,465.0,0.44035831355777477,2575.969504101622,1455.9604958983778,2026-07-11
16.25,480.0,0.44035831355777477,2292.1531991715237,208.4568008284764,2026-07-11
16.5,495.0,0.44035831355777477,2003.7079063431413,1917.2520936568587,2026-07-11
16.75,510.0,0.44035831355777477,1722.5020381140184,1584.5879618859817,2026-07-11
17.0,525.0,0.44035831355777477,1441.6475694357218,1209.8324305642782,2026-07-11
17.25,540.0,0.44035831355777477,1162.9688404555773,1361.331159544423,2026-07-11
17.5,555.0,0.44035831355777477,861.1306800451589,1028.469319954841,2026-07-11
17.75,570.0,0.44035831355777477,576.9490417783346,782.5409582216654,2026-07-11
18.0,585.0,0.44035831355777477,328.7260034911741,508.9239965088259,2026-07-11
18.25,600.0,0.44035831355777477,141.37291338422074,419.2970866157792,2026-07-11
18.5,615.0,0.44035831355777477,31.457741779775724,251.81225822022427,2026-07-11
18.75,630.0,0.44035831355777477,0.3845578393663926,77.3254421606336,2026-07-11
19.0,645.0,0.44035831355777477,0.0,14.63,2026-07-11
10.0,15.0,0.4857073203998181,3890.350767839508,1159.2992321604916,2026-07-11
10.25,30.0,0.4857073203998181,4103.353909439181,1492.7160905608189,2026-07-11
10.5,45.0,0.4857073203998181,4294.29851275799,1819.1114872420103,2026-07-11
10.75,60.0,0.4857073203998181,4449.673309330103,1616.3766906698975,2026-07-11
11.0,75.0,0.4857073203998181,4580.106151909488,1940.193848090512,2026-07-11
11.25,90.0,0.4857073203998181,4683.762897119072,1059.467102880928,2026-07-11
11.5,105.0,0.4857073203998181,4779.157015479804,733.7429845201959,2026-07-11
11.75,120.0,0.4857073203998181,4829.827425996961,1190.1125740030384,2026-07-11
12.0,135.0,0.4857073203998181,4847.810515621545,1812.819484378455,2026-07-11
12.25,150.0,0.4857073203998181,4863.99171173936,933.5082882606403,2026-07-11
12.5,165.0,0.4857073203998181,4882.718397731994,535.891602268006,2026-07-11
12.75,180.0,0.4857073203998181,4860.33592787795,1618.0140721220505,2026-07-11
13.0,195.0,0.4857073203998181,4817.111157314792,1416.9088426852086,2026-07-11
13.25,210.0,0.4857073203998181,4755.575040926103,2102.874959073897,2026-07-11
13.5,225.0,0.4857073203998181,4675.720189792114,1592.829810207886,2026-07-11
13.75,240.0,0.4857073203998181,4539.511789261694,-484.0217892616938,2026-07-11
14.0,255.0,0.4857073203998181,4390.8875970197305,2037.5824029802698,2026-07-11
14.25,270.0,0.4857073203998181,4232.320434670353,700.6595653296463,2026-07-11
14.5,285.0,0.4857073203998181,4083.496527090832,447.0134729091683,2026-07-11
14.75,300.0,0.4857073203998181,3913.845354334113,1057.8446456658867,2026-07-11
15.0,315.0,0.4857073203998181,3722.763045104475,882.6569548955249,2026-07-11
15.25,330.0,0.4857073203998181,3499.276565563367,2143.2534344366327,2026-07-11
15.5,345.0,0.4857073203998181,3252.4237244673623,2309.536275532638,2026-07-11
15.75,360.0,0.4857073203998181,2983.663816517923,-223.49381651792282,2026-07-11
16.0,375.0,0.4857073203998181,2701.4192971771704,1330.5107028228294,2026-07-11
16.25,390.0,0.4857073203998181,2402.275581169508,98.33441883049227,2026-07-11
16.5,405.0,0.4857073203998181,2098.5755338572653,1822.3844661427347,2026-07-11
16.75,420.0,0.4857073203998181,1799.2838752119578,1507.8061247880423,2026-07-11
17.0,435.0,0.4857073203998181,1502.669840024009,1148.810159975991,2026-07-11
17.25,450.0,0.4857073203998181,1211.3359795684185,1312.9640204315817,2026-07-11
17.5,465.0,0.4857073203998181,900.283973195373,989.3160268046269,2026-07-11
17.75,480.0,0.4857073203998181,605.123591487168,754.366408512832,2026-07-11
18.0,495.0,0.4857073203998181,345.5069438614028,492.14305613859716,2026-07-11
18.25,510.0,0.4857073203998181,148.50849186586717,412.16150813413276,2026-07-11
18.5,525.0,0.4857073203998181,33.21691789397886,250.05308210602112,2026-07-11
18.75,540.0,0.4857073203998181,0.4064300411850455,77.30356995881495,2026-07-11
19.0,555.0,0.4857073203998181,0.0,14.63,2026-07-11
11.5,15.0,0.7178464457397016,6187.670843201158,-674.7708432011586,2026-07-11
11.75,30.0,0.7178464457397016,6242.878014870927,-222.93801487092696,2026-07-11
12.0,45.0,0.7178464457397016,6256.205569905438,404.424430094562,2026-07-11
12.25,60.0,0.7178464457397016,6251.258766531513,-453.7587665315132,2026-07-11
12.5,75.0,0.7178464457397016,6246.912750441799,-828.3027504417996,2026-07-11
12.75,90.0,0.7178464457397016,6199.158098592156,279.19190140784394,2026-07-11
13.0,105.0,0.7178464457397016,6123.58858197934,110.4314180206602,2026-07-11
13.25,120.0,0.7178464457397016,6036.522178772841,821.9278212271593,2026-07-11
13.5,135.0,0.7178464457397016,5932.391586860278,336.15841313972214,2026-07-11
13.75,150.0,0.7178464457397016,5762.548710462812,-1707.058710462812,2026-07-11
14.0,165.0,0.7178464457397016,5567.141781906455,861.3282180935448,2026-07-11
14.25,180.0,0.7178464457397016,5352.367012852526,-419.3870128525268,2026-07-11
14.5,195.0,0.7178464457397016,5144.311914742443,-613.8019147424429,2026-07-11
14.75,210.0,0.7178464457397016,4916.312671502214,55.37732849778604,2026-07-11
15.0,225.0,0.7178464457397016,4659.881364720292,-54.461364720292295,2026-07-11
15.25,240.0,0.7178464457397016,4372.369563482966,1270.1604365170333,2026-07-11
15.5,255.0,0.7178464457397016,4062.78558355615,1499.17441644385,2026-07-11
15.75,270.0,0.7178464457397016,3731.363725796657,-971.193725796657,2026-07-11
16.0,285.0,0.7178464457397016,3376.6461718084,655.2838281915997,2026-07-11
16.25,300.0,0.7178464457397016,3000.344159424211,-499.7341594242107,2026-07-11
16.5,315.0,0.7178464457397016,2617.530515277924,1303.4294847220758,2026-07-11
16.75,330.0,0.7178464457397016,2235.663487438049,1071.4265125619513,2026-07-11
17.0,345.0,0.7178464457397016,1859.6808011720293,791.7991988279707,2026-07-11
17.25,360.0,0.7178464457397016,1492.067005625584,1032.2329943744162,2026-07-11
17.5,375.0,0.7178464457397016,1106.3153757005955,783.2846242994044,2026-07-11
17.75,390.0,0.7178464457397016,742.3381824701388,617.1518175298612,2026-07-11
18.0,405.0,0.7178464457397016,425.0900977494882,412.55990225051175,2026-07-11
18.25,420.0,0.7178464457397016,183.6890040768476,376.98099592315236,2026-07-11
18.5,435.0,0.7178464457397016,41.75996761985866,241.51003238014133,2026-07-11
18.75,450.0,0.7178464457397016,0.5099761313058414,77.20002386869415,2026-07-11
19.0,465.0,0.7178464457397016,0.0,14.63,2026-07-11
13.0,15.0,0.7653520329026474,6483.372553816844,-249.35255381684328,2026-07-11
13.25,30.0,0.7653520329026474,6362.625204614408,495.82479538559164,2026-07-11
13.5,45.0,0.7653520329026474,6222.977632537292,45.572367462707916,2026-07-11
13.75,60.0,0.7653520329026474,6034.413737551811,-1978.9237375518114,2026-07-11
14.0,75.0,0.7653520329026474,5820.524490983485,607.9455090165156,2026-07-11
14.25,90.0,0.7653520329026474,5595.041362756857,-662.0613627568573,2026-07-11
14.5,105.0,0.7653520329026474,5364.380651741925,-833.870651741925,2026-07-11
14.75,120.0,0.7653520329026474,5118.210578323497,-146.52057832349783,2026-07-11
15.0,135.0,0.7653520329026474,4846.9538975366495,-241.53389753664942,2026-07-11
15.25,150.0,0.7653520329026474,4546.031239218912,1096.498760781088,2026-07-11
15.5,165.0,0.7653520329026474,4225.109313354866,1336.8506866451344,2026-07-11
15.75,180.0,0.7653520329026474,3884.657646992433,-1124.487646992433,2026-07-11
16.0,195.0,0.7653520329026474,3525.3617359484697,506.56826405153015,2026-07-11
16.25,210.0,0.7653520329026474,3146.9591443443574,-646.3491443443572,2026-07-11
16.5,225.0,0.7653520329026474,2758.342075891428,1162.617924108572,2026-07-11
16.75,240.0,0.7653520329026474,2362.6301282259024,944.4598717740978,2026-07-11
17.0,255.0,0.7653520329026474,1970.9412293949329,680.5387706050672,2026-07-11
17.25,270.0,0.7653520329026474,1569.2603238931324,955.0396761068678,2026-07-11
17.5,285.0,0.7653520329026474,1155.901013047737,733.6989869522629,2026-07-11
17.75,300.0,0.7653520329026474,775.8938023395345,583.5961976604655,2026-07-11
18.0,315.0,0.7653520329026474,445.82874679143794,391.82125320856204,2026-07-11
18.25,330.0,0.7653520329026474,193.02561886688088,367.64438113311905,2026-07-11
18.5,345.0,0.7653520329026474,44.01661399774768,239.25338600225228,2026-07-11
18.75,360.0,0.7653520329026474,0.5388873072588335,77.17111269274116,2026-07-11
19.0,375.0,0.7653520329026474,0.0,14.63,2026-07-11
14.5,15.0,0.7623384536118089,5496.251002024489,-965.7410020244888,2026-07-11
14.75,30.0,0.7623384536118089,5220.38353853939,-248.69353853939083,2026-07-11
15.0,45.0,0.7623384536118089,4924.363032118514,-318.94303211851366,2026-07-11
15.25,60.0,0.7623384536118089,4608.716922968725,1033.8130770312746,2026-07-11
15.5,75.0,0.7623384536118089,4276.946109131171,1285.0138908688286,2026-07-11
15.75,90.0,0.7623384536118089,3926.527356842754,-1166.3573568427541,2026-07-11
16.0,105.0,0.7623384536118089,3553.8482176679263,478.08178233207354,2026-07-11
16.25,120.0,0.7623384536118089,3167.198493548529,-666.5884935485287,2026-07-11
16.5,135.0,0.7623384536118089,2771.316628811496,1149.6433711885043,2026-07-11
16.75,150.0,0.7623384536118089,2374.1708202296068,932.9191797703934,2026-07-11
17.0,165.0,0.7623384536118089,1979.3600065764788,672.1199934235212,2026-07-11
17.25,180.0,0.7623384536118089,1575.3397836641118,948.9602163358884,2026-07-11
17.5,195.0,0.7623384536118089,1160.4842506880998,729.1157493119001,2026-07-11
17.75,210.0,0.7623384536118089,778.8082417401123,580.6817582598877,2026-07-11
18.0,225.0,0.7623384536118089,447.97886374347627,389.6711362565237,2026-07-11
18.25,240.0,0.7623384536118089,194.46057422657765,366.2094257734223,2026-07-11
18.5,255.0,0.7623384536118089,44.40555313971471,238.86444686028528,2026-07-11
18.75,270.0,0.7623384536118089,0.5432344198661575,77.16676558013384,2026-07-11
19.0,285.0,0.7623384536118089,0.0,14.63,2026-07-11
16.0,15.0,0.8605754079829568,3650.356188198055,381.5738118019449,2026-07-11
16.25,30.0,0.8605754079829568,3270.965541092932,-770.3555410929321,2026-07-11
16.5,45.0,0.8605754079829568,2877.248676948706,1043.7113230512941,2026-07-11
16.75,60.0,0.8605754079829568,2470.140193224956,836.9498067750442,2026-07-11
17.0,75.0,0.8605754079829568,2063.067094707407,588.4129052925932,2026-07-11
17.25,90.0,0.8605754079829568,1645.810085189845,878.4899148101551,2026-07-11
17.5,105.0,0.8605754079829568,1214.2654536839889,675.334546316011,2026-07-11
17.75,120.0,0.8605754079829568,815.7591213588946,543.7308786411054,2026-07-11
18.0,135.0,0.8605754079829568,469.236257804705,368.41374219529496,2026-07-11
18.25,150.0,0.8605754079829568,203.39867764690808,357.2713223530919,2026-07-11
18.5,165.0,0.8605754079829568,46.58410502808675,236.68589497191323,2026-07-11
18.75,180.0,0.8605754079829568,0.570912576316083,77.1390874236839,2026-07-11
19.0,195.0,0.8605754079829568,0.0,14.63,2026-07-11
17.5,15.0,1.1528164058300896,1557.060887421476,332.5391125785238,2026-07-11
17.75,30.0,1.1528164058300896,1039.5979928742167,319.89200712578327,2026-07-11
18.0,45.0,1.1528164058300896,594.8265307628317,242.8234692371683,2026-07-11
18.25,60.0,1.1528164058300896,257.1109577179936,303.5590422820064,2026-07-11
18.5,75.0,1.1528164058300896,59.310909720781765,223.95909027921823,2026-07-11
18.75,90.0,1.1528164058300896,0.7239451025880592,76.98605489741193,2026-07-11
19.0,105.0,1.1528164058300896,0.0,14.63,2026-07-11
7.0,15.0,0.5768731671129096,772.3977774073071,-73.04777740730708,2026-07-12
7.25,30.0,0.5768731671129096,1059.1058189497626,-62.9558189497626,2026-07-12
7.5,45.0,0.5768731671129096,1360.111707833298,71.55829216670213,2026-07-12
7.75,60.0,0.5768731671129096,1680.9612044961823,390.2787955038175,2026-07-12
8.0,75.0,0.5768731671129096,1999.37320830252,681.62679169748,2026-07-12
8.25,90.0,0.5768731671129096,2321.4782437680474,-116.34824376804727,2026-07-12
8.5,105.0,0.5768731671129096,2657.719530116365,546.1704698836347,2026-07-12
8.75,120.0,0.5768731671129096,3006.5420578533904,625.5679421466098,2026-07-12
9.0,135.0,0.5768731671129096,3343.1298849684586,726.8401150315412,2026-07-12
9.25,150.0,0.5768731671129096,3671.019998429856,1481.270001570144,2026-07-12
9.5,165.0,0.5768731671129096,4000.427936847028,1355.482063152972,2026-07-12
9.75,180.0,0.5768731671129096,4312.494981019879,1647.9950189801211,2026-07-12
10.0,195.0,0.5768731671129096,4607.381924786072,1299.698075213928,2026-07-12
10.25,210.0,0.5768731671129096,4881.075410511649,1498.6745894883506,2026-07-12
10.5,225.0,0.5768731671129096,5109.375188767773,1502.354811232227,2026-07-12
10.75,240.0,0.5768731671129096,5261.788504817988,1621.5014951820121,2026-07-12
11.0,255.0,0.5768731671129096,5384.180555808767,931.0994441912326,2026-07-12
11.25,270.0,0.5768731671129096,5506.551036569366,1401.168963430634,2026-07-12
11.5,285.0,0.5768731671129096,5620.525718792951,1284.264281207049,2026-07-12
11.75,300.0,0.5768731671129096,5659.470571848822,347.5094281511774,2026-07-12
12.0,315.0,0.5768731671129096,5659.893992247334,938.1160077526665,2026-07-12
12.25,330.0,0.5768731671129096,5648.974968075754,1003.8550319242458,2026-07-12
12.5,345.0,0.5768731671129096,5634.957636810633,400.8023631893675,2026-07-12
12.75,360.0,0.5768731671129096,5575.575725959567,196.824274040433,2026-07-12
13.0,375.0,0.5768731671129096,5502.7303280938895,1116.3496719061104,2026-07-12
13.25,390.0,0.5768731671129096,5405.270978580604,1014.3190214193964,2026-07-12
13.5,405.0,0.5768731671129096,5281.960281628116,58.509718371884446,2026-07-12
13.75,420.0,0.5768731671129096,5130.856954550202,-545.2669545502022,2026-07-12
14.0,435.0,0.5768731671129096,4962.46770270951,1146.0722972904896,2026-07-12
14.25,450.0,0.5768731671129096,4786.074682094301,-82.34468209430179,2026-07-12
14.5,465.0,0.5768731671129096,4618.334972213475,899.9350277865251,2026-07-12
14.75,480.0,0.5768731671129096,4417.572520976121,1298.7574790238787,2026-07-12
15.0,495.0,0.5768731671129096,4183.5683313299005,1813.2916686700992,2026-07-12
15.25,510.0,0.5768731671129096,3918.581875747268,1156.748124252732,2026-07-12
15.5,525.0,0.5768731671129096,3640.740366746501,2083.639633253499,2026-07-12
15.75,540.0,0.5768731671129096,3344.7035562542496,1279.1064437457508,2026-07-12
16.0,555.0,0.5768731671129096,3038.334401760776,1050.395598239224,2026-07-12
16.25,570.0,0.5768731671129096,2724.247049986143,1701.7629500138573,2026-07-12
16.5,585.0,0.5768731671129096,2397.255313371118,986.1046866288821,2026-07-12
16.75,600.0,0.5768731671129096,2059.608647832288,440.2013521677118,2026-07-12
17.0,615.0,0.5768731671129096,1720.9679556412975,426.1220443587026,2026-07-12
17.25,630.0,0.5768731671129096,1350.1348661393415,886.1351338606585,2026-07-12
17.5,645.0,0.5768731671129096,993.953111679339,721.456888320661,2026-07-12
17.75,660.0,0.5768731671129096,662.0343387615402,590.9556612384598,2026-07-12
18.0,675.0,0.5768731671129096,376.4751955574657,428.69480444253423,2026-07-12
18.25,690.0,0.5768731671129096,161.8279233324659,353.3020766675341,2026-07-12
18.5,705.0,0.5768731671129096,36.06801901220927,248.3919809877907,2026-07-12
18.75,720.0,0.5768731671129096,0.4220492410013865,94.4579507589986,2026-07-12
19.0,735.0,0.5768731671129096,0.0,10.42,2026-07-12
8.5,15.0,0.6485723921792185,2890.1201459242,313.7698540757997,2026-07-12
8.75,30.0,0.6485723921792185,3272.333246465276,359.7767535347243,2026-07-12
9.0,45.0,0.6485723921792185,3636.9085563261046,433.06144367389516,2026-07-12
9.25,60.0,0.6485723921792185,3987.160734967794,1165.1292650322061,2026-07-12
9.5,75.0,0.6485723921792185,4335.418353950865,1020.4916460491349,2026-07-12
9.75,90.0,0.6485723921792185,4667.486831118691,1293.0031688813087,2026-07-12
10.0,105.0,0.6485723921792185,4970.89458762066,936.18541237934,2026-07-12
10.25,120.0,0.6485723921792185,5248.621202705551,1131.1287972944492,2026-07-12
10.5,135.0,0.6485723921792185,5496.428932481633,1115.3010675183668,2026-07-12
10.75,150.0,0.6485723921792185,5681.1532857299735,1202.1367142700265,2026-07-12
11.0,165.0,0.6485723921792185,5830.094860141435,485.185139858565,2026-07-12
11.25,180.0,0.6485723921792185,5957.786149417513,949.9338505824871,2026-07-12
11.5,195.0,0.6485723921792185,6075.594977769636,829.195022230364,2026-07-12
11.75,210.0,0.6485723921792185,6106.54375162573,-99.56375162573022,2026-07-12
12.0,225.0,0.6485723921792185,6073.144257339325,524.8657426606751,2026-07-12
12.25,240.0,0.6485723921792185,6028.874532965472,623.9554670345278,2026-07-12
12.5,255.0,0.6485723921792185,5997.487962313981,38.27203768601885,2026-07-12
12.75,270.0,0.6485723921792185,5935.065951290982,-162.66595129098278,2026-07-12
13.0,285.0,0.6485723921792185,5853.032776004133,766.0472239958672,2026-07-12
13.25,300.0,0.6485723921792185,5752.863740482233,666.7262595177672,2026-07-12
13.5,315.0,0.6485723921792185,5634.633958728424,-294.1639587284235,2026-07-12
13.75,330.0,0.6485723921792185,5480.9850819471485,-895.3950819471484,2026-07-12
14.0,345.0,0.6485723921792185,5303.983704790706,804.5562952092941,2026-07-12
14.25,360.0,0.6485723921792185,5105.728090803863,-401.9980908038633,2026-07-12
14.5,375.0,0.6485723921792185,4925.985435231297,592.2845647687036,2026-07-12
14.75,390.0,0.6485723921792185,4709.986121086678,1006.3438789133215,2026-07-12
15.0,405.0,0.6485723921792185,4446.905339733156,1549.9546602668433,2026-07-12
15.25,420.0,0.6485723921792185,4156.612791421523,918.7172085784769,2026-07-12
15.5,435.0,0.6485723921792185,3865.781730757209,1858.598269242791,2026-07-12
15.75,450.0,0.6485723921792185,3559.522657924093,1064.2873420759074,2026-07-12
16.0,465.0,0.6485723921792185,3231.3475490535616,857.3824509464384,2026-07-12
16.25,480.0,0.6485723921792185,2888.1421547116697,1537.8678452883305,2026-07-12
16.5,495.0,0.6485723921792185,2535.540016492392,847.819983507608,2026-07-12
16.75,510.0,0.6485723921792185,2179.9341009795007,319.8758990204992,2026-07-12
17.0,525.0,0.6485723921792185,1821.626303727973,325.46369627202716,2026-07-12
17.25,540.0,0.6485723921792185,1426.2827963799225,809.9872036200775,2026-07-12
17.5,555.0,0.6485723921792185,1050.366114348659,665.043885651341,2026-07-12
17.75,570.0,0.6485723921792185,700.9598011040953,552.0301988959047,2026-07-12
18.0,585.0,0.6485723921792185,399.5925499760298,405.5774500239702,2026-07-12
18.25,600.0,0.6485723921792185,172.101369887067,343.028630112933,2026-07-12
18.5,615.0,0.6485723921792185,38.61293785658811,245.84706214341188,2026-07-12
18.75,630.0,0.6485723921792185,0.4524800604701538,94.42751993952984,2026-07-12
19.0,645.0,0.6485723921792185,0.0,10.42,2026-07-12
10.0,15.0,0.746126653170849,5372.839632642883,534.2403673571171,2026-07-12
10.25,30.0,0.746126653170849,5675.736098162251,704.0139018377486,2026-07-12
10.5,45.0,0.746126653170849,5941.861701345158,669.868298654842,2026-07-12
10.75,60.0,0.746126653170849,6139.571876647863,743.7181233521369,2026-07-12
11.0,75.0,0.746126653170849,6302.7573533115365,12.522646688463283,2026-07-12
11.25,90.0,0.746126653170849,6449.3575761809725,458.36242381902775,2026-07-12
11.5,105.0,0.746126653170849,6583.127211457642,321.6627885423577,2026-07-12
11.75,120.0,0.746126653170849,6626.705776037834,-619.7257760378343,2026-07-12
12.0,135.0,0.746126653170849,6613.544224089452,-15.534224089451527,2026-07-12
12.25,150.0,0.746126653170849,6589.135292665378,63.69470733462185,2026-07-12
12.5,165.0,0.746126653170849,6564.949962105003,-529.1899621050025,2026-07-12
12.75,180.0,0.746126653170849,6499.735140698037,-727.3351406980373,2026-07-12
13.0,195.0,0.746126653170849,6415.709463285303,203.37053671469675,2026-07-12
13.25,210.0,0.746126653170849,6304.930480814739,114.65951918526116,2026-07-12
13.5,225.0,0.746126653170849,6171.81831750628,-831.3483175062802,2026-07-12
13.75,240.0,0.746126653170849,6007.451848425846,-1421.861848425846,2026-07-12
14.0,255.0,0.746126653170849,5815.920267475194,292.61973252480584,2026-07-12
14.25,270.0,0.746126653170849,5605.949512737501,-902.2195127375016,2026-07-12
14.5,285.0,0.746126653170849,5403.544012223181,114.72598777681924,2026-07-12
14.75,300.0,0.746126653170849,5163.6727742806,552.6572257194002,2026-07-12
15.0,315.0,0.746126653170849,4874.269068331569,1122.590931668431,2026-07-12
15.25,330.0,0.746126653170849,4558.29535927188,517.0346407281195,2026-07-12
15.5,345.0,0.746126653170849,4231.776769611495,1492.603230388505,2026-07-12
15.75,360.0,0.746126653170849,3881.2642997984663,742.5457002015341,2026-07-12
16.0,375.0,0.746126653170849,3520.2483159785224,568.4816840214776,2026-07-12
16.25,390.0,0.746126653170849,3141.686859641351,1284.3231403586492,2026-07-12
16.5,405.0,0.746126653170849,2751.1930492528286,632.1669507471715,2026-07-12
16.75,420.0,0.746126653170849,2356.6542577113364,143.15574228866353,2026-07-12
17.0,435.0,0.746126653170849,1964.7662048359548,182.32379516404535,2026-07-12
17.25,450.0,0.746126653170849,1538.7783279235673,697.4916720764327,2026-07-12
17.5,465.0,0.746126653170849,1134.6596809360126,580.7503190639875,2026-07-12
17.75,480.0,0.746126653170849,757.0632482442365,495.92675175576346,2026-07-12
18.0,495.0,0.746126653170849,432.2319793930536,372.93802060694634,2026-07-12
18.25,510.0,0.746126653170849,186.5443937411311,328.5856062588689,2026-07-12
18.5,525.0,0.746126653170849,42.06072985762838,242.3992701423716,2026-07-12
18.75,540.0,0.746126653170849,0.4932368578206499,94.38676314217935,2026-07-12
19.0,555.0,0.746126653170849,0.0,10.42,2026-07-12
11.5,15.0,0.7875666345348008,6919.303882781448,-14.513882781448046,2026-07-12
11.75,30.0,0.7875666345348008,6951.742455503093,-944.7624555030934,2026-07-12
12.0,45.0,0.7875666345348008,6940.661665860705,-342.6516658607052,2026-07-12
12.25,60.0,0.7875666345348008,6914.510244625009,-261.68024462500944,2026-07-12
12.5,75.0,0.7875666345348008,6885.293997746587,-849.5339977465865,2026-07-12
12.75,90.0,0.7875666345348008,6817.234125383808,-1044.834125383808,2026-07-12
13.0,105.0,0.7875666345348008,6717.544996715698,-98.46499671569836,2026-07-12
13.25,120.0,0.7875666345348008,6599.14767025206,-179.55767025206023,2026-07-12
13.5,135.0,0.7875666345348008,6462.680339067736,-1122.2103390677357,2026-07-12
13.75,150.0,0.7875666345348008,6289.223461234327,-1703.6334612343271,2026-07-12
14.0,165.0,0.7875666345348008,6081.9632689134805,26.57673108651943,2026-07-12
14.25,180.0,0.7875666345348008,5864.545626112667,-1160.8156261126678,2026-07-12
14.5,195.0,0.7875666345348008,5655.381645701314,-137.11164570131314,2026-07-12
14.75,210.0,0.7875666345348008,5410.262992571458,306.06700742854173,2026-07-12
15.0,225.0,0.7875666345348008,5112.85437513673,884.00562486327,2026-07-12
15.25,240.0,0.7875666345348008,4784.94010142728,290.3898985727201,2026-07-12
15.5,255.0,0.7875666345348008,4437.139543690625,1287.240456309375,2026-07-12
15.75,270.0,0.7875666345348008,4060.200461463076,563.6095385369244,2026-07-12
16.0,285.0,0.7875666345348008,3673.6563023190015,415.0736976809985,2026-07-12
16.25,300.0,0.7875666345348008,3284.6210902170837,1141.3889097829165,2026-07-12
16.5,315.0,0.7875666345348008,2883.843536158921,499.51646384107926,2026-07-12
16.75,330.0,0.7875666345348008,2468.0276206793783,31.782379320621658,2026-07-12
17.0,345.0,0.7875666345348008,2060.966973349868,86.12302665013203,2026-07-12
17.25,360.0,0.7875666345348008,1635.0517101493235,601.2182898506765,2026-07-12
17.5,375.0,0.7875666345348008,1212.3476267633152,503.06237323668483,2026-07-12
17.75,390.0,0.7875666345348008,799.9716721213971,453.0183278786029,2026-07-12
18.0,405.0,0.7875666345348008,451.0823771151201,354.08762288487986,2026-07-12
18.25,420.0,0.7875666345348008,193.53612520102973,321.59387479897026,2026-07-12
18.5,435.0,0.7875666345348008,43.652214581420544,240.80778541857944,2026-07-12
18.75,450.0,0.7875666345348008,0.5105867298790729,94.36941327012092,2026-07-12
19.0,465.0,0.7875666345348008,0.0,10.42,2026-07-12
13.0,15.0,0.8488289581533078,7148.664632600752,-529.5846326007522,2026-07-12
13.25,30.0,0.8488289581533078,7025.754930055582,-606.1649300555819,2026-07-12
13.5,45.0,0.8488289581533078,6878.100027388081,-1537.6300273880806,2026-07-12
13.75,60.0,0.8488289581533078,6678.464613602734,-2092.874613602734,2026-07-12
14.0,75.0,0.8488289581533078,6438.964283172583,-330.4242831725833,2026-07-12
14.25,90.0,0.8488289581533078,6192.2506520474135,-1488.520652047414,2026-07-12
14.5,105.0,0.8488289581533078,5953.4970863125545,-435.2270863125541,2026-07-12
14.75,120.0,0.8488289581533078,5680.925840400133,35.404159599866944,2026-07-12
15.0,135.0,0.8488289581533078,5350.085888629477,646.7741113705224,2026-07-12
15.25,150.0,0.8488289581533078,4982.99302895669,92.33697104330986,2026-07-12
15.5,165.0,0.8488289581533078,4599.556297958696,1124.8237020413044,2026-07-12
15.75,180.0,0.8488289581533078,4201.789129989433,422.0208700105677,2026-07-12
16.0,195.0,0.8488289581533078,3791.3821096683087,297.34789033169136,2026-07-12
16.25,210.0,0.8488289581533078,3376.6037609704867,1049.4062390295135,2026-07-12
16.5,225.0,0.8488289581533078,2950.8033663770298,432.55663362297037,2026-07-12
16.75,240.0,0.8488289581533078,2525.8544161239106,-26.04441612391065,2026-07-12
17.0,255.0,0.8488289581533078,2108.078793140876,39.011206859124286,2026-07-12
17.25,270.0,0.8488289581533078,1705.2821214188682,530.9878785811318,2026-07-12
17.5,285.0,0.8488289581533078,1254.854767174278,460.555232825722,2026-07-12
17.75,300.0,0.8488289581533078,834.4264722795176,418.5635277204824,2026-07-12
18.0,315.0,0.8488289581533078,473.8404102931417,331.32958970685826,2026-07-12
18.25,330.0,0.8488289581533078,204.1217607495749,311.0082392504251,2026-07-12
18.5,345.0,0.8488289581533078,46.24638022038908,238.2136197796109,2026-07-12
18.75,360.0,0.8488289581533078,0.5419006048471229,94.33809939515287,2026-07-12
19.0,375.0,0.8488289581533078,0.0,10.42,2026-07-12
14.5,15.0,0.7616335285077751,5529.128699148315,-10.858699148314372,2026-07-12
14.75,30.0,0.7616335285077751,5278.712871917112,437.6171280828876,2026-07-12
15.0,45.0,0.7616335285077751,4979.821646847207,1017.0383531527923,2026-07-12
15.25,60.0,0.7616335285077751,4645.105111919766,430.22488808023354,2026-07-12
15.5,75.0,0.7616335285077751,4293.819342178549,1430.560657821451,2026-07-12
15.75,90.0,0.7616335285077751,3933.825199171567,689.9848008284334,2026-07-12
16.0,105.0,0.7616335285077751,3555.3662566310386,533.3637433689614,2026-07-12
16.25,120.0,0.7616335285077751,3168.944118424446,1257.0658815755542,2026-07-12
16.5,135.0,0.7616335285077751,2770.366477282086,612.993522717914,2026-07-12
16.75,150.0,0.7616335285077751,2372.5494742169167,127.26052578308327,2026-07-12
17.0,165.0,0.7616335285077751,1976.7904985540767,170.2995014459234,2026-07-12
17.25,180.0,0.7616335285077751,1590.807552757675,645.462447242325,2026-07-12
17.5,195.0,0.7616335285077751,1175.6761618296323,539.7338381703678,2026-07-12
17.75,210.0,0.7616335285077751,778.6590204727776,474.33097952722244,2026-07-12
18.0,225.0,0.7616335285077751,443.0086207152073,362.16137928479264,2026-07-12
18.25,240.0,0.7616335285077751,190.58924756533105,324.54075243466895,2026-07-12
18.5,255.0,0.7616335285077751,42.9184519128884,241.54154808711158,2026-07-12
18.75,270.0,0.7616335285077751,0.5024982927408482,94.37750170725914,2026-07-12
19.0,285.0,0.7616335285077751,0.0,10.42,2026-07-12
16.0,15.0,1.0212314122027022,4325.645449419687,-236.91544941968687,2026-07-12
16.25,30.0,1.0212314122027022,3855.069841077598,570.9401589224021,2026-07-12
16.5,45.0,1.0212314122027022,3368.0572106638588,15.302789336141359,2026-07-12
16.75,60.0,1.0212314122027022,2875.521112973352,-375.7111129733521,2026-07-12
17.0,75.0,1.0212314122027022,2391.3478832941523,-244.25788329415218,2026-07-12
17.25,90.0,1.0212314122027022,1919.5172492826985,316.7527507173015,2026-07-12
17.5,105.0,1.0212314122027022,1423.3560114428776,292.05398855712247,2026-07-12
17.75,120.0,1.0212314122027022,945.651450640346,307.33854935965405,2026-07-12
18.0,135.0,1.0212314122027022,537.496853410217,267.67314658978296,2026-07-12
18.25,150.0,1.0212314122027022,231.08376000128288,284.0462399987171,2026-07-12
18.5,165.0,1.0212314122027022,52.544746417508094,231.91525358249189,2026-07-12
18.75,180.0,1.0212314122027022,0.6142576683797278,94.26574233162027,2026-07-12
19.0,195.0,1.0212314122027022,0.0,10.42,2026-07-12
17.5,15.0,0.9665504282082898,1392.401198039791,323.008801960209,2026-07-12
17.75,30.0,0.9665504282082898,927.556905118564,325.433094881436,2026-07-12
18.0,45.0,0.9665504282082898,524.6824208065624,280.48757919343757,2026-07-12
18.25,60.0,0.9665504282082898,224.1842195595873,290.9457804404127,2026-07-12
18.5,75.0,0.9665504282082898,50.66426444296694,233.79573555703303,2026-07-12
18.75,90.0,0.9665504282082898,0.5917932461747617,94.28820675382524,2026-07-12
19.0,105.0,0.9665504282082898,0.0,10.42,2026-07-12
7.0,15.0,0.6017748809508395,771.1829045789559,-48.87290457895597,2026-07-13
7.25,30.0,0.6017748809508395,1058.166635816727,231.32336418327304,2026-07-13
7.5,45.0,0.6017748809508395,1367.7155462916476,547.1644537083525,2026-07-13
7.75,60.0,0.6017748809508395,1693.324052869508,456.425947130492,2026-07-13
8.0,75.0,0.6017748809508395,2025.323553383168,904.8764466168318,2026-07-13
8.25,90.0,0.6017748809508395,2376.831818805123,1047.358181194877,2026-07-13
8.5,105.0,0.6017748809508395,2734.6946082963027,1298.6553917036972,2026-07-13
8.75,120.0,0.6017748809508395,3076.700492833938,1756.2595071660621,2026-07-13
9.0,135.0,0.6017748809508395,3407.468436147937,119.88156385206275,2026-07-13
9.25,150.0,0.6017748809508395,3736.5899728131058,51.55002718689411,2026-07-13
9.5,165.0,0.6017748809508395,4045.631427614688,612.1985723853118,2026-07-13
9.75,180.0,0.6017748809508395,4324.779385855101,1906.5106141448987,2026-07-13
10.0,195.0,0.6017748809508395,4604.266881038972,1051.7531189610281,2026-07-13
10.25,210.0,0.6017748809508395,4845.062130829627,817.427869170373,2026-07-13
10.5,225.0,0.6017748809508395,5045.222667334328,1071.377332665672,2026-07-13
10.75,240.0,0.6017748809508395,5191.082537534952,676.5774624650476,2026-07-13
11.0,255.0,0.6017748809508395,5336.946596681068,1444.5434033189322,2026-07-13
11.25,270.0,0.6017748809508395,5475.290971391216,1901.999028608784,2026-07-13
11.5,285.0,0.6017748809508395,5573.679973927903,1782.2500260720972,2026-07-13
11.75,300.0,0.6017748809508395,5570.822914126463,1519.7670858735373,2026-07-13
12.0,315.0,0.6017748809508395,5532.9091245209165,1888.3808754790834,2026-07-13
12.25,330.0,0.6017748809508395,5489.115906254908,1482.7140937450922,2026-07-13
12.5,345.0,0.6017748809508395,5454.938638757054,1856.2013612429464,2026-07-13
12.75,360.0,0.6017748809508395,5377.812014379633,1909.8779856203664,2026-07-13
13.0,375.0,0.6017748809508395,5286.39382143978,1678.8161785602197,2026-07-13
13.25,390.0,0.6017748809508395,5171.183629781702,916.2863702182985,2026-07-13
13.5,405.0,0.6017748809508395,5059.154073700264,2009.6559262997362,2026-07-13
13.75,420.0,0.6017748809508395,4932.55960663616,350.1503933638396,2026-07-13
14.0,435.0,0.6017748809508395,4795.830963535641,1873.5490364643592,2026-07-13
14.25,450.0,0.6017748809508395,4672.418882537066,1923.561117462934,2026-07-13
14.5,465.0,0.6017748809508395,4531.603484625262,749.1465153747376,2026-07-13
14.75,480.0,0.6017748809508395,4324.525186156738,1131.7648138432623,2026-07-13
15.0,495.0,0.6017748809508395,4090.624408261431,242.5055917385689,2026-07-13
15.25,510.0,0.6017748809508395,3844.9489704229695,473.96102957703033,2026-07-13
15.5,525.0,0.6017748809508395,3580.3547080329463,1106.325291967054,2026-07-13
15.75,540.0,0.6017748809508395,3287.429387599456,383.000612400544,2026-07-13
16.0,555.0,0.6017748809508395,2995.273209898133,757.656790101867,2026-07-13
16.25,570.0,0.6017748809508395,2677.8676733255547,1339.2423266744454,2026-07-13
16.5,585.0,0.6017748809508395,2343.1605005432625,1850.1694994567374,2026-07-13
16.75,600.0,0.6017748809508395,2001.7636053317387,809.5463946682612,2026-07-13
17.0,615.0,0.6017748809508395,1685.953182116798,-134.24318211679793,2026-07-13
17.25,630.0,0.6017748809508395,1383.6356450504695,-166.4156450504695,2026-07-13
17.5,645.0,0.6017748809508395,1005.5743039005432,156.35569609945685,2026-07-13
17.75,660.0,0.6017748809508395,659.9752139544614,309.4547860455385,2026-07-13
18.0,675.0,0.6017748809508395,374.5404112187948,197.0595887812052,2026-07-13
18.25,690.0,0.6017748809508395,161.2844541822274,284.92554581777256,2026-07-13
18.5,705.0,0.6017748809508395,35.70222439563042,299.88777560436955,2026-07-13
18.75,720.0,0.6017748809508395,0.3979272860443507,117.95207271395564,2026-07-13
19.0,735.0,0.6017748809508395,0.0,10.03,2026-07-13
8.5,15.0,0.791377193071412,3355.0948494821364,678.2551505178635,2026-07-13
8.75,30.0,0.791377193071412,3749.8984291615006,1083.0615708384994,2026-07-13
9.0,45.0,0.791377193071412,4122.293731979061,-594.9437319790609,2026-07-13
9.25,60.0,0.791377193071412,4488.849808770686,-700.7098087706859,2026-07-13
9.5,75.0,0.791377193071412,4831.196355506573,-173.3663555065732,2026-07-13
9.75,90.0,0.791377193071412,5134.06737145683,1097.2226285431698,2026-07-13
10.0,105.0,0.791377193071412,5438.505453935582,217.51454606441803,2026-07-13
10.25,120.0,0.791377193071412,5712.039958910455,-49.54995891045564,2026-07-13
10.5,135.0,0.791377193071412,5946.5751775756535,170.0248224243469,2026-07-13
10.75,150.0,0.791377193071412,6122.546987725153,-254.88698772515272,2026-07-13
11.0,165.0,0.791377193071412,6319.361682198288,462.128317801712,2026-07-13
11.25,180.0,0.791377193071412,6504.596306158606,872.6936938413937,2026-07-13
11.5,195.0,0.791377193071412,6632.360250298362,723.5697497016381,2026-07-13
11.75,210.0,0.791377193071412,6668.340452569963,422.2495474300367,2026-07-13
12.0,225.0,0.791377193071412,6633.407360426934,787.8826395730657,2026-07-13
12.25,240.0,0.791377193071412,6592.51629708912,379.31370291088024,2026-07-13
12.5,255.0,0.791377193071412,6557.09746605988,754.0425339401199,2026-07-13
12.75,270.0,0.791377193071412,6481.006685979099,806.683314020901,2026-07-13
13.0,285.0,0.791377193071412,6370.233220762332,594.9767792376679,2026-07-13
13.25,300.0,0.791377193071412,6233.578212631199,-146.1082126311985,2026-07-13
13.5,315.0,0.791377193071412,6111.768231202096,957.0417687979043,2026-07-13
13.75,330.0,0.791377193071412,5967.283124554485,-684.5731245544848,2026-07-13
14.0,345.0,0.791377193071412,5799.168041609774,870.2119583902258,2026-07-13
14.25,360.0,0.791377193071412,5641.44410665683,954.5358933431698,2026-07-13
14.5,375.0,0.791377193071412,5456.988610927557,-176.2386109275567,2026-07-13
14.75,390.0,0.791377193071412,5203.563647055308,252.72635294469183,2026-07-13
15.0,405.0,0.791377193071412,4899.496479436248,-566.3664794362476,2026-07-13
15.25,420.0,0.791377193071412,4586.543668067484,-267.633668067484,2026-07-13
15.5,435.0,0.791377193071412,4254.355752503991,432.32424749600887,2026-07-13
15.75,450.0,0.791377193071412,3895.7283727743497,-225.2983727743499,2026-07-13
16.0,465.0,0.791377193071412,3542.255840555016,210.67415944498362,2026-07-13
16.25,480.0,0.791377193071412,3162.578697654774,854.5313023452263,2026-07-13
16.5,495.0,0.791377193071412,2769.735530212451,1423.5944697875489,2026-07-13
16.75,510.0,0.791377193071412,2369.574125486127,441.7358745138731,2026-07-13
17.0,525.0,0.791377193071412,1995.421819000586,-443.71181900058605,2026-07-13
17.25,540.0,0.791377193071412,1620.7009423035258,-403.4809423035258,2026-07-13
17.5,555.0,0.791377193071412,1187.651487673571,-25.72148767357089,2026-07-13
17.75,570.0,0.791377193071412,778.3568708538858,191.07312914611418,2026-07-13
18.0,585.0,0.791377193071412,439.914126502635,131.68587349736504,2026-07-13
18.25,600.0,0.791377193071412,188.80967051390647,257.4003294860935,2026-07-13
18.5,615.0,0.791377193071412,42.18260655019346,293.40739344980653,2026-07-13
18.75,630.0,0.791377193071412,0.4710353305213682,117.87896466947862,2026-07-13
19.0,645.0,0.791377193071412,0.0,10.03,2026-07-13
10.0,15.0,0.6918085628271992,5023.852612114648,632.1673878853526,2026-07-13
10.25,30.0,0.6918085628271992,5277.685910993714,384.8040890062857,2026-07-13
10.5,45.0,0.6918085628271992,5505.78868439082,610.8113156091804,2026-07-13
10.75,60.0,0.6918085628271992,5698.326826669387,169.33317333061314,2026-07-13
11.0,75.0,0.6918085628271992,5892.872811653105,888.6171883468951,2026-07-13
11.25,90.0,0.6918085628271992,6061.459778519361,1315.830221480639,2026-07-13
11.5,105.0,0.6918085628271992,6176.105327708944,1179.8246722910562,2026-07-13
11.75,120.0,0.6918085628271992,6192.00794091251,898.58205908749,2026-07-13
12.0,135.0,0.6918085628271992,6166.35312297832,1254.9368770216797,2026-07-13
12.25,150.0,0.6918085628271992,6126.960441614096,844.8695583859035,2026-07-13
12.5,165.0,0.6918085628271992,6082.742409149013,1228.3975908509874,2026-07-13
12.75,180.0,0.6918085628271992,6019.857626896026,1267.8323731039736,2026-07-13
13.0,195.0,0.6918085628271992,5926.959161943887,1038.250838056113,2026-07-13
13.25,210.0,0.6918085628271992,5799.563595437047,287.90640456295296,2026-07-13
13.5,225.0,0.6918085628271992,5675.075061449678,1393.734938550322,2026-07-13
13.75,240.0,0.6918085628271992,5542.104211966059,-259.3942119660587,2026-07-13
14.0,255.0,0.6918085628271992,5388.403921843985,1280.9760781560153,2026-07-13
14.25,270.0,0.6918085628271992,5253.872146990353,1342.1078530096465,2026-07-13
14.5,285.0,0.6918085628271992,5092.921643179284,187.82835682071618,2026-07-13
14.75,300.0,0.6918085628271992,4857.578326616818,598.7116733831817,2026-07-13
15.0,315.0,0.6918085628271992,4576.956245457255,-243.82624545725503,2026-07-13
15.25,330.0,0.6918085628271992,4280.899744182226,38.01025581777412,2026-07-13
15.5,345.0,0.6918085628271992,3980.5014209827264,706.1785790172739,2026-07-13
15.75,360.0,0.6918085628271992,3661.7557894169863,8.674210583013519,2026-07-13
16.0,375.0,0.6918085628271992,3344.528979300669,408.40102069933073,2026-07-13
16.25,390.0,0.6918085628271992,2993.5638660684967,1023.5461339315034,2026-07-13
16.5,405.0,0.6918085628271992,2625.793366401995,1567.5366335980048,2026-07-13
16.75,420.0,0.6918085628271992,2254.5827906118284,556.7272093881716,2026-07-13
17.0,435.0,0.6918085628271992,1898.156947596367,-346.44694759636695,2026-07-13
17.25,450.0,0.6918085628271992,1547.110294403313,-329.89029440331296,2026-07-13
17.5,465.0,0.6918085628271992,1131.9588971642684,29.9711028357317,2026-07-13
17.75,480.0,0.6918085628271992,747.4777578902206,221.95224210977938,2026-07-13
18.0,495.0,0.6918085628271992,422.31741228314456,149.28258771685546,2026-07-13
18.25,510.0,0.6918085628271992,179.36601678692807,266.8439832130719,2026-07-13
18.5,525.0,0.6918085628271992,39.530790831016255,296.0592091689837,2026-07-13
18.75,540.0,0.6918085628271992,0.4394262381342497,117.91057376186575,2026-07-13
19.0,555.0,0.6918085628271992,0.0,10.03,2026-07-13
11.5,15.0,0.7646627221426379,6594.363276428822,761.566723571178,2026-07-13
11.75,30.0,0.7646627221426379,6608.089576535368,482.50042346463215,2026-07-13
12.0,45.0,0.7646627221426379,6586.042050868367,835.2479491316326,2026-07-13
12.25,60.0,0.7646627221426379,6531.849845722432,439.98015427756764,2026-07-13
12.5,75.0,0.7646627221426379,6484.397218803867,826.7427811961334,2026-07-13
12.75,90.0,0.7646627221426379,6425.626057564306,862.0639424356932,2026-07-13
13.0,105.0,0.7646627221426379,6317.833102732262,647.3768972677381,2026-07-13
13.25,120.0,0.7646627221426379,6175.601796564293,-88.13179656429293,2026-07-13
13.5,135.0,0.7646627221426379,6050.231606131546,1018.5783938684544,2026-07-13
13.75,150.0,0.7646627221426379,5909.290952621423,-626.5809526214225,2026-07-13
14.0,165.0,0.7646627221426379,5730.584379661912,938.7956203380882,2026-07-13
14.25,180.0,0.7646627221426379,5564.675564064348,1031.3044359356518,2026-07-13
14.5,195.0,0.7646627221426379,5401.775352029031,-121.02535202903073,2026-07-13
14.75,210.0,0.7646627221426379,5164.194222471678,292.0957775283223,2026-07-13
15.0,225.0,0.7646627221426379,4870.173622552805,-537.0436225528047,2026-07-13
15.25,240.0,0.7646627221426379,4555.182644436863,-236.27264443686272,2026-07-13
15.5,255.0,0.7646627221426379,4231.171797182058,455.5082028179422,2026-07-13
15.75,270.0,0.7646627221426379,3888.8957655556087,-218.46576555560887,2026-07-13
16.0,285.0,0.7646627221426379,3545.790300044429,207.1396999555709,2026-07-13
16.25,300.0,0.7646627221426379,3170.685347309023,846.4246526909769,2026-07-13
16.5,315.0,0.7646627221426379,2775.2508146083705,1418.0791853916294,2026-07-13
16.75,330.0,0.7646627221426379,2378.9359267207005,432.3740732792994,2026-07-13
17.0,345.0,0.7646627221426379,2008.89384230794,-457.18384230794004,2026-07-13
17.25,360.0,0.7646627221426379,1649.9794723506427,-432.7594723506427,2026-07-13
17.5,375.0,0.7646627221426379,1210.628162393775,-48.698162393774965,2026-07-13
17.75,390.0,0.7646627221426379,797.6750950177266,171.7549049822734,2026-07-13
18.0,405.0,0.7646627221426379,447.3767340008964,124.2232659991036,2026-07-13
18.25,420.0,0.7646627221426379,189.21571682191123,256.9942831780887,2026-07-13
18.5,435.0,0.7646627221426379,41.792039914365,293.797960085635,2026-07-13
18.75,450.0,0.7646627221426379,0.4652160981615225,117.88478390183847,2026-07-13
19.0,465.0,0.7646627221426379,0.0,10.03,2026-07-13
13.0,15.0,0.9957062920800586,7702.434086419397,-737.2240864193973,2026-07-13
13.25,30.0,0.9957062920800586,7496.757597182956,-1409.2875971829553,2026-07-13
13.5,45.0,0.9957062920800586,7309.640808761042,-240.83080876104123,2026-07-13
13.75,60.0,0.9957062920800586,7124.839491539152,-1842.1294915391518,2026-07-13
14.0,75.0,0.9957062920800586,6910.413469373186,-241.03346937318565,2026-07-13
14.25,90.0,0.9957062920800586,6701.673457876255,-105.6934578762557,2026-07-13
14.5,105.0,0.9957062920800586,6475.581875738296,-1194.8318757382958,2026-07-13
14.75,120.0,0.9957062920800586,6177.487857398322,-721.1978573983224,2026-07-13
15.0,135.0,0.9957062920800586,5832.491868102787,-1499.3618681027865,2026-07-13
15.25,150.0,0.9957062920800586,5460.305224887528,-1141.3952248875285,2026-07-13
15.5,165.0,0.9957062920800586,5073.082714925591,-386.4027149255908,2026-07-13
15.75,180.0,0.9957062920800586,4653.744980513502,-983.3149805135022,2026-07-13
16.0,195.0,0.9957062920800586,4223.411864737052,-470.48186473705255,2026-07-13
16.25,210.0,0.9957062920800586,3764.324522945408,252.78547705459232,2026-07-13
16.5,225.0,0.9957062920800586,3297.5556075229774,895.7743924770225,2026-07-13
16.75,240.0,0.9957062920800586,2816.99661661906,-5.68661661906026,2026-07-13
17.0,255.0,0.9957062920800586,2354.63849394309,-802.92849394309,2026-07-13
17.25,270.0,0.9957062920800586,1882.6722882666988,-665.4522882666988,2026-07-13
17.5,285.0,0.9957062920800586,1379.934347514424,-218.0043475144239,2026-07-13
17.75,300.0,0.9957062920800586,912.2194882150328,57.21051178496714,2026-07-13
18.0,315.0,0.9957062920800586,517.2363593433283,54.36364065667169,2026-07-13
18.25,330.0,0.9957062920800586,220.74981556011025,225.46018443988973,2026-07-13
18.5,345.0,0.9957062920800586,49.33391470044461,286.25608529955537,2026-07-13
18.75,360.0,0.9957062920800586,0.5506016996456919,117.7993983003543,2026-07-13
19.0,375.0,0.9957062920800586,0.0,10.03,2026-07-13
14.5,15.0,0.91864135250854,6156.641478129043,-875.8914781290432,2026-07-13
14.75,30.0,0.91864135250854,5881.564853869492,-425.2748538694923,2026-07-13
15.0,45.0,0.91864135250854,5555.86075721202,-1222.7307572120199,2026-07-13
15.25,60.0,0.91864135250854,5209.8034964024255,-890.8934964024256,2026-07-13
15.5,75.0,0.91864135250854,4855.248559689815,-168.56855968981472,2026-07-13
15.75,90.0,0.91864135250854,4459.750267203122,-789.3202672031225,2026-07-13
16.0,105.0,0.91864135250854,4051.813682702446,-298.8836827024461,2026-07-13
16.25,120.0,0.91864135250854,3615.4787564125886,401.6312435874115,2026-07-13
16.5,135.0,0.91864135250854,3169.4327753691955,1023.8972246308044,2026-07-13
16.75,150.0,0.91864135250854,2706.3789406842634,104.93105931573655,2026-07-13
17.0,165.0,0.91864135250854,2266.262946039468,-714.5529460394678,2026-07-13
17.25,180.0,0.91864135250854,1812.15339008482,-594.9333900848201,2026-07-13
17.5,195.0,0.91864135250854,1325.51766171919,-163.58766171919,2026-07-13
17.75,210.0,0.91864135250854,870.6957649086756,98.73423509132431,2026-07-13
18.0,225.0,0.91864135250854,493.1189128250964,78.48108717490362,2026-07-13
18.25,240.0,0.91864135250854,210.45015272554423,235.75984727445575,2026-07-13
18.5,255.0,0.91864135250854,46.965642680386296,288.6243573196137,2026-07-13
18.75,270.0,0.91864135250854,0.5233053169001147,117.82669468309987,2026-07-13
19.0,285.0,0.91864135250854,0.0,10.03,2026-07-13
16.0,15.0,0.7674351369979415,3494.037427093057,258.89257290694286,2026-07-13
16.25,30.0,0.7674351369979415,3126.2181551985464,890.8918448014538,2026-07-13
16.5,45.0,0.7674351369979415,2746.113459622034,1447.2165403779659,2026-07-13
16.75,60.0,0.7674351369979415,2351.526746542985,459.7832534570148,2026-07-13
17.0,75.0,0.7674351369979415,1972.8214493916569,-421.11144939165683,2026-07-13
17.25,90.0,0.7674351369979415,1578.4219054578796,-361.20190545787955,2026-07-13
17.5,105.0,0.7674351369979415,1154.931745155514,6.998254844486155,2026-07-13
17.75,120.0,0.7674351369979415,765.7514463275215,203.67855367247842,2026-07-13
18.0,135.0,0.7674351369979415,436.5801907637916,135.0198092362084,2026-07-13
18.25,150.0,0.7674351369979415,187.7001094670789,258.5098905329211,2026-07-13
18.5,165.0,0.7674351369979415,41.83187287812968,293.7581271218703,2026-07-13
18.75,180.0,0.7674351369979415,0.4672119086681802,117.88278809133182,2026-07-13
19.0,195.0,0.7674351369979415,0.0,10.03,2026-07-13
17.5,15.0,0.8381842726904949,1183.154593244015,-21.22459324401484,2026-07-13
17.75,30.0,0.8381842726904949,788.76325566563,180.66674433436992,2026-07-13
18.0,45.0,0.8381842726904949,451.7917428223385,119.80825717766152,2026-07-13
18.25,60.0,0.8381842726904949,195.26880951721253,250.94119048278745,2026-07-13
18.5,75.0,0.8381842726904949,43.77119626946877,291.8188037305312,2026-07-13
18.75,90.0,0.8381842726904949,0.4892856090422388,117.86071439095775,2026-07-13
19.0,105.0,0.8381842726904949,0.0,10.03,2026-07-13
7.0,15.0,0.6082893583421477,744.3353039649658,47.214696035034194,2026-07-14
7.25,30.0,0.6082893583421477,1026.7171374614984,54.99286253850164,2026-07-14
7.5,45.0,0.6082893583421477,1325.952509239398,79.18749076060203,2026-07-14
7.75,60.0,0.6082893583421477,1633.135170018606,37.02482998139408,2026-07-14
8.0,75.0,0.6082893583421477,1947.1384655593556,217.8415344406444,2026-07-14
8.25,90.0,0.6082893583421477,2266.513946899297,401.9560531007028,2026-07-14
8.5,105.0,0.6082893583421477,2571.4594101279804,577.7805898720194,2026-07-14
8.75,120.0,0.6082893583421477,2863.7773774159687,581.9126225840314,2026-07-14
9.0,135.0,0.6082893583421477,3153.2003813686497,455.0896186313503,2026-07-14
9.25,150.0,0.6082893583421477,3431.340914155412,599.309085844588,2026-07-14
9.5,165.0,0.6082893583421477,3703.917161801668,537.752838198332,2026-07-14
9.75,180.0,0.6082893583421477,3972.461258667674,314.41874133232614,2026-07-14
10.0,195.0,0.6082893583421477,4221.153335324692,-10.82333532469238,2026-07-14
10.25,210.0,0.6082893583421477,4441.510636614804,439.0293633851961,2026-07-14
10.5,225.0,0.6082893583421477,4659.751957576256,1341.718042423744,2026-07-14
10.75,240.0,0.6082893583421477,4892.034035946805,1940.9559640531952,2026-07-14
11.0,255.0,0.6082893583421477,5117.321358466333,2385.3886415336674,2026-07-14
11.25,270.0,0.6082893583421477,5311.752243571329,2399.657756428671,2026-07-14
11.5,285.0,0.6082893583421477,5443.24328407416,1688.4067159258393,2026-07-14
11.75,300.0,0.6082893583421477,5532.23708487914,1668.96291512086,2026-07-14
12.0,315.0,0.6082893583421477,5616.983989278486,1675.8260107215146,2026-07-14
12.25,330.0,0.6082893583421477,5689.803264137637,727.6967358623633,2026-07-14
12.5,345.0,0.6082893583421477,5730.693428625872,495.59657137412796,2026-07-14
12.75,360.0,0.6082893583421477,5697.601973196278,-285.29197319627747,2026-07-14
13.0,375.0,0.6082893583421477,5656.223585195764,518.8864148042358,2026-07-14
13.25,390.0,0.6082893583421477,5603.053601153501,2241.886398846498,2026-07-14
13.5,405.0,0.6082893583421477,5529.50146916652,2210.61853083348,2026-07-14
13.75,420.0,0.6082893583421477,5394.673059107533,2196.3769408924672,2026-07-14
14.0,435.0,0.6082893583421477,5256.204362677743,-233.574362677743,2026-07-14
14.25,450.0,0.6082893583421477,5099.899810032337,-1846.709810032337,2026-07-14
14.5,465.0,0.6082893583421477,4902.121727395897,-1914.5517273958972,2026-07-14
14.75,480.0,0.6082893583421477,4652.55212612287,33.49787387713059,2026-07-14
15.0,495.0,0.6082893583421477,4394.307753473245,1130.3222465267554,2026-07-14
15.25,510.0,0.6082893583421477,4114.353111847488,1265.416888152512,2026-07-14
15.5,525.0,0.6082893583421477,3829.241575145511,719.588424854489,2026-07-14
15.75,540.0,0.6082893583421477,3541.725394933172,1668.904605066828,2026-07-14
16.0,555.0,0.6082893583421477,3227.588895186837,370.241104813163,2026-07-14
16.25,570.0,0.6082893583421477,2864.396047564986,397.87395243501396,2026-07-14
16.5,585.0,0.6082893583421477,2503.5822066130654,313.6677933869346,2026-07-14
16.75,600.0,0.6082893583421477,2144.302144260705,-128.29214426070507,2026-07-14
17.0,615.0,0.6082893583421477,1785.0815171535032,-256.8815171535032,2026-07-14
17.25,630.0,0.6082893583421477,1427.5118620561973,-240.57186205619723,2026-07-14
17.5,645.0,0.6082893583421477,1042.574070769312,-42.63407076931185,2026-07-14
17.75,660.0,0.6082893583421477,687.029562669908,28.380437330091922,2026-07-14
18.0,675.0,0.6082893583421477,390.8965910473874,209.95340895261262,2026-07-14
18.25,690.0,0.6082893583421477,168.27138982272388,263.65861017727616,2026-07-14
18.5,705.0,0.6082893583421477,36.84933055218789,240.31066944781213,2026-07-14
18.75,720.0,0.6082893583421477,0.3873610225218541,81.53263897747814,2026-07-14
19.0,735.0,0.6082893583421477,0.0,0.0,2026-07-14
8.5,15.0,0.5937591379690039,2515.610636193485,633.6293638065149,2026-07-14
8.75,30.0,0.5937591379690039,2809.545812998244,636.1441870017561,2026-07-14
9.0,45.0,0.5937591379690039,3102.603632541703,505.6863674582969,2026-07-14
9.25,60.0,0.5937591379690039,3393.4373433334663,637.2126566665338,2026-07-14
9.5,75.0,0.5937591379690039,3675.1815480692912,566.4884519307088,2026-07-14
9.75,90.0,0.5937591379690039,3950.981613000507,335.89838699949314,2026-07-14
10.0,105.0,0.5937591379690039,4201.130731798575,9.199268201425184,2026-07-14
10.25,120.0,0.5937591379690039,4422.550345748844,457.989654251156,2026-07-14
10.5,135.0,0.5937591379690039,4628.325425745084,1373.1445742549158,2026-07-14
10.75,150.0,0.5937591379690039,4857.132065140221,1975.8579348597787,2026-07-14
11.0,165.0,0.5937591379690039,5074.543580974102,2428.166419025898,2026-07-14
11.25,180.0,0.5937591379690039,5257.284605918859,2454.125394081141,2026-07-14
11.5,195.0,0.5937591379690039,5387.787313236204,1743.8626867637959,2026-07-14
11.75,210.0,0.5937591379690039,5468.1719711375645,1733.0280288624353,2026-07-14
12.0,225.0,0.5937591379690039,5529.529827105054,1763.2801728949462,2026-07-14
12.25,240.0,0.5937591379690039,5601.631061558788,815.8689384412119,2026-07-14
12.5,255.0,0.5937591379690039,5654.020685311407,572.2693146885931,2026-07-14
12.75,270.0,0.5937591379690039,5627.516501157894,-215.2065011578934,2026-07-14
13.0,285.0,0.5937591379690039,5579.773192723688,595.3368072763114,2026-07-14
13.25,300.0,0.5937591379690039,5533.806575657782,2311.133424342218,2026-07-14
13.5,315.0,0.5937591379690039,5468.467956832573,2271.652043167427,2026-07-14
13.75,330.0,0.5937591379690039,5340.538271206861,2250.511728793139,2026-07-14
14.0,345.0,0.5937591379690039,5202.887638909414,-180.2576389094138,2026-07-14
14.25,360.0,0.5937591379690039,5048.361858492005,-1795.171858492005,2026-07-14
14.5,375.0,0.5937591379690039,4859.637154112138,-1872.0671541121378,2026-07-14
14.75,390.0,0.5937591379690039,4599.310240942477,86.73975905752286,2026-07-14
15.0,405.0,0.5937591379690039,4327.846030583502,1196.7839694164977,2026-07-14
15.25,420.0,0.5937591379690039,4057.069362702727,1322.7006372972733,2026-07-14
15.5,435.0,0.5937591379690039,3783.496314567563,765.333685432437,2026-07-14
15.75,450.0,0.5937591379690039,3485.2146830114675,1725.4153169885326,2026-07-14
16.0,465.0,0.5937591379690039,3165.7583535391923,432.07164646080764,2026-07-14
16.25,480.0,0.5937591379690039,2821.938536749108,440.33146325089183,2026-07-14
16.5,495.0,0.5937591379690039,2469.073960079147,348.1760399208529,2026-07-14
16.75,510.0,0.5937591379690039,2116.106560671573,-100.09656067157289,2026-07-14
17.0,525.0,0.5937591379690039,1774.0738325920197,-245.87383259201965,2026-07-14
17.25,540.0,0.5937591379690039,1418.555011473159,-231.61501147315903,2026-07-14
17.5,555.0,0.5937591379690039,1031.3778147495018,-31.43781474950174,2026-07-14
17.75,570.0,0.5937591379690039,674.1102251996214,41.2997748003786,2026-07-14
18.0,585.0,0.5937591379690039,381.41948697490267,219.43051302509735,2026-07-14
18.25,600.0,0.5937591379690039,163.95180444604915,267.97819555395085,2026-07-14
18.5,615.0,0.5937591379690039,35.9049210910404,241.25507890895963,2026-07-14
18.75,630.0,0.5937591379690039,0.3779725991177316,81.54202740088228,2026-07-14
19.0,645.0,0.5937591379690039,0.0,0.0,2026-07-14
10.0,15.0,0.6085027860594019,4141.646078105152,68.68392189484803,2026-07-14
10.25,30.0,0.6085027860594019,4375.093804315953,505.44619568404687,2026-07-14
10.5,45.0,0.6085027860594019,4591.014693451001,1410.455306548999,2026-07-14
10.75,60.0,0.6085027860594019,4803.913385673157,2029.076614326843,2026-07-14
11.0,75.0,0.6085027860594019,5011.04557312392,2491.66442687608,2026-07-14
11.25,90.0,0.6085027860594019,5185.677844781631,2525.7321552183685,2026-07-14
11.5,105.0,0.6085027860594019,5319.8366295003625,1811.8133704996371,2026-07-14
11.75,120.0,0.6085027860594019,5398.190808715943,1803.0091912840571,2026-07-14
12.0,135.0,0.6085027860594019,5470.8519491866655,1821.958050813335,2026-07-14
12.25,150.0,0.6085027860594019,5535.692894320354,881.8071056796462,2026-07-14
12.5,165.0,0.6085027860594019,5578.045142738632,648.2448572613675,2026-07-14
12.75,180.0,0.6085027860594019,5562.756505834396,-150.4465058343958,2026-07-14
13.0,195.0,0.6085027860594019,5531.858061372927,643.2519386270724,2026-07-14
13.25,210.0,0.6085027860594019,5490.86713512871,2354.0728648712893,2026-07-14
13.5,225.0,0.6085027860594019,5420.376779390839,2319.7432206091607,2026-07-14
13.75,240.0,0.6085027860594019,5298.252738656606,2292.797261343394,2026-07-14
14.0,255.0,0.6085027860594019,5164.63345859223,-142.00345859223034,2026-07-14
14.25,270.0,0.6085027860594019,5012.959394969555,-1759.7693949695554,2026-07-14
14.5,285.0,0.6085027860594019,4833.430357154786,-1845.860357154786,2026-07-14
14.75,300.0,0.6085027860594019,4586.303836876864,99.74616312313628,2026-07-14
15.0,315.0,0.6085027860594019,4320.581507921666,1204.0484920783338,2026-07-14
15.25,330.0,0.6085027860594019,4048.5851860746784,1331.184813925322,2026-07-14
15.5,345.0,0.6085027860594019,3773.391075575601,775.4389244243989,2026-07-14
15.75,360.0,0.6085027860594019,3467.2343018111847,1743.3956981888155,2026-07-14
16.0,375.0,0.6085027860594019,3137.2275237968306,460.6024762031693,2026-07-14
16.25,390.0,0.6085027860594019,2791.516698573484,470.7533014265159,2026-07-14
16.5,405.0,0.6085027860594019,2442.954138356109,374.29586164389093,2026-07-14
16.75,420.0,0.6085027860594019,2094.4215517133152,-78.41155171331525,2026-07-14
17.0,435.0,0.6085027860594019,1748.7505572530088,-220.55055725300872,2026-07-14
17.25,450.0,0.6085027860594019,1398.1315395944398,-211.19153959443975,2026-07-14
17.5,465.0,0.6085027860594019,1022.7392591623455,-22.799259162345493,2026-07-14
17.75,480.0,0.6085027860594019,677.0592369551102,38.35076304488973,2026-07-14
18.0,495.0,0.6085027860594019,385.84758769307257,215.00241230692745,2026-07-14
18.25,510.0,0.6085027860594019,165.72771568645695,266.20228431354303,2026-07-14
18.5,525.0,0.6085027860594019,36.236524381010575,240.92347561898944,2026-07-14
18.75,540.0,0.6085027860594019,0.3815695769373374,81.53843042306266,2026-07-14
19.0,555.0,0.6085027860594019,0.0,0.0,2026-07-14
11.5,15.0,0.7998262135801422,6633.207158658148,498.4428413418518,2026-07-14
11.75,30.0,0.7998262135801422,6692.54634299775,508.65365700224993,2026-07-14
12.0,45.0,0.7998262135801422,6746.195782435343,546.6142175646573,2026-07-14
12.25,60.0,0.7998262135801422,6780.6590256460695,-363.1590256460695,2026-07-14
12.5,75.0,0.7998262135801422,6795.800938549703,-569.5109385497026,2026-07-14
12.75,90.0,0.7998262135801422,6759.426907204811,-1347.1169072048106,2026-07-14
13.0,105.0,0.7998262135801422,6697.513722048308,-522.4037220483087,2026-07-14
13.25,120.0,0.7998262135801422,6622.090613483607,1222.8493865163928,2026-07-14
13.5,135.0,0.7998262135801422,6530.849848205192,1209.270151794808,2026-07-14
13.75,150.0,0.7998262135801422,6371.143386989944,1219.9066130100564,2026-07-14
14.0,165.0,0.7998262135801422,6202.233641875114,-1179.6036418751137,2026-07-14
14.25,180.0,0.7998262135801422,6002.2632354623165,-2749.0732354623165,2026-07-14
14.5,195.0,0.7998262135801422,5766.29903596991,-2778.7290359699095,2026-07-14
14.75,210.0,0.7998262135801422,5461.576057799751,-775.5260577997506,2026-07-14
15.0,225.0,0.7998262135801422,5142.277492618977,382.3525073810233,2026-07-14
15.25,240.0,0.7998262135801422,4811.936212364341,567.8337876356591,2026-07-14
15.5,255.0,0.7998262135801422,4483.409625239742,65.4203747602578,2026-07-14
15.75,270.0,0.7998262135801422,4128.721066953058,1081.9089330469424,2026-07-14
16.0,285.0,0.7998262135801422,3745.7973050423952,-147.9673050423953,2026-07-14
16.25,300.0,0.7998262135801422,3335.2563883899043,-72.98638838990428,2026-07-14
16.5,315.0,0.7998262135801422,2921.105996592741,-103.85599659274112,2026-07-14
16.75,330.0,0.7998262135801422,2495.4043635615067,-479.3943635615067,2026-07-14
17.0,345.0,0.7998262135801422,2081.1183362852285,-552.9183362852284,2026-07-14
17.25,360.0,0.7998262135801422,1669.5287520072034,-482.5887520072033,2026-07-14
17.5,375.0,0.7998262135801422,1221.4015107296543,-221.46151072965426,2026-07-14
17.75,390.0,0.7998262135801422,801.2588920836348,-85.84889208363484,2026-07-14
18.0,405.0,0.7998262135801422,455.3912119215636,145.45878807843644,2026-07-14
18.25,420.0,0.7998262135801422,195.2373573080963,236.6926426919037,2026-07-14
18.5,435.0,0.7998262135801422,42.93368335759203,234.226316642408,2026-07-14
18.75,450.0,0.7998262135801422,0.4516284133997709,81.46837158660023,2026-07-14
19.0,465.0,0.7998262135801422,0.0,0.0,2026-07-14
13.0,15.0,0.8040226992220524,6745.462434620092,-570.352434620092,2026-07-14
13.25,30.0,0.8040226992220524,6696.202377007211,1148.7376229927886,2026-07-14
13.5,45.0,0.8040226992220524,6625.946406372594,1114.1735936274063,2026-07-14
13.75,60.0,0.8040226992220524,6491.970680799811,1099.0793192001893,2026-07-14
14.0,75.0,0.8040226992220524,6335.202007342674,-1312.5720073426737,2026-07-14
14.25,90.0,0.8040226992220524,6149.573333779611,-2896.383333779611,2026-07-14
14.5,105.0,0.8040226992220524,5923.083773230229,-2935.5137732302287,2026-07-14
14.75,120.0,0.8040226992220524,5613.05630259651,-927.0063025965101,2026-07-14
15.0,135.0,0.8040226992220524,5296.876031941562,227.75396805843775,2026-07-14
15.25,150.0,0.8040226992220524,4962.27550108697,417.49449891303084,2026-07-14
15.5,165.0,0.8040226992220524,4629.513501907362,-80.68350190736237,2026-07-14
15.75,180.0,0.8040226992220524,4258.95777256611,951.6722274338899,2026-07-14
16.0,195.0,0.8040226992220524,3865.791703492912,-267.96170349291197,2026-07-14
16.25,210.0,0.8040226992220524,3444.9431854797413,-182.67318547974128,2026-07-14
16.5,225.0,0.8040226992220524,3022.6196846782595,-205.36968467825955,2026-07-14
16.75,240.0,0.8040226992220524,2558.700648430466,-542.6906484304661,2026-07-14
17.0,255.0,0.8040226992220524,2103.624975619562,-575.424975619562,2026-07-14
17.25,270.0,0.8040226992220524,1656.872461286198,-469.93246128619785,2026-07-14
17.5,285.0,0.8040226992220524,1210.6760907684431,-210.7360907684431,2026-07-14
17.75,300.0,0.8040226992220524,799.5389579077957,-84.12895790779578,2026-07-14
18.0,315.0,0.8040226992220524,455.4857391138137,145.36426088618634,2026-07-14
18.25,330.0,0.8040226992220524,195.0363251469994,236.89367485300062,2026-07-14
18.5,345.0,0.8040226992220524,42.90167595958743,234.2583240404126,2026-07-14
18.75,360.0,0.8040226992220524,0.4518256156447492,81.46817438435525,2026-07-14
19.0,375.0,0.8040226992220524,0.0,0.0,2026-07-14
14.5,15.0,0.8558216828710196,5862.611390649726,-2875.0413906497256,2026-07-14
14.75,30.0,0.8558216828710196,5628.717600888365,-942.6676008883651,2026-07-14
15.0,45.0,0.8558216828710196,5370.253554965223,154.37644503477713,2026-07-14
15.25,60.0,0.8558216828710196,5077.803933536424,301.9660664635767,2026-07-14
15.5,75.0,0.8558216828710196,4750.798995908344,-201.96899590834437,2026-07-14
15.75,90.0,0.8558216828710196,4379.944858776679,830.6851412233209,2026-07-14
16.0,105.0,0.8558216828710196,3980.375471588041,-382.545471588041,2026-07-14
16.25,120.0,0.8558216828710196,3558.797930961774,-296.527930961774,2026-07-14
16.5,135.0,0.8558216828710196,3124.684633678517,-307.434633678517,2026-07-14
16.75,150.0,0.8558216828710196,2640.53297596068,-624.5229759606798,2026-07-14
17.0,165.0,0.8558216828710196,2164.159983543042,-635.959983543042,2026-07-14
17.25,180.0,0.8558216828710196,1694.9136982046475,-507.97369820464746,2026-07-14
17.5,195.0,0.8558216828710196,1238.567195608969,-238.62719560896903,2026-07-14
17.75,210.0,0.8558216828710196,822.2103186466667,-106.80031864666671,2026-07-14
18.0,225.0,0.8558216828710196,469.13821586154063,131.7117841384594,2026-07-14
18.25,240.0,0.8558216828710196,201.45785937367592,230.4721406263241,2026-07-14
18.5,255.0,0.8558216828710196,44.48471495745567,232.67528504254435,2026-07-14
18.75,270.0,0.8558216828710196,0.4687224877382747,81.45127751226173,2026-07-14
19.0,285.0,0.8558216828710196,0.0,0.0,2026-07-14
16.0,15.0,0.9632758740419942,4408.8631508402095,-811.0331508402096,2026-07-14
16.25,30.0,0.9632758740419942,3924.219750072416,-661.949750072416,2026-07-14
16.5,45.0,0.9632758740419942,3433.4096379926104,-616.1596379926104,2026-07-14
16.75,60.0,0.9632758740419942,2902.3289092060845,-886.3189092060845,2026-07-14
17.0,75.0,0.9632758740419942,2382.9579250151155,-854.7579250151155,2026-07-14
17.25,90.0,0.9632758740419942,1868.1656014269931,-681.2256014269931,2026-07-14
17.5,105.0,0.9632758740419942,1355.2150707223536,-355.2750707223536,2026-07-14
17.75,120.0,0.9632758740419942,890.7251983636481,-175.31519836364816,2026-07-14
18.0,135.0,0.9632758740419942,505.9182953270299,94.93170467297011,2026-07-14
18.25,150.0,0.9632758740419942,216.91694593856988,215.01305406143013,2026-07-14
18.5,165.0,0.9632758740419942,48.05513931501676,229.10486068498327,2026-07-14
18.75,180.0,0.9632758740419942,0.5063147011814366,81.41368529881856,2026-07-14
19.0,195.0,0.9632758740419942,0.0,0.0,2026-07-14
17.5,15.0,0.6472257706739316,1025.972106549131,-26.03210654913096,2026-07-14
17.75,30.0,0.6472257706739316,684.8366972395057,30.573302760494244,2026-07-14
18.0,45.0,0.6472257706739316,393.36309454261743,207.4869054573826,2026-07-14
18.25,60.0,0.6472257706739316,170.02738899460752,261.9026110053925,2026-07-14
18.5,75.0,0.6472257706739316,37.31999992387885,239.84000007612119,2026-07-14
18.75,90.0,0.6472257706739316,0.3927153567258089,81.52728464327419,2026-07-14
19.0,105.0,0.6472257706739316,0.0,0.0,2026-07-14
7.0,15.0,0.6142351921479282,834.4300134594974,-50.30001345949745,2026-07-15
7.25,30.0,0.6142351921479282,1147.4115256292175,481.4784743707826,2026-07-15
7.5,45.0,0.6142351921479282,1477.5595697927722,555.3304302072279,2026-07-15
7.75,60.0,0.6142351921479282,1831.517327753022,10.41267224697799,2026-07-15
8.0,75.0,0.6142351921479282,2189.792516513016,-2.402516513016053,2026-07-15
8.25,90.0,0.6142351921479282,2541.5605789171727,209.40942108282707,2026-07-15
8.5,105.0,0.6142351921479282,2881.422367503749,-915.9723675037487,2026-07-15
8.75,120.0,0.6142351921479282,3223.2486974631647,-90.93869746316477,2026-07-15
9.0,135.0,0.6142351921479282,3556.503891910598,1475.756108089402,2026-07-15
9.25,150.0,0.6142351921479282,3878.610030621605,394.09996937839514,2026-07-15
9.5,165.0,0.6142351921479282,4190.842141770336,1967.8478582296639,2026-07-15
9.75,180.0,0.6142351921479282,4478.353093400546,1770.7369065994544,2026-07-15
10.0,195.0,0.6142351921479282,4766.308078907938,811.6419210920621,2026-07-15
10.25,210.0,0.6142351921479282,5054.5724507908335,1861.4975492091662,2026-07-15
10.5,225.0,0.6142351921479282,5337.726829711244,1361.943170288756,2026-07-15
10.75,240.0,0.6142351921479282,5587.142857494294,1579.9871425057063,2026-07-15
11.0,255.0,0.6142351921479282,5800.824723211814,1513.205276788186,2026-07-15
11.25,270.0,0.6142351921479282,5973.96809547065,87.17190452935029,2026-07-15
11.5,285.0,0.6142351921479282,6105.938575048362,-1842.8085750483615,2026-07-15
11.75,300.0,0.6142351921479282,6174.180363580794,911.9696364192059,2026-07-15
12.0,315.0,0.6142351921479282,6203.742847467553,1167.987152532447,2026-07-15
12.25,330.0,0.6142351921479282,6209.782340205236,1362.8476597947638,2026-07-15
12.5,345.0,0.6142351921479282,6214.521432845116,351.7085671548839,2026-07-15
12.75,360.0,0.6142351921479282,6175.272203967977,-1717.8022039679763,2026-07-15
13.0,375.0,0.6142351921479282,6123.66087656458,-989.55087656458,2026-07-15
13.25,390.0,0.6142351921479282,6046.939281747656,424.4507182523439,2026-07-15
13.5,405.0,0.6142351921479282,5935.715182594209,1041.9348174057905,2026-07-15
13.75,420.0,0.6142351921479282,5777.751704333244,-1733.7217043332435,2026-07-15
14.0,435.0,0.6142351921479282,5595.254013488304,-2055.344013488304,2026-07-15
14.25,450.0,0.6142351921479282,5387.478144249135,-1642.7281442491349,2026-07-15
14.5,465.0,0.6142351921479282,5165.688359838802,215.07164016119805,2026-07-15
14.75,480.0,0.6142351921479282,4915.231907026645,-1146.1419070266447,2026-07-15
15.0,495.0,0.6142351921479282,4645.587432727964,-1652.9274327279645,2026-07-15
15.25,510.0,0.6142351921479282,4363.665052281052,-182.50505228105249,2026-07-15
15.5,525.0,0.6142351921479282,4081.244552666248,1369.4854473337514,2026-07-15
15.75,540.0,0.6142351921479282,3739.750322898468,1147.989677101532,2026-07-15
16.0,555.0,0.6142351921479282,3375.053261558206,1066.076738441794,2026-07-15
16.25,570.0,0.6142351921479282,3012.1469132130405,2166.923086786959,2026-07-15
16.5,585.0,0.6142351921479282,2626.1978381240983,2416.942161875902,2026-07-15
16.75,600.0,0.6142351921479282,2217.810426945182,830.749573054818,2026-07-15
17.0,615.0,0.6142351921479282,1807.585465180456,-253.56546518045593,2026-07-15
17.25,630.0,0.6142351921479282,1410.531671570761,-285.7816715707611,2026-07-15
17.5,645.0,0.6142351921479282,1033.72103934878,68.43896065121999,2026-07-15
17.75,660.0,0.6142351921479282,690.3987307109218,291.6312692890782,2026-07-15
18.0,675.0,0.6142351921479282,395.0974265861308,306.5725734138692,2026-07-15
18.25,690.0,0.6142351921479282,169.6055899058498,320.9344100941502,2026-07-15
18.5,705.0,0.6142351921479282,36.79726802265333,220.8027319773467,2026-07-15
18.75,720.0,0.6142351921479282,0.3632249773607605,84.64677502263925,2026-07-15
19.0,735.0,0.6142351921479282,0.0,2.6,2026-07-15
8.5,15.0,0.7174177790202749,3155.174644409064,-1189.724644409064,2026-07-15
8.75,30.0,0.7174177790202749,3531.7888379233705,-399.4788379233705,2026-07-15
9.0,45.0,0.7174177790202749,3899.209789338113,1133.0502106618874,2026-07-15
9.25,60.0,0.7174177790202749,4259.16104507574,13.548954924260215,2026-07-15
9.5,75.0,0.7174177790202749,4605.754517387782,1552.935482612218,2026-07-15
9.75,90.0,0.7174177790202749,4927.510084937585,1321.5799150624152,2026-07-15
10.0,105.0,0.7174177790202749,5238.501461620556,339.44853837944356,2026-07-15
10.25,120.0,0.7174177790202749,5540.349931810973,1375.7200681890263,2026-07-15
10.5,135.0,0.7174177790202749,5841.89856150671,857.7714384932897,2026-07-15
10.75,150.0,0.7174177790202749,6103.852540913436,1063.2774590865638,2026-07-15
11.0,165.0,0.7174177790202749,6334.066861427744,979.963138572256,2026-07-15
11.25,180.0,0.7174177790202749,6517.227372439706,-456.0873724397061,2026-07-15
11.5,195.0,0.7174177790202749,6659.029959569186,-2395.8999595691857,2026-07-15
11.75,210.0,0.7174177790202749,6732.852335938796,353.29766406120325,2026-07-15
12.0,225.0,0.7174177790202749,6763.673251402564,608.0567485974352,2026-07-15
12.25,240.0,0.7174177790202749,6778.527177823509,794.1028221764909,2026-07-15
12.5,255.0,0.7174177790202749,6784.237714344096,-218.0077143440967,2026-07-15
12.75,270.0,0.7174177790202749,6743.933576902862,-2286.463576902862,2026-07-15
13.0,285.0,0.7174177790202749,6685.852558993157,-1551.7425589931572,2026-07-15
13.25,300.0,0.7174177790202749,6606.347587219862,-134.95758721986203,2026-07-15
13.5,315.0,0.7174177790202749,6485.452707198403,492.19729280159663,2026-07-15
13.75,330.0,0.7174177790202749,6294.586166488649,-2250.5561664886486,2026-07-15
14.0,345.0,0.7174177790202749,6083.761502103015,-2543.8515021030153,2026-07-15
14.25,360.0,0.7174177790202749,5863.110037183919,-2118.3600371839193,2026-07-15
14.5,375.0,0.7174177790202749,5628.584215890202,-247.82421589020214,2026-07-15
14.75,390.0,0.7174177790202749,5349.801986162608,-1580.711986162608,2026-07-15
15.0,405.0,0.7174177790202749,5049.305436405495,-2056.6454364054953,2026-07-15
15.25,420.0,0.7174177790202749,4737.383629665836,-556.2236296658366,2026-07-15
15.5,435.0,0.7174177790202749,4411.23221942847,1039.4977805715298,2026-07-15
15.75,450.0,0.7174177790202749,4042.977888163191,844.7621118368088,2026-07-15
16.0,465.0,0.7174177790202749,3655.292766011236,785.8372339887642,2026-07-15
16.25,480.0,0.7174177790202749,3251.9601673030543,1927.1098326969454,2026-07-15
16.5,495.0,0.7174177790202749,2832.111401407871,2211.028598592129,2026-07-15
16.75,510.0,0.7174177790202749,2393.820074026633,654.739925973367,2026-07-15
17.0,525.0,0.7174177790202749,1956.5708136359567,-402.55081363595673,2026-07-15
17.25,540.0,0.7174177790202749,1526.6182545393126,-401.8682545393126,2026-07-15
17.5,555.0,0.7174177790202749,1118.2830440637642,-16.123044063764155,2026-07-15
17.75,570.0,0.7174177790202749,746.0473534024517,235.9826465975483,2026-07-15
18.0,585.0,0.7174177790202749,426.602607391398,275.06739260860195,2026-07-15
18.25,600.0,0.7174177790202749,183.33054582493455,307.2094541750655,2026-07-15
18.5,615.0,0.7174177790202749,40.0123388776117,217.58766112238834,2026-07-15
18.75,630.0,0.7174177790202749,0.3955491501674627,84.61445084983254,2026-07-15
19.0,645.0,0.7174177790202749,0.0,2.6,2026-07-15
10.0,15.0,0.645922987195819,4803.64470573247,774.3052942675295,2026-07-15
10.25,30.0,0.645922987195819,5099.241667113455,1816.8283328865446,2026-07-15
10.5,45.0,0.645922987195819,5380.208117327202,1319.4618826727983,2026-07-15
10.75,60.0,0.645922987195819,5606.809072337894,1560.3209276621064,2026-07-15
11.0,75.0,0.645922987195819,5820.3220798022485,1493.7079201977513,2026-07-15
11.25,90.0,0.645922987195819,6008.787749069475,52.35225093052577,2026-07-15
11.5,105.0,0.645922987195819,6162.1474036373775,-1899.0174036373774,2026-07-15
11.75,120.0,0.645922987195819,6248.429558418608,837.7204415813912,2026-07-15
12.0,135.0,0.645922987195819,6319.913215780354,1051.8167842196453,2026-07-15
12.25,150.0,0.645922987195819,6356.465536370972,1216.1644636290284,2026-07-15
12.5,165.0,0.645922987195819,6371.254090792423,194.97590920757648,2026-07-15
12.75,180.0,0.645922987195819,6335.338294141127,-1877.868294141127,2026-07-15
13.0,195.0,0.645922987195819,6285.916261342778,-1151.8062613427783,2026-07-15
13.25,210.0,0.645922987195819,6212.282573578789,259.10742642121113,2026-07-15
13.5,225.0,0.645922987195819,6099.408787723563,878.2412122764363,2026-07-15
13.75,240.0,0.645922987195819,5928.27777066692,-1884.2477706669201,2026-07-15
14.0,255.0,0.645922987195819,5735.697319371288,-2195.7873193712885,2026-07-15
14.25,270.0,0.645922987195819,5531.646271425583,-1786.896271425583,2026-07-15
14.5,285.0,0.645922987195819,5317.764005844505,62.99599415549528,2026-07-15
14.75,300.0,0.645922987195819,5061.716399362731,-1292.6263993627308,2026-07-15
15.0,315.0,0.645922987195819,4784.896751495047,-1792.2367514950474,2026-07-15
15.25,330.0,0.645922987195819,4487.060709686871,-305.90070968687087,2026-07-15
15.5,345.0,0.645922987195819,4177.386459722077,1273.3435402779223,2026-07-15
15.75,360.0,0.645922987195819,3820.041888261818,1067.698111738182,2026-07-15
16.0,375.0,0.645922987195819,3454.1512070575877,986.9787929424124,2026-07-15
16.25,390.0,0.645922987195819,3084.371582181448,2094.6984178185517,2026-07-15
16.5,405.0,0.645922987195819,2689.582070348212,2353.5579296517885,2026-07-15
16.75,420.0,0.645922987195819,2269.952475907436,778.6075240925638,2026-07-15
17.0,435.0,0.645922987195819,1856.3823587199668,-302.3623587199668,2026-07-15
17.25,450.0,0.645922987195819,1453.7473557389785,-328.9973557389785,2026-07-15
17.5,465.0,0.645922987195819,1070.1719767217562,31.988023278243872,2026-07-15
17.75,480.0,0.645922987195819,717.1347373795539,264.89526262044603,2026-07-15
18.0,495.0,0.645922987195819,412.7535152615069,288.91648473849307,2026-07-15
18.25,510.0,0.645922987195819,177.90344650575923,312.6365534942408,2026-07-15
18.5,525.0,0.645922987195819,38.69082667194023,218.9091733280598,2026-07-15
18.75,540.0,0.645922987195819,0.3811675535309049,84.6288324464691,2026-07-15
19.0,555.0,0.645922987195819,0.0,2.6,2026-07-15
11.5,15.0,0.6462440139633129,6142.866727430736,-1879.7367274307362,2026-07-15
11.75,30.0,0.6462440139633129,6228.311661902192,857.8383380978075,2026-07-15
12.0,45.0,0.6462440139633129,6283.5988687475465,1088.131131252453,2026-07-15
12.25,60.0,0.6462440139633129,6314.102910640788,1258.5270893592124,2026-07-15
12.5,75.0,0.6462440139633129,6328.578036049537,237.65196395046223,2026-07-15
12.75,90.0,0.6462440139633129,6301.496537560549,-1844.0265375605486,2026-07-15
13.0,105.0,0.6462440139633129,6248.534979112377,-1114.4249791123775,2026-07-15
13.25,120.0,0.6462440139633129,6169.775888537423,301.61411146257706,2026-07-15
13.5,135.0,0.6462440139633129,6062.098761055503,915.5512389444966,2026-07-15
13.75,150.0,0.6462440139633129,5895.966634465169,-1851.9366344651685,2026-07-15
14.0,165.0,0.6462440139633129,5702.699530923072,-2162.7895309230726,2026-07-15
14.25,180.0,0.6462440139633129,5499.514627357762,-1754.764627357762,2026-07-15
14.5,195.0,0.6462440139633129,5285.098142848115,95.66185715188567,2026-07-15
14.75,210.0,0.6462440139633129,5032.524302681681,-1263.4343026816805,2026-07-15
15.0,225.0,0.6462440139633129,4758.334011722633,-1765.6740117226327,2026-07-15
15.25,240.0,0.6462440139633129,4472.7352592538045,-291.5752592538047,2026-07-15
15.5,255.0,0.6462440139633129,4165.696815420776,1285.0331845792234,2026-07-15
15.75,270.0,0.6462440139633129,3813.7571180030127,1073.982881996987,2026-07-15
16.0,285.0,0.6462440139633129,3449.9037252774056,991.2262747225946,2026-07-15
16.25,300.0,0.6462440139633129,3082.0036017450584,2097.0663982549413,2026-07-15
16.5,315.0,0.6462440139633129,2685.765221457991,2357.374778542009,2026-07-15
16.75,330.0,0.6462440139633129,2266.4640090823423,782.0959909176577,2026-07-15
17.0,345.0,0.6462440139633129,1855.2672700697024,-301.2472700697024,2026-07-15
17.25,360.0,0.6462440139633129,1454.4603725894433,-329.7103725894433,2026-07-15
17.5,375.0,0.6462440139633129,1071.1142694278296,31.04573057217044,2026-07-15
17.75,390.0,0.6462440139633129,718.4812180310964,263.54878196890354,2026-07-15
18.0,405.0,0.6462440139633129,412.5857830646475,289.08421693535246,2026-07-15
18.25,420.0,0.6462440139633129,177.43347784063863,313.10652215936136,2026-07-15
18.5,435.0,0.6462440139633129,38.54591303290162,219.05408696709839,2026-07-15
18.75,450.0,0.6462440139633129,0.3804552576206328,84.62954474237937,2026-07-15
19.0,465.0,0.6462440139633129,0.0,2.6,2026-07-15
13.0,15.0,0.9046146044623699,7324.672226387697,-2190.5622263876976,2026-07-15
13.25,30.0,0.9046146044623699,7260.624539445533,-789.2345394455324,2026-07-15
13.5,45.0,0.9046146044623699,7133.54349183487,-155.89349183487047,2026-07-15
13.75,60.0,0.9046146044623699,6933.83376669445,-2889.8037666944497,2026-07-15
14.0,75.0,0.9046146044623699,6698.72695660145,-3158.8169566014503,2026-07-15
14.25,90.0,0.9046146044623699,6452.488687710372,-2707.738687710372,2026-07-15
14.5,105.0,0.9046146044623699,6186.719228581867,-805.9592285818671,2026-07-15
14.75,120.0,0.9046146044623699,5885.056428954702,-2115.9664289547018,2026-07-15
15.0,135.0,0.9046146044623699,5549.819337806589,-2557.159337806589,2026-07-15
15.25,150.0,0.9046146044623699,5188.8007178413645,-1007.6407178413647,2026-07-15
15.5,165.0,0.9046146044623699,4810.963557330072,639.7664426699275,2026-07-15
15.75,180.0,0.9046146044623699,4403.285902684719,484.4540973152807,2026-07-15
16.0,195.0,0.9046146044623699,3974.4198772911714,466.71012270882875,2026-07-15
16.25,210.0,0.9046146044623699,3540.112915338008,1638.9570846619918,2026-07-15
16.5,225.0,0.9046146044623699,3099.256400629632,1943.8835993703683,2026-07-15
16.75,240.0,0.9046146044623699,2655.0399198301634,393.52008016983655,2026-07-15
17.0,255.0,0.9046146044623699,2213.178554232879,-659.1585542328789,2026-07-15
17.25,270.0,0.9046146044623699,1743.199998213711,-618.4499982137111,2026-07-15
17.5,285.0,0.9046146044623699,1283.7627767828676,-181.60277678286752,2026-07-15
17.75,300.0,0.9046146044623699,862.8679311359308,119.16206886406917,2026-07-15
18.0,315.0,0.9046146044623699,496.5024152975072,205.16758470249277,2026-07-15
18.25,330.0,0.9046146044623699,213.72606043209385,276.8139395679062,2026-07-15
18.5,345.0,0.9046146044623699,46.91116388455017,210.68883611544985,2026-07-15
18.75,360.0,0.9046146044623699,0.4620106609992101,84.5479893390008,2026-07-15
19.0,375.0,0.9046146044623699,0.0,2.6,2026-07-15
14.5,15.0,0.6916312988592911,5061.179113552437,319.580886447563,2026-07-15
14.75,30.0,0.6916312988592911,4868.611338802863,-1099.5213388028633,2026-07-15
15.0,45.0,0.6916312988592911,4629.870626250247,-1637.2106262502475,2026-07-15
15.25,60.0,0.6916312988592911,4357.099089347788,-175.93908934778847,2026-07-15
15.5,75.0,0.6916312988592911,4057.562848103089,1393.1671518969106,2026-07-15
15.75,90.0,0.6916312988592911,3722.2141937289657,1165.525806271034,2026-07-15
16.0,105.0,0.6916312988592911,3363.6661502959573,1077.4638497040428,2026-07-15
16.25,120.0,0.6916312988592911,2994.6242409006622,2184.4457590993375,2026-07-15
16.5,135.0,0.6916312988592911,2624.856193084523,2418.2838069154773,2026-07-15
16.75,150.0,0.6916312988592911,2247.0400521610104,801.5199478389895,2026-07-15
17.0,165.0,0.6916312988592911,1878.5541115541969,-324.5341115541969,2026-07-15
17.25,180.0,0.6916312988592911,1480.6198034021145,-355.8698034021145,2026-07-15
17.5,195.0,0.6916312988592911,1088.1295025255015,14.030497474498588,2026-07-15
17.75,210.0,0.6916312988592911,731.141507500962,250.88849249903797,2026-07-15
18.0,225.0,0.6916312988592911,420.7456157002442,280.9243842997558,2026-07-15
18.25,240.0,0.6916312988592911,181.24434337048103,309.295656629519,2026-07-15
18.5,255.0,0.6916312988592911,39.37092330412273,218.2290766958773,2026-07-15
18.75,270.0,0.6916312988592911,0.3883702816101741,84.62162971838983,2026-07-15
19.0,285.0,0.6916312988592911,0.0,2.6,2026-07-15
16.0,15.0,0.7828476156945925,3731.74330891962,709.3866910803799,2026-07-15
16.25,30.0,0.7828476156945925,3274.64879933826,1904.42120066174,2026-07-15
16.5,45.0,0.7828476156945925,2847.738677215951,2195.401322784049,2026-07-15
16.75,60.0,0.7828476156945925,2435.141637303797,613.4183626962031,2026-07-15
17.0,75.0,0.7828476156945925,2031.067013924295,-477.047013924295,2026-07-15
17.25,90.0,0.7828476156945925,1600.8972968561106,-476.14729685611064,2026-07-15
17.5,105.0,0.7828476156945925,1178.6116358923996,-76.45163589239951,2026-07-15
17.75,120.0,0.7828476156945925,791.1700989042939,190.85990109570605,2026-07-15
18.0,135.0,0.7828476156945925,455.05655045912897,246.613449540871,2026-07-15
18.25,150.0,0.7828476156945925,196.24707924056585,294.2929207594342,2026-07-15
18.5,165.0,0.7828476156945925,42.94560608828306,214.65439391171697,2026-07-15
18.75,180.0,0.7828476156945925,0.4236670278153802,84.58633297218462,2026-07-15
19.0,195.0,0.7828476156945925,0.0,2.6,2026-07-15
17.5,15.0,0.918738785696441,1273.2956987599446,-171.1356987599445,2026-07-15
17.75,30.0,0.918738785696441,858.7466351853412,123.28336481465874,2026-07-15
18.0,45.0,0.918738785696441,493.3053618765784,208.36463812342157,2026-07-15
18.25,60.0,0.918738785696441,212.03750092922743,278.5024990707726,2026-07-15
18.5,75.0,0.918738785696441,46.55206321622519,211.04793678377484,2026-07-15
18.75,90.0,0.918738785696441,0.459411111801751,84.55058888819825,2026-07-15
19.0,105.0,0.918738785696441,0.0,2.6,2026-07-15
7.0,15.0,0.059223980414154685,177.9948366883352,-93.4148366883352,2026-07-16
7.25,30.0,0.059223980414154685,268.649252840277,-54.08925284027697,2026-07-16
7.5,45.0,0.059223980414154685,366.58457877795496,-161.69457877795497,2026-07-16
7.75,60.0,0.059223980414154685,471.1541714525591,-246.66417145255912,2026-07-16
8.0,75.0,0.059223980414154685,574.3762511261441,-102.16625112614412,2026-07-16
8.25,90.0,0.059223980414154685,675.047810148499,379.22218985150096,2026-07-16
8.5,105.0,0.059223980414154685,781.8551522117929,1050.7248477882072,2026-07-16
8.75,120.0,0.059223980414154685,892.7354988505654,1540.4045011494345,2026-07-16
9.0,135.0,0.059223980414154685,1010.1353650120392,1473.1046349879607,2026-07-16
9.25,150.0,0.059223980414154685,1117.6239033826448,1358.6460966173552,2026-07-16
9.5,165.0,0.059223980414154685,1223.7292535592262,1053.2607464407736,2026-07-16
9.75,180.0,0.059223980414154685,1333.7038716727525,859.1061283272475,2026-07-16
10.0,195.0,0.059223980414154685,1462.1885249052757,601.9414750947244,2026-07-16
10.25,210.0,0.059223980414154685,1589.169832088916,576.8201679110837,2026-07-16
10.5,225.0,0.059223980414154685,1701.8633189698976,594.1866810301026,2026-07-16
10.75,240.0,0.059223980414154685,1804.4219337568516,814.8680662431484,2026-07-16
11.0,255.0,0.059223980414154685,1900.5293730244885,1176.8006269755115,2026-07-16
11.25,270.0,0.059223980414154685,1980.5718103271645,2113.6881896728355,2026-07-16
11.5,285.0,0.059223980414154685,2075.4518864372585,3272.478113562742,2026-07-16
11.75,300.0,0.059223980414154685,2139.6822170240475,2430.797782975952,2026-07-16
12.0,315.0,0.059223980414154685,2161.4996322188904,2803.0903677811098,2026-07-16
12.25,330.0,0.059223980414154685,2149.1694886597406,2750.860511340259,2026-07-16
12.5,345.0,0.059223980414154685,2160.104902256598,2629.015097743402,2026-07-16
12.75,360.0,0.059223980414154685,2154.2484536482543,1541.2115463517457,2026-07-16
13.0,375.0,0.059223980414154685,2152.6513224560526,576.1286775439476,2026-07-16
13.25,390.0,0.059223980414154685,2118.661614740341,440.26838525965877,2026-07-16
13.5,405.0,0.059223980414154685,2050.161653818144,581.1583461818564,2026-07-16
13.75,420.0,0.059223980414154685,1940.3099773495,1168.3400226505,2026-07-16
14.0,435.0,0.059223980414154685,1859.957262187216,1815.522737812784,2026-07-16
14.25,450.0,0.059223980414154685,1777.4353551293254,1893.2246448706744,2026-07-16
14.5,465.0,0.059223980414154685,1696.8291941297969,1712.370805870203,2026-07-16
14.75,480.0,0.059223980414154685,1583.727823883673,1660.6921761163271,2026-07-16
15.0,495.0,0.059223980414154685,1478.9585969314214,1584.8914030685785,2026-07-16
15.25,510.0,0.059223980414154685,1367.795016117541,1458.9849838824591,2026-07-16
15.5,525.0,0.059223980414154685,1242.169208893945,1277.9507911060548,2026-07-16
15.75,540.0,0.059223980414154685,1117.8748091263417,1329.2351908736584,2026-07-16
16.0,555.0,0.059223980414154685,995.4828602789772,506.8471397210227,2026-07-16
16.25,570.0,0.059223980414154685,867.3339972161735,361.33600278382653,2026-07-16
16.5,585.0,0.059223980414154685,733.155698299399,343.5143017006011,2026-07-16
16.75,600.0,0.059223980414154685,612.7379239236825,675.6320760763174,2026-07-16
17.0,615.0,0.059223980414154685,497.9543899206646,820.8156100793353,2026-07-16
17.25,630.0,0.059223980414154685,396.8770862600515,736.9929137399483,2026-07-16
17.5,645.0,0.059223980414154685,306.71843952563233,338.2115604743676,2026-07-16
17.75,660.0,0.059223980414154685,221.7474247385608,128.96257526143918,2026-07-16
18.0,675.0,0.059223980414154685,141.94661897518444,40.043381024815574,2026-07-16
18.25,690.0,0.059223980414154685,82.30636106394064,37.993638936059355,2026-07-16
18.5,705.0,0.059223980414154685,18.146767677164554,45.33323232283544,2026-07-16
18.75,720.0,0.059223980414154685,0.1662496880048683,14.353750311995132,2026-07-16
19.0,735.0,0.059223980414154685,0.0,0.0,2026-07-16
8.5,15.0,0.1298526888888598,789.5529221775856,1043.0270778224144,2026-07-16
8.75,30.0,0.1298526888888598,908.3195624638024,1524.8204375361975,2026-07-16
9.0,45.0,0.1298526888888598,1029.1927361917574,1454.0472638082424,2026-07-16
9.25,60.0,0.1298526888888598,1145.2006082135092,1331.0693917864908,2026-07-16
9.5,75.0,0.1298526888888598,1265.3382684777102,1011.6517315222895,2026-07-16
9.75,90.0,0.1298526888888598,1385.4075731446417,807.4024268553583,2026-07-16
10.0,105.0,0.1298526888888598,1511.6719614412516,552.4580385587485,2026-07-16
10.25,120.0,0.1298526888888598,1625.601129222659,540.3888707773408,2026-07-16
10.5,135.0,0.1298526888888598,1739.752228629959,556.2977713700411,2026-07-16
10.75,150.0,0.1298526888888598,1848.0370418714103,771.2529581285896,2026-07-16
11.0,165.0,0.1298526888888598,1943.0733196569824,1134.2566803430175,2026-07-16
11.25,180.0,0.1298526888888598,2029.035439612967,2065.2245603870333,2026-07-16
11.5,195.0,0.1298526888888598,2140.9034344632514,3207.026565536749,2026-07-16
11.75,210.0,0.1298526888888598,2214.520488044613,2355.9595119553865,2026-07-16
12.0,225.0,0.1298526888888598,2212.047577559182,2752.542422440818,2026-07-16
12.25,240.0,0.1298526888888598,2181.8307608147943,2718.1992391852054,2026-07-16
12.5,255.0,0.1298526888888598,2192.408774425416,2596.7112255745838,2026-07-16
12.75,270.0,0.1298526888888598,2204.5365088630983,1490.9234911369017,2026-07-16
13.0,285.0,0.1298526888888598,2210.2607057283176,518.5192942716826,2026-07-16
13.25,300.0,0.1298526888888598,2162.299676095445,396.63032390455464,2026-07-16
13.5,315.0,0.1298526888888598,2080.3816304946063,550.9383695053939,2026-07-16
13.75,330.0,0.1298526888888598,1959.5200260508864,1149.1299739491137,2026-07-16
14.0,345.0,0.1298526888888598,1883.3148201012957,1792.1651798987043,2026-07-16
14.25,360.0,0.1298526888888598,1819.2792825494269,1851.380717450573,2026-07-16
14.5,375.0,0.1298526888888598,1754.104603786676,1655.0953962133237,2026-07-16
14.75,390.0,0.1298526888888598,1646.880388925902,1597.539611074098,2026-07-16
15.0,405.0,0.1298526888888598,1541.3234503029732,1522.5265496970267,2026-07-16
15.25,420.0,0.1298526888888598,1437.2828782103672,1389.497121789633,2026-07-16
15.5,435.0,0.1298526888888598,1316.4210114320551,1203.6989885679448,2026-07-16
15.75,450.0,0.1298526888888598,1188.8061395192726,1258.3038604807275,2026-07-16
16.0,465.0,0.1298526888888598,1059.9912118966856,442.3387881033143,2026-07-16
16.25,480.0,0.1298526888888598,925.1730943075324,303.49690569246764,2026-07-16
16.5,495.0,0.1298526888888598,789.0701005106675,287.59989948933253,2026-07-16
16.75,510.0,0.1298526888888598,668.4007756841133,619.9692243158865,2026-07-16
17.0,525.0,0.1298526888888598,550.0810984281482,768.6889015718518,2026-07-16
17.25,540.0,0.1298526888888598,439.1234187389367,694.7465812610632,2026-07-16
17.5,555.0,0.1298526888888598,336.67791410834974,308.2520858916502,2026-07-16
17.75,570.0,0.1298526888888598,239.7337588320952,110.97624116790479,2026-07-16
18.0,585.0,0.1298526888888598,152.57727281422692,29.412727185773093,2026-07-16
18.25,600.0,0.1298526888888598,87.27992582373332,33.020074176266675,2026-07-16
18.5,615.0,0.1298526888888598,19.23352050390018,44.246479496099816,2026-07-16
18.75,630.0,0.1298526888888598,0.1750894975815324,14.344910502418466,2026-07-16
19.0,645.0,0.1298526888888598,0.0,0.0,2026-07-16
10.0,15.0,0.37730167795200514,2594.149488448453,-530.0194884484531,2026-07-16
10.25,30.0,0.37730167795200514,2794.4148038182693,-628.4248038182695,2026-07-16
10.5,45.0,0.37730167795200514,2972.9136248268483,-676.8636248268481,2026-07-16
10.75,60.0,0.37730167795200514,3119.152978772971,-499.862978772971,2026-07-16
11.0,75.0,0.37730167795200514,3263.236590344295,-185.90659034429518,2026-07-16
11.25,90.0,0.37730167795200514,3399.391764129292,694.8682358707083,2026-07-16
11.5,105.0,0.37730167795200514,3526.7187463659843,1821.211253634016,2026-07-16
11.75,120.0,0.37730167795200514,3602.8905478340985,967.5894521659011,2026-07-16
12.0,135.0,0.37730167795200514,3637.8440323118975,1326.7459676881026,2026-07-16
12.25,150.0,0.37730167795200514,3639.813395524841,1260.2166044751589,2026-07-16
12.5,165.0,0.37730167795200514,3636.23298486505,1152.8870151349497,2026-07-16
12.75,180.0,0.37730167795200514,3629.609795115353,65.85020488464716,2026-07-16
13.0,195.0,0.37730167795200514,3627.821169150406,-899.041169150406,2026-07-16
13.25,210.0,0.37730167795200514,3574.5900077922447,-1015.6600077922449,2026-07-16
13.5,225.0,0.37730167795200514,3446.2889565840046,-814.9689565840044,2026-07-16
13.75,240.0,0.37730167795200514,3273.8820693782127,-165.2320693782126,2026-07-16
14.0,255.0,0.37730167795200514,3151.4680493270994,524.0119506729006,2026-07-16
14.25,270.0,0.37730167795200514,3046.9267182469744,623.7332817530255,2026-07-16
14.5,285.0,0.37730167795200514,2933.9622866054983,475.2377133945015,2026-07-16
14.75,300.0,0.37730167795200514,2766.8277169638927,477.59228303610735,2026-07-16
15.0,315.0,0.37730167795200514,2578.038348259616,485.8116517403837,2026-07-16
15.25,330.0,0.37730167795200514,2392.7222737767406,434.0577262232596,2026-07-16
15.5,345.0,0.37730167795200514,2190.7045893269405,329.41541067305934,2026-07-16
15.75,360.0,0.37730167795200514,1971.1568993181663,475.9531006818338,2026-07-16
16.0,375.0,0.37730167795200514,1751.137285308209,-248.80728530820898,2026-07-16
16.25,390.0,0.37730167795200514,1540.9795979026726,-312.3095979026725,2026-07-16
16.5,405.0,0.37730167795200514,1323.1576241870664,-246.48762418706633,2026-07-16
16.75,420.0,0.37730167795200514,1116.927453413564,171.4425465864358,2026-07-16
17.0,435.0,0.37730167795200514,916.7737870822846,401.9962129177154,2026-07-16
17.25,450.0,0.37730167795200514,728.6296319893652,405.2403680106347,2026-07-16
17.5,465.0,0.37730167795200514,550.7573874546204,94.1726125453796,2026-07-16
17.75,480.0,0.37730167795200514,383.3082393539115,-32.59823935391154,2026-07-16
18.0,495.0,0.37730167795200514,236.4348016000969,-54.444801600096895,2026-07-16
18.25,510.0,0.37730167795200514,124.24781657255686,-3.94781657255686,2026-07-16
18.5,525.0,0.37730167795200514,27.724599425424536,35.75540057457546,2026-07-16
18.75,540.0,0.37730167795200514,0.252745128458011,14.267254871541988,2026-07-16
19.0,555.0,0.37730167795200514,0.0,0.0,2026-07-16
11.5,15.0,0.3499607112550598,3306.294669972256,2041.6353300277442,2026-07-16
11.75,30.0,0.3499607112550598,3401.614599380749,1168.8654006192505,2026-07-16
12.0,45.0,0.3499607112550598,3429.451954375646,1535.1380456243542,2026-07-16
12.25,60.0,0.3499607112550598,3411.956609184844,1488.0733908151556,2026-07-16
12.5,75.0,0.3499607112550598,3403.4586876777885,1385.6613123222114,2026-07-16
12.75,90.0,0.3499607112550598,3390.2746089915227,305.1853910084774,2026-07-16
13.0,105.0,0.3499607112550598,3381.4426606585,-652.6626606584996,2026-07-16
13.25,120.0,0.3499607112550598,3330.3833489644603,-771.4533489644605,2026-07-16
13.5,135.0,0.3499607112550598,3226.708790294034,-595.3887902940337,2026-07-16
13.75,150.0,0.3499607112550598,3076.539117632339,32.110882367660906,2026-07-16
14.0,165.0,0.3499607112550598,2962.1522036805422,713.3277963194578,2026-07-16
14.25,180.0,0.3499607112550598,2865.6436687365244,805.0163312634754,2026-07-16
14.5,195.0,0.3499607112550598,2747.727676513105,661.4723234868948,2026-07-16
14.75,210.0,0.3499607112550598,2585.347875035615,659.0721249643852,2026-07-16
15.0,225.0,0.3499607112550598,2408.6512156393323,655.1987843606676,2026-07-16
15.25,240.0,0.3499607112550598,2239.96981383354,586.8101861664604,2026-07-16
15.5,255.0,0.3499607112550598,2052.7507311097597,467.36926889024016,2026-07-16
15.75,270.0,0.3499607112550598,1858.5460278962044,588.5639721037958,2026-07-16
16.0,285.0,0.3499607112550598,1655.3161300491608,-152.98613004916092,2026-07-16
16.25,300.0,0.3499607112550598,1446.151014698467,-217.48101469846688,2026-07-16
16.5,315.0,0.3499607112550598,1234.6447483487275,-157.97474834872742,2026-07-16
16.75,330.0,0.3499607112550598,1039.4451147183634,248.92488528163653,2026-07-16
17.0,345.0,0.3499607112550598,852.2027175560135,466.5672824439865,2026-07-16
17.25,360.0,0.3499607112550598,678.5581143519736,455.3118856480263,2026-07-16
17.5,375.0,0.3499607112550598,521.8718730627936,123.05812693720634,2026-07-16
17.75,390.0,0.3499607112550598,360.30504794394585,-9.595047943945872,2026-07-16
18.0,405.0,0.3499607112550598,220.5483001929908,-38.5583001929908,2026-07-16
18.25,420.0,0.3499607112550598,117.03874338086942,3.2612566191305774,2026-07-16
18.5,435.0,0.3499607112550598,26.16199146201813,37.31800853798187,2026-07-16
18.75,450.0,0.3499607112550598,0.2387352533745403,14.281264746625459,2026-07-16
19.0,465.0,0.3499607112550598,0.0,0.0,2026-07-16
13.0,15.0,0.5291488272144388,4665.9924558141765,-1937.2124558141763,2026-07-16
13.25,30.0,0.5291488272144388,4611.032376406225,-2052.102376406225,2026-07-16
13.5,45.0,0.5291488272144388,4471.421498152656,-1840.1014981526555,2026-07-16
13.75,60.0,0.5291488272144388,4291.3284338390495,-1182.6784338390494,2026-07-16
14.0,75.0,0.5291488272144388,4155.756606114409,-480.2766061144089,2026-07-16
14.25,90.0,0.5291488272144388,4014.828619022527,-344.1686190225273,2026-07-16
14.5,105.0,0.5291488272144388,3860.550240533123,-451.35024053312327,2026-07-16
14.75,120.0,0.5291488272144388,3651.4909737398903,-407.0709737398902,2026-07-16
15.0,135.0,0.5291488272144388,3433.7719617099483,-369.9219617099484,2026-07-16
15.25,150.0,0.5291488272144388,3198.3400903844586,-371.56009038445836,2026-07-16
15.5,165.0,0.5291488272144388,2927.7008879196337,-407.5808879196338,2026-07-16
15.75,180.0,0.5291488272144388,2631.7802097223707,-184.6702097223706,2026-07-16
16.0,195.0,0.5291488272144388,2347.7153745139826,-845.3853745139827,2026-07-16
16.25,210.0,0.5291488272144388,2084.2615723219137,-855.5915723219136,2026-07-16
16.5,225.0,0.5291488272144388,1811.9695893159412,-735.2995893159411,2026-07-16
16.75,240.0,0.5291488272144388,1536.2342115506651,-247.86421155066523,2026-07-16
17.0,255.0,0.5291488272144388,1265.856878780083,52.913121219917,2026-07-16
17.25,270.0,0.5291488272144388,1017.2603137509076,116.6096862490923,2026-07-16
17.5,285.0,0.5291488272144388,773.9004631226658,-128.97046312266582,2026-07-16
17.75,300.0,0.5291488272144388,544.7368341793133,-194.0268341793133,2026-07-16
18.0,315.0,0.5291488272144388,345.3419407286723,-163.35194072867228,2026-07-16
18.25,330.0,0.5291488272144388,153.2962263906832,-32.99622639068319,2026-07-16
18.5,345.0,0.5291488272144388,32.64262825185208,30.837371748147916,2026-07-16
18.75,360.0,0.5291488272144388,0.2963913309018366,14.223608669098162,2026-07-16
19.0,375.0,0.5291488272144388,0.0,0.0,2026-07-16
14.5,15.0,0.3963204999443431,3192.835086763862,216.3649132361379,2026-07-16
14.75,30.0,0.3963204999443431,3020.8541670286386,223.5658329713615,2026-07-16
15.0,45.0,0.3963204999443431,2822.1005350663686,241.74946493363132,2026-07-16
15.25,60.0,0.3963204999443431,2611.4551533700533,215.32484662994693,2026-07-16
15.5,75.0,0.3963204999443431,2389.244801127587,130.87519887241297,2026-07-16
15.75,90.0,0.3963204999443431,2165.6585394902977,281.45146050970243,2026-07-16
16.0,105.0,0.3963204999443431,1936.000228010057,-433.67022801005714,2026-07-16
16.25,120.0,0.3963204999443431,1703.0903045776406,-474.42030457764054,2026-07-16
16.5,135.0,0.3963204999443431,1469.9783068954594,-393.3083068954593,2026-07-16
16.75,150.0,0.3963204999443431,1256.0336915149765,32.33630848502344,2026-07-16
17.0,165.0,0.3963204999443431,1042.9626304418707,275.80736955812927,2026-07-16
17.25,180.0,0.3963204999443431,836.3603456509642,297.5096543490357,2026-07-16
17.5,195.0,0.3963204999443431,639.0172224756064,5.912777524393505,2026-07-16
17.75,210.0,0.3963204999443431,458.427904702383,-107.71790470238301,2026-07-16
18.0,225.0,0.3963204999443431,297.60861710563995,-115.61861710563994,2026-07-16
18.25,240.0,0.3963204999443431,133.1620896851874,-12.8620896851874,2026-07-16
18.5,255.0,0.3963204999443431,27.967750745558764,35.51224925444123,2026-07-16
18.75,270.0,0.3963204999443431,0.2556516266967522,14.264348373303248,2026-07-16
19.0,285.0,0.3963204999443431,0.0,0.0,2026-07-16
16.0,15.0,0.4470558234178626,2010.27774863163,-507.94774863163,2026-07-16
16.25,30.0,0.4470558234178626,1778.9732146691265,-550.3032146691264,2026-07-16
16.5,45.0,0.4470558234178626,1540.7104102433077,-464.04041024330763,2026-07-16
16.75,60.0,0.4470558234178626,1319.986633785997,-31.61663378599701,2026-07-16
17.0,75.0,0.4470558234178626,1099.6012528484518,219.16874715154813,2026-07-16
17.25,90.0,0.4470558234178626,883.283212397038,250.58678760296186,2026-07-16
17.5,105.0,0.4470558234178626,677.1158473492171,-32.18584734921717,2026-07-16
17.75,120.0,0.4470558234178626,485.150365798108,-134.44036579810802,2026-07-16
18.0,135.0,0.4470558234178626,313.75035151216605,-131.76035151216604,2026-07-16
18.25,150.0,0.4470558234178626,140.2390741235848,-19.939074123584803,2026-07-16
18.5,165.0,0.4470558234178626,29.58560182322122,33.89439817677878,2026-07-16
18.75,180.0,0.4470558234178626,0.26955204202119,14.25044795797881,2026-07-16
19.0,195.0,0.4470558234178626,0.0,0.0,2026-07-16
17.5,15.0,0.4317492234910072,669.6646712182974,-24.73467121829742,2026-07-16
17.75,30.0,0.4317492234910072,477.9171295672539,-127.2071295672539,2026-07-16
18.0,45.0,0.4317492234910072,309.17864196405446,-127.18864196405445,2026-07-16
18.25,60.0,0.4317492234910072,138.1475780669608,-17.847578066960793,2026-07-16
18.5,75.0,0.4317492234910072,29.07668731053923,34.40331268946076,2026-07-16
18.75,90.0,0.4317492234910072,0.2652542980100105,14.25474570198999,2026-07-16
19.0,105.0,0.4317492234910072,0.0,0.0,2026-07-16
7.0,15.0,0.4245373597236594,454.2526957673216,-205.3626957673216,2026-07-17
7.25,30.0,0.4245373597236594,629.5203017925672,-342.3003017925672,2026-07-17
7.5,45.0,0.4245373597236594,817.9463372320546,-577.2563372320546,2026-07-17
7.75,60.0,0.4245373597236594,1022.669737960745,-632.8697379607449,2026-07-17
8.0,75.0,0.4245373597236594,1235.1218215120452,-513.7918215120452,2026-07-17
8.25,90.0,0.4245373597236594,1447.344897208127,-686.0548972081269,2026-07-17
8.5,105.0,0.4245373597236594,1652.8438743937747,-826.6338743937747,2026-07-17
8.75,120.0,0.4245373597236594,1856.986650240519,-817.836650240519,2026-07-17
9.0,135.0,0.4245373597236594,2053.1133437870067,-1038.2533437870065,2026-07-17
9.25,150.0,0.4245373597236594,2236.833749780741,-732.663749780741,2026-07-17
9.5,165.0,0.4245373597236594,2415.8341011646908,-716.0541011646908,2026-07-17
9.75,180.0,0.4245373597236594,2599.2296864814666,83.59031351853355,2026-07-17
10.0,195.0,0.4245373597236594,2770.650892106622,738.409107893378,2026-07-17
10.25,210.0,0.4245373597236594,2939.171999711813,-199.5219997118129,2026-07-17
10.5,225.0,0.4245373597236594,3113.935205923191,110.0947940768092,2026-07-17
10.75,240.0,0.4245373597236594,3312.178849477842,-705.9588494778423,2026-07-17
11.0,255.0,0.4245373597236594,3495.339993928249,-1149.3499939282492,2026-07-17
11.25,270.0,0.4245373597236594,3658.7165814697128,98.43341853028733,2026-07-17
11.5,285.0,0.4245373597236594,3784.09939723669,706.2706027633099,2026-07-17
11.75,300.0,0.4245373597236594,3879.867797041689,1471.3822029583112,2026-07-17
12.0,315.0,0.4245373597236594,3961.999158138349,1633.7708418616517,2026-07-17
12.25,330.0,0.4245373597236594,4028.830554445311,283.44944555468874,2026-07-17
12.5,345.0,0.4245373597236594,4084.727937681812,-142.39793768181198,2026-07-17
12.75,360.0,0.4245373597236594,4074.6740362772753,392.0959637227252,2026-07-17
13.0,375.0,0.4245373597236594,4054.376368439044,647.3736315609558,2026-07-17
13.25,390.0,0.4245373597236594,4017.6041027566016,-653.8441027566014,2026-07-17
13.5,405.0,0.4245373597236594,3982.16685745304,-1108.4268574530402,2026-07-17
13.75,420.0,0.4245373597236594,3885.639008649832,-588.3890086498318,2026-07-17
14.0,435.0,0.4245373597236594,3787.873000250428,71.066999749572,2026-07-17
14.25,450.0,0.4245373597236594,3660.086045649169,853.753954350831,2026-07-17
14.5,465.0,0.4245373597236594,3502.8649184010515,1698.2550815989484,2026-07-17
14.75,480.0,0.4245373597236594,3292.753623468024,1058.4763765319753,2026-07-17
15.0,495.0,0.4245373597236594,3075.749421485285,1463.0905785147152,2026-07-17
15.25,510.0,0.4245373597236594,2841.2661021107474,180.55389788925277,2026-07-17
15.5,525.0,0.4245373597236594,2600.4813799153203,-23.471379915320085,2026-07-17
15.75,540.0,0.4245373597236594,2361.0067898111924,159.22321018880757,2026-07-17
16.0,555.0,0.4245373597236594,2115.629980725833,-565.8199807258329,2026-07-17
16.25,570.0,0.4245373597236594,1871.332395068891,-879.1423950688909,2026-07-17
16.5,585.0,0.4245373597236594,1633.102833740003,-928.132833740003,2026-07-17
16.75,600.0,0.4245373597236594,1413.510871836196,-751.720871836196,2026-07-17
17.0,615.0,0.4245373597236594,1191.049094257556,-491.73909425755596,2026-07-17
17.25,630.0,0.4245373597236594,968.6590153680784,-258.30901536807835,2026-07-17
17.5,645.0,0.4245373597236594,747.3861196000304,-58.156119600030365,2026-07-17
17.75,660.0,0.4245373597236594,543.3369616670021,-30.476961667002115,2026-07-17
18.0,675.0,0.4245373597236594,331.9217555627194,79.92824443728063,2026-07-17
18.25,690.0,0.4245373597236594,141.45560886062418,127.39439113937584,2026-07-17
18.5,705.0,0.4245373597236594,29.57390587736993,99.30609412263007,2026-07-17
18.75,720.0,0.4245373597236594,0.2466380959380869,26.233361904061912,2026-07-17
19.0,735.0,0.4245373597236594,0.0,0.0,2026-07-17
8.5,15.0,0.13709060392126754,765.8748553422288,60.33514465777125,2026-07-17
8.75,30.0,0.13709060392126754,878.0465377215986,161.10346227840148,2026-07-17
9.0,45.0,0.13709060392126754,982.1356085079434,32.72439149205661,2026-07-17
9.25,60.0,0.13709060392126754,1081.7136816846855,422.45631831531455,2026-07-17
9.5,75.0,0.13709060392126754,1182.6127927560317,517.1672072439683,2026-07-17
9.75,90.0,0.13709060392126754,1285.5214943912258,1397.2985056087743,2026-07-17
10.0,105.0,0.13709060392126754,1377.10906558062,2131.9509344193802,2026-07-17
10.25,120.0,0.13709060392126754,1480.3502011511423,1259.2997988488578,2026-07-17
10.5,135.0,0.13709060392126754,1598.6880996646462,1625.341900335354,2026-07-17
10.75,150.0,0.13709060392126754,1736.0274557336732,870.1925442663266,2026-07-17
11.0,165.0,0.13709060392126754,1872.1180064830123,473.87199351698746,2026-07-17
11.25,180.0,0.13709060392126754,1999.6507364972613,1757.4992635027388,2026-07-17
11.5,195.0,0.13709060392126754,2100.491255218596,2389.878744781404,2026-07-17
11.75,210.0,0.13709060392126754,2177.7341339592986,3173.5158660407014,2026-07-17
12.0,225.0,0.13709060392126754,2244.893680354121,3350.8763196458794,2026-07-17
12.25,240.0,0.13709060392126754,2321.88412623676,1990.3958737632397,2026-07-17
12.5,255.0,0.13709060392126754,2388.006648275807,1554.323351724193,2026-07-17
12.75,270.0,0.13709060392126754,2392.727088421817,2074.0429115781835,2026-07-17
13.0,285.0,0.13709060392126754,2374.839228298496,2326.910771701504,2026-07-17
13.25,300.0,0.13709060392126754,2354.638549089734,1009.121450910266,2026-07-17
13.5,315.0,0.13709060392126754,2354.7625544697207,518.977445530279,2026-07-17
13.75,330.0,0.13709060392126754,2297.523619335927,999.7263806640731,2026-07-17
14.0,345.0,0.13709060392126754,2246.3441600952883,1612.5958399047117,2026-07-17
14.25,360.0,0.13709060392126754,2175.7934155117905,2338.0465844882096,2026-07-17
14.5,375.0,0.13709060392126754,2095.5509185409664,3105.5690814590334,2026-07-17
14.75,390.0,0.13709060392126754,1972.4254119732652,2378.8045880267346,2026-07-17
15.0,405.0,0.13709060392126754,1837.7733827312832,2701.066617268717,2026-07-17
15.25,420.0,0.13709060392126754,1694.4912635588405,1327.3287364411597,2026-07-17
15.5,435.0,0.13709060392126754,1548.77316131611,1028.2368386838903,2026-07-17
15.75,450.0,0.13709060392126754,1406.3425832134303,1113.8874167865697,2026-07-17
16.0,465.0,0.13709060392126754,1257.931182890006,291.87881710999386,2026-07-17
16.25,480.0,0.13709060392126754,1113.2688810760349,-121.0788810760348,2026-07-17
16.5,495.0,0.13709060392126754,976.0871862628692,-271.11718626286915,2026-07-17
16.75,510.0,0.13709060392126754,855.488366356053,-193.69836635605304,2026-07-17
17.0,525.0,0.13709060392126754,735.593825166051,-36.28382516605109,2026-07-17
17.25,540.0,0.13709060392126754,614.3325299156874,96.01747008431266,2026-07-17
17.5,555.0,0.13709060392126754,489.5615155650192,199.66848443498083,2026-07-17
17.75,570.0,0.13709060392126754,371.9521675690861,140.9078324309139,2026-07-17
18.0,585.0,0.13709060392126754,233.76215049789232,178.0878495021077,2026-07-17
18.25,600.0,0.13709060392126754,99.65857575893698,169.19142424106303,2026-07-17
18.5,615.0,0.13709060392126754,20.18900306503052,108.69099693496948,2026-07-17
18.75,630.0,0.13709060392126754,0.1679427669863927,26.312057233013608,2026-07-17
19.0,645.0,0.13709060392126754,0.0,0.0,2026-07-17
10.0,15.0,0.2661198098563029,2087.546167567005,1421.513832432995,2026-07-17
10.25,30.0,0.2661198098563029,2209.472169471353,530.1778305286471,2026-07-17
10.5,45.0,0.2661198098563029,2339.3044573143666,884.7255426856336,2026-07-17
10.75,60.0,0.2661198098563029,2495.578894460645,110.64110553935461,2026-07-17
11.0,75.0,0.2661198098563029,2645.3176878742065,-299.32768787420673,2026-07-17
11.25,90.0,0.2661198098563029,2782.8578840481537,974.2921159518464,2026-07-17
11.5,105.0,0.2661198098563029,2891.999441625135,1598.3705583748647,2026-07-17
11.75,120.0,0.2661198098563029,2974.8085302567565,2376.4414697432435,2026-07-17
12.0,135.0,0.2661198098563029,3040.4006579948123,2555.369342005188,2026-07-17
12.25,150.0,0.2661198098563029,3109.859617587411,1202.4203824125889,2026-07-17
12.5,165.0,0.2661198098563029,3175.739235606958,766.5907643930418,2026-07-17
12.75,180.0,0.2661198098563029,3190.401001202621,1276.3689987973794,2026-07-17
13.0,195.0,0.2661198098563029,3178.617010823694,1523.1329891763062,2026-07-17
13.25,210.0,0.2661198098563029,3132.6258844918216,231.13411550817864,2026-07-17
13.5,225.0,0.2661198098563029,3097.8437627067515,-224.1037627067517,2026-07-17
13.75,240.0,0.2661198098563029,3016.10871006254,281.14128993746,2026-07-17
14.0,255.0,0.2661198098563029,2944.1800271500924,914.7599728499076,2026-07-17
14.25,270.0,0.2661198098563029,2849.314591805856,1664.5254081941443,2026-07-17
14.5,285.0,0.2661198098563029,2727.9272446558293,2473.1927553441706,2026-07-17
14.75,300.0,0.2661198098563029,2559.319893776333,1791.9101062236664,2026-07-17
15.0,315.0,0.2661198098563029,2393.04271577833,2145.79728422167,2026-07-17
15.25,330.0,0.2661198098563029,2216.323517300694,805.496482699306,2026-07-17
15.5,345.0,0.2661198098563029,2025.917827762043,551.0921722379571,2026-07-17
15.75,360.0,0.2661198098563029,1843.1893926573248,677.0406073426752,2026-07-17
16.0,375.0,0.2661198098563029,1657.891852027706,-108.08185202770596,2026-07-17
16.25,390.0,0.2661198098563029,1465.9112799770946,-473.7212799770946,2026-07-17
16.5,405.0,0.2661198098563029,1276.022707927874,-571.052707927874,2026-07-17
16.75,420.0,0.2661198098563029,1108.627221189268,-446.8372211892681,2026-07-17
17.0,435.0,0.2661198098563029,941.2890165684536,-241.97901656845363,2026-07-17
17.25,450.0,0.2661198098563029,771.7284822549391,-61.37848225493906,2026-07-17
17.5,465.0,0.2661198098563029,603.5561622230648,85.67383777693522,2026-07-17
17.75,480.0,0.2661198098563029,446.1445980408626,66.71540195913741,2026-07-17
18.0,495.0,0.2661198098563029,275.2880102526676,136.5619897473324,2026-07-17
18.25,510.0,0.2661198098563029,117.18309482073629,151.66690517926372,2026-07-17
18.5,525.0,0.2661198098563029,24.18973631447219,104.69026368552781,2026-07-17
18.75,540.0,0.2661198098563029,0.2025593385244892,26.277440661475513,2026-07-17
19.0,555.0,0.2661198098563029,0.0,0.0,2026-07-17
11.5,15.0,0.3447269067987017,3264.553112821884,1225.8168871781158,2026-07-17
11.75,30.0,0.3447269067987017,3362.0814087946287,1989.1685912053713,2026-07-17
12.0,45.0,0.3447269067987017,3439.630544613544,2156.1394553864566,2026-07-17
12.25,60.0,0.3447269067987017,3510.797983665309,801.4820163346908,2026-07-17
12.5,75.0,0.3447269067987017,3562.531739956396,379.79826004360393,2026-07-17
12.75,90.0,0.3447269067987017,3543.078758442746,923.6912415572542,2026-07-17
13.0,105.0,0.3447269067987017,3511.2838522827446,1190.4661477172554,2026-07-17
13.25,120.0,0.3447269067987017,3481.527886483349,-117.76788648334878,2026-07-17
13.5,135.0,0.3447269067987017,3463.432434315503,-589.6924343155033,2026-07-17
13.75,150.0,0.3447269067987017,3373.761218080823,-76.5112180808228,2026-07-17
14.0,165.0,0.3447269067987017,3278.671483493189,580.268516506811,2026-07-17
14.25,180.0,0.3447269067987017,3177.563445288616,1336.276554711384,2026-07-17
14.5,195.0,0.3447269067987017,3048.0338412997744,2153.0861587002255,2026-07-17
14.75,210.0,0.3447269067987017,2866.3797096647218,1484.8502903352778,2026-07-17
15.0,225.0,0.3447269067987017,2676.6984538652887,1862.1415461347115,2026-07-17
15.25,240.0,0.3447269067987017,2476.644452477937,545.175547522063,2026-07-17
15.5,255.0,0.3447269067987017,2273.532488192849,303.47751180715113,2026-07-17
15.75,270.0,0.3447269067987017,2073.478704223305,446.75129577669486,2026-07-17
16.0,285.0,0.3447269067987017,1861.9910488578523,-312.1810488578524,2026-07-17
16.25,300.0,0.3447269067987017,1643.2022347354905,-651.0122347354904,2026-07-17
16.5,315.0,0.3447269067987017,1431.966500366065,-726.996500366065,2026-07-17
16.75,330.0,0.3447269067987017,1239.7899795898684,-577.9999795898684,2026-07-17
17.0,345.0,0.3447269067987017,1047.9196390793109,-348.6096390793109,2026-07-17
17.25,360.0,0.3447269067987017,861.0301640463023,-150.68016404630225,2026-07-17
17.5,375.0,0.3447269067987017,670.9751197391552,18.254880260844857,2026-07-17
17.75,390.0,0.3447269067987017,492.6155815179202,20.244418482079823,2026-07-17
18.0,405.0,0.3447269067987017,302.3006128909235,109.54938710907652,2026-07-17
18.25,420.0,0.3447269067987017,129.11821025706817,139.73178974293185,2026-07-17
18.5,435.0,0.3447269067987017,26.9003536950552,101.9796463049448,2026-07-17
18.75,450.0,0.3447269067987017,0.2240648558001758,26.255935144199825,2026-07-17
19.0,465.0,0.3447269067987017,0.0,0.0,2026-07-17
13.0,15.0,0.5173916973656548,4355.222690309582,346.5273096904184,2026-07-17
13.25,30.0,0.5173916973656548,4260.294764622076,-896.5347646220762,2026-07-17
13.5,45.0,0.5173916973656548,4168.02113678741,-1294.28113678741,2026-07-17
13.75,60.0,0.5173916973656548,4045.550090387592,-748.3000903875918,2026-07-17
14.0,75.0,0.5173916973656548,3912.200620689486,-53.26062068948613,2026-07-17
14.25,90.0,0.5173916973656548,3756.404374030471,757.4356259695292,2026-07-17
14.5,105.0,0.5173916973656548,3576.7900703167097,1624.3299296832902,2026-07-17
14.75,120.0,0.5173916973656548,3369.6698751602557,981.5601248397438,2026-07-17
15.0,135.0,0.5173916973656548,3149.883879446113,1388.956120553887,2026-07-17
15.25,150.0,0.5173916973656548,2917.039235327536,104.7807646724641,2026-07-17
15.5,165.0,0.5173916973656548,2675.3640690237216,-98.35406902372142,2026-07-17
15.75,180.0,0.5173916973656548,2439.7343906843785,80.49560931562155,2026-07-17
16.0,195.0,0.5173916973656548,2189.3968779538104,-639.5868779538105,2026-07-17
16.25,210.0,0.5173916973656548,1937.287847700541,-945.097847700541,2026-07-17
16.5,225.0,0.5173916973656548,1683.0336238012972,-978.0636238012971,2026-07-17
16.75,240.0,0.5173916973656548,1447.0777867311683,-785.2877867311684,2026-07-17
17.0,255.0,0.5173916973656548,1213.6689237378323,-514.3589237378324,2026-07-17
17.25,270.0,0.5173916973656548,986.6359178238812,-276.28591782388116,2026-07-17
17.5,285.0,0.5173916973656548,761.9443007792254,-72.71430077922537,2026-07-17
17.75,300.0,0.5173916973656548,547.3010521251373,-34.441052125137276,2026-07-17
18.0,315.0,0.5173916973656548,361.1359838738599,50.71401612614011,2026-07-17
18.25,330.0,0.5173916973656548,154.3336882825489,114.51631171745112,2026-07-17
18.5,345.0,0.5173916973656548,32.56919055002634,96.31080944997365,2026-07-17
18.75,360.0,0.5173916973656548,0.2720772440516869,26.207922755948314,2026-07-17
19.0,375.0,0.5173916973656548,0.0,0.0,2026-07-17
14.5,15.0,0.45199051730568185,3411.447283761552,1789.6727162384477,2026-07-17
14.75,30.0,0.45199051730568185,3191.557271183784,1159.6727288162156,2026-07-17
15.0,45.0,0.45199051730568185,2967.673788109294,1571.166211890706,2026-07-17
15.25,60.0,0.45199051730568185,2734.4184286339137,287.4015713660865,2026-07-17
15.5,75.0,0.45199051730568185,2496.4164861423164,80.59351385768377,2026-07-17
15.75,90.0,0.45199051730568185,2270.932725890331,249.29727410966916,2026-07-17
16.0,105.0,0.45199051730568185,2033.651010531102,-483.84101053110203,2026-07-17
16.25,120.0,0.45199051730568185,1795.4655906463806,-803.2755906463806,2026-07-17
16.5,135.0,0.45199051730568185,1567.782667721788,-862.8126677217879,2026-07-17
16.75,150.0,0.45199051730568185,1354.394071242729,-692.6040712427291,2026-07-17
17.0,165.0,0.45199051730568185,1141.1377653455156,-441.8277653455157,2026-07-17
17.25,180.0,0.45199051730568185,932.9490014280972,-222.59900142809715,2026-07-17
17.5,195.0,0.45199051730568185,724.4265786499343,-35.19657864993428,2026-07-17
17.75,210.0,0.45199051730568185,522.2306614437354,-9.370661443735344,2026-07-17
18.0,225.0,0.45199051730568185,346.53534123350926,65.31465876649077,2026-07-17
18.25,240.0,0.45199051730568185,147.65486488412313,121.1951351158769,2026-07-17
18.5,255.0,0.45199051730568185,30.91990242730881,97.96009757269118,2026-07-17
18.75,270.0,0.45199051730568185,0.2578220580583722,26.222177941941627,2026-07-17
19.0,285.0,0.45199051730568185,0.0,0.0,2026-07-17
16.0,15.0,0.5236208993536707,2216.30298380574,-666.4929838057401,2026-07-17
16.25,30.0,0.5236208993536707,1962.1944141235845,-970.0044141235844,2026-07-17
16.5,45.0,0.5236208993536707,1709.3731915516598,-1004.4031915516598,2026-07-17
16.75,60.0,0.5236208993536707,1472.5870626381902,-810.7970626381903,2026-07-17
17.0,75.0,0.5236208993536707,1240.321555185275,-541.011555185275,2026-07-17
17.25,90.0,0.5236208993536707,1010.0995879749464,-299.7495879749464,2026-07-17
17.5,105.0,0.5236208993536707,779.2252669563624,-89.99526695636234,2026-07-17
17.75,120.0,0.5236208993536707,559.6044180441271,-46.74441804412709,2026-07-17
18.0,135.0,0.5236208993536707,368.9496735461042,42.90032645389584,2026-07-17
18.25,150.0,0.5236208993536707,157.53939995383675,111.31060004616327,2026-07-17
18.5,165.0,0.5236208993536707,33.20276459667418,95.67723540332582,2026-07-17
18.75,180.0,0.5236208993536707,0.2771346125315995,26.2028653874684,2026-07-17
19.0,195.0,0.5236208993536707,0.0,0.0,2026-07-17
17.5,15.0,0.24303147294470565,500.1529449233134,189.07705507668663,2026-07-17
17.75,30.0,0.24303147294470565,375.0881016343613,137.77189836563872,2026-07-17
18.0,45.0,0.24303147294470565,263.12277106326127,148.72722893673875,2026-07-17
18.25,60.0,0.24303147294470565,112.49526807486872,156.35473192513132,2026-07-17
18.5,75.0,0.24303147294470565,23.24729060779734,105.63270939220266,2026-07-17
18.75,90.0,0.24303147294470565,0.1946737475680504,26.28532625243195,2026-07-17
19.0,105.0,0.24303147294470565,0.0,0.0,2026-07-17
7.0,15.0,0.4317768521776227,545.3295600768905,-130.13956007689052,2026-07-18
7.25,30.0,0.4317768521776227,752.51226288365,-201.97226288365005,2026-07-18
7.5,45.0,0.4317768521776227,976.8208508345668,-357.19085083456685,2026-07-18
7.75,60.0,0.4317768521776227,1233.6884462327712,-559.7284462327711,2026-07-18
8.0,75.0,0.4317768521776227,1505.8811261416142,-635.0511261416142,2026-07-18
8.25,90.0,0.4317768521776227,1778.897393038285,-562.337393038285,2026-07-18
8.5,105.0,0.4317768521776227,2041.3092043858169,-732.4992043858169,2026-07-18
8.75,120.0,0.4317768521776227,2314.7021712607207,-861.2321712607206,2026-07-18
9.0,135.0,0.4317768521776227,2571.430500766653,-832.510500766653,2026-07-18
9.25,150.0,0.4317768521776227,2817.2742410224914,-772.8942410224913,2026-07-18
9.5,165.0,0.4317768521776227,3063.7717207235687,-940.0917207235689,2026-07-18
9.75,180.0,0.4317768521776227,3291.7357983211523,-1372.9957983211523,2026-07-18
10.0,195.0,0.4317768521776227,3506.211389731522,-1309.001389731522,2026-07-18
10.25,210.0,0.4317768521776227,3719.4038363703535,-1497.8138363703533,2026-07-18
10.5,225.0,0.4317768521776227,3941.240755985537,-1915.650755985537,2026-07-18
10.75,240.0,0.4317768521776227,4133.463866724435,-1012.0738667244354,2026-07-18
11.0,255.0,0.4317768521776227,4334.255663283736,272.21433671626437,2026-07-18
11.25,270.0,0.4317768521776227,4514.740938194866,-541.7509381948666,2026-07-18
11.5,285.0,0.4317768521776227,4666.028338150147,-349.70833815014703,2026-07-18
11.75,300.0,0.4317768521776227,4754.787477892001,-351.9674778920016,2026-07-18
12.0,315.0,0.4317768521776227,4790.870798631258,-935.1607986312583,2026-07-18
12.25,330.0,0.4317768521776227,4772.425769209964,-1321.0957692099637,2026-07-18
12.5,345.0,0.4317768521776227,4742.131033561344,-1487.4110335613445,2026-07-18
12.75,360.0,0.4317768521776227,4647.3961053792045,-866.8161053792046,2026-07-18
13.0,375.0,0.4317768521776227,4554.617090873584,-840.4770908735841,2026-07-18
13.25,390.0,0.4317768521776227,4470.876845536659,-1016.7068455366589,2026-07-18
13.5,405.0,0.4317768521776227,4402.169397675865,-1000.0593976758651,2026-07-18
13.75,420.0,0.4317768521776227,4263.635433786361,-79.05543378636139,2026-07-18
14.0,435.0,0.4317768521776227,4125.535625779565,433.2143742204353,2026-07-18
14.25,450.0,0.4317768521776227,3960.44046880142,-271.47046880142034,2026-07-18
14.5,465.0,0.4317768521776227,3761.998912142136,-63.01891214213583,2026-07-18
14.75,480.0,0.4317768521776227,3514.185922400918,-84.555922400918,2026-07-18
15.0,495.0,0.4317768521776227,3241.419059414081,-234.04905941408106,2026-07-18
15.25,510.0,0.4317768521776227,2957.5814872815918,-57.08148728159176,2026-07-18
15.5,525.0,0.4317768521776227,2673.8393495985115,-466.74934959851134,2026-07-18
15.75,540.0,0.4317768521776227,2408.6354512403145,-779.6254512403145,2026-07-18
16.0,555.0,0.4317768521776227,2135.45070468263,-1010.9807046826302,2026-07-18
16.25,570.0,0.4317768521776227,1870.3836967599425,-983.8936967599425,2026-07-18
16.5,585.0,0.4317768521776227,1617.545007786705,-758.5550077867049,2026-07-18
16.75,600.0,0.4317768521776227,1399.9717834861544,-864.9817834861544,2026-07-18
17.0,615.0,0.4317768521776227,1181.6717453340684,-804.5617453340684,2026-07-18
17.25,630.0,0.4317768521776227,958.384784509781,-649.5347845097809,2026-07-18
17.5,645.0,0.4317768521776227,738.6791239456654,-405.22912394566544,2026-07-18
17.75,660.0,0.4317768521776227,539.2576148024018,-169.8976148024018,2026-07-18
18.0,675.0,0.4317768521776227,343.3204214231524,-42.63042142315243,2026-07-18
18.25,690.0,0.4317768521776227,144.9049921136688,20.785007886331186,2026-07-18
18.5,705.0,0.4317768521776227,29.63240083798078,26.09759916201922,2026-07-18
18.75,720.0,0.4317768521776227,0.2227516434446152,12.377248356555384,2026-07-18
19.0,735.0,0.4317768521776227,0.0,0.0,2026-07-18
8.5,15.0,0.23629930842548963,1439.457143575761,-130.647143575761,2026-07-18
8.75,30.0,0.23629930842548963,1655.182240728431,-201.71224072843097,2026-07-18
9.0,45.0,0.23629930842548963,1858.240424131187,-119.32042413118688,2026-07-18
9.25,60.0,0.23629930842548963,2060.634851092092,-16.25485109209194,2026-07-18
9.5,75.0,0.23629930842548963,2265.4401454473136,-141.7601454473138,2026-07-18
9.75,90.0,0.23629930842548963,2442.805244094576,-524.0652440945762,2026-07-18
10.0,105.0,0.23629930842548963,2607.161752976844,-409.9517529768441,2026-07-18
10.25,120.0,0.23629930842548963,2774.2563948566285,-552.6663948566284,2026-07-18
10.5,135.0,0.23629930842548963,2944.7587374240125,-919.1687374240125,2026-07-18
10.75,150.0,0.23629930842548963,3088.708958742199,32.6810412578011,2026-07-18
11.0,165.0,0.23629930842548963,3254.830225277796,1351.639774722204,2026-07-18
11.25,180.0,0.23629930842548963,3422.508592235284,550.4814077647156,2026-07-18
11.5,195.0,0.23629930842548963,3564.1781766849126,752.1418233150871,2026-07-18
11.75,210.0,0.23629930842548963,3630.209502594271,772.6104974057289,2026-07-18
12.0,225.0,0.23629930842548963,3646.949629051995,208.76037094800495,2026-07-18
12.25,240.0,0.23629930842548963,3644.3596073036415,-193.02960730364157,2026-07-18
12.5,255.0,0.23629930842548963,3632.880615252169,-378.160615252169,2026-07-18
12.75,270.0,0.23629930842548963,3555.0205446894684,225.55945531053158,2026-07-18
13.0,285.0,0.23629930842548963,3468.2226460022184,245.91735399778145,2026-07-18
13.25,300.0,0.23629930842548963,3395.863466172698,58.306533827302246,2026-07-18
13.5,315.0,0.23629930842548963,3342.6803353830246,59.429664616975515,2026-07-18
13.75,330.0,0.23629930842548963,3225.8812246787425,958.6987753212575,2026-07-18
14.0,345.0,0.23629930842548963,3107.937522608401,1450.8124773915988,2026-07-18
14.25,360.0,0.23629930842548963,2976.182676094544,712.7873239054557,2026-07-18
14.5,375.0,0.23629930842548963,2828.700056911019,870.2799430889809,2026-07-18
14.75,390.0,0.23629930842548963,2634.918981458706,794.7110185412939,2026-07-18
15.0,405.0,0.23629930842548963,2420.402391080962,586.967608919038,2026-07-18
15.25,420.0,0.23629930842548963,2202.980865483468,697.5191345165322,2026-07-18
15.5,435.0,0.23629930842548963,1987.037498805431,220.05250119456923,2026-07-18
15.75,450.0,0.23629930842548963,1782.7444232191317,-153.7344232191317,2026-07-18
16.0,465.0,0.23629930842548963,1573.5195448297595,-449.0495448297595,2026-07-18
16.25,480.0,0.23629930842548963,1368.228551183773,-481.7385511837731,2026-07-18
16.5,495.0,0.23629930842548963,1174.1443459230593,-315.1543459230593,2026-07-18
16.75,510.0,0.23629930842548963,1020.8007972666112,-485.8107972666112,2026-07-18
17.0,525.0,0.23629930842548963,872.1364187456921,-495.0264187456921,2026-07-18
17.25,540.0,0.23629930842548963,721.4029157496109,-412.55291574961086,2026-07-18
17.5,555.0,0.23629930842548963,567.5448330708911,-234.09483307089107,2026-07-18
17.75,570.0,0.23629930842548963,424.6391326618304,-55.279132661830374,2026-07-18
18.0,585.0,0.23629930842548963,277.8676098074322,22.82239019256781,2026-07-18
18.25,600.0,0.23629930842548963,117.6175397588185,48.0724602411815,2026-07-18
18.5,615.0,0.23629930842548963,23.732529431036056,31.99747056896394,2026-07-18
18.75,630.0,0.23629930842548963,0.1781830551412942,12.421816944858705,2026-07-18
19.0,645.0,0.23629930842548963,0.0,0.0,2026-07-18
10.0,15.0,0.30051700225484845,2810.5123177230694,-613.3023177230693,2026-07-18
10.25,30.0,0.30051700225484845,3007.6315616150664,-786.0415616150663,2026-07-18
10.5,45.0,0.30051700225484845,3207.9031057795764,-1182.3131057795765,2026-07-18
10.75,60.0,0.30051700225484845,3381.5542124100925,-260.16421241009266,2026-07-18
11.0,75.0,0.30051700225484845,3560.2713339217776,1046.1986660782227,2026-07-18
11.25,90.0,0.30051700225484845,3723.820470724697,249.16952927530292,2026-07-18
11.5,105.0,0.30051700225484845,3870.636237136999,445.68376286300054,2026-07-18
11.75,120.0,0.30051700225484845,3965.167245431531,437.65275456846894,2026-07-18
12.0,135.0,0.30051700225484845,3997.6999346607377,-141.98993466073762,2026-07-18
12.25,150.0,0.30051700225484845,3973.099905896048,-521.7699058960479,2026-07-18
12.5,165.0,0.30051700225484845,3939.233554984925,-684.5135549849251,2026-07-18
12.75,180.0,0.30051700225484845,3855.70974311366,-75.12974311365997,2026-07-18
13.0,195.0,0.30051700225484845,3772.402384752859,-58.26238475285891,2026-07-18
13.25,210.0,0.30051700225484845,3702.407044331024,-248.23704433102375,2026-07-18
13.5,225.0,0.30051700225484845,3643.9676166006248,-241.85761660062462,2026-07-18
13.75,240.0,0.30051700225484845,3529.853198972783,654.7268010272169,2026-07-18
14.0,255.0,0.30051700225484845,3406.4255773560258,1152.3244226439742,2026-07-18
14.25,270.0,0.30051700225484845,3263.072169423393,425.8978305766068,2026-07-18
14.5,285.0,0.30051700225484845,3089.5973746745194,609.3826253254806,2026-07-18
14.75,300.0,0.30051700225484845,2878.4539686425237,551.1760313574764,2026-07-18
15.0,315.0,0.30051700225484845,2660.821948413003,346.54805158699673,2026-07-18
15.25,330.0,0.30051700225484845,2433.774056696826,466.72594330317406,2026-07-18
15.5,345.0,0.30051700225484845,2195.2061931326894,11.883806867310795,2026-07-18
15.75,360.0,0.30051700225484845,1964.088338888668,-335.078338888668,2026-07-18
16.0,375.0,0.30051700225484845,1736.3913720845776,-611.9213720845776,2026-07-18
16.25,390.0,0.30051700225484845,1523.7613351667387,-637.2713351667387,2026-07-18
16.5,405.0,0.30051700225484845,1320.5914817433684,-461.60148174336837,2026-07-18
16.75,420.0,0.30051700225484845,1152.6861721252678,-617.6961721252678,2026-07-18
17.0,435.0,0.30051700225484845,981.4674433615407,-604.3574433615407,2026-07-18
17.25,450.0,0.30051700225484845,803.697122113026,-494.847122113026,2026-07-18
17.5,465.0,0.30051700225484845,626.4118412977823,-292.9618412977823,2026-07-18
17.75,480.0,0.30051700225484845,463.7575350589992,-94.39753505899921,2026-07-18
18.0,495.0,0.30051700225484845,300.1563818200229,0.5336181799771111,2026-07-18
18.25,510.0,0.30051700225484845,126.84781076850774,38.842189231492256,2026-07-18
18.5,525.0,0.30051700225484845,25.7632264694248,29.966773530575196,2026-07-18
18.75,540.0,0.30051700225484845,0.1939802941210304,12.40601970587897,2026-07-18
19.0,555.0,0.30051700225484845,0.0,0.0,2026-07-18
11.5,15.0,0.41980645861419774,4591.902098697309,-275.58209869730945,2026-07-18
11.75,30.0,0.41980645861419774,4683.11107425534,-280.2910742553404,2026-07-18
12.0,45.0,0.41980645861419774,4714.961666559204,-859.2516665592038,2026-07-18
12.25,60.0,0.41980645861419774,4687.659484727336,-1236.3294847273364,2026-07-18
12.5,75.0,0.41980645861419774,4638.320604165399,-1383.6006041653995,2026-07-18
12.75,90.0,0.41980645861419774,4535.126638546708,-754.546638546708,2026-07-18
13.0,105.0,0.41980645861419774,4428.102578967436,-713.962578967436,2026-07-18
13.25,120.0,0.41980645861419774,4344.861321105368,-890.6913211053679,2026-07-18
13.5,135.0,0.41980645861419774,4272.943018407117,-870.8330184071169,2026-07-18
13.75,150.0,0.41980645861419774,4146.150146330445,38.42985366955509,2026-07-18
14.0,165.0,0.41980645861419774,4004.090299751805,554.6597002481949,2026-07-18
14.25,180.0,0.41980645861419774,3833.2606365785728,-144.29063657857296,2026-07-18
14.5,195.0,0.41980645861419774,3642.782176950552,56.197823049447834,2026-07-18
14.75,210.0,0.41980645861419774,3398.296343882836,31.333656117164082,2026-07-18
15.0,225.0,0.41980645861419774,3128.647154941945,-121.2771549419449,2026-07-18
15.25,240.0,0.41980645861419774,2852.371147808178,48.12885219182181,2026-07-18
15.5,255.0,0.41980645861419774,2569.7799068301897,-362.68990683018956,2026-07-18
15.75,270.0,0.41980645861419774,2307.2610160709837,-678.2510160709837,2026-07-18
16.0,285.0,0.41980645861419774,2041.3779561672848,-916.9079561672847,2026-07-18
16.25,300.0,0.41980645861419774,1786.3910061276024,-899.9010061276024,2026-07-18
16.5,315.0,0.41980645861419774,1543.0191235447317,-684.0291235447316,2026-07-18
16.75,330.0,0.41980645861419774,1343.539915668169,-808.549915668169,2026-07-18
17.0,345.0,0.41980645861419774,1141.9538845376987,-764.8438845376987,2026-07-18
17.25,360.0,0.41980645861419774,927.65370099746,-618.8037009974599,2026-07-18
17.5,375.0,0.41980645861419774,717.3251810177215,-383.87518101772156,2026-07-18
17.75,390.0,0.41980645861419774,525.704447280581,-156.344447280581,2026-07-18
18.0,405.0,0.41980645861419774,335.7641972055111,-35.0741972055111,2026-07-18
18.25,420.0,0.41980645861419774,141.55550071816296,24.134499281837037,2026-07-18
18.5,435.0,0.41980645861419774,28.839804541107902,26.890195458892094,2026-07-18
18.75,450.0,0.41980645861419774,0.2156187449934708,12.384381255006529,2026-07-18
19.0,465.0,0.41980645861419774,0.0,0.0,2026-07-18
13.0,15.0,0.40322489513323484,4060.3191223876993,-346.1791223876994,2026-07-18
13.25,30.0,0.40322489513323484,3995.211930065035,-541.0419300650351,2026-07-18
13.5,45.0,0.40322489513323484,3935.359063671892,-533.2490636718917,2026-07-18
13.75,60.0,0.40322489513323484,3873.858645990063,310.72135400993693,2026-07-18
14.0,75.0,0.40322489513323484,3800.054858454572,758.6951415454282,2026-07-18
14.25,90.0,0.40322489513323484,3698.968287990032,-9.998287990032168,2026-07-18
14.5,105.0,0.40322489513323484,3572.4687096426096,126.51129035739041,2026-07-18
14.75,120.0,0.40322489513323484,3418.0585152227904,11.571484777209662,2026-07-18
15.0,135.0,0.40322489513323484,3246.477886558785,-239.10788655878514,2026-07-18
15.25,150.0,0.40322489513323484,3060.6816717931583,-160.18167179315833,2026-07-18
15.5,165.0,0.40322489513323484,2861.4052060034805,-654.3152060034804,2026-07-18
15.75,180.0,0.40322489513323484,2616.5293222227365,-987.5193222227365,2026-07-18
16.0,195.0,0.40322489513323484,2370.943199235446,-1246.4731992354461,2026-07-18
16.25,210.0,0.40322489513323484,2130.717986079645,-1244.227986079645,2026-07-18
16.5,225.0,0.40322489513323484,1894.171231866612,-1035.181231866612,2026-07-18
16.75,240.0,0.40322489513323484,1633.5058860731135,-1098.5158860731135,2026-07-18
17.0,255.0,0.40322489513323484,1373.9336232959838,-996.8236232959838,2026-07-18
17.25,270.0,0.40322489513323484,1109.8556061237562,-801.0056061237561,2026-07-18
17.5,285.0,0.40322489513323484,849.1508967617583,-515.7008967617583,2026-07-18
17.75,300.0,0.40322489513323484,575.472081655969,-206.11208165596895,2026-07-18
18.0,315.0,0.40322489513323484,329.3059965659445,-28.6159965659445,2026-07-18
18.25,330.0,0.40322489513323484,139.71445681772434,25.975543182275658,2026-07-18
18.5,345.0,0.40322489513323484,28.63622450132334,27.093775498676656,2026-07-18
18.75,360.0,0.40322489513323484,0.2152961750540639,12.384703824945936,2026-07-18
19.0,375.0,0.40322489513323484,0.0,0.0,2026-07-18
14.5,15.0,0.47207562585805996,3843.245436492673,-144.26543649267296,2026-07-18
14.75,30.0,0.47207562585805996,3683.614129256089,-253.9841292560891,2026-07-18
15.0,45.0,0.47207562585805996,3504.6525617314005,-497.2825617314006,2026-07-18
15.25,60.0,0.47207562585805996,3303.614277216177,-403.114277216177,2026-07-18
15.5,75.0,0.47207562585805996,3093.0928667753437,-886.0028667753436,2026-07-18
15.75,90.0,0.47207562585805996,2830.918717206192,-1201.908717206192,2026-07-18
16.0,105.0,0.47207562585805996,2560.871481344505,-1436.4014813445049,2026-07-18
16.25,120.0,0.47207562585805996,2300.214610330464,-1413.724610330464,2026-07-18
16.5,135.0,0.47207562585805996,2044.864125208559,-1185.874125208559,2026-07-18
16.75,150.0,0.47207562585805996,1764.5125383560337,-1229.5225383560337,2026-07-18
17.0,165.0,0.47207562585805996,1482.95502057318,-1105.8450205731801,2026-07-18
17.25,180.0,0.47207562585805996,1197.4459580546234,-888.5959580546233,2026-07-18
17.5,195.0,0.47207562585805996,915.9670275947428,-582.5170275947428,2026-07-18
17.75,210.0,0.47207562585805996,620.2350235986571,-250.8750235986571,2026-07-18
18.0,225.0,0.47207562585805996,353.97834772357174,-53.288347723571746,2026-07-18
18.25,240.0,0.47207562585805996,149.80061675452686,15.889383245473141,2026-07-18
18.5,255.0,0.47207562585805996,30.88552159867983,24.844478401320167,2026-07-18
18.75,270.0,0.47207562585805996,0.2330170627373262,12.366982937262673,2026-07-18
19.0,285.0,0.47207562585805996,0.0,0.0,2026-07-18
16.0,15.0,0.3692835411122761,2162.9347727606687,-1038.4647727606687,2026-07-18
16.25,30.0,0.3692835411122761,1952.3026008556133,-1065.8126008556133,2026-07-18
16.5,45.0,0.3692835411122761,1745.113535013145,-886.1235350131451,2026-07-18
16.75,60.0,0.3692835411122761,1513.4231670993097,-978.4331670993097,2026-07-18
17.0,75.0,0.3692835411122761,1277.5494974880864,-900.4394974880864,2026-07-18
17.25,90.0,0.3692835411122761,1034.1020762862538,-725.2520762862538,2026-07-18
17.5,105.0,0.3692835411122761,796.6188361648566,-463.1688361648566,2026-07-18
17.75,120.0,0.3692835411122761,544.5000334526438,-175.14003345264382,2026-07-18
18.0,135.0,0.3692835411122761,312.05400415956274,-11.36400415956274,2026-07-18
18.25,150.0,0.3692835411122761,131.23506181686471,34.45493818313528,2026-07-18
18.5,165.0,0.3692835411122761,26.50734786872596,29.222652131274035,2026-07-18
18.75,180.0,0.3692835411122761,0.1984277493928715,12.401572250607128,2026-07-18
19.0,195.0,0.3692835411122761,0.0,0.0,2026-07-18
17.5,15.0,0.1572399166229661,563.4827386254939,-230.0327386254939,2026-07-18
17.75,30.0,0.1572399166229661,388.6078502276954,-19.24785022769538,2026-07-18
18.0,45.0,0.1572399166229661,223.8564450626128,76.83355493738719,2026-07-18
18.25,60.0,0.1572399166229661,95.37233775274136,70.31766224725864,2026-07-18
18.5,75.0,0.1572399166229661,19.0275798155692,36.70242018443079,2026-07-18
18.75,90.0,0.1572399166229661,0.1438263210863244,12.456173678913675,2026-07-18
19.0,105.0,0.1572399166229661,0.0,0.0,2026-07-18
7.0,15.0,0.703554407566406,834.6175334640121,344.79246653598796,2026-07-19
7.25,30.0,0.703554407566406,1143.528733758782,954.801266241218,2026-07-19
7.5,45.0,0.703554407566406,1469.0430471079758,639.5069528920244,2026-07-19
7.75,60.0,0.703554407566406,1821.430248701197,-414.46024870119686,2026-07-19
8.0,75.0,0.703554407566406,2175.5786440425286,-475.10864404252857,2026-07-19
8.25,90.0,0.703554407566406,2527.200943669975,-756.5609436699749,2026-07-19
8.5,105.0,0.703554407566406,2867.90567451635,-333.0856745163496,2026-07-19
8.75,120.0,0.703554407566406,3208.0295702862486,-95.7495702862484,2026-07-19
9.0,135.0,0.703554407566406,3534.849417188864,468.71058281113574,2026-07-19
9.25,150.0,0.703554407566406,3842.3809526264513,243.6690473735489,2026-07-19
9.5,165.0,0.703554407566406,4133.223532911555,-15.353532911554794,2026-07-19
9.75,180.0,0.703554407566406,4394.702460847129,808.4275391528708,2026-07-19
10.0,195.0,0.703554407566406,4652.260919806036,498.8690801939638,2026-07-19
10.25,210.0,0.703554407566406,4907.706981571368,469.2830184286322,2026-07-19
10.5,225.0,0.703554407566406,5163.758766335058,664.8412336649426,2026-07-19
10.75,240.0,0.703554407566406,5364.949376706372,278.0506232936277,2026-07-19
11.0,255.0,0.703554407566406,5540.181144058259,-927.8311440582584,2026-07-19
11.25,270.0,0.703554407566406,5698.365563301564,-1269.7555633015645,2026-07-19
11.5,285.0,0.703554407566406,5836.388263371935,-2097.188263371935,2026-07-19
11.75,300.0,0.703554407566406,5887.900768535227,-1133.0907685352267,2026-07-19
12.0,315.0,0.703554407566406,5892.745986880675,-3621.3059868806754,2026-07-19
12.25,330.0,0.703554407566406,5862.999109986388,-1556.569109986388,2026-07-19
12.5,345.0,0.703554407566406,5820.638801639501,3122.2611983604984,2026-07-19
12.75,360.0,0.703554407566406,5744.895056730215,-2604.9650567302156,2026-07-19
13.0,375.0,0.703554407566406,5657.905892474957,-2291.895892474957,2026-07-19
13.25,390.0,0.703554407566406,5565.234808322291,-611.9848083222914,2026-07-19
13.5,405.0,0.703554407566406,5461.928322404884,-1457.928322404884,2026-07-19
13.75,420.0,0.703554407566406,5339.810022015169,-1803.830022015169,2026-07-19
14.0,435.0,0.703554407566406,5189.123284338343,-3110.623284338343,2026-07-19
14.25,450.0,0.703554407566406,5001.848024119458,-3604.1780241194583,2026-07-19
14.5,465.0,0.703554407566406,4788.665598298012,-2852.415598298012,2026-07-19
14.75,480.0,0.703554407566406,4533.889886934518,-2171.0598869345176,2026-07-19
15.0,495.0,0.703554407566406,4270.521255425917,-1479.2812554259172,2026-07-19
15.25,510.0,0.703554407566406,3985.216442781273,713.3535572187266,2026-07-19
15.5,525.0,0.703554407566406,3688.4922202675934,2611.0777797324063,2026-07-19
15.75,540.0,0.703554407566406,3366.442941174472,2413.1070588255284,2026-07-19
16.0,555.0,0.703554407566406,3049.6865447575738,2066.343455242426,2026-07-19
16.25,570.0,0.703554407566406,2734.438175053629,50.51182494637078,2026-07-19
16.5,585.0,0.703554407566406,2420.670452192729,-1156.3004521927292,2026-07-19
16.75,600.0,0.703554407566406,2088.725261409943,-1127.875261409943,2026-07-19
17.0,615.0,0.703554407566406,1749.7712811350782,374.83871886492193,2026-07-19
17.25,630.0,0.703554407566406,1409.525677111492,1050.274322888508,2026-07-19
17.5,645.0,0.703554407566406,1039.0502079238945,873.1897920761055,2026-07-19
17.75,660.0,0.703554407566406,694.2978513458789,903.3521486541212,2026-07-19
18.0,675.0,0.703554407566406,395.43918035025234,366.6108196497476,2026-07-19
18.25,690.0,0.703554407566406,166.72491004338403,189.08508995661597,2026-07-19
18.5,705.0,0.703554407566406,33.73048822012958,149.8995117798704,2026-07-19
18.75,720.0,0.703554407566406,0.2277259183458362,58.102274081654166,2026-07-19
19.0,735.0,0.703554407566406,0.0,0.0,2026-07-19
8.5,15.0,0.5370903389019961,2335.0986285387467,199.7213714612535,2026-07-19
8.75,30.0,0.5370903389019961,2629.166233130001,483.1137668699994,2026-07-19
9.0,45.0,0.5370903389019961,2911.1236264142226,1092.4363735857773,2026-07-19
9.25,60.0,0.5370903389019961,3174.563752654975,911.4862473450253,2026-07-19
9.5,75.0,0.5370903389019961,3421.2987727968743,696.5712272031255,2026-07-19
9.75,90.0,0.5370903389019961,3651.506527458796,1551.6234725412041,2026-07-19
10.0,105.0,0.5370903389019961,3878.923571792342,1272.206428207658,2026-07-19
10.25,120.0,0.5370903389019961,4109.772338121115,1267.2176618788844,2026-07-19
10.5,135.0,0.5370903389019961,4350.78113308773,1477.81886691227,2026-07-19
10.75,150.0,0.5370903389019961,4533.29531903284,1109.7046809671601,2026-07-19
11.0,165.0,0.5370903389019961,4686.672479874667,-74.3224798746669,2026-07-19
11.25,180.0,0.5370903389019961,4821.339908625522,-392.7299086255225,2026-07-19
11.5,195.0,0.5370903389019961,4939.334098325466,-1200.1340983254659,2026-07-19
11.75,210.0,0.5370903389019961,4975.060603491204,-220.25060349120395,2026-07-19
12.0,225.0,0.5370903389019961,4953.8439716631065,-2682.4039716631064,2026-07-19
12.25,240.0,0.5370903389019961,4920.114636301757,-613.6846363017567,2026-07-19
12.5,255.0,0.5370903389019961,4880.00046895818,4062.8995310418195,2026-07-19
12.75,270.0,0.5370903389019961,4812.7510558961685,-1672.8210558961687,2026-07-19
13.0,285.0,0.5370903389019961,4742.807299669489,-1376.797299669489,2026-07-19
13.25,300.0,0.5370903389019961,4681.851242533697,271.3987574663033,2026-07-19
13.5,315.0,0.5370903389019961,4607.117776744339,-603.1177767443387,2026-07-19
13.75,330.0,0.5370903389019961,4502.1011024080535,-966.1211024080535,2026-07-19
14.0,345.0,0.5370903389019961,4377.19537475505,-2298.6953747550497,2026-07-19
14.25,360.0,0.5370903389019961,4224.62695862099,-2826.95695862099,2026-07-19
14.5,375.0,0.5370903389019961,4042.075470297533,-2105.825470297533,2026-07-19
14.75,390.0,0.5370903389019961,3829.31292757783,-1466.4829275778302,2026-07-19
15.0,405.0,0.5370903389019961,3602.974403081746,-811.7344030817462,2026-07-19
15.25,420.0,0.5370903389019961,3361.7490390187445,1336.8209609812552,2026-07-19
15.5,435.0,0.5370903389019961,3109.548902254212,3190.0210977457878,2026-07-19
15.75,450.0,0.5370903389019961,2839.737663098026,2939.812336901974,2026-07-19
16.0,465.0,0.5370903389019961,2576.043928894105,2539.9860711058946,2026-07-19
16.25,480.0,0.5370903389019961,2316.464744577029,468.485255422971,2026-07-19
16.5,495.0,0.5370903389019961,2059.234387112107,-794.8643871121071,2026-07-19
16.75,510.0,0.5370903389019961,1780.264090040206,-819.4140900402059,2026-07-19
17.0,525.0,0.5370903389019961,1498.2768386433931,626.333161356607,2026-07-19
17.25,540.0,0.5370903389019961,1213.278238066792,1246.5217619332082,2026-07-19
17.5,555.0,0.5370903389019961,897.547874951551,1014.692125048449,2026-07-19
17.75,570.0,0.5370903389019961,601.4556037071033,996.1943962928968,2026-07-19
18.0,585.0,0.5370903389019961,341.9579994383169,420.09200056168305,2026-07-19
18.25,600.0,0.5370903389019961,143.9471793261859,211.8628206738141,2026-07-19
18.5,615.0,0.5370903389019961,28.757172180930727,154.87282781906927,2026-07-19
18.75,630.0,0.5370903389019961,0.1940085573958915,58.13599144260411,2026-07-19
19.0,645.0,0.5370903389019961,0.0,0.0,2026-07-19
10.0,15.0,0.6867597702747021,4938.777360837938,212.35263916206168,2026-07-19
10.25,30.0,0.6867597702747021,5179.438626694051,197.5513733059488,2026-07-19
10.5,45.0,0.6867597702747021,5417.708773456748,410.89122654325274,2026-07-19
10.75,60.0,0.6867597702747021,5605.877099191606,37.12290080839375,2026-07-19
11.0,75.0,0.6867597702747021,5764.00204556166,-1151.65204556166,2026-07-19
11.25,90.0,0.6867597702747021,5899.337900370915,-1470.7279003709154,2026-07-19
11.5,105.0,0.6867597702747021,6008.126382697848,-2268.9263826978486,2026-07-19
11.75,120.0,0.6867597702747021,6031.709624905581,-1276.8996249055808,2026-07-19
12.0,135.0,0.6867597702747021,6000.980057746586,-3729.5400577465857,2026-07-19
12.25,150.0,0.6867597702747021,5956.910557067023,-1650.4805570670223,2026-07-19
12.5,165.0,0.6867597702747021,5897.687991859549,3045.212008140451,2026-07-19
12.75,180.0,0.6867597702747021,5798.228435746452,-2658.2984357464525,2026-07-19
13.0,195.0,0.6867597702747021,5701.2532653818325,-2335.2432653818323,2026-07-19
13.25,210.0,0.6867597702747021,5610.784958699198,-657.5349586991979,2026-07-19
13.5,225.0,0.6867597702747021,5496.527182689026,-1492.5271826890257,2026-07-19
13.75,240.0,0.6867597702747021,5363.9885757656775,-1828.0085757656775,2026-07-19
14.0,255.0,0.6867597702747021,5201.636765634675,-3123.1367656346747,2026-07-19
14.25,270.0,0.6867597702747021,5014.440355551891,-3616.770355551891,2026-07-19
14.5,285.0,0.6867597702747021,4798.6287536748605,-2862.3787536748605,2026-07-19
14.75,300.0,0.6867597702747021,4554.615930005611,-2191.7859300056107,2026-07-19
15.0,315.0,0.6867597702747021,4292.927051699428,-1501.6870516994286,2026-07-19
15.25,330.0,0.6867597702747021,4015.4384972783655,683.1315027216342,2026-07-19
15.5,345.0,0.6867597702747021,3723.034710092504,2576.5352899074956,2026-07-19
15.75,360.0,0.6867597702747021,3405.4345990411643,2374.115400958836,2026-07-19
16.0,375.0,0.6867597702747021,3087.576572190203,2028.4534278097967,2026-07-19
16.25,390.0,0.6867597702747021,2765.900782695177,19.049217304822832,2026-07-19
16.5,405.0,0.6867597702747021,2442.2839065411663,-1177.9139065411664,2026-07-19
16.75,420.0,0.6867597702747021,2106.050051151897,-1145.2000511518972,2026-07-19
17.0,435.0,0.6867597702747021,1765.1323806513867,359.4776193486134,2026-07-19
17.25,450.0,0.6867597702747021,1419.216411568042,1040.583588431958,2026-07-19
17.5,465.0,0.6867597702747021,1046.1298305659286,866.1101694340714,2026-07-19
17.75,480.0,0.6867597702747021,698.9145341517512,898.7354658482489,2026-07-19
18.0,495.0,0.6867597702747021,397.2336702772858,364.81632972271416,2026-07-19
18.25,510.0,0.6867597702747021,167.23937281620297,188.57062718379703,2026-07-19
18.5,525.0,0.6867597702747021,33.79153559747271,149.83846440252728,2026-07-19
18.75,540.0,0.6867597702747021,0.2278070479148022,58.1021929520852,2026-07-19
19.0,555.0,0.6867597702747021,0.0,0.0,2026-07-19
11.5,15.0,0.627779709697156,5475.863820491695,-1736.6638204916953,2026-07-19
11.75,30.0,0.627779709697156,5498.289441695813,-743.479441695813,2026-07-19
12.0,45.0,0.627779709697156,5478.114965487286,-3206.674965487286,2026-07-19
12.25,60.0,0.627779709697156,5434.236482280885,-1127.8064822808847,2026-07-19
12.5,75.0,0.627779709697156,5392.520003498624,3550.379996501376,2026-07-19
12.75,90.0,0.627779709697156,5320.936414871534,-2181.006414871534,2026-07-19
13.0,105.0,0.627779709697156,5239.376678242901,-1873.366678242901,2026-07-19
13.25,120.0,0.627779709697156,5164.562276051499,-211.31227605149888,2026-07-19
13.5,135.0,0.627779709697156,5095.834357260161,-1091.8343572601607,2026-07-19
13.75,150.0,0.627779709697156,4991.688379631895,-1455.7083796318952,2026-07-19
14.0,165.0,0.627779709697156,4854.012373999648,-2775.512373999648,2026-07-19
14.25,180.0,0.627779709697156,4684.939950309664,-3287.2699503096637,2026-07-19
14.5,195.0,0.627779709697156,4482.924730941578,-2546.6747309415778,2026-07-19
14.75,210.0,0.627779709697156,4242.676158783503,-1879.8461587835027,2026-07-19
15.0,225.0,0.627779709697156,3988.580074979627,-1197.3400749796274,2026-07-19
15.25,240.0,0.627779709697156,3720.728398187183,977.8416018128169,2026-07-19
15.5,255.0,0.627779709697156,3448.786101049393,2850.7838989506067,2026-07-19
15.75,270.0,0.627779709697156,3152.999452892532,2626.550547107468,2026-07-19
16.0,285.0,0.627779709697156,2863.115312159378,2252.914687840622,2026-07-19
16.25,300.0,0.627779709697156,2575.068475379282,209.88152462071776,2026-07-19
16.5,315.0,0.627779709697156,2286.086910151637,-1021.716910151637,2026-07-19
16.75,330.0,0.627779709697156,1971.623290609676,-1010.7732906096759,2026-07-19
17.0,345.0,0.627779709697156,1654.269091261857,470.34090873814307,2026-07-19
17.25,360.0,0.627779709697156,1331.8971585499717,1127.9028414500285,2026-07-19
17.5,375.0,0.627779709697156,980.6691184532328,931.5708815467672,2026-07-19
17.75,390.0,0.627779709697156,653.8304711727096,943.8195288272905,2026-07-19
18.0,405.0,0.627779709697156,370.9456978250885,391.1043021749115,2026-07-19
18.25,420.0,0.627779709697156,155.95777858657164,199.85222141342837,2026-07-19
18.5,435.0,0.627779709697156,31.408535603413554,152.22146439658644,2026-07-19
18.75,450.0,0.627779709697156,0.2117295442258624,58.11827045577414,2026-07-19
19.0,465.0,0.627779709697156,0.0,0.0,2026-07-19
13.0,15.0,0.6084141443229194,5306.660559561536,-1940.6505595615354,2026-07-19
13.25,30.0,0.6084141443229194,5246.213629525798,-292.96362952579784,2026-07-19
13.5,45.0,0.6084141443229194,5171.54119899758,-1167.54119899758,2026-07-19
13.75,60.0,0.6084141443229194,5037.63942480662,-1501.6594248066199,2026-07-19
14.0,75.0,0.6084141443229194,4872.278695568038,-2793.7786955680376,2026-07-19
14.25,90.0,0.6084141443229194,4685.9747378365255,-3288.3047378365254,2026-07-19
14.5,105.0,0.6084141443229194,4469.439794577855,-2533.1897945778546,2026-07-19
14.75,120.0,0.6084141443229194,4209.496528152579,-1846.6665281525793,2026-07-19
15.0,135.0,0.6084141443229194,3930.012827755028,-1138.7728277550282,2026-07-19
15.25,150.0,0.6084141443229194,3636.291009002324,1062.278990997676,2026-07-19
15.5,165.0,0.6084141443229194,3330.8256067133,2968.7443932866995,2026-07-19
15.75,180.0,0.6084141443229194,3024.634739057066,2754.9152609429343,2026-07-19
16.0,195.0,0.6084141443229194,2728.2863696242207,2387.743630375779,2026-07-19
16.25,210.0,0.6084141443229194,2434.7583698565904,350.1916301434094,2026-07-19
16.5,225.0,0.6084141443229194,2132.95031313582,-868.5803131358202,2026-07-19
16.75,240.0,0.6084141443229194,1831.3116413421424,-870.4616413421423,2026-07-19
17.0,255.0,0.6084141443229194,1528.7192585176815,595.8907414823186,2026-07-19
17.25,270.0,0.6084141443229194,1232.590634892141,1227.2093651078592,2026-07-19
17.5,285.0,0.6084141443229194,947.0136402075906,965.2263597924094,2026-07-19
17.75,300.0,0.6084141443229194,644.4901878953749,953.1598121046252,2026-07-19
18.0,315.0,0.6084141443229194,366.11575526951833,395.9342447304816,2026-07-19
18.25,330.0,0.6084141443229194,154.23126461057748,201.57873538942252,2026-07-19
18.5,345.0,0.6084141443229194,31.043743521255127,152.58625647874487,2026-07-19
18.75,360.0,0.6084141443229194,0.2092875417619872,58.12071245823801,2026-07-19
19.0,375.0,0.6084141443229194,0.0,0.0,2026-07-19
14.5,15.0,0.33908275082723766,2942.6627442332137,-1006.4127442332137,2026-07-19
14.75,30.0,0.33908275082723766,2800.0385297493194,-437.2085297493195,2026-07-19
15.0,45.0,0.33908275082723766,2645.6187938418225,145.6212061581773,2026-07-19
15.25,60.0,0.33908275082723766,2478.262290879792,2220.3077091202076,2026-07-19
15.5,75.0,0.33908275082723766,2298.253201309435,4001.3167986905646,2026-07-19
15.75,90.0,0.33908275082723766,2108.0965374810644,3671.453462518936,2026-07-19
16.0,105.0,0.33908275082723766,1917.3561575452588,3198.673842454741,2026-07-19
16.25,120.0,0.33908275082723766,1722.1355954362682,1062.8144045637316,2026-07-19
16.5,135.0,0.33908275082723766,1524.1265831988408,-259.7565831988409,2026-07-19
16.75,150.0,0.33908275082723766,1320.293413197829,-359.44341319782905,2026-07-19
17.0,165.0,0.33908275082723766,1110.7607434490712,1013.8492565509289,2026-07-19
17.25,180.0,0.33908275082723766,905.95544939354,1553.8445506064602,2026-07-19
17.5,195.0,0.33908275082723766,706.1286718287771,1206.1113281712228,2026-07-19
17.75,210.0,0.33908275082723766,483.7962383852008,1113.8537616147992,2026-07-19
18.0,225.0,0.33908275082723766,274.5406914663172,487.50930853368277,2026-07-19
18.25,240.0,0.33908275082723766,115.81130924291146,239.99869075708853,2026-07-19
18.5,255.0,0.33908275082723766,22.86938465133849,160.7606153486615,2026-07-19
18.75,270.0,0.33908275082723766,0.1546576692057103,58.17534233079429,2026-07-19
19.0,285.0,0.33908275082723766,0.0,0.0,2026-07-19
16.0,15.0,0.9065632311514642,4032.800124607512,1083.2298753924879,2026-07-19
16.25,30.0,0.9065632311514642,3507.581780044852,-722.6317800448523,2026-07-19
16.5,45.0,0.9065632311514642,3013.0100772659707,-1748.6400772659708,2026-07-19
16.75,60.0,0.9065632311514642,2541.9366752382903,-1581.0866752382904,2026-07-19
17.0,75.0,0.9065632311514642,2082.460051354675,42.14994864532491,2026-07-19
17.25,90.0,0.9065632311514642,1649.2744629789483,810.5255370210518,2026-07-19
17.5,105.0,0.9065632311514642,1242.9427419449603,669.2972580550397,2026-07-19
17.75,120.0,0.9065632311514642,837.1950741853633,760.4549258146368,2026-07-19
18.0,135.0,0.9065632311514642,474.95818846117896,287.091811538821,2026-07-19
18.25,150.0,0.9065632311514642,200.5098706439508,155.3001293560492,2026-07-19
18.5,165.0,0.9065632311514642,41.08493682351053,142.54506317648946,2026-07-19
18.75,180.0,0.9065632311514642,0.2765684640276952,58.0534315359723,2026-07-19
19.0,195.0,0.9065632311514642,0.0,0.0,2026-07-19
17.5,15.0,0.6474621866787509,1121.7555111862862,790.4844888137138,2026-07-19
17.75,30.0,0.6474621866787509,752.7840861053772,844.8659138946228,2026-07-19
18.0,45.0,0.6474621866787509,422.618741853904,339.43125814609596,2026-07-19
18.25,60.0,0.6474621866787509,176.16445597980405,179.64554402019596,2026-07-19
18.5,75.0,0.6474621866787509,35.38157161724081,148.2484283827592,2026-07-19
18.75,90.0,0.6474621866787509,0.2369820598246723,58.09301794017533,2026-07-19
19.0,105.0,0.6474621866787509,0.0,0.0,2026-07-19
7.0,15.0,0.5734131194044042,710.9449348396757,89.1450651603243,2026-07-20
7.25,30.0,0.5734131194044042,978.781563805851,25.968436194149035,2026-07-20
7.5,45.0,0.5734131194044042,1256.9307223135615,756.7792776864385,2026-07-20
7.75,60.0,0.5734131194044042,1539.4422688717848,1301.217731128215,2026-07-20
8.0,75.0,0.5734131194044042,1828.6224642885288,1430.0075357114713,2026-07-20
8.25,90.0,0.5734131194044042,2120.9197437177104,-112.30974371771049,2026-07-20
8.5,105.0,0.5734131194044042,2404.288694984088,75.10130501591175,2026-07-20
8.75,120.0,0.5734131194044042,2679.074008165059,405.2759918349411,2026-07-20
9.0,135.0,0.5734131194044042,2948.7691978267994,-397.5091978267992,2026-07-20
9.25,150.0,0.5734131194044042,3200.45510732872,-398.46510732872,2026-07-20
9.5,165.0,0.5734131194044042,3421.477799031348,-290.737799031348,2026-07-20
9.75,180.0,0.5734131194044042,3608.30668911308,107.11331088691986,2026-07-20
10.0,195.0,0.5734131194044042,3782.059463305519,414.2505366944815,2026-07-20
10.25,210.0,0.5734131194044042,3972.130248642185,196.32975135781498,2026-07-20
10.5,225.0,0.5734131194044042,4179.469230927519,1108.2107690724815,2026-07-20
10.75,240.0,0.5734131194044042,4373.0532435514815,2807.5767564485186,2026-07-20
11.0,255.0,0.5734131194044042,4554.07166842061,2951.4983315793897,2026-07-20
11.25,270.0,0.5734131194044042,4709.652075189676,2447.547924810324,2026-07-20
11.5,285.0,0.5734131194044042,4809.067478134121,-428.637478134121,2026-07-20
11.75,300.0,0.5734131194044042,4825.748363458133,-1426.828363458133,2026-07-20
12.0,315.0,0.5734131194044042,4813.453843548116,161.21615645188376,2026-07-20
12.25,330.0,0.5734131194044042,4790.080498472309,704.2095015276909,2026-07-20
12.5,345.0,0.5734131194044042,4745.121490352073,-1249.391490352073,2026-07-20
12.75,360.0,0.5734131194044042,4674.145364502772,-1660.6953645027725,2026-07-20
13.0,375.0,0.5734131194044042,4610.443895485058,-409.15389548505846,2026-07-20
13.25,390.0,0.5734131194044042,4550.687144244817,-1291.5671442448174,2026-07-20
13.5,405.0,0.5734131194044042,4462.71791346098,264.6520865390203,2026-07-20
13.75,420.0,0.5734131194044042,4332.6041396531655,2014.4658603468342,2026-07-20
14.0,435.0,0.5734131194044042,4196.389630611959,3568.4003693880413,2026-07-20
14.25,450.0,0.5734131194044042,4036.642431436322,2824.447568563678,2026-07-20
14.5,465.0,0.5734131194044042,3854.499690887202,2638.300309112798,2026-07-20
14.75,480.0,0.5734131194044042,3648.676813040725,2761.9331869592747,2026-07-20
15.0,495.0,0.5734131194044042,3428.0156292601846,1840.6243707398157,2026-07-20
15.25,510.0,0.5734131194044042,3178.777465113566,2607.4125348864336,2026-07-20
15.5,525.0,0.5734131194044042,2911.0780861478897,2656.4419138521107,2026-07-20
15.75,540.0,0.5734131194044042,2642.6504844130845,2165.999515586915,2026-07-20
16.0,555.0,0.5734131194044042,2381.549656911192,2320.1003430888077,2026-07-20
16.25,570.0,0.5734131194044042,2123.7532792224783,2018.676720777522,2026-07-20
16.5,585.0,0.5734131194044042,1865.895188045532,1696.664811954468,2026-07-20
16.75,600.0,0.5734131194044042,1603.10070274444,1732.85929725556,2026-07-20
17.0,615.0,0.5734131194044042,1338.8661042322865,1583.0838957677133,2026-07-20
17.25,630.0,0.5734131194044042,1078.6350522770852,883.3249477229149,2026-07-20
17.5,645.0,0.5734131194044042,817.1741771263165,17.725822873683455,2026-07-20
17.75,660.0,0.5734131194044042,573.9913793047848,-231.64137930478478,2026-07-20
18.0,675.0,0.5734131194044042,344.93736820863114,-88.36736820863115,2026-07-20
18.25,690.0,0.5734131194044042,144.16017173915446,-100.99017173915446,2026-07-20
18.5,705.0,0.5734131194044042,28.41159764840807,17.118402351591932,2026-07-20
18.75,720.0,0.5734131194044042,0.1686848933743951,12.571315106625605,2026-07-20
19.0,735.0,0.5734131194044042,0.0,0.0,2026-07-20
8.5,15.0,0.6825656946542824,2610.009468523161,-130.61946852316123,2026-07-20
8.75,30.0,0.6825656946542824,2915.8935353117213,168.45646468827863,2026-07-20
9.0,45.0,0.6825656946542824,3219.878809233617,-668.618809233617,2026-07-20
9.25,60.0,0.6825656946542824,3500.442181332226,-698.4521813322262,2026-07-20
9.5,75.0,0.6825656946542824,3747.125820728423,-616.3858207284234,2026-07-20
9.75,90.0,0.6825656946542824,3969.643190355661,-254.2231903556608,2026-07-20
10.0,105.0,0.6825656946542824,4178.552183264325,17.75781673567508,2026-07-20
10.25,120.0,0.6825656946542824,4391.59067124215,-223.13067124215013,2026-07-20
10.5,135.0,0.6825656946542824,4635.194190162645,652.4858098373552,2026-07-20
10.75,150.0,0.6825656946542824,4868.276411222917,2312.353588777083,2026-07-20
11.0,165.0,0.6825656946542824,5082.776082107339,2422.793917892661,2026-07-20
11.25,180.0,0.6825656946542824,5254.252729907204,1902.9472700927954,2026-07-20
11.5,195.0,0.6825656946542824,5352.584711515228,-972.154711515228,2026-07-20
11.75,210.0,0.6825656946542824,5373.131223150823,-1974.2112231508227,2026-07-20
12.0,225.0,0.6825656946542824,5358.790949352596,-384.12094935259574,2026-07-20
12.25,240.0,0.6825656946542824,5330.197656858273,164.09234314172681,2026-07-20
12.5,255.0,0.6825656946542824,5276.255474175818,-1780.5254741758176,2026-07-20
12.75,270.0,0.6825656946542824,5209.556342514677,-2196.1063425146776,2026-07-20
13.0,285.0,0.6825656946542824,5147.579634837643,-946.2896348376435,2026-07-20
13.25,300.0,0.6825656946542824,5085.131891302114,-1826.0118913021142,2026-07-20
13.5,315.0,0.6825656946542824,5013.265593178529,-285.89559317852945,2026-07-20
13.75,330.0,0.6825656946542824,4887.662083635227,1459.407916364773,2026-07-20
14.0,345.0,0.6825656946542824,4727.734645680696,3037.0553543193037,2026-07-20
14.25,360.0,0.6825656946542824,4529.930382097276,2331.1596179027238,2026-07-20
14.5,375.0,0.6825656946542824,4315.414320871066,2177.3856791289345,2026-07-20
14.75,390.0,0.6825656946542824,4076.815099346682,2333.7949006533177,2026-07-20
15.0,405.0,0.6825656946542824,3826.1458311760994,1442.494168823901,2026-07-20
15.25,420.0,0.6825656946542824,3552.0863852286125,2234.103614771387,2026-07-20
15.5,435.0,0.6825656946542824,3256.956694227322,2310.5633057726786,2026-07-20
15.75,450.0,0.6825656946542824,2954.177264572937,1854.4727354270626,2026-07-20
16.0,465.0,0.6825656946542824,2656.2937637665887,2045.356236233411,2026-07-20
16.25,480.0,0.6825656946542824,2365.7327873366767,1776.6972126633236,2026-07-20
16.5,495.0,0.6825656946542824,2083.5572155203195,1479.0027844796805,2026-07-20
16.75,510.0,0.6825656946542824,1794.907210303996,1541.052789696004,2026-07-20
17.0,525.0,0.6825656946542824,1504.1136243978217,1417.8363756021781,2026-07-20
17.25,540.0,0.6825656946542824,1207.713064098459,754.2469359015411,2026-07-20
17.5,555.0,0.6825656946542824,909.283474926383,-74.38347492638297,2026-07-20
17.75,570.0,0.6825656946542824,634.4227081177195,-292.07270811771946,2026-07-20
18.0,585.0,0.6825656946542824,379.2905600915742,-122.72056009157421,2026-07-20
18.25,600.0,0.6825656946542824,158.4079411662787,-115.2379411662787,2026-07-20
18.5,615.0,0.6825656946542824,31.36742028327476,14.16257971672524,2026-07-20
18.75,630.0,0.6825656946542824,0.1863892307860597,12.553610769213941,2026-07-20
19.0,645.0,0.6825656946542824,0.0,0.0,2026-07-20
10.0,15.0,0.46312627951962304,3309.209880446007,887.1001195539934,2026-07-20
10.25,30.0,0.46312627951962304,3494.3094745290355,674.1505254709646,2026-07-20
10.5,45.0,0.46312627951962304,3694.1297002069687,1593.5502997930316,2026-07-20
10.75,60.0,0.46312627951962304,3866.022284124429,3314.607715875571,2026-07-20
11.0,75.0,0.46312627951962304,4021.4024846507455,3484.1675153492542,2026-07-20
11.25,90.0,0.46312627951962304,4159.049570514731,2998.1504294852684,2026-07-20
11.5,105.0,0.46312627951962304,4240.701286956633,139.72871304336695,2026-07-20
11.75,120.0,0.46312627951962304,4250.370649066575,-851.4506490665754,2026-07-20
12.0,135.0,0.46312627951962304,4236.353163634757,738.316836365243,2026-07-20
12.25,150.0,0.46312627951962304,4204.538205858877,1289.7517941411234,2026-07-20
12.5,165.0,0.46312627951962304,4151.585177148373,-655.8551771483731,2026-07-20
12.75,180.0,0.46312627951962304,4088.9908004730455,-1075.5408004730457,2026-07-20
13.0,195.0,0.46312627951962304,4039.7875015539857,161.50249844601422,2026-07-20
13.25,210.0,0.46312627951962304,3992.036990577416,-732.9169905774161,2026-07-20
13.5,225.0,0.46312627951962304,3937.6571319604873,789.7128680395126,2026-07-20
13.75,240.0,0.46312627951962304,3842.86042472696,2504.2095752730397,2026-07-20
14.0,255.0,0.46312627951962304,3719.559435564476,4045.230564435524,2026-07-20
14.25,270.0,0.46312627951962304,3574.139380674086,3286.950619325914,2026-07-20
14.5,285.0,0.46312627951962304,3412.9391620093484,3079.860837990652,2026-07-20
14.75,300.0,0.46312627951962304,3221.6456579322025,3188.964342067797,2026-07-20
15.0,315.0,0.46312627951962304,3014.3063178218763,2254.333682178124,2026-07-20
15.25,330.0,0.46312627951962304,2788.6198715799696,2997.57012842003,2026-07-20
15.5,345.0,0.46312627951962304,2554.300009861761,3013.2199901382396,2026-07-20
15.75,360.0,0.46312627951962304,2313.7953668377777,2494.854633162222,2026-07-20
16.0,375.0,0.46312627951962304,2080.705665283643,2620.9443347163565,2026-07-20
16.25,390.0,0.46312627951962304,1857.9971730469297,2284.4328269530706,2026-07-20
16.5,405.0,0.46312627951962304,1641.2262737636092,1921.3337262363907,2026-07-20
16.75,420.0,0.46312627951962304,1416.9929869689247,1918.9670130310753,2026-07-20
17.0,435.0,0.46312627951962304,1189.9346135716876,1732.0153864283122,2026-07-20
17.25,450.0,0.46312627951962304,961.40976216567,1000.55023783433,2026-07-20
17.5,465.0,0.46312627951962304,729.9742741682699,104.92572583173012,2026-07-20
17.75,480.0,0.46312627951962304,514.7747339772787,-172.42473397727872,2026-07-20
18.0,495.0,0.46312627951962304,311.3837712360253,-54.81377123602533,2026-07-20
18.25,510.0,0.46312627951962304,129.7958127541171,-86.62581275411709,2026-07-20
18.5,525.0,0.46312627951962304,25.3493022219574,20.1806977780426,2026-07-20
18.75,540.0,0.46312627951962304,0.1504720365362551,12.589527963463745,2026-07-20
19.0,555.0,0.46312627951962304,0.0,0.0,2026-07-20
11.5,15.0,0.7199090762031,5942.889152122775,-1562.4591521227749,2026-07-20
11.75,30.0,0.7199090762031,5935.663986191818,-2536.7439861918183,2026-07-20
12.0,45.0,0.7199090762031,5889.928632233957,-915.2586322339566,2026-07-20
12.25,60.0,0.7199090762031,5815.416333497364,-321.1263334973637,2026-07-20
12.5,75.0,0.7199090762031,5719.852092327357,-2224.122092327357,2026-07-20
12.75,90.0,0.7199090762031,5623.983815212182,-2610.533815212182,2026-07-20
13.0,105.0,0.7199090762031,5544.505871574664,-1343.2158715746637,2026-07-20
13.25,120.0,0.7199090762031,5462.468346937114,-2203.348346937114,2026-07-20
13.5,135.0,0.7199090762031,5366.224257969663,-638.8542579696632,2026-07-20
13.75,150.0,0.7199090762031,5227.00095400313,1120.06904599687,2026-07-20
14.0,165.0,0.7199090762031,5048.230443116949,2716.5595568830513,2026-07-20
14.25,180.0,0.7199090762031,4830.505645629907,2030.584354370093,2026-07-20
14.5,195.0,0.7199090762031,4592.274951000464,1900.525048999536,2026-07-20
14.75,210.0,0.7199090762031,4328.674628287406,2081.935371712593,2026-07-20
15.0,225.0,0.7199090762031,4043.035247050577,1225.6047529494235,2026-07-20
15.25,240.0,0.7199090762031,3737.422799235381,2048.767200764619,2026-07-20
15.5,255.0,0.7199090762031,3433.300238133508,2134.2197618664923,2026-07-20
15.75,270.0,0.7199090762031,3119.3528754968283,1689.2971245031713,2026-07-20
16.0,285.0,0.7199090762031,2803.489594964116,1898.1604050358837,2026-07-20
16.25,300.0,0.7199090762031,2498.3373961460343,1644.092603853966,2026-07-20
16.5,315.0,0.7199090762031,2201.1458915104045,1361.4141084895955,2026-07-20
16.75,330.0,0.7199090762031,1891.7132682247511,1444.246731775249,2026-07-20
17.0,345.0,0.7199090762031,1579.0040019619096,1342.9459980380902,2026-07-20
17.25,360.0,0.7199090762031,1269.2621949828297,692.6978050171704,2026-07-20
17.5,375.0,0.7199090762031,957.0984664240298,-122.19846642402979,2026-07-20
17.75,390.0,0.7199090762031,665.7662107702364,-323.4162107702364,2026-07-20
18.0,405.0,0.7199090762031,396.3706250446773,-139.8006250446773,2026-07-20
18.25,420.0,0.7199090762031,165.22586459742584,-122.05586459742584,2026-07-20
18.5,435.0,0.7199090762031,32.804490591074206,12.725509408925795,2026-07-20
18.75,450.0,0.7199090762031,0.1945985658418736,12.545401434158126,2026-07-20
19.0,465.0,0.7199090762031,0.0,0.0,2026-07-20
13.0,15.0,0.47333147262567354,3774.842497580911,426.4475024190888,2026-07-20
13.25,30.0,0.47333147262567354,3733.5063604251022,-474.38636042510234,2026-07-20
13.5,45.0,0.47333147262567354,3678.088094573936,1049.281905426064,2026-07-20
13.75,60.0,0.47333147262567354,3614.661628580672,2732.4083714193275,2026-07-20
14.0,75.0,0.47333147262567354,3527.2561365688352,4237.533863431165,2026-07-20
14.25,90.0,0.47333147262567354,3418.395238855589,3442.694761144411,2026-07-20
14.5,105.0,0.47333147262567354,3287.4939572297712,3205.306042770229,2026-07-20
14.75,120.0,0.47333147262567354,3135.4683767004167,3275.141623299583,2026-07-20
15.0,135.0,0.47333147262567354,2970.602283965301,2298.0377160346993,2026-07-20
15.25,150.0,0.47333147262567354,2780.6381806300474,3005.551819369952,2026-07-20
15.5,165.0,0.47333147262567354,2582.09497319842,2985.4250268015803,2026-07-20
15.75,180.0,0.47333147262567354,2367.818097688587,2440.8319023114127,2026-07-20
16.0,195.0,0.47333147262567354,2152.8715531638754,2548.778446836124,2026-07-20
16.25,210.0,0.47333147262567354,1944.89566735591,2197.5343326440902,2026-07-20
16.5,225.0,0.47333147262567354,1740.48531551549,1822.07468448451,2026-07-20
16.75,240.0,0.47333147262567354,1510.563653140286,1825.396346859714,2026-07-20
17.0,255.0,0.47333147262567354,1277.2966915128868,1644.653308487113,2026-07-20
17.25,270.0,0.47333147262567354,1043.9528468103324,918.0071531896676,2026-07-20
17.5,285.0,0.47333147262567354,806.5710714557415,28.328928544258474,2026-07-20
17.75,300.0,0.47333147262567354,546.3685803922365,-204.01858039223646,2026-07-20
18.0,315.0,0.47333147262567354,308.91622000632725,-52.34622000632726,2026-07-20
18.25,330.0,0.47333147262567354,128.91955790810653,-85.74955790810652,2026-07-20
18.5,345.0,0.47333147262567354,25.1314852484583,20.3985147515417,2026-07-20
18.75,360.0,0.47333147262567354,0.1486653057901134,12.591334694209888,2026-07-20
19.0,375.0,0.47333147262567354,0.0,0.0,2026-07-20
14.5,15.0,0.9417615485483093,5953.206639435321,539.5933605646787,2026-07-20
14.75,30.0,0.9417615485483093,5584.052202842703,826.5577971572966,2026-07-20
15.0,45.0,0.9417615485483093,5216.005111515616,52.634888484384646,2026-07-20
15.25,60.0,0.9417615485483093,4835.005376842369,951.184623157631,2026-07-20
15.5,75.0,0.9417615485483093,4443.530137848064,1123.989862151936,2026-07-20
15.75,90.0,0.9417615485483093,4041.5080810488553,767.1419189511444,2026-07-20
16.0,105.0,0.9417615485483093,3637.809609291072,1063.8403907089278,2026-07-20
16.25,120.0,0.9417615485483093,3239.277393279757,903.1526067202435,2026-07-20
16.5,135.0,0.9417615485483093,2852.95544054841,709.6045594515899,2026-07-20
16.75,150.0,0.9417615485483093,2446.6679582286733,889.2920417713267,2026-07-20
17.0,165.0,0.9417615485483093,2037.8854567418564,884.0645432581434,2026-07-20
17.25,180.0,0.9417615485483093,1636.3430429445375,325.61695705546254,2026-07-20
17.5,195.0,0.9417615485483093,1238.770148611541,-403.8701486115409,2026-07-20
17.75,210.0,0.9417615485483093,833.8412852467402,-491.4912852467402,2026-07-20
18.0,225.0,0.9417615485483093,472.3878215737783,-215.8178215737783,2026-07-20
18.25,240.0,0.9417615485483093,197.62440992327348,-154.4544099232735,2026-07-20
18.5,255.0,0.9417615485483093,39.67650224288296,5.85349775711704,2026-07-20
18.75,270.0,0.9417615485483093,0.2356038787875685,12.504396121212432,2026-07-20
19.0,285.0,0.9417615485483093,0.0,0.0,2026-07-20
16.0,15.0,1.0306018367904677,4053.4034489391456,648.246551060854,2026-07-20
16.25,30.0,1.0306018367904677,3592.22393370434,550.2060662956601,2026-07-20
16.5,45.0,1.0306018367904677,3138.240705434996,424.31929456500393,2026-07-20
16.75,60.0,1.0306018367904677,2671.4885449739827,664.4714550260173,2026-07-20
17.0,75.0,1.0306018367904677,2212.6823279966115,709.2676720033883,2026-07-20
17.25,90.0,1.0306018367904677,1767.809020481203,194.15097951879693,2026-07-20
17.5,105.0,1.0306018367904677,1333.300538158001,-498.40053815800104,2026-07-20
17.75,120.0,1.0306018367904677,896.9179716792029,-554.5679716792029,2026-07-20
18.0,135.0,1.0306018367904677,507.9060647944266,-251.3360647944266,2026-07-20
18.25,150.0,1.0306018367904677,212.44754561182955,-169.27754561182957,2026-07-20
18.5,165.0,1.0306018367904677,42.74359914623234,2.7864008537676597,2026-07-20
18.75,180.0,1.0306018367904677,0.2533299882508079,12.486670011749192,2026-07-20
19.0,195.0,1.0306018367904677,0.0,0.0,2026-07-20
17.5,15.0,1.1262948326415012,1442.4133660017442,-607.5133660017442,2026-07-20
17.75,30.0,1.1262948326415012,969.5363785703591,-627.1863785703591,2026-07-20
18.0,45.0,1.1262948326415012,548.8882317928337,-292.3182317928337,2026-07-20
18.25,60.0,1.1262948326415012,229.3753287103393,-186.2053287103393,2026-07-20
18.5,75.0,1.1262948326415012,46.29690415611216,-0.7669041561121617,2026-07-20
18.75,90.0,1.1262948326415012,0.2750095053674264,12.464990494632573,2026-07-20
19.0,105.0,1.1262948326415012,0.0,0.0,2026-07-20
7.0,15.0,0.09870654873891622,164.7308538475323,-103.24085384753229,2026-07-21
7.25,30.0,0.09870654873891622,234.561324585037,-55.10132458503699,2026-07-21
7.5,45.0,0.09870654873891622,309.29671994486995,-69.16671994486995,2026-07-21
7.75,60.0,0.09870654873891622,391.196440585768,-96.50644058576802,2026-07-21
8.0,75.0,0.09870654873891622,484.0678592924715,-132.60785929247152,2026-07-21
8.25,90.0,0.09870654873891622,575.2618371673416,-142.72183716734156,2026-07-21
8.5,105.0,0.09870654873891622,660.150535870835,-106.94053587083499,2026-07-21
8.75,120.0,0.09870654873891622,745.6616524759868,-32.60165247598684,2026-07-21
9.0,135.0,0.09870654873891622,838.8517570379267,62.86824296207328,2026-07-21
9.25,150.0,0.09870654873891622,929.4121263268024,218.47787367319768,2026-07-21
9.5,165.0,0.09870654873891622,1008.3418163634398,379.78818363656035,2026-07-21
9.75,180.0,0.09870654873891622,1083.1588934293798,566.7511065706203,2026-07-21
10.0,195.0,0.09870654873891622,1168.930266273149,695.8997337268509,2026-07-21
10.25,210.0,0.09870654873891622,1262.1694446459364,792.9605553540637,2026-07-21
10.5,225.0,0.09870654873891622,1341.015546329052,744.2744536709479,2026-07-21
10.75,240.0,0.09870654873891622,1396.8870522426712,684.372947757329,2026-07-21
11.0,255.0,0.09870654873891622,1432.9676241488417,538.3423758511583,2026-07-21
11.25,270.0,0.09870654873891622,1441.9322579300404,314.57774206995964,2026-07-21
11.5,285.0,0.09870654873891622,1448.0990311013168,331.1609688986832,2026-07-21
11.75,300.0,0.09870654873891622,1457.3712846943515,263.8587153056485,2026-07-21
12.0,315.0,0.09870654873891622,1461.1655654288295,310.3244345711705,2026-07-21
12.25,330.0,0.09870654873891622,1436.5260482208746,409.28395177912535,2026-07-21
12.5,345.0,0.09870654873891622,1408.738135904435,577.301864095565,2026-07-21
12.75,360.0,0.09870654873891622,1390.9833209851583,702.7566790148414,2026-07-21
13.0,375.0,0.09870654873891622,1378.353145798073,682.2568542019271,2026-07-21
13.25,390.0,0.09870654873891622,1377.2613555794776,674.6486444205223,2026-07-21
13.5,405.0,0.09870654873891622,1360.9188009872285,386.71119901277166,2026-07-21
13.75,420.0,0.09870654873891622,1324.091784010994,461.05821598900616,2026-07-21
14.0,435.0,0.09870654873891622,1286.1155588507515,745.1744411492484,2026-07-21
14.25,450.0,0.09870654873891622,1234.258436183735,701.3415638162649,2026-07-21
14.5,465.0,0.09870654873891622,1174.4920480301273,1023.4779519698725,2026-07-21
14.75,480.0,0.09870654873891622,1114.6393105588484,854.9106894411516,2026-07-21
15.0,495.0,0.09870654873891622,1053.2686636021813,1097.781336397819,2026-07-21
15.25,510.0,0.09870654873891622,974.6091774614856,1267.7108225385145,2026-07-21
15.5,525.0,0.09870654873891622,889.948621245924,1084.801378754076,2026-07-21
15.75,540.0,0.09870654873891622,813.5944986180211,926.5155013819788,2026-07-21
16.0,555.0,0.09870654873891622,744.6074128824949,1365.632587117505,2026-07-21
16.25,570.0,0.09870654873891622,671.9181523408954,1686.3518476591046,2026-07-21
16.5,585.0,0.09870654873891622,591.6981728298335,1506.2718271701663,2026-07-21
16.75,600.0,0.09870654873891622,512.8363182199854,1158.0036817800146,2026-07-21
17.0,615.0,0.09870654873891622,431.16488647977866,822.0551135202213,2026-07-21
17.25,630.0,0.09870654873891622,347.47259393186323,493.03740606813676,2026-07-21
17.5,645.0,0.09870654873891622,264.63382611970167,305.95617388029837,2026-07-21
17.75,660.0,0.09870654873891622,189.2569041523945,292.4730958476055,2026-07-21
18.0,675.0,0.09870654873891622,124.3386873697418,263.3813126302582,2026-07-21
18.25,690.0,0.09870654873891622,74.04197330161375,152.43802669838624,2026-07-21
18.5,705.0,0.09870654873891622,15.382412673628416,61.51758732637159,2026-07-21
18.75,720.0,0.09870654873891622,0.0795268539099182,10.840473146090082,2026-07-21
19.0,735.0,0.09870654873891622,0.0,0.0,2026-07-21
8.5,15.0,0.09532560361636529,543.9002391556284,9.30976084437168,2026-07-21
8.75,30.0,0.09532560361636529,615.9556540491525,97.10434595084746,2026-07-21
9.0,45.0,0.09532560361636529,684.5800450597053,217.13995494029473,2026-07-21
9.25,60.0,0.09532560361636529,755.7704154335095,392.11958456649063,2026-07-21
9.5,75.0,0.09532560361636529,823.9537435707848,564.1762564292153,2026-07-21
9.75,90.0,0.09532560361636529,882.0285195125241,767.881480487476,2026-07-21
10.0,105.0,0.09532560361636529,946.9371825806388,917.8928174193611,2026-07-21
10.25,120.0,0.09532560361636529,1036.1309938528846,1018.9990061471156,2026-07-21
10.5,135.0,0.09532560361636529,1120.205602343397,965.084397656603,2026-07-21
10.75,150.0,0.09532560361636529,1168.2938553252386,912.9661446747616,2026-07-21
11.0,165.0,0.09532560361636529,1208.9592758216972,762.3507241783027,2026-07-21
11.25,180.0,0.09532560361636529,1239.5896171034117,516.9203828965883,2026-07-21
11.5,195.0,0.09532560361636529,1238.501541903016,540.758458096984,2026-07-21
11.75,210.0,0.09532560361636529,1231.4446180586715,489.7853819413285,2026-07-21
12.0,225.0,0.09532560361636529,1235.4056594551237,536.0843405448763,2026-07-21
12.25,240.0,0.09532560361636529,1239.4765817444409,606.3334182555591,2026-07-21
12.5,255.0,0.09532560361636529,1235.0357934698825,751.0042065301175,2026-07-21
12.75,270.0,0.09532560361636529,1227.376299356495,866.3637006435047,2026-07-21
13.0,285.0,0.09532560361636529,1217.2758905018238,843.3341094981763,2026-07-21
13.25,300.0,0.09532560361636529,1207.6197694045647,844.2902305954351,2026-07-21
13.5,315.0,0.09532560361636529,1194.6158132984344,553.0141867015657,2026-07-21
13.75,330.0,0.09532560361636529,1158.456852492163,626.693147507837,2026-07-21
14.0,345.0,0.09532560361636529,1112.8123231867728,918.4776768132272,2026-07-21
14.25,360.0,0.09532560361636529,1069.988582388827,865.611417611173,2026-07-21
14.5,375.0,0.09532560361636529,1020.7809024035712,1177.1890975964286,2026-07-21
14.75,390.0,0.09532560361636529,969.7456959581518,999.8043040418481,2026-07-21
15.0,405.0,0.09532560361636529,910.7911452489632,1240.258854751037,2026-07-21
15.25,420.0,0.09532560361636529,843.4850551488981,1398.8349448511021,2026-07-21
15.5,435.0,0.09532560361636529,772.8946358996657,1201.8553641003343,2026-07-21
15.75,450.0,0.09532560361636529,704.2079584390528,1035.902041560947,2026-07-21
16.0,465.0,0.09532560361636529,639.6930889057156,1470.546911094284,2026-07-21
16.25,480.0,0.09532560361636529,588.0074372856676,1770.2625627143325,2026-07-21
16.5,495.0,0.09532560361636529,531.4517784918177,1566.5182215081823,2026-07-21
16.75,510.0,0.09532560361636529,460.67780664845856,1210.1621933515414,2026-07-21
17.0,525.0,0.09532560361636529,388.3773808271493,864.8426191728507,2026-07-21
17.25,540.0,0.09532560361636529,317.62116911904786,522.8888308809521,2026-07-21
17.5,555.0,0.09532560361636529,244.7284789383129,325.86152106168714,2026-07-21
17.75,570.0,0.09532560361636529,176.90503113582278,304.8249688641772,2026-07-21
18.0,585.0,0.09532560361636529,117.63383739933197,270.08616260066805,2026-07-21
18.25,600.0,0.09532560361636529,71.61485548953442,154.86514451046557,2026-07-21
18.5,615.0,0.09532560361636529,14.924387407526195,61.97561259247381,2026-07-21
18.75,630.0,0.09532560361636529,0.0772575769665594,10.84274242303344,2026-07-21
19.0,645.0,0.09532560361636529,0.0,0.0,2026-07-21
10.0,15.0,0.17468915552337522,1351.5235552695342,513.3064447304657,2026-07-21
10.25,30.0,0.17468915552337522,1435.040396634186,620.0896033658141,2026-07-21
10.5,45.0,0.17468915552337522,1519.156638745326,566.1333612546739,2026-07-21
10.75,60.0,0.17468915552337522,1581.239354967824,500.02064503217616,2026-07-21
11.0,75.0,0.17468915552337522,1632.2807922031543,339.02920779684564,2026-07-21
11.25,90.0,0.17468915552337522,1667.8149492634836,88.69505073651635,2026-07-21
11.5,105.0,0.17468915552337522,1687.0738029404683,92.18619705953165,2026-07-21
11.75,120.0,0.17468915552337522,1698.0408372890524,23.189162710947585,2026-07-21
12.0,135.0,0.17468915552337522,1705.0031150423245,66.48688495767556,2026-07-21
12.25,150.0,0.17468915552337522,1705.407963746011,140.40203625398885,2026-07-21
12.5,165.0,0.17468915552337522,1701.1153068488925,284.9246931511075,2026-07-21
12.75,180.0,0.17468915552337522,1682.73772283159,411.0022771684098,2026-07-21
13.0,195.0,0.17468915552337522,1650.383336965911,410.22666303408914,2026-07-21
13.25,210.0,0.17468915552337522,1616.0415086089783,435.8684913910215,2026-07-21
13.5,225.0,0.17468915552337522,1586.2748463520331,161.35515364796697,2026-07-21
13.75,240.0,0.17468915552337522,1549.905661141035,235.2443388589652,2026-07-21
14.0,255.0,0.17468915552337522,1499.8460113850406,531.4439886149594,2026-07-21
14.25,270.0,0.17468915552337522,1442.8656934723654,492.73430652763454,2026-07-21
14.5,285.0,0.17468915552337522,1379.709347249881,818.2606527501189,2026-07-21
14.75,300.0,0.17468915552337522,1307.0651918166795,662.4848081833204,2026-07-21
15.0,315.0,0.17468915552337522,1224.4755527615946,926.5744472384056,2026-07-21
15.25,330.0,0.17468915552337522,1128.1135110009252,1114.206488999075,2026-07-21
15.5,345.0,0.17468915552337522,1034.6916430458173,940.0583569541827,2026-07-21
15.75,360.0,0.17468915552337522,947.2721400905418,792.8378599094581,2026-07-21
16.0,375.0,0.17468915552337522,859.820283717863,1250.4197162821367,2026-07-21
16.25,390.0,0.17468915552337522,770.5237449494273,1587.7462550505727,2026-07-21
16.5,405.0,0.17468915552337522,677.9776006726162,1419.9923993273837,2026-07-21
16.75,420.0,0.17468915552337522,583.1186165179088,1087.7213834820911,2026-07-21
17.0,435.0,0.17468915552337522,486.96605898584767,766.2539410141524,2026-07-21
17.25,450.0,0.17468915552337522,391.0210753096311,449.4889246903689,2026-07-21
17.5,465.0,0.17468915552337522,297.9494043273643,272.64059567263575,2026-07-21
17.75,480.0,0.17468915552337522,214.04419407790743,267.6858059220926,2026-07-21
18.0,495.0,0.17468915552337522,139.6262928587305,248.09370714126953,2026-07-21
18.25,510.0,0.17468915552337522,80.60991475886476,145.87008524113523,2026-07-21
18.5,525.0,0.17468915552337522,16.79566525703961,60.1043347429604,2026-07-21
18.75,540.0,0.17468915552337522,0.0871067561090886,10.832893243890911,2026-07-21
19.0,555.0,0.17468915552337522,0.0,0.0,2026-07-21
11.5,15.0,0.21002051699889668,1810.292214140576,-31.032214140576116,2026-07-21
11.75,30.0,0.21002051699889668,1819.502658588162,-98.2726585881619,2026-07-21
12.0,45.0,0.21002051699889668,1826.3200553397585,-54.830055339758474,2026-07-21
12.25,60.0,0.21002051699889668,1826.4042212772356,19.405778722764353,2026-07-21
12.5,75.0,0.21002051699889668,1823.9332465413925,162.1067534586075,2026-07-21
12.75,90.0,0.21002051699889668,1801.5890808645768,292.150919135423,2026-07-21
13.0,105.0,0.21002051699889668,1773.9251579067195,286.6848420932806,2026-07-21
13.25,120.0,0.21002051699889668,1752.5138663820867,299.39613361791316,2026-07-21
13.5,135.0,0.21002051699889668,1715.4752943631752,32.15470563682493,2026-07-21
13.75,150.0,0.21002051699889668,1666.5183446489625,118.63165535103758,2026-07-21
14.0,165.0,0.21002051699889668,1610.3563430202464,420.93365697975355,2026-07-21
14.25,180.0,0.21002051699889668,1551.5774086938466,384.02259130615334,2026-07-21
14.5,195.0,0.21002051699889668,1473.3548791777062,724.6151208222936,2026-07-21
14.75,210.0,0.21002051699889668,1383.965137654921,585.584862345079,2026-07-21
15.0,225.0,0.21002051699889668,1296.8255882411954,854.2244117588048,2026-07-21
15.25,240.0,0.21002051699889668,1209.7957050022972,1032.524294997703,2026-07-21
15.5,255.0,0.21002051699889668,1120.9078934326342,853.8421065673658,2026-07-21
15.75,270.0,0.21002051699889668,1029.6963262924091,710.4136737075908,2026-07-21
16.0,285.0,0.21002051699889668,938.9868165618144,1171.2531834381853,2026-07-21
16.25,300.0,0.21002051699889668,844.5203103505395,1513.7496896494604,2026-07-21
16.5,315.0,0.21002051699889668,741.4167259977625,1356.5532740022372,2026-07-21
16.75,330.0,0.21002051699889668,635.9279812331624,1034.9120187668375,2026-07-21
17.0,345.0,0.21002051699889668,530.277113974031,722.9428860259691,2026-07-21
17.25,360.0,0.21002051699889668,424.625879592492,415.88412040750796,2026-07-21
17.5,375.0,0.21002051699889668,321.4873885835492,249.10261141645083,2026-07-21
17.75,390.0,0.21002051699889668,228.926683335909,252.80331666409103,2026-07-21
18.0,405.0,0.21002051699889668,147.87287006736526,239.84712993263477,2026-07-21
18.25,420.0,0.21002051699889668,84.00649608904084,142.47350391095915,2026-07-21
18.5,435.0,0.21002051699889668,17.456897208992256,59.443102791007746,2026-07-21
18.75,450.0,0.21002051699889668,0.0900349999823802,10.82996500001762,2026-07-21
19.0,465.0,0.21002051699889668,0.0,0.0,2026-07-21
13.0,15.0,0.1882551271220208,1705.519004609563,355.09099539043723,2026-07-21
13.25,30.0,0.1882551271220208,1685.5987038875026,366.3112961124973,2026-07-21
13.5,45.0,0.1882551271220208,1662.0691273314112,85.5608726685889,2026-07-21
13.75,60.0,0.1882551271220208,1620.438795976365,164.711204023635,2026-07-21
14.0,75.0,0.1882551271220208,1575.208909089769,456.08109091023107,2026-07-21
14.25,90.0,0.1882551271220208,1521.055107480393,414.54489251960695,2026-07-21
14.5,105.0,0.1882551271220208,1457.8883159713912,740.0816840286086,2026-07-21
14.75,120.0,0.1882551271220208,1377.8935787076953,591.6564212923047,2026-07-21
15.0,135.0,0.1882551271220208,1289.997854281429,861.0521457185712,2026-07-21
15.25,150.0,0.1882551271220208,1200.6739416374985,1041.6460583625017,2026-07-21
15.5,165.0,0.1882551271220208,1111.213515523119,863.536484476881,2026-07-21
15.75,180.0,0.1882551271220208,1019.3392612867966,720.7707387132033,2026-07-21
16.0,195.0,0.1882551271220208,921.6493772201532,1188.5906227798466,2026-07-21
16.25,210.0,0.1882551271220208,822.6473163669702,1535.6226836330297,2026-07-21
16.5,225.0,0.1882551271220208,720.6630036645868,1377.306996335413,2026-07-21
16.75,240.0,0.1882551271220208,620.3811116494876,1050.4588883505123,2026-07-21
17.0,255.0,0.1882551271220208,518.5114133320844,734.7085866679156,2026-07-21
17.25,270.0,0.1882551271220208,413.96465457002887,426.5453454299711,2026-07-21
17.5,285.0,0.1882551271220208,312.1170334646932,258.47296653530685,2026-07-21
17.75,300.0,0.1882551271220208,223.44888773850872,258.28111226149133,2026-07-21
18.0,315.0,0.1882551271220208,144.63424226526786,243.08575773473217,2026-07-21
18.25,330.0,0.1882551271220208,81.39918497123969,145.0808150287603,2026-07-21
18.5,345.0,0.1882551271220208,16.493445534054416,60.40655446594559,2026-07-21
18.75,360.0,0.1882551271220208,0.0856236014370954,10.834376398562904,2026-07-21
19.0,375.0,0.1882551271220208,0.0,0.0,2026-07-21
14.5,15.0,0.20642719577221144,1538.113040846653,659.8569591533469,2026-07-21
14.75,30.0,0.20642719577221144,1456.8704453564785,512.6795546435214,2026-07-21
15.0,45.0,0.20642719577221144,1370.9527930951258,780.0972069048744,2026-07-21
15.25,60.0,0.20642719577221144,1280.9736596443106,961.3463403556896,2026-07-21
15.5,75.0,0.20642719577221144,1189.1246322496534,785.6253677503466,2026-07-21
15.75,90.0,0.20642719577221144,1086.6440641473175,653.4659358526824,2026-07-21
16.0,105.0,0.20642719577221144,982.17695844103,1128.0630415589699,2026-07-21
16.25,120.0,0.20642719577221144,881.0229752060039,1477.247024793996,2026-07-21
16.5,135.0,0.20642719577221144,776.0951825883913,1321.8748174116085,2026-07-21
16.75,150.0,0.20642719577221144,666.6757888292972,1004.1642111707027,2026-07-21
17.0,165.0,0.20642719577221144,553.7966038905682,699.4233961094318,2026-07-21
17.25,180.0,0.20642719577221144,441.2955066921874,399.2144933078126,2026-07-21
17.5,195.0,0.20642719577221144,332.07229803337924,238.5177019666208,2026-07-21
17.75,210.0,0.20642719577221144,236.2293405535762,245.5006594464238,2026-07-21
18.0,225.0,0.20642719577221144,152.02995845088606,235.69004154911397,2026-07-21
18.25,240.0,0.20642719577221144,85.06842265544238,141.4115773445576,2026-07-21
18.5,255.0,0.20642719577221144,17.299774451151194,59.60022554884881,2026-07-21
18.75,270.0,0.20642719577221144,0.0893787256952995,10.8306212743047,2026-07-21
19.0,285.0,0.20642719577221144,0.0,0.0,2026-07-21
16.0,15.0,0.30933828041316924,1336.4394718293938,773.800528170606,2026-07-21
16.25,30.0,0.30933828041316924,1199.3817382459638,1158.8882617540362,2026-07-21
16.5,45.0,0.30933828041316924,1048.3179466120382,1049.6520533879616,2026-07-21
16.75,60.0,0.30933828041316924,891.3261362046412,779.5138637953587,2026-07-21
17.0,75.0,0.30933828041316924,736.0839844455245,517.1360155544755,2026-07-21
17.25,90.0,0.30933828041316924,581.1764664197386,259.33353358026136,2026-07-21
17.5,105.0,0.30933828041316924,431.9587370613184,138.63126293868163,2026-07-21
17.75,120.0,0.30933828041316924,301.78112554030423,179.9488744596958,2026-07-21
18.0,135.0,0.30933828041316924,188.7342723480388,198.98572765196124,2026-07-21
18.25,150.0,0.30933828041316924,100.0629912177166,126.41700878228339,2026-07-21
18.5,165.0,0.30933828041316924,20.341302944531847,56.55869705546816,2026-07-21
18.75,180.0,0.30933828041316924,0.1050988722039054,10.814901127796094,2026-07-21
19.0,195.0,0.30933828041316924,0.0,0.0,2026-07-21
17.5,15.0,0.47100535949106237,575.0485326538834,-4.458532653883367,2026-07-21
17.75,30.0,0.47100535949106237,396.7750956481981,84.95490435180193,2026-07-21
18.0,45.0,0.47100535949106237,242.2937221406945,145.42627785930551,2026-07-21
18.25,60.0,0.47100535949106237,122.27146372624811,104.20853627375188,2026-07-21
18.5,75.0,0.47100535949106237,24.896832918009423,52.00316708199058,2026-07-21
18.75,90.0,0.47100535949106237,0.1285973075681305,10.79140269243187,2026-07-21
19.0,105.0,0.47100535949106237,0.0,0.0,2026-07-21
7.0,15.0,0.1682797185139815,204.4451990089584,-1.4351990089584206,2026-07-22
7.25,30.0,0.1682797185139815,285.3574975725609,197.12250242743914,2026-07-22
7.5,45.0,0.1682797185139815,373.6854002016322,253.6945997983678,2026-07-22
7.75,60.0,0.1682797185139815,465.7257503934832,520.6042496065168,2026-07-22
8.0,75.0,0.1682797185139815,567.6512741142238,618.5387258857762,2026-07-22
8.25,90.0,0.1682797185139815,670.7302765394621,647.5997234605378,2026-07-22
8.5,105.0,0.1682797185139815,773.5634292177721,235.24657078222788,2026-07-22
8.75,120.0,0.1682797185139815,875.6482039451136,93.52179605488641,2026-07-22
9.0,135.0,0.1682797185139815,989.4486634821956,103.04133651780444,2026-07-22
9.25,150.0,0.1682797185139815,1101.1604788773516,1670.6795211226486,2026-07-22
9.5,165.0,0.1682797185139815,1204.3430546664158,2463.156945333584,2026-07-22
9.75,180.0,0.1682797185139815,1298.3902915779115,1644.4797084220884,2026-07-22
10.0,195.0,0.1682797185139815,1402.979458958246,1988.6305410417542,2026-07-22
10.25,210.0,0.1682797185139815,1488.7439127767125,1672.9960872232873,2026-07-22
10.5,225.0,0.1682797185139815,1544.0566655080863,1534.6633344919135,2026-07-22
10.75,240.0,0.1682797185139815,1578.1149607752552,1560.455039224745,2026-07-22
11.0,255.0,0.1682797185139815,1597.6036290562745,1004.7663709437254,2026-07-22
11.25,270.0,0.1682797185139815,1606.610190902443,852.7498090975571,2026-07-22
11.5,285.0,0.1682797185139815,1639.81034242531,1663.30965757469,2026-07-22
11.75,300.0,0.1682797185139815,1669.8766474287538,3407.833352571246,2026-07-22
12.0,315.0,0.1682797185139815,1668.5402477816128,2079.0097522183873,2026-07-22
12.25,330.0,0.1682797185139815,1640.2696024719853,1363.1703975280147,2026-07-22
12.5,345.0,0.1682797185139815,1640.316404141624,333.97359585837603,2026-07-22
12.75,360.0,0.1682797185139815,1633.6585558893769,2090.8914441106235,2026-07-22
13.0,375.0,0.1682797185139815,1618.849204103683,1058.310795896317,2026-07-22
13.25,390.0,0.1682797185139815,1605.5244063676228,822.2055936323773,2026-07-22
13.5,405.0,0.1682797185139815,1594.0792504597705,878.7807495402296,2026-07-22
13.75,420.0,0.1682797185139815,1558.393982332174,869.6160176678263,2026-07-22
14.0,435.0,0.1682797185139815,1528.812123561628,698.4378764383721,2026-07-22
14.25,450.0,0.1682797185139815,1494.1853351663165,1685.6246648336835,2026-07-22
14.5,465.0,0.1682797185139815,1459.9403365407168,1310.7896634592832,2026-07-22
14.75,480.0,0.1682797185139815,1411.020509940583,-1411.020509940583,2026-07-22
15.0,495.0,0.1682797185139815,1365.4580603187635,-1365.4580603187635,2026-07-22
15.25,510.0,0.1682797185139815,1301.8189342066712,-1301.8189342066712,2026-07-22
15.5,525.0,0.1682797185139815,1224.5913869663907,-1224.5913869663907,2026-07-22
15.75,540.0,0.1682797185139815,1130.304397851409,-1130.304397851409,2026-07-22
16.0,555.0,0.1682797185139815,1038.5800721036635,-1038.5800721036635,2026-07-22
16.25,570.0,0.1682797185139815,932.7267778813588,-932.7267778813588,2026-07-22
16.5,585.0,0.1682797185139815,813.881842611497,-813.881842611497,2026-07-22
16.75,600.0,0.1682797185139815,686.7201802897536,-686.7201802897536,2026-07-22
17.0,615.0,0.1682797185139815,557.7745121902103,-557.7745121902103,2026-07-22
17.25,630.0,0.1682797185139815,438.0479891984936,-438.0479891984936,2026-07-22
17.5,645.0,0.1682797185139815,333.10633063294046,-333.10633063294046,2026-07-22
17.75,660.0,0.1682797185139815,238.2452102710709,-238.2452102710709,2026-07-22
18.0,675.0,0.1682797185139815,156.28072763803326,-156.28072763803326,2026-07-22
18.25,690.0,0.1682797185139815,87.76810265117699,-87.76810265117699,2026-07-22
18.5,705.0,0.1682797185139815,15.746616118616252,-15.746616118616252,2026-07-22
18.75,720.0,0.1682797185139815,0.0688587984279981,-0.0688587984279981,2026-07-22
19.0,735.0,0.1682797185139815,0.0,0.0,2026-07-22
8.5,15.0,0.2800583336879304,1094.589138339603,-85.77913833960315,2026-07-22
8.75,30.0,0.2800583336879304,1237.7594972350623,-268.58949723506237,2026-07-22
9.0,45.0,0.2800583336879304,1383.067458742982,-290.5774587429819,2026-07-22
9.25,60.0,0.2800583336879304,1518.0846878470495,1253.7553121529506,2026-07-22
9.5,75.0,0.2800583336879304,1646.4048850140907,2021.0951149859093,2026-07-22
9.75,90.0,0.2800583336879304,1769.7378282629809,1173.132171737019,2026-07-22
10.0,105.0,0.2800583336879304,1899.2660470508024,1492.3439529491977,2026-07-22
10.25,120.0,0.2800583336879304,2009.5039832088887,1152.236016791111,2026-07-22
10.5,135.0,0.2800583336879304,2081.2077695926105,997.5122304073893,2026-07-22
10.75,150.0,0.2800583336879304,2130.3170631879952,1008.2529368120049,2026-07-22
11.0,165.0,0.2800583336879304,2168.9607120126984,433.40928798730147,2026-07-22
11.25,180.0,0.2800583336879304,2195.150593342751,264.209406657249,2026-07-22
11.5,195.0,0.2800583336879304,2235.168523922884,1067.9514760771158,2026-07-22
11.75,210.0,0.2800583336879304,2270.6380094058964,2807.0719905941037,2026-07-22
12.0,225.0,0.2800583336879304,2261.532274885531,1486.0177251144692,2026-07-22
12.25,240.0,0.2800583336879304,2234.379641057732,769.0603589422681,2026-07-22
12.5,255.0,0.2800583336879304,2227.926838554672,-253.63683855467207,2026-07-22
12.75,270.0,0.2800583336879304,2211.299272591727,1513.2507274082732,2026-07-22
13.0,285.0,0.2800583336879304,2201.173997004585,475.98600299541476,2026-07-22
13.25,300.0,0.2800583336879304,2184.989406144326,242.74059385567398,2026-07-22
13.5,315.0,0.2800583336879304,2158.766410369745,314.09358963025534,2026-07-22
13.75,330.0,0.2800583336879304,2111.363830463228,316.64616953677205,2026-07-22
14.0,345.0,0.2800583336879304,2062.5964950728358,164.65350492716425,2026-07-22
14.25,360.0,0.2800583336879304,1999.7918857242269,1180.018114275773,2026-07-22
14.5,375.0,0.2800583336879304,1933.9658703267803,836.7641296732197,2026-07-22
14.75,390.0,0.2800583336879304,1860.2324172601675,-1860.2324172601675,2026-07-22
15.0,405.0,0.2800583336879304,1776.1408919520463,-1776.1408919520463,2026-07-22
15.25,420.0,0.2800583336879304,1674.6129901819552,-1674.6129901819552,2026-07-22
15.5,435.0,0.2800583336879304,1564.2496272580352,-1564.2496272580352,2026-07-22
15.75,450.0,0.2800583336879304,1442.5838372168091,-1442.5838372168091,2026-07-22
16.0,465.0,0.2800583336879304,1322.1894780788582,-1322.1894780788582,2026-07-22
16.25,480.0,0.2800583336879304,1182.4023793362364,-1182.4023793362364,2026-07-22
16.5,495.0,0.2800583336879304,1030.141514378931,-1030.141514378931,2026-07-22
16.75,510.0,0.2800583336879304,870.8877799508763,-870.8877799508763,2026-07-22
17.0,525.0,0.2800583336879304,712.9753365607678,-712.9753365607678,2026-07-22
17.25,540.0,0.2800583336879304,562.5977235295379,-562.5977235295379,2026-07-22
17.5,555.0,0.2800583336879304,426.0578731321376,-426.0578731321376,2026-07-22
17.75,570.0,0.2800583336879304,300.83938285488944,-300.83938285488944,2026-07-22
18.0,585.0,0.2800583336879304,191.1094828436487,-191.1094828436487,2026-07-22
18.25,600.0,0.2800583336879304,102.05701062942428,-102.05701062942428,2026-07-22
18.5,615.0,0.2800583336879304,18.595572109780584,-18.595572109780584,2026-07-22
18.75,630.0,0.2800583336879304,0.0814330810486657,-0.0814330810486657,2026-07-22
19.0,645.0,0.2800583336879304,0.0,0.0,2026-07-22
10.0,15.0,0.37736254766553035,2338.3408079803303,1053.2691920196698,2026-07-22
10.25,30.0,0.37736254766553035,2467.8839565706608,693.856043429339,2026-07-22
10.5,45.0,0.37736254766553035,2570.7455940068226,507.97440599317724,2026-07-22
10.75,60.0,0.37736254766553035,2644.110805048126,494.459194951874,2026-07-22
11.0,75.0,0.37736254766553035,2685.730036145884,-83.3600361458839,2026-07-22
11.25,90.0,0.37736254766553035,2719.3718220570404,-260.01182205704026,2026-07-22
11.5,105.0,0.37736254766553035,2773.591095216893,529.528904783107,2026-07-22
11.75,120.0,0.37736254766553035,2819.937227698101,2257.772772301899,2026-07-22
12.0,135.0,0.37736254766553035,2817.508157163799,930.0418428362013,2026-07-22
12.25,150.0,0.37736254766553035,2798.836637463256,204.60336253674404,2026-07-22
12.5,165.0,0.37736254766553035,2793.5621364567983,-819.2721364567983,2026-07-22
12.75,180.0,0.37736254766553035,2772.247505198849,952.3024948011512,2026-07-22
13.0,195.0,0.37736254766553035,2741.7223619691263,-64.56236196912641,2026-07-22
13.25,210.0,0.37736254766553035,2701.760041567121,-274.03004156712086,2026-07-22
13.5,225.0,0.37736254766553035,2658.3230561201785,-185.4630561201784,2026-07-22
13.75,240.0,0.37736254766553035,2607.33094598236,-179.32094598235972,2026-07-22
14.0,255.0,0.37736254766553035,2546.7251837727927,-319.47518377279266,2026-07-22
14.25,270.0,0.37736254766553035,2468.3049328609686,711.5050671390313,2026-07-22
14.5,285.0,0.37736254766553035,2383.882349523235,386.847650476765,2026-07-22
14.75,300.0,0.37736254766553035,2285.673010380848,-2285.673010380848,2026-07-22
15.0,315.0,0.37736254766553035,2180.0873456124905,-2180.0873456124905,2026-07-22
15.25,330.0,0.37736254766553035,2063.1023841235447,-2063.1023841235447,2026-07-22
15.5,345.0,0.37736254766553035,1928.785701123332,-1928.785701123332,2026-07-22
15.75,360.0,0.37736254766553035,1771.1235806647912,-1771.1235806647912,2026-07-22
16.0,375.0,0.37736254766553035,1613.644961910892,-1613.644961910892,2026-07-22
16.25,390.0,0.37736254766553035,1441.6450154540255,-1441.6450154540255,2026-07-22
16.5,405.0,0.37736254766553035,1255.5454596550708,-1255.5454596550708,2026-07-22
16.75,420.0,0.37736254766553035,1060.3441440987367,-1060.3441440987367,2026-07-22
17.0,435.0,0.37736254766553035,863.5868441277161,-863.5868441277161,2026-07-22
17.25,450.0,0.37736254766553035,674.8852100497097,-674.8852100497097,2026-07-22
17.5,465.0,0.37736254766553035,508.1896754971737,-508.1896754971737,2026-07-22
17.75,480.0,0.37736254766553035,357.4778928802759,-357.4778928802759,2026-07-22
18.0,495.0,0.37736254766553035,223.91794581268428,-223.91794581268428,2026-07-22
18.25,510.0,0.37736254766553035,115.64279638785794,-115.64279638785794,2026-07-22
18.5,525.0,0.37736254766553035,21.243952744397312,-21.243952744397312,2026-07-22
18.75,540.0,0.37736254766553035,0.0930222317200722,-0.0930222317200722,2026-07-22
19.0,555.0,0.37736254766553035,0.0,0.0,2026-07-22
11.5,15.0,0.3301754314757893,2416.2339975262066,886.8860024737933,2026-07-22
11.75,30.0,0.3301754314757893,2454.6435594787804,2623.0664405212196,2026-07-22
12.0,45.0,0.3301754314757893,2459.8741279980204,1287.6758720019798,2026-07-22
12.25,60.0,0.3301754314757893,2446.7252377747063,556.7147622252937,2026-07-22
12.5,75.0,0.3301754314757893,2455.3713653377163,-481.0813653377163,2026-07-22
12.75,90.0,0.3301754314757893,2446.65416171072,1277.8958382892802,2026-07-22
13.0,105.0,0.3301754314757893,2422.473474206592,254.68652579340778,2026-07-22
13.25,120.0,0.3301754314757893,2395.1576403126437,32.57235968735631,2026-07-22
13.5,135.0,0.3301754314757893,2368.9087940143168,103.95120598568337,2026-07-22
13.75,150.0,0.3301754314757893,2324.569486382202,103.44051361779839,2026-07-22
14.0,165.0,0.3301754314757893,2271.1819690801867,-43.93196908018672,2026-07-22
14.25,180.0,0.3301754314757893,2201.449445231763,978.3605547682369,2026-07-22
14.5,195.0,0.3301754314757893,2125.4267263270403,645.3032736729597,2026-07-22
14.75,210.0,0.3301754314757893,2037.9504920742295,-2037.9504920742295,2026-07-22
15.0,225.0,0.3301754314757893,1941.7873926419643,-1941.7873926419643,2026-07-22
15.25,240.0,0.3301754314757893,1840.8286756953992,-1840.8286756953992,2026-07-22
15.5,255.0,0.3301754314757893,1733.7366574977054,-1733.7366574977054,2026-07-22
15.75,270.0,0.3301754314757893,1607.125344566721,-1607.125344566721,2026-07-22
16.0,285.0,0.3301754314757893,1468.1105222075375,-1468.1105222075375,2026-07-22
16.25,300.0,0.3301754314757893,1310.6886876000076,-1310.6886876000076,2026-07-22
16.5,315.0,0.3301754314757893,1140.038270430791,-1140.038270430791,2026-07-22
16.75,330.0,0.3301754314757893,959.3276954940548,-959.3276954940548,2026-07-22
17.0,345.0,0.3301754314757893,780.2589038968165,-780.2589038968165,2026-07-22
17.25,360.0,0.3301754314757893,608.1676883823565,-608.1676883823565,2026-07-22
17.5,375.0,0.3301754314757893,456.8051151181204,-456.8051151181204,2026-07-22
17.75,390.0,0.3301754314757893,323.1837497593919,-323.1837497593919,2026-07-22
18.0,405.0,0.3301754314757893,205.169142093616,-205.169142093616,2026-07-22
18.25,420.0,0.3301754314757893,107.8332847491742,-107.8332847491742,2026-07-22
18.5,435.0,0.3301754314757893,19.69656461459553,-19.69656461459553,2026-07-22
18.75,450.0,0.3301754314757893,0.0862508030992171,-0.0862508030992171,2026-07-22
19.0,465.0,0.3301754314757893,0.0,0.0,2026-07-22
13.0,15.0,0.3212624735319957,2925.451795504277,-248.29179550427716,2026-07-22
13.25,30.0,0.3212624735319957,2899.7206849782588,-471.99068497825874,2026-07-22
13.5,45.0,0.3212624735319957,2878.3398297203835,-405.47982972038335,2026-07-22
13.75,60.0,0.3212624735319957,2810.253524609341,-382.24352460934097,2026-07-22
14.0,75.0,0.3212624735319957,2733.9038644269576,-506.6538644269576,2026-07-22
14.25,90.0,0.3212624735319957,2652.933585765725,526.8764142342748,2026-07-22
14.5,105.0,0.3212624735319957,2562.706094024451,208.02390597554904,2026-07-22
14.75,120.0,0.3212624735319957,2444.846748763512,-2444.846748763512,2026-07-22
15.0,135.0,0.3212624735319957,2327.4797809037163,-2327.4797809037163,2026-07-22
15.25,150.0,0.3212624735319957,2200.939706710598,-2200.939706710598,2026-07-22
15.5,165.0,0.3212624735319957,2063.587226220694,-2063.587226220694,2026-07-22
15.75,180.0,0.3212624735319957,1909.8225700635896,-1909.8225700635896,2026-07-22
16.0,195.0,0.3212624735319957,1743.933406702297,-1743.933406702297,2026-07-22
16.25,210.0,0.3212624735319957,1556.529354048655,-1556.529354048655,2026-07-22
16.5,225.0,0.3212624735319957,1355.035031809216,-1355.035031809216,2026-07-22
16.75,240.0,0.3212624735319957,1148.8173495277467,-1148.8173495277467,2026-07-22
17.0,255.0,0.3212624735319957,942.9352867108436,-942.9352867108436,2026-07-22
17.25,270.0,0.3212624735319957,743.7243830454739,-743.7243830454739,2026-07-22
17.5,285.0,0.3212624735319957,564.8036370720109,-564.8036370720109,2026-07-22
17.75,300.0,0.3212624735319957,408.17159186315104,-408.17159186315104,2026-07-22
18.0,315.0,0.3212624735319957,265.3545671051111,-265.3545671051111,2026-07-22
18.25,330.0,0.3212624735319957,108.48207333874056,-108.48207333874056,2026-07-22
18.5,345.0,0.3212624735319957,19.78514022175067,-19.78514022175067,2026-07-22
18.75,360.0,0.3212624735319957,0.0870038022408622,-0.0870038022408622,2026-07-22
19.0,375.0,0.3212624735319957,0.0,0.0,2026-07-22
14.5,15.0,0.2901119231672862,2431.1177190620124,339.61228093798763,2026-07-22
14.75,30.0,0.2901119231672862,2311.698807607083,-2311.698807607083,2026-07-22
15.0,45.0,0.2901119231672862,2202.0337921370296,-2202.0337921370296,2026-07-22
15.25,60.0,0.2901119231672862,2081.665168752252,-2081.665168752252,2026-07-22
15.5,75.0,0.2901119231672862,1947.262020076313,-1947.262020076313,2026-07-22
15.75,90.0,0.2901119231672862,1793.0590990012715,-1793.0590990012715,2026-07-22
16.0,105.0,0.2901119231672862,1628.8999052723605,-1628.8999052723605,2026-07-22
16.25,120.0,0.2901119231672862,1458.569210766683,-1458.569210766683,2026-07-22
16.5,135.0,0.2901119231672862,1277.1628007356696,-1277.1628007356696,2026-07-22
16.75,150.0,0.2901119231672862,1085.5345534548892,-1085.5345534548892,2026-07-22
17.0,165.0,0.2901119231672862,891.608525182484,-891.608525182484,2026-07-22
17.25,180.0,0.2901119231672862,708.5353539802213,-708.5353539802213,2026-07-22
17.5,195.0,0.2901119231672862,543.0667057560777,-543.0667057560777,2026-07-22
17.75,210.0,0.2901119231672862,394.9787523690626,-394.9787523690626,2026-07-22
18.0,225.0,0.2901119231672862,258.08578669155173,-258.08578669155173,2026-07-22
18.25,240.0,0.2901119231672862,105.75430245227304,-105.75430245227304,2026-07-22
18.5,255.0,0.2901119231672862,19.260323585393177,-19.260323585393177,2026-07-22
18.75,270.0,0.2901119231672862,0.0842568117095124,-0.0842568117095124,2026-07-22
19.0,285.0,0.2901119231672862,0.0,0.0,2026-07-22
16.0,15.0,0.2995672180059075,1503.53491578042,-1503.53491578042,2026-07-22
16.25,30.0,0.2995672180059075,1358.6894587251445,-1358.6894587251445,2026-07-22
16.5,45.0,0.2995672180059075,1199.9971477535046,-1199.9971477535046,2026-07-22
16.75,60.0,0.2995672180059075,1029.351955701518,-1029.351955701518,2026-07-22
17.0,75.0,0.2995672180059075,854.4701714973495,-854.4701714973495,2026-07-22
17.25,90.0,0.2995672180059075,683.3610871301402,-683.3610871301402,2026-07-22
17.5,105.0,0.2995672180059075,523.6215216300639,-523.6215216300639,2026-07-22
17.75,120.0,0.2995672180059075,382.5753947999223,-382.5753947999223,2026-07-22
18.0,135.0,0.2995672180059075,252.60180392348,-252.60180392348,2026-07-22
18.25,150.0,0.2995672180059075,104.1075656041345,-104.1075656041345,2026-07-22
18.5,165.0,0.2995672180059075,18.941042548123782,-18.941042548123782,2026-07-22
18.75,180.0,0.2995672180059075,0.0831343604070639,-0.0831343604070639,2026-07-22
19.0,195.0,0.2995672180059075,0.0,0.0,2026-07-22
17.5,15.0,0.24392077516844055,483.80080818175946,-483.80080818175946,2026-07-22
17.75,30.0,0.24392077516844055,354.73581025648485,-354.73581025648485,2026-07-22
18.0,45.0,0.24392077516844055,236.7286720816602,-236.7286720816602,2026-07-22
18.25,60.0,0.24392077516844055,97.8667953288887,-97.8667953288887,2026-07-22
18.5,75.0,0.24392077516844055,17.757663578326017,-17.757663578326017,2026-07-22
18.75,90.0,0.24392077516844055,0.0777341714461255,-0.0777341714461255,2026-07-22
19.0,105.0,0.24392077516844055,0.0,0.0,2026-07-22
7.0,15.0,0.27258633605720195,389.65232279247016,-148.58232279247017,2026-07-23
7.25,30.0,0.27258633605720195,543.4646557080893,-244.10465570808924,2026-07-23
7.5,45.0,0.27258633605720195,705.4061283061632,-329.49612830616314,2026-07-23
7.75,60.0,0.27258633605720195,880.1119133500451,-446.9419133500451,2026-07-23
8.0,75.0,0.27258633605720195,1058.7764052248976,-405.0464052248976,2026-07-23
8.25,90.0,0.27258633605720195,1239.484101350861,-413.69410135086105,2026-07-23
8.5,105.0,0.27258633605720195,1414.117137591296,-365.757137591296,2026-07-23
8.75,120.0,0.27258633605720195,1595.5358501202104,-428.5058501202104,2026-07-23
9.0,135.0,0.27258633605720195,1780.8738710872035,-587.3338710872035,2026-07-23
9.25,150.0,0.27258633605720195,1969.019755644094,-5.509755644093957,2026-07-23
9.5,165.0,0.27258633605720195,2149.750440997046,140.13955900295377,2026-07-23
9.75,180.0,0.27258633605720195,2333.708520006699,752.3214799933012,2026-07-23
10.0,195.0,0.27258633605720195,2508.43374819576,1257.0562518042398,2026-07-23
10.25,210.0,0.27258633605720195,2665.598173198436,-31.838173198435925,2026-07-23
10.5,225.0,0.27258633605720195,2807.4039850439945,-304.7139850439944,2026-07-23
10.75,240.0,0.27258633605720195,2959.071091826845,-211.34109182684506,2026-07-23
11.0,255.0,0.27258633605720195,3095.176495363552,316.74350463644805,2026-07-23
11.25,270.0,0.27258633605720195,3231.3526213634277,-1131.382621363428,2026-07-23
11.5,285.0,0.27258633605720195,3376.894242773721,-561.994242773721,2026-07-23
11.75,300.0,0.27258633605720195,3527.8501744636146,1129.6998255363856,2026-07-23
12.0,315.0,0.27258633605720195,3638.7730917961953,-124.14309179619522,2026-07-23
12.25,330.0,0.27258633605720195,3705.131880490386,1005.9681195096146,2026-07-23
12.5,345.0,0.27258633605720195,3770.24309267548,2716.96690732452,2026-07-23
12.75,360.0,0.27258633605720195,3781.690459460946,2221.7395405390544,2026-07-23
13.0,375.0,0.27258633605720195,3803.589838577454,2140.3401614225463,2026-07-23
13.25,390.0,0.27258633605720195,3814.132586061136,1248.617413938864,2026-07-23
13.5,405.0,0.27258633605720195,3810.6670175784334,874.4829824215662,2026-07-23
13.75,420.0,0.27258633605720195,3701.203959783991,890.9060402160085,2026-07-23
14.0,435.0,0.27258633605720195,3588.7693587067656,1501.1606412932347,2026-07-23
14.25,450.0,0.27258633605720195,3470.825486982379,-1121.615486982379,2026-07-23
14.5,465.0,0.27258633605720195,3335.0526448398136,-2182.502644839814,2026-07-23
14.75,480.0,0.27258633605720195,3143.152560963212,-2215.8425609632122,2026-07-23
15.0,495.0,0.27258633605720195,2952.074538207019,-2420.464538207019,2026-07-23
15.25,510.0,0.27258633605720195,2754.005967777075,-2142.035967777075,2026-07-23
15.5,525.0,0.27258633605720195,2547.8123066468997,-2085.2523066469,2026-07-23
15.75,540.0,0.27258633605720195,2333.704592488677,-1708.5945924886769,2026-07-23
16.0,555.0,0.27258633605720195,2111.427437973674,-1185.447437973674,2026-07-23
16.25,570.0,0.27258633605720195,1876.2528081400387,504.06719185996144,2026-07-23
16.5,585.0,0.27258633605720195,1634.66372360668,-181.89372360667994,2026-07-23
16.75,600.0,0.27258633605720195,1401.140269171353,-286.12026917135313,2026-07-23
17.0,615.0,0.27258633605720195,1166.1295001190908,-45.96950011909075,2026-07-23
17.25,630.0,0.27258633605720195,941.842158846394,-372.13215884639396,2026-07-23
17.5,645.0,0.27258633605720195,712.7885020057846,-389.3285020057846,2026-07-23
17.75,660.0,0.27258633605720195,475.368273480308,-284.71827348030797,2026-07-23
18.0,675.0,0.27258633605720195,267.92746383184493,-141.75746383184492,2026-07-23
18.25,690.0,0.27258633605720195,109.53122073273305,22.61877926726696,2026-07-23
18.5,705.0,0.27258633605720195,19.215178592327405,76.8748214076726,2026-07-23
18.75,720.0,0.27258633605720195,0.0697586959524183,21.46024130404758,2026-07-23
19.0,735.0,0.27258633605720195,0.0,0.0,2026-07-23
8.5,15.0,0.16633196331178618,1059.5335911860764,-11.173591186076465,2026-07-23
8.75,30.0,0.16633196331178618,1204.7675010643766,-37.7375010643766,2026-07-23
9.0,45.0,0.16633196331178618,1350.392535197608,-156.85253519760795,2026-07-23
9.25,60.0,0.16633196331178618,1501.0423821655631,462.46761783443685,2026-07-23
9.5,75.0,0.16633196331178618,1652.4651561632702,637.4248438367297,2026-07-23
9.75,90.0,0.16633196331178618,1803.7810829043324,1282.2489170956678,2026-07-23
10.0,105.0,0.16633196331178618,1944.548162767604,1820.9418372323958,2026-07-23
10.25,120.0,0.16633196331178618,2081.5867772508645,552.1732227491357,2026-07-23
10.5,135.0,0.16633196331178618,2207.001617826583,295.68838217341727,2026-07-23
10.75,150.0,0.16633196331178618,2345.4552056706075,402.27479432939253,2026-07-23
11.0,165.0,0.16633196331178618,2466.7516950988947,945.1683049011053,2026-07-23
11.25,180.0,0.16633196331178618,2591.4306129449637,-491.46061294496394,2026-07-23
11.5,195.0,0.16633196331178618,2733.0853659217446,81.8146340782555,2026-07-23
11.75,210.0,0.16633196331178618,2877.9944577475007,1779.5555422524994,2026-07-23
12.0,225.0,0.16633196331178618,2973.950264681149,540.6797353188513,2026-07-23
12.25,240.0,0.16633196331178618,3039.0179583247927,1672.0820416752076,2026-07-23
12.5,255.0,0.16633196331178618,3104.6081060433944,3382.6018939566056,2026-07-23
12.75,270.0,0.16633196331178618,3119.984022209553,2883.445977790447,2026-07-23
13.0,285.0,0.16633196331178618,3142.3606410409834,2801.569358959017,2026-07-23
13.25,300.0,0.16633196331178618,3162.2100833374047,1900.5399166625953,2026-07-23
13.5,315.0,0.16633196331178618,3169.2802096655373,1515.8697903344623,2026-07-23
13.75,330.0,0.16633196331178618,3080.2773954841405,1511.8326045158592,2026-07-23
14.0,345.0,0.16633196331178618,2986.851990935011,2103.078009064989,2026-07-23
14.25,360.0,0.16633196331178618,2893.271157068785,-544.0611570687852,2026-07-23
14.5,375.0,0.16633196331178618,2797.6610604435045,-1645.1110604435046,2026-07-23
14.75,390.0,0.16633196331178618,2647.499880354248,-1720.189880354248,2026-07-23
15.0,405.0,0.16633196331178618,2488.278411174688,-1956.6684111746877,2026-07-23
15.25,420.0,0.16633196331178618,2326.127577216296,-1714.1575772162957,2026-07-23
15.5,435.0,0.16633196331178618,2156.9736414692434,-1694.4136414692434,2026-07-23
15.75,450.0,0.16633196331178618,1975.8466238302944,-1350.7366238302943,2026-07-23
16.0,465.0,0.16633196331178618,1789.7060997235478,-863.7260997235478,2026-07-23
16.25,480.0,0.16633196331178618,1593.5917294961694,786.7282705038308,2026-07-23
16.5,495.0,0.16633196331178618,1390.4271620214724,62.34283797852754,2026-07-23
16.75,510.0,0.16633196331178618,1195.7355139066997,-80.7155139066997,2026-07-23
17.0,525.0,0.16633196331178618,999.5657258757026,120.5942741242975,2026-07-23
17.25,540.0,0.16633196331178618,812.955547781505,-243.2455477815049,2026-07-23
17.5,555.0,0.16633196331178618,618.4451369689832,-294.9851369689832,2026-07-23
17.75,570.0,0.16633196331178618,412.406240127391,-221.756240127391,2026-07-23
18.0,585.0,0.16633196331178618,231.98702416664,-105.81702416664,2026-07-23
18.25,600.0,0.16633196331178618,94.55978337010325,37.59021662989676,2026-07-23
18.5,615.0,0.16633196331178618,16.21709967738634,79.87290032261366,2026-07-23
18.75,630.0,0.16633196331178618,0.0586125779397141,21.471387422060285,2026-07-23
19.0,645.0,0.16633196331178618,0.0,0.0,2026-07-23
10.0,15.0,0.3176581621075183,2783.7659783462195,981.7240216537803,2026-07-23
10.25,30.0,0.3176581621075183,2950.721500494661,-316.96150049466087,2026-07-23
10.5,45.0,0.3176581621075183,3098.237975304304,-595.5479753043041,2026-07-23
10.75,60.0,0.3176581621075183,3241.9962455119826,-494.26624551198256,2026-07-23
11.0,75.0,0.3176581621075183,3360.688492150121,51.23150784987911,2026-07-23
11.25,90.0,0.3176581621075183,3486.662480457968,-1386.692480457968,2026-07-23
11.5,105.0,0.3176581621075183,3641.6891594072144,-826.7891594072144,2026-07-23
11.75,120.0,0.3176581621075183,3802.448929518855,855.1010704811451,2026-07-23
12.0,135.0,0.3176581621075183,3895.518418429156,-380.888418429156,2026-07-23
12.25,150.0,0.3176581621075183,3949.8922288909257,761.2077711090747,2026-07-23
12.5,165.0,0.3176581621075183,4008.502151429288,2478.707848570712,2026-07-23
12.75,180.0,0.3176581621075183,4016.698155548719,1986.7318444512812,2026-07-23
13.0,195.0,0.3176581621075183,4028.469405700001,1915.4605942999992,2026-07-23
13.25,210.0,0.3176581621075183,4031.0988858971696,1031.6511141028304,2026-07-23
13.5,225.0,0.3176581621075183,4017.973083818552,667.1769161814477,2026-07-23
13.75,240.0,0.3176581621075183,3902.136496378173,689.9735036218267,2026-07-23
14.0,255.0,0.3176581621075183,3790.396545111991,1299.5334548880091,2026-07-23
14.25,270.0,0.3176581621075183,3670.4200087512368,-1321.2100087512367,2026-07-23
14.5,285.0,0.3176581621075183,3533.068557029325,-2380.518557029325,2026-07-23
14.75,300.0,0.3176581621075183,3339.9393997027896,-2412.6293997027897,2026-07-23
15.0,315.0,0.3176581621075183,3143.961574271742,-2612.351574271742,2026-07-23
15.25,330.0,0.3176581621075183,2940.4221578438423,-2328.4521578438425,2026-07-23
15.5,345.0,0.3176581621075183,2727.6274693603227,-2265.067469360323,2026-07-23
15.75,360.0,0.3176581621075183,2503.4547958146704,-1878.3447958146703,2026-07-23
16.0,375.0,0.3176581621075183,2270.5373071660965,-1344.5573071660965,2026-07-23
16.25,390.0,0.3176581621075183,2018.632433320064,361.68756667993625,2026-07-23
16.5,405.0,0.3176581621075183,1756.5973275041165,-303.8273275041165,2026-07-23
16.75,420.0,0.3176581621075183,1500.5564067010343,-385.53640670103437,2026-07-23
17.0,435.0,0.3176581621075183,1245.066013190242,-124.90601319024199,2026-07-23
17.25,450.0,0.3176581621075183,1000.1319760831772,-430.4219760831771,2026-07-23
17.5,465.0,0.3176581621075183,755.821410466548,-432.36141046654797,2026-07-23
17.75,480.0,0.3176581621075183,504.2288996784589,-313.5788996784589,2026-07-23
18.0,495.0,0.3176581621075183,282.9163521134436,-156.7463521134436,2026-07-23
18.25,510.0,0.3176581621075183,115.00253143593002,17.14746856406998,2026-07-23
18.5,525.0,0.3176581621075183,20.186179720213783,75.90382027978622,2026-07-23
18.75,540.0,0.3176581621075183,0.0732047863142465,21.456795213685755,2026-07-23
19.0,555.0,0.3176581621075183,0.0,0.0,2026-07-23
11.5,15.0,0.31077079809836333,3473.666378241205,-658.7663782412051,2026-07-23
11.75,30.0,0.31077079809836333,3630.391006303637,1027.1589936963633,2026-07-23
12.0,45.0,0.31077079809836333,3748.2676948016265,-233.63769480162637,2026-07-23
12.25,60.0,0.31077079809836333,3820.84803040074,890.2519695992605,2026-07-23
12.5,75.0,0.31077079809836333,3895.784401736319,2591.425598263681,2026-07-23
12.75,90.0,0.31077079809836333,3919.639608991551,2083.790391008449,2026-07-23
13.0,105.0,0.31077079809836333,3929.083573929417,2014.8464260705832,2026-07-23
13.25,120.0,0.31077079809836333,3928.434968784415,1134.315031215585,2026-07-23
13.5,135.0,0.31077079809836333,3919.33078436442,765.8192156355794,2026-07-23
13.75,150.0,0.31077079809836333,3816.1224919353895,775.9875080646102,2026-07-23
14.0,165.0,0.31077079809836333,3704.194728778048,1385.7352712219522,2026-07-23
14.25,180.0,0.31077079809836333,3584.66279357658,-1235.45279357658,2026-07-23
14.5,195.0,0.31077079809836333,3459.537111137968,-2306.987111137968,2026-07-23
14.75,210.0,0.31077079809836333,3267.7059497582795,-2340.3959497582796,2026-07-23
15.0,225.0,0.31077079809836333,3067.588508568746,-2535.978508568746,2026-07-23
15.25,240.0,0.31077079809836333,2863.2856338389565,-2251.3156338389563,2026-07-23
15.5,255.0,0.31077079809836333,2653.3866703128488,-2190.826670312849,2026-07-23
15.75,270.0,0.31077079809836333,2437.9307608043914,-1812.8207608043913,2026-07-23
16.0,285.0,0.31077079809836333,2208.238916167467,-1282.2589161674669,2026-07-23
16.25,300.0,0.31077079809836333,1959.7314533541728,420.58854664582736,2026-07-23
16.5,315.0,0.31077079809836333,1702.0370143926298,-249.2670143926298,2026-07-23
16.75,330.0,0.31077079809836333,1456.1811967796498,-341.1611967796498,2026-07-23
17.0,345.0,0.31077079809836333,1213.0142236827403,-92.85422368274021,2026-07-23
17.25,360.0,0.31077079809836333,974.6534260604782,-404.94342606047815,2026-07-23
17.5,375.0,0.31077079809836333,738.1648635476823,-414.70486354768235,2026-07-23
17.75,390.0,0.31077079809836333,494.5093952060507,-303.85939520605075,2026-07-23
18.0,405.0,0.31077079809836333,278.3954741898849,-152.2254741898849,2026-07-23
18.25,420.0,0.31077079809836333,113.04047718799733,19.10952281200268,2026-07-23
18.5,435.0,0.31077079809836333,19.80645157656161,76.28354842343839,2026-07-23
18.75,450.0,0.31077079809836333,0.0716343408764562,21.458365659123544,2026-07-23
19.0,465.0,0.31077079809836333,0.0,0.0,2026-07-23
13.0,15.0,0.6247869135320462,6144.697378146494,-200.76737814649368,2026-07-23
13.25,30.0,0.6247869135320462,6020.992892567207,-958.2428925672066,2026-07-23
13.5,45.0,0.6247869135320462,5881.431683826892,-1196.2816838268927,2026-07-23
13.75,60.0,0.6247869135320462,5688.472036776963,-1096.3620367769636,2026-07-23
14.0,75.0,0.6247869135320462,5487.974684808417,-398.0446848084166,2026-07-23
14.25,90.0,0.6247869135320462,5284.149343103796,-2934.939343103796,2026-07-23
14.5,105.0,0.6247869135320462,5063.953148424837,-3911.403148424837,2026-07-23
14.75,120.0,0.6247869135320462,4805.450748323819,-3878.1407483238195,2026-07-23
15.0,135.0,0.6247869135320462,4541.985977529949,-4010.375977529949,2026-07-23
15.25,150.0,0.6247869135320462,4268.965070076491,-3656.995070076491,2026-07-23
15.5,165.0,0.6247869135320462,3981.132389124308,-3518.572389124308,2026-07-23
15.75,180.0,0.6247869135320462,3657.1969062372,-3032.0869062372,2026-07-23
16.0,195.0,0.6247869135320462,3319.2998382004453,-2393.3198382004452,2026-07-23
16.25,210.0,0.6247869135320462,2960.560233712736,-580.240233712736,2026-07-23
16.5,225.0,0.6247869135320462,2588.91489319188,-1136.1448931918799,2026-07-23
16.75,240.0,0.6247869135320462,2209.729084579916,-1094.7090845799162,2026-07-23
17.0,255.0,0.6247869135320462,1812.239225425664,-692.0792254256639,2026-07-23
17.25,270.0,0.6247869135320462,1402.7314908685971,-833.0214908685971,2026-07-23
17.5,285.0,0.6247869135320462,1024.6326175585482,-701.1726175585482,2026-07-23
17.75,300.0,0.6247869135320462,683.1968083165865,-492.5468083165865,2026-07-23
18.0,315.0,0.6247869135320462,384.9492578066689,-258.7792578066689,2026-07-23
18.25,330.0,0.6247869135320462,157.12442546576693,-24.974425465766927,2026-07-23
18.5,345.0,0.6247869135320462,28.4502916209094,67.6397083790906,2026-07-23
18.75,360.0,0.6247869135320462,0.1033946212202745,21.426605378779726,2026-07-23
19.0,375.0,0.6247869135320462,0.0,0.0,2026-07-23
14.5,15.0,0.4987255478634643,4263.856746881642,-3111.3067468816416,2026-07-23
14.75,30.0,0.4987255478634643,4065.433764031455,-3138.1237640314553,2026-07-23
15.0,45.0,0.4987255478634643,3865.2967452170274,-3333.6867452170272,2026-07-23
15.25,60.0,0.4987255478634643,3647.957504680722,-3035.987504680722,2026-07-23
15.5,75.0,0.4987255478634643,3417.185711377994,-2954.625711377994,2026-07-23
15.75,90.0,0.4987255478634643,3154.642388648644,-2529.532388648644,2026-07-23
16.0,105.0,0.4987255478634643,2874.837448097068,-1948.8574480970678,2026-07-23
16.25,120.0,0.4987255478634643,2576.1604686234823,-195.84046862348214,2026-07-23
16.5,135.0,0.4987255478634643,2261.9854718457414,-809.2154718457414,2026-07-23
16.75,150.0,0.4987255478634643,1937.4819347719504,-822.4619347719504,2026-07-23
17.0,165.0,0.4987255478634643,1593.018889370913,-472.85888937091295,2026-07-23
17.25,180.0,0.4987255478634643,1238.557347320058,-668.8473473200579,2026-07-23
17.5,195.0,0.4987255478634643,908.4411829553716,-584.9811829553717,2026-07-23
17.75,210.0,0.4987255478634643,606.6634044091192,-416.0134044091192,2026-07-23
18.0,225.0,0.4987255478634643,342.41890532159834,-216.24890532159833,2026-07-23
18.25,240.0,0.4987255478634643,140.17330491600086,-8.023304916000853,2026-07-23
18.5,255.0,0.4987255478634643,25.249376495292488,70.84062350470751,2026-07-23
18.75,270.0,0.4987255478634643,0.0915869958021969,21.438413004197805,2026-07-23
19.0,285.0,0.4987255478634643,0.0,0.0,2026-07-23
16.0,15.0,0.08527978545684678,1480.5637858449356,-554.5837858449356,2026-07-23
16.25,30.0,0.08527978545684678,1341.4477886557884,1038.8722113442118,2026-07-23
16.5,45.0,0.08527978545684678,1203.2230735854955,249.54692641450447,2026-07-23
16.75,60.0,0.08527978545684678,1054.3943041443229,60.62569585567712,2026-07-23
17.0,75.0,0.08527978545684678,879.4056248908378,240.7543751091623,2026-07-23
17.25,90.0,0.08527978545684678,685.3269897070019,-115.61698970700184,2026-07-23
17.5,105.0,0.08527978545684678,503.6167446158392,-180.15674461583922,2026-07-23
17.75,120.0,0.08527978545684678,337.5723138085346,-146.9223138085346,2026-07-23
18.0,135.0,0.08527978545684678,191.41005566950145,-65.24005566950144,2026-07-23
18.25,150.0,0.08527978545684678,78.66183609012852,53.48816390987149,2026-07-23
18.5,165.0,0.08527978545684678,13.287621413163851,82.80237858683616,2026-07-23
18.75,180.0,0.08527978545684678,0.0484062151720743,21.481593784827925,2026-07-23
19.0,195.0,0.08527978545684678,0.0,0.0,2026-07-23
17.5,15.0,0.37608873445649116,783.5424996990653,-460.0824996990653,2026-07-23
17.75,30.0,0.37608873445649116,521.1732566792205,-330.5232566792205,2026-07-23
18.0,45.0,0.37608873445649116,294.3222859266806,-168.15228592668058,2026-07-23
18.25,60.0,0.37608873445649116,120.85987714027682,11.290122859723184,2026-07-23
18.5,75.0,0.37608873445649116,21.51431388656246,74.57568611343754,2026-07-23
18.75,90.0,0.37608873445649116,0.0782181410659344,21.451781858934066,2026-07-23
19.0,105.0,0.37608873445649116,0.0,0.0,2026-07-23
7.0,15.0,0.3371430258206273,517.3955225807968,92.07447741920328,2026-07-24
7.25,30.0,0.3371430258206273,711.9963907765733,-128.45639077657336,2026-07-24
7.5,45.0,0.3371430258206273,915.7579121905886,89.07208780941141,2026-07-24
7.75,60.0,0.3371430258206273,1139.1123594401793,417.22764055982066,2026-07-24
8.0,75.0,0.3371430258206273,1362.8972300733635,364.26276992663657,2026-07-24
8.25,90.0,0.3371430258206273,1588.2063741526829,37.79362584731712,2026-07-24
8.5,105.0,0.3371430258206273,1812.5003782921603,-246.49037829216036,2026-07-24
8.75,120.0,0.3371430258206273,2043.9637827793877,480.8462172206123,2026-07-24
9.0,135.0,0.3371430258206273,2278.7174817749583,823.9125182250418,2026-07-24
9.25,150.0,0.3371430258206273,2518.196341845091,1421.343658154909,2026-07-24
9.5,165.0,0.3371430258206273,2752.5571874721154,946.3228125278847,2026-07-24
9.75,180.0,0.3371430258206273,2960.3449773620027,1336.1650226379975,2026-07-24
10.0,195.0,0.3371430258206273,3152.5049789712684,1041.635021028732,2026-07-24
10.25,210.0,0.3371430258206273,3331.590694498198,1847.5193055018017,2026-07-24
10.5,225.0,0.3371430258206273,3489.495233559845,1069.4347664401553,2026-07-24
10.75,240.0,0.3371430258206273,3585.651683308928,952.9183166910716,2026-07-24
11.0,255.0,0.3371430258206273,3672.160849784184,1377.499150215816,2026-07-24
11.25,270.0,0.3371430258206273,3747.274692076612,1042.3453079233877,2026-07-24
11.5,285.0,0.3371430258206273,3813.685467928789,1257.4945320712113,2026-07-24
11.75,300.0,0.3371430258206273,3832.1441180373768,789.5858819626228,2026-07-24
12.0,315.0,0.3371430258206273,3826.536899466249,1936.5531005337511,2026-07-24
12.25,330.0,0.3371430258206273,3799.125596780765,3820.014403219235,2026-07-24
12.5,345.0,0.3371430258206273,3764.478195896857,1854.641804103143,2026-07-24
12.75,360.0,0.3371430258206273,3714.8603895312426,2510.5496104687572,2026-07-24
13.0,375.0,0.3371430258206273,3653.640904790668,2800.829095209332,2026-07-24
13.25,390.0,0.3371430258206273,3573.927079340322,3225.6729206596783,2026-07-24
13.5,405.0,0.3371430258206273,3481.8683072294457,2324.331692770554,2026-07-24
13.75,420.0,0.3371430258206273,3400.3188372374143,3391.6811627625857,2026-07-24
14.0,435.0,0.3371430258206273,3308.198477713319,1577.791522286681,2026-07-24
14.25,450.0,0.3371430258206273,3208.14742456499,624.2825754350097,2026-07-24
14.5,465.0,0.3371430258206273,3103.74605612829,-165.9760561282901,2026-07-24
14.75,480.0,0.3371430258206273,2980.3407366114934,-373.3107366114932,2026-07-24
15.0,495.0,0.3371430258206273,2845.0859802696414,562.8840197303584,2026-07-24
15.25,510.0,0.3371430258206273,2696.6365147879915,3255.463485212009,2026-07-24
15.5,525.0,0.3371430258206273,2544.054965336281,770.525034663719,2026-07-24
15.75,540.0,0.3371430258206273,2355.998141897392,2685.431858102608,2026-07-24
16.0,555.0,0.3371430258206273,2163.831080770495,1296.8289192295047,2026-07-24
16.25,570.0,0.3371430258206273,1962.43670433184,390.54329566816,2026-07-24
16.5,585.0,0.3371430258206273,1752.2370359035576,151.17296409644246,2026-07-24
16.75,600.0,0.3371430258206273,1508.5113280983028,308.31867190169714,2026-07-24
17.0,615.0,0.3371430258206273,1267.1233306722954,14.046669327704649,2026-07-24
17.25,630.0,0.3371430258206273,1005.0810994089684,-596.0610994089684,2026-07-24
17.5,645.0,0.3371430258206273,735.1589956967282,337.6010043032718,2026-07-24
17.75,660.0,0.3371430258206273,489.1717420499879,505.47825795001205,2026-07-24
18.0,675.0,0.3371430258206273,275.35233175697715,220.57766824302286,2026-07-24
18.25,690.0,0.3371430258206273,111.99586310135544,193.78413689864453,2026-07-24
18.5,705.0,0.3371430258206273,19.11403900514734,125.63596099485267,2026-07-24
18.75,720.0,0.3371430258206273,0.0556524155236178,34.81434758447638,2026-07-24
19.0,735.0,0.3371430258206273,0.0,0.0,2026-07-24
8.5,15.0,0.4441838867933479,2181.067106398257,-615.0571063982568,2026-07-24
8.75,30.0,0.4441838867933479,2450.1406079742515,74.6693920257485,2026-07-24
9.0,45.0,0.4441838867933479,2715.571735721195,387.0582642788049,2026-07-24
9.25,60.0,0.4441838867933479,2981.360675411378,958.179324588622,2026-07-24
9.5,75.0,0.4441838867933479,3240.2725335635105,458.60746643648963,2026-07-24
9.75,90.0,0.4441838867933479,3477.360538682344,819.149461317656,2026-07-24
10.0,105.0,0.4441838867933479,3694.516843536248,499.62315646375237,2026-07-24
10.25,120.0,0.4441838867933479,3897.293684871877,1281.8163151281228,2026-07-24
10.5,135.0,0.4441838867933479,4076.486956417957,482.4430435820432,2026-07-24
10.75,150.0,0.4441838867933479,4190.299803080131,348.2701969198688,2026-07-24
11.0,165.0,0.4441838867933479,4283.486653230731,766.1733467692693,2026-07-24
11.25,180.0,0.4441838867933479,4368.013396060181,421.60660393981925,2026-07-24
11.5,195.0,0.4441838867933479,4444.842669357436,626.3373306425647,2026-07-24
11.75,210.0,0.4441838867933479,4472.180938862817,149.54906113718243,2026-07-24
12.0,225.0,0.4441838867933479,4464.310864544855,1298.7791354551455,2026-07-24
12.25,240.0,0.4441838867933479,4438.225971513512,3180.914028486488,2026-07-24
12.5,255.0,0.4441838867933479,4399.248285930121,1219.871714069879,2026-07-24
12.75,270.0,0.4441838867933479,4346.686708786838,1878.7232912131622,2026-07-24
13.0,285.0,0.4441838867933479,4275.248663288513,2179.2213367114873,2026-07-24
13.25,300.0,0.4441838867933479,4191.709818711171,2607.89018128883,2026-07-24
13.5,315.0,0.4441838867933479,4090.271475056796,1715.9285249432037,2026-07-24
13.75,330.0,0.4441838867933479,4000.811336141385,2791.188663858615,2026-07-24
14.0,345.0,0.4441838867933479,3893.71354798186,992.2764520181399,2026-07-24
14.25,360.0,0.4441838867933479,3767.956846315456,64.47315368454383,2026-07-24
14.5,375.0,0.4441838867933479,3628.309668064034,-690.5396680640342,2026-07-24
14.75,390.0,0.4441838867933479,3475.359733001072,-868.3297330010719,2026-07-24
15.0,405.0,0.4441838867933479,3310.939439605039,97.03056039496096,2026-07-24
15.25,420.0,0.4441838867933479,3139.2921142801224,2812.807885719878,2026-07-24
15.5,435.0,0.4441838867933479,2958.0251067681,356.55489323189977,2026-07-24
15.75,450.0,0.4441838867933479,2735.15921740453,2306.2707825954703,2026-07-24
16.0,465.0,0.4441838867933479,2501.129973577717,959.5300264222828,2026-07-24
16.25,480.0,0.4441838867933479,2257.869929358872,95.110070641128,2026-07-24
16.5,495.0,0.4441838867933479,2006.5905926217877,-103.18059262178758,2026-07-24
16.75,510.0,0.4441838867933479,1724.2384096395815,92.59159036041842,2026-07-24
17.0,525.0,0.4441838867933479,1442.695168464412,-161.525168464412,2026-07-24
17.25,540.0,0.4441838867933479,1141.5731791554722,-732.5531791554722,2026-07-24
17.5,555.0,0.4441838867933479,834.6495392194355,238.1104607805645,2026-07-24
17.75,570.0,0.4441838867933479,554.7223356607751,439.92766433922486,2026-07-24
18.0,585.0,0.4441838867933479,311.99678314056337,183.93321685943664,2026-07-24
18.25,600.0,0.4441838867933479,127.07313909120974,178.70686090879025,2026-07-24
18.5,615.0,0.4441838867933479,22.022336332914204,122.72766366708579,2026-07-24
18.75,630.0,0.4441838867933479,0.0644337779402602,34.80556622205974,2026-07-24
19.0,645.0,0.4441838867933479,0.0,0.0,2026-07-24
10.0,15.0,0.5995406561537007,4597.539088710045,-403.39908871004445,2026-07-24
10.25,30.0,0.5995406561537007,4822.124639530294,356.9853604697055,2026-07-24
10.5,45.0,0.5995406561537007,5014.8602432993575,-455.93024329935724,2026-07-24
10.75,60.0,0.5995406561537007,5137.567909976434,-598.9979099764341,2026-07-24
11.0,75.0,0.5995406561537007,5246.7973438197205,-197.13734381972063,2026-07-24
11.25,90.0,0.5995406561537007,5348.244304632249,-558.6243046322488,2026-07-24
11.5,105.0,0.5995406561537007,5429.037482365913,-357.8574823659128,2026-07-24
11.75,120.0,0.5995406561537007,5453.1601048208695,-831.4301048208699,2026-07-24
12.0,135.0,0.5995406561537007,5446.836038767865,316.2539612321352,2026-07-24
12.25,150.0,0.5995406561537007,5419.628699587168,2199.5113004128325,2026-07-24
12.5,165.0,0.5995406561537007,5374.326550704456,244.79344929554372,2026-07-24
12.75,180.0,0.5995406561537007,5306.402825642103,919.0071743578965,2026-07-24
13.0,195.0,0.5995406561537007,5214.643429640816,1239.8265703591842,2026-07-24
13.25,210.0,0.5995406561537007,5101.799227347913,1697.8007726520873,2026-07-24
13.5,225.0,0.5995406561537007,4966.827982006638,839.3720179933616,2026-07-24
13.75,240.0,0.5995406561537007,4843.206519084489,1948.7934809155113,2026-07-24
14.0,255.0,0.5995406561537007,4707.703193818634,178.28680618136605,2026-07-24
14.25,270.0,0.5995406561537007,4552.411676585793,-719.9816765857936,2026-07-24
14.5,285.0,0.5995406561537007,4377.07102463808,-1439.3010246380804,2026-07-24
14.75,300.0,0.5995406561537007,4186.998936795292,-1579.968936795292,2026-07-24
15.0,315.0,0.5995406561537007,3986.298486473108,-578.3284864731081,2026-07-24
15.25,330.0,0.5995406561537007,3769.839814001482,2182.2601859985184,2026-07-24
15.5,345.0,0.5995406561537007,3534.022415335113,-219.44241533511286,2026-07-24
15.75,360.0,0.5995406561537007,3256.9536564346454,1784.476343565355,2026-07-24
16.0,375.0,0.5995406561537007,2973.622294883726,487.0377051162736,2026-07-24
16.25,390.0,0.5995406561537007,2676.987097603048,-324.0070976030479,2026-07-24
16.5,405.0,0.5995406561537007,2365.705102758001,-462.2951027580009,2026-07-24
16.75,420.0,0.5995406561537007,2022.9049127992475,-206.0749127992476,2026-07-24
17.0,435.0,0.5995406561537007,1686.9086798980038,-405.73867989800374,2026-07-24
17.25,450.0,0.5995406561537007,1332.8722262589315,-923.8522262589315,2026-07-24
17.5,465.0,0.5995406561537007,975.207635888926,97.55236411107398,2026-07-24
17.75,480.0,0.5995406561537007,647.4571578075634,347.1928421924366,2026-07-24
18.0,495.0,0.5995406561537007,363.9110064815091,132.0189935184909,2026-07-24
18.25,510.0,0.5995406561537007,148.05801064106498,157.721989358935,2026-07-24
18.5,525.0,0.5995406561537007,25.969140145066053,118.78085985493395,2026-07-24
18.75,540.0,0.5995406561537007,0.0759425205768899,34.79405747942311,2026-07-24
19.0,555.0,0.5995406561537007,0.0,0.0,2026-07-24
11.5,15.0,0.5736937786801557,5415.746509709709,-344.56650970970895,2026-07-24
11.75,30.0,0.5736937786801557,5443.47485533977,-821.7448553397708,2026-07-24
12.0,45.0,0.5736937786801557,5436.983272021403,326.1067279785975,2026-07-24
12.25,60.0,0.5736937786801557,5402.895786645033,2216.2442133549675,2026-07-24
12.5,75.0,0.5736937786801557,5353.086543566847,266.03345643315333,2026-07-24
12.75,90.0,0.5736937786801557,5286.249678723255,939.160321276745,2026-07-24
13.0,105.0,0.5736937786801557,5182.197632019889,1272.272367980111,2026-07-24
13.25,120.0,0.5736937786801557,5066.227948811267,1733.3720511887332,2026-07-24
13.5,135.0,0.5736937786801557,4934.473092689863,871.726907310137,2026-07-24
13.75,150.0,0.5736937786801557,4810.07085708675,1981.92914291325,2026-07-24
14.0,165.0,0.5736937786801557,4665.905750495725,220.08424950427434,2026-07-24
14.25,180.0,0.5736937786801557,4503.038377216884,-670.6083772168845,2026-07-24
14.5,195.0,0.5736937786801557,4326.796070393765,-1389.0260703937652,2026-07-24
14.75,210.0,0.5736937786801557,4132.686744878555,-1525.656744878555,2026-07-24
15.0,225.0,0.5736937786801557,3926.646110614235,-518.6761106142353,2026-07-24
15.25,240.0,0.5736937786801557,3710.103846328245,2241.9961536717556,2026-07-24
15.5,255.0,0.5736937786801557,3478.7606368486136,-164.18063684861363,2026-07-24
15.75,270.0,0.5736937786801557,3205.2223315602605,1836.2076684397398,2026-07-24
16.0,285.0,0.5736937786801557,2924.889088900849,535.7709110991509,2026-07-24
16.25,300.0,0.5736937786801557,2637.2205448577106,-284.2405448577106,2026-07-24
16.5,315.0,0.5736937786801557,2335.9684597341457,-432.5584597341456,2026-07-24
16.75,330.0,0.5736937786801557,2000.4429777640685,-183.61297776406855,2026-07-24
17.0,345.0,0.5736937786801557,1667.8115974336636,-386.6415974336635,2026-07-24
17.25,360.0,0.5736937786801557,1315.9080671963711,-906.8880671963711,2026-07-24
17.5,375.0,0.5736937786801557,962.6153325529187,110.14466744708125,2026-07-24
17.75,390.0,0.5736937786801557,639.3950922695589,355.2549077304411,2026-07-24
18.0,405.0,0.5736937786801557,359.15112298436765,136.77887701563236,2026-07-24
18.25,420.0,0.5736937786801557,145.97129713168977,159.8087028683102,2026-07-24
18.5,435.0,0.5736937786801557,25.58772400744562,119.16227599255438,2026-07-24
18.75,450.0,0.5736937786801557,0.074778919142126,34.79522108085787,2026-07-24
19.0,465.0,0.5736937786801557,0.0,0.0,2026-07-24
13.0,15.0,0.7807340726349862,6753.998324523305,-299.52832452330495,2026-07-24
13.25,30.0,0.7807340726349862,6679.105671414028,120.49432858597265,2026-07-24
13.5,45.0,0.7807340726349862,6568.851657277486,-762.6516572774863,2026-07-24
13.75,60.0,0.7807340726349862,6403.390115481787,388.6098845182132,2026-07-24
14.0,75.0,0.7807340726349862,6213.149421180677,-1327.1594211806769,2026-07-24
14.25,90.0,0.7807340726349862,6002.897802868482,-2170.4678028684825,2026-07-24
14.5,105.0,0.7807340726349862,5769.99947724424,-2832.2294772442397,2026-07-24
14.75,120.0,0.7807340726349862,5491.352593789446,-2884.3225937894454,2026-07-24
15.0,135.0,0.7807340726349862,5196.306494755263,-1788.3364947552632,2026-07-24
15.25,150.0,0.7807340726349862,4891.376274675658,1060.723725324342,2026-07-24
15.5,165.0,0.7807340726349862,4560.79656987552,-1246.2165698755198,2026-07-24
15.75,180.0,0.7807340726349862,4184.680590626062,856.7494093739379,2026-07-24
16.0,195.0,0.7807340726349862,3805.2539619140766,-344.5939619140768,2026-07-24
16.25,210.0,0.7807340726349862,3416.749770356525,-1063.769770356525,2026-07-24
16.5,225.0,0.7807340726349862,2983.444465520795,-1080.0344655207948,2026-07-24
16.75,240.0,0.7807340726349862,2511.6697277408457,-694.8397277408458,2026-07-24
17.0,255.0,0.7807340726349862,2045.230403445984,-764.0604034459839,2026-07-24
17.25,270.0,0.7807340726349862,1592.9542464958538,-1183.9342464958538,2026-07-24
17.5,285.0,0.7807340726349862,1163.77767483292,-91.01767483291997,2026-07-24
17.75,300.0,0.7807340726349862,772.096086573922,222.553913426078,2026-07-24
18.0,315.0,0.7807340726349862,434.493734077231,61.436265922768996,2026-07-24
18.25,330.0,0.7807340726349862,177.16025106456158,128.6197489354384,2026-07-24
18.5,345.0,0.7807340726349862,31.48065758824005,113.26934241175995,2026-07-24
18.75,360.0,0.7807340726349862,0.0919793680382725,34.77802063196172,2026-07-24
19.0,375.0,0.7807340726349862,0.0,0.0,2026-07-24
14.5,15.0,0.7596164916620278,5590.316400075468,-2652.546400075468,2026-07-24
14.75,30.0,0.7596164916620278,5311.790001212764,-2704.7600012127637,2026-07-24
15.0,45.0,0.7596164916620278,5016.152598650282,-1608.1825986502822,2026-07-24
15.25,60.0,0.7596164916620278,4711.1767313752935,1240.923268624707,2026-07-24
15.5,75.0,0.7596164916620278,4388.842250994305,-1074.2622509943048,2026-07-24
15.75,90.0,0.7596164916620278,4034.488663738357,1006.9413362616433,2026-07-24
16.0,105.0,0.7596164916620278,3673.992343407175,-213.33234340717536,2026-07-24
16.25,120.0,0.7596164916620278,3300.3486576593564,-947.3686576593564,2026-07-24
16.5,135.0,0.7596164916620278,2883.936221041205,-980.526221041205,2026-07-24
16.75,150.0,0.7596164916620278,2429.033527628,-612.2035276279998,2026-07-24
17.0,165.0,0.7596164916620278,1978.4672571138924,-697.2972571138923,2026-07-24
17.25,180.0,0.7596164916620278,1541.670734232299,-1132.650734232299,2026-07-24
17.5,195.0,0.7596164916620278,1126.033929836469,-53.27392983646905,2026-07-24
17.75,210.0,0.7596164916620278,747.5871780597644,247.0628219402356,2026-07-24
18.0,225.0,0.7596164916620278,420.6836005218677,75.24639947813233,2026-07-24
18.25,240.0,0.7596164916620278,171.5345119444463,134.24548805555366,2026-07-24
18.5,255.0,0.7596164916620278,30.40395094983925,114.34604905016076,2026-07-24
18.75,270.0,0.7596164916620278,0.0888566256631607,34.781143374336835,2026-07-24
19.0,285.0,0.7596164916620278,0.0,0.0,2026-07-24
16.0,15.0,0.8156846060744611,4120.932455004075,-660.2724550040748,2026-07-24
16.25,30.0,0.8156846060744611,3664.097304443004,-1311.1173044430038,2026-07-24
16.5,45.0,0.8156846060744611,3171.2224068455985,-1267.8124068455984,2026-07-24
16.75,60.0,0.8156846060744611,2655.575045629088,-838.745045629088,2026-07-24
17.0,75.0,0.8156846060744611,2153.373931550773,-872.2039315507727,2026-07-24
17.25,90.0,0.8156846060744611,1673.1759717701475,-1264.1559717701475,2026-07-24
17.5,105.0,0.8156846060744611,1219.9622943743784,-147.20229437437843,2026-07-24
17.75,120.0,0.8156846060744611,809.2288494694279,185.42115053057205,2026-07-24
18.0,135.0,0.8156846060744611,454.3563695575161,41.57363044248393,2026-07-24
18.25,150.0,0.8156846060744611,184.36113173431264,121.41886826568734,2026-07-24
18.5,165.0,0.8156846060744611,32.710781167523805,112.0392188324762,2026-07-24
18.75,180.0,0.8156846060744611,0.0954349938644385,34.77456500613556,2026-07-24
19.0,195.0,0.8156846060744611,0.0,0.0,2026-07-24
17.5,15.0,0.454131310657925,834.3991578606408,238.3608421393592,2026-07-24
17.75,30.0,0.454131310657925,557.5911254217104,437.05887457828953,2026-07-24
18.0,45.0,0.454131310657925,315.4430678276564,180.4869321723436,2026-07-24
18.25,60.0,0.454131310657925,129.21615711875404,176.56384288124593,2026-07-24
18.5,75.0,0.454131310657925,22.52463990685272,122.22536009314729,2026-07-24
18.75,90.0,0.454131310657925,0.0661720054628513,34.803827994537144,2026-07-24
19.0,105.0,0.454131310657925,0.0,0.0,2026-07-24
7.0,15.0,0.8003140149818067,944.4813354241794,-204.1013354241794,2026-07-25
7.25,30.0,0.8003140149818067,1310.925097235746,-233.84509723574615,2026-07-25
7.5,45.0,0.8003140149818067,1692.2874523626335,-133.73745236263358,2026-07-25
7.75,60.0,0.8003140149818067,2090.200183768999,-131.4101837689991,2026-07-25
8.0,75.0,0.8003140149818067,2485.4137881675724,-28.41378816757242,2026-07-25
8.25,90.0,0.8003140149818067,2877.0647381280883,-268.83473812808825,2026-07-25
8.5,105.0,0.8003140149818067,3253.072924588027,-989.172924588027,2026-07-25
8.75,120.0,0.8003140149818067,3628.831623133052,-685.6016231330518,2026-07-25
9.0,135.0,0.8003140149818067,4008.87301382859,-790.0930138285898,2026-07-25
9.25,150.0,0.8003140149818067,4389.404512354996,-24.76451235499553,2026-07-25
9.5,165.0,0.8003140149818067,4727.134812371379,1068.145187628621,2026-07-25
9.75,180.0,0.8003140149818067,5052.960599126549,1590.7494008734511,2026-07-25
10.0,195.0,0.8003140149818067,5352.718021316226,1521.9919786837736,2026-07-25
10.25,210.0,0.8003140149818067,5620.031302937974,1668.218697062026,2026-07-25
10.5,225.0,0.8003140149818067,5861.408336046777,925.2716639532237,2026-07-25
10.75,240.0,0.8003140149818067,6107.92353118033,1186.6864688196692,2026-07-25
11.0,255.0,0.8003140149818067,6319.451369076465,1058.6986309235344,2026-07-25
11.25,270.0,0.8003140149818067,6520.917255173833,679.0327448261669,2026-07-25
11.5,285.0,0.8003140149818067,6717.548481602689,-252.37848160268913,2026-07-25
11.75,300.0,0.8003140149818067,6903.688989498218,-1046.868989498218,2026-07-25
12.0,315.0,0.8003140149818067,7050.078833096623,-1344.7488330966235,2026-07-25
12.25,330.0,0.8003140149818067,7162.495030393289,-1604.8850303932895,2026-07-25
12.5,345.0,0.8003140149818067,7204.2053796492255,-3442.8553796492256,2026-07-25
12.75,360.0,0.8003140149818067,7170.405452410009,-2796.4454524100092,2026-07-25
13.0,375.0,0.8003140149818067,7111.659258998596,-638.8092589985954,2026-07-25
13.25,390.0,0.8003140149818067,7028.747504307632,-2033.6175043076319,2026-07-25
13.5,405.0,0.8003140149818067,6910.273353113822,-1228.5533531138217,2026-07-25
13.75,420.0,0.8003140149818067,6721.087769989758,-941.3377699897583,2026-07-25
14.0,435.0,0.8003140149818067,6493.946401851626,-1657.0364018516266,2026-07-25
14.25,450.0,0.8003140149818067,6237.935057674733,-1854.0450576747326,2026-07-25
14.5,465.0,0.8003140149818067,5954.89330478238,-3650.4633047823804,2026-07-25
14.75,480.0,0.8003140149818067,5630.615578530628,-2713.3255785306283,2026-07-25
15.0,495.0,0.8003140149818067,5303.053784577351,-242.60378457735078,2026-07-25
15.25,510.0,0.8003140149818067,4969.503193010339,-3167.643193010339,2026-07-25
15.5,525.0,0.8003140149818067,4587.362740966467,-159.51274096646648,2026-07-25
15.75,540.0,0.8003140149818067,4185.550955853286,-2320.840955853286,2026-07-25
16.0,555.0,0.8003140149818067,3765.660272397153,-782.2802723971531,2026-07-25
16.25,570.0,0.8003140149818067,3339.743290624867,-1556.633290624867,2026-07-25
16.5,585.0,0.8003140149818067,2914.8974981150727,781.0325018849271,2026-07-25
16.75,600.0,0.8003140149818067,2496.937833652152,144.72216634784763,2026-07-25
17.0,615.0,0.8003140149818067,2072.8639989897533,-533.0639989897534,2026-07-25
17.25,630.0,0.8003140149818067,1615.452315561267,-134.92231556126694,2026-07-25
17.5,645.0,0.8003140149818067,1183.9798265323166,308.6701734676835,2026-07-25
17.75,660.0,0.8003140149818067,789.2971912511962,253.94280874880383,2026-07-25
18.0,675.0,0.8003140149818067,444.5124458203775,132.09755417962253,2026-07-25
18.25,690.0,0.8003140149818067,180.22318310940133,147.1268168905987,2026-07-25
18.5,705.0,0.8003140149818067,31.04395931199123,130.16604068800876,2026-07-25
18.75,720.0,0.8003140149818067,0.0705819080362814,33.91941809196372,2026-07-25
19.0,735.0,0.8003140149818067,0.0,0.0,2026-07-25
8.5,15.0,0.5789728267551257,2574.894893344117,-310.9948933441169,2026-07-25
8.75,30.0,0.5789728267551257,2888.280301978163,54.949698021836866,2026-07-25
9.0,45.0,0.5789728267551257,3204.9992544099614,13.780745590038805,2026-07-25
9.25,60.0,0.5789728267551257,3525.7246489326726,838.9153510673277,2026-07-25
9.5,75.0,0.5789728267551257,3807.7572644791103,1987.5227355208895,2026-07-25
9.75,90.0,0.5789728267551257,4078.506234570043,2565.203765429957,2026-07-25
10.0,105.0,0.5789728267551257,4319.86313826544,2554.8468617345598,2026-07-25
10.25,120.0,0.5789728267551257,4538.782240032188,2749.4677599678116,2026-07-25
10.5,135.0,0.5789728267551257,4738.268776512667,2048.4112234873337,2026-07-25
10.75,150.0,0.5789728267551257,4944.751669324379,2349.858330675621,2026-07-25
11.0,165.0,0.5789728267551257,5115.395594390721,2262.7544056092784,2026-07-25
11.25,180.0,0.5789728267551257,5280.543286180297,1919.4067138197024,2026-07-25
11.5,195.0,0.5789728267551257,5450.885600351092,1014.2843996489082,2026-07-25
11.75,210.0,0.5789728267551257,5625.777874235107,231.04212576489226,2026-07-25
12.0,225.0,0.5789728267551257,5769.52456033529,-64.19456033528968,2026-07-25
12.25,240.0,0.5789728267551257,5897.392666137422,-339.782666137422,2026-07-25
12.5,255.0,0.5789728267551257,5937.739025432131,-2176.389025432131,2026-07-25
12.75,270.0,0.5789728267551257,5912.336057328696,-1538.3760573286963,2026-07-25
13.0,285.0,0.5789728267551257,5866.904770888206,605.9452291117941,2026-07-25
13.25,300.0,0.5789728267551257,5814.821747505158,-819.6917475051578,2026-07-25
13.5,315.0,0.5789728267551257,5722.051893552694,-40.331893552694055,2026-07-25
13.75,330.0,0.5789728267551257,5553.411441677096,226.33855832290374,2026-07-25
14.0,345.0,0.5789728267551257,5359.098813102978,-522.1888131029782,2026-07-25
14.25,360.0,0.5789728267551257,5142.679098529899,-758.7890985298991,2026-07-25
14.5,375.0,0.5789728267551257,4910.0012697125085,-2605.5712697125086,2026-07-25
14.75,390.0,0.5789728267551257,4642.442574041825,-1725.1525740418247,2026-07-25
15.0,405.0,0.5789728267551257,4374.678785405369,685.7712145946307,2026-07-25
15.25,420.0,0.5789728267551257,4110.551642220379,-2308.6916422203794,2026-07-25
15.5,435.0,0.5789728267551257,3808.808893250392,619.0411067496084,2026-07-25
15.75,450.0,0.5789728267551257,3484.6627150180966,-1619.9527150180966,2026-07-25
16.0,465.0,0.5789728267551257,3140.102194781023,-156.72219478102306,2026-07-25
16.25,480.0,0.5789728267551257,2785.95448356984,-1002.8444835698399,2026-07-25
16.5,495.0,0.5789728267551257,2430.6787894147574,1265.2512105852425,2026-07-25
16.75,510.0,0.5789728267551257,2085.782969740764,555.8770302592357,2026-07-25
17.0,525.0,0.5789728267551257,1737.3857181469623,-197.58571814696234,2026-07-25
17.25,540.0,0.5789728267551257,1352.1598485259117,128.3701514740883,2026-07-25
17.5,555.0,0.5789728267551257,988.691541956768,503.9584580432321,2026-07-25
17.75,570.0,0.5789728267551257,658.9618982314068,384.27810176859316,2026-07-25
18.0,585.0,0.5789728267551257,371.9237521466688,204.68624785333122,2026-07-25
18.25,600.0,0.5789728267551257,151.31598392822303,176.034016071777,2026-07-25
18.5,615.0,0.5789728267551257,25.759204047892847,135.45079595210717,2026-07-25
18.75,630.0,0.5789728267551257,0.0585377222399797,33.93146227776002,2026-07-25
19.0,645.0,0.5789728267551257,0.0,0.0,2026-07-25
10.0,15.0,0.8933428286229315,6039.61340277736,835.0965972226404,2026-07-25
10.25,30.0,0.8933428286229315,6282.918735918927,1005.3312640810727,2026-07-25
10.5,45.0,0.8933428286229315,6490.143883074297,296.536116925703,2026-07-25
10.75,60.0,0.8933428286229315,6715.931170237565,578.6788297624344,2026-07-25
11.0,75.0,0.8933428286229315,6906.928664888646,471.22133511135326,2026-07-25
11.25,90.0,0.8933428286229315,7099.699427412721,100.25057258727884,2026-07-25
11.5,105.0,0.8933428286229315,7308.12472434644,-842.9547243464403,2026-07-25
11.75,120.0,0.8933428286229315,7533.951632722329,-1677.1316327223294,2026-07-25
12.0,135.0,0.8933428286229315,7726.6942856773085,-2021.3642856773085,2026-07-25
12.25,150.0,0.8933428286229315,7860.585598520576,-2302.9755985205766,2026-07-25
12.5,165.0,0.8933428286229315,7860.267534113543,-4098.917534113543,2026-07-25
12.75,180.0,0.8933428286229315,7778.371414444626,-3404.4114144446257,2026-07-25
13.0,195.0,0.8933428286229315,7695.815243125584,-1222.9652431255836,2026-07-25
13.25,210.0,0.8933428286229315,7582.241436090484,-2587.111436090484,2026-07-25
13.5,225.0,0.8933428286229315,7423.255677663623,-1741.5356776636227,2026-07-25
13.75,240.0,0.8933428286229315,7189.884085572915,-1410.134085572915,2026-07-25
14.0,255.0,0.8933428286229315,6903.429639365603,-2066.5196393656033,2026-07-25
14.25,270.0,0.8933428286229315,6595.539700566082,-2211.6497005660813,2026-07-25
14.5,285.0,0.8933428286229315,6285.825181999938,-3981.395181999938,2026-07-25
14.75,300.0,0.8933428286229315,5955.897156108578,-3038.6071561085782,2026-07-25
15.0,315.0,0.8933428286229315,5638.620193126322,-578.1701931263224,2026-07-25
15.25,330.0,0.8933428286229315,5325.059932541557,-3523.1999325415572,2026-07-25
15.5,345.0,0.8933428286229315,4953.494373579517,-525.6443735795165,2026-07-25
15.75,360.0,0.8933428286229315,4536.582381122405,-2671.8723811224054,2026-07-25
16.0,375.0,0.8933428286229315,4085.0085089702006,-1101.6285089702005,2026-07-25
16.25,390.0,0.8933428286229315,3612.436189203956,-1829.3261892039561,2026-07-25
16.5,405.0,0.8933428286229315,3135.6882713061214,560.2417286938785,2026-07-25
16.75,420.0,0.8933428286229315,2678.487341268301,-36.8273412683011,2026-07-25
17.0,435.0,0.8933428286229315,2220.379609362682,-680.579609362682,2026-07-25
17.25,450.0,0.8933428286229315,1729.511455587996,-248.98145558799592,2026-07-25
17.5,465.0,0.8933428286229315,1267.6362238991542,225.01377610084592,2026-07-25
17.75,480.0,0.8933428286229315,846.1351989207689,197.10480107923115,2026-07-25
18.0,495.0,0.8933428286229315,479.1220923513427,97.48790764865731,2026-07-25
18.25,510.0,0.8933428286229315,195.1775321371287,132.17246786287131,2026-07-25
18.5,525.0,0.8933428286229315,33.765217717541496,127.4447822824585,2026-07-25
18.75,540.0,0.8933428286229315,0.0765064551899028,33.9134935448101,2026-07-25
19.0,555.0,0.8933428286229315,0.0,0.0,2026-07-25
11.5,15.0,0.8107048750676175,6936.317698244748,-471.1476982447475,2026-07-25
11.75,30.0,0.8107048750676175,7140.139708837843,-1283.3197088378429,2026-07-25
12.0,45.0,0.8107048750676175,7313.532028829996,-1608.2020288299964,2026-07-25
12.25,60.0,0.8107048750676175,7446.146922708281,-1888.536922708281,2026-07-25
12.5,75.0,0.8107048750676175,7473.736040666999,-3712.3860406669987,2026-07-25
12.75,90.0,0.8107048750676175,7425.848406499302,-3051.8884064993017,2026-07-25
13.0,105.0,0.8107048750676175,7347.244604136672,-874.3946041366717,2026-07-25
13.25,120.0,0.8107048750676175,7251.182640233411,-2256.052640233411,2026-07-25
13.5,135.0,0.8107048750676175,7109.05849833759,-1427.33849833759,2026-07-25
13.75,150.0,0.8107048750676175,6885.177801231726,-1105.4278012317263,2026-07-25
14.0,165.0,0.8107048750676175,6609.704488316632,-1772.794488316632,2026-07-25
14.25,180.0,0.8107048750676175,6319.540544245779,-1935.6505442457783,2026-07-25
14.5,195.0,0.8107048750676175,6025.472930722841,-3721.042930722841,2026-07-25
14.75,210.0,0.8107048750676175,5707.568986641362,-2790.2789866413623,2026-07-25
15.0,225.0,0.8107048750676175,5403.078643218145,-342.62864321814504,2026-07-25
15.25,240.0,0.8107048750676175,5103.084761255325,-3301.2247612553256,2026-07-25
15.5,255.0,0.8107048750676175,4739.615574031118,-311.76557403111747,2026-07-25
15.75,270.0,0.8107048750676175,4340.623404883438,-2475.9134048834376,2026-07-25
16.0,285.0,0.8107048750676175,3912.333001256451,-928.953001256451,2026-07-25
16.25,300.0,0.8107048750676175,3470.436491634128,-1687.326491634128,2026-07-25
16.5,315.0,0.8107048750676175,3017.244285337379,678.6857146626207,2026-07-25
16.75,330.0,0.8107048750676175,2573.3833659075217,68.27663409247816,2026-07-25
17.0,345.0,0.8107048750676175,2129.1217691790675,-589.3217691790676,2026-07-25
17.25,360.0,0.8107048750676175,1654.6570821962744,-174.1270821962744,2026-07-25
17.5,375.0,0.8107048750676175,1211.5144612332963,281.1355387667038,2026-07-25
17.75,390.0,0.8107048750676175,807.8730052116501,235.36699478834987,2026-07-25
18.0,405.0,0.8107048750676175,456.3158051049638,120.29419489503624,2026-07-25
18.25,420.0,0.8107048750676175,185.63564566848137,141.71435433151865,2026-07-25
18.5,435.0,0.8107048750676175,32.07213863149229,129.1378613685077,2026-07-25
18.75,450.0,0.8107048750676175,0.0727960345684541,33.91720396543155,2026-07-25
19.0,465.0,0.8107048750676175,0.0,0.0,2026-07-25
13.0,15.0,0.8064482044950891,6678.624573245384,-205.7745732453841,2026-07-25
13.25,30.0,0.8064482044950891,6592.997211295011,-1597.8672112950107,2026-07-25
13.5,45.0,0.8064482044950891,6472.316436294379,-790.5964362943787,2026-07-25
13.75,60.0,0.8064482044950891,6300.765932503896,-521.0159325038958,2026-07-25
14.0,75.0,0.8064482044950891,6079.474162269973,-1242.5641622699732,2026-07-25
14.25,90.0,0.8064482044950891,5839.547482849445,-1455.657482849445,2026-07-25
14.5,105.0,0.8064482044950891,5595.753599177524,-3291.323599177524,2026-07-25
14.75,120.0,0.8064482044950891,5324.541176557854,-2407.251176557854,2026-07-25
15.0,135.0,0.8064482044950891,5059.188605221162,1.2613947788377118,2026-07-25
15.25,150.0,0.8064482044950891,4798.628004849896,-2996.768004849896,2026-07-25
15.5,165.0,0.8064482044950891,4493.431064538919,-65.58106453891833,2026-07-25
15.75,180.0,0.8064482044950891,4135.108646579583,-2270.3986465795833,2026-07-25
16.0,195.0,0.8064482044950891,3744.986493672311,-761.606493672311,2026-07-25
16.25,210.0,0.8064482044950891,3340.23385546275,-1557.12385546275,2026-07-25
16.5,225.0,0.8064482044950891,2925.622937848691,770.3070621513089,2026-07-25
16.75,240.0,0.8064482044950891,2498.0315464460245,143.6284535539753,2026-07-25
17.0,255.0,0.8064482044950891,2072.4820133148028,-532.6820133148028,2026-07-25
17.25,270.0,0.8064482044950891,1615.453253641319,-134.92325364131898,2026-07-25
17.5,285.0,0.8064482044950891,1182.629367745592,310.02063225440816,2026-07-25
17.75,300.0,0.8064482044950891,787.0336491454694,256.20635085453057,2026-07-25
18.0,315.0,0.8064482044950891,444.3126812209079,132.2973187790921,2026-07-25
18.25,330.0,0.8064482044950891,180.7584504112085,146.5915495887915,2026-07-25
18.5,345.0,0.8064482044950891,31.200466821212306,130.0095331787877,2026-07-25
18.75,360.0,0.8064482044950891,0.0708476785179925,33.91915232148201,2026-07-25
19.0,375.0,0.8064482044950891,0.0,0.0,2026-07-25
14.5,15.0,0.9694417717393796,6672.006385553027,-4367.576385553028,2026-07-25
14.75,30.0,0.9694417717393796,6324.175752865343,-3406.8857528653434,2026-07-25
15.0,45.0,0.9694417717393796,5987.547963967849,-927.097963967849,2026-07-25
15.25,60.0,0.9694417717393796,5656.404412962117,-3854.5444129621173,2026-07-25
15.5,75.0,0.9694417717393796,5276.834330959892,-848.9843309598918,2026-07-25
15.75,90.0,0.9694417717393796,4843.761855994026,-2979.0518559940256,2026-07-25
16.0,105.0,0.9694417717393796,4381.1116266355575,-1397.7316266355574,2026-07-25
16.25,120.0,0.9694417717393796,3897.1122101321607,-2114.002210132161,2026-07-25
16.5,135.0,0.9694417717393796,3404.118030292704,291.8119697072957,2026-07-25
16.75,150.0,0.9694417717393796,2896.117663486494,-254.4576634864943,2026-07-25
17.0,165.0,0.9694417717393796,2388.6747091352995,-848.8747091352996,2026-07-25
17.25,180.0,0.9694417717393796,1859.1144406432331,-378.58444064323317,2026-07-25
17.5,195.0,0.9694417717393796,1361.0105297516104,131.63947024838967,2026-07-25
17.75,210.0,0.9694417717393796,905.2283732404136,138.01162675958642,2026-07-25
18.0,225.0,0.9694417717393796,510.0948392823194,66.5151607176806,2026-07-25
18.25,240.0,0.9694417717393796,207.0097530228496,120.34024697715043,2026-07-25
18.5,255.0,0.9694417717393796,35.91988888589592,125.29011111410409,2026-07-25
18.75,270.0,0.9694417717393796,0.0815694565843521,33.90843054341565,2026-07-25
19.0,285.0,0.9694417717393796,0.0,0.0,2026-07-25
16.0,15.0,0.5881863046970608,3060.5885487439928,-77.20854874399265,2026-07-25
16.25,30.0,0.5881863046970608,2752.934023871103,-969.824023871103,2026-07-25
16.5,45.0,0.5881863046970608,2427.1333298483696,1268.7966701516302,2026-07-25
16.75,60.0,0.5881863046970608,2077.3055514140924,564.3544485859074,2026-07-25
17.0,75.0,0.5881863046970608,1729.911736966995,-190.11173696699507,2026-07-25
17.25,90.0,0.5881863046970608,1351.2671871148807,129.26281288511927,2026-07-25
17.5,105.0,0.5881863046970608,991.1852130725848,501.4647869274153,2026-07-25
17.75,120.0,0.5881863046970608,661.4139931286155,381.8260068713845,2026-07-25
18.0,135.0,0.5881863046970608,374.0891956041869,202.52080439581312,2026-07-25
18.25,150.0,0.5881863046970608,151.96412689242894,175.3858731075711,2026-07-25
18.5,165.0,0.5881863046970608,25.82518882806061,135.3848111719394,2026-07-25
18.75,180.0,0.5881863046970608,0.0585149150964416,33.931485084903564,2026-07-25
19.0,195.0,0.5881863046970608,0.0,0.0,2026-07-25
17.5,15.0,0.8252917599350686,1244.2284477069072,248.42155229309287,2026-07-25
17.75,30.0,0.8252917599350686,823.4124417232,219.8275582768,2026-07-25
18.0,45.0,0.8252917599350686,462.6286901526976,113.98130984730244,2026-07-25
18.25,60.0,0.8252917599350686,187.3662356718612,139.98376432813882,2026-07-25
18.5,75.0,0.8252917599350686,32.26923665028679,128.94076334971322,2026-07-25
18.75,90.0,0.8252917599350686,0.0731737816393062,33.9168262183607,2026-07-25
19.0,105.0,0.8252917599350686,0.0,0.0,2026-07-25
7.0,15.0,0.2599619448338305,327.3567219251918,28.063278074808238,2026-07-26
7.25,30.0,0.2599619448338305,464.9709226614596,100.92907733854037,2026-07-26
7.5,45.0,0.2599619448338305,610.2677496623944,67.55225033760564,2026-07-26
7.75,60.0,0.2599619448338305,794.6291520965364,20.390847903463623,2026-07-26
8.0,75.0,0.2599619448338305,968.8610027503506,14.028997249649365,2026-07-26
8.25,90.0,0.2599619448338305,1130.832014586745,600.6279854132551,2026-07-26
8.5,105.0,0.2599619448338305,1296.4005788432985,923.6894211567017,2026-07-26
8.75,120.0,0.2599619448338305,1520.642012780101,794.3279872198989,2026-07-26
9.0,135.0,0.2599619448338305,1770.5539183253354,739.6760816746646,2026-07-26
9.25,150.0,0.2599619448338305,2024.4005708303405,1262.4794291696596,2026-07-26
9.5,165.0,0.2599619448338305,2258.27351888716,1458.23648111284,2026-07-26
9.75,180.0,0.2599619448338305,2496.4212617436947,905.1287382563055,2026-07-26
10.0,195.0,0.2599619448338305,2719.847753812162,1222.342246187838,2026-07-26
10.25,210.0,0.2599619448338305,2924.9025041523205,676.0774958476795,2026-07-26
10.5,225.0,0.2599619448338305,3109.82877707664,1353.7512229233598,2026-07-26
10.75,240.0,0.2599619448338305,3252.9642440015027,1368.105755998497,2026-07-26
11.0,255.0,0.2599619448338305,3373.0661336083726,1588.333866391627,2026-07-26
11.25,270.0,0.2599619448338305,3488.945219194697,2810.0847808053027,2026-07-26
11.5,285.0,0.2599619448338305,3630.3786215957953,2019.9913784042046,2026-07-26
11.75,300.0,0.2599619448338305,3731.874346718526,2995.615653281474,2026-07-26
12.0,315.0,0.2599619448338305,3827.843489485839,976.916510514161,2026-07-26
12.25,330.0,0.2599619448338305,3892.95275463423,3679.9572453657697,2026-07-26
12.5,345.0,0.2599619448338305,3900.600471193825,3582.509528806175,2026-07-26
12.75,360.0,0.2599619448338305,3856.7422934611473,1213.0677065388531,2026-07-26
13.0,375.0,0.2599619448338305,3822.7100566411577,952.359943358842,2026-07-26
13.25,390.0,0.2599619448338305,3784.677193964714,2785.332806035286,2026-07-26
13.5,405.0,0.2599619448338305,3722.612317719285,2263.797682280715,2026-07-26
13.75,420.0,0.2599619448338305,3627.5686460503625,3668.2313539496377,2026-07-26
14.0,435.0,0.2599619448338305,3491.2485934410543,2935.461406558946,2026-07-26
14.25,450.0,0.2599619448338305,3317.325262807752,1693.9547371922476,2026-07-26
14.5,465.0,0.2599619448338305,3162.171545310016,2759.7284546899837,2026-07-26
14.75,480.0,0.2599619448338305,3009.870748712374,3414.7992512876262,2026-07-26
15.0,495.0,0.2599619448338305,2891.085026641221,2556.2949733587793,2026-07-26
15.25,510.0,0.2599619448338305,2759.904562867068,2379.885437132932,2026-07-26
15.5,525.0,0.2599619448338305,2594.113893129153,1507.9861068708474,2026-07-26
15.75,540.0,0.2599619448338305,2397.038341469791,3913.861658530209,2026-07-26
16.0,555.0,0.2599619448338305,2184.312192062742,2997.467807937258,2026-07-26
16.25,570.0,0.2599619448338305,1962.0062945225209,198.08370547747927,2026-07-26
16.5,585.0,0.2599619448338305,1734.6384288814108,-663.0884288814109,2026-07-26
16.75,600.0,0.2599619448338305,1495.4236766579547,-612.9936766579548,2026-07-26
17.0,615.0,0.2599619448338305,1247.0974945927871,-277.5474945927872,2026-07-26
17.25,630.0,0.2599619448338305,965.6983999644394,3.931600035560564,2026-07-26
17.5,645.0,0.2599619448338305,708.0190702358263,71.19092976417369,2026-07-26
17.75,660.0,0.2599619448338305,473.46935486437735,124.61064513562269,2026-07-26
18.0,675.0,0.2599619448338305,267.28800038265035,87.83199961734965,2026-07-26
18.25,690.0,0.2599619448338305,107.43953253076508,29.690467469234918,2026-07-26
18.5,705.0,0.2599619448338305,17.173898910831845,38.186101089168154,2026-07-26
18.75,720.0,0.2599619448338305,0.0287669909871135,18.961233009012886,2026-07-26
19.0,735.0,0.2599619448338305,0.0,0.0,2026-07-26
8.5,15.0,0.3124060853271792,1409.9674340526922,810.122565947308,2026-07-26
8.75,30.0,0.3124060853271792,1648.9341185973924,666.0358814026074,2026-07-26
9.0,45.0,0.3124060853271792,1910.417241037691,599.8127589623091,2026-07-26
9.25,60.0,0.3124060853271792,2188.920413336988,1097.959586663012,2026-07-26
9.5,75.0,0.3124060853271792,2443.0606082084246,1273.4493917915756,2026-07-26
9.75,90.0,0.3124060853271792,2695.8157968579108,705.7342031420894,2026-07-26
10.0,105.0,0.3124060853271792,2925.5308540192145,1016.6591459807855,2026-07-26
10.25,120.0,0.3124060853271792,3131.9425091235057,469.0374908764943,2026-07-26
10.5,135.0,0.3124060853271792,3320.411617588152,1143.1683824118481,2026-07-26
10.75,150.0,0.3124060853271792,3464.882815621541,1156.1871843784588,2026-07-26
11.0,165.0,0.3124060853271792,3580.5111936952158,1380.8888063047839,2026-07-26
11.25,180.0,0.3124060853271792,3702.078369718057,2596.951630281943,2026-07-26
11.5,195.0,0.3124060853271792,3840.6889566096233,1809.6810433903765,2026-07-26
11.75,210.0,0.3124060853271792,3958.281364036101,2769.208635963899,2026-07-26
12.0,225.0,0.3124060853271792,4057.867327808174,746.892672191826,2026-07-26
12.25,240.0,0.3124060853271792,4146.999623752205,3425.9103762477953,2026-07-26
12.5,255.0,0.3124060853271792,4151.552250622227,3331.557749377773,2026-07-26
12.75,270.0,0.3124060853271792,4107.658539057479,962.1514609425212,2026-07-26
13.0,285.0,0.3124060853271792,4076.7342803052456,698.3357196947541,2026-07-26
13.25,300.0,0.3124060853271792,4035.932016825199,2534.0779831748014,2026-07-26
13.5,315.0,0.3124060853271792,3954.917870267219,2031.492129732781,2026-07-26
13.75,330.0,0.3124060853271792,3830.124544905952,3465.675455094048,2026-07-26
14.0,345.0,0.3124060853271792,3682.804420644924,2743.905579355076,2026-07-26
14.25,360.0,0.3124060853271792,3511.67487893544,1499.6051210645596,2026-07-26
14.5,375.0,0.3124060853271792,3343.7601993826183,2578.1398006173813,2026-07-26
14.75,390.0,0.3124060853271792,3183.5354080487514,3241.1345919512487,2026-07-26
15.0,405.0,0.3124060853271792,3048.692612465139,2398.687387534861,2026-07-26
15.25,420.0,0.3124060853271792,2917.9073149861824,2221.8826850138175,2026-07-26
15.5,435.0,0.3124060853271792,2744.122569754112,1357.9774302458882,2026-07-26
15.75,450.0,0.3124060853271792,2533.2524900936096,3777.64750990639,2026-07-26
16.0,465.0,0.3124060853271792,2304.6253510829306,2877.154648917069,2026-07-26
16.25,480.0,0.3124060853271792,2062.805747467715,97.28425253228534,2026-07-26
16.5,495.0,0.3124060853271792,1820.0156413572336,-748.4656413572336,2026-07-26
16.75,510.0,0.3124060853271792,1567.3977501168522,-684.9677501168522,2026-07-26
17.0,525.0,0.3124060853271792,1311.221347434869,-341.67134743486895,2026-07-26
17.25,540.0,0.3124060853271792,1019.8977565847346,-50.26775658473457,2026-07-26
17.5,555.0,0.3124060853271792,746.9992530692327,32.2107469307673,2026-07-26
17.75,570.0,0.3124060853271792,498.3300722187792,99.74992778122083,2026-07-26
18.0,585.0,0.3124060853271792,281.1113324776881,74.0086675223119,2026-07-26
18.25,600.0,0.3124060853271792,113.44834145924432,23.681658540755677,2026-07-26
18.5,615.0,0.3124060853271792,18.170390687114423,37.18960931288558,2026-07-26
18.75,630.0,0.3124060853271792,0.0303054161248806,18.959694583875116,2026-07-26
19.0,645.0,0.3124060853271792,0.0,0.0,2026-07-26
10.0,15.0,0.5168156667008648,3794.402559454157,147.78744054584286,2026-07-26
10.25,30.0,0.5168156667008648,4051.3077093980455,-450.3277093980455,2026-07-26
10.5,45.0,0.5168156667008648,4287.355815866089,176.22418413391097,2026-07-26
10.75,60.0,0.5168156667008648,4478.418550194611,142.65144980538844,2026-07-26
11.0,75.0,0.5168156667008648,4631.471618740367,329.92838125963226,2026-07-26
11.25,90.0,0.5168156667008648,4791.16145381743,1507.8685461825698,2026-07-26
11.5,105.0,0.5168156667008648,4949.119060471706,701.2509395282941,2026-07-26
11.75,120.0,0.5168156667008648,5072.415921822597,1655.074078177403,2026-07-26
12.0,135.0,0.5168156667008648,5176.70496985127,-371.9449698512699,2026-07-26
12.25,150.0,0.5168156667008648,5247.008595275504,2325.9014047244955,2026-07-26
12.5,165.0,0.5168156667008648,5228.917379335444,2254.1926206645558,2026-07-26
12.75,180.0,0.5168156667008648,5162.611753171516,-92.80175317151588,2026-07-26
13.0,195.0,0.5168156667008648,5107.743340042943,-332.673340042943,2026-07-26
13.25,210.0,0.5168156667008648,5045.09222270781,1524.9177772921903,2026-07-26
13.5,225.0,0.5168156667008648,4950.010059255063,1036.3999407449364,2026-07-26
13.75,240.0,0.5168156667008648,4823.675040405396,2472.1249595946038,2026-07-26
14.0,255.0,0.5168156667008648,4661.017469784163,1765.692530215837,2026-07-26
14.25,270.0,0.5168156667008648,4481.349535959506,529.9304640404935,2026-07-26
14.5,285.0,0.5168156667008648,4290.972093714557,1630.927906285443,2026-07-26
14.75,300.0,0.5168156667008648,4077.857093702671,2346.812906297329,2026-07-26
15.0,315.0,0.5168156667008648,3871.55124259826,1575.82875740174,2026-07-26
15.25,330.0,0.5168156667008648,3662.795044656706,1476.994955343294,2026-07-26
15.5,345.0,0.5168156667008648,3428.289046927765,673.8109530722354,2026-07-26
15.75,360.0,0.5168156667008648,3157.8650117413536,3153.034988258646,2026-07-26
16.0,375.0,0.5168156667008648,2866.6091886354307,2315.170811364569,2026-07-26
16.25,390.0,0.5168156667008648,2561.369615088901,-401.27961508890075,2026-07-26
16.5,405.0,0.5168156667008648,2249.2845734534594,-1177.7345734534595,2026-07-26
16.75,420.0,0.5168156667008648,1930.9814075222173,-1048.5514075222172,2026-07-26
17.0,435.0,0.5168156667008648,1609.5971636293852,-640.0471636293853,2026-07-26
17.25,450.0,0.5168156667008648,1254.168849186092,-284.5388491860921,2026-07-26
17.5,465.0,0.5168156667008648,917.9987788867104,-138.78877888671036,2026-07-26
17.75,480.0,0.5168156667008648,611.1821200803729,-13.102120080372856,2026-07-26
18.0,495.0,0.5168156667008648,344.6885704662379,10.431429533762127,2026-07-26
18.25,510.0,0.5168156667008648,138.82834691028123,-1.6983469102812307,2026-07-26
18.5,525.0,0.5168156667008648,22.71724445744724,32.64275554255276,2026-07-26
18.75,540.0,0.5168156667008648,0.0380629013681941,18.951937098631806,2026-07-26
19.0,555.0,0.5168156667008648,0.0,0.0,2026-07-26
11.5,15.0,0.6135474359172058,5739.2478923851,-88.8778923851005,2026-07-26
11.75,30.0,0.6135474359172058,5834.834239378984,892.6557606210154,2026-07-26
12.0,45.0,0.6135474359172058,5911.01219365441,-1106.25219365441,2026-07-26
12.25,60.0,0.6135474359172058,5959.347597970855,1613.5624020291452,2026-07-26
12.5,75.0,0.6135474359172058,5950.011362529401,1533.098637470599,2026-07-26
12.75,90.0,0.6135474359172058,5900.113343322144,-830.3033433221435,2026-07-26
13.0,105.0,0.6135474359172058,5837.4946452014265,-1062.4246452014268,2026-07-26
13.25,120.0,0.6135474359172058,5746.21629002687,823.7937099731298,2026-07-26
13.5,135.0,0.6135474359172058,5620.001977135187,366.40802286481266,2026-07-26
13.75,150.0,0.6135474359172058,5451.622793972534,1844.1772060274661,2026-07-26
14.0,165.0,0.6135474359172058,5244.910442252392,1181.7995577476077,2026-07-26
14.25,180.0,0.6135474359172058,5020.8198574173375,-9.539857417337771,2026-07-26
14.5,195.0,0.6135474359172058,4801.455226623037,1120.444773376963,2026-07-26
14.75,210.0,0.6135474359172058,4560.964421498429,1863.705578501571,2026-07-26
15.0,225.0,0.6135474359172058,4321.730736416602,1125.6492635833984,2026-07-26
15.25,240.0,0.6135474359172058,4081.247278907847,1058.542721092153,2026-07-26
15.5,255.0,0.6135474359172058,3807.690215241565,294.4097847584353,2026-07-26
15.75,270.0,0.6135474359172058,3494.0999640856576,2816.800035914342,2026-07-26
16.0,285.0,0.6135474359172058,3164.741789630371,2017.0382103696288,2026-07-26
16.25,300.0,0.6135474359172058,2825.8693229915893,-665.7793229915892,2026-07-26
16.5,315.0,0.6135474359172058,2481.449831446911,-1409.899831446911,2026-07-26
16.75,330.0,0.6135474359172058,2123.3393947286063,-1240.9093947286065,2026-07-26
17.0,345.0,0.6135474359172058,1765.8370460044016,-796.2870460044016,2026-07-26
17.25,360.0,0.6135474359172058,1375.317675907144,-405.6876759071439,2026-07-26
17.5,375.0,0.6135474359172058,1006.7808038228223,-227.5708038228223,2026-07-26
17.75,390.0,0.6135474359172058,669.0244428448602,-70.94444284486019,2026-07-26
18.0,405.0,0.6135474359172058,375.4041634512731,-20.284163451273116,2026-07-26
18.25,420.0,0.6135474359172058,150.56809695023762,-13.438096950237622,2026-07-26
18.5,435.0,0.6135474359172058,24.773704397204146,30.586295602795854,2026-07-26
18.75,450.0,0.6135474359172058,0.041481838233597,18.9485181617664,2026-07-26
19.0,465.0,0.6135474359172058,0.0,0.0,2026-07-26
13.0,15.0,0.7368076333490072,6125.358150706572,-1350.2881507065722,2026-07-26
13.25,30.0,0.7368076333490072,6047.494810839031,522.5151891609694,2026-07-26
13.5,45.0,0.7368076333490072,5923.350826453318,63.05917354668145,2026-07-26
13.75,60.0,0.7368076333490072,5757.254813026802,1538.5451869731978,2026-07-26
14.0,75.0,0.7368076333490072,5552.215387516181,874.4946124838189,2026-07-26
14.25,90.0,0.7368076333490072,5330.854441007077,-319.57444100707744,2026-07-26
14.5,105.0,0.7368076333490072,5100.864780670807,821.0352193291928,2026-07-26
14.75,120.0,0.7368076333490072,4849.905278258383,1574.764721741617,2026-07-26
15.0,135.0,0.7368076333490072,4608.584555806883,838.795444193117,2026-07-26
15.25,150.0,0.7368076333490072,4365.794916710896,773.9950832891036,2026-07-26
15.5,165.0,0.7368076333490072,4081.0990949401257,21.00090505987464,2026-07-26
15.75,180.0,0.7368076333490072,3747.936076476071,2562.9639235239288,2026-07-26
16.0,195.0,0.7368076333490072,3385.2356770147458,1796.544322985254,2026-07-26
16.25,210.0,0.7368076333490072,3007.237967417873,-847.1479674178727,2026-07-26
16.5,225.0,0.7368076333490072,2626.739928705794,-1555.1899287057938,2026-07-26
16.75,240.0,0.7368076333490072,2230.149905875741,-1347.719905875741,2026-07-26
17.0,255.0,0.7368076333490072,1830.148107742515,-860.5981077425151,2026-07-26
17.25,270.0,0.7368076333490072,1446.9546777560736,-477.3246777560736,2026-07-26
17.5,285.0,0.7368076333490072,1083.9662601429486,-304.7562601429486,2026-07-26
17.75,300.0,0.7368076333490072,743.0326618467295,-144.95266184672948,2026-07-26
18.0,315.0,0.7368076333490072,418.0668066480608,-62.94680664806077,2026-07-26
18.25,330.0,0.7368076333490072,167.84533825682684,-30.71533825682684,2026-07-26
18.5,345.0,0.7368076333490072,27.768892016768888,27.59110798323111,2026-07-26
18.75,360.0,0.7368076333490072,0.0463551338043517,18.943644866195648,2026-07-26
19.0,375.0,0.7368076333490072,0.0,0.0,2026-07-26
14.5,15.0,0.8748581420050333,5900.661888465568,21.238111534431482,2026-07-26
14.75,30.0,0.8748581420050333,5576.133564550779,848.5364354492212,2026-07-26
15.0,45.0,0.8748581420050333,5270.992874134813,176.38712586518704,2026-07-26
15.25,60.0,0.8748581420050333,4970.206767706532,169.58323229346752,2026-07-26
15.5,75.0,0.8748581420050333,4637.276511558277,-535.1765115582766,2026-07-26
15.75,90.0,0.8748581420050333,4252.320286814898,2058.5797131851014,2026-07-26
16.0,105.0,0.8748581420050333,3840.479372957229,1341.3006270427709,2026-07-26
16.25,120.0,0.8748581420050333,3404.478097993827,-1244.3880979938267,2026-07-26
16.5,135.0,0.8748581420050333,2965.638995161188,-1894.0889951611882,2026-07-26
16.75,150.0,0.8748581420050333,2510.845602300557,-1628.415602300557,2026-07-26
17.0,165.0,0.8748581420050333,2056.003057027822,-1086.4530570278218,2026-07-26
17.25,180.0,0.8748581420050333,1621.6386598308663,-652.0086598308663,2026-07-26
17.5,195.0,0.8748581420050333,1213.063825678625,-433.85382567862507,2026-07-26
17.75,210.0,0.8748581420050333,828.9848292833572,-230.90482928335712,2026-07-26
18.0,225.0,0.8748581420050333,465.8747510125412,-110.75475101254119,2026-07-26
18.25,240.0,0.8748581420050333,187.30005018976092,-50.17005018976093,2026-07-26
18.5,255.0,0.8748581420050333,31.283462224425637,24.076537775574362,2026-07-26
18.75,270.0,0.8748581420050333,0.0524543226043642,18.937545677395633,2026-07-26
19.0,285.0,0.8748581420050333,0.0,0.0,2026-07-26
16.0,15.0,0.9123155004083341,4164.484887426738,1017.2951125732616,2026-07-26
16.25,30.0,0.9123155004083341,3671.179831246374,-1511.0898312463737,2026-07-26
16.5,45.0,0.9123155004083341,3179.8471440731296,-2108.29714407313,2026-07-26
16.75,60.0,0.9123155004083341,2681.3816845602328,-1798.951684560233,2026-07-26
17.0,75.0,0.9123155004083341,2188.690109377679,-1219.1401093776792,2026-07-26
17.25,90.0,0.9123155004083341,1723.222288070532,-753.5922880705319,2026-07-26
17.5,105.0,0.9123155004083341,1284.8746514900167,-505.6646514900167,2026-07-26
17.75,120.0,0.9123155004083341,876.0161325682468,-277.93613256824676,2026-07-26
18.0,135.0,0.9123155004083341,491.91020392475417,-136.79020392475417,2026-07-26
18.25,150.0,0.9123155004083341,197.4861354419061,-60.356135441906105,2026-07-26
18.5,165.0,0.9123155004083341,33.005059966323365,22.354940033676634,2026-07-26
18.75,180.0,0.9123155004083341,0.0552354469879478,18.93476455301205,2026-07-26
19.0,195.0,0.9123155004083341,0.0,0.0,2026-07-26
17.5,15.0,0.33590593484579595,739.0179944319626,40.192005568037416,2026-07-26
17.75,30.0,0.33590593484579595,518.92446250217,79.1555374978301,2026-07-26
18.0,45.0,0.33590593484579595,294.5053077195294,60.61469228047059,2026-07-26
18.25,60.0,0.33590593484579595,119.12149702976022,18.008502970239775,2026-07-26
18.5,75.0,0.33590593484579595,19.14169753739281,36.218302462607184,2026-07-26
18.75,90.0,0.33590593484579595,0.0318755446889367,18.95812445531106,2026-07-26
19.0,105.0,0.33590593484579595,0.0,0.0,2026-07-26
7.0,15.0,0.5432221486894431,658.5629813901596,365.22701860984034,2026-07-27
7.25,30.0,0.5432221486894431,919.5709296676876,607.4390703323124,2026-07-27
7.5,45.0,0.5432221486894431,1192.874826408742,822.3751735912581,2026-07-27
7.75,60.0,0.5432221486894431,1483.293907322403,652.9260926775969,2026-07-27
8.0,75.0,0.5432221486894431,1766.158191837205,51.241808162794996,2026-07-27
8.25,90.0,0.5432221486894431,2045.885318903486,1563.0246810965139,2026-07-27
8.5,105.0,0.5432221486894431,2329.8818973032226,573.1281026967777,2026-07-27
8.75,120.0,0.5432221486894431,2638.1330036273043,1096.3969963726959,2026-07-27
9.0,135.0,0.5432221486894431,2964.3235818950548,-326.1135818950547,2026-07-27
9.25,150.0,0.5432221486894431,3289.734507230824,-597.4745072308237,2026-07-27
9.5,165.0,0.5432221486894431,3575.968157170628,-754.8881571706279,2026-07-27
9.75,180.0,0.5432221486894431,3836.880722256785,-444.7107222567847,2026-07-27
10.0,195.0,0.5432221486894431,4049.5478434174343,-1125.267843417434,2026-07-27
10.25,210.0,0.5432221486894431,4217.8993390479245,-2413.5893390479246,2026-07-27
10.5,225.0,0.5432221486894431,4385.45568904822,-2886.16568904822,2026-07-27
10.75,240.0,0.5432221486894431,4533.519332204214,-3044.3993322042143,2026-07-27
11.0,255.0,0.5432221486894431,4658.69963692077,-3122.8796369207703,2026-07-27
11.25,270.0,0.5432221486894431,4794.669605745316,-1779.8596057453165,2026-07-27
11.5,285.0,0.5432221486894431,4951.756068507608,325.0939314923926,2026-07-27
11.75,300.0,0.5432221486894431,5076.166766489571,-1256.2267664895712,2026-07-27
12.0,315.0,0.5432221486894431,5160.925346987385,-1573.5653469873846,2026-07-27
12.25,330.0,0.5432221486894431,5185.852501312084,-2045.2925013120844,2026-07-27
12.5,345.0,0.5432221486894431,5122.519013217408,-791.3690132174088,2026-07-27
12.75,360.0,0.5432221486894431,5043.009305587219,1069.7506944127808,2026-07-27
13.0,375.0,0.5432221486894431,4975.876753211495,-948.8367532114953,2026-07-27
13.25,390.0,0.5432221486894431,4905.73812087959,1369.41187912041,2026-07-27
13.5,405.0,0.5432221486894431,4808.30167122599,3012.43832877401,2026-07-27
13.75,420.0,0.5432221486894431,4682.980213825687,1817.2497861743122,2026-07-27
14.0,435.0,0.5432221486894431,4489.2672941124165,196.5327058875837,2026-07-27
14.25,450.0,0.5432221486894431,4267.707591942607,748.002408057393,2026-07-27
14.5,465.0,0.5432221486894431,4065.0599915238154,3620.8500084761845,2026-07-27
14.75,480.0,0.5432221486894431,3884.408300898188,1629.9516991018118,2026-07-27
15.0,495.0,0.5432221486894431,3718.12052010109,687.6794798989104,2026-07-27
15.25,510.0,0.5432221486894431,3537.8924503454746,3454.2675496545253,2026-07-27
15.5,525.0,0.5432221486894431,3311.377207630527,437.79279236947286,2026-07-27
15.75,540.0,0.5432221486894431,3036.380911101196,2021.8790888988042,2026-07-27
16.0,555.0,0.5432221486894431,2713.810107924819,685.1198920751808,2026-07-27
16.25,570.0,0.5432221486894431,2379.668452805769,1749.8415471942312,2026-07-27
16.5,585.0,0.5432221486894431,2064.3174285778896,1866.5725714221103,2026-07-27
16.75,600.0,0.5432221486894431,1749.2401090385586,569.2598909614414,2026-07-27
17.0,615.0,0.5432221486894431,1436.4596618553092,845.4303381446907,2026-07-27
17.25,630.0,0.5432221486894431,1144.8304051361454,783.2595948638545,2026-07-27
17.5,645.0,0.5432221486894431,872.6827117780516,921.3872882219483,2026-07-27
17.75,660.0,0.5432221486894431,624.5992186821098,772.7807813178903,2026-07-27
18.0,675.0,0.5432221486894431,351.1496738237333,90.10032617626672,2026-07-27
18.25,690.0,0.5432221486894431,138.62504372704814,-102.02504372704814,2026-07-27
18.5,705.0,0.5432221486894431,21.64527618529872,24.25472381470128,2026-07-27
18.75,720.0,0.5432221486894431,0.0248505382106121,-0.0248505382106121,2026-07-27
19.0,735.0,0.5432221486894431,0.0,0.0,2026-07-27
8.5,15.0,0.5971684546760636,2483.992313295324,419.0176867046762,2026-07-27
8.75,30.0,0.5971684546760636,2806.8119717304567,927.7180282695435,2026-07-27
9.0,45.0,0.5971684546760636,3137.9482562893977,-499.73825628939767,2026-07-27
9.25,60.0,0.5971684546760636,3496.96936994336,-804.7093699433599,2026-07-27
9.5,75.0,0.5971684546760636,3802.9643541724736,-981.8843541724736,2026-07-27
9.75,90.0,0.5971684546760636,4078.0508520551934,-685.8808520551934,2026-07-27
10.0,105.0,0.5971684546760636,4302.2119880994,-1377.9319880993994,2026-07-27
10.25,120.0,0.5971684546760636,4496.763732582766,-2692.4537325827664,2026-07-27
10.5,135.0,0.5971684546760636,4672.502501825538,-3173.2125018255383,2026-07-27
10.75,150.0,0.5971684546760636,4812.535108538969,-3323.4151085389694,2026-07-27
11.0,165.0,0.5971684546760636,4929.698044553001,-3393.878044553001,2026-07-27
11.25,180.0,0.5971684546760636,5082.8317413231725,-2068.0217413231726,2026-07-27
11.5,195.0,0.5971684546760636,5249.083651281948,27.76634871805254,2026-07-27
11.75,210.0,0.5971684546760636,5408.1220003368135,-1588.1820003368134,2026-07-27
12.0,225.0,0.5971684546760636,5487.291788105271,-1899.9317881052707,2026-07-27
12.25,240.0,0.5971684546760636,5541.8349203654925,-2401.2749203654926,2026-07-27
12.5,255.0,0.5971684546760636,5413.854095787358,-1082.7040957873587,2026-07-27
12.75,270.0,0.5971684546760636,5340.691861029762,772.0681389702386,2026-07-27
13.0,285.0,0.5971684546760636,5280.473006556254,-1253.4330065562544,2026-07-27
13.25,300.0,0.5971684546760636,5220.70342471245,1054.4465752875494,2026-07-27
13.5,315.0,0.5971684546760636,5115.522229184103,2705.217770815897,2026-07-27
13.75,330.0,0.5971684546760636,4964.048805348392,1536.1811946516073,2026-07-27
14.0,345.0,0.5971684546760636,4748.016037880112,-62.2160378801118,2026-07-27
14.25,360.0,0.5971684546760636,4521.196495247067,494.51350475293293,2026-07-27
14.5,375.0,0.5971684546760636,4309.5957287333285,3376.3142712666713,2026-07-27
14.75,390.0,0.5971684546760636,4113.434345135311,1400.925654864689,2026-07-27
15.0,405.0,0.5971684546760636,3914.180889838544,491.6191101614563,2026-07-27
15.25,420.0,0.5971684546760636,3734.000105525324,3258.1598944746756,2026-07-27
15.5,435.0,0.5971684546760636,3487.8498216881662,261.32017831183384,2026-07-27
15.75,450.0,0.5971684546760636,3198.168557788939,1860.0914422110613,2026-07-27
16.0,465.0,0.5971684546760636,2869.6577858263354,529.2722141736645,2026-07-27
16.25,480.0,0.5971684546760636,2526.0890039753085,1603.4209960246917,2026-07-27
16.5,495.0,0.5971684546760636,2191.365215017153,1739.524784982847,2026-07-27
16.75,510.0,0.5971684546760636,1852.1796724765752,466.3203275234248,2026-07-27
17.0,525.0,0.5971684546760636,1520.2483885208956,761.6416114791043,2026-07-27
17.25,540.0,0.5971684546760636,1213.9595134820206,714.1304865179793,2026-07-27
17.5,555.0,0.5971684546760636,923.0807361369332,870.9892638630668,2026-07-27
17.75,570.0,0.5971684546760636,659.0411604847919,738.3388395152082,2026-07-27
18.0,585.0,0.5971684546760636,368.78792752971697,72.46207247028303,2026-07-27
18.25,600.0,0.5971684546760636,146.0111650101834,-109.4111650101834,2026-07-27
18.5,615.0,0.5971684546760636,22.665015248949985,23.234984751050014,2026-07-27
18.75,630.0,0.5971684546760636,0.0260311535394288,-0.0260311535394288,2026-07-27
19.0,645.0,0.5971684546760636,0.0,0.0,2026-07-27
10.0,15.0,0.4486729099904698,3405.752174328514,-481.4721743285136,2026-07-27
10.25,30.0,0.4486729099904698,3599.762546482151,-1795.4525464821509,2026-07-27
10.5,45.0,0.4486729099904698,3774.5139937204617,-2275.2239937204617,2026-07-27
10.75,60.0,0.4486729099904698,3924.854978265907,-2435.734978265907,2026-07-27
11.0,75.0,0.4486729099904698,4053.245692189275,-2517.4256921892747,2026-07-27
11.25,90.0,0.4486729099904698,4188.2794207388015,-1173.4694207388015,2026-07-27
11.5,105.0,0.4486729099904698,4310.617540889545,966.2324591104552,2026-07-27
11.75,120.0,0.4486729099904698,4397.192199979691,-577.2521999796913,2026-07-27
12.0,135.0,0.4486729099904698,4467.13134841983,-879.7713484198298,2026-07-27
12.25,150.0,0.4486729099904698,4494.572601976229,-1354.0126019762288,2026-07-27
12.5,165.0,0.4486729099904698,4450.272845299516,-119.12284529951648,2026-07-27
12.75,180.0,0.4486729099904698,4406.256290076597,1706.5037099234032,2026-07-27
13.0,195.0,0.4486729099904698,4374.136557067114,-347.0965570671142,2026-07-27
13.25,210.0,0.4486729099904698,4330.768604890146,1944.3813951098537,2026-07-27
13.5,225.0,0.4486729099904698,4249.758016100698,3570.9819838993017,2026-07-27
13.75,240.0,0.4486729099904698,4162.6788740375805,2337.551125962419,2026-07-27
14.0,255.0,0.4486729099904698,4024.202552780899,661.597447219101,2026-07-27
14.25,270.0,0.4486729099904698,3863.971312246305,1151.738687753695,2026-07-27
14.5,285.0,0.4486729099904698,3687.901052489237,3998.008947510763,2026-07-27
14.75,300.0,0.4486729099904698,3509.688623757469,2004.6713762425306,2026-07-27
15.0,315.0,0.4486729099904698,3330.6473438392923,1075.152656160708,2026-07-27
15.25,330.0,0.4486729099904698,3137.807674854546,3854.352325145454,2026-07-27
15.5,345.0,0.4486729099904698,2920.408011418961,828.7619885810391,2026-07-27
15.75,360.0,0.4486729099904698,2676.461638717269,2381.798361282731,2026-07-27
16.0,375.0,0.4486729099904698,2410.759887148713,988.1701128512868,2026-07-27
16.25,390.0,0.4486729099904698,2132.85919826931,1996.65080173069,2026-07-27
16.5,405.0,0.4486729099904698,1853.4156515243344,2077.4743484756655,2026-07-27
16.75,420.0,0.4486729099904698,1574.5151539994945,743.9848460005055,2026-07-27
17.0,435.0,0.4486729099904698,1299.7889723918772,982.1010276081226,2026-07-27
17.25,450.0,0.4486729099904698,1039.9394419974562,888.1505580025437,2026-07-27
17.5,465.0,0.4486729099904698,790.548556384721,1003.5214436152789,2026-07-27
17.75,480.0,0.4486729099904698,564.3081035850242,833.0718964149759,2026-07-27
18.0,495.0,0.4486729099904698,315.2617770573642,125.98822294263579,2026-07-27
18.25,510.0,0.4486729099904698,124.400544062627,-87.80054406262701,2026-07-27
18.5,525.0,0.4486729099904698,19.407284565369057,26.49271543463094,2026-07-27
18.75,540.0,0.4486729099904698,0.0223595823612744,-0.0223595823612744,2026-07-27
19.0,555.0,0.4486729099904698,0.0,0.0,2026-07-27
11.5,15.0,0.1991429359112073,2792.651044591159,2484.1989554088414,2026-07-27
11.75,30.0,0.1991429359112073,2885.748611528545,934.191388471455,2026-07-27
12.0,45.0,0.1991429359112073,2940.77865752182,646.58134247818,2026-07-27
12.25,60.0,0.1991429359112073,2971.7921331865045,168.7678668134954,2026-07-27
12.5,75.0,0.1991429359112073,2945.6400877308038,1385.5099122691959,2026-07-27
12.75,90.0,0.1991429359112073,2922.9879215062588,3189.7720784937414,2026-07-27
13.0,105.0,0.1991429359112073,2918.778678315252,1108.261321684748,2026-07-27
13.25,120.0,0.1991429359112073,2919.005256573164,3356.1447434268357,2026-07-27
13.5,135.0,0.1991429359112073,2875.1323577621847,4945.6076422378155,2026-07-27
13.75,150.0,0.1991429359112073,2801.5530413458623,3698.6769586541373,2026-07-27
14.0,165.0,0.1991429359112073,2700.7575843033515,1985.0424156966487,2026-07-27
14.25,180.0,0.1991429359112073,2601.8579749514765,2413.8520250485235,2026-07-27
14.5,195.0,0.1991429359112073,2493.740524299789,5192.1694757002115,2026-07-27
14.75,210.0,0.1991429359112073,2390.3667940603195,3123.99320593968,2026-07-27
15.0,225.0,0.1991429359112073,2295.2892977591464,2110.510702240854,2026-07-27
15.25,240.0,0.1991429359112073,2205.779389810959,4786.38061018904,2026-07-27
15.5,255.0,0.1991429359112073,2079.049486724836,1670.1205132751643,2026-07-27
15.75,270.0,0.1991429359112073,1923.7280005452856,3134.5319994547144,2026-07-27
16.0,285.0,0.1991429359112073,1736.911657511633,1662.018342488367,2026-07-27
16.25,300.0,0.1991429359112073,1538.6280843699356,2590.8819156300647,2026-07-27
16.5,315.0,0.1991429359112073,1339.8276366029168,2591.062363397083,2026-07-27
16.75,330.0,0.1991429359112073,1136.131903457533,1182.368096542467,2026-07-27
17.0,345.0,0.1991429359112073,942.1654706513632,1339.7245293486367,2026-07-27
17.25,360.0,0.1991429359112073,766.3192316815712,1161.7707683184287,2026-07-27
17.5,375.0,0.1991429359112073,597.1244347469121,1196.9455652530878,2026-07-27
17.75,390.0,0.1991429359112073,439.9275832513328,957.4524167486672,2026-07-27
18.0,405.0,0.1991429359112073,247.2035510581906,194.0464489418094,2026-07-27
18.25,420.0,0.1991429359112073,97.47958406813154,-60.87958406813154,2026-07-27
18.5,435.0,0.1991429359112073,14.764300529548231,31.13569947045177,2026-07-27
18.75,450.0,0.1991429359112073,0.0169994091462871,-0.0169994091462871,2026-07-27
19.0,465.0,0.1991429359112073,0.0,0.0,2026-07-27
13.0,15.0,0.48774341069634575,4640.037104793027,-612.9971047930267,2026-07-27
13.25,30.0,0.48774341069634575,4626.829198984865,1648.3208010151347,2026-07-27
13.5,45.0,0.48774341069634575,4572.851669335226,3247.888330664774,2026-07-27
13.75,60.0,0.48774341069634575,4464.216203772136,2036.0137962278632,2026-07-27
14.0,75.0,0.48774341069634575,4321.075627779853,364.7243722201474,2026-07-27
14.25,90.0,0.48774341069634575,4179.248923709378,836.4610762906223,2026-07-27
14.5,105.0,0.48774341069634575,4042.365982203361,3643.544017796639,2026-07-27
14.75,120.0,0.48774341069634575,3875.312962687848,1639.0470373121516,2026-07-27
15.0,135.0,0.48774341069634575,3686.165476587588,719.6345234124124,2026-07-27
15.25,150.0,0.48774341069634575,3484.7830297755286,3507.3769702244713,2026-07-27
15.5,165.0,0.48774341069634575,3276.624214820158,472.5457851798419,2026-07-27
15.75,180.0,0.48774341069634575,3018.3452902858094,2039.9147097141908,2026-07-27
16.0,195.0,0.48774341069634575,2717.725994625113,681.204005374887,2026-07-27
16.25,210.0,0.48774341069634575,2402.6076704381626,1726.9023295618376,2026-07-27
16.5,225.0,0.48774341069634575,2098.7333129025465,1832.1566870974534,2026-07-27
16.75,240.0,0.48774341069634575,1783.5338527225429,534.9661472774571,2026-07-27
17.0,255.0,0.48774341069634575,1474.6591723583294,807.2308276416704,2026-07-27
17.25,270.0,0.48774341069634575,1185.3689448754103,742.7210551245896,2026-07-27
17.5,285.0,0.48774341069634575,882.1719746512504,911.8980253487496,2026-07-27
17.75,300.0,0.48774341069634575,587.8606330651878,809.5193669348123,2026-07-27
18.0,315.0,0.48774341069634575,327.9328108166333,113.31718918336668,2026-07-27
18.25,330.0,0.48774341069634575,129.36354467096444,-92.76354467096445,2026-07-27
18.5,345.0,0.48774341069634575,20.35043358509588,25.549566414904117,2026-07-27
18.75,360.0,0.48774341069634575,0.0235550527164898,-0.0235550527164898,2026-07-27
19.0,375.0,0.48774341069634575,0.0,0.0,2026-07-27
14.5,15.0,0.841565585589491,5677.67161236121,2008.2383876387903,2026-07-27
14.75,30.0,0.841565585589491,5393.207428340482,121.15257165951789,2026-07-27
15.0,45.0,0.841565585589491,5102.433215768795,-696.6332157687948,2026-07-27
15.25,60.0,0.841565585589491,4809.288980933336,2182.8710190666643,2026-07-27
15.5,75.0,0.841565585589491,4494.002328243737,-744.8323282437368,2026-07-27
15.75,90.0,0.841565585589491,4124.199948199383,934.0600518006177,2026-07-27
16.0,105.0,0.841565585589491,3709.200685707824,-310.2706857078242,2026-07-27
16.25,120.0,0.841565585589491,3268.7485350587035,860.7614649412967,2026-07-27
16.5,135.0,0.841565585589491,2842.3080347205687,1088.5819652794312,2026-07-27
16.75,150.0,0.841565585589491,2405.619509660021,-87.11950966002087,2026-07-27
17.0,165.0,0.841565585589491,1983.1445950865425,298.7454049134574,2026-07-27
17.25,180.0,0.841565585589491,1583.2751006826388,344.8148993173611,2026-07-27
17.5,195.0,0.841565585589491,1173.3337256234795,620.7362743765204,2026-07-27
17.75,210.0,0.841565585589491,780.371690074721,617.0083099252791,2026-07-27
18.0,225.0,0.841565585589491,435.1273315519289,6.122668448071124,2026-07-27
18.25,240.0,0.841565585589491,172.352601824485,-135.752601824485,2026-07-27
18.5,255.0,0.841565585589491,27.670161988448623,18.229838011551376,2026-07-27
18.75,270.0,0.841565585589491,0.032008733911782,-0.032008733911782,2026-07-27
19.0,285.0,0.841565585589491,0.0,0.0,2026-07-27
16.0,15.0,0.8861155635360303,4007.3152042383726,-608.3852042383728,2026-07-27
16.25,30.0,0.8861155635360303,3481.59203839272,647.9179616072802,2026-07-27
16.5,45.0,0.8861155635360303,2998.4086212157463,932.4813787842536,2026-07-27
16.75,60.0,0.8861155635360303,2529.9969826035504,-211.49698260355035,2026-07-27
17.0,75.0,0.8861155635360303,2076.207839356601,205.68216064339867,2026-07-27
17.25,90.0,0.8861155635360303,1652.6351539902666,275.4548460097333,2026-07-27
17.5,105.0,0.8861155635360303,1222.8078156997544,571.2621843002455,2026-07-27
17.75,120.0,0.8861155635360303,814.7075352949179,582.6724647050822,2026-07-27
18.0,135.0,0.8861155635360303,455.66853403216095,-14.418534032160949,2026-07-27
18.25,150.0,0.8861155635360303,180.29013479009592,-143.69013479009593,2026-07-27
18.5,165.0,0.8861155635360303,28.774996454629157,17.12500354537084,2026-07-27
18.75,180.0,0.8861155635360303,0.0331818363351457,-0.0331818363351457,2026-07-27
19.0,195.0,0.8861155635360303,0.0,0.0,2026-07-27
17.5,15.0,0.898714519430434,1271.4492420594054,522.6207579405946,2026-07-27
17.75,30.0,0.898714519430434,836.9538199146461,560.426180085354,2026-07-27
18.0,45.0,0.898714519430434,463.4104005414187,-22.16040054141871,2026-07-27
18.25,60.0,0.898714519430434,182.74010257709017,-146.14010257709018,2026-07-27
18.5,75.0,0.898714519430434,29.358750678276017,16.54124932172398,2026-07-27
18.75,90.0,0.898714519430434,0.0338663530405045,-0.0338663530405045,2026-07-27
19.0,105.0,0.898714519430434,0.0,0.0,2026-07-27
7.0,15.0,0.15346524282018853,220.7726914657396,180.6073085342604,2026-07-28
7.25,30.0,0.15346524282018853,324.8289297312057,569.8310702687943,2026-07-28
7.5,45.0,0.15346524282018853,439.4829535166983,364.22704648330176,2026-07-28
7.75,60.0,0.15346524282018853,562.658076514547,604.551923485453,2026-07-28
8.0,75.0,0.15346524282018853,687.5375321864359,643.3524678135642,2026-07-28
8.25,90.0,0.15346524282018853,819.4537011632632,403.1362988367367,2026-07-28
8.5,105.0,0.15346524282018853,944.0585259567208,915.3514740432793,2026-07-28
8.75,120.0,0.15346524282018853,1076.4694301019656,1500.2005698980345,2026-07-28
9.0,135.0,0.15346524282018853,1215.509700526389,1366.370299473611,2026-07-28
9.25,150.0,0.15346524282018853,1359.0670610921863,807.5929389078135,2026-07-28
9.5,165.0,0.15346524282018853,1485.6023038324663,1082.9676961675339,2026-07-28
9.75,180.0,0.15346524282018853,1592.3988626714108,366.62113732858916,2026-07-28
10.0,195.0,0.15346524282018853,1676.7852014266427,1784.8347985733571,2026-07-28
10.25,210.0,0.15346524282018853,1776.522295575208,2017.8277044247918,2026-07-28
10.5,225.0,0.15346524282018853,1864.8788386501635,988.2811613498363,2026-07-28
10.75,240.0,0.15346524282018853,1928.2777126326007,-253.49771263260072,2026-07-28
11.0,255.0,0.15346524282018853,1994.9458534780624,-119.8558534780625,2026-07-28
11.25,270.0,0.15346524282018853,2092.771322350317,-136.16132235031705,2026-07-28
11.5,285.0,0.15346524282018853,2188.36939472876,272.49060527123993,2026-07-28
11.75,300.0,0.15346524282018853,2235.5202861003595,980.7097138996405,2026-07-28
12.0,315.0,0.15346524282018853,2231.128162351412,1366.951837648588,2026-07-28
12.25,330.0,0.15346524282018853,2217.5190626632184,2094.740937336782,2026-07-28
12.5,345.0,0.15346524282018853,2211.734761500284,2442.2452384997155,2026-07-28
12.75,360.0,0.15346524282018853,2200.040309339182,1773.3796906608181,2026-07-28
13.0,375.0,0.15346524282018853,2201.9569722554097,1903.9230277445904,2026-07-28
13.25,390.0,0.15346524282018853,2240.037134422312,1800.4328655776876,2026-07-28
13.5,405.0,0.15346524282018853,2254.93629160857,2451.32370839143,2026-07-28
13.75,420.0,0.15346524282018853,2204.207602578077,5657.112397421923,2026-07-28
14.0,435.0,0.15346524282018853,2133.541534010657,2642.758465989343,2026-07-28
14.25,450.0,0.15346524282018853,2079.9360158907084,4067.913984109292,2026-07-28
14.5,465.0,0.15346524282018853,2016.9637285741671,3575.2762714258324,2026-07-28
14.75,480.0,0.15346524282018853,1918.852780081788,3294.5972199182115,2026-07-28
15.0,495.0,0.15346524282018853,1816.0255541015035,1819.7544458984967,2026-07-28
15.25,510.0,0.15346524282018853,1719.9340630856684,4048.8559369143313,2026-07-28
15.5,525.0,0.15346524282018853,1610.3557787528305,1281.8942212471695,2026-07-28
15.75,540.0,0.15346524282018853,1478.4424312691451,267.6275687308548,2026-07-28
16.0,555.0,0.15346524282018853,1317.6999166207409,19.05008337925915,2026-07-28
16.25,570.0,0.15346524282018853,1169.7314228738996,219.54857712610033,2026-07-28
16.5,585.0,0.15346524282018853,1022.9893986232032,-530.5393986232032,2026-07-28
16.75,600.0,0.15346524282018853,872.976616137676,-572.1466161376761,2026-07-28
17.0,615.0,0.15346524282018853,720.8606791706607,-182.4206791706606,2026-07-28
17.25,630.0,0.15346524282018853,586.4231366041629,-154.4631366041629,2026-07-28
17.5,645.0,0.15346524282018853,456.6180326478331,-87.2480326478331,2026-07-28
17.75,660.0,0.15346524282018853,330.2715583711248,-24.001558371124815,2026-07-28
18.0,675.0,0.15346524282018853,210.79395770407243,-27.593957704072437,2026-07-28
18.25,690.0,0.15346524282018853,88.76756546220001,99.54243453779999,2026-07-28
18.5,705.0,0.15346524282018853,12.602842641318132,93.78715735868187,2026-07-28
18.75,720.0,0.15346524282018853,0.0087024120099111,16.36129758799009,2026-07-28
19.0,735.0,0.15346524282018853,0.0,0.0,2026-07-28
8.5,15.0,0.32940167944617743,1331.9451321577849,527.4648678422152,2026-07-28
8.75,30.0,0.32940167944617743,1517.9661941757188,1058.7038058242813,2026-07-28
9.0,45.0,0.32940167944617743,1704.3168839635916,877.5631160364085,2026-07-28
9.25,60.0,0.32940167944617743,1895.393007493254,271.26699250674596,2026-07-28
9.5,75.0,0.32940167944617743,2058.980395098705,509.5896049012954,2026-07-28
9.75,90.0,0.32940167944617743,2209.2420371562184,-250.22203715621845,2026-07-28
10.0,105.0,0.32940167944617743,2336.6763348514382,1124.9436651485616,2026-07-28
10.25,120.0,0.32940167944617743,2470.3348846119798,1324.0151153880201,2026-07-28
10.5,135.0,0.32940167944617743,2595.3290139961605,257.83098600383937,2026-07-28
10.75,150.0,0.32940167944617743,2687.536473141049,-1012.7564731410491,2026-07-28
11.0,165.0,0.32940167944617743,2774.5939160801017,-899.5039160801018,2026-07-28
11.25,180.0,0.32940167944617743,2903.023025091398,-946.4130250913979,2026-07-28
11.5,195.0,0.32940167944617743,3007.223028316825,-546.363028316825,2026-07-28
11.75,210.0,0.32940167944617743,3051.6260455161305,164.60395448386953,2026-07-28
12.0,225.0,0.32940167944617743,3077.8612051353607,520.2187948646392,2026-07-28
12.25,240.0,0.32940167944617743,3113.4564901912863,1198.803509808714,2026-07-28
12.5,255.0,0.32940167944617743,3126.7241478397905,1527.255852160209,2026-07-28
12.75,270.0,0.32940167944617743,3129.352471755354,844.0675282446459,2026-07-28
13.0,285.0,0.32940167944617743,3137.256272380491,968.6237276195093,2026-07-28
13.25,300.0,0.32940167944617743,3172.731315136893,867.7386848631068,2026-07-28
13.5,315.0,0.32940167944617743,3180.657053987077,1525.6029460129234,2026-07-28
13.75,330.0,0.32940167944617743,3112.40604420083,4748.913955799169,2026-07-28
14.0,345.0,0.32940167944617743,3009.702575861557,1766.5974241384433,2026-07-28
14.25,360.0,0.32940167944617743,2916.974137440119,3230.875862559881,2026-07-28
14.5,375.0,0.32940167944617743,2819.7049636158545,2772.5350363841453,2026-07-28
14.75,390.0,0.32940167944617743,2678.232851182035,2535.2171488179647,2026-07-28
15.0,405.0,0.32940167944617743,2526.444691520577,1109.335308479423,2026-07-28
15.25,420.0,0.32940167944617743,2379.882618746422,3388.907381253578,2026-07-28
15.5,435.0,0.32940167944617743,2215.370809290076,676.8791907099239,2026-07-28
15.75,450.0,0.32940167944617743,2035.1477498639729,-289.07774986397294,2026-07-28
16.0,465.0,0.32940167944617743,1832.0144429419515,-495.26444294195153,2026-07-28
16.25,480.0,0.32940167944617743,1625.512936361998,-236.2329363619981,2026-07-28
16.5,495.0,0.32940167944617743,1418.3553427243698,-925.9053427243698,2026-07-28
16.75,510.0,0.32940167944617743,1207.5032120503363,-906.6732120503364,2026-07-28
17.0,525.0,0.32940167944617743,993.0834234227568,-454.64342342275677,2026-07-28
17.25,540.0,0.32940167944617743,794.6581242775119,-362.6981242775119,2026-07-28
17.5,555.0,0.32940167944617743,606.1071545745206,-236.73715457452056,2026-07-28
17.75,570.0,0.32940167944617743,428.79523424589297,-122.52523424589299,2026-07-28
18.0,585.0,0.32940167944617743,262.33730340095303,-79.13730340095304,2026-07-28
18.25,600.0,0.32940167944617743,109.03341441637092,79.27658558362909,2026-07-28
18.5,615.0,0.32940167944617743,15.8864987002506,90.5035012997494,2026-07-28
18.75,630.0,0.32940167944617743,0.0109514714648836,16.359048528535116,2026-07-28
19.0,645.0,0.32940167944617743,0.0,0.0,2026-07-28
10.0,15.0,0.3628663556186119,2376.43823801826,1085.1817619817398,2026-07-28
10.25,30.0,0.3628663556186119,2526.621424617679,1267.7285753823207,2026-07-28
10.5,45.0,0.3628663556186119,2667.8982240513965,185.26177594860337,2026-07-28
10.75,60.0,0.3628663556186119,2793.629226331125,-1118.8492263311252,2026-07-28
11.0,75.0,0.3628663556186119,2917.005842068033,-1041.915842068033,2026-07-28
11.25,90.0,0.3628663556186119,3055.160293749367,-1098.5502937493673,2026-07-28
11.5,105.0,0.3628663556186119,3172.5509791829104,-711.6909791829103,2026-07-28
11.75,120.0,0.3628663556186119,3236.5113969483687,-20.281396948368638,2026-07-28
12.0,135.0,0.3628663556186119,3271.757824024959,326.32217597504086,2026-07-28
12.25,150.0,0.3628663556186119,3292.259392743003,1020.0006072569972,2026-07-28
12.5,165.0,0.3628663556186119,3290.6770630189417,1363.3029369810579,2026-07-28
12.75,180.0,0.3628663556186119,3281.8898653252004,691.5301346747997,2026-07-28
13.0,195.0,0.3628663556186119,3279.5187127916456,826.3612872083545,2026-07-28
13.25,210.0,0.3628663556186119,3286.820628881604,753.6493711183957,2026-07-28
13.5,225.0,0.3628663556186119,3264.669990226206,1441.590009773794,2026-07-28
13.75,240.0,0.3628663556186119,3194.9491435244627,4666.370856475537,2026-07-28
14.0,255.0,0.3628663556186119,3095.0653781488145,1681.2346218511857,2026-07-28
14.25,270.0,0.3628663556186119,3007.090308457409,3140.7596915425916,2026-07-28
14.5,285.0,0.3628663556186119,2909.5580601951456,2682.681939804854,2026-07-28
14.75,300.0,0.3628663556186119,2761.554048995945,2451.895951004055,2026-07-28
15.0,315.0,0.3628663556186119,2584.70229578661,1051.07770421339,2026-07-28
15.25,330.0,0.3628663556186119,2409.243172804548,3359.546827195452,2026-07-28
15.5,345.0,0.3628663556186119,2225.239335283356,667.010664716644,2026-07-28
15.75,360.0,0.3628663556186119,2023.3341186960613,-277.26411869606136,2026-07-28
16.0,375.0,0.3628663556186119,1809.6581913061812,-472.90819130618115,2026-07-28
16.25,390.0,0.3628663556186119,1601.750285794226,-212.47028579422613,2026-07-28
16.5,405.0,0.3628663556186119,1390.5027461076538,-898.0527461076538,2026-07-28
16.75,420.0,0.3628663556186119,1182.668549944682,-881.838549944682,2026-07-28
17.0,435.0,0.3628663556186119,977.0596731975592,-438.6196731975591,2026-07-28
17.25,450.0,0.3628663556186119,784.5623651287582,-352.6023651287582,2026-07-28
17.5,465.0,0.3628663556186119,597.0180157042379,-227.64801570423788,2026-07-28
17.75,480.0,0.3628663556186119,419.5013089503128,-113.23130895031284,2026-07-28
18.0,495.0,0.3628663556186119,261.37871759311645,-78.17871759311646,2026-07-28
18.25,510.0,0.3628663556186119,109.74491722487744,78.56508277512256,2026-07-28
18.5,525.0,0.3628663556186119,16.219975331096173,90.17002466890384,2026-07-28
18.75,540.0,0.3628663556186119,0.0113081554409817,16.35869184455902,2026-07-28
19.0,555.0,0.3628663556186119,0.0,0.0,2026-07-28
11.5,15.0,0.24334816802135562,2297.6844815647737,163.17551843522642,2026-07-28
11.75,30.0,0.24334816802135562,2348.000335162517,868.2296648374831,2026-07-28
12.0,45.0,0.24334816802135562,2385.8571504385977,1212.2228495614022,2026-07-28
12.25,60.0,0.24334816802135562,2436.0884297245198,1876.1715702754805,2026-07-28
12.5,75.0,0.24334816802135562,2489.785984716715,2164.1940152832844,2026-07-28
12.75,90.0,0.24334816802135562,2529.049229206604,1444.3707707933959,2026-07-28
13.0,105.0,0.24334816802135562,2555.307771792857,1550.5722282071433,2026-07-28
13.25,120.0,0.24334816802135562,2590.0932734504718,1450.376726549528,2026-07-28
13.5,135.0,0.24334816802135562,2621.457262050036,2084.802737949964,2026-07-28
13.75,150.0,0.24334816802135562,2585.652503665613,5275.667496334387,2026-07-28
14.0,165.0,0.24334816802135562,2519.103868305316,2257.196131694684,2026-07-28
14.25,180.0,0.24334816802135562,2474.249764838706,3673.600235161294,2026-07-28
14.5,195.0,0.24334816802135562,2415.5093535977458,3176.730646402254,2026-07-28
14.75,210.0,0.24334816802135562,2300.027357372634,2913.422642627366,2026-07-28
15.0,225.0,0.24334816802135562,2160.8169275547675,1474.9630724452327,2026-07-28
15.25,240.0,0.24334816802135562,2043.6095694318303,3725.18043056817,2026-07-28
15.5,255.0,0.24334816802135562,1915.233284416712,977.016715583288,2026-07-28
15.75,270.0,0.24334816802135562,1763.8586802644768,-17.788680264476852,2026-07-28
16.0,285.0,0.24334816802135562,1588.319072386775,-251.5690723867749,2026-07-28
16.25,300.0,0.24334816802135562,1410.1045970414289,-20.824597041428888,2026-07-28
16.5,315.0,0.24334816802135562,1223.7139523541366,-731.2639523541366,2026-07-28
16.75,330.0,0.24334816802135562,1035.8762608396555,-735.0462608396556,2026-07-28
17.0,345.0,0.24334816802135562,850.2832280951878,-311.8432280951878,2026-07-28
17.25,360.0,0.24334816802135562,673.7444012152773,-241.78440121527734,2026-07-28
17.5,375.0,0.24334816802135562,510.1964167006985,-140.82641670069847,2026-07-28
17.75,390.0,0.24334816802135562,367.2599831185174,-60.98998311851744,2026-07-28
18.0,405.0,0.24334816802135562,229.7728911512244,-46.57289115122441,2026-07-28
18.25,420.0,0.24334816802135562,95.9147429252042,92.39525707479581,2026-07-28
18.5,435.0,0.24334816802135562,13.835547397974263,92.55445260202573,2026-07-28
18.75,450.0,0.24334816802135562,0.009615478049098,16.360384521950902,2026-07-28
19.0,465.0,0.24334816802135562,0.0,0.0,2026-07-28
13.0,15.0,0.44950268417564804,4402.174696306047,-296.2946963060467,2026-07-28
13.25,30.0,0.44950268417564804,4415.08463253521,-374.6146325352106,2026-07-28
13.5,45.0,0.44950268417564804,4420.148381292112,286.1116187078878,2026-07-28
13.75,60.0,0.44950268417564804,4308.411159173475,3552.9088408265243,2026-07-28
14.0,75.0,0.44950268417564804,4151.326761047374,624.9732389526262,2026-07-28
14.25,90.0,0.44950268417564804,4000.803060795045,2147.0469392049554,2026-07-28
14.5,105.0,0.44950268417564804,3839.8317271507367,1752.408272849263,2026-07-28
14.75,120.0,0.44950268417564804,3602.5445779563074,1610.9054220436924,2026-07-28
15.0,135.0,0.44950268417564804,3338.338583733094,297.44141626690634,2026-07-28
15.25,150.0,0.44950268417564804,3086.2747545912625,2682.5152454087374,2026-07-28
15.5,165.0,0.44950268417564804,2825.5444141764656,66.70558582353442,2026-07-28
15.75,180.0,0.44950268417564804,2561.8509964641835,-815.7809964641835,2026-07-28
16.0,195.0,0.44950268417564804,2275.632115474429,-938.8821154744292,2026-07-28
16.25,210.0,0.44950268417564804,1986.264867303772,-596.984867303772,2026-07-28
16.5,225.0,0.44950268417564804,1692.1502526462466,-1199.7002526462466,2026-07-28
16.75,240.0,0.44950268417564804,1433.846130429561,-1133.0161304295611,2026-07-28
17.0,255.0,0.44950268417564804,1170.2589657198926,-631.8189657198925,2026-07-28
17.25,270.0,0.44950268417564804,915.6131784786792,-483.6531784786792,2026-07-28
17.5,285.0,0.44950268417564804,676.9767018612946,-307.6067018612946,2026-07-28
17.75,300.0,0.44950268417564804,467.94303506435926,-161.67303506435928,2026-07-28
18.0,315.0,0.44950268417564804,281.4102029522855,-98.2102029522855,2026-07-28
18.25,330.0,0.44950268417564804,120.89984490583971,67.41015509416029,2026-07-28
18.5,345.0,0.44950268417564804,17.87820188914731,88.5117981108527,2026-07-28
18.75,360.0,0.44950268417564804,0.0124090075821191,16.357590992417883,2026-07-28
19.0,375.0,0.44950268417564804,0.0,0.0,2026-07-28
14.5,15.0,0.7999246065779537,5530.083669974578,62.156330025421994,2026-07-28
14.75,30.0,0.7999246065779537,5163.796430426778,49.65356957322183,2026-07-28
15.0,45.0,0.7999246065779537,4772.771865032381,-1136.9918650323812,2026-07-28
15.25,60.0,0.7999246065779537,4397.773703561577,1371.0162964384226,2026-07-28
15.5,75.0,0.7999246065779537,4024.716928778298,-1132.466928778298,2026-07-28
15.75,90.0,0.7999246065779537,3652.014654583476,-1905.944654583476,2026-07-28
16.0,105.0,0.7999246065779537,3255.154069834778,-1918.404069834778,2026-07-28
16.25,120.0,0.7999246065779537,2845.631625400193,-1456.3516254001931,2026-07-28
16.5,135.0,0.7999246065779537,2431.4733389896514,-1939.0233389896514,2026-07-28
16.75,150.0,0.7999246065779537,2048.838388824762,-1748.0083888247623,2026-07-28
17.0,165.0,0.7999246065779537,1668.8529757686083,-1130.4129757686082,2026-07-28
17.25,180.0,0.7999246065779537,1304.181166393324,-872.221166393324,2026-07-28
17.5,195.0,0.7999246065779537,957.9690482689977,-588.5990482689976,2026-07-28
17.75,210.0,0.7999246065779537,650.8198642005135,-344.5498642005135,2026-07-28
18.0,225.0,0.7999246065779537,383.9605264151907,-200.76052641519072,2026-07-28
18.25,240.0,0.7999246065779537,162.23800587096832,26.07199412903168,2026-07-28
18.5,255.0,0.7999246065779537,24.69656211695934,81.69343788304066,2026-07-28
18.75,270.0,0.7999246065779537,0.0172552783559358,16.352744721644065,2026-07-28
19.0,285.0,0.7999246065779537,0.0,0.0,2026-07-28
16.0,15.0,0.6156319024023467,2472.569064635504,-1135.8190646355042,2026-07-28
16.25,30.0,0.6156319024023467,2202.034990847824,-812.7549908478238,2026-07-28
16.5,45.0,0.6156319024023467,1907.9679013011792,-1415.517901301179,2026-07-28
16.75,60.0,0.6156319024023467,1630.1799075417207,-1329.3499075417208,2026-07-28
17.0,75.0,0.6156319024023467,1341.8962835343166,-803.4562835343165,2026-07-28
17.25,90.0,0.6156319024023467,1060.6241461396053,-628.6641461396052,2026-07-28
17.5,105.0,0.6156319024023467,783.6967690018253,-414.32676900182526,2026-07-28
17.75,120.0,0.6156319024023467,538.0618080033164,-231.79180800331642,2026-07-28
18.0,135.0,0.6156319024023467,321.9806736598017,-138.78067365980172,2026-07-28
18.25,150.0,0.6156319024023467,138.1751585135327,50.13484148646731,2026-07-28
18.5,165.0,0.6156319024023467,20.800160091236556,85.58983990876345,2026-07-28
18.75,180.0,0.6156319024023467,0.0145108817514712,16.35548911824853,2026-07-28
19.0,195.0,0.6156319024023467,0.0,0.0,2026-07-28
17.5,15.0,0.15316230652254617,313.56785824434274,55.80214175565726,2026-07-28
17.75,30.0,0.15316230652254617,239.7684418620727,66.50155813792728,2026-07-28
18.0,45.0,0.15316230652254617,164.14147052892253,19.058529471077463,2026-07-28
18.25,60.0,0.15316230652254617,79.05691155522697,109.25308844477303,2026-07-28
18.5,75.0,0.15316230652254617,11.516207107302463,94.87379289269754,2026-07-28
18.75,90.0,0.15316230652254617,0.0081489892003001,16.3618510107997,2026-07-28
19.0,105.0,0.15316230652254617,0.0,0.0,2026-07-28
7.0,15.0,0.02919426716233443,59.75055857134718,-43.510558571347175,2026-07-29
7.25,30.0,0.02919426716233443,92.38655334244508,-64.92655334244509,2026-07-29
7.5,45.0,0.02919426716233443,130.3775853935153,-25.607585393515294,2026-07-29
7.75,60.0,0.02919426716233443,172.04706828961648,-73.27706828961648,2026-07-29
8.0,75.0,0.02919426716233443,211.00300614531196,-91.42300614531196,2026-07-29
8.25,90.0,0.02919426716233443,266.1656703282418,-103.7156703282418,2026-07-29
8.5,105.0,0.02919426716233443,326.1518897882338,-231.7418897882338,2026-07-29
8.75,120.0,0.02919426716233443,380.424497216632,-261.004497216632,2026-07-29
9.0,135.0,0.02919426716233443,417.4905462616217,-204.30054626162172,2026-07-29
9.25,150.0,0.02919426716233443,458.9645600953063,-245.0345600953063,2026-07-29
9.5,165.0,0.02919426716233443,479.9602683124274,-287.0502683124274,2026-07-29
9.75,180.0,0.02919426716233443,510.8790993451892,-404.3690993451892,2026-07-29
10.0,195.0,0.02919426716233443,523.6149284957021,-424.7849284957021,2026-07-29
10.25,210.0,0.02919426716233443,530.9484393089883,-356.49843930898834,2026-07-29
10.5,225.0,0.02919426716233443,542.8451239262978,-258.2951239262978,2026-07-29
10.75,240.0,0.02919426716233443,571.0434757284075,-228.81347572840752,2026-07-29
11.0,255.0,0.02919426716233443,618.7069263374328,-192.7369263374328,2026-07-29
11.25,270.0,0.02919426716233443,704.8791502969076,-336.2491502969076,2026-07-29
11.5,285.0,0.02919426716233443,787.0709244823325,-457.19092448233255,2026-07-29
11.75,300.0,0.02919426716233443,849.1716641824613,-484.5316641824613,2026-07-29
12.0,315.0,0.02919426716233443,911.3077158136686,-196.53771581366857,2026-07-29
12.25,330.0,0.02919426716233443,974.560157356716,-172.57015735671598,2026-07-29
12.5,345.0,0.02919426716233443,973.035167634739,-80.64516763473898,2026-07-29
12.75,360.0,0.02919426716233443,969.589408017412,237.04059198258813,2026-07-29
13.0,375.0,0.02919426716233443,993.151324408018,502.108675591982,2026-07-29
13.25,390.0,0.02919426716233443,1055.5525406709642,27.007459329035783,2026-07-29
13.5,405.0,0.02919426716233443,1113.107311018305,221.93268898169504,2026-07-29
13.75,420.0,0.02919426716233443,1142.0124624963742,-63.762462496374155,2026-07-29
14.0,435.0,0.02919426716233443,1131.357371221591,-290.7573712215909,2026-07-29
14.25,450.0,0.02919426716233443,1134.2125969789693,72.95740302103081,2026-07-29
14.5,465.0,0.02919426716233443,1131.6855987856145,403.62440121438544,2026-07-29
14.75,480.0,0.02919426716233443,1086.1205806418516,425.5694193581485,2026-07-29
15.0,495.0,0.02919426716233443,1012.0830766257828,278.9669233742171,2026-07-29
15.25,510.0,0.02919426716233443,941.981559062526,-25.251559062525985,2026-07-29
15.5,525.0,0.02919426716233443,857.7517198607436,-364.6217198607436,2026-07-29
15.75,540.0,0.02919426716233443,773.0186873089962,-296.6186873089962,2026-07-29
16.0,555.0,0.02919426716233443,665.9189751273398,-155.81897512733974,2026-07-29
16.25,570.0,0.02919426716233443,560.5474723235475,-77.99747232354747,2026-07-29
16.5,585.0,0.02919426716233443,471.4258676148012,21.424132385198845,2026-07-29
16.75,600.0,0.02919426716233443,398.1129138082751,36.397086191724895,2026-07-29
17.0,615.0,0.02919426716233443,337.74962032221026,28.11037967778975,2026-07-29
17.25,630.0,0.02919426716233443,290.7833149678857,27.406685032114297,2026-07-29
17.5,645.0,0.02919426716233443,239.93195783609448,185.50804216390551,2026-07-29
17.75,660.0,0.02919426716233443,185.30386729888423,169.80613270111579,2026-07-29
18.0,675.0,0.02919426716233443,133.76743579041442,136.30256420958557,2026-07-29
18.25,690.0,0.02919426716233443,66.1549537079523,148.6450462920477,2026-07-29
18.5,705.0,0.02919426716233443,8.620777263471938,52.57922273652807,2026-07-29
18.75,720.0,0.02919426716233443,0.002712059845111,-0.002712059845111,2026-07-29
19.0,735.0,0.02919426716233443,0.0,0.0,2026-07-29
8.5,15.0,0.04595869212581131,243.71767060133556,-149.30767060133556,2026-07-29
8.75,30.0,0.04595869212581131,290.2882568618345,-170.86825686183448,2026-07-29
9.0,45.0,0.04595869212581131,325.9485069190134,-112.75850691901343,2026-07-29
9.25,60.0,0.04595869212581131,387.1012891688364,-173.17128916883638,2026-07-29
9.5,75.0,0.04595869212581131,429.0994597447905,-236.18945974479053,2026-07-29
9.75,90.0,0.04595869212581131,466.60666250908616,-360.0966625090862,2026-07-29
10.0,105.0,0.04595869212581131,489.9462928852552,-391.11629288525523,2026-07-29
10.25,120.0,0.04595869212581131,517.2087905924003,-342.7587905924003,2026-07-29
10.5,135.0,0.04595869212581131,542.0213987519788,-257.4713987519788,2026-07-29
10.75,150.0,0.04595869212581131,589.5256868337989,-247.29568683379887,2026-07-29
11.0,165.0,0.04595869212581131,644.310902349869,-218.340902349869,2026-07-29
11.25,180.0,0.04595869212581131,737.4353583110435,-368.8053583110435,2026-07-29
11.5,195.0,0.04595869212581131,817.0418733302289,-487.1618733302289,2026-07-29
11.75,210.0,0.04595869212581131,876.3025167547337,-511.6625167547337,2026-07-29
12.0,225.0,0.04595869212581131,914.7115555187912,-199.94155551879123,2026-07-29
12.25,240.0,0.04595869212581131,988.3783515627816,-186.38835156278162,2026-07-29
12.5,255.0,0.04595869212581131,969.2822180799812,-76.89221807998126,2026-07-29
12.75,270.0,0.04595869212581131,953.45788592534,253.17211407466016,2026-07-29
13.0,285.0,0.04595869212581131,968.9361072326224,526.3238927673776,2026-07-29
13.25,300.0,0.04595869212581131,1023.5386290114698,59.02137098853018,2026-07-29
13.5,315.0,0.04595869212581131,1056.1077935517892,278.93220644821076,2026-07-29
13.75,330.0,0.04595869212581131,1069.826764165019,8.423235834980915,2026-07-29
14.0,345.0,0.04595869212581131,1056.366884653994,-215.766884653994,2026-07-29
14.25,360.0,0.04595869212581131,1047.31360473682,159.85639526318005,2026-07-29
14.5,375.0,0.04595869212581131,1036.2468768909655,499.06312310903445,2026-07-29
14.75,390.0,0.04595869212581131,997.2624956842592,514.4275043157409,2026-07-29
15.0,405.0,0.04595869212581131,934.5039667814842,356.54603321851573,2026-07-29
15.25,420.0,0.04595869212581131,893.696437455379,23.033562544620963,2026-07-29
15.5,435.0,0.04595869212581131,828.986471254704,-335.85647125470405,2026-07-29
15.75,450.0,0.04595869212581131,747.4592390610838,-271.0592390610839,2026-07-29
16.0,465.0,0.04595869212581131,654.8740166296485,-144.7740166296485,2026-07-29
16.25,480.0,0.04595869212581131,561.1043590989009,-78.55435909890087,2026-07-29
16.5,495.0,0.04595869212581131,478.29265419609806,14.557345803901967,2026-07-29
16.75,510.0,0.04595869212581131,408.1222345331517,26.387765466848293,2026-07-29
17.0,525.0,0.04595869212581131,347.27031475939543,18.58968524060458,2026-07-29
17.25,540.0,0.04595869212581131,298.0795907982932,20.110409201706773,2026-07-29
17.5,555.0,0.04595869212581131,243.9748106622785,181.4651893377215,2026-07-29
17.75,570.0,0.04595869212581131,187.15146038383108,167.95853961616893,2026-07-29
18.0,585.0,0.04595869212581131,134.11786666319114,135.95213333680886,2026-07-29
18.25,600.0,0.04595869212581131,66.8293875772267,147.9706124227733,2026-07-29
18.5,615.0,0.04595869212581131,8.69067199949009,52.50932800050991,2026-07-29
18.75,630.0,0.04595869212581131,0.0027089819963857,-0.0027089819963857,2026-07-29
19.0,645.0,0.04595869212581131,0.0,0.0,2026-07-29
10.0,15.0,0.03439075096805379,333.77908927906776,-234.94908927906778,2026-07-29
10.25,30.0,0.03439075096805379,366.9532940156218,-192.5032940156218,2026-07-29
10.5,45.0,0.03439075096805379,387.20423750293554,-102.65423750293553,2026-07-29
10.75,60.0,0.03439075096805379,426.1316046844873,-83.90160468448727,2026-07-29
11.0,75.0,0.03439075096805379,467.132632526981,-41.162632526980985,2026-07-29
11.25,90.0,0.03439075096805379,522.3451136568972,-153.7151136568972,2026-07-29
11.5,105.0,0.03439075096805379,579.8359397251393,-249.95593972513927,2026-07-29
11.75,120.0,0.03439075096805379,627.941269092301,-263.301269092301,2026-07-29
12.0,135.0,0.03439075096805379,673.1647508944601,41.60524910553988,2026-07-29
12.25,150.0,0.03439075096805379,723.8628591187851,78.12714088121493,2026-07-29
12.5,165.0,0.03439075096805379,731.2017727345237,161.18822726547626,2026-07-29
12.75,180.0,0.03439075096805379,741.2948719195878,465.33512808041235,2026-07-29
13.0,195.0,0.03439075096805379,767.8049343114453,727.4550656885547,2026-07-29
13.25,210.0,0.03439075096805379,803.2995584348217,279.2604415651782,2026-07-29
13.5,225.0,0.03439075096805379,831.453407957538,503.5865920424619,2026-07-29
13.75,240.0,0.03439075096805379,859.3901731789776,218.85982682102235,2026-07-29
14.0,255.0,0.03439075096805379,858.4143508898119,-17.814350889811863,2026-07-29
14.25,270.0,0.03439075096805379,858.6678620728827,348.50213792711736,2026-07-29
14.5,285.0,0.03439075096805379,862.3921254479699,672.9178745520301,2026-07-29
14.75,300.0,0.03439075096805379,837.9810245512525,673.7089754487475,2026-07-29
15.0,315.0,0.03439075096805379,799.0376424421993,492.01235755780067,2026-07-29
15.25,330.0,0.03439075096805379,770.3535339395373,146.3764660604627,2026-07-29
15.5,345.0,0.03439075096805379,723.7169384094985,-230.58693840949854,2026-07-29
15.75,360.0,0.03439075096805379,658.715567896344,-182.31556789634408,2026-07-29
16.0,375.0,0.03439075096805379,591.446334617039,-81.34633461703902,2026-07-29
16.25,390.0,0.03439075096805379,529.4008620514765,-46.85086205147644,2026-07-29
16.5,405.0,0.03439075096805379,465.7484372619534,27.101562738046596,2026-07-29
16.75,420.0,0.03439075096805379,405.6428374558678,28.867162544132213,2026-07-29
17.0,435.0,0.03439075096805379,348.5257064673412,17.33429353265882,2026-07-29
17.25,450.0,0.03439075096805379,297.6852635516722,20.504736448327776,2026-07-29
17.5,465.0,0.03439075096805379,245.83398427885507,179.60601572114493,2026-07-29
17.75,480.0,0.03439075096805379,190.26859217333072,164.8414078266693,2026-07-29
18.0,495.0,0.03439075096805379,135.9567810982841,134.1132189017159,2026-07-29
18.25,510.0,0.03439075096805379,66.61635185686171,148.1836481431383,2026-07-29
18.5,525.0,0.03439075096805379,8.803629147529257,52.396370852470746,2026-07-29
18.75,540.0,0.03439075096805379,0.0027980781661566,-0.0027980781661566,2026-07-29
19.0,555.0,0.03439075096805379,0.0,0.0,2026-07-29
11.5,15.0,0.04543075297306813,573.358988032647,-243.47898803264695,2026-07-29
11.75,30.0,0.04543075297306813,612.1143438578907,-247.47434385789074,2026-07-29
12.0,45.0,0.04543075297306813,632.5881853509493,82.1818146490507,2026-07-29
12.25,60.0,0.04543075297306813,674.4962789302709,127.49372106972908,2026-07-29
12.5,75.0,0.04543075297306813,690.3536282062524,202.03637179374755,2026-07-29
12.75,90.0,0.04543075297306813,695.3677298005151,511.262270199485,2026-07-29
13.0,105.0,0.04543075297306813,703.4197327031804,791.8402672968195,2026-07-29
13.25,120.0,0.04543075297306813,745.5266444939361,337.0333555060638,2026-07-29
13.5,135.0,0.04543075297306813,769.9823443852553,565.0576556147447,2026-07-29
13.75,150.0,0.04543075297306813,776.685838866056,301.564161133944,2026-07-29
14.0,165.0,0.04543075297306813,762.5292835310686,78.07071646893144,2026-07-29
14.25,180.0,0.04543075297306813,769.877651956428,437.292348043572,2026-07-29
14.5,195.0,0.04543075297306813,781.3322269948992,753.9777730051007,2026-07-29
14.75,210.0,0.04543075297306813,762.7678782587742,748.9221217412259,2026-07-29
15.0,225.0,0.04543075297306813,728.2245870176323,562.8254129823677,2026-07-29
15.25,240.0,0.04543075297306813,711.0714518299168,205.65854817008324,2026-07-29
15.5,255.0,0.04543075297306813,666.0573786972443,-172.9273786972443,2026-07-29
15.75,270.0,0.04543075297306813,615.4732570580619,-139.07325705806193,2026-07-29
16.0,285.0,0.04543075297306813,557.6969002405888,-47.59690024058875,2026-07-29
16.25,300.0,0.04543075297306813,503.9435951251021,-21.39359512510208,2026-07-29
16.5,315.0,0.04543075297306813,448.5877952112198,44.262204788780195,2026-07-29
16.75,330.0,0.04543075297306813,390.3130655547739,44.19693444522608,2026-07-29
17.0,345.0,0.04543075297306813,335.0216743958481,30.83832560415192,2026-07-29
17.25,360.0,0.04543075297306813,286.06703351231255,32.12296648768745,2026-07-29
17.5,375.0,0.04543075297306813,238.2973009666307,187.1426990333693,2026-07-29
17.75,390.0,0.04543075297306813,185.12998299256324,169.98001700743677,2026-07-29
18.0,405.0,0.04543075297306813,133.2834282496765,136.7865717503235,2026-07-29
18.25,420.0,0.04543075297306813,66.21192194662234,148.58807805337767,2026-07-29
18.5,435.0,0.04543075297306813,8.810370368130455,52.389629631869546,2026-07-29
18.75,450.0,0.04543075297306813,0.0027976097070623,-0.0027976097070623,2026-07-29
19.0,465.0,0.04543075297306813,0.0,0.0,2026-07-29
13.0,15.0,0.09461823920641368,949.0998052869154,546.1601947130846,2026-07-29
13.25,30.0,0.09461823920641368,992.662011263765,89.89798873623499,2026-07-29
13.5,45.0,0.09461823920641368,1010.00825535861,325.03174464139,2026-07-29
13.75,60.0,0.09461823920641368,1026.697961431906,51.552038568094076,2026-07-29
14.0,75.0,0.09461823920641368,1039.3075554889815,-198.70755548898148,2026-07-29
14.25,90.0,0.09461823920641368,1047.3132559612525,159.8567440387476,2026-07-29
14.5,105.0,0.09461823920641368,1036.8511458660776,498.4588541339224,2026-07-29
14.75,120.0,0.09461823920641368,1009.5627532141758,502.12724678582424,2026-07-29
15.0,135.0,0.09461823920641368,981.0697712899512,309.9802287100488,2026-07-29
15.25,150.0,0.09461823920641368,957.5753852911012,-40.84538529110114,2026-07-29
15.5,165.0,0.09461823920641368,918.8692420921366,-425.7392420921366,2026-07-29
15.75,180.0,0.09461823920641368,855.3942672811535,-378.9942672811535,2026-07-29
16.0,195.0,0.09461823920641368,784.0861645625271,-273.98616456252705,2026-07-29
16.25,210.0,0.09461823920641368,710.6908379286535,-228.14083792865353,2026-07-29
16.5,225.0,0.09461823920641368,642.7429154512439,-149.89291545124388,2026-07-29
16.75,240.0,0.09461823920641368,566.2806513280474,-131.7706513280474,2026-07-29
17.0,255.0,0.09461823920641368,486.1148348868314,-120.25483488683136,2026-07-29
17.25,270.0,0.09461823920641368,408.0273396747114,-89.83733967471142,2026-07-29
17.5,285.0,0.09461823920641368,332.7651503099968,92.67484969000321,2026-07-29
17.75,300.0,0.09461823920641368,256.079720934129,99.03027906587101,2026-07-29
18.0,315.0,0.09461823920641368,182.77180292081675,87.29819707918324,2026-07-29
18.25,330.0,0.09461823920641368,70.89287908994805,143.90712091005196,2026-07-29
18.5,345.0,0.09461823920641368,9.515354551399362,51.68464544860064,2026-07-29
18.75,360.0,0.09461823920641368,0.0030195269962372,-0.0030195269962372,2026-07-29
19.0,375.0,0.09461823920641368,0.0,0.0,2026-07-29
14.5,15.0,0.13109028101722553,1121.622635997078,413.68736400292187,2026-07-29
14.75,30.0,0.13109028101722553,1100.9237939628565,410.76620603714355,2026-07-29
15.0,45.0,0.13109028101722553,1057.501263005818,233.54873699418204,2026-07-29
15.25,60.0,0.13109028101722553,1029.6915006612062,-112.96150066120617,2026-07-29
15.5,75.0,0.13109028101722553,989.346277408104,-496.216277408104,2026-07-29
15.75,90.0,0.13109028101722553,922.6968673306808,-446.2968673306808,2026-07-29
16.0,105.0,0.13109028101722553,843.4299686980125,-333.3299686980125,2026-07-29
16.25,120.0,0.13109028101722553,773.1826085968415,-290.6326085968415,2026-07-29
16.5,135.0,0.13109028101722553,700.1405884899383,-207.29058848993827,2026-07-29
16.75,150.0,0.13109028101722553,613.0064778473497,-178.49647784734975,2026-07-29
17.0,165.0,0.13109028101722553,521.9394722913025,-156.07947229130252,2026-07-29
17.25,180.0,0.13109028101722553,435.4175255108607,-117.22752551086069,2026-07-29
17.5,195.0,0.13109028101722553,349.5406080182421,75.8993919817579,2026-07-29
17.75,210.0,0.13109028101722553,265.9690370052705,89.14096299472953,2026-07-29
18.0,225.0,0.13109028101722553,188.9220841456001,81.14791585439988,2026-07-29
18.25,240.0,0.13109028101722553,74.03873811619846,140.76126188380155,2026-07-29
18.5,255.0,0.13109028101722553,10.011835034783935,51.18816496521607,2026-07-29
18.75,270.0,0.13109028101722553,0.0031899742925017,-0.0031899742925017,2026-07-29
19.0,285.0,0.13109028101722553,0.0,0.0,2026-07-29
16.0,15.0,0.12466813604933492,791.0726631454183,-280.9726631454183,2026-07-29
16.25,30.0,0.12466813604933492,727.3882883163412,-244.83828831634122,2026-07-29
16.5,45.0,0.12466813604933492,659.0266025558642,-166.17660255586418,2026-07-29
16.75,60.0,0.12466813604933492,578.5426672738834,-144.03266727388336,2026-07-29
17.0,75.0,0.12466813604933492,499.4934177370647,-133.6334177370647,2026-07-29
17.25,90.0,0.12466813604933492,421.9564980870149,-103.7664980870149,2026-07-29
17.5,105.0,0.12466813604933492,339.6003825296036,85.83961747039638,2026-07-29
17.75,120.0,0.12466813604933492,259.37465785043133,95.73534214956868,2026-07-29
18.0,135.0,0.12466813604933492,185.60798030114444,84.46201969885556,2026-07-29
18.25,150.0,0.12466813604933492,72.60809759674679,142.1919024032532,2026-07-29
18.5,165.0,0.12466813604933492,9.785870274814284,51.41412972518572,2026-07-29
18.75,180.0,0.12466813604933492,0.0031259969276857,-0.0031259969276857,2026-07-29
19.0,195.0,0.12466813604933492,0.0,0.0,2026-07-29
17.5,15.0,0.14502420705768368,359.3815265779136,66.05847342208642,2026-07-29
17.75,30.0,0.14502420705768368,272.5189054857109,82.59109451428913,2026-07-29
18.0,45.0,0.14502420705768368,192.4179454169476,77.6520545830524,2026-07-29
18.25,60.0,0.14502420705768368,75.42839359463619,139.37160640536382,2026-07-29
18.5,75.0,0.14502420705768368,10.315396844902574,50.88460315509743,2026-07-29
18.75,90.0,0.14502420705768368,0.0032845670762542,-0.0032845670762542,2026-07-29
19.0,105.0,0.14502420705768368,0.0,0.0,2026-07-29
7.0,15.0,0.043736546313490776,63.36835627692447,-53.76835627692447,2026-07-30
7.25,30.0,0.043736546313490776,95.46628006573248,-72.70628006573247,2026-07-30
7.5,45.0,0.043736546313490776,127.68507975452133,-79.50507975452132,2026-07-30
7.75,60.0,0.043736546313490776,167.18261751120517,-94.77261751120517,2026-07-30
8.0,75.0,0.043736546313490776,203.5684014911766,-108.63840149117658,2026-07-30
8.25,90.0,0.043736546313490776,248.32381683765587,-89.67381683765586,2026-07-30
8.5,105.0,0.043736546313490776,291.6418349349845,-110.4518349349845,2026-07-30
8.75,120.0,0.043736546313490776,339.25915948855385,-103.20915948855384,2026-07-30
9.0,135.0,0.043736546313490776,379.3422857649443,-188.31228576494428,2026-07-30
9.25,150.0,0.043736546313490776,424.0822374294208,-124.18223742942081,2026-07-30
9.5,165.0,0.043736546313490776,446.9071180026176,-23.617118002617588,2026-07-30
9.75,180.0,0.043736546313490776,493.0156337701574,48.5843662298426,2026-07-30
10.0,195.0,0.043736546313490776,535.3110377608862,-10.18103776088617,2026-07-30
10.25,210.0,0.043736546313490776,572.4022038324632,88.72779616753678,2026-07-30
10.5,225.0,0.043736546313490776,610.3091302678662,-22.96913026786615,2026-07-30
10.75,240.0,0.043736546313490776,648.5368089409606,2.7031910590394546,2026-07-30
11.0,255.0,0.043736546313490776,691.6524568736219,14.027543126378077,2026-07-30
11.25,270.0,0.043736546313490776,764.0866678917287,-101.13666789172862,2026-07-30
11.5,285.0,0.043736546313490776,834.0587128925293,-66.4987128925294,2026-07-30
11.75,300.0,0.043736546313490776,895.6267099907777,-8.346709990777754,2026-07-30
12.0,315.0,0.043736546313490776,951.5768037421448,92.02319625785515,2026-07-30
12.25,330.0,0.043736546313490776,998.8293098510304,-424.55930985103043,2026-07-30
12.5,345.0,0.043736546313490776,993.3871539652484,-626.0271539652484,2026-07-30
12.75,360.0,0.043736546313490776,998.0006615208648,-486.7706615208648,2026-07-30
13.0,375.0,0.043736546313490776,1030.6516329622457,-101.7616329622457,2026-07-30
13.25,390.0,0.043736546313490776,1066.249188544998,-368.54918854499806,2026-07-30
13.5,405.0,0.043736546313490776,1080.720539748233,-455.03053974823297,2026-07-30
13.75,420.0,0.043736546313490776,1087.033391960871,-588.323391960871,2026-07-30
14.0,435.0,0.043736546313490776,1082.50132248009,-751.4713224800901,2026-07-30
14.25,450.0,0.043736546313490776,1097.394676215259,-481.0046762152591,2026-07-30
14.5,465.0,0.043736546313490776,1100.0585405756722,359.7014594243278,2026-07-30
14.75,480.0,0.043736546313490776,1065.4773554791009,194.21264452089918,2026-07-30
15.0,495.0,0.043736546313490776,1017.5283103420228,199.27168965797716,2026-07-30
15.25,510.0,0.043736546313490776,978.8439257790322,-349.82392577903227,2026-07-30
15.5,525.0,0.043736546313490776,921.184359175529,-488.764359175529,2026-07-30
15.75,540.0,0.043736546313490776,855.961757081657,-81.89175708165692,2026-07-30
16.0,555.0,0.043736546313490776,790.2821032602262,18.07789673977379,2026-07-30
16.25,570.0,0.043736546313490776,724.0629841780276,-95.1829841780276,2026-07-30
16.5,585.0,0.043736546313490776,659.4142383827423,-54.24423838274231,2026-07-30
16.75,600.0,0.043736546313490776,576.5208436108051,-234.97084361080505,2026-07-30
17.0,615.0,0.043736546313490776,498.061552994702,-310.411552994702,2026-07-30
17.25,630.0,0.043736546313490776,427.8127614141407,-250.80276141414072,2026-07-30
17.5,645.0,0.043736546313490776,353.14153345249053,-154.35153345249054,2026-07-30
17.75,660.0,0.043736546313490776,278.2962933358075,-3.696293335807468,2026-07-30
18.0,675.0,0.043736546313490776,173.13282696131148,-41.83282696131147,2026-07-30
18.25,690.0,0.043736546313490776,65.8826188620237,-13.582618862023708,2026-07-30
18.5,705.0,0.043736546313490776,8.170877883009647,-6.870877883009647,2026-07-30
18.75,720.0,0.043736546313490776,7.754223952863115e-05,-7.754223952863115e-05,2026-07-30
19.0,735.0,0.043736546313490776,0.0,0.0,2026-07-30
8.5,15.0,0.03803098341547133,226.57542429289737,-45.38542429289737,2026-07-30
8.75,30.0,0.03803098341547133,277.13318400381763,-41.08318400381762,2026-07-30
9.0,45.0,0.03803098341547133,313.39317146161625,-122.36317146161625,2026-07-30
9.25,60.0,0.03803098341547133,355.3029693502005,-55.40296935020052,2026-07-30
9.5,75.0,0.03803098341547133,386.8374358815537,36.45256411844633,2026-07-30
9.75,90.0,0.03803098341547133,422.67155239924,118.92844760076002,2026-07-30
10.0,105.0,0.03803098341547133,463.7915724465343,61.33842755346569,2026-07-30
10.25,120.0,0.03803098341547133,517.9367073364152,143.19329266358477,2026-07-30
10.5,135.0,0.03803098341547133,555.3358288829436,32.004171117056444,2026-07-30
10.75,150.0,0.03803098341547133,590.9058974629252,60.33410253707484,2026-07-30
11.0,165.0,0.03803098341547133,623.1722490510989,82.50775094890105,2026-07-30
11.25,180.0,0.03803098341547133,686.6583082024899,-23.70830820248989,2026-07-30
11.5,195.0,0.03803098341547133,744.0812618547565,23.478738145243483,2026-07-30
11.75,210.0,0.03803098341547133,789.126933446106,98.15306655389395,2026-07-30
12.0,225.0,0.03803098341547133,843.3235386946599,200.27646130534004,2026-07-30
12.25,240.0,0.03803098341547133,901.192387281698,-326.922387281698,2026-07-30
12.5,255.0,0.03803098341547133,887.6702546350655,-520.3102546350655,2026-07-30
12.75,270.0,0.03803098341547133,881.1648591553679,-369.9348591553679,2026-07-30
13.0,285.0,0.03803098341547133,911.1278263630174,17.76217363698254,2026-07-30
13.25,300.0,0.03803098341547133,952.3142367150044,-254.61423671500438,2026-07-30
13.5,315.0,0.03803098341547133,964.8455674278754,-339.1555674278753,2026-07-30
13.75,330.0,0.03803098341547133,982.0351163873148,-483.32511638731484,2026-07-30
14.0,345.0,0.03803098341547133,984.2613051647768,-653.2313051647768,2026-07-30
14.25,360.0,0.03803098341547133,987.3924358558288,-371.0024358558288,2026-07-30
14.5,375.0,0.03803098341547133,1003.685947673432,456.074052326568,2026-07-30
14.75,390.0,0.03803098341547133,992.8416957605572,266.8483042394429,2026-07-30
15.0,405.0,0.03803098341547133,960.3376438987092,256.46235610129077,2026-07-30
15.25,420.0,0.03803098341547133,927.093136623748,-298.07313662374804,2026-07-30
15.5,435.0,0.03803098341547133,881.6401515250001,-449.22015152500006,2026-07-30
15.75,450.0,0.03803098341547133,816.4900689487155,-42.420068948715425,2026-07-30
16.0,465.0,0.03803098341547133,757.7264560653348,50.63354393466523,2026-07-30
16.25,480.0,0.03803098341547133,705.2780440907306,-76.39804409073065,2026-07-30
16.5,495.0,0.03803098341547133,641.4325199497454,-36.26251994974541,2026-07-30
16.75,510.0,0.03803098341547133,559.4318742989001,-217.88187429890007,2026-07-30
17.0,525.0,0.03803098341547133,482.8273407124082,-295.1773407124082,2026-07-30
17.25,540.0,0.03803098341547133,417.25896179205296,-240.24896179205297,2026-07-30
17.5,555.0,0.03803098341547133,345.8531777603875,-147.0631777603875,2026-07-30
17.75,570.0,0.03803098341547133,274.45319229056435,0.14680770943567722,2026-07-30
18.0,585.0,0.03803098341547133,172.18589330643462,-40.88589330643461,2026-07-30
18.25,600.0,0.03803098341547133,65.09709170159513,-12.797091701595136,2026-07-30
18.5,615.0,0.03803098341547133,7.91545217029142,-6.61545217029142,2026-07-30
18.75,630.0,0.03803098341547133,7.371002946581741e-05,-7.371002946581741e-05,2026-07-30
19.0,645.0,0.03803098341547133,0.0,0.0,2026-07-30
10.0,15.0,0.05727246835054904,585.8586764946504,-60.72867649465036,2026-07-30
10.25,30.0,0.05727246835054904,640.7517448068778,20.378255193122186,2026-07-30
10.5,45.0,0.05727246835054904,688.3090658729406,-100.96906587294052,2026-07-30
10.75,60.0,0.05727246835054904,737.7256622617091,-86.48566226170908,2026-07-30
11.0,75.0,0.05727246835054904,787.7790108907919,-82.09901089079199,2026-07-30
11.25,90.0,0.05727246835054904,836.093081210183,-173.1430812101829,2026-07-30
11.5,105.0,0.05727246835054904,888.599241403787,-121.03924140378706,2026-07-30
11.75,120.0,0.05727246835054904,947.5757326780248,-60.29573267802482,2026-07-30
12.0,135.0,0.05727246835054904,1007.4806546530606,36.119345346939326,2026-07-30
12.25,150.0,0.05727246835054904,1037.0579933656034,-462.78799336560337,2026-07-30
12.5,165.0,0.05727246835054904,1017.3755584109306,-650.0155584109306,2026-07-30
12.75,180.0,0.05727246835054904,1018.305652709945,-507.07565270994496,2026-07-30
13.0,195.0,0.05727246835054904,1032.976370085386,-104.08637008538597,2026-07-30
13.25,210.0,0.05727246835054904,1040.195642152887,-342.49564215288706,2026-07-30
13.5,225.0,0.05727246835054904,1044.417596589488,-418.72759658948803,2026-07-30
13.75,240.0,0.05727246835054904,1064.20223910656,-565.49223910656,2026-07-30
14.0,255.0,0.05727246835054904,1060.4286156089397,-729.3986156089397,2026-07-30
14.25,270.0,0.05727246835054904,1062.033034069319,-445.643034069319,2026-07-30
14.5,285.0,0.05727246835054904,1069.7261810308307,390.03381896916926,2026-07-30
14.75,300.0,0.05727246835054904,1055.5264409478823,204.16355905211776,2026-07-30
15.0,315.0,0.05727246835054904,1026.0072704417548,190.79272955824513,2026-07-30
15.25,330.0,0.05727246835054904,994.9531678444348,-365.9331678444348,2026-07-30
15.5,345.0,0.05727246835054904,952.4326944464616,-520.0126944464616,2026-07-30
15.75,360.0,0.05727246835054904,886.4184399608539,-112.34843996085385,2026-07-30
16.0,375.0,0.05727246835054904,827.3992654985885,-19.03926549858852,2026-07-30
16.25,390.0,0.05727246835054904,768.7486116679864,-139.86861166798644,2026-07-30
16.5,405.0,0.05727246835054904,703.9480516934153,-98.77805169341536,2026-07-30
16.75,420.0,0.05727246835054904,619.3933377116983,-277.8433377116983,2026-07-30
17.0,435.0,0.05727246835054904,535.8037928422457,-348.1537928422457,2026-07-30
17.25,450.0,0.05727246835054904,454.1034847184824,-277.0934847184824,2026-07-30
17.5,465.0,0.05727246835054904,372.3641596067939,-173.57415960679393,2026-07-30
17.75,480.0,0.05727246835054904,290.4577445443035,-15.8577445443035,2026-07-30
18.0,495.0,0.05727246835054904,178.55434905442849,-47.254349054428474,2026-07-30
18.25,510.0,0.05727246835054904,67.6407467751793,-15.340746775179298,2026-07-30
18.5,525.0,0.05727246835054904,8.50243171250138,-7.20243171250138,2026-07-30
18.75,540.0,0.05727246835054904,8.071420484757289e-05,-8.071420484757289e-05,2026-07-30
19.0,555.0,0.05727246835054904,0.0,0.0,2026-07-30
11.5,15.0,0.07671975582197987,938.3571700102744,-170.7971700102745,2026-07-30
11.75,30.0,0.07671975582197987,976.308367647304,-89.02836764730398,2026-07-30
12.0,45.0,0.07671975582197987,1008.5814437485354,35.018556251464474,2026-07-30
12.25,60.0,0.07671975582197987,1050.7275090560784,-476.4575090560784,2026-07-30
12.5,75.0,0.07671975582197987,1073.1198007268697,-705.7598007268697,2026-07-30
12.75,90.0,0.07671975582197987,1090.1425454424195,-578.9125454424195,2026-07-30
13.0,105.0,0.07671975582197987,1109.4028441932037,-180.5128441932037,2026-07-30
13.25,120.0,0.07671975582197987,1124.6864862756008,-426.9864862756008,2026-07-30
13.5,135.0,0.07671975582197987,1121.1696052682116,-495.47960526821157,2026-07-30
13.75,150.0,0.07671975582197987,1128.5525868152051,-629.8425868152051,2026-07-30
14.0,165.0,0.07671975582197987,1125.0302583227608,-794.0002583227608,2026-07-30
14.25,180.0,0.07671975582197987,1126.4846182121323,-510.09461821213233,2026-07-30
14.5,195.0,0.07671975582197987,1125.4214710170456,334.33852898295436,2026-07-30
14.75,210.0,0.07671975582197987,1097.0901691095223,162.59983089047773,2026-07-30
15.0,225.0,0.07671975582197987,1051.493753323087,165.3062466769129,2026-07-30
15.25,240.0,0.07671975582197987,1012.1473069527452,-383.12730695274524,2026-07-30
15.5,255.0,0.07671975582197987,964.9097114545676,-532.4897114545677,2026-07-30
15.75,270.0,0.07671975582197987,897.5056356563146,-123.4356356563145,2026-07-30
16.0,285.0,0.07671975582197987,830.5986277776386,-22.238627777638612,2026-07-30
16.25,300.0,0.07671975582197987,769.0050987402205,-140.12509874022055,2026-07-30
16.5,315.0,0.07671975582197987,702.5066159905928,-97.3366159905928,2026-07-30
16.75,330.0,0.07671975582197987,613.363866557138,-271.81386655713794,2026-07-30
17.0,345.0,0.07671975582197987,528.4708523897764,-340.8208523897764,2026-07-30
17.25,360.0,0.07671975582197987,446.3777935272956,-269.3677935272956,2026-07-30
17.5,375.0,0.07671975582197987,365.78313413453947,-166.99313413453947,2026-07-30
17.75,390.0,0.07671975582197987,286.4031731121639,-11.803173112163904,2026-07-30
18.0,405.0,0.07671975582197987,177.3281199690044,-46.02811996900439,2026-07-30
18.25,420.0,0.07671975582197987,66.56908834101216,-14.269088341012164,2026-07-30
18.5,435.0,0.07671975582197987,8.177817585539536,-6.877817585539536,2026-07-30
18.75,450.0,0.07671975582197987,7.709757493665975e-05,-7.709757493665975e-05,2026-07-30
19.0,465.0,0.07671975582197987,0.0,0.0,2026-07-30
13.0,15.0,0.0685850631860137,833.7481777584469,95.14182224155309,2026-07-30
13.25,30.0,0.0685850631860137,871.4846425691876,-173.78464256918755,2026-07-30
13.5,45.0,0.0685850631860137,894.9604497282636,-269.27044972826354,2026-07-30
13.75,60.0,0.0685850631860137,933.592411934704,-434.88241193470407,2026-07-30
14.0,75.0,0.0685850631860137,965.733556710591,-634.703556710591,2026-07-30
14.25,90.0,0.0685850631860137,989.1031465050752,-372.7131465050752,2026-07-30
14.5,105.0,0.0685850631860137,1015.6909955234833,444.06900447651674,2026-07-30
14.75,120.0,0.0685850631860137,1019.5269532447926,240.16304675520746,2026-07-30
15.0,135.0,0.0685850631860137,1012.4425632046951,204.3574367953048,2026-07-30
15.25,150.0,0.0685850631860137,1007.8527274708172,-378.8327274708172,2026-07-30
15.5,165.0,0.0685850631860137,994.6564269365296,-562.2364269365296,2026-07-30
15.75,180.0,0.0685850631860137,939.5591487309198,-165.48914873091974,2026-07-30
16.0,195.0,0.0685850631860137,878.9129866631203,-70.55298666312024,2026-07-30
16.25,210.0,0.0685850631860137,823.2076875755793,-194.32768757557926,2026-07-30
16.5,225.0,0.0685850631860137,766.9454106374652,-161.77541063746526,2026-07-30
16.75,240.0,0.0685850631860137,677.16759023272,-335.61759023272003,2026-07-30
17.0,255.0,0.0685850631860137,584.7397336348889,-397.08973363488894,2026-07-30
17.25,270.0,0.0685850631860137,492.73697542246856,-315.72697542246857,2026-07-30
17.5,285.0,0.0685850631860137,404.6827290687603,-205.8927290687603,2026-07-30
17.75,300.0,0.0685850631860137,309.88384180124007,-35.283841801240044,2026-07-30
18.0,315.0,0.0685850631860137,172.3827816740145,-41.082781674014484,2026-07-30
18.25,330.0,0.0685850631860137,64.62241144863683,-12.322411448636828,2026-07-30
18.5,345.0,0.0685850631860137,7.928491688886639,-6.628491688886639,2026-07-30
18.75,360.0,0.0685850631860137,7.494678335205416e-05,-7.494678335205416e-05,2026-07-30
19.0,375.0,0.0685850631860137,0.0,0.0,2026-07-30
14.5,15.0,0.06260190510490185,933.356594020498,526.4034059795019,2026-07-30
14.75,30.0,0.06260190510490185,931.534175724716,328.1558242752841,2026-07-30
15.0,45.0,0.06260190510490185,930.295005963674,286.5049940363259,2026-07-30
15.25,60.0,0.06260190510490185,934.3905803960756,-305.37058039607564,2026-07-30
15.5,75.0,0.06260190510490185,925.0140360546015,-492.59403605460153,2026-07-30
15.75,90.0,0.06260190510490185,878.4158390969593,-104.34583909695925,2026-07-30
16.0,105.0,0.06260190510490185,834.4081657709353,-26.04816577093527,2026-07-30
16.25,120.0,0.06260190510490185,786.4871949341948,-157.6071949341948,2026-07-30
16.5,135.0,0.06260190510490185,734.521295553484,-129.35129555348408,2026-07-30
16.75,150.0,0.06260190510490185,648.7108491525614,-307.1608491525614,2026-07-30
17.0,165.0,0.06260190510490185,561.9802590319927,-374.3302590319927,2026-07-30
17.25,180.0,0.06260190510490185,476.6370727612937,-299.62707276129373,2026-07-30
17.5,195.0,0.06260190510490185,392.810535178972,-194.02053517897198,2026-07-30
17.75,210.0,0.06260190510490185,301.386307241827,-26.78630724182699,2026-07-30
18.0,225.0,0.06260190510490185,165.27893802617308,-33.97893802617307,2026-07-30
18.25,240.0,0.06260190510490185,62.676996357290776,-10.376996357290778,2026-07-30
18.5,255.0,0.06260190510490185,7.788628352050958,-6.4886283520509584,2026-07-30
18.75,270.0,0.06260190510490185,7.39124331210944e-05,-7.39124331210944e-05,2026-07-30
19.0,285.0,0.06260190510490185,0.0,0.0,2026-07-30
16.0,15.0,0.12917770894615355,1047.890025505257,-239.53002550525696,2026-07-30
16.25,30.0,0.12917770894615355,969.3583588992,-340.4783588992,2026-07-30
16.5,45.0,0.12917770894615355,890.0671028547812,-284.8971028547812,2026-07-30
16.75,60.0,0.12917770894615355,776.7726483764934,-435.2226483764934,2026-07-30
17.0,75.0,0.12917770894615355,667.3373121164237,-479.68731211642375,2026-07-30
17.25,90.0,0.12917770894615355,561.9552354443383,-384.9452354443383,2026-07-30
17.5,105.0,0.12917770894615355,455.4022397025144,-256.61223970251444,2026-07-30
17.75,120.0,0.12917770894615355,341.50401059834775,-66.90401059834772,2026-07-30
18.0,135.0,0.12917770894615355,187.15688139527944,-55.85688139527943,2026-07-30
18.25,150.0,0.12917770894615355,71.4604583375986,-19.160458337598598,2026-07-30
18.5,165.0,0.12917770894615355,8.962550092265927,-7.662550092265927,2026-07-30
18.75,180.0,0.12917770894615355,8.468734403617461e-05,-8.468734403617461e-05,2026-07-30
19.0,195.0,0.12917770894615355,0.0,0.0,2026-07-30
17.5,15.0,0.11243508440941699,430.3823548597143,-231.59235485971433,2026-07-30
17.75,30.0,0.11243508440941699,326.3525115132599,-51.75251151325989,2026-07-30
18.0,45.0,0.11243508440941699,179.96962192622732,-48.66962192622731,2026-07-30
18.25,60.0,0.11243508440941699,68.3636374163504,-16.063637416350403,2026-07-30
18.5,75.0,0.11243508440941699,8.60912996321036,-7.309129963210361,2026-07-30
18.75,90.0,0.11243508440941699,8.136454255586e-05,-8.136454255586e-05,2026-07-30
19.0,105.0,0.11243508440941699,0.0,0.0,2026-07-30
7.0,15.0,0.17969397783401764,257.81480953718494,364.8851904628151,2026-07-31
7.25,30.0,0.17969397783401764,360.5531422227454,400.1968577772546,2026-07-31
7.5,45.0,0.17969397783401764,468.23158681003065,60.1984131899693,2026-07-31
7.75,60.0,0.17969397783401764,607.6218294649203,325.50817053507967,2026-07-31
8.0,75.0,0.17969397783401764,743.7512095420964,118.60879045790364,2026-07-31
8.25,90.0,0.17969397783401764,886.4978967405402,-46.57789674054027,2026-07-31
8.5,105.0,0.17969397783401764,1027.6323076469114,-506.7423076469114,2026-07-31
8.75,120.0,0.17969397783401764,1198.1051890116464,-301.19518901164645,2026-07-31
9.0,135.0,0.17969397783401764,1361.7221730270946,1457.8478269729055,2026-07-31
9.25,150.0,0.17969397783401764,1529.6329923648825,1737.4970076351176,2026-07-31
9.5,165.0,0.17969397783401764,1684.7604374775312,1591.5895625224687,2026-07-31
9.75,180.0,0.17969397783401764,1845.4525923143249,2463.9374076856757,2026-07-31
10.0,195.0,0.17969397783401764,2000.129963931416,2028.7300360685842,2026-07-31
10.25,210.0,0.17969397783401764,2143.528701627599,3767.5312983724016,2026-07-31
10.5,225.0,0.17969397783401764,2277.9005070535386,4219.609492946462,2026-07-31
10.75,240.0,0.17969397783401764,2353.589298848549,1729.9607011514513,2026-07-31
11.0,255.0,0.17969397783401764,2423.543876673494,4332.806123326506,2026-07-31
11.25,270.0,0.17969397783401764,2505.794560329849,3910.6354396701513,2026-07-31
11.5,285.0,0.17969397783401764,2584.5955998856325,6244.124400114367,2026-07-31
11.75,300.0,0.17969397783401764,2612.860259094106,3317.8297409058937,2026-07-31
12.0,315.0,0.17969397783401764,2619.620740464891,4771.46925953511,2026-07-31
12.25,330.0,0.17969397783401764,2625.697544982481,3342.542455017519,2026-07-31
12.5,345.0,0.17969397783401764,2594.0398273537976,3708.8001726462026,2026-07-31
12.75,360.0,0.17969397783401764,2567.383637815728,3833.3063621842716,2026-07-31
13.0,375.0,0.17969397783401764,2548.2522137418773,448.8777862581228,2026-07-31
13.25,390.0,0.17969397783401764,2517.750960278365,-1021.0709602783647,2026-07-31
13.5,405.0,0.17969397783401764,2464.964350073881,-886.8243500738811,2026-07-31
13.75,420.0,0.17969397783401764,2406.374673808902,-747.0046738089022,2026-07-31
14.0,435.0,0.17969397783401764,2338.6909978879034,336.54900211209633,2026-07-31
14.25,450.0,0.17969397783401764,2289.2555467546813,222.07445324531864,2026-07-31
14.5,465.0,0.17969397783401764,2235.649277961817,-837.359277961817,2026-07-31
14.75,480.0,0.17969397783401764,2147.533731257844,-586.6337312578439,2026-07-31
15.0,495.0,0.17969397783401764,2032.1901455215109,182.0798544784891,2026-07-31
15.25,510.0,0.17969397783401764,1912.62136663416,4335.6086333658395,2026-07-31
15.5,525.0,0.17969397783401764,1780.5648759023925,2262.9451240976077,2026-07-31
15.75,540.0,0.17969397783401764,1646.97420663575,2247.3557933642496,2026-07-31
16.0,555.0,0.17969397783401764,1508.3320828315866,24.937917168413378,2026-07-31
16.25,570.0,0.17969397783401764,1363.7360491449435,223.77395085505646,2026-07-31
16.5,585.0,0.17969397783401764,1215.158461826522,778.0715381734781,2026-07-31
16.75,600.0,0.17969397783401764,1048.456345253473,2886.713654746527,2026-07-31
17.0,615.0,0.17969397783401764,886.4958744371431,1582.1041255628568,2026-07-31
17.25,630.0,0.17969397783401764,732.95183171024,678.54816828976,2026-07-31
17.5,645.0,0.17969397783401764,540.4845216601337,893.0054783398663,2026-07-31
17.75,660.0,0.17969397783401764,356.83807780277374,873.1919221972262,2026-07-31
18.0,675.0,0.17969397783401764,200.1944436023347,453.5555563976653,2026-07-31
18.25,690.0,0.17969397783401764,75.10134996123205,163.80865003876795,2026-07-31
18.5,705.0,0.17969397783401764,9.00797766930688,153.61202233069312,2026-07-31
18.75,720.0,0.17969397783401764,0.0,31.71,2026-07-31
19.0,735.0,0.17969397783401764,0.0,9.14,2026-07-31
8.5,15.0,0.25906341685848155,1299.4539093431329,-778.5639093431329,2026-07-31
8.75,30.0,0.25906341685848155,1508.1751560616513,-611.2651560616513,2026-07-31
9.0,45.0,0.25906341685848155,1701.7066205451447,1117.8633794548555,2026-07-31
9.25,60.0,0.25906341685848155,1887.4927896464724,1379.6372103535277,2026-07-31
9.5,75.0,0.25906341685848155,2062.709382584157,1213.6406174158428,2026-07-31
9.75,90.0,0.25906341685848155,2236.1319517497723,2073.258048250228,2026-07-31
10.0,105.0,0.25906341685848155,2407.215994800428,1621.6440051995723,2026-07-31
10.25,120.0,0.25906341685848155,2572.747891673137,3338.3121083268634,2026-07-31
10.5,135.0,0.25906341685848155,2725.3685441870957,3772.1414558129045,2026-07-31
10.75,150.0,0.25906341685848155,2814.341170759359,1269.208829240641,2026-07-31
11.0,165.0,0.25906341685848155,2894.735440509331,3861.6145594906693,2026-07-31
11.25,180.0,0.25906341685848155,2978.7566267651737,3437.6733732348266,2026-07-31
11.5,195.0,0.25906341685848155,3061.402102080564,5767.317897919435,2026-07-31
11.75,210.0,0.25906341685848155,3112.6805186741885,2818.009481325811,2026-07-31
12.0,225.0,0.25906341685848155,3148.702662437005,4242.3873375629955,2026-07-31
12.25,240.0,0.25906341685848155,3159.274137435425,2808.9658625645748,2026-07-31
12.5,255.0,0.25906341685848155,3062.074910685231,3240.7650893147693,2026-07-31
12.75,270.0,0.25906341685848155,3022.224488193516,3378.4655118064834,2026-07-31
13.0,285.0,0.25906341685848155,2992.8272171369827,4.302782863017455,2026-07-31
13.25,300.0,0.25906341685848155,2953.3231462082185,-1456.6431462082185,2026-07-31
13.5,315.0,0.25906341685848155,2894.3354137082456,-1316.1954137082455,2026-07-31
13.75,330.0,0.25906341685848155,2818.385087037134,-1159.015087037134,2026-07-31
14.0,345.0,0.25906341685848155,2719.5279376667463,-44.28793766674653,2026-07-31
14.25,360.0,0.25906341685848155,2633.6827168128493,-122.3527168128494,2026-07-31
14.5,375.0,0.25906341685848155,2564.7865353050893,-1166.4965353050893,2026-07-31
14.75,390.0,0.25906341685848155,2469.322298019488,-908.4222980194877,2026-07-31
15.0,405.0,0.25906341685848155,2340.383464953953,-126.1134649539531,2026-07-31
15.25,420.0,0.25906341685848155,2196.193279091679,4052.0367209083206,2026-07-31
15.5,435.0,0.25906341685848155,2045.423090772932,1998.0869092270682,2026-07-31
15.75,450.0,0.25906341685848155,1878.460104816921,2015.8698951830788,2026-07-31
16.0,465.0,0.25906341685848155,1714.0467949473436,-180.77679494734366,2026-07-31
16.25,480.0,0.25906341685848155,1547.5368146095448,39.97318539045523,2026-07-31
16.5,495.0,0.25906341685848155,1373.5509715136045,619.6790284863955,2026-07-31
16.75,510.0,0.25906341685848155,1180.8320627092228,2754.3379372907775,2026-07-31
17.0,525.0,0.25906341685848155,993.2804633499608,1475.319536650039,2026-07-31
17.25,540.0,0.25906341685848155,814.5480496808534,596.9519503191466,2026-07-31
17.5,555.0,0.25906341685848155,599.3722774228668,834.1177225771332,2026-07-31
17.75,570.0,0.25906341685848155,395.7385515488328,834.2914484511672,2026-07-31
18.0,585.0,0.25906341685848155,218.33482706661263,435.41517293338734,2026-07-31
18.25,600.0,0.25906341685848155,82.35315548936391,156.5568445106361,2026-07-31
18.5,615.0,0.25906341685848155,10.148622281917971,152.47137771808204,2026-07-31
18.75,630.0,0.25906341685848155,0.0,31.71,2026-07-31
19.0,645.0,0.25906341685848155,0.0,9.14,2026-07-31
10.0,15.0,0.5353822783464344,4085.679531818977,-56.819531818976884,2026-07-31
10.25,30.0,0.5353822783464344,4278.650562234026,1632.409437765974,2026-07-31
10.5,45.0,0.5353822783464344,4455.372546751903,2042.1374532480968,2026-07-31
10.75,60.0,0.5353822783464344,4577.186315993539,-493.63631599353903,2026-07-31
11.0,75.0,0.5353822783464344,4682.37120354394,2073.97879645606,2026-07-31
11.25,90.0,0.5353822783464344,4791.954296999666,1624.4757030003339,2026-07-31
11.5,105.0,0.5353822783464344,4896.4556724764525,3932.264327523547,2026-07-31
11.75,120.0,0.5353822783464344,4947.108190031736,983.5818099682638,2026-07-31
12.0,135.0,0.5353822783464344,4966.838279965884,2424.2517200341163,2026-07-31
12.25,150.0,0.5353822783464344,4942.307829248964,1025.9321707510362,2026-07-31
12.5,165.0,0.5353822783464344,4874.870915461106,1427.969084538894,2026-07-31
12.75,180.0,0.5353822783464344,4797.673748281041,1603.0162517189583,2026-07-31
13.0,195.0,0.5353822783464344,4728.375049542898,-1731.2450495428975,2026-07-31
13.25,210.0,0.5353822783464344,4644.586950092863,-3147.9069500928626,2026-07-31
13.5,225.0,0.5353822783464344,4523.226142844144,-2945.086142844144,2026-07-31
13.75,240.0,0.5353822783464344,4397.14302680467,-2737.77302680467,2026-07-31
14.0,255.0,0.5353822783464344,4243.749186293005,-1568.5091862930049,2026-07-31
14.25,270.0,0.5353822783464344,4092.3262414653504,-1580.9962414653505,2026-07-31
14.5,285.0,0.5353822783464344,3950.158195293044,-2551.868195293044,2026-07-31
14.75,300.0,0.5353822783464344,3780.97297630916,-2220.07297630916,2026-07-31
15.0,315.0,0.5353822783464344,3573.125279504673,-1358.855279504673,2026-07-31
15.25,330.0,0.5353822783464344,3341.6864106097355,2906.543589390264,2026-07-31
15.5,345.0,0.5353822783464344,3093.6890358439355,949.8209641560647,2026-07-31
15.75,360.0,0.5353822783464344,2826.447413238432,1067.8825867615678,2026-07-31
16.0,375.0,0.5353822783464344,2558.055121667659,-1024.785121667659,2026-07-31
16.25,390.0,0.5353822783464344,2291.0942821979734,-703.5842821979734,2026-07-31
16.5,405.0,0.5353822783464344,2016.8939576176192,-23.66395761761919,2026-07-31
16.75,420.0,0.5353822783464344,1725.4331411808707,2209.7368588191293,2026-07-31
17.0,435.0,0.5353822783464344,1431.9584703845435,1036.6415296154564,2026-07-31
17.25,450.0,0.5353822783464344,1149.4982791354994,262.0017208645006,2026-07-31
17.5,465.0,0.5353822783464344,841.9428265510583,591.5471734489417,2026-07-31
17.75,480.0,0.5353822783464344,554.2333368366247,675.7966631633752,2026-07-31
18.0,495.0,0.5353822783464344,303.6914178610645,350.0585821389355,2026-07-31
18.25,510.0,0.5353822783464344,113.56722439279416,125.34277560720584,2026-07-31
18.5,525.0,0.5353822783464344,14.606826696265635,148.01317330373436,2026-07-31
18.75,540.0,0.5353822783464344,0.0,31.71,2026-07-31
19.0,555.0,0.5353822783464344,0.0,9.14,2026-07-31
11.5,15.0,0.75178683355123,6516.377189802294,2312.342810197705,2026-07-31
11.75,30.0,0.75178683355123,6527.788749418703,-597.0987494187038,2026-07-31
12.0,45.0,0.75178683355123,6539.929233165982,851.1607668340184,2026-07-31
12.25,60.0,0.75178683355123,6515.717858347939,-547.4778583479392,2026-07-31
12.5,75.0,0.75178683355123,6409.954756919946,-107.11475691994565,2026-07-31
12.75,90.0,0.75178683355123,6302.563348667069,98.12665133293103,2026-07-31
13.0,105.0,0.75178683355123,6197.730452410303,-3200.6004524103028,2026-07-31
13.25,120.0,0.75178683355123,6074.290441167504,-4577.610441167503,2026-07-31
13.5,135.0,0.75178683355123,5901.708568236965,-4323.568568236965,2026-07-31
13.75,150.0,0.75178683355123,5719.102032421247,-4059.732032421247,2026-07-31
14.0,165.0,0.75178683355123,5529.800376901927,-2854.560376901927,2026-07-31
14.25,180.0,0.75178683355123,5326.549886147283,-2815.2198861472834,2026-07-31
14.5,195.0,0.75178683355123,5111.085701101215,-3712.795701101215,2026-07-31
14.75,210.0,0.75178683355123,4865.684406514293,-3304.784406514293,2026-07-31
15.0,225.0,0.75178683355123,4587.166052103009,-2372.896052103009,2026-07-31
15.25,240.0,0.75178683355123,4287.574832003326,1960.6551679966733,2026-07-31
15.5,255.0,0.75178683355123,3951.869293145472,91.64070685452816,2026-07-31
15.75,270.0,0.75178683355123,3591.647417398239,302.6825826017607,2026-07-31
16.0,285.0,0.75178683355123,3243.801290218091,-1710.5312902180908,2026-07-31
16.25,300.0,0.75178683355123,2907.4900351660503,-1319.9800351660504,2026-07-31
16.5,315.0,0.75178683355123,2548.2083954133805,-554.9783954133804,2026-07-31
16.75,330.0,0.75178683355123,2160.6078064368376,1774.5621935631625,2026-07-31
17.0,345.0,0.75178683355123,1782.6264153779196,685.9735846220804,2026-07-31
17.25,360.0,0.75178683355123,1422.79501096261,-11.295010962609922,2026-07-31
17.5,375.0,0.75178683355123,1038.729655232871,394.760344767129,2026-07-31
17.75,390.0,0.75178683355123,679.9633795145874,550.0666204854126,2026-07-31
18.0,405.0,0.75178683355123,371.7996535622332,281.9503464377668,2026-07-31
18.25,420.0,0.75178683355123,139.51945483392532,99.39054516607467,2026-07-31
18.5,435.0,0.75178683355123,18.21352124337388,144.40647875662611,2026-07-31
18.75,450.0,0.75178683355123,0.0,31.71,2026-07-31
19.0,465.0,0.75178683355123,0.0,9.14,2026-07-31
13.0,15.0,0.7969697934467611,7159.527038220253,-4162.397038220253,2026-07-31
13.25,30.0,0.7969697934467611,7024.365682910784,-5527.685682910784,2026-07-31
13.5,45.0,0.7969697934467611,6846.7734121993935,-5268.633412199393,2026-07-31
13.75,60.0,0.7969697934467611,6622.521740315294,-4963.151740315294,2026-07-31
14.0,75.0,0.7969697934467611,6362.868829498183,-3687.628829498183,2026-07-31
14.25,90.0,0.7969697934467611,6088.340941650847,-3577.0109416508467,2026-07-31
14.5,105.0,0.7969697934467611,5819.055340699109,-4420.765340699109,2026-07-31
14.75,120.0,0.7969697934467611,5493.325670163636,-3932.4256701636355,2026-07-31
15.0,135.0,0.7969697934467611,5139.113194853877,-2924.843194853877,2026-07-31
15.25,150.0,0.7969697934467611,4764.901523879419,1483.3284761205805,2026-07-31
15.5,165.0,0.7969697934467611,4360.928301451103,-317.4183014511027,2026-07-31
15.75,180.0,0.7969697934467611,3951.2651246440983,-56.93512464409832,2026-07-31
16.0,195.0,0.7969697934467611,3546.9647031808404,-2013.6947031808404,2026-07-31
16.25,210.0,0.7969697934467611,3137.550105481821,-1550.040105481821,2026-07-31
16.5,225.0,0.7969697934467611,2711.274865383872,-718.0448653838721,2026-07-31
16.75,240.0,0.7969697934467611,2300.6678199299345,1634.5021800700656,2026-07-31
17.0,255.0,0.7969697934467611,1900.7912354049588,567.8087645950411,2026-07-31
17.25,270.0,0.7969697934467611,1509.9175320837544,-98.4175320837544,2026-07-31
17.5,285.0,0.7969697934467611,1111.496551866496,321.993448133504,2026-07-31
17.75,300.0,0.7969697934467611,727.4398423906202,502.59015760937973,2026-07-31
18.0,315.0,0.7969697934467611,396.99926619272014,256.75073380727986,2026-07-31
18.25,330.0,0.7969697934467611,148.77692318953777,90.13307681046223,2026-07-31
18.5,345.0,0.7969697934467611,19.46742241383716,143.15257758616283,2026-07-31
18.75,360.0,0.7969697934467611,0.0,31.71,2026-07-31
19.0,375.0,0.7969697934467611,0.0,9.14,2026-07-31
14.5,15.0,0.25424844321047985,3055.1037603277505,-1656.8137603277505,2026-07-31
14.75,30.0,0.25424844321047985,2881.958608238064,-1321.0586082380637,2026-07-31
15.0,45.0,0.25424844321047985,2702.267420958423,-487.99742095842294,2026-07-31
15.25,60.0,0.25424844321047985,2507.794169016247,3740.4358309837526,2026-07-31
15.5,75.0,0.25424844321047985,2285.1942050804064,1758.3157949195938,2026-07-31
15.75,90.0,0.25424844321047985,2076.7383603771864,1817.5916396228135,2026-07-31
16.0,105.0,0.25424844321047985,1876.7771064263568,-343.5071064263568,2026-07-31
16.25,120.0,0.25424844321047985,1667.7992048606227,-80.2892048606227,2026-07-31
16.5,135.0,0.25424844321047985,1454.128814121997,539.101185878003,2026-07-31
16.75,150.0,0.25424844321047985,1246.7349368029445,2688.4350631970556,2026-07-31
17.0,165.0,0.25424844321047985,1047.1439816111874,1421.4560183888125,2026-07-31
17.25,180.0,0.25424844321047985,854.2401106394414,557.2598893605586,2026-07-31
17.5,195.0,0.25424844321047985,640.3646061301091,793.1253938698909,2026-07-31
17.75,210.0,0.25424844321047985,423.309796023384,806.720203976616,2026-07-31
18.0,225.0,0.25424844321047985,232.91618315727737,420.8338168427226,2026-07-31
18.25,240.0,0.25424844321047985,88.51557091207448,150.39442908792552,2026-07-31
18.5,255.0,0.25424844321047985,10.745789892289636,151.87421010771038,2026-07-31
18.75,270.0,0.25424844321047985,0.0,31.71,2026-07-31
19.0,285.0,0.25424844321047985,0.0,9.14,2026-07-31
16.0,15.0,0.7024933713359887,3325.393991170928,-1792.123991170928,2026-07-31
16.25,30.0,0.7024933713359887,2933.220391280871,-1345.710391280871,2026-07-31
16.5,45.0,0.7024933713359887,2536.2037603975587,-542.9737603975586,2026-07-31
16.75,60.0,0.7024933713359887,2146.22285908838,1788.94714091162,2026-07-31
17.0,75.0,0.7024933713359887,1766.5452802637565,702.0547197362434,2026-07-31
17.25,90.0,0.7024933713359887,1411.01090489794,0.4890951020599914,2026-07-31
17.5,105.0,0.7024933713359887,1038.4816622332005,395.0083377667995,2026-07-31
17.75,120.0,0.7024933713359887,677.216301828629,552.813698171371,2026-07-31
18.0,135.0,0.7024933713359887,368.2766096098851,285.4733903901149,2026-07-31
18.25,150.0,0.7024933713359887,138.39249091444086,100.51750908555914,2026-07-31
18.5,165.0,0.7024933713359887,17.831514833150905,144.7884851668491,2026-07-31
18.75,180.0,0.7024933713359887,0.0,31.71,2026-07-31
19.0,195.0,0.7024933713359887,0.0,9.14,2026-07-31
17.5,15.0,0.8393853042861151,1172.4587607724245,261.0312392275755,2026-07-31
17.75,30.0,0.8393853042861151,762.3534305298867,467.67656947011324,2026-07-31
18.0,45.0,0.8393853042861151,414.7795545167695,238.9704454832305,2026-07-31
18.25,60.0,0.8393853042861151,154.78481116502562,84.12518883497438,2026-07-31
18.5,75.0,0.8393853042861151,20.19289005391678,142.42710994608322,2026-07-31
18.75,90.0,0.8393853042861151,0.0,31.71,2026-07-31
19.0,105.0,0.8393853042861151,0.0,9.14,2026-07-31
7.0,15.0,1.017295317274553,1019.0619008898084,-246.09190088980836,2026-08-01
7.25,30.0,1.017295317274553,1420.811632115585,-131.39163211558503,2026-08-01
7.5,45.0,1.017295317274553,1837.0352348988893,-62.64523489888916,2026-08-01
7.75,60.0,1.017295317274553,2277.9751454200778,-694.7651454200777,2026-08-01
8.0,75.0,1.017295317274553,2725.4603341112397,-1388.4403341112397,2026-08-01
8.25,90.0,1.017295317274553,3174.5541944350925,-1936.7541944350926,2026-08-01
8.5,105.0,1.017295317274553,3607.978708682192,839.3912913178078,2026-08-01
8.75,120.0,1.017295317274553,4056.571202186032,912.9087978139673,2026-08-01
9.0,135.0,1.017295317274553,4506.629602803678,897.6203971963223,2026-08-01
9.25,150.0,1.017295317274553,4940.358769773917,384.8512302260833,2026-08-01
9.5,165.0,1.017295317274553,5331.443784189991,543.8862158100092,2026-08-01
9.75,180.0,1.017295317274553,5696.476937958777,775.393062041223,2026-08-01
10.0,195.0,1.017295317274553,6042.411756605345,782.0982433946556,2026-08-01
10.25,210.0,1.017295317274553,6366.321512929177,853.4584870708231,2026-08-01
10.5,225.0,1.017295317274553,6655.160371221242,750.2396287787578,2026-08-01
10.75,240.0,1.017295317274553,6909.907453193788,473.8225468062119,2026-08-01
11.0,255.0,1.017295317274553,7150.439853460381,-194.74985346038102,2026-08-01
11.25,270.0,1.017295317274553,7366.007475814266,-835.8574758142668,2026-08-01
11.5,285.0,1.017295317274553,7546.889150706492,748.4608492935085,2026-08-01
11.75,300.0,1.017295317274553,7678.294939932364,655.2150600676359,2026-08-01
12.0,315.0,1.017295317274553,7768.362458715816,-2059.7824587158157,2026-08-01
12.25,330.0,1.017295317274553,7816.214961678794,-2287.2949616787937,2026-08-01
12.5,345.0,1.017295317274553,7798.998371945453,-1600.828371945453,2026-08-01
12.75,360.0,1.017295317274553,7701.34439828163,-2851.2543982816296,2026-08-01
13.0,375.0,1.017295317274553,7577.582067492012,-3404.9220674920125,2026-08-01
13.25,390.0,1.017295317274553,7443.284393339706,-2741.274393339706,2026-08-01
13.5,405.0,1.017295317274553,7284.23976434738,28.79023565262014,2026-08-01
13.75,420.0,1.017295317274553,7059.074784309713,-945.974784309713,2026-08-01
14.0,435.0,1.017295317274553,6818.8051178486085,-1259.9751178486085,2026-08-01
14.25,450.0,1.017295317274553,6559.92091891229,-2284.0609189122906,2026-08-01
14.5,465.0,1.017295317274553,6275.780161237156,128.93983876284437,2026-08-01
14.75,480.0,1.017295317274553,5955.241210984166,1167.7787890158343,2026-08-01
15.0,495.0,1.017295317274553,5613.003199481009,-311.8831994810089,2026-08-01
15.25,510.0,1.017295317274553,5233.423267149568,-168.11326714956795,2026-08-01
15.5,525.0,1.017295317274553,4820.91495280144,-78.48495280144016,2026-08-01
15.75,540.0,1.017295317274553,4396.044693874537,388.0653061254625,2026-08-01
16.0,555.0,1.017295317274553,3960.976868606661,-2321.766868606661,2026-08-01
16.25,570.0,1.017295317274553,3512.1423813806787,-1251.5523813806785,2026-08-01
16.5,585.0,1.017295317274553,3055.5379017213804,-2085.9279017213803,2026-08-01
16.75,600.0,1.017295317274553,2597.819642921724,-1147.2596429217242,2026-08-01
17.0,615.0,1.017295317274553,2144.4267423651927,-253.63674236519273,2026-08-01
17.25,630.0,1.017295317274553,1671.300998471252,-663.5109984712519,2026-08-01
17.5,645.0,1.017295317274553,1207.231792841619,-162.84179284161883,2026-08-01
17.75,660.0,1.017295317274553,785.3868744798737,119.37312552012634,2026-08-01
18.0,675.0,1.017295317274553,425.0322381068733,-124.63223810687333,2026-08-01
18.25,690.0,1.017295317274553,157.03120942737775,-79.63120942737774,2026-08-01
18.5,705.0,1.017295317274553,19.714251866846684,79.97574813315332,2026-08-01
18.75,720.0,1.017295317274553,0.0,28.14,2026-08-01
19.0,735.0,1.017295317274553,0.0,0.0,2026-08-01
8.5,15.0,0.40117943159508496,1773.9513192603931,2673.4186807396068,2026-08-01
8.75,30.0,0.40117943159508496,2019.0965431589132,2950.3834568410866,2026-08-01
9.0,45.0,0.40117943159508496,2334.591365338762,3069.658634661238,2026-08-01
9.25,60.0,0.40117943159508496,2659.5131266112976,2665.6968733887024,2026-08-01
9.5,75.0,0.40117943159508496,2892.835595559154,2982.4944044408458,2026-08-01
9.75,90.0,0.40117943159508496,3055.641131318018,3416.228868681982,2026-08-01
10.0,105.0,0.40117943159508496,3224.3280740128625,3600.1819259871377,2026-08-01
10.25,120.0,0.40117943159508496,3439.8528080489577,3779.927191951042,2026-08-01
10.5,135.0,0.40117943159508496,3680.834022293368,3724.5659777066317,2026-08-01
10.75,150.0,0.40117943159508496,3897.049162632664,3486.6808373673357,2026-08-01
11.0,165.0,0.40117943159508496,4058.987719258413,2896.7022807415865,2026-08-01
11.25,180.0,0.40117943159508496,4213.642203427427,2316.5077965725723,2026-08-01
11.5,195.0,0.40117943159508496,4386.689783101702,3908.660216898298,2026-08-01
11.75,210.0,0.40117943159508496,4533.372042837141,3800.1379571628595,2026-08-01
12.0,225.0,0.40117943159508496,4596.591031769845,1111.9889682301546,2026-08-01
12.25,240.0,0.40117943159508496,4563.245276821763,965.6747231782374,2026-08-01
12.5,255.0,0.40117943159508496,4478.991030633512,1719.1789693664878,2026-08-01
12.75,270.0,0.40117943159508496,4353.966497882863,496.1235021171369,2026-08-01
13.0,285.0,0.40117943159508496,4202.340880216588,-29.680880216587866,2026-08-01
13.25,300.0,0.40117943159508496,4054.699441218336,647.3105587816644,2026-08-01
13.5,315.0,0.40117943159508496,3936.811346487162,3376.2186535128376,2026-08-01
13.75,330.0,0.40117943159508496,3804.1665915126646,2308.933408487336,2026-08-01
14.0,345.0,0.40117943159508496,3679.748093004869,1879.0819069951308,2026-08-01
14.25,360.0,0.40117943159508496,3548.138502008372,727.7214979916275,2026-08-01
14.5,375.0,0.40117943159508496,3392.785167425135,3011.934832574865,2026-08-01
14.75,390.0,0.40117943159508496,3226.000733500884,3897.0192664991164,2026-08-01
15.0,405.0,0.40117943159508496,3097.961356109933,2203.1586438900667,2026-08-01
15.25,420.0,0.40117943159508496,2958.2754868127736,2107.034513187227,2026-08-01
15.5,435.0,0.40117943159508496,2742.767854804638,1999.6621451953624,2026-08-01
15.75,450.0,0.40117943159508496,2477.82836278818,2306.2816372118195,2026-08-01
16.0,465.0,0.40117943159508496,2216.1810454551905,-576.9710454551905,2026-08-01
16.25,480.0,0.40117943159508496,1993.728806355511,266.86119364448905,2026-08-01
16.5,495.0,0.40117943159508496,1773.4781926652834,-803.8681926652833,2026-08-01
16.75,510.0,0.40117943159508496,1533.0099517296924,-82.44995172969243,2026-08-01
17.0,525.0,0.40117943159508496,1278.8453061018697,611.9446938981303,2026-08-01
17.25,540.0,0.40117943159508496,1004.7541075778618,3.035892422138204,2026-08-01
17.5,555.0,0.40117943159508496,733.3833765750626,311.0066234249375,2026-08-01
17.75,570.0,0.40117943159508496,482.1218922448762,422.63810775512377,2026-08-01
18.0,585.0,0.40117943159508496,261.7880288958599,38.61197110414008,2026-08-01
18.25,600.0,0.40117943159508496,95.5916555590889,-18.1916555590889,2026-08-01
18.5,615.0,0.40117943159508496,11.43711801059888,88.25288198940112,2026-08-01
18.75,630.0,0.40117943159508496,0.0,28.14,2026-08-01
19.0,645.0,0.40117943159508496,0.0,0.0,2026-08-01
10.0,15.0,0.9832678950928126,6266.383972809327,558.1260271906731,2026-08-01
10.25,30.0,0.9832678950928126,6583.542047383251,636.2379526167488,2026-08-01
10.5,45.0,0.9832678950928126,6887.904086929245,517.4959130707548,2026-08-01
10.75,60.0,0.9832678950928126,7148.216339443316,235.51366055668313,2026-08-01
11.0,75.0,0.9832678950928126,7376.5693687031135,-420.87936870311387,2026-08-01
11.25,90.0,0.9832678950928126,7590.345400416967,-1060.1954004169675,2026-08-01
11.5,105.0,0.9832678950928126,7781.854828659236,513.4951713407645,2026-08-01
11.75,120.0,0.9832678950928126,7918.885602551323,414.624397448677,2026-08-01
12.0,135.0,0.9832678950928126,7998.933914343224,-2290.3539143432245,2026-08-01
12.25,150.0,0.9832678950928126,8008.762778202692,-2479.842778202692,2026-08-01
12.5,165.0,0.9832678950928126,7944.262832046797,-1746.0928320467965,2026-08-01
12.75,180.0,0.9832678950928126,7794.179397927252,-2944.0893979272514,2026-08-01
13.0,195.0,0.9832678950928126,7619.889489098002,-3447.229489098002,2026-08-01
13.25,210.0,0.9832678950928126,7417.620141907797,-2715.610141907797,2026-08-01
13.5,225.0,0.9832678950928126,7210.565390244353,102.46460975564696,2026-08-01
13.75,240.0,0.9832678950928126,6977.076744896116,-863.9767448961156,2026-08-01
14.0,255.0,0.9832678950928126,6741.451007754595,-1182.6210077545948,2026-08-01
14.25,270.0,0.9832678950928126,6481.015623654644,-2205.155623654644,2026-08-01
14.5,285.0,0.9832678950928126,6224.402606769141,180.31739323085912,2026-08-01
14.75,300.0,0.9832678950928126,5930.657510493774,1192.3624895062267,2026-08-01
15.0,315.0,0.9832678950928126,5596.524047944077,-295.4040479440773,2026-08-01
15.25,330.0,0.9832678950928126,5232.178142478714,-166.8681424787137,2026-08-01
15.5,345.0,0.9832678950928126,4829.172738971131,-86.74273897113108,2026-08-01
15.75,360.0,0.9832678950928126,4386.933130438304,397.17686956169564,2026-08-01
16.0,375.0,0.9832678950928126,3933.3624151199815,-2294.1524151199815,2026-08-01
16.25,390.0,0.9832678950928126,3491.306619708695,-1230.716619708695,2026-08-01
16.5,405.0,0.9832678950928126,3046.780564881384,-2077.170564881384,2026-08-01
16.75,420.0,0.9832678950928126,2590.461047649896,-1139.901047649896,2026-08-01
17.0,435.0,0.9832678950928126,2135.009955266089,-244.21995526608907,2026-08-01
17.25,450.0,0.9832678950928126,1664.4062304645618,-656.6162304645618,2026-08-01
17.5,465.0,0.9832678950928126,1208.648368116799,-164.25836811679892,2026-08-01
17.75,480.0,0.9832678950928126,787.9870009695666,116.77299903043343,2026-08-01
18.0,495.0,0.9832678950928126,425.6526077540944,-125.25260775409441,2026-08-01
18.25,510.0,0.9832678950928126,156.14614768456403,-78.74614768456402,2026-08-01
18.5,525.0,0.9832678950928126,19.49330593728912,80.19669406271088,2026-08-01
18.75,540.0,0.9832678950928126,0.0,28.14,2026-08-01
19.0,555.0,0.9832678950928126,0.0,0.0,2026-08-01
11.5,15.0,0.8996209314862322,7225.574833257763,1069.7751667422372,2026-08-01
11.75,30.0,0.8996209314862322,7364.888371782348,968.621628217652,2026-08-01
12.0,45.0,0.8996209314862322,7453.1109199690945,-1744.5309199690946,2026-08-01
12.25,60.0,0.8996209314862322,7479.0782661944495,-1950.1582661944494,2026-08-01
12.5,75.0,0.8996209314862322,7437.313759847404,-1239.143759847404,2026-08-01
12.75,90.0,0.8996209314862322,7334.488376832265,-2484.398376832265,2026-08-01
13.0,105.0,0.8996209314862322,7193.472976169753,-3020.812976169753,2026-08-01
13.25,120.0,0.8996209314862322,7028.7442313054025,-2326.7342313054023,2026-08-01
13.5,135.0,0.8996209314862322,6848.636911834778,464.39308816522134,2026-08-01
13.75,150.0,0.8996209314862322,6629.405347201201,-516.3053472012007,2026-08-01
14.0,165.0,0.8996209314862322,6412.286348787236,-853.4563487872365,2026-08-01
14.25,180.0,0.8996209314862322,6176.544724638338,-1900.6847246383386,2026-08-01
14.5,195.0,0.8996209314862322,5936.261201649381,468.45879835061896,2026-08-01
14.75,210.0,0.8996209314862322,5645.569114429104,1477.4508855708964,2026-08-01
15.0,225.0,0.8996209314862322,5304.352506404575,-3.2325064045753606,2026-08-01
15.25,240.0,0.8996209314862322,4952.931710155624,112.37828984437601,2026-08-01
15.5,255.0,0.8996209314862322,4578.0133560288905,164.4166439711098,2026-08-01
15.75,270.0,0.8996209314862322,4167.72834725175,616.3816527482495,2026-08-01
16.0,285.0,0.8996209314862322,3744.048050581336,-2104.838050581336,2026-08-01
16.25,300.0,0.8996209314862322,3318.55872630631,-1057.9687263063097,2026-08-01
16.5,315.0,0.8996209314862322,2885.177212561819,-1915.567212561819,2026-08-01
16.75,330.0,0.8996209314862322,2449.9983303482395,-999.4383303482396,2026-08-01
17.0,345.0,0.8996209314862322,2020.9795510431795,-130.18955104317956,2026-08-01
17.25,360.0,0.8996209314862322,1572.4310326485308,-564.6410326485309,2026-08-01
17.5,375.0,0.8996209314862322,1137.8300318366923,-93.44003183669224,2026-08-01
17.75,390.0,0.8996209314862322,740.439293909414,164.320706090586,2026-08-01
18.0,405.0,0.8996209314862322,399.4451779694337,-99.04517796943372,2026-08-01
18.25,420.0,0.8996209314862322,146.7369337495397,-69.3369337495397,2026-08-01
18.5,435.0,0.8996209314862322,18.323586816066108,81.36641318393389,2026-08-01
18.75,450.0,0.8996209314862322,0.0,28.14,2026-08-01
19.0,465.0,0.8996209314862322,0.0,0.0,2026-08-01
13.0,15.0,0.6638644715636584,5511.818961005178,-1339.1589610051778,2026-08-01
13.25,30.0,0.6638644715636584,5379.214490660857,-677.2044906608571,2026-08-01
13.5,45.0,0.6638644715636584,5238.556192878033,2074.473807121967,2026-08-01
13.75,60.0,0.6638644715636584,5072.019116064501,1041.0808839354995,2026-08-01
14.0,75.0,0.6638644715636584,4892.029729143084,666.8002708569156,2026-08-01
14.25,90.0,0.6638644715636584,4720.2598068350535,-444.3998068350538,2026-08-01
14.5,105.0,0.6638644715636584,4548.830585060594,1855.8894149394064,2026-08-01
14.75,120.0,0.6638644715636584,4337.025893576235,2785.9941064237655,2026-08-01
15.0,135.0,0.6638644715636584,4102.749129243225,1198.3708707567748,2026-08-01
15.25,150.0,0.6638644715636584,3840.619971034864,1224.6900289651362,2026-08-01
15.5,165.0,0.6638644715636584,3544.660038302082,1197.7699616979185,2026-08-01
15.75,180.0,0.6638644715636584,3224.9214396171187,1559.188560382881,2026-08-01
16.0,195.0,0.6638644715636584,2898.237304018867,-1259.0273040188667,2026-08-01
16.25,210.0,0.6638644715636584,2570.299418648656,-309.7094186486556,2026-08-01
16.5,225.0,0.6638644715636584,2237.281629810611,-1267.6716298106107,2026-08-01
16.75,240.0,0.6638644715636584,1903.508750198649,-452.9487501986491,2026-08-01
17.0,255.0,0.6638644715636584,1568.3981806599336,322.3918193400664,2026-08-01
17.25,270.0,0.6638644715636584,1242.6049810807212,-234.81498108072128,2026-08-01
17.5,285.0,0.6638644715636584,933.2627143572644,111.12728564273573,2026-08-01
17.75,300.0,0.6638644715636584,610.117947032503,294.64205296749697,2026-08-01
18.0,315.0,0.6638644715636584,328.5106556789683,-28.110655678968328,2026-08-01
18.25,330.0,0.6638644715636584,120.49451113252395,-43.09451113252395,2026-08-01
18.5,345.0,0.6638644715636584,14.851544669869106,84.8384553301309,2026-08-01
18.75,360.0,0.6638644715636584,0.0,28.14,2026-08-01
19.0,375.0,0.6638644715636584,0.0,0.0,2026-08-01
14.5,15.0,0.7956137510619959,5363.667315028783,1041.0526849712169,2026-08-01
14.75,30.0,0.7956137510619959,5095.387907967369,2027.6320920326316,2026-08-01
15.0,45.0,0.7956137510619959,4804.459621159031,496.6603788409693,2026-08-01
15.25,60.0,0.7956137510619959,4486.013905764062,579.2960942359387,2026-08-01
15.5,75.0,0.7956137510619959,4131.209476042188,611.2205239578125,2026-08-01
15.75,90.0,0.7956137510619959,3759.324494913222,1024.7855050867774,2026-08-01
16.0,105.0,0.7956137510619959,3379.568144425434,-1740.3581444254341,2026-08-01
16.25,120.0,0.7956137510619959,2992.380957613896,-731.7909576138959,2026-08-01
16.5,135.0,0.7956137510619959,2604.5441555403463,-1634.9341555403462,2026-08-01
16.75,150.0,0.7956137510619959,2206.9455286116145,-756.3855286116145,2026-08-01
17.0,165.0,0.7956137510619959,1814.8551816330037,75.9348183669963,2026-08-01
17.25,180.0,0.7956137510619959,1433.1504595164893,-425.3604595164893,2026-08-01
17.5,195.0,0.7956137510619959,1069.6937307042492,-25.30373070424912,2026-08-01
17.75,210.0,0.7956137510619959,698.3112128568512,206.44878714314882,2026-08-01
18.0,225.0,0.7956137510619959,375.4611420342047,-75.06114203420475,2026-08-01
18.25,240.0,0.7956137510619959,137.70658259248583,-60.306582592485825,2026-08-01
18.5,255.0,0.7956137510619959,17.0592818149005,82.6307181850995,2026-08-01
18.75,270.0,0.7956137510619959,0.0,28.14,2026-08-01
19.0,285.0,0.7956137510619959,0.0,0.0,2026-08-01
16.0,15.0,0.9063333892043863,3935.242222209726,-2296.032222209726,2026-08-01
16.25,30.0,0.9063333892043863,3467.7005863908453,-1207.1105863908451,2026-08-01
16.5,45.0,0.9063333892043863,3003.6469954638087,-2034.0369954638086,2026-08-01
16.75,60.0,0.9063333892043863,2537.194674770588,-1086.634674770588,2026-08-01
17.0,75.0,0.9063333892043863,2074.523529135066,-183.73352913506596,2026-08-01
17.25,90.0,0.9063333892043863,1631.6272523410048,-623.8372523410048,2026-08-01
17.5,105.0,0.9063333892043863,1212.7331430377997,-168.34314303779956,2026-08-01
17.75,120.0,0.9063333892043863,791.4808828565831,113.2791171434169,2026-08-01
18.0,135.0,0.9063333892043863,426.0069402723716,-125.60694027237162,2026-08-01
18.25,150.0,0.9063333892043863,156.3182248884511,-78.9182248884511,2026-08-01
18.5,165.0,0.9063333892043863,19.54575930255234,80.14424069744766,2026-08-01
18.75,180.0,0.9063333892043863,0.0,28.14,2026-08-01
19.0,195.0,0.9063333892043863,0.0,0.0,2026-08-01
17.5,15.0,0.5067073123829782,822.8824989042791,221.50750109572095,2026-08-01
17.75,30.0,0.5067073123829782,539.8153074026604,364.94469259733955,2026-08-01
18.0,45.0,0.5067073123829782,291.43181141161693,8.968188588383043,2026-08-01
18.25,60.0,0.5067073123829782,107.01532984017024,-29.615329840170233,2026-08-01
18.5,75.0,0.5067073123829782,13.07550960936381,86.61449039063619,2026-08-01
18.75,90.0,0.5067073123829782,0.0,28.14,2026-08-01
19.0,105.0,0.5067073123829782,0.0,0.0,2026-08-01
7.0,15.0,0.11427154112071744,266.95759801446013,-110.90759801446012,2026-08-02
7.25,30.0,0.11427154112071744,374.2979160820833,-106.50791608208328,2026-08-02
7.5,45.0,0.11427154112071744,487.9569553446055,-22.576955344605494,2026-08-02
7.75,60.0,0.11427154112071744,617.4285512071797,108.54144879282035,2026-08-02
8.0,75.0,0.11427154112071744,750.5361237831906,127.9138762168094,2026-08-02
8.25,90.0,0.11427154112071744,890.1366727287813,205.25332727121884,2026-08-02
8.5,105.0,0.11427154112071744,1028.067627022479,524.662372977521,2026-08-02
8.75,120.0,0.11427154112071744,1180.481844132281,686.4681558677191,2026-08-02
9.0,135.0,0.11427154112071744,1340.43429915691,621.1957008430902,2026-08-02
9.25,150.0,0.11427154112071744,1501.2192983849852,760.9607016150146,2026-08-02
9.5,165.0,0.11427154112071744,1643.282799563126,930.3472004368741,2026-08-02
9.75,180.0,0.11427154112071744,1761.4539465171786,996.4760534828213,2026-08-02
10.0,195.0,0.11427154112071744,1872.088406821624,1013.0815931783761,2026-08-02
10.25,210.0,0.11427154112071744,1996.0781686071125,1020.2118313928875,2026-08-02
10.5,225.0,0.11427154112071744,2116.0022333355814,1159.8877666644185,2026-08-02
10.75,240.0,0.11427154112071744,2213.823459203453,1573.1365407965473,2026-08-02
11.0,255.0,0.11427154112071744,2301.719565727306,2451.9204342726944,2026-08-02
11.25,270.0,0.11427154112071744,2379.9176187265666,3953.0923812734336,2026-08-02
11.5,285.0,0.11427154112071744,2469.046688959589,3616.3933110404105,2026-08-02
11.75,300.0,0.11427154112071744,2528.7258852194086,3353.674114780591,2026-08-02
12.0,315.0,0.11427154112071744,2545.859349270952,2719.9506507290484,2026-08-02
12.25,330.0,0.11427154112071744,2529.9553581711643,1759.5246418288352,2026-08-02
12.5,345.0,0.11427154112071744,2516.372351625493,1379.2476483745068,2026-08-02
12.75,360.0,0.11427154112071744,2484.0540807198795,1778.1959192801205,2026-08-02
13.0,375.0,0.11427154112071744,2436.9042899973406,1706.4257100026593,2026-08-02
13.25,390.0,0.11427154112071744,2400.718989608179,1314.281010391821,2026-08-02
13.5,405.0,0.11427154112071744,2363.353521497599,1291.316478502401,2026-08-02
13.75,420.0,0.11427154112071744,2287.424071596931,2470.3359284030694,2026-08-02
14.0,435.0,0.11427154112071744,2215.0326351938875,4966.137364806113,2026-08-02
14.25,450.0,0.11427154112071744,2158.2361023181934,5614.443897681807,2026-08-02
14.5,465.0,0.11427154112071744,2098.3920401473783,1673.2379598526218,2026-08-02
14.75,480.0,0.11427154112071744,2016.011064937204,2788.5589350627956,2026-08-02
15.0,495.0,0.11427154112071744,1919.7954465896855,3478.234553410314,2026-08-02
15.25,510.0,0.11427154112071744,1811.2490686455155,3544.280931354484,2026-08-02
15.5,525.0,0.11427154112071744,1683.9415945508583,2567.138405449142,2026-08-02
15.75,540.0,0.11427154112071744,1545.592455974644,3986.667544025356,2026-08-02
16.0,555.0,0.11427154112071744,1405.692740595665,3624.6972594043355,2026-08-02
16.25,570.0,0.11427154112071744,1263.112133372785,3238.727866627215,2026-08-02
16.5,585.0,0.11427154112071744,1116.3308631246366,2619.1191368753634,2026-08-02
16.75,600.0,0.11427154112071744,972.7480517035958,2337.7519482964044,2026-08-02
17.0,615.0,0.11427154112071744,806.3697638026465,1183.8402361973535,2026-08-02
17.25,630.0,0.11427154112071744,628.2328331794912,1913.767166820509,2026-08-02
17.5,645.0,0.11427154112071744,453.7756493582546,1303.9543506417454,2026-08-02
17.75,660.0,0.11427154112071744,293.9899507292838,1047.1600492707162,2026-08-02
18.0,675.0,0.11427154112071744,156.77997012049389,769.4900298795061,2026-08-02
18.25,690.0,0.11427154112071744,56.41673290935918,451.10326709064077,2026-08-02
18.5,705.0,0.11427154112071744,6.116408609950674,212.73359139004933,2026-08-02
18.75,720.0,0.11427154112071744,0.0,58.25,2026-08-02
19.0,735.0,0.11427154112071744,0.0,0.0,2026-08-02
8.5,15.0,0.21452333373008783,1321.3263792492935,231.40362075070652,2026-08-02
8.75,30.0,0.21452333373008783,1506.7710680346158,360.1789319653842,2026-08-02
9.0,45.0,0.21452333373008783,1698.1931670396525,263.4368329603476,2026-08-02
9.25,60.0,0.21452333373008783,1881.783371930056,380.39662806994374,2026-08-02
9.5,75.0,0.21452333373008783,2040.338220625195,533.2917793748052,2026-08-02
9.75,90.0,0.21452333373008783,2180.5864224023385,577.3435775976614,2026-08-02
10.0,105.0,0.21452333373008783,2309.624344587537,575.545655412463,2026-08-02
10.25,120.0,0.21452333373008783,2451.7522302495368,564.5377697504632,2026-08-02
10.5,135.0,0.21452333373008783,2599.1828498166624,676.7071501833375,2026-08-02
10.75,150.0,0.21452333373008783,2734.4275614962007,1052.5324385037993,2026-08-02
11.0,165.0,0.21452333373008783,2845.995630784457,1907.6443692155435,2026-08-02
11.25,180.0,0.21452333373008783,2937.855193992711,3395.154806007289,2026-08-02
11.5,195.0,0.21452333373008783,3051.7520654741043,3033.6879345258953,2026-08-02
11.75,210.0,0.21452333373008783,3142.530058408108,2739.869941591892,2026-08-02
12.0,225.0,0.21452333373008783,3157.5464768210327,2108.2635231789677,2026-08-02
12.25,240.0,0.21452333373008783,3127.090033525669,1162.3899664743308,2026-08-02
12.5,255.0,0.21452333373008783,3091.673479484387,803.946520515613,2026-08-02
12.75,270.0,0.21452333373008783,3027.168322029178,1235.081677970822,2026-08-02
13.0,285.0,0.21452333373008783,2970.54055350418,1172.78944649582,2026-08-02
13.25,300.0,0.21452333373008783,2925.8140104260265,789.1859895739735,2026-08-02
13.5,315.0,0.21452333373008783,2869.486180762683,785.183819237317,2026-08-02
13.75,330.0,0.21452333373008783,2778.388656831162,1979.3713431688384,2026-08-02
14.0,345.0,0.21452333373008783,2697.865991210549,4483.3040087894515,2026-08-02
14.25,360.0,0.21452333373008783,2634.293090806909,5138.386909193092,2026-08-02
14.5,375.0,0.21452333373008783,2570.885656218454,1200.744343781546,2026-08-02
14.75,390.0,0.21452333373008783,2469.2845233507696,2335.28547664923,2026-08-02
15.0,405.0,0.21452333373008783,2346.358354702917,3051.6716452970827,2026-08-02
15.25,420.0,0.21452333373008783,2203.556115294093,3151.9738847059066,2026-08-02
15.5,435.0,0.21452333373008783,2040.157281303173,2210.922718696827,2026-08-02
15.75,450.0,0.21452333373008783,1855.293590918856,3676.9664090811443,2026-08-02
16.0,465.0,0.21452333373008783,1674.0744227636508,3356.31557723635,2026-08-02
16.25,480.0,0.21452333373008783,1511.6834680832374,2990.156531916763,2026-08-02
16.5,495.0,0.21452333373008783,1342.7043040795445,2392.7456959204555,2026-08-02
16.75,510.0,0.21452333373008783,1164.9825137248254,2145.5174862751746,2026-08-02
17.0,525.0,0.21452333373008783,954.9429486939244,1035.2670513060757,2026-08-02
17.25,540.0,0.21452333373008783,742.8842179139991,1799.1157820860008,2026-08-02
17.5,555.0,0.21452333373008783,540.8982196683806,1216.8317803316195,2026-08-02
17.75,570.0,0.21452333373008783,352.9021078931412,988.2478921068589,2026-08-02
18.0,585.0,0.21452333373008783,188.56843940783483,737.7015605921652,2026-08-02
18.25,600.0,0.21452333373008783,67.5619129407292,439.9580870592708,2026-08-02
18.5,615.0,0.21452333373008783,7.427023632707649,211.42297636729234,2026-08-02
18.75,630.0,0.21452333373008783,0.0,58.25,2026-08-02
19.0,645.0,0.21452333373008783,0.0,0.0,2026-08-02
10.0,15.0,0.36167811395383825,3089.2747868510305,-204.10478685103044,2026-08-02
10.25,30.0,0.36167811395383825,3259.443381740873,-243.1533817408731,2026-08-02
10.5,45.0,0.36167811395383825,3426.4287953339626,-150.53879533396275,2026-08-02
10.75,60.0,0.36167811395383825,3557.7243177050136,229.23568229498642,2026-08-02
11.0,75.0,0.36167811395383825,3676.324222972577,1077.3157770274233,2026-08-02
11.25,90.0,0.36167811395383825,3795.771758624959,2537.238241375041,2026-08-02
11.5,105.0,0.36167811395383825,3922.3404039484,2163.0995960515997,2026-08-02
11.75,120.0,0.36167811395383825,4009.1550265053297,1873.24497349467,2026-08-02
12.0,135.0,0.36167811395383825,4025.9358921802514,1239.874107819749,2026-08-02
12.25,150.0,0.36167811395383825,3998.8896493877874,290.5903506122122,2026-08-02
12.5,165.0,0.36167811395383825,3959.483828200029,-63.863828200029275,2026-08-02
12.75,180.0,0.36167811395383825,3892.766027430509,369.483972569491,2026-08-02
13.0,195.0,0.36167811395383825,3817.828098425823,325.5019015741768,2026-08-02
13.25,210.0,0.36167811395383825,3749.626440887011,-34.626440887011086,2026-08-02
13.5,225.0,0.36167811395383825,3685.510939984648,-30.840939984647775,2026-08-02
13.75,240.0,0.36167811395383825,3590.844975853227,1166.9150241467732,2026-08-02
14.0,255.0,0.36167811395383825,3490.07337601651,3691.09662398349,2026-08-02
14.25,270.0,0.36167811395383825,3372.5848651076208,4400.095134892379,2026-08-02
14.5,285.0,0.36167811395383825,3261.873019786146,509.75698021385415,2026-08-02
14.75,300.0,0.36167811395383825,3121.984203918977,1682.5857960810226,2026-08-02
15.0,315.0,0.36167811395383825,2957.9596273773645,2440.070372622635,2026-08-02
15.25,330.0,0.36167811395383825,2777.427775244499,2578.1022247555006,2026-08-02
15.5,345.0,0.36167811395383825,2579.9113484699205,1671.1686515300794,2026-08-02
15.75,360.0,0.36167811395383825,2355.199101109158,3177.060898890842,2026-08-02
16.0,375.0,0.36167811395383825,2123.4881609514828,2906.9018390485176,2026-08-02
16.25,390.0,0.36167811395383825,1900.9632291430844,2600.8767708569158,2026-08-02
16.5,405.0,0.36167811395383825,1678.143971153061,2057.3060288469387,2026-08-02
16.75,420.0,0.36167811395383825,1444.8528948483076,1865.6471051516924,2026-08-02
17.0,435.0,0.36167811395383825,1180.7896936890634,809.4203063109367,2026-08-02
17.25,450.0,0.36167811395383825,913.494273497494,1628.5057265025061,2026-08-02
17.5,465.0,0.36167811395383825,662.7282201128523,1095.0017798871477,2026-08-02
17.75,480.0,0.36167811395383825,431.77516921014296,909.3748307898571,2026-08-02
18.0,495.0,0.36167811395383825,230.66909309813596,695.600906901864,2026-08-02
18.25,510.0,0.36167811395383825,82.71649387918323,424.80350612081673,2026-08-02
18.5,525.0,0.36167811395383825,9.283677179372276,209.5663228206277,2026-08-02
18.75,540.0,0.36167811395383825,0.0,58.25,2026-08-02
19.0,555.0,0.36167811395383825,0.0,0.0,2026-08-02
11.5,15.0,0.5378452326573069,5353.794005288976,731.6459947110234,2026-08-02
11.75,30.0,0.5378452326573069,5398.853693159272,483.546306840728,2026-08-02
12.0,45.0,0.5378452326573069,5393.161056620816,-127.35105662081605,2026-08-02
12.25,60.0,0.5378452326573069,5341.548469699029,-1052.0684696990293,2026-08-02
12.5,75.0,0.5378452326573069,5256.630114968324,-1361.0101149683242,2026-08-02
12.75,90.0,0.5378452326573069,5144.212160573719,-881.9621605737193,2026-08-02
13.0,105.0,0.5378452326573069,5037.4570105902085,-894.1270105902086,2026-08-02
13.25,120.0,0.5378452326573069,4942.116666074665,-1227.1166660746649,2026-08-02
13.5,135.0,0.5378452326573069,4824.949158492612,-1170.2791584926117,2026-08-02
13.75,150.0,0.5378452326573069,4683.307269030734,74.45273096926667,2026-08-02
14.0,165.0,0.5378452326573069,4545.634317043939,2635.5356829560615,2026-08-02
14.25,180.0,0.5378452326573069,4402.581090960722,3370.0989090392786,2026-08-02
14.5,195.0,0.5378452326573069,4254.933333944163,-483.30333394416266,2026-08-02
14.75,210.0,0.5378452326573069,4066.199257916077,738.3707420839228,2026-08-02
15.0,225.0,0.5378452326573069,3833.2265506454014,1564.8034493545983,2026-08-02
15.25,240.0,0.5378452326573069,3583.5434227251435,1771.9865772748562,2026-08-02
15.5,255.0,0.5378452326573069,3322.2852383745367,928.7947616254633,2026-08-02
15.75,270.0,0.5378452326573069,3033.081115314704,2499.178884685296,2026-08-02
16.0,285.0,0.5378452326573069,2734.9665330512385,2295.423466948762,2026-08-02
16.25,300.0,0.5378452326573069,2433.550404110374,2068.289595889626,2026-08-02
16.5,315.0,0.5378452326573069,2131.899828565152,1603.550171434848,2026-08-02
16.75,330.0,0.5378452326573069,1831.1896189520264,1479.3103810479736,2026-08-02
17.0,345.0,0.5378452326573069,1505.4845384174205,484.72546158257956,2026-08-02
17.25,360.0,0.5378452326573069,1171.8697585900109,1370.1302414099891,2026-08-02
17.5,375.0,0.5378452326573069,848.8364535967216,908.8935464032784,2026-08-02
17.75,390.0,0.5378452326573069,549.664886832888,791.4851131671121,2026-08-02
18.0,405.0,0.5378452326573069,292.4618839955665,633.8081160044335,2026-08-02
18.25,420.0,0.5378452326573069,105.00518354090184,402.51481645909814,2026-08-02
18.5,435.0,0.5378452326573069,12.019316906445953,206.83068309355403,2026-08-02
18.75,450.0,0.5378452326573069,0.0,58.25,2026-08-02
19.0,465.0,0.5378452326573069,0.0,0.0,2026-08-02
13.0,15.0,0.4914147958733398,4681.464934928425,-538.1349349284246,2026-08-02
13.25,30.0,0.4914147958733398,4591.466859699091,-876.4668596990914,2026-08-02
13.5,45.0,0.4914147958733398,4505.676261769189,-851.0062617691892,2026-08-02
13.75,60.0,0.4914147958733398,4393.74197123206,364.01802876794045,2026-08-02
14.0,75.0,0.4914147958733398,4263.782915992744,2917.387084007256,2026-08-02
14.25,90.0,0.4914147958733398,4134.307236112796,3638.372763887204,2026-08-02
14.5,105.0,0.4914147958733398,4007.4642833616304,-235.83428336163024,2026-08-02
14.75,120.0,0.4914147958733398,3847.2741203006376,957.2958796993621,2026-08-02
15.0,135.0,0.4914147958733398,3660.054025878024,1737.975974121976,2026-08-02
15.25,150.0,0.4914147958733398,3452.020035003969,1903.5099649960307,2026-08-02
15.5,165.0,0.4914147958733398,3214.213192271442,1036.866807728558,2026-08-02
15.75,180.0,0.4914147958733398,2946.3546693219,2585.9053306781,2026-08-02
16.0,195.0,0.4914147958733398,2668.612451555771,2361.7775484442295,2026-08-02
16.25,210.0,0.4914147958733398,2387.975982625497,2113.864017374503,2026-08-02
16.5,225.0,0.4914147958733398,2108.5259943260608,1626.924005673939,2026-08-02
16.75,240.0,0.4914147958733398,1792.2242047987554,1518.2757952012446,2026-08-02
17.0,255.0,0.4914147958733398,1464.2997602803498,525.9102397196502,2026-08-02
17.25,270.0,0.4914147958733398,1139.8808915082836,1402.1191084917164,2026-08-02
17.5,285.0,0.4914147958733398,827.3696109312873,930.3603890687127,2026-08-02
17.75,300.0,0.4914147958733398,535.8320739145337,805.3179260854664,2026-08-02
18.0,315.0,0.4914147958733398,284.43789673104266,641.8321032689573,2026-08-02
18.25,330.0,0.4914147958733398,101.50600385504328,406.0139961449567,2026-08-02
18.5,345.0,0.4914147958733398,11.545122887858684,207.3048771121413,2026-08-02
18.75,360.0,0.4914147958733398,0.0,58.25,2026-08-02
19.0,375.0,0.4914147958733398,0.0,0.0,2026-08-02
14.5,15.0,0.766037202785977,5863.826516435251,-2092.1965164352505,2026-08-02
14.75,30.0,0.766037202785977,5540.7140735094445,-736.1440735094448,2026-08-02
15.0,45.0,0.766037202785977,5184.904662507099,213.12533749290105,2026-08-02
15.25,60.0,0.766037202785977,4823.29600555691,532.2339944430896,2026-08-02
15.5,75.0,0.766037202785977,4452.101345996061,-201.02134599606143,2026-08-02
15.75,90.0,0.766037202785977,4050.30779828331,1481.95220171669,2026-08-02
16.0,105.0,0.766037202785977,3632.344066954391,1398.0459330456092,2026-08-02
16.25,120.0,0.766037202785977,3222.0354942986323,1279.8045057013678,2026-08-02
16.5,135.0,0.766037202785977,2816.583641364705,918.866358635295,2026-08-02
16.75,150.0,0.766037202785977,2375.815397667702,934.6846023322978,2026-08-02
17.0,165.0,0.766037202785977,1933.822758221376,56.387241778624,2026-08-02
17.25,180.0,0.766037202785977,1503.1273731718131,1038.8726268281869,2026-08-02
17.5,195.0,0.766037202785977,1089.509149623242,668.2208503767581,2026-08-02
17.75,210.0,0.766037202785977,704.3214088312317,636.8285911687684,2026-08-02
18.0,225.0,0.766037202785977,374.4200545058292,551.8499454941707,2026-08-02
18.25,240.0,0.766037202785977,134.38784522283163,373.13215477716835,2026-08-02
18.5,255.0,0.766037202785977,15.584248221843389,203.2657517781566,2026-08-02
18.75,270.0,0.766037202785977,0.0,58.25,2026-08-02
19.0,285.0,0.766037202785977,0.0,0.0,2026-08-02
16.0,15.0,0.9362193903387335,4213.67032565431,816.7196743456907,2026-08-02
16.25,30.0,0.9362193903387335,3725.847570399048,775.9924296009522,2026-08-02
16.5,45.0,0.9362193903387335,3241.5055942057843,493.9444057942155,2026-08-02
16.75,60.0,0.9362193903387335,2732.6588273805182,577.8411726194818,2026-08-02
17.0,75.0,0.9362193903387335,2222.97616726604,-232.76616726604016,2026-08-02
17.25,90.0,0.9362193903387335,1723.327961302651,818.6720386973491,2026-08-02
17.5,105.0,0.9362193903387335,1243.684209892535,514.0457901074651,2026-08-02
17.75,120.0,0.9362193903387335,803.8140613398123,537.3359386601878,2026-08-02
18.0,135.0,0.9362193903387335,428.043818472397,498.226181527603,2026-08-02
18.25,150.0,0.9362193903387335,153.71691544253807,353.80308455746194,2026-08-02
18.5,165.0,0.9362193903387335,17.973844882849043,200.87615511715094,2026-08-02
18.75,180.0,0.9362193903387335,0.0,58.25,2026-08-02
19.0,195.0,0.9362193903387335,0.0,0.0,2026-08-02
17.5,15.0,1.0795095874625853,1394.1301220202336,363.59987797976646,2026-08-02
17.75,30.0,1.0795095874625853,898.727241320323,442.42275867967714,2026-08-02
18.0,45.0,1.0795095874625853,476.8594669785113,449.4105330214887,2026-08-02
18.25,60.0,1.0795095874625853,170.9746919303812,336.5453080696188,2026-08-02
18.5,75.0,1.0795095874625853,20.07890833242069,198.7710916675793,2026-08-02
18.75,90.0,1.0795095874625853,0.0,58.25,2026-08-02
19.0,105.0,1.0795095874625853,0.0,0.0,2026-08-02
7.0,15.0,0.24191518763931125,379.8553680832106,53.674631916789394,2026-08-03
7.25,30.0,0.24191518763931125,542.8507004091651,161.88929959083487,2026-08-03
7.5,45.0,0.24191518763931125,718.5477904996097,350.24220950039023,2026-08-03
7.75,60.0,0.24191518763931125,911.8105497912068,643.1394502087933,2026-08-03
8.0,75.0,0.24191518763931125,1118.265011358862,694.244988641138,2026-08-03
8.25,90.0,0.24191518763931125,1328.6525454914336,616.7474545085665,2026-08-03
8.5,105.0,0.24191518763931125,1536.118436646304,679.3115633536959,2026-08-03
8.75,120.0,0.24191518763931125,1755.8986648329594,1020.6813351670405,2026-08-03
9.0,135.0,0.24191518763931125,1986.1440631508144,2971.9259368491853,2026-08-03
9.25,150.0,0.24191518763931125,2215.585830691427,4041.9841693085727,2026-08-03
9.5,165.0,0.24191518763931125,2425.7357481758786,4199.214251824122,2026-08-03
9.75,180.0,0.24191518763931125,2620.001927523616,3869.658072476384,2026-08-03
10.0,195.0,0.24191518763931125,2782.310601260717,4335.969398739283,2026-08-03
10.25,210.0,0.24191518763931125,2940.669651640872,4317.740348359128,2026-08-03
10.5,225.0,0.24191518763931125,3089.8272365953985,3839.1627634046013,2026-08-03
10.75,240.0,0.24191518763931125,3200.516951400695,3021.4530485993055,2026-08-03
11.0,255.0,0.24191518763931125,3323.333767787239,2908.626232212761,2026-08-03
11.25,270.0,0.24191518763931125,3445.395478563801,3167.604521436199,2026-08-03
11.5,285.0,0.24191518763931125,3546.797786378327,4094.6922136216726,2026-08-03
11.75,300.0,0.24191518763931125,3563.407768756803,4416.9222312431975,2026-08-03
12.0,315.0,0.24191518763931125,3491.190208830457,4854.0297911695425,2026-08-03
12.25,330.0,0.24191518763931125,3353.3724870514898,4181.96751294851,2026-08-03
12.5,345.0,0.24191518763931125,3201.697276578304,3268.332723421696,2026-08-03
12.75,360.0,0.24191518763931125,3061.035356221973,2889.804643778027,2026-08-03
13.0,375.0,0.24191518763931125,2925.057539062865,1320.692460937135,2026-08-03
13.25,390.0,0.24191518763931125,2846.4232135728166,3791.3267864271834,2026-08-03
13.5,405.0,0.24191518763931125,2780.558196615976,-60.74819661597621,2026-08-03
13.75,420.0,0.24191518763931125,2722.0763773959925,2212.6436226040078,2026-08-03
14.0,435.0,0.24191518763931125,2645.2411757522077,2743.338824247792,2026-08-03
14.25,450.0,0.24191518763931125,2548.461504110856,1173.4584958891442,2026-08-03
14.5,465.0,0.24191518763931125,2449.1801566742192,1641.4998433257806,2026-08-03
14.75,480.0,0.24191518763931125,2375.124921623189,750.4050783768112,2026-08-03
15.0,495.0,0.24191518763931125,2291.5505653625305,4028.019434637469,2026-08-03
15.25,510.0,0.24191518763931125,2185.9884916775736,3827.7215083224264,2026-08-03
15.5,525.0,0.24191518763931125,2043.893354593212,2044.0566454067878,2026-08-03
15.75,540.0,0.24191518763931125,1877.731271169166,2495.5787288308347,2026-08-03
16.0,555.0,0.24191518763931125,1691.3310587253245,1547.5289412746756,2026-08-03
16.25,570.0,0.24191518763931125,1511.6875645714474,1046.8724354285525,2026-08-03
16.5,585.0,0.24191518763931125,1335.812080270564,772.7979197294362,2026-08-03
16.75,600.0,0.24191518763931125,1151.9419189288683,627.6280810711316,2026-08-03
17.0,615.0,0.24191518763931125,962.796575182401,690.593424817599,2026-08-03
17.25,630.0,0.24191518763931125,775.6711109485188,518.1588890514811,2026-08-03
17.5,645.0,0.24191518763931125,592.6222324720515,416.35776752794857,2026-08-03
17.75,660.0,0.24191518763931125,399.8657544008056,369.6642455991944,2026-08-03
18.0,675.0,0.24191518763931125,209.6612061918792,268.8687938081208,2026-08-03
18.25,690.0,0.24191518763931125,72.75357754069246,173.69642245930754,2026-08-03
18.5,705.0,0.24191518763931125,7.488022861378014,72.82197713862199,2026-08-03
18.75,720.0,0.24191518763931125,0.0,7.03,2026-08-03
19.0,735.0,0.24191518763931125,0.0,0.0,2026-08-03
8.5,15.0,0.4649213930793423,2121.028877128742,94.40112287125794,2026-08-03
8.75,30.0,0.4649213930793423,2416.167622047347,360.41237795265306,2026-08-03
9.0,45.0,0.4649213930793423,2719.193746490212,2238.8762535097876,2026-08-03
9.25,60.0,0.4649213930793423,3015.324859935967,3242.2451400640325,2026-08-03
9.5,75.0,0.4649213930793423,3285.4532054891165,3339.4967945108833,2026-08-03
9.75,90.0,0.4649213930793423,3532.0205072008307,2957.639492799169,2026-08-03
10.0,105.0,0.4649213930793423,3746.799520077728,3371.4804799222716,2026-08-03
10.25,120.0,0.4649213930793423,3959.3581469756623,3299.0518530243376,2026-08-03
10.5,135.0,0.4649213930793423,4160.934780632379,2768.0552193676203,2026-08-03
10.75,150.0,0.4649213930793423,4328.362600351057,1893.607399648943,2026-08-03
11.0,165.0,0.4649213930793423,4494.607257128179,1737.3527428718207,2026-08-03
11.25,180.0,0.4649213930793423,4666.119980796219,1946.8800192037806,2026-08-03
11.5,195.0,0.4649213930793423,4786.34602731499,2855.1439726850094,2026-08-03
11.75,210.0,0.4649213930793423,4802.997643529151,3177.332356470849,2026-08-03
12.0,225.0,0.4649213930793423,4726.6980733052405,3618.521926694759,2026-08-03
12.25,240.0,0.4649213930793423,4572.793463633686,2962.5465363663143,2026-08-03
12.5,255.0,0.4649213930793423,4394.110734972427,2075.9192650275727,2026-08-03
12.75,270.0,0.4649213930793423,4230.41004642179,1720.4299535782102,2026-08-03
13.0,285.0,0.4649213930793423,4089.01857050144,156.73142949855992,2026-08-03
13.25,300.0,0.4649213930793423,3991.731078626685,2646.018921373315,2026-08-03
13.5,315.0,0.4649213930793423,3904.476768797544,-1184.6667687975441,2026-08-03
13.75,330.0,0.4649213930793423,3808.481794116323,1126.2382058836774,2026-08-03
14.0,345.0,0.4649213930793423,3689.829907465071,1698.750092534929,2026-08-03
14.25,360.0,0.4649213930793423,3557.781541130572,164.13845886942818,2026-08-03
14.5,375.0,0.4649213930793423,3427.618760249839,663.0612397501609,2026-08-03
14.75,390.0,0.4649213930793423,3297.850042137799,-172.32004213779874,2026-08-03
15.0,405.0,0.4649213930793423,3154.3025444686045,3165.267455531395,2026-08-03
15.25,420.0,0.4649213930793423,2988.625171773552,3025.084828226448,2026-08-03
15.5,435.0,0.4649213930793423,2784.549737989427,1303.400262010573,2026-08-03
15.75,450.0,0.4649213930793423,2550.031754496396,1823.2782455036045,2026-08-03
16.0,465.0,0.4649213930793423,2291.9810460977906,946.8789539022096,2026-08-03
16.25,480.0,0.4649213930793423,2040.99891883621,517.56108116379,2026-08-03
16.5,495.0,0.4649213930793423,1791.070779829994,317.53922017000605,2026-08-03
16.75,510.0,0.4649213930793423,1541.7685832437908,237.80141675620916,2026-08-03
17.0,525.0,0.4649213930793423,1287.0620508148018,366.32794918519835,2026-08-03
17.25,540.0,0.4649213930793423,1031.891906960696,261.938093039304,2026-08-03
17.5,555.0,0.4649213930793423,777.3367629959567,231.64323700404327,2026-08-03
17.75,570.0,0.4649213930793423,517.5780046696409,251.95199533035907,2026-08-03
18.0,585.0,0.4649213930793423,271.83071737311826,206.6992826268817,2026-08-03
18.25,600.0,0.4649213930793423,94.3400364022592,152.10996359774077,2026-08-03
18.5,615.0,0.4649213930793423,9.89109171115862,70.41890828884138,2026-08-03
18.75,630.0,0.4649213930793423,0.0,7.03,2026-08-03
19.0,645.0,0.4649213930793423,0.0,0.0,2026-08-03
10.0,15.0,1.0171829330770503,6461.635541937204,656.6444580627958,2026-08-03
10.25,30.0,1.0171829330770503,6775.673170547044,482.73682945295604,2026-08-03
10.5,45.0,1.0171829330770503,7075.971229725898,-146.98122972589863,2026-08-03
10.75,60.0,1.0171829330770503,7327.394758217665,-1105.424758217665,2026-08-03
11.0,75.0,1.0171829330770503,7542.995088741189,-1311.0350887411887,2026-08-03
11.25,90.0,1.0171829330770503,7751.657584048022,-1138.6575840480218,2026-08-03
11.5,105.0,1.0171829330770503,7927.59147614139,-286.10147614138987,2026-08-03
11.75,120.0,1.0171829330770503,8007.937329749192,-27.607329749192104,2026-08-03
12.0,135.0,1.0171829330770503,7953.931347000652,391.2886529993475,2026-08-03
12.25,150.0,1.0171829330770503,7796.947102856308,-261.6071028563083,2026-08-03
12.5,165.0,1.0171829330770503,7573.398562561697,-1103.3685625616972,2026-08-03
12.75,180.0,1.0171829330770503,7361.289216947986,-1410.4492169479854,2026-08-03
13.0,195.0,1.0171829330770503,7164.647575888485,-2918.8975758884853,2026-08-03
13.25,210.0,1.0171829330770503,6976.543452647678,-338.79345264767835,2026-08-03
13.5,225.0,1.0171829330770503,6808.768150232068,-4088.9581502320684,2026-08-03
13.75,240.0,1.0171829330770503,6644.585762426066,-1709.8657624260659,2026-08-03
14.0,255.0,1.0171829330770503,6447.641764755534,-1059.0617647555337,2026-08-03
14.25,270.0,1.0171829330770503,6214.289926770593,-2492.3699267705933,2026-08-03
14.5,285.0,1.0171829330770503,5965.25929302251,-1874.5792930225102,2026-08-03
14.75,300.0,1.0171829330770503,5712.550705924196,-2587.020705924196,2026-08-03
15.0,315.0,1.0171829330770503,5449.591675241158,869.9783247588421,2026-08-03
15.25,330.0,1.0171829330770503,5148.519010901286,865.1909890987145,2026-08-03
15.5,345.0,1.0171829330770503,4767.403972036204,-679.4539720362045,2026-08-03
15.75,360.0,1.0171829330770503,4341.2162241202805,32.09377587971994,2026-08-03
16.0,375.0,1.0171829330770503,3892.566622537655,-653.7066225376548,2026-08-03
16.25,390.0,1.0171829330770503,3449.916481735122,-891.3564817351221,2026-08-03
16.5,405.0,1.0171829330770503,3007.444917633514,-898.8349176335137,2026-08-03
16.75,420.0,1.0171829330770503,2559.473503588603,-779.9035035886029,2026-08-03
17.0,435.0,1.0171829330770503,2104.2889521036814,-450.89895210368127,2026-08-03
17.25,450.0,1.0171829330770503,1657.7007840272393,-363.8707840272393,2026-08-03
17.5,465.0,1.0171829330770503,1229.541622607728,-220.56162260772794,2026-08-03
17.75,480.0,1.0171829330770503,811.4805509126573,-41.95055091265738,2026-08-03
18.0,495.0,1.0171829330770503,428.5002571831471,50.02974281685289,2026-08-03
18.25,510.0,1.0171829330770503,150.02314866769012,96.42685133230987,2026-08-03
18.5,525.0,1.0171829330770503,16.265311156560763,64.04468884343925,2026-08-03
18.75,540.0,1.0171829330770503,0.0,7.03,2026-08-03
19.0,555.0,1.0171829330770503,0.0,0.0,2026-08-03
11.5,15.0,0.8551275166310741,6983.628490848986,657.8615091510137,2026-08-03
11.75,30.0,0.8551275166310741,7033.881913230758,946.4480867692419,2026-08-03
12.0,45.0,0.8551275166310741,6972.823700550782,1372.3962994492176,2026-08-03
12.25,60.0,0.8551275166310741,6833.72242098283,701.6175790171701,2026-08-03
12.5,75.0,0.8551275166310741,6631.345131949759,-161.31513194975923,2026-08-03
12.75,90.0,0.8551275166310741,6442.93226583908,-492.09226583908,2026-08-03
13.0,105.0,0.8551275166310741,6253.026015104924,-2007.2760151049242,2026-08-03
13.25,120.0,0.8551275166310741,6088.193592114034,549.5564078859661,2026-08-03
13.5,135.0,0.8551275166310741,5947.631564361505,-3227.8215643615054,2026-08-03
13.75,150.0,0.8551275166310741,5810.045962851603,-875.3259628516025,2026-08-03
14.0,165.0,0.8551275166310741,5637.815346122383,-249.2353461223829,2026-08-03
14.25,180.0,0.8551275166310741,5430.477615904191,-1708.5576159041912,2026-08-03
14.5,195.0,0.8551275166310741,5222.241821025765,-1131.5618210257649,2026-08-03
14.75,210.0,0.8551275166310741,5022.502866343504,-1896.972866343504,2026-08-03
15.0,225.0,0.8551275166310741,4798.4549833132,1521.1150166868001,2026-08-03
15.25,240.0,0.8551275166310741,4540.185983374972,1473.5240166250278,2026-08-03
15.5,255.0,0.8551275166310741,4210.325003665771,-122.37500366577115,2026-08-03
15.75,270.0,0.8551275166310741,3843.626774384328,529.6832256156722,2026-08-03
16.0,285.0,0.8551275166310741,3453.2328538992647,-214.37285389926456,2026-08-03
16.25,300.0,0.8551275166310741,3059.216056084311,-500.6560560843109,2026-08-03
16.5,315.0,0.8551275166310741,2662.0449792942018,-553.4349792942016,2026-08-03
16.75,330.0,0.8551275166310741,2256.573679712003,-477.0036797120031,2026-08-03
17.0,345.0,0.8551275166310741,1854.0788432676004,-200.6888432676003,2026-08-03
17.25,360.0,0.8551275166310741,1463.8964446558807,-170.0664446558808,2026-08-03
17.5,375.0,0.8551275166310741,1088.044884426317,-79.0648844263169,2026-08-03
17.75,390.0,0.8551275166310741,718.0235256093837,51.50647439061629,2026-08-03
18.0,405.0,0.8551275166310741,378.0182201538872,100.51177984611274,2026-08-03
18.25,420.0,0.8551275166310741,132.44003185041055,114.00996814958944,2026-08-03
18.5,435.0,0.8551275166310741,14.302653981038798,66.0073460189612,2026-08-03
18.75,450.0,0.8551275166310741,0.0,7.03,2026-08-03
19.0,465.0,0.8551275166310741,0.0,0.0,2026-08-03
13.0,15.0,1.0742920710545811,8362.148747221592,-4116.398747221592,2026-08-03
13.25,30.0,1.0742920710545811,8124.244774457854,-1486.494774457854,2026-08-03
13.5,45.0,1.0742920710545811,7879.387533431101,-5159.5775334311,2026-08-03
13.75,60.0,1.0742920710545811,7637.791956908998,-2703.071956908998,2026-08-03
14.0,75.0,1.0742920710545811,7368.420753924334,-1979.8407539243344,2026-08-03
14.25,90.0,1.0742920710545811,7089.088826156441,-3367.1688261564414,2026-08-03
14.5,105.0,1.0742920710545811,6791.113443036106,-2700.4334430361064,2026-08-03
14.75,120.0,1.0742920710545811,6469.7252501322,-3344.1952501322,2026-08-03
15.0,135.0,1.0742920710545811,6142.151092084999,177.418907915001,2026-08-03
15.25,150.0,1.0742920710545811,5782.330969990832,231.37903000916776,2026-08-03
15.5,165.0,1.0742920710545811,5357.3327789507,-1269.3827789507004,2026-08-03
15.75,180.0,1.0742920710545811,4886.692834295363,-513.382834295363,2026-08-03
16.0,195.0,1.0742920710545811,4396.403920283436,-1157.5439202834355,2026-08-03
16.25,210.0,1.0742920710545811,3894.6570955665534,-1336.0970955665534,2026-08-03
16.5,225.0,1.0742920710545811,3383.7675653977712,-1275.1575653977711,2026-08-03
16.75,240.0,1.0742920710545811,2863.464191750896,-1083.8941917508962,2026-08-03
17.0,255.0,1.0742920710545811,2345.7018738033626,-692.3118738033625,2026-08-03
17.25,270.0,1.0742920710545811,1828.8251206567425,-534.9951206567425,2026-08-03
17.5,285.0,1.0742920710545811,1321.850744619793,-312.87074461979296,2026-08-03
17.75,300.0,1.0742920710545811,853.902609490887,-84.37260949088704,2026-08-03
18.0,315.0,1.0742920710545811,452.1838250657432,26.346174934256794,2026-08-03
18.25,330.0,1.0742920710545811,159.1372133994833,87.31278660051669,2026-08-03
18.5,345.0,1.0742920710545811,17.39102574524715,62.918974254752854,2026-08-03
18.75,360.0,1.0742920710545811,0.0,7.03,2026-08-03
19.0,375.0,1.0742920710545811,0.0,0.0,2026-08-03
14.5,15.0,0.7632088275315214,5286.059501556376,-1195.379501556376,2026-08-03
14.75,30.0,0.7632088275315214,5058.589555066021,-1933.0595550660205,2026-08-03
15.0,45.0,0.7632088275315214,4820.7242294109,1498.8457705890996,2026-08-03
15.25,60.0,0.7632088275315214,4549.578596401745,1464.131403598255,2026-08-03
15.5,75.0,0.7632088275315214,4218.791331377889,-130.84133137788922,2026-08-03
15.75,90.0,0.7632088275315214,3856.023511047054,517.2864889529465,2026-08-03
16.0,105.0,0.7632088275315214,3468.1411734278136,-229.28117342781343,2026-08-03
16.25,120.0,0.7632088275315214,3075.4191358325834,-516.8591358325834,2026-08-03
16.5,135.0,0.7632088275315214,2683.321119747784,-574.7111197477839,2026-08-03
16.75,150.0,0.7632088275315214,2280.58175218973,-501.01175218973026,2026-08-03
17.0,165.0,0.7632088275315214,1877.6050277477043,-224.2150277477042,2026-08-03
17.25,180.0,0.7632088275315214,1469.9253614291122,-176.09536142911224,2026-08-03
17.5,195.0,0.7632088275315214,1066.3660232821746,-57.38602328217462,2026-08-03
17.75,210.0,0.7632088275315214,688.6416381252526,80.88836187474737,2026-08-03
18.0,225.0,0.7632088275315214,362.88755109967286,115.64244890032711,2026-08-03
18.25,240.0,0.7632088275315214,127.12862897355063,119.32137102644936,2026-08-03
18.5,255.0,0.7632088275315214,13.618848979769808,66.6911510202302,2026-08-03
18.75,270.0,0.7632088275315214,0.0,7.03,2026-08-03
19.0,285.0,0.7632088275315214,0.0,0.0,2026-08-03
16.0,15.0,0.9295120234206082,3917.896417837992,-679.0364178379918,2026-08-03
16.25,30.0,0.9295120234206082,3479.5048261857314,-920.9448261857315,2026-08-03
16.5,45.0,0.9295120234206082,3027.645989382605,-919.0359893826048,2026-08-03
16.75,60.0,0.9295120234206082,2563.4812372085344,-783.9112372085344,2026-08-03
17.0,75.0,0.9295120234206082,2106.5179127280207,-453.12791272802065,2026-08-03
17.25,90.0,0.9295120234206082,1647.1131128857069,-353.28311288570694,2026-08-03
17.5,105.0,0.9295120234206082,1193.294897440238,-184.31489744023793,2026-08-03
17.75,120.0,0.9295120234206082,770.5517053794645,-1.0217053794644926,2026-08-03
18.0,135.0,0.9295120234206082,407.909050854516,70.62094914548396,2026-08-03
18.25,150.0,0.9295120234206082,143.3727801677925,103.07721983220748,2026-08-03
18.5,165.0,0.9295120234206082,15.568316828948586,64.74168317105142,2026-08-03
18.75,180.0,0.9295120234206082,0.0,7.03,2026-08-03
19.0,195.0,0.9295120234206082,0.0,0.0,2026-08-03
17.5,15.0,0.6061576922250118,894.1810693146508,114.7989306853492,2026-08-03
17.75,30.0,0.6061576922250118,580.719610668887,188.81038933111302,2026-08-03
18.0,45.0,0.6061576922250118,307.3003825627623,171.22961743723766,2026-08-03
18.25,60.0,0.6061576922250118,108.10309743055468,138.34690256944532,2026-08-03
18.5,75.0,0.6061576922250118,11.575613098516069,68.73438690148393,2026-08-03
18.75,90.0,0.6061576922250118,0.0,7.03,2026-08-03
19.0,105.0,0.6061576922250118,0.0,0.0,2026-08-03
7.0,15.0,0.13827727168450163,273.76974581074825,-175.76974581074825,2026-08-04
7.25,30.0,0.13827727168450163,385.5855891029018,-153.8555891029018,2026-08-04
7.5,45.0,0.13827727168450163,502.6945694242968,-49.2445694242968,2026-08-04
7.75,60.0,0.13827727168450163,635.2884923707585,18.55150762924154,2026-08-04
8.0,75.0,0.13827727168450163,789.9645389792939,244.33546102070602,2026-08-04
8.25,90.0,0.13827727168450163,945.966493220606,170.28350677939397,2026-08-04
8.5,105.0,0.13827727168450163,1092.987280378166,283.18271962183417,2026-08-04
8.75,120.0,0.13827727168450163,1245.657668592742,423.04233140725796,2026-08-04
9.0,135.0,0.13827727168450163,1430.935392278972,1156.624607721028,2026-08-04
9.25,150.0,0.13827727168450163,1622.0157858212558,2038.1142141787443,2026-08-04
9.5,165.0,0.13827727168450163,1794.6668402733435,1779.8731597266565,2026-08-04
9.75,180.0,0.13827727168450163,1932.454377096724,1866.195622903276,2026-08-04
10.0,195.0,0.13827727168450163,2064.641501697601,4260.688498302399,2026-08-04
10.25,210.0,0.13827727168450163,2189.231405612695,4404.688594387305,2026-08-04
10.5,225.0,0.13827727168450163,2291.8969719710344,1568.6330280289658,2026-08-04
10.75,240.0,0.13827727168450163,2364.7095356425525,2076.980464357447,2026-08-04
11.0,255.0,0.13827727168450163,2474.378072019184,2135.1819279808165,2026-08-04
11.25,270.0,0.13827727168450163,2601.642191127464,3266.507808872536,2026-08-04
11.5,285.0,0.13827727168450163,2740.614829934906,3342.6151700650935,2026-08-04
11.75,300.0,0.13827727168450163,2840.5757845570274,2577.604215442973,2026-08-04
12.0,315.0,0.13827727168450163,2881.254904315883,2570.9350956841167,2026-08-04
12.25,330.0,0.13827727168450163,2797.0650255396376,3868.454974460363,2026-08-04
12.5,345.0,0.13827727168450163,2642.8256113290736,5528.224388670927,2026-08-04
12.75,360.0,0.13827727168450163,2484.960773708669,3223.3892262913314,2026-08-04
13.0,375.0,0.13827727168450163,2398.207083766575,500.06291623342486,2026-08-04
13.25,390.0,0.13827727168450163,2345.9212481250784,-262.2112481250783,2026-08-04
13.5,405.0,0.13827727168450163,2292.921072539003,-749.021072539003,2026-08-04
13.75,420.0,0.13827727168450163,2270.58158974564,347.30841025435984,2026-08-04
14.0,435.0,0.13827727168450163,2285.4533856279254,217.93661437207447,2026-08-04
14.25,450.0,0.13827727168450163,2275.405590693983,178.73440930601691,2026-08-04
14.5,465.0,0.13827727168450163,2227.5397916687843,1190.3102083312156,2026-08-04
14.75,480.0,0.13827727168450163,2159.70756277489,1521.1524372251101,2026-08-04
15.0,495.0,0.13827727168450163,2104.153143449836,258.1268565501641,2026-08-04
15.25,510.0,0.13827727168450163,2037.9846896731092,-7.094689673109087,2026-08-04
15.5,525.0,0.13827727168450163,1937.9352408112868,1270.054759188713,2026-08-04
15.75,540.0,0.13827727168450163,1784.9093089197818,3252.2206910802183,2026-08-04
16.0,555.0,0.13827727168450163,1623.7582257569636,1841.1317742430363,2026-08-04
16.25,570.0,0.13827727168450163,1456.0445016977192,1587.875498302281,2026-08-04
16.5,585.0,0.13827727168450163,1279.7126174524549,1993.487382547545,2026-08-04
16.75,600.0,0.13827727168450163,1086.8112452763846,1501.1187547236152,2026-08-04
17.0,615.0,0.13827727168450163,904.3044060049374,1431.2255939950628,2026-08-04
17.25,630.0,0.13827727168450163,733.7516018370661,790.678398162934,2026-08-04
17.5,645.0,0.13827727168450163,572.9165896981327,513.3534103018673,2026-08-04
17.75,660.0,0.13827727168450163,378.3083321009734,186.9216678990266,2026-08-04
18.0,675.0,0.13827727168450163,200.22951500058005,204.25048499941997,2026-08-04
18.25,690.0,0.13827727168450163,67.97917821709702,182.880821782903,2026-08-04
18.5,705.0,0.13827727168450163,6.254993673151297,67.96500632684871,2026-08-04
18.75,720.0,0.13827727168450163,0.0,10.9,2026-08-04
19.0,735.0,0.13827727168450163,0.0,0.0,2026-08-04
8.5,15.0,0.22517619698956226,1272.1521636877994,104.01783631220064,2026-08-04
8.75,30.0,0.22517619698956226,1458.994076168733,209.705923831267,2026-08-04
9.0,45.0,0.22517619698956226,1666.265745482708,921.2942545172918,2026-08-04
9.25,60.0,0.22517619698956226,1874.527120517609,1785.602879482391,2026-08-04
9.5,75.0,0.22517619698956226,2066.8000319934768,1507.7399680065232,2026-08-04
9.75,90.0,0.22517619698956226,2229.220548258963,1569.4294517410372,2026-08-04
10.0,105.0,0.22517619698956226,2383.8439863628823,3941.4860136371176,2026-08-04
10.25,120.0,0.22517619698956226,2528.438100836011,4065.481899163989,2026-08-04
10.5,135.0,0.22517619698956226,2661.987826330561,1198.5421736694393,2026-08-04
10.75,150.0,0.22517619698956226,2750.926825339994,1690.7631746600055,2026-08-04
11.0,165.0,0.22517619698956226,2870.401211498096,1739.1587885019044,2026-08-04
11.25,180.0,0.22517619698956226,3034.2930941849245,2833.856905815075,2026-08-04
11.5,195.0,0.22517619698956226,3208.791183587837,2874.4388164121624,2026-08-04
11.75,210.0,0.22517619698956226,3330.282309482433,2087.8976905175673,2026-08-04
12.0,225.0,0.22517619698956226,3362.7025034145245,2089.487496585475,2026-08-04
12.25,240.0,0.22517619698956226,3297.812981138856,3367.7070188611447,2026-08-04
12.5,255.0,0.22517619698956226,3149.49816390116,5021.551836098841,2026-08-04
12.75,270.0,0.22517619698956226,3008.3971733665658,2699.9528266334346,2026-08-04
13.0,285.0,0.22517619698956226,2920.2292098510334,-21.959209851033393,2026-08-04
13.25,300.0,0.22517619698956226,2856.933751329423,-773.2237513294231,2026-08-04
13.5,315.0,0.22517619698956226,2814.937311780942,-1271.0373117809418,2026-08-04
13.75,330.0,0.22517619698956226,2793.992082134951,-176.10208213495116,2026-08-04
14.0,345.0,0.22517619698956226,2801.786405921839,-298.39640592183923,2026-08-04
14.25,360.0,0.22517619698956226,2787.792742410836,-333.65274241083625,2026-08-04
14.5,375.0,0.22517619698956226,2734.014809733072,683.8351902669278,2026-08-04
14.75,390.0,0.22517619698956226,2645.028657424475,1035.831342575525,2026-08-04
15.0,405.0,0.22517619698956226,2560.483718008703,-198.2037180087027,2026-08-04
15.25,420.0,0.22517619698956226,2463.4747654454213,-432.5847654454212,2026-08-04
15.5,435.0,0.22517619698956226,2334.8242383809666,873.1657616190332,2026-08-04
15.75,450.0,0.22517619698956226,2161.5206923020005,2875.6093076979996,2026-08-04
16.0,465.0,0.22517619698956226,1971.913593697869,1492.976406302131,2026-08-04
16.25,480.0,0.22517619698956226,1761.2592109000425,1282.6607890999576,2026-08-04
16.5,495.0,0.22517619698956226,1542.239002529588,1730.9609974704117,2026-08-04
16.75,510.0,0.22517619698956226,1302.8663396741215,1285.0636603258783,2026-08-04
17.0,525.0,0.22517619698956226,1075.30138365888,1260.2286163411202,2026-08-04
17.25,540.0,0.22517619698956226,864.8503874978112,659.5796125021889,2026-08-04
17.5,555.0,0.22517619698956226,666.4560038739736,419.8139961260264,2026-08-04
17.75,570.0,0.22517619698956226,437.4775451604151,127.75245483958491,2026-08-04
18.0,585.0,0.22517619698956226,232.3796483983539,172.1003516016461,2026-08-04
18.25,600.0,0.22517619698956226,79.25094340818713,171.60905659181287,2026-08-04
18.5,615.0,0.22517619698956226,7.389515061124946,66.83048493887506,2026-08-04
18.75,630.0,0.22517619698956226,0.0,10.9,2026-08-04
19.0,645.0,0.22517619698956226,0.0,0.0,2026-08-04
10.0,15.0,0.5253894933211132,3783.6174548451418,2541.712545154858,2026-08-04
10.25,30.0,0.5253894933211132,3973.220454392051,2620.699545607949,2026-08-04
10.5,45.0,0.5253894933211132,4159.956358252352,-299.4263582523522,2026-08-04
10.75,60.0,0.5253894933211132,4319.83657635519,121.85342364480948,2026-08-04
11.0,75.0,0.5253894933211132,4486.576122093555,122.98387790644574,2026-08-04
11.25,90.0,0.5253894933211132,4659.338520295841,1208.811479704159,2026-08-04
11.5,105.0,0.5253894933211132,4843.942133446641,1239.287866553359,2026-08-04
11.75,120.0,0.5253894933211132,4974.442004366834,443.73799563316607,2026-08-04
12.0,135.0,0.5253894933211132,4996.3411445931615,455.8488554068381,2026-08-04
12.25,150.0,0.5253894933211132,4902.654023714576,1762.865976285424,2026-08-04
12.5,165.0,0.5253894933211132,4767.643012646257,3403.406987353743,2026-08-04
12.75,180.0,0.5253894933211132,4643.206509435291,1065.1434905647093,2026-08-04
13.0,195.0,0.5253894933211132,4552.38750335238,-1654.11750335238,2026-08-04
13.25,210.0,0.5253894933211132,4453.142261751835,-2369.4322617518346,2026-08-04
13.5,225.0,0.5253894933211132,4368.222201008412,-2824.3222010084123,2026-08-04
13.75,240.0,0.5253894933211132,4310.692073978516,-1692.8020739785165,2026-08-04
14.0,255.0,0.5253894933211132,4292.712894011276,-1789.3228940112763,2026-08-04
14.25,270.0,0.5253894933211132,4239.030899370713,-1784.8908993707132,2026-08-04
14.5,285.0,0.5253894933211132,4122.919035224997,-705.0690352249972,2026-08-04
14.75,300.0,0.5253894933211132,3955.426419164309,-274.5664191643091,2026-08-04
15.0,315.0,0.5253894933211132,3795.285498003432,-1433.005498003432,2026-08-04
15.25,330.0,0.5253894933211132,3605.5825699384673,-1574.6925699384672,2026-08-04
15.5,345.0,0.5253894933211132,3376.5473493480963,-168.55734934809652,2026-08-04
15.75,360.0,0.5253894933211132,3101.499501366437,1935.630498633563,2026-08-04
16.0,375.0,0.5253894933211132,2814.63908039855,650.2509196014498,2026-08-04
16.25,390.0,0.5253894933211132,2500.578713439813,543.3412865601872,2026-08-04
16.5,405.0,0.5253894933211132,2179.2288680496163,1093.9711319503836,2026-08-04
16.75,420.0,0.5253894933211132,1844.1967546036929,743.733245396307,2026-08-04
17.0,435.0,0.5253894933211132,1519.1688890349,816.3611109651001,2026-08-04
17.25,450.0,0.5253894933211132,1206.4967055480988,317.93329445190125,2026-08-04
17.5,465.0,0.5253894933211132,913.0879080399574,173.1820919600426,2026-08-04
17.75,480.0,0.5253894933211132,597.6044757531996,-32.37447575319959,2026-08-04
18.0,495.0,0.5253894933211132,315.82585607971595,88.65414392028407,2026-08-04
18.25,510.0,0.5253894933211132,107.87450873822227,142.98549126177772,2026-08-04
18.5,525.0,0.5253894933211132,10.385226232540422,63.83477376745958,2026-08-04
18.75,540.0,0.5253894933211132,0.0,10.9,2026-08-04
19.0,555.0,0.5253894933211132,0.0,0.0,2026-08-04
11.5,15.0,0.5686118916566911,5151.702061292288,931.5279387077117,2026-08-04
11.75,30.0,0.5686118916566911,5255.732376383103,162.44762361689754,2026-08-04
12.0,45.0,0.5686118916566911,5289.19604654554,162.9939534544592,2026-08-04
12.25,60.0,0.5686118916566911,5227.411819931783,1438.1081800682177,2026-08-04
12.5,75.0,0.5686118916566911,5091.906801057431,3079.143198942569,2026-08-04
12.75,90.0,0.5686118916566911,4925.091525347033,783.2584746529674,2026-08-04
13.0,105.0,0.5686118916566911,4806.832318437135,-1908.5623184371348,2026-08-04
13.25,120.0,0.5686118916566911,4704.377290209131,-2620.6672902091314,2026-08-04
13.5,135.0,0.5686118916566911,4610.2174157707295,-3066.3174157707294,2026-08-04
13.75,150.0,0.5686118916566911,4519.716076415629,-1901.826076415629,2026-08-04
14.0,165.0,0.5686118916566911,4444.933941185215,-1941.5439411852153,2026-08-04
14.25,180.0,0.5686118916566911,4352.391620166703,-1898.2516201667036,2026-08-04
14.5,195.0,0.5686118916566911,4224.965778505815,-807.1157785058153,2026-08-04
14.75,210.0,0.5686118916566911,4068.673546523954,-387.81354652395385,2026-08-04
15.0,225.0,0.5686118916566911,3916.717794706057,-1554.4377947060566,2026-08-04
15.25,240.0,0.5686118916566911,3724.9977275289966,-1694.1077275289965,2026-08-04
15.5,255.0,0.5686118916566911,3487.0545857617417,-279.0645857617419,2026-08-04
15.75,270.0,0.5686118916566911,3202.003498071033,1835.1265019289672,2026-08-04
16.0,285.0,0.5686118916566911,2908.7922400092184,556.0977599907815,2026-08-04
16.25,300.0,0.5686118916566911,2581.830869144923,462.0891308550772,2026-08-04
16.5,315.0,0.5686118916566911,2239.8660383484284,1033.3339616515714,2026-08-04
16.75,330.0,0.5686118916566911,1886.0646878461437,701.8653121538562,2026-08-04
17.0,345.0,0.5686118916566911,1546.947379811828,788.5826201881723,2026-08-04
17.25,360.0,0.5686118916566911,1225.190193614961,299.2398063850392,2026-08-04
17.5,375.0,0.5686118916566911,923.8342442046026,162.43575579539743,2026-08-04
17.75,390.0,0.5686118916566911,602.1126752243764,-36.882675224376385,2026-08-04
18.0,405.0,0.5686118916566911,318.766769465831,85.71323053416904,2026-08-04
18.25,420.0,0.5686118916566911,109.584913496466,141.275086503534,2026-08-04
18.5,435.0,0.5686118916566911,10.68777026047287,63.532229739527125,2026-08-04
18.75,450.0,0.5686118916566911,0.0,10.9,2026-08-04
19.0,465.0,0.5686118916566911,0.0,0.0,2026-08-04
13.0,15.0,0.868499756530572,6890.940320144392,-3992.670320144392,2026-08-04
13.25,30.0,0.868499756530572,6774.638598016396,-4690.928598016396,2026-08-04
13.5,45.0,0.868499756530572,6685.228379786927,-5141.328379786926,2026-08-04
13.75,60.0,0.868499756530572,6537.7328543088815,-3919.8428543088817,2026-08-04
14.0,75.0,0.868499756530572,6411.1068194635145,-3907.7168194635146,2026-08-04
14.25,90.0,0.868499756530572,6253.424046036185,-3799.2840460361854,2026-08-04
14.5,105.0,0.868499756530572,6029.294192865054,-2611.4441928650544,2026-08-04
14.75,120.0,0.868499756530572,5740.745833952754,-2059.8858339527537,2026-08-04
15.0,135.0,0.868499756530572,5457.620660684771,-3095.3406606847707,2026-08-04
15.25,150.0,0.868499756530572,5144.613059475921,-3113.7230594759203,2026-08-04
15.5,165.0,0.868499756530572,4783.733899631051,-1575.7438996310511,2026-08-04
15.75,180.0,0.868499756530572,4380.240694689866,656.8893053101338,2026-08-04
16.0,195.0,0.868499756530572,3958.731845105137,-493.84184510513705,2026-08-04
16.25,210.0,0.868499756530572,3500.435866650441,-456.5158666504408,2026-08-04
16.5,225.0,0.868499756530572,3032.348707253584,240.85129274641577,2026-08-04
16.75,240.0,0.868499756530572,2554.897601304969,33.03239869503068,2026-08-04
17.0,255.0,0.868499756530572,2099.549040405215,235.98095959478542,2026-08-04
17.25,270.0,0.868499756530572,1642.6011811007804,-118.17118110078036,2026-08-04
17.5,285.0,0.868499756530572,1183.9891757014616,-97.71917570146161,2026-08-04
17.75,300.0,0.868499756530572,761.9543222202949,-196.72432222029488,2026-08-04
18.0,315.0,0.868499756530572,403.3631954835277,1.116804516472314,2026-08-04
18.25,330.0,0.868499756530572,138.47209267439462,112.3879073256054,2026-08-04
18.5,345.0,0.868499756530572,13.730437348457771,60.48956265154223,2026-08-04
18.75,360.0,0.868499756530572,0.0,10.9,2026-08-04
19.0,375.0,0.868499756530572,0.0,0.0,2026-08-04
14.5,15.0,0.2772087051573674,2868.727477911605,549.1225220883948,2026-08-04
14.75,30.0,0.2772087051573674,2830.534022111106,850.3259778888942,2026-08-04
15.0,45.0,0.2772087051573674,2787.2534828083058,-424.97348280830556,2026-08-04
15.25,60.0,0.2772087051573674,2690.209067160034,-659.3190671600339,2026-08-04
15.5,75.0,0.2772087051573674,2539.296800969006,668.6931990309936,2026-08-04
15.75,90.0,0.2772087051573674,2336.126258304106,2701.003741695894,2026-08-04
16.0,105.0,0.2772087051573674,2120.1317714820016,1344.7582285179983,2026-08-04
16.25,120.0,0.2772087051573674,1874.4512043025188,1169.4687956974813,2026-08-04
16.5,135.0,0.2772087051573674,1615.536963128569,1657.663036871431,2026-08-04
16.75,150.0,0.2772087051573674,1364.3038750095125,1223.6261249904874,2026-08-04
17.0,165.0,0.2772087051573674,1143.795981956889,1191.7340180431113,2026-08-04
17.25,180.0,0.2772087051573674,915.0410728758596,609.3889271241404,2026-08-04
17.5,195.0,0.2772087051573674,664.4952283626903,421.77477163730964,2026-08-04
17.75,210.0,0.2772087051573674,430.9100412372061,134.31995876279393,2026-08-04
18.0,225.0,0.2772087051573674,227.94637309657853,176.5336269034215,2026-08-04
18.25,240.0,0.2772087051573674,78.63284694953836,172.22715305046165,2026-08-04
18.5,255.0,0.2772087051573674,7.50675783193656,66.71324216806345,2026-08-04
18.75,270.0,0.2772087051573674,0.0,10.9,2026-08-04
19.0,285.0,0.2772087051573674,0.0,0.0,2026-08-04
16.0,15.0,0.5478229625694018,3040.878760404808,424.0112395951919,2026-08-04
16.25,30.0,0.5478229625694018,2669.020647018089,374.89935298191085,2026-08-04
16.5,45.0,0.5478229625694018,2298.016116307765,975.1838836922348,2026-08-04
16.75,60.0,0.5478229625694018,1932.1424313173416,655.7875686826583,2026-08-04
17.0,75.0,0.5478229625694018,1586.653365723248,748.8766342767522,2026-08-04
17.25,90.0,0.5478229625694018,1247.6624631193754,276.7675368806247,2026-08-04
17.5,105.0,0.5478229625694018,902.433843744165,183.83615625583502,2026-08-04
17.75,120.0,0.5478229625694018,584.9337710689151,-19.703771068915103,2026-08-04
18.0,135.0,0.5478229625694018,308.795700844674,95.68429915532602,2026-08-04
18.25,150.0,0.5478229625694018,106.37689235926015,144.48310764073986,2026-08-04
18.5,165.0,0.5478229625694018,10.33354542318239,63.88645457681761,2026-08-04
18.75,180.0,0.5478229625694018,0.0,10.9,2026-08-04
19.0,195.0,0.5478229625694018,0.0,0.0,2026-08-04
17.5,15.0,0.877416059277234,1157.264828727659,-70.99482872765907,2026-08-04
17.75,30.0,0.877416059277234,748.1429017145665,-182.9129017145665,2026-08-04
18.0,45.0,0.877416059277234,396.3326564889914,8.147343511008614,2026-08-04
18.25,60.0,0.877416059277234,137.11869768046438,113.74130231953563,2026-08-04
18.5,75.0,0.877416059277234,13.668440705862595,60.551559294137405,2026-08-04
18.75,90.0,0.877416059277234,0.0,10.9,2026-08-04
19.0,105.0,0.877416059277234,0.0,0.0,2026-08-04
7.0,15.0,0.32117913705861295,416.55708289148873,46.092917108511244,2026-08-05
7.25,30.0,0.32117913705861295,578.2751203907112,11.324879609288814,2026-08-05
7.5,45.0,0.32117913705861295,752.3005602638111,-175.8305602638111,2026-08-05
7.75,60.0,0.32117913705861295,950.2254705776742,-18.61547057767416,2026-08-05
8.0,75.0,0.32117913705861295,1158.4305897648328,-176.20058976483278,2026-08-05
8.25,90.0,0.32117913705861295,1379.1283822508194,-445.05838225081936,2026-08-05
8.5,105.0,0.32117913705861295,1606.2934792031144,-1041.0234792031144,2026-08-05
8.75,120.0,0.32117913705861295,1833.746646983644,-1299.8566469836442,2026-08-05
9.0,135.0,0.32117913705861295,2050.3136547417835,-1272.7036547417833,2026-08-05
9.25,150.0,0.32117913705861295,2300.4171461590354,-1216.3271461590355,2026-08-05
9.5,165.0,0.32117913705861295,2565.33610777024,-1131.9261077702397,2026-08-05
9.75,180.0,0.32117913705861295,2818.950033866969,-868.6000338669692,2026-08-05
10.0,195.0,0.32117913705861295,3052.396689676439,-999.7966896764392,2026-08-05
10.25,210.0,0.32117913705861295,3332.597489889215,552.0725101107851,2026-08-05
10.5,225.0,0.32117913705861295,3483.79768880316,2488.36231119684,2026-08-05
10.75,240.0,0.32117913705861295,3535.9008203943504,2570.539179605649,2026-08-05
11.0,255.0,0.32117913705861295,3613.050517399214,2308.509482600786,2026-08-05
11.25,270.0,0.32117913705861295,3710.827015170106,1517.122984829894,2026-08-05
11.5,285.0,0.32117913705861295,3805.993788611493,1131.306211388507,2026-08-05
11.75,300.0,0.32117913705861295,3871.518673302436,2074.731326697564,2026-08-05
12.0,315.0,0.32117913705861295,3906.7803618147327,3501.789638185267,2026-08-05
12.25,330.0,0.32117913705861295,3894.6168287567607,2432.163171243239,2026-08-05
12.5,345.0,0.32117913705861295,3791.024916156235,4558.475083843765,2026-08-05
12.75,360.0,0.32117913705861295,3633.334899277535,3103.4351007224654,2026-08-05
13.0,375.0,0.32117913705861295,3387.080326408516,428.92967359148406,2026-08-05
13.25,390.0,0.32117913705861295,3245.6593941849464,2366.1706058150535,2026-08-05
13.5,405.0,0.32117913705861295,3117.889517398998,3485.0904826010014,2026-08-05
13.75,420.0,0.32117913705861295,3018.6047101038203,5383.00528989618,2026-08-05
14.0,435.0,0.32117913705861295,2933.633880265775,1666.6961197342248,2026-08-05
14.25,450.0,0.32117913705861295,2872.999708461961,1251.410291538039,2026-08-05
14.5,465.0,0.32117913705861295,2807.5742837059606,800.0957162940394,2026-08-05
14.75,480.0,0.32117913705861295,2689.4770183151986,-831.9970183151986,2026-08-05
15.0,495.0,0.32117913705861295,2531.78073831417,122.86926168583022,2026-08-05
15.25,510.0,0.32117913705861295,2394.4345601922687,102.29543980773133,2026-08-05
15.5,525.0,0.32117913705861295,2253.634936125865,-123.014936125865,2026-08-05
15.75,540.0,0.32117913705861295,2100.488743187299,413.9412568127009,2026-08-05
16.0,555.0,0.32117913705861295,1921.9927753918228,280.00722460817724,2026-08-05
16.25,570.0,0.32117913705861295,1755.2224733585033,308.2875266414969,2026-08-05
16.5,585.0,0.32117913705861295,1520.366136704048,490.6038632959521,2026-08-05
16.75,600.0,0.32117913705861295,1273.3332623863937,379.6567376136063,2026-08-05
17.0,615.0,0.32117913705861295,1047.2650705729236,339.29492942707634,2026-08-05
17.25,630.0,0.32117913705861295,836.0431195587425,290.2868804412574,2026-08-05
17.5,645.0,0.32117913705861295,634.5740494041299,211.52595059587009,2026-08-05
17.75,660.0,0.32117913705861295,454.8508232705111,166.72917672948893,2026-08-05
18.0,675.0,0.32117913705861295,247.4406179733487,174.70938202665127,2026-08-05
18.25,690.0,0.32117913705861295,83.9565734476686,237.2934265523314,2026-08-05
18.5,705.0,0.32117913705861295,7.314337141673462,139.69566285832653,2026-08-05
18.75,720.0,0.32117913705861295,0.0,29.31,2026-08-05
19.0,735.0,0.32117913705861295,0.0,0.0,2026-08-05
8.5,15.0,0.2603035330338618,1430.6742067069483,-865.4042067069483,2026-08-05
8.75,30.0,0.2603035330338618,1641.7927360473475,-1107.9027360473474,2026-08-05
9.0,45.0,0.2603035330338618,1840.1616756658443,-1062.5516756658444,2026-08-05
9.25,60.0,0.2603035330338618,2064.619404692493,-980.529404692493,2026-08-05
9.5,75.0,0.2603035330338618,2315.1440347789785,-881.7340347789784,2026-08-05
9.75,90.0,0.2603035330338618,2555.9448362087564,-605.5948362087565,2026-08-05
10.0,105.0,0.2603035330338618,2783.2267269373497,-730.6267269373498,2026-08-05
10.25,120.0,0.2603035330338618,3010.4866314191263,874.1833685808738,2026-08-05
10.5,135.0,0.2603035330338618,3170.4187077526726,2801.7412922473272,2026-08-05
10.75,150.0,0.2603035330338618,3230.6954540161537,2875.744545983846,2026-08-05
11.0,165.0,0.2603035330338618,3285.6203566937284,2635.939643306272,2026-08-05
11.25,180.0,0.2603035330338618,3369.0303102546254,1858.9196897453744,2026-08-05
11.5,195.0,0.2603035330338618,3461.2056051334985,1476.0943948665017,2026-08-05
11.75,210.0,0.2603035330338618,3523.698004400021,2422.551995599979,2026-08-05
12.0,225.0,0.2603035330338618,3548.246321490038,3860.3236785099616,2026-08-05
12.25,240.0,0.2603035330338618,3524.794547955189,2801.9854520448107,2026-08-05
12.5,255.0,0.2603035330338618,3424.5564837499346,4924.943516250065,2026-08-05
12.75,270.0,0.2603035330338618,3289.5279504345453,3447.242049565455,2026-08-05
13.0,285.0,0.2603035330338618,3119.113112626695,696.8968873733052,2026-08-05
13.25,300.0,0.2603035330338618,2969.3400025869755,2642.4899974130244,2026-08-05
13.5,315.0,0.2603035330338618,2840.7960684068275,3762.183931593172,2026-08-05
13.75,330.0,0.2603035330338618,2726.414438685791,5675.195561314209,2026-08-05
14.0,345.0,0.2603035330338618,2633.140712625147,1967.189287374853,2026-08-05
14.25,360.0,0.2603035330338618,2570.76819096403,1553.6418090359698,2026-08-05
14.5,375.0,0.2603035330338618,2509.852844837945,1097.8171551620549,2026-08-05
14.75,390.0,0.2603035330338618,2406.4469442069408,-548.9669442069408,2026-08-05
15.0,405.0,0.2603035330338618,2265.946668861427,388.70333113857305,2026-08-05
15.25,420.0,0.2603035330338618,2147.0504424303044,349.6795575696956,2026-08-05
15.5,435.0,0.2603035330338618,2037.599885829996,93.02011417000381,2026-08-05
15.75,450.0,0.2603035330338618,1908.081026255212,606.3489737447878,2026-08-05
16.0,465.0,0.2603035330338618,1753.7171943842734,448.2828056157266,2026-08-05
16.25,480.0,0.2603035330338618,1581.585873002869,481.9241269971312,2026-08-05
16.5,495.0,0.2603035330338618,1379.61017881737,631.35982118263,2026-08-05
16.75,510.0,0.2603035330338618,1166.7010278878606,486.2889721121394,2026-08-05
17.0,525.0,0.2603035330338618,959.8868010045346,426.6731989954653,2026-08-05
17.25,540.0,0.2603035330338618,768.953570629222,357.37642937077794,2026-08-05
17.5,555.0,0.2603035330338618,587.227513877209,258.872486122791,2026-08-05
17.75,570.0,0.2603035330338618,422.87971783346416,198.70028216653589,2026-08-05
18.0,585.0,0.2603035330338618,229.5834348242931,192.56656517570687,2026-08-05
18.25,600.0,0.2603035330338618,78.00901774925968,243.24098225074033,2026-08-05
18.5,615.0,0.2603035330338618,6.764679723709087,140.2453202762909,2026-08-05
18.75,630.0,0.2603035330338618,0.0,29.31,2026-08-05
19.0,645.0,0.2603035330338618,0.0,0.0,2026-08-05
10.0,15.0,0.18106520340377763,2095.253507311654,-42.653507311654266,2026-08-05
10.25,30.0,0.18106520340377763,2291.6537924794475,1593.0162075205526,2026-08-05
10.5,45.0,0.18106520340377763,2454.828010902266,3517.3319890977336,2026-08-05
10.75,60.0,0.18106520340377763,2540.381434181696,3566.0585658183036,2026-08-05
11.0,75.0,0.18106520340377763,2611.0838837379465,3310.476116262054,2026-08-05
11.25,90.0,0.18106520340377763,2690.1630688823698,2537.78693111763,2026-08-05
11.5,105.0,0.18106520340377763,2767.1676093565875,2170.1323906434127,2026-08-05
11.75,120.0,0.18106520340377763,2816.4625454917805,3129.7874545082195,2026-08-05
12.0,135.0,0.18106520340377763,2820.353019273519,4588.216980726481,2026-08-05
12.25,150.0,0.18106520340377763,2787.9045318271837,3538.875468172816,2026-08-05
12.5,165.0,0.18106520340377763,2713.573687319079,5635.926312680921,2026-08-05
12.75,180.0,0.18106520340377763,2584.22458944844,4152.54541055156,2026-08-05
13.0,195.0,0.18106520340377763,2457.021177860588,1358.9888221394122,2026-08-05
13.25,210.0,0.18106520340377763,2364.093773520019,3247.736226479981,2026-08-05
13.5,225.0,0.18106520340377763,2286.9810356275702,4315.998964372429,2026-08-05
13.75,240.0,0.18106520340377763,2208.635824211918,6192.974175788082,2026-08-05
14.0,255.0,0.18106520340377763,2137.594094112762,2462.735905887238,2026-08-05
14.25,270.0,0.18106520340377763,2087.134258615239,2037.2757413847607,2026-08-05
14.5,285.0,0.18106520340377763,2029.2475241993145,1578.4224758006856,2026-08-05
14.75,300.0,0.18106520340377763,1940.2604767312207,-82.78047673122069,2026-08-05
15.0,315.0,0.18106520340377763,1825.7307894386845,828.9192105613156,2026-08-05
15.25,330.0,0.18106520340377763,1721.3006456749736,775.4293543250265,2026-08-05
15.5,345.0,0.18106520340377763,1627.5037054803745,503.1162945196254,2026-08-05
15.75,360.0,0.18106520340377763,1519.0055662340062,995.4244337659936,2026-08-05
16.0,375.0,0.18106520340377763,1403.8820806253275,798.1179193746725,2026-08-05
16.25,390.0,0.18106520340377763,1277.3042045125524,786.2057954874479,2026-08-05
16.5,405.0,0.18106520340377763,1124.114627545522,886.8553724544781,2026-08-05
16.75,420.0,0.18106520340377763,957.6060095073102,695.3839904926898,2026-08-05
17.0,435.0,0.18106520340377763,796.3453660956128,590.2146339043871,2026-08-05
17.25,450.0,0.18106520340377763,643.195196700223,483.1348032997769,2026-08-05
17.5,465.0,0.18106520340377763,497.2667084598784,348.83329154012165,2026-08-05
17.75,480.0,0.18106520340377763,365.2557453622261,256.32425463777395,2026-08-05
18.0,495.0,0.18106520340377763,200.20029048817335,221.94970951182663,2026-08-05
18.25,510.0,0.18106520340377763,68.20324018990507,253.04675981009493,2026-08-05
18.5,525.0,0.18106520340377763,5.83131835631401,141.178681643686,2026-08-05
18.75,540.0,0.18106520340377763,0.0,29.31,2026-08-05
19.0,555.0,0.18106520340377763,0.0,0.0,2026-08-05
11.5,15.0,0.7232083506728997,5917.419119943568,-980.119119943568,2026-08-05
11.75,30.0,0.7232083506728997,6004.971517576591,-58.721517576591395,2026-08-05
12.0,45.0,0.7232083506728997,6038.585273186204,1369.9847268137955,2026-08-05
12.25,60.0,0.7232083506728997,6015.869045070025,310.91095492997465,2026-08-05
12.5,75.0,0.7232083506728997,5936.538342157222,2412.9616578427776,2026-08-05
12.75,90.0,0.7232083506728997,5796.764239913373,940.0057600866276,2026-08-05
13.0,105.0,0.7232083506728997,5564.768999879418,-1748.7589998794174,2026-08-05
13.25,120.0,0.7232083506728997,5390.454527186924,221.37547281307616,2026-08-05
13.5,135.0,0.7232083506728997,5217.678616044199,1385.3013839558007,2026-08-05
13.75,150.0,0.7232083506728997,5058.361779598286,3343.248220401714,2026-08-05
14.0,165.0,0.7232083506728997,4900.113543137422,-299.7835431374224,2026-08-05
14.25,180.0,0.7232083506728997,4746.030942652389,-621.6209426523892,2026-08-05
14.5,195.0,0.7232083506728997,4565.318579879372,-957.6485798793719,2026-08-05
14.75,210.0,0.7232083506728997,4337.428317793622,-2479.948317793622,2026-08-05
15.0,225.0,0.7232083506728997,4064.353539989755,-1409.703539989755,2026-08-05
15.25,240.0,0.7232083506728997,3807.014046934634,-1310.2840469346338,2026-08-05
15.5,255.0,0.7232083506728997,3579.85584630782,-1449.2358463078199,2026-08-05
15.75,270.0,0.7232083506728997,3303.6807625689635,-789.2507625689636,2026-08-05
16.0,285.0,0.7232083506728997,2999.5283885341178,-797.5283885341178,2026-08-05
16.25,300.0,0.7232083506728997,2713.074790036273,-649.5647900362728,2026-08-05
16.5,315.0,0.7232083506728997,2354.085417604825,-343.1154176048251,2026-08-05
16.75,330.0,0.7232083506728997,1981.4930182809703,-328.5030182809703,2026-08-05
17.0,345.0,0.7232083506728997,1614.464011957591,-227.90401195759114,2026-08-05
17.25,360.0,0.7232083506728997,1266.477232226137,-140.14723222613702,2026-08-05
17.5,375.0,0.7232083506728997,941.4076304548448,-95.3076304548448,2026-08-05
17.75,390.0,0.7232083506728997,649.0611515153225,-27.481151515322495,2026-08-05
18.0,405.0,0.7232083506728997,350.4601832617067,71.6898167382933,2026-08-05
18.25,420.0,0.7232083506728997,119.03691379481116,202.21308620518886,2026-08-05
18.5,435.0,0.7232083506728997,10.74494608040381,136.26505391959617,2026-08-05
18.75,450.0,0.7232083506728997,0.0,29.31,2026-08-05
19.0,465.0,0.7232083506728997,0.0,0.0,2026-08-05
13.0,15.0,0.9364904433134826,7202.386064700671,-3386.376064700671,2026-08-05
13.25,30.0,0.9364904433134826,6963.364358779271,-1351.5343587792713,2026-08-05
13.5,45.0,0.9364904433134826,6744.3016064667645,-141.32160646676493,2026-08-05
13.75,60.0,0.9364904433134826,6545.106362156227,1856.5036378437735,2026-08-05
14.0,75.0,0.9364904433134826,6353.832100587806,-1753.5021005878061,2026-08-05
14.25,90.0,0.9364904433134826,6165.821146042579,-2041.4111460425793,2026-08-05
14.5,105.0,0.9364904433134826,5947.056522768523,-2339.386522768523,2026-08-05
14.75,120.0,0.9364904433134826,5671.41056390663,-3813.93056390663,2026-08-05
15.0,135.0,0.9364904433134826,5348.5278184110975,-2693.8778184110975,2026-08-05
15.25,150.0,0.9364904433134826,5025.256062821913,-2528.5260628219125,2026-08-05
15.5,165.0,0.9364904433134826,4725.240660408143,-2594.6206604081435,2026-08-05
15.75,180.0,0.9364904433134826,4381.994711147602,-1867.5647111476023,2026-08-05
16.0,195.0,0.9364904433134826,3999.892768520578,-1797.892768520578,2026-08-05
16.25,210.0,0.9364904433134826,3598.795138420832,-1535.2851384208316,2026-08-05
16.5,225.0,0.9364904433134826,3156.107148094774,-1145.137148094774,2026-08-05
16.75,240.0,0.9364904433134826,2672.6680629609355,-1019.6780629609354,2026-08-05
17.0,255.0,0.9364904433134826,2190.469878276029,-803.9098782760288,2026-08-05
17.25,270.0,0.9364904433134826,1701.6424558250988,-575.3124558250988,2026-08-05
17.5,285.0,0.9364904433134826,1219.425245939376,-373.32524593937603,2026-08-05
17.75,300.0,0.9364904433134826,781.0155269484447,-159.4355269484447,2026-08-05
18.0,315.0,0.9364904433134826,408.906327659914,13.243672340085993,2026-08-05
18.25,330.0,0.9364904433134826,138.99523456198926,182.25476543801074,2026-08-05
18.5,345.0,0.9364904433134826,12.794473823167417,134.21552617683258,2026-08-05
18.75,360.0,0.9364904433134826,0.0,29.31,2026-08-05
19.0,375.0,0.9364904433134826,0.0,0.0,2026-08-05
14.5,15.0,0.7681152833027526,5265.719235497546,-1658.0492354975459,2026-08-05
14.75,30.0,0.7681152833027526,5011.482188665673,-3154.0021886656727,2026-08-05
15.0,45.0,0.7681152833027526,4722.4584998566015,-2067.8084998566014,2026-08-05
15.25,60.0,0.7681152833027526,4446.0635485086805,-1949.3335485086805,2026-08-05
15.5,75.0,0.7681152833027526,4181.406441917807,-2050.7864419178068,2026-08-05
15.75,90.0,0.7681152833027526,3872.7764831369977,-1358.346483136998,2026-08-05
16.0,105.0,0.7681152833027526,3534.005728359891,-1332.0057283598908,2026-08-05
16.25,120.0,0.7681152833027526,3175.906572695173,-1112.3965726951728,2026-08-05
16.5,135.0,0.7681152833027526,2779.7216831083115,-768.7516831083115,2026-08-05
16.75,150.0,0.7681152833027526,2356.910133367197,-703.920133367197,2026-08-05
17.0,165.0,0.7681152833027526,1937.911615007185,-551.351615007185,2026-08-05
17.25,180.0,0.7681152833027526,1506.4628361674286,-380.13283616742865,2026-08-05
17.5,195.0,0.7681152833027526,1078.8552265041892,-232.75522650418918,2026-08-05
17.75,210.0,0.7681152833027526,692.3632724554441,-70.78327245544403,2026-08-05
18.0,225.0,0.7681152833027526,362.6446454988236,59.505354501176384,2026-08-05
18.25,240.0,0.7681152833027526,123.16922552394225,198.08077447605774,2026-08-05
18.5,255.0,0.7681152833027526,11.214449603830982,135.795550396169,2026-08-05
18.75,270.0,0.7681152833027526,0.0,29.31,2026-08-05
19.0,285.0,0.7681152833027526,0.0,0.0,2026-08-05
16.0,15.0,0.4086086824713223,2463.033822299556,-261.03382229955605,2026-08-05
16.25,30.0,0.4086086824713223,2268.35610373074,-204.84610373073974,2026-08-05
16.5,45.0,0.4086086824713223,2021.2994555105304,-10.329455510530352,2026-08-05
16.75,60.0,0.4086086824713223,1728.083759817242,-75.09375981724202,2026-08-05
17.0,75.0,0.4086086824713223,1433.2164263977609,-46.656426397760924,2026-08-05
17.25,90.0,0.4086086824713223,1121.478051631521,4.851948368478816,2026-08-05
17.5,105.0,0.4086086824713223,801.5974692624335,44.50253073756653,2026-08-05
17.75,120.0,0.4086086824713223,513.2707294152165,108.30927058478358,2026-08-05
18.0,135.0,0.4086086824713223,268.7209945681536,153.42900543184635,2026-08-05
18.25,150.0,0.4086086824713223,91.03980242837544,230.21019757162458,2026-08-05
18.5,165.0,0.4086086824713223,8.024023484947511,138.98597651505247,2026-08-05
18.75,180.0,0.4086086824713223,0.0,29.31,2026-08-05
19.0,195.0,0.4086086824713223,0.0,0.0,2026-08-05
17.5,15.0,0.5771588765659608,910.7154953799602,-64.61549537996018,2026-08-05
17.75,30.0,0.5771588765659608,585.2332223734603,36.34677762653973,2026-08-05
18.0,45.0,0.5771588765659608,306.6886331295343,115.46136687046567,2026-08-05
18.25,60.0,0.5771588765659608,104.31731160033785,216.93268839966214,2026-08-05
18.5,75.0,0.5771588765659608,9.410166973101637,137.59983302689835,2026-08-05
18.75,90.0,0.5771588765659608,0.0,29.31,2026-08-05
19.0,105.0,0.5771588765659608,0.0,0.0,2026-08-05
7.0,15.0,0.631281218729776,694.8099373461151,-119.8499373461151,2026-08-06
7.25,30.0,0.631281218729776,959.3879932228,-427.43799322279995,2026-08-06
7.5,45.0,0.631281218729776,1241.5872037269091,-450.6272037269091,2026-08-06
7.75,60.0,0.631281218729776,1565.964761138982,-111.42476113898215,2026-08-06
8.0,75.0,0.631281218729776,1897.4294330536309,-126.66943305363088,2026-08-06
8.25,90.0,0.631281218729776,2226.7322051380784,-375.8622051380785,2026-08-06
8.5,105.0,0.631281218729776,2552.780516376289,-578.9205163762892,2026-08-06
8.75,120.0,0.631281218729776,2884.3431635063475,-577.7531635063474,2026-08-06
9.0,135.0,0.631281218729776,3215.444485831779,-173.2144858317788,2026-08-06
9.25,150.0,0.631281218729776,3563.2758524239653,138.75414757603494,2026-08-06
9.5,165.0,0.631281218729776,3920.032733148632,448.0972668513682,2026-08-06
9.75,180.0,0.631281218729776,4267.665553640986,276.4544463590137,2026-08-06
10.0,195.0,0.631281218729776,4619.939254010814,2650.630745989186,2026-08-06
10.25,210.0,0.631281218729776,4970.320028653642,1642.2199713463579,2026-08-06
10.5,225.0,0.631281218729776,5310.736132570823,511.95386742917617,2026-08-06
10.75,240.0,0.631281218729776,5539.169236161911,1634.1207638380893,2026-08-06
11.0,255.0,0.631281218729776,5668.940907523337,1247.3290924766634,2026-08-06
11.25,270.0,0.631281218729776,5762.802774613191,43.52722538680882,2026-08-06
11.5,285.0,0.631281218729776,5855.635688680505,1317.6943113194948,2026-08-06
11.75,300.0,0.631281218729776,5891.323458864673,2303.126541135328,2026-08-06
12.0,315.0,0.631281218729776,5949.414604549667,1082.2353954503324,2026-08-06
12.25,330.0,0.631281218729776,5988.029991950511,948.1800080494886,2026-08-06
12.5,345.0,0.631281218729776,5955.46786352569,-1649.9978635256894,2026-08-06
12.75,360.0,0.631281218729776,5860.954774857394,-90.55477485739448,2026-08-06
13.0,375.0,0.631281218729776,5732.019056462866,5.53094353713459,2026-08-06
13.25,390.0,0.631281218729776,5445.328533391156,-1137.6685333911564,2026-08-06
13.5,405.0,0.631281218729776,5200.797170417138,-1304.2571704171378,2026-08-06
13.75,420.0,0.631281218729776,5041.098581737778,-758.9485817377781,2026-08-06
14.0,435.0,0.631281218729776,4853.529552571915,1216.7204474280852,2026-08-06
14.25,450.0,0.631281218729776,4629.861698444854,75.56830155514672,2026-08-06
14.5,465.0,0.631281218729776,4396.845480171925,-392.6954801719253,2026-08-06
14.75,480.0,0.631281218729776,4146.070667736027,-766.7506677360266,2026-08-06
15.0,495.0,0.631281218729776,3896.004461481045,333.9955385189551,2026-08-06
15.25,510.0,0.631281218729776,3656.62933763674,-1153.3593376367398,2026-08-06
15.5,525.0,0.631281218729776,3412.8261612082865,642.6738387917135,2026-08-06
15.75,540.0,0.631281218729776,3148.4716676240823,-710.4616676240821,2026-08-06
16.0,555.0,0.631281218729776,2874.6298005521767,-328.9798005521766,2026-08-06
16.25,570.0,0.631281218729776,2580.0267338069198,-425.07673380691995,2026-08-06
16.5,585.0,0.631281218729776,2266.5917178676686,-679.3317178676687,2026-08-06
16.75,600.0,0.631281218729776,1925.4895405955483,-349.9795405955483,2026-08-06
17.0,615.0,0.631281218729776,1575.529364100813,-155.83936410081287,2026-08-06
17.25,630.0,0.631281218729776,1239.650182842928,-116.76018284292786,2026-08-06
17.5,645.0,0.631281218729776,927.0170793751264,-85.20707937512645,2026-08-06
17.75,660.0,0.631281218729776,625.6634224607141,-7.17342246071405,2026-08-06
18.0,675.0,0.631281218729776,326.80649455564634,-36.486494555646345,2026-08-06
18.25,690.0,0.631281218729776,109.60145498005076,70.54854501994924,2026-08-06
18.5,705.0,0.631281218729776,9.130774200412365,47.029225799587635,2026-08-06
18.75,720.0,0.631281218729776,0.0,4.5,2026-08-06
19.0,735.0,0.631281218729776,0.0,0.0,2026-08-06
8.5,15.0,0.45403550535407855,2216.93550448252,-243.07550448252027,2026-08-06
8.75,30.0,0.45403550535407855,2494.5250322091365,-187.93503220913635,2026-08-06
9.0,45.0,0.45403550535407855,2768.274289553989,273.9557104460109,2026-08-06
9.25,60.0,0.45403550535407855,3049.528298569528,652.5017014304722,2026-08-06
9.5,75.0,0.45403550535407855,3359.627866701621,1008.5021332983792,2026-08-06
9.75,90.0,0.45403550535407855,3673.417058397475,870.7029416025248,2026-08-06
10.0,105.0,0.45403550535407855,3980.342991383161,3290.2270086168387,2026-08-06
10.25,120.0,0.45403550535407855,4281.7132241935815,2330.8267758064185,2026-08-06
10.5,135.0,0.45403550535407855,4582.513159019512,1240.1768409804872,2026-08-06
10.75,150.0,0.45403550535407855,4763.964492325063,2409.3255076749374,2026-08-06
11.0,165.0,0.45403550535407855,4866.383411955208,2049.886588044792,2026-08-06
11.25,180.0,0.45403550535407855,4929.606241364261,876.7237586357387,2026-08-06
11.5,195.0,0.45403550535407855,4995.812438649764,2177.517561350236,2026-08-06
11.75,210.0,0.45403550535407855,5003.950429005321,3190.4995709946797,2026-08-06
12.0,225.0,0.45403550535407855,5035.882382741887,1995.7676172581123,2026-08-06
12.25,240.0,0.45403550535407855,5052.131916076383,1884.0780839236168,2026-08-06
12.5,255.0,0.45403550535407855,5005.5744203028335,-700.1044203028332,2026-08-06
12.75,270.0,0.45403550535407855,4920.1384343284135,850.2615656715861,2026-08-06
13.0,285.0,0.45403550535407855,4773.392101816057,964.157898183943,2026-08-06
13.25,300.0,0.45403550535407855,4574.719830455739,-267.05983045573885,2026-08-06
13.5,315.0,0.45403550535407855,4361.310304557261,-464.7703045572607,2026-08-06
13.75,330.0,0.45403550535407855,4207.171922173203,74.97807782679683,2026-08-06
14.0,345.0,0.45403550535407855,4061.750839214485,2008.499160785515,2026-08-06
14.25,360.0,0.45403550535407855,3877.933933343531,827.4960666564693,2026-08-06
14.5,375.0,0.45403550535407855,3680.358584057656,323.791415942344,2026-08-06
14.75,390.0,0.45403550535407855,3474.3251833054314,-95.00518330543127,2026-08-06
15.0,405.0,0.45403550535407855,3265.832472944985,964.167527055015,2026-08-06
15.25,420.0,0.45403550535407855,3060.6901372847706,-557.4201372847706,2026-08-06
15.5,435.0,0.45403550535407855,2864.0544526916115,1191.4455473083885,2026-08-06
15.75,450.0,0.45403550535407855,2660.0811893069585,-222.07118930695833,2026-08-06
16.0,465.0,0.45403550535407855,2438.01059880728,107.63940119272002,2026-08-06
16.25,480.0,0.45403550535407855,2190.249126568204,-35.299126568203974,2026-08-06
16.5,495.0,0.45403550535407855,1929.8408282336889,-342.58082823368886,2026-08-06
16.75,510.0,0.45403550535407855,1648.4881705770736,-72.97817057707357,2026-08-06
17.0,525.0,0.45403550535407855,1356.9168296625776,62.77317033742247,2026-08-06
17.25,540.0,0.45403550535407855,1072.399644167024,50.49035583297609,2026-08-06
17.5,555.0,0.45403550535407855,804.8533522365834,36.95664776341653,2026-08-06
17.75,570.0,0.45403550535407855,544.6608062659274,73.82919373407265,2026-08-06
18.0,585.0,0.45403550535407855,283.5257413662789,6.7942586337210855,2026-08-06
18.25,600.0,0.45403550535407855,95.07185549538522,85.07814450461478,2026-08-06
18.5,615.0,0.45403550535407855,7.81207654142414,48.347923458575856,2026-08-06
18.75,630.0,0.45403550535407855,0.0,4.5,2026-08-06
19.0,645.0,0.45403550535407855,0.0,0.0,2026-08-06
10.0,15.0,0.6146958400149,4873.981987630516,2396.5880123694833,2026-08-06
10.25,30.0,0.6146958400149,5212.743247790303,1399.796752209697,2026-08-06
10.5,45.0,0.6146958400149,5527.214729867589,295.4752701324105,2026-08-06
10.75,60.0,0.6146958400149,5717.008253813871,1456.2817461861287,2026-08-06
11.0,75.0,0.6146958400149,5834.186090095087,1082.0839099049135,2026-08-06
11.25,90.0,0.6146958400149,5909.246423550189,-102.91642355018939,2026-08-06
11.5,105.0,0.6146958400149,5977.700379854759,1195.6296201452406,2026-08-06
11.75,120.0,0.6146958400149,6007.91516578022,2186.5348342197804,2026-08-06
12.0,135.0,0.6146958400149,6030.848737450193,1000.8012625498068,2026-08-06
12.25,150.0,0.6146958400149,6028.585917085233,907.6240829147673,2026-08-06
12.5,165.0,0.6146958400149,5967.425060201541,-1661.9550602015406,2026-08-06
12.75,180.0,0.6146958400149,5851.854809503181,-81.45480950318142,2026-08-06
13.0,195.0,0.6146958400149,5684.519654898973,53.030345101026796,2026-08-06
13.25,210.0,0.6146958400149,5457.675938001052,-1150.0159380010518,2026-08-06
13.5,225.0,0.6146958400149,5219.7610935485045,-1323.2210935485045,2026-08-06
13.75,240.0,0.6146958400149,5019.113484602109,-736.963484602109,2026-08-06
14.0,255.0,0.6146958400149,4839.444641018406,1230.8053589815936,2026-08-06
14.25,270.0,0.6146958400149,4634.914939111902,70.51506088809856,2026-08-06
14.5,285.0,0.6146958400149,4420.135781470092,-415.9857814700922,2026-08-06
14.75,300.0,0.6146958400149,4203.600288921477,-824.2802889214768,2026-08-06
15.0,315.0,0.6146958400149,3965.863509607841,264.136490392159,2026-08-06
15.25,330.0,0.6146958400149,3713.489839765558,-1210.219839765558,2026-08-06
15.5,345.0,0.6146958400149,3462.0054971585096,593.4945028414904,2026-08-06
15.75,360.0,0.6146958400149,3209.540713497435,-771.5307134974346,2026-08-06
16.0,375.0,0.6146958400149,2934.5494757620645,-388.8994757620644,2026-08-06
16.25,390.0,0.6146958400149,2627.7319630301795,-472.78196303017967,2026-08-06
16.5,405.0,0.6146958400149,2299.39861869175,-712.13861869175,2026-08-06
16.75,420.0,0.6146958400149,1946.726314053005,-371.2163140530049,2026-08-06
17.0,435.0,0.6146958400149,1592.4407584548542,-172.75075845485412,2026-08-06
17.25,450.0,0.6146958400149,1248.3219934867975,-125.43199348679741,2026-08-06
17.5,465.0,0.6146958400149,927.8116098728716,-86.00160987287165,2026-08-06
17.75,480.0,0.6146958400149,624.2482752561565,-5.75827525615648,2026-08-06
18.0,495.0,0.6146958400149,324.5445301539298,-34.224530153929834,2026-08-06
18.25,510.0,0.6146958400149,108.4670332444434,71.6829667555566,2026-08-06
18.5,525.0,0.6146958400149,9.042861020136002,47.117138979863995,2026-08-06
18.75,540.0,0.6146958400149,0.0,4.5,2026-08-06
19.0,555.0,0.6146958400149,0.0,0.0,2026-08-06
11.5,15.0,0.8801225211447643,7436.056545220338,-262.72654522033827,2026-08-06
11.75,30.0,0.8801225211447643,7490.350251437609,704.099748562392,2026-08-06
12.0,45.0,0.8801225211447643,7529.44762712896,-497.7976271289608,2026-08-06
12.25,60.0,0.8801225211447643,7543.607899777167,-607.3978997771674,2026-08-06
12.5,75.0,0.8801225211447643,7478.110087113477,-3172.6400871134765,2026-08-06
12.75,90.0,0.8801225211447643,7328.493491830065,-1558.0934918300654,2026-08-06
13.0,105.0,0.8801225211447643,7132.5498616485775,-1394.9998616485773,2026-08-06
13.25,120.0,0.8801225211447643,6890.203659989363,-2582.543659989363,2026-08-06
13.5,135.0,0.8801225211447643,6641.993994204583,-2745.453994204583,2026-08-06
13.75,150.0,0.8801225211447643,6406.392635680149,-2124.2426356801498,2026-08-06
14.0,165.0,0.8801225211447643,6162.843441535052,-92.59344153505208,2026-08-06
14.25,180.0,0.8801225211447643,5898.91747502612,-1193.4874750261197,2026-08-06
14.5,195.0,0.8801225211447643,5613.309808335015,-1609.159808335015,2026-08-06
14.75,210.0,0.8801225211447643,5309.600971280896,-1930.2809712808962,2026-08-06
15.0,225.0,0.8801225211447643,4995.737248066121,-765.7372480661206,2026-08-06
15.25,240.0,0.8801225211447643,4681.947668689889,-2178.677668689889,2026-08-06
15.5,255.0,0.8801225211447643,4358.664745567505,-303.1647455675047,2026-08-06
15.75,270.0,0.8801225211447643,4020.250074955752,-1582.2400749557519,2026-08-06
16.0,285.0,0.8801225211447643,3685.259080201703,-1139.609080201703,2026-08-06
16.25,300.0,0.8801225211447643,3281.045764768671,-1126.095764768671,2026-08-06
16.5,315.0,0.8801225211447643,2856.2539165072694,-1268.9939165072694,2026-08-06
16.75,330.0,0.8801225211447643,2411.909215902106,-836.3992159021061,2026-08-06
17.0,345.0,0.8801225211447643,1967.0076855606692,-547.3176855606691,2026-08-06
17.25,360.0,0.8801225211447643,1537.1301233832069,-414.24012338320676,2026-08-06
17.5,375.0,0.8801225211447643,1135.7977862932555,-293.98778629325557,2026-08-06
17.75,390.0,0.8801225211447643,756.7661650450968,-138.27616504509683,2026-08-06
18.0,405.0,0.8801225211447643,392.95181724650905,-102.63181724650906,2026-08-06
18.25,420.0,0.8801225211447643,131.51654368223018,48.63345631776983,2026-08-06
18.5,435.0,0.8801225211447643,11.104620476313146,45.05537952368685,2026-08-06
18.75,450.0,0.8801225211447643,0.0,4.5,2026-08-06
19.0,465.0,0.8801225211447643,0.0,0.0,2026-08-06
13.0,15.0,0.7514924372762879,6698.522687240789,-960.9726872407891,2026-08-06
13.25,30.0,0.7514924372762879,6534.008834464489,-2226.3488344644893,2026-08-06
13.5,45.0,0.7514924372762879,6354.762865234089,-2458.222865234089,2026-08-06
13.75,60.0,0.7514924372762879,6139.027875873297,-1856.877875873297,2026-08-06
14.0,75.0,0.7514924372762879,5923.524973141805,146.72502685819472,2026-08-06
14.25,90.0,0.7514924372762879,5691.5875281847375,-986.1575281847372,2026-08-06
14.5,105.0,0.7514924372762879,5434.769723873963,-1430.6197238739628,2026-08-06
14.75,120.0,0.7514924372762879,5133.165412815543,-1753.845412815543,2026-08-06
15.0,135.0,0.7514924372762879,4825.151907355682,-595.1519073556819,2026-08-06
15.25,150.0,0.7514924372762879,4504.946659337736,-2001.6766593377356,2026-08-06
15.5,165.0,0.7514924372762879,4184.948879653343,-129.44887965334328,2026-08-06
15.75,180.0,0.7514924372762879,3873.442062606825,-1435.4320626068247,2026-08-06
16.0,195.0,0.7514924372762879,3535.927905358012,-990.277905358012,2026-08-06
16.25,210.0,0.7514924372762879,3154.9908769732324,-1000.0408769732326,2026-08-06
16.5,225.0,0.7514924372762879,2735.76332663259,-1148.5033266325902,2026-08-06
16.75,240.0,0.7514924372762879,2305.398451072409,-729.888451072409,2026-08-06
17.0,255.0,0.7514924372762879,1881.689387343612,-461.99938734361194,2026-08-06
17.25,270.0,0.7514924372762879,1473.7769208892744,-350.8869208892743,2026-08-06
17.5,285.0,0.7514924372762879,1082.6701092218077,-240.86010922180776,2026-08-06
17.75,300.0,0.7514924372762879,689.1760425199166,-70.68604251991655,2026-08-06
18.0,315.0,0.7514924372762879,358.1770310350402,-67.85703103504022,2026-08-06
18.25,330.0,0.7514924372762879,119.45263157846732,60.69736842153269,2026-08-06
18.5,345.0,0.7514924372762879,10.009058693557442,46.150941306442554,2026-08-06
18.75,360.0,0.7514924372762879,0.0,4.5,2026-08-06
19.0,375.0,0.7514924372762879,0.0,0.0,2026-08-06
14.5,15.0,0.5995398247803791,4863.499902474797,-859.3499024747966,2026-08-06
14.75,30.0,0.5995398247803791,4591.071660896375,-1211.7516608963747,2026-08-06
15.0,45.0,0.5995398247803791,4297.451989514344,-67.45198951434395,2026-08-06
15.25,60.0,0.5995398247803791,3996.699091741736,-1493.429091741736,2026-08-06
15.5,75.0,0.5995398247803791,3693.667159754806,361.8328402451939,2026-08-06
15.75,90.0,0.5995398247803791,3415.712775658991,-977.702775658991,2026-08-06
16.0,105.0,0.5995398247803791,3137.5224191489483,-591.8724191489482,2026-08-06
16.25,120.0,0.5995398247803791,2797.4117588897216,-642.4617588897218,2026-08-06
16.5,135.0,0.5995398247803791,2422.0426525862304,-834.7826525862304,2026-08-06
16.75,150.0,0.5995398247803791,2040.931939207742,-465.42193920774207,2026-08-06
17.0,165.0,0.5995398247803791,1664.822935153724,-245.13293515372402,2026-08-06
17.25,180.0,0.5995398247803791,1307.523386236927,-184.63338623692698,2026-08-06
17.5,195.0,0.5995398247803791,965.2456146324906,-123.43561463249068,2026-08-06
17.75,210.0,0.5995398247803791,615.1948771979327,3.2951228020673398,2026-08-06
18.0,225.0,0.5995398247803791,319.5931423223905,-29.273142322390527,2026-08-06
18.25,240.0,0.5995398247803791,106.78849097687538,73.36150902312463,2026-08-06
18.5,255.0,0.5995398247803791,8.861166133461587,47.29883386653841,2026-08-06
18.75,270.0,0.5995398247803791,0.0,4.5,2026-08-06
19.0,285.0,0.5995398247803791,0.0,0.0,2026-08-06
16.0,15.0,0.5763143030222092,2938.741114901381,-393.09111490138093,2026-08-06
16.25,30.0,0.5763143030222092,2644.386412005765,-489.4364120057653,2026-08-06
16.5,45.0,0.5763143030222092,2322.434472890774,-735.174472890774,2026-08-06
16.75,60.0,0.5763143030222092,1975.037197138982,-399.52719713898205,2026-08-06
17.0,75.0,0.5763143030222092,1615.773475362798,-196.08347536279803,2026-08-06
17.25,90.0,0.5763143030222092,1273.4879457620832,-150.5979457620831,2026-08-06
17.5,105.0,0.5763143030222092,943.6650550606385,-101.8550550606385,2026-08-06
17.75,120.0,0.5763143030222092,601.6943347138316,16.7956652861684,2026-08-06
18.0,135.0,0.5763143030222092,312.3512584707518,-22.031258470751823,2026-08-06
18.25,150.0,0.5763143030222092,103.96215601975716,76.18784398024285,2026-08-06
18.5,165.0,0.5763143030222092,8.611355716318831,47.54864428368116,2026-08-06
18.75,180.0,0.5763143030222092,0.0,4.5,2026-08-06
19.0,195.0,0.5763143030222092,0.0,0.0,2026-08-06
17.5,15.0,0.5081157868488673,869.5759865470216,-27.765986547021612,2026-08-06
17.75,30.0,0.5081157868488673,555.8953243140006,62.59467568599939,2026-08-06
18.0,45.0,0.5081157868488673,289.5983088627133,0.7216911372867116,2026-08-06
18.25,60.0,0.5081157868488673,96.65658242238322,83.49341757761678,2026-08-06
18.5,75.0,0.5081157868488673,7.9757684460312515,48.18423155396874,2026-08-06
18.75,90.0,0.5081157868488673,0.0,4.5,2026-08-06
19.0,105.0,0.5081157868488673,0.0,0.0,2026-08-06
