timestamp,active_power_kw,ac_active_output_power_kw_blk-b:inv3,dc_power_kw_blk-b:inv3,ac_active_output_power_kw_blk-b:inv4,dc_power_kw_blk-b:inv4,ac_active_output_power_kw_blk-a:inv1,dc_power_kw_blk-a:inv1,ac_active_output_power_kw_blk-a:inv2,dc_power_kw_blk-a:inv2,mod_temp,amb_temp,poa_w_m2,ghi_w_m2,plant_cuf,temp_co_pr,is_real_measurement,hour,minute,day,month,weekday,power_lag_1,power_lag_2,rolling_mean_3,rolling_std_3,is_daylight,is_morning,is_afternoon
2026-07-01 00:15:00,0.0,0.0,0.0,0.0,0.0,0.0,0.0,0.0,0.0,26.34,26.34,0.42,0.42,0.0,0.0,True,0,15,1,7,2,0.0,0.0,0.0,0.0,0,1,0
2026-07-01 00:30:00,0.0,0.0,0.0,0.0,0.0,0.0,0.0,0.0,0.0,26.51,26.51,0.45,0.45,0.0,0.0,True,0,30,1,7,2,0.0,0.0,0.0,0.0,0,1,0
2026-07-01 00:45:00,0.0,0.0,0.0,0.0,0.0,0.0,0.0,0.0,0.0,26.55,26.61,0.4,0.45,0.0,0.0,True,0,45,1,7,2,0.0,0.0,0.0,0.0,0,1,0
2026-07-01 01:00:00,0.0,0.0,0.0,0.0,0.0,0.0,0.0,0.0,0.0,25.97,25.93,0.44,0.48,0.0,0.0,True,1,0,1,7,2,0.0,0.0,0.0,0.0,0,1,0
2026-07-01 01:15:00,0.0,0.0,0.0,0.0,0.0,0.0,0.0,0.0,0.0,26.19,26.24,0.21,0.35,0.0,0.0,True,1,15,1,7,2,0.0,0.0,0.0,0.0,0,1,0
2026-07-01 01:30:00,0.0,0.0,0.0,0.0,0.0,0.0,0.0,0.0,0.0,26.11,26.11,0.28,0.4,0.0,0.0,True,1,30,1,7,2,0.0,0.0,0.0,0.0,0,1,0
2026-07-01 01:45:00,0.0,0.0,0.0,0.0,0.0,0.0,0.0,0.0,0.0,25.71,25.71,0.4,0.5,0.0,0.0,True,1,45,1,7,2,0.0,0.0,0.0,0.0,0,1,0
2026-07-01 02:00:00,0.0,0.0,0.0,0.0,0.0,0.0,0.0,0.0,0.0,26.28,26.32,0.35,0.48,0.0,0.0,True,2,0,1,7,2,0.0,0.0,0.0,0.0,0,1,0
2026-07-01 02:15:00,0.0,0.0,0.0,0.0,0.0,0.0,0.0,0.0,0.0,26.57,26.6,0.42,0.53,0.0,0.0,True,2,15,1,7,2,0.0,0.0,0.0,0.0,0,1,0
2026-07-01 02:30:00,0.0,0.0,0.0,0.0,0.0,0.0,0.0,0.0,0.0,26.11,26.12,0.36,0.47,0.0,0.0,True,2,30,1,7,2,0.0,0.0,0.0,0.0,0,1,0
2026-07-01 02:45:00,0.0,0.0,0.0,0.0,0.0,0.0,0.0,0.0,0.0,26.44,26.5,0.32,0.45,0.0,0.0,True,2,45,1,7,2,0.0,0.0,0.0,0.0,0,1,0
2026-07-01 03:00:00,0.0,0.0,0.0,0.0,0.0,0.0,0.0,0.0,0.0,26.69,26.79,0.41,0.52,0.0,0.0,True,3,0,1,7,2,0.0,0.0,0.0,0.0,0,1,0
2026-07-01 03:15:00,0.0,0.0,0.0,0.0,0.0,0.0,0.0,0.0,0.0,26.55,26.53,0.38,0.5,0.0,0.0,True,3,15,1,7,2,0.0,0.0,0.0,0.0,0,1,0
2026-07-01 03:30:00,0.0,0.0,0.0,0.0,0.0,0.0,0.0,0.0,0.0,26.49,26.59,0.3,0.45,0.0,0.0,True,3,30,1,7,2,0.0,0.0,0.0,0.0,0,1,0
2026-07-01 03:45:00,0.0,0.0,0.0,0.0,0.0,0.0,0.0,0.0,0.0,26.5,26.53,0.36,0.46,0.0,0.0,True,3,45,1,7,2,0.0,0.0,0.0,0.0,0,1,0
2026-07-01 04:00:00,0.0,0.0,0.0,0.0,0.0,0.0,0.0,0.0,0.0,26.51,26.56,0.34,0.46,0.0,0.0,True,4,0,1,7,2,0.0,0.0,0.0,0.0,0,1,0
2026-07-01 04:15:00,0.0,0.0,0.0,0.0,0.0,0.0,0.0,0.0,0.0,26.47,26.49,0.35,0.46,0.0,0.0,True,4,15,1,7,2,0.0,0.0,0.0,0.0,0,1,0
2026-07-01 04:30:00,0.0,0.0,0.0,0.0,0.0,0.0,0.0,0.0,0.0,26.44,26.45,0.34,0.47,0.0,0.0,True,4,30,1,7,2,0.0,0.0,0.0,0.0,0,1,0
2026-07-01 04:45:00,0.0,0.0,0.0,0.0,0.0,0.0,0.0,0.0,0.0,26.44,26.49,0.31,0.45,0.0,0.0,True,4,45,1,7,2,0.0,0.0,0.0,0.0,0,1,0
2026-07-01 05:00:00,0.0,0.0,0.0,0.0,0.0,0.0,0.0,0.0,0.0,25.94,25.82,0.24,0.36,0.0,0.0,True,5,0,1,7,2,0.0,0.0,0.0,0.0,0,1,0
2026-07-01 05:15:00,0.0,0.0,0.0,0.0,0.0,0.0,0.0,0.0,0.0,26.29,26.31,0.25,0.39,0.0,0.0,True,5,15,1,7,2,0.0,0.0,0.0,0.0,0,1,0
2026-07-01 05:30:00,0.0,0.0,0.0,0.0,0.0,0.0,0.0,0.0,0.0,25.66,25.55,0.3,0.4,0.0,0.0,True,5,30,1,7,2,0.0,0.0,0.0,0.0,0,1,0
2026-07-01 05:45:00,0.0,0.0,0.0,0.0,0.0,0.0,0.0,0.0,0.0,26.7,26.76,0.64,0.53,0.0,0.0,True,5,45,1,7,2,0.0,0.0,0.0,0.0,0,1,0
2026-07-01 06:00:00,0.0,0.0,0.0,0.0,0.0,0.0,0.0,0.0,0.0,26.49,26.5,3.87,3.41,0.0,0.0,True,6,0,1,7,2,0.0,0.0,0.0,0.0,0,1,0
2026-07-01 06:15:00,12.8,0.0,0.0,1.72,1.78,0.0,0.0,0.0,0.0,26.71,26.64,9.21,8.67,0.0,12.72,True,6,15,1,7,2,0.0,0.0,4.266666666666667,7.39008344562721,0,1,0
2026-07-01 06:30:00,75.73,42.58,43.91,46.0,47.42,0.0,0.0,0.0,0.0,26.64,26.45,20.25,19.62,0.01,34.21,True,6,30,1,7,2,12.8,0.0,29.51,40.53611106162011,0,1,0
2026-07-01 06:45:00,268.42,86.71,88.97,90.32,92.61,76.2,78.17,27.53,28.18,26.83,26.82,36.84,35.83,0.04,66.69,True,6,45,1,7,2,75.73,12.8,118.98333333333335,133.186088738026,1,1,0
2026-07-01 07:00:00,532.74,135.41,138.06,141.18,143.9,134.64,137.28,135.77,138.42,26.74,26.74,55.61,54.19,0.09,87.66,True,7,0,1,7,2,268.42,75.73,292.2966666666667,229.43867684706808,1,1,0
2026-07-01 07:15:00,792.89,199.37,202.9,206.63,210.99,197.67,201.87,199.05,203.27,28.43,28.53,77.27,75.65,0.17,94.54,True,7,15,1,7,2,532.74,268.42,531.35,262.23776291754774,1,1,0
2026-07-01 07:30:00,1019.49,254.92,259.15,264.12,269.27,252.69,257.73,254.36,259.41,27.98,27.89,100.18,98.3,0.28,93.59,True,7,30,1,7,2,792.89,532.74,781.7066666666666,243.56763092277532,1,1,0
2026-07-01 07:45:00,1167.39,290.23,295.02,298.45,304.11,292.24,297.8,291.62,297.18,28.68,28.65,121.07,119.8,0.4,88.92,True,7,45,1,7,2,1019.49,792.89,993.2566666666668,188.623178144504,1,1,0
2026-07-01 08:00:00,1257.01,311.85,316.96,316.9,322.82,318.67,324.62,316.07,321.98,30.28,30.2,131.11,130.19,0.53,89.0,True,8,0,1,7,2,1167.39,1019.49,1147.9633333333334,119.94575496170451,1,1,0
2026-07-01 08:15:00,1758.35,437.39,444.52,453.64,461.35,434.08,441.56,437.84,445.37,31.8,31.95,174.43,170.86,0.71,94.16,True,8,15,1,7,2,1257.01,1167.39,1394.25,318.4879018110419,1,1,0
2026-07-01 08:30:00,2098.79,521.73,530.51,543.05,552.01,518.14,526.7,521.7,530.31,33.42,33.84,216.47,211.49,0.93,91.17,True,8,30,1,7,2,1758.35,1257.01,1704.7166666666665,423.44514749059687,1,1,0
2026-07-01 08:45:00,2718.84,679.01,691.63,694.94,706.43,701.81,713.43,700.1,711.7,34.88,35.39,270.88,267.39,1.19,94.96,True,8,45,1,7,2,2098.79,1758.35,2191.9933333333333,486.98090931096425,1,1,0
2026-07-01 09:00:00,4530.91,1122.17,1146.98,1168.16,1188.42,1101.66,1120.52,1122.63,1141.89,39.84,40.42,492.92,491.91,1.67,88.79,True,9,0,1,7,2,2718.84,2098.79,3116.18,1263.8082252857828,1,1,0
2026-07-01 09:15:00,3365.19,825.85,842.26,888.23,903.03,854.24,868.5,857.07,871.49,40.39,40.97,400.11,391.42,2.04,81.44,True,9,15,1,7,2,4530.91,2718.84,3538.3133333333335,918.3562422248424,1,1,0
2026-07-01 09:30:00,4184.09,960.74,980.86,1044.18,1062.4,1072.09,1090.89,1028.16,1046.1,40.13,40.98,440.17,444.05,2.45,91.94,True,9,30,1,7,2,3365.19,4530.91,4026.73,598.5794907946646,1,1,0
2026-07-01 09:45:00,6036.43,1327.65,1358.21,1600.73,1632.23,1452.18,1479.58,1620.43,1652.39,43.95,44.81,684.18,671.68,3.07,86.75,True,9,45,1,7,2,4184.09,3365.19,4528.570000000001,1368.5322930789757,1,1,0
2026-07-01 10:00:00,4673.84,1071.7,1094.88,1279.59,1303.33,1218.08,1240.36,1189.5,1211.15,44.73,45.78,507.26,507.89,3.56,90.9,True,10,0,1,7,2,6036.43,4184.09,4964.786666666667,959.8324546676531,1,1,0
2026-07-01 10:15:00,7044.77,1361.08,1392.53,1883.16,1922.65,1879.34,1918.39,1929.65,1970.25,48.74,49.77,963.37,968.56,4.3,73.42,True,10,15,1,7,2,4673.84,6036.43,5918.346666666667,1189.8676487043965,1,1,0
2026-07-01 10:30:00,4226.54,1058.28,1081.15,1143.56,1163.32,998.11,1014.8,1045.82,1063.48,44.43,45.27,451.56,444.13,4.74,92.22,True,10,30,1,7,2,7044.77,4673.84,5315.05,1514.585019502041,1,1,0
2026-07-01 10:45:00,3542.77,872.67,890.08,911.54,926.49,881.67,896.05,885.88,900.33,40.68,41.79,366.99,361.45,5.11,93.59,True,10,45,1,7,2,4226.54,7044.77,4938.026666666667,1856.2491636720897,1,1,0
2026-07-01 11:00:00,4303.15,1053.17,1075.88,1092.92,1111.51,1080.96,1099.3,1082.51,1100.89,41.46,42.05,437.26,431.4,5.55,95.73,True,11,0,1,7,2,3542.77,4226.54,4024.153333333333,418.6462805678955,1,1,0
2026-07-01 11:15:00,5195.98,1254.72,1283.32,1375.67,1400.79,1284.32,1307.25,1290.72,1313.76,43.05,43.8,550.65,545.0,6.09,92.42,True,11,15,1,7,2,4303.15,3542.77,4347.299999999999,827.4888173866756,1,1,0
2026-07-01 11:30:00,6339.41,1300.01,1329.68,1714.75,1749.27,1636.86,1669.37,1650.11,1682.89,47.29,47.8,793.21,784.99,6.75,79.73,True,11,30,1,7,2,5195.98,4303.15,5279.513333333332,1020.6968503102827,1,1,0
2026-07-01 11:45:00,5371.39,1270.42,1299.41,1408.81,1434.9,1375.49,1400.66,1335.34,1359.49,46.45,46.67,591.15,585.59,7.31,90.31,True,11,45,1,7,2,6339.41,5195.98,5635.593333333333,615.8007731672079,1,1,0
2026-07-01 12:00:00,4318.81,1055.4,1078.14,1107.47,1126.55,1092.84,1111.56,1078.45,1096.87,46.89,47.49,497.4,492.93,7.77,86.47,True,12,0,1,7,2,5371.39,6339.41,5343.203333333334,1010.5948526156908,1,0,1
2026-07-01 12:15:00,4389.57,1083.18,1106.77,1148.08,1167.81,1073.67,1091.86,1088.31,1106.8,43.43,43.38,454.44,448.22,8.22,94.76,True,12,15,1,7,2,4318.81,5371.39,4693.256666666667,588.345440819702,1,0,1
2026-07-01 12:30:00,4486.34,1106.58,1130.85,1177.15,1197.61,1095.11,1113.8,1113.66,1132.74,42.56,42.88,459.77,452.19,8.69,95.36,True,12,30,1,7,2,4389.57,4318.81,4398.240000000001,84.1008436342665,1,0,1
2026-07-01 12:45:00,5047.16,1241.33,1269.73,1316.88,1340.39,1240.62,1262.39,1253.58,1275.62,44.62,44.63,536.25,529.55,9.21,92.81,True,12,45,1,7,2,4486.34,4389.57,4641.0233333333335,355.0371138815344,1,0,1
2026-07-01 13:00:00,4207.05,1040.66,1063.04,1104.84,1123.74,1026.11,1043.36,1045.49,1063.13,44.06,44.13,457.6,452.2,9.66,90.44,True,13,0,1,7,2,5047.16,4486.34,4580.183333333333,427.8447515551984,1,0,1
2026-07-01 13:15:00,3564.39,880.69,898.34,922.6,937.77,884.27,898.7,894.16,908.77,41.36,41.3,367.73,364.13,10.03,94.25,True,13,15,1,7,2,4207.05,5047.16,4272.866666666666,743.5728568427769,1,0,1
2026-07-01 13:30:00,3688.81,905.44,923.81,957.66,973.52,913.34,928.34,920.06,935.19,40.53,40.48,381.76,378.41,10.41,93.62,True,13,30,1,7,2,3564.39,4207.05,3820.0833333333335,340.84818458270814,1,0,1
2026-07-01 13:45:00,4337.17,1064.33,1087.33,1108.86,1127.76,1084.26,1102.65,1087.25,1105.71,41.86,41.8,455.38,452.3,10.86,92.8,True,13,45,1,7,2,3688.81,3564.39,3863.4566666666665,414.9377371767095,1,0,1
2026-07-01 14:00:00,3756.67,930.41,949.62,994.84,1011.54,901.26,916.24,927.86,943.33,42.78,43.01,399.18,391.11,11.26,92.06,True,14,0,1,7,2,4337.17,3688.81,3927.5499999999997,356.3602856660586,1,0,1
2026-07-01 14:15:00,3078.9,759.54,773.92,806.4,819.41,756.57,768.86,761.91,774.27,39.88,40.23,305.14,301.15,11.57,97.49,True,14,15,1,7,2,3756.67,4337.17,3724.2466666666664,629.7613060782056,1,0,1
2026-07-01 14:30:00,3508.54,870.32,887.72,926.0,941.25,845.79,859.56,868.58,882.75,40.46,41.02,380.48,375.82,11.94,89.32,True,14,30,1,7,2,3078.9,3756.67,3448.0366666666664,342.9118446967476,1,0,1
2026-07-01 14:45:00,2437.83,600.51,611.03,633.75,644.08,603.73,613.57,606.83,616.73,38.19,38.52,252.83,247.68,12.2,92.5,True,14,45,1,7,2,3508.54,3078.9,3008.4233333333327,538.8229731863007,1,0,1
2026-07-01 15:00:00,2981.79,730.46,744.01,756.03,768.07,750.58,762.52,746.79,758.68,37.53,37.81,311.9,308.03,12.51,91.45,True,15,0,1,7,2,2437.83,3508.54,2976.0533333333333,535.3780515050321,1,0,1
2026-07-01 15:15:00,2733.43,671.6,683.67,694.94,706.17,685.32,696.43,685.83,696.95,37.23,37.36,284.47,283.89,12.79,91.8,True,15,15,1,7,2,2981.79,2437.83,2717.683333333333,272.32166372384717,1,0,1
2026-07-01 15:30:00,2529.67,621.24,632.1,645.0,655.59,635.05,645.51,632.99,643.42,36.99,37.23,261.41,260.32,13.06,92.36,True,15,30,1,7,2,2733.43,2981.79,2748.2966666666666,226.42633886834832,1,0,1
2026-07-01 15:45:00,2443.65,602.77,613.24,631.07,641.46,605.6,615.6,608.93,618.99,36.67,37.12,250.04,247.42,13.31,93.15,True,15,45,1,7,2,2529.67,2733.43,2568.916666666666,148.82317606247872,1,0,1
2026-07-01 16:00:00,2079.8,511.65,520.23,534.05,542.86,515.33,523.86,516.69,525.23,36.24,36.67,213.65,210.56,13.52,92.62,True,16,0,1,7,2,2443.65,2529.67,2351.0399999999995,238.80580667142397,1,0,1
2026-07-01 16:15:00,2322.09,572.19,582.02,596.27,606.12,578.26,587.8,579.4,588.97,36.77,37.37,242.18,239.16,13.77,91.43,True,16,15,1,7,2,2079.8,2443.65,2281.8466666666664,185.23323144976615,1,0,1
2026-07-01 16:30:00,1964.76,484.95,493.02,503.18,511.62,490.28,498.55,491.58,499.86,36.93,37.42,212.16,210.32,13.97,88.37,True,16,30,1,7,2,2322.09,2079.8,2122.2166666666667,182.40219963948417,1,0,1
2026-07-01 16:45:00,1216.37,302.74,307.7,316.24,322.15,298.92,304.59,302.45,308.18,35.36,35.74,128.61,125.9,14.1,89.66,True,16,45,1,7,2,1964.76,2322.09,1834.406666666666,564.2678204836081,1,0,1
2026-07-01 17:00:00,819.49,204.26,207.85,210.87,215.72,204.27,209.09,204.93,209.75,33.88,34.15,85.83,84.59,14.19,89.95,True,17,0,1,7,2,1216.37,1964.76,1333.5399999999997,581.5560591206889,1,0,1
2026-07-01 17:15:00,765.48,190.98,194.4,196.84,201.61,192.44,197.19,191.91,196.65,33.27,33.51,81.16,80.36,14.27,88.63,True,17,15,1,7,2,819.49,1216.37,933.7799999999997,246.21555820050213,1,0,1
2026-07-01 17:30:00,674.22,169.27,172.39,173.73,178.3,168.92,173.43,169.22,173.74,32.91,33.15,72.63,71.78,14.34,87.11,True,17,30,1,7,2,765.48,819.49,753.063333333333,73.42665342583444,1,0,1
2026-07-01 17:45:00,519.57,130.85,133.41,132.93,136.91,132.27,136.24,131.39,135.35,32.16,32.28,57.76,57.45,14.4,84.15,True,17,45,1,7,2,674.22,765.48,653.0899999999997,124.3092502591176,1,0,1
2026-07-01 18:00:00,381.07,97.73,100.1,99.39,102.47,97.27,100.29,97.05,100.06,31.68,32.04,44.52,43.88,14.44,79.92,True,18,0,1,7,2,519.57,674.22,524.953333333333,146.6491248978897,1,0,1
2026-07-01 18:15:00,246.12,65.12,67.05,66.25,68.34,62.63,64.61,63.16,65.15,30.98,30.97,29.39,28.13,14.46,77.97,True,18,15,1,7,2,381.07,519.57,382.25333333333305,136.72884053233383,1,0,1
2026-07-01 18:30:00,65.46,20.62,21.28,20.17,20.86,18.75,19.4,18.86,19.51,30.48,30.43,11.51,11.13,14.47,52.82,True,18,30,1,7,2,246.12,381.07,230.883333333333,158.35572308355597,0,0,1
2026-07-01 18:45:00,11.57,1.93,2.0,1.81,1.88,1.31,1.38,1.3,1.37,29.92,29.9,2.11,1.85,14.47,32.18,True,18,45,1,7,2,65.46,246.12,107.71666666666636,122.85212669431263,0,0,1
2026-07-01 19:00:00,0.0,0.0,0.0,0.0,0.0,0.0,0.0,0.0,0.0,29.87,29.93,0.31,0.29,14.47,0.0,True,19,0,1,7,2,11.57,65.46,25.676666666666364,34.935675652764445,0,0,1
2026-07-01 19:15:00,0.0,0.0,0.0,0.0,0.0,0.0,0.0,0.0,0.0,27.52,27.34,0.21,0.29,14.47,0.0,True,19,15,1,7,2,0.0,11.57,3.8566666666663636,6.6799426131580075,0,0,1
2026-07-01 19:30:00,0.0,0.0,0.0,0.0,0.0,0.0,0.0,0.0,0.0,26.99,26.91,0.16,0.29,14.47,0.0,True,19,30,1,7,2,0.0,0.0,0.0,0.0,0,0,1
2026-07-01 19:45:00,0.0,0.0,0.0,0.0,0.0,0.0,0.0,0.0,0.0,27.58,27.61,0.19,0.34,14.47,0.0,True,19,45,1,7,2,0.0,0.0,0.0,0.0,0,0,1
2026-07-01 20:00:00,0.0,0.0,0.0,0.0,0.0,0.0,0.0,0.0,0.0,27.37,27.35,0.26,0.36,14.47,0.0,True,20,0,1,7,2,0.0,0.0,0.0,0.0,0,0,1
2026-07-01 20:15:00,0.0,0.0,0.0,0.0,0.0,0.0,0.0,0.0,0.0,27.12,27.04,0.22,0.33,14.47,0.0,True,20,15,1,7,2,0.0,0.0,0.0,0.0,0,0,1
2026-07-01 20:30:00,0.0,0.0,0.0,0.0,0.0,0.0,0.0,0.0,0.0,27.46,27.47,0.22,0.36,14.47,0.0,True,20,30,1,7,2,0.0,0.0,0.0,0.0,0,0,1
2026-07-01 20:45:00,0.0,0.0,0.0,0.0,0.0,0.0,0.0,0.0,0.0,27.77,27.67,0.31,0.37,14.47,0.0,True,20,45,1,7,2,0.0,0.0,0.0,0.0,0,0,1
2026-07-01 21:00:00,0.0,0.0,0.0,0.0,0.0,0.0,0.0,0.0,0.0,28.18,28.04,0.34,0.37,14.47,0.0,True,21,0,1,7,2,0.0,0.0,0.0,0.0,0,0,1
2026-07-01 21:15:00,0.0,0.0,0.0,0.0,0.0,0.0,0.0,0.0,0.0,28.05,28.01,0.31,0.37,14.47,0.0,True,21,15,1,7,2,0.0,0.0,0.0,0.0,0,0,1
2026-07-01 21:30:00,0.0,0.0,0.0,0.0,0.0,0.0,0.0,0.0,0.0,28.38,28.45,0.19,0.32,14.47,0.0,True,21,30,1,7,2,0.0,0.0,0.0,0.0,0,0,1
2026-07-01 21:45:00,0.0,0.0,0.0,0.0,0.0,0.0,0.0,0.0,0.0,28.61,28.66,0.26,0.35,14.47,0.0,True,21,45,1,7,2,0.0,0.0,0.0,0.0,0,0,1
2026-07-01 22:00:00,0.0,0.0,0.0,0.0,0.0,0.0,0.0,0.0,0.0,28.61,28.65,0.22,0.35,14.47,0.0,True,22,0,1,7,2,0.0,0.0,0.0,0.0,0,0,1
2026-07-01 22:15:00,0.0,0.0,0.0,0.0,0.0,0.0,0.0,0.0,0.0,28.49,28.51,0.27,0.35,14.47,0.0,True,22,15,1,7,2,0.0,0.0,0.0,0.0,0,0,1
2026-07-01 22:30:00,0.0,0.0,0.0,0.0,0.0,0.0,0.0,0.0,0.0,28.37,28.33,0.26,0.36,14.47,0.0,True,22,30,1,7,2,0.0,0.0,0.0,0.0,0,0,1
2026-07-01 22:45:00,0.0,0.0,0.0,0.0,0.0,0.0,0.0,0.0,0.0,28.3,28.31,0.31,0.36,14.47,0.0,True,22,45,1,7,2,0.0,0.0,0.0,0.0,0,0,1
2026-07-01 23:00:00,0.0,0.0,0.0,0.0,0.0,0.0,0.0,0.0,0.0,28.41,28.41,0.23,0.33,14.47,0.0,True,23,0,1,7,2,0.0,0.0,0.0,0.0,0,0,1
2026-07-01 23:15:00,0.0,0.0,0.0,0.0,0.0,0.0,0.0,0.0,0.0,28.61,28.65,0.33,0.37,14.47,0.0,True,23,15,1,7,2,0.0,0.0,0.0,0.0,0,0,1
2026-07-01 23:30:00,0.0,0.0,0.0,0.0,0.0,0.0,0.0,0.0,0.0,28.61,28.67,0.2,0.33,14.47,0.0,True,23,30,1,7,2,0.0,0.0,0.0,0.0,0,0,1
2026-07-01 23:45:00,0.0,0.0,0.0,0.0,0.0,0.0,0.0,0.0,0.0,28.14,28.21,0.26,0.34,14.47,0.0,True,23,45,1,7,2,0.0,0.0,0.0,0.0,0,0,1
2026-07-02 00:15:00,0.0,0.0,0.0,0.0,0.0,0.0,0.0,0.0,0.0,27.48,27.45,0.35,0.36,0.0,0.0,True,0,15,2,7,3,0.0,0.0,0.0,0.0,0,1,0
2026-07-02 00:30:00,0.0,0.0,0.0,0.0,0.0,0.0,0.0,0.0,0.0,27.58,27.68,0.3,0.38,0.0,0.0,True,0,30,2,7,3,0.0,0.0,0.0,0.0,0,1,0
2026-07-02 00:45:00,0.0,0.0,0.0,0.0,0.0,0.0,0.0,0.0,0.0,27.66,27.7,0.35,0.38,0.0,0.0,True,0,45,2,7,3,0.0,0.0,0.0,0.0,0,1,0
2026-07-02 01:00:00,0.0,0.0,0.0,0.0,0.0,0.0,0.0,0.0,0.0,28.02,28.03,0.37,0.39,0.0,0.0,True,1,0,2,7,3,0.0,0.0,0.0,0.0,0,1,0
2026-07-02 01:15:00,0.0,0.0,0.0,0.0,0.0,0.0,0.0,0.0,0.0,27.86,27.84,0.26,0.35,0.0,0.0,True,1,15,2,7,3,0.0,0.0,0.0,0.0,0,1,0
2026-07-02 01:30:00,0.0,0.0,0.0,0.0,0.0,0.0,0.0,0.0,0.0,28.32,28.37,0.36,0.38,0.0,0.0,True,1,30,2,7,3,0.0,0.0,0.0,0.0,0,1,0
2026-07-02 01:45:00,0.0,0.0,0.0,0.0,0.0,0.0,0.0,0.0,0.0,27.99,27.95,0.3,0.36,0.0,0.0,True,1,45,2,7,3,0.0,0.0,0.0,0.0,0,1,0
2026-07-02 02:00:00,0.0,0.0,0.0,0.0,0.0,0.0,0.0,0.0,0.0,27.52,27.52,0.31,0.37,0.0,0.0,True,2,0,2,7,3,0.0,0.0,0.0,0.0,0,1,0
2026-07-02 02:15:00,0.0,0.0,0.0,0.0,0.0,0.0,0.0,0.0,0.0,27.61,27.64,0.3,0.36,0.0,0.0,True,2,15,2,7,3,0.0,0.0,0.0,0.0,0,1,0
2026-07-02 02:30:00,0.0,0.0,0.0,0.0,0.0,0.0,0.0,0.0,0.0,28.03,28.16,0.36,0.38,0.0,0.0,True,2,30,2,7,3,0.0,0.0,0.0,0.0,0,1,0
2026-07-02 02:45:00,0.0,0.0,0.0,0.0,0.0,0.0,0.0,0.0,0.0,27.08,27.08,0.33,0.37,0.0,0.0,True,2,45,2,7,3,0.0,0.0,0.0,0.0,0,1,0
2026-07-02 03:00:00,0.0,0.0,0.0,0.0,0.0,0.0,0.0,0.0,0.0,26.29,26.24,0.34,0.38,0.0,0.0,True,3,0,2,7,3,0.0,0.0,0.0,0.0,0,1,0
2026-07-02 03:15:00,0.0,0.0,0.0,0.0,0.0,0.0,0.0,0.0,0.0,26.07,25.95,0.35,0.37,0.0,0.0,True,3,15,2,7,3,0.0,0.0,0.0,0.0,0,1,0
2026-07-02 03:30:00,0.0,0.0,0.0,0.0,0.0,0.0,0.0,0.0,0.0,27.03,27.1,0.32,0.38,0.0,0.0,True,3,30,2,7,3,0.0,0.0,0.0,0.0,0,1,0
2026-07-02 03:45:00,0.0,0.0,0.0,0.0,0.0,0.0,0.0,0.0,0.0,26.41,26.38,0.36,0.39,0.0,0.0,True,3,45,2,7,3,0.0,0.0,0.0,0.0,0,1,0
2026-07-02 04:00:00,0.0,0.0,0.0,0.0,0.0,0.0,0.0,0.0,0.0,26.01,25.98,0.37,0.39,0.0,0.0,True,4,0,2,7,3,0.0,0.0,0.0,0.0,0,1,0
2026-07-02 04:15:00,0.0,0.0,0.0,0.0,0.0,0.0,0.0,0.0,0.0,26.76,26.83,0.28,0.38,0.0,0.0,True,4,15,2,7,3,0.0,0.0,0.0,0.0,0,1,0
2026-07-02 04:30:00,0.0,0.0,0.0,0.0,0.0,0.0,0.0,0.0,0.0,26.81,26.85,0.3,0.38,0.0,0.0,True,4,30,2,7,3,0.0,0.0,0.0,0.0,0,1,0
2026-07-02 04:45:00,0.0,0.0,0.0,0.0,0.0,0.0,0.0,0.0,0.0,26.03,25.94,0.38,0.39,0.0,0.0,True,4,45,2,7,3,0.0,0.0,0.0,0.0,0,1,0
2026-07-02 05:00:00,0.0,0.0,0.0,0.0,0.0,0.0,0.0,0.0,0.0,26.86,26.87,0.39,0.4,0.0,0.0,True,5,0,2,7,3,0.0,0.0,0.0,0.0,0,1,0
2026-07-02 05:15:00,0.0,0.0,0.0,0.0,0.0,0.0,0.0,0.0,0.0,27.28,27.33,0.36,0.39,0.0,0.0,True,5,15,2,7,3,0.0,0.0,0.0,0.0,0,1,0
2026-07-02 05:30:00,0.0,0.0,0.0,0.0,0.0,0.0,0.0,0.0,0.0,27.29,27.33,0.29,0.37,0.0,0.0,True,5,30,2,7,3,0.0,0.0,0.0,0.0,0,1,0
2026-07-02 05:45:00,0.0,0.0,0.0,0.0,0.0,0.0,0.0,0.0,0.0,27.26,27.31,0.63,0.42,0.0,0.0,True,5,45,2,7,3,0.0,0.0,0.0,0.0,0,1,0
2026-07-02 06:00:00,0.0,0.0,0.0,0.0,0.0,0.0,0.0,0.0,0.0,27.16,27.17,2.44,1.73,0.0,0.0,True,6,0,2,7,3,0.0,0.0,0.0,0.0,0,1,0
2026-07-02 06:15:00,15.17,0.0,0.0,0.0,0.0,6.71,6.93,8.48,8.76,26.86,26.9,4.76,4.12,0.0,29.19,True,6,15,2,7,3,0.0,0.0,5.056666666666667,8.758403583606622,0,1,0
2026-07-02 06:30:00,59.47,14.2,14.65,15.47,15.96,21.46,22.15,21.07,21.75,26.91,26.93,10.67,10.03,0.0,51.04,True,6,30,2,7,3,15.17,0.0,24.88,30.901186061379587,0,1,0
2026-07-02 06:45:00,116.52,31.35,32.34,31.67,32.66,32.35,33.37,32.11,33.12,27.51,27.57,15.43,14.79,0.01,69.32,True,6,45,2,7,3,59.47,15.17,63.72,50.808488464035214,0,1,0
2026-07-02 07:00:00,170.26,45.31,46.72,45.72,47.14,46.78,48.24,46.52,47.96,27.5,27.53,21.06,20.39,0.03,74.2,True,7,0,2,7,3,116.52,59.47,115.41666666666667,55.40324027828455,1,1,0
2026-07-02 07:15:00,272.56,69.59,71.64,70.89,72.96,70.52,72.58,70.68,72.75,28.13,28.15,30.63,29.94,0.06,81.87,True,7,15,2,7,3,170.26,116.52,186.44666666666663,79.26932908340608,1,1,0
2026-07-02 07:30:00,381.14,96.11,98.46,97.61,99.97,98.24,100.61,98.24,100.61,28.38,28.6,41.15,40.45,0.1,85.32,True,7,30,2,7,3,272.56,170.26,274.65333333333336,105.45558369917319,1,1,0
2026-07-02 07:45:00,484.26,121.59,124.04,123.61,126.07,123.69,126.15,124.11,126.57,28.22,28.27,51.57,50.79,0.15,86.43,True,7,45,2,7,3,381.14,272.56,379.32,105.86173435193655,1,1,0
2026-07-02 08:00:00,531.43,133.01,135.59,135.84,138.46,135.6,138.22,135.73,138.35,28.26,28.29,56.84,56.07,0.21,86.08,True,8,0,2,7,3,484.26,381.14,465.60999999999996,76.86115989236686,1,1,0
2026-07-02 08:15:00,595.73,149.02,151.83,153.01,155.89,151.32,154.26,142.88,145.63,28.81,28.84,62.89,61.82,0.27,87.4,True,8,15,2,7,3,531.43,484.26,537.14,55.95393909279303,1,1,0
2026-07-02 08:30:00,677.58,169.7,172.81,170.27,174.75,170.45,174.94,170.0,174.47,29.54,29.67,75.63,74.71,0.34,82.91,True,8,30,2,7,3,595.73,531.43,601.5799999999999,73.25040955516907,1,1,0
2026-07-02 08:45:00,837.87,209.16,212.81,213.04,217.87,212.97,217.82,212.19,217.03,29.73,29.76,84.6,83.79,0.42,91.73,True,8,45,2,7,3,677.58,595.73,703.7266666666668,123.16931855512289,1,1,0
2026-07-02 09:00:00,1822.19,448.15,455.75,448.63,456.43,471.36,479.44,465.17,473.17,30.46,30.66,154.71,156.54,0.61,109.41,True,9,0,2,7,3,837.87,677.58,1112.5466666666669,619.7729152143819,1,1,0
2026-07-02 09:15:00,1798.34,447.47,454.83,457.95,465.75,452.5,460.22,451.26,458.97,32.8,33.13,182.81,179.68,0.8,92.26,True,9,15,2,7,3,1822.19,837.87,1486.1333333333332,561.5391505793104,1,1,0
2026-07-02 09:30:00,1590.23,390.95,397.27,392.76,399.71,406.51,413.65,401.41,408.48,31.85,32.16,167.27,165.92,0.97,88.82,True,9,30,2,7,3,1798.34,1822.19,1736.92,127.5957393489307,1,1,0
2026-07-02 09:45:00,1670.57,415.36,422.15,429.24,436.67,412.47,419.68,417.03,424.29,31.83,31.98,160.52,158.04,1.14,97.22,True,9,45,2,7,3,1590.23,1798.34,1686.3799999999999,104.95194185912064,1,1,0
2026-07-02 10:00:00,1790.25,447.23,454.56,481.26,489.34,428.49,435.9,441.06,448.63,32.55,32.86,188.59,183.89,1.33,88.94,True,10,0,2,7,3,1670.57,1590.23,1683.6833333333334,100.65271845972957,1,1,0
2026-07-02 10:15:00,2922.45,716.17,729.76,745.33,757.56,727.81,739.75,724.89,736.78,33.08,33.16,249.98,247.38,1.62,109.78,True,10,15,2,7,3,1790.25,1670.57,2127.7566666666667,690.8212114095321,1,1,0
2026-07-02 10:30:00,5128.21,1247.81,1276.26,1263.73,1286.22,1407.71,1433.67,1339.53,1363.81,38.35,38.49,550.69,542.0,2.15,89.39,True,10,30,2,7,3,2922.45,1790.25,3280.3033333333333,1697.5094982159403,1,1,0
2026-07-02 10:45:00,6030.79,1304.44,1334.4,1626.69,1658.69,1517.55,1546.58,1530.09,1559.43,43.72,43.78,665.01,654.74,2.78,89.07,True,10,45,2,7,3,5128.21,2922.45,4693.816666666667,1599.052083245988,1,1,0
2026-07-02 11:00:00,5233.73,1263.2,1292.07,1363.81,1388.67,1315.44,1339.04,1320.44,1344.15,41.49,41.63,541.38,538.17,3.33,94.05,True,11,0,2,7,3,6030.79,5128.21,5464.243333333333,493.47235153890136,1,1,0
2026-07-02 11:15:00,5062.99,1222.92,1250.69,1309.52,1332.98,1266.01,1288.46,1269.54,1292.06,41.98,42.31,546.08,540.86,3.86,90.39,True,11,15,2,7,3,5233.73,6030.79,5442.503333333333,516.5742333230851,1,1,0
2026-07-02 11:30:00,3976.7,972.29,992.93,1074.21,1093.21,938.89,954.98,976.25,993.11,42.52,42.95,435.45,428.0,4.28,89.24,True,11,30,2,7,3,5062.99,5233.73,4757.806666666666,681.823844870017,1,1,0
2026-07-02 11:45:00,2643.12,653.61,665.37,677.51,688.49,666.32,677.12,663.37,674.12,37.99,37.87,271.58,268.46,4.56,93.28,True,11,45,2,7,3,3976.7,5062.99,3894.269999999999,1212.0390805993009,1,1,0
2026-07-02 12:00:00,2745.81,673.39,686.07,691.0,702.5,699.45,711.09,689.17,700.64,36.72,36.99,351.29,352.08,4.83,74.52,True,12,0,2,7,3,2643.12,3976.7,3121.8766666666666,742.0771573315886,1,0,1
2026-07-02 12:15:00,3491.49,852.2,869.06,869.78,883.95,894.57,909.2,878.11,892.43,39.01,39.28,378.75,377.5,5.2,88.74,True,12,15,2,7,3,2745.81,2643.12,2960.14,463.0182781489277,1,0,1
2026-07-02 12:30:00,4726.7,1159.17,1185.12,1221.7,1243.08,1168.62,1188.78,1178.37,1198.76,40.43,40.5,489.88,486.86,5.69,93.44,True,12,30,2,7,3,3491.49,2745.81,3654.6666666666665,1000.4755201569562,1,0,1
2026-07-02 12:45:00,5136.0,1255.93,1284.49,1348.55,1373.0,1253.78,1275.98,1276.95,1299.68,41.74,41.72,579.13,573.92,6.22,86.37,True,12,45,2,7,3,4726.7,3491.49,4451.3966666666665,856.1233725540573,1,0,1
2026-07-02 13:00:00,7164.64,1345.08,1376.03,1962.88,2004.35,1919.57,1959.93,1852.92,1891.45,44.9,44.92,872.35,871.01,6.94,81.08,True,13,0,2,7,3,5136.0,4726.7,5675.78,1305.530427527447,1,0,1
2026-07-02 13:15:00,6243.09,1315.18,1345.5,1659.79,1692.69,1581.46,1612.37,1628.1,1660.33,48.0,47.98,779.66,768.58,7.6,80.14,True,13,15,2,7,3,7164.64,5136.0,6181.243333333333,1015.7331441049517,1,0,1
2026-07-02 13:30:00,4434.29,1097.03,1121.11,1173.27,1193.56,1081.1,1099.48,1100.95,1119.72,43.02,42.67,474.22,466.97,8.07,91.57,True,13,30,2,7,3,6243.09,7164.64,5947.34,1388.9938183807724,1,0,1
2026-07-02 13:45:00,2299.61,581.96,592.16,619.99,630.11,569.8,579.21,579.55,589.09,39.05,39.13,253.32,247.81,8.32,87.4,True,13,45,2,7,3,4434.29,6243.09,4325.663333333333,1973.982888004183,1,0,1
2026-07-02 14:00:00,1505.45,371.17,377.16,394.41,401.4,370.08,376.75,371.28,377.96,34.79,34.68,151.77,148.82,8.48,93.81,True,14,0,2,7,3,2299.61,4434.29,2746.4499999999994,1514.6865766883932,1,0,1
2026-07-02 14:15:00,2031.09,502.61,511.05,531.8,540.65,496.63,505.01,501.16,509.6,34.15,34.11,196.66,193.1,8.68,97.42,True,14,15,2,7,3,1505.45,2299.61,1945.3833333333332,403.95761031739295,1,0,1
2026-07-02 14:30:00,1618.97,402.34,408.99,426.32,433.72,391.22,398.13,397.68,404.67,33.68,33.56,133.71,131.54,8.86,113.98,True,14,30,2,7,3,2031.09,1505.45,1718.503333333333,276.5944969324935,1,0,1
2026-07-02 14:45:00,2096.35,519.02,527.79,538.68,547.62,525.41,534.16,525.65,534.4,30.76,30.8,187.21,184.56,9.07,104.15,True,14,45,2,7,3,1618.97,2031.09,1915.4699999999996,258.84146576622027,1,0,1
2026-07-02 15:00:00,3719.97,915.43,934.17,955.33,971.24,927.82,943.16,926.04,941.36,30.83,30.56,356.58,350.37,9.45,97.06,True,15,0,2,7,3,2096.35,1618.97,2478.43,1101.3805404128057,1,0,1
2026-07-02 15:15:00,3835.19,944.43,963.92,1008.49,1025.4,931.9,947.26,952.84,968.61,38.91,39.01,390.26,387.27,9.86,94.56,True,15,15,2,7,3,3719.97,2096.35,3217.1699999999996,972.3667088089771,1,0,1
2026-07-02 15:30:00,3290.07,810.5,826.2,847.27,861.0,809.8,822.84,821.82,835.08,41.14,41.39,346.45,345.78,10.2,92.25,True,15,30,2,7,3,3835.19,3719.97,3615.0766666666664,287.29934238235563,1,0,1
2026-07-02 15:45:00,2581.41,634.03,645.21,656.51,667.24,647.32,657.93,646.94,657.53,39.78,40.45,273.59,274.99,10.47,91.12,True,15,45,2,7,3,3290.07,3835.19,3235.556666666667,628.6651332254203,1,0,1
2026-07-02 16:00:00,2061.31,505.55,514.05,524.61,533.35,514.35,522.94,515.4,524.02,38.48,39.16,226.41,227.73,10.69,87.44,True,16,0,2,7,3,2581.41,3290.07,2644.263333333333,616.7865842682843,1,0,1
2026-07-02 16:15:00,2118.33,519.53,528.27,533.58,542.39,534.36,543.17,533.25,542.05,36.83,37.14,219.83,221.85,10.9,91.91,True,16,15,2,7,3,2061.31,2581.41,2253.683333333333,285.24795552876157,1,0,1
2026-07-02 16:30:00,2018.57,501.47,509.87,528.49,537.3,491.02,499.26,500.69,509.07,37.11,37.54,216.3,213.79,11.11,89.12,True,16,30,2,7,3,2118.33,2061.31,2066.0699999999997,50.05005094908116,1,0,1
2026-07-02 16:45:00,2150.15,526.37,535.27,550.61,559.75,531.35,540.18,539.59,548.55,37.22,37.72,224.26,225.45,11.34,91.6,True,16,45,2,7,3,2018.57,2118.33,2095.683333333333,68.65113060495702,1,0,1
2026-07-02 17:00:00,1779.46,441.02,448.32,462.99,470.86,436.66,444.15,444.24,451.83,37.77,38.13,210.06,210.33,11.53,81.12,True,17,0,2,7,3,2150.15,2018.57,1982.7266666666665,187.92638833686766,1,0,1
2026-07-02 17:15:00,990.09,246.65,250.76,255.59,260.63,245.02,249.98,247.22,252.19,35.18,35.19,107.87,107.13,11.63,86.94,True,17,15,2,7,3,1779.46,2150.15,1639.8999999999999,592.4884354145715,1,0,1
2026-07-02 17:30:00,298.34,77.75,79.63,81.94,84.38,73.05,75.29,75.52,77.81,33.42,33.7,38.01,37.24,11.67,73.81,True,17,30,2,7,3,990.09,1779.46,1022.6299999999997,741.095980491062,1,0,1
2026-07-02 17:45:00,100.82,29.02,29.93,26.95,27.85,28.33,29.27,27.8,28.72,29.95,30.0,13.36,12.14,11.68,69.95,True,17,45,2,7,3,298.34,990.09,463.08333333333303,466.9641930955131,0,0,1
2026-07-02 18:00:00,44.33,15.03,15.52,14.79,15.29,13.26,13.74,13.25,13.73,27.26,27.06,4.63,3.61,11.68,87.79,True,18,0,2,7,3,100.82,298.34,147.82999999999967,133.3706305751432,0,0,1
2026-07-02 18:15:00,57.65,17.85,18.43,18.36,18.95,16.72,17.31,16.31,16.89,26.52,26.51,6.59,6.38,11.69,79.94,True,18,15,2,7,3,44.33,100.82,67.5999999999997,29.53018625087856,0,0,1
2026-07-02 18:30:00,25.81,10.34,10.69,10.85,11.22,9.03,9.38,8.87,9.21,26.49,26.43,4.83,4.33,11.69,48.9,True,18,30,2,7,3,57.65,44.33,42.59666666666636,15.990613913949316,0,0,1
2026-07-02 18:45:00,3.1,1.44,1.51,1.52,1.59,1.39,1.46,1.32,1.38,26.65,26.61,1.33,0.9,11.69,15.29,True,18,45,2,7,3,25.81,57.65,28.85333333333303,27.40204432784227,0,0,1
2026-07-02 19:00:00,0.0,0.0,0.0,0.0,0.0,0.0,0.0,0.0,0.0,26.59,26.53,0.22,0.35,11.69,0.0,True,19,0,2,7,3,3.1,25.81,9.636666666666363,14.092020200989401,0,0,1
2026-07-02 19:15:00,0.0,0.0,0.0,0.0,0.0,0.0,0.0,0.0,0.0,26.73,26.7,0.32,0.42,11.69,0.0,True,19,15,2,7,3,0.0,3.1,1.0333333333330301,1.7897858377807416,0,0,1
2026-07-02 19:30:00,0.0,0.0,0.0,0.0,0.0,0.0,0.0,0.0,0.0,26.38,26.33,0.33,0.4,11.69,0.0,True,19,30,2,7,3,0.0,0.0,0.0,0.00010858378926690253,0,0,1
2026-07-02 19:45:00,0.0,0.0,0.0,0.0,0.0,0.0,0.0,0.0,0.0,25.88,25.79,0.4,0.44,11.69,0.0,True,19,45,2,7,3,0.0,0.0,0.0,0.00010858378926690253,0,0,1
2026-07-02 20:00:00,0.0,0.0,0.0,0.0,0.0,0.0,0.0,0.0,0.0,26.87,26.95,0.26,0.39,11.69,0.0,True,20,0,2,7,3,0.0,0.0,0.0,0.00010858378926690253,0,0,1
2026-07-02 20:15:00,0.0,0.0,0.0,0.0,0.0,0.0,0.0,0.0,0.0,26.24,26.19,0.29,0.4,11.69,0.0,True,20,15,2,7,3,0.0,0.0,0.0,0.00010858378926690253,0,0,1
2026-07-02 20:30:00,0.0,0.0,0.0,0.0,0.0,0.0,0.0,0.0,0.0,26.72,26.71,0.32,0.41,11.69,0.0,True,20,30,2,7,3,0.0,0.0,0.0,0.00010858378926690253,0,0,1
2026-07-02 20:45:00,0.0,0.0,0.0,0.0,0.0,0.0,0.0,0.0,0.0,26.72,26.81,0.44,0.45,11.69,0.0,True,20,45,2,7,3,0.0,0.0,0.0,0.00010858378926690253,0,0,1
2026-07-02 21:00:00,0.0,0.0,0.0,0.0,0.0,0.0,0.0,0.0,0.0,26.84,26.86,0.37,0.42,11.69,0.0,True,21,0,2,7,3,0.0,0.0,0.0,0.00010858378926690253,0,0,1
2026-07-02 21:15:00,0.0,0.0,0.0,0.0,0.0,0.0,0.0,0.0,0.0,26.61,26.65,0.39,0.43,11.69,0.0,True,21,15,2,7,3,0.0,0.0,0.0,0.00010858378926690253,0,0,1
2026-07-02 21:30:00,0.0,0.0,0.0,0.0,0.0,0.0,0.0,0.0,0.0,26.97,27.0,0.28,0.41,11.69,0.0,True,21,30,2,7,3,0.0,0.0,0.0,0.00010858378926690253,0,0,1
2026-07-02 21:45:00,0.0,0.0,0.0,0.0,0.0,0.0,0.0,0.0,0.0,26.77,26.8,0.21,0.37,11.69,0.0,True,21,45,2,7,3,0.0,0.0,0.0,0.00010858378926690253,0,0,1
2026-07-02 22:00:00,0.0,0.0,0.0,0.0,0.0,0.0,0.0,0.0,0.0,26.4,26.31,0.32,0.42,11.69,0.0,True,22,0,2,7,3,0.0,0.0,0.0,0.00010858378926690253,0,0,1
2026-07-02 22:15:00,0.0,0.0,0.0,0.0,0.0,0.0,0.0,0.0,0.0,26.48,26.46,0.28,0.38,11.69,0.0,True,22,15,2,7,3,0.0,0.0,0.0,0.00010858378926690253,0,0,1
2026-07-02 22:30:00,0.0,0.0,0.0,0.0,0.0,0.0,0.0,0.0,0.0,25.92,25.87,0.31,0.4,11.69,0.0,True,22,30,2,7,3,0.0,0.0,0.0,0.00010858378926690253,0,0,1
2026-07-02 22:45:00,0.0,0.0,0.0,0.0,0.0,0.0,0.0,0.0,0.0,26.25,26.18,0.29,0.38,11.69,0.0,True,22,45,2,7,3,0.0,0.0,0.0,0.00010858378926690253,0,0,1
2026-07-02 23:00:00,0.0,0.0,0.0,0.0,0.0,0.0,0.0,0.0,0.0,26.3,26.3,0.29,0.4,11.69,0.0,True,23,0,2,7,3,0.0,0.0,0.0,0.00010858378926690253,0,0,1
2026-07-02 23:15:00,0.0,0.0,0.0,0.0,0.0,0.0,0.0,0.0,0.0,25.97,25.95,0.44,0.48,11.69,0.0,True,23,15,2,7,3,0.0,0.0,0.0,0.00010858378926690253,0,0,1
2026-07-02 23:30:00,0.0,0.0,0.0,0.0,0.0,0.0,0.0,0.0,0.0,25.76,25.74,0.43,0.46,11.69,0.0,True,23,30,2,7,3,0.0,0.0,0.0,0.00010858378926690253,0,0,1
2026-07-02 23:45:00,0.0,0.0,0.0,0.0,0.0,0.0,0.0,0.0,0.0,25.97,25.95,0.44,0.46,11.69,0.0,True,23,45,2,7,3,0.0,0.0,0.0,0.00010858378926690253,0,0,1
2026-07-03 00:15:00,0.0,0.0,0.0,0.0,0.0,0.0,0.0,0.0,0.0,25.72,25.81,0.37,0.44,0.0,0.0,True,0,15,3,7,4,0.0,0.0,0.0,0.0,0,1,0
2026-07-03 00:30:00,0.0,0.0,0.0,0.0,0.0,0.0,0.0,0.0,0.0,25.34,25.29,0.44,0.47,0.0,0.0,True,0,30,3,7,4,0.0,0.0,0.0,0.0,0,1,0
2026-07-03 00:45:00,0.0,0.0,0.0,0.0,0.0,0.0,0.0,0.0,0.0,25.92,25.89,0.33,0.43,0.0,0.0,True,0,45,3,7,4,0.0,0.0,0.0,0.0,0,1,0
2026-07-03 01:00:00,0.0,0.0,0.0,0.0,0.0,0.0,0.0,0.0,0.0,25.78,25.74,0.41,0.46,0.0,0.0,True,1,0,3,7,4,0.0,0.0,0.0,0.0,0,1,0
2026-07-03 01:15:00,0.0,0.0,0.0,0.0,0.0,0.0,0.0,0.0,0.0,25.62,25.58,0.41,0.45,0.0,0.0,True,1,15,3,7,4,0.0,0.0,0.0,0.0,0,1,0
2026-07-03 01:30:00,0.0,0.0,0.0,0.0,0.0,0.0,0.0,0.0,0.0,25.81,26.23,0.41,0.42,0.0,0.0,True,1,30,3,7,4,0.0,0.0,0.0,0.0,0,1,0
2026-07-03 01:45:00,0.0,0.0,0.0,0.0,0.0,0.0,0.0,0.0,0.0,25.95,26.04,0.44,0.48,0.0,0.0,True,1,45,3,7,4,0.0,0.0,0.0,0.0,0,1,0
2026-07-03 02:00:00,0.0,0.0,0.0,0.0,0.0,0.0,0.0,0.0,0.0,25.39,25.28,0.29,0.38,0.0,0.0,True,2,0,3,7,4,0.0,0.0,0.0,0.0,0,1,0
2026-07-03 02:15:00,0.0,0.0,0.0,0.0,0.0,0.0,0.0,0.0,0.0,25.74,25.69,0.36,0.45,0.0,0.0,True,2,15,3,7,4,0.0,0.0,0.0,0.0,0,1,0
2026-07-03 02:30:00,0.0,0.0,0.0,0.0,0.0,0.0,0.0,0.0,0.0,25.97,25.99,0.39,0.47,0.0,0.0,True,2,30,3,7,4,0.0,0.0,0.0,0.0,0,1,0
2026-07-03 02:45:00,0.0,0.0,0.0,0.0,0.0,0.0,0.0,0.0,0.0,26.72,26.78,0.45,0.49,0.0,0.0,True,2,45,3,7,4,0.0,0.0,0.0,0.0,0,1,0
2026-07-03 03:00:00,0.0,0.0,0.0,0.0,0.0,0.0,0.0,0.0,0.0,26.08,26.07,0.36,0.43,0.0,0.0,True,3,0,3,7,4,0.0,0.0,0.0,0.0,0,1,0
2026-07-03 03:15:00,0.0,0.0,0.0,0.0,0.0,0.0,0.0,0.0,0.0,25.94,25.87,0.38,0.45,0.0,0.0,True,3,15,3,7,4,0.0,0.0,0.0,0.0,0,1,0
2026-07-03 03:30:00,0.0,0.0,0.0,0.0,0.0,0.0,0.0,0.0,0.0,26.25,26.27,0.42,0.48,0.0,0.0,True,3,30,3,7,4,0.0,0.0,0.0,0.0,0,1,0
2026-07-03 03:45:00,0.0,0.0,0.0,0.0,0.0,0.0,0.0,0.0,0.0,26.17,26.18,0.42,0.47,0.0,0.0,True,3,45,3,7,4,0.0,0.0,0.0,0.0,0,1,0
2026-07-03 04:00:00,0.0,0.0,0.0,0.0,0.0,0.0,0.0,0.0,0.0,26.18,26.1,0.39,0.45,0.0,0.0,True,4,0,3,7,4,0.0,0.0,0.0,0.0,0,1,0
2026-07-03 04:15:00,0.0,0.0,0.0,0.0,0.0,0.0,0.0,0.0,0.0,26.08,26.07,0.39,0.45,0.0,0.0,True,4,15,3,7,4,0.0,0.0,0.0,0.0,0,1,0
2026-07-03 04:30:00,0.0,0.0,0.0,0.0,0.0,0.0,0.0,0.0,0.0,26.0,26.0,0.39,0.45,0.0,0.0,True,4,30,3,7,4,0.0,0.0,0.0,0.0,0,1,0
2026-07-03 04:45:00,0.0,0.0,0.0,0.0,0.0,0.0,0.0,0.0,0.0,26.25,26.29,0.39,0.45,0.0,0.0,True,4,45,3,7,4,0.0,0.0,0.0,0.0,0,1,0
2026-07-03 05:00:00,0.0,0.0,0.0,0.0,0.0,0.0,0.0,0.0,0.0,26.26,26.25,0.33,0.42,0.0,0.0,True,5,0,3,7,4,0.0,0.0,0.0,0.0,0,1,0
2026-07-03 05:15:00,0.0,0.0,0.0,0.0,0.0,0.0,0.0,0.0,0.0,25.95,25.86,0.35,0.42,0.0,0.0,True,5,15,3,7,4,0.0,0.0,0.0,0.0,0,1,0
2026-07-03 05:30:00,0.0,0.0,0.0,0.0,0.0,0.0,0.0,0.0,0.0,26.11,26.12,0.27,0.4,0.0,0.0,True,5,30,3,7,4,0.0,0.0,0.0,0.0,0,1,0
2026-07-03 05:45:00,0.0,0.0,0.0,0.0,0.0,0.0,0.0,0.0,0.0,25.93,25.84,0.4,0.41,0.0,0.0,True,5,45,3,7,4,0.0,0.0,0.0,0.0,0,1,0
2026-07-03 06:00:00,0.9,0.0,0.0,0.0,0.0,0.0,0.0,5.06,5.23,26.48,26.47,3.53,2.65,0.0,2.22,True,6,0,3,7,4,0.0,0.0,0.3,0.5196152422706632,0,1,0
2026-07-03 06:15:00,16.31,0.0,0.0,0.0,0.0,0.0,0.0,28.88,29.8,26.34,26.33,13.59,12.78,0.0,10.96,True,6,15,3,7,4,0.9,0.0,5.7366666666666655,9.167825987295643,0,1,0
2026-07-03 06:30:00,197.6,70.36,72.33,66.88,68.7,0.0,0.0,71.44,73.43,26.92,26.97,31.15,30.85,0.02,58.08,True,6,30,3,7,4,16.31,0.9,71.60333333333334,109.38801137845653,1,1,0
2026-07-03 06:45:00,442.71,147.88,150.72,153.97,157.04,0.0,0.0,149.89,152.92,27.37,27.38,63.09,62.67,0.06,64.37,True,6,45,3,7,4,197.6,16.31,218.87333333333333,213.99452337228942,1,1,0
2026-07-03 07:00:00,813.01,207.49,211.12,215.36,220.22,193.6,198.11,207.25,212.09,27.99,27.98,89.38,87.66,0.15,83.66,True,7,0,3,7,4,442.71,197.6,484.44000000000005,309.81996659350415,1,1,0
2026-07-03 07:15:00,898.67,224.64,228.47,235.76,240.69,220.91,225.8,221.99,226.87,28.61,28.51,95.97,93.12,0.24,86.34,True,7,15,3,7,4,813.01,442.71,718.13,242.33559622969153,1,1,0
2026-07-03 07:30:00,946.95,236.48,240.45,247.63,252.61,232.81,237.7,233.96,238.86,29.82,29.84,102.08,99.31,0.34,85.95,True,7,30,3,7,4,898.67,813.01,886.21,67.83376445399533,1,1,0
2026-07-03 07:45:00,1112.94,276.42,281.01,284.3,289.84,281.76,287.28,278.12,283.6,30.19,30.32,117.65,115.9,0.46,87.78,True,7,45,3,7,4,946.95,898.67,986.1866666666668,112.3945961037873,1,1,0
2026-07-03 08:00:00,1521.29,375.63,381.69,389.76,396.68,378.86,385.64,376.81,383.57,31.5,31.55,157.75,155.72,0.62,89.97,True,8,0,3,7,4,1112.94,946.95,1193.7266666666667,295.56974309515084,1,1,0
2026-07-03 08:15:00,1684.8,415.89,422.65,429.74,437.16,424.7,432.06,420.03,427.33,31.83,32.06,168.57,167.75,0.79,93.37,True,8,15,3,7,4,1521.29,1112.94,1439.676666666667,294.5361048043745,1,1,0
2026-07-03 08:30:00,2021.57,497.3,505.59,514.91,523.42,508.88,517.3,503.58,511.93,33.45,33.92,209.33,209.48,1.0,90.82,True,8,30,3,7,4,1684.8,1521.29,1742.5533333333333,255.0913664421699,1,1,0
2026-07-03 08:45:00,1696.94,419.86,426.65,437.11,444.63,422.03,429.38,420.45,427.77,32.67,33.03,172.89,169.93,1.18,92.01,True,8,45,3,7,4,2021.57,1684.8,1801.1033333333332,191.02619776704293,1,1,0
2026-07-03 09:00:00,1778.5,440.55,447.73,457.98,465.76,443.21,450.81,441.19,448.77,32.44,32.76,180.99,177.5,1.36,92.03,True,9,0,3,7,4,1696.94,2021.57,1832.3366666666668,168.878504355449,1,1,0
2026-07-03 09:15:00,1765.92,437.8,444.93,454.38,462.12,441.61,449.2,438.91,446.46,32.86,33.24,178.84,175.73,1.54,92.64,True,9,15,3,7,4,1778.5,1696.94,1747.1200000000001,43.91000341607887,1,1,0
2026-07-03 09:30:00,2717.23,668.59,680.78,691.32,702.57,687.14,698.29,676.74,687.73,33.67,34.07,275.17,273.57,1.83,92.95,True,9,30,3,7,4,1765.92,1778.5,2087.2166666666667,545.6438071061867,1,1,0
2026-07-03 09:45:00,3014.68,744.7,758.64,783.03,795.62,742.8,754.74,746.11,758.11,35.76,36.35,303.8,298.03,2.14,94.23,True,9,45,3,7,4,2717.23,1765.92,2499.2766666666666,652.2868433697965,1,1,0
2026-07-03 10:00:00,2764.03,683.0,695.36,715.02,726.5,684.59,695.69,685.57,696.69,35.36,35.71,273.77,270.19,2.43,95.71,True,10,0,3,7,4,3014.68,2717.23,2831.9799999999996,159.94382607653307,1,1,0
2026-07-03 10:15:00,3042.63,749.26,763.33,781.05,793.62,763.84,776.14,763.54,775.84,35.43,36.01,305.05,303.92,2.74,94.58,True,10,15,3,7,4,2764.03,3014.68,2940.4466666666667,153.4191345084882,1,1,0
2026-07-03 10:30:00,3220.73,794.71,809.96,835.42,848.91,795.33,808.08,802.53,815.41,36.63,37.13,325.45,320.26,3.08,94.31,True,10,30,3,7,4,3042.63,2764.03,3009.1299999999997,230.18559902826303,1,1,0
2026-07-03 10:45:00,3282.67,813.03,828.78,859.97,873.94,800.98,813.84,815.57,828.69,37.21,37.84,325.82,316.93,3.42,96.25,True,10,45,3,7,4,3220.73,3042.63,3182.01,124.61632798313497,1,1,0
2026-07-03 11:00:00,2716.81,672.68,684.79,708.0,719.41,666.48,677.34,675.41,686.39,36.48,36.88,274.71,267.33,3.69,94.19,True,11,0,3,7,4,3282.67,3220.73,3073.403333333333,310.3679186599893,1,1,0
2026-07-03 11:15:00,2459.03,604.74,615.25,631.61,642.01,610.51,620.6,612.91,623.03,36.1,36.57,247.06,243.53,3.96,94.65,True,11,15,3,7,4,2716.81,3282.67,2819.5033333333336,421.31360402120185,1,1,0
2026-07-03 11:30:00,1908.02,467.17,474.94,484.08,492.24,482.11,490.21,480.34,488.43,35.46,35.92,199.92,198.72,4.16,90.51,True,11,30,3,7,4,2459.03,2716.81,2361.286666666667,413.15933419606404,1,1,0
2026-07-03 11:45:00,1912.75,468.15,475.9,485.05,493.21,480.26,488.34,478.73,486.79,34.58,34.99,195.04,192.64,4.36,92.67,True,11,45,3,7,4,1908.02,2459.03,2093.266666666667,316.7691671127976,1,1,0
2026-07-03 12:00:00,2381.83,585.74,595.93,608.8,618.77,602.15,612.04,600.53,610.4,35.61,36.03,231.55,229.28,4.6,97.61,True,12,0,3,7,4,1912.75,1908.02,2067.5333333333333,272.1991719923767,1,0,1
2026-07-03 12:15:00,2232.25,551.15,560.6,586.27,595.92,542.5,551.5,554.63,563.81,36.7,37.21,223.21,218.56,4.84,95.34,True,12,15,3,7,4,2381.83,1912.75,2175.61,239.6144377953924,1,0,1
2026-07-03 12:30:00,1338.29,334.45,339.88,346.92,353.27,330.42,336.54,334.22,340.39,35.03,35.41,133.04,130.91,4.98,95.22,True,12,30,3,7,4,2232.25,2381.83,1984.123333333333,564.2863323999046,1,0,1
2026-07-03 12:45:00,1045.67,260.87,265.23,274.88,280.29,254.64,259.92,260.29,265.61,33.13,33.23,104.16,102.82,5.09,94.29,True,12,45,3,7,4,1338.29,2232.25,1538.7366666666667,618.1643581874779,1,0,1
2026-07-03 13:00:00,1202.16,298.59,303.48,313.5,319.35,296.68,302.29,299.98,305.64,32.69,32.84,116.11,114.61,5.21,97.07,True,13,0,3,7,4,1045.67,1338.29,1195.3733333333332,146.42800358311624,1,0,1
2026-07-03 13:15:00,1813.25,459.27,467.09,474.78,482.91,470.76,478.83,469.27,477.32,33.8,34.23,183.3,181.88,5.4,93.17,True,13,15,3,7,4,1202.16,1045.67,1353.6933333333334,405.6063700601075,1,0,1
2026-07-03 13:30:00,2763.61,683.21,695.56,718.21,729.74,680.18,691.22,688.93,700.08,35.57,35.82,269.88,265.56,5.69,97.16,True,13,30,3,7,4,1813.25,1202.16,1926.3400000000001,786.8440358165033,1,0,1
2026-07-03 13:45:00,3196.32,787.73,802.79,824.34,837.63,792.9,805.61,798.64,811.45,37.46,37.8,323.76,319.91,6.02,94.41,True,13,45,3,7,4,2763.61,1813.25,2591.06,707.4961364558834,1,0,1
2026-07-03 14:00:00,2788.28,685.07,697.48,714.35,725.83,694.74,705.97,697.65,708.9,38.12,38.46,285.59,283.36,6.31,93.63,True,14,0,3,7,4,3196.32,2763.61,2916.07,243.01686999054525,1,0,1
2026-07-03 14:15:00,2894.64,709.3,722.34,732.46,744.23,730.57,742.3,726.04,737.7,38.54,38.97,301.92,302.15,6.61,92.11,True,14,15,3,7,4,2788.28,3196.32,2959.7466666666664,211.66794498302016,1,0,1
2026-07-03 14:30:00,2978.75,734.7,748.38,768.89,781.24,736.72,748.58,743.93,755.9,39.04,39.64,312.84,312.15,6.92,91.67,True,14,30,3,7,4,2894.64,2788.28,2887.2233333333334,95.45135113415087,1,0,1
2026-07-03 14:45:00,2596.6,640.49,651.8,666.07,676.94,642.19,652.73,647.25,657.87,38.03,38.35,264.25,261.58,7.2,94.2,True,14,45,3,7,4,2978.75,2894.64,2823.33,200.80710321102126,1,0,1
2026-07-03 15:00:00,1724.43,421.93,428.89,432.61,440.12,426.89,434.32,425.17,432.58,33.82,33.86,159.95,159.01,7.37,101.55,True,15,0,3,7,4,2596.6,2978.75,2433.26,642.9149495073218,1,0,1
2026-07-03 15:15:00,2901.71,711.63,724.7,734.71,746.47,730.65,742.33,727.28,738.91,31.36,31.22,294.64,293.13,7.67,91.82,True,15,15,3,7,4,1724.43,2596.6,2407.5800000000004,610.9774708612439,1,0,1
2026-07-03 15:30:00,2586.16,637.53,648.79,662.72,673.54,646.52,657.11,647.24,657.84,35.46,35.71,268.76,266.06,7.94,91.26,True,15,30,3,7,4,2901.71,1724.43,2404.1,609.390213492145,1,0,1
2026-07-03 15:45:00,1227.47,309.92,315.26,326.02,332.33,296.49,302.41,305.55,311.59,36.06,36.64,116.83,113.67,8.08,99.89,True,15,45,3,7,4,2586.16,2901.71,2238.4466666666667,889.6338100776832,1,0,1
2026-07-03 16:00:00,454.01,119.09,121.52,132.99,136.66,101.63,104.68,110.37,113.61,31.32,31.48,47.33,44.37,8.12,89.43,True,16,0,3,7,4,1227.47,2586.16,1422.5466666666664,1079.378101053257,1,0,1
2026-07-03 16:15:00,21.85,7.65,7.92,6.57,6.82,6.52,6.78,6.33,6.59,26.44,26.32,6.25,3.92,8.12,31.94,True,16,15,3,7,4,454.01,1227.47,567.7766666666666,610.8085108553543,0,0,1
2026-07-03 16:30:00,43.53,14.32,14.8,14.13,14.6,14.52,15.0,14.52,15.0,25.8,25.85,9.03,8.41,8.13,43.94,True,16,30,3,7,4,21.85,454.01,173.13,243.49062897779473,0,0,1
2026-07-03 16:45:00,38.63,12.7,13.13,13.29,13.73,12.53,12.95,12.38,12.8,25.93,25.96,7.9,7.49,8.14,44.59,True,16,45,3,7,4,43.53,21.85,34.67,11.369555840140723,0,0,1
2026-07-03 17:00:00,44.03,14.21,14.68,14.82,15.3,13.55,14.0,13.92,14.38,26.17,26.3,8.48,8.06,8.14,47.42,True,17,0,3,7,4,38.63,43.53,42.06333333333333,2.9838453940197147,0,0,1
2026-07-03 17:15:00,61.95,19.13,19.75,20.43,21.09,17.0,17.56,18.06,18.64,26.25,26.34,10.09,9.66,8.15,56.08,True,17,15,3,7,4,44.03,38.63,48.20333333333334,12.207298363496069,0,0,1
2026-07-03 17:30:00,76.74,21.97,22.67,21.95,22.65,22.62,23.35,22.32,23.03,26.12,26.26,11.45,11.16,8.16,61.19,True,17,30,3,7,4,61.95,44.03,60.906666666666666,16.379939967393533,0,0,1
2026-07-03 17:45:00,103.61,28.38,29.28,29.29,30.22,29.13,30.05,28.62,29.53,26.39,26.46,14.43,14.26,8.17,65.6,True,17,45,3,7,4,76.74,61.95,80.76666666666667,21.119882417651382,0,0,1
2026-07-03 18:00:00,111.26,30.23,31.19,30.87,31.84,30.8,31.77,30.68,31.65,26.03,26.06,15.2,15.02,8.18,66.77,True,18,0,3,7,4,103.61,76.74,97.20333333333333,18.129854752187722,0,0,1
2026-07-03 18:15:00,96.77,26.96,27.82,27.63,28.51,26.62,27.47,27.05,27.91,26.21,25.97,13.89,13.6,8.19,63.6,True,18,15,3,7,4,111.26,103.61,103.88,7.2487723099909624,0,0,1
2026-07-03 18:30:00,16.43,4.92,5.11,5.06,5.26,4.8,4.99,4.69,4.87,25.42,25.34,4.21,3.84,8.19,35.48,True,18,30,3,7,4,96.77,111.26,74.82,51.08359912929085,0,0,1
2026-07-03 18:45:00,0.0,0.12,0.13,0.05,0.06,0.22,0.24,0.17,0.18,26.14,26.2,1.82,1.47,8.19,0.0,True,18,45,3,7,4,16.43,96.77,37.73333333333333,51.78303036068292,0,0,1
2026-07-03 19:00:00,0.0,0.0,0.0,0.0,0.0,0.0,0.0,0.0,0.0,26.0,26.01,0.7,0.49,8.19,0.0,True,19,0,3,7,4,0.0,16.43,5.476666666666667,9.48586492289461,0,0,1
2026-07-03 19:15:00,0.0,0.0,0.0,0.0,0.0,0.0,0.0,0.0,0.0,26.18,26.42,0.7,0.5,8.19,0.0,True,19,15,3,7,4,0.0,0.0,0.0,4.547283625467954e-05,0,0,1
2026-07-03 19:30:00,0.0,0.0,0.0,0.0,0.0,0.0,0.0,0.0,0.0,25.96,25.95,1.26,0.84,8.19,0.0,True,19,30,3,7,4,0.0,0.0,0.0,4.547283625467954e-05,0,0,1
2026-07-03 19:45:00,0.0,0.0,0.0,0.0,0.0,0.0,0.0,0.0,0.0,26.19,26.26,1.41,1.06,8.19,0.0,True,19,45,3,7,4,0.0,0.0,0.0,4.547283625467954e-05,0,0,1
2026-07-03 20:00:00,0.0,0.0,0.0,0.0,0.0,0.0,0.0,0.0,0.0,25.48,25.46,1.53,1.11,8.19,0.0,True,20,0,3,7,4,0.0,0.0,0.0,4.547283625467954e-05,0,0,1
2026-07-03 20:15:00,0.0,0.0,0.0,0.0,0.0,0.0,0.0,0.0,0.0,26.12,26.14,1.32,1.0,8.19,0.0,True,20,15,3,7,4,0.0,0.0,0.0,4.547283625467954e-05,0,0,1
2026-07-03 20:30:00,0.0,0.0,0.0,0.0,0.0,0.0,0.0,0.0,0.0,25.95,25.96,1.72,1.27,8.19,0.0,True,20,30,3,7,4,0.0,0.0,0.0,4.547283625467954e-05,0,0,1
2026-07-03 20:45:00,0.0,0.0,0.0,0.0,0.0,0.0,0.0,0.0,0.0,26.35,26.25,1.72,1.02,8.19,0.0,True,20,45,3,7,4,0.0,0.0,0.0,4.547283625467954e-05,0,0,1
2026-07-03 21:00:00,0.0,0.0,0.0,0.0,0.0,0.0,0.0,0.0,0.0,26.34,26.25,1.73,0.83,8.19,0.0,True,21,0,3,7,4,0.0,0.0,0.0,4.547283625467954e-05,0,0,1
2026-07-03 21:15:00,0.0,0.0,0.0,0.0,0.0,0.0,0.0,0.0,0.0,26.41,26.39,1.59,0.52,8.19,0.0,True,21,15,3,7,4,0.0,0.0,0.0,4.547283625467954e-05,0,0,1
2026-07-03 21:30:00,0.0,0.0,0.0,0.0,0.0,0.0,0.0,0.0,0.0,26.41,26.41,2.11,0.74,8.19,0.0,True,21,30,3,7,4,0.0,0.0,0.0,4.547283625467954e-05,0,0,1
2026-07-03 21:45:00,0.0,0.0,0.0,0.0,0.0,0.0,0.0,0.0,0.0,27.01,27.07,2.09,0.56,8.19,0.0,True,21,45,3,7,4,0.0,0.0,0.0,4.547283625467954e-05,0,0,1
2026-07-03 22:00:00,0.0,0.0,0.0,0.0,0.0,0.0,0.0,0.0,0.0,26.53,26.52,1.0,0.42,8.19,0.0,True,22,0,3,7,4,0.0,0.0,0.0,4.547283625467954e-05,0,0,1
2026-07-03 22:15:00,0.0,0.0,0.0,0.0,0.0,0.0,0.0,0.0,0.0,25.98,25.93,0.33,0.42,8.19,0.0,True,22,15,3,7,4,0.0,0.0,0.0,4.547283625467954e-05,0,0,1
2026-07-03 22:30:00,0.0,0.0,0.0,0.0,0.0,0.0,0.0,0.0,0.0,26.28,26.33,0.28,0.41,8.19,0.0,True,22,30,3,7,4,0.0,0.0,0.0,4.547283625467954e-05,0,0,1
2026-07-03 22:45:00,0.0,0.0,0.0,0.0,0.0,0.0,0.0,0.0,0.0,26.16,26.17,0.33,0.43,8.19,0.0,True,22,45,3,7,4,0.0,0.0,0.0,4.547283625467954e-05,0,0,1
2026-07-03 23:00:00,0.0,0.0,0.0,0.0,0.0,0.0,0.0,0.0,0.0,26.05,26.07,0.33,0.43,8.19,0.0,True,23,0,3,7,4,0.0,0.0,0.0,4.547283625467954e-05,0,0,1
2026-07-03 23:15:00,0.0,0.0,0.0,0.0,0.0,0.0,0.0,0.0,0.0,26.45,26.51,0.3,0.43,8.19,0.0,True,23,15,3,7,4,0.0,0.0,0.0,4.547283625467954e-05,0,0,1
2026-07-03 23:30:00,0.0,0.0,0.0,0.0,0.0,0.0,0.0,0.0,0.0,26.28,26.32,0.29,0.42,8.19,0.0,True,23,30,3,7,4,0.0,0.0,0.0,4.547283625467954e-05,0,0,1
2026-07-03 23:45:00,0.0,0.0,0.0,0.0,0.0,0.0,0.0,0.0,0.0,25.47,25.39,0.35,0.44,8.19,0.0,True,23,45,3,7,4,0.0,0.0,0.0,4.547283625467954e-05,0,0,1
2026-07-04 00:15:00,0.0,0.0,0.0,0.0,0.0,0.0,0.0,0.0,0.0,25.98,26.03,0.36,0.43,0.0,0.0,True,0,15,4,7,5,0.0,0.0,0.0,0.0,0,1,0
2026-07-04 00:30:00,0.0,0.0,0.0,0.0,0.0,0.0,0.0,0.0,0.0,25.66,25.64,0.33,0.42,0.0,0.0,True,0,30,4,7,5,0.0,0.0,0.0,0.0,0,1,0
2026-07-04 00:45:00,0.0,0.0,0.0,0.0,0.0,0.0,0.0,0.0,0.0,25.92,25.9,0.33,0.43,0.0,0.0,True,0,45,4,7,5,0.0,0.0,0.0,0.0,0,1,0
2026-07-04 01:00:00,0.0,0.0,0.0,0.0,0.0,0.0,0.0,0.0,0.0,26.15,26.2,0.34,0.44,0.0,0.0,True,1,0,4,7,5,0.0,0.0,0.0,0.0,0,1,0
2026-07-04 01:15:00,0.0,0.0,0.0,0.0,0.0,0.0,0.0,0.0,0.0,25.96,25.99,0.41,0.49,0.0,0.0,True,1,15,4,7,5,0.0,0.0,0.0,0.0,0,1,0
2026-07-04 01:30:00,0.0,0.0,0.0,0.0,0.0,0.0,0.0,0.0,0.0,26.36,26.46,0.31,0.43,0.0,0.0,True,1,30,4,7,5,0.0,0.0,0.0,0.0,0,1,0
2026-07-04 01:45:00,0.0,0.0,0.0,0.0,0.0,0.0,0.0,0.0,0.0,25.86,25.87,0.34,0.44,0.0,0.0,True,1,45,4,7,5,0.0,0.0,0.0,0.0,0,1,0
2026-07-04 02:00:00,0.0,0.0,0.0,0.0,0.0,0.0,0.0,0.0,0.0,26.07,26.11,0.33,0.45,0.0,0.0,True,2,0,4,7,5,0.0,0.0,0.0,0.0,0,1,0
2026-07-04 02:15:00,0.0,0.0,0.0,0.0,0.0,0.0,0.0,0.0,0.0,25.82,25.81,0.35,0.44,0.0,0.0,True,2,15,4,7,5,0.0,0.0,0.0,0.0,0,1,0
2026-07-04 02:30:00,0.0,0.0,0.0,0.0,0.0,0.0,0.0,0.0,0.0,26.1,26.12,0.41,0.48,0.0,0.0,True,2,30,4,7,5,0.0,0.0,0.0,0.0,0,1,0
2026-07-04 02:45:00,0.0,0.0,0.0,0.0,0.0,0.0,0.0,0.0,0.0,26.01,26.0,0.38,0.46,0.0,0.0,True,2,45,4,7,5,0.0,0.0,0.0,0.0,0,1,0
2026-07-04 03:00:00,0.0,0.0,0.0,0.0,0.0,0.0,0.0,0.0,0.0,26.41,26.48,0.41,0.48,0.0,0.0,True,3,0,4,7,5,0.0,0.0,0.0,0.0,0,1,0
2026-07-04 03:15:00,0.0,0.0,0.0,0.0,0.0,0.0,0.0,0.0,0.0,26.18,26.23,0.36,0.46,0.0,0.0,True,3,15,4,7,5,0.0,0.0,0.0,0.0,0,1,0
2026-07-04 03:30:00,0.0,0.0,0.0,0.0,0.0,0.0,0.0,0.0,0.0,26.23,26.27,0.42,0.49,0.0,0.0,True,3,30,4,7,5,0.0,0.0,0.0,0.0,0,1,0
2026-07-04 03:45:00,0.0,0.0,0.0,0.0,0.0,0.0,0.0,0.0,0.0,26.36,26.4,0.4,0.48,0.0,0.0,True,3,45,4,7,5,0.0,0.0,0.0,0.0,0,1,0
2026-07-04 04:00:00,0.0,0.0,0.0,0.0,0.0,0.0,0.0,0.0,0.0,26.26,26.27,0.39,0.47,0.0,0.0,True,4,0,4,7,5,0.0,0.0,0.0,0.0,0,1,0
2026-07-04 04:15:00,0.0,0.0,0.0,0.0,0.0,0.0,0.0,0.0,0.0,26.23,26.22,0.35,0.44,0.0,0.0,True,4,15,4,7,5,0.0,0.0,0.0,0.0,0,1,0
2026-07-04 04:30:00,0.0,0.0,0.0,0.0,0.0,0.0,0.0,0.0,0.0,26.19,26.2,0.59,0.44,0.0,0.0,True,4,30,4,7,5,0.0,0.0,0.0,0.0,0,1,0
2026-07-04 04:45:00,0.0,0.0,0.0,0.0,0.0,0.0,0.0,0.0,0.0,26.06,26.12,0.86,0.44,0.0,0.0,True,4,45,4,7,5,0.0,0.0,0.0,0.0,0,1,0
2026-07-04 05:00:00,0.0,0.0,0.0,0.0,0.0,0.0,0.0,0.0,0.0,25.84,25.72,0.85,0.39,0.0,0.0,True,5,0,4,7,5,0.0,0.0,0.0,0.0,0,1,0
2026-07-04 05:15:00,0.0,0.0,0.0,0.0,0.0,0.0,0.0,0.0,0.0,25.92,25.67,0.74,0.43,0.0,0.0,True,5,15,4,7,5,0.0,0.0,0.0,0.0,0,1,0
2026-07-04 05:30:00,0.0,0.0,0.0,0.0,0.0,0.0,0.0,0.0,0.0,26.24,26.19,0.71,0.43,0.0,0.0,True,5,30,4,7,5,0.0,0.0,0.0,0.0,0,1,0
2026-07-04 05:45:00,0.0,0.0,0.0,0.0,0.0,0.0,0.0,0.0,0.0,26.36,26.32,1.1,0.5,0.0,0.0,True,5,45,4,7,5,0.0,0.0,0.0,0.0,0,1,0
2026-07-04 06:00:00,0.0,0.0,0.0,0.0,0.0,0.0,0.0,0.0,0.0,26.03,25.97,3.48,2.68,0.0,0.0,True,6,0,4,7,5,0.0,0.0,0.0,0.0,0,1,0
2026-07-04 06:15:00,1.1,0.0,0.0,0.0,0.0,6.74,6.97,0.0,0.0,26.5,26.6,6.62,5.84,0.0,1.52,True,6,15,4,7,5,0.0,0.0,0.3666666666666667,0.6350852961085883,0,1,0
2026-07-04 06:30:00,51.38,19.92,20.56,19.85,20.49,21.03,21.71,3.7,3.81,26.86,26.88,11.6,10.62,0.0,40.56,True,6,30,4,7,5,1.1,0.0,17.493333333333336,29.35186762939172,0,1,0
2026-07-04 06:45:00,201.46,51.19,52.78,53.24,54.89,51.59,53.19,51.88,53.48,27.08,27.18,24.59,23.78,0.02,75.08,True,6,45,4,7,5,51.38,1.1,84.64666666666666,104.24027884332108,1,1,0
2026-07-04 07:00:00,240.87,61.62,63.52,64.12,66.08,62.2,64.12,62.43,64.35,27.38,27.4,29.59,28.59,0.05,74.67,True,7,0,4,7,5,201.46,51.38,164.57000000000002,99.98634456764582,1,1,0
2026-07-04 07:15:00,407.21,102.48,104.82,106.78,109.14,104.05,106.41,104.43,106.79,27.92,28.01,45.6,44.71,0.09,82.1,True,7,15,4,7,5,240.87,201.46,283.18,109.2056211923177,1,1,0
2026-07-04 07:30:00,450.64,113.06,115.5,118.95,121.4,112.83,115.28,114.26,116.71,27.79,27.75,50.52,49.59,0.14,81.97,True,7,30,4,7,5,407.21,240.87,366.24,110.72384070289462,1,1,0
2026-07-04 07:45:00,561.69,139.42,142.12,145.81,148.59,142.82,145.56,142.26,145.0,28.31,28.36,60.29,59.29,0.19,85.8,True,7,45,4,7,5,450.64,407.21,473.18,79.66841469490898,1,1,0
2026-07-04 08:00:00,750.13,190.59,194.0,198.61,203.21,188.77,193.14,188.92,193.46,28.99,29.06,81.71,80.06,0.27,84.77,True,8,0,4,7,5,561.69,450.64,587.4866666666667,151.40233166412372,1,1,0
2026-07-04 08:15:00,729.07,182.13,185.42,191.92,196.64,179.71,184.33,180.18,184.81,29.27,29.27,78.82,77.01,0.35,85.52,True,8,15,4,7,5,750.13,561.69,680.2966666666667,103.25471869766199,1,1,0
2026-07-04 08:30:00,894.03,221.6,225.41,228.74,233.73,226.89,231.85,224.14,229.08,28.98,28.94,88.66,88.03,0.44,93.12,True,8,30,4,7,5,729.07,750.13,791.0766666666667,89.77985594404397,1,1,0
2026-07-04 08:45:00,1400.63,347.17,352.78,362.39,368.97,348.12,354.5,349.95,356.35,28.64,28.78,137.01,134.61,0.59,94.27,True,8,45,4,7,5,894.03,729.07,1007.91,349.9638541335376,1,1,0
2026-07-04 09:00:00,986.73,246.86,251.02,265.08,270.34,239.83,244.87,242.94,248.02,28.78,28.97,105.45,103.8,0.69,86.33,True,9,0,4,7,5,1400.63,894.03,1093.7966666666666,269.7375452793573,1,1,0
2026-07-04 09:15:00,1345.86,330.6,335.96,346.15,352.48,339.37,345.62,334.23,340.4,29.92,30.16,136.63,134.37,0.83,91.3,True,9,15,4,7,5,986.73,1400.63,1244.4066666666668,224.8285716570143,1,1,0
2026-07-04 09:30:00,2947.92,715.66,729.08,732.24,744.19,754.02,766.25,739.24,751.27,32.91,33.25,306.5,305.23,1.13,90.25,True,9,30,4,7,5,1345.86,986.73,1760.17,1044.1772531998577,1,1,0
2026-07-04 09:45:00,3156.05,774.19,788.95,798.99,811.89,793.83,806.66,795.52,808.39,35.74,36.19,330.29,327.78,1.46,90.73,True,9,45,4,7,5,2947.92,1345.86,2483.276666666667,990.5135180467416,1,1,0
2026-07-04 10:00:00,3252.0,794.72,809.99,813.07,826.19,837.07,850.62,826.09,839.44,35.82,36.36,340.15,339.74,1.8,90.81,True,10,0,4,7,5,3156.05,2947.92,3118.656666666667,155.45049898064624,1,1,0
2026-07-04 10:15:00,3673.31,894.48,912.56,910.32,925.28,947.64,963.33,928.14,943.44,36.3,36.89,388.25,387.81,2.17,90.04,True,10,15,4,7,5,3252.0,3156.05,3360.4533333333334,275.15644828593713,1,1,0
2026-07-04 10:30:00,4578.36,1121.21,1145.99,1185.21,1205.75,1163.28,1183.35,1156.49,1176.41,38.34,38.83,484.21,480.97,2.66,90.76,True,10,30,4,7,5,3673.31,3252.0,3834.556666666666,677.722714709586,1,1,0
2026-07-04 10:45:00,4453.96,1084.93,1108.61,1140.02,1159.6,1114.13,1133.16,1114.31,1133.35,38.37,38.79,474.0,468.88,3.12,90.21,True,10,45,4,7,5,4578.36,3673.31,4235.21,490.578788269527,1,1,0
2026-07-04 11:00:00,4294.25,1052.18,1074.87,1095.05,1113.69,1068.95,1087.06,1073.85,1092.06,39.11,39.84,455.4,452.2,3.57,90.81,True,11,0,4,7,5,4453.96,4578.36,4442.19,142.420232762053,1,1,0
2026-07-04 11:15:00,3313.11,813.94,829.76,853.11,866.96,807.49,820.51,822.65,835.93,37.66,38.33,346.45,344.43,3.91,91.53,True,11,15,4,7,5,4294.25,4453.96,4020.44,617.7488305937915,1,1,0
2026-07-04 11:30:00,2345.09,579.19,589.22,611.87,621.88,575.42,584.87,583.15,592.72,36.08,36.62,235.2,233.44,4.16,94.8,True,11,30,4,7,5,3313.11,4294.25,3317.483333333333,974.5873593133298,1,1,0
2026-07-04 11:45:00,2730.31,672.6,684.93,693.87,705.17,680.21,691.36,680.67,691.8,35.38,35.83,288.79,287.08,4.44,89.63,True,11,45,4,7,5,2345.09,3313.11,2796.1699999999996,487.3590409544031,1,1,0
2026-07-04 12:00:00,1488.67,374.08,380.17,392.45,399.41,358.58,365.08,367.52,374.15,33.87,33.98,152.36,150.46,4.6,92.05,True,12,0,4,7,5,2730.31,2345.09,2188.023333333333,635.5469500621713,1,0,1
2026-07-04 12:15:00,1075.76,265.99,270.39,275.51,280.84,270.43,275.7,269.91,275.17,31.49,31.63,107.14,106.68,4.71,93.67,True,12,15,4,7,5,1488.67,2730.31,1764.9133333333332,861.171707636362,1,0,1
2026-07-04 12:30:00,1242.4,308.44,313.5,320.06,326.02,307.97,313.76,309.89,315.71,31.46,31.58,121.84,120.45,4.84,95.12,True,12,30,4,7,5,1075.76,1488.67,1268.943333333333,207.7307835476668,1,0,1
2026-07-04 12:45:00,1207.58,296.04,300.91,302.73,308.44,310.97,316.79,303.27,308.98,31.47,31.72,117.61,116.96,4.97,95.78,True,12,45,4,7,5,1242.4,1075.76,1175.2466666666662,87.8994068997483,1,0,1
2026-07-04 13:00:00,2199.15,549.2,558.72,556.09,565.34,562.36,571.68,559.47,568.75,31.6,31.72,223.15,224.18,5.2,91.98,True,13,0,4,7,5,1207.58,1242.4,1549.7099999999998,562.7009359331068,1,0,1
2026-07-04 13:15:00,1719.45,420.48,427.42,434.83,442.29,439.36,446.88,434.36,441.81,33.98,34.23,170.17,169.1,5.38,95.23,True,13,15,4,7,5,2199.15,1207.58,1708.7266666666665,495.8719679850111,1,0,1
2026-07-04 13:30:00,1071.04,264.85,269.26,267.06,272.4,275.68,281.14,271.95,277.34,31.2,31.25,105.88,105.75,5.5,94.26,True,13,30,4,7,5,1719.45,2199.15,1663.2133333333331,566.1536585003472,1,0,1
2026-07-04 13:45:00,1279.06,318.51,323.69,333.21,339.36,317.9,323.85,319.58,325.53,29.03,29.01,127.73,124.68,5.63,92.48,True,13,45,4,7,5,1071.04,1719.45,1356.5166666666664,331.0717949830936,1,0,1
2026-07-04 14:00:00,2520.32,626.32,637.9,649.99,660.77,626.32,636.72,627.69,638.1,30.34,30.4,246.79,241.26,5.88,94.82,True,14,0,4,7,5,1279.06,1071.04,1623.4733333333331,783.6252533790165,1,0,1
2026-07-04 14:15:00,1298.06,329.99,335.38,360.18,366.72,306.52,312.38,321.78,327.83,31.48,31.43,154.75,148.95,6.02,78.25,True,14,15,4,7,5,2520.32,1279.06,1699.1466666666663,711.2204176859153,1,0,1
2026-07-04 14:30:00,1634.0,409.52,416.53,413.26,420.66,434.79,442.45,423.63,431.17,29.88,29.88,144.6,143.07,6.2,104.73,True,14,30,4,7,5,1298.06,2520.32,1817.4599999999998,631.4452118751037,1,0,1
2026-07-04 14:45:00,2020.23,497.02,505.69,518.27,527.02,497.43,505.87,499.47,507.95,30.58,30.66,225.83,222.39,6.41,83.14,True,14,45,4,7,5,1634.0,1298.06,1650.763333333333,361.3767206577199,1,0,1
2026-07-04 15:00:00,666.21,166.61,169.72,169.27,173.7,167.07,171.41,166.3,170.65,30.14,30.04,75.81,73.95,6.48,81.53,True,15,0,4,7,5,2020.23,1634.0,1440.1466666666663,697.5147856736282,1,0,1
2026-07-04 15:15:00,575.8,144.54,147.31,146.82,151.0,148.3,152.52,145.67,149.85,28.2,28.13,59.37,57.38,6.54,89.26,True,15,15,4,7,5,666.21,2020.23,1087.413333333333,809.106724872144,1,0,1
2026-07-04 15:30:00,497.04,124.92,127.47,127.99,131.74,123.85,127.56,124.22,127.94,27.5,27.41,51.3,48.75,6.59,88.93,True,15,30,4,7,5,575.8,666.21,579.683333333333,84.65183065549775,1,0,1
2026-07-04 15:45:00,558.59,141.49,144.2,146.68,150.88,136.46,140.48,139.07,143.15,27.28,27.27,60.79,58.08,6.65,84.27,True,15,45,4,7,5,497.04,575.8,543.8099999999997,41.407978699686765,1,0,1
2026-07-04 16:00:00,453.04,114.95,117.38,117.37,120.98,115.15,118.7,114.21,117.74,27.75,27.87,49.86,48.28,6.7,83.49,True,16,0,4,7,5,558.59,497.04,502.8899999999997,53.01761499722236,1,0,1
2026-07-04 16:15:00,752.09,185.14,188.45,184.87,189.39,199.72,204.39,192.45,197.04,27.79,27.89,75.93,75.4,6.78,91.02,True,16,15,4,7,5,453.04,558.59,587.9066666666664,151.66517673258772,1,0,1
2026-07-04 16:30:00,852.6,210.64,214.32,212.65,217.51,220.19,225.15,216.36,221.27,27.8,27.65,92.85,92.5,6.86,84.39,True,16,30,4,7,5,752.09,453.04,685.9099999999997,207.83862177178182,1,0,1
2026-07-04 16:45:00,685.27,170.09,173.2,174.52,178.92,174.93,179.33,173.57,177.95,28.47,28.51,74.69,74.01,6.94,84.54,True,16,45,4,7,5,852.6,752.09,763.3199999999997,84.22836161290225,1,0,1
2026-07-04 17:00:00,523.9,130.65,133.2,129.23,133.15,140.48,144.6,134.61,138.64,28.62,28.63,58.16,57.27,6.99,83.06,True,17,0,4,7,5,685.27,852.6,687.2566666666663,164.3590053307914,1,0,1
2026-07-04 17:15:00,415.55,104.47,106.82,100.31,103.42,113.5,116.95,108.16,111.49,28.41,28.62,48.27,46.98,7.03,79.31,True,17,15,4,7,5,523.9,685.27,541.573333333333,135.72575154821206,1,0,1
2026-07-04 17:30:00,268.62,69.12,71.15,69.15,71.33,71.13,73.36,69.01,71.17,27.77,27.81,30.88,29.57,7.07,79.92,True,17,30,4,7,5,415.55,523.9,402.68999999999966,128.12495580484523,1,0,1
2026-07-04 17:45:00,252.81,66.4,68.34,67.92,70.06,63.2,65.2,63.96,65.97,27.53,27.53,27.84,26.23,7.09,83.37,True,17,45,4,7,5,268.62,415.55,312.32666666666637,89.742862854529,1,0,1
2026-07-04 18:00:00,117.01,32.9,33.94,32.23,33.29,31.05,32.07,31.02,32.04,27.3,27.39,15.02,13.77,7.1,71.45,True,18,0,4,7,5,252.81,268.62,212.81333333333305,83.34385420249481,0,0,1
2026-07-04 18:15:00,86.55,25.84,26.66,24.55,25.37,24.04,24.86,23.83,24.64,26.71,26.5,12.12,11.24,7.11,65.35,True,18,15,4,7,5,117.01,252.81,152.12333333333302,88.51726686543512,0,0,1
2026-07-04 18:30:00,44.73,16.11,16.64,14.37,14.88,14.54,15.07,14.35,14.87,26.86,26.86,8.63,7.94,7.12,47.45,True,18,30,4,7,5,86.55,117.01,82.76333333333302,36.28847934712337,0,0,1
2026-07-04 18:45:00,11.1,4.44,4.62,4.29,4.46,3.78,3.95,3.85,4.01,26.89,26.92,3.59,2.93,7.12,28.35,True,18,45,4,7,5,44.73,86.55,47.45999999999969,37.799011891757644,0,0,1
2026-07-04 19:00:00,0.0,0.01,0.02,0.0,0.0,0.03,0.03,0.01,0.01,26.48,26.43,0.42,0.4,7.12,0.0,True,19,0,4,7,5,11.1,44.73,18.609999999999697,23.291485568619517,0,0,1
2026-07-04 19:15:00,0.0,0.0,0.0,0.0,0.0,0.0,0.0,0.0,0.0,26.34,26.31,0.34,0.4,7.12,0.0,True,19,15,4,7,5,0.0,11.1,3.699999999999697,6.408587987474199,0,0,1
2026-07-04 19:30:00,0.0,0.0,0.0,0.0,0.0,0.0,0.0,0.0,0.0,26.34,26.29,0.3,0.39,7.12,0.0,True,19,30,4,7,5,0.0,0.0,0.0,0.0,0,0,1
2026-07-04 19:45:00,0.0,0.0,0.0,0.0,0.0,0.0,0.0,0.0,0.0,26.76,26.67,0.31,0.37,7.12,0.0,True,19,45,4,7,5,0.0,0.0,0.0,0.0,0,0,1
2026-07-04 20:00:00,0.0,0.0,0.0,0.0,0.0,0.0,0.0,0.0,0.0,26.41,26.32,0.33,0.38,7.12,0.0,True,20,0,4,7,5,0.0,0.0,0.0,0.0,0,0,1
2026-07-04 20:15:00,0.0,0.0,0.0,0.0,0.0,0.0,0.0,0.0,0.0,26.6,26.56,0.25,0.35,7.12,0.0,True,20,15,4,7,5,0.0,0.0,0.0,0.0,0,0,1
2026-07-04 20:30:00,0.0,0.0,0.0,0.0,0.0,0.0,0.0,0.0,0.0,26.84,26.85,0.34,0.39,7.12,0.0,True,20,30,4,7,5,0.0,0.0,0.0,0.0,0,0,1
2026-07-04 20:45:00,0.0,0.0,0.0,0.0,0.0,0.0,0.0,0.0,0.0,26.58,26.55,0.34,0.38,7.12,0.0,True,20,45,4,7,5,0.0,0.0,0.0,0.0,0,0,1
2026-07-04 21:00:00,0.0,0.0,0.0,0.0,0.0,0.0,0.0,0.0,0.0,26.36,26.34,0.44,0.42,7.12,0.0,True,21,0,4,7,5,0.0,0.0,0.0,0.0,0,0,1
2026-07-04 21:15:00,0.0,0.0,0.0,0.0,0.0,0.0,0.0,0.0,0.0,26.26,26.24,0.32,0.39,7.12,0.0,True,21,15,4,7,5,0.0,0.0,0.0,0.0,0,0,1
2026-07-04 21:30:00,0.0,0.0,0.0,0.0,0.0,0.0,0.0,0.0,0.0,26.3,26.33,0.32,0.39,7.12,0.0,True,21,30,4,7,5,0.0,0.0,0.0,0.0,0,0,1
2026-07-04 21:45:00,0.0,0.0,0.0,0.0,0.0,0.0,0.0,0.0,0.0,26.25,26.18,0.29,0.37,7.12,0.0,True,21,45,4,7,5,0.0,0.0,0.0,0.0,0,0,1
2026-07-04 22:00:00,0.0,0.0,0.0,0.0,0.0,0.0,0.0,0.0,0.0,26.35,26.34,0.32,0.39,7.12,0.0,True,22,0,4,7,5,0.0,0.0,0.0,0.0,0,0,1
2026-07-04 22:15:00,0.0,0.0,0.0,0.0,0.0,0.0,0.0,0.0,0.0,26.84,26.94,0.35,0.41,7.12,0.0,True,22,15,4,7,5,0.0,0.0,0.0,0.0,0,0,1
2026-07-04 22:30:00,0.0,0.0,0.0,0.0,0.0,0.0,0.0,0.0,0.0,26.44,26.5,0.3,0.38,7.12,0.0,True,22,30,4,7,5,0.0,0.0,0.0,0.0,0,0,1
2026-07-04 22:45:00,0.0,0.0,0.0,0.0,0.0,0.0,0.0,0.0,0.0,26.76,26.8,0.39,0.42,7.12,0.0,True,22,45,4,7,5,0.0,0.0,0.0,0.0,0,0,1
2026-07-04 23:00:00,0.0,0.0,0.0,0.0,0.0,0.0,0.0,0.0,0.0,26.66,26.75,0.34,0.39,7.12,0.0,True,23,0,4,7,5,0.0,0.0,0.0,0.0,0,0,1
2026-07-04 23:15:00,0.0,0.0,0.0,0.0,0.0,0.0,0.0,0.0,0.0,26.07,25.93,0.4,0.41,7.12,0.0,True,23,15,4,7,5,0.0,0.0,0.0,0.0,0,0,1
2026-07-04 23:30:00,0.0,0.0,0.0,0.0,0.0,0.0,0.0,0.0,0.0,26.31,26.29,0.33,0.39,7.12,0.0,True,23,30,4,7,5,0.0,0.0,0.0,0.0,0,0,1
2026-07-04 23:45:00,0.0,0.0,0.0,0.0,0.0,0.0,0.0,0.0,0.0,26.58,26.7,0.27,0.4,7.12,0.0,True,23,45,4,7,5,0.0,0.0,0.0,0.0,0,0,1
2026-07-05 00:15:00,0.0,0.0,0.0,0.0,0.0,0.0,0.0,0.0,0.0,26.87,26.72,0.31,0.39,0.0,0.0,True,0,15,5,7,6,0.0,0.0,0.0,0.0,0,1,0
2026-07-05 00:30:00,0.0,0.0,0.0,0.0,0.0,0.0,0.0,0.0,0.0,26.76,26.71,0.35,0.38,0.0,0.0,True,0,30,5,7,6,0.0,0.0,0.0,0.0,0,1,0
2026-07-05 00:45:00,0.0,0.0,0.0,0.0,0.0,0.0,0.0,0.0,0.0,26.86,26.88,0.37,0.39,0.0,0.0,True,0,45,5,7,6,0.0,0.0,0.0,0.0,0,1,0
2026-07-05 01:00:00,0.0,0.0,0.0,0.0,0.0,0.0,0.0,0.0,0.0,26.55,26.53,0.37,0.38,0.0,0.0,True,1,0,5,7,6,0.0,0.0,0.0,0.0,0,1,0
2026-07-05 01:15:00,0.0,0.0,0.0,0.0,0.0,0.0,0.0,0.0,0.0,26.35,26.32,0.3,0.38,0.0,0.0,True,1,15,5,7,6,0.0,0.0,0.0,0.0,0,1,0
2026-07-05 01:30:00,0.0,0.0,0.0,0.0,0.0,0.0,0.0,0.0,0.0,26.44,26.42,0.39,0.41,0.0,0.0,True,1,30,5,7,6,0.0,0.0,0.0,0.0,0,1,0
2026-07-05 01:45:00,0.0,0.0,0.0,0.0,0.0,0.0,0.0,0.0,0.0,26.92,26.98,0.3,0.38,0.0,0.0,True,1,45,5,7,6,0.0,0.0,0.0,0.0,0,1,0
2026-07-05 02:00:00,0.0,0.0,0.0,0.0,0.0,0.0,0.0,0.0,0.0,26.9,26.92,0.33,0.39,0.0,0.0,True,2,0,5,7,6,0.0,0.0,0.0,0.0,0,1,0
2026-07-05 02:15:00,0.0,0.0,0.0,0.0,0.0,0.0,0.0,0.0,0.0,26.8,26.84,0.37,0.41,0.0,0.0,True,2,15,5,7,6,0.0,0.0,0.0,0.0,0,1,0
2026-07-05 02:30:00,0.0,0.0,0.0,0.0,0.0,0.0,0.0,0.0,0.0,26.66,26.64,0.27,0.36,0.0,0.0,True,2,30,5,7,6,0.0,0.0,0.0,0.0,0,1,0
2026-07-05 02:45:00,0.0,0.0,0.0,0.0,0.0,0.0,0.0,0.0,0.0,26.55,26.6,0.35,0.39,0.0,0.0,True,2,45,5,7,6,0.0,0.0,0.0,0.0,0,1,0
2026-07-05 03:00:00,0.0,0.0,0.0,0.0,0.0,0.0,0.0,0.0,0.0,26.08,26.11,0.32,0.39,0.0,0.0,True,3,0,5,7,6,0.0,0.0,0.0,0.0,0,1,0
2026-07-05 03:15:00,0.0,0.0,0.0,0.0,0.0,0.0,0.0,0.0,0.0,25.87,25.83,0.32,0.38,0.0,0.0,True,3,15,5,7,6,0.0,0.0,0.0,0.0,0,1,0
2026-07-05 03:30:00,0.0,0.0,0.0,0.0,0.0,0.0,0.0,0.0,0.0,26.0,26.04,0.23,0.37,0.0,0.0,True,3,30,5,7,6,0.0,0.0,0.0,0.0,0,1,0
2026-07-05 03:45:00,0.0,0.0,0.0,0.0,0.0,0.0,0.0,0.0,0.0,25.52,25.49,0.35,0.4,0.0,0.0,True,3,45,5,7,6,0.0,0.0,0.0,0.0,0,1,0
2026-07-05 04:00:00,0.0,0.0,0.0,0.0,0.0,0.0,0.0,0.0,0.0,25.96,25.96,0.37,0.43,0.0,0.0,True,4,0,5,7,6,0.0,0.0,0.0,0.0,0,1,0
2026-07-05 04:15:00,0.0,0.0,0.0,0.0,0.0,0.0,0.0,0.0,0.0,25.74,25.76,0.4,0.43,0.0,0.0,True,4,15,5,7,6,0.0,0.0,0.0,0.0,0,1,0
2026-07-05 04:30:00,0.0,0.0,0.0,0.0,0.0,0.0,0.0,0.0,0.0,25.48,25.44,0.41,0.43,0.0,0.0,True,4,30,5,7,6,0.0,0.0,0.0,0.0,0,1,0
2026-07-05 04:45:00,0.0,0.0,0.0,0.0,0.0,0.0,0.0,0.0,0.0,25.97,26.0,0.41,0.43,0.0,0.0,True,4,45,5,7,6,0.0,0.0,0.0,0.0,0,1,0
2026-07-05 05:00:00,0.0,0.0,0.0,0.0,0.0,0.0,0.0,0.0,0.0,25.67,25.6,0.5,0.44,0.0,0.0,True,5,0,5,7,6,0.0,0.0,0.0,0.0,0,1,0
2026-07-05 05:15:00,0.0,0.0,0.0,0.0,0.0,0.0,0.0,0.0,0.0,26.0,26.04,0.68,0.42,0.0,0.0,True,5,15,5,7,6,0.0,0.0,0.0,0.0,0,1,0
2026-07-05 05:30:00,0.0,0.0,0.0,0.0,0.0,0.0,0.0,0.0,0.0,26.02,25.84,0.55,0.42,0.0,0.0,True,5,30,5,7,6,0.0,0.0,0.0,0.0,0,1,0
2026-07-05 05:45:00,0.0,0.0,0.0,0.0,0.0,0.0,0.0,0.0,0.0,26.32,26.28,0.78,0.41,0.0,0.0,True,5,45,5,7,6,0.0,0.0,0.0,0.0,0,1,0
2026-07-05 06:00:00,3.25,0.0,0.0,0.0,0.0,2.12,2.2,2.45,2.54,26.61,26.56,3.21,2.25,0.0,9.27,True,6,0,5,7,6,0.0,0.0,1.0833333333333333,1.876388374866284,0,1,0
2026-07-05 06:15:00,37.89,6.97,7.19,5.45,5.62,18.77,19.37,19.18,19.8,26.31,26.24,9.95,8.99,0.0,34.79,True,6,15,5,7,6,3.25,0.0,13.713333333333333,21.000572214426285,0,1,0
2026-07-05 06:30:00,112.87,30.84,31.81,32.27,33.29,30.65,31.62,31.1,32.08,27.05,27.16,15.23,14.08,0.01,67.92,True,6,30,5,7,6,37.89,3.25,51.336666666666666,56.033434066933054,0,1,0
2026-07-05 06:45:00,179.85,47.02,48.48,49.22,50.75,46.91,48.37,47.6,49.08,26.79,26.77,21.66,20.51,0.03,75.98,True,6,45,5,7,6,112.87,37.89,110.20333333333333,71.01755933100863,1,1,0
2026-07-05 07:00:00,276.07,70.15,72.21,72.74,74.84,71.14,73.22,71.71,73.79,27.12,27.18,31.76,31.08,0.06,79.67,True,7,0,5,7,6,179.85,112.87,189.59666666666666,82.03540780256613,1,1,0
2026-07-05 07:15:00,312.38,78.89,81.07,81.79,84.01,80.28,82.47,80.89,83.09,27.16,27.17,35.08,34.62,0.09,81.62,True,7,15,5,7,6,276.07,179.85,256.09999999999997,68.4846763882257,1,1,0
2026-07-05 07:30:00,378.15,95.05,97.42,98.67,101.06,96.08,98.45,97.1,99.48,27.84,28.02,41.52,41.11,0.13,83.72,True,7,30,5,7,6,312.38,276.07,322.2,51.74365564975093,1,1,0
2026-07-05 07:45:00,498.13,124.12,126.69,129.2,131.81,126.36,128.96,127.52,130.12,28.08,28.26,52.37,52.01,0.18,87.51,True,7,45,5,7,6,378.15,312.38,396.22,94.18417754591269,1,1,0
2026-07-05 08:00:00,816.89,203.68,207.27,208.64,213.31,208.01,212.67,206.81,211.55,27.71,27.76,78.93,78.97,0.27,95.07,True,8,0,5,7,6,498.13,378.15,564.39,226.75093737402722,1,1,0
2026-07-05 08:15:00,1069.81,265.46,269.87,274.75,280.09,268.29,273.55,269.28,274.55,27.8,27.85,108.48,108.1,0.38,90.62,True,8,15,5,7,6,816.89,498.13,794.9433333333333,286.471198785032,1,1,0
2026-07-05 08:30:00,1183.16,292.87,297.7,305.1,310.85,293.57,299.15,296.56,302.18,27.87,27.97,113.92,113.07,0.5,95.47,True,8,30,5,7,6,1069.81,816.89,1023.2866666666665,187.51464911663138,1,1,0
2026-07-05 08:45:00,1269.28,313.83,318.98,323.04,329.06,318.42,324.37,318.78,324.73,27.49,27.27,128.22,127.7,0.63,90.86,True,8,45,5,7,6,1183.16,1069.81,1174.0833333333333,100.04428835937313,1,1,0
2026-07-05 09:00:00,1149.01,285.8,290.52,297.94,303.59,283.0,288.42,286.99,292.46,29.52,29.49,114.78,112.07,0.75,92.64,True,9,0,5,7,6,1269.28,1183.16,1200.4833333333333,61.978154484732755,1,1,0
2026-07-05 09:15:00,997.29,249.56,253.72,260.73,265.84,244.6,249.57,249.05,254.06,29.98,30.16,98.97,96.6,0.85,93.43,True,9,15,5,7,6,1149.01,1269.28,1138.5266666666666,136.29770810007537,1,1,0
2026-07-05 09:30:00,1138.62,282.34,286.99,292.61,298.17,283.65,289.08,285.5,290.95,30.25,30.43,114.55,113.51,0.97,92.26,True,9,30,5,7,6,997.29,1149.01,1094.9733333333334,84.75560886061356,1,1,0
2026-07-05 09:45:00,1702.02,421.93,428.83,436.91,444.4,420.36,427.66,426.32,433.69,31.14,31.39,167.06,165.21,1.14,94.91,True,9,45,5,7,6,1138.62,997.29,1279.3099999999997,372.83555396447923,1,1,0
2026-07-05 10:00:00,1465.49,363.39,369.26,376.83,383.59,362.88,369.45,368.3,374.94,32.02,32.36,139.88,138.05,1.3,97.95,True,10,0,5,7,6,1702.02,1138.62,1435.3766666666663,282.9045769041808,1,1,0
2026-07-05 10:15:00,2285.62,564.43,574.35,585.79,595.5,568.22,577.67,572.79,582.31,30.98,31.11,235.45,231.54,1.53,90.37,True,10,15,5,7,6,1465.49,1702.02,1817.7099999999998,422.12727500127284,1,1,0
2026-07-05 10:30:00,4123.57,1020.75,1042.48,1081.23,1099.58,1001.08,1017.81,1027.02,1044.26,36.31,36.8,419.89,412.0,1.95,93.47,True,10,30,5,7,6,2285.62,1465.49,2624.893333333333,1361.1308231148591,1,1,0
2026-07-05 10:45:00,4263.41,1049.99,1072.58,1161.69,1181.86,994.57,1011.22,1050.73,1068.57,39.51,40.25,441.2,427.63,2.4,93.22,True,10,45,5,7,6,4123.57,2285.62,3557.533333333333,1103.7261671417123,1,1,0
2026-07-05 11:00:00,3645.85,909.49,928.07,970.54,986.72,894.02,908.8,908.73,923.75,37.93,38.63,370.05,362.23,2.78,94.41,True,11,0,5,7,6,4263.41,4123.57,4010.943333333333,323.81887365213174,1,1,0
2026-07-05 11:15:00,2632.17,652.45,664.32,694.5,705.86,643.54,654.07,654.58,665.29,37.32,37.9,293.44,288.06,3.07,85.73,True,11,15,5,7,6,3645.85,4263.41,3513.81,823.5969315144405,1,1,0
2026-07-05 11:30:00,3228.99,800.42,815.97,855.25,869.27,786.2,798.97,798.06,811.02,34.93,35.27,309.16,303.05,3.4,98.83,True,11,30,5,7,6,2632.17,3645.85,3169.0033333333336,509.49542268143625,1,1,0
2026-07-05 11:45:00,3090.79,756.8,771.04,789.49,802.16,778.65,791.13,771.72,784.07,36.47,37.14,323.29,319.22,3.71,91.05,True,11,45,5,7,6,3228.99,2632.17,2983.983333333333,312.4168307459372,1,1,0
2026-07-05 12:00:00,3086.57,754.22,768.44,777.83,790.39,786.41,799.1,775.26,787.77,36.14,36.68,312.13,309.21,4.04,94.05,True,12,0,5,7,6,3090.79,3228.99,3135.4499999999994,81.03549099007282,1,0,1
2026-07-05 12:15:00,2962.58,735.9,749.75,782.85,795.62,714.25,725.85,732.17,744.06,36.92,37.46,298.19,291.95,4.35,94.8,True,12,15,5,7,6,3086.57,3090.79,3046.646666666666,72.83443851184414,1,0,1
2026-07-05 12:30:00,2097.1,518.53,527.25,546.12,555.13,514.96,523.47,521.49,530.1,34.78,35.26,207.48,204.96,4.57,95.59,True,12,30,5,7,6,2962.58,3086.57,2715.4166666666665,539.0547330590244,1,0,1
2026-07-05 12:45:00,2178.01,537.04,546.18,560.89,570.14,541.79,550.76,546.52,555.55,33.45,33.74,213.42,212.05,4.8,95.98,True,12,45,5,7,6,2097.1,2962.58,2412.5633333333335,478.0432587468796,1,0,1
2026-07-05 13:00:00,2925.99,719.48,732.75,745.53,757.42,734.79,746.54,735.69,747.45,35.45,36.01,296.1,296.21,5.1,93.71,True,13,0,5,7,6,2178.01,2097.1,2400.366666666667,456.99729040043115,1,0,1
2026-07-05 13:15:00,3069.23,753.08,767.34,803.65,816.73,755.04,767.3,768.42,780.91,35.88,36.26,312.08,309.51,5.42,93.43,True,13,15,5,7,6,2925.99,2178.01,2724.41,478.58556643509695,1,0,1
2026-07-05 13:30:00,2683.34,662.55,674.63,699.07,710.5,660.41,671.2,672.79,683.78,35.95,36.05,277.88,276.93,5.71,91.76,True,13,30,5,7,6,3069.23,2925.99,2892.853333333333,195.06742945283335,1,0,1
2026-07-05 13:45:00,1322.86,325.82,331.16,338.67,344.87,323.71,329.7,327.01,333.04,34.1,34.04,137.39,136.85,5.84,90.8,True,13,45,5,7,6,2683.34,3069.23,2358.4766666666665,917.3898752620589,1,0,1
2026-07-05 14:00:00,1036.5,259.71,264.0,273.57,278.85,251.85,256.89,258.64,263.73,31.83,32.28,102.71,101.72,5.95,94.28,True,14,0,5,7,6,1322.86,2683.34,1680.8999999999999,879.8664544122605,1,0,1
2026-07-05 14:15:00,1005.16,251.34,255.53,262.83,267.99,247.78,252.8,251.6,256.65,31.41,31.74,101.18,100.07,6.05,92.65,True,14,15,5,7,6,1036.5,1322.86,1121.5066666666667,175.07976049028463,1,0,1
2026-07-05 14:30:00,1061.17,262.6,266.94,270.42,275.64,269.36,274.57,268.18,273.37,31.5,31.72,111.47,111.66,6.16,88.82,True,14,30,5,7,6,1005.16,1036.5,1034.2766666666666,28.071113859899857,1,0,1
2026-07-05 14:45:00,1085.21,269.27,273.72,277.23,282.55,274.12,279.4,273.68,278.95,31.46,31.72,110.83,110.06,6.28,91.34,True,14,45,5,7,6,1061.17,1005.16,1050.5133333333333,41.07522408137859,1,0,1
2026-07-05 15:00:00,1303.45,321.67,326.93,331.38,337.51,329.09,335.19,328.07,334.15,32.03,32.31,125.22,124.11,6.42,97.32,True,15,0,5,7,6,1085.21,1061.17,1149.9433333333334,133.482968701387,1,0,1
2026-07-05 15:15:00,1285.29,318.11,323.34,330.92,337.05,320.0,325.97,321.98,327.98,32.37,32.71,128.25,126.77,6.54,93.83,True,15,15,5,7,6,1303.45,1085.21,1224.65,121.09946985846858,1,0,1
2026-07-05 15:30:00,1720.76,424.96,431.85,441.62,449.21,427.22,434.63,429.09,436.52,32.96,33.33,167.74,166.09,6.72,96.28,True,15,30,5,7,6,1285.29,1303.45,1436.5,246.34377828555398,1,0,1
2026-07-05 15:45:00,2057.94,507.77,516.28,525.61,534.31,514.19,522.72,514.61,523.15,34.28,34.69,207.01,204.82,6.94,93.81,True,15,45,5,7,6,1720.76,1285.29,1687.996666666667,387.3655671756791,1,0,1
2026-07-05 16:00:00,2033.09,503.38,511.79,525.31,533.98,502.59,510.92,507.35,515.75,35.8,36.52,203.13,200.95,7.15,95.05,True,16,0,5,7,6,2057.94,1720.76,1937.2633333333335,187.90862309467207,1,0,1
2026-07-05 16:15:00,2020.37,501.34,509.71,530.63,539.38,489.37,497.54,500.66,508.99,35.67,36.02,201.57,198.59,7.36,95.14,True,16,15,5,7,6,2033.09,2057.94,2037.1333333333334,19.108574864063925,1,0,1
2026-07-05 16:30:00,1608.17,397.26,403.71,413.85,421.07,398.09,405.12,400.96,408.02,35.64,36.13,169.33,168.11,7.53,90.13,True,16,30,5,7,6,2020.37,2033.09,1887.21,241.73940679997148,1,0,1
2026-07-05 16:45:00,1349.05,332.07,337.49,340.92,347.19,341.42,347.7,339.49,345.75,34.24,34.7,137.73,137.91,7.67,92.42,True,16,45,5,7,6,1608.17,2020.37,1659.1966666666667,338.55638545644854,1,0,1
2026-07-05 17:00:00,1089.55,270.78,275.3,280.78,286.26,270.73,276.11,272.78,278.17,33.35,33.64,115.12,114.17,7.78,88.97,True,17,0,5,7,6,1349.05,1608.17,1348.9233333333334,259.3100232026044,1,0,1
2026-07-05 17:15:00,621.64,157.02,159.96,162.14,166.54,154.82,159.12,156.15,160.47,32.53,32.75,67.98,66.7,7.85,85.67,True,17,15,5,7,6,1089.55,1349.05,1020.08,368.64737582139617,1,0,1
2026-07-05 17:30:00,368.57,95.19,97.53,98.38,101.44,91.61,94.46,93.07,95.97,30.94,31.0,40.02,39.3,7.89,85.72,True,17,30,5,7,6,621.64,1089.55,693.2533333333334,365.7859923962848,1,0,1
2026-07-05 17:45:00,259.14,68.09,70.1,69.32,71.5,65.75,67.82,66.35,68.43,30.39,30.35,30.49,29.99,7.92,78.94,True,17,45,5,7,6,368.57,621.64,416.4500000000001,185.9326041876506,1,0,1
2026-07-05 18:00:00,206.34,55.02,56.72,55.38,57.14,53.47,55.17,53.57,55.27,29.85,29.97,25.56,25.02,7.94,74.8,True,18,0,5,7,6,259.14,368.57,278.0166666666668,82.74593424051014,1,0,1
2026-07-05 18:15:00,145.35,40.08,41.33,39.82,41.11,38.46,39.71,38.51,39.76,29.41,29.4,19.5,18.82,7.96,68.97,True,18,15,5,7,6,206.34,259.14,203.61000000000013,56.944101538275824,0,0,1
2026-07-05 18:30:00,61.74,19.9,20.54,18.92,19.57,18.02,18.65,18.12,18.75,29.02,29.06,11.17,10.51,7.96,51.05,True,18,30,5,7,6,145.35,206.34,137.81000000000014,72.5942745676368,0,0,1
2026-07-05 18:45:00,9.12,4.5,4.67,3.86,4.02,3.71,3.88,3.54,3.7,28.58,28.55,3.77,3.2,7.96,22.28,True,18,45,5,7,6,61.74,145.35,72.07000000000015,68.69996288209632,0,0,1
2026-07-05 19:00:00,0.0,0.03,0.03,0.04,0.04,0.02,0.02,0.01,0.02,28.01,27.87,0.57,0.38,7.96,0.0,True,19,0,5,7,6,9.12,61.74,23.62000000000015,33.32633193139309,0,0,1
2026-07-05 19:15:00,0.0,0.0,0.0,0.0,0.0,0.0,0.0,0.0,0.0,28.2,28.23,0.23,0.31,7.96,0.0,True,19,15,5,7,6,0.0,9.12,3.0400000000001515,5.265434455140618,0,0,1
2026-07-05 19:30:00,0.0,0.0,0.0,0.0,0.0,0.0,0.0,0.0,0.0,28.4,28.51,0.22,0.33,7.96,0.0,True,19,30,5,7,6,0.0,0.0,0.0,3.7157221943642796e-05,0,0,1
2026-07-05 19:45:00,0.0,0.0,0.0,0.0,0.0,0.0,0.0,0.0,0.0,28.29,28.55,0.25,0.33,7.96,0.0,True,19,45,5,7,6,0.0,0.0,0.0,3.7157221943642796e-05,0,0,1
2026-07-05 20:00:00,0.0,0.0,0.0,0.0,0.0,0.0,0.0,0.0,0.0,28.65,28.75,0.32,0.34,7.96,0.0,True,20,0,5,7,6,0.0,0.0,0.0,3.7157221943642796e-05,0,0,1
2026-07-05 20:15:00,0.0,0.0,0.0,0.0,0.0,0.0,0.0,0.0,0.0,0.0,0.0,0.0,0.0,7.96,0.0,True,20,15,5,7,6,0.0,0.0,0.0,3.7157221943642796e-05,0,0,1
2026-07-05 20:30:00,0.0,0.0,0.0,0.0,0.0,0.0,0.0,0.0,0.0,26.81,26.62,0.39,0.35,7.96,0.0,True,20,30,5,7,6,0.0,0.0,0.0,3.7157221943642796e-05,0,0,1
2026-07-05 20:45:00,0.0,0.0,0.0,0.0,0.0,0.0,0.0,0.0,0.0,0.0,0.0,0.0,0.0,7.96,0.0,True,20,45,5,7,6,0.0,0.0,0.0,3.7157221943642796e-05,0,0,1
2026-07-05 21:00:00,0.0,0.0,0.0,0.0,0.0,0.0,0.0,0.0,0.0,0.0,0.0,0.0,0.0,7.96,0.0,True,21,0,5,7,6,0.0,0.0,0.0,3.7157221943642796e-05,0,0,1
2026-07-05 21:15:00,0.0,0.0,0.0,0.0,0.0,0.0,0.0,0.0,0.0,0.0,0.0,0.0,0.0,7.96,0.0,True,21,15,5,7,6,0.0,0.0,0.0,3.7157221943642796e-05,0,0,1
2026-07-05 21:30:00,0.0,0.0,0.0,0.0,0.0,0.0,0.0,0.0,0.0,0.0,0.0,0.0,0.0,7.96,0.0,True,21,30,5,7,6,0.0,0.0,0.0,3.7157221943642796e-05,0,0,1
2026-07-05 21:45:00,0.0,0.0,0.0,0.0,0.0,0.0,0.0,0.0,0.0,26.25,26.14,0.32,0.34,7.96,0.0,True,21,45,5,7,6,0.0,0.0,0.0,3.7157221943642796e-05,0,0,1
2026-07-05 22:00:00,0.0,0.0,0.0,0.0,0.0,0.0,0.0,0.0,0.0,26.1,26.01,0.29,0.34,7.96,0.0,True,22,0,5,7,6,0.0,0.0,0.0,3.7157221943642796e-05,0,0,1
2026-07-05 22:15:00,0.0,0.0,0.0,0.0,0.0,0.0,0.0,0.0,0.0,26.83,26.85,0.28,0.36,7.96,0.0,True,22,15,5,7,6,0.0,0.0,0.0,3.7157221943642796e-05,0,0,1
2026-07-05 22:30:00,0.0,0.0,0.0,0.0,0.0,0.0,0.0,0.0,0.0,26.89,26.85,0.35,0.38,7.96,0.0,True,22,30,5,7,6,0.0,0.0,0.0,3.7157221943642796e-05,0,0,1
2026-07-05 22:45:00,0.0,0.0,0.0,0.0,0.0,0.0,0.0,0.0,0.0,27.0,26.85,0.29,0.36,7.96,0.0,True,22,45,5,7,6,0.0,0.0,0.0,3.7157221943642796e-05,0,0,1
2026-07-05 23:00:00,0.0,0.0,0.0,0.0,0.0,0.0,0.0,0.0,0.0,27.23,27.02,0.32,0.37,7.96,0.0,True,23,0,5,7,6,0.0,0.0,0.0,3.7157221943642796e-05,0,0,1
2026-07-05 23:15:00,0.0,0.0,0.0,0.0,0.0,0.0,0.0,0.0,0.0,26.77,26.68,0.27,0.36,7.96,0.0,True,23,15,5,7,6,0.0,0.0,0.0,3.7157221943642796e-05,0,0,1
2026-07-05 23:30:00,0.0,0.0,0.0,0.0,0.0,0.0,0.0,0.0,0.0,26.96,26.87,0.3,0.37,7.96,0.0,True,23,30,5,7,6,0.0,0.0,0.0,3.7157221943642796e-05,0,0,1
2026-07-05 23:45:00,0.0,0.0,0.0,0.0,0.0,0.0,0.0,0.0,0.0,27.71,27.75,0.32,0.37,7.96,0.0,True,23,45,5,7,6,0.0,0.0,0.0,3.7157221943642796e-05,0,0,1
2026-07-06 00:15:00,0.0,0.0,0.0,0.0,0.0,0.0,0.0,0.0,0.0,28.13,28.2,0.3,0.36,0.0,0.0,True,0,15,6,7,0,0.0,0.0,0.0,0.0,0,1,0
2026-07-06 00:30:00,0.0,0.0,0.0,0.0,0.0,0.0,0.0,0.0,0.0,27.88,27.89,0.26,0.35,0.0,0.0,True,0,30,6,7,0,0.0,0.0,0.0,0.0,0,1,0
2026-07-06 00:45:00,0.0,0.0,0.0,0.0,0.0,0.0,0.0,0.0,0.0,27.82,27.83,0.36,0.38,0.0,0.0,True,0,45,6,7,0,0.0,0.0,0.0,0.0,0,1,0
2026-07-06 01:00:00,0.0,0.0,0.0,0.0,0.0,0.0,0.0,0.0,0.0,27.55,27.52,0.29,0.35,0.0,0.0,True,1,0,6,7,0,0.0,0.0,0.0,0.0,0,1,0
2026-07-06 01:15:00,0.0,0.0,0.0,0.0,0.0,0.0,0.0,0.0,0.0,27.83,27.89,0.28,0.35,0.0,0.0,True,1,15,6,7,0,0.0,0.0,0.0,0.0,0,1,0
2026-07-06 01:30:00,0.0,0.0,0.0,0.0,0.0,0.0,0.0,0.0,0.0,27.4,27.36,0.28,0.35,0.0,0.0,True,1,30,6,7,0,0.0,0.0,0.0,0.0,0,1,0
2026-07-06 01:45:00,0.0,0.0,0.0,0.0,0.0,0.0,0.0,0.0,0.0,27.53,27.52,0.24,0.35,0.0,0.0,True,1,45,6,7,0,0.0,0.0,0.0,0.0,0,1,0
2026-07-06 02:00:00,0.0,0.0,0.0,0.0,0.0,0.0,0.0,0.0,0.0,27.55,27.58,0.23,0.35,0.0,0.0,True,2,0,6,7,0,0.0,0.0,0.0,0.0,0,1,0
2026-07-06 02:15:00,0.0,0.0,0.0,0.0,0.0,0.0,0.0,0.0,0.0,27.61,27.63,0.3,0.36,0.0,0.0,True,2,15,6,7,0,0.0,0.0,0.0,0.0,0,1,0
2026-07-06 02:30:00,0.0,0.0,0.0,0.0,0.0,0.0,0.0,0.0,0.0,27.71,27.72,0.26,0.35,0.0,0.0,True,2,30,6,7,0,0.0,0.0,0.0,0.0,0,1,0
2026-07-06 02:45:00,0.0,0.0,0.0,0.0,0.0,0.0,0.0,0.0,0.0,27.77,27.81,0.21,0.35,0.0,0.0,True,2,45,6,7,0,0.0,0.0,0.0,0.0,0,1,0
2026-07-06 03:00:00,0.0,0.0,0.0,0.0,0.0,0.0,0.0,0.0,0.0,27.15,27.14,0.23,0.33,0.0,0.0,True,3,0,6,7,0,0.0,0.0,0.0,0.0,0,1,0
2026-07-06 03:15:00,0.0,0.0,0.0,0.0,0.0,0.0,0.0,0.0,0.0,27.4,27.38,0.25,0.33,0.0,0.0,True,3,15,6,7,0,0.0,0.0,0.0,0.0,0,1,0
2026-07-06 03:30:00,0.0,0.0,0.0,0.0,0.0,0.0,0.0,0.0,0.0,27.39,27.41,0.34,0.37,0.0,0.0,True,3,30,6,7,0,0.0,0.0,0.0,0.0,0,1,0
2026-07-06 03:45:00,0.0,0.0,0.0,0.0,0.0,0.0,0.0,0.0,0.0,27.32,27.26,0.24,0.35,0.0,0.0,True,3,45,6,7,0,0.0,0.0,0.0,0.0,0,1,0
2026-07-06 04:00:00,0.0,0.0,0.0,0.0,0.0,0.0,0.0,0.0,0.0,27.36,27.35,0.3,0.36,0.0,0.0,True,4,0,6,7,0,0.0,0.0,0.0,0.0,0,1,0
2026-07-06 04:15:00,0.0,0.0,0.0,0.0,0.0,0.0,0.0,0.0,0.0,27.42,27.52,0.3,0.36,0.0,0.0,True,4,15,6,7,0,0.0,0.0,0.0,0.0,0,1,0
2026-07-06 04:30:00,0.0,0.0,0.0,0.0,0.0,0.0,0.0,0.0,0.0,27.36,27.47,0.32,0.37,0.0,0.0,True,4,30,6,7,0,0.0,0.0,0.0,0.0,0,1,0
2026-07-06 04:45:00,0.0,0.0,0.0,0.0,0.0,0.0,0.0,0.0,0.0,27.56,27.67,0.37,0.38,0.0,0.0,True,4,45,6,7,0,0.0,0.0,0.0,0.0,0,1,0
2026-07-06 05:00:00,0.0,0.0,0.0,0.0,0.0,0.0,0.0,0.0,0.0,27.27,27.31,0.33,0.37,0.0,0.0,True,5,0,6,7,0,0.0,0.0,0.0,0.0,0,1,0
2026-07-06 05:15:00,0.0,0.0,0.0,0.0,0.0,0.0,0.0,0.0,0.0,27.38,27.45,0.29,0.36,0.0,0.0,True,5,15,6,7,0,0.0,0.0,0.0,0.0,0,1,0
2026-07-06 05:30:00,0.0,0.0,0.0,0.0,0.0,0.0,0.0,0.0,0.0,27.32,27.38,0.31,0.37,0.0,0.0,True,5,30,6,7,0,0.0,0.0,0.0,0.0,0,1,0
2026-07-06 05:45:00,0.0,0.0,0.0,0.0,0.0,0.0,0.0,0.0,0.0,27.26,27.27,0.77,0.52,0.0,0.0,True,5,45,6,7,0,0.0,0.0,0.0,0.0,0,1,0
2026-07-06 06:00:00,20.2,0.0,0.0,0.0,0.0,10.76,11.11,11.9,12.29,27.04,27.13,6.71,6.15,0.0,27.56,True,6,0,6,7,0,0.0,0.0,6.733333333333333,11.66247543763044,0,1,0
2026-07-06 06:15:00,178.63,43.24,44.53,42.23,43.47,52.5,54.07,52.93,54.52,27.22,27.32,23.79,23.48,0.02,68.83,True,6,15,6,7,0,20.2,0.0,66.27666666666666,97.8236353512449,1,1,0
2026-07-06 06:30:00,468.99,117.99,120.48,123.19,125.74,119.18,121.68,120.28,122.8,27.78,27.79,51.67,51.31,0.06,83.41,True,6,30,6,7,0,178.63,20.2,222.60666666666665,227.60399037216663,1,1,0
2026-07-06 06:45:00,714.62,178.1,181.33,185.45,189.2,179.47,183.06,181.25,184.95,28.43,28.48,76.9,75.99,0.14,85.61,True,6,45,6,7,0,468.99,178.63,454.08,268.30589091557414,1,1,0
2026-07-06 07:00:00,969.49,241.02,245.07,250.49,255.55,241.98,246.96,243.68,248.68,28.28,28.17,100.96,100.28,0.24,88.42,True,7,0,6,7,0,714.62,468.99,717.7000000000002,250.26421498088763,1,1,0
2026-07-06 07:15:00,1285.85,317.58,322.77,329.99,336.1,323.01,329.02,323.54,329.55,29.58,29.62,139.07,138.88,0.37,85.59,True,7,15,6,7,0,969.49,714.62,989.9866666666667,286.1660588422974,1,1,0
2026-07-06 07:30:00,1282.57,315.98,321.17,327.88,333.97,321.84,327.84,322.52,328.53,30.88,31.06,138.04,137.11,0.51,86.46,True,7,30,6,7,0,1285.85,969.49,1179.3033333333333,181.7110776296624,1,1,0
2026-07-06 07:45:00,1108.36,274.1,278.66,281.33,286.79,278.54,283.95,278.8,284.22,30.89,31.07,121.05,120.69,0.62,85.21,True,7,45,6,7,0,1282.57,1285.85,1225.5933333333332,101.5402897047926,1,1,0
2026-07-06 08:00:00,1683.73,415.21,421.98,431.94,439.4,418.17,425.45,421.56,428.89,30.73,30.74,174.78,173.31,0.79,89.59,True,8,0,6,7,0,1108.36,1282.57,1358.22,295.0505907467394,1,1,0
2026-07-06 08:15:00,2099.17,518.02,526.74,542.65,551.63,515.2,523.76,524.83,533.54,32.41,32.57,218.14,214.76,1.01,90.11,True,8,15,6,7,0,1683.73,1108.36,1630.42,497.55158637069974,1,1,0
2026-07-06 08:30:00,2748.1,677.7,689.94,712.31,723.83,677.41,688.41,684.68,695.79,34.42,34.55,277.87,274.64,1.29,93.39,True,8,30,6,7,0,2099.17,1683.73,2177.0,536.4363950180856,1,1,0
2026-07-06 08:45:00,3460.63,851.56,868.45,900.52,915.3,847.54,861.34,860.34,874.39,36.17,36.48,370.74,367.49,1.65,88.79,True,8,45,6,7,0,2748.1,2099.17,2769.3000000000006,680.9775421407079,1,1,0
2026-07-06 09:00:00,3497.1,855.97,872.96,892.01,906.6,873.49,887.74,878.47,892.81,37.65,37.84,374.28,370.19,2.02,89.43,True,9,0,6,7,0,3460.63,2748.1,3235.2766666666666,422.3012474920394,1,1,0
2026-07-06 09:15:00,4024.74,991.63,1012.53,1076.56,1094.89,967.09,983.16,1025.62,1042.89,38.29,38.62,417.56,411.15,2.42,92.5,True,9,15,6,7,0,3497.1,3460.63,3660.8233333333333,315.6881696125667,1,1,0
2026-07-06 09:30:00,4147.49,1028.64,1050.59,1067.55,1085.61,1040.67,1058.22,1051.96,1069.7,39.62,40.07,445.63,441.85,2.88,89.83,True,9,30,6,7,0,4024.74,3497.1,3889.776666666666,345.5620263184782,1,1,0
2026-07-06 09:45:00,3510.88,862.43,879.6,908.91,923.84,866.99,881.11,880.8,895.18,39.14,39.67,365.61,362.61,3.24,92.49,True,9,45,6,7,0,4147.49,4024.74,3894.3699999999994,337.7355854807118,1,1,0
2026-07-06 10:00:00,2584.17,637.72,649.47,700.72,712.33,609.33,619.38,640.28,650.84,38.85,39.55,291.76,287.24,3.52,85.2,True,10,0,6,7,0,3510.88,4147.49,3414.18,786.1332731159514,1,1,0
2026-07-06 10:15:00,1622.99,396.81,403.23,412.44,419.66,411.89,419.09,407.45,414.59,35.36,35.94,163.87,161.95,3.67,93.89,True,10,15,6,7,0,2584.17,3510.88,2572.68,943.9974460240868,1,1,0
2026-07-06 10:30:00,1892.73,462.52,470.14,478.35,486.37,479.69,487.75,477.32,485.34,33.8,34.25,188.41,186.27,3.88,94.61,True,10,30,6,7,0,1622.99,2584.17,2033.2966666666664,495.76807978462244,1,1,0
2026-07-06 10:45:00,2267.33,553.54,563.11,572.56,581.97,573.71,583.13,567.45,576.77,34.1,34.43,221.82,219.9,4.11,96.39,True,10,45,6,7,0,1892.73,1622.99,1927.6833333333332,323.5889530458846,1,1,0
2026-07-06 11:00:00,2648.04,648.3,659.86,673.29,684.26,668.72,679.6,665.95,676.8,35.75,36.29,271.18,267.83,4.39,92.72,True,11,0,6,7,0,2267.33,1892.73,2269.3666666666663,377.659118827193,1,1,0
2026-07-06 11:15:00,2242.72,550.57,559.96,584.33,593.96,549.26,558.34,558.78,568.02,35.7,36.33,225.9,223.19,4.62,94.25,True,11,15,6,7,0,2648.04,2267.33,2386.0299999999993,227.2407162020018,1,1,0
2026-07-06 11:30:00,1822.44,446.2,453.54,465.03,472.95,461.17,469.04,458.1,465.92,34.94,35.41,189.07,189.23,4.82,91.21,True,11,30,6,7,0,2242.72,2648.04,2237.733333333333,412.8225891752194,1,1,0
2026-07-06 11:45:00,1212.08,295.26,300.12,299.09,304.75,315.39,321.29,307.82,313.6,33.72,34.33,126.67,128.79,4.94,90.09,True,11,45,6,7,0,1822.44,2242.72,1759.0799999999997,518.2331228317989,1,1,0
2026-07-06 12:00:00,1365.83,335.41,340.86,349.73,356.12,344.11,350.43,343.58,349.89,32.8,32.92,136.1,136.62,5.08,94.13,True,12,0,6,7,0,1212.08,1822.44,1466.7833333333328,317.45631830746674,1,0,1
2026-07-06 12:15:00,1453.33,358.12,364.08,373.99,380.69,361.89,368.43,363.89,370.45,33.03,33.25,144.74,143.3,5.23,94.27,True,12,15,6,7,0,1365.83,1212.08,1343.7466666666662,122.13167416084785,1,0,1
2026-07-06 12:30:00,3925.13,958.91,978.87,1003.26,1020.07,983.98,1000.44,988.72,1005.25,36.07,36.45,398.47,394.56,5.64,93.65,True,12,30,6,7,0,1453.33,1365.83,2248.0966666666664,1453.012272258336,1,0,1
2026-07-06 12:45:00,2931.18,709.67,722.71,736.8,748.65,743.46,755.38,736.01,747.83,37.88,38.33,307.63,307.68,5.94,91.29,True,12,45,6,7,0,3925.13,1453.33,2769.8799999999997,1243.7693023627812,1,0,1
2026-07-06 13:00:00,3137.89,771.71,786.42,803.09,816.08,781.29,793.89,784.78,797.43,37.57,38.14,320.38,318.49,6.26,93.71,True,13,0,6,7,0,2931.18,3925.13,3331.3999999999996,524.4699616755948,1,0,1
2026-07-06 13:15:00,2382.08,588.17,598.55,612.89,622.88,591.71,601.42,594.26,603.99,36.19,36.53,240.34,237.61,6.52,94.28,True,13,15,6,7,0,3137.89,2931.18,2817.0499999999993,390.61673248850894,1,0,1
2026-07-06 13:30:00,2916.56,713.02,726.15,740.12,752.06,737.14,749.01,732.72,744.53,36.61,37.03,292.06,292.27,6.81,95.16,True,13,30,6,7,0,2382.08,3137.89,2812.1766666666663,388.56672430012935,1,0,1
2026-07-06 13:45:00,2705.28,661.78,673.62,683.15,694.24,683.27,694.35,678.97,689.99,36.53,37.0,269.63,270.46,7.1,95.58,True,13,45,6,7,0,2916.56,2382.08,2667.973333333333,269.18591741272917,1,0,1
2026-07-06 14:00:00,4099.61,994.15,1015.2,1032.64,1050.26,1044.2,1062.05,1038.36,1056.12,38.03,38.56,406.41,408.01,7.52,96.7,True,14,0,6,7,0,2705.28,2916.56,3240.483333333333,751.4877122304346,1,0,1
2026-07-06 14:15:00,4913.59,1205.8,1233.06,1250.06,1272.06,1244.39,1266.3,1237.79,1259.52,42.83,43.48,524.85,523.13,8.02,91.6,True,14,15,6,7,0,4099.61,2705.28,3906.16,1116.7924788876398,1,0,1
2026-07-06 14:30:00,6005.28,1375.58,1407.37,1570.14,1600.16,1503.23,1531.54,1539.8,1569.02,45.35,46.29,656.6,656.19,8.66,90.47,True,14,30,6,7,0,4913.59,4099.61,5006.16,956.2015691788006,1,0,1
2026-07-06 14:45:00,4131.21,1007.97,1029.46,1044.33,1062.03,1037.49,1055.08,1035.64,1053.19,44.88,45.62,460.86,459.82,9.09,88.49,True,14,45,6,7,0,6005.28,4913.59,5016.693333333333,941.2796153286935,1,0,1
2026-07-06 15:00:00,3670.43,898.55,916.74,928.56,943.86,928.33,943.64,921.77,936.95,40.59,41.15,380.78,378.9,9.46,93.41,True,15,0,6,7,0,4131.21,6005.28,4602.306666666666,1236.6609004223155,1,0,1
2026-07-06 15:15:00,3302.39,815.35,831.47,841.35,855.34,821.13,834.71,838.72,852.67,39.57,40.28,358.4,360.5,9.81,88.91,True,15,15,6,7,0,3670.43,4131.21,3701.343333333333,415.2738539004466,1,0,1
2026-07-06 15:30:00,3190.53,779.49,794.44,803.53,816.61,815.55,828.85,803.91,816.99,39.06,39.39,327.39,329.81,10.13,93.83,True,15,30,6,7,0,3302.39,3670.43,3387.783333333333,251.08767101020405,1,0,1
2026-07-06 15:45:00,3136.31,765.24,779.73,787.07,799.7,790.81,803.51,783.77,796.34,40.98,41.81,339.42,340.08,10.47,89.7,True,15,45,6,7,0,3190.53,3302.39,3209.7433333333333,84.69064726006079,1,0,1
2026-07-06 16:00:00,2596.33,643.98,655.5,676.77,687.74,639.31,649.71,647.01,657.52,40.23,40.98,277.15,277.76,10.75,90.65,True,16,0,6,7,0,3136.31,3190.53,2974.3899999999994,328.53002115483156,1,0,1
2026-07-06 16:15:00,2324.82,576.89,586.82,598.05,607.91,575.73,585.22,582.38,591.98,37.68,38.24,237.82,237.39,10.99,93.58,True,16,15,6,7,0,2596.33,3136.31,2685.8199999999997,413.0803191874348,1,0,1
2026-07-06 16:30:00,1609.51,397.72,404.22,414.83,422.05,396.91,403.9,401.35,408.4,37.2,37.67,172.07,171.68,11.16,89.35,True,16,30,6,7,0,2324.82,2596.33,2176.8866666666663,509.77115594482626,1,0,1
2026-07-06 16:45:00,1120.37,279.71,284.35,292.58,298.18,276.33,281.73,279.42,284.86,35.34,35.73,118.67,117.23,11.28,89.49,True,16,45,6,7,0,1609.51,2324.82,1684.8999999999996,605.7538193853914,1,0,1
2026-07-06 17:00:00,463.07,120.0,122.39,125.34,128.46,112.34,115.27,116.46,119.48,33.23,33.44,49.86,48.65,11.33,87.26,True,17,0,6,7,0,1120.37,1609.51,1064.3166666666664,575.2718057868993,1,0,1
2026-07-06 17:15:00,235.84,62.89,64.8,64.71,66.75,58.88,60.74,60.39,62.3,27.36,27.42,24.06,21.71,11.35,89.92,True,17,15,6,7,0,463.07,1120.37,606.4266666666664,459.3600773176944,1,0,1
2026-07-06 17:30:00,237.31,62.69,64.6,64.61,66.65,60.54,62.46,60.96,62.88,27.07,27.07,27.84,25.74,11.38,78.09,True,17,30,6,7,0,235.84,463.07,312.07333333333304,130.76901480594316,1,0,1
2026-07-06 17:45:00,185.59,49.57,51.11,48.98,50.55,49.43,51.01,48.78,50.34,26.99,26.9,23.93,22.05,11.4,71.05,True,17,45,6,7,0,237.31,235.84,219.5799999999997,29.44537824486669,1,0,1
2026-07-06 18:00:00,155.58,42.56,43.89,42.09,43.44,40.9,42.23,40.9,42.22,26.77,26.93,20.77,18.36,11.41,68.55,True,18,0,6,7,0,185.59,237.31,192.82666666666637,41.3427772811224,0,0,1
2026-07-06 18:15:00,140.45,38.91,40.13,38.35,39.59,37.08,38.28,37.14,38.35,26.64,26.59,20.11,17.93,11.43,63.88,True,18,15,6,7,0,155.58,185.59,160.5399999999997,22.975119150572958,0,0,1
2026-07-06 18:30:00,106.7,30.99,31.97,30.03,31.02,29.13,30.1,29.04,30.0,26.74,26.82,16.69,15.01,11.44,58.49,True,18,30,6,7,0,140.45,155.58,134.24333333333303,25.024101049113618,0,0,1
2026-07-06 18:45:00,39.55,14.91,15.4,13.34,13.83,13.14,13.62,13.1,13.58,26.66,26.65,9.25,8.01,11.44,39.1,True,18,45,6,7,0,106.7,140.45,95.56666666666636,51.363078503104646,0,0,1
2026-07-06 19:00:00,3.1,1.43,1.49,1.46,1.52,0.86,0.92,0.88,0.94,26.29,26.16,2.7,1.64,11.44,10.47,True,19,0,6,7,0,39.55,106.7,49.783333333333026,52.552648204594824,0,0,1
2026-07-06 19:15:00,0.0,0.0,0.0,0.0,0.0,0.0,0.0,0.0,0.0,26.41,26.3,0.94,0.43,11.44,0.0,True,19,15,6,7,0,3.1,39.55,14.216666666666363,21.993995392282823,0,0,1
2026-07-06 19:30:00,0.0,0.0,0.0,0.0,0.0,0.0,0.0,0.0,0.0,26.51,26.31,0.59,0.42,11.44,0.0,True,19,30,6,7,0,0.0,3.1,1.0333333333330301,1.789785829562885,0,0,1
2026-07-06 19:45:00,0.0,0.0,0.0,0.0,0.0,0.0,0.0,0.0,0.0,26.51,26.4,0.6,0.42,11.44,0.0,True,19,45,6,7,0,0.0,0.0,0.0,0.0,0,0,1
2026-07-06 20:00:00,0.0,0.0,0.0,0.0,0.0,0.0,0.0,0.0,0.0,26.62,26.27,0.57,0.45,11.44,0.0,True,20,0,6,7,0,0.0,0.0,0.0,0.0,0,0,1
2026-07-06 20:15:00,0.0,0.0,0.0,0.0,0.0,0.0,0.0,0.0,0.0,26.99,26.83,0.67,0.42,11.44,0.0,True,20,15,6,7,0,0.0,0.0,0.0,0.0,0,0,1
2026-07-06 20:30:00,0.0,0.0,0.0,0.0,0.0,0.0,0.0,0.0,0.0,27.21,26.93,0.74,0.41,11.44,0.0,True,20,30,6,7,0,0.0,0.0,0.0,0.0,0,0,1
2026-07-06 20:45:00,0.0,0.0,0.0,0.0,0.0,0.0,0.0,0.0,0.0,27.77,27.69,0.86,0.45,11.44,0.0,True,20,45,6,7,0,0.0,0.0,0.0,0.0,0,0,1
2026-07-06 21:00:00,0.0,0.0,0.0,0.0,0.0,0.0,0.0,0.0,0.0,27.68,27.68,0.62,0.36,11.44,0.0,True,21,0,6,7,0,0.0,0.0,0.0,0.0,0,0,1
2026-07-06 21:15:00,0.0,0.0,0.0,0.0,0.0,0.0,0.0,0.0,0.0,27.6,27.68,0.34,0.39,11.44,0.0,True,21,15,6,7,0,0.0,0.0,0.0,0.0,0,0,1
2026-07-06 21:30:00,0.0,0.0,0.0,0.0,0.0,0.0,0.0,0.0,0.0,27.88,28.01,0.36,0.4,11.44,0.0,True,21,30,6,7,0,0.0,0.0,0.0,0.0,0,0,1
2026-07-06 21:45:00,0.0,0.0,0.0,0.0,0.0,0.0,0.0,0.0,0.0,27.9,27.82,0.26,0.37,11.44,0.0,True,21,45,6,7,0,0.0,0.0,0.0,0.0,0,0,1
2026-07-06 22:00:00,0.0,0.0,0.0,0.0,0.0,0.0,0.0,0.0,0.0,27.88,27.87,0.32,0.39,11.44,0.0,True,22,0,6,7,0,0.0,0.0,0.0,0.0,0,0,1
2026-07-06 22:15:00,0.0,0.0,0.0,0.0,0.0,0.0,0.0,0.0,0.0,28.01,28.02,0.31,0.38,11.44,0.0,True,22,15,6,7,0,0.0,0.0,0.0,0.0,0,0,1
2026-07-06 22:30:00,0.0,0.0,0.0,0.0,0.0,0.0,0.0,0.0,0.0,28.03,28.03,0.29,0.37,11.44,0.0,True,22,30,6,7,0,0.0,0.0,0.0,0.0,0,0,1
2026-07-06 22:45:00,0.0,0.0,0.0,0.0,0.0,0.0,0.0,0.0,0.0,27.58,27.55,0.36,0.38,11.44,0.0,True,22,45,6,7,0,0.0,0.0,0.0,0.0,0,0,1
2026-07-06 23:00:00,0.0,0.0,0.0,0.0,0.0,0.0,0.0,0.0,0.0,27.86,27.92,0.33,0.38,11.44,0.0,True,23,0,6,7,0,0.0,0.0,0.0,0.0,0,0,1
2026-07-06 23:15:00,0.0,0.0,0.0,0.0,0.0,0.0,0.0,0.0,0.0,27.97,28.01,0.28,0.36,11.44,0.0,True,23,15,6,7,0,0.0,0.0,0.0,0.0,0,0,1
2026-07-06 23:30:00,0.0,0.0,0.0,0.0,0.0,0.0,0.0,0.0,0.0,27.78,27.82,0.28,0.35,11.44,0.0,True,23,30,6,7,0,0.0,0.0,0.0,0.0,0,0,1
2026-07-06 23:45:00,0.0,0.0,0.0,0.0,0.0,0.0,0.0,0.0,0.0,27.51,27.53,0.24,0.34,11.44,0.0,True,23,45,6,7,0,0.0,0.0,0.0,0.0,0,0,1
2026-07-07 00:15:00,0.0,0.0,0.0,0.0,0.0,0.0,0.0,0.0,0.0,27.65,27.67,0.25,0.34,0.0,0.0,True,0,15,7,7,1,0.0,0.0,0.0,0.0,0,1,0
2026-07-07 00:30:00,0.0,0.0,0.0,0.0,0.0,0.0,0.0,0.0,0.0,27.92,28.01,0.27,0.36,0.0,0.0,True,0,30,7,7,1,0.0,0.0,0.0,0.0,0,1,0
2026-07-07 00:45:00,0.0,0.0,0.0,0.0,0.0,0.0,0.0,0.0,0.0,27.7,27.75,0.34,0.37,0.0,0.0,True,0,45,7,7,1,0.0,0.0,0.0,0.0,0,1,0
2026-07-07 01:00:00,0.0,0.0,0.0,0.0,0.0,0.0,0.0,0.0,0.0,27.0,27.0,0.28,0.34,0.0,0.0,True,1,0,7,7,1,0.0,0.0,0.0,0.0,0,1,0
2026-07-07 01:15:00,0.0,0.0,0.0,0.0,0.0,0.0,0.0,0.0,0.0,27.1,27.12,0.34,0.38,0.0,0.0,True,1,15,7,7,1,0.0,0.0,0.0,0.0,0,1,0
2026-07-07 01:30:00,0.0,0.0,0.0,0.0,0.0,0.0,0.0,0.0,0.0,27.29,27.31,0.32,0.37,0.0,0.0,True,1,30,7,7,1,0.0,0.0,0.0,0.0,0,1,0
2026-07-07 01:45:00,0.0,0.0,0.0,0.0,0.0,0.0,0.0,0.0,0.0,27.26,27.32,0.29,0.36,0.0,0.0,True,1,45,7,7,1,0.0,0.0,0.0,0.0,0,1,0
2026-07-07 02:00:00,0.0,0.0,0.0,0.0,0.0,0.0,0.0,0.0,0.0,27.23,27.32,0.31,0.37,0.0,0.0,True,2,0,7,7,1,0.0,0.0,0.0,0.0,0,1,0
2026-07-07 02:15:00,0.0,0.0,0.0,0.0,0.0,0.0,0.0,0.0,0.0,27.24,27.28,0.32,0.37,0.0,0.0,True,2,15,7,7,1,0.0,0.0,0.0,0.0,0,1,0
2026-07-07 02:30:00,0.0,0.0,0.0,0.0,0.0,0.0,0.0,0.0,0.0,27.42,27.59,0.31,0.38,0.0,0.0,True,2,30,7,7,1,0.0,0.0,0.0,0.0,0,1,0
2026-07-07 02:45:00,0.0,0.0,0.0,0.0,0.0,0.0,0.0,0.0,0.0,27.08,27.15,0.33,0.36,0.0,0.0,True,2,45,7,7,1,0.0,0.0,0.0,0.0,0,1,0
2026-07-07 03:00:00,0.0,0.0,0.0,0.0,0.0,0.0,0.0,0.0,0.0,27.23,27.25,0.33,0.38,0.0,0.0,True,3,0,7,7,1,0.0,0.0,0.0,0.0,0,1,0
2026-07-07 03:15:00,0.0,0.0,0.0,0.0,0.0,0.0,0.0,0.0,0.0,27.19,27.22,0.36,0.39,0.0,0.0,True,3,15,7,7,1,0.0,0.0,0.0,0.0,0,1,0
2026-07-07 03:30:00,0.0,0.0,0.0,0.0,0.0,0.0,0.0,0.0,0.0,27.42,27.45,0.34,0.38,0.0,0.0,True,3,30,7,7,1,0.0,0.0,0.0,0.0,0,1,0
2026-07-07 03:45:00,0.0,0.0,0.0,0.0,0.0,0.0,0.0,0.0,0.0,27.25,27.22,0.33,0.38,0.0,0.0,True,3,45,7,7,1,0.0,0.0,0.0,0.0,0,1,0
2026-07-07 04:00:00,0.0,0.0,0.0,0.0,0.0,0.0,0.0,0.0,0.0,27.09,27.09,0.33,0.37,0.0,0.0,True,4,0,7,7,1,0.0,0.0,0.0,0.0,0,1,0
2026-07-07 04:15:00,0.0,0.0,0.0,0.0,0.0,0.0,0.0,0.0,0.0,26.96,26.97,0.32,0.38,0.0,0.0,True,4,15,7,7,1,0.0,0.0,0.0,0.0,0,1,0
2026-07-07 04:30:00,0.0,0.0,0.0,0.0,0.0,0.0,0.0,0.0,0.0,27.19,27.28,0.33,0.39,0.0,0.0,True,4,30,7,7,1,0.0,0.0,0.0,0.0,0,1,0
2026-07-07 04:45:00,0.0,0.0,0.0,0.0,0.0,0.0,0.0,0.0,0.0,27.08,27.13,0.33,0.38,0.0,0.0,True,4,45,7,7,1,0.0,0.0,0.0,0.0,0,1,0
2026-07-07 05:00:00,0.0,0.0,0.0,0.0,0.0,0.0,0.0,0.0,0.0,26.75,26.77,0.3,0.37,0.0,0.0,True,5,0,7,7,1,0.0,0.0,0.0,0.0,0,1,0
2026-07-07 05:15:00,0.0,0.0,0.0,0.0,0.0,0.0,0.0,0.0,0.0,26.67,26.72,0.38,0.4,0.0,0.0,True,5,15,7,7,1,0.0,0.0,0.0,0.0,0,1,0
2026-07-07 05:30:00,0.0,0.0,0.0,0.0,0.0,0.0,0.0,0.0,0.0,26.78,26.81,0.32,0.39,0.0,0.0,True,5,30,7,7,1,0.0,0.0,0.0,0.0,0,1,0
2026-07-07 05:45:00,0.0,0.0,0.0,0.0,0.0,0.0,0.0,0.0,0.0,26.72,26.71,1.02,0.77,0.0,0.0,True,5,45,7,7,1,0.0,0.0,0.0,0.0,0,1,0
2026-07-07 06:00:00,29.83,0.0,0.0,0.0,0.0,3.65,3.76,5.47,5.65,26.92,26.93,8.14,7.53,0.0,33.55,True,6,0,7,7,1,0.0,0.0,9.943333333333333,17.222358529926534,0,1,0
2026-07-07 06:15:00,104.27,15.08,15.52,8.86,9.12,50.82,52.37,51.2,52.76,27.19,27.17,22.91,22.2,0.01,41.72,True,6,15,7,7,1,29.83,0.0,44.699999999999996,53.701917097995675,1,1,0
2026-07-07 06:30:00,407.09,102.14,104.53,107.85,110.27,103.33,105.72,104.45,106.84,27.82,27.89,44.81,43.58,0.05,83.49,True,6,30,7,7,1,104.27,29.83,180.39666666666665,199.81924064847541,1,1,0
2026-07-07 06:45:00,671.91,166.47,169.54,175.56,179.01,168.03,171.3,169.16,172.54,28.29,28.38,71.52,70.16,0.12,86.5,True,6,45,7,7,1,407.09,104.27,394.42333333333335,284.0319097096897,1,1,0
2026-07-07 07:00:00,903.21,222.89,226.7,233.79,238.69,225.38,230.26,226.02,230.9,29.28,29.47,95.58,94.61,0.21,87.36,True,7,0,7,7,1,671.91,407.09,660.7366666666667,248.24865786814104,1,1,0
2026-07-07 07:15:00,1101.49,272.07,276.56,285.32,290.77,275.05,280.35,275.97,281.27,29.74,30.15,113.69,112.49,0.33,89.74,True,7,15,7,7,1,903.21,671.91,892.2033333333333,215.0014049566499,1,1,0
2026-07-07 07:30:00,1456.49,358.24,364.01,376.88,383.64,361.61,368.17,363.78,370.37,30.67,31.04,153.87,152.31,0.48,88.01,True,7,30,7,7,1,1101.49,903.21,1153.73,280.31491719136187,1,1,0
2026-07-07 07:45:00,1776.34,434.87,441.94,455.88,463.63,444.5,452.12,444.08,451.69,31.51,31.97,186.1,185.23,0.66,89.06,True,7,45,7,7,1,1456.49,1101.49,1444.7733333333333,337.57753306956516,1,1,0
2026-07-07 08:00:00,2107.39,514.69,523.33,536.92,545.79,531.67,540.45,529.28,538.02,32.66,33.22,219.1,218.78,0.89,90.17,True,8,0,7,7,1,1776.34,1456.49,1780.0733333333335,325.46605941838754,1,1,0
2026-07-07 08:15:00,2450.71,600.23,610.65,628.34,638.69,612.37,622.48,613.0,623.12,33.09,33.32,252.94,251.2,1.13,90.99,True,8,15,7,7,1,2107.39,1776.34,2111.48,337.2036036284312,1,1,0
2026-07-07 08:30:00,2539.68,624.58,635.53,655.76,666.49,633.16,643.57,632.53,642.94,34.13,34.59,272.65,271.43,1.4,87.85,True,8,30,7,7,1,2450.71,2107.39,2365.9266666666667,228.27575699870835,1,1,0
2026-07-07 08:45:00,2641.1,650.14,661.93,673.21,684.27,669.83,680.85,660.05,670.91,34.23,34.67,255.84,254.83,1.67,97.4,True,8,45,7,7,1,2539.68,2450.71,2543.83,95.26282013461453,1,1,0
2026-07-07 09:00:00,2878.27,700.69,713.49,719.93,731.48,740.84,752.75,726.07,737.72,34.79,35.02,324.63,324.12,1.97,83.85,True,9,0,7,7,1,2641.1,2539.68,2686.35,173.7713120742315,1,1,0
2026-07-07 09:15:00,4182.95,1027.65,1049.71,1068.58,1087.01,1040.76,1058.48,1034.03,1051.65,36.97,37.3,495.99,488.75,2.4,80.49,True,9,15,7,7,1,2878.27,2641.1,3234.1066666666666,830.2350002459142,1,1,0
2026-07-07 09:30:00,5176.67,1232.88,1260.84,1276.2,1298.91,1385.95,1411.24,1320.21,1343.97,40.41,40.7,601.69,592.09,2.94,83.31,True,9,30,7,7,1,4182.95,2878.27,4079.2966666666666,1152.7005899770043,1,1,0
2026-07-07 09:45:00,5310.09,1278.43,1307.61,1339.18,1363.39,1364.19,1388.99,1370.93,1395.9,40.97,41.2,603.34,588.08,3.49,85.43,True,9,45,7,7,1,5176.67,4182.95,4889.903333333333,615.8632037500977,1,1,0
2026-07-07 10:00:00,4935.39,1182.63,1209.06,1197.32,1218.33,1339.02,1363.61,1275.69,1298.71,42.15,42.3,555.66,544.75,3.98,86.65,True,10,0,7,7,1,5310.09,5176.67,5140.716666666667,189.9197307636426,1,1,0
2026-07-07 10:15:00,4236.01,969.93,990.4,1138.94,1159.79,1072.88,1092.5,1046.49,1065.24,41.45,41.75,490.51,479.2,4.46,84.0,True,10,15,7,7,1,4935.39,5310.09,4827.163333333334,545.157518643313,1,1,0
2026-07-07 10:30:00,2879.67,707.88,721.15,773.52,786.43,702.81,714.3,715.51,727.25,36.75,36.85,289.74,284.45,4.75,94.77,True,10,30,7,7,1,4236.01,4935.39,4017.023333333334,1045.2093329727459,1,1,0
2026-07-07 10:45:00,5840.61,1265.69,1294.45,1561.49,1591.99,1480.74,1509.08,1513.72,1543.04,39.65,40.08,634.93,598.12,5.33,88.79,True,10,45,7,7,1,2879.67,4236.01,4318.763333333333,1482.2035982055004,1,1,0
2026-07-07 11:00:00,5969.77,1350.29,1381.36,1632.87,1664.87,1529.83,1559.05,1547.72,1577.46,45.04,45.76,684.52,658.78,5.97,86.15,True,11,0,7,7,1,5840.61,2879.67,4896.683333333333,1747.9781653479927,1,1,0
2026-07-07 11:15:00,4605.76,1157.12,1182.78,1327.89,1352.3,1164.9,1185.82,1205.18,1226.91,43.49,44.06,568.28,558.86,6.49,79.53,True,11,15,7,7,1,5969.77,5840.61,5472.046666666666,753.0006759846475,1,1,0
2026-07-07 11:30:00,2725.23,669.86,682.67,695.63,707.36,661.13,672.18,647.25,658.05,39.38,39.97,263.13,259.97,6.76,99.85,True,11,30,7,7,1,4605.76,5969.77,4433.586666666667,1629.107944684248,1,1,0
2026-07-07 11:45:00,2644.61,678.73,692.09,760.68,774.56,650.56,661.6,648.36,659.35,37.8,38.24,300.69,304.82,7.06,84.23,True,11,45,7,7,1,2725.23,4605.76,3325.2000000000007,1109.7298460886768,1,1,0
2026-07-07 12:00:00,1890.65,465.47,473.27,496.05,504.44,476.21,484.33,474.63,482.73,35.54,35.79,185.67,183.99,7.25,96.6,True,12,0,7,7,1,2644.61,2725.23,2420.163333333334,460.3402803723892,1,0,1
2026-07-07 12:15:00,1503.81,370.62,376.79,377.91,384.67,385.77,392.67,374.1,380.84,34.97,35.25,171.52,171.65,7.41,82.98,True,12,15,7,7,1,1890.65,2644.61,2013.0233333333338,580.1616882674427,1,0,1
2026-07-07 12:30:00,1493.88,373.79,379.93,392.11,399.05,375.21,381.9,374.84,381.53,34.32,34.53,147.86,145.83,7.56,95.36,True,12,30,7,7,1,1503.81,1890.65,1629.446666666667,226.26320344529861,1,0,1
2026-07-07 12:45:00,2265.53,555.79,565.28,578.55,588.08,577.82,587.35,567.29,576.65,35.68,35.91,235.08,233.0,7.8,91.48,True,12,45,7,7,1,1493.88,1503.81,1754.406666666667,442.67363557515927,1,0,1
2026-07-07 13:00:00,3299.8,809.62,825.42,841.22,855.0,842.08,855.88,827.11,840.64,37.81,38.28,334.27,331.84,8.14,94.55,True,13,0,7,7,1,2265.53,1493.88,2353.07,906.1369655300444,1,0,1
2026-07-07 13:15:00,4697.37,1182.58,1209.11,1247.44,1269.51,1135.77,1155.28,1152.7,1172.57,41.78,42.28,535.98,527.92,8.63,85.37,True,13,15,7,7,1,3299.8,2265.53,3420.9,1220.4344938996107,1,0,1
2026-07-07 13:30:00,2850.48,701.37,714.43,724.47,736.3,715.81,727.54,710.92,722.55,40.91,41.46,297.9,295.21,8.93,92.86,True,13,30,7,7,1,4697.37,3299.8,3615.8833333333337,963.1625891994212,1,0,1
2026-07-07 13:45:00,3250.91,799.77,815.49,843.58,857.54,798.93,812.09,805.02,818.28,38.38,38.58,338.67,334.97,9.27,92.16,True,13,45,7,7,1,2850.48,4697.37,3599.5866666666675,971.5617486466483,1,0,1
2026-07-07 14:00:00,1759.48,432.96,440.27,446.36,454.07,446.01,453.72,440.63,448.26,38.52,39.11,187.62,188.53,9.46,90.09,True,14,0,7,7,1,3250.91,2850.48,2620.2900000000004,771.9011842846189,1,0,1
2026-07-07 14:15:00,2780.23,684.54,697.54,696.05,707.54,738.83,751.06,717.14,729.0,37.24,37.82,252.22,253.64,9.74,105.32,True,14,15,7,7,1,1759.48,3250.91,2596.8733333333334,762.4340047724331,1,0,1
2026-07-07 14:30:00,2415.59,594.76,605.18,628.71,639.01,590.59,600.27,596.27,606.04,39.43,40.01,251.96,247.39,10.0,92.45,True,14,30,7,7,1,2780.23,1759.48,2318.433333333334,517.2641530527029,1,0,1
2026-07-07 14:45:00,1799.45,446.57,454.0,467.07,475.03,445.23,452.87,446.31,453.96,37.66,38.03,193.25,190.04,10.19,89.13,True,14,45,7,7,1,2415.59,2780.23,2331.756666666667,495.7351842802064,1,0,1
2026-07-07 15:00:00,1982.03,499.87,508.33,530.99,539.83,472.79,480.8,485.02,493.21,35.64,35.92,207.41,202.17,10.39,90.69,True,15,0,7,7,1,1799.45,2415.59,2065.69,316.4749146456897,1,0,1
2026-07-07 15:15:00,2162.85,534.88,544.13,554.66,563.89,547.82,556.97,542.7,551.77,37.37,38.14,237.02,233.6,10.62,87.23,True,15,15,7,7,1,1982.03,1799.45,1981.4433333333336,181.70071032698175,1,0,1
2026-07-07 15:30:00,1349.91,340.81,346.62,374.64,381.52,317.35,323.47,332.07,338.38,35.09,35.29,135.32,129.02,10.76,94.46,True,15,30,7,7,1,2162.85,1982.03,1831.596666666667,426.8377932345373,1,0,1
2026-07-07 15:45:00,1495.59,372.09,378.29,381.03,387.9,365.24,371.91,368.11,374.82,36.23,36.49,173.23,170.53,10.92,82.14,True,15,45,7,7,1,1349.91,2162.85,1669.45,433.460881279956,1,0,1
2026-07-07 16:00:00,1025.45,255.48,259.77,263.14,268.56,259.57,264.89,255.88,261.19,34.75,35.03,101.53,99.87,11.03,95.51,True,16,0,7,7,1,1495.59,1349.91,1290.3166666666668,240.66871199499397,1,0,1
2026-07-07 16:15:00,1314.3,21.65,22.0,22.56,22.98,21.76,22.16,21.64,22.04,35.46,35.73,162.42,159.87,11.04,76.74,True,16,15,7,7,1,1025.45,1495.59,1278.446666666667,237.1117901609478,1,0,1
2026-07-07 16:30:00,0.0,0.0,0.0,0.0,0.0,0.0,0.0,0.0,0.0,36.02,36.38,106.48,103.98,11.04,0.0,True,16,30,7,7,1,1314.3,1025.45,779.916666666667,690.6960878949072,1,0,1
2026-07-07 16:45:00,0.0,0.0,0.0,0.0,0.0,0.0,0.0,0.0,0.0,36.58,37.05,179.91,175.35,11.04,0.0,True,16,45,7,7,1,0.0,1314.3,438.1000000000003,758.8114587959226,1,0,1
2026-07-07 17:00:00,0.0,0.0,0.0,0.0,0.0,0.0,0.0,0.0,0.0,34.46,34.78,22.81,22.66,11.04,0.0,True,17,0,7,7,1,0.0,0.0,0.0,0.0,1,0,1
2026-07-07 17:15:00,0.0,0.0,0.0,0.0,0.0,0.0,0.0,0.0,0.0,28.24,28.15,59.38,55.47,11.04,0.0,True,17,15,7,7,1,0.0,0.0,0.0,0.0,1,0,1
2026-07-07 17:30:00,0.0,0.0,0.0,0.0,0.0,0.0,0.0,0.0,0.0,29.21,29.16,95.72,94.6,11.04,0.0,True,17,30,7,7,1,0.0,0.0,0.0,0.0,1,0,1
2026-07-07 17:45:00,0.0,0.0,0.0,0.0,0.0,0.0,0.0,0.0,0.0,30.12,30.0,79.1,78.48,11.04,0.0,True,17,45,7,7,1,0.0,0.0,0.0,0.0,1,0,1
2026-07-07 18:00:00,0.0,0.0,0.0,0.0,0.0,0.0,0.0,0.0,0.0,30.43,30.41,46.85,46.8,11.04,0.0,True,18,0,7,7,1,0.0,0.0,0.0,0.0,1,0,1
2026-07-07 18:15:00,0.0,0.0,0.0,0.0,0.0,0.0,0.0,0.0,0.0,30.18,30.24,32.37,32.35,11.04,0.0,True,18,15,7,7,1,0.0,0.0,0.0,0.0,1,0,1
2026-07-07 18:30:00,0.0,0.0,0.0,0.0,0.0,0.0,0.0,0.0,0.0,29.45,29.46,14.77,14.63,11.04,0.0,True,18,30,7,7,1,0.0,0.0,0.0,0.0,0,0,1
2026-07-07 18:45:00,15.1,11.79,12.18,12.13,12.53,3.7,3.83,4.42,4.58,29.48,29.51,8.64,8.16,11.05,16.17,True,18,45,7,7,1,0.0,0.0,5.033333333333636,8.71798906476335,0,0,1
2026-07-07 19:00:00,0.0,0.92,0.97,0.72,0.74,0.96,1.0,0.93,0.97,28.9,28.92,1.86,1.38,11.05,0.0,True,19,0,7,7,1,15.1,0.0,5.033333333333636,8.71798906476335,0,0,1
2026-07-07 19:15:00,0.0,0.0,0.0,0.0,0.0,0.0,0.0,0.0,0.0,28.99,29.03,0.53,0.32,11.05,0.0,True,19,15,7,7,1,0.0,15.1,5.033333333333636,8.71798906476335,0,0,1
2026-07-07 19:30:00,0.0,0.0,0.0,0.0,0.0,0.0,0.0,0.0,0.0,29.16,29.16,0.56,0.34,11.05,0.0,True,19,30,7,7,1,0.0,0.0,0.0,0.0,0,0,1
2026-07-07 19:45:00,0.0,0.0,0.0,0.0,0.0,0.0,0.0,0.0,0.0,29.15,29.1,0.98,0.41,11.05,0.0,True,19,45,7,7,1,0.0,0.0,0.0,0.0,0,0,1
2026-07-07 20:00:00,0.0,0.0,0.0,0.0,0.0,0.0,0.0,0.0,0.0,29.55,29.56,1.26,0.53,11.05,0.0,True,20,0,7,7,1,0.0,0.0,0.0,0.0,0,0,1
2026-07-07 20:15:00,0.0,0.0,0.0,0.0,0.0,0.0,0.0,0.0,0.0,28.17,28.07,0.35,0.32,11.05,0.0,True,20,15,7,7,1,0.0,0.0,0.0,0.0,0,0,1
2026-07-07 20:30:00,0.0,0.0,0.0,0.0,0.0,0.0,0.0,0.0,0.0,27.79,27.74,0.21,0.32,11.05,0.0,True,20,30,7,7,1,0.0,0.0,0.0,0.0,0,0,1
2026-07-07 20:45:00,0.0,0.0,0.0,0.0,0.0,0.0,0.0,0.0,0.0,27.11,27.05,0.28,0.38,11.05,0.0,True,20,45,7,7,1,0.0,0.0,0.0,0.0,0,0,1
2026-07-07 21:00:00,0.0,0.0,0.0,0.0,0.0,0.0,0.0,0.0,0.0,26.96,26.85,0.72,0.36,11.05,0.0,True,21,0,7,7,1,0.0,0.0,0.0,0.0,0,0,1
2026-07-07 21:15:00,0.0,0.0,0.0,0.0,0.0,0.0,0.0,0.0,0.0,27.17,27.21,0.32,0.4,11.05,0.0,True,21,15,7,7,1,0.0,0.0,0.0,0.0,0,0,1
2026-07-07 21:30:00,0.0,0.0,0.0,0.0,0.0,0.0,0.0,0.0,0.0,26.94,26.93,0.6,0.4,11.05,0.0,True,21,30,7,7,1,0.0,0.0,0.0,0.0,0,0,1
2026-07-07 21:45:00,0.0,0.0,0.0,0.0,0.0,0.0,0.0,0.0,0.0,26.83,26.83,0.55,0.41,11.05,0.0,True,21,45,7,7,1,0.0,0.0,0.0,0.0,0,0,1
2026-07-07 22:00:00,0.0,0.0,0.0,0.0,0.0,0.0,0.0,0.0,0.0,27.16,27.27,0.95,0.38,11.05,0.0,True,22,0,7,7,1,0.0,0.0,0.0,0.0,0,0,1
2026-07-07 22:15:00,0.0,0.0,0.0,0.0,0.0,0.0,0.0,0.0,0.0,26.58,26.57,1.5,0.43,11.05,0.0,True,22,15,7,7,1,0.0,0.0,0.0,0.0,0,0,1
2026-07-07 22:30:00,0.0,0.0,0.0,0.0,0.0,0.0,0.0,0.0,0.0,26.74,26.69,1.63,0.4,11.05,0.0,True,22,30,7,7,1,0.0,0.0,0.0,0.0,0,0,1
2026-07-07 22:45:00,0.0,0.0,0.0,0.0,0.0,0.0,0.0,0.0,0.0,26.95,26.73,1.39,0.37,11.05,0.0,True,22,45,7,7,1,0.0,0.0,0.0,0.0,0,0,1
2026-07-07 23:00:00,0.0,0.0,0.0,0.0,0.0,0.0,0.0,0.0,0.0,27.61,27.61,1.26,0.41,11.05,0.0,True,23,0,7,7,1,0.0,0.0,0.0,0.0,0,0,1
2026-07-07 23:15:00,0.0,0.0,0.0,0.0,0.0,0.0,0.0,0.0,0.0,27.56,27.57,0.88,0.41,11.05,0.0,True,23,15,7,7,1,0.0,0.0,0.0,0.0,0,0,1
2026-07-07 23:30:00,0.0,0.0,0.0,0.0,0.0,0.0,0.0,0.0,0.0,27.44,27.5,0.38,0.42,11.05,0.0,True,23,30,7,7,1,0.0,0.0,0.0,0.0,0,0,1
2026-07-07 23:45:00,0.0,0.0,0.0,0.0,0.0,0.0,0.0,0.0,0.0,27.23,27.29,0.32,0.4,11.05,0.0,True,23,45,7,7,1,0.0,0.0,0.0,0.0,0,0,1
2026-07-08 00:15:00,0.0,0.0,0.0,0.0,0.0,0.0,0.0,0.0,0.0,27.09,27.16,0.32,0.4,0.0,0.0,True,0,15,8,7,2,0.0,0.0,0.0,0.0,0,1,0
2026-07-08 00:30:00,0.0,0.0,0.0,0.0,0.0,0.0,0.0,0.0,0.0,27.19,27.27,0.32,0.39,0.0,0.0,True,0,30,8,7,2,0.0,0.0,0.0,0.0,0,1,0
2026-07-08 00:45:00,0.0,0.0,0.0,0.0,0.0,0.0,0.0,0.0,0.0,27.16,27.22,0.35,0.39,0.0,0.0,True,0,45,8,7,2,0.0,0.0,0.0,0.0,0,1,0
2026-07-08 01:00:00,0.0,0.0,0.0,0.0,0.0,0.0,0.0,0.0,0.0,27.02,27.03,0.34,0.4,0.0,0.0,True,1,0,8,7,2,0.0,0.0,0.0,0.0,0,1,0
2026-07-08 01:15:00,0.0,0.0,0.0,0.0,0.0,0.0,0.0,0.0,0.0,27.08,27.12,0.31,0.4,0.0,0.0,True,1,15,8,7,2,0.0,0.0,0.0,0.0,0,1,0
2026-07-08 01:30:00,0.0,0.0,0.0,0.0,0.0,0.0,0.0,0.0,0.0,26.87,26.89,0.37,0.42,0.0,0.0,True,1,30,8,7,2,0.0,0.0,0.0,0.0,0,1,0
2026-07-08 01:45:00,0.0,0.0,0.0,0.0,0.0,0.0,0.0,0.0,0.0,26.56,26.64,0.37,0.42,0.0,0.0,True,1,45,8,7,2,0.0,0.0,0.0,0.0,0,1,0
2026-07-08 02:00:00,0.0,0.0,0.0,0.0,0.0,0.0,0.0,0.0,0.0,26.47,26.54,0.37,0.42,0.0,0.0,True,2,0,8,7,2,0.0,0.0,0.0,0.0,0,1,0
2026-07-08 02:15:00,0.0,0.0,0.0,0.0,0.0,0.0,0.0,0.0,0.0,26.24,26.26,0.38,0.42,0.0,0.0,True,2,15,8,7,2,0.0,0.0,0.0,0.0,0,1,0
2026-07-08 02:30:00,0.0,0.0,0.0,0.0,0.0,0.0,0.0,0.0,0.0,26.56,26.62,0.4,0.43,0.0,0.0,True,2,30,8,7,2,0.0,0.0,0.0,0.0,0,1,0
2026-07-08 02:45:00,0.0,0.0,0.0,0.0,0.0,0.0,0.0,0.0,0.0,26.25,26.3,0.38,0.42,0.0,0.0,True,2,45,8,7,2,0.0,0.0,0.0,0.0,0,1,0
2026-07-08 03:00:00,0.0,0.0,0.0,0.0,0.0,0.0,0.0,0.0,0.0,26.31,26.36,0.37,0.42,0.0,0.0,True,3,0,8,7,2,0.0,0.0,0.0,0.0,0,1,0
2026-07-08 03:15:00,0.0,0.0,0.0,0.0,0.0,0.0,0.0,0.0,0.0,26.0,25.98,0.42,0.43,0.0,0.0,True,3,15,8,7,2,0.0,0.0,0.0,0.0,0,1,0
2026-07-08 03:30:00,0.0,0.0,0.0,0.0,0.0,0.0,0.0,0.0,0.0,25.93,25.92,0.29,0.39,0.0,0.0,True,3,30,8,7,2,0.0,0.0,0.0,0.0,0,1,0
2026-07-08 03:45:00,0.0,0.0,0.0,0.0,0.0,0.0,0.0,0.0,0.0,25.77,25.77,0.37,0.42,0.0,0.0,True,3,45,8,7,2,0.0,0.0,0.0,0.0,0,1,0
2026-07-08 04:00:00,0.0,0.0,0.0,0.0,0.0,0.0,0.0,0.0,0.0,26.05,26.1,0.38,0.42,0.0,0.0,True,4,0,8,7,2,0.0,0.0,0.0,0.0,0,1,0
2026-07-08 04:15:00,0.0,0.0,0.0,0.0,0.0,0.0,0.0,0.0,0.0,26.05,26.08,0.32,0.39,0.0,0.0,True,4,15,8,7,2,0.0,0.0,0.0,0.0,0,1,0
2026-07-08 04:30:00,0.0,0.0,0.0,0.0,0.0,0.0,0.0,0.0,0.0,26.01,26.0,0.26,0.36,0.0,0.0,True,4,30,8,7,2,0.0,0.0,0.0,0.0,0,1,0
2026-07-08 04:45:00,0.0,0.0,0.0,0.0,0.0,0.0,0.0,0.0,0.0,26.58,26.66,0.39,0.42,0.0,0.0,True,4,45,8,7,2,0.0,0.0,0.0,0.0,0,1,0
2026-07-08 05:00:00,0.0,0.0,0.0,0.0,0.0,0.0,0.0,0.0,0.0,26.48,26.55,0.39,0.42,0.0,0.0,True,5,0,8,7,2,0.0,0.0,0.0,0.0,0,1,0
2026-07-08 05:15:00,0.0,0.0,0.0,0.0,0.0,0.0,0.0,0.0,0.0,26.38,26.37,0.34,0.42,0.0,0.0,True,5,15,8,7,2,0.0,0.0,0.0,0.0,0,1,0
2026-07-08 05:30:00,0.0,0.0,0.0,0.0,0.0,0.0,0.0,0.0,0.0,26.34,26.44,0.34,0.41,0.0,0.0,True,5,30,8,7,2,0.0,0.0,0.0,0.0,0,1,0
2026-07-08 05:45:00,0.0,0.0,0.0,2.35,2.44,0.0,0.0,0.0,0.0,26.04,26.05,1.92,1.57,0.0,0.0,True,5,45,8,7,2,0.0,0.0,0.0,0.0,0,1,0
2026-07-08 06:00:00,11.83,0.0,0.0,22.72,23.44,0.0,0.0,0.0,0.0,26.49,26.55,12.33,12.32,0.0,8.77,True,6,0,8,7,2,0.0,0.0,3.9433333333333334,6.830053684513273,0,1,0
2026-07-08 06:15:00,45.22,0.0,0.0,57.96,59.7,0.0,0.0,0.0,0.0,26.82,26.88,30.72,32.13,0.0,13.47,True,6,15,8,7,2,11.83,0.0,19.016666666666666,23.45097510410459,1,1,0
2026-07-08 06:30:00,98.98,0.0,0.0,111.02,113.46,0.0,0.0,0.0,0.0,27.42,27.51,62.45,67.74,0.01,14.54,True,6,30,8,7,2,45.22,11.83,52.01,43.9699749829358,1,1,0
2026-07-08 06:45:00,359.14,0.0,0.0,186.43,190.24,181.97,185.8,0.0,0.0,28.28,28.48,106.07,115.99,0.05,31.18,True,6,45,8,7,2,98.98,45.22,167.78,167.88842008905795,1,1,0
2026-07-08 07:00:00,570.45,0.0,0.0,284.9,290.36,296.8,302.42,0.0,0.0,29.38,29.67,155.0,167.12,0.11,34.04,True,7,0,8,7,2,359.14,98.98,342.85666666666674,236.15641095116038,1,1,0
2026-07-08 07:15:00,1503.23,252.98,257.07,416.55,423.82,431.78,439.24,410.99,418.19,30.02,30.41,215.06,228.12,0.26,64.82,True,7,15,8,7,2,570.45,359.14,810.94,608.7791570840776,1,1,0
2026-07-08 07:30:00,2247.64,540.68,549.88,564.98,574.28,587.19,596.82,558.1,567.3,31.57,32.02,273.38,286.31,0.49,76.73,True,7,30,8,7,2,1503.23,570.45,1440.4399999999998,840.3561816872651,1,1,0
2026-07-08 07:45:00,2952.65,715.01,728.26,754.53,766.79,761.68,774.04,734.86,746.8,33.23,33.82,338.72,346.35,0.8,81.91,True,7,45,8,7,2,2247.64,1503.23,2234.5066666666667,724.7992462974373,1,1,0
2026-07-08 08:00:00,3152.07,782.93,797.94,844.98,858.71,791.86,804.75,786.11,798.83,34.56,34.94,372.79,381.67,1.13,79.89,True,8,0,8,7,2,2952.65,2247.64,2784.1200000000003,475.1843609589861,1,1,0
2026-07-08 08:15:00,3881.29,944.88,964.38,995.41,1012.02,985.22,1001.62,968.86,984.94,36.19,36.67,437.42,452.03,1.52,84.4,True,8,15,8,7,2,3152.07,2952.65,3328.67,488.8596244322088,1,1,0
2026-07-08 08:30:00,4198.33,1017.22,1038.99,1125.25,1144.73,1065.71,1084.08,1061.38,1079.65,36.88,36.99,491.13,502.27,1.98,81.55,True,8,30,8,7,2,3881.29,3152.07,3743.896666666667,536.4910930605784,1,1,0
2026-07-08 08:45:00,3367.44,850.86,867.88,877.33,891.9,896.91,911.86,889.99,904.86,37.56,37.78,370.38,369.84,2.33,86.99,True,8,45,8,7,2,4198.33,3881.29,3815.6866666666665,419.3118124180791,1,1,0
2026-07-08 09:00:00,4379.87,1123.85,1148.64,1209.68,1231.1,1068.59,1086.73,1075.87,1094.31,38.16,38.66,460.07,454.38,2.79,91.31,True,9,0,8,7,2,3367.44,4198.33,3981.8799999999997,539.806982263106,1,1,0
2026-07-08 09:15:00,4521.16,1105.11,1129.25,1139.48,1159.39,1161.19,1181.56,1143.02,1162.97,39.53,39.63,534.16,520.1,3.28,81.66,True,9,15,8,7,2,4379.87,3367.44,4089.4900000000002,629.2915603279622,1,1,0
2026-07-08 09:30:00,3753.23,938.05,957.39,985.73,1002.53,934.86,950.32,931.91,947.33,38.69,38.7,411.4,407.1,3.67,87.7,True,9,30,8,7,2,4521.16,4379.87,4218.086666666667,408.7291357773931,1,1,0
2026-07-08 09:45:00,3984.9,970.3,990.54,1010.62,1027.65,1035.87,1053.39,1025.57,1042.85,38.73,38.95,429.65,423.52,4.1,89.17,True,9,45,8,7,2,3753.23,4521.16,4086.4300000000003,393.9040199084051,1,1,0
2026-07-08 10:00:00,4080.16,996.23,1017.26,1027.82,1045.09,1052.26,1070.06,1031.1,1048.47,38.64,38.84,450.38,447.08,4.52,87.07,True,10,0,8,7,2,3984.9,3753.23,3939.4300000000003,168.14115171486463,1,1,0
2026-07-08 10:15:00,5307.59,1215.41,1242.77,1331.27,1355.51,1383.08,1408.82,1389.91,1415.78,40.68,41.15,599.19,591.88,5.07,85.88,True,10,15,8,7,2,4080.16,3984.9,4457.55,737.6954778904378,1,1,0
2026-07-08 10:30:00,4476.31,1098.83,1122.92,1164.25,1184.34,1112.46,1131.46,1107.4,1126.28,42.79,43.46,482.34,476.76,5.54,90.79,True,10,30,8,7,2,5307.59,4080.16,4621.3533333333335,626.4377683643721,1,1,0
2026-07-08 10:45:00,3114.69,767.85,782.77,818.8,832.38,756.82,769.3,769.44,782.13,40.32,40.88,355.22,351.47,5.87,84.88,True,10,45,8,7,2,4476.31,5307.59,4299.53,1107.0867078959996,1,1,0
2026-07-08 11:00:00,1789.56,445.65,452.99,467.04,474.97,438.24,445.78,443.43,451.03,35.5,35.77,189.85,188.57,6.06,89.41,True,11,0,8,7,2,3114.69,4476.31,3126.853333333334,1343.4162983354556,1,1,0
2026-07-08 11:15:00,1367.0,338.89,344.38,352.15,358.57,341.79,348.07,341.63,347.9,32.98,32.91,137.81,137.41,6.2,93.11,True,11,15,8,7,2,1789.56,3114.69,2090.416666666667,911.861357023829,1,1,0
2026-07-08 11:30:00,1997.97,495.38,503.77,519.56,528.3,494.41,502.78,496.37,504.77,33.48,33.59,181.03,178.9,6.4,103.81,True,11,30,8,7,2,1367.0,1789.56,1718.176666666667,321.4847903608191,1,1,0
2026-07-08 11:45:00,2070.79,512.47,521.14,538.62,547.62,505.41,513.93,510.67,519.27,35.14,35.59,191.85,189.86,6.63,102.23,True,11,45,8,7,2,1997.97,1367.0,1811.92,387.02847815116434,1,1,0
2026-07-08 12:00:00,1860.84,460.14,467.8,483.32,491.53,459.55,467.45,459.58,467.48,34.45,34.64,178.29,174.76,6.82,98.57,True,12,0,8,7,2,2070.79,1997.97,1976.5333333333335,106.60393347967644,1,0,1
2026-07-08 12:15:00,2804.95,692.89,705.53,725.43,737.15,695.56,706.86,689.98,701.19,36.26,36.44,298.8,295.5,7.11,89.32,True,12,15,8,7,2,1860.84,2070.79,2245.5266666666666,495.7172581556332,1,0,1
2026-07-08 12:30:00,2365.93,586.83,597.02,618.04,628.15,580.4,589.95,586.35,596.0,36.87,37.22,231.19,226.98,7.35,97.63,True,12,30,8,7,2,2804.95,1860.84,2343.9066666666663,472.4401479905561,1,0,1
2026-07-08 12:45:00,1784.39,439.48,446.75,454.98,462.8,444.68,452.35,446.01,453.7,35.92,36.04,192.48,191.1,7.55,88.09,True,12,45,8,7,2,2365.93,2804.95,2318.423333333333,511.9358758021734,1,0,1
2026-07-08 13:00:00,1431.24,354.28,359.98,364.71,371.31,359.79,366.32,357.85,364.37,34.62,34.82,143.88,142.87,7.69,94.01,True,13,0,8,7,2,1784.39,2365.93,1860.5199999999998,471.97264931350105,1,0,1
2026-07-08 13:15:00,2146.57,527.61,536.74,545.85,555.01,550.64,559.79,537.74,546.72,34.8,34.81,216.07,213.46,7.91,93.96,True,13,15,8,7,2,1431.24,1784.39,1787.4000000000003,357.6744990910103,1,0,1
2026-07-08 13:30:00,4436.17,1106.41,1130.6,1188.66,1209.57,1082.84,1101.36,1113.21,1132.4,38.29,38.48,417.25,410.06,8.38,102.03,True,13,30,8,7,2,2146.57,1431.24,2671.326666666667,1569.6904935793357,1,0,1
2026-07-08 13:45:00,2780.52,686.25,698.84,720.9,732.65,681.55,692.63,692.62,703.87,39.65,40.27,286.76,284.62,8.67,93.59,True,13,45,8,7,2,4436.17,2146.57,3121.0866666666666,1182.182845770204,1,0,1
2026-07-08 14:00:00,4281.76,1024.33,1046.19,1086.86,1105.6,1059.43,1077.42,1080.93,1099.49,38.99,39.42,468.46,469.13,9.11,87.98,True,14,0,8,7,2,2780.52,4436.17,3832.816666666667,914.580132100702,1,0,1
2026-07-08 14:15:00,2289.53,567.63,577.55,588.7,598.37,568.51,577.89,571.72,581.14,39.12,39.41,242.95,242.76,9.35,90.76,True,14,15,8,7,2,4281.76,2780.52,3117.2700000000004,1037.9284730172906,1,0,1
2026-07-08 14:30:00,2547.95,628.49,639.67,649.17,659.72,639.32,649.74,635.62,645.96,36.28,36.46,246.51,244.52,9.61,98.36,True,14,30,8,7,2,2289.53,4281.76,3039.7466666666664,1083.348080827828,1,0,1
2026-07-08 14:45:00,2747.51,681.55,694.25,705.82,717.41,686.86,698.15,688.06,699.35,37.02,36.89,236.14,235.63,9.91,111.07,True,14,45,8,7,2,2547.95,2289.53,2528.33,229.61952965722367,1,0,1
2026-07-08 15:00:00,1505.95,369.98,375.97,386.56,393.42,376.11,382.85,374.29,381.0,35.65,35.93,156.44,156.64,10.06,91.36,True,15,0,8,7,2,2747.51,2547.95,2267.1366666666668,666.715759925726,1,0,1
2026-07-08 15:15:00,1761.6,435.32,442.41,456.08,463.86,435.84,443.35,437.4,444.93,34.5,34.58,178.65,177.47,10.24,93.14,True,15,15,8,7,2,1505.95,2747.51,2005.0200000000002,655.5972702048153,1,0,1
2026-07-08 15:30:00,3397.99,845.81,862.95,867.35,882.07,831.5,845.44,854.88,869.45,37.22,37.75,379.81,381.95,10.6,85.47,True,15,30,8,7,2,1761.6,1505.95,2221.8466666666664,1026.5593436491326,1,0,1
2026-07-08 15:45:00,2255.47,560.22,569.86,590.69,600.41,551.04,560.17,557.33,566.56,37.96,38.52,242.88,239.74,10.83,89.0,True,15,45,8,7,2,3397.99,1761.6,2471.6866666666665,839.3481358967431,1,0,1
2026-07-08 16:00:00,2554.25,629.11,640.48,639.4,649.84,654.78,665.44,641.15,651.62,37.56,38.07,266.8,267.17,11.1,91.6,True,16,0,8,7,2,2255.47,3397.99,2735.903333333333,592.5254743328229,1,0,1
2026-07-08 16:15:00,2954.62,727.86,741.5,777.6,790.39,700.34,711.72,765.24,777.79,39.44,40.1,327.41,332.3,11.4,87.03,True,16,15,8,7,2,2554.25,2255.47,2588.1133333333332,350.80297124359896,1,0,1
2026-07-08 16:30:00,2600.85,622.2,633.21,628.78,639.04,679.59,690.67,665.65,676.52,39.96,40.55,312.9,313.53,11.67,80.34,True,16,30,8,7,2,2954.62,2554.25,2703.24,218.9447836784508,1,0,1
2026-07-08 16:45:00,2014.91,496.09,504.4,518.35,527.07,506.54,515.07,501.22,509.69,38.2,38.74,223.95,224.38,11.88,86.31,True,16,45,8,7,2,2600.85,2954.62,2523.4599999999996,474.6110303185167,1,0,1
2026-07-08 17:00:00,1455.56,359.66,365.43,374.15,380.88,363.49,370.08,361.57,368.13,36.27,36.74,159.65,159.12,12.04,86.76,True,17,0,8,7,2,2014.91,2600.85,2023.7733333333333,572.696442308959,1,0,1
2026-07-08 17:15:00,1298.77,322.0,327.27,335.87,342.07,322.12,328.11,321.97,327.97,34.87,35.16,144.41,144.29,12.18,85.08,True,17,15,8,7,2,1455.56,2014.91,1589.7466666666667,376.4554037775792,1,0,1
2026-07-08 17:30:00,956.81,239.77,243.8,249.97,255.02,237.3,242.26,238.73,243.69,34.18,34.6,108.13,109.19,12.28,83.47,True,17,30,8,7,2,1298.77,1455.56,1237.0466666666664,255.0396401215723,1,0,1
2026-07-08 17:45:00,1036.67,258.9,263.2,263.79,269.0,254.79,259.88,260.41,265.57,33.62,33.88,117.19,118.86,12.39,83.25,True,17,45,8,7,2,956.81,1298.77,1097.4166666666663,178.89040928272675,1,0,1
2026-07-08 18:00:00,535.64,134.4,137.09,136.76,140.69,135.89,139.79,134.71,138.59,33.18,33.38,71.12,71.44,12.45,70.75,True,18,0,8,7,2,1036.67,956.81,843.0399999999998,269.19412122111606,1,0,1
2026-07-08 18:15:00,264.46,69.73,71.78,69.91,72.1,68.44,70.59,68.24,70.39,32.02,32.18,34.24,33.88,12.48,72.21,True,18,15,8,7,2,535.64,1036.67,612.2566666666665,391.7647970828198,1,0,1
2026-07-08 18:30:00,124.57,35.11,36.22,34.07,35.18,34.22,35.34,33.76,34.87,31.41,31.51,17.78,18.1,12.49,65.32,True,18,30,8,7,2,264.46,535.64,308.2233333333332,209.00013931417334,0,0,1
2026-07-08 18:45:00,55.67,18.84,19.45,17.15,17.75,17.35,17.96,17.23,17.83,31.16,31.31,11.2,11.13,12.49,46.31,True,18,45,8,7,2,124.57,264.46,148.23333333333318,106.38741012612508,0,0,1
2026-07-08 19:00:00,5.5,1.5,1.56,0.33,0.35,0.74,0.79,0.73,0.78,30.32,30.28,1.66,1.4,12.49,17.82,True,19,0,8,7,2,55.67,124.57,61.913333333333185,59.78001867969431,0,0,1
2026-07-08 19:15:00,0.0,0.0,0.0,0.0,0.0,0.0,0.0,0.0,0.0,29.92,29.88,0.17,0.27,12.49,0.0,True,19,15,8,7,2,5.5,55.67,20.389999999999848,30.676885435314176,0,0,1
2026-07-08 19:30:00,0.0,0.0,0.0,0.0,0.0,0.0,0.0,0.0,0.0,29.89,29.85,0.15,0.28,12.49,0.0,True,19,30,8,7,2,0.0,5.5,1.8333333333331818,3.1754264823451983,0,0,1
2026-07-08 19:45:00,0.0,0.0,0.0,0.0,0.0,0.0,0.0,0.0,0.0,30.22,30.31,0.16,0.28,12.49,0.0,True,19,45,8,7,2,0.0,0.0,0.0,0.0001070107404705174,0,0,1
2026-07-08 20:00:00,0.0,0.0,0.0,0.0,0.0,0.0,0.0,0.0,0.0,29.86,29.87,0.14,0.28,12.49,0.0,True,20,0,8,7,2,0.0,0.0,0.0,0.0001070107404705174,0,0,1
2026-07-08 20:15:00,0.0,0.0,0.0,0.0,0.0,0.0,0.0,0.0,0.0,29.2,29.12,0.12,0.26,12.49,0.0,True,20,15,8,7,2,0.0,0.0,0.0,0.0001070107404705174,0,0,1
2026-07-08 20:30:00,0.0,0.0,0.0,0.0,0.0,0.0,0.0,0.0,0.0,29.01,28.95,0.17,0.28,12.49,0.0,True,20,30,8,7,2,0.0,0.0,0.0,0.0001070107404705174,0,0,1
2026-07-08 20:45:00,0.0,0.0,0.0,0.0,0.0,0.0,0.0,0.0,0.0,28.47,28.36,0.12,0.27,12.49,0.0,True,20,45,8,7,2,0.0,0.0,0.0,0.0001070107404705174,0,0,1
2026-07-08 21:00:00,0.0,0.0,0.0,0.0,0.0,0.0,0.0,0.0,0.0,28.57,28.56,0.21,0.3,12.49,0.0,True,21,0,8,7,2,0.0,0.0,0.0,0.0001070107404705174,0,0,1
2026-07-08 21:15:00,0.0,0.0,0.0,0.0,0.0,0.0,0.0,0.0,0.0,29.04,29.06,0.19,0.33,12.49,0.0,True,21,15,8,7,2,0.0,0.0,0.0,0.0001070107404705174,0,0,1
2026-07-08 21:30:00,0.0,0.0,0.0,0.0,0.0,0.0,0.0,0.0,0.0,28.75,28.75,0.16,0.31,12.49,0.0,True,21,30,8,7,2,0.0,0.0,0.0,0.0001070107404705174,0,0,1
2026-07-08 21:45:00,0.0,0.0,0.0,0.0,0.0,0.0,0.0,0.0,0.0,28.98,29.01,0.17,0.32,12.49,0.0,True,21,45,8,7,2,0.0,0.0,0.0,0.0001070107404705174,0,0,1
2026-07-08 22:00:00,0.0,0.0,0.0,0.0,0.0,0.0,0.0,0.0,0.0,28.14,27.99,0.29,0.35,12.49,0.0,True,22,0,8,7,2,0.0,0.0,0.0,0.0001070107404705174,0,0,1
2026-07-08 22:15:00,0.0,0.0,0.0,0.0,0.0,0.0,0.0,0.0,0.0,27.5,27.4,0.31,0.34,12.49,0.0,True,22,15,8,7,2,0.0,0.0,0.0,0.0001070107404705174,0,0,1
2026-07-08 22:30:00,0.0,0.0,0.0,0.0,0.0,0.0,0.0,0.0,0.0,28.0,27.94,0.14,0.31,12.49,0.0,True,22,30,8,7,2,0.0,0.0,0.0,0.0001070107404705174,0,0,1
2026-07-08 22:45:00,0.0,0.0,0.0,0.0,0.0,0.0,0.0,0.0,0.0,27.65,27.59,0.21,0.32,12.49,0.0,True,22,45,8,7,2,0.0,0.0,0.0,0.0001070107404705174,0,0,1
2026-07-08 23:00:00,0.0,0.0,0.0,0.0,0.0,0.0,0.0,0.0,0.0,27.42,27.35,0.67,0.32,12.49,0.0,True,23,0,8,7,2,0.0,0.0,0.0,0.0001070107404705174,0,0,1
2026-07-08 23:15:00,0.0,0.0,0.0,0.0,0.0,0.0,0.0,0.0,0.0,26.8,26.76,0.24,0.33,12.49,0.0,True,23,15,8,7,2,0.0,0.0,0.0,0.0001070107404705174,0,0,1
2026-07-08 23:30:00,0.0,0.0,0.0,0.0,0.0,0.0,0.0,0.0,0.0,27.21,27.3,0.52,0.41,12.49,0.0,True,23,30,8,7,2,0.0,0.0,0.0,0.0001070107404705174,0,0,1
2026-07-08 23:45:00,0.0,0.0,0.0,0.0,0.0,0.0,0.0,0.0,0.0,26.97,26.9,0.78,0.36,12.49,0.0,True,23,45,8,7,2,0.0,0.0,0.0,0.0001070107404705174,0,0,1
2026-07-09 00:00:00,0.0,0.0,0.0,0.0,0.0,0.0,0.0,0.0,0.0,27.28,27.22,0.33,0.35,12.49,0.0,True,0,0,9,7,3,0.0,0.0,0.0,0.0001070107404705174,0,1,0
2026-07-09 00:15:00,0.0,0.0,0.0,0.0,0.0,0.0,0.0,0.0,0.0,27.01,26.96,0.73,0.41,0.0,0.0,True,0,15,9,7,3,0.0,0.0,0.0,0.0,0,1,0
2026-07-09 00:30:00,0.0,0.0,0.0,0.0,0.0,0.0,0.0,0.0,0.0,27.38,27.34,1.0,0.43,0.0,0.0,True,0,30,9,7,3,0.0,0.0,0.0,0.0,0,1,0
2026-07-09 00:45:00,0.0,0.0,0.0,0.0,0.0,0.0,0.0,0.0,0.0,27.27,27.26,0.67,0.42,0.0,0.0,True,0,45,9,7,3,0.0,0.0,0.0,0.0,0,1,0
2026-07-09 01:00:00,0.0,0.0,0.0,0.0,0.0,0.0,0.0,0.0,0.0,27.19,27.19,0.48,0.41,0.0,0.0,True,1,0,9,7,3,0.0,0.0,0.0,0.0,0,1,0
2026-07-09 01:15:00,0.0,0.0,0.0,0.0,0.0,0.0,0.0,0.0,0.0,26.93,26.87,0.35,0.41,0.0,0.0,True,1,15,9,7,3,0.0,0.0,0.0,0.0,0,1,0
2026-07-09 01:30:00,0.0,0.0,0.0,0.0,0.0,0.0,0.0,0.0,0.0,27.49,27.32,0.64,0.45,0.0,0.0,True,1,30,9,7,3,0.0,0.0,0.0,0.0,0,1,0
2026-07-09 01:45:00,0.0,0.0,0.0,0.0,0.0,0.0,0.0,0.0,0.0,27.16,27.04,0.59,0.36,0.0,0.0,True,1,45,9,7,3,0.0,0.0,0.0,0.0,0,1,0
2026-07-09 02:00:00,0.0,0.0,0.0,0.0,0.0,0.0,0.0,0.0,0.0,27.58,27.57,0.85,0.4,0.0,0.0,True,2,0,9,7,3,0.0,0.0,0.0,0.0,0,1,0
2026-07-09 02:15:00,0.0,0.0,0.0,0.0,0.0,0.0,0.0,0.0,0.0,27.93,28.08,0.64,0.42,0.0,0.0,True,2,15,9,7,3,0.0,0.0,0.0,0.0,0,1,0
2026-07-09 02:30:00,0.0,0.0,0.0,0.0,0.0,0.0,0.0,0.0,0.0,27.63,27.63,0.33,0.41,0.0,0.0,True,2,30,9,7,3,0.0,0.0,0.0,0.0,0,1,0
2026-07-09 02:45:00,0.0,0.0,0.0,0.0,0.0,0.0,0.0,0.0,0.0,27.51,27.49,0.4,0.41,0.0,0.0,True,2,45,9,7,3,0.0,0.0,0.0,0.0,0,1,0
2026-07-09 03:00:00,0.0,0.0,0.0,0.0,0.0,0.0,0.0,0.0,0.0,27.55,27.61,0.36,0.41,0.0,0.0,True,3,0,9,7,3,0.0,0.0,0.0,0.0,0,1,0
2026-07-09 03:15:00,0.0,0.0,0.0,0.0,0.0,0.0,0.0,0.0,0.0,27.45,27.49,0.43,0.41,0.0,0.0,True,3,15,9,7,3,0.0,0.0,0.0,0.0,0,1,0
2026-07-09 03:30:00,0.0,0.0,0.0,0.0,0.0,0.0,0.0,0.0,0.0,27.57,27.59,0.31,0.4,0.0,0.0,True,3,30,9,7,3,0.0,0.0,0.0,0.0,0,1,0
2026-07-09 03:45:00,0.0,0.0,0.0,0.0,0.0,0.0,0.0,0.0,0.0,27.65,27.65,0.35,0.42,0.0,0.0,True,3,45,9,7,3,0.0,0.0,0.0,0.0,0,1,0
2026-07-09 04:00:00,0.0,0.0,0.0,0.0,0.0,0.0,0.0,0.0,0.0,27.13,27.12,0.32,0.4,0.0,0.0,True,4,0,9,7,3,0.0,0.0,0.0,0.0,0,1,0
2026-07-09 04:15:00,0.0,0.0,0.0,0.0,0.0,0.0,0.0,0.0,0.0,27.51,27.62,0.38,0.4,0.0,0.0,True,4,15,9,7,3,0.0,0.0,0.0,0.0,0,1,0
2026-07-09 04:30:00,0.0,0.0,0.0,0.0,0.0,0.0,0.0,0.0,0.0,27.28,27.25,0.35,0.37,0.0,0.0,True,4,30,9,7,3,0.0,0.0,0.0,0.0,0,1,0
2026-07-09 04:45:00,0.0,0.0,0.0,0.0,0.0,0.0,0.0,0.0,0.0,27.24,27.27,0.38,0.4,0.0,0.0,True,4,45,9,7,3,0.0,0.0,0.0,0.0,0,1,0
2026-07-09 05:00:00,0.0,0.0,0.0,0.0,0.0,0.0,0.0,0.0,0.0,27.52,27.59,0.24,0.37,0.0,0.0,True,5,0,9,7,3,0.0,0.0,0.0,0.0,0,1,0
2026-07-09 05:15:00,0.0,0.0,0.0,0.0,0.0,0.0,0.0,0.0,0.0,27.45,27.47,0.27,0.39,0.0,0.0,True,5,15,9,7,3,0.0,0.0,0.0,0.0,0,1,0
2026-07-09 05:30:00,0.0,0.0,0.0,0.0,0.0,0.0,0.0,0.0,0.0,26.63,26.54,0.35,0.4,0.0,0.0,True,5,30,9,7,3,0.0,0.0,0.0,0.0,0,1,0
2026-07-09 05:45:00,0.0,0.0,0.0,0.0,0.0,0.0,0.0,0.0,0.0,26.54,26.47,0.35,0.41,0.0,0.0,True,5,45,9,7,3,0.0,0.0,0.0,0.0,0,1,0
2026-07-09 06:00:00,0.0,0.0,0.0,0.0,0.0,0.0,0.0,0.0,0.0,26.51,26.5,1.64,1.01,0.0,0.0,True,6,0,9,7,3,0.0,0.0,0.0,0.0,0,1,0
2026-07-09 06:15:00,11.93,0.0,0.0,0.0,0.0,6.3,6.53,4.76,4.93,26.85,26.87,4.32,3.62,0.0,25.3,True,6,15,9,7,3,0.0,0.0,3.9766666666666666,6.887788711432235,0,1,0
2026-07-09 06:30:00,130.31,34.24,35.31,33.42,34.46,37.01,38.16,36.95,38.11,27.15,27.15,17.01,16.3,0.01,70.21,True,6,30,9,7,3,11.93,0.0,47.413333333333334,72.0380054785898,0,1,0
2026-07-09 06:45:00,284.71,72.79,74.85,74.84,76.94,74.09,76.17,74.03,76.12,27.3,27.34,32.22,31.65,0.04,81.04,True,6,45,9,7,3,130.31,11.93,142.31666666666666,136.78578922290623,1,1,0
2026-07-09 07:00:00,169.37,44.61,45.98,45.83,47.23,45.36,46.73,45.05,46.42,27.28,27.26,20.46,19.52,0.06,75.9,True,7,0,9,7,3,284.71,130.31,194.79666666666665,80.27905413825782,0,1,0
2026-07-09 07:15:00,547.2,138.84,141.55,146.29,149.1,134.73,137.36,137.94,140.64,27.65,27.67,56.39,54.8,0.12,89.11,True,7,15,9,7,3,169.37,284.71,333.76,193.6318777990856,1,1,0
2026-07-09 07:30:00,824.91,206.65,210.26,206.78,211.22,203.52,207.95,205.23,209.66,29.06,29.21,83.01,81.12,0.2,91.79,True,7,30,9,7,3,547.2,169.37,513.8266666666667,329.04180195430087,1,1,0
2026-07-09 07:45:00,1050.1,262.27,266.67,274.81,280.29,261.0,266.37,261.42,266.79,29.39,29.57,98.06,96.11,0.31,99.05,True,7,45,9,7,3,824.91,547.2,807.4033333333333,251.90665936678494,1,1,0
2026-07-09 08:00:00,1842.59,457.95,465.52,479.03,487.09,452.53,460.23,457.35,465.11,30.49,30.63,191.87,190.25,0.5,89.22,True,8,0,9,7,3,1050.1,824.91,1239.2,534.5439674152167,1,1,0
2026-07-09 08:15:00,2133.57,518.79,527.75,524.63,533.43,557.2,566.49,535.75,544.71,32.17,32.6,219.91,218.92,0.71,90.76,True,8,15,9,7,3,1842.59,1050.1,1675.42,560.7460805926338,1,1,0
2026-07-09 08:30:00,4338.11,1052.85,1075.58,1098.88,1117.73,1095.65,1114.34,1076.17,1094.46,36.92,37.56,475.96,473.65,1.16,86.97,True,8,30,9,7,3,2133.57,1842.59,2771.4233333333336,1364.5686768108571,1,1,0
2026-07-09 08:45:00,3492.45,858.52,875.61,881.76,896.18,883.3,897.81,874.49,888.81,37.96,38.5,388.83,383.06,1.53,86.08,True,8,45,9,7,3,4338.11,2133.57,3321.3766666666666,1112.1819621506788,1,1,0
2026-07-09 09:00:00,1724.72,429.1,436.36,445.12,452.84,432.15,439.69,430.4,437.92,36.84,37.34,205.69,201.99,1.72,79.98,True,9,0,9,7,3,3492.45,4338.11,3185.093333333333,1333.5302446638898,1,1,0
2026-07-09 09:15:00,1165.31,290.2,294.98,301.39,307.15,289.5,295.15,289.97,295.61,32.64,32.89,116.14,114.85,1.84,94.05,True,9,15,9,7,3,1724.72,3492.45,2127.4933333333333,1214.7283290651183,1,1,0
2026-07-09 09:30:00,2146.48,533.63,542.68,552.91,562.08,533.99,542.88,535.73,544.65,32.34,32.41,215.67,212.68,2.06,93.17,True,9,30,9,7,3,1165.31,1724.72,1678.8366666666668,492.19163181969554,1,1,0
2026-07-09 09:45:00,1616.56,401.95,408.41,421.95,429.29,396.99,404.01,399.36,406.41,33.78,34.01,167.2,164.12,2.23,91.05,True,9,45,9,7,3,2146.48,1165.31,1642.7833333333335,491.11036400521493,1,1,0
2026-07-09 10:00:00,1649.43,411.15,417.85,432.62,440.1,398.96,405.98,407.21,414.34,33.12,33.44,158.85,156.35,2.4,97.52,True,10,0,9,7,3,1616.56,2146.48,1804.1566666666668,296.91591003739524,1,1,0
2026-07-09 10:15:00,2580.71,637.71,649.05,663.12,673.87,645.59,656.11,642.88,653.35,34.62,34.79,259.53,256.39,2.66,93.97,True,10,15,9,7,3,1649.43,1616.56,1948.8999999999999,547.4102815073911,1,1,0
2026-07-09 10:30:00,3345.68,830.12,846.42,877.1,891.43,820.37,833.69,827.44,840.88,37.12,37.47,338.05,333.16,3.01,94.51,True,10,30,9,7,3,2580.71,1649.43,2525.273333333333,849.4827447531432,1,1,0
2026-07-09 10:45:00,4765.02,1171.57,1197.72,1247.62,1269.71,1185.88,1206.48,1184.73,1205.3,40.49,41.2,488.25,475.47,3.48,94.54,True,10,45,9,7,3,3345.68,2580.71,3563.8033333333333,1108.3708248746598,1,1,0
2026-07-09 11:00:00,4903.09,1196.93,1224.0,1285.67,1308.54,1221.3,1242.72,1199.4,1220.32,43.5,44.29,521.04,501.26,4.0,92.34,True,11,0,9,7,3,4765.02,3345.68,4337.93,862.0822919536162,1,1,0
2026-07-09 11:15:00,5557.06,1352.49,1383.75,1457.25,1484.31,1367.37,1392.13,1398.2,1423.76,45.28,46.15,613.53,605.84,4.59,89.57,True,11,15,9,7,3,4903.09,4765.02,5075.056666666667,423.0972006919127,1,1,0
2026-07-09 11:30:00,4466.98,1087.97,1111.74,1112.16,1131.16,1157.45,1177.39,1118.79,1137.92,44.49,45.59,498.98,496.85,5.06,88.23,True,11,30,9,7,3,5557.06,4903.09,4975.71,548.6564042276365,1,1,0
2026-07-09 11:45:00,4145.55,1003.72,1024.94,1022.84,1039.99,1081.77,1100.14,1040.7,1058.22,43.47,44.39,451.17,450.96,5.49,90.16,True,11,45,9,7,3,4466.98,5557.06,4723.196666666667,739.8144059379575,1,1,0
2026-07-09 12:00:00,3355.08,825.74,841.92,827.37,840.84,856.73,870.72,845.79,859.6,41.76,42.62,342.26,341.08,5.84,95.47,True,12,0,9,7,3,4145.55,4466.98,3989.203333333333,572.2006751423246,1,0,1
2026-07-09 12:15:00,3569.66,883.52,901.37,904.24,919.17,898.03,912.84,896.86,911.66,41.24,41.98,369.31,368.39,6.21,93.93,True,12,15,9,7,3,3355.08,4145.55,3690.096666666667,408.765762061027,1,0,1
2026-07-09 12:30:00,3381.31,838.39,854.87,896.65,911.33,822.7,836.02,839.58,853.19,40.91,41.63,336.77,331.55,6.56,97.44,True,12,30,9,7,3,3569.66,3355.08,3435.35,117.05291666591836,1,0,1
2026-07-09 12:45:00,3880.71,956.44,976.28,997.4,1014.05,960.99,976.91,972.13,988.28,41.09,41.77,395.73,392.24,6.97,95.24,True,12,45,9,7,3,3381.31,3569.66,3610.56,252.19971748596132,1,0,1
2026-07-09 13:00:00,3665.63,900.49,918.73,941.78,957.34,915.83,930.89,917.72,932.82,41.7,42.44,373.31,370.38,7.35,95.61,True,13,0,9,7,3,3880.71,3381.31,3642.5499999999997,250.49871217233581,1,0,1
2026-07-09 13:15:00,4346.1,1069.64,1092.9,1121.52,1140.74,1079.35,1097.68,1085.41,1103.87,42.19,42.95,441.78,437.93,7.8,95.99,True,13,15,9,7,3,3665.63,3880.71,3964.146666666667,347.8233937407495,1,0,1
2026-07-09 13:30:00,3665.54,901.86,920.19,943.12,958.73,916.11,931.22,918.69,933.84,42.92,43.58,383.59,380.81,8.18,93.54,True,13,30,9,7,3,4346.1,3665.63,3892.4233333333336,392.89552101459805,1,0,1
2026-07-09 13:45:00,4164.71,1031.5,1053.58,1073.54,1091.75,1039.12,1056.64,1049.88,1067.61,42.71,43.05,439.68,437.58,8.62,92.63,True,13,45,9,7,3,3665.54,4346.1,4058.7833333333333,352.42846427797593,1,0,1
2026-07-09 14:00:00,3381.18,830.35,846.73,828.59,842.16,889.91,904.61,856.13,870.21,43.41,44.18,357.04,355.27,8.97,92.89,True,14,0,9,7,3,4164.71,3665.54,3737.1433333333334,396.6422736337272,1,0,1
2026-07-09 14:15:00,4578.11,1119.43,1144.2,1133.29,1152.74,1162.28,1182.35,1166.8,1186.96,44.39,45.2,497.29,496.76,9.45,90.69,True,14,15,9,7,3,3381.18,4164.71,4041.3333333333335,607.9282092758423,1,0,1
2026-07-09 14:30:00,2335.19,571.06,581.11,582.94,592.65,596.37,606.24,590.29,600.08,43.17,43.76,258.83,257.42,9.7,88.4,True,14,30,9,7,3,4578.11,3381.18,3431.4933333333333,1122.3061548585274,1,0,1
2026-07-09 14:45:00,2149.86,542.12,551.32,593.88,603.67,499.91,508.21,526.42,535.11,39.35,39.81,220.62,213.98,9.92,93.94,True,14,45,9,7,3,2335.19,4578.11,3021.0533333333333,1351.6308296400068,1,0,1
2026-07-09 15:00:00,2991.77,800.68,816.26,859.04,873.14,715.94,727.55,772.88,785.43,36.79,36.9,299.01,290.11,10.24,95.42,True,15,0,9,7,3,2149.86,2335.19,2492.273333333333,442.3906556804003,1,0,1
2026-07-09 15:15:00,4689.59,1125.81,1150.63,1293.41,1316.63,1150.18,1170.28,1157.47,1177.7,38.91,38.59,469.47,462.62,10.72,96.12,True,15,15,9,7,3,2991.77,2149.86,3277.0733333333333,1293.6790994034548,1,0,1
2026-07-09 15:30:00,3822.7,948.42,968.07,989.2,1005.71,936.23,951.73,953.7,969.53,42.29,42.21,434.9,432.81,11.12,85.81,True,15,30,9,7,3,4689.59,2991.77,3834.6866666666665,848.9734673317735,1,0,1
2026-07-09 15:45:00,4639.68,1161.48,1187.49,1231.1,1252.66,1118.76,1137.98,1154.05,1174.0,44.87,45.28,500.51,497.92,11.61,91.51,True,15,45,9,7,3,3822.7,4689.59,4383.99,486.7315482891981,1,0,1
2026-07-09 16:00:00,2896.17,735.58,749.43,772.27,784.92,746.26,758.42,752.23,764.51,45.87,46.63,321.41,321.48,11.93,89.34,True,16,0,9,7,3,4639.68,3822.7,3786.183333333333,872.3284245244643,1,0,1
2026-07-09 16:15:00,3438.97,853.97,870.91,888.55,903.08,842.19,855.86,857.55,871.52,43.62,43.92,377.16,378.24,12.28,89.52,True,16,15,9,7,3,2896.17,4639.68,3658.273333333333,892.2035888928795,1,0,1
2026-07-09 16:30:00,3040.82,745.63,759.74,776.44,789.1,757.77,770.2,764.7,777.23,44.65,45.37,339.08,340.61,12.6,88.44,True,16,30,9,7,3,3438.97,2896.17,3125.3199999999997,281.09277383099214,1,0,1
2026-07-09 16:45:00,2009.85,496.96,505.25,519.2,527.81,495.37,503.64,501.64,510.0,41.47,41.99,218.31,217.52,12.81,89.56,True,16,45,9,7,3,3040.82,3438.97,2829.8799999999997,737.5416980076461,1,0,1
2026-07-09 17:00:00,1547.3,382.79,388.94,397.34,404.37,384.71,391.57,387.43,394.33,38.58,39.17,166.8,166.03,12.98,89.14,True,17,0,9,7,3,2009.85,3040.82,2199.3233333333333,764.5754414270291,1,0,1
2026-07-09 17:15:00,1283.98,318.94,324.18,330.76,336.88,318.91,324.87,320.11,326.09,36.41,36.85,136.75,135.98,13.11,89.4,True,17,15,9,7,3,1547.3,2009.85,1613.7099999999998,367.463644868446,1,0,1
2026-07-09 17:30:00,1078.54,269.1,273.54,279.49,284.85,267.74,272.93,269.94,275.15,35.35,35.82,115.76,114.82,13.23,88.32,True,17,30,9,7,3,1283.98,1547.3,1303.2733333333329,234.974804890518,1,0,1
2026-07-09 17:45:00,816.25,204.21,207.79,211.08,215.89,203.03,207.81,204.44,209.23,34.89,35.42,89.63,88.9,13.31,86.16,True,17,45,9,7,3,1078.54,1283.98,1059.5899999999995,234.4401098361878,1,0,1
2026-07-09 18:00:00,596.56,150.47,153.31,154.36,158.68,150.27,154.53,150.76,155.02,33.16,33.6,67.71,67.75,13.37,82.76,True,18,0,9,7,3,816.25,1078.54,830.4499999999997,241.30356420907648,1,0,1
2026-07-09 18:15:00,354.26,91.04,93.31,92.98,95.87,89.63,92.42,89.97,92.77,32.27,32.53,40.2,40.1,13.41,82.48,True,18,15,9,7,3,596.56,816.25,589.023333333333,231.0871935727667,1,0,1
2026-07-09 18:30:00,222.29,59.18,60.99,59.36,61.24,57.8,59.63,58.08,59.92,30.88,30.97,28.39,29.35,13.43,72.86,True,18,30,9,7,3,354.26,596.56,391.03666666666635,189.82597460131055,1,0,1
2026-07-09 18:45:00,50.25,15.48,15.99,13.88,14.37,13.75,14.25,13.67,14.16,30.38,30.52,7.27,7.25,13.44,64.23,True,18,45,9,7,3,222.29,354.26,208.93333333333302,152.44448311873234,0,0,1
2026-07-09 19:00:00,0.0,0.34,0.37,0.4,0.43,0.06,0.07,0.21,0.23,29.42,29.31,0.37,0.34,13.44,0.0,True,19,0,9,7,3,50.25,222.29,90.84666666666635,116.57305878005222,0,0,1
2026-07-09 19:15:00,0.0,0.0,0.0,0.0,0.0,0.0,0.0,0.0,0.0,28.78,28.59,0.14,0.27,13.44,0.0,True,19,15,9,7,3,0.0,50.25,16.749999999999698,29.01185102685113,0,0,1
2026-07-09 19:30:00,0.0,0.0,0.0,0.0,0.0,0.0,0.0,0.0,0.0,28.69,28.51,0.15,0.29,13.44,0.0,True,19,30,9,7,3,0.0,0.0,0.0,6.487351574885165e-05,0,0,1
2026-07-09 19:45:00,0.0,0.0,0.0,0.0,0.0,0.0,0.0,0.0,0.0,28.28,28.04,0.18,0.3,13.44,0.0,True,19,45,9,7,3,0.0,0.0,0.0,6.487351574885165e-05,0,0,1
2026-07-09 20:00:00,0.0,0.0,0.0,0.0,0.0,0.0,0.0,0.0,0.0,28.3,28.12,0.17,0.3,13.44,0.0,True,20,0,9,7,3,0.0,0.0,0.0,6.487351574885165e-05,0,0,1
2026-07-09 20:15:00,0.0,0.0,0.0,0.0,0.0,0.0,0.0,0.0,0.0,28.04,27.8,0.24,0.33,13.44,0.0,True,20,15,9,7,3,0.0,0.0,0.0,6.487351574885165e-05,0,0,1
2026-07-09 20:30:00,0.0,0.0,0.0,0.0,0.0,0.0,0.0,0.0,0.0,28.51,28.17,0.22,0.33,13.44,0.0,True,20,30,9,7,3,0.0,0.0,0.0,6.487351574885165e-05,0,0,1
2026-07-09 20:45:00,0.0,0.0,0.0,0.0,0.0,0.0,0.0,0.0,0.0,28.78,28.57,0.26,0.35,13.44,0.0,True,20,45,9,7,3,0.0,0.0,0.0,6.487351574885165e-05,0,0,1
2026-07-09 21:00:00,0.0,0.0,0.0,0.0,0.0,0.0,0.0,0.0,0.0,28.87,28.76,0.21,0.34,13.44,0.0,True,21,0,9,7,3,0.0,0.0,0.0,6.487351574885165e-05,0,0,1
2026-07-09 21:15:00,0.0,0.0,0.0,0.0,0.0,0.0,0.0,0.0,0.0,28.99,28.94,0.14,0.31,13.44,0.0,True,21,15,9,7,3,0.0,0.0,0.0,6.487351574885165e-05,0,0,1
2026-07-09 21:30:00,0.0,0.0,0.0,0.0,0.0,0.0,0.0,0.0,0.0,29.06,28.99,0.29,0.36,13.44,0.0,True,21,30,9,7,3,0.0,0.0,0.0,6.487351574885165e-05,0,0,1
2026-07-09 21:45:00,0.0,0.0,0.0,0.0,0.0,0.0,0.0,0.0,0.0,28.91,28.88,0.26,0.35,13.44,0.0,True,21,45,9,7,3,0.0,0.0,0.0,6.487351574885165e-05,0,0,1
2026-07-09 22:00:00,0.0,0.0,0.0,0.0,0.0,0.0,0.0,0.0,0.0,28.09,28.04,0.26,0.34,13.44,0.0,True,22,0,9,7,3,0.0,0.0,0.0,6.487351574885165e-05,0,0,1
2026-07-09 22:15:00,0.0,0.0,0.0,0.0,0.0,0.0,0.0,0.0,0.0,27.93,27.89,0.16,0.29,13.44,0.0,True,22,15,9,7,3,0.0,0.0,0.0,6.487351574885165e-05,0,0,1
2026-07-09 22:30:00,0.0,0.0,0.0,0.0,0.0,0.0,0.0,0.0,0.0,27.98,27.99,0.24,0.35,13.44,0.0,True,22,30,9,7,3,0.0,0.0,0.0,6.487351574885165e-05,0,0,1
2026-07-09 22:45:00,0.0,0.0,0.0,0.0,0.0,0.0,0.0,0.0,0.0,27.76,27.76,0.23,0.35,13.44,0.0,True,22,45,9,7,3,0.0,0.0,0.0,6.487351574885165e-05,0,0,1
2026-07-09 23:00:00,0.0,0.0,0.0,0.0,0.0,0.0,0.0,0.0,0.0,27.69,27.7,0.26,0.36,13.44,0.0,True,23,0,9,7,3,0.0,0.0,0.0,6.487351574885165e-05,0,0,1
2026-07-09 23:15:00,0.0,0.0,0.0,0.0,0.0,0.0,0.0,0.0,0.0,27.25,27.22,0.28,0.36,13.44,0.0,True,23,15,9,7,3,0.0,0.0,0.0,6.487351574885165e-05,0,0,1
2026-07-09 23:30:00,0.0,0.0,0.0,0.0,0.0,0.0,0.0,0.0,0.0,26.95,26.87,0.32,0.38,13.44,0.0,True,23,30,9,7,3,0.0,0.0,0.0,6.487351574885165e-05,0,0,1
2026-07-09 23:45:00,0.0,0.0,0.0,0.0,0.0,0.0,0.0,0.0,0.0,26.79,26.67,0.28,0.37,13.44,0.0,True,23,45,9,7,3,0.0,0.0,0.0,6.487351574885165e-05,0,0,1
2026-07-10 00:15:00,0.0,0.0,0.0,0.0,0.0,0.0,0.0,0.0,0.0,26.29,26.14,0.31,0.38,0.0,0.0,True,0,15,10,7,4,0.0,0.0,0.0,0.0,0,1,0
2026-07-10 00:30:00,0.0,0.0,0.0,0.0,0.0,0.0,0.0,0.0,0.0,27.17,27.08,0.21,0.35,0.0,0.0,True,0,30,10,7,4,0.0,0.0,0.0,0.0,0,1,0
2026-07-10 00:45:00,0.0,0.0,0.0,0.0,0.0,0.0,0.0,0.0,0.0,26.61,26.5,0.39,0.41,0.0,0.0,True,0,45,10,7,4,0.0,0.0,0.0,0.0,0,1,0
2026-07-10 01:00:00,0.0,0.0,0.0,0.0,0.0,0.0,0.0,0.0,0.0,27.01,27.0,0.33,0.41,0.0,0.0,True,1,0,10,7,4,0.0,0.0,0.0,0.0,0,1,0
2026-07-10 01:15:00,0.0,0.0,0.0,0.0,0.0,0.0,0.0,0.0,0.0,27.27,27.26,0.36,0.41,0.0,0.0,True,1,15,10,7,4,0.0,0.0,0.0,0.0,0,1,0
2026-07-10 01:30:00,0.0,0.0,0.0,0.0,0.0,0.0,0.0,0.0,0.0,27.09,26.97,0.27,0.38,0.0,0.0,True,1,30,10,7,4,0.0,0.0,0.0,0.0,0,1,0
2026-07-10 01:45:00,0.0,0.0,0.0,0.0,0.0,0.0,0.0,0.0,0.0,27.31,27.24,0.33,0.39,0.0,0.0,True,1,45,10,7,4,0.0,0.0,0.0,0.0,0,1,0
2026-07-10 02:00:00,0.0,0.0,0.0,0.0,0.0,0.0,0.0,0.0,0.0,26.76,26.59,0.28,0.36,0.0,0.0,True,2,0,10,7,4,0.0,0.0,0.0,0.0,0,1,0
2026-07-10 02:15:00,0.0,0.0,0.0,0.0,0.0,0.0,0.0,0.0,0.0,27.55,27.51,0.29,0.38,0.0,0.0,True,2,15,10,7,4,0.0,0.0,0.0,0.0,0,1,0
2026-07-10 02:30:00,0.0,0.0,0.0,0.0,0.0,0.0,0.0,0.0,0.0,27.56,27.51,0.31,0.37,0.0,0.0,True,2,30,10,7,4,0.0,0.0,0.0,0.0,0,1,0
2026-07-10 02:45:00,0.0,0.0,0.0,0.0,0.0,0.0,0.0,0.0,0.0,27.88,27.87,0.34,0.4,0.0,0.0,True,2,45,10,7,4,0.0,0.0,0.0,0.0,0,1,0
2026-07-10 03:00:00,0.0,0.0,0.0,0.0,0.0,0.0,0.0,0.0,0.0,27.76,27.72,0.32,0.39,0.0,0.0,True,3,0,10,7,4,0.0,0.0,0.0,0.0,0,1,0
2026-07-10 03:15:00,0.0,0.0,0.0,0.0,0.0,0.0,0.0,0.0,0.0,27.96,27.94,0.29,0.37,0.0,0.0,True,3,15,10,7,4,0.0,0.0,0.0,0.0,0,1,0
2026-07-10 03:30:00,0.0,0.0,0.0,0.0,0.0,0.0,0.0,0.0,0.0,27.39,27.38,0.28,0.38,0.0,0.0,True,3,30,10,7,4,0.0,0.0,0.0,0.0,0,1,0
2026-07-10 03:45:00,0.0,0.0,0.0,0.0,0.0,0.0,0.0,0.0,0.0,26.97,26.86,0.68,0.39,0.0,0.0,True,3,45,10,7,4,0.0,0.0,0.0,0.0,0,1,0
2026-07-10 04:00:00,0.0,0.0,0.0,0.0,0.0,0.0,0.0,0.0,0.0,26.52,26.43,0.52,0.39,0.0,0.0,True,4,0,10,7,4,0.0,0.0,0.0,0.0,0,1,0
2026-07-10 04:15:00,0.0,0.0,0.0,0.0,0.0,0.0,0.0,0.0,0.0,27.01,26.96,0.36,0.37,0.0,0.0,True,4,15,10,7,4,0.0,0.0,0.0,0.0,0,1,0
2026-07-10 04:30:00,0.0,0.0,0.0,0.0,0.0,0.0,0.0,0.0,0.0,27.11,27.02,0.41,0.39,0.0,0.0,True,4,30,10,7,4,0.0,0.0,0.0,0.0,0,1,0
2026-07-10 04:45:00,0.0,0.0,0.0,0.0,0.0,0.0,0.0,0.0,0.0,26.95,26.71,0.31,0.39,0.0,0.0,True,4,45,10,7,4,0.0,0.0,0.0,0.0,0,1,0
2026-07-10 05:00:00,0.0,0.0,0.0,0.0,0.0,0.0,0.0,0.0,0.0,27.0,26.75,0.24,0.37,0.0,0.0,True,5,0,10,7,4,0.0,0.0,0.0,0.0,0,1,0
2026-07-10 05:15:00,0.0,0.0,0.0,0.0,0.0,0.0,0.0,0.0,0.0,27.08,26.89,0.32,0.39,0.0,0.0,True,5,15,10,7,4,0.0,0.0,0.0,0.0,0,1,0
2026-07-10 05:30:00,0.0,0.0,0.0,0.0,0.0,0.0,0.0,0.0,0.0,27.33,27.3,0.25,0.38,0.0,0.0,True,5,30,10,7,4,0.0,0.0,0.0,0.0,0,1,0
2026-07-10 05:45:00,0.0,0.0,0.0,0.0,0.0,0.0,0.0,0.0,0.0,26.41,26.29,0.94,0.62,0.0,0.0,True,5,45,10,7,4,0.0,0.0,0.0,0.0,0,1,0
2026-07-10 06:00:00,15.1,0.0,0.0,0.0,0.0,0.0,0.0,1.98,2.04,26.79,26.66,8.26,7.48,0.0,16.73,True,6,0,10,7,4,0.0,0.0,5.033333333333333,8.71798906476335,0,1,0
2026-07-10 06:15:00,69.04,0.0,0.0,6.66,6.86,35.29,36.4,38.58,39.78,27.4,27.37,19.01,18.03,0.01,33.32,True,6,15,10,7,4,15.1,0.0,28.046666666666667,36.29521364220541,0,1,0
2026-07-10 06:30:00,213.99,55.55,57.26,58.03,59.81,55.64,57.35,56.23,57.96,28.03,28.04,26.69,25.65,0.03,73.74,True,6,30,10,7,4,69.04,15.1,99.37666666666667,102.85690561811265,1,1,0
2026-07-10 06:45:00,365.51,93.07,95.4,97.46,99.82,93.22,95.55,93.96,96.3,28.3,28.34,42.95,41.47,0.07,78.37,True,6,45,10,7,4,213.99,69.04,216.17999999999998,148.24713251864264,1,1,0
2026-07-10 07:00:00,715.76,179.27,182.51,191.95,195.79,175.57,179.2,179.95,183.6,29.43,29.7,77.64,74.86,0.14,85.28,True,7,0,10,7,4,365.51,213.99,431.75333333333333,257.3604818796649,1,1,0
2026-07-10 07:15:00,850.17,211.75,215.43,223.42,228.33,211.34,216.18,212.89,217.74,30.85,31.08,94.95,92.84,0.22,83.31,True,7,15,10,7,4,715.76,365.51,643.8133333333334,250.21205213445123,1,1,0
2026-07-10 07:30:00,1061.75,262.11,266.48,271.08,276.41,267.05,272.34,266.79,272.07,32.15,32.4,116.05,114.59,0.34,85.59,True,7,30,10,7,4,850.17,715.76,875.8933333333334,174.4234429006989,1,1,0
2026-07-10 07:45:00,1488.11,365.1,371.08,378.76,385.5,377.42,384.14,376.65,383.36,32.4,32.58,167.44,161.33,0.49,83.22,True,7,45,10,7,4,1061.75,850.17,1133.3433333333332,324.94009437638397,1,1,0
2026-07-10 08:00:00,1968.74,484.74,492.79,512.88,521.38,489.68,497.87,490.07,498.26,34.18,34.53,216.84,210.47,0.69,85.65,True,8,0,10,7,4,1488.11,1061.75,1506.2,453.76552436252814,1,1,0
2026-07-10 08:15:00,2298.57,564.32,573.98,595.87,605.71,567.35,576.72,574.16,583.64,35.38,35.69,249.34,242.58,0.93,87.4,True,8,15,10,7,4,1968.74,1488.11,1918.4733333333334,407.56153674424894,1,1,0
2026-07-10 08:30:00,2660.05,648.69,660.22,682.41,693.5,667.76,678.64,666.41,677.26,36.51,36.84,290.71,286.49,1.21,87.16,True,8,30,10,7,4,2298.57,1968.74,2309.1200000000003,345.775730640542,1,1,0
2026-07-10 08:45:00,2940.69,718.47,731.73,747.45,759.41,744.37,756.3,739.73,751.58,37.93,38.26,318.49,318.61,1.51,88.48,True,8,45,10,7,4,2660.05,2298.57,2633.103333333334,321.9069985777477,1,1,0
2026-07-10 09:00:00,4372.32,1081.47,1104.95,1140.91,1160.7,1099.54,1118.44,1114.17,1133.39,39.06,39.14,448.93,439.61,1.93,93.78,True,9,0,10,7,4,2940.69,2660.05,3324.353333333334,918.3492272732275,1,1,0
2026-07-10 09:15:00,5670.43,1359.56,1390.93,1460.76,1487.95,1427.81,1454.13,1436.68,1463.23,43.6,43.69,635.28,620.79,2.55,87.63,True,9,15,10,7,4,4372.32,2940.69,4327.8133333333335,1365.414131109436,1,1,0
2026-07-10 09:30:00,5928.12,1385.57,1417.59,1554.35,1583.89,1499.13,1527.21,1502.22,1530.39,46.2,46.61,672.02,638.52,3.17,87.58,True,9,30,10,7,4,5670.43,4372.32,5323.623333333333,833.8672304589852,1,1,0
2026-07-10 09:45:00,6175.15,1384.84,1416.85,1634.68,1666.4,1581.91,1612.19,1588.55,1619.01,47.34,48.09,708.32,647.55,3.81,86.99,True,9,45,10,7,4,5928.12,5670.43,5924.566666666667,252.37876145456127,1,1,0
2026-07-10 10:00:00,6421.39,1388.98,1421.08,1723.61,1757.8,1656.62,1688.94,1675.67,1708.52,49.27,50.3,751.77,675.04,4.47,85.96,True,10,0,10,7,4,6175.15,5928.12,6174.886666666666,246.6351054358207,1,1,0
2026-07-10 10:15:00,6374.97,1382.72,1414.68,1713.48,1747.42,1648.14,1680.25,1651.1,1683.31,49.29,49.6,759.99,700.79,5.15,84.43,True,10,15,10,7,4,6421.39,6175.15,6323.836666666667,130.8414985138056,1,1,0
2026-07-10 10:30:00,5949.01,1366.42,1397.99,1539.77,1569.01,1532.57,1561.64,1533.55,1562.61,48.48,48.77,684.23,661.52,5.75,87.19,True,10,30,10,7,4,6374.97,6421.39,6248.456666666666,260.3650009762028,1,1,0
2026-07-10 10:45:00,6499.17,1386.84,1418.89,1763.5,1799.09,1679.12,1712.13,1691.4,1724.96,49.09,49.3,793.22,685.91,6.44,82.39,True,10,45,10,7,4,5949.01,6374.97,6274.383333333334,288.5433494872791,1,1,0
2026-07-10 11:00:00,6508.45,1365.12,1396.59,1884.68,1923.63,1609.07,1640.5,1697.4,1731.23,49.55,49.56,741.09,565.43,7.1,88.49,True,11,0,10,7,4,6499.17,5949.01,6318.876666666666,320.3475346141093,1,1,0
2026-07-10 11:15:00,7234.14,1398.61,1430.93,1990.3,2032.25,1936.2,1976.56,1944.87,1985.48,48.86,48.37,893.29,882.12,7.86,81.35,True,11,15,10,7,4,6508.45,6499.17,6747.253333333334,421.6817511267683,1,1,0
2026-07-10 11:30:00,4742.43,1112.83,1137.21,1151.37,1171.4,1268.57,1291.54,1217.44,1239.15,46.76,46.23,575.64,569.62,8.37,82.0,True,11,30,10,7,4,7234.14,6508.45,6161.673333333333,1281.5401762852925,1,1,0
2026-07-10 11:45:00,3769.07,922.73,941.6,937.75,953.23,964.15,980.14,948.45,964.13,42.04,41.56,401.88,398.6,8.76,91.46,True,11,45,10,7,4,4742.43,7234.14,5248.546666666667,1787.1186548277485,1,1,0
2026-07-10 12:00:00,4412.39,1084.19,1107.82,1137.82,1157.34,1096.33,1114.99,1100.09,1118.82,41.8,41.49,472.73,467.39,9.21,90.92,True,12,0,10,7,4,3769.07,4742.43,4307.963333333333,495.01123111839024,1,0,1
2026-07-10 12:15:00,4596.61,1128.67,1153.7,1202.96,1223.88,1127.46,1146.77,1143.46,1163.1,43.37,43.29,476.71,472.01,9.69,94.57,True,12,15,10,7,4,4412.39,3769.07,4259.356666666667,434.4767125328402,1,0,1
2026-07-10 12:30:00,4656.08,1149.54,1175.22,1210.67,1231.78,1151.21,1171.02,1162.41,1182.46,43.45,43.36,487.71,483.3,10.17,93.66,True,12,30,10,7,4,4596.61,4412.39,4555.026666666667,127.05543763783895,1,0,1
2026-07-10 12:45:00,4785.47,1178.66,1205.22,1239.74,1261.4,1185.69,1206.19,1193.74,1214.42,44.17,44.5,507.3,504.16,10.65,92.84,True,12,45,10,7,4,4656.08,4596.61,4679.386666666666,96.56306453992707,1,0,1
2026-07-10 13:00:00,4456.95,1093.65,1117.65,1156.5,1176.45,1101.82,1120.63,1110.67,1129.65,44.99,45.33,483.89,480.98,11.14,90.97,True,13,0,10,7,4,4785.47,4656.08,4632.833333333333,165.4891332787215,1,0,1
2026-07-10 13:15:00,3433.35,830.44,846.68,842.8,856.43,901.22,915.99,872.62,886.84,43.26,43.33,363.11,362.77,11.49,92.69,True,13,15,10,7,4,4456.95,4785.47,4225.256666666666,705.2081069679683,1,0,1
2026-07-10 13:30:00,4027.05,990.79,1011.63,1032.9,1050.26,1012.7,1029.64,1007.62,1024.46,42.93,43.12,431.5,432.11,11.91,91.36,True,13,30,10,7,4,3433.35,4456.95,3972.4499999999994,513.9796785866282,1,0,1
2026-07-10 13:45:00,4056.22,990.63,1011.47,1021.27,1038.4,1031.19,1048.51,1023.98,1041.16,43.45,43.72,435.4,436.34,12.32,91.4,True,13,45,10,7,4,4027.05,3433.35,3838.873333333333,351.49623416666617,1,0,1
2026-07-10 14:00:00,3641.77,897.08,915.2,931.17,946.51,908.19,923.08,913.6,928.6,42.52,42.54,389.92,389.92,12.72,91.26,True,14,0,10,7,4,4056.22,4027.05,3908.3466666666664,231.32241921903565,1,0,1
2026-07-10 14:15:00,4155.8,1029.12,1051.11,1101.41,1120.18,1008.94,1025.83,1035.94,1053.37,42.96,43.08,443.99,441.4,13.15,91.63,True,14,15,10,7,4,3641.77,4056.22,3951.263333333333,272.6144468536967,1,0,1
2026-07-10 14:30:00,3984.46,976.3,996.74,1020.03,1037.16,1004.4,1021.19,997.14,1013.79,44.42,44.75,424.44,423.18,13.57,92.49,True,14,30,10,7,4,4155.8,3641.77,3927.343333333333,261.73162864534964,1,0,1
2026-07-10 14:45:00,3335.55,815.24,831.19,833.87,847.52,839.98,853.74,836.48,850.2,43.82,43.9,332.12,329.64,13.91,98.69,True,14,45,10,7,4,3984.46,4155.8,3825.269999999999,432.6761002181822,1,0,1
2026-07-10 15:00:00,4489.34,1105.39,1129.71,1161.58,1181.61,1092.7,1111.29,1109.79,1128.73,44.17,44.22,474.87,473.42,14.36,93.04,True,15,0,10,7,4,3335.55,3984.46,3936.4499999999994,578.3913563496725,1,0,1
2026-07-10 15:15:00,4437.61,1076.79,1100.25,1121.26,1140.45,1135.29,1154.81,1119.32,1138.49,46.39,47.08,491.49,491.07,14.83,89.72,True,15,15,10,7,4,4489.34,3335.55,4087.5,651.7212595120806,1,0,1
2026-07-10 15:30:00,4275.91,1048.87,1071.45,1086.39,1104.84,1072.57,1090.75,1080.94,1099.29,46.28,47.05,478.39,479.86,15.27,88.77,True,15,30,10,7,4,4437.61,4489.34,4400.953333333334,111.33676227259429,1,0,1
2026-07-10 15:45:00,3645.85,885.28,903.12,922.44,937.64,919.31,934.43,915.26,930.32,44.45,44.51,414.77,415.07,15.66,86.61,True,15,45,10,7,4,4275.91,4437.61,4119.79,418.3312864226307,1,0,1
2026-07-10 16:00:00,3435.02,839.06,855.57,875.44,889.71,862.7,876.74,865.64,879.74,42.96,43.01,373.56,375.29,16.02,90.02,True,16,0,10,7,4,3645.85,4275.91,3785.593333333333,437.5158824926808,1,0,1
2026-07-10 16:15:00,3419.68,838.27,854.71,872.4,886.6,853.46,867.29,858.16,872.08,43.16,43.47,377.86,380.57,16.38,88.68,True,16,15,10,7,4,3435.02,3645.85,3500.183333333333,126.38398725056778,1,0,1
2026-07-10 16:30:00,3191.02,783.81,798.78,813.09,826.18,794.38,807.12,800.49,813.34,42.97,43.07,351.13,354.65,16.71,88.97,True,16,30,10,7,4,3419.68,3435.02,3348.5733333333324,136.66059612541181,1,0,1
2026-07-10 16:45:00,2553.44,524.93,534.62,726.73,738.37,702.68,714.01,712.75,724.2,41.6,41.61,314.18,317.57,16.98,79.1,True,16,45,10,7,4,3191.02,3419.68,3054.713333333333,448.91821630822153,1,0,1
2026-07-10 17:00:00,1644.36,0.0,0.0,558.15,567.37,546.72,555.76,549.65,558.73,40.38,40.53,246.0,249.21,17.15,64.72,True,17,0,10,7,4,2553.44,3191.02,2462.9399999999996,777.2914359492371,1,0,1
2026-07-10 17:15:00,1181.76,0.0,0.0,402.69,409.79,392.82,399.79,395.55,402.56,38.48,38.76,175.93,178.4,17.27,64.52,True,17,15,10,7,4,1644.36,2553.44,1793.1866666666665,697.8456406207363,1,0,1
2026-07-10 17:30:00,910.01,0.0,0.0,311.28,317.12,303.36,309.08,305.03,310.77,36.84,37.09,135.34,137.04,17.37,64.14,True,17,30,10,7,4,1181.76,1644.36,1245.3766666666663,371.2853226743151,1,0,1
2026-07-10 17:45:00,691.82,0.0,0.0,237.42,242.36,231.07,235.97,232.33,237.24,35.71,36.03,105.49,106.48,17.44,62.26,True,17,45,10,7,4,910.01,1181.76,927.8633333333331,245.45744444480147,1,0,1
2026-07-10 18:00:00,508.65,0.0,0.0,175.62,180.2,171.05,175.58,171.82,176.35,34.3,34.64,76.96,77.42,17.49,62.37,True,18,0,10,7,4,691.82,910.01,703.493333333333,200.93447298404166,1,0,1
2026-07-10 18:15:00,314.02,0.0,0.0,110.43,113.81,107.42,110.72,107.53,110.84,33.1,33.26,46.64,46.51,17.53,63.23,True,18,15,10,7,4,508.65,691.82,504.8299999999997,188.92896628109418,1,0,1
2026-07-10 18:30:00,158.39,0.0,0.0,58.64,60.5,56.66,58.45,56.86,58.66,32.13,32.24,27.41,26.91,17.55,54.06,True,18,30,10,7,4,314.02,508.65,327.0199999999997,175.49150093393192,1,0,1
2026-07-10 18:45:00,41.42,0.0,0.0,18.02,18.64,17.68,18.3,17.67,18.29,30.89,30.95,8.54,7.82,17.55,45.12,True,18,45,10,7,4,158.39,314.02,171.27666666666633,136.75613197724923,0,0,1
2026-07-10 19:00:00,0.0,0.0,0.0,0.13,0.14,0.15,0.17,0.17,0.18,29.35,29.28,0.38,0.31,17.55,0.0,True,19,0,10,7,4,41.42,158.39,66.60333333333303,82.14315694797493,0,0,1
2026-07-10 19:15:00,0.0,0.0,0.0,0.0,0.0,0.0,0.0,0.0,0.0,28.81,28.78,0.09,0.26,17.55,0.0,True,19,15,10,7,4,0.0,41.42,13.806666666666365,23.91384815081141,0,0,1
2026-07-10 19:30:00,0.0,0.0,0.0,0.0,0.0,0.0,0.0,0.0,0.0,28.51,28.44,0.13,0.28,17.55,0.0,True,19,30,10,7,4,0.0,0.0,0.0,0.00021643338681445835,0,0,1
2026-07-10 19:45:00,0.0,0.0,0.0,0.0,0.0,0.0,0.0,0.0,0.0,28.11,28.07,0.19,0.3,17.55,0.0,True,19,45,10,7,4,0.0,0.0,0.0,0.00021643338681445835,0,0,1
2026-07-10 20:00:00,0.0,0.0,0.0,0.0,0.0,0.0,0.0,0.0,0.0,28.13,28.06,0.16,0.29,17.55,0.0,True,20,0,10,7,4,0.0,0.0,0.0,0.00021643338681445835,0,0,1
2026-07-10 20:15:00,0.0,0.0,0.0,0.0,0.0,0.0,0.0,0.0,0.0,28.06,28.02,0.18,0.34,17.55,0.0,True,20,15,10,7,4,0.0,0.0,0.0,0.00021643338681445835,0,0,1
2026-07-10 20:30:00,0.0,0.0,0.0,0.0,0.0,0.0,0.0,0.0,0.0,27.73,27.65,0.22,0.34,17.55,0.0,True,20,30,10,7,4,0.0,0.0,0.0,0.00021643338681445835,0,0,1
2026-07-10 20:45:00,0.0,0.0,0.0,0.0,0.0,0.0,0.0,0.0,0.0,27.62,27.57,0.22,0.32,17.55,0.0,True,20,45,10,7,4,0.0,0.0,0.0,0.00021643338681445835,0,0,1
2026-07-10 21:00:00,0.0,0.0,0.0,0.0,0.0,0.0,0.0,0.0,0.0,27.57,27.54,0.3,0.38,17.55,0.0,True,21,0,10,7,4,0.0,0.0,0.0,0.00021643338681445835,0,0,1
2026-07-10 21:15:00,0.0,0.0,0.0,0.0,0.0,0.0,0.0,0.0,0.0,27.49,27.45,0.3,0.37,17.55,0.0,True,21,15,10,7,4,0.0,0.0,0.0,0.00021643338681445835,0,0,1
2026-07-10 21:30:00,0.0,0.0,0.0,0.0,0.0,0.0,0.0,0.0,0.0,27.37,27.26,0.16,0.32,17.55,0.0,True,21,30,10,7,4,0.0,0.0,0.0,0.00021643338681445835,0,0,1
2026-07-10 21:45:00,0.0,0.0,0.0,0.0,0.0,0.0,0.0,0.0,0.0,27.52,27.44,0.25,0.36,17.55,0.0,True,21,45,10,7,4,0.0,0.0,0.0,0.00021643338681445835,0,0,1
2026-07-10 22:00:00,0.0,0.0,0.0,0.0,0.0,0.0,0.0,0.0,0.0,27.46,27.3,0.23,0.36,17.55,0.0,True,22,0,10,7,4,0.0,0.0,0.0,0.00021643338681445835,0,0,1
2026-07-10 22:15:00,0.0,0.0,0.0,0.0,0.0,0.0,0.0,0.0,0.0,27.74,27.67,0.25,0.37,17.55,0.0,True,22,15,10,7,4,0.0,0.0,0.0,0.00021643338681445835,0,0,1
2026-07-10 22:30:00,0.0,0.0,0.0,0.0,0.0,0.0,0.0,0.0,0.0,27.62,27.48,0.24,0.36,17.55,0.0,True,22,30,10,7,4,0.0,0.0,0.0,0.00021643338681445835,0,0,1
2026-07-10 22:45:00,0.0,0.0,0.0,0.0,0.0,0.0,0.0,0.0,0.0,27.72,27.6,0.21,0.35,17.55,0.0,True,22,45,10,7,4,0.0,0.0,0.0,0.00021643338681445835,0,0,1
2026-07-10 23:00:00,0.0,0.0,0.0,0.0,0.0,0.0,0.0,0.0,0.0,27.32,27.11,0.25,0.35,17.55,0.0,True,23,0,10,7,4,0.0,0.0,0.0,0.00021643338681445835,0,0,1
2026-07-10 23:15:00,0.0,0.0,0.0,0.0,0.0,0.0,0.0,0.0,0.0,27.49,27.32,0.27,0.36,17.55,0.0,True,23,15,10,7,4,0.0,0.0,0.0,0.00021643338681445835,0,0,1
2026-07-10 23:30:00,0.0,0.0,0.0,0.0,0.0,0.0,0.0,0.0,0.0,27.81,27.59,0.26,0.35,17.55,0.0,True,23,30,10,7,4,0.0,0.0,0.0,0.00021643338681445835,0,0,1
2026-07-10 23:45:00,0.0,0.0,0.0,0.0,0.0,0.0,0.0,0.0,0.0,27.97,27.84,0.21,0.35,17.55,0.0,True,23,45,10,7,4,0.0,0.0,0.0,0.00021643338681445835,0,0,1
2026-07-11 00:15:00,0.0,0.0,0.0,0.0,0.0,0.0,0.0,0.0,0.0,27.7,27.66,0.27,0.36,0.0,0.0,True,0,15,11,7,5,0.0,0.0,0.0,0.0,0,1,0
2026-07-11 00:30:00,0.0,0.0,0.0,0.0,0.0,0.0,0.0,0.0,0.0,27.46,27.39,0.24,0.36,0.0,0.0,True,0,30,11,7,5,0.0,0.0,0.0,0.0,0,1,0
2026-07-11 00:45:00,0.0,0.0,0.0,0.0,0.0,0.0,0.0,0.0,0.0,27.5,27.48,0.31,0.38,0.0,0.0,True,0,45,11,7,5,0.0,0.0,0.0,0.0,0,1,0
2026-07-11 01:00:00,0.0,0.0,0.0,0.0,0.0,0.0,0.0,0.0,0.0,27.05,27.06,0.31,0.38,0.0,0.0,True,1,0,11,7,5,0.0,0.0,0.0,0.0,0,1,0
2026-07-11 01:15:00,0.0,0.0,0.0,0.0,0.0,0.0,0.0,0.0,0.0,26.6,26.53,0.29,0.37,0.0,0.0,True,1,15,11,7,5,0.0,0.0,0.0,0.0,0,1,0
2026-07-11 01:30:00,0.0,0.0,0.0,0.0,0.0,0.0,0.0,0.0,0.0,26.68,26.63,0.31,0.39,0.0,0.0,True,1,30,11,7,5,0.0,0.0,0.0,0.0,0,1,0
2026-07-11 01:45:00,0.0,0.0,0.0,0.0,0.0,0.0,0.0,0.0,0.0,26.67,26.63,0.28,0.39,0.0,0.0,True,1,45,11,7,5,0.0,0.0,0.0,0.0,0,1,0
2026-07-11 02:00:00,0.0,0.0,0.0,0.0,0.0,0.0,0.0,0.0,0.0,26.7,26.7,0.34,0.4,0.0,0.0,True,2,0,11,7,5,0.0,0.0,0.0,0.0,0,1,0
2026-07-11 02:15:00,0.0,0.0,0.0,0.0,0.0,0.0,0.0,0.0,0.0,26.48,26.43,0.32,0.4,0.0,0.0,True,2,15,11,7,5,0.0,0.0,0.0,0.0,0,1,0
2026-07-11 02:30:00,0.0,0.0,0.0,0.0,0.0,0.0,0.0,0.0,0.0,26.39,26.3,0.31,0.39,0.0,0.0,True,2,30,11,7,5,0.0,0.0,0.0,0.0,0,1,0
2026-07-11 02:45:00,0.0,0.0,0.0,0.0,0.0,0.0,0.0,0.0,0.0,26.64,26.58,0.26,0.37,0.0,0.0,True,2,45,11,7,5,0.0,0.0,0.0,0.0,0,1,0
2026-07-11 03:00:00,0.0,0.0,0.0,0.0,0.0,0.0,0.0,0.0,0.0,26.64,26.6,0.34,0.41,0.0,0.0,True,3,0,11,7,5,0.0,0.0,0.0,0.0,0,1,0
2026-07-11 03:15:00,0.0,0.0,0.0,0.0,0.0,0.0,0.0,0.0,0.0,26.98,26.92,0.34,0.41,0.0,0.0,True,3,15,11,7,5,0.0,0.0,0.0,0.0,0,1,0
2026-07-11 03:30:00,0.0,0.0,0.0,0.0,0.0,0.0,0.0,0.0,0.0,27.12,27.1,0.31,0.4,0.0,0.0,True,3,30,11,7,5,0.0,0.0,0.0,0.0,0,1,0
2026-07-11 03:45:00,0.0,0.0,0.0,0.0,0.0,0.0,0.0,0.0,0.0,27.19,27.13,0.34,0.4,0.0,0.0,True,3,45,11,7,5,0.0,0.0,0.0,0.0,0,1,0
2026-07-11 04:00:00,0.0,0.0,0.0,0.0,0.0,0.0,0.0,0.0,0.0,27.18,27.14,0.33,0.4,0.0,0.0,True,4,0,11,7,5,0.0,0.0,0.0,0.0,0,1,0
2026-07-11 04:15:00,0.0,0.0,0.0,0.0,0.0,0.0,0.0,0.0,0.0,27.07,27.07,0.3,0.39,0.0,0.0,True,4,15,11,7,5,0.0,0.0,0.0,0.0,0,1,0
2026-07-11 04:30:00,0.0,0.0,0.0,0.0,0.0,0.0,0.0,0.0,0.0,27.44,27.46,0.46,0.41,0.0,0.0,True,4,30,11,7,5,0.0,0.0,0.0,0.0,0,1,0
2026-07-11 04:45:00,0.0,0.0,0.0,0.0,0.0,0.0,0.0,0.0,0.0,27.53,27.54,0.39,0.41,0.0,0.0,True,4,45,11,7,5,0.0,0.0,0.0,0.0,0,1,0
2026-07-11 05:00:00,0.0,0.0,0.0,0.0,0.0,0.0,0.0,0.0,0.0,27.51,27.59,0.36,0.41,0.0,0.0,True,5,0,11,7,5,0.0,0.0,0.0,0.0,0,1,0
2026-07-11 05:15:00,0.0,0.0,0.0,0.0,0.0,0.0,0.0,0.0,0.0,27.4,27.44,0.4,0.4,0.0,0.0,True,5,15,11,7,5,0.0,0.0,0.0,0.0,0,1,0
2026-07-11 05:30:00,0.0,0.0,0.0,0.0,0.0,0.0,0.0,0.0,0.0,27.74,27.75,0.62,0.4,0.0,0.0,True,5,30,11,7,5,0.0,0.0,0.0,0.0,0,1,0
2026-07-11 05:45:00,0.0,0.0,0.0,0.0,0.0,0.0,0.0,0.0,0.0,27.98,27.99,1.02,0.39,0.0,0.0,True,5,45,11,7,5,0.0,0.0,0.0,0.0,0,1,0
2026-07-11 06:00:00,1.75,7.46,7.73,0.0,0.0,0.0,0.0,0.0,0.0,27.91,27.9,4.1,3.2,0.0,3.92,True,6,0,11,7,5,0.0,0.0,0.5833333333333334,1.0103629710818451,0,1,0
2026-07-11 06:15:00,22.83,38.62,39.83,0.0,0.0,0.0,0.0,0.0,0.0,28.26,28.26,16.9,16.12,0.0,12.44,True,6,15,11,7,5,1.75,0.0,8.193333333333333,12.705889710419076,0,1,0
2026-07-11 06:30:00,86.54,76.67,78.81,36.9,37.84,0.0,0.0,0.0,0.0,28.12,28.11,33.05,32.57,0.01,24.09,True,6,30,11,7,5,22.83,1.75,37.04,44.14497819684591,1,1,0
2026-07-11 06:45:00,224.69,118.56,121.04,123.67,126.19,0.0,0.0,0.0,0.0,29.25,29.36,50.57,50.09,0.03,41.07,True,6,45,11,7,5,86.54,22.83,111.35333333333334,103.19225277768354,1,1,0
2026-07-11 07:00:00,423.63,177.97,181.2,185.97,189.79,0.0,0.0,90.66,92.66,29.64,29.71,72.8,72.05,0.08,53.88,True,7,0,11,7,5,224.69,86.54,244.95333333333335,169.45609765757425,1,1,0
2026-07-11 07:15:00,753.08,253.94,258.18,265.4,270.63,0.0,0.0,251.12,256.21,31.03,31.2,102.56,101.64,0.15,68.37,True,7,15,11,7,5,423.63,224.69,467.1333333333334,266.8677631961818,1,1,0
2026-07-11 07:30:00,1144.23,309.63,314.75,324.01,330.05,205.03,208.89,312.05,317.9,32.09,32.29,130.77,129.77,0.27,81.83,True,7,30,11,7,5,753.08,423.63,773.6466666666666,360.73997676073185,1,1,0
2026-07-11 07:45:00,1428.02,356.19,361.92,372.13,378.83,356.87,363.37,358.45,364.97,32.89,33.24,148.87,148.15,0.42,90.0,True,7,45,11,7,5,1144.23,753.08,1108.4433333333334,338.8901223602325,1,1,0
2026-07-11 08:00:00,1670.16,413.51,420.18,433.52,441.01,416.23,423.51,418.42,425.73,33.09,33.4,170.49,169.39,0.59,91.99,True,8,0,11,7,5,1428.02,1144.23,1414.1366666666665,263.23972236980757,1,1,0
2026-07-11 08:15:00,1825.83,451.35,458.74,473.33,481.28,453.75,461.48,456.64,464.4,33.69,34.04,185.05,183.68,0.78,92.89,True,8,15,11,7,5,1670.16,1428.02,1641.3366666666668,200.46517760781617,1,1,0
2026-07-11 08:30:00,2009.87,496.84,505.13,521.24,529.84,498.95,507.22,502.09,510.4,33.91,34.03,203.41,202.43,0.99,93.1,True,8,30,11,7,5,1825.83,1670.16,1835.2866666666669,170.05232263433848,1,1,0
2026-07-11 08:45:00,2237.42,552.82,562.24,580.78,590.37,556.19,565.37,559.55,568.78,34.36,34.39,225.48,224.91,1.22,93.67,True,8,45,11,7,5,2009.87,1825.83,2024.3733333333337,206.1779377948403,1,1,0
2026-07-11 09:00:00,2530.55,623.69,634.62,655.03,665.75,629.26,639.62,632.54,642.95,35.06,35.15,254.02,252.98,1.48,94.32,True,9,0,11,7,5,2237.42,2009.87,2259.28,261.02741292822014,1,1,0
2026-07-11 09:15:00,2835.75,701.31,714.13,737.62,749.43,704.18,715.53,709.08,720.49,36.19,36.13,282.15,280.24,1.78,95.61,True,9,15,11,7,5,2530.55,2237.42,2534.5733333333337,299.1852898010404,1,1,0
2026-07-11 09:30:00,3489.77,870.36,887.75,912.34,927.33,870.37,884.55,871.98,886.19,37.63,38.07,347.02,341.82,2.13,96.24,True,9,30,11,7,5,2835.75,2530.55,2952.023333333333,490.06669763750745,1,1,0
2026-07-11 09:45:00,4297.0,1056.2,1078.97,1121.56,1140.73,1066.51,1084.54,1074.37,1092.56,40.25,40.56,447.23,429.69,2.58,92.97,True,9,45,11,7,5,3489.77,2835.75,3540.84,731.9624302517163,1,1,0
2026-07-11 10:00:00,5049.65,1246.26,1274.69,1303.73,1326.98,1277.21,1299.84,1272.53,1295.04,41.96,42.23,543.75,502.08,3.11,90.53,True,10,0,11,7,5,4297.0,3489.77,4278.806666666666,780.0991293632698,1,1,0
2026-07-11 10:15:00,5596.07,1361.49,1392.96,1460.09,1487.17,1402.76,1428.39,1406.15,1431.86,44.6,44.58,607.82,557.54,3.69,90.78,True,10,15,11,7,5,5049.65,4297.0,4980.906666666667,652.257579973841,1,1,0
2026-07-11 10:30:00,6113.41,1389.7,1421.81,1611.54,1642.62,1558.74,1588.39,1570.01,1599.97,45.29,45.19,686.04,648.16,4.32,88.13,True,10,30,11,7,5,5596.07,5049.65,5586.376666666666,531.9462425220531,1,1,0
2026-07-11 10:45:00,6066.05,1390.17,1422.29,1598.72,1629.46,1545.7,1575.02,1549.71,1579.14,45.96,46.3,676.53,612.12,4.95,88.93,True,10,45,11,7,5,6113.41,5596.07,5925.176666666666,285.99674986497723,1,1,0
2026-07-11 11:00:00,6520.3,1396.45,1428.72,1759.31,1794.53,1666.77,1699.38,1709.6,1743.4,47.58,47.56,758.72,580.76,5.64,85.84,True,11,0,11,7,5,6066.05,6113.41,6233.253333333334,249.71500562306943,1,1,0
2026-07-11 11:15:00,5743.23,1352.85,1384.07,1504.41,1532.74,1407.33,1433.18,1455.63,1482.72,47.64,47.98,655.3,649.71,6.23,87.57,True,11,15,11,7,5,6520.3,6066.05,6109.860000000001,390.38305969905593,1,1,0
2026-07-11 11:30:00,5512.9,1140.65,1166.95,1228.02,1250.58,1293.48,1317.15,1315.34,1339.53,46.13,46.2,622.14,620.54,6.77,87.95,True,11,30,11,7,5,5743.23,6520.3,5925.4766666666665,527.8485347458403,1,1,0
2026-07-11 11:45:00,6019.94,835.69,855.0,879.48,896.64,783.9,798.51,827.73,843.51,48.55,48.58,715.86,715.23,7.07,84.36,True,11,45,11,7,5,5512.9,5743.23,5758.69,253.87329339652348,1,1,0
2026-07-11 12:00:00,6660.63,1371.81,1403.51,1684.67,1718.06,1827.41,1864.89,1787.95,1824.3,49.84,49.64,829.79,829.58,7.77,80.99,True,12,0,11,7,5,6019.94,5512.9,6064.490000000001,575.1604689997365,1,0,1
2026-07-11 12:15:00,5797.5,1325.4,1355.86,1469.79,1497.29,1495.45,1523.59,1483.28,1511.11,48.11,47.92,691.94,691.19,8.37,83.89,True,12,15,11,7,5,6660.63,6019.94,6159.356666666667,448.13625654852973,1,0,1
2026-07-11 12:30:00,5418.61,1319.41,1349.78,1428.89,1455.28,1364.09,1388.83,1369.57,1394.44,45.87,45.55,598.81,598.29,8.94,89.71,True,12,30,11,7,5,5797.5,6660.63,5958.913333333334,636.5485984850883,1,0,1
2026-07-11 12:45:00,6478.35,1372.63,1404.35,1882.99,1922.05,1623.87,1655.78,1679.75,1713.16,46.15,45.82,738.77,736.01,9.58,87.05,True,12,45,11,7,5,5418.61,5797.5,5898.153333333333,536.9921200849511,1,0,1
2026-07-11 13:00:00,6234.02,1377.46,1409.3,1725.82,1760.28,1594.82,1625.67,1596.3,1627.18,50.31,50.63,708.68,710.68,10.25,88.94,True,13,0,11,7,5,6478.35,5418.61,6043.66,554.9233407417614,1,0,1
2026-07-11 13:15:00,6858.45,1382.28,1414.22,1791.92,1828.25,1831.44,1868.88,1814.01,1850.94,51.72,52.24,864.67,863.39,10.97,80.7,True,13,15,11,7,5,6234.02,6478.35,6523.606666666667,314.6654264982553,1,0,1
2026-07-11 13:30:00,6268.55,1330.5,1361.05,1660.85,1693.69,1666.05,1699.01,1623.33,1655.17,50.81,50.89,722.02,720.07,11.62,87.97,True,13,30,11,7,5,6858.45,6234.02,6453.673333333333,350.9717832437944,1,0,1
2026-07-11 13:45:00,4055.49,927.47,946.53,1039.26,1057.23,991.79,1008.75,1031.66,1049.65,48.07,47.88,470.65,470.09,12.05,86.26,True,13,45,11,7,5,6268.55,6858.45,5727.496666666667,1477.7348282196406,1,0,1
2026-07-11 14:00:00,6428.47,1316.71,1346.81,1838.87,1876.9,1712.2,1747.0,1706.75,1741.37,45.84,46.39,698.8,700.71,12.71,91.19,True,14,0,11,7,5,4055.49,6268.55,5584.170000000001,1326.2882448397097,1,0,1
2026-07-11 14:15:00,4932.98,1075.87,1099.17,1353.11,1378.81,1250.03,1273.43,1267.5,1291.33,51.37,51.73,680.77,686.38,13.24,73.61,True,14,15,11,7,5,6428.47,4055.49,5138.9800000000005,1199.8272876126787,1,0,1
2026-07-11 14:30:00,4530.51,1045.7,1068.11,1135.21,1155.52,1151.29,1171.99,1109.67,1129.44,45.23,45.12,525.24,527.13,13.71,85.28,True,14,30,11,7,5,4932.98,6428.47,5297.320000000001,1000.0603817270221,1,0,1
2026-07-11 14:45:00,4971.69,1130.04,1154.89,1238.04,1260.58,1346.28,1371.56,1299.19,1323.26,45.81,45.99,585.9,591.56,14.21,84.11,True,14,45,11,7,5,4530.51,4932.98,4811.7266666666665,244.3086699921423,1,0,1
2026-07-11 15:00:00,4605.42,1120.25,1144.89,1134.78,1154.71,1164.5,1185.39,1178.13,1199.22,47.77,48.19,542.19,545.47,14.69,84.92,True,15,0,11,7,5,4971.69,4530.51,4702.54,236.08085246371823,1,0,1
2026-07-11 15:15:00,5642.53,1323.6,1353.98,1491.85,1520.01,1379.28,1404.64,1459.22,1486.49,47.57,47.64,645.73,648.29,15.26,87.28,True,15,15,11,7,5,4605.42,4971.69,5073.213333333333,525.9558236518826,1,0,1
2026-07-11 15:30:00,5561.96,1317.01,1347.21,1393.31,1418.92,1376.76,1401.97,1395.26,1420.81,48.63,48.89,650.72,656.88,15.86,85.77,True,15,30,11,7,5,5642.53,4605.42,5269.97,576.9253921435574,1,0,1
2026-07-11 15:45:00,2760.17,708.05,721.52,714.57,726.51,732.34,744.48,712.87,724.8,43.98,44.33,316.32,318.9,16.14,85.81,True,15,45,11,7,5,5561.96,5642.53,4654.886666666666,1641.3672095035072,1,0,1
2026-07-11 16:00:00,4031.93,982.26,1003.23,1017.33,1035.0,953.21,969.41,979.34,996.0,43.29,43.84,456.42,466.14,16.56,86.61,True,16,0,11,7,5,2760.17,5561.96,4118.0199999999995,1402.8775488616234,1,0,1
2026-07-11 16:15:00,2500.61,615.72,626.59,631.96,642.31,642.14,652.67,631.53,641.84,41.68,41.97,269.66,272.61,16.83,90.29,True,16,15,11,7,5,4031.93,2760.17,3097.5699999999997,819.5207780160276,1,0,1
2026-07-11 16:30:00,3920.96,972.04,992.34,1000.47,1017.19,983.36,999.74,1007.04,1023.88,42.2,42.43,453.74,462.75,17.23,84.33,True,16,30,11,7,5,2500.61,4031.93,3484.5,853.8783486539494,1,0,1
2026-07-11 16:45:00,3307.09,807.25,822.84,841.27,854.88,813.51,826.6,833.98,847.45,42.57,42.8,381.86,390.69,17.58,84.65,True,16,45,11,7,5,3920.96,2500.61,3242.8866666666668,712.3482867483635,1,0,1
2026-07-11 17:00:00,2651.48,662.28,674.16,696.56,707.81,620.92,631.09,660.34,671.05,41.32,41.49,301.15,312.27,17.86,85.59,True,17,0,11,7,5,3307.09,3920.96,3293.1766666666667,634.8543559221508,1,0,1
2026-07-11 17:15:00,2524.3,623.59,634.55,653.58,664.24,602.5,612.41,632.64,643.0,39.91,40.16,288.95,298.78,18.11,84.42,True,17,15,11,7,5,2651.48,3307.09,2827.6233333333334,420.0713051772619,1,0,1
2026-07-11 17:30:00,1889.6,454.89,462.39,476.06,484.1,463.47,471.34,475.05,483.08,38.5,38.66,217.12,222.25,18.32,83.6,True,17,30,11,7,5,2524.3,2651.48,2355.1266666666666,408.14212736904244,1,0,1
2026-07-11 17:45:00,1359.49,330.38,335.73,342.01,348.28,334.18,340.34,341.69,347.95,37.08,37.24,154.81,157.34,18.46,83.84,True,17,45,11,7,5,1889.6,2524.3,1924.4633333333331,583.1870823615067,1,0,1
2026-07-11 18:00:00,837.65,202.75,206.3,210.63,215.44,205.84,210.6,211.13,215.94,35.25,35.36,99.0,99.58,18.55,80.17,True,18,0,11,7,5,1359.49,1889.6,1362.2466666666667,525.980417918125,1,0,1
2026-07-11 18:15:00,560.67,137.24,139.91,140.96,145.06,138.19,142.25,140.44,144.54,33.86,34.08,65.81,66.62,18.6,80.26,True,18,15,11,7,5,837.65,1359.49,919.27,405.61646465594976,1,0,1
2026-07-11 18:30:00,283.27,69.56,71.51,70.58,72.8,72.21,74.48,73.47,75.78,32.71,32.9,32.17,32.26,18.64,82.55,True,18,30,11,7,5,560.67,837.65,560.53,277.19002651608986,1,0,1
2026-07-11 18:45:00,77.71,22.56,23.28,21.43,22.16,22.66,23.43,22.92,23.69,31.0,31.06,12.65,12.52,18.64,57.2,True,18,45,11,7,5,283.27,560.67,307.21666666666664,242.36887698985487,0,0,1
2026-07-11 19:00:00,14.63,2.07,2.16,1.13,1.19,1.89,1.98,1.9,2.0,30.32,30.46,1.02,1.06,18.64,46.96,True,19,0,11,7,5,77.71,283.27,125.20333333333332,140.47624330584526,0,0,1
2026-07-11 19:15:00,0.0,0.0,0.0,0.0,0.0,0.0,0.0,0.0,0.0,29.45,29.45,0.07,0.24,18.64,0.0,True,19,15,11,7,5,14.63,77.71,30.779999999999998,41.295615989951145,0,0,1
2026-07-11 19:30:00,0.0,0.0,0.0,0.0,0.0,0.0,0.0,0.0,0.0,28.51,28.47,0.1,0.26,18.64,0.0,True,19,30,11,7,5,0.0,14.63,4.876666666666667,8.446634437620027,0,0,1
2026-07-11 19:45:00,0.0,0.0,0.0,0.0,0.0,0.0,0.0,0.0,0.0,28.15,28.11,0.14,0.28,18.64,0.0,True,19,45,11,7,5,0.0,0.0,0.0,0.0,0,0,1
2026-07-11 20:00:00,0.0,0.0,0.0,0.0,0.0,0.0,0.0,0.0,0.0,27.78,27.55,0.18,0.31,18.64,0.0,True,20,0,11,7,5,0.0,0.0,0.0,0.0,0,0,1
2026-07-11 20:15:00,0.0,0.0,0.0,0.0,0.0,0.0,0.0,0.0,0.0,27.44,27.16,0.23,0.33,18.64,0.0,True,20,15,11,7,5,0.0,0.0,0.0,0.0,0,0,1
2026-07-11 20:30:00,0.0,0.0,0.0,0.0,0.0,0.0,0.0,0.0,0.0,27.18,26.83,0.24,0.35,18.64,0.0,True,20,30,11,7,5,0.0,0.0,0.0,0.0,0,0,1
2026-07-11 20:45:00,0.0,0.0,0.0,0.0,0.0,0.0,0.0,0.0,0.0,27.32,27.1,0.25,0.35,18.64,0.0,True,20,45,11,7,5,0.0,0.0,0.0,0.0,0,0,1
2026-07-11 21:00:00,0.0,0.0,0.0,0.0,0.0,0.0,0.0,0.0,0.0,26.84,26.69,0.28,0.37,18.64,0.0,True,21,0,11,7,5,0.0,0.0,0.0,0.0,0,0,1
2026-07-11 21:15:00,0.0,0.0,0.0,0.0,0.0,0.0,0.0,0.0,0.0,26.71,26.43,0.24,0.38,18.64,0.0,True,21,15,11,7,5,0.0,0.0,0.0,0.0,0,0,1
2026-07-11 21:30:00,0.0,0.0,0.0,0.0,0.0,0.0,0.0,0.0,0.0,26.68,26.59,0.34,0.4,18.64,0.0,True,21,30,11,7,5,0.0,0.0,0.0,0.0,0,0,1
2026-07-11 21:45:00,0.0,0.0,0.0,0.0,0.0,0.0,0.0,0.0,0.0,26.5,26.31,0.3,0.4,18.64,0.0,True,21,45,11,7,5,0.0,0.0,0.0,0.0,0,0,1
2026-07-11 22:00:00,0.0,0.0,0.0,0.0,0.0,0.0,0.0,0.0,0.0,26.42,26.33,0.36,0.4,18.64,0.0,True,22,0,11,7,5,0.0,0.0,0.0,0.0,0,0,1
2026-07-11 22:15:00,0.0,0.0,0.0,0.0,0.0,0.0,0.0,0.0,0.0,26.11,26.0,0.32,0.4,18.64,0.0,True,22,15,11,7,5,0.0,0.0,0.0,0.0,0,0,1
2026-07-11 22:30:00,0.0,0.0,0.0,0.0,0.0,0.0,0.0,0.0,0.0,26.41,26.31,0.34,0.4,18.64,0.0,True,22,30,11,7,5,0.0,0.0,0.0,0.0,0,0,1
2026-07-11 22:45:00,0.0,0.0,0.0,0.0,0.0,0.0,0.0,0.0,0.0,26.33,26.24,0.32,0.41,18.64,0.0,True,22,45,11,7,5,0.0,0.0,0.0,0.0,0,0,1
2026-07-11 23:00:00,0.0,0.0,0.0,0.0,0.0,0.0,0.0,0.0,0.0,26.29,26.1,0.32,0.4,18.64,0.0,True,23,0,11,7,5,0.0,0.0,0.0,0.0,0,0,1
2026-07-11 23:15:00,0.0,0.0,0.0,0.0,0.0,0.0,0.0,0.0,0.0,26.39,26.34,0.38,0.43,18.64,0.0,True,23,15,11,7,5,0.0,0.0,0.0,0.0,0,0,1
2026-07-11 23:30:00,0.0,0.0,0.0,0.0,0.0,0.0,0.0,0.0,0.0,26.04,26.0,0.35,0.42,18.64,0.0,True,23,30,11,7,5,0.0,0.0,0.0,0.0,0,0,1
2026-07-11 23:45:00,0.0,0.0,0.0,0.0,0.0,0.0,0.0,0.0,0.0,26.55,26.53,0.3,0.4,18.64,0.0,True,23,45,11,7,5,0.0,0.0,0.0,0.0,0,0,1
2026-07-12 00:15:00,0.0,0.0,0.0,0.0,0.0,0.0,0.0,0.0,0.0,27.32,27.39,0.86,0.41,0.0,0.0,True,0,15,12,7,6,0.0,0.0,0.0,0.0,0,1,0
2026-07-12 00:30:00,0.0,0.0,0.0,0.0,0.0,0.0,0.0,0.0,0.0,27.12,27.06,0.6,0.4,0.0,0.0,True,0,30,12,7,6,0.0,0.0,0.0,0.0,0,1,0
2026-07-12 00:45:00,0.0,0.0,0.0,0.0,0.0,0.0,0.0,0.0,0.0,26.82,26.78,0.25,0.37,0.0,0.0,True,0,45,12,7,6,0.0,0.0,0.0,0.0,0,1,0
2026-07-12 01:00:00,0.0,0.0,0.0,0.0,0.0,0.0,0.0,0.0,0.0,26.5,26.54,0.3,0.39,0.0,0.0,True,1,0,12,7,6,0.0,0.0,0.0,0.0,0,1,0
2026-07-12 01:15:00,0.0,0.0,0.0,0.0,0.0,0.0,0.0,0.0,0.0,26.15,26.05,0.26,0.36,0.0,0.0,True,1,15,12,7,6,0.0,0.0,0.0,0.0,0,1,0
2026-07-12 01:30:00,0.0,0.0,0.0,0.0,0.0,0.0,0.0,0.0,0.0,26.96,27.05,0.28,0.38,0.0,0.0,True,1,30,12,7,6,0.0,0.0,0.0,0.0,0,1,0
2026-07-12 01:45:00,0.0,0.0,0.0,0.0,0.0,0.0,0.0,0.0,0.0,27.27,27.26,0.42,0.38,0.0,0.0,True,1,45,12,7,6,0.0,0.0,0.0,0.0,0,1,0
2026-07-12 02:00:00,0.0,0.0,0.0,0.0,0.0,0.0,0.0,0.0,0.0,27.02,26.99,0.3,0.39,0.0,0.0,True,2,0,12,7,6,0.0,0.0,0.0,0.0,0,1,0
2026-07-12 02:15:00,0.0,0.0,0.0,0.0,0.0,0.0,0.0,0.0,0.0,27.01,26.98,0.38,0.42,0.0,0.0,True,2,15,12,7,6,0.0,0.0,0.0,0.0,0,1,0
2026-07-12 02:30:00,0.0,0.0,0.0,0.0,0.0,0.0,0.0,0.0,0.0,26.28,26.22,0.31,0.39,0.0,0.0,True,2,30,12,7,6,0.0,0.0,0.0,0.0,0,1,0
2026-07-12 02:45:00,0.0,0.0,0.0,0.0,0.0,0.0,0.0,0.0,0.0,26.41,26.28,0.37,0.41,0.0,0.0,True,2,45,12,7,6,0.0,0.0,0.0,0.0,0,1,0
2026-07-12 03:00:00,0.0,0.0,0.0,0.0,0.0,0.0,0.0,0.0,0.0,26.98,26.91,0.38,0.42,0.0,0.0,True,3,0,12,7,6,0.0,0.0,0.0,0.0,0,1,0
2026-07-12 03:15:00,0.0,0.0,0.0,0.0,0.0,0.0,0.0,0.0,0.0,26.6,26.52,0.28,0.39,0.0,0.0,True,3,15,12,7,6,0.0,0.0,0.0,0.0,0,1,0
2026-07-12 03:30:00,0.0,0.0,0.0,0.0,0.0,0.0,0.0,0.0,0.0,25.98,25.75,0.39,0.4,0.0,0.0,True,3,30,12,7,6,0.0,0.0,0.0,0.0,0,1,0
2026-07-12 03:45:00,0.0,0.0,0.0,0.0,0.0,0.0,0.0,0.0,0.0,26.77,26.71,0.34,0.4,0.0,0.0,True,3,45,12,7,6,0.0,0.0,0.0,0.0,0,1,0
2026-07-12 04:00:00,0.0,0.0,0.0,0.0,0.0,0.0,0.0,0.0,0.0,26.51,26.5,0.37,0.41,0.0,0.0,True,4,0,12,7,6,0.0,0.0,0.0,0.0,0,1,0
2026-07-12 04:15:00,0.0,0.0,0.0,0.0,0.0,0.0,0.0,0.0,0.0,26.16,26.03,0.33,0.39,0.0,0.0,True,4,15,12,7,6,0.0,0.0,0.0,0.0,0,1,0
2026-07-12 04:30:00,0.0,0.0,0.0,0.0,0.0,0.0,0.0,0.0,0.0,26.32,26.29,0.3,0.39,0.0,0.0,True,4,30,12,7,6,0.0,0.0,0.0,0.0,0,1,0
2026-07-12 04:45:00,0.0,0.0,0.0,0.0,0.0,0.0,0.0,0.0,0.0,26.18,26.17,0.36,0.4,0.0,0.0,True,4,45,12,7,6,0.0,0.0,0.0,0.0,0,1,0
2026-07-12 05:00:00,0.0,0.0,0.0,0.0,0.0,0.0,0.0,0.0,0.0,26.08,26.03,0.36,0.41,0.0,0.0,True,5,0,12,7,6,0.0,0.0,0.0,0.0,0,1,0
2026-07-12 05:15:00,0.0,0.0,0.0,0.0,0.0,0.0,0.0,0.0,0.0,26.66,26.58,0.35,0.4,0.0,0.0,True,5,15,12,7,6,0.0,0.0,0.0,0.0,0,1,0
2026-07-12 05:30:00,0.0,0.0,0.0,0.0,0.0,0.0,0.0,0.0,0.0,26.92,26.9,0.25,0.38,0.0,0.0,True,5,30,12,7,6,0.0,0.0,0.0,0.0,0,1,0
2026-07-12 05:45:00,0.0,0.0,0.0,0.0,0.0,0.0,0.0,0.0,0.0,26.62,26.61,1.28,0.73,0.0,0.0,True,5,45,12,7,6,0.0,0.0,0.0,0.0,0,1,0
2026-07-12 06:00:00,19.57,0.0,0.0,0.0,0.0,1.68,1.74,4.73,4.88,27.28,27.22,8.02,7.08,0.0,22.37,True,6,0,12,7,6,0.0,0.0,6.523333333333333,11.298744768040976,0,1,0
2026-07-12 06:15:00,82.45,6.09,6.28,9.47,9.77,38.6,39.81,38.67,39.88,27.45,27.45,19.9,19.3,0.01,38.02,True,6,15,12,7,6,19.57,0.0,34.00666666666667,43.079155438951375,0,1,0
2026-07-12 06:30:00,285.93,71.89,73.9,75.76,77.83,72.27,74.29,72.37,74.39,27.41,27.37,34.97,33.96,0.04,75.02,True,6,30,12,7,6,82.45,19.57,129.3166666666667,139.22742450154473,1,1,0
2026-07-12 06:45:00,469.69,117.93,120.43,123.93,126.48,119.3,121.82,119.57,122.09,28.12,28.13,54.94,53.48,0.09,78.67,True,6,45,12,7,6,285.93,82.45,279.3566666666666,193.70366783655214,1,1,0
2026-07-12 07:00:00,699.35,174.56,177.75,179.37,183.32,168.92,172.72,177.71,181.64,29.03,28.87,78.67,78.0,0.16,82.1,True,7,0,12,7,6,469.69,285.93,484.99,207.13423570235798,1,1,0
2026-07-12 07:15:00,996.15,246.7,250.85,257.45,262.62,250.58,255.69,248.21,253.31,30.51,30.9,109.67,109.52,0.26,84.4,True,7,15,12,7,6,699.35,469.69,721.73,263.94257178409094,1,1,0
2026-07-12 07:30:00,1431.67,351.28,356.95,393.74,400.71,350.54,356.95,342.06,348.35,31.51,31.44,155.85,153.22,0.41,85.71,True,7,30,12,7,6,996.15,699.35,1042.39,368.34324861465836,1,1,0
2026-07-12 07:45:00,2071.24,503.62,512.13,530.24,539.1,521.25,529.95,507.91,516.43,32.83,33.31,237.04,215.18,0.62,81.97,True,7,45,12,7,6,1431.67,996.15,1499.6866666666665,540.7627272966704,1,1,0
2026-07-12 08:00:00,2681.0,654.44,666.21,669.06,679.92,691.8,702.98,676.51,687.47,36.41,36.9,323.08,313.07,0.9,79.01,True,8,0,12,7,6,2071.24,1431.67,2061.3033333333333,624.7242713656425,1,1,0
2026-07-12 08:15:00,2205.13,539.7,548.91,580.61,590.15,545.84,554.87,546.61,555.65,35.81,36.11,266.16,259.74,1.13,78.68,True,8,15,12,7,6,2681.0,2071.24,2319.1233333333334,320.464778771916,1,1,0
2026-07-12 08:30:00,3203.89,785.42,800.76,815.01,828.49,809.1,822.43,805.37,818.67,35.65,35.92,387.42,386.7,1.45,78.49,True,8,30,12,7,6,2205.13,2681.0,2696.6733333333336,499.56443471621617,1,1,0
2026-07-12 08:45:00,3632.11,889.23,907.12,925.55,940.78,915.06,930.08,910.81,925.75,38.16,38.52,415.77,413.91,1.84,83.79,True,8,45,12,7,6,3203.89,2205.13,3013.7100000000005,732.2528964777124,1,1,0
2026-07-12 09:00:00,4069.97,999.71,1020.81,1053.11,1070.88,1016.68,1033.71,1017.29,1034.33,38.53,38.85,443.77,435.3,2.26,88.11,True,9,0,12,7,6,3632.11,3203.89,3635.3233333333333,433.04894149891726,1,1,0
2026-07-12 09:15:00,5152.29,1261.25,1290.21,1325.9,1349.65,1292.75,1315.71,1289.43,1312.31,40.82,41.11,557.07,521.01,2.8,89.72,True,9,15,12,7,6,4069.97,3632.11,4284.79,782.5263780857482,1,1,0
2026-07-12 09:30:00,5355.91,1309.9,1340.17,1386.17,1411.37,1334.28,1358.2,1337.94,1361.94,43.9,44.41,598.4,508.18,3.34,87.98,True,9,30,12,7,6,5152.29,4069.97,4859.39,691.196953407637,1,1,0
2026-07-12 09:45:00,5960.49,1365.88,1397.45,1560.41,1590.14,1532.22,1561.19,1525.27,1554.05,46.25,46.49,670.77,516.82,3.96,88.25,True,9,45,12,7,6,5355.91,5152.29,5489.563333333334,420.350116133363,1,1,0
2026-07-12 10:00:00,5907.08,1365.88,1397.44,1565.69,1595.57,1483.68,1511.38,1488.39,1516.21,46.38,46.97,681.15,504.36,4.56,86.17,True,10,0,12,7,6,5960.49,5355.91,5741.16,334.70334462027427,1,1,0
2026-07-12 10:15:00,6379.75,1372.15,1403.86,1703.59,1737.24,1666.19,1698.78,1670.49,1703.2,46.64,46.88,750.03,561.96,5.24,84.61,True,10,15,12,7,6,5907.08,5960.49,6082.44,258.85919744138295,1,1,0
2026-07-12 10:30:00,6611.73,1365.75,1397.32,1781.85,1817.74,1745.26,1780.09,1744.12,1778.92,49.12,49.83,793.15,673.89,5.94,83.84,True,10,30,12,7,6,6379.75,5907.08,6299.5199999999995,359.11077023669964,1,1,0
2026-07-12 10:45:00,6883.29,1364.37,1395.9,1910.41,1950.01,1804.32,1841.19,1816.63,1853.84,50.78,51.25,858.85,630.01,6.66,81.2,True,10,45,12,7,6,6611.73,6379.75,6624.923333333333,252.0291271526525,1,1,0
2026-07-12 11:00:00,6315.28,1281.66,1310.84,1627.07,1659.53,1766.12,1802.26,1781.73,1818.43,50.6,50.61,816.4,595.37,7.32,78.31,True,11,0,12,7,6,6883.29,6611.73,6603.433333333333,284.0958747207148,1,1,0
2026-07-12 11:15:00,6907.72,1304.92,1334.7,1869.34,1908.65,1793.99,1830.75,1881.69,1921.21,50.6,50.53,840.49,838.89,8.01,83.2,True,11,15,12,7,6,6315.28,6883.29,6702.096666666667,335.21568643684884,1,1,0
2026-07-12 11:30:00,6904.79,1271.71,1300.63,1804.48,1842.0,1880.41,1919.73,1855.25,1893.52,52.37,52.35,893.0,879.98,8.73,78.9,True,11,30,12,7,6,6907.72,6315.28,6709.263333333333,341.20272043658713,1,1,0
2026-07-12 11:45:00,6006.98,1255.39,1283.76,1505.62,1535.09,1671.34,1705.02,1752.53,1788.78,51.67,51.29,818.53,810.66,9.37,74.65,True,11,45,12,7,6,6904.79,6907.72,6606.496666666666,519.1987301923301,1,1,0
2026-07-12 12:00:00,6598.01,1307.72,1337.7,1609.78,1642.12,1893.85,1933.45,1732.09,1767.39,48.36,47.87,790.81,809.92,10.05,83.63,True,12,0,12,7,6,6006.98,6904.79,6503.259999999999,456.3429312479756,1,0,1
2026-07-12 12:15:00,6652.83,1278.1,1307.23,1875.68,1915.41,1737.05,1772.34,1742.32,1778.01,50.07,49.76,860.97,880.9,10.73,78.04,True,12,15,12,7,6,6598.01,6006.98,6419.2733333333335,358.1070407480535,1,0,1
2026-07-12 12:30:00,6035.76,1237.32,1265.19,1668.97,1703.15,1504.81,1534.46,1662.87,1697.16,51.05,51.17,744.64,745.62,11.36,82.22,True,12,30,12,7,6,6652.83,6598.01,6428.866666666666,341.54201298424135,1,0,1
2026-07-12 12:45:00,5772.4,1276.31,1305.37,1755.26,1791.17,1393.95,1420.61,1407.05,1433.71,49.09,49.0,728.82,731.29,11.99,79.64,True,12,45,12,7,6,6035.76,6652.83,6153.663333333333,451.9016964266982,1,0,1
2026-07-12 13:00:00,6619.08,1237.67,1265.54,1843.02,1882.27,1742.18,1777.88,1786.98,1824.39,49.32,49.48,905.09,906.07,12.66,73.62,True,13,0,12,7,6,5772.4,6035.76,6142.413333333333,433.2989219157229,1,0,1
2026-07-12 13:15:00,6419.59,1340.39,1371.29,1830.67,1868.51,1643.78,1676.85,1664.93,1698.46,49.88,49.89,897.33,885.95,13.33,72.19,True,13,15,12,7,6,6619.08,5772.4,6270.356666666667,442.6281694982006,1,0,1
2026-07-12 13:30:00,5340.47,1184.52,1210.94,1473.81,1502.33,1327.37,1352.33,1365.5,1391.41,47.16,46.97,635.91,638.16,13.89,83.73,True,13,30,12,7,6,6419.59,6619.08,6126.38,687.8880440158806,1,0,1
2026-07-12 13:45:00,4585.59,1098.26,1122.29,1188.65,1209.44,1120.54,1139.88,1160.67,1181.09,45.63,45.41,518.4,537.78,14.37,87.61,True,13,45,12,7,6,5340.47,6419.59,5448.55,921.7645929411666,1,0,1
2026-07-12 14:00:00,6108.54,1230.91,1258.61,1631.05,1664.04,1654.44,1687.76,1628.63,1661.41,47.18,47.31,817.5,825.82,14.99,74.51,True,14,0,12,7,6,4585.59,5340.47,5344.866666666667,761.4845196281589,1,0,1
2026-07-12 14:15:00,4703.73,1135.03,1160.14,1200.65,1221.61,1180.71,1201.34,1185.37,1206.11,47.38,47.25,577.13,575.58,15.47,81.34,True,14,15,12,7,6,6108.54,4585.59,5132.62,847.2332321739951,1,0,1
2026-07-12 14:30:00,5518.27,1227.91,1255.7,1500.57,1529.56,1353.36,1378.68,1432.82,1460.09,47.25,47.85,726.58,733.03,16.07,75.76,True,14,30,12,7,6,4703.73,6108.54,5443.513333333333,705.3823101221977,1,0,1
2026-07-12 14:45:00,5716.33,1196.72,1223.46,1562.18,1593.25,1492.09,1521.12,1511.58,1541.2,47.4,47.87,697.03,703.24,16.67,81.86,True,14,45,12,7,6,5518.27,4703.73,5312.776666666667,536.6659319663661,1,0,1
2026-07-12 15:00:00,5996.86,1264.64,1293.33,1625.98,1658.15,1595.91,1627.21,1585.57,1616.79,49.07,49.16,729.87,737.49,17.28,82.61,True,15,0,12,7,6,5716.33,5518.27,5743.82,240.4763441588269,1,0,1
2026-07-12 15:15:00,5075.33,1157.51,1183.26,1418.7,1445.83,1223.69,1246.24,1281.87,1305.89,48.63,48.58,607.8,624.5,17.81,83.8,True,15,15,12,7,6,5996.86,5716.33,5596.173333333333,472.36913916271874,1,0,1
2026-07-12 15:30:00,5724.38,1357.68,1389.05,1471.24,1498.74,1445.08,1471.77,1475.45,1502.91,47.99,48.02,660.08,671.07,18.4,86.78,True,15,30,12,7,6,5075.33,5996.86,5598.856666666667,473.4146867528805,1,0,1
2026-07-12 15:45:00,4623.81,1127.05,1151.98,1210.58,1232.04,1124.91,1144.59,1134.56,1154.44,46.94,47.15,525.57,530.29,18.9,87.63,True,15,45,12,7,6,5724.38,5075.33,5141.173333333333,553.2314973257827,1,0,1
2026-07-12 16:00:00,4088.73,993.96,1015.27,1014.34,1031.73,1054.34,1072.32,1048.88,1066.84,43.83,44.14,404.23,406.05,19.31,99.4,True,16,0,12,7,6,4623.81,5724.38,4812.306666666667,833.9580179081721,1,0,1
2026-07-12 16:15:00,4426.01,1091.91,1115.77,1140.05,1159.61,1092.11,1110.68,1111.66,1130.64,44.0,43.95,510.2,521.1,19.78,85.31,True,16,15,12,7,6,4088.73,4623.81,4379.516666666667,270.55290449988996,1,0,1
2026-07-12 16:30:00,3383.36,845.59,862.28,859.43,873.42,819.76,832.99,853.99,867.85,42.11,41.83,392.7,400.43,20.13,84.04,True,16,30,12,7,6,4426.01,4088.73,3966.033333333334,532.0438042429643,1,0,1
2026-07-12 16:45:00,2499.81,619.0,629.93,650.49,661.06,606.97,616.92,626.61,636.82,40.27,40.23,275.75,280.47,20.39,87.74,True,16,45,12,7,6,3383.36,4426.01,3436.3933333333334,964.1944880745405,1,0,1
2026-07-12 17:00:00,2147.09,527.83,536.75,545.56,554.56,527.72,536.44,538.37,547.26,38.37,38.26,238.0,243.14,20.62,86.61,True,17,0,12,7,6,2499.81,3383.36,2676.7533333333336,636.8458099362228,1,0,1
2026-07-12 17:15:00,2236.27,553.39,562.82,569.85,579.26,556.36,565.54,569.09,578.48,37.99,37.79,260.99,268.6,20.85,82.13,True,17,15,12,7,6,2147.09,2499.81,2294.39,183.4020185275761,1,0,1
2026-07-12 17:30:00,1715.41,426.29,433.21,440.37,447.93,419.7,427.0,435.22,442.72,37.86,38.09,211.14,218.15,21.03,77.83,True,17,30,12,7,6,2236.27,2147.09,2032.9233333333334,278.56651940483147,1,0,1
2026-07-12 17:45:00,1252.99,312.43,317.55,321.75,327.74,307.51,313.29,318.3,324.24,36.08,36.19,156.08,161.67,21.16,76.33,True,17,45,12,7,6,1715.41,2236.27,1734.89,491.9293571235493,1,0,1
2026-07-12 18:00:00,805.17,202.28,205.83,209.2,214.0,196.54,201.26,203.85,208.62,34.87,35.06,103.72,107.44,21.25,73.44,True,18,0,12,7,6,1252.99,1715.41,1257.8566666666668,455.1395145813216,1,0,1
2026-07-12 18:15:00,515.13,130.99,133.6,133.64,137.59,127.99,131.83,131.49,135.39,33.46,33.71,63.51,66.59,21.3,76.28,True,18,15,12,7,6,805.17,1252.99,857.7633333333333,371.73093620698324,1,0,1
2026-07-12 18:30:00,284.46,74.81,76.88,75.73,78.1,72.38,74.65,74.02,76.34,32.49,32.8,34.83,36.47,21.33,76.51,True,18,30,12,7,6,515.13,805.17,534.92,260.91849129562706,1,0,1
2026-07-12 18:45:00,94.88,28.59,29.49,27.8,28.72,26.56,27.45,27.09,27.99,31.02,31.14,14.78,14.88,21.34,59.75,True,18,45,12,7,6,284.46,515.13,298.1566666666667,210.45953205621043,0,0,1
2026-07-12 19:00:00,10.42,2.97,3.09,1.91,2.0,2.0,2.1,2.0,2.1,30.15,30.28,1.0,1.06,21.34,35.39,True,19,0,12,7,6,94.88,284.46,129.92,140.34005700435418,0,0,1
2026-07-12 19:15:00,0.0,0.0,0.0,0.0,0.0,0.0,0.0,0.0,0.0,29.76,30.02,0.11,0.23,21.34,0.0,True,19,15,12,7,6,10.42,94.88,35.1,52.032493693702364,0,0,1
2026-07-12 19:30:00,0.0,0.0,0.0,0.0,0.0,0.0,0.0,0.0,0.0,28.72,28.85,0.13,0.27,21.34,0.0,True,19,30,12,7,6,0.0,10.42,3.473333333333333,6.01598980371826,0,0,1
2026-07-12 19:45:00,0.0,0.0,0.0,0.0,0.0,0.0,0.0,0.0,0.0,27.89,27.97,0.11,0.27,21.34,0.0,True,19,45,12,7,6,0.0,0.0,0.0,0.0,0,0,1
2026-07-12 20:00:00,0.0,0.0,0.0,0.0,0.0,0.0,0.0,0.0,0.0,28.02,28.23,0.13,0.3,21.34,0.0,True,20,0,12,7,6,0.0,0.0,0.0,0.0,0,0,1
2026-07-12 20:15:00,0.0,0.0,0.0,0.0,0.0,0.0,0.0,0.0,0.0,0.0,0.0,0.0,0.0,21.34,0.0,True,20,15,12,7,6,0.0,0.0,0.0,0.0,0,0,1
2026-07-12 20:30:00,0.0,0.0,0.0,0.0,0.0,0.0,0.0,0.0,0.0,0.0,0.0,0.0,0.0,21.34,0.0,True,20,30,12,7,6,0.0,0.0,0.0,0.0,0,0,1
2026-07-12 20:45:00,0.0,0.0,0.0,0.0,0.0,0.0,0.0,0.0,0.0,0.0,0.0,0.0,0.0,21.34,0.0,True,20,45,12,7,6,0.0,0.0,0.0,0.0,0,0,1
2026-07-12 21:00:00,0.0,0.0,0.0,0.0,0.0,0.0,0.0,0.0,0.0,0.0,0.0,0.0,0.0,21.34,0.0,True,21,0,12,7,6,0.0,0.0,0.0,0.0,0,0,1
2026-07-12 21:15:00,0.0,0.0,0.0,0.0,0.0,0.0,0.0,0.0,0.0,0.0,0.0,0.0,0.0,21.34,0.0,True,21,15,12,7,6,0.0,0.0,0.0,0.0,0,0,1
2026-07-12 21:30:00,0.0,0.0,0.0,0.0,0.0,0.0,0.0,0.0,0.0,0.0,0.0,0.0,0.0,21.34,0.0,True,21,30,12,7,6,0.0,0.0,0.0,0.0,0,0,1
2026-07-12 21:45:00,0.0,0.0,0.0,0.0,0.0,0.0,0.0,0.0,0.0,25.21,24.93,0.5,0.44,21.34,0.0,True,21,45,12,7,6,0.0,0.0,0.0,0.0,0,0,1
2026-07-12 22:00:00,0.0,0.0,0.0,0.0,0.0,0.0,0.0,0.0,0.0,26.33,26.23,0.32,0.4,21.34,0.0,True,22,0,12,7,6,0.0,0.0,0.0,0.0,0,0,1
2026-07-12 22:15:00,0.0,0.0,0.0,0.0,0.0,0.0,0.0,0.0,0.0,26.06,25.89,0.38,0.4,21.34,0.0,True,22,15,12,7,6,0.0,0.0,0.0,0.0,0,0,1
2026-07-12 22:30:00,0.0,0.0,0.0,0.0,0.0,0.0,0.0,0.0,0.0,26.08,26.0,0.3,0.4,21.34,0.0,True,22,30,12,7,6,0.0,0.0,0.0,0.0,0,0,1
2026-07-12 22:45:00,0.0,0.0,0.0,0.0,0.0,0.0,0.0,0.0,0.0,26.3,26.19,0.27,0.4,21.34,0.0,True,22,45,12,7,6,0.0,0.0,0.0,0.0,0,0,1
2026-07-12 23:00:00,0.0,0.0,0.0,0.0,0.0,0.0,0.0,0.0,0.0,26.21,26.06,0.14,0.36,21.34,0.0,True,23,0,12,7,6,0.0,0.0,0.0,0.0,0,0,1
2026-07-12 23:15:00,0.0,0.0,0.0,0.0,0.0,0.0,0.0,0.0,0.0,25.79,25.67,0.34,0.41,21.34,0.0,True,23,15,12,7,6,0.0,0.0,0.0,0.0,0,0,1
2026-07-12 23:30:00,0.0,0.0,0.0,0.0,0.0,0.0,0.0,0.0,0.0,26.0,25.81,0.25,0.37,21.34,0.0,True,23,30,12,7,6,0.0,0.0,0.0,0.0,0,0,1
2026-07-12 23:45:00,0.0,0.0,0.0,0.0,0.0,0.0,0.0,0.0,0.0,26.53,26.33,0.28,0.41,21.34,0.0,True,23,45,12,7,6,0.0,0.0,0.0,0.0,0,0,1
2026-07-13 00:15:00,0.0,0.0,0.0,0.0,0.0,0.0,0.0,0.0,0.0,26.52,26.47,0.31,0.42,0.0,0.0,True,0,15,13,7,0,0.0,0.0,0.0,0.0,0,1,0
2026-07-13 00:30:00,0.0,0.0,0.0,0.0,0.0,0.0,0.0,0.0,0.0,26.42,26.3,0.41,0.43,0.0,0.0,True,0,30,13,7,0,0.0,0.0,0.0,0.0,0,1,0
2026-07-13 00:45:00,0.0,0.0,0.0,0.0,0.0,0.0,0.0,0.0,0.0,26.41,26.37,0.38,0.43,0.0,0.0,True,0,45,13,7,0,0.0,0.0,0.0,0.0,0,1,0
2026-07-13 01:00:00,0.0,0.0,0.0,0.0,0.0,0.0,0.0,0.0,0.0,26.24,26.24,0.34,0.4,0.0,0.0,True,1,0,13,7,0,0.0,0.0,0.0,0.0,0,1,0
2026-07-13 01:15:00,0.0,0.0,0.0,0.0,0.0,0.0,0.0,0.0,0.0,25.85,25.82,0.36,0.42,0.0,0.0,True,1,15,13,7,0,0.0,0.0,0.0,0.0,0,1,0
2026-07-13 01:30:00,0.0,0.0,0.0,0.0,0.0,0.0,0.0,0.0,0.0,25.82,25.76,0.37,0.42,0.0,0.0,True,1,30,13,7,0,0.0,0.0,0.0,0.0,0,1,0
2026-07-13 01:45:00,0.0,0.0,0.0,0.0,0.0,0.0,0.0,0.0,0.0,26.14,26.09,0.4,0.43,0.0,0.0,True,1,45,13,7,0,0.0,0.0,0.0,0.0,0,1,0
2026-07-13 02:00:00,0.0,0.0,0.0,0.0,0.0,0.0,0.0,0.0,0.0,26.14,26.07,0.42,0.43,0.0,0.0,True,2,0,13,7,0,0.0,0.0,0.0,0.0,0,1,0
2026-07-13 02:15:00,0.0,0.0,0.0,0.0,0.0,0.0,0.0,0.0,0.0,25.96,25.81,0.39,0.42,0.0,0.0,True,2,15,13,7,0,0.0,0.0,0.0,0.0,0,1,0
2026-07-13 02:30:00,0.0,0.0,0.0,0.0,0.0,0.0,0.0,0.0,0.0,26.08,26.06,0.36,0.43,0.0,0.0,True,2,30,13,7,0,0.0,0.0,0.0,0.0,0,1,0
2026-07-13 02:45:00,0.0,0.0,0.0,0.0,0.0,0.0,0.0,0.0,0.0,26.09,26.06,0.39,0.43,0.0,0.0,True,2,45,13,7,0,0.0,0.0,0.0,0.0,0,1,0
2026-07-13 03:00:00,0.0,0.0,0.0,0.0,0.0,0.0,0.0,0.0,0.0,25.86,25.7,0.38,0.41,0.0,0.0,True,3,0,13,7,0,0.0,0.0,0.0,0.0,0,1,0
2026-07-13 03:15:00,0.0,0.0,0.0,0.0,0.0,0.0,0.0,0.0,0.0,26.33,26.27,0.34,0.42,0.0,0.0,True,3,15,13,7,0,0.0,0.0,0.0,0.0,0,1,0
2026-07-13 03:30:00,0.0,0.0,0.0,0.0,0.0,0.0,0.0,0.0,0.0,26.7,26.6,0.37,0.42,0.0,0.0,True,3,30,13,7,0,0.0,0.0,0.0,0.0,0,1,0
2026-07-13 03:45:00,0.0,0.0,0.0,0.0,0.0,0.0,0.0,0.0,0.0,26.53,26.42,0.31,0.41,0.0,0.0,True,3,45,13,7,0,0.0,0.0,0.0,0.0,0,1,0
2026-07-13 04:00:00,0.0,0.0,0.0,0.0,0.0,0.0,0.0,0.0,0.0,26.68,26.55,0.37,0.42,0.0,0.0,True,4,0,13,7,0,0.0,0.0,0.0,0.0,0,1,0
2026-07-13 04:15:00,0.0,0.0,0.0,0.0,0.0,0.0,0.0,0.0,0.0,26.43,26.33,0.34,0.41,0.0,0.0,True,4,15,13,7,0,0.0,0.0,0.0,0.0,0,1,0
2026-07-13 04:30:00,0.0,0.0,0.0,0.0,0.0,0.0,0.0,0.0,0.0,26.61,26.56,0.32,0.42,0.0,0.0,True,4,30,13,7,0,0.0,0.0,0.0,0.0,0,1,0
2026-07-13 04:45:00,0.0,0.0,0.0,0.0,0.0,0.0,0.0,0.0,0.0,26.6,26.47,0.38,0.41,0.0,0.0,True,4,45,13,7,0,0.0,0.0,0.0,0.0,0,1,0
2026-07-13 05:00:00,0.0,0.0,0.0,0.0,0.0,0.0,0.0,0.0,0.0,26.28,26.15,0.38,0.41,0.0,0.0,True,5,0,13,7,0,0.0,0.0,0.0,0.0,0,1,0
2026-07-13 05:15:00,0.0,0.0,0.0,0.0,0.0,0.0,0.0,0.0,0.0,26.43,26.45,0.45,0.44,0.0,0.0,True,5,15,13,7,0,0.0,0.0,0.0,0.0,0,1,0
2026-07-13 05:30:00,0.0,0.0,0.0,0.0,0.0,0.0,0.0,0.0,0.0,26.4,26.32,0.19,0.37,0.0,0.0,True,5,30,13,7,0,0.0,0.0,0.0,0.0,0,1,0
2026-07-13 05:45:00,0.0,0.0,0.0,0.0,0.0,0.0,0.0,0.0,0.0,26.76,26.78,1.21,0.61,0.0,0.0,True,5,45,13,7,0,0.0,0.0,0.0,0.0,0,1,0
2026-07-13 06:00:00,0.0,0.0,0.0,0.0,0.0,0.0,0.0,0.0,0.0,26.87,26.82,9.73,8.52,0.0,0.0,True,6,0,13,7,0,0.0,0.0,0.0,0.0,0,1,0
2026-07-13 06:15:00,69.92,0.0,0.0,0.0,0.0,36.71,37.85,37.35,38.51,27.51,27.5,22.47,21.49,0.0,28.57,True,6,15,13,7,0,0.0,0.0,23.30666666666667,40.36833082173863,1,1,0
2026-07-13 06:30:00,189.63,34.18,35.13,28.01,28.76,71.99,74.06,72.92,75.01,27.97,28.03,34.87,33.69,0.02,50.01,True,6,30,13,7,0,69.92,0.0,86.51666666666667,95.89823373416912,1,1,0
2026-07-13 06:45:00,432.23,108.69,111.12,113.95,116.42,108.83,111.26,110.63,113.08,28.55,28.55,50.52,49.4,0.07,78.86,True,6,45,13,7,0,189.63,69.92,230.59333333333333,184.5958559484295,1,1,0
2026-07-13 07:00:00,722.31,180.59,183.86,187.68,191.5,177.67,181.38,181.82,185.59,29.27,29.33,77.84,77.79,0.14,85.79,True,7,0,13,7,0,432.23,189.63,448.0566666666667,266.6924410877318,1,1,0
2026-07-13 07:15:00,1289.49,315.1,320.24,326.74,332.78,327.91,333.98,325.56,331.59,31.13,31.3,137.91,139.73,0.27,87.1,True,7,15,13,7,0,722.31,432.23,814.6766666666666,436.0302486448999,1,1,0
2026-07-13 07:30:00,1914.88,467.22,474.92,489.24,497.42,486.22,494.32,480.07,488.09,33.87,34.18,219.25,218.16,0.47,82.28,True,7,30,13,7,0,1289.49,722.31,1308.8933333333332,596.5217248628362,1,1,0
2026-07-13 07:45:00,2149.75,518.54,527.27,532.64,541.43,566.16,575.5,543.81,552.79,34.86,35.06,245.67,228.91,0.7,82.78,True,7,45,13,7,0,1914.88,1289.49,1784.7066666666667,444.6578903306822,1,1,0
2026-07-13 08:00:00,2930.2,716.63,729.85,744.56,756.53,743.14,755.07,739.04,750.91,35.87,35.83,333.48,319.86,1.0,83.47,True,8,0,13,7,0,2149.75,1914.88,2331.61,531.5293691791635,1,1,0
2026-07-13 08:15:00,3424.19,835.84,852.23,880.0,894.35,859.75,873.71,860.58,874.55,38.02,38.18,390.58,378.87,1.35,84.04,True,8,15,13,7,0,2930.2,2149.75,2834.713333333333,642.5633089691105,1,1,0
2026-07-13 08:30:00,4033.35,986.39,1007.11,1035.17,1052.57,1008.11,1024.97,1012.3,1029.24,38.98,39.27,456.24,454.01,1.78,85.09,True,8,30,13,7,0,3424.19,2930.2,3462.58,552.5760804631326,1,1,0
2026-07-13 08:45:00,4832.96,1174.73,1201.17,1230.89,1252.39,1216.65,1237.84,1220.37,1241.64,41.35,42.17,542.15,539.42,2.26,86.67,True,8,45,13,7,0,4033.35,3424.19,4096.833333333333,706.5273019730596,1,1,0
2026-07-13 09:00:00,3527.35,855.96,873.0,886.46,900.99,878.89,893.31,890.16,904.78,41.14,41.47,412.75,402.33,2.64,83.02,True,9,0,13,7,0,4832.96,4033.35,4131.22,658.2843387928939,1,1,0
2026-07-13 09:15:00,3788.14,922.31,941.16,971.76,987.9,942.92,958.49,951.84,967.58,39.18,39.3,410.37,400.33,3.03,88.92,True,9,15,13,7,0,3527.35,4832.96,4049.4833333333336,690.9266396900115,1,1,0
2026-07-13 09:30:00,4657.83,1142.74,1168.08,1188.18,1208.82,1164.71,1184.84,1170.47,1190.74,40.2,40.41,522.97,484.04,3.51,86.17,True,9,30,13,7,0,3788.14,3527.35,3991.1066666666666,591.9399111677897,1,1,0
2026-07-13 09:45:00,6231.29,1370.27,1401.94,1677.18,1710.24,1559.95,1589.81,1602.19,1633.17,44.05,44.5,716.3,559.18,4.14,85.57,True,9,45,13,7,0,4657.83,3788.14,4892.419999999999,1238.3536779531107,1,1,0
2026-07-13 10:00:00,5656.02,1353.52,1384.8,1430.27,1456.59,1442.25,1468.91,1452.21,1479.12,46.76,47.04,687.56,556.34,4.75,81.88,True,10,0,13,7,0,6231.29,4657.83,5515.046666666666,796.1464710926812,1,1,0
2026-07-13 10:15:00,5662.49,1343.01,1374.04,1542.54,1571.84,1376.29,1401.36,1429.34,1455.68,45.69,45.85,619.55,541.15,5.33,90.55,True,10,15,13,7,0,5656.02,6231.29,5849.933333333333,330.280404555476,1,1,0
2026-07-13 10:30:00,6116.6,1389.82,1421.94,1665.82,1698.44,1505.77,1534.11,1609.16,1640.27,46.19,46.23,700.78,592.68,5.95,86.66,True,10,30,13,7,0,5662.49,5656.02,5811.703333333334,264.06807499834014,1,1,0
2026-07-13 10:45:00,5867.66,1337.21,1367.9,1595.59,1626.55,1499.92,1528.61,1500.96,1529.52,47.92,48.16,690.89,564.34,6.57,84.96,True,10,45,13,7,0,6116.6,5662.49,5882.25,227.40629740619687,1,1,0
2026-07-13 11:00:00,6781.49,1347.33,1378.27,1734.51,1769.54,1847.6,1885.38,1842.96,1880.72,48.84,48.8,831.48,571.65,7.27,81.92,True,11,0,13,7,0,5867.66,6116.6,6255.25,472.42902546307994,1,1,0
2026-07-13 11:15:00,7377.29,1405.85,1438.34,1988.88,2030.78,1994.89,2036.92,2028.88,2071.9,52.17,51.58,937.76,937.01,8.05,80.2,True,11,15,13,7,0,6781.49,5867.66,6675.48,760.3777181769569,1,1,0
2026-07-13 11:30:00,7355.93,1404.72,1437.18,2059.22,2103.17,1952.12,1992.91,1984.8,2026.57,52.49,52.11,928.88,932.8,8.81,80.85,True,11,30,13,7,0,7377.29,6781.49,7171.57,337.9879690166445,1,1,0
2026-07-13 11:45:00,7090.59,1385.18,1417.13,2013.57,2056.25,1830.95,1868.43,1849.72,1887.74,52.6,52.14,899.03,907.4,9.55,80.56,True,11,45,13,7,0,7355.93,7377.29,7274.6033333333335,159.71769636871667,1,1,0
2026-07-13 12:00:00,7421.29,1405.69,1438.18,2022.83,2065.79,2007.47,2049.87,2071.37,2115.65,54.24,54.28,963.78,969.14,10.32,79.24,True,12,0,13,7,0,7090.59,7355.93,7289.27,175.13791479858438,1,0,1
2026-07-13 12:15:00,6971.83,1380.73,1412.59,1971.51,2013.21,1791.73,1828.57,1857.93,1896.53,54.5,54.41,890.79,892.01,11.03,80.63,True,12,15,13,7,0,7421.29,7090.59,7161.236666666667,232.90939554541293,1,0,1
2026-07-13 12:30:00,7311.14,1407.25,1439.77,2019.16,2061.93,1930.68,1970.86,1980.73,2022.36,53.91,54.17,929.0,935.5,11.77,80.86,True,12,30,13,7,0,6971.83,7421.29,7234.753333333334,234.26430593099263,1,0,1
2026-07-13 12:45:00,7287.69,1409.67,1442.25,2026.42,2069.38,1931.0,1971.18,1958.25,1999.22,53.74,53.34,912.31,919.05,12.56,82.01,True,12,45,13,7,0,7311.14,6971.83,7190.22,189.4943790722995,1,0,1
2026-07-13 13:00:00,6965.21,1385.76,1417.79,1984.82,2026.56,1797.79,1834.23,1835.84,1873.38,53.53,53.23,872.09,878.15,13.26,81.92,True,13,0,13,7,0,7287.69,7311.14,7188.013333333333,193.30925904707615,1,0,1
2026-07-13 13:15:00,6087.47,1286.7,1315.91,1598.03,1629.98,1616.14,1648.03,1636.3,1668.82,51.95,51.81,792.75,795.69,13.92,78.21,True,13,15,13,7,0,6965.21,7287.69,6780.123333333333,621.1479837633932,1,0,1
2026-07-13 13:30:00,7068.81,1384.1,1416.09,1854.65,1892.82,1922.7,1962.67,1908.79,1948.44,51.33,50.91,881.23,882.53,14.64,81.47,True,13,30,13,7,0,6087.47,6965.21,6707.163333333334,539.1642704531976,1,0,1
2026-07-13 13:45:00,5282.71,1278.61,1307.93,1414.31,1440.24,1306.04,1329.52,1305.51,1328.94,50.32,49.72,631.67,634.89,15.2,84.56,True,13,45,13,7,0,7068.81,6087.47,6146.330000000001,894.50359261436,1,0,1
2026-07-13 14:00:00,6669.38,1371.45,1403.14,1834.08,1871.71,1725.16,1759.68,1770.16,1805.96,49.87,49.61,787.68,794.75,15.89,85.44,True,14,0,13,7,0,5282.71,7068.81,6340.3,937.4212165830238,1,0,1
2026-07-13 14:15:00,6595.98,1382.08,1414.02,1846.37,1884.14,1653.41,1686.08,1726.04,1760.66,50.76,50.65,791.78,799.24,16.58,84.39,True,14,15,13,7,0,6669.38,5282.71,6182.69,780.2691140241271,1,0,1
2026-07-13 14:30:00,5280.75,1189.19,1215.78,1296.51,1320.15,1433.22,1460.15,1385.39,1411.2,48.56,48.7,623.3,625.94,17.12,85.0,True,14,30,13,7,0,6595.98,6669.38,6182.036666666667,781.3994699469213,1,0,1
2026-07-13 14:45:00,5456.29,1279.98,1309.19,1498.29,1526.63,1286.48,1309.7,1359.25,1384.27,48.24,48.01,647.95,656.75,17.69,84.36,True,14,45,13,7,0,5280.75,6595.98,5777.673333333333,714.0888764245881,1,0,1
2026-07-13 15:00:00,4333.13,1066.99,1090.15,1124.56,1143.91,1065.62,1083.67,1070.34,1088.5,47.14,46.95,497.13,499.45,18.14,86.9,True,15,0,13,7,0,5456.29,5280.75,5023.39,604.1917937211658,1,0,1
2026-07-13 15:15:00,4318.91,1056.13,1079.02,1078.67,1097.05,1082.55,1100.98,1081.08,1099.49,43.86,43.75,495.08,497.78,18.58,85.74,True,15,15,13,7,0,4333.13,5456.29,4702.776666666667,652.6004211869115,1,0,1
2026-07-13 15:30:00,4686.68,1144.11,1169.66,1209.93,1231.1,1152.94,1172.78,1174.74,1195.04,44.9,44.61,518.13,521.96,19.06,89.3,True,15,30,13,7,0,4318.91,4333.13,4446.240000000001,208.3484996346308,1,0,1
2026-07-13 15:45:00,3670.43,894.38,912.48,938.43,953.97,921.38,936.57,920.63,935.79,44.63,44.57,403.03,402.24,19.46,89.8,True,15,45,13,7,0,4686.68,4318.91,4225.34,514.545939931511,1,0,1
2026-07-13 16:00:00,3752.93,925.22,944.15,959.69,975.59,932.27,947.63,947.25,962.91,43.77,43.89,417.07,419.3,19.85,88.4,True,16,0,13,7,0,3670.43,4686.68,4036.6800000000003,564.4258698004569,1,0,1
2026-07-13 16:15:00,4017.11,990.96,1011.79,1036.59,1054.01,988.1,1004.55,1011.04,1027.95,43.25,43.14,453.48,458.04,20.27,86.83,True,16,15,13,7,0,3752.93,3670.43,3813.49,181.10049917104672,1,0,1
2026-07-13 16:30:00,4193.33,1034.13,1056.23,1080.52,1098.84,1032.03,1049.36,1057.33,1075.18,44.91,45.08,469.16,473.38,20.71,88.24,True,16,30,13,7,0,4017.11,3752.93,3987.7899999999995,221.65916809372465,1,0,1
2026-07-13 16:45:00,2811.31,695.48,708.33,721.6,733.3,690.65,701.87,705.76,717.2,43.15,43.39,310.99,313.1,21.0,88.58,True,16,45,13,7,0,4193.33,4017.11,3673.916666666666,752.2174340796257,1,0,1
2026-07-13 17:00:00,1551.71,383.67,389.85,398.19,405.22,386.77,393.65,391.66,398.6,39.22,39.06,180.16,181.46,21.17,82.99,True,17,0,13,7,0,2811.31,4193.33,2852.116666666667,1321.2826889554474,1,0,1
2026-07-13 17:15:00,1217.22,303.85,308.87,318.33,324.27,299.52,305.19,306.05,311.81,37.11,37.09,137.91,137.2,21.29,84.28,True,17,15,13,7,0,1551.71,2811.31,1860.08,840.5948933344803,1,0,1
2026-07-13 17:30:00,1161.93,291.11,295.92,305.84,311.61,283.74,289.16,291.35,296.89,36.36,36.35,127.14,125.16,21.42,87.0,True,17,30,13,7,0,1217.22,1551.71,1310.2866666666666,210.89847186108574,1,0,1
2026-07-13 17:45:00,969.43,242.82,246.91,251.54,256.67,239.95,244.95,244.62,249.67,35.55,35.65,112.86,113.28,21.52,81.49,True,17,45,13,7,0,1161.93,1217.22,1116.1933333333334,130.07249145511759,1,0,1
2026-07-13 18:00:00,571.6,145.35,148.11,148.83,153.07,143.9,148.06,146.1,150.29,0.0,0.0,0.0,0.0,21.58,0.0,True,18,0,13,7,0,969.43,1161.93,900.9866666666667,301.05770980551574,0,0,1
2026-07-13 18:15:00,446.21,115.02,117.46,117.77,121.4,112.14,115.61,114.34,117.87,33.2,33.16,53.04,53.79,21.62,79.04,True,18,15,13,7,0,571.6,969.43,662.4133333333333,273.1759290884589,1,0,1
2026-07-13 18:30:00,335.59,88.05,90.33,89.71,92.5,85.73,88.4,87.04,89.75,33.03,33.18,41.75,42.38,21.66,75.46,True,18,30,13,7,0,446.21,571.6,451.1333333333334,118.08200300360429,1,0,1
2026-07-13 18:45:00,118.35,34.47,35.55,33.69,34.79,32.99,34.08,33.3,34.39,32.32,32.43,15.45,15.67,21.68,71.71,True,18,45,13,7,0,335.59,446.21,300.05,166.79437520495176,0,0,1
2026-07-13 19:00:00,10.03,4.07,4.22,2.69,2.8,3.26,3.4,3.24,3.38,31.5,31.6,2.05,2.07,21.68,27.53,True,19,0,13,7,0,118.35,335.59,154.65666666666667,165.78889870357392,0,0,1
2026-07-13 19:15:00,0.0,0.0,0.0,0.0,0.0,0.0,0.0,0.0,0.0,30.16,30.1,0.05,0.21,21.68,0.0,True,19,15,13,7,0,10.03,118.35,42.79333333333333,65.62589148609075,0,0,1
2026-07-13 19:30:00,0.0,0.0,0.0,0.0,0.0,0.0,0.0,0.0,0.0,29.7,29.58,0.04,0.24,21.68,0.0,True,19,30,13,7,0,0.0,10.03,3.3433333333333333,5.790823200914498,0,0,1
2026-07-13 19:45:00,0.0,0.0,0.0,0.0,0.0,0.0,0.0,0.0,0.0,29.38,29.15,0.13,0.27,21.68,0.0,True,19,45,13,7,0,0.0,0.0,0.0,0.00010451820200248549,0,0,1
2026-07-13 20:00:00,0.0,0.0,0.0,0.0,0.0,0.0,0.0,0.0,0.0,28.89,29.09,0.14,0.26,21.68,0.0,True,20,0,13,7,0,0.0,0.0,0.0,0.00010451820200248549,0,0,1
2026-07-13 20:15:00,0.0,0.0,0.0,0.0,0.0,0.0,0.0,0.0,0.0,28.55,28.38,0.09,0.27,21.68,0.0,True,20,15,13,7,0,0.0,0.0,0.0,0.00010451820200248549,0,0,1
2026-07-13 20:30:00,0.0,0.0,0.0,0.0,0.0,0.0,0.0,0.0,0.0,28.94,28.88,0.16,0.31,21.68,0.0,True,20,30,13,7,0,0.0,0.0,0.0,0.00010451820200248549,0,0,1
2026-07-13 20:45:00,0.0,0.0,0.0,0.0,0.0,0.0,0.0,0.0,0.0,28.73,28.67,0.16,0.32,21.68,0.0,True,20,45,13,7,0,0.0,0.0,0.0,0.00010451820200248549,0,0,1
2026-07-13 21:00:00,0.0,0.0,0.0,0.0,0.0,0.0,0.0,0.0,0.0,28.32,28.22,0.15,0.32,21.68,0.0,True,21,0,13,7,0,0.0,0.0,0.0,0.00010451820200248549,0,0,1
2026-07-13 21:15:00,0.0,0.0,0.0,0.0,0.0,0.0,0.0,0.0,0.0,27.77,27.59,0.2,0.33,21.68,0.0,True,21,15,13,7,0,0.0,0.0,0.0,0.00010451820200248549,0,0,1
2026-07-13 21:30:00,0.0,0.0,0.0,0.0,0.0,0.0,0.0,0.0,0.0,27.9,27.82,0.17,0.34,21.68,0.0,True,21,30,13,7,0,0.0,0.0,0.0,0.00010451820200248549,0,0,1
2026-07-13 21:45:00,0.0,0.0,0.0,0.0,0.0,0.0,0.0,0.0,0.0,27.74,27.64,0.28,0.36,21.68,0.0,True,21,45,13,7,0,0.0,0.0,0.0,0.00010451820200248549,0,0,1
2026-07-13 22:00:00,0.0,0.0,0.0,0.0,0.0,0.0,0.0,0.0,0.0,27.75,27.63,0.33,0.38,21.68,0.0,True,22,0,13,7,0,0.0,0.0,0.0,0.00010451820200248549,0,0,1
2026-07-13 22:15:00,0.0,0.0,0.0,0.0,0.0,0.0,0.0,0.0,0.0,27.79,27.71,0.31,0.39,21.68,0.0,True,22,15,13,7,0,0.0,0.0,0.0,0.00010451820200248549,0,0,1
2026-07-13 22:30:00,0.0,0.0,0.0,0.0,0.0,0.0,0.0,0.0,0.0,27.22,27.17,0.2,0.35,21.68,0.0,True,22,30,13,7,0,0.0,0.0,0.0,0.00010451820200248549,0,0,1
2026-07-13 22:45:00,0.0,0.0,0.0,0.0,0.0,0.0,0.0,0.0,0.0,26.67,26.45,0.3,0.39,21.68,0.0,True,22,45,13,7,0,0.0,0.0,0.0,0.00010451820200248549,0,0,1
2026-07-13 23:00:00,0.0,0.0,0.0,0.0,0.0,0.0,0.0,0.0,0.0,26.98,26.88,0.3,0.39,21.68,0.0,True,23,0,13,7,0,0.0,0.0,0.0,0.00010451820200248549,0,0,1
2026-07-13 23:15:00,0.0,0.0,0.0,0.0,0.0,0.0,0.0,0.0,0.0,26.74,26.61,0.3,0.39,21.68,0.0,True,23,15,13,7,0,0.0,0.0,0.0,0.00010451820200248549,0,0,1
2026-07-13 23:30:00,0.0,0.0,0.0,0.0,0.0,0.0,0.0,0.0,0.0,26.89,26.78,0.32,0.4,21.68,0.0,True,23,30,13,7,0,0.0,0.0,0.0,0.00010451820200248549,0,0,1
2026-07-13 23:45:00,0.0,0.0,0.0,0.0,0.0,0.0,0.0,0.0,0.0,26.6,26.44,0.3,0.39,21.68,0.0,True,23,45,13,7,0,0.0,0.0,0.0,0.00010451820200248549,0,0,1
2026-07-14 00:15:00,0.0,0.0,0.0,0.0,0.0,0.0,0.0,0.0,0.0,26.55,26.38,0.38,0.42,0.0,0.0,True,0,15,14,7,1,0.0,0.0,0.0,0.0,0,1,0
2026-07-14 00:30:00,0.0,0.0,0.0,0.0,0.0,0.0,0.0,0.0,0.0,25.96,25.74,0.33,0.41,0.0,0.0,True,0,30,14,7,1,0.0,0.0,0.0,0.0,0,1,0
2026-07-14 00:45:00,0.0,0.0,0.0,0.0,0.0,0.0,0.0,0.0,0.0,25.99,25.84,0.32,0.4,0.0,0.0,True,0,45,14,7,1,0.0,0.0,0.0,0.0,0,1,0
2026-07-14 01:00:00,0.0,0.0,0.0,0.0,0.0,0.0,0.0,0.0,0.0,26.02,25.92,0.27,0.4,0.0,0.0,True,1,0,14,7,1,0.0,0.0,0.0,0.0,0,1,0
2026-07-14 01:15:00,0.0,0.0,0.0,0.0,0.0,0.0,0.0,0.0,0.0,25.87,25.67,0.37,0.42,0.0,0.0,True,1,15,14,7,1,0.0,0.0,0.0,0.0,0,1,0
2026-07-14 01:30:00,0.0,0.0,0.0,0.0,0.0,0.0,0.0,0.0,0.0,25.62,25.44,0.35,0.41,0.0,0.0,True,1,30,14,7,1,0.0,0.0,0.0,0.0,0,1,0
2026-07-14 01:45:00,0.0,0.0,0.0,0.0,0.0,0.0,0.0,0.0,0.0,25.73,25.65,0.36,0.43,0.0,0.0,True,1,45,14,7,1,0.0,0.0,0.0,0.0,0,1,0
2026-07-14 02:00:00,0.0,0.0,0.0,0.0,0.0,0.0,0.0,0.0,0.0,25.37,25.27,0.39,0.44,0.0,0.0,True,2,0,14,7,1,0.0,0.0,0.0,0.0,0,1,0
2026-07-14 02:15:00,0.0,0.0,0.0,0.0,0.0,0.0,0.0,0.0,0.0,25.85,25.8,0.38,0.44,0.0,0.0,True,2,15,14,7,1,0.0,0.0,0.0,0.0,0,1,0
2026-07-14 02:30:00,0.0,0.0,0.0,0.0,0.0,0.0,0.0,0.0,0.0,25.88,25.83,0.34,0.44,0.0,0.0,True,2,30,14,7,1,0.0,0.0,0.0,0.0,0,1,0
2026-07-14 02:45:00,0.0,0.0,0.0,0.0,0.0,0.0,0.0,0.0,0.0,25.74,25.66,0.37,0.45,0.0,0.0,True,2,45,14,7,1,0.0,0.0,0.0,0.0,0,1,0
2026-07-14 03:00:00,0.0,0.0,0.0,0.0,0.0,0.0,0.0,0.0,0.0,25.77,25.68,0.43,0.46,0.0,0.0,True,3,0,14,7,1,0.0,0.0,0.0,0.0,0,1,0
2026-07-14 03:15:00,0.0,0.0,0.0,0.0,0.0,0.0,0.0,0.0,0.0,25.51,25.25,0.33,0.42,0.0,0.0,True,3,15,14,7,1,0.0,0.0,0.0,0.0,0,1,0
2026-07-14 03:30:00,0.0,0.0,0.0,0.0,0.0,0.0,0.0,0.0,0.0,25.6,25.49,0.41,0.45,0.0,0.0,True,3,30,14,7,1,0.0,0.0,0.0,0.0,0,1,0
2026-07-14 03:45:00,0.0,0.0,0.0,0.0,0.0,0.0,0.0,0.0,0.0,25.91,25.87,0.41,0.46,0.0,0.0,True,3,45,14,7,1,0.0,0.0,0.0,0.0,0,1,0
2026-07-14 04:00:00,0.0,0.0,0.0,0.0,0.0,0.0,0.0,0.0,0.0,25.53,25.47,0.39,0.45,0.0,0.0,True,4,0,14,7,1,0.0,0.0,0.0,0.0,0,1,0
2026-07-14 04:15:00,0.0,0.0,0.0,0.0,0.0,0.0,0.0,0.0,0.0,25.8,25.73,0.63,0.46,0.0,0.0,True,4,15,14,7,1,0.0,0.0,0.0,0.0,0,1,0
2026-07-14 04:30:00,0.0,0.0,0.0,0.0,0.0,0.0,0.0,0.0,0.0,25.77,25.66,0.4,0.44,0.0,0.0,True,4,30,14,7,1,0.0,0.0,0.0,0.0,0,1,0
2026-07-14 04:45:00,0.0,0.0,0.0,0.0,0.0,0.0,0.0,0.0,0.0,25.58,25.3,0.35,0.43,0.0,0.0,True,4,45,14,7,1,0.0,0.0,0.0,0.0,0,1,0
2026-07-14 05:00:00,0.0,0.0,0.0,0.0,0.0,0.0,0.0,0.0,0.0,25.98,25.52,0.38,0.43,0.0,0.0,True,5,0,14,7,1,0.0,0.0,0.0,0.0,0,1,0
2026-07-14 05:15:00,0.0,0.0,0.0,0.0,0.0,0.0,0.0,0.0,0.0,26.49,26.24,0.34,0.42,0.0,0.0,True,5,15,14,7,1,0.0,0.0,0.0,0.0,0,1,0
2026-07-14 05:30:00,0.0,0.0,0.0,0.0,0.0,0.0,0.0,0.0,0.0,27.27,27.35,0.37,0.41,0.0,0.0,True,5,30,14,7,1,0.0,0.0,0.0,0.0,0,1,0
2026-07-14 05:45:00,0.0,0.0,0.0,0.0,0.0,0.0,0.0,0.0,0.0,27.51,27.73,0.44,0.4,0.0,0.0,True,5,45,14,7,1,0.0,0.0,0.0,0.0,0,1,0
2026-07-14 06:00:00,0.0,0.0,0.0,0.0,0.0,0.0,0.0,0.0,0.0,28.02,28.41,6.87,6.25,0.0,0.0,True,6,0,14,7,1,0.0,0.0,0.0,0.0,0,1,0
2026-07-14 06:15:00,63.55,0.0,0.0,0.0,0.0,13.87,14.3,17.18,17.72,28.62,28.87,19.44,18.84,0.0,30.14,True,6,15,14,7,1,0.0,0.0,21.183333333333334,36.69060960700072,0,1,0
2026-07-14 06:30:00,224.74,47.2,48.5,48.88,50.21,71.01,73.04,71.93,73.98,28.75,28.97,34.48,33.75,0.02,60.12,True,6,30,14,7,1,63.55,0.0,96.09666666666668,115.8511158053013,1,1,0
2026-07-14 06:45:00,502.57,126.44,129.03,132.31,134.95,127.43,130.02,128.88,131.49,28.96,29.07,60.14,59.27,0.08,77.15,True,6,45,14,7,1,224.74,63.55,263.62,222.0774209594483,1,1,0
2026-07-14 07:00:00,791.55,198.86,202.37,207.27,211.63,200.66,204.97,189.56,193.58,29.76,29.98,92.12,91.46,0.16,79.6,True,7,0,14,7,1,502.57,224.74,506.2866666666667,283.4232775079234,1,1,0
2026-07-14 07:15:00,1081.71,267.83,272.26,280.16,285.53,271.07,276.32,271.78,277.04,30.79,30.9,128.6,127.27,0.27,78.24,True,7,15,14,7,1,791.55,502.57,791.9433333333333,289.5702003544795,1,1,0
2026-07-14 07:30:00,1405.14,347.14,352.74,363.59,370.18,350.88,357.29,352.22,358.65,31.02,31.11,165.2,161.82,0.41,79.2,True,7,30,14,7,1,1081.71,791.55,1092.8,306.9452933341708,1,1,0
2026-07-14 07:45:00,1670.16,412.75,419.41,434.4,441.9,412.48,419.71,417.28,424.57,32.48,32.49,192.14,177.19,0.59,81.42,True,7,45,14,7,1,1405.14,1081.71,1385.67,294.7077557513548,1,1,0
2026-07-14 08:00:00,2164.98,533.51,542.54,560.2,569.45,535.66,544.52,539.93,548.86,33.82,33.95,243.01,233.24,0.81,83.91,True,8,0,14,7,1,1670.16,1405.14,1746.7600000000002,385.6680909797959,1,1,0
2026-07-14 08:15:00,2668.47,656.65,668.36,689.41,700.57,660.97,671.77,666.99,677.87,35.01,35.04,296.29,284.93,1.09,85.25,True,8,15,14,7,1,2164.98,1670.16,2167.8700000000003,499.1612746397702,1,1,0
2026-07-14 08:30:00,3149.24,776.04,790.79,814.92,828.04,777.98,790.43,787.6,800.22,36.0,36.01,342.87,336.33,1.41,87.3,True,8,30,14,7,1,2668.47,2164.98,2660.896666666667,492.17370250078733,1,1,0
2026-07-14 08:45:00,3445.69,849.84,866.61,895.4,910.04,850.29,864.07,861.63,875.62,37.78,37.54,375.45,367.61,1.77,87.89,True,8,45,14,7,1,3149.24,2668.47,3087.8000000000006,392.23575474451656,1,1,0
2026-07-14 09:00:00,3608.29,888.11,905.96,930.32,945.63,893.99,908.6,904.21,919.02,39.1,39.19,391.71,378.19,2.14,88.71,True,9,0,14,7,1,3445.69,3149.24,3401.0733333333337,232.75461506344817,1,1,0
2026-07-14 09:15:00,4030.65,994.17,1015.1,1048.29,1065.96,991.42,1007.94,1007.8,1024.65,39.21,38.95,431.53,403.27,2.55,89.99,True,9,15,14,7,1,3608.29,3445.69,3694.876666666667,301.9395445007725,1,1,0
2026-07-14 09:30:00,4241.67,1044.58,1066.99,1095.94,1114.57,1049.6,1067.28,1064.74,1082.73,39.79,39.46,455.77,415.39,2.99,89.89,True,9,30,14,7,1,4030.65,3608.29,3960.2033333333334,322.512954365145,1,1,0
2026-07-14 09:45:00,4286.88,1056.91,1079.68,1115.12,1134.15,1057.81,1075.66,1071.83,1089.97,40.35,40.05,462.05,413.85,3.44,89.82,True,9,45,14,7,1,4241.67,4030.65,4186.400000000001,136.76451623137052,1,1,0
2026-07-14 10:00:00,4210.33,1040.19,1062.47,1094.78,1113.39,1036.41,1053.83,1056.0,1073.82,39.89,39.49,449.84,412.74,3.88,90.43,True,10,0,14,7,1,4286.88,4241.67,4246.293333333334,38.48385419022138,1,1,0
2026-07-14 10:15:00,4880.54,1201.35,1228.59,1262.49,1284.7,1202.36,1223.24,1220.03,1241.29,40.42,40.03,513.31,466.73,4.38,92.08,True,10,15,14,7,1,4210.33,4286.88,4459.250000000001,366.8500016355472,1,1,0
2026-07-14 10:30:00,6001.47,1381.07,1412.99,1595.43,1626.14,1506.61,1534.93,1536.32,1565.43,42.54,42.19,651.7,562.74,5.01,89.99,True,10,30,14,7,1,4880.54,4210.33,5030.78,904.9721918932105,1,1,0
2026-07-14 10:45:00,6832.99,1390.22,1422.35,1860.8,1898.96,1792.56,1828.74,1818.09,1855.01,47.51,47.3,801.51,611.45,5.71,85.13,True,10,45,14,7,1,6001.47,4880.54,5905.0,979.7933947011497,1,1,0
2026-07-14 11:00:00,7502.71,1398.52,1430.84,2070.34,2114.59,2019.43,2062.19,2045.18,2088.69,49.17,48.38,921.06,649.51,6.51,81.94,True,11,0,14,7,1,6832.99,6001.47,6779.056666666666,752.0717969272207,1,1,0
2026-07-14 11:15:00,7711.41,1399.42,1431.76,2176.53,2223.98,2062.74,2106.77,2105.03,2150.31,50.65,49.76,966.8,966.78,7.3,80.77,True,11,15,14,7,1,7502.71,6832.99,7349.036666666667,458.93032601184746,1,1,0
2026-07-14 11:30:00,7131.65,1397.1,1429.38,1965.87,2007.09,1886.53,1925.45,1921.38,1961.3,48.98,48.26,866.62,869.58,8.04,82.71,True,11,30,14,7,1,7711.41,7502.71,7448.59,293.6445899382575,1,1,0
2026-07-14 11:45:00,7201.2,1397.63,1429.93,2047.03,2090.63,1861.71,1899.89,1931.7,1971.91,50.42,49.58,887.8,892.12,8.8,82.05,True,11,45,14,7,1,7131.65,7711.41,7348.086666666667,316.56308065429954,1,1,0
2026-07-14 12:00:00,7292.81,1391.53,1423.69,2000.42,2042.62,1980.07,2021.68,1988.13,2029.97,49.49,48.6,896.07,898.8,9.55,81.98,True,12,0,14,7,1,7201.2,7131.65,7208.553333333334,80.83124416548617,1,0,1
2026-07-14 12:15:00,6417.5,1382.58,1414.53,1691.65,1725.05,1682.02,1715.15,1688.61,1721.96,48.12,47.18,787.14,787.43,10.23,81.63,True,12,15,14,7,1,7292.81,7201.2,6970.503333333334,481.10041886631143,1,0,1
2026-07-14 12:30:00,6226.29,1381.15,1413.06,1606.61,1637.66,1630.39,1662.01,1618.38,1649.69,47.3,46.55,723.57,725.31,10.87,85.85,True,12,30,14,7,1,6417.5,7292.81,6645.533333333334,568.652467183024,1,0,1
2026-07-14 12:45:00,5412.31,1268.27,1297.14,1372.51,1397.65,1412.77,1438.87,1399.52,1425.32,47.11,46.44,592.81,590.3,11.44,91.01,True,12,45,14,7,1,6226.29,6417.5,6018.7,533.7807978000001,1,0,1
2026-07-14 13:00:00,6175.11,1315.49,1345.72,1654.05,1686.9,1599.6,1631.03,1626.53,1658.7,45.17,44.8,654.84,652.47,12.07,93.21,True,13,0,14,7,1,5412.31,6226.29,5937.903333333333,455.8959444142244,1,0,1
2026-07-14 13:15:00,7844.94,1395.23,1427.48,2193.11,2241.09,2136.59,2182.84,2157.91,2204.81,49.91,49.4,993.92,994.79,12.88,79.66,True,13,15,14,7,1,6175.11,5412.31,6477.453333333334,1244.17876433949,1,0,1
2026-07-14 13:30:00,7740.12,1394.62,1426.85,2144.08,2190.56,2106.11,2151.45,2128.32,2174.32,52.91,52.41,1001.4,1003.61,13.68,79.06,True,13,30,14,7,1,7844.94,6175.11,7253.389999999999,935.2874568281205,1,0,1
2026-07-14 13:45:00,7591.05,1393.84,1426.05,2125.17,2171.23,2034.06,2077.34,2066.13,2110.39,53.52,53.18,975.04,978.51,14.48,79.85,True,13,45,14,7,1,7740.12,7844.94,7725.37,127.58606859691277,1,0,1
2026-07-14 14:00:00,5022.63,1209.75,1236.86,1292.88,1316.23,1254.1,1276.47,1271.27,1294.08,49.06,48.6,601.08,600.27,15.02,84.01,True,14,0,14,7,1,7591.05,7740.12,6784.600000000001,1527.7300733113855,1,0,1
2026-07-14 14:15:00,3253.19,805.34,820.9,832.44,845.89,807.95,820.94,816.53,829.68,42.27,41.96,355.35,353.48,15.36,89.36,True,14,15,14,7,1,5022.63,7591.05,5288.956666666667,2181.1590416412414,1,0,1
2026-07-14 14:30:00,2987.57,739.74,753.53,763.47,775.64,741.02,752.86,749.81,761.78,40.2,40.06,316.98,316.84,15.67,91.19,True,14,30,14,7,1,3253.19,5022.63,3754.463333333333,1106.2655725156285,1,0,1
2026-07-14 14:45:00,4686.05,1166.75,1192.87,1220.19,1241.62,1145.28,1165.08,1183.22,1203.84,41.77,41.79,522.05,527.11,16.14,87.43,True,14,45,14,7,1,2987.57,3253.19,3642.2700000000004,913.6443577235059,1,0,1
2026-07-14 15:00:00,5524.63,1311.14,1341.21,1386.86,1412.28,1405.33,1431.08,1413.55,1439.53,45.49,45.43,641.92,648.65,16.73,85.19,True,15,0,14,7,1,4686.05,2987.57,4399.416666666667,1292.5894018339052,1,0,1
2026-07-14 15:15:00,5379.77,1326.72,1357.16,1379.3,1404.43,1328.95,1352.82,1354.98,1379.54,46.82,46.64,634.19,643.92,17.28,84.46,True,15,15,14,7,1,5524.63,4686.05,5196.816666666667,448.22767176216854,1,0,1
2026-07-14 15:30:00,4548.83,1131.71,1156.8,1175.3,1195.81,1112.52,1131.66,1153.41,1173.46,46.27,46.01,518.73,523.74,17.75,87.09,True,15,30,14,7,1,5379.77,5524.63,5151.076666666668,526.5661312060761,1,0,1
2026-07-14 15:45:00,5210.63,1259.01,1287.49,1374.29,1399.59,1298.84,1322.27,1319.91,1343.89,45.6,45.58,581.56,592.44,18.29,88.73,True,15,45,14,7,1,4548.83,5379.77,5046.410000000001,439.1371963293491,1,0,1
2026-07-14 16:00:00,3597.83,886.06,903.98,942.25,958.14,863.35,877.6,906.92,922.08,46.93,47.22,459.04,465.57,18.69,78.07,True,16,0,14,7,1,5210.63,4548.83,4452.43,810.7099851364854,1,0,1
2026-07-14 16:15:00,3262.27,816.57,832.41,856.24,870.13,790.27,802.92,814.65,827.76,41.81,42.33,358.12,361.48,19.01,88.74,True,16,15,14,7,1,3597.83,5210.63,4023.5766666666673,1041.6198157357287,1,0,1
2026-07-14 16:30:00,2817.25,700.55,713.46,733.27,745.18,689.2,700.31,704.58,715.94,41.14,41.2,294.4,297.28,19.31,92.96,True,16,30,14,7,1,3262.27,3597.83,3225.7833333333333,391.567033511929,1,0,1
2026-07-14 16:45:00,2016.01,504.98,513.43,524.06,532.73,496.78,505.03,501.25,509.55,39.09,39.14,218.96,221.09,19.53,88.66,True,16,45,14,7,1,2817.25,3262.27,2698.51,631.55790518368,1,0,1
2026-07-14 17:00:00,1528.2,383.2,389.42,395.56,402.56,375.47,382.2,382.28,389.09,36.66,36.62,174.96,176.22,19.69,83.25,True,17,0,14,7,1,2016.01,2817.25,2120.486666666667,650.84484021411,1,0,1
2026-07-14 17:15:00,1186.94,300.05,305.0,305.48,311.24,295.05,300.65,298.88,304.53,35.7,35.62,129.46,129.82,19.81,87.04,True,17,15,14,7,1,1528.2,2016.01,1577.0500000000004,416.6881424998752,1,0,1
2026-07-14 17:30:00,999.94,252.95,257.17,257.44,262.59,248.36,253.41,251.48,256.56,35.01,35.06,109.11,109.26,19.92,86.75,True,17,30,14,7,1,1186.94,1528.2,1238.3600000000004,267.8575539349148,1,0,1
2026-07-14 17:45:00,715.41,182.92,186.23,184.85,189.53,178.6,183.22,180.87,185.5,34.78,34.89,80.28,80.12,19.99,84.28,True,17,45,14,7,1,999.94,1186.94,967.4300000000003,237.44011939854502,1,0,1
2026-07-14 18:00:00,600.85,154.59,157.49,156.67,161.03,149.92,154.19,152.18,156.48,33.63,33.65,68.88,68.53,20.06,82.1,True,18,0,14,7,1,715.41,999.94,772.066666666667,205.48890586435135,1,0,1
2026-07-14 18:15:00,431.93,112.86,115.3,113.46,116.96,109.03,112.4,110.34,113.75,33.15,33.17,48.98,48.71,20.1,82.83,True,18,15,14,7,1,600.85,715.41,582.7300000000004,142.6060251181363,1,0,1
2026-07-14 18:30:00,277.16,74.78,76.86,74.26,76.59,71.91,74.17,72.51,74.78,32.51,32.62,35.97,35.71,20.13,72.19,True,18,30,14,7,1,431.93,600.85,436.646666666667,161.89653867000231,1,0,1
2026-07-14 18:45:00,81.92,26.65,27.49,24.67,25.49,24.54,25.37,24.65,25.48,31.58,31.6,12.0,11.57,20.14,63.72,True,18,45,14,7,1,277.16,431.93,263.6700000000003,175.3945127419722,0,0,1
2026-07-14 19:00:00,0.0,1.21,1.26,0.29,0.32,0.43,0.47,0.39,0.43,30.7,30.7,0.46,0.4,20.14,0.0,True,19,0,14,7,1,81.92,277.16,119.69333333333365,142.38867557965017,0,0,1
2026-07-14 19:15:00,0.0,0.0,0.0,0.0,0.0,0.0,0.0,0.0,0.0,30.04,29.83,0.08,0.24,20.14,0.0,True,19,15,14,7,1,0.0,81.92,27.30666666666697,47.29653405194348,0,0,1
2026-07-14 19:30:00,0.0,0.0,0.0,0.0,0.0,0.0,0.0,0.0,0.0,30.15,30.16,0.09,0.26,20.14,0.0,True,19,30,14,7,1,0.0,0.0,0.0,0.0,0,0,1
2026-07-14 19:45:00,0.0,0.0,0.0,0.0,0.0,0.0,0.0,0.0,0.0,29.97,29.9,0.11,0.27,20.14,0.0,True,19,45,14,7,1,0.0,0.0,0.0,0.0,0,0,1
2026-07-14 20:00:00,0.0,0.0,0.0,0.0,0.0,0.0,0.0,0.0,0.0,29.88,29.55,0.11,0.27,20.14,0.0,True,20,0,14,7,1,0.0,0.0,0.0,0.0,0,0,1
2026-07-14 20:15:00,0.0,0.0,0.0,0.0,0.0,0.0,0.0,0.0,0.0,29.71,29.69,0.11,0.28,20.14,0.0,True,20,15,14,7,1,0.0,0.0,0.0,0.0,0,0,1
2026-07-14 20:30:00,0.0,0.0,0.0,0.0,0.0,0.0,0.0,0.0,0.0,29.53,29.46,0.14,0.29,20.14,0.0,True,20,30,14,7,1,0.0,0.0,0.0,0.0,0,0,1
2026-07-14 20:45:00,0.0,0.0,0.0,0.0,0.0,0.0,0.0,0.0,0.0,29.41,29.27,0.15,0.29,20.14,0.0,True,20,45,14,7,1,0.0,0.0,0.0,0.0,0,0,1
2026-07-14 21:00:00,0.0,0.0,0.0,0.0,0.0,0.0,0.0,0.0,0.0,29.39,29.31,0.14,0.3,20.14,0.0,True,21,0,14,7,1,0.0,0.0,0.0,0.0,0,0,1
2026-07-14 21:15:00,0.0,0.0,0.0,0.0,0.0,0.0,0.0,0.0,0.0,29.31,29.23,0.19,0.3,20.14,0.0,True,21,15,14,7,1,0.0,0.0,0.0,0.0,0,0,1
2026-07-14 21:30:00,0.0,0.0,0.0,0.0,0.0,0.0,0.0,0.0,0.0,29.26,29.27,0.17,0.3,20.14,0.0,True,21,30,14,7,1,0.0,0.0,0.0,0.0,0,0,1
2026-07-14 21:45:00,0.0,0.0,0.0,0.0,0.0,0.0,0.0,0.0,0.0,28.61,28.67,0.16,0.31,20.14,0.0,True,21,45,14,7,1,0.0,0.0,0.0,0.0,0,0,1
2026-07-14 22:00:00,0.0,0.0,0.0,0.0,0.0,0.0,0.0,0.0,0.0,28.15,28.05,0.15,0.31,20.14,0.0,True,22,0,14,7,1,0.0,0.0,0.0,0.0,0,0,1
2026-07-14 22:15:00,0.0,0.0,0.0,0.0,0.0,0.0,0.0,0.0,0.0,28.07,27.87,0.21,0.33,20.14,0.0,True,22,15,14,7,1,0.0,0.0,0.0,0.0,0,0,1
2026-07-14 22:30:00,0.0,0.0,0.0,0.0,0.0,0.0,0.0,0.0,0.0,27.98,27.91,0.23,0.34,20.14,0.0,True,22,30,14,7,1,0.0,0.0,0.0,0.0,0,0,1
2026-07-14 22:45:00,0.0,0.0,0.0,0.0,0.0,0.0,0.0,0.0,0.0,28.03,27.97,0.24,0.35,20.14,0.0,True,22,45,14,7,1,0.0,0.0,0.0,0.0,0,0,1
2026-07-14 23:00:00,0.0,0.0,0.0,0.0,0.0,0.0,0.0,0.0,0.0,28.01,27.88,0.24,0.35,20.14,0.0,True,23,0,14,7,1,0.0,0.0,0.0,0.0,0,0,1
2026-07-14 23:15:00,0.0,0.0,0.0,0.0,0.0,0.0,0.0,0.0,0.0,28.06,27.94,0.24,0.36,20.14,0.0,True,23,15,14,7,1,0.0,0.0,0.0,0.0,0,0,1
2026-07-14 23:30:00,0.0,0.0,0.0,0.0,0.0,0.0,0.0,0.0,0.0,28.33,28.24,0.24,0.36,20.14,0.0,True,23,30,14,7,1,0.0,0.0,0.0,0.0,0,0,1
2026-07-14 23:45:00,0.0,0.0,0.0,0.0,0.0,0.0,0.0,0.0,0.0,27.92,27.83,0.22,0.35,20.14,0.0,True,23,45,14,7,1,0.0,0.0,0.0,0.0,0,0,1
2026-07-15 00:15:00,0.0,0.0,0.0,0.0,0.0,0.0,0.0,0.0,0.0,26.84,26.81,0.27,0.36,0.0,0.0,True,0,15,15,7,2,0.0,0.0,0.0,0.0,0,1,0
2026-07-15 00:30:00,0.0,0.0,0.0,0.0,0.0,0.0,0.0,0.0,0.0,26.47,26.45,0.29,0.38,0.0,0.0,True,0,30,15,7,2,0.0,0.0,0.0,0.0,0,1,0
2026-07-15 00:45:00,0.0,0.0,0.0,0.0,0.0,0.0,0.0,0.0,0.0,26.01,25.93,0.28,0.38,0.0,0.0,True,0,45,15,7,2,0.0,0.0,0.0,0.0,0,1,0
2026-07-15 01:00:00,0.0,0.0,0.0,0.0,0.0,0.0,0.0,0.0,0.0,26.13,26.03,0.36,0.41,0.0,0.0,True,1,0,15,7,2,0.0,0.0,0.0,0.0,0,1,0
2026-07-15 01:15:00,0.0,0.0,0.0,0.0,0.0,0.0,0.0,0.0,0.0,26.27,26.2,0.42,0.43,0.0,0.0,True,1,15,15,7,2,0.0,0.0,0.0,0.0,0,1,0
2026-07-15 01:30:00,0.0,0.0,0.0,0.0,0.0,0.0,0.0,0.0,0.0,26.05,25.94,0.39,0.43,0.0,0.0,True,1,30,15,7,2,0.0,0.0,0.0,0.0,0,1,0
2026-07-15 01:45:00,0.0,0.0,0.0,0.0,0.0,0.0,0.0,0.0,0.0,25.92,25.78,0.39,0.43,0.0,0.0,True,1,45,15,7,2,0.0,0.0,0.0,0.0,0,1,0
2026-07-15 02:00:00,0.0,0.0,0.0,0.0,0.0,0.0,0.0,0.0,0.0,25.95,25.82,0.37,0.43,0.0,0.0,True,2,0,15,7,2,0.0,0.0,0.0,0.0,0,1,0
2026-07-15 02:15:00,0.0,0.0,0.0,0.0,0.0,0.0,0.0,0.0,0.0,26.05,25.96,0.32,0.42,0.0,0.0,True,2,15,15,7,2,0.0,0.0,0.0,0.0,0,1,0
2026-07-15 02:30:00,0.0,0.0,0.0,0.0,0.0,0.0,0.0,0.0,0.0,26.14,26.04,0.41,0.44,0.0,0.0,True,2,30,15,7,2,0.0,0.0,0.0,0.0,0,1,0
2026-07-15 02:45:00,0.0,0.0,0.0,0.0,0.0,0.0,0.0,0.0,0.0,26.31,26.21,0.39,0.44,0.0,0.0,True,2,45,15,7,2,0.0,0.0,0.0,0.0,0,1,0
2026-07-15 03:00:00,0.0,0.0,0.0,0.0,0.0,0.0,0.0,0.0,0.0,26.68,26.61,0.39,0.44,0.0,0.0,True,3,0,15,7,2,0.0,0.0,0.0,0.0,0,1,0
2026-07-15 03:15:00,0.0,0.0,0.0,0.0,0.0,0.0,0.0,0.0,0.0,26.94,26.87,0.65,0.46,0.0,0.0,True,3,15,15,7,2,0.0,0.0,0.0,0.0,0,1,0
2026-07-15 03:30:00,0.0,0.0,0.0,0.0,0.0,0.0,0.0,0.0,0.0,27.45,27.42,0.6,0.42,0.0,0.0,True,3,30,15,7,2,0.0,0.0,0.0,0.0,0,1,0
2026-07-15 03:45:00,0.0,0.0,0.0,0.0,0.0,0.0,0.0,0.0,0.0,27.5,27.48,0.29,0.4,0.0,0.0,True,3,45,15,7,2,0.0,0.0,0.0,0.0,0,1,0
2026-07-15 04:00:00,0.0,0.0,0.0,0.0,0.0,0.0,0.0,0.0,0.0,27.01,26.9,0.26,0.38,0.0,0.0,True,4,0,15,7,2,0.0,0.0,0.0,0.0,0,1,0
2026-07-15 04:15:00,0.0,0.0,0.0,0.0,0.0,0.0,0.0,0.0,0.0,26.94,26.79,0.32,0.4,0.0,0.0,True,4,15,15,7,2,0.0,0.0,0.0,0.0,0,1,0
2026-07-15 04:30:00,0.0,0.0,0.0,0.0,0.0,0.0,0.0,0.0,0.0,26.89,26.77,0.33,0.41,0.0,0.0,True,4,30,15,7,2,0.0,0.0,0.0,0.0,0,1,0
2026-07-15 04:45:00,0.0,0.0,0.0,0.0,0.0,0.0,0.0,0.0,0.0,27.03,27.08,0.33,0.41,0.0,0.0,True,4,45,15,7,2,0.0,0.0,0.0,0.0,0,1,0
2026-07-15 05:00:00,0.0,0.0,0.0,0.0,0.0,0.0,0.0,0.0,0.0,26.72,26.7,0.24,0.38,0.0,0.0,True,5,0,15,7,2,0.0,0.0,0.0,0.0,0,1,0
2026-07-15 05:15:00,0.0,0.0,0.0,0.0,0.0,0.0,0.0,0.0,0.0,26.17,26.03,0.31,0.39,0.0,0.0,True,5,15,15,7,2,0.0,0.0,0.0,0.0,0,1,0
2026-07-15 05:30:00,0.0,0.0,0.0,0.0,0.0,0.0,0.0,0.0,0.0,26.09,26.11,0.35,0.4,0.0,0.0,True,5,30,15,7,2,0.0,0.0,0.0,0.0,0,1,0
2026-07-15 05:45:00,0.0,0.0,0.0,0.0,0.0,0.0,0.0,0.0,0.0,25.99,25.79,0.51,0.45,0.0,0.0,True,5,45,15,7,2,0.0,0.0,0.0,0.0,0,1,0
2026-07-15 06:00:00,0.0,0.0,0.0,0.0,0.0,0.0,0.0,0.0,0.0,26.14,26.12,5.69,5.05,0.0,0.0,True,6,0,15,7,2,0.0,0.0,0.0,0.0,0,1,0
2026-07-15 06:15:00,0.0,0.0,0.0,0.0,0.0,0.0,0.0,0.0,0.0,26.56,26.51,17.01,16.24,0.0,0.0,True,6,15,15,7,2,0.0,0.0,0.0,0.0,0,1,0
2026-07-15 06:30:00,91.69,0.0,0.0,0.0,0.0,65.4,67.26,38.42,39.45,26.72,26.72,34.24,33.73,0.01,24.5,True,6,30,15,7,2,0.0,0.0,30.563333333333333,52.937246181996784,1,1,0
2026-07-15 06:45:00,467.37,109.74,111.8,95.07,96.85,140.78,143.52,142.38,145.14,27.56,27.56,68.61,69.18,0.06,62.54,True,6,45,15,7,2,91.69,0.0,186.35333333333332,247.6480147978847,1,1,0
2026-07-15 07:00:00,784.13,201.22,204.76,205.13,209.19,196.62,200.63,201.78,205.83,29.01,29.11,93.5,93.69,0.14,77.45,True,7,0,15,7,2,467.37,91.69,447.73,346.6375421099105,1,1,0
2026-07-15 07:15:00,1628.89,408.68,415.37,420.32,427.61,402.03,409.06,408.78,415.91,31.03,31.26,191.91,192.65,0.3,79.03,True,7,15,15,7,2,784.13,467.37,960.1300000000001,600.428328445619,1,1,0
2026-07-15 07:30:00,2032.89,507.21,515.71,514.33,522.88,507.94,516.43,511.93,520.46,33.77,34.14,247.77,247.7,0.52,77.26,True,7,30,15,7,2,1628.89,784.13,1481.97,637.2122873893753,1,1,0
2026-07-15 07:45:00,1841.93,463.91,471.55,465.22,473.08,458.36,466.14,463.84,471.68,34.24,34.32,206.08,202.58,0.71,84.33,True,7,45,15,7,2,2032.89,1628.89,1834.57,202.10053735702843,1,1,0
2026-07-15 08:00:00,2187.39,541.84,551.05,545.25,554.24,551.14,560.21,553.46,562.56,35.51,35.67,251.31,248.67,0.93,82.56,True,8,0,15,7,2,1841.93,2032.89,2020.7366666666667,173.05036993122224,1,1,0
2026-07-15 08:15:00,2750.97,685.9,698.38,676.31,687.3,710.16,721.64,701.23,712.58,37.38,37.87,339.61,309.96,1.22,77.44,True,8,15,15,7,2,2187.39,1841.93,2260.096666666667,458.86068139832224,1,1,0
2026-07-15 08:30:00,1965.45,496.06,504.34,504.2,512.62,481.74,489.85,492.78,501.04,36.29,36.3,206.8,202.77,1.43,90.45,True,8,30,15,7,2,2750.97,2187.39,2301.27,404.9529706027594,1,1,0
2026-07-15 08:45:00,3132.31,794.04,809.42,841.17,854.99,746.61,758.74,781.42,794.15,36.54,36.77,317.45,309.48,1.74,94.0,True,8,45,15,7,2,1965.45,2750.97,2616.2433333333333,594.9823702710293,1,1,0
2026-07-15 09:00:00,5032.26,1236.43,1264.4,1260.98,1283.45,1295.51,1318.63,1302.69,1326.04,41.88,42.6,582.65,508.81,2.26,84.16,True,9,0,15,7,2,3132.31,1965.45,3376.6733333333336,1547.9392665842322,1,1,0
2026-07-15 09:15:00,4272.71,1056.21,1079.15,1090.47,1109.64,1082.05,1100.97,1097.55,1116.86,43.86,44.15,491.81,386.23,2.72,85.38,True,9,15,15,7,2,5032.26,3132.31,4145.76,956.3157049322133,1,1,0
2026-07-15 09:30:00,6158.69,1372.65,1404.37,1614.08,1645.24,1587.0,1617.42,1605.42,1636.34,45.19,45.03,724.46,421.02,3.35,84.03,True,9,30,15,7,2,4272.71,5032.26,5154.553333333333,948.9187977025883,1,1,0
2026-07-15 09:45:00,6249.09,1374.74,1406.51,1661.6,1694.07,1579.61,1609.86,1621.85,1653.23,48.16,48.46,739.2,375.17,4.0,84.66,True,9,45,15,7,2,6158.69,4272.71,5560.163333333334,1115.8831050487884,1,1,0
2026-07-15 10:00:00,5577.95,1311.43,1341.5,1403.05,1428.85,1440.87,1467.6,1450.4,1477.43,48.31,48.71,669.38,384.32,4.59,83.51,True,10,0,15,7,2,6249.09,6158.69,5995.243333333335,364.20232637000595,1,1,0
2026-07-15 10:15:00,6916.07,1379.29,1411.16,1839.22,1876.82,1832.0,1869.34,1892.48,1931.56,49.64,49.71,858.33,476.28,5.31,81.22,True,10,15,15,7,2,5577.95,6249.09,6247.703333333334,669.0610777300708,1,1,0
2026-07-15 10:30:00,6699.67,1377.72,1409.55,1836.33,1873.86,1737.17,1771.85,1786.46,1822.56,50.62,50.8,798.6,566.8,5.99,84.93,True,10,30,15,7,2,6916.07,5577.95,6397.896666666667,718.2907782599773,1,1,0
2026-07-15 10:45:00,7167.13,1381.61,1413.54,1949.9,1990.63,1910.79,1950.4,1957.55,1998.51,52.94,53.18,900.91,506.58,6.75,81.38,True,10,45,15,7,2,6699.67,6916.07,6927.623333333333,233.94405855529627,1,1,0
2026-07-15 11:00:00,7314.03,1378.76,1410.63,2098.85,2143.98,1900.03,1939.32,1958.02,1998.99,52.94,52.87,903.81,468.37,7.5,82.79,True,11,0,15,7,2,7167.13,6699.67,7060.276666666668,320.8158015642681,1,1,0
2026-07-15 11:15:00,6061.14,1340.88,1371.8,1883.96,1923.22,1359.44,1384.4,1490.31,1518.45,50.96,50.49,708.46,703.86,8.15,86.75,True,11,15,15,7,2,7314.03,7167.13,6847.433333333334,684.8998518274943,1,1,0
2026-07-15 11:30:00,4263.13,1050.49,1073.15,1122.15,1141.44,1053.56,1071.35,1063.2,1081.2,45.08,44.44,477.85,474.71,8.59,88.15,True,11,30,15,7,2,6061.14,7314.03,5879.433333333334,1533.545136940326,1,1,0
2026-07-15 11:45:00,7086.15,1386.95,1419.0,1951.81,1992.82,1848.22,1886.19,1953.13,1994.09,48.75,48.84,890.47,893.76,9.32,79.9,True,11,45,15,7,2,4263.13,6061.14,5803.473333333334,1429.0397347286475,1,1,0
2026-07-15 12:00:00,7371.73,1391.63,1423.79,2030.69,2073.85,1984.72,2026.49,2010.92,2053.47,54.31,53.84,934.82,939.3,10.08,81.17,True,12,0,15,7,2,7086.15,4263.13,6240.336666666667,1718.2545318238865,1,0,1
2026-07-15 12:15:00,7572.63,1393.59,1425.8,2114.32,2159.98,2008.06,2050.57,2079.24,2123.82,54.42,53.7,985.19,991.23,10.85,79.16,True,12,15,15,7,2,7371.73,7086.15,7343.503333333333,244.46524524628498,1,0,1
2026-07-15 12:30:00,6566.23,1283.49,1312.68,1783.47,1820.42,1758.78,1795.08,1776.3,1813.04,54.56,54.89,932.53,940.68,11.57,72.56,True,12,30,15,7,2,7572.63,7371.73,7170.196666666667,532.6086774859438,1,0,1
2026-07-15 12:45:00,4457.47,1034.49,1056.67,1010.83,1028.13,1175.26,1196.09,1187.96,1209.1,48.82,49.0,503.78,507.96,12.01,88.87,True,12,45,15,7,2,6566.23,7572.63,6198.776666666668,1589.7553020931628,1,0,1
2026-07-15 13:00:00,5134.11,1238.28,1266.33,1360.09,1385.11,1242.73,1264.81,1324.72,1348.73,47.32,47.37,584.01,588.73,12.54,87.71,True,13,0,15,7,2,4457.47,6566.23,5385.936666666667,1076.6985125527576,1,0,1
2026-07-15 13:15:00,6471.39,1295.53,1324.98,1652.36,1685.21,1858.41,1896.58,1728.02,1762.66,50.8,51.21,798.25,801.3,13.23,82.14,True,13,15,15,7,2,5134.11,4457.47,5354.323333333334,1024.8604176829747,1,0,1
2026-07-15 13:30:00,6977.65,1287.58,1316.8,1911.18,1951.54,1876.42,1916.13,1903.5,1944.31,52.53,52.64,1024.21,1027.14,13.94,69.57,True,13,30,15,7,2,6471.39,5134.11,6194.383333333334,952.4754342938841,1,0,1
2026-07-15 13:45:00,4044.03,1013.38,1034.95,1007.83,1024.72,1022.56,1039.81,1006.14,1023.02,48.9,48.57,516.21,518.14,14.38,78.71,True,13,45,15,7,2,6977.65,6471.39,5831.0233333333335,1568.146573804031,1,0,1
2026-07-15 14:00:00,3539.91,893.23,911.24,896.66,911.32,874.11,888.38,895.67,910.34,43.77,43.55,423.08,425.13,14.76,82.2,True,14,0,15,7,2,4044.03,6977.65,4853.863333333334,1856.4446120833547,1,0,1
2026-07-15 14:15:00,3744.75,924.02,942.94,926.92,942.18,938.65,954.16,940.86,956.41,41.93,41.65,398.04,402.05,15.13,91.7,True,14,15,15,7,2,3539.91,4044.03,3776.23,253.53005028986408,1,0,1
2026-07-15 14:30:00,5380.76,1274.59,1303.58,1361.54,1386.46,1385.18,1410.67,1392.2,1417.89,44.81,44.88,582.86,587.33,15.69,91.11,True,14,30,15,7,2,3744.75,3539.91,4221.806666666666,1008.895176930347,1,0,1
2026-07-15 14:45:00,3769.09,928.68,947.77,944.71,960.43,947.56,963.31,951.65,967.52,47.34,47.17,539.68,549.34,16.08,69.69,True,14,45,15,7,2,5380.76,3744.75,4298.2,937.6034471459578,1,0,1
2026-07-15 15:00:00,2992.66,751.3,765.39,769.28,781.54,725.74,737.35,749.79,761.73,42.46,42.51,321.21,321.58,16.4,91.02,True,15,0,15,7,2,3769.09,5380.76,4047.5033333333336,1218.1506026076233,1,0,1
2026-07-15 15:15:00,4181.16,1067.48,1090.73,1141.82,1161.9,945.51,961.32,1018.1,1035.35,42.79,43.26,408.48,409.73,16.83,100.14,True,15,15,15,7,2,2992.66,3769.09,3647.6366666666668,603.4867410584212,1,0,1
2026-07-15 15:30:00,5450.73,1260.94,1289.49,1480.04,1508.15,1309.77,1333.65,1415.07,1441.57,46.68,47.51,575.86,579.47,17.39,94.18,True,15,30,15,7,2,4181.16,2992.66,4208.183333333333,1229.2577950264606,1,0,1
2026-07-15 15:45:00,4887.74,1184.92,1211.42,1225.57,1247.19,1235.43,1257.47,1223.47,1245.16,48.2,49.03,592.64,601.8,17.9,82.61,True,15,45,15,7,2,5450.73,4181.16,4839.876666666666,636.1369115475997,1,0,1
2026-07-15 16:00:00,4441.13,1132.14,1157.29,1207.11,1228.24,1016.87,1034.28,1095.86,1114.77,46.95,47.66,485.2,490.67,18.35,91.18,True,16,0,15,7,2,4887.74,5450.73,4926.533333333333,505.9167244056267,1,0,1
2026-07-15 16:15:00,5179.07,1305.25,1335.42,1330.71,1354.54,1248.24,1270.12,1314.06,1337.48,47.55,48.35,588.4,598.1,18.9,87.91,True,16,15,15,7,2,4441.13,4887.74,4835.98,371.6829080008728,1,0,1
2026-07-15 16:30:00,5043.14,1275.47,1304.84,1301.92,1325.05,1207.25,1228.25,1276.77,1299.34,48.56,49.26,592.92,605.87,19.42,85.33,True,16,30,15,7,2,5179.07,4441.13,4887.78,392.7357993613334,1,0,1
2026-07-15 16:45:00,3048.56,777.02,792.28,777.77,790.84,720.13,731.93,781.98,795.02,47.02,47.69,423.32,433.2,19.75,71.76,True,16,45,15,7,2,5043.14,5179.07,4423.589999999999,1192.7488700057456,1,0,1
2026-07-15 17:00:00,1554.02,392.75,399.08,393.8,400.77,384.54,391.39,393.8,400.77,40.23,40.53,187.92,191.62,19.92,80.02,True,17,0,15,7,2,3048.56,5043.14,3215.2400000000002,1750.5217109193413,1,0,1
2026-07-15 17:15:00,1124.75,291.16,295.94,295.35,300.91,274.38,279.7,284.34,289.76,37.03,37.48,133.77,136.45,20.04,80.26,True,17,15,15,7,2,1554.02,3048.56,1909.11,1009.865293046538,1,0,1
2026-07-15 17:30:00,1102.16,280.57,285.2,281.19,286.58,269.17,274.37,280.15,285.51,35.17,35.23,123.6,125.56,20.15,84.47,True,17,30,15,7,2,1124.75,1554.02,1260.3100000000002,254.61097796435743,1,0,1
2026-07-15 17:45:00,982.03,250.75,254.93,253.66,258.72,239.95,244.95,249.12,254.17,30.43,30.28,122.28,112.55,20.26,74.6,True,17,45,15,7,2,1102.16,1124.75,1069.6466666666668,76.71432221755447,1,0,1
2026-07-15 18:00:00,701.67,179.92,183.18,182.56,187.2,171.71,176.25,177.71,182.31,32.22,32.28,92.27,81.49,20.32,71.16,True,18,0,15,7,2,982.03,1102.16,928.62,205.51771480815134,1,0,1
2026-07-15 18:15:00,490.54,127.08,129.65,127.26,131.06,121.16,124.83,125.2,128.95,33.0,33.01,68.96,60.88,20.38,66.78,True,18,15,15,7,2,701.67,982.03,724.7466666666666,246.5562905976985,1,0,1
2026-07-15 18:30:00,257.6,69.89,71.89,68.85,71.02,65.68,67.75,67.97,70.1,33.34,33.54,36.82,33.39,20.41,65.77,True,18,30,15,7,2,490.54,701.67,483.27,222.12424653774744,1,0,1
2026-07-15 18:45:00,85.01,27.28,28.14,25.69,26.54,24.27,25.09,25.17,26.01,32.3,32.48,13.57,11.24,20.42,58.64,True,18,45,15,7,2,257.6,490.54,277.7166666666667,203.51205230475702,0,0,1
2026-07-15 19:00:00,2.6,2.24,2.33,0.8,0.84,1.13,1.19,1.03,1.09,30.78,30.78,1.79,0.58,20.42,9.52,True,19,0,15,7,2,85.01,257.6,115.07000000000001,130.13052178470605,0,0,1
2026-07-15 19:15:00,0.0,0.0,0.0,0.0,0.0,0.0,0.0,0.0,0.0,30.05,30.04,0.08,0.22,20.42,0.0,True,19,15,15,7,2,2.6,85.01,29.203333333333333,48.347471839721614,0,0,1
2026-07-15 19:30:00,0.0,0.0,0.0,0.0,0.0,0.0,0.0,0.0,0.0,29.55,29.55,0.07,0.24,20.42,0.0,True,19,30,15,7,2,0.0,2.6,0.8666666666666667,1.5011106862940948,0,0,1
2026-07-15 19:45:00,0.0,0.0,0.0,0.0,0.0,0.0,0.0,0.0,0.0,29.16,28.98,0.1,0.26,20.42,0.0,True,19,45,15,7,2,0.0,0.0,0.0,0.0,0,0,1
2026-07-15 20:00:00,0.0,0.0,0.0,0.0,0.0,0.0,0.0,0.0,0.0,28.92,28.66,0.14,0.28,20.42,0.0,True,20,0,15,7,2,0.0,0.0,0.0,0.0,0,0,1
2026-07-15 20:15:00,0.0,0.0,0.0,0.0,0.0,0.0,0.0,0.0,0.0,28.66,28.51,0.16,0.29,20.42,0.0,True,20,15,15,7,2,0.0,0.0,0.0,0.0,0,0,1
2026-07-15 20:30:00,0.0,0.0,0.0,0.0,0.0,0.0,0.0,0.0,0.0,28.47,28.46,0.14,0.3,20.42,0.0,True,20,30,15,7,2,0.0,0.0,0.0,0.0,0,0,1
2026-07-15 20:45:00,0.0,0.0,0.0,0.0,0.0,0.0,0.0,0.0,0.0,28.52,28.45,0.24,0.33,20.42,0.0,True,20,45,15,7,2,0.0,0.0,0.0,0.0,0,0,1
2026-07-15 21:00:00,0.0,0.0,0.0,0.0,0.0,0.0,0.0,0.0,0.0,28.59,28.45,0.22,0.34,20.42,0.0,True,21,0,15,7,2,0.0,0.0,0.0,0.0,0,0,1
2026-07-15 21:15:00,0.0,0.0,0.0,0.0,0.0,0.0,0.0,0.0,0.0,28.5,28.26,0.25,0.35,20.42,0.0,True,21,15,15,7,2,0.0,0.0,0.0,0.0,0,0,1
2026-07-15 21:30:00,0.0,0.0,0.0,0.0,0.0,0.0,0.0,0.0,0.0,28.59,28.61,0.23,0.35,20.42,0.0,True,21,30,15,7,2,0.0,0.0,0.0,0.0,0,0,1
2026-07-15 21:45:00,0.0,0.0,0.0,0.0,0.0,0.0,0.0,0.0,0.0,28.19,28.23,0.23,0.35,20.42,0.0,True,21,45,15,7,2,0.0,0.0,0.0,0.0,0,0,1
2026-07-15 22:00:00,0.0,0.0,0.0,0.0,0.0,0.0,0.0,0.0,0.0,27.75,27.75,0.29,0.34,20.42,0.0,True,22,0,15,7,2,0.0,0.0,0.0,0.0,0,0,1
2026-07-15 22:15:00,0.0,0.0,0.0,0.0,0.0,0.0,0.0,0.0,0.0,27.96,27.98,0.23,0.35,20.42,0.0,True,22,15,15,7,2,0.0,0.0,0.0,0.0,0,0,1
2026-07-15 22:30:00,0.0,0.0,0.0,0.0,0.0,0.0,0.0,0.0,0.0,27.99,27.87,0.31,0.37,20.42,0.0,True,22,30,15,7,2,0.0,0.0,0.0,0.0,0,0,1
2026-07-15 22:45:00,0.0,0.0,0.0,0.0,0.0,0.0,0.0,0.0,0.0,27.74,27.61,0.35,0.36,20.42,0.0,True,22,45,15,7,2,0.0,0.0,0.0,0.0,0,0,1
2026-07-15 23:00:00,0.0,0.0,0.0,0.0,0.0,0.0,0.0,0.0,0.0,28.09,28.1,0.26,0.37,20.42,0.0,True,23,0,15,7,2,0.0,0.0,0.0,0.0,0,0,1
2026-07-15 23:15:00,0.0,0.0,0.0,0.0,0.0,0.0,0.0,0.0,0.0,28.06,27.94,0.26,0.37,20.42,0.0,True,23,15,15,7,2,0.0,0.0,0.0,0.0,0,0,1
2026-07-15 23:30:00,0.0,0.0,0.0,0.0,0.0,0.0,0.0,0.0,0.0,27.91,27.76,0.17,0.34,20.42,0.0,True,23,30,15,7,2,0.0,0.0,0.0,0.0,0,0,1
2026-07-15 23:45:00,0.0,0.0,0.0,0.0,0.0,0.0,0.0,0.0,0.0,27.91,27.78,0.29,0.38,20.42,0.0,True,23,45,15,7,2,0.0,0.0,0.0,0.0,0,0,1
2026-07-16 00:15:00,0.0,0.0,0.0,0.0,0.0,0.0,0.0,0.0,0.0,27.79,27.73,0.31,0.38,0.0,0.0,True,0,15,16,7,3,0.0,0.0,0.0,0.0,0,1,0
2026-07-16 00:30:00,0.0,0.0,0.0,0.0,0.0,0.0,0.0,0.0,0.0,27.79,27.66,0.31,0.38,0.0,0.0,True,0,30,16,7,3,0.0,0.0,0.0,0.0,0,1,0
2026-07-16 00:45:00,0.0,0.0,0.0,0.0,0.0,0.0,0.0,0.0,0.0,27.58,27.41,0.32,0.38,0.0,0.0,True,0,45,16,7,3,0.0,0.0,0.0,0.0,0,1,0
2026-07-16 01:00:00,0.0,0.0,0.0,0.0,0.0,0.0,0.0,0.0,0.0,27.59,27.6,0.26,0.38,0.0,0.0,True,1,0,16,7,3,0.0,0.0,0.0,0.0,0,1,0
2026-07-16 01:15:00,0.0,0.0,0.0,0.0,0.0,0.0,0.0,0.0,0.0,27.15,27.08,0.25,0.37,0.0,0.0,True,1,15,16,7,3,0.0,0.0,0.0,0.0,0,1,0
2026-07-16 01:30:00,0.0,0.0,0.0,0.0,0.0,0.0,0.0,0.0,0.0,27.46,27.37,0.22,0.36,0.0,0.0,True,1,30,16,7,3,0.0,0.0,0.0,0.0,0,1,0
2026-07-16 01:45:00,0.0,0.0,0.0,0.0,0.0,0.0,0.0,0.0,0.0,28.08,27.93,0.83,0.39,0.0,0.0,True,1,45,16,7,3,0.0,0.0,0.0,0.0,0,1,0
2026-07-16 02:00:00,0.0,0.0,0.0,0.0,0.0,0.0,0.0,0.0,0.0,28.96,28.94,0.73,0.38,0.0,0.0,True,2,0,16,7,3,0.0,0.0,0.0,0.0,0,1,0
2026-07-16 02:15:00,0.0,0.0,0.0,0.0,0.0,0.0,0.0,0.0,0.0,28.8,28.59,0.26,0.36,0.0,0.0,True,2,15,16,7,3,0.0,0.0,0.0,0.0,0,1,0
2026-07-16 02:30:00,0.0,0.0,0.0,0.0,0.0,0.0,0.0,0.0,0.0,29.1,29.09,0.28,0.36,0.0,0.0,True,2,30,16,7,3,0.0,0.0,0.0,0.0,0,1,0
2026-07-16 02:45:00,0.0,0.0,0.0,0.0,0.0,0.0,0.0,0.0,0.0,28.81,28.65,0.21,0.34,0.0,0.0,True,2,45,16,7,3,0.0,0.0,0.0,0.0,0,1,0
2026-07-16 03:00:00,0.0,0.0,0.0,0.0,0.0,0.0,0.0,0.0,0.0,28.76,28.54,0.31,0.34,0.0,0.0,True,3,0,16,7,3,0.0,0.0,0.0,0.0,0,1,0
2026-07-16 03:15:00,0.0,0.0,0.0,0.0,0.0,0.0,0.0,0.0,0.0,29.08,29.12,0.2,0.34,0.0,0.0,True,3,15,16,7,3,0.0,0.0,0.0,0.0,0,1,0
2026-07-16 03:30:00,0.0,0.0,0.0,0.0,0.0,0.0,0.0,0.0,0.0,28.76,28.77,0.2,0.33,0.0,0.0,True,3,30,16,7,3,0.0,0.0,0.0,0.0,0,1,0
2026-07-16 03:45:00,0.0,0.0,0.0,0.0,0.0,0.0,0.0,0.0,0.0,29.0,28.98,0.21,0.34,0.0,0.0,True,3,45,16,7,3,0.0,0.0,0.0,0.0,0,1,0
2026-07-16 04:00:00,0.0,0.0,0.0,0.0,0.0,0.0,0.0,0.0,0.0,29.15,29.02,0.22,0.34,0.0,0.0,True,4,0,16,7,3,0.0,0.0,0.0,0.0,0,1,0
2026-07-16 04:15:00,0.0,0.0,0.0,0.0,0.0,0.0,0.0,0.0,0.0,28.87,28.87,0.22,0.34,0.0,0.0,True,4,15,16,7,3,0.0,0.0,0.0,0.0,0,1,0
2026-07-16 04:30:00,0.0,0.0,0.0,0.0,0.0,0.0,0.0,0.0,0.0,28.87,29.08,0.26,0.33,0.0,0.0,True,4,30,16,7,3,0.0,0.0,0.0,0.0,0,1,0
2026-07-16 04:45:00,0.0,0.0,0.0,0.0,0.0,0.0,0.0,0.0,0.0,29.11,29.05,0.22,0.34,0.0,0.0,True,4,45,16,7,3,0.0,0.0,0.0,0.0,0,1,0
2026-07-16 05:00:00,0.0,0.0,0.0,0.0,0.0,0.0,0.0,0.0,0.0,29.03,28.7,0.28,0.33,0.0,0.0,True,5,0,16,7,3,0.0,0.0,0.0,0.0,0,1,0
2026-07-16 05:15:00,0.0,0.0,0.0,0.0,0.0,0.0,0.0,0.0,0.0,28.76,28.84,0.27,0.32,0.0,0.0,True,5,15,16,7,3,0.0,0.0,0.0,0.0,0,1,0
2026-07-16 05:30:00,0.0,0.0,0.0,0.0,0.0,0.0,0.0,0.0,0.0,27.2,27.21,0.23,0.33,0.0,0.0,True,5,30,16,7,3,0.0,0.0,0.0,0.0,0,1,0
2026-07-16 05:45:00,0.0,0.0,0.0,0.0,0.0,0.0,0.0,0.0,0.0,26.23,26.26,0.28,0.37,0.0,0.0,True,5,45,16,7,3,0.0,0.0,0.0,0.0,0,1,0
2026-07-16 06:00:00,0.0,0.0,0.0,0.0,0.0,0.0,0.0,0.0,0.0,26.63,26.75,0.58,0.43,0.0,0.0,True,6,0,16,7,3,0.0,0.0,0.0,0.0,0,1,0
2026-07-16 06:15:00,0.0,0.0,0.0,0.0,0.0,1.8,1.88,2.26,2.35,26.67,26.6,2.95,2.18,0.0,0.0,True,6,15,16,7,3,0.0,0.0,0.0,0.0,0,1,0
2026-07-16 06:30:00,16.37,4.95,5.12,4.97,5.14,6.58,6.82,6.59,6.83,26.67,26.5,3.51,2.99,0.0,42.72,True,6,30,16,7,3,0.0,0.0,5.456666666666667,9.451223906634175,0,1,0
2026-07-16 06:45:00,33.31,12.41,12.83,12.43,12.84,12.28,12.69,12.19,12.6,26.61,26.41,4.91,4.03,0.01,61.99,True,6,45,16,7,3,16.37,0.0,16.560000000000002,16.655812799140126,0,1,0
2026-07-16 07:00:00,84.58,25.51,26.32,25.65,26.46,24.91,25.71,24.72,25.5,26.92,26.82,9.67,8.97,0.01,80.09,True,7,0,16,7,3,33.31,16.37,44.75333333333333,35.51567869734905,0,1,0
2026-07-16 07:15:00,214.56,58.1,59.83,57.69,59.41,59.46,61.24,58.31,60.05,27.09,27.03,21.78,20.0,0.03,90.29,True,7,15,16,7,3,84.58,33.31,110.81666666666666,93.4299878697056,0,1,0
2026-07-16 07:30:00,204.89,52.07,53.65,55.91,57.58,50.98,52.52,53.54,55.14,27.59,27.62,22.77,20.01,0.05,82.62,True,7,30,16,7,3,214.56,84.58,168.01,72.41409324157834,1,1,0
2026-07-16 07:45:00,224.49,59.81,61.63,61.72,63.59,58.62,60.41,59.05,60.85,26.78,26.88,24.22,22.91,0.08,84.84,True,7,45,16,7,3,204.89,214.56,214.64666666666668,9.8002874107516,1,1,0
2026-07-16 08:00:00,472.21,123.44,126.03,124.49,127.09,124.42,127.03,122.51,125.09,26.71,26.61,49.35,49.59,0.13,87.55,True,8,0,16,7,3,224.49,204.89,300.53,149.0018684446608,1,1,0
2026-07-16 08:15:00,1054.27,275.18,279.75,280.4,285.84,270.79,276.04,269.38,274.61,28.07,28.34,108.36,108.87,0.23,89.51,True,8,15,16,7,3,472.21,224.49,583.6566666666666,425.9682872390072,1,1,0
2026-07-16 08:30:00,1832.58,460.84,468.42,475.34,483.34,460.67,468.47,461.85,469.67,30.02,30.41,185.92,185.2,0.43,91.4,True,8,30,16,7,3,1054.27,472.21,1119.6866666666665,682.5402108545204,1,1,0
2026-07-16 08:45:00,2433.14,606.66,617.24,633.83,644.2,601.73,611.64,609.23,619.24,31.91,32.03,255.26,252.01,0.67,89.08,True,8,45,16,7,3,1832.58,1054.27,1773.33,691.3418409875101,1,1,0
2026-07-16 09:00:00,2483.24,616.11,626.87,643.46,654.04,613.53,623.67,621.21,631.46,35.92,36.38,268.71,264.1,0.93,87.81,True,9,0,16,7,3,2433.14,1832.58,2249.653333333333,362.06370507596137,1,1,0
2026-07-16 09:15:00,2476.27,605.94,616.52,630.59,640.91,611.42,621.46,620.17,630.35,36.6,36.83,268.88,264.45,1.19,87.76,True,9,15,16,7,3,2483.24,2433.14,2464.2166666666667,27.13788188737004,1,1,0
2026-07-16 09:30:00,2276.99,562.64,572.26,584.23,593.88,563.59,572.89,570.28,579.7,36.29,36.62,241.5,236.41,1.43,89.73,True,9,30,16,7,3,2476.27,2483.24,2412.1666666666665,117.11828906423106,1,1,0
2026-07-16 09:45:00,2192.81,536.47,545.55,554.98,564.14,544.86,553.85,550.27,559.35,36.26,36.58,227.86,224.97,1.65,91.57,True,9,45,16,7,3,2276.99,2476.27,2315.3566666666666,145.5726407445185,1,1,0
2026-07-16 10:00:00,2064.13,511.67,520.25,530.25,538.99,512.38,520.83,517.78,526.31,35.61,35.62,209.61,206.67,1.88,93.45,True,10,0,16,7,3,2192.81,2276.99,2177.9766666666665,107.20245208637911,1,1,0
2026-07-16 10:15:00,2165.99,534.12,543.16,556.0,565.17,532.58,541.37,541.69,550.62,35.03,34.94,219.35,215.82,2.09,93.48,True,10,15,16,7,3,2064.13,2192.81,2140.976666666667,67.88877472257374,1,1,0
2026-07-16 10:30:00,2296.05,578.04,588.03,600.56,610.41,567.9,577.26,575.58,585.05,35.91,36.05,228.9,226.96,2.33,95.31,True,10,30,16,7,3,2165.99,2064.13,2175.39,116.24539388723807,1,1,0
2026-07-16 10:45:00,2619.29,638.44,649.74,663.05,673.85,648.53,659.13,656.16,666.87,37.57,37.76,270.64,269.01,2.6,92.6,True,10,45,16,7,3,2296.05,2165.99,2360.443333333333,233.40972244817223,1,1,0
2026-07-16 11:00:00,3077.33,778.72,793.65,807.97,821.12,768.09,780.58,774.29,786.88,38.27,38.46,313.01,311.42,2.92,94.35,True,11,0,16,7,3,2619.29,2296.05,2664.2233333333334,392.5733854113562,1,1,0
2026-07-16 11:15:00,4094.26,1029.88,1051.88,1071.68,1089.83,996.02,1012.63,1024.05,1041.23,40.01,40.05,418.55,414.34,3.35,94.57,True,11,15,16,7,3,3077.33,2619.29,3263.626666666667,754.9264608114714,1,1,0
2026-07-16 11:30:00,5347.93,1314.65,1344.93,1388.3,1413.59,1322.87,1346.58,1341.18,1365.32,43.05,43.29,569.63,564.64,3.9,91.95,True,11,30,16,7,3,4094.26,3077.33,4173.173333333333,1137.3550789587807,1,1,0
2026-07-16 11:45:00,4570.48,1116.55,1141.15,1162.76,1182.78,1135.03,1154.47,1146.3,1165.98,44.87,45.09,499.69,496.68,4.38,90.29,True,11,45,16,7,3,5347.93,4094.26,4670.89,632.8378491367291,1,1,0
2026-07-16 12:00:00,4964.59,1229.18,1257.19,1270.83,1293.28,1242.46,1264.28,1256.12,1278.24,43.88,43.88,538.27,538.1,4.88,90.66,True,12,0,16,7,3,4570.48,5347.93,4961.0,388.73743285153574,1,0,1
2026-07-16 12:15:00,4900.03,1187.94,1214.77,1243.13,1264.97,1223.89,1245.27,1230.59,1252.13,45.08,44.84,534.77,531.43,5.4,90.53,True,12,15,16,7,3,4964.59,4570.48,4811.7,211.38191668163478,1,0,1
2026-07-16 12:30:00,4789.12,1164.1,1190.21,1202.0,1222.86,1209.17,1230.19,1210.49,1231.54,45.32,45.49,520.07,516.53,5.9,91.08,True,12,30,16,7,3,4900.03,4964.59,4884.58,88.74940619520612,1,0,1
2026-07-16 12:45:00,3695.46,891.29,909.27,933.82,949.22,908.66,923.57,922.41,937.59,43.55,43.5,398.5,390.33,6.29,91.02,True,12,45,16,7,3,4789.12,4900.03,4461.536666666667,665.7554742045567,1,0,1
2026-07-16 13:00:00,2728.78,663.52,675.43,693.75,705.0,669.94,680.83,680.91,691.96,39.33,39.16,283.31,275.9,6.57,92.84,True,13,0,16,7,3,3695.46,4789.12,3737.786666666667,1030.8219482206093,1,0,1
2026-07-16 13:15:00,2558.93,633.78,644.93,662.28,673.1,630.83,641.22,640.54,651.06,38.34,38.35,257.8,252.47,6.84,95.28,True,13,15,16,7,3,2728.78,3695.46,2994.39,613.0551478456061,1,0,1
2026-07-16 13:30:00,2631.32,655.29,666.96,682.08,693.14,650.41,661.06,658.96,669.73,37.64,37.62,265.13,260.75,7.11,94.98,True,13,30,16,7,3,2558.93,2728.78,2639.6766666666667,85.23280491295999,1,0,1
2026-07-16 13:45:00,3108.65,778.05,792.86,813.37,826.46,765.47,777.74,778.9,791.39,39.08,39.19,314.11,309.43,7.43,95.3,True,13,45,16,7,3,2631.32,2558.93,2766.2999999999997,298.68498438990474,1,0,1
2026-07-16 14:00:00,3675.48,914.24,932.86,955.35,971.15,908.35,923.24,922.46,937.63,40.92,41.1,380.68,377.03,7.82,93.7,True,14,0,16,7,3,3108.65,2631.32,3138.4833333333336,522.7188988675766,1,0,1
2026-07-16 14:15:00,3670.66,900.64,918.86,932.02,947.37,922.32,937.48,927.28,942.54,42.14,42.56,389.29,389.07,8.2,91.99,True,14,15,16,7,3,3675.48,3108.65,3484.9300000000003,325.8769505503563,1,0,1
2026-07-16 14:30:00,3409.2,829.28,845.47,851.23,865.03,864.8,878.85,861.38,875.37,42.01,42.14,361.95,362.64,8.55,91.84,True,14,30,16,7,3,3670.66,3675.48,3585.1133333333332,152.36447661227703,1,0,1
2026-07-16 14:45:00,3244.42,800.18,815.58,823.76,837.03,815.5,828.62,819.67,832.87,41.71,41.69,341.45,342.3,8.89,92.52,True,14,45,16,7,3,3409.2,3670.66,3441.4266666666667,214.93964951430596,1,0,1
2026-07-16 15:00:00,3063.85,751.78,765.89,779.16,791.64,754.94,767.04,768.19,780.49,41.08,41.15,323.25,321.12,9.22,92.05,True,15,0,16,7,3,3244.42,3409.2,3239.156666666667,172.7351517014768,1,0,1
2026-07-16 15:15:00,2826.78,693.64,706.26,722.56,734.14,697.27,708.52,707.33,718.72,39.9,39.87,298.69,293.53,9.51,91.45,True,15,15,16,7,3,3063.85,3244.42,3045.0166666666664,209.45599354836267,1,0,1
2026-07-16 15:30:00,2520.12,622.18,633.08,647.32,657.93,619.47,629.68,630.36,640.73,39.42,39.57,262.55,256.98,9.77,92.56,True,15,30,16,7,3,2826.78,3063.85,2803.5833333333335,272.6062035855589,1,0,1
2026-07-16 15:45:00,2447.11,603.36,613.84,625.86,636.17,603.16,613.13,612.62,622.74,39.35,39.7,256.24,251.02,10.03,92.06,True,15,45,16,7,3,2520.12,2826.78,2598.0033333333336,201.4613795081597,1,0,1
2026-07-16 16:00:00,1502.33,99.03,100.62,70.41,71.66,93.81,95.43,95.12,96.77,38.78,38.97,195.69,187.78,10.06,73.83,True,16,0,16,7,3,2447.11,2520.12,2156.52,567.72002968012,1,0,1
2026-07-16 16:15:00,1228.67,299.24,304.15,308.49,314.29,303.66,309.38,307.47,313.25,37.58,37.79,131.77,128.97,10.18,89.22,True,16,15,16,7,3,1502.33,2447.11,1726.0366666666669,639.282811385797,1,0,1
2026-07-16 16:30:00,1076.67,269.84,274.29,274.69,279.97,271.25,276.48,271.81,277.04,35.64,35.72,111.15,111.88,10.29,91.93,True,16,30,16,7,3,1228.67,1502.33,1269.2233333333334,215.7082254651573,1,0,1
2026-07-16 16:45:00,1288.37,320.29,325.55,326.46,332.53,326.67,332.75,325.69,331.74,35.64,35.87,134.12,136.28,10.43,91.17,True,16,45,16,7,3,1076.67,1228.67,1197.9033333333334,109.15201937356431,1,0,1
2026-07-16 17:00:00,1318.77,328.81,334.18,337.71,343.93,330.77,336.9,332.68,338.84,35.95,36.26,139.74,140.0,10.56,89.68,True,17,0,16,7,3,1288.37,1076.67,1227.9366666666667,131.87965473615344,1,0,1
2026-07-16 17:15:00,1133.87,275.03,279.58,282.85,288.3,282.55,288.0,284.78,290.25,35.78,36.2,126.02,125.21,10.69,85.44,True,17,15,16,7,3,1318.77,1288.37,1247.0033333333333,99.14839047270061,1,0,1
2026-07-16 17:30:00,644.93,156.87,159.8,162.05,166.42,160.45,164.8,162.67,167.04,34.55,35.02,72.25,71.61,10.75,84.33,True,17,30,16,7,3,1133.87,1318.77,1032.5233333333333,348.1643958438695,1,0,1
2026-07-16 17:45:00,350.71,87.31,89.55,88.85,91.62,88.65,91.41,89.78,92.57,32.79,33.2,39.58,39.45,10.79,83.11,True,17,45,16,7,3,644.93,1133.87,709.8366666666666,395.5939242876791,1,0,1
2026-07-16 18:00:00,181.99,47.62,49.1,47.44,48.96,47.37,48.89,47.76,49.29,32.14,32.42,21.63,22.24,10.81,78.68,True,18,0,16,7,3,350.71,644.93,392.5433333333333,234.28803156227474,1,0,1
2026-07-16 18:15:00,120.3,33.58,34.63,32.36,33.42,32.71,33.78,32.66,33.73,30.75,30.92,15.08,15.74,10.82,74.19,True,18,15,16,7,3,181.99,350.71,217.66666666666666,119.27619390861341,0,0,1
2026-07-16 18:30:00,63.48,19.51,20.15,18.19,18.82,18.86,19.52,18.96,19.62,30.19,30.27,9.9,10.24,10.83,59.52,True,18,30,16,7,3,120.3,181.99,121.92333333333333,59.27167479770573,0,0,1
2026-07-16 18:45:00,14.52,4.79,4.97,4.45,4.63,4.47,4.67,4.44,4.63,29.81,29.8,3.04,3.01,10.83,36.68,True,18,45,16,7,3,63.48,120.3,66.1,52.9386475081443,0,0,1
2026-07-16 19:00:00,0.0,0.0,0.0,0.0,0.0,0.0,0.0,0.0,0.0,29.3,29.39,0.17,0.3,10.83,0.0,True,19,0,16,7,3,14.52,63.48,26.0,33.26064340916275,0,0,1
2026-07-16 19:15:00,0.0,0.0,0.0,0.0,0.0,0.0,0.0,0.0,0.0,29.4,29.26,0.17,0.31,10.83,0.0,True,19,15,16,7,3,0.0,14.52,4.84,8.383125908123091,0,0,1
2026-07-16 19:30:00,0.0,0.0,0.0,0.0,0.0,0.0,0.0,0.0,0.0,29.04,29.02,0.18,0.33,10.83,0.0,True,19,30,16,7,3,0.0,0.0,0.0,0.0,0,0,1
2026-07-16 19:45:00,0.0,0.0,0.0,0.0,0.0,0.0,0.0,0.0,0.0,28.66,28.71,0.24,0.34,10.83,0.0,True,19,45,16,7,3,0.0,0.0,0.0,0.0,0,0,1
2026-07-16 20:00:00,0.0,0.0,0.0,0.0,0.0,0.0,0.0,0.0,0.0,28.79,28.92,0.2,0.35,10.83,0.0,True,20,0,16,7,3,0.0,0.0,0.0,0.0,0,0,1
2026-07-16 20:15:00,0.0,0.0,0.0,0.0,0.0,0.0,0.0,0.0,0.0,28.61,28.68,0.2,0.33,10.83,0.0,True,20,15,16,7,3,0.0,0.0,0.0,0.0,0,0,1
2026-07-16 20:30:00,0.0,0.0,0.0,0.0,0.0,0.0,0.0,0.0,0.0,28.19,28.13,0.28,0.37,10.83,0.0,True,20,30,16,7,3,0.0,0.0,0.0,0.0,0,0,1
2026-07-16 20:45:00,0.0,0.0,0.0,0.0,0.0,0.0,0.0,0.0,0.0,28.9,29.0,0.23,0.37,10.83,0.0,True,20,45,16,7,3,0.0,0.0,0.0,0.0,0,0,1
2026-07-16 21:00:00,0.0,0.0,0.0,0.0,0.0,0.0,0.0,0.0,0.0,28.62,28.64,0.31,0.39,10.83,0.0,True,21,0,16,7,3,0.0,0.0,0.0,0.0,0,0,1
2026-07-16 21:15:00,0.0,0.0,0.0,0.0,0.0,0.0,0.0,0.0,0.0,28.47,28.86,0.33,0.37,10.83,0.0,True,21,15,16,7,3,0.0,0.0,0.0,0.0,0,0,1
2026-07-16 21:30:00,0.0,0.0,0.0,0.0,0.0,0.0,0.0,0.0,0.0,28.44,28.59,0.3,0.4,10.83,0.0,True,21,30,16,7,3,0.0,0.0,0.0,0.0,0,0,1
2026-07-16 21:45:00,0.0,0.0,0.0,0.0,0.0,0.0,0.0,0.0,0.0,28.35,27.81,0.33,0.35,10.83,0.0,True,21,45,16,7,3,0.0,0.0,0.0,0.0,0,0,1
2026-07-16 22:00:00,0.0,0.0,0.0,0.0,0.0,0.0,0.0,0.0,0.0,28.19,28.2,0.28,0.38,10.83,0.0,True,22,0,16,7,3,0.0,0.0,0.0,0.0,0,0,1
2026-07-16 22:15:00,0.0,0.0,0.0,0.0,0.0,0.0,0.0,0.0,0.0,28.04,28.19,0.3,0.39,10.83,0.0,True,22,15,16,7,3,0.0,0.0,0.0,0.0,0,0,1
2026-07-16 22:30:00,0.0,0.0,0.0,0.0,0.0,0.0,0.0,0.0,0.0,28.35,28.0,0.28,0.38,10.83,0.0,True,22,30,16,7,3,0.0,0.0,0.0,0.0,0,0,1
2026-07-16 22:45:00,0.0,0.0,0.0,0.0,0.0,0.0,0.0,0.0,0.0,28.28,28.2,0.26,0.39,10.83,0.0,True,22,45,16,7,3,0.0,0.0,0.0,0.0,0,0,1
2026-07-16 23:00:00,0.0,0.0,0.0,0.0,0.0,0.0,0.0,0.0,0.0,28.36,28.19,0.22,0.35,10.83,0.0,True,23,0,16,7,3,0.0,0.0,0.0,0.0,0,0,1
2026-07-16 23:15:00,0.0,0.0,0.0,0.0,0.0,0.0,0.0,0.0,0.0,28.24,28.21,0.25,0.37,10.83,0.0,True,23,15,16,7,3,0.0,0.0,0.0,0.0,0,0,1
2026-07-16 23:30:00,0.0,0.0,0.0,0.0,0.0,0.0,0.0,0.0,0.0,28.31,28.11,0.3,0.39,10.83,0.0,True,23,30,16,7,3,0.0,0.0,0.0,0.0,0,0,1
2026-07-16 23:45:00,0.0,0.0,0.0,0.0,0.0,0.0,0.0,0.0,0.0,28.35,28.3,0.29,0.39,10.83,0.0,True,23,45,16,7,3,0.0,0.0,0.0,0.0,0,0,1
2026-07-17 00:15:00,0.0,0.0,0.0,0.0,0.0,0.0,0.0,0.0,0.0,28.53,28.5,0.25,0.38,0.0,0.0,True,0,15,17,7,4,0.0,0.0,0.0,0.0,0,1,0
2026-07-17 00:30:00,0.0,0.0,0.0,0.0,0.0,0.0,0.0,0.0,0.0,28.92,28.89,0.31,0.39,0.0,0.0,True,0,30,17,7,4,0.0,0.0,0.0,0.0,0,1,0
2026-07-17 00:45:00,0.0,0.0,0.0,0.0,0.0,0.0,0.0,0.0,0.0,28.72,28.7,0.23,0.36,0.0,0.0,True,0,45,17,7,4,0.0,0.0,0.0,0.0,0,1,0
2026-07-17 01:00:00,0.0,0.0,0.0,0.0,0.0,0.0,0.0,0.0,0.0,28.9,28.9,0.2,0.35,0.0,0.0,True,1,0,17,7,4,0.0,0.0,0.0,0.0,0,1,0
2026-07-17 01:15:00,0.0,0.0,0.0,0.0,0.0,0.0,0.0,0.0,0.0,28.83,28.87,0.27,0.38,0.0,0.0,True,1,15,17,7,4,0.0,0.0,0.0,0.0,0,1,0
2026-07-17 01:30:00,0.0,0.0,0.0,0.0,0.0,0.0,0.0,0.0,0.0,28.36,28.38,0.31,0.38,0.0,0.0,True,1,30,17,7,4,0.0,0.0,0.0,0.0,0,1,0
2026-07-17 01:45:00,0.0,0.0,0.0,0.0,0.0,0.0,0.0,0.0,0.0,27.95,27.88,0.24,0.34,0.0,0.0,True,1,45,17,7,4,0.0,0.0,0.0,0.0,0,1,0
2026-07-17 02:00:00,0.0,0.0,0.0,0.0,0.0,0.0,0.0,0.0,0.0,28.33,28.36,0.21,0.33,0.0,0.0,True,2,0,17,7,4,0.0,0.0,0.0,0.0,0,1,0
2026-07-17 02:15:00,0.0,0.0,0.0,0.0,0.0,0.0,0.0,0.0,0.0,28.65,28.73,0.25,0.37,0.0,0.0,True,2,15,17,7,4,0.0,0.0,0.0,0.0,0,1,0
2026-07-17 02:30:00,0.0,0.0,0.0,0.0,0.0,0.0,0.0,0.0,0.0,28.42,28.49,0.28,0.38,0.0,0.0,True,2,30,17,7,4,0.0,0.0,0.0,0.0,0,1,0
2026-07-17 02:45:00,0.0,0.0,0.0,0.0,0.0,0.0,0.0,0.0,0.0,27.99,27.96,0.29,0.37,0.0,0.0,True,2,45,17,7,4,0.0,0.0,0.0,0.0,0,1,0
2026-07-17 03:00:00,0.0,0.0,0.0,0.0,0.0,0.0,0.0,0.0,0.0,28.28,28.37,0.23,0.37,0.0,0.0,True,3,0,17,7,4,0.0,0.0,0.0,0.0,0,1,0
2026-07-17 03:15:00,0.0,0.0,0.0,0.0,0.0,0.0,0.0,0.0,0.0,28.05,28.02,0.33,0.38,0.0,0.0,True,3,15,17,7,4,0.0,0.0,0.0,0.0,0,1,0
2026-07-17 03:30:00,0.0,0.0,0.0,0.0,0.0,0.0,0.0,0.0,0.0,27.68,27.67,0.32,0.37,0.0,0.0,True,3,30,17,7,4,0.0,0.0,0.0,0.0,0,1,0
2026-07-17 03:45:00,0.0,0.0,0.0,0.0,0.0,0.0,0.0,0.0,0.0,27.2,27.19,0.27,0.37,0.0,0.0,True,3,45,17,7,4,0.0,0.0,0.0,0.0,0,1,0
2026-07-17 04:00:00,0.0,0.0,0.0,0.0,0.0,0.0,0.0,0.0,0.0,26.88,26.92,0.22,0.36,0.0,0.0,True,4,0,17,7,4,0.0,0.0,0.0,0.0,0,1,0
2026-07-17 04:15:00,0.0,0.0,0.0,0.0,0.0,0.0,0.0,0.0,0.0,27.03,27.07,0.2,0.34,0.0,0.0,True,4,15,17,7,4,0.0,0.0,0.0,0.0,0,1,0
2026-07-17 04:30:00,0.0,0.0,0.0,0.0,0.0,0.0,0.0,0.0,0.0,26.84,26.96,0.35,0.41,0.0,0.0,True,4,30,17,7,4,0.0,0.0,0.0,0.0,0,1,0
2026-07-17 04:45:00,0.0,0.0,0.0,0.0,0.0,0.0,0.0,0.0,0.0,26.41,26.3,0.29,0.38,0.0,0.0,True,4,45,17,7,4,0.0,0.0,0.0,0.0,0,1,0
2026-07-17 05:00:00,0.0,0.0,0.0,0.0,0.0,0.0,0.0,0.0,0.0,26.74,26.93,0.45,0.43,0.0,0.0,True,5,0,17,7,4,0.0,0.0,0.0,0.0,0,1,0
2026-07-17 05:15:00,0.0,0.0,0.0,0.0,0.0,0.0,0.0,0.0,0.0,26.55,26.41,0.78,0.4,0.0,0.0,True,5,15,17,7,4,0.0,0.0,0.0,0.0,0,1,0
2026-07-17 05:30:00,0.0,0.0,0.0,0.0,0.0,0.0,0.0,0.0,0.0,26.75,26.77,0.44,0.45,0.0,0.0,True,5,30,17,7,4,0.0,0.0,0.0,0.0,0,1,0
2026-07-17 05:45:00,0.0,0.0,0.0,0.0,0.0,0.0,0.0,0.0,0.0,26.17,25.99,0.7,0.4,0.0,0.0,True,5,45,17,7,4,0.0,0.0,0.0,0.0,0,1,0
2026-07-17 06:00:00,0.0,0.0,0.0,0.0,0.0,0.0,0.0,0.0,0.0,26.66,26.59,3.94,3.15,0.0,0.0,True,6,0,17,7,4,0.0,0.0,0.0,0.0,0,1,0
2026-07-17 06:15:00,0.0,0.0,0.0,0.0,0.0,0.0,0.0,0.0,0.0,27.64,27.42,13.17,12.19,0.0,0.0,True,6,15,17,7,4,0.0,0.0,0.0,0.0,0,1,0
2026-07-17 06:30:00,46.45,0.0,0.0,0.0,0.0,51.82,53.4,0.0,0.0,28.32,28.61,28.15,26.76,0.0,15.2,True,6,30,17,7,4,0.0,0.0,15.483333333333334,26.81792000385812,1,1,0
2026-07-17 06:45:00,84.33,25.79,26.52,0.0,0.0,71.83,73.91,0.0,0.0,28.92,29.05,34.46,32.56,0.01,22.59,True,6,45,17,7,4,46.45,0.0,43.593333333333334,42.23751452599139,1,1,0
2026-07-17 07:00:00,248.89,89.58,91.89,82.33,84.37,87.43,89.72,0.0,0.0,29.13,29.22,40.01,37.87,0.04,57.47,True,7,0,17,7,4,84.33,46.45,126.55666666666666,107.62344973718939,1,1,0
2026-07-17 07:15:00,287.22,92.12,94.44,96.56,98.91,88.9,91.19,20.0,20.57,28.9,28.97,40.82,38.39,0.06,64.96,True,7,15,17,7,4,248.89,84.33,206.81333333333336,107.7911055390626,1,1,0
2026-07-17 07:30:00,240.69,62.27,64.18,64.88,66.85,61.43,63.31,62.7,64.62,27.34,27.37,24.01,22.29,0.09,91.96,True,7,30,17,7,4,287.22,248.89,258.93333333333334,24.83770587903251,1,1,0
2026-07-17 07:45:00,389.8,97.5,99.81,97.84,100.15,102.65,105.01,101.36,103.71,26.85,26.85,38.63,37.69,0.13,92.37,True,7,45,17,7,4,240.69,287.22,305.90333333333336,76.29055140273478,1,1,0
2026-07-17 08:00:00,721.33,179.64,182.9,181.27,184.95,181.65,184.93,184.19,187.51,27.41,27.71,70.52,69.91,0.21,93.85,True,8,0,17,7,4,389.8,240.69,450.6066666666666,246.0219307975069,1,1,0
2026-07-17 08:15:00,761.29,192.43,195.87,199.5,204.28,185.22,189.65,192.06,196.56,27.75,27.89,75.33,74.39,0.29,92.85,True,8,15,17,7,4,721.33,389.8,624.14,203.9255430298026,1,1,0
2026-07-17 08:30:00,826.21,205.93,209.54,209.51,214.35,207.46,212.29,209.33,214.17,27.11,27.19,81.83,81.3,0.37,92.53,True,8,30,17,7,4,761.29,721.33,769.61,52.93269688953928,1,1,0
2026-07-17 08:45:00,1039.15,259.93,264.26,267.53,272.78,256.27,261.42,260.27,265.47,27.84,27.94,107.78,106.87,0.48,88.62,True,8,45,17,7,4,826.21,761.29,875.5500000000001,145.35257686054214,1,1,0
2026-07-17 09:00:00,1014.86,252.18,256.37,254.21,259.26,259.44,264.52,257.87,262.93,27.77,27.87,103.56,103.43,0.58,90.05,True,9,0,17,7,4,1039.15,826.21,960.0733333333334,116.56348070186088,1,1,0
2026-07-17 09:15:00,1504.17,370.63,376.64,373.4,380.1,383.44,390.27,380.4,387.19,28.85,28.9,160.02,160.33,0.73,86.75,True,9,15,17,7,4,1014.86,1039.15,1186.0600000000002,275.7589166282746,1,1,0
2026-07-17 09:30:00,1699.78,419.71,426.51,430.24,437.68,426.22,433.61,427.48,434.88,30.89,30.94,176.7,175.4,0.91,89.52,True,9,30,17,7,4,1504.17,1014.86,1406.2700000000002,352.7990350043486,1,1,0
2026-07-17 09:45:00,2682.82,659.44,671.3,656.6,667.26,696.54,707.79,683.55,694.61,33.53,33.97,281.12,280.09,1.19,89.78,True,9,45,17,7,4,1699.78,1504.17,1962.256666666667,631.6442480014622,1,1,0
2026-07-17 10:00:00,3509.06,868.76,886.07,887.04,901.52,880.27,894.62,886.92,901.39,36.25,36.48,364.96,360.04,1.55,91.49,True,10,0,17,7,4,2682.82,1699.78,2630.5533333333333,905.7717057478294,1,1,0
2026-07-17 10:15:00,2739.65,680.52,692.9,702.97,714.41,672.19,683.14,686.35,697.54,37.31,37.86,291.13,285.57,1.85,89.94,True,10,15,17,7,4,3509.06,2682.82,2977.1766666666667,461.5000784759765,1,1,0
2026-07-17 10:30:00,3224.03,800.51,815.97,817.41,830.66,807.76,820.8,815.08,828.26,36.61,37.32,326.62,322.85,2.18,94.06,True,10,30,17,7,4,2739.65,3509.06,3157.58,388.98539676959496,1,1,0
2026-07-17 10:45:00,2606.22,647.59,659.17,670.6,681.5,638.0,648.39,652.08,662.69,36.92,37.56,264.95,259.66,2.45,93.86,True,10,45,17,7,4,3224.03,2739.65,2856.633333333333,325.09402368135386,1,1,0
2026-07-17 11:00:00,2345.99,580.41,590.44,588.05,597.72,588.03,597.69,590.66,600.36,35.56,36.0,237.58,235.33,2.7,93.69,True,11,0,17,7,4,2606.22,3224.03,2725.4133333333334,450.9920713641569,1,1,0
2026-07-17 11:15:00,3757.15,932.24,951.41,964.97,981.01,925.41,940.66,942.61,958.19,37.12,37.65,382.71,379.17,3.07,93.75,True,11,15,17,7,4,2345.99,2606.22,2903.1199999999994,750.9696025139763,1,1,0
2026-07-17 11:30:00,4490.37,1112.92,1137.42,1157.02,1176.94,1104.63,1123.45,1130.96,1150.33,39.83,40.57,464.51,461.89,3.55,93.38,True,11,30,17,7,4,3757.15,2345.99,3531.1699999999996,1089.9044070009074,1,1,0
2026-07-17 11:45:00,5351.25,1313.44,1343.7,1389.46,1414.79,1315.43,1338.95,1349.26,1373.6,42.1,43.06,562.86,558.51,4.1,92.73,True,11,45,17,7,4,4490.37,3757.15,4532.923333333333,797.9014927504107,1,1,0
2026-07-17 12:00:00,5595.77,1346.79,1377.87,1485.61,1513.41,1369.99,1394.84,1415.71,1441.71,44.88,45.84,606.76,602.43,4.69,91.04,True,12,0,17,7,4,5351.25,4490.37,5145.796666666666,580.6337865930079,1,0,1
2026-07-17 12:15:00,4312.28,1073.26,1096.55,1127.84,1147.14,1046.08,1063.71,1081.97,1100.32,43.6,44.66,453.24,453.03,5.14,93.4,True,12,15,17,7,4,5595.77,5351.25,5086.433333333333,681.4928798111794,1,0,1
2026-07-17 12:30:00,3942.33,972.97,993.31,1016.03,1033.06,973.89,990.08,990.88,1007.41,40.6,41.33,406.53,409.62,5.54,93.98,True,12,30,17,7,4,4312.28,5595.77,4616.793333333333,867.7627763584545,1,0,1
2026-07-17 12:45:00,4466.77,1101.48,1125.67,1149.35,1169.11,1104.11,1122.93,1120.53,1139.69,42.82,43.72,467.58,467.22,6.01,93.47,True,12,45,17,7,4,3942.33,4312.28,4240.46,269.4956636014728,1,0,1
2026-07-17 13:00:00,4701.75,1163.33,1189.32,1212.9,1234.12,1151.92,1171.78,1182.23,1202.77,43.02,43.85,491.64,489.91,6.5,93.65,True,13,0,17,7,4,4466.77,3942.33,4370.283333333333,388.79550117424424,1,0,1
2026-07-17 13:15:00,3363.76,834.6,851.0,865.9,880.02,832.92,846.41,844.61,858.32,42.42,43.25,348.36,348.49,6.85,94.31,True,13,15,17,7,4,4701.75,4466.77,4177.426666666667,714.383638833737,1,0,1
2026-07-17 13:30:00,2873.74,710.2,723.23,729.37,741.05,722.35,733.94,725.03,736.65,40.26,40.91,297.61,300.93,7.15,93.45,True,13,30,17,7,4,3363.76,4701.75,3646.4166666666665,946.2168004391649,1,0,1
2026-07-17 13:45:00,3297.25,813.04,828.78,833.6,847.06,832.89,846.33,834.19,847.66,39.29,40.02,342.57,346.6,7.5,92.76,True,13,45,17,7,4,2873.74,3363.76,3178.25,265.8019001060681,1,0,1
2026-07-17 14:00:00,3858.94,953.57,973.33,981.51,997.85,967.08,983.13,976.04,992.27,41.08,42.13,400.95,402.54,7.9,93.47,True,14,0,17,7,4,3297.25,2873.74,3343.3099999999995,494.2124064610241,1,0,1
2026-07-17 14:15:00,4513.84,1116.39,1140.98,1169.25,1189.52,1119.95,1139.14,1135.74,1155.26,43.31,43.89,476.88,473.37,8.36,92.81,True,14,15,17,7,4,3858.94,3297.25,3890.0099999999998,608.889822299566,1,0,1
2026-07-17 14:30:00,5201.12,1277.09,1306.34,1392.46,1417.93,1268.48,1290.9,1277.22,1299.84,45.69,46.39,551.61,548.08,8.91,93.41,True,14,30,17,7,4,4513.84,3858.94,4524.633333333332,671.1550939487317,1,0,1
2026-07-17 14:45:00,4351.23,1082.9,1106.5,1139.84,1159.41,1054.63,1072.43,1085.2,1103.64,46.44,47.19,470.33,467.79,9.37,91.95,True,14,45,17,7,4,5201.12,4513.84,4688.73,451.1298450557199,1,0,1
2026-07-17 15:00:00,4538.84,1104.56,1128.71,1111.75,1131.04,1172.22,1192.87,1156.29,1176.57,44.72,45.04,480.72,480.68,9.84,93.14,True,15,0,17,7,4,4351.23,5201.12,4697.063333333333,446.49100823345947,1,0,1
2026-07-17 15:15:00,3021.82,736.91,750.79,749.92,762.13,773.19,785.75,764.87,777.31,41.94,42.09,327.97,327.04,10.16,89.81,True,15,15,17,7,4,4538.84,4351.23,3970.6299999999997,827.030646409186,1,0,1
2026-07-17 15:30:00,2577.01,639.17,650.52,658.06,668.77,639.55,649.99,646.16,656.69,38.67,38.73,268.26,264.42,10.42,92.34,True,15,30,17,7,4,3021.82,4538.84,3379.223333333333,1028.589857150715,1,0,1
2026-07-17 15:45:00,2520.23,624.38,635.37,639.28,649.74,634.47,644.84,635.65,646.05,37.84,37.87,261.66,258.58,10.68,92.26,True,15,45,17,7,4,2577.01,3021.82,2706.353333333333,274.6732703291801,1,0,1
2026-07-17 16:00:00,1549.81,385.42,391.8,386.78,393.65,394.18,401.15,394.61,401.59,35.74,35.69,164.43,162.51,10.85,89.49,True,16,0,17,7,4,2520.23,2577.01,2215.6833333333325,577.3616406840047,1,0,1
2026-07-17 16:15:00,992.19,249.1,253.29,253.47,258.67,246.52,251.67,249.42,254.6,33.47,33.5,104.05,102.07,10.96,89.69,True,16,15,17,7,4,1549.81,2520.23,1687.4099999999992,773.257318361741,1,0,1
2026-07-17 16:30:00,704.97,177.29,180.53,179.38,184.01,177.94,182.56,178.47,183.1,31.23,31.21,73.19,71.33,11.03,89.76,True,16,30,17,7,4,992.19,1549.81,1082.3233333333328,429.57149548512,1,0,1
2026-07-17 16:45:00,661.79,165.8,168.87,166.17,170.67,169.06,173.59,167.88,172.39,30.87,31.06,69.51,68.68,11.1,88.59,True,16,45,17,7,4,704.97,992.19,786.316666666666,179.59398690747324,1,0,1
2026-07-17 17:00:00,699.31,174.72,177.92,174.54,179.12,179.03,183.66,177.67,182.28,30.28,30.29,74.08,73.97,11.18,87.62,True,17,0,17,7,4,661.79,704.97,688.6899999999993,23.467347527746494,1,0,1
2026-07-17 17:15:00,710.35,178.08,181.33,179.69,184.33,180.2,184.84,180.01,184.65,30.08,30.17,75.17,74.78,11.24,87.65,True,17,15,17,7,4,699.31,661.79,690.4833333333327,25.454880343882326,1,0,1
2026-07-17 17:30:00,689.23,172.8,175.97,176.31,180.89,172.83,177.38,173.61,178.16,30.88,30.97,73.25,72.61,11.32,87.56,True,17,30,17,7,4,710.35,699.31,699.6299999999993,10.563635737190873,1,0,1
2026-07-17 17:45:00,512.86,130.03,132.56,131.35,135.32,129.7,133.64,130.09,134.03,30.51,30.58,56.24,55.72,11.37,84.72,True,17,45,17,7,4,689.23,710.35,637.4799999999994,108.43948496736732,1,0,1
2026-07-17 18:00:00,411.85,105.3,107.71,106.35,109.64,103.65,106.86,104.5,107.74,30.36,30.47,46.72,46.29,11.42,81.87,True,18,0,17,7,4,512.86,689.23,537.9799999999994,140.38581445426604,1,0,1
2026-07-17 18:15:00,268.85,70.52,72.57,70.46,72.67,68.55,70.7,69.24,71.42,29.81,29.77,32.87,32.6,11.44,75.77,True,18,15,17,7,4,411.85,512.86,397.8533333333327,122.60566884659356,1,0,1
2026-07-17 18:30:00,128.88,36.29,37.43,35.4,36.55,34.15,35.27,34.46,35.59,29.26,29.32,18.21,17.92,11.46,65.42,True,18,30,17,7,4,268.85,411.85,269.8599999999994,141.4877037059648,0,0,1
2026-07-17 18:45:00,26.48,8.05,8.34,6.54,6.79,6.48,6.75,6.43,6.69,28.48,28.45,5.0,4.75,11.46,48.8,True,18,45,17,7,4,128.88,268.85,141.40333333333274,121.6693454955679,0,0,1
2026-07-17 19:00:00,0.0,0.02,0.03,0.0,0.0,0.02,0.02,0.01,0.01,27.92,27.95,0.34,0.38,11.46,0.0,True,19,0,17,7,4,26.48,128.88,51.78666666666606,68.06492586728952,0,0,1
2026-07-17 19:15:00,0.0,0.0,0.0,0.0,0.0,0.0,0.0,0.0,0.0,27.84,28.02,0.28,0.38,11.46,0.0,True,19,15,17,7,4,0.0,26.48,8.82666666666606,15.288235127688916,0,0,1
2026-07-17 19:30:00,0.0,0.0,0.0,0.0,0.0,0.0,0.0,0.0,0.0,27.39,27.37,0.21,0.35,11.46,0.0,True,19,30,17,7,4,0.0,0.0,0.0,0.0,0,0,1
2026-07-17 19:45:00,0.0,0.0,0.0,0.0,0.0,0.0,0.0,0.0,0.0,27.41,27.46,0.26,0.37,11.46,0.0,True,19,45,17,7,4,0.0,0.0,0.0,0.0,0,0,1
2026-07-17 20:00:00,0.0,0.0,0.0,0.0,0.0,0.0,0.0,0.0,0.0,27.11,27.21,0.34,0.41,11.46,0.0,True,20,0,17,7,4,0.0,0.0,0.0,0.0,0,0,1
2026-07-17 20:15:00,0.0,0.0,0.0,0.0,0.0,0.0,0.0,0.0,0.0,27.2,27.2,0.31,0.41,11.46,0.0,True,20,15,17,7,4,0.0,0.0,0.0,0.0,0,0,1
2026-07-17 20:30:00,0.0,0.0,0.0,0.0,0.0,0.0,0.0,0.0,0.0,26.9,26.98,0.32,0.42,11.46,0.0,True,20,30,17,7,4,0.0,0.0,0.0,0.0,0,0,1
2026-07-17 20:45:00,0.0,0.0,0.0,0.0,0.0,0.0,0.0,0.0,0.0,27.21,27.18,0.33,0.42,11.46,0.0,True,20,45,17,7,4,0.0,0.0,0.0,0.0,0,0,1
2026-07-17 21:00:00,0.0,0.0,0.0,0.0,0.0,0.0,0.0,0.0,0.0,27.02,27.0,0.26,0.38,11.46,0.0,True,21,0,17,7,4,0.0,0.0,0.0,0.0,0,0,1
2026-07-17 21:15:00,0.0,0.0,0.0,0.0,0.0,0.0,0.0,0.0,0.0,26.99,26.99,0.33,0.41,11.46,0.0,True,21,15,17,7,4,0.0,0.0,0.0,0.0,0,0,1
2026-07-17 21:30:00,0.0,0.0,0.0,0.0,0.0,0.0,0.0,0.0,0.0,27.17,27.15,0.39,0.44,11.46,0.0,True,21,30,17,7,4,0.0,0.0,0.0,0.0,0,0,1
2026-07-17 21:45:00,0.0,0.0,0.0,0.0,0.0,0.0,0.0,0.0,0.0,27.28,27.31,0.39,0.44,11.46,0.0,True,21,45,17,7,4,0.0,0.0,0.0,0.0,0,0,1
2026-07-17 22:00:00,0.0,0.0,0.0,0.0,0.0,0.0,0.0,0.0,0.0,27.09,27.14,0.2,0.35,11.46,0.0,True,22,0,17,7,4,0.0,0.0,0.0,0.0,0,0,1
2026-07-17 22:15:00,0.0,0.0,0.0,0.0,0.0,0.0,0.0,0.0,0.0,27.24,27.63,0.35,0.42,11.46,0.0,True,22,15,17,7,4,0.0,0.0,0.0,0.0,0,0,1
2026-07-17 22:30:00,0.0,0.0,0.0,0.0,0.0,0.0,0.0,0.0,0.0,26.79,26.91,0.31,0.41,11.46,0.0,True,22,30,17,7,4,0.0,0.0,0.0,0.0,0,0,1
2026-07-17 22:45:00,0.0,0.0,0.0,0.0,0.0,0.0,0.0,0.0,0.0,27.22,27.33,0.28,0.42,11.46,0.0,True,22,45,17,7,4,0.0,0.0,0.0,0.0,0,0,1
2026-07-17 23:00:00,0.0,0.0,0.0,0.0,0.0,0.0,0.0,0.0,0.0,27.17,27.19,0.34,0.43,11.46,0.0,True,23,0,17,7,4,0.0,0.0,0.0,0.0,0,0,1
2026-07-17 23:15:00,0.0,0.0,0.0,0.0,0.0,0.0,0.0,0.0,0.0,27.13,27.21,0.34,0.44,11.46,0.0,True,23,15,17,7,4,0.0,0.0,0.0,0.0,0,0,1
2026-07-17 23:30:00,0.0,0.0,0.0,0.0,0.0,0.0,0.0,0.0,0.0,26.84,26.87,0.34,0.43,11.46,0.0,True,23,30,17,7,4,0.0,0.0,0.0,0.0,0,0,1
2026-07-17 23:45:00,0.0,0.0,0.0,0.0,0.0,0.0,0.0,0.0,0.0,27.47,27.56,0.43,0.47,11.46,0.0,True,23,45,17,7,4,0.0,0.0,0.0,0.0,0,0,1
2026-07-18 00:15:00,0.0,0.0,0.0,0.0,0.0,0.0,0.0,0.0,0.0,26.66,26.67,0.34,0.43,0.0,0.0,True,0,15,18,7,5,0.0,0.0,0.0,0.0,0,1,0
2026-07-18 00:30:00,0.0,0.0,0.0,0.0,0.0,0.0,0.0,0.0,0.0,27.14,27.2,0.3,0.4,0.0,0.0,True,0,30,18,7,5,0.0,0.0,0.0,0.0,0,1,0
2026-07-18 00:45:00,0.0,0.0,0.0,0.0,0.0,0.0,0.0,0.0,0.0,26.78,26.79,0.34,0.42,0.0,0.0,True,0,45,18,7,5,0.0,0.0,0.0,0.0,0,1,0
2026-07-18 01:00:00,0.0,0.0,0.0,0.0,0.0,0.0,0.0,0.0,0.0,26.89,26.95,0.44,0.42,0.0,0.0,True,1,0,18,7,5,0.0,0.0,0.0,0.0,0,1,0
2026-07-18 01:15:00,0.0,0.0,0.0,0.0,0.0,0.0,0.0,0.0,0.0,26.97,27.01,0.3,0.39,0.0,0.0,True,1,15,18,7,5,0.0,0.0,0.0,0.0,0,1,0
2026-07-18 01:30:00,0.0,0.0,0.0,0.0,0.0,0.0,0.0,0.0,0.0,26.9,26.97,0.28,0.45,0.0,0.0,True,1,30,18,7,5,0.0,0.0,0.0,0.0,0,1,0
2026-07-18 01:45:00,0.0,0.0,0.0,0.0,0.0,0.0,0.0,0.0,0.0,26.77,26.84,0.29,0.43,0.0,0.0,True,1,45,18,7,5,0.0,0.0,0.0,0.0,0,1,0
2026-07-18 02:00:00,0.0,0.0,0.0,0.0,0.0,0.0,0.0,0.0,0.0,26.62,26.67,0.25,0.4,0.0,0.0,True,2,0,18,7,5,0.0,0.0,0.0,0.0,0,1,0
2026-07-18 02:15:00,0.0,0.0,0.0,0.0,0.0,0.0,0.0,0.0,0.0,26.65,26.72,0.39,0.49,0.0,0.0,True,2,15,18,7,5,0.0,0.0,0.0,0.0,0,1,0
2026-07-18 02:30:00,0.0,0.0,0.0,0.0,0.0,0.0,0.0,0.0,0.0,26.39,26.44,0.4,0.48,0.0,0.0,True,2,30,18,7,5,0.0,0.0,0.0,0.0,0,1,0
2026-07-18 02:45:00,0.0,0.0,0.0,0.0,0.0,0.0,0.0,0.0,0.0,26.66,26.7,0.37,0.44,0.0,0.0,True,2,45,18,7,5,0.0,0.0,0.0,0.0,0,1,0
2026-07-18 03:00:00,0.0,0.0,0.0,0.0,0.0,0.0,0.0,0.0,0.0,26.42,26.48,0.4,0.5,0.0,0.0,True,3,0,18,7,5,0.0,0.0,0.0,0.0,0,1,0
2026-07-18 03:15:00,0.0,0.0,0.0,0.0,0.0,0.0,0.0,0.0,0.0,27.03,27.22,0.36,0.5,0.0,0.0,True,3,15,18,7,5,0.0,0.0,0.0,0.0,0,1,0
2026-07-18 03:30:00,0.0,0.0,0.0,0.0,0.0,0.0,0.0,0.0,0.0,26.59,26.62,0.33,0.45,0.0,0.0,True,3,30,18,7,5,0.0,0.0,0.0,0.0,0,1,0
2026-07-18 03:45:00,0.0,0.0,0.0,0.0,0.0,0.0,0.0,0.0,0.0,26.69,26.72,0.37,0.48,0.0,0.0,True,3,45,18,7,5,0.0,0.0,0.0,0.0,0,1,0
2026-07-18 04:00:00,0.0,0.0,0.0,0.0,0.0,0.0,0.0,0.0,0.0,26.64,26.7,0.35,0.47,0.0,0.0,True,4,0,18,7,5,0.0,0.0,0.0,0.0,0,1,0
2026-07-18 04:15:00,0.0,0.0,0.0,0.0,0.0,0.0,0.0,0.0,0.0,26.32,26.37,0.33,0.46,0.0,0.0,True,4,15,18,7,5,0.0,0.0,0.0,0.0,0,1,0
2026-07-18 04:30:00,0.0,0.0,0.0,0.0,0.0,0.0,0.0,0.0,0.0,26.42,26.5,0.34,0.48,0.0,0.0,True,4,30,18,7,5,0.0,0.0,0.0,0.0,0,1,0
2026-07-18 04:45:00,0.0,0.0,0.0,0.0,0.0,0.0,0.0,0.0,0.0,26.36,26.43,0.31,0.45,0.0,0.0,True,4,45,18,7,5,0.0,0.0,0.0,0.0,0,1,0
2026-07-18 05:00:00,0.0,0.0,0.0,0.0,0.0,0.0,0.0,0.0,0.0,25.52,25.45,0.37,0.46,0.0,0.0,True,5,0,18,7,5,0.0,0.0,0.0,0.0,0,1,0
2026-07-18 05:15:00,0.0,0.0,0.0,0.0,0.0,0.0,0.0,0.0,0.0,26.18,26.22,0.31,0.44,0.0,0.0,True,5,15,18,7,5,0.0,0.0,0.0,0.0,0,1,0
2026-07-18 05:30:00,0.0,0.0,0.0,0.0,0.0,0.0,0.0,0.0,0.0,26.66,26.75,0.38,0.49,0.0,0.0,True,5,30,18,7,5,0.0,0.0,0.0,0.0,0,1,0
2026-07-18 05:45:00,0.0,0.0,0.0,0.0,0.0,0.0,0.0,0.0,0.0,26.53,26.6,0.7,0.57,0.0,0.0,True,5,45,18,7,5,0.0,0.0,0.0,0.0,0,1,0
2026-07-18 06:00:00,0.0,0.0,0.0,0.0,0.0,0.0,0.0,0.0,0.0,26.61,26.7,7.08,6.55,0.0,0.0,True,6,0,18,7,5,0.0,0.0,0.0,0.0,0,1,0
2026-07-18 06:15:00,0.0,0.0,0.0,0.0,0.0,0.0,0.0,0.0,0.0,26.49,26.51,15.54,15.02,0.0,0.0,True,6,15,18,7,5,0.0,0.0,0.0,0.0,0,1,0
2026-07-18 06:30:00,69.85,0.0,0.0,0.0,0.0,41.13,42.4,25.36,26.15,26.98,27.07,22.71,22.05,0.01,28.18,True,6,30,18,7,5,0.0,0.0,23.28333333333333,40.32791630289535,1,1,0
2026-07-18 06:45:00,202.9,37.98,39.08,47.51,48.89,63.59,65.5,64.57,66.5,26.91,27.03,28.64,27.56,0.03,64.88,True,6,45,18,7,5,69.85,0.0,90.91666666666667,103.07742640041677,1,1,0
2026-07-18 07:00:00,415.19,105.81,108.21,111.26,113.69,102.58,104.96,104.93,107.32,26.74,26.8,43.89,42.29,0.07,86.57,True,7,0,18,7,5,202.9,69.85,229.31333333333336,174.17857799779324,1,1,0
2026-07-18 07:15:00,550.54,138.98,141.64,144.85,147.61,137.24,139.88,139.26,141.94,27.38,27.52,57.66,55.83,0.13,87.59,True,7,15,18,7,5,415.19,202.9,389.54333333333335,175.23329031132562,1,1,0
2026-07-18 07:30:00,619.63,156.11,159.04,161.65,164.66,155.17,158.09,156.61,159.54,27.57,27.77,64.99,62.94,0.19,87.53,True,7,30,18,7,5,550.54,415.19,528.4533333333334,103.99420192170965,1,1,0
2026-07-18 07:45:00,673.96,170.19,173.32,178.79,182.05,165.46,168.53,169.22,172.34,27.81,27.99,68.94,66.6,0.25,89.84,True,7,45,18,7,5,619.63,550.54,614.71,61.85692281386116,1,1,0
2026-07-18 08:00:00,870.83,219.95,223.74,223.83,228.55,223.53,228.16,221.53,226.15,28.14,28.41,86.02,84.43,0.35,93.16,True,8,0,18,7,5,673.96,619.63,721.4733333333334,132.1684441662733,1,1,0
2026-07-18 08:15:00,1216.56,302.74,307.74,308.18,313.98,307.54,313.33,305.6,311.36,28.1,28.03,128.64,126.63,0.47,87.01,True,8,15,18,7,5,870.83,673.96,920.4499999999999,274.68217688812643,1,1,0
2026-07-18 08:30:00,1308.81,325.91,331.25,334.5,340.68,325.19,331.24,326.35,332.42,29.57,29.49,137.58,135.28,0.61,88.05,True,8,30,18,7,5,1216.56,870.83,1132.0666666666666,230.8916686096173,1,1,0
2026-07-18 08:45:00,1453.47,361.34,367.15,368.48,375.14,366.07,372.69,364.42,371.02,30.91,31.17,152.7,151.93,0.76,88.59,True,8,45,18,7,5,1308.81,1216.56,1326.28,119.41728392489944,1,1,0
2026-07-18 09:00:00,1738.92,432.79,439.83,439.83,447.4,438.88,446.43,437.61,445.15,31.88,32.23,179.52,179.04,0.94,90.51,True,9,0,18,7,5,1453.47,1308.81,1500.3999999999999,218.86176390589588,1,1,0
2026-07-18 09:15:00,2044.38,508.34,516.87,518.35,526.97,511.71,520.22,511.5,520.02,32.98,33.39,207.18,204.92,1.16,92.62,True,9,15,18,7,5,1738.92,1453.47,1745.5900000000001,295.51146119905445,1,1,0
2026-07-18 09:30:00,2123.68,529.03,537.99,548.49,557.59,519.99,528.67,527.94,536.74,33.69,33.94,218.03,214.46,1.38,91.7,True,9,30,18,7,5,2044.38,1738.92,1968.993333333333,203.156162922353,1,1,0
2026-07-18 09:45:00,1918.74,475.46,483.32,486.45,494.59,476.53,484.54,478.73,486.78,33.39,33.91,196.99,195.3,1.57,91.58,True,9,45,18,7,5,2123.68,2044.38,2028.9333333333332,103.33949164445167,1,1,0
2026-07-18 10:00:00,2197.21,545.45,554.72,558.06,567.28,548.87,557.94,550.36,559.45,33.21,33.51,218.06,216.52,1.8,94.67,True,10,0,18,7,5,1918.74,2123.68,2079.8766666666666,144.31020141810393,1,1,0
2026-07-18 10:15:00,2221.59,550.48,559.86,567.25,576.62,549.42,558.51,553.18,562.32,34.23,34.61,225.9,223.9,2.04,92.79,True,10,15,18,7,5,2197.21,1918.74,2112.5133333333333,168.2547908183709,1,1,0
2026-07-18 10:30:00,2025.59,501.8,510.24,510.0,518.56,512.87,521.48,509.0,517.55,34.47,34.89,199.64,199.98,2.24,95.82,True,10,30,18,7,5,2221.59,2197.21,2148.13,106.82057292488393,1,1,0
2026-07-18 10:45:00,3121.39,780.13,794.99,805.67,818.61,768.31,780.62,784.02,796.57,36.11,36.38,314.45,312.0,2.57,94.39,True,10,45,18,7,5,2025.59,2221.59,2456.19,584.3562954225789,1,1,0
2026-07-18 11:00:00,4606.47,1066.61,1089.69,1178.41,1198.96,1166.52,1187.03,1204.41,1225.63,39.76,40.55,492.1,484.3,3.04,90.4,True,11,0,18,7,5,3121.39,2025.59,3251.15,1295.3237575216478,1,1,0
2026-07-18 11:15:00,3972.99,973.18,993.54,1091.79,1110.47,1042.98,1060.63,1098.4,1117.2,43.39,44.44,479.64,473.68,3.47,81.25,True,11,15,18,7,5,4606.47,3121.39,3900.283333333333,745.2049021130589,1,1,0
2026-07-18 11:30:00,4316.32,1022.82,1044.61,1103.4,1122.2,1081.13,1099.49,1130.63,1150.01,41.99,42.96,463.8,460.37,3.92,90.73,True,11,30,18,7,5,3972.99,4606.47,4298.593333333333,317.1118156633931,1,1,0
2026-07-18 11:45:00,4402.82,1054.78,1077.51,1120.29,1139.44,1135.59,1155.06,1124.34,1143.57,43.03,43.53,487.22,482.11,4.38,88.5,True,11,45,18,7,5,4316.32,3972.99,4230.709999999999,227.343927343574,1,1,0
2026-07-18 12:00:00,3855.71,905.57,923.93,982.23,998.57,977.16,993.4,994.65,1011.24,42.65,42.91,417.28,412.85,4.79,90.34,True,12,0,18,7,5,4402.82,4316.32,4191.616666666667,294.10122242747224,1,0,1
2026-07-18 12:15:00,3451.33,832.0,848.29,890.21,904.75,862.27,876.27,876.27,890.54,40.95,41.22,362.96,360.78,5.15,92.29,True,12,15,18,7,5,3855.71,4402.82,3903.2866666666664,477.52587305122404,1,0,1
2026-07-18 12:30:00,3254.72,795.5,810.78,818.14,831.32,821.48,834.72,824.76,838.06,39.61,39.85,339.39,340.15,5.48,92.55,True,12,30,18,7,5,3451.33,3855.71,3520.5866666666666,306.4222730699162,1,0,1
2026-07-18 12:45:00,3780.58,930.99,950.09,941.59,957.12,955.61,971.42,960.31,976.21,40.25,40.92,391.27,392.48,5.88,93.5,True,12,45,18,7,5,3254.72,3451.33,3495.543333333333,265.7034042562013,1,0,1
2026-07-18 13:00:00,3714.14,915.65,934.3,942.29,957.84,925.79,941.03,936.29,951.73,40.98,41.79,386.04,383.6,6.25,93.39,True,13,0,18,7,5,3780.58,3254.72,3583.146666666666,286.3592585081443,1,0,1
2026-07-18 13:15:00,3454.17,851.56,868.38,876.49,890.76,862.7,876.71,871.36,885.54,41.27,42.03,356.78,352.87,6.62,94.1,True,13,15,18,7,5,3714.14,3780.58,3649.6299999999997,172.50225244906443,1,0,1
2026-07-18 13:30:00,3402.11,842.72,859.29,877.84,892.14,840.01,853.59,856.82,870.72,40.76,41.52,347.25,343.58,6.97,95.02,True,13,30,18,7,5,3454.17,3714.14,3523.4733333333334,167.16128210005527,1,0,1
2026-07-18 13:45:00,4184.58,1027.13,1049.09,1103.28,1122.26,1017.75,1034.81,1042.94,1060.52,40.79,41.44,420.32,415.93,7.4,96.56,True,13,45,18,7,5,3402.11,3454.17,3680.286666666667,437.50586902730106,1,0,1
2026-07-18 14:00:00,4558.75,1128.58,1153.53,1207.19,1228.29,1090.15,1108.68,1135.27,1154.75,42.49,42.44,472.59,466.07,7.89,94.25,True,14,0,18,7,5,4184.58,3402.11,4048.4799999999996,590.2088019506315,1,0,1
2026-07-18 14:15:00,3688.97,914.73,933.36,961.41,977.34,905.19,920.02,926.46,941.7,41.04,40.83,381.6,373.88,8.27,93.86,True,14,15,18,7,5,4558.75,4184.58,4144.099999999999,436.3006817551396,1,0,1
2026-07-18 14:30:00,3698.98,916.22,934.89,962.88,978.84,903.06,917.85,926.02,941.26,40.05,40.02,380.69,372.3,8.65,93.95,True,14,30,18,7,5,3688.97,4558.75,3982.233333333333,499.3031646538334,1,0,1
2026-07-18 14:45:00,3429.63,850.31,867.1,896.85,911.53,832.47,845.91,856.99,870.9,39.5,39.46,350.57,340.78,9.02,94.37,True,14,45,18,7,5,3698.98,3688.97,3605.859999999999,152.70170169320306,1,0,1
2026-07-18 15:00:00,3007.37,743.79,757.68,780.69,793.16,735.34,747.09,751.49,763.46,38.11,38.08,303.16,293.56,9.32,95.13,True,15,0,18,7,5,3429.63,3698.98,3378.66,348.61089153955044,1,0,1
2026-07-18 15:15:00,2900.5,719.14,732.41,760.39,772.58,705.32,716.68,724.08,735.7,36.97,36.89,292.97,283.1,9.63,94.49,True,15,15,18,7,5,3007.37,3429.63,3112.5,279.7925604800822,1,0,1
2026-07-18 15:30:00,2207.09,547.18,556.49,580.35,589.91,534.59,543.45,548.63,557.7,35.91,35.71,215.95,207.11,9.87,97.11,True,15,30,18,7,5,2900.5,3007.37,2704.986666666666,434.48949036004785,1,0,1
2026-07-18 15:45:00,1629.01,404.99,411.54,429.7,437.13,393.3,400.28,404.04,411.15,34.26,34.17,163.39,155.15,10.04,94.08,True,15,45,18,7,5,2207.09,2900.5,2245.5333333333333,636.6161499941193,1,0,1
2026-07-18 16:00:00,1124.47,279.45,284.06,292.59,298.15,276.9,282.25,281.54,286.95,30.73,30.65,107.33,101.62,10.16,97.43,True,16,0,18,7,5,1629.01,2207.09,1653.5233333333333,541.7261242854509,1,0,1
2026-07-18 16:15:00,886.49,220.89,224.68,228.08,232.99,222.0,226.9,223.69,228.58,29.08,28.98,83.71,80.8,10.25,97.82,True,16,15,18,7,5,1124.47,1629.01,1213.323333333333,379.15059505866026,1,0,1
2026-07-18 16:30:00,858.99,213.31,217.01,219.2,224.07,216.58,221.45,217.25,222.12,28.76,28.71,84.41,82.05,10.34,93.89,True,16,30,18,7,5,886.49,1124.47,956.6499999999996,145.98536501993317,1,0,1
2026-07-18 16:45:00,534.99,134.4,137.05,136.3,140.29,135.81,139.79,135.91,139.9,28.66,28.59,52.99,51.59,10.4,93.11,True,16,45,18,7,5,858.99,886.49,760.1566666666664,195.4842278377893,1,0,1
2026-07-18 17:00:00,377.11,95.84,98.2,96.64,99.64,96.56,99.56,96.44,99.44,27.93,27.9,38.67,37.57,10.44,89.65,True,17,0,18,7,5,534.99,858.99,590.3633333333331,245.66590755197788,1,0,1
2026-07-18 17:15:00,308.85,81.78,84.01,82.62,85.2,79.05,81.52,79.35,81.83,27.7,27.74,32.02,31.2,10.47,88.6,True,17,15,18,7,5,377.11,534.99,406.98333333333306,115.99196926226055,1,0,1
2026-07-18 17:30:00,333.45,0.0,0.0,0.0,0.0,84.54,87.18,85.16,87.81,27.08,26.95,34.26,33.19,10.5,89.18,True,17,30,18,7,5,308.85,377.11,339.80333333333306,34.57066000725602,1,0,1
2026-07-18 17:45:00,369.36,96.7,99.08,99.06,102.14,93.33,96.24,94.23,97.16,27.15,27.07,38.84,37.7,10.54,87.15,True,17,45,18,7,5,333.45,308.85,337.21999999999974,30.430653952946233,1,0,1
2026-07-18 18:00:00,300.69,77.64,79.79,78.79,81.26,76.83,79.23,77.14,79.56,27.57,27.59,34.16,33.1,10.57,80.82,True,18,0,18,7,5,369.36,333.45,334.4999999999997,34.347039173762376,1,0,1
2026-07-18 18:15:00,165.69,44.9,46.3,44.38,45.81,43.32,44.72,43.56,44.96,27.42,27.47,20.92,20.01,10.59,72.66,True,18,15,18,7,5,300.69,369.36,278.5799999999997,103.61952663472286,1,0,1
2026-07-18 18:30:00,55.73,18.6,19.21,17.2,17.8,16.77,17.36,16.79,17.38,26.89,26.9,10.15,9.51,10.6,50.29,True,18,30,18,7,5,165.69,300.69,174.03666666666638,122.69311526462074,0,0,1
2026-07-18 18:45:00,12.6,6.27,6.5,6.06,6.3,5.52,5.75,5.57,5.79,26.66,26.69,4.46,3.9,10.6,25.85,True,18,45,18,7,5,55.73,165.69,78.00666666666636,78.93873848331776,0,0,1
2026-07-18 19:00:00,0.0,0.04,0.05,0.03,0.03,0.04,0.04,0.02,0.03,26.19,26.1,0.65,0.53,10.6,0.0,True,19,0,18,7,5,12.6,55.73,22.77666666666636,29.22553050566754,0,0,1
2026-07-18 19:15:00,0.0,0.0,0.0,0.0,0.0,0.0,0.0,0.0,0.0,26.72,26.89,0.3,0.44,10.6,0.0,True,19,15,18,7,5,0.0,12.6,4.199999999999696,7.274613392091324,0,0,1
2026-07-18 19:30:00,0.0,0.0,0.0,0.0,0.0,0.0,0.0,0.0,0.0,26.51,26.6,0.33,0.45,10.6,0.0,True,19,30,18,7,5,0.0,0.0,0.0,6.63308917566838e-05,0,0,1
2026-07-18 19:45:00,0.0,0.0,0.0,0.0,0.0,0.0,0.0,0.0,0.0,26.42,26.48,0.33,0.44,10.6,0.0,True,19,45,18,7,5,0.0,0.0,0.0,6.63308917566838e-05,0,0,1
2026-07-18 20:00:00,0.0,0.0,0.0,0.0,0.0,0.0,0.0,0.0,0.0,26.48,26.55,0.29,0.43,10.6,0.0,True,20,0,18,7,5,0.0,0.0,0.0,6.63308917566838e-05,0,0,1
2026-07-18 20:15:00,0.0,0.0,0.0,0.0,0.0,0.0,0.0,0.0,0.0,26.48,26.5,0.24,0.39,10.6,0.0,True,20,15,18,7,5,0.0,0.0,0.0,6.63308917566838e-05,0,0,1
2026-07-18 20:30:00,0.0,0.0,0.0,0.0,0.0,0.0,0.0,0.0,0.0,26.1,26.11,0.36,0.45,10.6,0.0,True,20,30,18,7,5,0.0,0.0,0.0,6.63308917566838e-05,0,0,1
2026-07-18 20:45:00,0.0,0.0,0.0,0.0,0.0,0.0,0.0,0.0,0.0,26.05,26.04,0.33,0.44,10.6,0.0,True,20,45,18,7,5,0.0,0.0,0.0,6.63308917566838e-05,0,0,1
2026-07-18 21:00:00,0.0,0.0,0.0,0.0,0.0,0.0,0.0,0.0,0.0,26.15,26.15,0.31,0.42,10.6,0.0,True,21,0,18,7,5,0.0,0.0,0.0,6.63308917566838e-05,0,0,1
2026-07-18 21:15:00,0.0,0.0,0.0,0.0,0.0,0.0,0.0,0.0,0.0,26.57,26.61,0.27,0.41,10.6,0.0,True,21,15,18,7,5,0.0,0.0,0.0,6.63308917566838e-05,0,0,1
2026-07-18 21:30:00,0.0,0.0,0.0,0.0,0.0,0.0,0.0,0.0,0.0,26.46,26.48,0.28,0.41,10.6,0.0,True,21,30,18,7,5,0.0,0.0,0.0,6.63308917566838e-05,0,0,1
2026-07-18 21:45:00,0.0,0.0,0.0,0.0,0.0,0.0,0.0,0.0,0.0,26.68,26.71,0.37,0.47,10.6,0.0,True,21,45,18,7,5,0.0,0.0,0.0,6.63308917566838e-05,0,0,1
2026-07-18 22:00:00,0.0,0.0,0.0,0.0,0.0,0.0,0.0,0.0,0.0,26.52,26.51,0.31,0.43,10.6,0.0,True,22,0,18,7,5,0.0,0.0,0.0,6.63308917566838e-05,0,0,1
2026-07-18 22:15:00,0.0,0.0,0.0,0.0,0.0,0.0,0.0,0.0,0.0,26.49,26.51,0.3,0.41,10.6,0.0,True,22,15,18,7,5,0.0,0.0,0.0,6.63308917566838e-05,0,0,1
2026-07-18 22:30:00,0.0,0.0,0.0,0.0,0.0,0.0,0.0,0.0,0.0,26.18,26.08,0.32,0.42,10.6,0.0,True,22,30,18,7,5,0.0,0.0,0.0,6.63308917566838e-05,0,0,1
2026-07-18 22:45:00,0.0,0.0,0.0,0.0,0.0,0.0,0.0,0.0,0.0,26.02,26.09,0.33,0.43,10.6,0.0,True,22,45,18,7,5,0.0,0.0,0.0,6.63308917566838e-05,0,0,1
2026-07-18 23:00:00,0.0,0.0,0.0,0.0,0.0,0.0,0.0,0.0,0.0,26.24,26.33,0.35,0.45,10.6,0.0,True,23,0,18,7,5,0.0,0.0,0.0,6.63308917566838e-05,0,0,1
2026-07-18 23:15:00,0.0,0.0,0.0,0.0,0.0,0.0,0.0,0.0,0.0,26.05,26.04,0.44,0.42,10.6,0.0,True,23,15,18,7,5,0.0,0.0,0.0,6.63308917566838e-05,0,0,1
2026-07-18 23:30:00,0.0,0.0,0.0,0.0,0.0,0.0,0.0,0.0,0.0,26.5,26.59,0.83,0.46,10.6,0.0,True,23,30,18,7,5,0.0,0.0,0.0,6.63308917566838e-05,0,0,1
2026-07-18 23:45:00,0.0,0.0,0.0,0.0,0.0,0.0,0.0,0.0,0.0,26.04,26.02,0.3,0.41,10.6,0.0,True,23,45,18,7,5,0.0,0.0,0.0,6.63308917566838e-05,0,0,1
2026-07-19 00:15:00,0.0,0.0,0.0,0.0,0.0,0.0,0.0,0.0,0.0,25.91,25.91,0.4,0.44,0.0,0.0,True,0,15,19,7,6,0.0,0.0,0.0,0.0,0,1,0
2026-07-19 00:30:00,0.0,0.0,0.0,0.0,0.0,0.0,0.0,0.0,0.0,25.62,25.63,0.34,0.43,0.0,0.0,True,0,30,19,7,6,0.0,0.0,0.0,0.0,0,1,0
2026-07-19 00:45:00,0.0,0.0,0.0,0.0,0.0,0.0,0.0,0.0,0.0,25.89,26.02,0.34,0.44,0.0,0.0,True,0,45,19,7,6,0.0,0.0,0.0,0.0,0,1,0
2026-07-19 01:00:00,0.0,0.0,0.0,0.0,0.0,0.0,0.0,0.0,0.0,25.96,26.07,0.31,0.41,0.0,0.0,True,1,0,19,7,6,0.0,0.0,0.0,0.0,0,1,0
2026-07-19 01:15:00,0.0,0.0,0.0,0.0,0.0,0.0,0.0,0.0,0.0,25.75,25.8,0.37,0.45,0.0,0.0,True,1,15,19,7,6,0.0,0.0,0.0,0.0,0,1,0
2026-07-19 01:30:00,0.0,0.0,0.0,0.0,0.0,0.0,0.0,0.0,0.0,25.8,25.86,0.36,0.46,0.0,0.0,True,1,30,19,7,6,0.0,0.0,0.0,0.0,0,1,0
2026-07-19 01:45:00,0.0,0.0,0.0,0.0,0.0,0.0,0.0,0.0,0.0,25.66,25.71,0.39,0.47,0.0,0.0,True,1,45,19,7,6,0.0,0.0,0.0,0.0,0,1,0
2026-07-19 02:00:00,0.0,0.0,0.0,0.0,0.0,0.0,0.0,0.0,0.0,25.94,26.04,0.4,0.48,0.0,0.0,True,2,0,19,7,6,0.0,0.0,0.0,0.0,0,1,0
2026-07-19 02:15:00,0.0,0.0,0.0,0.0,0.0,0.0,0.0,0.0,0.0,25.82,26.0,0.39,0.48,0.0,0.0,True,2,15,19,7,6,0.0,0.0,0.0,0.0,0,1,0
2026-07-19 02:30:00,0.0,0.0,0.0,0.0,0.0,0.0,0.0,0.0,0.0,25.67,25.78,0.42,0.48,0.0,0.0,True,2,30,19,7,6,0.0,0.0,0.0,0.0,0,1,0
2026-07-19 02:45:00,0.0,0.0,0.0,0.0,0.0,0.0,0.0,0.0,0.0,25.63,25.87,0.35,0.46,0.0,0.0,True,2,45,19,7,6,0.0,0.0,0.0,0.0,0,1,0
2026-07-19 03:00:00,0.0,0.0,0.0,0.0,0.0,0.0,0.0,0.0,0.0,25.81,25.73,0.38,0.47,0.0,0.0,True,3,0,19,7,6,0.0,0.0,0.0,0.0,0,1,0
2026-07-19 03:15:00,0.0,0.0,0.0,0.0,0.0,0.0,0.0,0.0,0.0,25.88,25.42,0.43,0.46,0.0,0.0,True,3,15,19,7,6,0.0,0.0,0.0,0.0,0,1,0
2026-07-19 03:30:00,0.0,0.0,0.0,0.0,0.0,0.0,0.0,0.0,0.0,25.67,26.27,0.27,0.45,0.0,0.0,True,3,30,19,7,6,0.0,0.0,0.0,0.0,0,1,0
2026-07-19 03:45:00,0.0,0.0,0.0,0.0,0.0,0.0,0.0,0.0,0.0,25.8,25.61,0.4,0.48,0.0,0.0,True,3,45,19,7,6,0.0,0.0,0.0,0.0,0,1,0
2026-07-19 04:00:00,0.0,0.0,0.0,0.0,0.0,0.0,0.0,0.0,0.0,25.39,25.16,0.33,0.47,0.0,0.0,True,4,0,19,7,6,0.0,0.0,0.0,0.0,0,1,0
2026-07-19 04:15:00,0.0,0.0,0.0,0.0,0.0,0.0,0.0,0.0,0.0,25.36,25.24,0.42,0.48,0.0,0.0,True,4,15,19,7,6,0.0,0.0,0.0,0.0,0,1,0
2026-07-19 04:30:00,0.0,0.0,0.0,0.0,0.0,0.0,0.0,0.0,0.0,25.35,25.38,0.43,0.51,0.0,0.0,True,4,30,19,7,6,0.0,0.0,0.0,0.0,0,1,0
2026-07-19 04:45:00,0.0,0.0,0.0,0.0,0.0,0.0,0.0,0.0,0.0,25.23,25.27,0.38,0.46,0.0,0.0,True,4,45,19,7,6,0.0,0.0,0.0,0.0,0,1,0
2026-07-19 05:00:00,0.0,0.0,0.0,0.0,0.0,0.0,0.0,0.0,0.0,25.29,25.54,0.43,0.49,0.0,0.0,True,5,0,19,7,6,0.0,0.0,0.0,0.0,0,1,0
2026-07-19 05:15:00,0.0,0.0,0.0,0.0,0.0,0.0,0.0,0.0,0.0,25.13,25.16,0.37,0.46,0.0,0.0,True,5,15,19,7,6,0.0,0.0,0.0,0.0,0,1,0
2026-07-19 05:30:00,0.0,0.0,0.0,0.0,0.0,0.0,0.0,0.0,0.0,25.47,25.52,0.52,0.49,0.0,0.0,True,5,30,19,7,6,0.0,0.0,0.0,0.0,0,1,0
2026-07-19 05:45:00,0.0,0.0,0.0,0.0,0.0,0.0,0.0,0.0,0.0,25.47,25.5,1.32,0.81,0.0,0.0,True,5,45,19,7,6,0.0,0.0,0.0,0.0,0,1,0
2026-07-19 06:00:00,0.0,0.0,0.0,0.0,0.0,0.0,0.0,0.0,0.0,25.47,25.6,6.79,6.19,0.0,0.0,True,6,0,19,7,6,0.0,0.0,0.0,0.0,0,1,0
2026-07-19 06:15:00,55.87,0.0,0.0,0.0,0.0,25.56,26.36,28.91,29.82,25.84,25.89,16.45,15.91,0.0,30.97,True,6,15,19,7,6,0.0,0.0,18.62333333333333,32.25655953962439,0,1,0
2026-07-19 06:30:00,325.53,84.55,86.57,96.27,98.58,89.31,91.55,90.14,92.39,26.0,25.97,40.14,39.93,0.04,73.99,True,6,30,19,7,6,55.87,0.0,127.13333333333333,174.07266365898275,1,1,0
2026-07-19 06:45:00,679.15,174.87,178.05,168.72,172.1,161.14,164.38,172.53,176.02,27.25,27.39,75.09,74.16,0.11,82.93,True,6,45,19,7,6,325.53,55.87,353.51666666666665,312.58107705575094,1,1,0
2026-07-19 07:00:00,1179.41,307.22,312.25,317.85,323.8,294.43,300.11,298.35,304.07,27.57,27.6,111.16,110.14,0.23,97.41,True,7,0,19,7,6,679.15,325.53,728.0300000000001,429.0334537072839,1,1,0
2026-07-19 07:15:00,2098.33,531.26,540.28,551.78,560.93,525.95,534.75,526.6,535.4,31.41,31.72,229.09,227.26,0.44,85.42,True,7,15,19,7,6,1179.41,679.15,1318.9633333333334,719.8085285222268,1,1,0
2026-07-19 07:30:00,2108.55,503.03,511.5,527.93,536.75,514.44,523.08,526.52,535.33,33.46,33.94,220.94,217.83,0.66,89.76,True,7,30,19,7,6,2098.33,1179.41,1795.4300000000003,533.5134416301055,1,1,0
2026-07-19 07:45:00,1406.97,353.52,359.24,367.21,373.85,343.94,350.25,352.93,359.37,32.0,32.54,149.73,144.28,0.81,87.85,True,7,45,19,7,6,2108.55,2098.33,1871.2833333333335,402.1396097542908,1,1,0
2026-07-19 08:00:00,1700.47,419.22,426.0,435.42,442.93,421.72,429.06,427.17,434.58,32.27,32.8,178.91,179.91,0.99,88.95,True,8,0,19,7,6,1406.97,2108.55,1738.6633333333336,352.34595518230844,1,1,0
2026-07-19 08:15:00,1770.64,445.21,452.5,453.27,461.02,452.22,459.95,448.21,455.88,31.84,32.38,184.9,187.42,1.17,89.47,True,8,15,19,7,6,1700.47,1406.97,1626.0266666666669,192.92569718244707,1,1,0
2026-07-19 08:30:00,2534.82,624.63,635.58,645.5,656.09,635.55,646.0,636.07,646.53,33.55,34.07,265.89,266.68,1.43,89.69,True,8,30,19,7,6,1770.64,1700.47,2001.9766666666667,462.78771659728983,1,1,0
2026-07-19 08:45:00,3112.28,777.43,792.26,805.28,818.31,785.24,797.9,784.49,797.15,35.3,35.97,329.45,327.73,1.75,89.53,True,8,45,19,7,6,2534.82,1770.64,2472.5800000000004,672.9820470116571,1,1,0
2026-07-19 09:00:00,4003.56,988.51,1009.28,1031.7,1049.03,1003.57,1020.34,1005.94,1022.76,38.21,38.74,435.85,430.22,2.15,88.12,True,9,0,19,7,6,3112.28,2534.82,3216.8866666666668,739.93662764681,1,1,0
2026-07-19 09:15:00,4086.05,1000.13,1021.23,1039.2,1056.68,1027.82,1045.06,1032.17,1049.5,40.27,40.79,439.44,432.98,2.59,89.99,True,9,15,19,7,6,4003.56,3112.28,3733.963333333333,539.9710874049972,1,1,0
2026-07-19 09:30:00,4117.87,1015.81,1037.38,1064.05,1082.03,1012.4,1029.34,1033.36,1050.72,40.98,41.94,437.91,428.94,3.02,91.28,True,9,30,19,7,6,4086.05,4003.56,4069.16,58.9970177212593,1,1,0
2026-07-19 09:45:00,5203.13,1281.88,1311.32,1332.53,1356.44,1302.25,1325.48,1319.73,1343.36,42.55,43.64,551.67,524.47,3.56,92.17,True,9,45,19,7,6,4117.87,4086.05,4469.016666666666,635.959839717365,1,1,0
2026-07-19 10:00:00,5151.13,1261.91,1291.01,1305.34,1328.55,1290.08,1312.93,1307.93,1331.21,44.07,45.43,563.82,539.81,4.1,89.87,True,10,0,19,7,6,5203.13,4117.87,4824.043333333334,612.1164779135886,1,1,0
2026-07-19 10:15:00,5376.99,1288.75,1318.5,1324.01,1347.68,1403.4,1429.05,1356.46,1380.92,44.56,45.94,590.1,565.28,4.65,89.83,True,10,15,19,7,6,5151.13,5203.13,5243.75,118.28217617208415,1,1,0
2026-07-19 10:30:00,5828.6,1380.69,1412.6,1588.63,1619.15,1417.32,1443.33,1484.15,1511.87,46.84,48.09,647.44,609.61,5.25,89.64,True,10,30,19,7,6,5376.99,5151.13,5452.24,344.9468395274912,1,1,0
2026-07-19 10:45:00,5643.0,1368.84,1400.47,1474.93,1502.42,1392.89,1418.33,1424.27,1450.47,47.7,48.93,640.06,598.2,5.84,88.11,True,10,45,19,7,6,5828.6,5376.99,5616.196666666667,226.9949603699137,1,1,0
2026-07-19 11:00:00,4612.35,1074.68,1098.02,1129.27,1148.95,1172.05,1192.62,1169.67,1190.22,47.0,48.47,540.99,504.87,6.34,84.95,True,11,0,19,7,6,5643.0,5828.6,5361.316666666667,655.2290750824006,1,1,0
2026-07-19 11:15:00,4428.61,1077.53,1100.95,1160.19,1180.18,1092.51,1111.09,1099.41,1118.12,43.82,44.94,462.62,457.74,6.8,94.07,True,11,15,19,7,6,4612.35,5643.0,4894.653333333333,654.5663809220098,1,1,0
2026-07-19 11:30:00,3739.2,921.84,940.68,967.5,983.55,920.56,935.7,946.42,962.06,42.81,43.79,390.46,388.33,7.2,93.69,True,11,30,19,7,6,4428.61,4612.35,4260.053333333333,460.33275250989595,1,1,0
2026-07-19 11:45:00,4754.81,1151.19,1176.71,1248.31,1270.64,1159.83,1180.17,1207.56,1228.97,43.71,44.62,502.26,497.32,7.68,92.98,True,11,45,19,7,6,3739.2,4428.61,4307.54,518.5165153589651,1,1,0
2026-07-19 12:00:00,2271.44,557.93,567.86,559.84,569.21,583.01,592.71,580.82,590.5,42.4,43.15,250.19,248.64,7.92,88.67,True,12,0,19,7,6,4754.81,3739.2,3588.483333333333,1248.5264412231475,1,0,1
2026-07-19 12:15:00,4306.43,1079.17,1102.62,1168.93,1189.43,1097.13,1116.38,1086.81,1105.63,40.99,41.67,454.42,452.14,8.35,92.0,True,12,15,19,7,6,2271.44,4754.81,3777.56,1323.464864248388,1,0,1
2026-07-19 12:30:00,8942.9,1405.16,1437.63,2572.67,2631.85,2564.72,2623.79,2568.23,2627.35,54.43,55.91,1181.8,1180.89,9.28,77.94,True,12,30,19,7,6,4306.43,2271.44,5173.59,3419.220595705987,1,0,1
2026-07-19 12:45:00,3139.93,702.67,716.45,782.61,796.93,892.57,909.76,924.62,942.32,55.37,56.44,456.63,451.08,9.67,71.12,True,12,45,19,7,6,8942.9,4306.43,5463.086666666666,3069.5286590343694,1,0,1
2026-07-19 13:00:00,3366.01,868.27,886.25,829.96,844.07,916.59,932.49,881.08,896.31,40.11,41.07,309.88,316.42,10.02,105.05,True,13,0,19,7,6,3139.93,8942.9,5149.613333333333,3287.0269002904943,1,0,1
2026-07-19 13:15:00,4953.25,1193.63,1220.45,1251.48,1273.54,1229.08,1251.03,1309.92,1333.95,43.12,44.47,574.67,569.79,10.53,84.44,True,13,15,19,7,6,3366.01,3139.93,3819.7299999999996,988.1440858498323,1,0,1
2026-07-19 13:30:00,4004.0,989.75,1010.66,1043.49,1061.14,1001.3,1018.09,1030.24,1047.61,43.09,44.28,439.43,435.56,10.96,89.26,True,13,30,19,7,6,4953.25,3366.01,4107.753333333333,798.6903467761049,1,0,1
2026-07-19 13:45:00,3535.98,875.59,893.12,934.81,950.23,847.78,861.54,882.58,896.98,39.04,39.46,363.82,359.4,11.33,93.57,True,13,45,19,7,6,4004.0,4953.25,4164.409999999999,722.1233200084329,1,0,1
2026-07-19 14:00:00,2078.5,493.06,501.44,541.32,550.36,471.74,479.81,508.3,516.87,38.01,38.63,227.57,224.24,11.55,87.55,True,14,0,19,7,6,3535.98,4004.0,3206.1599999999994,1004.2278062272529,1,0,1
2026-07-19 14:15:00,1397.67,347.04,352.66,353.07,359.52,357.53,364.03,355.1,361.56,33.73,34.23,143.01,146.85,11.7,92.02,True,14,15,19,7,6,2078.5,3535.98,2337.3833333333328,1092.4091949600818,1,0,1
2026-07-19 14:30:00,1936.25,481.99,489.99,485.48,493.65,499.88,508.24,492.87,501.14,34.63,35.2,201.64,207.72,11.9,90.75,True,14,30,19,7,6,1397.67,2078.5,1804.1399999999994,359.12694315520287,1,0,1
2026-07-19 14:45:00,2362.83,579.58,589.56,588.61,598.33,603.0,612.96,600.41,610.32,36.13,36.77,243.27,249.29,12.14,92.37,True,14,45,19,7,6,1936.25,1397.67,1898.916666666666,483.66185474289125,1,0,1
2026-07-19 15:00:00,2791.24,700.54,713.41,702.47,713.9,725.25,737.02,711.52,723.06,38.21,38.9,296.06,301.42,12.42,90.45,True,15,0,19,7,6,2362.83,1936.25,2363.439999999999,427.4953264072021,1,0,1
2026-07-19 15:15:00,4698.57,1174.48,1200.83,1127.36,1146.7,1223.83,1245.21,1224.98,1246.44,42.9,43.82,512.14,517.32,12.92,89.8,True,15,15,19,7,6,2791.24,2362.83,3284.2133333333327,1243.4578269621104,1,0,1
2026-07-19 15:30:00,6299.57,1354.44,1385.65,1714.27,1748.51,1628.56,1660.47,1652.77,1685.39,49.01,50.25,732.64,732.02,13.57,86.43,True,15,30,19,7,6,4698.57,2791.24,4596.459999999999,1756.3925205659468,1,0,1
2026-07-19 15:45:00,5779.55,1372.73,1404.45,1491.93,1519.85,1439.62,1466.19,1473.93,1501.38,52.77,54.09,662.14,667.45,14.15,89.23,True,15,45,19,7,6,6299.57,4698.57,5592.563333333333,816.7149197445418,1,0,1
2026-07-19 16:00:00,5116.03,1251.49,1280.25,1298.08,1321.13,1266.91,1289.22,1300.73,1323.84,50.37,51.44,577.19,588.99,14.7,89.64,True,16,0,19,7,6,5779.55,6299.57,5731.716666666666,593.2181333483775,1,0,1
2026-07-19 16:15:00,2784.95,632.3,645.03,706.37,718.68,634.44,645.56,692.97,705.11,46.37,47.6,289.13,296.07,15.01,95.71,True,16,15,19,7,6,5116.03,5779.55,4560.176666666666,1572.7800183539132,1,0,1
2026-07-19 16:30:00,1264.37,312.84,317.95,331.99,338.09,312.28,318.11,318.76,324.68,37.95,38.51,133.55,134.6,15.14,90.73,True,16,30,19,7,6,2784.95,5116.03,3055.1166666666663,1939.9906468159422,1,0,1
2026-07-19 16:45:00,960.85,240.77,244.83,244.8,249.82,245.66,250.68,244.49,249.49,34.57,34.68,109.57,112.07,15.24,82.86,True,16,45,19,7,6,1264.37,2784.95,1670.0566666666662,977.3798934566543,1,0,1
2026-07-19 17:00:00,2124.61,561.04,570.9,595.54,605.43,502.2,510.61,537.39,546.35,33.66,33.83,202.51,203.91,15.45,98.75,True,17,0,19,7,6,960.85,1264.37,1449.9433333333327,603.6658272035461,1,0,1
2026-07-19 17:15:00,2459.8,614.2,625.01,645.55,656.07,549.46,558.56,615.94,626.05,36.05,36.48,284.33,291.52,15.71,82.25,True,17,15,19,7,6,2124.61,960.85,1848.4199999999994,786.7168885310697,1,0,1
2026-07-19 17:30:00,1912.24,466.92,474.66,472.37,480.3,485.71,493.81,494.43,502.67,37.81,38.39,236.28,244.98,15.91,77.51,True,17,30,19,7,6,2459.8,2124.61,2165.5499999999993,276.0662078198032,1,0,1
2026-07-19 17:45:00,1597.65,382.75,388.98,386.78,393.63,399.85,406.88,409.73,416.89,36.8,37.1,194.32,203.97,16.08,78.41,True,17,45,19,7,6,1912.24,2459.8,1989.8966666666663,436.2895529729546,1,0,1
2026-07-19 18:00:00,762.05,179.81,183.04,181.16,185.66,192.3,196.93,195.59,200.25,34.8,34.95,106.24,111.32,16.16,67.84,True,18,0,19,7,6,1597.65,1912.24,1423.9799999999996,594.436885379776,1,0,1
2026-07-19 18:15:00,355.81,88.96,91.24,89.21,91.99,90.47,93.28,92.91,95.8,31.74,31.86,45.93,48.15,16.2,72.34,True,18,15,19,7,6,762.05,1597.65,905.1699999999995,633.1699196898177,1,0,1
2026-07-19 18:30:00,183.63,51.04,52.61,50.71,52.32,51.2,52.84,52.65,54.33,30.11,30.29,25.6,28.25,16.22,66.53,True,18,30,19,7,6,355.81,762.05,433.8299999999994,296.9979198580542,1,0,1
2026-07-19 18:45:00,58.33,17.84,18.42,15.85,16.41,17.9,18.53,18.22,18.86,29.31,29.41,9.84,10.83,16.23,54.79,True,18,45,19,7,6,183.63,355.81,199.25666666666606,149.35438437938492,0,0,1
2026-07-19 19:00:00,0.0,0.76,0.8,0.36,0.38,0.51,0.55,0.52,0.56,27.72,27.68,0.5,0.74,16.23,0.0,True,19,0,19,7,6,58.33,183.63,80.65333333333272,93.82826137867696,0,0,1
2026-07-19 19:15:00,0.0,0.0,0.0,0.0,0.0,0.0,0.0,0.0,0.0,27.51,27.48,0.16,0.3,16.23,0.0,True,19,15,19,7,6,0.0,58.33,19.443333333332728,33.676841202010884,0,0,1
2026-07-19 19:30:00,0.0,0.0,0.0,0.0,0.0,0.0,0.0,0.0,0.0,27.27,27.32,0.18,0.31,16.23,0.0,True,19,30,19,7,6,0.0,0.0,0.0,0.00011030821475005642,0,0,1
2026-07-19 19:45:00,0.0,0.0,0.0,0.0,0.0,0.0,0.0,0.0,0.0,27.08,27.07,0.25,0.35,16.23,0.0,True,19,45,19,7,6,0.0,0.0,0.0,0.00011030821475005642,0,0,1
2026-07-19 20:00:00,0.0,0.0,0.0,0.0,0.0,0.0,0.0,0.0,0.0,26.97,26.97,0.24,0.36,16.23,0.0,True,20,0,19,7,6,0.0,0.0,0.0,0.00011030821475005642,0,0,1
2026-07-19 20:15:00,0.0,0.0,0.0,0.0,0.0,0.0,0.0,0.0,0.0,27.63,27.81,0.15,0.33,16.23,0.0,True,20,15,19,7,6,0.0,0.0,0.0,0.00011030821475005642,0,0,1
2026-07-19 20:30:00,0.0,0.0,0.0,0.0,0.0,0.0,0.0,0.0,0.0,0.0,0.0,0.0,0.0,16.23,0.0,True,20,30,19,7,6,0.0,0.0,0.0,0.00011030821475005642,0,0,1
2026-07-19 20:45:00,0.0,0.0,0.0,0.0,0.0,0.0,0.0,0.0,0.0,0.0,0.0,0.0,0.0,16.23,0.0,True,20,45,19,7,6,0.0,0.0,0.0,0.00011030821475005642,0,0,1
2026-07-19 21:00:00,0.0,0.0,0.0,0.0,0.0,0.0,0.0,0.0,0.0,0.0,0.0,0.0,0.0,16.23,0.0,True,21,0,19,7,6,0.0,0.0,0.0,0.00011030821475005642,0,0,1
2026-07-19 21:15:00,0.0,0.0,0.0,0.0,0.0,0.0,0.0,0.0,0.0,0.0,0.0,0.0,0.0,16.23,0.0,True,21,15,19,7,6,0.0,0.0,0.0,0.00011030821475005642,0,0,1
2026-07-19 21:30:00,0.0,0.0,0.0,0.0,0.0,0.0,0.0,0.0,0.0,0.0,0.0,0.0,0.0,16.23,0.0,True,21,30,19,7,6,0.0,0.0,0.0,0.00011030821475005642,0,0,1
2026-07-19 21:45:00,0.0,0.0,0.0,0.0,0.0,0.0,0.0,0.0,0.0,26.42,26.42,0.49,0.5,16.23,0.0,True,21,45,19,7,6,0.0,0.0,0.0,0.00011030821475005642,0,0,1
2026-07-19 22:00:00,0.0,0.0,0.0,0.0,0.0,0.0,0.0,0.0,0.0,26.3,26.06,0.25,0.38,16.23,0.0,True,22,0,19,7,6,0.0,0.0,0.0,0.00011030821475005642,0,0,1
2026-07-19 22:15:00,0.0,0.0,0.0,0.0,0.0,0.0,0.0,0.0,0.0,26.73,26.65,0.28,0.39,16.23,0.0,True,22,15,19,7,6,0.0,0.0,0.0,0.00011030821475005642,0,0,1
2026-07-19 22:30:00,0.0,0.0,0.0,0.0,0.0,0.0,0.0,0.0,0.0,26.83,26.86,0.29,0.42,16.23,0.0,True,22,30,19,7,6,0.0,0.0,0.0,0.00011030821475005642,0,0,1
2026-07-19 22:45:00,0.0,0.0,0.0,0.0,0.0,0.0,0.0,0.0,0.0,26.74,27.13,0.37,0.39,16.23,0.0,True,22,45,19,7,6,0.0,0.0,0.0,0.00011030821475005642,0,0,1
2026-07-19 23:00:00,0.0,0.0,0.0,0.0,0.0,0.0,0.0,0.0,0.0,26.92,27.06,0.37,0.42,16.23,0.0,True,23,0,19,7,6,0.0,0.0,0.0,0.00011030821475005642,0,0,1
2026-07-19 23:15:00,0.0,0.0,0.0,0.0,0.0,0.0,0.0,0.0,0.0,27.01,26.94,0.31,0.42,16.23,0.0,True,23,15,19,7,6,0.0,0.0,0.0,0.00011030821475005642,0,0,1
2026-07-19 23:30:00,0.0,0.0,0.0,0.0,0.0,0.0,0.0,0.0,0.0,26.72,26.65,0.28,0.39,16.23,0.0,True,23,30,19,7,6,0.0,0.0,0.0,0.00011030821475005642,0,0,1
2026-07-19 23:45:00,0.0,0.0,0.0,0.0,0.0,0.0,0.0,0.0,0.0,27.01,27.03,0.33,0.42,16.23,0.0,True,23,45,19,7,6,0.0,0.0,0.0,0.00011030821475005642,0,0,1
2026-07-20 00:15:00,0.0,0.0,0.0,0.0,0.0,0.0,0.0,0.0,0.0,27.33,27.3,0.38,0.4,0.0,0.0,True,0,15,20,7,0,0.0,0.0,0.0,0.0,0,1,0
2026-07-20 00:30:00,0.0,0.0,0.0,0.0,0.0,0.0,0.0,0.0,0.0,27.39,27.3,0.34,0.41,0.0,0.0,True,0,30,20,7,0,0.0,0.0,0.0,0.0,0,1,0
2026-07-20 00:45:00,0.0,0.0,0.0,0.0,0.0,0.0,0.0,0.0,0.0,27.12,27.11,0.32,0.4,0.0,0.0,True,0,45,20,7,0,0.0,0.0,0.0,0.0,0,1,0
2026-07-20 01:00:00,0.0,0.0,0.0,0.0,0.0,0.0,0.0,0.0,0.0,27.21,27.26,0.31,0.39,0.0,0.0,True,1,0,20,7,0,0.0,0.0,0.0,0.0,0,1,0
2026-07-20 01:15:00,0.0,0.0,0.0,0.0,0.0,0.0,0.0,0.0,0.0,27.47,27.54,0.25,0.36,0.0,0.0,True,1,15,20,7,0,0.0,0.0,0.0,0.0,0,1,0
2026-07-20 01:30:00,0.0,0.0,0.0,0.0,0.0,0.0,0.0,0.0,0.0,27.06,27.06,0.28,0.37,0.0,0.0,True,1,30,20,7,0,0.0,0.0,0.0,0.0,0,1,0
2026-07-20 01:45:00,0.0,0.0,0.0,0.0,0.0,0.0,0.0,0.0,0.0,27.14,27.21,0.39,0.4,0.0,0.0,True,1,45,20,7,0,0.0,0.0,0.0,0.0,0,1,0
2026-07-20 02:00:00,0.0,0.0,0.0,0.0,0.0,0.0,0.0,0.0,0.0,26.91,26.93,0.33,0.39,0.0,0.0,True,2,0,20,7,0,0.0,0.0,0.0,0.0,0,1,0
2026-07-20 02:15:00,0.0,0.0,0.0,0.0,0.0,0.0,0.0,0.0,0.0,27.03,27.1,0.34,0.41,0.0,0.0,True,2,15,20,7,0,0.0,0.0,0.0,0.0,0,1,0
2026-07-20 02:30:00,0.0,0.0,0.0,0.0,0.0,0.0,0.0,0.0,0.0,26.82,26.88,0.33,0.4,0.0,0.0,True,2,30,20,7,0,0.0,0.0,0.0,0.0,0,1,0
2026-07-20 02:45:00,0.0,0.0,0.0,0.0,0.0,0.0,0.0,0.0,0.0,26.69,26.7,0.33,0.4,0.0,0.0,True,2,45,20,7,0,0.0,0.0,0.0,0.0,0,1,0
2026-07-20 03:00:00,0.0,0.0,0.0,0.0,0.0,0.0,0.0,0.0,0.0,26.32,26.32,0.39,0.42,0.0,0.0,True,3,0,20,7,0,0.0,0.0,0.0,0.0,0,1,0
2026-07-20 03:15:00,0.0,0.0,0.0,0.0,0.0,0.0,0.0,0.0,0.0,26.04,26.02,0.33,0.4,0.0,0.0,True,3,15,20,7,0,0.0,0.0,0.0,0.0,0,1,0
2026-07-20 03:30:00,0.0,0.0,0.0,0.0,0.0,0.0,0.0,0.0,0.0,26.18,26.23,0.28,0.39,0.0,0.0,True,3,30,20,7,0,0.0,0.0,0.0,0.0,0,1,0
2026-07-20 03:45:00,0.0,0.0,0.0,0.0,0.0,0.0,0.0,0.0,0.0,25.68,25.67,0.25,0.38,0.0,0.0,True,3,45,20,7,0,0.0,0.0,0.0,0.0,0,1,0
2026-07-20 04:00:00,0.0,0.0,0.0,0.0,0.0,0.0,0.0,0.0,0.0,25.45,25.38,0.4,0.43,0.0,0.0,True,4,0,20,7,0,0.0,0.0,0.0,0.0,0,1,0
2026-07-20 04:15:00,0.0,0.0,0.0,0.0,0.0,0.0,0.0,0.0,0.0,25.65,25.65,0.29,0.4,0.0,0.0,True,4,15,20,7,0,0.0,0.0,0.0,0.0,0,1,0
2026-07-20 04:30:00,0.0,0.0,0.0,0.0,0.0,0.0,0.0,0.0,0.0,25.08,25.11,0.38,0.43,0.0,0.0,True,4,30,20,7,0,0.0,0.0,0.0,0.0,0,1,0
2026-07-20 04:45:00,0.0,0.0,0.0,0.0,0.0,0.0,0.0,0.0,0.0,25.44,25.37,0.26,0.39,0.0,0.0,True,4,45,20,7,0,0.0,0.0,0.0,0.0,0,1,0
2026-07-20 05:00:00,0.0,0.0,0.0,0.0,0.0,0.0,0.0,0.0,0.0,25.0,25.03,0.49,0.45,0.0,0.0,True,5,0,20,7,0,0.0,0.0,0.0,0.0,0,1,0
2026-07-20 05:15:00,0.0,0.0,0.0,0.0,0.0,0.0,0.0,0.0,0.0,25.96,26.02,0.34,0.44,0.0,0.0,True,5,15,20,7,0,0.0,0.0,0.0,0.0,0,1,0
2026-07-20 05:30:00,0.0,0.0,0.0,0.0,0.0,0.0,0.0,0.0,0.0,26.39,26.5,0.22,0.39,0.0,0.0,True,5,30,20,7,0,0.0,0.0,0.0,0.0,0,1,0
2026-07-20 05:45:00,0.0,0.0,0.0,0.0,0.0,0.0,0.0,0.0,0.0,25.97,25.91,0.47,0.41,0.0,0.0,True,5,45,20,7,0,0.0,0.0,0.0,0.0,0,1,0
2026-07-20 06:00:00,6.84,0.0,0.0,0.0,0.0,4.82,4.99,4.88,5.06,26.07,26.07,3.63,3.04,0.0,17.21,True,6,0,20,7,0,0.0,0.0,2.28,3.9490758412570406,0,1,0
2026-07-20 06:15:00,66.67,15.31,15.79,12.66,13.06,26.35,27.19,26.49,27.33,26.47,26.68,13.54,12.77,0.0,44.99,True,6,15,20,7,0,6.84,0.0,24.503333333333334,36.67720318308545,0,1,0
2026-07-20 06:30:00,269.42,69.03,71.0,71.1,73.11,69.83,71.82,70.49,72.48,26.88,27.11,31.93,31.23,0.03,77.24,True,6,30,20,7,0,66.67,6.84,114.31,137.61991607321957,1,1,0
2026-07-20 06:45:00,543.49,135.57,138.24,139.24,141.96,138.56,141.28,139.52,142.25,27.87,27.99,61.02,60.71,0.09,81.87,True,6,45,20,7,0,269.42,66.67,293.1933333333333,239.29731848337403,1,1,0
2026-07-20 07:00:00,800.09,202.29,205.84,204.87,209.07,202.02,206.24,205.14,209.37,28.67,28.82,82.49,82.58,0.17,89.44,True,7,0,20,7,0,543.49,269.42,537.6666666666666,265.3829226482619,1,1,0
2026-07-20 07:15:00,1004.75,246.08,250.2,261.3,266.44,253.74,258.84,249.89,254.92,30.21,30.61,109.23,109.02,0.27,85.36,True,7,15,20,7,0,800.09,543.49,782.7766666666666,231.11687634903126,1,1,0
2026-07-20 07:30:00,2013.71,487.24,495.41,501.55,510.03,518.2,526.89,505.7,514.22,30.86,31.32,222.1,210.64,0.48,84.37,True,7,30,20,7,0,1004.75,800.09,1272.8500000000001,649.7126931190433,1,1,0
2026-07-20 07:45:00,2840.66,686.01,698.5,703.35,714.73,701.34,712.7,724.39,736.15,34.8,35.45,335.69,212.85,0.77,80.03,True,7,45,20,7,0,2013.71,1004.75,1953.04,919.4574588854018,1,1,0
2026-07-20 08:00:00,3258.63,789.88,805.27,822.62,836.23,814.14,827.68,824.95,838.66,37.4,38.08,400.09,306.28,1.11,77.87,True,8,0,20,7,0,2840.66,2013.71,2704.3333333333335,633.557551950361,1,1,0
2026-07-20 08:15:00,2008.61,495.36,503.61,521.03,529.65,491.74,499.94,500.92,509.25,37.17,37.82,217.48,214.66,1.32,88.22,True,8,15,20,7,0,3258.63,2840.66,2702.633333333333,636.3379767335394,1,1,0
2026-07-20 08:30:00,2479.39,607.89,618.7,626.9,637.18,626.38,636.62,629.04,639.33,34.98,35.72,257.24,255.0,1.57,91.22,True,8,30,20,7,0,2008.61,3258.63,2582.21,631.3212054097354,1,1,0
2026-07-20 08:45:00,3084.35,761.09,775.49,794.97,807.83,760.23,772.51,773.1,785.59,36.99,37.4,340.05,334.89,1.9,86.57,True,8,45,20,7,0,2479.39,2008.61,2524.116666666667,539.2629163342632,1,1,0
2026-07-20 09:00:00,2551.26,628.79,639.85,653.88,664.59,632.02,642.4,642.52,653.06,36.12,36.42,257.9,255.37,2.17,94.08,True,9,0,20,7,0,3084.35,2479.39,2705.0,330.4862192285799,1,1,0
2026-07-20 09:15:00,2801.99,679.79,692.06,700.1,711.39,715.49,727.02,709.68,721.13,35.98,36.33,284.24,284.89,2.45,93.69,True,9,15,20,7,0,2551.26,3084.35,2812.5333333333333,266.7013468907387,1,1,0
2026-07-20 09:30:00,3130.74,768.58,783.13,781.53,794.02,788.61,801.23,791.88,804.56,37.15,37.84,318.22,318.02,2.78,93.96,True,9,30,20,7,0,2801.99,2551.26,2827.9966666666664,290.61405271138216,1,1,0
2026-07-20 09:45:00,3715.42,908.18,926.66,939.11,954.62,936.25,951.71,935.65,951.1,37.71,38.35,374.31,373.2,3.16,95.03,True,9,45,20,7,0,3130.74,2801.99,3216.0499999999997,462.6520704590007,1,1,0
2026-07-20 10:00:00,4196.31,1023.76,1045.64,1070.42,1088.58,1037.26,1054.75,1057.73,1075.63,40.08,40.7,447.52,441.65,3.59,90.67,True,10,0,20,7,0,3715.42,3130.74,3680.8233333333333,533.6267920872533,1,1,0
2026-07-20 10:15:00,4168.46,1024.48,1046.32,1093.04,1111.63,1017.45,1034.51,1044.39,1061.99,40.39,40.86,446.46,440.3,4.04,90.41,True,10,15,20,7,0,4196.31,3715.42,4026.7299999999996,269.961743030375,1,1,0
2026-07-20 10:30:00,5287.68,1151.63,1177.07,1360.37,1385.86,1362.38,1388.0,1370.6,1396.46,43.5,44.29,566.55,537.06,4.57,91.58,True,10,30,20,7,0,4168.46,4196.31,4550.816666666667,638.2942774561985,1,1,0
2026-07-20 10:45:00,7180.63,1386.08,1418.12,1770.05,1806.25,2080.19,2124.84,1996.51,2038.78,49.81,50.77,957.09,679.74,5.32,75.68,True,10,45,20,7,0,5287.68,4168.46,5545.59,1522.5571264487894,1,1,0
2026-07-20 11:00:00,7505.57,1374.38,1406.09,2100.56,2146.2,1920.79,1961.15,2101.45,2147.07,55.35,55.37,992.14,428.97,6.08,78.24,True,11,0,20,7,0,7180.63,5287.68,6657.96,1197.7674898326432,1,1,0
2026-07-20 11:15:00,7157.2,1365.63,1397.13,1995.06,2037.64,1778.23,1814.36,1955.04,1996.48,54.2,54.16,952.1,860.74,6.82,77.34,True,11,15,20,7,0,7505.57,7180.63,7281.133333333334,194.72057989160555,1,1,0
2026-07-20 11:30:00,4380.43,1053.7,1076.32,1209.37,1231.19,1169.41,1190.75,1191.99,1213.71,51.78,52.21,681.85,672.05,7.32,65.38,True,11,30,20,7,0,7157.2,7505.57,6347.733333333334,1712.6156072608135,1,1,0
2026-07-20 11:45:00,3398.92,832.58,848.88,893.38,907.98,830.19,843.59,850.07,863.85,42.57,43.13,358.3,352.91,7.67,92.72,True,11,45,20,7,0,4380.43,7157.2,4978.849999999999,1949.2939778032448,1,1,0
2026-07-20 12:00:00,4974.67,1168.13,1194.24,1315.72,1339.79,1214.39,1235.83,1275.52,1298.59,42.4,42.89,482.79,482.94,8.18,100.64,True,12,0,20,7,0,3398.92,4380.43,4251.34,795.7670429843151,1,0,1
2026-07-20 12:15:00,5494.29,1280.51,1309.71,1430.86,1457.4,1375.9,1401.17,1419.98,1446.51,47.26,48.06,663.77,669.94,8.76,82.57,True,12,15,20,7,0,4974.67,3398.92,4622.626666666667,1091.1437763344172,1,0,1
2026-07-20 12:30:00,3495.73,848.59,865.59,876.56,891.08,889.93,904.75,904.77,919.87,46.23,46.68,401.7,400.25,9.12,86.41,True,12,30,20,7,0,5494.29,4974.67,4654.8966666666665,1036.9434685330402,1,0,1
2026-07-20 12:45:00,3013.45,710.1,724.17,716.99,729.2,866.77,882.85,792.21,806.36,41.26,41.74,219.02,218.03,9.41,133.72,True,12,45,20,7,0,3495.73,5494.29,4001.1566666666663,1315.3835421402132,1,0,1
2026-07-20 13:00:00,4201.29,965.58,985.86,1266.04,1289.93,895.28,910.99,1043.65,1062.9,44.1,44.45,532.43,530.4,9.88,77.63,True,13,0,20,7,0,3013.45,3495.73,3570.156666666667,597.4072839640766,1,0,1
2026-07-20 13:15:00,3259.12,805.59,821.27,793.13,806.07,857.82,872.09,826.83,840.39,40.86,40.85,295.42,297.16,10.22,107.04,True,13,15,20,7,0,4201.29,3013.45,3491.286666666667,627.0302921178011,1,0,1
2026-07-20 13:30:00,4727.37,1093.52,1117.44,1353.61,1379.94,1178.92,1201.22,1174.63,1196.6,42.11,42.19,455.05,449.97,10.68,101.33,True,13,30,20,7,0,3259.12,4201.29,4062.593333333333,743.8864763075975,1,0,1
2026-07-20 13:45:00,6347.07,1344.99,1376.02,1687.34,1721.18,1657.46,1690.42,1660.4,1693.39,48.39,48.49,860.25,868.8,11.37,73.96,True,13,45,20,7,0,4727.37,3259.12,4777.8533333333335,1544.5938708389765,1,0,1
2026-07-20 14:00:00,7764.79,1391.57,1423.72,2189.86,2237.76,2059.23,2103.21,2127.03,2173.05,55.37,55.23,963.62,972.89,12.15,83.35,True,14,0,20,7,0,6347.07,4727.37,6279.743333333335,1519.8288469868346,1,0,1
2026-07-20 14:15:00,6861.09,1386.73,1418.78,1901.26,1940.7,1760.09,1795.45,1862.5,1900.81,56.45,56.39,869.54,884.23,12.88,82.02,True,14,15,20,7,0,7764.79,6347.07,6990.983333333334,717.7302474699881,1,0,1
2026-07-20 14:30:00,6492.8,1286.49,1315.75,1696.47,1730.92,1728.07,1762.79,1758.09,1793.79,54.51,54.92,788.97,783.86,13.56,84.79,True,14,30,20,7,0,6861.09,7764.79,7039.56,654.5061464188069,1,0,1
2026-07-20 14:45:00,6410.61,1371.45,1403.14,1733.43,1768.15,1586.98,1617.88,1681.91,1715.38,55.01,55.75,738.03,758.24,14.21,89.69,True,14,45,20,7,0,6492.8,6861.09,6588.166666666667,239.90447772672064,1,0,1
2026-07-20 15:00:00,5268.64,1295.57,1325.23,1614.53,1646.27,1116.26,1137.35,1273.89,1298.43,48.8,48.92,636.99,650.58,14.77,83.07,True,15,0,20,7,0,6410.61,6492.8,6057.349999999999,684.2780115567043,1,0,1
2026-07-20 15:15:00,5786.19,1288.58,1318.09,1661.29,1693.85,1388.85,1415.52,1472.42,1500.98,50.49,51.16,657.78,660.49,15.38,89.01,True,15,15,20,7,0,5268.64,6410.61,5821.813333333334,571.8178351829632,1,0,1
2026-07-20 15:30:00,5567.52,1258.35,1286.97,1343.49,1368.94,1477.27,1505.27,1504.02,1532.93,50.33,50.44,716.4,720.78,15.95,78.58,True,15,30,20,7,0,5786.19,5268.64,5540.783333333333,259.8088482583515,1,0,1
2026-07-20 15:45:00,4808.65,1113.87,1138.57,1272.93,1296.42,1225.85,1248.15,1209.09,1231.06,49.91,50.33,557.99,547.69,16.47,86.98,True,15,45,20,7,0,5567.52,5786.19,5387.453333333334,513.0439710525129,1,0,1
2026-07-20 16:00:00,4701.65,1122.3,1147.32,1161.82,1182.38,1176.01,1197.11,1213.96,1235.68,46.93,47.64,586.97,597.07,16.95,79.78,True,16,0,20,7,0,4808.65,5567.52,5025.9400000000005,472.06347274492583,1,0,1
2026-07-20 16:15:00,4142.43,1035.05,1057.55,1083.4,1102.05,991.18,1008.07,1073.48,1092.0,45.15,45.63,423.34,430.54,17.38,96.71,True,16,15,20,7,0,4701.65,4808.65,4550.91,357.77672199292056,1,0,1
2026-07-20 16:30:00,3562.56,858.87,876.65,907.58,923.02,933.92,949.72,878.92,893.93,43.43,43.75,446.84,454.58,17.75,78.21,True,16,30,20,7,0,4142.43,4701.65,4135.546666666667,569.5761952832419,1,0,1
2026-07-20 16:45:00,3335.96,805.09,821.02,849.41,863.45,840.4,854.15,838.06,851.86,42.96,43.52,385.11,392.79,18.11,84.81,True,16,45,20,7,0,3562.56,4142.43,3680.316666666667,415.93081111326023,1,0,1
2026-07-20 17:00:00,2921.95,702.94,715.94,690.82,702.09,763.02,775.36,765.55,777.89,41.38,41.83,351.2,358.34,18.41,80.9,True,17,0,20,7,0,3335.96,3562.56,3273.4900000000002,324.84175947682814,1,0,1
2026-07-20 17:15:00,1961.96,472.38,480.47,475.53,483.68,511.41,520.01,502.45,510.96,39.58,39.71,220.41,225.96,18.62,85.9,True,17,15,20,7,0,2921.95,3335.96,2739.956666666667,704.8476289477998,1,0,1
2026-07-20 17:30:00,834.9,210.17,213.84,218.97,223.9,204.19,208.99,212.2,217.07,36.2,36.21,114.95,117.71,18.71,69.09,True,17,30,20,7,0,1961.96,2921.95,1906.2700000000002,1044.6389125913329,1,0,1
2026-07-20 17:45:00,342.35,87.71,89.76,84.98,87.63,89.24,92.01,89.63,92.41,33.72,33.81,36.92,38.21,18.75,87.31,True,17,45,20,7,0,834.9,1961.96,1046.4033333333336,830.261635289345,1,0,1
2026-07-20 18:00:00,256.57,68.42,70.2,68.03,70.16,66.26,68.34,66.97,69.07,31.77,31.79,24.86,23.56,18.77,96.4,True,18,0,20,7,0,342.35,834.9,477.9400000000003,312.09755413973517,1,0,1
2026-07-20 18:15:00,43.17,15.78,16.3,14.21,14.71,11.92,12.35,12.34,12.78,28.96,29.15,4.65,3.01,18.78,85.64,True,18,15,20,7,0,256.57,342.35,214.0300000000003,154.05975074627816,0,0,1
2026-07-20 18:30:00,45.53,14.88,15.37,14.94,15.43,15.45,15.96,15.23,15.74,26.72,26.74,7.77,6.73,18.78,53.6,True,18,30,20,7,0,43.17,256.57,115.0900000000003,122.5309560886779,0,0,1
2026-07-20 18:45:00,12.74,3.81,3.96,3.72,3.86,4.02,4.18,3.82,3.97,26.9,26.94,3.35,3.03,18.78,34.81,True,18,45,20,7,0,45.53,43.17,33.81333333333364,18.288150079736848,0,0,1
2026-07-20 19:00:00,0.0,0.0,0.0,0.0,0.0,0.0,0.0,0.0,0.0,26.39,26.41,0.38,0.43,18.78,0.0,True,19,0,20,7,0,12.74,45.53,19.423333333333638,23.489262085876646,0,0,1
2026-07-20 19:15:00,0.0,0.0,0.0,0.0,0.0,0.0,0.0,0.0,0.0,27.07,27.19,0.22,0.4,18.78,0.0,True,19,15,20,7,0,0.0,12.74,4.24666666666697,7.355442429862845,0,0,1
2026-07-20 19:30:00,0.0,0.0,0.0,0.0,0.0,0.0,0.0,0.0,0.0,26.77,26.76,0.29,0.43,18.78,0.0,True,19,30,20,7,0,0.0,0.0,0.0,7.549934742732194e-05,0,0,1
2026-07-20 19:45:00,0.0,0.0,0.0,0.0,0.0,0.0,0.0,0.0,0.0,26.82,26.82,0.28,0.44,18.78,0.0,True,19,45,20,7,0,0.0,0.0,0.0,7.549934742732194e-05,0,0,1
2026-07-20 20:00:00,0.0,0.0,0.0,0.0,0.0,0.0,0.0,0.0,0.0,27.02,27.06,0.59,0.48,18.78,0.0,True,20,0,20,7,0,0.0,0.0,0.0,7.549934742732194e-05,0,0,1
2026-07-20 20:15:00,0.0,0.0,0.0,0.0,0.0,0.0,0.0,0.0,0.0,27.26,27.3,0.73,0.47,18.78,0.0,True,20,15,20,7,0,0.0,0.0,0.0,7.549934742732194e-05,0,0,1
2026-07-20 20:30:00,0.0,0.0,0.0,0.0,0.0,0.0,0.0,0.0,0.0,27.18,27.3,1.07,0.74,18.78,0.0,True,20,30,20,7,0,0.0,0.0,0.0,7.549934742732194e-05,0,0,1
2026-07-20 20:45:00,0.0,0.0,0.0,0.0,0.0,0.0,0.0,0.0,0.0,27.17,27.19,0.71,0.54,18.78,0.0,True,20,45,20,7,0,0.0,0.0,0.0,7.549934742732194e-05,0,0,1
2026-07-20 21:00:00,0.0,0.0,0.0,0.0,0.0,0.0,0.0,0.0,0.0,27.4,27.46,0.77,0.5,18.78,0.0,True,21,0,20,7,0,0.0,0.0,0.0,7.549934742732194e-05,0,0,1
2026-07-20 21:15:00,0.0,0.0,0.0,0.0,0.0,0.0,0.0,0.0,0.0,26.91,26.87,0.83,0.45,18.78,0.0,True,21,15,20,7,0,0.0,0.0,0.0,7.549934742732194e-05,0,0,1
2026-07-20 21:30:00,0.0,0.0,0.0,0.0,0.0,0.0,0.0,0.0,0.0,27.25,27.38,0.65,0.46,18.78,0.0,True,21,30,20,7,0,0.0,0.0,0.0,7.549934742732194e-05,0,0,1
2026-07-20 21:45:00,0.0,0.0,0.0,0.0,0.0,0.0,0.0,0.0,0.0,26.7,26.57,0.64,0.42,18.78,0.0,True,21,45,20,7,0,0.0,0.0,0.0,7.549934742732194e-05,0,0,1
2026-07-20 22:00:00,0.0,0.0,0.0,0.0,0.0,0.0,0.0,0.0,0.0,26.92,26.86,0.84,0.42,18.78,0.0,True,22,0,20,7,0,0.0,0.0,0.0,7.549934742732194e-05,0,0,1
2026-07-20 22:15:00,0.0,0.0,0.0,0.0,0.0,0.0,0.0,0.0,0.0,26.85,26.88,0.79,0.44,18.78,0.0,True,22,15,20,7,0,0.0,0.0,0.0,7.549934742732194e-05,0,0,1
2026-07-20 22:30:00,0.0,0.0,0.0,0.0,0.0,0.0,0.0,0.0,0.0,27.27,27.23,0.42,0.42,18.78,0.0,True,22,30,20,7,0,0.0,0.0,0.0,7.549934742732194e-05,0,0,1
2026-07-20 22:45:00,0.0,0.0,0.0,0.0,0.0,0.0,0.0,0.0,0.0,27.32,27.42,0.41,0.43,18.78,0.0,True,22,45,20,7,0,0.0,0.0,0.0,7.549934742732194e-05,0,0,1
2026-07-20 23:00:00,0.0,0.0,0.0,0.0,0.0,0.0,0.0,0.0,0.0,26.75,26.75,0.77,0.46,18.78,0.0,True,23,0,20,7,0,0.0,0.0,0.0,7.549934742732194e-05,0,0,1
2026-07-20 23:15:00,0.0,0.0,0.0,0.0,0.0,0.0,0.0,0.0,0.0,26.57,26.54,0.74,0.4,18.78,0.0,True,23,15,20,7,0,0.0,0.0,0.0,7.549934742732194e-05,0,0,1
2026-07-20 23:30:00,0.0,0.0,0.0,0.0,0.0,0.0,0.0,0.0,0.0,27.22,27.35,0.64,0.42,18.78,0.0,True,23,30,20,7,0,0.0,0.0,0.0,7.549934742732194e-05,0,0,1
2026-07-20 23:45:00,0.0,0.0,0.0,0.0,0.0,0.0,0.0,0.0,0.0,26.96,26.98,0.34,0.44,18.78,0.0,True,23,45,20,7,0,0.0,0.0,0.0,7.549934742732194e-05,0,0,1
2026-07-21 00:15:00,0.0,0.0,0.0,0.0,0.0,0.0,0.0,0.0,0.0,27.1,27.14,0.39,0.35,0.0,0.0,True,0,15,21,7,1,0.0,0.0,0.0,0.0,0,1,0
2026-07-21 00:30:00,0.0,0.0,0.0,0.0,0.0,0.0,0.0,0.0,0.0,26.92,27.04,0.38,0.42,0.0,0.0,True,0,30,21,7,1,0.0,0.0,0.0,0.0,0,1,0
2026-07-21 00:45:00,0.0,0.0,0.0,0.0,0.0,0.0,0.0,0.0,0.0,26.76,26.83,0.58,0.48,0.0,0.0,True,0,45,21,7,1,0.0,0.0,0.0,0.0,0,1,0
2026-07-21 01:00:00,0.0,0.0,0.0,0.0,0.0,0.0,0.0,0.0,0.0,26.89,26.96,0.56,0.48,0.0,0.0,True,1,0,21,7,1,0.0,0.0,0.0,0.0,0,1,0
2026-07-21 01:15:00,0.0,0.0,0.0,0.0,0.0,0.0,0.0,0.0,0.0,25.97,26.0,0.66,0.49,0.0,0.0,True,1,15,21,7,1,0.0,0.0,0.0,0.0,0,1,0
2026-07-21 01:30:00,0.0,0.0,0.0,0.0,0.0,0.0,0.0,0.0,0.0,25.75,25.84,0.48,0.46,0.0,0.0,True,1,30,21,7,1,0.0,0.0,0.0,0.0,0,1,0
2026-07-21 01:45:00,0.0,0.0,0.0,0.0,0.0,0.0,0.0,0.0,0.0,25.56,25.64,0.98,0.73,0.0,0.0,True,1,45,21,7,1,0.0,0.0,0.0,0.0,0,1,0
2026-07-21 02:00:00,0.0,0.0,0.0,0.0,0.0,0.0,0.0,0.0,0.0,25.46,25.51,0.91,0.6,0.0,0.0,True,2,0,21,7,1,0.0,0.0,0.0,0.0,0,1,0
2026-07-21 02:15:00,0.0,0.0,0.0,0.0,0.0,0.0,0.0,0.0,0.0,25.32,25.32,0.57,0.46,0.0,0.0,True,2,15,21,7,1,0.0,0.0,0.0,0.0,0,1,0
2026-07-21 02:30:00,0.0,0.0,0.0,0.0,0.0,0.0,0.0,0.0,0.0,24.89,24.89,0.53,0.47,0.0,0.0,True,2,30,21,7,1,0.0,0.0,0.0,0.0,0,1,0
2026-07-21 02:45:00,0.0,0.0,0.0,0.0,0.0,0.0,0.0,0.0,0.0,25.23,25.33,0.51,0.5,0.0,0.0,True,2,45,21,7,1,0.0,0.0,0.0,0.0,0,1,0
2026-07-21 03:00:00,0.0,0.0,0.0,0.0,0.0,0.0,0.0,0.0,0.0,24.99,25.0,0.57,0.53,0.0,0.0,True,3,0,21,7,1,0.0,0.0,0.0,0.0,0,1,0
2026-07-21 03:15:00,0.0,0.0,0.0,0.0,0.0,0.0,0.0,0.0,0.0,24.81,24.84,0.57,0.53,0.0,0.0,True,3,15,21,7,1,0.0,0.0,0.0,0.0,0,1,0
2026-07-21 03:30:00,0.0,0.0,0.0,0.0,0.0,0.0,0.0,0.0,0.0,25.13,25.21,0.57,0.55,0.0,0.0,True,3,30,21,7,1,0.0,0.0,0.0,0.0,0,1,0
2026-07-21 03:45:00,0.0,0.0,0.0,0.0,0.0,0.0,0.0,0.0,0.0,24.93,24.95,0.38,0.43,0.0,0.0,True,3,45,21,7,1,0.0,0.0,0.0,0.0,0,1,0
2026-07-21 04:00:00,0.0,0.0,0.0,0.0,0.0,0.0,0.0,0.0,0.0,24.27,24.19,0.47,0.47,0.0,0.0,True,4,0,21,7,1,0.0,0.0,0.0,0.0,0,1,0
2026-07-21 04:15:00,0.0,0.0,0.0,0.0,0.0,0.0,0.0,0.0,0.0,24.97,25.06,0.47,0.54,0.0,0.0,True,4,15,21,7,1,0.0,0.0,0.0,0.0,0,1,0
2026-07-21 04:30:00,0.0,0.0,0.0,0.0,0.0,0.0,0.0,0.0,0.0,24.98,25.05,0.42,0.5,0.0,0.0,True,4,30,21,7,1,0.0,0.0,0.0,0.0,0,1,0
2026-07-21 04:45:00,0.0,0.0,0.0,0.0,0.0,0.0,0.0,0.0,0.0,25.09,25.19,0.42,0.5,0.0,0.0,True,4,45,21,7,1,0.0,0.0,0.0,0.0,0,1,0
2026-07-21 05:00:00,0.0,0.0,0.0,0.0,0.0,0.0,0.0,0.0,0.0,24.91,24.97,0.43,0.5,0.0,0.0,True,5,0,21,7,1,0.0,0.0,0.0,0.0,0,1,0
2026-07-21 05:15:00,0.0,0.0,0.0,0.0,0.0,0.0,0.0,0.0,0.0,24.93,25.04,0.41,0.48,0.0,0.0,True,5,15,21,7,1,0.0,0.0,0.0,0.0,0,1,0
2026-07-21 05:30:00,0.0,0.0,0.0,0.0,0.0,0.0,0.0,0.0,0.0,24.61,24.65,0.49,0.53,0.0,0.0,True,5,30,21,7,1,0.0,0.0,0.0,0.0,0,1,0
2026-07-21 05:45:00,0.0,0.0,0.0,0.0,0.0,0.0,0.0,0.0,0.0,25.04,25.17,0.53,0.51,0.0,0.0,True,5,45,21,7,1,0.0,0.0,0.0,0.0,0,1,0
2026-07-21 06:00:00,0.0,0.0,0.0,0.0,0.0,0.0,0.0,0.0,0.0,24.63,24.66,1.13,0.73,0.0,0.0,True,6,0,21,7,1,0.0,0.0,0.0,0.0,0,1,0
2026-07-21 06:15:00,0.0,0.0,0.0,0.0,0.0,0.0,0.0,0.0,0.0,24.92,25.08,3.06,2.52,0.0,0.0,True,6,15,21,7,1,0.0,0.0,0.0,0.0,0,1,0
2026-07-21 06:30:00,0.0,0.0,0.0,0.0,0.0,0.0,0.0,0.0,0.0,24.76,24.79,5.59,5.05,0.0,0.0,True,6,30,21,7,1,0.0,0.0,0.0,0.0,0,1,0
2026-07-21 06:45:00,12.32,0.0,0.0,0.0,0.0,12.74,13.15,2.6,2.68,25.12,25.41,9.55,8.92,0.0,11.74,True,6,45,21,7,1,0.0,0.0,4.1066666666666665,7.1129553164161905,0,1,0
2026-07-21 07:00:00,61.49,7.5,7.73,2.69,2.78,31.28,32.27,31.76,32.76,25.02,25.0,14.71,14.03,0.01,37.98,True,7,0,21,7,1,12.32,0.0,24.603333333333335,32.53329422811858,0,1,0
2026-07-21 07:15:00,179.46,47.11,48.57,49.01,50.53,46.81,48.26,47.59,49.07,25.18,25.31,20.76,19.95,0.02,78.61,True,7,15,21,7,1,61.49,12.32,84.42333333333333,85.89760318736101,0,1,0
2026-07-21 07:30:00,240.13,62.03,63.93,64.66,66.61,61.38,63.26,62.47,64.38,25.6,25.69,26.42,25.45,0.05,82.78,True,7,30,21,7,1,179.46,61.49,160.36,90.83870265476051,1,1,0
2026-07-21 07:45:00,294.69,75.48,77.63,78.62,80.81,74.92,77.05,76.07,78.22,25.4,25.48,31.61,30.53,0.08,84.86,True,7,45,21,7,1,240.13,179.46,238.09333333333333,57.64199192718211,1,1,0
2026-07-21 08:00:00,351.46,89.28,91.59,92.86,95.21,88.81,91.11,90.19,92.51,25.83,25.88,36.65,35.61,0.12,87.42,True,8,0,21,7,1,294.69,240.13,295.4266666666667,55.668655752886025,1,1,0
2026-07-21 08:15:00,432.54,109.16,111.6,113.36,115.81,109.03,111.46,110.61,113.04,26.01,26.15,44.25,43.21,0.16,89.18,True,8,15,21,7,1,351.46,294.69,359.56333333333333,69.28133683275273,1,1,0
2026-07-21 08:30:00,553.21,138.91,141.58,143.78,146.52,139.03,141.7,140.98,143.68,25.95,26.06,55.26,54.23,0.22,91.31,True,8,30,21,7,1,432.54,351.46,445.7366666666667,101.52034098314171,1,1,0
2026-07-21 08:45:00,713.06,179.11,182.37,185.84,189.52,165.99,169.29,180.02,183.55,25.93,25.98,68.51,67.4,0.29,94.93,True,8,45,21,7,1,553.21,432.54,566.27,140.71528097545067,1,1,0
2026-07-21 09:00:00,901.72,226.16,230.01,233.76,238.67,223.69,228.57,225.64,230.52,26.93,27.07,85.51,84.22,0.38,96.57,True,9,0,21,7,1,713.06,553.21,722.6633333333333,174.4533548927431,1,1,0
2026-07-21 09:15:00,1147.89,286.42,291.14,295.33,300.94,286.27,291.74,288.32,293.81,27.2,27.57,105.79,104.31,0.5,99.47,True,9,15,21,7,1,901.72,713.06,920.89,218.04792798832122,1,1,0
2026-07-21 09:30:00,1388.13,344.95,350.53,356.53,363.02,345.18,351.52,348.08,354.46,27.91,28.31,132.62,130.73,0.65,96.23,True,9,30,21,7,1,1147.89,901.72,1145.9133333333334,243.2110244897082,1,1,0
2026-07-21 09:45:00,1649.91,408.91,415.5,423.07,430.43,408.38,415.56,412.87,420.1,28.24,28.46,149.63,147.54,0.82,101.51,True,9,45,21,7,1,1388.13,1147.89,1395.3100000000002,251.08700563748823,1,1,0
2026-07-21 10:00:00,1864.83,462.4,470.01,479.64,487.66,460.52,468.33,465.66,473.52,28.63,29.03,174.28,171.59,1.01,98.66,True,10,0,21,7,1,1649.91,1388.13,1634.29,238.73355608292675,1,1,0
2026-07-21 10:15:00,2055.13,509.23,517.76,528.21,536.93,509.63,518.05,514.45,522.94,29.23,29.72,191.67,188.47,1.22,99.11,True,10,15,21,7,1,1864.83,1649.91,1856.6233333333332,202.7346150348607,1,1,0
2026-07-21 10:30:00,2085.29,517.02,525.7,535.62,544.45,514.97,523.47,522.37,530.99,29.36,29.73,197.49,193.59,1.44,97.65,True,10,30,21,7,1,2055.13,1864.83,2001.75,119.53125616339736,1,1,0
2026-07-21 10:45:00,2081.26,514.58,523.22,539.73,548.64,512.51,520.96,517.86,526.4,29.41,29.52,194.61,190.35,1.66,98.93,True,10,45,21,7,1,2085.29,2055.13,2073.8933333333334,16.37398037536931,1,1,0
2026-07-21 11:00:00,1971.31,489.43,497.57,510.28,518.71,486.46,494.57,493.09,501.27,29.39,29.6,182.48,178.69,1.86,99.92,True,11,0,21,7,1,2081.26,2085.29,2045.9533333333336,64.67442023963577,1,1,0
2026-07-21 11:15:00,1756.51,436.28,443.38,452.22,459.93,435.19,442.7,439.93,447.5,28.68,28.88,167.91,164.77,2.05,96.48,True,11,15,21,7,1,1971.31,2081.26,1936.36,165.17193314846122,1,1,0
2026-07-21 11:30:00,1779.26,439.89,447.06,455.64,463.39,443.72,451.34,446.61,454.26,28.89,29.06,167.66,164.91,2.23,97.95,True,11,30,21,7,1,1756.51,1971.31,1835.6933333333334,117.9970373921865,1,1,0
2026-07-21 11:45:00,1721.23,426.15,433.06,439.85,447.42,428.62,436.05,431.81,439.29,28.87,28.8,162.48,160.03,2.41,97.78,True,11,45,21,7,1,1779.26,1756.51,1752.3333333333333,29.239590170402423,1,1,0
2026-07-21 12:00:00,1771.49,439.27,446.43,453.55,461.28,440.44,448.02,444.68,452.31,28.71,28.9,164.68,162.38,2.59,99.22,True,12,0,21,7,1,1721.23,1779.26,1757.3266666666666,31.501114795084497,1,0,1
2026-07-21 12:15:00,1845.81,457.6,465.11,473.25,481.21,456.99,464.76,462.73,470.57,28.8,28.92,170.86,168.6,2.79,99.68,True,12,15,21,7,1,1771.49,1721.23,1779.51,62.676027315072815,1,0,1
2026-07-21 12:30:00,1986.04,492.0,500.18,511.28,519.72,489.58,497.71,496.91,505.14,28.93,29.26,183.51,181.32,2.99,99.91,True,12,30,21,7,1,1845.81,1771.49,1867.78,108.9492372621293,1,0,1
2026-07-21 12:45:00,2093.74,520.21,528.96,543.55,552.52,513.22,521.68,522.4,531.02,29.02,29.09,194.12,191.55,3.21,99.61,True,12,45,21,7,1,1986.04,1845.81,1975.1966666666667,124.32016985724026,1,0,1
2026-07-21 13:00:00,2060.61,509.12,517.66,523.76,532.44,509.72,518.21,514.67,523.23,29.46,29.61,196.14,194.24,3.42,97.2,True,13,0,21,7,1,2093.74,1986.04,2046.7966666666664,55.16274678923349,1,0,1
2026-07-21 13:15:00,2051.91,506.8,515.3,528.97,537.75,511.37,519.93,513.07,521.63,29.48,29.58,205.91,203.5,3.64,92.21,True,13,15,21,7,1,2060.61,2093.74,2068.7533333333336,22.071987525664532,1,0,1
2026-07-21 13:30:00,1747.63,438.94,446.09,464.8,472.66,414.1,421.36,432.42,439.9,29.09,29.21,163.24,160.2,3.82,98.9,True,13,30,21,7,1,2051.91,2060.61,1953.3833333333332,178.24070279633975,1,0,1
2026-07-21 13:45:00,1785.15,445.45,452.73,467.72,475.61,433.05,440.53,443.24,450.85,28.55,28.59,168.76,165.39,4.01,97.5,True,13,45,21,7,1,1747.63,2051.91,1861.5633333333335,165.90909478787802,1,0,1
2026-07-21 14:00:00,2031.29,505.74,514.21,508.17,516.62,507.14,515.57,514.05,522.57,29.69,29.89,196.09,192.84,4.22,95.93,True,14,0,21,7,1,1785.15,1747.63,1854.6899999999998,154.08636409494449,1,0,1
2026-07-21 14:15:00,1935.6,485.85,493.91,508.93,517.33,464.03,471.87,481.27,489.32,30.04,30.37,183.06,181.01,4.42,98.06,True,14,15,21,7,1,2031.29,1785.15,1917.3466666666666,124.08107443656817,1,0,1
2026-07-21 14:30:00,2197.97,548.32,557.65,572.11,581.56,533.46,542.26,547.45,556.49,29.94,30.43,210.65,207.06,4.64,96.72,True,14,30,21,7,1,1935.6,2031.29,2054.9533333333334,132.77601151312405,1,0,1
2026-07-21 14:45:00,1969.55,489.7,497.84,503.11,511.45,485.77,493.87,495.46,503.69,29.8,30.0,189.72,186.79,4.85,96.18,True,14,45,21,7,1,2197.97,1935.6,2034.3733333333332,142.6921603779732,1,0,1
2026-07-21 15:00:00,2151.05,534.5,543.54,543.6,552.57,532.33,541.12,543.59,552.56,30.51,30.72,202.82,200.12,5.07,98.54,True,15,0,21,7,1,1969.55,2197.97,2106.19,120.63680532905362,1,0,1
2026-07-21 15:15:00,2242.32,564.51,574.18,587.51,597.21,534.87,543.77,557.47,566.69,30.49,30.56,212.51,210.52,5.31,98.03,True,15,15,21,7,1,2151.05,1969.55,2120.9733333333334,138.8500004801346,1,0,1
2026-07-21 15:30:00,1974.75,493.78,502.0,518.43,527.01,475.45,483.43,490.65,498.83,31.65,31.51,192.88,190.62,5.51,95.58,True,15,30,21,7,1,2242.32,2151.05,2122.706666666667,136.01814082442607,1,0,1
2026-07-21 15:45:00,1740.11,432.68,439.72,439.87,447.43,436.64,444.16,436.44,443.96,33.32,33.78,174.35,173.68,5.69,93.81,True,15,45,21,7,1,1974.75,2242.32,1985.7266666666667,251.28487107928595,1,0,1
2026-07-21 16:00:00,2110.24,521.86,530.66,529.27,538.09,532.24,541.08,531.15,539.98,33.1,33.41,203.11,202.69,5.91,97.57,True,16,0,21,7,1,1740.11,1974.75,1941.7,187.26526933737586,1,0,1
2026-07-21 16:15:00,2358.27,584.09,594.16,604.82,614.81,583.93,593.57,590.92,600.67,35.18,35.8,238.52,237.26,6.15,93.65,True,16,15,21,7,1,2110.24,1740.11,2069.54,311.08329093668806,1,0,1
2026-07-21 16:30:00,2097.97,520.02,528.77,536.01,544.86,519.91,528.5,526.56,535.25,35.46,35.84,214.54,213.74,6.38,92.74,True,16,30,21,7,1,2358.27,2110.24,2188.8266666666664,146.87042123359478,1,0,1
2026-07-21 16:45:00,1670.84,414.92,421.64,429.24,436.66,411.22,418.43,417.24,424.51,34.39,34.42,176.74,174.59,6.55,89.26,True,16,45,21,7,1,2097.97,2358.27,2042.36,347.07255048476526,1,0,1
2026-07-21 17:00:00,1253.22,312.13,317.25,323.82,329.85,308.38,314.18,313.14,319.01,33.27,33.36,126.04,123.97,6.68,93.44,True,17,0,21,7,1,1670.84,2097.97,1674.0100000000002,422.3839216873662,1,0,1
2026-07-21 17:15:00,840.51,210.69,214.35,217.81,222.66,206.94,211.71,210.08,214.87,31.14,31.22,89.44,87.9,6.77,87.54,True,17,15,21,7,1,1253.22,1670.84,1254.8566666666668,415.16741952293387,1,0,1
2026-07-21 17:30:00,570.59,143.99,146.73,147.65,151.88,142.83,146.99,143.73,147.91,29.9,30.06,59.63,59.34,6.83,88.69,True,17,30,21,7,1,840.51,1253.22,888.1066666666667,343.79501339218297,1,0,1
2026-07-21 17:45:00,481.73,122.41,124.88,125.38,129.22,120.53,124.25,121.5,125.24,28.5,28.6,49.77,49.12,6.88,89.2,True,17,45,21,7,1,570.59,840.51,630.9433333333335,186.84931290569648,1,0,1
2026-07-21 18:00:00,387.72,99.63,102.01,102.07,105.24,97.15,100.17,98.16,101.21,28.09,28.15,42.16,41.3,6.93,84.6,True,18,0,21,7,1,481.73,570.59,480.0133333333335,91.44708542829909,1,0,1
2026-07-21 18:15:00,226.48,59.91,61.71,60.72,62.64,57.05,58.86,57.9,59.74,27.69,27.94,25.99,25.01,6.95,80.06,True,18,15,21,7,1,387.72,481.73,365.3100000000002,129.09220232065576,1,0,1
2026-07-21 18:30:00,76.9,23.78,24.54,23.0,23.78,21.42,22.15,21.72,22.46,27.02,27.06,11.27,10.59,6.95,62.5,True,18,30,21,7,1,226.48,387.72,230.36666666666682,155.44644651239295,0,0,1
2026-07-21 18:45:00,10.92,4.22,4.38,3.07,3.21,3.3,3.45,3.22,3.37,26.95,26.91,3.02,2.47,6.95,31.42,True,18,45,21,7,1,76.9,226.48,104.76666666666682,110.44881951985745,0,0,1
2026-07-21 19:00:00,0.0,0.0,0.0,0.0,0.0,0.0,0.0,0.0,0.0,26.52,26.37,0.3,0.4,6.95,0.0,True,19,0,21,7,1,10.92,76.9,29.273333333333486,41.60572236279436,0,0,1
2026-07-21 19:15:00,0.0,0.0,0.0,0.0,0.0,0.0,0.0,0.0,0.0,26.55,26.64,0.27,0.34,6.95,0.0,True,19,15,21,7,1,0.0,10.92,3.6400000000001516,6.304664939277337,0,0,1
2026-07-21 19:30:00,0.0,0.0,0.0,0.0,0.0,0.0,0.0,0.0,0.0,26.03,25.93,0.29,0.4,6.95,0.0,True,19,30,21,7,1,0.0,0.0,0.0,0.0,0,0,1
2026-07-21 19:45:00,0.0,0.0,0.0,0.0,0.0,0.0,0.0,0.0,0.0,26.44,26.39,0.29,0.42,6.95,0.0,True,19,45,21,7,1,0.0,0.0,0.0,0.0,0,0,1
2026-07-21 20:00:00,0.0,0.0,0.0,0.0,0.0,0.0,0.0,0.0,0.0,26.04,25.95,0.36,0.45,6.95,0.0,True,20,0,21,7,1,0.0,0.0,0.0,0.0,0,0,1
2026-07-21 20:15:00,0.0,0.0,0.0,0.0,0.0,0.0,0.0,0.0,0.0,26.33,26.29,0.29,0.43,6.95,0.0,True,20,15,21,7,1,0.0,0.0,0.0,0.0,0,0,1
2026-07-21 20:30:00,0.0,0.0,0.0,0.0,0.0,0.0,0.0,0.0,0.0,26.41,26.39,0.31,0.43,6.95,0.0,True,20,30,21,7,1,0.0,0.0,0.0,0.0,0,0,1
2026-07-21 20:45:00,0.0,0.0,0.0,0.0,0.0,0.0,0.0,0.0,0.0,26.41,26.37,0.32,0.44,6.95,0.0,True,20,45,21,7,1,0.0,0.0,0.0,0.0,0,0,1
2026-07-21 21:00:00,0.0,0.0,0.0,0.0,0.0,0.0,0.0,0.0,0.0,26.61,26.64,0.21,0.37,6.95,0.0,True,21,0,21,7,1,0.0,0.0,0.0,0.0,0,0,1
2026-07-21 21:15:00,0.0,0.0,0.0,0.0,0.0,0.0,0.0,0.0,0.0,25.72,25.57,0.27,0.39,6.95,0.0,True,21,15,21,7,1,0.0,0.0,0.0,0.0,0,0,1
2026-07-21 21:30:00,0.0,0.0,0.0,0.0,0.0,0.0,0.0,0.0,0.0,26.84,26.9,0.36,0.46,6.95,0.0,True,21,30,21,7,1,0.0,0.0,0.0,0.0,0,0,1
2026-07-21 21:45:00,0.0,0.0,0.0,0.0,0.0,0.0,0.0,0.0,0.0,26.75,26.8,0.34,0.45,6.95,0.0,True,21,45,21,7,1,0.0,0.0,0.0,0.0,0,0,1
2026-07-21 22:00:00,0.0,0.0,0.0,0.0,0.0,0.0,0.0,0.0,0.0,26.17,26.16,0.31,0.43,6.95,0.0,True,22,0,21,7,1,0.0,0.0,0.0,0.0,0,0,1
2026-07-21 22:15:00,0.0,0.0,0.0,0.0,0.0,0.0,0.0,0.0,0.0,26.39,26.39,0.28,0.41,6.95,0.0,True,22,15,21,7,1,0.0,0.0,0.0,0.0,0,0,1
2026-07-21 22:30:00,0.0,0.0,0.0,0.0,0.0,0.0,0.0,0.0,0.0,26.35,26.34,0.24,0.39,6.95,0.0,True,22,30,21,7,1,0.0,0.0,0.0,0.0,0,0,1
2026-07-21 22:45:00,0.0,0.0,0.0,0.0,0.0,0.0,0.0,0.0,0.0,26.07,26.01,0.31,0.41,6.95,0.0,True,22,45,21,7,1,0.0,0.0,0.0,0.0,0,0,1
2026-07-21 23:00:00,0.0,0.0,0.0,0.0,0.0,0.0,0.0,0.0,0.0,26.06,26.0,0.37,0.46,6.95,0.0,True,23,0,21,7,1,0.0,0.0,0.0,0.0,0,0,1
2026-07-21 23:15:00,0.0,0.0,0.0,0.0,0.0,0.0,0.0,0.0,0.0,26.28,26.19,0.33,0.44,6.95,0.0,True,23,15,21,7,1,0.0,0.0,0.0,0.0,0,0,1
2026-07-21 23:30:00,0.0,0.0,0.0,0.0,0.0,0.0,0.0,0.0,0.0,26.21,26.2,0.34,0.45,6.95,0.0,True,23,30,21,7,1,0.0,0.0,0.0,0.0,0,0,1
2026-07-21 23:45:00,0.0,0.0,0.0,0.0,0.0,0.0,0.0,0.0,0.0,25.51,25.59,0.34,0.43,6.95,0.0,True,23,45,21,7,1,0.0,0.0,0.0,0.0,0,0,1
2026-07-22 00:15:00,0.0,0.0,0.0,0.0,0.0,0.0,0.0,0.0,0.0,24.84,24.86,0.4,0.47,0.0,0.0,True,0,15,22,7,2,0.0,0.0,0.0,0.0,0,1,0
2026-07-22 00:30:00,0.0,0.0,0.0,0.0,0.0,0.0,0.0,0.0,0.0,24.61,24.53,0.36,0.44,0.0,0.0,True,0,30,22,7,2,0.0,0.0,0.0,0.0,0,1,0
2026-07-22 00:45:00,0.0,0.0,0.0,0.0,0.0,0.0,0.0,0.0,0.0,24.59,24.58,0.33,0.45,0.0,0.0,True,0,45,22,7,2,0.0,0.0,0.0,0.0,0,1,0
2026-07-22 01:00:00,0.0,0.0,0.0,0.0,0.0,0.0,0.0,0.0,0.0,24.65,24.72,0.43,0.49,0.0,0.0,True,1,0,22,7,2,0.0,0.0,0.0,0.0,0,1,0
2026-07-22 01:15:00,0.0,0.0,0.0,0.0,0.0,0.0,0.0,0.0,0.0,24.76,24.78,0.46,0.51,0.0,0.0,True,1,15,22,7,2,0.0,0.0,0.0,0.0,0,1,0
2026-07-22 01:30:00,0.0,0.0,0.0,0.0,0.0,0.0,0.0,0.0,0.0,24.81,24.8,0.43,0.49,0.0,0.0,True,1,30,22,7,2,0.0,0.0,0.0,0.0,0,1,0
2026-07-22 01:45:00,0.0,0.0,0.0,0.0,0.0,0.0,0.0,0.0,0.0,24.65,24.64,0.47,0.5,0.0,0.0,True,1,45,22,7,2,0.0,0.0,0.0,0.0,0,1,0
2026-07-22 02:00:00,0.0,0.0,0.0,0.0,0.0,0.0,0.0,0.0,0.0,24.68,24.75,0.45,0.51,0.0,0.0,True,2,0,22,7,2,0.0,0.0,0.0,0.0,0,1,0
2026-07-22 02:15:00,0.0,0.0,0.0,0.0,0.0,0.0,0.0,0.0,0.0,24.52,24.64,0.45,0.51,0.0,0.0,True,2,15,22,7,2,0.0,0.0,0.0,0.0,0,1,0
2026-07-22 02:30:00,0.0,0.0,0.0,0.0,0.0,0.0,0.0,0.0,0.0,24.44,24.5,0.37,0.47,0.0,0.0,True,2,30,22,7,2,0.0,0.0,0.0,0.0,0,1,0
2026-07-22 02:45:00,0.0,0.0,0.0,0.0,0.0,0.0,0.0,0.0,0.0,24.47,24.68,0.45,0.52,0.0,0.0,True,2,45,22,7,2,0.0,0.0,0.0,0.0,0,1,0
2026-07-22 03:00:00,0.0,0.0,0.0,0.0,0.0,0.0,0.0,0.0,0.0,24.51,24.5,0.37,0.47,0.0,0.0,True,3,0,22,7,2,0.0,0.0,0.0,0.0,0,1,0
2026-07-22 03:15:00,0.0,0.0,0.0,0.0,0.0,0.0,0.0,0.0,0.0,24.54,24.55,0.35,0.45,0.0,0.0,True,3,15,22,7,2,0.0,0.0,0.0,0.0,0,1,0
2026-07-22 03:30:00,0.0,0.0,0.0,0.0,0.0,0.0,0.0,0.0,0.0,24.33,24.33,0.44,0.49,0.0,0.0,True,3,30,22,7,2,0.0,0.0,0.0,0.0,0,1,0
2026-07-22 03:45:00,0.0,0.0,0.0,0.0,0.0,0.0,0.0,0.0,0.0,24.57,24.6,0.44,0.5,0.0,0.0,True,3,45,22,7,2,0.0,0.0,0.0,0.0,0,1,0
2026-07-22 04:00:00,0.0,0.0,0.0,0.0,0.0,0.0,0.0,0.0,0.0,24.1,24.05,0.43,0.49,0.0,0.0,True,4,0,22,7,2,0.0,0.0,0.0,0.0,0,1,0
2026-07-22 04:15:00,0.0,0.0,0.0,0.0,0.0,0.0,0.0,0.0,0.0,24.5,24.5,0.45,0.5,0.0,0.0,True,4,15,22,7,2,0.0,0.0,0.0,0.0,0,1,0
2026-07-22 04:30:00,0.0,0.0,0.0,0.0,0.0,0.0,0.0,0.0,0.0,24.64,24.72,0.46,0.51,0.0,0.0,True,4,30,22,7,2,0.0,0.0,0.0,0.0,0,1,0
2026-07-22 04:45:00,0.0,0.0,0.0,0.0,0.0,0.0,0.0,0.0,0.0,24.62,24.63,0.44,0.51,0.0,0.0,True,4,45,22,7,2,0.0,0.0,0.0,0.0,0,1,0
2026-07-22 05:00:00,0.0,0.0,0.0,0.0,0.0,0.0,0.0,0.0,0.0,24.55,24.56,0.43,0.49,0.0,0.0,True,5,0,22,7,2,0.0,0.0,0.0,0.0,0,1,0
2026-07-22 05:15:00,0.0,0.0,0.0,0.0,0.0,0.0,0.0,0.0,0.0,24.83,24.89,0.45,0.51,0.0,0.0,True,5,15,22,7,2,0.0,0.0,0.0,0.0,0,1,0
2026-07-22 05:30:00,0.0,0.0,0.0,0.0,0.0,0.0,0.0,0.0,0.0,24.96,25.01,0.45,0.51,0.0,0.0,True,5,30,22,7,2,0.0,0.0,0.0,0.0,0,1,0
2026-07-22 05:45:00,0.0,0.0,0.0,0.0,0.0,0.0,0.0,0.0,0.0,24.64,24.68,0.44,0.5,0.0,0.0,True,5,45,22,7,2,0.0,0.0,0.0,0.0,0,1,0
2026-07-22 06:00:00,0.0,0.0,0.0,0.0,0.0,0.0,0.0,0.0,0.0,24.32,24.36,1.07,0.72,0.0,0.0,True,6,0,22,7,2,0.0,0.0,0.0,0.0,0,1,0
2026-07-22 06:15:00,0.0,0.0,0.0,0.0,0.0,0.0,0.0,0.0,0.0,24.9,24.96,4.0,3.42,0.0,0.0,True,6,15,22,7,2,0.0,0.0,0.0,0.0,0,1,0
2026-07-22 06:30:00,0.0,0.0,0.0,0.0,0.0,0.0,0.0,0.0,0.0,25.02,25.06,9.53,8.96,0.0,0.0,True,6,30,22,7,2,0.0,0.0,0.0,0.0,0,1,0
2026-07-22 06:45:00,76.74,23.56,24.29,29.87,30.79,0.0,0.0,0.0,0.0,25.17,25.27,18.47,18.04,0.0,37.79,True,6,45,22,7,2,0.0,0.0,25.58,44.305859657611876,0,1,0
2026-07-22 07:00:00,203.01,77.26,79.41,79.59,81.77,51.42,52.78,6.96,7.13,25.37,25.39,31.78,31.38,0.02,58.12,True,7,0,22,7,2,76.74,0.0,93.25,102.50707341447223,1,1,0
2026-07-22 07:15:00,482.48,121.05,123.56,124.48,127.03,122.68,125.21,123.48,126.01,25.74,25.78,48.51,48.03,0.08,90.65,True,7,15,22,7,2,203.01,76.74,254.07666666666668,207.63451118090492,1,1,0
2026-07-22 07:30:00,627.38,161.56,164.57,166.09,169.16,164.02,167.06,152.69,155.54,25.97,26.1,64.42,63.91,0.14,88.84,True,7,30,22,7,2,482.48,203.01,437.6233333333333,215.7117628534275,1,1,0
2026-07-22 07:45:00,986.33,246.43,250.56,255.25,260.37,243.94,248.96,247.14,252.18,26.5,26.47,95.35,93.88,0.24,94.56,True,7,45,22,7,2,627.38,482.48,698.73,259.3922175008341,1,1,0
2026-07-22 08:00:00,1186.19,296.56,301.46,307.91,313.71,291.16,296.7,296.48,302.11,26.92,26.97,114.06,112.46,0.37,95.23,True,8,0,22,7,2,986.33,627.38,933.3000000000001,283.15418008569117,1,1,0
2026-07-22 08:15:00,1318.33,331.07,336.46,342.11,348.4,329.97,336.08,333.49,339.65,27.24,27.33,130.33,129.05,0.5,92.74,True,8,15,22,7,2,1186.19,986.33,1163.6166666666666,167.1471403683989,1,1,0
2026-07-22 08:30:00,1008.81,252.81,257.04,263.53,268.76,245.38,250.49,251.96,257.12,25.9,25.8,108.49,107.11,0.61,84.8,True,8,30,22,7,2,1318.33,1186.19,1171.11,155.31005247568467,1,1,0
2026-07-22 08:45:00,969.17,241.82,245.88,247.98,253.01,241.74,246.73,243.63,248.64,26.65,26.66,95.84,94.83,0.71,92.49,True,8,45,22,7,2,1008.81,1318.33,1098.77,191.17473054773725,1,1,0
2026-07-22 09:00:00,1092.49,272.15,276.64,284.03,289.46,267.41,272.64,272.15,277.42,27.09,27.12,105.14,102.74,0.82,95.22,True,9,0,22,7,2,969.17,1008.81,1023.4899999999999,62.956988492144085,1,1,0
2026-07-22 09:15:00,2771.84,682.46,695.12,728.64,740.61,704.65,716.24,685.31,696.54,28.21,28.4,248.07,246.64,1.1,102.85,True,9,15,22,7,2,1092.49,969.17,1611.1666666666667,1007.0620118112557,1,1,0
2026-07-22 09:30:00,3667.5,889.31,907.31,968.49,984.62,917.12,932.26,891.37,906.06,32.58,32.58,375.26,364.66,1.49,91.58,True,9,30,22,7,2,2771.84,1092.49,2510.61,1307.2298802047026,1,1,0
2026-07-22 09:45:00,2942.87,733.06,746.69,743.07,755.04,748.17,760.17,726.52,738.22,34.12,34.35,307.33,303.94,1.8,90.31,True,9,45,22,7,2,3667.5,2771.84,3127.403333333333,475.49040183092563,1,1,0
2026-07-22 10:00:00,3391.61,831.93,848.27,841.72,855.42,869.05,883.19,859.24,873.21,34.34,34.37,354.47,351.1,2.14,90.32,True,10,0,22,7,2,2942.87,3667.5,3333.9933333333333,365.73476650892155,1,1,0
2026-07-22 10:15:00,3161.74,779.82,794.71,814.58,827.75,779.86,792.44,794.04,806.86,35.07,35.33,329.34,324.12,2.48,90.9,True,10,15,22,7,2,3391.61,2942.87,3165.4066666666663,224.39246919924727,1,1,0
2026-07-22 10:30:00,3078.72,758.67,773.08,780.46,793.11,755.55,767.76,770.61,783.07,34.55,34.72,306.51,301.74,2.79,94.9,True,10,30,22,7,2,3161.74,3391.61,3210.69,162.08675115505852,1,1,0
2026-07-22 10:45:00,3138.57,777.95,792.9,793.1,806.07,777.23,789.94,786.51,799.38,34.82,35.21,347.68,342.77,3.12,85.38,True,10,45,22,7,2,3078.72,3161.74,3126.343333333333,42.83921840247654,1,1,0
2026-07-22 11:00:00,2602.37,645.63,657.1,663.97,674.76,646.11,656.69,657.69,668.42,33.97,34.2,263.21,259.37,3.4,93.18,True,11,0,22,7,2,3138.57,3078.72,2939.8866666666668,293.8258511998819,1,1,0
2026-07-22 11:15:00,2459.36,603.49,614.06,624.19,634.37,607.11,617.08,616.41,626.51,33.41,33.73,242.16,238.33,3.65,95.5,True,11,15,22,7,2,2602.37,3138.57,2733.433333333333,358.0708785049899,1,1,0
2026-07-22 11:30:00,3303.12,808.94,824.89,827.24,840.94,831.45,845.15,832.36,846.09,32.75,32.73,339.46,334.12,3.98,91.25,True,11,30,22,7,2,2459.36,2602.37,2788.2833333333333,451.5590327225612,1,1,0
2026-07-22 11:45:00,5077.71,1254.24,1282.9,1302.51,1325.72,1248.13,1270.08,1268.58,1291.0,37.54,38.2,514.74,504.05,4.52,94.37,True,11,45,22,7,2,3303.12,2459.36,3613.396666666666,1336.466568243791,1,1,0
2026-07-22 12:00:00,3747.55,928.36,947.45,973.42,989.65,923.41,938.64,932.5,947.92,38.02,38.76,385.12,376.68,4.91,93.28,True,12,0,22,7,2,5077.71,3303.12,4042.793333333333,923.4007182330625,1,0,1
2026-07-22 12:15:00,3003.44,738.33,752.1,749.17,761.19,765.94,778.22,753.14,765.22,36.12,36.7,307.74,304.48,5.23,92.81,True,12,15,22,7,2,3747.55,5077.71,3942.9,1050.8426262290668,1,0,1
2026-07-22 12:30:00,1974.29,492.38,501.1,483.14,491.47,507.32,516.02,499.95,508.53,31.08,31.2,172.7,171.57,5.43,106.47,True,12,30,22,7,2,3003.44,3747.55,2908.4266666666667,890.4400075430885,1,0,1
2026-07-22 12:45:00,3724.55,925.85,944.82,957.38,973.26,914.94,929.98,926.86,942.14,31.76,32.1,358.86,348.54,5.82,96.93,True,12,45,22,7,2,1974.29,3003.44,2900.76,879.6362337352881,1,0,1
2026-07-22 13:00:00,2677.16,668.23,680.41,692.68,703.87,655.83,666.46,665.39,676.18,33.61,33.65,277.92,269.97,6.1,90.65,True,13,0,22,7,2,3724.55,1974.29,2792.0,880.7631271232932,1,0,1
2026-07-22 13:15:00,2427.73,603.16,613.69,618.41,628.56,606.96,616.95,612.99,623.07,33.98,34.33,252.27,246.25,6.36,90.71,True,13,15,22,7,2,2677.16,3724.55,2943.146666666667,688.1113341846187,1,0,1
2026-07-22 13:30:00,2472.86,612.61,623.29,630.95,641.35,614.84,625.0,619.95,630.19,34.09,34.33,238.27,234.09,6.61,97.86,True,13,30,22,7,2,2427.73,2677.16,2525.9166666666665,132.9100772452398,1,0,1
2026-07-22 13:45:00,2428.01,601.62,612.07,618.19,628.39,604.05,614.03,609.69,619.75,34.2,34.32,238.64,235.04,6.87,95.98,True,13,45,22,7,2,2472.86,2427.73,2442.866666666667,25.975365894162547,1,0,1
2026-07-22 14:00:00,2227.25,545.07,554.48,535.67,544.62,588.2,597.9,569.99,579.43,34.51,34.86,203.54,204.95,7.09,103.36,True,14,0,22,7,2,2428.01,2472.86,2376.0400000000004,130.79269360328337,1,0,1
2026-07-22 14:15:00,3179.81,792.67,807.95,813.98,827.19,800.38,813.37,806.54,819.61,32.36,32.61,307.5,307.74,7.43,96.82,True,14,15,22,7,2,2227.25,2428.01,2611.69,502.1418078590967,1,0,1
2026-07-22 14:30:00,2770.73,269.66,274.53,305.15,310.1,263.41,267.71,267.37,271.73,30.48,30.58,268.06,265.28,7.56,96.03,True,14,30,22,7,2,3179.81,2227.25,2725.93,477.8576340292178,1,0,1
2026-07-22 14:45:00,0.0,0.0,0.0,0.0,0.0,0.0,0.0,0.0,0.0,30.83,30.87,280.31,280.33,7.56,0.0,True,14,45,22,7,2,2770.73,3179.81,1983.513333333333,1729.9076476024193,1,0,1
2026-07-22 15:00:00,0.0,0.0,0.0,0.0,0.0,0.0,0.0,0.0,0.0,31.41,31.54,264.81,261.32,7.56,0.0,True,15,0,22,7,2,0.0,2770.73,923.5766666666667,1599.6817113517732,1,0,1
2026-07-22 15:15:00,0.0,0.0,0.0,0.0,0.0,0.0,0.0,0.0,0.0,30.12,30.2,214.78,209.09,7.56,0.0,True,15,15,22,7,2,0.0,0.0,0.0,0.0,1,0,1
2026-07-22 15:30:00,0.0,0.0,0.0,0.0,0.0,0.0,0.0,0.0,0.0,29.51,29.51,171.26,165.71,7.56,0.0,True,15,30,22,7,2,0.0,0.0,0.0,0.0,1,0,1
2026-07-22 15:45:00,0.0,0.0,0.0,0.0,0.0,0.0,0.0,0.0,0.0,28.81,28.81,129.72,127.11,7.56,0.0,True,15,45,22,7,2,0.0,0.0,0.0,0.0,1,0,1
2026-07-22 16:00:00,0.0,0.0,0.0,0.0,0.0,0.0,0.0,0.0,0.0,28.86,28.9,120.91,118.48,7.56,0.0,True,16,0,22,7,2,0.0,0.0,0.0,0.0,1,0,1
2026-07-22 16:15:00,0.0,0.0,0.0,0.0,0.0,0.0,0.0,0.0,0.0,28.49,28.49,117.01,114.3,7.56,0.0,True,16,15,22,7,2,0.0,0.0,0.0,0.0,1,0,1
2026-07-22 16:30:00,0.0,0.0,0.0,0.0,0.0,0.0,0.0,0.0,0.0,28.59,28.6,90.85,88.09,7.56,0.0,True,16,30,22,7,2,0.0,0.0,0.0,0.0,1,0,1
2026-07-22 16:45:00,0.0,0.0,0.0,0.0,0.0,0.0,0.0,0.0,0.0,28.66,28.64,77.02,74.79,7.56,0.0,True,16,45,22,7,2,0.0,0.0,0.0,0.0,1,0,1
2026-07-22 17:00:00,0.0,0.0,0.0,0.0,0.0,0.0,0.0,0.0,0.0,28.3,28.26,66.71,65.74,7.56,0.0,True,17,0,22,7,2,0.0,0.0,0.0,0.0,1,0,1
2026-07-22 17:15:00,0.0,0.0,0.0,0.0,0.0,0.0,0.0,0.0,0.0,28.21,28.19,68.43,67.19,7.56,0.0,True,17,15,22,7,2,0.0,0.0,0.0,0.0,1,0,1
2026-07-22 17:30:00,0.0,0.0,0.0,0.0,0.0,0.0,0.0,0.0,0.0,28.11,28.08,63.95,62.03,7.56,0.0,True,17,30,22,7,2,0.0,0.0,0.0,0.0,1,0,1
2026-07-22 17:45:00,0.0,0.0,0.0,0.0,0.0,0.0,0.0,0.0,0.0,27.47,27.42,45.93,44.6,7.56,0.0,True,17,45,22,7,2,0.0,0.0,0.0,0.0,1,0,1
2026-07-22 18:00:00,0.0,0.0,0.0,0.0,0.0,0.0,0.0,0.0,0.0,27.13,27.09,37.17,36.07,7.56,0.0,True,18,0,22,7,2,0.0,0.0,0.0,0.0,1,0,1
2026-07-22 18:15:00,0.0,0.0,0.0,0.0,0.0,0.0,0.0,0.0,0.0,26.85,26.83,23.6,22.85,7.56,0.0,True,18,15,22,7,2,0.0,0.0,0.0,0.0,1,0,1
2026-07-22 18:30:00,0.0,0.0,0.0,0.0,0.0,0.0,0.0,0.0,0.0,26.57,26.52,13.19,12.65,7.56,0.0,True,18,30,22,7,2,0.0,0.0,0.0,0.0,0,0,1
2026-07-22 18:45:00,0.0,0.0,0.0,0.0,0.0,0.0,0.0,0.0,0.0,26.25,26.17,3.74,3.59,7.56,0.0,True,18,45,22,7,2,0.0,0.0,0.0,0.0,0,0,1
2026-07-22 19:00:00,0.0,0.0,0.0,0.0,0.0,0.0,0.0,0.0,0.0,26.5,26.51,0.4,0.52,7.56,0.0,True,19,0,22,7,2,0.0,0.0,0.0,0.0,0,0,1
2026-07-22 19:15:00,0.0,0.0,0.0,0.0,0.0,0.0,0.0,0.0,0.0,26.48,26.34,0.25,0.36,7.56,0.0,True,19,15,22,7,2,0.0,0.0,0.0,0.0,0,0,1
2026-07-22 19:30:00,0.0,0.0,0.0,0.0,0.0,0.0,0.0,0.0,0.0,26.74,26.68,0.52,0.8,7.56,0.0,True,19,30,22,7,2,0.0,0.0,0.0,0.0,0,0,1
2026-07-22 19:45:00,0.0,0.0,0.0,0.0,0.0,0.0,0.0,0.0,0.0,26.86,26.87,0.62,0.73,7.56,0.0,True,19,45,22,7,2,0.0,0.0,0.0,0.0,0,0,1
2026-07-22 20:00:00,0.0,0.0,0.0,0.0,0.0,0.0,0.0,0.0,0.0,26.69,26.65,0.47,0.41,7.56,0.0,True,20,0,22,7,2,0.0,0.0,0.0,0.0,0,0,1
2026-07-22 20:15:00,0.0,0.0,0.0,0.0,0.0,0.0,0.0,0.0,0.0,26.23,26.15,0.44,0.4,7.56,0.0,True,20,15,22,7,2,0.0,0.0,0.0,0.0,0,0,1
2026-07-22 20:30:00,0.0,0.0,0.0,0.0,0.0,0.0,0.0,0.0,0.0,26.83,26.79,0.37,0.41,7.56,0.0,True,20,30,22,7,2,0.0,0.0,0.0,0.0,0,0,1
2026-07-22 20:45:00,0.0,0.0,0.0,0.0,0.0,0.0,0.0,0.0,0.0,26.44,26.42,0.32,0.41,7.56,0.0,True,20,45,22,7,2,0.0,0.0,0.0,0.0,0,0,1
2026-07-22 21:00:00,0.0,0.0,0.0,0.0,0.0,0.0,0.0,0.0,0.0,26.4,26.35,0.33,0.4,7.56,0.0,True,21,0,22,7,2,0.0,0.0,0.0,0.0,0,0,1
2026-07-22 21:15:00,0.0,0.0,0.0,0.0,0.0,0.0,0.0,0.0,0.0,26.69,26.71,0.34,0.43,7.56,0.0,True,21,15,22,7,2,0.0,0.0,0.0,0.0,0,0,1
2026-07-22 21:30:00,0.0,0.0,0.0,0.0,0.0,0.0,0.0,0.0,0.0,26.95,26.95,0.26,0.39,7.56,0.0,True,21,30,22,7,2,0.0,0.0,0.0,0.0,0,0,1
2026-07-22 21:45:00,0.0,0.0,0.0,0.0,0.0,0.0,0.0,0.0,0.0,26.97,27.0,0.3,0.42,7.56,0.0,True,21,45,22,7,2,0.0,0.0,0.0,0.0,0,0,1
2026-07-22 22:00:00,0.0,0.0,0.0,0.0,0.0,0.0,0.0,0.0,0.0,27.01,27.06,0.3,0.41,7.56,0.0,True,22,0,22,7,2,0.0,0.0,0.0,0.0,0,0,1
2026-07-22 22:15:00,0.0,0.0,0.0,0.0,0.0,0.0,0.0,0.0,0.0,26.89,26.93,0.27,0.39,7.56,0.0,True,22,15,22,7,2,0.0,0.0,0.0,0.0,0,0,1
2026-07-22 22:30:00,0.0,0.0,0.0,0.0,0.0,0.0,0.0,0.0,0.0,26.86,26.94,0.32,0.41,7.56,0.0,True,22,30,22,7,2,0.0,0.0,0.0,0.0,0,0,1
2026-07-22 22:45:00,0.0,0.0,0.0,0.0,0.0,0.0,0.0,0.0,0.0,26.98,27.05,0.28,0.4,7.56,0.0,True,22,45,22,7,2,0.0,0.0,0.0,0.0,0,0,1
2026-07-22 23:00:00,0.0,0.0,0.0,0.0,0.0,0.0,0.0,0.0,0.0,26.9,26.96,0.31,0.41,7.56,0.0,True,23,0,22,7,2,0.0,0.0,0.0,0.0,0,0,1
2026-07-22 23:15:00,0.0,0.0,0.0,0.0,0.0,0.0,0.0,0.0,0.0,27.04,27.17,0.33,0.41,7.56,0.0,True,23,15,22,7,2,0.0,0.0,0.0,0.0,0,0,1
2026-07-22 23:30:00,0.0,0.0,0.0,0.0,0.0,0.0,0.0,0.0,0.0,27.03,27.03,0.31,0.4,7.56,0.0,True,23,30,22,7,2,0.0,0.0,0.0,0.0,0,0,1
2026-07-22 23:45:00,0.0,0.0,0.0,0.0,0.0,0.0,0.0,0.0,0.0,27.05,27.04,0.25,0.37,7.56,0.0,True,23,45,22,7,2,0.0,0.0,0.0,0.0,0,0,1
2026-07-23 00:15:00,0.0,0.0,0.0,0.0,0.0,0.0,0.0,0.0,0.0,25.69,25.67,0.36,0.41,0.0,0.0,True,0,15,23,7,3,0.0,0.0,0.0,0.0,0,1,0
2026-07-23 00:30:00,0.0,0.0,0.0,0.0,0.0,0.0,0.0,0.0,0.0,25.95,25.93,0.38,0.42,0.0,0.0,True,0,30,23,7,3,0.0,0.0,0.0,0.0,0,1,0
2026-07-23 00:45:00,0.0,0.0,0.0,0.0,0.0,0.0,0.0,0.0,0.0,25.86,25.83,0.36,0.42,0.0,0.0,True,0,45,23,7,3,0.0,0.0,0.0,0.0,0,1,0
2026-07-23 01:00:00,0.0,0.0,0.0,0.0,0.0,0.0,0.0,0.0,0.0,25.86,25.8,0.34,0.41,0.0,0.0,True,1,0,23,7,3,0.0,0.0,0.0,0.0,0,1,0
2026-07-23 01:15:00,0.0,0.0,0.0,0.0,0.0,0.0,0.0,0.0,0.0,26.05,26.06,0.38,0.42,0.0,0.0,True,1,15,23,7,3,0.0,0.0,0.0,0.0,0,1,0
2026-07-23 01:30:00,0.0,0.0,0.0,0.0,0.0,0.0,0.0,0.0,0.0,25.91,25.89,0.38,0.42,0.0,0.0,True,1,30,23,7,3,0.0,0.0,0.0,0.0,0,1,0
2026-07-23 01:45:00,0.0,0.0,0.0,0.0,0.0,0.0,0.0,0.0,0.0,25.39,25.29,0.32,0.39,0.0,0.0,True,1,45,23,7,3,0.0,0.0,0.0,0.0,0,1,0
2026-07-23 02:00:00,0.0,0.0,0.0,0.0,0.0,0.0,0.0,0.0,0.0,25.52,25.46,0.32,0.4,0.0,0.0,True,2,0,23,7,3,0.0,0.0,0.0,0.0,0,1,0
2026-07-23 02:15:00,0.0,0.0,0.0,0.0,0.0,0.0,0.0,0.0,0.0,25.74,25.62,0.33,0.4,0.0,0.0,True,2,15,23,7,3,0.0,0.0,0.0,0.0,0,1,0
2026-07-23 02:30:00,0.0,0.0,0.0,0.0,0.0,0.0,0.0,0.0,0.0,25.63,25.67,0.34,0.4,0.0,0.0,True,2,30,23,7,3,0.0,0.0,0.0,0.0,0,1,0
2026-07-23 02:45:00,0.0,0.0,0.0,0.0,0.0,0.0,0.0,0.0,0.0,25.55,25.67,0.36,0.4,0.0,0.0,True,2,45,23,7,3,0.0,0.0,0.0,0.0,0,1,0
2026-07-23 03:00:00,0.0,0.0,0.0,0.0,0.0,0.0,0.0,0.0,0.0,25.56,25.65,0.39,0.42,0.0,0.0,True,3,0,23,7,3,0.0,0.0,0.0,0.0,0,1,0
2026-07-23 03:15:00,0.0,0.0,0.0,0.0,0.0,0.0,0.0,0.0,0.0,25.51,25.5,0.37,0.41,0.0,0.0,True,3,15,23,7,3,0.0,0.0,0.0,0.0,0,1,0
2026-07-23 03:30:00,0.0,0.0,0.0,0.0,0.0,0.0,0.0,0.0,0.0,24.68,24.56,0.39,0.4,0.0,0.0,True,3,30,23,7,3,0.0,0.0,0.0,0.0,0,1,0
2026-07-23 03:45:00,0.0,0.0,0.0,0.0,0.0,0.0,0.0,0.0,0.0,25.12,25.07,0.36,0.41,0.0,0.0,True,3,45,23,7,3,0.0,0.0,0.0,0.0,0,1,0
2026-07-23 04:00:00,0.0,0.0,0.0,0.0,0.0,0.0,0.0,0.0,0.0,25.42,25.39,0.32,0.4,0.0,0.0,True,4,0,23,7,3,0.0,0.0,0.0,0.0,0,1,0
2026-07-23 04:15:00,0.0,0.0,0.0,0.0,0.0,0.0,0.0,0.0,0.0,25.88,25.85,0.35,0.4,0.0,0.0,True,4,15,23,7,3,0.0,0.0,0.0,0.0,0,1,0
2026-07-23 04:30:00,0.0,0.0,0.0,0.0,0.0,0.0,0.0,0.0,0.0,26.02,25.99,0.39,0.42,0.0,0.0,True,4,30,23,7,3,0.0,0.0,0.0,0.0,0,1,0
2026-07-23 04:45:00,0.0,0.0,0.0,0.0,0.0,0.0,0.0,0.0,0.0,26.24,26.25,0.4,0.43,0.0,0.0,True,4,45,23,7,3,0.0,0.0,0.0,0.0,0,1,0
2026-07-23 05:00:00,0.0,0.0,0.0,0.0,0.0,0.0,0.0,0.0,0.0,25.96,25.95,0.37,0.4,0.0,0.0,True,5,0,23,7,3,0.0,0.0,0.0,0.0,0,1,0
2026-07-23 05:15:00,0.0,0.0,0.0,0.0,0.0,0.0,0.0,0.0,0.0,25.68,25.66,0.38,0.41,0.0,0.0,True,5,15,23,7,3,0.0,0.0,0.0,0.0,0,1,0
2026-07-23 05:30:00,0.0,0.0,0.0,0.0,0.0,0.0,0.0,0.0,0.0,25.58,25.58,0.35,0.4,0.0,0.0,True,5,30,23,7,3,0.0,0.0,0.0,0.0,0,1,0
2026-07-23 05:45:00,0.0,0.16,0.16,0.57,0.59,0.53,0.55,0.53,0.56,25.95,25.99,0.8,0.63,0.0,0.0,True,5,45,23,7,3,0.0,0.0,0.0,0.0,0,1,0
2026-07-23 06:00:00,39.92,13.2,13.63,13.38,13.82,13.34,13.78,13.33,13.77,25.84,25.94,6.66,6.18,0.01,54.66,True,6,0,23,7,3,0.0,0.0,13.306666666666667,23.047822746049864,0,1,0
2026-07-23 06:15:00,83.31,23.85,24.61,24.66,25.45,23.59,24.34,23.99,24.75,25.93,25.96,11.87,11.24,0.01,64.04,True,6,15,23,7,3,39.92,0.0,41.07666666666667,41.66704253163804,0,1,0
2026-07-23 06:30:00,136.21,36.83,37.98,38.48,39.68,36.15,37.28,36.94,38.1,26.35,26.38,17.29,16.47,0.03,71.96,True,6,30,23,7,3,83.31,39.92,86.48,48.22320706879625,0,1,0
2026-07-23 06:45:00,220.4,57.41,59.17,59.57,61.38,56.93,58.67,57.97,59.74,26.43,26.53,25.92,25.07,0.05,77.7,True,6,45,23,7,3,136.21,83.31,146.64000000000001,69.13758529193798,1,1,0
2026-07-23 07:00:00,241.07,63.53,65.47,66.32,68.31,62.32,64.23,63.86,65.81,26.31,26.35,28.79,27.89,0.08,76.5,True,7,0,23,7,3,220.4,136.21,199.2266666666667,55.54401347880194,1,1,0
2026-07-23 07:15:00,299.36,77.66,79.81,81.36,83.55,76.38,78.51,78.17,80.32,26.31,26.39,33.68,32.81,0.11,81.19,True,7,15,23,7,3,241.07,220.4,253.61,40.94641742570407,1,1,0
2026-07-23 07:30:00,375.91,96.17,98.54,100.7,103.1,94.22,96.57,96.69,99.06,26.92,27.02,42.05,41.1,0.15,81.87,True,7,30,23,7,3,299.36,241.07,305.4466666666667,67.62574978019349,1,1,0
2026-07-23 07:45:00,433.17,109.31,111.73,113.85,116.31,108.24,110.65,110.38,112.81,27.03,27.1,46.3,45.42,0.19,85.72,True,7,45,23,7,3,375.91,299.36,369.48,67.13633665907015,1,1,0
2026-07-23 08:00:00,653.73,163.38,166.42,170.56,173.69,162.71,165.73,165.77,168.83,27.13,27.2,68.44,67.27,0.26,87.54,True,8,0,23,7,3,433.17,375.91,487.6033333333333,146.6909299627395,1,1,0
2026-07-23 08:15:00,825.79,206.57,210.18,198.22,202.68,207.24,211.89,208.49,213.15,28.47,28.73,84.68,84.3,0.35,89.87,True,8,15,23,7,3,653.73,433.17,637.5633333333334,196.80863023082426,1,1,0
2026-07-23 08:30:00,1048.36,258.65,262.98,265.48,270.79,257.92,263.11,260.95,266.19,28.5,28.68,106.57,106.04,0.45,90.66,True,8,30,23,7,3,825.79,653.73,842.6266666666666,197.8530116862851,1,1,0
2026-07-23 08:45:00,1167.03,291.24,296.05,299.36,305.02,289.21,294.72,293.56,299.14,28.82,28.98,120.51,119.97,0.57,89.36,True,8,45,23,7,3,1048.36,825.79,1013.7266666666665,173.23621224597719,1,1,0
2026-07-23 09:00:00,1193.54,299.1,304.01,310.82,316.64,292.28,297.83,298.93,304.58,29.06,29.19,114.21,113.61,0.69,96.53,True,9,0,23,7,3,1167.03,1048.36,1136.3099999999997,77.31168669741903,1,1,0
2026-07-23 09:15:00,1963.51,499.64,508.01,517.03,525.67,496.18,504.52,460.67,468.48,30.32,30.38,195.31,192.96,0.9,93.34,True,9,15,23,7,3,1193.54,1167.03,1441.36,452.38939189596357,1,1,0
2026-07-23 09:30:00,2289.89,583.58,593.65,608.06,618.09,572.28,581.73,530.64,539.4,31.69,32.08,233.88,229.87,1.13,91.41,True,9,30,23,7,3,1963.51,1193.54,1815.6466666666668,562.932948612295,1,1,0
2026-07-23 09:45:00,3086.03,781.02,795.99,810.47,823.67,778.94,791.57,715.22,726.8,33.5,34.04,325.11,320.73,1.45,89.29,True,9,45,23,7,3,2289.89,1963.51,2446.476666666667,577.410015269334,1,1,0
2026-07-23 10:00:00,3765.49,954.08,973.85,976.71,992.95,966.12,982.16,876.65,890.94,36.31,36.8,402.92,397.06,1.85,88.94,True,10,0,23,7,3,3086.03,2289.89,3047.1366666666668,738.5684521649513,1,1,0
2026-07-23 10:15:00,2633.76,663.16,675.08,680.99,692.05,677.96,688.98,613.98,624.04,35.13,35.56,282.77,279.31,2.12,88.21,True,10,15,23,7,3,3765.49,3086.03,3161.76,569.6529407455021,1,1,0
2026-07-23 10:30:00,2502.69,639.35,650.7,670.14,681.02,622.55,632.77,579.3,588.85,33.37,33.33,252.75,247.73,2.39,93.09,True,10,30,23,7,3,2633.76,3765.49,2967.3133333333335,694.340931843523,1,1,0
2026-07-23 10:45:00,2747.73,690.1,702.63,730.54,742.24,666.61,677.48,662.87,673.67,33.49,33.8,282.64,277.66,2.67,91.45,True,10,45,23,7,3,2502.69,2633.76,2628.06,122.61940262453929,1,1,0
2026-07-23 11:00:00,3411.92,863.25,880.54,924.21,939.58,810.3,823.49,827.04,840.56,35.38,35.72,354.49,344.67,3.02,91.25,True,11,0,23,7,3,2747.73,2502.69,2887.4466666666667,470.44166315637045,1,1,0
2026-07-23 11:15:00,2099.97,527.32,536.22,561.6,570.87,504.85,513.19,507.49,515.86,34.69,35.08,212.43,208.29,3.24,93.45,True,11,15,23,7,3,3411.92,2747.73,2753.2066666666665,655.9921463198566,1,1,0
2026-07-23 11:30:00,2814.9,708.43,721.52,762.75,775.12,664.9,675.71,680.81,691.87,34.16,34.51,285.43,277.87,3.53,93.02,True,11,30,23,7,3,2099.97,3411.92,2775.596666666667,656.8574918757738,1,1,0
2026-07-23 11:45:00,4657.55,1145.3,1170.68,1268.11,1290.82,1072.02,1090.32,1140.54,1160.32,36.92,37.3,456.36,444.93,4.01,97.38,True,11,45,23,7,3,2814.9,2099.97,3190.806666666667,1319.576913496645,1,1,0
2026-07-23 12:00:00,3514.63,878.92,896.56,931.6,946.98,841.96,855.62,882.75,897.17,39.54,40.22,358.14,351.93,4.39,94.68,True,12,0,23,7,3,4657.55,2814.9,3662.3600000000006,930.1655069394892,1,0,1
2026-07-23 12:15:00,4711.1,1120.54,1145.16,1203.55,1224.8,1212.02,1233.85,1212.18,1233.82,39.39,40.01,519.09,515.39,4.86,87.51,True,12,15,23,7,3,3514.63,4657.55,4294.426666666667,675.8542976362054,1,0,1
2026-07-23 12:30:00,6487.21,1374.43,1406.2,1716.47,1750.56,1741.7,1776.68,1726.71,1761.17,45.03,46.12,751.99,744.89,5.54,85.22,True,12,30,23,7,3,4711.1,3514.63,4904.313333333333,1495.6792798702957,1,0,1
2026-07-23 12:45:00,6003.43,1341.82,1372.81,1567.99,1597.98,1572.62,1602.71,1587.88,1618.4,46.31,47.5,728.31,724.74,6.18,81.88,True,12,45,23,7,3,6487.21,4711.1,5733.913333333334,918.2162644134137,1,0,1
2026-07-23 13:00:00,5943.93,1280.75,1310.07,1521.94,1551.13,1541.22,1570.86,1526.05,1555.14,46.46,47.4,657.11,654.21,6.78,89.92,True,13,0,23,7,3,6003.43,6487.21,6144.856666666667,297.9755294203247,1,0,1
2026-07-23 13:15:00,5062.75,1127.62,1152.34,1379.77,1406.34,1276.6,1300.05,1302.02,1326.09,47.38,48.09,639.87,633.96,7.32,78.97,True,13,15,23,7,3,5943.93,6003.43,5670.036666666667,526.7664417304162,1,0,1
2026-07-23 13:30:00,4685.15,1167.31,1193.41,1236.38,1258.17,1126.83,1146.18,1173.3,1193.66,43.0,43.58,476.38,469.85,7.81,96.3,True,13,30,23,7,3,5062.75,5943.93,5230.610000000001,645.9601433525079,1,0,1
2026-07-23 13:45:00,4592.11,1143.04,1168.51,1213.32,1234.51,1101.26,1120.02,1143.83,1163.47,43.52,44.28,501.87,494.74,8.29,89.8,True,13,45,23,7,3,4685.15,5062.75,4780.003333333333,249.2455988243881,1,0,1
2026-07-23 14:00:00,5089.93,1255.04,1283.62,1446.77,1473.96,1176.71,1197.16,1274.02,1296.73,42.53,43.42,505.19,496.0,8.81,98.45,True,14,0,23,7,3,4592.11,4685.15,4789.063333333333,264.6784345830385,1,0,1
2026-07-23 14:15:00,2349.21,588.98,599.43,626.74,637.09,555.29,564.55,585.08,594.81,39.58,40.19,249.01,244.8,9.08,91.03,True,14,15,23,7,3,5089.93,4592.11,4010.4166666666665,1460.0211916726869,1,0,1
2026-07-23 14:30:00,1152.55,289.56,294.32,305.55,311.29,274.77,280.06,287.14,292.61,35.02,35.21,118.62,115.11,9.2,91.98,True,14,30,23,7,3,2349.21,5089.93,2863.896666666667,2018.5185383675177,1,0,1
2026-07-23 14:45:00,927.31,225.0,228.87,241.88,246.94,228.98,233.88,235.3,240.28,32.91,33.18,91.71,90.45,9.3,94.88,True,14,45,23,7,3,1152.55,2349.21,1476.3566666666666,764.2564821663916,1,0,1
2026-07-23 15:00:00,531.61,131.01,133.59,139.5,143.58,133.78,137.75,136.92,140.96,31.65,31.74,54.6,54.16,9.35,90.89,True,15,0,23,7,3,927.31,1152.55,870.4899999999999,314.3453597558237,1,0,1
2026-07-23 15:15:00,611.97,144.89,147.68,159.32,163.67,158.02,162.34,159.94,164.3,29.3,29.56,60.52,59.76,9.41,93.49,True,15,15,23,7,3,531.61,927.31,690.2966666666666,209.15525939682396,1,0,1
2026-07-23 15:30:00,462.56,110.35,112.79,123.28,126.87,117.14,120.62,119.83,123.36,28.34,28.24,48.67,47.77,9.47,87.53,True,15,30,23,7,3,611.97,531.61,535.38,74.77631108860865,1,0,1
2026-07-23 15:45:00,625.11,148.26,151.18,161.4,165.59,162.08,166.26,162.89,167.07,28.0,27.91,53.44,51.57,9.53,107.58,True,15,45,23,7,3,462.56,611.97,566.5466666666667,90.29443522916296,1,0,1
2026-07-23 16:00:00,925.98,217.98,221.73,237.24,242.25,240.67,245.72,242.15,247.22,28.41,28.5,90.38,88.67,9.62,94.38,True,16,0,23,7,3,625.11,462.56,671.2166666666667,235.12527008671955,1,0,1
2026-07-23 16:15:00,2380.32,554.7,564.25,622.32,632.48,600.01,609.9,610.11,620.13,30.7,30.96,264.46,263.12,9.87,83.7,True,16,15,23,7,3,925.98,625.11,1310.47,938.650603845763,1,0,1
2026-07-23 16:30:00,1452.77,349.14,354.91,363.52,370.14,362.9,369.49,363.97,370.58,31.49,31.65,162.87,163.13,10.02,83.21,True,16,30,23,7,3,2380.32,925.98,1586.3566666666668,736.3153244591255,1,0,1
2026-07-23 16:45:00,1115.02,263.32,267.74,291.82,297.56,282.91,288.53,287.4,293.08,30.67,30.92,116.5,114.66,10.14,88.99,True,16,45,23,7,3,1452.77,2380.32,1649.3700000000001,655.1600510562388,1,0,1
2026-07-23 17:00:00,1120.16,260.79,265.14,297.02,302.71,279.5,284.96,287.21,292.77,32.35,32.92,126.03,124.66,10.26,83.21,True,17,0,23,7,3,1115.02,1452.77,1229.3166666666668,193.53332796536358,1,0,1
2026-07-23 17:15:00,569.71,144.96,147.71,147.12,151.3,142.36,146.45,144.76,148.9,31.66,32.42,68.99,69.35,10.32,77.09,True,17,15,23,7,3,1120.16,1115.02,934.9633333333335,316.32910557416386,1,0,1
2026-07-23 17:30:00,323.46,84.34,86.55,84.87,87.51,81.31,83.85,83.27,85.87,30.47,30.8,39.44,39.59,10.35,76.2,True,17,30,23,7,3,569.71,1120.16,671.1100000000002,407.9144426224924,1,0,1
2026-07-23 17:45:00,190.65,52.11,53.7,52.52,54.19,48.61,50.16,50.11,51.71,29.42,29.67,25.1,24.98,10.37,70.26,True,17,45,23,7,3,323.46,569.71,361.2733333333335,192.33826201084798,1,0,1
2026-07-23 18:00:00,126.17,35.78,36.9,35.38,36.53,32.41,33.47,33.44,34.54,28.9,29.11,16.41,15.98,10.38,70.99,True,18,0,23,7,3,190.65,323.46,213.42666666666682,100.59780531082376,0,0,1
2026-07-23 18:15:00,132.15,36.86,38.01,35.8,36.97,35.06,36.2,35.42,36.57,28.43,28.41,18.11,18.04,10.4,67.21,True,18,15,23,7,3,126.17,190.65,149.65666666666684,35.62695795819153,0,0,1
2026-07-23 18:30:00,96.09,28.26,29.16,26.6,27.48,26.57,27.46,26.79,27.68,28.27,28.28,14.97,15.24,10.41,59.08,True,18,30,23,7,3,132.15,126.17,118.13666666666684,19.32567549543653,0,0,1
2026-07-23 18:45:00,21.53,7.84,8.12,6.95,7.22,6.17,6.42,6.51,6.76,28.04,28.07,5.45,5.37,10.41,36.31,True,18,45,23,7,3,96.09,132.15,83.25666666666683,56.41557350018791,0,0,1
2026-07-23 19:00:00,0.0,0.39,0.42,0.33,0.35,0.24,0.26,0.31,0.34,27.9,28.0,1.04,0.88,10.41,0.0,True,19,0,23,7,3,21.53,96.09,39.20666666666682,50.42489894244054,0,0,1
2026-07-23 19:15:00,0.0,0.0,0.0,0.0,0.0,0.0,0.0,0.0,0.0,27.66,27.57,0.24,0.35,10.41,0.0,True,19,15,23,7,3,0.0,21.53,7.176666666666819,12.430351296544856,0,0,1
2026-07-23 19:30:00,0.0,0.0,0.0,0.0,0.0,0.0,0.0,0.0,0.0,27.25,27.14,0.29,0.38,10.41,0.0,True,19,30,23,7,3,0.0,0.0,0.0,0.00014906300612119066,0,0,1
2026-07-23 19:45:00,0.0,0.0,0.0,0.0,0.0,0.0,0.0,0.0,0.0,27.17,27.01,0.19,0.33,10.41,0.0,True,19,45,23,7,3,0.0,0.0,0.0,0.00014906300612119066,0,0,1
2026-07-23 20:00:00,0.0,0.0,0.0,0.0,0.0,0.0,0.0,0.0,0.0,26.77,26.6,0.23,0.33,10.41,0.0,True,20,0,23,7,3,0.0,0.0,0.0,0.00014906300612119066,0,0,1
2026-07-23 20:15:00,0.0,0.0,0.0,0.0,0.0,0.0,0.0,0.0,0.0,27.37,27.37,0.32,0.37,10.41,0.0,True,20,15,23,7,3,0.0,0.0,0.0,0.00014906300612119066,0,0,1
2026-07-23 20:30:00,0.0,0.0,0.0,0.0,0.0,0.0,0.0,0.0,0.0,27.27,27.26,0.28,0.36,10.41,0.0,True,20,30,23,7,3,0.0,0.0,0.0,0.00014906300612119066,0,0,1
2026-07-23 20:45:00,0.0,0.0,0.0,0.0,0.0,0.0,0.0,0.0,0.0,27.47,27.5,0.29,0.37,10.41,0.0,True,20,45,23,7,3,0.0,0.0,0.0,0.00014906300612119066,0,0,1
2026-07-23 21:00:00,0.0,0.0,0.0,0.0,0.0,0.0,0.0,0.0,0.0,27.24,27.14,0.24,0.35,10.41,0.0,True,21,0,23,7,3,0.0,0.0,0.0,0.00014906300612119066,0,0,1
2026-07-23 21:15:00,0.0,0.0,0.0,0.0,0.0,0.0,0.0,0.0,0.0,27.27,27.25,0.19,0.33,10.41,0.0,True,21,15,23,7,3,0.0,0.0,0.0,0.00014906300612119066,0,0,1
2026-07-23 21:30:00,0.0,0.0,0.0,0.0,0.0,0.0,0.0,0.0,0.0,25.98,25.85,0.3,0.36,10.41,0.0,True,21,30,23,7,3,0.0,0.0,0.0,0.00014906300612119066,0,0,1
2026-07-23 21:45:00,0.0,0.0,0.0,0.0,0.0,0.0,0.0,0.0,0.0,25.86,25.67,0.19,0.31,10.41,0.0,True,21,45,23,7,3,0.0,0.0,0.0,0.00014906300612119066,0,0,1
2026-07-23 22:00:00,0.0,0.0,0.0,0.0,0.0,0.0,0.0,0.0,0.0,26.46,26.38,0.26,0.36,10.41,0.0,True,22,0,23,7,3,0.0,0.0,0.0,0.00014906300612119066,0,0,1
2026-07-23 22:15:00,0.0,0.0,0.0,0.0,0.0,0.0,0.0,0.0,0.0,26.64,26.51,0.32,0.37,10.41,0.0,True,22,15,23,7,3,0.0,0.0,0.0,0.00014906300612119066,0,0,1
2026-07-23 22:30:00,0.0,0.0,0.0,0.0,0.0,0.0,0.0,0.0,0.0,27.05,26.9,0.25,0.36,10.41,0.0,True,22,30,23,7,3,0.0,0.0,0.0,0.00014906300612119066,0,0,1
2026-07-23 22:45:00,0.0,0.0,0.0,0.0,0.0,0.0,0.0,0.0,0.0,27.14,27.03,0.28,0.37,10.41,0.0,True,22,45,23,7,3,0.0,0.0,0.0,0.00014906300612119066,0,0,1
2026-07-23 23:00:00,0.0,0.0,0.0,0.0,0.0,0.0,0.0,0.0,0.0,26.86,26.68,0.22,0.33,10.41,0.0,True,23,0,23,7,3,0.0,0.0,0.0,0.00014906300612119066,0,0,1
2026-07-23 23:15:00,0.0,0.0,0.0,0.0,0.0,0.0,0.0,0.0,0.0,27.29,27.23,0.2,0.33,10.41,0.0,True,23,15,23,7,3,0.0,0.0,0.0,0.00014906300612119066,0,0,1
2026-07-23 23:30:00,0.0,0.0,0.0,0.0,0.0,0.0,0.0,0.0,0.0,27.94,28.02,0.24,0.36,10.41,0.0,True,23,30,23,7,3,0.0,0.0,0.0,0.00014906300612119066,0,0,1
2026-07-23 23:45:00,0.0,0.0,0.0,0.0,0.0,0.0,0.0,0.0,0.0,27.42,27.35,0.32,0.37,10.41,0.0,True,23,45,23,7,3,0.0,0.0,0.0,0.00014906300612119066,0,0,1
2026-07-24 00:15:00,0.0,0.0,0.0,0.0,0.0,0.0,0.0,0.0,0.0,27.69,27.69,0.28,0.36,0.0,0.0,True,0,15,24,7,4,0.0,0.0,0.0,0.0,0,1,0
2026-07-24 00:30:00,0.0,0.0,0.0,0.0,0.0,0.0,0.0,0.0,0.0,27.53,27.62,0.2,0.33,0.0,0.0,True,0,30,24,7,4,0.0,0.0,0.0,0.0,0,1,0
2026-07-24 00:45:00,0.0,0.0,0.0,0.0,0.0,0.0,0.0,0.0,0.0,27.66,27.67,0.31,0.35,0.0,0.0,True,0,45,24,7,4,0.0,0.0,0.0,0.0,0,1,0
2026-07-24 01:00:00,0.0,0.0,0.0,0.0,0.0,0.0,0.0,0.0,0.0,27.68,27.66,0.22,0.33,0.0,0.0,True,1,0,24,7,4,0.0,0.0,0.0,0.0,0,1,0
2026-07-24 01:15:00,0.0,0.0,0.0,0.0,0.0,0.0,0.0,0.0,0.0,27.61,27.53,0.37,0.37,0.0,0.0,True,1,15,24,7,4,0.0,0.0,0.0,0.0,0,1,0
2026-07-24 01:30:00,0.0,0.0,0.0,0.0,0.0,0.0,0.0,0.0,0.0,27.68,27.71,0.34,0.36,0.0,0.0,True,1,30,24,7,4,0.0,0.0,0.0,0.0,0,1,0
2026-07-24 01:45:00,0.0,0.0,0.0,0.0,0.0,0.0,0.0,0.0,0.0,27.39,27.43,0.3,0.36,0.0,0.0,True,1,45,24,7,4,0.0,0.0,0.0,0.0,0,1,0
2026-07-24 02:00:00,0.0,0.0,0.0,0.0,0.0,0.0,0.0,0.0,0.0,27.63,27.65,0.27,0.36,0.0,0.0,True,2,0,24,7,4,0.0,0.0,0.0,0.0,0,1,0
2026-07-24 02:15:00,0.0,0.0,0.0,0.0,0.0,0.0,0.0,0.0,0.0,27.48,27.51,0.27,0.36,0.0,0.0,True,2,15,24,7,4,0.0,0.0,0.0,0.0,0,1,0
2026-07-24 02:30:00,0.0,0.0,0.0,0.0,0.0,0.0,0.0,0.0,0.0,27.17,27.19,0.34,0.36,0.0,0.0,True,2,30,24,7,4,0.0,0.0,0.0,0.0,0,1,0
2026-07-24 02:45:00,0.0,0.0,0.0,0.0,0.0,0.0,0.0,0.0,0.0,27.13,27.2,0.31,0.36,0.0,0.0,True,2,45,24,7,4,0.0,0.0,0.0,0.0,0,1,0
2026-07-24 03:00:00,0.0,0.0,0.0,0.0,0.0,0.0,0.0,0.0,0.0,26.95,27.03,0.32,0.37,0.0,0.0,True,3,0,24,7,4,0.0,0.0,0.0,0.0,0,1,0
2026-07-24 03:15:00,0.0,0.0,0.0,0.0,0.0,0.0,0.0,0.0,0.0,26.68,26.62,0.31,0.36,0.0,0.0,True,3,15,24,7,4,0.0,0.0,0.0,0.0,0,1,0
2026-07-24 03:30:00,0.0,0.0,0.0,0.0,0.0,0.0,0.0,0.0,0.0,26.69,26.65,0.24,0.34,0.0,0.0,True,3,30,24,7,4,0.0,0.0,0.0,0.0,0,1,0
2026-07-24 03:45:00,0.0,0.0,0.0,0.0,0.0,0.0,0.0,0.0,0.0,26.95,27.03,0.28,0.35,0.0,0.0,True,3,45,24,7,4,0.0,0.0,0.0,0.0,0,1,0
2026-07-24 04:00:00,0.0,0.0,0.0,0.0,0.0,0.0,0.0,0.0,0.0,26.88,26.95,0.3,0.37,0.0,0.0,True,4,0,24,7,4,0.0,0.0,0.0,0.0,0,1,0
2026-07-24 04:15:00,0.0,0.0,0.0,0.0,0.0,0.0,0.0,0.0,0.0,27.17,27.18,0.33,0.37,0.0,0.0,True,4,15,24,7,4,0.0,0.0,0.0,0.0,0,1,0
2026-07-24 04:30:00,0.0,0.0,0.0,0.0,0.0,0.0,0.0,0.0,0.0,27.13,27.23,0.24,0.35,0.0,0.0,True,4,30,24,7,4,0.0,0.0,0.0,0.0,0,1,0
2026-07-24 04:45:00,0.0,0.0,0.0,0.0,0.0,0.0,0.0,0.0,0.0,27.01,27.03,0.34,0.39,0.0,0.0,True,4,45,24,7,4,0.0,0.0,0.0,0.0,0,1,0
2026-07-24 05:00:00,0.0,0.0,0.0,0.0,0.0,0.0,0.0,0.0,0.0,27.04,27.04,0.31,0.38,0.0,0.0,True,5,0,24,7,4,0.0,0.0,0.0,0.0,0,1,0
2026-07-24 05:15:00,0.0,0.0,0.0,0.0,0.0,0.0,0.0,0.0,0.0,27.29,27.34,0.3,0.37,0.0,0.0,True,5,15,24,7,4,0.0,0.0,0.0,0.0,0,1,0
2026-07-24 05:30:00,0.0,0.0,0.0,0.0,0.0,0.0,0.0,0.0,0.0,27.01,27.05,0.28,0.37,0.0,0.0,True,5,30,24,7,4,0.0,0.0,0.0,0.0,0,1,0
2026-07-24 05:45:00,0.0,0.0,0.0,0.0,0.0,0.0,0.0,0.0,0.0,27.19,27.28,0.77,0.54,0.0,0.0,True,5,45,24,7,4,0.0,0.0,0.0,0.0,0,1,0
2026-07-24 06:00:00,0.0,0.0,0.0,0.0,0.0,0.0,0.0,0.0,0.0,27.17,27.4,2.6,2.09,0.0,0.0,True,6,0,24,7,4,0.0,0.0,0.0,0.0,0,1,0
2026-07-24 06:15:00,0.0,0.97,1.0,0.44,0.46,0.0,0.0,0.0,0.0,0.0,0.0,0.0,0.0,0.0,0.0,True,6,15,24,7,4,0.0,0.0,0.0,0.0,0,1,0
2026-07-24 06:30:00,165.22,30.61,31.57,30.84,31.81,43.68,45.04,44.42,45.8,26.98,27.03,20.49,19.99,0.01,73.85,True,6,30,24,7,4,0.0,0.0,55.07333333333333,95.38981147550997,0,1,0
2026-07-24 06:45:00,279.17,69.83,71.73,71.01,72.93,71.16,73.07,71.59,73.52,27.35,27.41,31.24,30.91,0.04,81.97,True,6,45,24,7,4,165.22,0.0,148.13,140.3674581233129,1,1,0
2026-07-24 07:00:00,609.47,154.24,157.14,158.71,161.68,151.35,154.21,156.07,158.99,28.17,28.22,65.6,65.1,0.1,85.51,True,7,0,24,7,4,279.17,165.22,351.2866666666667,230.7382192731264,1,1,0
2026-07-24 07:15:00,583.54,148.1,150.96,152.78,155.91,144.5,147.57,149.33,152.43,28.83,29.0,61.1,59.98,0.16,88.14,True,7,15,24,7,4,609.47,279.17,490.72666666666663,183.67160540849358,1,1,0
2026-07-24 07:30:00,1004.83,252.64,256.89,259.76,264.99,247.17,252.34,252.77,257.96,29.06,29.18,110.32,108.56,0.26,84.13,True,7,30,24,7,4,583.54,609.47,732.6133333333333,236.10278785591126,1,1,0
2026-07-24 07:45:00,1556.34,388.83,395.07,399.63,406.69,384.78,391.65,391.83,398.79,30.88,30.91,164.76,161.53,0.42,87.9,True,7,45,24,7,4,1004.83,583.54,1048.2366666666667,487.850452529598,1,1,0
2026-07-24 08:00:00,1727.16,431.33,438.34,447.7,455.35,419.44,426.76,432.54,440.02,32.45,32.84,180.42,177.07,0.61,89.66,True,8,0,24,7,4,1556.34,1004.83,1429.4433333333334,377.5145430752752,1,1,0
2026-07-24 08:15:00,1626.0,405.14,411.69,422.31,429.64,395.63,402.63,405.09,412.21,32.73,32.96,179.2,174.24,0.78,85.08,True,8,15,24,7,4,1727.16,1556.34,1636.5,85.89269817627456,1,1,0
2026-07-24 08:30:00,1566.01,391.67,397.93,406.78,413.93,381.91,388.74,392.24,399.21,32.88,33.39,164.08,159.85,0.94,89.55,True,8,30,24,7,4,1626.0,1727.16,1639.7233333333334,81.44678037426605,1,1,0
2026-07-24 08:45:00,2524.81,635.33,646.68,660.39,671.1,626.47,636.68,642.45,652.89,34.08,34.6,273.0,269.2,1.2,87.2,True,8,45,24,7,4,1566.01,1626.0,1905.6066666666666,537.0840493194097,1,1,0
2026-07-24 09:00:00,3102.63,769.12,783.71,797.71,810.58,760.09,772.31,778.15,790.68,36.41,37.16,332.56,329.03,1.52,88.83,True,9,0,24,7,4,2524.81,1566.01,2397.816666666667,776.1415696465012,1,1,0
2026-07-24 09:15:00,3939.54,994.05,1015.07,1007.36,1024.24,957.36,973.25,994.53,1011.17,38.56,39.55,429.34,417.02,1.93,88.16,True,9,15,24,7,4,3102.63,2524.81,3188.9933333333333,711.3080993727934,1,1,0
2026-07-24 09:30:00,3698.88,919.09,937.97,982.85,999.45,882.24,896.75,936.94,952.63,38.77,39.08,401.04,397.24,2.31,88.69,True,9,30,24,7,4,3939.54,3102.63,3580.3500000000004,430.86147158919084,1,1,0
2026-07-24 09:45:00,4296.51,1067.76,1090.92,1122.73,1141.97,1049.97,1067.7,1077.31,1095.59,40.91,41.43,446.85,443.12,2.76,93.31,True,9,45,24,7,4,3698.88,3939.54,3978.31,300.6954254723605,1,1,0
2026-07-24 10:00:00,4194.14,1038.06,1060.31,1071.99,1090.14,1029.44,1046.73,1053.61,1071.39,40.35,41.12,447.95,444.96,3.19,90.64,True,10,0,24,7,4,4296.51,3698.88,4063.1766666666676,319.6153160180804,1,1,0
2026-07-24 10:15:00,5179.11,1279.45,1308.91,1336.71,1360.72,1268.41,1290.77,1307.06,1330.34,41.06,41.87,550.88,544.83,3.73,91.29,True,10,15,24,7,4,4194.14,4296.51,4556.586666666667,541.545362488996,1,1,0
2026-07-24 10:30:00,4558.93,1129.05,1154.06,1177.44,1197.86,1116.85,1135.95,1146.13,1165.87,42.41,43.26,491.51,484.67,4.2,90.59,True,10,30,24,7,4,5179.11,4194.14,4644.06,497.9727029667439,1,1,0
2026-07-24 10:45:00,4538.57,1124.62,1149.5,1165.35,1185.44,1113.4,1132.41,1144.6,1164.25,42.1,42.92,480.96,476.85,4.67,92.04,True,10,45,24,7,4,4558.93,5179.11,4758.87,364.0808640947851,1,1,0
2026-07-24 11:00:00,5049.66,1244.06,1272.47,1289.36,1312.25,1244.13,1265.96,1267.96,1290.34,42.52,43.61,533.7,528.43,5.21,92.46,True,11,0,24,7,4,4538.57,4558.93,4715.72,289.3796383645634,1,1,0
2026-07-24 11:15:00,4789.62,1185.82,1212.46,1226.59,1248.09,1190.46,1211.13,1209.45,1230.54,42.3,43.11,508.56,502.9,5.71,91.94,True,11,15,24,7,4,5049.66,4538.57,4792.616666666666,255.55817739477487,1,1,0
2026-07-24 11:30:00,5071.18,1229.4,1257.22,1283.67,1306.6,1271.13,1293.75,1304.96,1328.48,42.79,44.0,555.83,547.74,6.22,89.26,True,11,30,24,7,4,4789.62,5049.66,4970.153333333333,156.71627526629146,1,1,0
2026-07-24 11:45:00,4621.73,1136.84,1162.01,1216.52,1237.99,1121.66,1140.87,1153.18,1173.1,42.94,44.0,505.91,498.23,6.72,89.43,True,11,45,24,7,4,5071.18,4789.62,4827.509999999999,227.1080463127764,1,1,0
2026-07-24 12:00:00,5763.09,1338.43,1369.27,1618.68,1650.15,1410.89,1436.81,1477.96,1505.63,43.29,44.19,624.9,617.12,7.3,90.42,True,12,0,24,7,4,4621.73,5071.18,5152.0,574.9561432839964,1,0,1
2026-07-24 12:15:00,7619.14,1378.27,1410.13,2139.89,2186.28,2033.25,2076.82,2108.24,2153.86,49.14,50.63,961.41,945.22,8.11,79.71,True,12,15,24,7,4,5763.09,4621.73,6001.32,1512.8389956304045,1,0,1
2026-07-24 12:30:00,5619.12,1292.34,1321.94,1408.2,1434.21,1455.75,1483.19,1453.82,1481.08,50.76,52.16,662.75,656.11,8.69,85.89,True,12,30,24,7,4,7619.14,5763.09,6333.783333333334,1115.4766517652197,1,0,1
2026-07-24 12:45:00,6225.41,1360.75,1392.2,1695.04,1728.75,1600.57,1631.54,1617.21,1648.62,47.16,48.16,710.25,704.21,9.33,87.39,True,12,45,24,7,4,5619.12,7619.14,6487.89,1025.520264499933,1,0,1
2026-07-24 13:00:00,6454.47,1330.97,1361.54,1767.83,1803.93,1759.19,1794.62,1736.67,1771.67,47.75,48.89,784.57,776.09,10.01,82.24,True,13,0,24,7,4,6225.41,5619.12,6099.666666666667,431.63751578534476,1,0,1
2026-07-24 13:15:00,6799.6,1374.07,1405.83,1848.54,1886.64,1777.47,1813.83,1925.25,1965.77,52.5,54.05,851.53,857.14,10.73,81.53,True,13,15,24,7,4,6454.47,6225.41,6493.160000000001,289.0436404766798,1,0,1
2026-07-24 13:30:00,5806.2,1280.35,1309.61,1513.56,1542.53,1537.62,1567.78,1540.74,1570.7,50.56,52.43,719.42,713.94,11.34,81.69,True,13,30,24,7,4,6799.6,6454.47,6353.423333333333,504.3497909520188,1,0,1
2026-07-24 13:45:00,6792.0,1341.48,1372.29,1819.22,1856.96,1824.37,1862.41,1805.27,1842.65,50.06,51.63,856.5,858.06,12.04,80.09,True,13,45,24,7,4,5806.2,6799.6,6465.933333333333,571.3584630801802,1,0,1
2026-07-24 14:00:00,4885.99,1117.35,1141.84,1254.1,1276.86,1231.37,1253.6,1238.38,1260.76,48.21,49.28,594.33,589.35,12.56,82.35,True,14,0,24,7,4,6792.0,5806.2,5828.063333333333,953.1930727997037,1,0,1
2026-07-24 14:15:00,3832.43,882.78,900.85,1023.63,1042.25,998.43,1016.74,955.09,972.02,44.39,45.36,436.51,437.4,12.97,86.49,True,14,15,24,7,4,4885.99,6792.0,5170.139999999999,1500.1065172513595,1,0,1
2026-07-24 14:30:00,2937.77,728.55,742.4,757.24,769.69,719.99,731.79,732.52,744.53,39.76,40.64,334.09,331.53,13.28,84.92,True,14,30,24,7,4,3832.43,4885.99,3885.396666666666,975.189413874724,1,0,1
2026-07-24 14:45:00,2607.03,623.57,635.02,673.11,684.32,639.01,649.64,660.73,671.8,38.75,39.49,266.57,264.71,13.54,94.04,True,14,45,24,7,4,2937.77,3832.43,3125.7433333333333,633.9572308392126,1,0,1
2026-07-24 15:00:00,3407.97,838.8,855.35,888.73,903.28,823.48,836.88,853.33,867.26,39.56,40.3,343.63,339.96,13.89,95.69,True,15,0,24,7,4,2607.03,2937.77,2984.2566666666667,402.48848248530265,1,0,1
2026-07-24 15:15:00,5952.1,1322.7,1353.08,1563.58,1593.69,1522.84,1551.85,1591.86,1622.76,43.56,44.61,688.99,688.91,14.51,84.79,True,15,15,24,7,4,3407.97,2607.03,3989.0333333333333,1746.5964829442803,1,0,1
2026-07-24 15:30:00,3314.58,799.06,815.23,887.93,903.26,795.81,809.41,865.54,880.45,46.65,48.07,417.17,417.58,14.87,79.04,True,15,30,24,7,4,5952.1,3407.97,4224.883333333333,1496.5421755611605,1,0,1
2026-07-24 15:45:00,5041.43,1174.27,1200.55,1367.29,1392.76,1204.19,1226.0,1295.11,1318.86,45.28,46.56,562.01,571.16,15.39,88.71,True,15,45,24,7,4,3314.58,5952.1,4769.37,1339.6419000240335,1,0,1
2026-07-24 16:00:00,3460.66,809.6,825.75,1059.62,1077.91,740.38,752.63,827.32,841.16,45.08,46.47,368.92,370.9,15.74,92.68,True,16,0,24,7,4,5041.43,3314.58,3938.89,957.6171888077171,1,0,1
2026-07-24 16:15:00,2352.98,552.27,562.02,602.51,612.58,589.43,599.19,623.51,633.87,41.58,42.62,302.03,299.86,16.01,75.82,True,16,15,24,7,4,3460.66,5041.43,3618.3566666666666,1351.1447108408947,1,0,1
2026-07-24 16:30:00,1903.41,473.73,481.56,493.47,501.7,464.05,471.9,474.9,482.88,39.05,39.76,202.91,202.98,16.2,90.32,True,16,30,24,7,4,2352.98,3460.66,2572.35,801.4669602048373,1,0,1
2026-07-24 16:45:00,1816.83,436.97,444.2,437.9,445.45,465.33,473.27,461.0,468.86,37.95,38.67,207.53,210.64,16.39,83.9,True,16,45,24,7,4,1903.41,2352.98,2024.4066666666668,287.8269456345449,1,0,1
2026-07-24 17:00:00,1281.17,308.0,313.07,312.82,318.77,322.64,328.74,326.66,332.81,37.04,37.29,140.1,142.47,16.53,87.3,True,17,0,24,7,4,1816.83,1903.41,1667.1366666666665,337.0485498163557,1,0,1
2026-07-24 17:15:00,409.02,107.11,109.55,111.68,115.03,99.61,102.6,102.93,106.03,31.12,31.4,41.68,38.24,16.57,91.41,True,17,15,24,7,4,1281.17,1816.83,1169.006666666667,710.5756180965573,1,0,1
2026-07-24 17:30:00,1072.76,267.3,271.77,270.76,276.12,272.47,277.9,270.74,276.14,29.48,29.53,108.31,106.15,16.68,91.64,True,17,30,24,7,4,409.02,1281.17,920.9833333333332,455.45419422078265,1,0,1
2026-07-24 17:45:00,994.65,249.64,253.84,252.57,257.73,246.46,251.53,251.31,256.44,30.45,30.44,111.03,111.2,16.78,83.22,True,17,45,24,7,4,1072.76,409.02,825.4766666666666,362.7704638380881,1,0,1
2026-07-24 18:00:00,495.93,117.31,119.47,146.81,150.93,139.5,143.5,142.57,146.61,31.04,31.08,69.47,68.93,16.84,66.47,True,18,0,24,7,4,994.65,1072.76,854.4466666666667,312.9312116636846,1,0,1
2026-07-24 18:15:00,305.78,0.0,0.0,106.21,109.46,103.91,107.1,105.49,108.72,30.87,31.14,53.32,54.15,16.87,53.37,True,18,15,24,7,4,495.93,994.65,598.7866666666666,355.7669035102896,1,0,1
2026-07-24 18:30:00,144.75,0.0,0.0,52.41,54.07,52.27,53.94,52.65,54.32,30.33,30.56,28.88,30.95,16.88,46.54,True,18,30,24,7,4,305.78,495.93,315.4866666666667,175.7911051028957,1,0,1
2026-07-24 18:45:00,34.87,0.0,0.0,14.2,14.7,14.06,14.56,14.11,14.61,29.32,29.53,10.16,9.9,16.89,31.74,True,18,45,24,7,4,144.75,305.78,161.79999999999998,136.25741777959362,0,0,1
2026-07-24 19:00:00,0.0,0.23,0.25,1.42,1.49,0.2,0.22,0.41,0.43,28.39,28.4,1.2,1.0,16.89,0.0,True,19,0,24,7,4,34.87,144.75,59.873333333333335,75.54479223146495,0,0,1
2026-07-24 19:15:00,0.0,0.0,0.0,0.0,0.0,0.0,0.0,0.0,0.0,27.68,27.53,0.21,0.35,16.89,0.0,True,19,15,24,7,4,0.0,34.87,11.623333333333333,20.132203885685417,0,0,1
2026-07-24 19:30:00,0.0,0.0,0.0,0.0,0.0,0.0,0.0,0.0,0.0,27.33,27.21,0.16,0.34,16.89,0.0,True,19,30,24,7,4,0.0,0.0,0.0,0.0,0,0,1
2026-07-24 19:45:00,0.0,0.0,0.0,0.0,0.0,0.0,0.0,0.0,0.0,26.94,26.79,0.17,0.34,16.89,0.0,True,19,45,24,7,4,0.0,0.0,0.0,0.0,0,0,1
2026-07-24 20:00:00,0.0,0.0,0.0,0.0,0.0,0.0,0.0,0.0,0.0,26.85,26.7,0.24,0.38,16.89,0.0,True,20,0,24,7,4,0.0,0.0,0.0,0.0,0,0,1
2026-07-24 20:15:00,0.0,0.0,0.0,0.0,0.0,0.0,0.0,0.0,0.0,26.79,26.72,0.36,0.36,16.89,0.0,True,20,15,24,7,4,0.0,0.0,0.0,0.0,0,0,1
2026-07-24 20:30:00,0.0,0.0,0.0,0.0,0.0,0.0,0.0,0.0,0.0,27.63,27.57,0.58,0.32,16.89,0.0,True,20,30,24,7,4,0.0,0.0,0.0,0.0,0,0,1
2026-07-24 20:45:00,0.0,0.0,0.0,0.0,0.0,0.0,0.0,0.0,0.0,27.0,26.62,0.71,0.34,16.89,0.0,True,20,45,24,7,4,0.0,0.0,0.0,0.0,0,0,1
2026-07-24 21:00:00,0.0,0.0,0.0,0.0,0.0,0.0,0.0,0.0,0.0,27.31,27.03,0.34,0.33,16.89,0.0,True,21,0,24,7,4,0.0,0.0,0.0,0.0,0,0,1
2026-07-24 21:15:00,0.0,0.0,0.0,0.0,0.0,0.0,0.0,0.0,0.0,27.46,27.28,0.29,0.4,16.89,0.0,True,21,15,24,7,4,0.0,0.0,0.0,0.0,0,0,1
2026-07-24 21:30:00,0.0,0.0,0.0,0.0,0.0,0.0,0.0,0.0,0.0,27.63,27.45,0.33,0.41,16.89,0.0,True,21,30,24,7,4,0.0,0.0,0.0,0.0,0,0,1
2026-07-24 21:45:00,0.0,0.0,0.0,0.0,0.0,0.0,0.0,0.0,0.0,27.52,27.34,0.28,0.4,16.89,0.0,True,21,45,24,7,4,0.0,0.0,0.0,0.0,0,0,1
2026-07-24 22:00:00,0.0,0.0,0.0,0.0,0.0,0.0,0.0,0.0,0.0,26.75,26.59,0.26,0.39,16.89,0.0,True,22,0,24,7,4,0.0,0.0,0.0,0.0,0,0,1
2026-07-24 22:15:00,0.0,0.0,0.0,0.0,0.0,0.0,0.0,0.0,0.0,26.57,26.34,0.28,0.4,16.89,0.0,True,22,15,24,7,4,0.0,0.0,0.0,0.0,0,0,1
2026-07-24 22:30:00,0.0,0.0,0.0,0.0,0.0,0.0,0.0,0.0,0.0,26.73,26.56,0.29,0.4,16.89,0.0,True,22,30,24,7,4,0.0,0.0,0.0,0.0,0,0,1
2026-07-24 22:45:00,0.0,0.0,0.0,0.0,0.0,0.0,0.0,0.0,0.0,26.63,26.41,0.27,0.4,16.89,0.0,True,22,45,24,7,4,0.0,0.0,0.0,0.0,0,0,1
2026-07-24 23:00:00,0.0,0.0,0.0,0.0,0.0,0.0,0.0,0.0,0.0,26.25,26.06,0.29,0.39,16.89,0.0,True,23,0,24,7,4,0.0,0.0,0.0,0.0,0,0,1
2026-07-24 23:15:00,0.0,0.0,0.0,0.0,0.0,0.0,0.0,0.0,0.0,26.64,26.32,0.29,0.4,16.89,0.0,True,23,15,24,7,4,0.0,0.0,0.0,0.0,0,0,1
2026-07-24 23:30:00,0.0,0.0,0.0,0.0,0.0,0.0,0.0,0.0,0.0,27.66,27.39,0.37,0.41,16.89,0.0,True,23,30,24,7,4,0.0,0.0,0.0,0.0,0,0,1
2026-07-24 23:45:00,0.0,0.0,0.0,0.0,0.0,0.0,0.0,0.0,0.0,27.74,27.55,0.29,0.38,16.89,0.0,True,23,45,24,7,4,0.0,0.0,0.0,0.0,0,0,1
2026-07-25 00:15:00,0.0,0.0,0.0,0.0,0.0,0.0,0.0,0.0,0.0,27.71,27.62,0.31,0.37,0.0,0.0,True,0,15,25,7,5,0.0,0.0,0.0,0.0,0,1,0
2026-07-25 00:30:00,0.0,0.0,0.0,0.0,0.0,0.0,0.0,0.0,0.0,27.96,27.84,0.35,0.37,0.0,0.0,True,0,30,25,7,5,0.0,0.0,0.0,0.0,0,1,0
2026-07-25 00:45:00,0.0,0.0,0.0,0.0,0.0,0.0,0.0,0.0,0.0,27.76,27.93,0.3,0.4,0.0,0.0,True,0,45,25,7,5,0.0,0.0,0.0,0.0,0,1,0
2026-07-25 01:00:00,0.0,0.0,0.0,0.0,0.0,0.0,0.0,0.0,0.0,27.53,27.42,0.23,0.35,0.0,0.0,True,1,0,25,7,5,0.0,0.0,0.0,0.0,0,1,0
2026-07-25 01:15:00,0.0,0.0,0.0,0.0,0.0,0.0,0.0,0.0,0.0,27.41,27.43,0.26,0.36,0.0,0.0,True,1,15,25,7,5,0.0,0.0,0.0,0.0,0,1,0
2026-07-25 01:30:00,0.0,0.0,0.0,0.0,0.0,0.0,0.0,0.0,0.0,26.82,26.79,0.24,0.35,0.0,0.0,True,1,30,25,7,5,0.0,0.0,0.0,0.0,0,1,0
2026-07-25 01:45:00,0.0,0.0,0.0,0.0,0.0,0.0,0.0,0.0,0.0,26.56,26.61,0.26,0.36,0.0,0.0,True,1,45,25,7,5,0.0,0.0,0.0,0.0,0,1,0
2026-07-25 02:00:00,0.0,0.0,0.0,0.0,0.0,0.0,0.0,0.0,0.0,26.15,26.11,0.24,0.35,0.0,0.0,True,2,0,25,7,5,0.0,0.0,0.0,0.0,0,1,0
2026-07-25 02:15:00,0.0,0.0,0.0,0.0,0.0,0.0,0.0,0.0,0.0,27.01,27.04,0.26,0.38,0.0,0.0,True,2,15,25,7,5,0.0,0.0,0.0,0.0,0,1,0
2026-07-25 02:30:00,0.0,0.0,0.0,0.0,0.0,0.0,0.0,0.0,0.0,27.05,27.04,0.4,0.41,0.0,0.0,True,2,30,25,7,5,0.0,0.0,0.0,0.0,0,1,0
2026-07-25 02:45:00,0.0,0.0,0.0,0.0,0.0,0.0,0.0,0.0,0.0,26.66,26.58,0.3,0.38,0.0,0.0,True,2,45,25,7,5,0.0,0.0,0.0,0.0,0,1,0
2026-07-25 03:00:00,0.0,0.0,0.0,0.0,0.0,0.0,0.0,0.0,0.0,26.7,26.75,0.33,0.4,0.0,0.0,True,3,0,25,7,5,0.0,0.0,0.0,0.0,0,1,0
2026-07-25 03:15:00,0.0,0.0,0.0,0.0,0.0,0.0,0.0,0.0,0.0,26.67,26.72,0.35,0.4,0.0,0.0,True,3,15,25,7,5,0.0,0.0,0.0,0.0,0,1,0
2026-07-25 03:30:00,0.0,0.0,0.0,0.0,0.0,0.0,0.0,0.0,0.0,26.85,26.82,0.08,0.31,0.0,0.0,True,3,30,25,7,5,0.0,0.0,0.0,0.0,0,1,0
2026-07-25 03:45:00,0.0,0.0,0.0,0.0,0.0,0.0,0.0,0.0,0.0,25.84,25.69,0.39,0.39,0.0,0.0,True,3,45,25,7,5,0.0,0.0,0.0,0.0,0,1,0
2026-07-25 04:00:00,0.0,0.0,0.0,0.0,0.0,0.0,0.0,0.0,0.0,25.82,25.67,0.3,0.38,0.0,0.0,True,4,0,25,7,5,0.0,0.0,0.0,0.0,0,1,0
2026-07-25 04:15:00,0.0,0.0,0.0,0.0,0.0,0.0,0.0,0.0,0.0,25.96,25.83,0.33,0.4,0.0,0.0,True,4,15,25,7,5,0.0,0.0,0.0,0.0,0,1,0
2026-07-25 04:30:00,0.0,0.0,0.0,0.0,0.0,0.0,0.0,0.0,0.0,26.45,26.45,0.36,0.41,0.0,0.0,True,4,30,25,7,5,0.0,0.0,0.0,0.0,0,1,0
2026-07-25 04:45:00,0.0,0.0,0.0,0.0,0.0,0.0,0.0,0.0,0.0,25.91,25.82,0.3,0.38,0.0,0.0,True,4,45,25,7,5,0.0,0.0,0.0,0.0,0,1,0
2026-07-25 05:00:00,0.0,0.0,0.0,0.0,0.0,0.0,0.0,0.0,0.0,25.75,25.73,0.31,0.39,0.0,0.0,True,5,0,25,7,5,0.0,0.0,0.0,0.0,0,1,0
2026-07-25 05:15:00,0.0,0.0,0.0,0.0,0.0,0.0,0.0,0.0,0.0,25.44,25.36,0.29,0.39,0.0,0.0,True,5,15,25,7,5,0.0,0.0,0.0,0.0,0,1,0
2026-07-25 05:30:00,0.0,0.0,0.0,0.0,0.0,0.0,0.0,0.0,0.0,25.62,25.56,0.32,0.41,0.0,0.0,True,5,30,25,7,5,0.0,0.0,0.0,0.0,0,1,0
2026-07-25 05:45:00,0.0,0.11,0.12,0.27,0.29,0.0,0.0,0.0,0.0,25.43,25.37,0.49,0.43,0.0,0.0,True,5,45,25,7,5,0.0,0.0,0.0,0.0,0,1,0
2026-07-25 06:00:00,20.21,10.65,11.01,11.08,11.45,1.55,1.6,0.0,0.0,25.39,25.3,5.65,5.13,0.0,32.58,True,6,0,25,7,5,0.0,0.0,6.736666666666667,11.668248940322336,0,1,0
2026-07-25 06:15:00,123.78,44.38,45.76,45.61,47.03,44.83,46.22,0.0,0.0,25.18,25.06,21.52,21.12,0.01,52.3,True,6,15,25,7,5,20.21,0.0,47.99666666666667,66.40366129464047,1,1,0
2026-07-25 06:30:00,358.37,94.62,96.93,97.56,99.88,95.85,98.16,0.0,0.0,25.93,25.96,45.76,45.66,0.05,71.43,True,6,30,25,7,5,123.78,20.21,167.45333333333335,173.25866914337456,1,1,0
2026-07-25 06:45:00,619.59,154.85,157.75,161.1,164.1,155.8,158.72,0.0,0.0,27.45,27.61,75.08,74.83,0.11,75.73,True,6,45,25,7,5,358.37,123.78,367.24666666666667,248.02416300298918,1,1,0
2026-07-25 07:00:00,740.38,49.86,50.76,240.0,244.88,237.09,241.85,0.0,0.0,27.51,27.67,105.61,103.91,0.19,64.35,True,7,0,25,7,5,619.59,358.37,572.7800000000001,195.25955059868394,1,1,0
2026-07-25 07:15:00,1077.08,0.0,0.0,374.04,380.76,350.61,357.02,0.0,0.0,29.65,29.93,174.3,160.05,0.3,57.22,True,7,15,25,7,5,740.38,619.59,812.35,237.08444845666287,1,1,0
2026-07-25 07:30:00,1558.55,0.0,0.0,525.85,534.58,519.4,528.09,0.0,0.0,31.64,31.98,245.31,176.02,0.46,59.31,True,7,30,25,7,5,1077.08,740.38,1125.3366666666668,411.2141372002347,1,1,0
2026-07-25 07:45:00,1958.79,0.0,0.0,658.61,669.37,651.05,661.7,0.0,0.0,34.06,34.67,303.3,183.74,0.66,60.89,True,7,45,25,7,5,1558.55,1077.08,1531.4733333333334,441.47818794741556,1,1,0
2026-07-25 08:00:00,2457.0,0.0,0.0,843.71,857.37,799.89,812.76,0.0,0.0,35.57,36.32,366.92,201.82,0.92,63.53,True,8,0,25,7,5,1958.79,1558.55,1991.4466666666667,450.1143677259524,1,1,0
2026-07-25 08:15:00,2608.23,0.0,0.0,899.24,914.06,851.95,865.92,0.0,0.0,36.62,37.26,399.54,237.88,1.19,62.21,True,8,15,25,7,5,2457.0,1958.79,2341.34,339.8176056357304,1,1,0
2026-07-25 08:30:00,2263.9,0.0,0.0,756.66,768.97,762.22,774.59,0.0,0.0,36.72,37.28,333.1,238.06,1.43,64.8,True,8,30,25,7,5,2608.23,2457.0,2443.0433333333335,172.58875581373823,1,1,0
2026-07-25 08:45:00,2943.23,0.0,0.0,980.47,996.79,999.99,1016.72,0.0,0.0,37.41,38.12,451.9,288.56,1.73,62.28,True,8,45,25,7,5,2263.9,2608.23,2605.1200000000003,339.6756781107546,1,1,0
2026-07-25 09:00:00,3218.78,0.0,0.0,1087.35,1106.05,1061.67,1079.97,0.0,0.0,38.42,39.21,476.5,381.06,2.07,64.86,True,9,0,25,7,5,2943.23,2263.9,2808.6366666666668,491.46259026840954,1,1,0
2026-07-25 09:15:00,4364.64,0.0,0.0,1487.04,1514.82,1429.46,1455.76,0.0,0.0,43.33,44.43,645.22,570.63,2.52,66.33,True,9,15,25,7,5,3218.78,2943.23,3508.8833333333337,753.8047194289354,1,1,0
2026-07-25 09:30:00,5795.28,1133.07,1154.55,1582.24,1612.53,1533.61,1562.6,0.0,0.0,45.81,46.99,693.13,684.87,3.12,82.87,True,9,30,25,7,5,4364.64,3218.78,4459.566666666667,1290.870391066949,1,1,0
2026-07-25 09:45:00,6643.71,1646.0,1678.02,1688.69,1721.9,1653.14,1685.35,0.0,0.0,46.99,48.42,750.29,752.49,3.81,88.22,True,9,45,25,7,5,5795.28,4364.64,5601.21,1151.8625742248978,1,1,0
2026-07-25 10:00:00,6874.71,1710.2,1744.01,1756.59,1791.72,1709.61,1743.41,0.0,0.0,47.72,49.3,778.21,780.04,4.51,88.3,True,10,0,25,7,5,6643.71,5795.28,6437.900000000001,568.3841995516858,1,1,0
2026-07-25 10:15:00,7288.25,1819.61,1856.57,1884.48,1923.34,1795.9,1832.16,0.0,0.0,49.6,51.05,828.29,828.96,5.28,88.68,True,10,15,25,7,5,6874.71,6643.71,6935.556666666666,326.54967544516785,1,1,0
2026-07-25 10:30:00,6786.68,1718.8,1752.98,1783.05,1819.17,1581.42,1611.7,0.0,0.0,50.81,52.31,809.59,806.33,5.98,84.94,True,10,30,25,7,5,7288.25,6874.71,6983.213333333333,267.8112137931204,1,1,0
2026-07-25 10:45:00,7294.61,1842.35,1879.97,1914.22,1953.92,1732.13,1766.59,0.0,0.0,51.44,53.24,834.25,794.65,6.74,88.85,True,10,45,25,7,5,6786.68,7288.25,7123.18,291.434898219158,1,1,0
2026-07-25 11:00:00,7378.15,1841.32,1878.92,1898.14,1937.38,1831.65,1868.97,0.0,0.0,52.45,54.31,844.86,526.93,7.51,89.14,True,11,0,25,7,5,7294.61,6786.68,7153.1466666666665,320.1063826813584,1,1,0
2026-07-25 11:15:00,7199.95,1797.51,1833.9,1852.45,1890.4,1767.98,1803.71,0.0,0.0,51.61,53.41,808.36,677.15,8.25,90.58,True,11,15,25,7,5,7378.15,7294.61,7290.903333333333,89.15780691192731,1,1,0
2026-07-25 11:30:00,6465.17,527.36,538.44,2093.27,2138.24,1987.64,2029.55,0.0,0.0,54.49,56.09,966.79,938.01,8.96,68.89,True,11,30,25,7,5,7199.95,7378.15,7014.423333333332,483.9403146394648,1,1,0
2026-07-25 11:45:00,5856.82,541.44,552.32,1664.63,1698.6,1884.57,1923.7,0.0,0.0,55.01,55.97,813.94,815.16,9.56,74.3,True,11,45,25,7,5,6465.17,7199.95,6507.313333333334,672.5560159818243,1,1,0
2026-07-25 12:00:00,5705.33,0.0,0.0,1824.62,1862.41,1957.74,1998.89,0.0,0.0,55.07,56.06,971.05,963.48,10.17,60.69,True,12,0,25,7,5,5856.82,6465.17,6009.106666666667,402.1599532938889,1,0,1
2026-07-25 12:15:00,5557.61,0.0,0.0,1921.92,1962.78,1885.54,1925.61,0.0,0.0,55.76,56.65,927.19,923.0,10.76,62.11,True,12,15,25,7,5,5705.33,5856.82,5706.586666666666,149.60895839936256,1,0,1
2026-07-25 12:30:00,3761.35,0.0,0.0,1355.05,1381.94,1243.35,1267.97,0.0,0.0,50.42,50.99,558.49,549.89,11.16,68.12,True,12,30,25,7,5,5557.61,5705.33,5008.096666666666,1082.2376068744525,1,0,1
2026-07-25 12:45:00,4373.96,0.0,0.0,1331.27,1356.71,1475.9,1506.4,0.0,0.0,45.08,45.48,589.9,583.82,11.57,73.26,True,12,45,25,7,5,3761.35,5557.61,4564.306666666666,913.1327324290492,1,0,1
2026-07-25 13:00:00,6472.85,0.0,0.0,2209.97,2258.47,2132.85,2178.98,0.0,0.0,54.4,54.8,1006.61,1003.26,12.25,66.22,True,13,0,25,7,5,4373.96,3761.35,4869.386666666666,1422.021008646969,1,0,1
2026-07-25 13:15:00,4995.13,0.0,0.0,1815.5,1853.78,1509.53,1539.97,0.0,0.0,55.66,55.72,764.89,766.89,12.78,67.64,True,13,15,25,7,5,6472.85,4373.96,5280.6466666666665,1078.1811690218594,1,0,1
2026-07-25 13:30:00,5681.72,0.0,0.0,1976.87,2019.18,1894.46,1933.78,0.0,0.0,52.22,52.12,915.01,916.1,13.35,63.32,True,13,30,25,7,5,4995.13,6472.85,5716.566666666667,739.4760423660414,1,0,1
2026-07-25 13:45:00,5779.75,0.0,0.0,1995.86,2038.13,1889.25,1928.54,0.0,0.0,54.96,55.77,929.86,924.14,13.97,64.17,True,13,45,25,7,5,5681.72,4995.13,5485.533333333334,427.5208091231853,1,0,1
2026-07-25 14:00:00,4836.91,0.0,0.0,1745.65,1781.46,1515.69,1545.69,0.0,0.0,55.27,56.01,765.15,767.36,14.48,65.36,True,14,0,25,7,5,5779.75,5681.72,5432.793333333334,518.3726270100909,1,0,1
2026-07-25 14:15:00,4383.89,0.0,0.0,1332.75,1357.46,1498.2,1527.92,0.0,0.0,51.62,51.57,703.81,699.33,14.93,63.34,True,14,15,25,7,5,4836.91,5779.75,5000.183333333333,712.1094866193969,1,0,1
2026-07-25 14:30:00,2304.43,0.0,0.0,755.67,768.02,791.8,804.91,0.0,0.0,45.41,45.55,314.27,312.75,15.18,72.55,True,14,30,25,7,5,4383.89,4836.91,3841.743333333334,1350.4836147592976,1,0,1
2026-07-25 14:45:00,2917.29,652.52,663.47,671.65,682.82,856.89,871.79,0.0,0.0,40.8,40.84,325.19,330.58,15.46,87.02,True,14,45,25,7,5,2304.43,4383.89,3201.8700000000003,1068.5400344395168,1,0,1
2026-07-25 15:00:00,5060.45,1283.34,1307.05,1198.9,1220.78,1253.04,1276.33,0.0,0.0,44.86,44.78,591.13,578.58,16.01,84.5,True,15,0,25,7,5,2917.29,2304.43,3427.390000000001,1447.0877884910797,1,0,1
2026-07-25 15:15:00,1801.86,444.26,451.89,468.0,475.93,444.09,451.75,0.0,0.0,41.88,41.66,192.71,191.14,16.2,91.12,True,15,15,25,7,5,5060.45,2917.29,3259.866666666667,1656.08613194886,1,0,1
2026-07-25 15:30:00,4427.85,1055.25,1074.17,1054.24,1073.1,1181.92,1203.66,0.0,0.0,42.94,43.19,536.32,538.58,16.66,80.82,True,15,30,25,7,5,1801.86,5060.45,3763.386666666667,1727.9281923833923,1,0,1
2026-07-25 15:45:00,1864.71,476.35,484.42,520.29,528.98,429.59,437.04,0.0,0.0,41.69,41.77,193.24,187.77,16.85,93.96,True,15,45,25,7,5,4427.85,1801.86,2698.1400000000003,1498.3023872703407,1,0,1
2026-07-25 16:00:00,2983.38,712.79,724.72,709.61,721.36,766.78,779.75,0.0,0.0,41.18,41.63,331.02,329.07,17.16,87.56,True,16,0,25,7,5,1864.71,4427.85,3091.980000000001,1285.0163947981375,1,0,1
2026-07-25 16:15:00,1783.11,440.2,447.8,447.93,455.63,451.57,459.34,0.0,0.0,39.2,39.48,181.13,180.45,17.35,94.84,True,16,15,25,7,5,2983.38,1864.71,2210.4,670.6625084943986,1,0,1
2026-07-25 16:30:00,3695.93,920.84,936.0,965.6,981.7,898.69,913.5,0.0,0.0,40.28,40.45,364.32,368.58,17.73,98.18,True,16,30,25,7,5,1783.11,2983.38,2820.8066666666673,966.7174637055725,1,0,1
2026-07-25 16:45:00,2641.66,662.93,673.67,684.37,695.43,639.14,649.54,0.0,0.0,41.39,41.26,301.75,307.37,18.01,85.13,True,16,45,25,7,5,3695.93,1783.11,2706.9,958.0773879494292,1,0,1
2026-07-25 17:00:00,1539.8,382.45,389.25,393.13,400.09,377.86,384.58,0.0,0.0,39.37,39.56,187.6,191.76,18.17,79.13,True,17,0,25,7,5,2641.66,3695.93,2625.796666666667,1078.1525301335307,1,0,1
2026-07-25 17:15:00,1480.53,369.78,376.43,370.37,377.03,383.83,390.66,0.0,0.0,36.46,36.69,167.49,171.52,18.32,84.18,True,17,15,25,7,5,1539.8,2641.66,1887.3300000000002,653.9407808815702,1,0,1
2026-07-25 17:30:00,1492.65,294.73,300.11,400.89,407.94,436.19,443.72,0.0,0.0,36.93,37.6,182.39,187.16,18.48,78.09,True,17,30,25,7,5,1480.53,1539.8,1504.326666666667,31.312803025753137,1,0,1
2026-07-25 17:45:00,1043.24,0.0,0.0,369.47,376.06,349.7,356.04,0.0,0.0,37.28,37.7,159.28,162.98,18.59,62.59,True,17,45,25,7,5,1492.65,1480.53,1338.806666666667,256.03996647658136,1,0,1
2026-07-25 18:00:00,576.61,0.0,0.0,199.05,203.78,192.07,196.76,0.0,0.0,35.04,35.78,89.99,90.66,18.65,60.66,True,18,0,25,7,5,1043.24,1492.65,1037.5000000000002,458.0469747744158,1,0,1
2026-07-25 18:15:00,327.35,0.0,0.0,114.72,118.23,110.3,113.7,0.0,0.0,33.11,33.39,49.9,50.12,18.69,61.61,True,18,15,25,7,5,576.61,1043.24,649.066666666667,363.40349397512125,1,0,1
2026-07-25 18:30:00,161.21,0.0,0.0,59.74,61.62,56.81,58.61,0.0,0.0,31.88,32.0,28.46,28.57,18.71,52.92,True,18,30,25,7,5,327.35,576.61,355.056666666667,209.08140647442738,1,0,1
2026-07-25 18:45:00,33.99,1.66,1.74,9.82,10.17,9.5,9.86,0.0,0.0,31.01,31.03,5.78,5.79,18.71,47.63,True,18,45,25,7,5,161.21,327.35,174.18333333333365,147.10966295020847,0,0,1
2026-07-25 19:00:00,0.0,0.04,0.05,0.03,0.03,0.05,0.05,0.0,0.0,30.53,30.74,0.09,0.25,18.71,0.0,True,19,0,25,7,5,33.99,161.21,65.06666666666698,84.97932356357913,0,0,1
2026-07-25 19:15:00,0.0,0.0,0.0,0.0,0.0,0.0,0.0,0.0,0.0,30.29,30.57,0.1,0.25,18.71,0.0,True,19,15,25,7,5,0.0,33.99,11.330000000000304,19.62413564949831,0,0,1
2026-07-25 19:30:00,0.0,0.0,0.0,0.0,0.0,0.0,0.0,0.0,0.0,30.28,30.45,0.08,0.26,18.71,0.0,True,19,30,25,7,5,0.0,0.0,0.0,0.0,0,0,1
2026-07-25 19:45:00,0.0,0.0,0.0,0.0,0.0,0.0,0.0,0.0,0.0,29.74,29.89,0.09,0.27,18.71,0.0,True,19,45,25,7,5,0.0,0.0,0.0,0.0,0,0,1
2026-07-25 20:00:00,0.0,0.0,0.0,0.0,0.0,0.0,0.0,0.0,0.0,29.22,29.41,0.14,0.28,18.71,0.0,True,20,0,25,7,5,0.0,0.0,0.0,0.0,0,0,1
2026-07-25 20:15:00,0.0,0.0,0.0,0.0,0.0,0.0,0.0,0.0,0.0,28.71,28.78,0.11,0.29,18.71,0.0,True,20,15,25,7,5,0.0,0.0,0.0,0.0,0,0,1
2026-07-25 20:30:00,0.0,0.0,0.0,0.0,0.0,0.0,0.0,0.0,0.0,28.57,28.57,0.12,0.3,18.71,0.0,True,20,30,25,7,5,0.0,0.0,0.0,0.0,0,0,1
2026-07-25 20:45:00,0.0,0.0,0.0,0.0,0.0,0.0,0.0,0.0,0.0,27.78,27.77,0.16,0.31,18.71,0.0,True,20,45,25,7,5,0.0,0.0,0.0,0.0,0,0,1
2026-07-25 21:00:00,0.0,0.0,0.0,0.0,0.0,0.0,0.0,0.0,0.0,27.27,27.12,0.2,0.32,18.71,0.0,True,21,0,25,7,5,0.0,0.0,0.0,0.0,0,0,1
2026-07-25 21:15:00,0.0,0.0,0.0,0.0,0.0,0.0,0.0,0.0,0.0,27.71,27.72,0.24,0.34,18.71,0.0,True,21,15,25,7,5,0.0,0.0,0.0,0.0,0,0,1
2026-07-25 21:30:00,0.0,0.0,0.0,0.0,0.0,0.0,0.0,0.0,0.0,27.69,27.6,0.17,0.34,18.71,0.0,True,21,30,25,7,5,0.0,0.0,0.0,0.0,0,0,1
2026-07-25 21:45:00,0.0,0.0,0.0,0.0,0.0,0.0,0.0,0.0,0.0,27.58,27.43,0.22,0.35,18.71,0.0,True,21,45,25,7,5,0.0,0.0,0.0,0.0,0,0,1
2026-07-25 22:00:00,0.0,0.0,0.0,0.0,0.0,0.0,0.0,0.0,0.0,27.49,27.4,0.28,0.36,18.71,0.0,True,22,0,25,7,5,0.0,0.0,0.0,0.0,0,0,1
2026-07-25 22:15:00,0.0,0.0,0.0,0.0,0.0,0.0,0.0,0.0,0.0,27.74,27.66,0.27,0.37,18.71,0.0,True,22,15,25,7,5,0.0,0.0,0.0,0.0,0,0,1
2026-07-25 22:30:00,0.0,0.0,0.0,0.0,0.0,0.0,0.0,0.0,0.0,27.63,27.54,0.3,0.37,18.71,0.0,True,22,30,25,7,5,0.0,0.0,0.0,0.0,0,0,1
2026-07-25 22:45:00,0.0,0.0,0.0,0.0,0.0,0.0,0.0,0.0,0.0,27.75,27.64,0.27,0.37,18.71,0.0,True,22,45,25,7,5,0.0,0.0,0.0,0.0,0,0,1
2026-07-25 23:00:00,0.0,0.0,0.0,0.0,0.0,0.0,0.0,0.0,0.0,27.73,27.6,0.57,0.35,18.71,0.0,True,23,0,25,7,5,0.0,0.0,0.0,0.0,0,0,1
2026-07-25 23:15:00,0.0,0.0,0.0,0.0,0.0,0.0,0.0,0.0,0.0,28.76,28.76,0.97,0.35,18.71,0.0,True,23,15,25,7,5,0.0,0.0,0.0,0.0,0,0,1
2026-07-25 23:30:00,0.0,0.0,0.0,0.0,0.0,0.0,0.0,0.0,0.0,28.72,28.72,0.4,0.35,18.71,0.0,True,23,30,25,7,5,0.0,0.0,0.0,0.0,0,0,1
2026-07-25 23:45:00,0.0,0.0,0.0,0.0,0.0,0.0,0.0,0.0,0.0,29.02,29.12,0.11,0.3,18.71,0.0,True,23,45,25,7,5,0.0,0.0,0.0,0.0,0,0,1
2026-07-26 00:15:00,0.0,0.0,0.0,0.0,0.0,0.0,0.0,0.0,0.0,26.91,26.88,0.28,0.36,0.0,0.0,True,0,15,26,7,6,0.0,0.0,0.0,0.0,0,1,0
2026-07-26 00:30:00,0.0,0.0,0.0,0.0,0.0,0.0,0.0,0.0,0.0,27.11,27.15,0.34,0.38,0.0,0.0,True,0,30,26,7,6,0.0,0.0,0.0,0.0,0,1,0
2026-07-26 00:45:00,0.0,0.0,0.0,0.0,0.0,0.0,0.0,0.0,0.0,26.55,26.59,0.36,0.4,0.0,0.0,True,0,45,26,7,6,0.0,0.0,0.0,0.0,0,1,0
2026-07-26 01:00:00,0.0,0.0,0.0,0.0,0.0,0.0,0.0,0.0,0.0,25.75,25.72,0.34,0.4,0.0,0.0,True,1,0,26,7,6,0.0,0.0,0.0,0.0,0,1,0
2026-07-26 01:15:00,0.0,0.0,0.0,0.0,0.0,0.0,0.0,0.0,0.0,25.31,25.19,0.39,0.42,0.0,0.0,True,1,15,26,7,6,0.0,0.0,0.0,0.0,0,1,0
2026-07-26 01:30:00,0.0,0.0,0.0,0.0,0.0,0.0,0.0,0.0,0.0,26.25,26.3,0.29,0.4,0.0,0.0,True,1,30,26,7,6,0.0,0.0,0.0,0.0,0,1,0
2026-07-26 01:45:00,0.0,0.0,0.0,0.0,0.0,0.0,0.0,0.0,0.0,26.24,26.27,0.4,0.43,0.0,0.0,True,1,45,26,7,6,0.0,0.0,0.0,0.0,0,1,0
2026-07-26 02:00:00,0.0,0.0,0.0,0.0,0.0,0.0,0.0,0.0,0.0,26.08,25.93,0.4,0.41,0.0,0.0,True,2,0,26,7,6,0.0,0.0,0.0,0.0,0,1,0
2026-07-26 02:15:00,0.0,0.0,0.0,0.0,0.0,0.0,0.0,0.0,0.0,26.19,26.14,0.42,0.43,0.0,0.0,True,2,15,26,7,6,0.0,0.0,0.0,0.0,0,1,0
2026-07-26 02:30:00,0.0,0.0,0.0,0.0,0.0,0.0,0.0,0.0,0.0,26.63,26.51,0.36,0.42,0.0,0.0,True,2,30,26,7,6,0.0,0.0,0.0,0.0,0,1,0
2026-07-26 02:45:00,0.0,0.0,0.0,0.0,0.0,0.0,0.0,0.0,0.0,26.79,26.8,0.29,0.4,0.0,0.0,True,2,45,26,7,6,0.0,0.0,0.0,0.0,0,1,0
2026-07-26 03:00:00,0.0,0.0,0.0,0.0,0.0,0.0,0.0,0.0,0.0,26.75,26.84,0.39,0.42,0.0,0.0,True,3,0,26,7,6,0.0,0.0,0.0,0.0,0,1,0
2026-07-26 03:15:00,0.0,0.0,0.0,0.0,0.0,0.0,0.0,0.0,0.0,26.59,26.59,0.37,0.43,0.0,0.0,True,3,15,26,7,6,0.0,0.0,0.0,0.0,0,1,0
2026-07-26 03:30:00,0.0,0.0,0.0,0.0,0.0,0.0,0.0,0.0,0.0,26.25,26.24,0.38,0.46,0.0,0.0,True,3,30,26,7,6,0.0,0.0,0.0,0.0,0,1,0
2026-07-26 03:45:00,0.0,0.0,0.0,0.0,0.0,0.0,0.0,0.0,0.0,26.06,26.02,0.45,0.45,0.0,0.0,True,3,45,26,7,6,0.0,0.0,0.0,0.0,0,1,0
2026-07-26 04:00:00,0.0,0.0,0.0,0.0,0.0,0.0,0.0,0.0,0.0,26.03,25.98,0.46,0.44,0.0,0.0,True,4,0,26,7,6,0.0,0.0,0.0,0.0,0,1,0
2026-07-26 04:15:00,0.0,0.0,0.0,0.0,0.0,0.0,0.0,0.0,0.0,25.59,25.52,0.66,0.42,0.0,0.0,True,4,15,26,7,6,0.0,0.0,0.0,0.0,0,1,0
2026-07-26 04:30:00,0.0,0.0,0.0,0.0,0.0,0.0,0.0,0.0,0.0,26.09,26.09,0.49,0.39,0.0,0.0,True,4,30,26,7,6,0.0,0.0,0.0,0.0,0,1,0
2026-07-26 04:45:00,0.0,0.0,0.0,0.0,0.0,0.0,0.0,0.0,0.0,26.08,26.07,0.37,0.42,0.0,0.0,True,4,45,26,7,6,0.0,0.0,0.0,0.0,0,1,0
2026-07-26 05:00:00,0.0,0.0,0.0,0.0,0.0,0.0,0.0,0.0,0.0,26.1,26.08,0.56,0.47,0.0,0.0,True,5,0,26,7,6,0.0,0.0,0.0,0.0,0,1,0
2026-07-26 05:15:00,0.0,0.0,0.0,0.0,0.0,0.0,0.0,0.0,0.0,26.34,26.32,0.59,0.46,0.0,0.0,True,5,15,26,7,6,0.0,0.0,0.0,0.0,0,1,0
2026-07-26 05:30:00,0.0,0.0,0.0,0.0,0.0,0.0,0.0,0.0,0.0,26.48,26.3,0.71,0.46,0.0,0.0,True,5,30,26,7,6,0.0,0.0,0.0,0.0,0,1,0
2026-07-26 05:45:00,0.0,0.0,0.0,0.0,0.0,0.0,0.0,0.0,0.0,26.11,25.94,0.63,0.42,0.0,0.0,True,5,45,26,7,6,0.0,0.0,0.0,0.0,0,1,0
2026-07-26 06:00:00,0.0,0.26,0.28,0.0,0.0,0.27,0.28,0.0,0.0,26.61,26.57,1.84,1.42,0.0,0.0,True,6,0,26,7,6,0.0,0.0,0.0,0.0,0,1,0
2026-07-26 06:15:00,19.33,8.95,9.25,0.0,0.0,9.36,9.68,0.0,0.0,26.89,26.85,6.11,5.71,0.0,28.98,True,6,15,26,7,6,0.0,0.0,6.4433333333333325,11.160180703435465,0,1,0
2026-07-26 06:30:00,103.83,29.67,30.61,26.16,26.99,29.42,30.35,0.0,0.0,27.22,27.26,15.25,14.76,0.01,62.42,True,6,30,26,7,6,19.33,0.0,41.053333333333335,55.21860767289712,0,1,0
2026-07-26 06:45:00,198.99,52.45,54.07,53.57,55.22,51.53,53.13,0.0,0.0,27.28,27.31,24.41,23.84,0.03,74.74,True,6,45,26,7,6,103.83,19.33,107.38333333333333,89.88269318024095,1,1,0
2026-07-26 07:00:00,355.42,91.13,93.43,92.23,94.54,90.23,92.52,0.0,0.0,27.89,27.97,40.3,39.62,0.07,81.07,True,7,0,26,7,6,198.99,103.83,219.41333333333333,127.03234404407932,1,1,0
2026-07-26 07:15:00,565.9,143.46,146.2,146.08,148.86,141.29,144.0,0.0,0.0,28.66,28.74,62.04,61.12,0.13,84.12,True,7,15,26,7,6,355.42,198.99,373.43666666666667,184.11731921069597,1,1,0
2026-07-26 07:30:00,677.82,167.41,170.68,178.1,181.51,175.66,179.13,0.0,0.0,29.13,29.24,75.92,74.46,0.2,82.49,True,7,30,26,7,6,565.9,355.42,533.0466666666667,163.69161900761242,1,1,0
2026-07-26 07:45:00,815.02,208.15,212.99,213.64,218.5,203.03,207.85,0.0,0.0,30.06,30.21,88.38,85.64,0.28,85.53,True,7,45,26,7,6,677.82,565.9,686.2466666666668,124.77359549733818,1,1,0
2026-07-26 08:00:00,982.89,275.25,280.61,281.31,286.74,271.07,276.39,0.0,0.0,31.15,31.37,115.82,113.12,0.38,79.06,True,8,0,26,7,6,815.02,677.82,825.2433333333333,152.791732869725,1,1,0
2026-07-26 08:15:00,1731.46,431.7,439.16,437.71,445.25,430.95,438.41,0.0,0.0,32.54,32.89,176.83,174.45,0.56,91.74,True,8,15,26,7,6,982.89,815.02,1176.4566666666667,487.92069973852676,1,1,0
2026-07-26 08:30:00,2220.09,555.2,564.36,568.99,578.38,541.77,550.71,0.0,0.0,34.28,34.51,233.42,227.33,0.78,89.76,True,8,30,26,7,6,1731.46,982.89,1644.8133333333335,623.1345710465228,1,1,0
2026-07-26 08:45:00,2314.97,576.39,585.92,583.45,593.06,578.0,587.55,0.0,0.0,34.87,35.02,255.85,253.69,1.03,85.6,True,8,45,26,7,6,2220.09,1731.46,2088.84,313.1148381983847,1,1,0
2026-07-26 09:00:00,2510.23,623.75,634.0,632.6,642.99,624.34,634.61,0.0,0.0,36.03,36.01,265.23,263.62,1.29,89.97,True,9,0,26,7,6,2314.97,2220.09,2348.43,147.93574145554152,1,1,0
2026-07-26 09:15:00,3286.88,817.94,831.17,825.07,838.41,820.36,833.62,0.0,0.0,36.96,37.1,358.89,356.09,1.63,87.4,True,9,15,26,7,6,2510.23,2314.97,2704.0266666666666,514.1207280720499,1,1,0
2026-07-26 09:30:00,3716.51,923.39,938.57,936.26,951.69,923.75,938.93,0.0,0.0,38.63,38.76,393.78,390.48,2.02,90.71,True,9,30,26,7,6,3286.88,2510.23,3171.206666666667,611.4025675717556,1,1,0
2026-07-26 09:45:00,3401.55,846.03,859.73,852.11,865.93,847.34,861.07,0.0,0.0,39.26,39.7,360.84,358.54,2.37,90.84,True,9,45,26,7,6,3716.51,3286.88,3468.3133333333335,222.46008907967158,1,1,0
2026-07-26 10:00:00,3942.19,979.76,996.05,986.94,1003.37,986.51,1002.93,0.0,0.0,39.61,39.76,423.82,418.98,2.78,89.77,True,10,0,26,7,6,3401.55,3716.51,3686.75,271.54584437991724,1,1,0
2026-07-26 10:15:00,3600.98,901.43,916.2,914.14,929.15,900.02,914.76,0.0,0.0,40.07,40.08,392.04,389.77,3.16,88.82,True,10,15,26,7,6,3942.19,3401.55,3648.2400000000002,273.400865214436,1,1,0
2026-07-26 10:30:00,4463.58,1110.94,1129.89,1136.24,1155.72,1095.3,1113.93,0.0,0.0,39.62,39.86,468.91,464.25,3.61,91.87,True,10,30,26,7,6,3600.98,3942.19,4002.25,434.4250138976836,1,1,0
2026-07-26 10:45:00,4621.07,1145.16,1164.82,1174.44,1194.73,1156.83,1176.74,0.0,0.0,41.89,41.91,495.18,489.61,4.1,90.94,True,10,45,26,7,6,4463.58,3600.98,4228.543333333333,549.1607943338054,1,1,0
2026-07-26 11:00:00,4961.4,1236.93,1258.6,1306.02,1329.29,1195.84,1216.58,0.0,0.0,42.99,43.37,522.92,514.16,4.61,92.9,True,11,0,26,7,6,4621.07,4463.58,4682.016666666666,254.44461132697657,1,1,0
2026-07-26 11:15:00,6299.03,1582.88,1613.34,1665.45,1698.22,1522.92,1551.72,0.0,0.0,45.2,45.7,686.36,670.81,5.27,90.72,True,11,15,26,7,6,4961.4,4621.07,5293.833333333333,887.0013422951153,1,1,0
2026-07-26 11:30:00,5650.37,1388.71,1414.12,1437.27,1463.88,1423.57,1449.91,0.0,0.0,46.59,47.08,623.77,618.81,5.85,90.09,True,11,30,26,7,6,6299.03,4961.4,5636.933333333333,668.9162221334867,1,1,0
2026-07-26 11:45:00,6727.49,1686.02,1719.38,1767.35,1802.95,1615.76,1647.24,0.0,0.0,49.59,49.61,769.87,761.39,6.57,88.07,True,11,45,26,7,6,5650.37,6299.03,6225.63,542.2983898187435,1,1,0
2026-07-26 12:00:00,4804.76,1173.87,1194.43,1228.04,1249.84,1204.7,1226.29,0.0,0.0,45.75,45.58,503.11,499.11,7.05,94.64,True,12,0,26,7,6,6727.49,5650.37,5727.540000000001,963.6851508143113,1,0,1
2026-07-26 12:15:00,7572.91,1919.06,1959.28,1991.3,2033.66,1841.2,1879.35,0.0,0.0,48.77,48.91,869.56,855.99,7.84,87.45,True,12,15,26,7,6,4804.76,6727.49,6368.386666666666,1418.5838038809463,1,0,1
2026-07-26 12:30:00,7483.11,1856.46,1894.79,1960.63,2002.01,1809.01,1846.01,0.0,0.0,53.4,53.6,864.01,861.32,8.61,88.79,True,12,30,26,7,6,7572.91,4804.76,6620.259999999999,1572.910104710375,1,0,1
2026-07-26 12:45:00,5069.81,1249.26,1271.33,1316.35,1339.94,1249.84,1272.02,0.0,0.0,49.17,49.26,546.85,544.17,9.17,93.26,True,12,45,26,7,6,7483.11,7572.91,6708.610000000001,1419.9524956842752,1,0,1
2026-07-26 13:00:00,4775.07,1185.1,1205.66,1216.83,1238.07,1180.79,1201.32,0.0,0.0,46.21,46.05,516.3,514.65,9.66,91.83,True,13,0,26,7,6,5069.81,7483.11,5775.996666666666,1485.7304151606145,1,0,1
2026-07-26 13:15:00,6570.01,1639.25,1671.56,1680.32,1713.75,1639.68,1672.04,0.0,0.0,46.43,46.13,701.88,698.79,10.34,93.03,True,13,15,26,7,6,4775.07,5069.81,5471.63,962.5730544743074,1,0,1
2026-07-26 13:30:00,5986.41,1501.87,1530.39,1597.4,1628.52,1428.39,1454.94,0.0,0.0,50.21,49.83,744.96,744.4,10.95,81.21,True,13,30,26,7,6,6570.01,4775.07,5777.163333333333,915.5820697967677,1,0,1
2026-07-26 13:45:00,7295.8,1791.29,1827.67,1928.54,1968.83,1781.26,1817.29,0.0,0.0,51.67,51.52,863.78,869.3,11.71,85.92,True,13,45,26,7,6,5986.41,6570.01,6617.406666666667,655.9804692468654,1,0,1
2026-07-26 14:00:00,6426.71,1619.27,1651.32,1652.36,1685.31,1511.2,1540.54,0.0,0.0,52.73,52.86,777.88,772.78,12.37,84.44,True,14,0,26,7,6,7295.8,5986.41,6569.639999999999,666.2936902747948,1,0,1
2026-07-26 14:15:00,5011.28,1251.91,1274.83,1357.95,1383.49,1194.12,1215.74,0.0,0.0,49.95,50.84,593.62,596.11,12.9,85.21,True,14,15,26,7,6,6426.71,7295.8,6244.596666666667,1153.096638288975,1,0,1
2026-07-26 14:30:00,5921.9,1482.54,1510.92,1508.88,1538.01,1468.1,1496.11,0.0,0.0,47.76,47.94,683.9,689.34,13.51,86.56,True,14,30,26,7,6,5011.28,6426.71,5786.63,717.3451058590971,1,0,1
2026-07-26 14:45:00,6424.67,1626.7,1658.25,1706.84,1740.63,1549.91,1579.36,0.0,0.0,48.72,48.56,720.56,712.42,14.18,89.51,True,14,45,26,7,6,5921.9,5011.28,5785.95,716.4353598895015,1,0,1
2026-07-26 15:00:00,5447.38,1369.38,1394.27,1452.39,1479.4,1282.42,1305.2,0.0,0.0,47.17,47.17,606.06,609.65,14.76,89.62,True,15,0,26,7,6,6424.67,5921.9,5931.316666666667,488.7130459004889,1,0,1
2026-07-26 15:15:00,5139.79,1255.69,1278.23,1303.65,1327.4,1254.79,1277.33,0.0,0.0,46.28,46.4,541.34,544.46,15.28,94.3,True,15,15,26,7,6,5447.38,6424.67,5670.613333333334,670.8979016462432,1,0,1
2026-07-26 15:30:00,4102.1,998.32,1015.15,1023.41,1040.77,1039.18,1056.8,0.0,0.0,45.78,46.29,447.96,446.24,15.7,90.75,True,15,30,26,7,6,5139.79,5447.38,4896.423333333333,704.8865656496282,1,0,1
2026-07-26 15:45:00,6310.9,1569.07,1599.08,1606.8,1637.84,1594.67,1625.35,0.0,0.0,48.29,48.78,703.84,708.92,16.37,89.84,True,15,45,26,7,6,4102.1,5139.79,5184.263333333333,1105.0713859445138,1,0,1
2026-07-26 16:00:00,5181.78,1291.37,1314.55,1378.19,1403.36,1227.85,1249.7,0.0,0.0,48.27,47.98,578.73,580.43,16.92,89.71,True,16,0,26,7,6,6310.9,4102.1,5198.259999999999,1104.4922149114477,1,0,1
2026-07-26 16:15:00,2160.09,540.48,549.53,576.52,586.11,511.93,520.56,0.0,0.0,42.14,41.72,242.64,238.02,17.15,86.85,True,16,15,26,7,6,5181.78,6310.9,4550.923333333333,2146.1106715249625,1,0,1
2026-07-26 16:30:00,1071.55,266.88,272.06,280.17,285.54,264.1,269.24,0.0,0.0,35.56,35.75,116.86,113.28,17.26,87.0,True,16,30,26,7,6,2160.09,5181.78,2804.4733333333334,2129.5351777872365,1,0,1
2026-07-26 16:45:00,882.43,219.48,224.36,228.11,233.01,219.91,224.79,0.0,0.0,32.34,32.28,92.93,90.22,17.35,88.89,True,16,45,26,7,6,1071.55,2160.09,1371.3566666666666,689.5772595825,1,0,1
2026-07-26 17:00:00,969.55,240.11,245.02,248.03,252.98,242.85,247.76,0.0,0.0,29.65,29.61,97.88,96.14,17.45,91.71,True,17,0,26,7,6,882.43,1071.55,974.5099999999999,94.65751317235782,1,0,1
2026-07-26 17:15:00,969.63,240.58,245.48,249.0,253.92,242.53,247.44,0.0,0.0,29.39,29.33,99.54,98.49,17.55,90.09,True,17,15,26,7,6,969.55,882.43,940.5366666666665,50.321865359983036,1,0,1
2026-07-26 17:30:00,779.21,194.53,199.28,202.55,207.35,194.74,199.49,0.0,0.0,29.31,29.38,85.98,84.84,17.64,83.79,True,17,30,26,7,6,969.63,969.55,906.1300000000001,109.91595152649481,1,0,1
2026-07-26 17:45:00,598.08,149.29,153.55,154.76,159.09,150.76,155.04,0.0,0.0,30.27,30.31,69.77,68.84,17.7,79.57,True,17,45,26,7,6,779.21,969.63,782.3066666666667,185.79435576278274,1,0,1
2026-07-26 18:00:00,355.12,90.09,92.89,94.14,97.05,89.51,92.29,0.0,0.0,30.72,30.85,44.15,43.53,17.74,74.81,True,18,0,26,7,6,598.08,779.21,577.47,212.79488034248644,1,0,1
2026-07-26 18:15:00,137.13,36.37,37.56,38.17,39.41,36.38,37.56,0.0,0.0,29.5,29.65,20.82,20.35,17.76,60.95,True,18,15,26,7,6,355.12,598.08,363.4433333333333,230.58769271863875,1,0,1
2026-07-26 18:30:00,55.36,17.12,17.72,17.6,18.21,17.55,18.16,0.0,0.0,28.92,28.96,11.02,10.91,17.76,46.36,True,18,30,26,7,6,137.13,355.12,182.53666666666666,154.9526974057064,0,0,1
2026-07-26 18:45:00,18.99,6.14,6.4,7.84,8.12,6.92,7.19,0.0,0.0,28.35,28.34,5.23,4.83,17.76,33.42,True,18,45,26,7,6,55.36,137.13,70.49333333333333,60.50643133836132,0,0,1
2026-07-26 19:00:00,0.0,0.06,0.07,0.08,0.09,0.1,0.11,0.0,0.0,27.81,27.74,0.37,0.43,17.76,0.0,True,19,0,26,7,6,18.99,55.36,24.78333333333333,28.131022613897173,0,0,1
2026-07-26 19:15:00,0.0,0.0,0.0,0.0,0.0,0.0,0.0,0.0,0.0,27.91,27.93,0.22,0.35,17.76,0.0,True,19,15,26,7,6,0.0,18.99,6.329999999999999,10.963881610550377,0,0,1
2026-07-26 19:30:00,0.0,0.0,0.0,0.0,0.0,0.0,0.0,0.0,0.0,27.62,27.53,0.24,0.36,17.76,0.0,True,19,30,26,7,6,0.0,0.0,0.0,0.0,0,0,1
2026-07-26 19:45:00,0.0,0.0,0.0,0.0,0.0,0.0,0.0,0.0,0.0,27.84,27.86,0.25,0.37,17.76,0.0,True,19,45,26,7,6,0.0,0.0,0.0,0.0,0,0,1
2026-07-26 20:00:00,0.0,0.0,0.0,0.0,0.0,0.0,0.0,0.0,0.0,27.87,27.87,0.27,0.36,17.76,0.0,True,20,0,26,7,6,0.0,0.0,0.0,0.0,0,0,1
2026-07-26 20:15:00,0.0,0.0,0.0,0.0,0.0,0.0,0.0,0.0,0.0,0.0,0.0,0.0,0.0,17.76,0.0,True,20,15,26,7,6,0.0,0.0,0.0,0.0,0,0,1
2026-07-26 20:30:00,0.0,0.0,0.0,0.0,0.0,0.0,0.0,0.0,0.0,28.06,28.1,0.18,0.35,17.76,0.0,True,20,30,26,7,6,0.0,0.0,0.0,0.0,0,0,1
2026-07-26 20:45:00,0.0,0.0,0.0,0.0,0.0,0.0,0.0,0.0,0.0,0.0,0.0,0.0,0.0,17.76,0.0,True,20,45,26,7,6,0.0,0.0,0.0,0.0,0,0,1
2026-07-26 21:00:00,0.0,0.0,0.0,0.0,0.0,0.0,0.0,0.0,0.0,0.0,0.0,0.0,0.0,17.76,0.0,True,21,0,26,7,6,0.0,0.0,0.0,0.0,0,0,1
2026-07-26 21:15:00,0.0,0.0,0.0,0.0,0.0,0.0,0.0,0.0,0.0,0.0,0.0,0.0,0.0,17.76,0.0,True,21,15,26,7,6,0.0,0.0,0.0,0.0,0,0,1
2026-07-26 21:30:00,0.0,0.0,0.0,0.0,0.0,0.0,0.0,0.0,0.0,0.0,0.0,0.0,0.0,17.76,0.0,True,21,30,26,7,6,0.0,0.0,0.0,0.0,0,0,1
2026-07-26 21:45:00,0.0,0.0,0.0,0.0,0.0,0.0,0.0,0.0,0.0,27.69,27.78,0.3,0.41,17.76,0.0,True,21,45,26,7,6,0.0,0.0,0.0,0.0,0,0,1
2026-07-26 22:00:00,0.0,0.0,0.0,0.0,0.0,0.0,0.0,0.0,0.0,27.74,27.69,0.26,0.38,17.76,0.0,True,22,0,26,7,6,0.0,0.0,0.0,0.0,0,0,1
2026-07-26 22:15:00,0.0,0.0,0.0,0.0,0.0,0.0,0.0,0.0,0.0,27.74,27.79,0.29,0.38,17.76,0.0,True,22,15,26,7,6,0.0,0.0,0.0,0.0,0,0,1
2026-07-26 22:30:00,0.0,0.0,0.0,0.0,0.0,0.0,0.0,0.0,0.0,27.9,27.88,0.27,0.39,17.76,0.0,True,22,30,26,7,6,0.0,0.0,0.0,0.0,0,0,1
2026-07-26 22:45:00,0.0,0.0,0.0,0.0,0.0,0.0,0.0,0.0,0.0,27.76,27.77,0.22,0.38,17.76,0.0,True,22,45,26,7,6,0.0,0.0,0.0,0.0,0,0,1
2026-07-26 23:00:00,0.0,0.0,0.0,0.0,0.0,0.0,0.0,0.0,0.0,27.31,27.3,0.32,0.39,17.76,0.0,True,23,0,26,7,6,0.0,0.0,0.0,0.0,0,0,1
2026-07-26 23:15:00,0.0,0.0,0.0,0.0,0.0,0.0,0.0,0.0,0.0,26.83,26.74,0.26,0.37,17.76,0.0,True,23,15,26,7,6,0.0,0.0,0.0,0.0,0,0,1
2026-07-26 23:30:00,0.0,0.0,0.0,0.0,0.0,0.0,0.0,0.0,0.0,27.14,27.1,0.23,0.37,17.76,0.0,True,23,30,26,7,6,0.0,0.0,0.0,0.0,0,0,1
2026-07-26 23:45:00,0.0,0.0,0.0,0.0,0.0,0.0,0.0,0.0,0.0,27.14,27.1,0.22,0.35,17.76,0.0,True,23,45,26,7,6,0.0,0.0,0.0,0.0,0,0,1
2026-07-27 00:15:00,0.0,0.0,0.0,0.0,0.0,0.0,0.0,0.0,0.0,26.57,26.39,0.25,0.36,0.0,0.0,True,0,15,27,7,0,0.0,0.0,0.0,0.0,0,1,0
2026-07-27 00:30:00,0.0,0.0,0.0,0.0,0.0,0.0,0.0,0.0,0.0,27.6,27.57,0.24,0.37,0.0,0.0,True,0,30,27,7,0,0.0,0.0,0.0,0.0,0,1,0
2026-07-27 00:45:00,0.0,0.0,0.0,0.0,0.0,0.0,0.0,0.0,0.0,27.1,27.07,0.34,0.39,0.0,0.0,True,0,45,27,7,0,0.0,0.0,0.0,0.0,0,1,0
2026-07-27 01:00:00,0.0,0.0,0.0,0.0,0.0,0.0,0.0,0.0,0.0,26.58,26.54,0.31,0.39,0.0,0.0,True,1,0,27,7,0,0.0,0.0,0.0,0.0,0,1,0
2026-07-27 01:15:00,0.0,0.0,0.0,0.0,0.0,0.0,0.0,0.0,0.0,26.54,26.46,0.27,0.38,0.0,0.0,True,1,15,27,7,0,0.0,0.0,0.0,0.0,0,1,0
2026-07-27 01:30:00,0.0,0.0,0.0,0.0,0.0,0.0,0.0,0.0,0.0,26.94,26.85,0.22,0.35,0.0,0.0,True,1,30,27,7,0,0.0,0.0,0.0,0.0,0,1,0
2026-07-27 01:45:00,0.0,0.0,0.0,0.0,0.0,0.0,0.0,0.0,0.0,27.72,27.83,0.32,0.39,0.0,0.0,True,1,45,27,7,0,0.0,0.0,0.0,0.0,0,1,0
2026-07-27 02:00:00,0.0,0.0,0.0,0.0,0.0,0.0,0.0,0.0,0.0,27.13,27.16,0.26,0.38,0.0,0.0,True,2,0,27,7,0,0.0,0.0,0.0,0.0,0,1,0
2026-07-27 02:15:00,0.0,0.0,0.0,0.0,0.0,0.0,0.0,0.0,0.0,27.15,27.2,0.26,0.37,0.0,0.0,True,2,15,27,7,0,0.0,0.0,0.0,0.0,0,1,0
2026-07-27 02:30:00,0.0,0.0,0.0,0.0,0.0,0.0,0.0,0.0,0.0,26.92,26.96,0.25,0.37,0.0,0.0,True,2,30,27,7,0,0.0,0.0,0.0,0.0,0,1,0
2026-07-27 02:45:00,0.0,0.0,0.0,0.0,0.0,0.0,0.0,0.0,0.0,26.94,27.04,0.3,0.39,0.0,0.0,True,2,45,27,7,0,0.0,0.0,0.0,0.0,0,1,0
2026-07-27 03:00:00,0.0,0.0,0.0,0.0,0.0,0.0,0.0,0.0,0.0,26.31,26.25,0.34,0.39,0.0,0.0,True,3,0,27,7,0,0.0,0.0,0.0,0.0,0,1,0
2026-07-27 03:15:00,0.0,0.0,0.0,0.0,0.0,0.0,0.0,0.0,0.0,26.1,26.15,0.35,0.41,0.0,0.0,True,3,15,27,7,0,0.0,0.0,0.0,0.0,0,1,0
2026-07-27 03:30:00,0.0,0.0,0.0,0.0,0.0,0.0,0.0,0.0,0.0,25.64,25.58,0.29,0.38,0.0,0.0,True,3,30,27,7,0,0.0,0.0,0.0,0.0,0,1,0
2026-07-27 03:45:00,0.0,0.0,0.0,0.0,0.0,0.0,0.0,0.0,0.0,25.37,25.23,0.27,0.37,0.0,0.0,True,3,45,27,7,0,0.0,0.0,0.0,0.0,0,1,0
2026-07-27 04:00:00,0.0,0.0,0.0,0.0,0.0,0.0,0.0,0.0,0.0,25.75,25.73,0.37,0.41,0.0,0.0,True,4,0,27,7,0,0.0,0.0,0.0,0.0,0,1,0
2026-07-27 04:15:00,0.0,0.0,0.0,0.0,0.0,0.0,0.0,0.0,0.0,26.29,26.31,0.29,0.4,0.0,0.0,True,4,15,27,7,0,0.0,0.0,0.0,0.0,0,1,0
2026-07-27 04:30:00,0.0,0.0,0.0,0.0,0.0,0.0,0.0,0.0,0.0,26.38,26.41,0.35,0.41,0.0,0.0,True,4,30,27,7,0,0.0,0.0,0.0,0.0,0,1,0
2026-07-27 04:45:00,0.0,0.0,0.0,0.0,0.0,0.0,0.0,0.0,0.0,26.64,26.7,0.26,0.39,0.0,0.0,True,4,45,27,7,0,0.0,0.0,0.0,0.0,0,1,0
2026-07-27 05:00:00,0.0,0.0,0.0,0.0,0.0,0.0,0.0,0.0,0.0,26.49,26.48,0.37,0.41,0.0,0.0,True,5,0,27,7,0,0.0,0.0,0.0,0.0,0,1,0
2026-07-27 05:15:00,0.0,0.0,0.0,0.0,0.0,0.0,0.0,0.0,0.0,26.06,26.01,0.27,0.38,0.0,0.0,True,5,15,27,7,0,0.0,0.0,0.0,0.0,0,1,0
2026-07-27 05:30:00,0.0,0.0,0.0,0.0,0.0,0.0,0.0,0.0,0.0,26.43,26.45,0.24,0.37,0.0,0.0,True,5,30,27,7,0,0.0,0.0,0.0,0.0,0,1,0
2026-07-27 05:45:00,0.0,0.0,0.0,0.0,0.0,0.0,0.0,0.0,0.0,26.18,26.26,0.38,0.41,0.0,0.0,True,5,45,27,7,0,0.0,0.0,0.0,0.0,0,1,0
2026-07-27 06:00:00,0.0,0.0,0.0,0.0,0.0,0.0,0.0,0.0,0.0,25.91,25.92,1.16,0.92,0.0,0.0,True,6,0,27,7,0,0.0,0.0,0.0,0.0,0,1,0
2026-07-27 06:15:00,16.47,0.0,0.0,0.0,0.0,12.58,12.99,0.0,0.0,26.4,26.48,7.39,6.78,0.0,20.37,True,6,15,27,7,0,0.0,0.0,5.489999999999999,9.508958933553137,0,1,0
2026-07-27 06:30:00,180.13,44.88,46.15,41.89,43.05,60.17,61.94,0.0,0.0,26.36,26.37,25.27,24.59,0.02,65.14,True,6,30,27,7,0,16.47,0.0,65.53333333333333,99.58469879119649,1,1,0
2026-07-27 06:45:00,575.45,153.65,156.8,156.72,159.89,148.11,151.13,0.0,0.0,26.78,26.79,60.51,60.35,0.08,87.04,True,6,45,27,7,0,180.13,16.47,257.35,287.3792901376159,1,1,0
2026-07-27 07:00:00,1023.79,258.99,264.08,265.89,271.04,259.6,264.69,0.0,0.0,27.86,27.91,111.68,111.46,0.18,84.26,True,7,0,27,7,0,575.45,180.13,593.1233333333333,422.10757981032907,1,1,0
2026-07-27 07:15:00,1527.01,389.86,396.79,409.38,416.56,379.76,386.56,0.0,0.0,29.47,29.53,163.59,159.71,0.34,86.36,True,7,15,27,7,0,1023.79,575.45,1042.0833333333333,476.04368805114234,1,1,0
2026-07-27 07:30:00,2015.25,509.42,518.02,527.83,536.66,505.17,513.68,0.0,0.0,32.04,32.5,240.8,191.31,0.55,78.25,True,7,30,27,7,0,1527.01,1023.79,1522.0166666666667,495.74886074839696,1,1,0
2026-07-27 07:45:00,2136.22,547.52,556.62,562.57,571.89,549.51,558.62,0.0,0.0,33.44,33.87,263.22,193.63,0.77,76.32,True,7,45,27,7,0,2015.25,1527.01,1892.8266666666666,322.52877458194854,1,1,0
2026-07-27 08:00:00,1817.4,481.9,490.16,507.79,516.43,463.75,471.71,0.0,0.0,33.64,34.11,202.16,185.61,0.96,84.62,True,8,0,27,7,0,2136.22,2015.25,1989.623333333333,160.94748408513058,1,1,0
2026-07-27 08:15:00,3608.91,880.6,895.09,897.76,912.52,915.66,930.82,0.0,0.0,35.04,35.66,391.48,245.56,1.33,87.27,True,8,15,27,7,0,1817.4,2136.22,2520.8433333333332,955.6821393294599,1,1,0
2026-07-27 08:30:00,2903.01,709.65,721.2,741.0,753.01,699.64,711.02,0.0,0.0,37.63,38.43,336.14,299.4,1.64,82.65,True,8,30,27,7,0,3608.91,1817.4,2776.44,902.4366978907717,1,1,0
2026-07-27 08:45:00,3734.53,942.52,958.51,952.77,968.88,912.55,927.94,0.0,0.0,37.53,38.29,400.0,367.17,2.02,89.31,True,8,45,27,7,0,2903.01,3608.91,3415.4833333333336,448.2374193809942,1,1,0
2026-07-27 09:00:00,2638.21,633.55,644.13,673.14,684.37,611.37,621.56,0.0,0.0,38.81,39.55,286.64,276.68,2.29,88.52,True,9,0,27,7,0,3734.53,2903.01,3091.9166666666665,572.0521673180983,1,1,0
2026-07-27 09:15:00,2692.26,679.38,690.39,727.53,739.26,647.41,657.96,0.0,0.0,36.12,36.6,284.64,279.16,2.58,89.95,True,9,15,27,7,0,2638.21,3734.53,3021.6666666666665,617.9489862709814,1,1,0
2026-07-27 09:30:00,2821.08,702.81,714.15,729.09,740.83,699.0,710.3,0.0,0.0,36.47,36.84,285.45,282.72,2.87,94.12,True,9,30,27,7,0,2692.26,2638.21,2717.183333333333,93.9480634890024,1,1,0
2026-07-27 09:45:00,3392.17,844.45,858.12,871.71,885.9,847.93,861.66,0.0,0.0,37.97,38.06,353.06,346.01,3.21,92.08,True,9,45,27,7,0,2821.08,2692.26,2968.5033333333336,372.5167532250505,1,1,0
2026-07-27 10:00:00,2924.28,704.38,715.81,755.74,768.03,693.51,704.78,0.0,0.0,38.44,38.5,323.13,309.89,3.53,86.91,True,10,0,27,7,0,3392.17,2821.08,3045.8433333333337,304.3339942124985,1,1,0
2026-07-27 10:15:00,1804.31,441.42,449.0,464.93,472.79,437.67,445.21,0.0,0.0,35.55,35.52,182.63,173.78,3.72,93.73,True,10,15,27,7,0,2924.28,3392.17,2706.92,815.9404831848955,1,1,0
2026-07-27 10:30:00,1499.29,369.42,376.09,389.84,396.79,363.9,370.5,0.0,0.0,31.45,31.3,143.69,136.71,3.88,97.32,True,10,30,27,7,0,1804.31,2924.28,2075.9600000000005,750.329538869424,1,1,0
2026-07-27 10:45:00,1489.12,369.55,376.23,389.14,396.08,361.11,367.67,0.0,0.0,29.04,28.97,138.52,132.48,4.03,99.29,True,10,45,27,7,0,1499.29,1804.31,1597.573333333333,179.11140174019346,1,1,0
2026-07-27 11:00:00,1535.82,389.09,396.01,404.59,411.71,378.55,385.34,0.0,0.0,29.17,29.36,147.4,142.86,4.19,96.29,True,11,0,27,7,0,1489.12,1499.29,1508.0766666666666,24.558636634333215,1,1,0
2026-07-27 11:15:00,3014.81,777.61,790.4,793.71,806.79,763.28,775.83,0.0,0.0,30.54,30.55,288.94,285.37,4.49,96.96,True,11,15,27,7,0,1535.82,1489.12,2013.25,867.6906405511141,1,1,0
2026-07-27 11:30:00,5276.85,1341.77,1366.07,1390.95,1416.45,1272.63,1295.19,0.0,0.0,35.81,35.69,518.89,508.0,5.03,96.59,True,11,30,27,7,0,3014.81,1535.82,3275.8266666666664,1884.1241043077111,1,1,0
2026-07-27 11:45:00,3819.94,950.37,966.28,1039.46,1057.48,910.13,925.11,0.0,0.0,41.99,42.1,424.4,413.57,5.45,87.75,True,11,45,27,7,0,5276.85,3014.81,4037.2000000000003,1146.5634178273785,1,1,0
2026-07-27 12:00:00,3587.36,874.46,888.77,916.51,931.6,875.62,889.96,0.0,0.0,40.65,40.58,374.9,367.72,5.83,92.76,True,12,0,27,7,0,3819.94,5276.85,4228.05,915.7016130268632,1,0,1
2026-07-27 12:15:00,3140.56,788.53,801.24,796.98,809.83,787.17,799.88,0.0,0.0,38.49,39.12,312.31,310.12,6.15,96.59,True,12,15,27,7,0,3587.36,3819.94,3515.9533333333334,345.27305155968116,1,0,1
2026-07-27 12:30:00,4331.15,1109.22,1128.31,1102.04,1120.95,1105.67,1124.72,0.0,0.0,39.59,40.48,445.46,447.79,6.59,93.83,True,12,30,27,7,0,3140.56,3587.36,3686.3566666666666,601.4369393654945,1,0,1
2026-07-27 12:45:00,6112.76,1486.34,1515.01,1499.67,1528.66,1527.63,1557.37,0.0,0.0,45.96,47.36,708.7,699.67,7.24,85.55,True,12,45,27,7,0,4331.15,3140.56,4528.156666666667,1495.8616012296498,1,0,1
2026-07-27 13:00:00,4027.04,1005.5,1022.39,1076.11,1094.54,963.28,979.28,0.0,0.0,44.49,45.38,417.36,412.01,7.66,95.09,True,13,0,27,7,0,6112.76,4331.15,4823.650000000001,1126.7094421810787,1,0,1
2026-07-27 13:15:00,6275.15,1562.48,1592.92,1689.61,1723.45,1539.87,1569.74,0.0,0.0,42.51,42.88,630.39,629.85,8.29,97.26,True,13,15,27,7,0,4027.04,6112.76,5471.650000000001,1253.7009879153777,1,0,1
2026-07-27 13:30:00,7820.74,1980.41,2023.18,1981.41,2024.02,1957.83,1999.31,0.0,0.0,50.33,50.71,975.97,974.13,9.11,81.02,True,13,30,27,7,0,6275.15,4027.04,6040.9766666666665,1907.6602907837978,1,0,1
2026-07-27 13:45:00,6500.23,1617.62,1650.17,1696.41,1731.24,1642.69,1675.87,0.0,0.0,51.12,51.42,764.97,757.55,9.77,86.22,True,13,45,27,7,0,7820.74,6275.15,6865.373333333333,834.9906301470215,1,0,1
2026-07-27 14:00:00,4685.8,1017.97,1036.32,1040.59,1059.49,1201.16,1223.95,0.0,0.0,48.4,48.14,604.91,601.57,10.28,77.66,True,14,0,27,7,0,6500.23,7820.74,6335.59,1573.9415326180288,1,0,1
2026-07-27 14:15:00,5015.71,1371.35,1398.23,1355.86,1381.99,1208.33,1231.1,0.0,0.0,44.12,44.73,550.73,549.02,10.8,89.61,True,14,15,27,7,0,4685.8,6500.23,5400.58,966.5054288000639,1,0,1
2026-07-27 14:30:00,7685.91,1944.82,1985.68,1961.93,2003.33,1968.56,2010.2,0.0,0.0,48.38,48.16,893.58,895.93,11.59,86.22,True,14,30,27,7,0,5015.71,4685.8,5795.806666666667,1645.168109961206,1,0,1
2026-07-27 14:45:00,5514.36,1241.35,1264.96,1269.87,1293.98,1320.91,1346.48,0.0,0.0,49.88,49.69,628.81,633.84,12.16,88.49,True,14,45,27,7,0,7685.91,5015.71,6071.993333333333,1419.7563913690708,1,0,1
2026-07-27 15:00:00,4405.8,1122.43,1142.51,1131.62,1151.79,1093.87,1113.29,0.0,0.0,43.37,43.16,408.03,408.3,12.59,105.9,True,15,0,27,7,0,5514.36,7685.91,5868.69,1668.515122706412,1,0,1
2026-07-27 15:15:00,6992.16,1725.25,1759.86,1759.44,1795.01,1697.69,1731.48,0.0,0.0,48.27,48.9,827.73,839.61,13.32,84.64,True,15,15,27,7,0,4405.8,5514.36,5637.44,1297.565423090487,1,0,1
2026-07-27 15:30:00,3749.17,931.27,946.74,928.96,944.31,922.45,937.66,0.0,0.0,46.02,45.59,420.58,426.56,13.72,88.44,True,15,30,27,7,0,6992.16,4405.8,5049.043333333334,1714.5167028738247,1,0,1
2026-07-27 15:45:00,5058.26,1221.07,1243.89,1292.21,1316.58,1203.85,1226.11,0.0,0.0,44.73,44.79,575.45,583.51,14.26,86.72,True,15,45,27,7,0,3749.17,6992.16,5266.530000000001,1631.4957338896097,1,0,1
2026-07-27 16:00:00,3398.93,879.05,894.2,880.96,896.19,879.14,894.18,0.0,0.0,41.72,42.09,331.2,333.77,14.61,99.94,True,16,0,27,7,0,5058.26,3749.17,4068.786666666667,874.6199874421663,1,0,1
2026-07-27 16:15:00,4129.51,1022.0,1039.5,1012.45,1029.82,1023.23,1040.68,0.0,0.0,42.93,43.57,456.76,463.31,15.03,88.5,True,16,15,27,7,0,3398.93,5058.26,4195.5666666666675,831.6349106629273,1,0,1
2026-07-27 16:30:00,3930.89,944.72,960.63,983.51,1000.21,944.75,960.54,0.0,0.0,44.52,45.46,418.86,420.51,15.45,92.5,True,16,30,27,7,0,4129.51,3398.93,3819.776666666667,377.7517885243372,1,0,1
2026-07-27 16:45:00,2318.5,566.57,575.94,608.82,618.82,561.76,571.08,0.0,0.0,41.6,42.34,238.47,241.41,15.69,94.63,True,16,45,27,7,0,3930.89,4129.51,3459.6333333333337,993.2277882909524,1,0,1
2026-07-27 17:00:00,2281.89,568.49,577.85,574.39,583.8,570.55,579.98,0.0,0.0,37.97,38.66,253.84,257.38,15.93,86.16,True,17,0,27,7,0,2318.5,3930.89,2843.76,941.6601301425081,1,0,1
2026-07-27 17:15:00,1928.09,479.99,488.02,499.44,507.7,472.78,480.73,0.0,0.0,37.24,37.86,196.32,195.08,16.13,93.83,True,17,15,27,7,0,2281.89,2318.5,2176.1600000000003,215.61335000413965,1,0,1
2026-07-27 17:30:00,1794.07,444.11,451.72,456.74,464.5,448.19,455.85,0.0,0.0,37.05,37.53,194.59,194.55,16.32,88.02,True,17,30,27,7,0,1928.09,2281.89,2001.3500000000004,252.02650416178068,1,0,1
2026-07-27 17:45:00,1397.38,332.56,338.76,342.86,349.17,343.27,349.6,0.0,0.0,35.72,35.62,156.47,155.77,16.47,84.78,True,17,45,27,7,0,1794.07,1928.09,1706.5133333333335,275.97627331591775,1,0,1
2026-07-27 18:00:00,441.25,101.22,104.2,107.97,111.1,107.57,110.67,0.0,0.0,33.45,33.54,49.72,48.14,16.52,83.47,True,18,0,27,7,0,1397.38,1794.07,1210.9000000000003,695.4218726068443,1,0,1
2026-07-27 18:15:00,36.6,11.1,11.51,11.33,11.74,12.03,12.48,0.0,0.0,31.88,31.94,6.72,6.75,16.52,50.89,True,18,15,27,7,0,441.25,1397.38,625.0766666666669,698.7665809362558,0,0,1
2026-07-27 18:30:00,45.9,9.96,10.33,11.37,11.75,12.09,12.53,0.0,0.0,30.07,30.22,5.32,4.88,16.52,80.0,True,18,30,27,7,0,36.6,441.25,174.58333333333363,230.98691701770858,0,0,1
2026-07-27 18:45:00,0.0,0.0,0.0,0.0,0.0,0.0,0.0,0.0,0.0,28.51,28.58,0.83,0.32,16.52,0.0,True,18,45,27,7,0,45.9,36.6,27.500000000000302,24.265407476751584,0,0,1
2026-07-27 19:00:00,0.0,0.0,0.0,0.0,0.0,0.0,0.0,0.0,0.0,25.09,25.17,0.19,0.31,16.52,0.0,True,19,0,27,7,0,0.0,45.9,15.300000000000303,26.500377356045707,0,0,1
2026-07-27 19:15:00,0.0,0.0,0.0,0.0,0.0,0.0,0.0,0.0,0.0,25.37,25.39,0.8,1.26,16.52,0.0,True,19,15,27,7,0,0.0,0.0,0.0,0.0001133830128791802,0,0,1
2026-07-27 19:30:00,0.0,0.0,0.0,0.0,0.0,0.0,0.0,0.0,0.0,26.13,26.28,0.85,0.93,16.52,0.0,True,19,30,27,7,0,0.0,0.0,0.0,0.0001133830128791802,0,0,1
2026-07-27 19:45:00,0.0,0.0,0.0,0.0,0.0,0.0,0.0,0.0,0.0,26.47,26.71,0.34,0.47,16.52,0.0,True,19,45,27,7,0,0.0,0.0,0.0,0.0001133830128791802,0,0,1
2026-07-27 20:00:00,0.0,0.0,0.0,0.0,0.0,0.0,0.0,0.0,0.0,25.97,26.06,0.26,0.44,16.52,0.0,True,20,0,27,7,0,0.0,0.0,0.0,0.0001133830128791802,0,0,1
2026-07-27 20:15:00,0.0,0.0,0.0,0.0,0.0,0.0,0.0,0.0,0.0,26.03,26.07,0.47,0.5,16.52,0.0,True,20,15,27,7,0,0.0,0.0,0.0,0.0001133830128791802,0,0,1
2026-07-27 20:30:00,0.0,0.0,0.0,0.0,0.0,0.0,0.0,0.0,0.0,25.9,26.06,0.35,0.41,16.52,0.0,True,20,30,27,7,0,0.0,0.0,0.0,0.0001133830128791802,0,0,1
2026-07-27 20:45:00,0.0,0.0,0.0,0.0,0.0,0.0,0.0,0.0,0.0,26.15,26.39,0.44,0.49,16.52,0.0,True,20,45,27,7,0,0.0,0.0,0.0,0.0001133830128791802,0,0,1
2026-07-27 21:00:00,0.0,0.0,0.0,0.0,0.0,0.0,0.0,0.0,0.0,25.84,25.57,0.37,0.46,16.52,0.0,True,21,0,27,7,0,0.0,0.0,0.0,0.0001133830128791802,0,0,1
2026-07-27 21:15:00,0.0,0.0,0.0,0.0,0.0,0.0,0.0,0.0,0.0,26.29,26.34,0.34,0.47,16.52,0.0,True,21,15,27,7,0,0.0,0.0,0.0,0.0001133830128791802,0,0,1
2026-07-27 21:30:00,0.0,0.0,0.0,0.0,0.0,0.0,0.0,0.0,0.0,26.56,26.57,0.44,0.48,16.52,0.0,True,21,30,27,7,0,0.0,0.0,0.0,0.0001133830128791802,0,0,1
2026-07-27 21:45:00,0.0,0.0,0.0,0.0,0.0,0.0,0.0,0.0,0.0,26.23,26.24,0.33,0.45,16.52,0.0,True,21,45,27,7,0,0.0,0.0,0.0,0.0001133830128791802,0,0,1
2026-07-27 22:00:00,0.0,0.0,0.0,0.0,0.0,0.0,0.0,0.0,0.0,26.74,26.79,0.29,0.4,16.52,0.0,True,22,0,27,7,0,0.0,0.0,0.0,0.0001133830128791802,0,0,1
2026-07-27 22:15:00,0.0,0.0,0.0,0.0,0.0,0.0,0.0,0.0,0.0,26.21,26.39,0.37,0.49,16.52,0.0,True,22,15,27,7,0,0.0,0.0,0.0,0.0001133830128791802,0,0,1
2026-07-27 22:30:00,0.0,0.0,0.0,0.0,0.0,0.0,0.0,0.0,0.0,26.11,26.03,0.26,0.32,16.52,0.0,True,22,30,27,7,0,0.0,0.0,0.0,0.0001133830128791802,0,0,1
2026-07-27 22:45:00,0.0,0.0,0.0,0.0,0.0,0.0,0.0,0.0,0.0,26.12,26.01,0.84,0.41,16.52,0.0,True,22,45,27,7,0,0.0,0.0,0.0,0.0001133830128791802,0,0,1
2026-07-27 23:00:00,0.0,0.0,0.0,0.0,0.0,0.0,0.0,0.0,0.0,26.15,26.0,1.16,0.44,16.52,0.0,True,23,0,27,7,0,0.0,0.0,0.0,0.0001133830128791802,0,0,1
2026-07-27 23:15:00,0.0,0.0,0.0,0.0,0.0,0.0,0.0,0.0,0.0,26.37,26.5,1.03,0.45,16.52,0.0,True,23,15,27,7,0,0.0,0.0,0.0,0.0001133830128791802,0,0,1
2026-07-27 23:30:00,0.0,0.0,0.0,0.0,0.0,0.0,0.0,0.0,0.0,26.31,26.37,0.88,0.46,16.52,0.0,True,23,30,27,7,0,0.0,0.0,0.0,0.0001133830128791802,0,0,1
2026-07-27 23:45:00,0.0,0.0,0.0,0.0,0.0,0.0,0.0,0.0,0.0,26.46,26.54,1.23,0.56,16.52,0.0,True,23,45,27,7,0,0.0,0.0,0.0,0.0001133830128791802,0,0,1
2026-07-28 00:15:00,0.0,0.0,0.0,0.0,0.0,0.0,0.0,0.0,0.0,25.75,25.86,0.57,0.47,0.0,0.0,True,0,15,28,7,1,0.0,0.0,0.0,0.0,0,1,0
2026-07-28 00:30:00,0.0,0.0,0.0,0.0,0.0,0.0,0.0,0.0,0.0,25.31,25.35,0.3,0.44,0.0,0.0,True,0,30,28,7,1,0.0,0.0,0.0,0.0,0,1,0
2026-07-28 00:45:00,0.0,0.0,0.0,0.0,0.0,0.0,0.0,0.0,0.0,25.54,25.59,0.42,0.51,0.0,0.0,True,0,45,28,7,1,0.0,0.0,0.0,0.0,0,1,0
2026-07-28 01:00:00,0.0,0.0,0.0,0.0,0.0,0.0,0.0,0.0,0.0,25.72,25.82,0.26,0.42,0.0,0.0,True,1,0,28,7,1,0.0,0.0,0.0,0.0,0,1,0
2026-07-28 01:15:00,0.0,0.0,0.0,0.0,0.0,0.0,0.0,0.0,0.0,25.67,25.7,0.36,0.46,0.0,0.0,True,1,15,28,7,1,0.0,0.0,0.0,0.0,0,1,0
2026-07-28 01:30:00,0.0,0.0,0.0,0.0,0.0,0.0,0.0,0.0,0.0,25.21,25.28,0.35,0.45,0.0,0.0,True,1,30,28,7,1,0.0,0.0,0.0,0.0,0,1,0
2026-07-28 01:45:00,0.0,0.0,0.0,0.0,0.0,0.0,0.0,0.0,0.0,24.95,24.95,0.33,0.43,0.0,0.0,True,1,45,28,7,1,0.0,0.0,0.0,0.0,0,1,0
2026-07-28 02:00:00,0.0,0.0,0.0,0.0,0.0,0.0,0.0,0.0,0.0,25.41,25.47,0.41,0.49,0.0,0.0,True,2,0,28,7,1,0.0,0.0,0.0,0.0,0,1,0
2026-07-28 02:15:00,0.0,0.0,0.0,0.0,0.0,0.0,0.0,0.0,0.0,25.29,25.25,0.22,0.37,0.0,0.0,True,2,15,28,7,1,0.0,0.0,0.0,0.0,0,1,0
2026-07-28 02:30:00,0.0,0.0,0.0,0.0,0.0,0.0,0.0,0.0,0.0,25.64,25.68,0.33,0.44,0.0,0.0,True,2,30,28,7,1,0.0,0.0,0.0,0.0,0,1,0
2026-07-28 02:45:00,0.0,0.0,0.0,0.0,0.0,0.0,0.0,0.0,0.0,25.5,25.52,0.34,0.44,0.0,0.0,True,2,45,28,7,1,0.0,0.0,0.0,0.0,0,1,0
2026-07-28 03:00:00,0.0,0.0,0.0,0.0,0.0,0.0,0.0,0.0,0.0,25.37,25.4,0.43,0.5,0.0,0.0,True,3,0,28,7,1,0.0,0.0,0.0,0.0,0,1,0
2026-07-28 03:15:00,0.0,0.0,0.0,0.0,0.0,0.0,0.0,0.0,0.0,25.86,26.01,0.4,0.5,0.0,0.0,True,3,15,28,7,1,0.0,0.0,0.0,0.0,0,1,0
2026-07-28 03:30:00,0.0,0.0,0.0,0.0,0.0,0.0,0.0,0.0,0.0,25.7,25.76,0.38,0.48,0.0,0.0,True,3,30,28,7,1,0.0,0.0,0.0,0.0,0,1,0
2026-07-28 03:45:00,0.0,0.0,0.0,0.0,0.0,0.0,0.0,0.0,0.0,25.87,25.92,0.32,0.44,0.0,0.0,True,3,45,28,7,1,0.0,0.0,0.0,0.0,0,1,0
2026-07-28 04:00:00,0.0,0.0,0.0,0.0,0.0,0.0,0.0,0.0,0.0,25.68,25.71,0.31,0.46,0.0,0.0,True,4,0,28,7,1,0.0,0.0,0.0,0.0,0,1,0
2026-07-28 04:15:00,0.0,0.0,0.0,0.0,0.0,0.0,0.0,0.0,0.0,25.64,25.63,0.41,0.49,0.0,0.0,True,4,15,28,7,1,0.0,0.0,0.0,0.0,0,1,0
2026-07-28 04:30:00,0.0,0.0,0.0,0.0,0.0,0.0,0.0,0.0,0.0,25.54,25.6,0.35,0.47,0.0,0.0,True,4,30,28,7,1,0.0,0.0,0.0,0.0,0,1,0
2026-07-28 04:45:00,0.0,0.0,0.0,0.0,0.0,0.0,0.0,0.0,0.0,25.2,25.11,0.4,0.48,0.0,0.0,True,4,45,28,7,1,0.0,0.0,0.0,0.0,0,1,0
2026-07-28 05:00:00,0.0,0.0,0.0,0.0,0.0,0.0,0.0,0.0,0.0,25.4,25.49,0.39,0.49,0.0,0.0,True,5,0,28,7,1,0.0,0.0,0.0,0.0,0,1,0
2026-07-28 05:15:00,0.0,0.0,0.0,0.0,0.0,0.0,0.0,0.0,0.0,25.8,25.94,0.37,0.5,0.0,0.0,True,5,15,28,7,1,0.0,0.0,0.0,0.0,0,1,0
2026-07-28 05:30:00,0.0,0.0,0.0,0.0,0.0,0.0,0.0,0.0,0.0,25.68,25.74,0.37,0.47,0.0,0.0,True,5,30,28,7,1,0.0,0.0,0.0,0.0,0,1,0
2026-07-28 05:45:00,0.0,0.0,0.0,0.0,0.0,0.0,0.0,0.0,0.0,25.85,25.87,0.58,0.45,0.0,0.0,True,5,45,28,7,1,0.0,0.0,0.0,0.0,0,1,0
2026-07-28 06:00:00,0.0,0.0,0.0,0.0,0.0,0.0,0.0,0.0,0.0,26.15,26.21,1.64,1.24,0.0,0.0,True,6,0,28,7,1,0.0,0.0,0.0,0.0,0,1,0
2026-07-28 06:15:00,0.0,0.0,0.0,0.0,0.0,1.35,1.41,0.0,0.0,25.89,25.98,3.51,3.18,0.0,0.0,True,6,15,28,7,1,0.0,0.0,0.0,0.0,0,1,0
2026-07-28 06:30:00,25.79,8.13,8.4,4.59,4.74,12.79,13.21,0.0,0.0,26.05,26.07,7.83,7.38,0.0,30.07,True,6,30,28,7,1,0.0,0.0,8.596666666666666,14.889863442400449,0,1,0
2026-07-28 06:45:00,122.71,35.6,36.71,35.45,36.56,34.72,35.81,0.0,0.0,26.49,26.47,16.3,15.9,0.02,68.83,True,6,45,28,7,1,25.79,0.0,49.5,64.69976120512347,0,1,0
2026-07-28 07:00:00,401.38,109.37,111.81,111.75,114.23,103.29,105.66,0.0,0.0,26.92,27.09,43.7,43.32,0.05,84.11,True,7,0,28,7,1,122.71,25.79,183.29333333333332,194.9864539739449,1,1,0
2026-07-28 07:15:00,894.66,226.86,231.55,232.62,237.3,224.84,229.51,0.0,0.0,27.66,27.84,89.78,89.13,0.15,91.53,True,7,15,28,7,1,401.38,122.71,472.9166666666667,390.9153637724326,1,1,0
2026-07-28 07:30:00,803.71,200.34,205.1,206.37,211.17,201.15,205.93,0.0,0.0,27.16,27.05,83.56,82.84,0.23,88.16,True,7,30,28,7,1,894.66,401.38,699.9166666666666,262.50920294978863,1,1,0
2026-07-28 07:45:00,1167.21,293.09,298.66,306.1,311.87,286.84,292.31,0.0,0.0,28.61,28.8,119.37,117.47,0.35,90.15,True,7,45,28,7,1,803.71,894.66,955.1933333333333,189.1593926648459,1,1,0
2026-07-28 08:00:00,1330.89,333.28,339.45,344.48,350.8,330.2,336.32,0.0,0.0,28.59,28.87,134.24,132.92,0.49,91.4,True,8,0,28,7,1,1167.21,803.71,1100.6033333333335,269.82776753576235,1,1,0
2026-07-28 08:15:00,1222.59,300.95,306.68,321.9,327.9,293.89,299.54,0.0,0.0,28.32,28.34,124.19,122.3,0.62,90.66,True,8,15,28,7,1,1330.89,1167.21,1240.23,83.2536053273379,1,1,0
2026-07-28 08:30:00,1859.41,476.11,484.12,491.86,500.11,466.72,474.61,0.0,0.0,28.56,28.56,184.17,183.23,0.8,93.06,True,8,30,28,7,1,1222.59,1330.89,1470.9633333333334,340.7349881261589,1,1,0
2026-07-28 08:45:00,2576.67,659.36,670.11,679.21,690.29,643.17,653.66,0.0,0.0,31.25,31.33,273.2,270.36,1.06,87.9,True,8,45,28,7,1,1859.41,1222.59,1886.2233333333334,677.4380988203527,1,1,0
2026-07-28 09:00:00,2581.88,622.04,632.24,639.83,650.33,644.71,655.28,0.0,0.0,34.02,34.34,268.38,264.93,1.34,90.69,True,9,0,28,7,1,2576.67,1859.41,2339.32,415.6224153002347,1,1,0
2026-07-28 09:15:00,2166.66,537.32,546.19,554.77,563.92,541.0,549.93,0.0,0.0,34.25,34.84,225.67,221.43,1.58,90.6,True,9,15,28,7,1,2581.88,2576.67,2441.7366666666667,238.23762388282452,1,1,0
2026-07-28 09:30:00,2568.57,636.42,646.81,661.16,671.89,637.91,648.33,0.0,0.0,34.6,35.2,263.0,259.01,1.84,92.29,True,9,30,28,7,1,2166.66,2581.88,2439.036666666667,235.97897243893186,1,1,0
2026-07-28 09:45:00,1959.02,498.4,506.77,517.82,526.44,481.9,490.04,0.0,0.0,34.94,35.75,205.56,201.74,2.05,90.18,True,9,45,28,7,1,2568.57,2166.66,2231.4166666666665,309.8917069450783,1,1,0
2026-07-28 10:00:00,3461.62,869.2,883.36,886.82,901.31,869.34,883.51,0.0,0.0,36.26,37.05,352.55,350.18,2.4,93.43,True,10,0,28,7,1,1959.02,2568.57,2663.07,755.7442540304229,1,1,0
2026-07-28 10:15:00,3794.35,936.57,952.01,968.67,984.75,940.36,955.87,0.0,0.0,39.06,39.96,396.01,393.16,2.79,92.25,True,10,15,28,7,1,3461.62,1959.02,3071.6633333333334,977.8336789215912,1,1,0
2026-07-28 10:30:00,2853.16,672.76,683.77,702.07,713.59,702.02,713.5,0.0,0.0,39.12,39.89,297.49,294.89,3.1,92.36,True,10,30,28,7,1,3794.35,3461.62,3369.7099999999996,477.2789960809088,1,1,0
2026-07-28 10:45:00,1674.78,408.6,415.77,418.73,426.03,419.96,427.27,0.0,0.0,35.18,35.79,173.27,171.97,3.28,91.56,True,10,45,28,7,1,2853.16,3794.35,2774.0966666666664,1061.9945876666857,1,1,0
2026-07-28 11:00:00,1875.09,469.26,477.16,478.46,486.47,472.99,480.93,0.0,0.0,32.74,32.96,184.72,184.81,3.47,95.19,True,11,0,28,7,1,1674.78,2853.16,2134.343333333333,630.5188928440878,1,1,0
2026-07-28 11:15:00,1956.61,492.38,500.62,511.85,520.35,479.99,488.06,0.0,0.0,33.18,33.54,190.96,189.03,3.67,96.25,True,11,15,28,7,1,1875.09,1674.78,1835.493333333333,145.0274430352209,1,1,0
2026-07-28 11:30:00,2460.86,618.82,629.01,642.42,652.97,603.91,613.87,0.0,0.0,34.83,35.5,238.5,236.99,3.92,97.6,True,11,30,28,7,1,1956.61,1875.09,2097.52,317.2906306527203,1,1,0
2026-07-28 11:45:00,3216.23,811.11,824.21,836.86,850.42,794.25,807.08,0.0,0.0,36.02,36.65,309.49,307.76,4.25,98.79,True,11,45,28,7,1,2460.86,1956.61,2544.566666666667,633.9682489157751,1,1,0
2026-07-28 12:00:00,3598.08,896.42,911.08,932.59,947.95,880.39,894.74,0.0,0.0,37.73,38.4,355.27,351.73,4.62,96.97,True,12,0,28,7,1,3216.23,2460.86,3091.7233333333334,578.7432631429364,1,0,1
2026-07-28 12:15:00,4312.26,1081.56,1099.95,1108.85,1127.8,1076.95,1095.27,0.0,0.0,39.11,39.87,424.83,424.05,5.08,97.75,True,12,15,28,7,1,3598.08,3216.23,3708.8566666666666,556.3488497636483,1,0,1
2026-07-28 12:30:00,4653.98,1155.43,1175.35,1180.15,1200.58,1168.05,1188.26,0.0,0.0,41.38,42.29,495.44,493.95,5.56,91.34,True,12,30,28,7,1,4312.26,3598.08,4188.106666666667,538.7872865364719,1,0,1
2026-07-28 12:45:00,3973.42,982.92,999.39,1027.23,1044.6,987.39,1004.0,0.0,0.0,42.1,42.9,420.73,414.57,5.98,92.12,True,12,45,28,7,1,4653.98,4312.26,4313.22,340.2810156326695,1,0,1
2026-07-28 13:00:00,4105.88,1008.08,1024.98,1040.65,1058.22,1001.26,1018.01,0.0,0.0,40.76,41.36,437.44,433.04,6.42,91.03,True,13,0,28,7,1,3973.42,4653.98,4244.426666666666,360.81416620378764,1,0,1
2026-07-28 13:15:00,4040.47,1011.31,1028.27,1045.41,1063.07,998.37,1015.08,0.0,0.0,41.37,42.34,413.21,407.88,6.83,95.08,True,13,15,28,7,1,4105.88,3973.42,4039.9233333333336,66.23169206154301,1,0,1
2026-07-28 13:30:00,4706.26,1114.41,1133.63,1106.71,1125.73,1265.94,1288.87,0.0,0.0,42.23,43.0,498.95,502.79,7.32,92.05,True,13,30,28,7,1,4040.47,4105.88,4284.203333333334,366.9720553847864,1,0,1
2026-07-28 13:45:00,7861.32,1979.94,2022.29,1949.06,1990.83,2009.3,2052.63,0.0,0.0,46.24,47.47,852.46,847.68,8.09,91.58,True,13,45,28,7,1,4706.26,4040.47,5536.016666666666,2041.1016082089916,1,0,1
2026-07-28 14:00:00,4776.3,1097.38,1118.68,1115.36,1137.01,1198.99,1222.79,0.0,0.0,51.12,52.64,642.18,647.85,8.61,75.47,True,14,0,28,7,1,7861.32,4706.26,5781.293333333334,1801.696312071857,1,0,1
2026-07-28 14:15:00,6147.85,1547.06,1578.18,1530.92,1561.68,1612.75,1645.94,0.0,0.0,44.54,45.84,716.82,714.71,9.24,84.54,True,14,15,28,7,1,4776.3,7861.32,6261.823333333334,1545.6647568710782,1,0,1
2026-07-28 14:30:00,5592.24,1327.04,1351.07,1417.36,1443.66,1353.85,1378.5,0.0,0.0,49.15,50.22,659.29,651.68,9.82,85.32,True,14,30,28,7,1,6147.85,4776.3,5505.463333333333,689.8804193723236,1,0,1
2026-07-28 14:45:00,5213.45,1366.71,1393.76,1386.59,1413.89,1314.57,1340.07,0.0,0.0,44.53,45.46,494.18,501.62,10.36,103.99,True,14,45,28,7,1,5592.24,6147.85,5651.18,469.9800875569083,1,0,1
2026-07-28 15:00:00,3635.78,824.22,837.82,862.23,876.62,892.49,907.55,0.0,0.0,46.84,47.86,446.86,448.66,10.75,81.01,True,15,0,28,7,1,5213.45,5592.24,4813.823333333333,1037.646393254144,1,0,1
2026-07-28 15:15:00,5768.79,1473.41,1501.26,1421.08,1447.69,1476.49,1504.67,0.0,0.0,44.95,46.09,645.15,645.05,11.34,88.3,True,15,15,28,7,1,3635.78,5213.45,4872.673333333333,1106.5845956967473,1,0,1
2026-07-28 15:30:00,2892.25,666.95,677.93,721.78,733.74,674.36,685.46,0.0,0.0,44.29,44.54,314.66,309.03,11.65,90.51,True,15,30,28,7,1,5768.79,3635.78,4098.94,1493.1538708719886,1,0,1
2026-07-28 15:45:00,1746.07,429.17,436.61,444.3,451.92,430.52,437.97,0.0,0.0,36.85,36.88,177.75,174.91,11.84,93.7,True,15,45,28,7,1,2892.25,5768.79,3469.0366666666664,2072.457766453478,1,0,1
2026-07-28 16:00:00,1336.75,323.18,329.2,329.75,335.85,335.44,341.59,0.0,0.0,34.42,34.37,138.68,137.86,11.98,91.02,True,16,0,28,7,1,1746.07,2892.25,1991.6899999999998,806.3138041730491,1,0,1
2026-07-28 16:15:00,1389.28,348.92,355.31,361.54,368.1,341.79,348.07,0.0,0.0,33.35,33.47,139.81,136.67,12.12,93.41,True,16,15,28,7,1,1336.75,1746.07,1490.7,222.71108616325557,1,0,1
2026-07-28 16:30:00,492.45,105.66,108.4,122.33,125.36,106.58,109.33,0.0,0.0,32.45,32.54,44.85,42.3,12.18,102.83,True,16,30,28,7,1,1389.28,1336.75,1072.8266666666666,503.3067222215026,1,0,1
2026-07-28 16:45:00,300.83,82.27,84.83,82.0,84.54,81.31,83.84,0.0,0.0,27.88,28.06,31.96,29.99,12.21,86.54,True,16,45,28,7,1,492.45,1389.28,727.52,581.0544546770307,1,0,1
2026-07-28 17:00:00,538.44,132.77,136.71,139.27,143.34,134.03,138.0,0.0,0.0,27.74,27.84,57.65,56.18,12.27,85.81,True,17,0,28,7,1,300.83,492.45,443.9066666666667,126.0236860013087,1,0,1
2026-07-28 17:15:00,431.96,107.59,110.91,113.33,116.8,107.86,111.2,0.0,0.0,28.38,28.42,47.81,46.93,12.31,83.22,True,17,15,28,7,1,538.44,300.83,423.74333333333334,119.01791139722026,1,0,1
2026-07-28 17:30:00,369.37,93.82,96.74,96.53,99.53,95.74,98.72,0.0,0.0,28.52,28.59,41.28,41.46,12.35,82.46,True,17,30,28,7,1,431.96,538.44,446.59,85.47920156402434,1,0,1
2026-07-28 17:45:00,306.27,76.28,78.67,79.1,81.57,78.48,80.94,0.0,0.0,28.22,28.38,36.62,36.77,12.38,76.99,True,17,45,28,7,1,369.37,431.96,369.2,62.845172448037175,1,0,1
2026-07-28 18:00:00,183.2,47.26,48.77,51.21,52.84,46.71,48.2,0.0,0.0,27.72,27.57,23.81,23.47,12.4,70.69,True,18,0,28,7,1,306.27,369.37,286.28,94.68113486869491,1,0,1
2026-07-28 18:15:00,188.31,48.55,50.11,50.71,52.32,49.35,50.92,0.0,0.0,28.1,28.25,25.42,25.16,12.42,68.15,True,18,15,28,7,1,183.2,306.27,225.92666666666665,69.62626252613063,1,0,1
2026-07-28 18:30:00,106.39,28.1,29.03,29.33,30.3,30.29,31.29,0.0,0.0,27.15,26.99,17.73,17.34,12.43,55.0,True,18,30,28,7,1,188.31,183.2,159.29999999999998,45.89258218955109,0,0,1
2026-07-28 18:45:00,16.37,4.42,4.62,3.93,4.1,5.88,6.13,0.0,0.0,27.17,27.2,6.43,6.19,12.44,23.32,True,18,45,28,7,1,106.39,188.31,103.69,86.00179300471017,0,0,1
2026-07-28 19:00:00,0.0,0.0,0.0,0.0,0.0,0.02,0.03,0.0,0.0,27.09,27.18,1.44,1.22,12.44,0.0,True,19,0,28,7,1,16.37,106.39,40.92,57.28642858500927,0,0,1
2026-07-28 19:15:00,0.0,0.0,0.0,0.0,0.0,0.0,0.0,0.0,0.0,26.26,26.15,0.8,0.5,12.44,0.0,True,19,15,28,7,1,0.0,16.37,5.456666666666667,9.45122390798673,0,0,1
2026-07-28 19:30:00,0.0,0.0,0.0,0.0,0.0,0.0,0.0,0.0,0.0,26.7,26.7,0.53,0.37,12.44,0.0,True,19,30,28,7,1,0.0,0.0,0.0,0.00015999161311335144,0,0,1
2026-07-28 19:45:00,0.0,0.0,0.0,0.0,0.0,0.0,0.0,0.0,0.0,26.52,26.53,0.43,0.44,12.44,0.0,True,19,45,28,7,1,0.0,0.0,0.0,0.00015999161311335144,0,0,1
2026-07-28 20:00:00,0.0,0.0,0.0,0.0,0.0,0.0,0.0,0.0,0.0,26.55,26.51,0.37,0.4,12.44,0.0,True,20,0,28,7,1,0.0,0.0,0.0,0.00015999161311335144,0,0,1
2026-07-28 20:15:00,0.0,0.0,0.0,0.0,0.0,0.0,0.0,0.0,0.0,25.77,25.67,0.29,0.38,12.44,0.0,True,20,15,28,7,1,0.0,0.0,0.0,0.00015999161311335144,0,0,1
2026-07-28 20:30:00,0.0,0.0,0.0,0.0,0.0,0.0,0.0,0.0,0.0,26.54,26.57,0.26,0.41,12.44,0.0,True,20,30,28,7,1,0.0,0.0,0.0,0.00015999161311335144,0,0,1
2026-07-28 20:45:00,0.0,0.0,0.0,0.0,0.0,0.0,0.0,0.0,0.0,26.37,26.39,0.33,0.44,12.44,0.0,True,20,45,28,7,1,0.0,0.0,0.0,0.00015999161311335144,0,0,1
2026-07-28 21:00:00,0.0,0.0,0.0,0.0,0.0,0.0,0.0,0.0,0.0,25.92,25.83,0.24,0.37,12.44,0.0,True,21,0,28,7,1,0.0,0.0,0.0,0.00015999161311335144,0,0,1
2026-07-28 21:15:00,0.0,0.0,0.0,0.0,0.0,0.0,0.0,0.0,0.0,26.27,26.29,0.29,0.42,12.44,0.0,True,21,15,28,7,1,0.0,0.0,0.0,0.00015999161311335144,0,0,1
2026-07-28 21:30:00,0.0,0.0,0.0,0.0,0.0,0.0,0.0,0.0,0.0,26.51,26.53,0.4,0.44,12.44,0.0,True,21,30,28,7,1,0.0,0.0,0.0,0.00015999161311335144,0,0,1
2026-07-28 21:45:00,0.0,0.0,0.0,0.0,0.0,0.0,0.0,0.0,0.0,26.05,25.98,0.46,0.43,12.44,0.0,True,21,45,28,7,1,0.0,0.0,0.0,0.00015999161311335144,0,0,1
2026-07-28 22:00:00,0.0,0.0,0.0,0.0,0.0,0.0,0.0,0.0,0.0,26.74,26.75,0.3,0.41,12.44,0.0,True,22,0,28,7,1,0.0,0.0,0.0,0.00015999161311335144,0,0,1
2026-07-28 22:15:00,0.0,0.0,0.0,0.0,0.0,0.0,0.0,0.0,0.0,26.25,26.18,0.35,0.43,12.44,0.0,True,22,15,28,7,1,0.0,0.0,0.0,0.00015999161311335144,0,0,1
2026-07-28 22:30:00,0.0,0.0,0.0,0.0,0.0,0.0,0.0,0.0,0.0,26.71,26.77,0.25,0.41,12.44,0.0,True,22,30,28,7,1,0.0,0.0,0.0,0.00015999161311335144,0,0,1
2026-07-28 22:45:00,0.0,0.0,0.0,0.0,0.0,0.0,0.0,0.0,0.0,26.6,26.62,0.24,0.39,12.44,0.0,True,22,45,28,7,1,0.0,0.0,0.0,0.00015999161311335144,0,0,1
2026-07-28 23:00:00,0.0,0.0,0.0,0.0,0.0,0.0,0.0,0.0,0.0,26.93,27.0,0.2,0.39,12.44,0.0,True,23,0,28,7,1,0.0,0.0,0.0,0.00015999161311335144,0,0,1
2026-07-28 23:15:00,0.0,0.0,0.0,0.0,0.0,0.0,0.0,0.0,0.0,26.37,26.39,0.24,0.4,12.44,0.0,True,23,15,28,7,1,0.0,0.0,0.0,0.00015999161311335144,0,0,1
2026-07-28 23:30:00,0.0,0.0,0.0,0.0,0.0,0.0,0.0,0.0,0.0,26.48,26.44,0.26,0.38,12.44,0.0,True,23,30,28,7,1,0.0,0.0,0.0,0.00015999161311335144,0,0,1
2026-07-28 23:45:00,0.0,0.0,0.0,0.0,0.0,0.0,0.0,0.0,0.0,27.08,27.15,0.47,0.44,12.44,0.0,True,23,45,28,7,1,0.0,0.0,0.0,0.00015999161311335144,0,0,1
2026-07-29 00:15:00,0.0,0.0,0.0,0.0,0.0,0.0,0.0,0.0,0.0,26.71,26.75,0.29,0.42,0.0,0.0,True,0,15,29,7,2,0.0,0.0,0.0,0.0,0,1,0
2026-07-29 00:30:00,0.0,0.0,0.0,0.0,0.0,0.0,0.0,0.0,0.0,25.92,25.83,0.32,0.42,0.0,0.0,True,0,30,29,7,2,0.0,0.0,0.0,0.0,0,1,0
2026-07-29 00:45:00,0.0,0.0,0.0,0.0,0.0,0.0,0.0,0.0,0.0,26.14,26.2,0.23,0.39,0.0,0.0,True,0,45,29,7,2,0.0,0.0,0.0,0.0,0,1,0
2026-07-29 01:00:00,0.0,0.0,0.0,0.0,0.0,0.0,0.0,0.0,0.0,25.74,25.7,0.31,0.44,0.0,0.0,True,1,0,29,7,2,0.0,0.0,0.0,0.0,0,1,0
2026-07-29 01:15:00,0.0,0.0,0.0,0.0,0.0,0.0,0.0,0.0,0.0,25.61,25.62,0.4,0.47,0.0,0.0,True,1,15,29,7,2,0.0,0.0,0.0,0.0,0,1,0
2026-07-29 01:30:00,0.0,0.0,0.0,0.0,0.0,0.0,0.0,0.0,0.0,26.04,26.11,0.38,0.47,0.0,0.0,True,1,30,29,7,2,0.0,0.0,0.0,0.0,0,1,0
2026-07-29 01:45:00,0.0,0.0,0.0,0.0,0.0,0.0,0.0,0.0,0.0,25.91,25.99,0.39,0.48,0.0,0.0,True,1,45,29,7,2,0.0,0.0,0.0,0.0,0,1,0
2026-07-29 02:00:00,0.0,0.0,0.0,0.0,0.0,0.0,0.0,0.0,0.0,25.89,25.94,0.4,0.49,0.0,0.0,True,2,0,29,7,2,0.0,0.0,0.0,0.0,0,1,0
2026-07-29 02:15:00,0.0,0.0,0.0,0.0,0.0,0.0,0.0,0.0,0.0,25.68,25.66,0.36,0.45,0.0,0.0,True,2,15,29,7,2,0.0,0.0,0.0,0.0,0,1,0
2026-07-29 02:30:00,0.0,0.0,0.0,0.0,0.0,0.0,0.0,0.0,0.0,25.82,25.85,0.5,0.46,0.0,0.0,True,2,30,29,7,2,0.0,0.0,0.0,0.0,0,1,0
2026-07-29 02:45:00,0.0,0.0,0.0,0.0,0.0,0.0,0.0,0.0,0.0,25.98,26.16,0.53,0.51,0.0,0.0,True,2,45,29,7,2,0.0,0.0,0.0,0.0,0,1,0
2026-07-29 03:00:00,0.0,0.0,0.0,0.0,0.0,0.0,0.0,0.0,0.0,26.08,26.15,0.48,0.48,0.0,0.0,True,3,0,29,7,2,0.0,0.0,0.0,0.0,0,1,0
2026-07-29 03:15:00,0.0,0.0,0.0,0.0,0.0,0.0,0.0,0.0,0.0,25.98,26.07,0.45,0.45,0.0,0.0,True,3,15,29,7,2,0.0,0.0,0.0,0.0,0,1,0
2026-07-29 03:30:00,0.0,0.0,0.0,0.0,0.0,0.0,0.0,0.0,0.0,25.53,25.52,0.32,0.41,0.0,0.0,True,3,30,29,7,2,0.0,0.0,0.0,0.0,0,1,0
2026-07-29 03:45:00,0.0,0.0,0.0,0.0,0.0,0.0,0.0,0.0,0.0,25.53,25.51,0.38,0.44,0.0,0.0,True,3,45,29,7,2,0.0,0.0,0.0,0.0,0,1,0
2026-07-29 04:00:00,0.0,0.0,0.0,0.0,0.0,0.0,0.0,0.0,0.0,25.5,25.53,0.43,0.46,0.0,0.0,True,4,0,29,7,2,0.0,0.0,0.0,0.0,0,1,0
2026-07-29 04:15:00,0.0,0.0,0.0,0.0,0.0,0.0,0.0,0.0,0.0,25.2,25.3,0.48,0.45,0.0,0.0,True,4,15,29,7,2,0.0,0.0,0.0,0.0,0,1,0
2026-07-29 04:30:00,0.0,0.0,0.0,0.0,0.0,0.0,0.0,0.0,0.0,25.63,25.64,0.5,0.45,0.0,0.0,True,4,30,29,7,2,0.0,0.0,0.0,0.0,0,1,0
2026-07-29 04:45:00,0.0,0.0,0.0,0.0,0.0,0.0,0.0,0.0,0.0,25.83,25.88,0.54,0.48,0.0,0.0,True,4,45,29,7,2,0.0,0.0,0.0,0.0,0,1,0
2026-07-29 05:00:00,0.0,0.0,0.0,0.0,0.0,0.0,0.0,0.0,0.0,25.86,25.91,0.54,0.49,0.0,0.0,True,5,0,29,7,2,0.0,0.0,0.0,0.0,0,1,0
2026-07-29 05:15:00,0.0,0.0,0.0,0.0,0.0,0.0,0.0,0.0,0.0,25.33,25.38,0.44,0.44,0.0,0.0,True,5,15,29,7,2,0.0,0.0,0.0,0.0,0,1,0
2026-07-29 05:30:00,0.0,0.0,0.0,0.0,0.0,0.0,0.0,0.0,0.0,25.5,25.57,0.52,0.48,0.0,0.0,True,5,30,29,7,2,0.0,0.0,0.0,0.0,0,1,0
2026-07-29 05:45:00,0.0,0.0,0.0,0.0,0.0,0.0,0.0,0.0,0.0,25.08,25.05,0.61,0.5,0.0,0.0,True,5,45,29,7,2,0.0,0.0,0.0,0.0,0,1,0
2026-07-29 06:00:00,0.0,0.0,0.0,0.0,0.0,0.0,0.0,0.0,0.0,25.85,25.99,0.83,0.52,0.0,0.0,True,6,0,29,7,2,0.0,0.0,0.0,0.0,0,1,0
2026-07-29 06:15:00,0.0,0.0,0.0,0.0,0.0,0.0,0.0,0.0,0.0,25.96,26.09,1.15,0.72,0.0,0.0,True,6,15,29,7,2,0.0,0.0,0.0,0.0,0,1,0
2026-07-29 06:30:00,0.0,0.0,0.0,0.0,0.0,0.0,0.0,0.0,0.0,25.6,25.64,2.05,1.62,0.0,0.0,True,6,30,29,7,2,0.0,0.0,0.0,0.0,0,1,0
2026-07-29 06:45:00,0.0,0.0,0.0,0.0,0.0,0.0,0.0,0.0,0.0,25.73,25.71,3.01,2.55,0.0,0.0,True,6,45,29,7,2,0.0,0.0,0.0,0.0,0,1,0
2026-07-29 07:00:00,16.24,0.0,0.0,0.0,0.0,7.31,7.55,0.0,0.0,26.06,26.08,7.34,6.84,0.0,20.19,True,7,0,29,7,2,0.0,0.0,5.413333333333333,9.37616837163952,0,1,0
2026-07-29 07:15:00,27.46,8.47,8.75,6.18,6.39,12.78,13.2,0.0,0.0,25.72,25.62,7.97,7.41,0.0,31.4,True,7,15,29,7,2,16.24,0.0,14.566666666666668,13.806264278700931,0,1,0
2026-07-29 07:30:00,104.77,28.93,29.85,31.05,32.03,27.44,28.31,0.0,0.0,25.94,26.13,14.54,14.07,0.01,65.72,True,7,30,29,7,2,27.46,16.24,49.49,48.20146159609685,0,1,0
2026-07-29 07:45:00,98.77,27.5,28.37,29.71,30.65,26.94,27.79,0.0,0.0,25.95,26.03,14.41,13.79,0.02,62.51,True,7,45,29,7,2,104.77,27.46,77.0,43.007658620296915,0,1,0
2026-07-29 08:00:00,119.58,32.07,33.08,32.52,33.54,33.0,34.03,0.0,0.0,25.82,25.91,16.18,15.63,0.04,67.36,True,8,0,29,7,2,98.77,104.77,107.70666666666666,10.711303997802178,0,1,0
2026-07-29 08:15:00,162.45,43.4,44.75,46.31,47.74,41.54,42.84,0.0,0.0,25.49,25.45,20.43,19.64,0.06,72.41,True,8,15,29,7,2,119.58,98.77,126.93333333333332,32.47059028310592,0,1,0
2026-07-29 08:30:00,94.41,26.17,27.01,27.9,28.78,25.54,26.36,0.0,0.0,25.24,25.26,14.23,13.56,0.06,60.36,True,8,30,29,7,2,162.45,119.58,125.48,34.401568278204984,0,1,0
2026-07-29 08:45:00,119.42,31.98,32.98,33.4,34.45,32.27,33.28,0.0,0.0,25.08,25.09,16.69,16.12,0.08,65.04,True,8,45,29,7,2,94.41,162.45,125.42666666666668,34.41540982370154,0,1,0
2026-07-29 09:00:00,213.19,55.35,57.04,57.5,59.23,55.45,57.15,0.0,0.0,25.11,25.04,25.6,25.19,0.1,75.71,True,9,0,29,7,2,119.42,94.41,142.34,62.61922148989079,1,1,0
2026-07-29 09:15:00,213.93,56.05,57.78,60.09,61.93,53.76,55.42,0.0,0.0,25.71,25.8,26.04,25.38,0.12,74.86,True,9,15,29,7,2,213.19,119.42,182.18000000000004,54.35301371589255,1,1,0
2026-07-29 09:30:00,192.91,50.56,52.11,54.29,55.94,47.5,48.97,0.0,0.0,26.1,26.06,24.45,23.6,0.14,72.02,True,9,30,29,7,2,213.93,213.19,206.67666666666665,11.928023027029202,1,1,0
2026-07-29 09:45:00,106.51,29.97,30.91,30.53,31.5,28.14,29.03,0.0,0.0,25.78,25.81,15.66,15.01,0.15,61.99,True,9,45,29,7,2,192.91,213.93,171.11666666666667,56.929571694624016,0,1,0
2026-07-29 10:00:00,98.83,28.34,29.24,27.99,28.87,26.35,27.19,0.0,0.0,25.75,25.71,15.18,14.56,0.16,59.32,True,10,0,29,7,2,106.51,192.91,132.75,52.24140886308485,0,1,0
2026-07-29 10:15:00,174.45,47.21,48.68,47.61,49.08,46.4,47.84,0.0,0.0,25.9,25.88,22.7,22.2,0.18,70.07,True,10,15,29,7,2,98.83,106.51,126.59666666666668,41.61972769412762,1,1,0
2026-07-29 10:30:00,284.55,74.53,76.65,77.28,79.43,69.14,71.17,0.0,0.0,25.75,25.77,33.05,32.42,0.21,78.47,True,10,30,29,7,2,174.45,98.83,185.94333333333336,93.39192755979147,1,1,0
2026-07-29 10:45:00,342.23,85.73,87.95,88.38,90.63,89.44,91.7,0.0,0.0,26.37,26.49,38.67,37.99,0.24,80.87,True,10,45,29,7,2,284.55,174.45,267.07666666666665,85.24388619328273,1,1,0
2026-07-29 11:00:00,425.97,108.81,111.24,117.3,119.78,103.73,106.14,0.0,0.0,26.27,26.3,46.83,45.97,0.29,83.07,True,11,0,29,7,2,342.23,284.55,350.9166666666667,71.1090552133365,1,1,0
2026-07-29 11:15:00,368.63,94.85,97.16,98.83,101.17,90.99,93.28,0.0,0.0,26.27,26.21,42.86,41.99,0.33,78.55,True,11,15,29,7,2,425.97,342.23,378.9433333333333,42.812037248107444,1,1,0
2026-07-29 11:30:00,329.88,84.64,86.89,86.16,88.43,84.41,86.64,0.0,0.0,26.13,26.19,38.36,37.68,0.36,78.5,True,11,30,29,7,2,368.63,425.97,374.82666666666665,48.3437796757074,1,1,0
2026-07-29 11:45:00,364.64,93.47,95.81,92.4,94.73,94.24,96.58,0.0,0.0,26.41,26.49,41.98,41.32,0.4,79.38,True,11,45,29,7,2,329.88,368.63,354.3833333333334,21.314080635423565,1,1,0
2026-07-29 12:00:00,714.77,172.72,176.09,193.82,197.52,174.57,178.07,0.0,0.0,26.11,26.02,70.47,69.71,0.47,92.58,True,12,0,29,7,2,364.64,329.88,469.7633333333333,212.89261244423992,1,0,1
2026-07-29 12:15:00,801.99,199.34,204.07,218.31,223.17,193.14,197.83,0.0,0.0,27.05,27.2,78.02,76.75,0.55,94.17,True,12,15,29,7,2,714.77,364.64,627.1333333333333,231.4711529183137,1,0,1
2026-07-29 12:30:00,892.39,223.65,228.57,232.5,237.46,219.5,224.41,0.0,0.0,26.74,26.91,90.4,89.14,0.65,90.33,True,12,30,29,7,2,801.99,714.77,803.0500000000001,88.8147442714329,1,0,1
2026-07-29 12:45:00,1206.63,297.14,302.85,302.4,308.15,303.9,309.66,0.0,0.0,26.03,26.08,120.07,118.81,0.77,91.7,True,12,45,29,7,2,892.39,801.99,967.0033333333334,212.38819301772264,1,0,1
2026-07-29 13:00:00,1495.26,369.61,376.25,386.05,392.9,368.94,375.57,0.0,0.0,26.79,26.63,143.4,141.81,0.93,95.43,True,13,0,29,7,2,1206.63,892.39,1198.0933333333335,301.52564606237627,1,0,1
2026-07-29 13:15:00,1082.56,267.05,272.31,279.35,284.75,267.4,272.67,0.0,0.0,26.77,26.94,103.56,102.33,1.04,95.66,True,13,15,29,7,2,1495.26,1206.63,1261.4833333333333,211.74746429020925,1,0,1
2026-07-29 13:30:00,1335.04,323.14,329.23,327.92,334.06,344.22,350.56,0.0,0.0,27.34,27.42,138.7,137.46,1.18,88.29,True,13,30,29,7,2,1082.56,1495.26,1304.2866666666666,208.0616450317873,1,0,1
2026-07-29 13:45:00,1078.25,268.29,273.63,277.4,282.87,277.12,282.51,0.0,0.0,27.32,27.45,111.06,109.66,1.29,89.05,True,13,45,29,7,2,1335.04,1082.56,1165.283333333333,147.02937949040472,1,0,1
2026-07-29 14:00:00,840.6,206.88,211.66,214.78,219.6,213.23,218.06,0.0,0.0,26.82,26.98,84.63,83.59,1.38,90.92,True,14,0,29,7,2,1078.25,1335.04,1084.63,247.2817354759549,1,0,1
2026-07-29 14:15:00,1207.17,297.71,303.36,301.73,307.42,310.56,316.39,0.0,0.0,26.85,27.04,116.35,116.12,1.51,94.98,True,14,15,29,7,2,840.6,1078.25,1042.006666666667,185.95315440544022,1,0,1
2026-07-29 14:30:00,1535.31,379.02,385.81,389.18,396.11,386.79,393.69,0.0,0.0,27.36,27.34,149.53,148.04,1.66,94.19,True,14,30,29,7,2,1207.17,840.6,1194.36,347.53211089049034,1,0,1
2026-07-29 14:45:00,1511.69,372.38,379.09,387.12,394.02,374.16,380.89,0.0,0.0,27.83,27.87,146.2,143.86,1.82,95.03,True,14,45,29,7,2,1535.31,1207.17,1418.0566666666666,183.0146598863963,1,0,1
2026-07-29 15:00:00,1291.05,317.9,323.84,326.66,332.73,325.41,331.46,0.0,0.0,27.94,28.06,130.11,128.54,1.96,91.24,True,15,0,29,7,2,1511.69,1535.31,1446.0166666666667,134.72370590706493,1,0,1
2026-07-29 15:15:00,916.73,230.28,235.25,240.7,245.76,227.26,232.22,0.0,0.0,28.19,28.34,90.13,88.0,2.06,93.61,True,15,15,29,7,2,1291.05,1511.69,1239.8233333333335,300.769810541772,1,0,1
2026-07-29 15:30:00,493.13,124.89,128.62,130.13,133.96,123.14,126.83,0.0,0.0,26.36,26.26,56.8,55.4,2.11,79.32,True,15,30,29,7,2,916.73,1291.05,900.3033333333334,399.2135495362521,1,0,1
2026-07-29 15:45:00,476.4,120.23,123.89,123.88,127.62,120.93,124.6,0.0,0.0,26.85,26.83,48.9,48.11,2.15,89.18,True,15,45,29,7,2,493.13,916.73,628.7533333333334,249.53535547760325,1,0,1
2026-07-29 16:00:00,510.1,128.18,132.01,133.78,137.73,127.71,131.52,0.0,0.0,26.49,26.45,54.78,53.4,2.21,85.12,True,16,0,29,7,2,476.4,493.13,493.21000000000004,16.85014243264917,1,0,1
2026-07-29 16:15:00,482.55,121.56,125.31,125.3,129.15,122.97,126.77,0.0,0.0,27.03,27.14,51.1,50.15,2.26,86.51,True,16,15,29,7,2,510.1,476.4,489.6833333333334,17.94674993791076,1,0,1
2026-07-29 16:30:00,492.85,123.91,127.73,127.12,131.01,126.59,130.47,0.0,0.0,26.84,26.88,52.69,51.92,2.31,85.63,True,16,30,29,7,2,482.55,510.1,495.16666666666674,13.92033883689242,1,0,1
2026-07-29 16:45:00,434.51,109.11,112.49,112.67,116.15,110.56,113.98,0.0,0.0,27.14,27.36,47.67,46.83,2.36,83.53,True,16,45,29,7,2,492.85,482.55,469.9700000000001,31.13809885013183,1,0,1
2026-07-29 17:00:00,365.86,92.9,95.79,95.05,98.0,94.62,97.57,0.0,0.0,27.21,27.33,40.47,39.89,2.4,82.88,True,17,0,29,7,2,434.51,492.85,431.07333333333344,63.56471531702116,1,0,1
2026-07-29 17:15:00,318.19,81.22,83.76,84.04,86.66,81.66,84.21,0.0,0.0,27.19,27.35,36.13,35.82,2.42,80.73,True,17,15,29,7,2,365.86,434.51,372.8533333333334,58.47448702925054,1,0,1
2026-07-29 17:30:00,425.44,106.92,110.23,108.84,112.21,109.79,113.19,0.0,0.0,27.14,27.21,47.51,47.0,2.47,82.07,True,17,30,29,7,2,318.19,365.86,369.8300000000001,53.735103051921826,1,0,1
2026-07-29 17:45:00,355.11,88.99,91.77,90.58,93.4,91.71,94.57,0.0,0.0,27.31,27.44,39.75,39.1,2.51,81.93,True,17,45,29,7,2,425.44,318.19,366.2466666666667,54.48540752654783,1,0,1
2026-07-29 18:00:00,270.07,68.67,70.83,70.57,72.79,69.73,71.93,0.0,0.0,26.57,26.44,32.13,31.31,2.54,76.87,True,18,0,29,7,2,355.11,425.44,350.20666666666676,77.80097193052288,1,0,1
2026-07-29 18:15:00,214.8,55.46,57.22,56.29,58.07,57.28,59.09,0.0,0.0,26.78,26.67,27.8,27.29,2.56,70.71,True,18,15,29,7,2,270.07,355.11,279.9933333333334,70.67940600580951,1,0,1
2026-07-29 18:30:00,61.2,18.46,19.1,18.75,19.4,18.72,19.37,0.0,0.0,26.25,26.23,12.11,11.3,2.57,46.16,True,18,30,29,7,2,214.8,270.07,182.02333333333343,108.22384965123966,0,0,1
2026-07-29 18:45:00,0.0,0.4,0.43,0.27,0.29,0.37,0.41,0.0,0.0,26.18,26.18,2.11,1.61,2.57,0.0,True,18,45,29,7,2,61.2,214.8,92.00000000000007,110.6627308537109,0,0,1
2026-07-29 19:00:00,0.0,0.0,0.0,0.0,0.0,0.0,0.0,0.0,0.0,26.08,26.17,0.69,0.45,2.57,0.0,True,19,0,29,7,2,0.0,61.2,20.400000000000077,35.333836474417865,0,0,1
2026-07-29 19:15:00,0.0,0.0,0.0,0.0,0.0,0.0,0.0,0.0,0.0,25.87,25.7,0.98,0.7,2.57,0.0,True,19,15,29,7,2,0.0,0.0,0.0,3.0266954560391137e-05,0,0,1
2026-07-29 19:30:00,0.0,0.0,0.0,0.0,0.0,0.0,0.0,0.0,0.0,26.01,26.05,1.04,0.69,2.57,0.0,True,19,30,29,7,2,0.0,0.0,0.0,3.0266954560391137e-05,0,0,1
2026-07-29 19:45:00,0.0,0.0,0.0,0.0,0.0,0.0,0.0,0.0,0.0,26.01,25.97,0.82,0.49,2.57,0.0,True,19,45,29,7,2,0.0,0.0,0.0,3.0266954560391137e-05,0,0,1
2026-07-29 20:00:00,0.0,0.0,0.0,0.0,0.0,0.0,0.0,0.0,0.0,25.79,25.73,1.25,0.86,2.57,0.0,True,20,0,29,7,2,0.0,0.0,0.0,3.0266954560391137e-05,0,0,1
2026-07-29 20:15:00,0.0,0.0,0.0,0.0,0.0,0.0,0.0,0.0,0.0,25.85,25.91,1.3,0.64,2.57,0.0,True,20,15,29,7,2,0.0,0.0,0.0,3.0266954560391137e-05,0,0,1
2026-07-29 20:30:00,0.0,0.0,0.0,0.0,0.0,0.0,0.0,0.0,0.0,25.87,25.81,1.46,0.72,2.57,0.0,True,20,30,29,7,2,0.0,0.0,0.0,3.0266954560391137e-05,0,0,1
2026-07-29 20:45:00,0.0,0.0,0.0,0.0,0.0,0.0,0.0,0.0,0.0,25.52,25.41,1.46,0.63,2.57,0.0,True,20,45,29,7,2,0.0,0.0,0.0,3.0266954560391137e-05,0,0,1
2026-07-29 21:00:00,0.0,0.0,0.0,0.0,0.0,0.0,0.0,0.0,0.0,26.06,26.06,0.31,0.4,2.57,0.0,True,21,0,29,7,2,0.0,0.0,0.0,3.0266954560391137e-05,0,0,1
2026-07-29 21:15:00,0.0,0.0,0.0,0.0,0.0,0.0,0.0,0.0,0.0,26.13,26.12,0.76,0.44,2.57,0.0,True,21,15,29,7,2,0.0,0.0,0.0,3.0266954560391137e-05,0,0,1
2026-07-29 21:30:00,0.0,0.0,0.0,0.0,0.0,0.0,0.0,0.0,0.0,26.05,26.08,0.67,0.41,2.57,0.0,True,21,30,29,7,2,0.0,0.0,0.0,3.0266954560391137e-05,0,0,1
2026-07-29 21:45:00,0.0,0.0,0.0,0.0,0.0,0.0,0.0,0.0,0.0,26.16,26.19,0.31,0.43,2.57,0.0,True,21,45,29,7,2,0.0,0.0,0.0,3.0266954560391137e-05,0,0,1
2026-07-29 22:00:00,0.0,0.0,0.0,0.0,0.0,0.0,0.0,0.0,0.0,26.21,26.26,0.32,0.44,2.57,0.0,True,22,0,29,7,2,0.0,0.0,0.0,3.0266954560391137e-05,0,0,1
2026-07-29 22:15:00,0.0,0.0,0.0,0.0,0.0,0.0,0.0,0.0,0.0,25.86,25.87,0.31,0.4,2.57,0.0,True,22,15,29,7,2,0.0,0.0,0.0,3.0266954560391137e-05,0,0,1
2026-07-29 22:30:00,0.0,0.0,0.0,0.0,0.0,0.0,0.0,0.0,0.0,26.12,26.36,0.39,0.47,2.57,0.0,True,22,30,29,7,2,0.0,0.0,0.0,3.0266954560391137e-05,0,0,1
2026-07-29 22:45:00,0.0,0.0,0.0,0.0,0.0,0.0,0.0,0.0,0.0,26.12,26.21,0.35,0.44,2.57,0.0,True,22,45,29,7,2,0.0,0.0,0.0,3.0266954560391137e-05,0,0,1
2026-07-29 23:00:00,0.0,0.0,0.0,0.0,0.0,0.0,0.0,0.0,0.0,26.11,26.22,0.34,0.45,2.57,0.0,True,23,0,29,7,2,0.0,0.0,0.0,3.0266954560391137e-05,0,0,1
2026-07-29 23:15:00,0.0,0.0,0.0,0.0,0.0,0.0,0.0,0.0,0.0,26.13,26.13,0.31,0.42,2.57,0.0,True,23,15,29,7,2,0.0,0.0,0.0,3.0266954560391137e-05,0,0,1
2026-07-29 23:30:00,0.0,0.0,0.0,0.0,0.0,0.0,0.0,0.0,0.0,26.08,26.06,0.32,0.43,2.57,0.0,True,23,30,29,7,2,0.0,0.0,0.0,3.0266954560391137e-05,0,0,1
2026-07-29 23:45:00,0.0,0.0,0.0,0.0,0.0,0.0,0.0,0.0,0.0,25.99,25.96,0.26,0.39,2.57,0.0,True,23,45,29,7,2,0.0,0.0,0.0,3.0266954560391137e-05,0,0,1
2026-07-30 00:15:00,0.0,0.0,0.0,0.0,0.0,0.0,0.0,0.0,0.0,26.21,26.21,0.3,0.43,0.0,0.0,True,0,15,30,7,3,0.0,0.0,0.0,0.0,0,1,0
2026-07-30 00:30:00,0.0,0.0,0.0,0.0,0.0,0.0,0.0,0.0,0.0,26.39,26.44,0.31,0.43,0.0,0.0,True,0,30,30,7,3,0.0,0.0,0.0,0.0,0,1,0
2026-07-30 00:45:00,0.0,0.0,0.0,0.0,0.0,0.0,0.0,0.0,0.0,26.01,25.99,0.24,0.39,0.0,0.0,True,0,45,30,7,3,0.0,0.0,0.0,0.0,0,1,0
2026-07-30 01:00:00,0.0,0.0,0.0,0.0,0.0,0.0,0.0,0.0,0.0,25.75,25.78,0.34,0.43,0.0,0.0,True,1,0,30,7,3,0.0,0.0,0.0,0.0,0,1,0
2026-07-30 01:15:00,0.0,0.0,0.0,0.0,0.0,0.0,0.0,0.0,0.0,26.27,26.29,0.26,0.4,0.0,0.0,True,1,15,30,7,3,0.0,0.0,0.0,0.0,0,1,0
2026-07-30 01:30:00,0.0,0.0,0.0,0.0,0.0,0.0,0.0,0.0,0.0,25.94,25.9,0.31,0.43,0.0,0.0,True,1,30,30,7,3,0.0,0.0,0.0,0.0,0,1,0
2026-07-30 01:45:00,0.0,0.0,0.0,0.0,0.0,0.0,0.0,0.0,0.0,25.76,25.68,0.33,0.42,0.0,0.0,True,1,45,30,7,3,0.0,0.0,0.0,0.0,0,1,0
2026-07-30 02:00:00,0.0,0.0,0.0,0.0,0.0,0.0,0.0,0.0,0.0,25.58,25.57,0.36,0.45,0.0,0.0,True,2,0,30,7,3,0.0,0.0,0.0,0.0,0,1,0
2026-07-30 02:15:00,0.0,0.0,0.0,0.0,0.0,0.0,0.0,0.0,0.0,25.95,25.8,0.36,0.44,0.0,0.0,True,2,15,30,7,3,0.0,0.0,0.0,0.0,0,1,0
2026-07-30 02:30:00,0.0,0.0,0.0,0.0,0.0,0.0,0.0,0.0,0.0,25.91,25.88,0.33,0.44,0.0,0.0,True,2,30,30,7,3,0.0,0.0,0.0,0.0,0,1,0
2026-07-30 02:45:00,0.0,0.0,0.0,0.0,0.0,0.0,0.0,0.0,0.0,25.8,25.81,0.39,0.46,0.0,0.0,True,2,45,30,7,3,0.0,0.0,0.0,0.0,0,1,0
2026-07-30 03:00:00,0.0,0.0,0.0,0.0,0.0,0.0,0.0,0.0,0.0,25.26,25.21,0.39,0.46,0.0,0.0,True,3,0,30,7,3,0.0,0.0,0.0,0.0,0,1,0
2026-07-30 03:15:00,0.0,0.0,0.0,0.0,0.0,0.0,0.0,0.0,0.0,25.84,25.83,0.28,0.4,0.0,0.0,True,3,15,30,7,3,0.0,0.0,0.0,0.0,0,1,0
2026-07-30 03:30:00,0.0,0.0,0.0,0.0,0.0,0.0,0.0,0.0,0.0,24.92,24.77,0.3,0.39,0.0,0.0,True,3,30,30,7,3,0.0,0.0,0.0,0.0,0,1,0
2026-07-30 03:45:00,0.0,0.0,0.0,0.0,0.0,0.0,0.0,0.0,0.0,25.73,25.79,0.29,0.42,0.0,0.0,True,3,45,30,7,3,0.0,0.0,0.0,0.0,0,1,0
2026-07-30 04:00:00,0.0,0.0,0.0,0.0,0.0,0.0,0.0,0.0,0.0,26.01,26.08,0.29,0.43,0.0,0.0,True,4,0,30,7,3,0.0,0.0,0.0,0.0,0,1,0
2026-07-30 04:15:00,0.0,0.0,0.0,0.0,0.0,0.0,0.0,0.0,0.0,25.49,25.47,0.39,0.47,0.0,0.0,True,4,15,30,7,3,0.0,0.0,0.0,0.0,0,1,0
2026-07-30 04:30:00,0.0,0.0,0.0,0.0,0.0,0.0,0.0,0.0,0.0,25.63,25.64,0.33,0.44,0.0,0.0,True,4,30,30,7,3,0.0,0.0,0.0,0.0,0,1,0
2026-07-30 04:45:00,0.0,0.0,0.0,0.0,0.0,0.0,0.0,0.0,0.0,25.88,25.92,0.36,0.45,0.0,0.0,True,4,45,30,7,3,0.0,0.0,0.0,0.0,0,1,0
2026-07-30 05:00:00,0.0,0.0,0.0,0.0,0.0,0.0,0.0,0.0,0.0,25.66,25.65,0.36,0.45,0.0,0.0,True,5,0,30,7,3,0.0,0.0,0.0,0.0,0,1,0
2026-07-30 05:15:00,0.0,0.0,0.0,0.0,0.0,0.0,0.0,0.0,0.0,25.83,25.91,0.35,0.46,0.0,0.0,True,5,15,30,7,3,0.0,0.0,0.0,0.0,0,1,0
2026-07-30 05:30:00,0.0,0.0,0.0,0.0,0.0,0.0,0.0,0.0,0.0,25.93,25.98,0.33,0.44,0.0,0.0,True,5,30,30,7,3,0.0,0.0,0.0,0.0,0,1,0
2026-07-30 05:45:00,0.0,0.0,0.0,0.0,0.0,0.0,0.0,0.0,0.0,25.9,25.92,0.39,0.45,0.0,0.0,True,5,45,30,7,3,0.0,0.0,0.0,0.0,0,1,0
2026-07-30 06:00:00,0.0,0.0,0.0,0.0,0.0,0.0,0.0,0.0,0.0,25.58,25.59,0.71,0.47,0.0,0.0,True,6,0,30,7,3,0.0,0.0,0.0,0.0,0,1,0
2026-07-30 06:15:00,0.0,0.0,0.0,0.0,0.0,0.0,0.0,0.0,0.0,25.9,25.87,1.68,0.93,0.0,0.0,True,6,15,30,7,3,0.0,0.0,0.0,0.0,0,1,0
2026-07-30 06:30:00,0.0,0.0,0.0,1.11,1.15,0.0,0.0,0.0,0.0,25.74,25.72,2.96,2.22,0.0,0.0,True,6,30,30,7,3,0.0,0.0,0.0,0.0,0,1,0
2026-07-30 06:45:00,3.09,5.44,5.64,6.42,6.65,0.0,0.0,0.0,0.0,25.77,25.79,4.83,4.12,0.0,5.83,True,6,45,30,7,3,0.0,0.0,1.03,1.7840123317959433,0,1,0
2026-07-30 07:00:00,9.6,7.6,7.87,7.69,7.96,5.69,5.9,0.0,0.0,25.83,25.88,5.55,4.85,0.0,15.76,True,7,0,30,7,3,3.09,0.0,4.2299999999999995,4.900479568368794,0,1,0
2026-07-30 07:15:00,22.76,11.0,11.37,11.13,11.51,11.75,12.15,0.0,0.0,25.85,25.92,6.96,6.29,0.0,29.82,True,7,15,30,7,3,9.6,3.09,11.816666666666668,10.020600447744304,0,1,0
2026-07-30 07:30:00,48.18,20.64,21.3,21.41,22.1,19.23,19.85,0.0,0.0,25.66,25.64,11.05,10.23,0.01,39.73,True,7,30,30,7,3,22.76,9.6,26.846666666666664,19.61197933237064,0,1,0
2026-07-30 07:45:00,72.41,22.79,23.52,23.23,23.97,23.98,24.75,0.0,0.0,26.01,26.06,12.24,11.51,0.02,53.99,True,7,45,30,7,3,48.18,22.76,47.78333333333333,24.82737669052719,0,1,0
2026-07-30 08:00:00,94.93,26.19,27.03,27.71,28.59,25.82,26.65,0.0,0.0,25.62,25.6,13.14,12.43,0.02,65.8,True,8,0,30,7,3,72.41,48.18,71.83999999999999,23.380211718459677,0,1,0
2026-07-30 08:15:00,158.65,41.89,43.2,42.7,44.03,42.04,43.35,0.0,0.0,25.97,26.03,19.59,18.92,0.04,73.89,True,8,15,30,7,3,94.93,72.41,108.66333333333334,44.73016580936552,0,1,0
2026-07-30 08:30:00,181.19,47.53,49.0,49.41,50.94,47.33,48.8,0.0,0.0,25.8,25.82,22.16,21.37,0.06,74.55,True,8,30,30,7,3,158.65,94.93,144.92333333333332,44.73827146116992,1,1,0
2026-07-30 08:45:00,236.05,60.37,62.2,60.89,62.74,61.9,63.77,0.0,0.0,26.0,26.04,27.95,27.11,0.08,77.04,True,8,45,30,7,3,181.19,158.65,191.96333333333334,39.80877457713727,1,1,0
2026-07-30 09:00:00,191.03,48.96,50.48,49.26,50.78,52.39,54.0,0.0,0.0,25.95,25.95,23.28,22.4,0.1,74.85,True,9,0,30,7,3,236.05,181.19,202.75666666666666,29.249631336708006,1,1,0
2026-07-30 09:15:00,299.9,75.73,77.84,75.34,77.46,79.54,81.71,0.0,0.0,26.03,26.11,34.14,33.23,0.13,80.16,True,9,15,30,7,3,191.03,236.05,242.32666666666668,54.70572760994346,1,1,0
2026-07-30 09:30:00,423.29,107.07,109.5,110.57,113.03,104.02,106.42,0.0,0.0,26.02,26.03,45.03,43.68,0.18,85.76,True,9,30,30,7,3,299.9,191.03,304.74,116.20561991573386,1,1,0
2026-07-30 09:45:00,541.6,136.4,139.06,141.94,144.66,132.75,135.36,0.0,0.0,26.52,26.61,55.96,54.62,0.23,88.48,True,9,45,30,7,3,423.29,299.9,421.59666666666664,120.85889720386055,1,1,0
2026-07-30 10:00:00,525.13,133.05,135.68,135.3,137.95,132.26,134.95,0.0,0.0,26.46,26.53,54.59,53.3,0.29,87.93,True,10,0,30,7,3,541.6,423.29,496.67333333333335,64.08315249215914,1,1,0
2026-07-30 10:15:00,661.13,169.78,174.27,165.04,169.37,161.2,165.61,0.0,0.0,26.49,26.53,70.97,69.39,0.36,85.16,True,10,15,30,7,3,525.13,541.6,575.9533333333334,74.22340354182985,1,1,0
2026-07-30 10:30:00,587.34,150.09,154.35,159.09,163.47,142.17,146.31,0.0,0.0,26.58,26.63,61.99,60.54,0.42,86.64,True,10,30,30,7,3,661.13,525.13,591.2,68.08211732900193,1,1,0
2026-07-30 10:45:00,651.24,162.27,166.67,167.47,171.94,162.12,166.53,0.0,0.0,26.95,27.08,67.83,66.51,0.49,87.93,True,10,45,30,7,3,587.34,661.13,633.2366666666667,40.054101329742856,1,1,0
2026-07-30 11:00:00,705.68,177.93,182.5,187.03,191.68,175.81,180.35,0.0,0.0,26.6,26.7,72.65,71.44,0.56,88.84,True,11,0,30,7,3,651.24,587.34,648.0866666666666,59.232985179993236,1,1,0
2026-07-30 11:15:00,662.95,169.67,174.17,175.33,179.88,163.66,168.09,0.0,0.0,26.89,26.92,69.97,68.53,0.63,86.75,True,11,15,30,7,3,705.68,651.24,673.29,28.655106002246008,1,1,0
2026-07-30 11:30:00,767.56,195.97,200.61,208.32,213.08,178.49,182.93,0.0,0.0,26.74,26.75,80.94,78.96,0.71,86.77,True,11,30,30,7,3,662.95,705.68,712.0633333333334,52.59632338227895,1,1,0
2026-07-30 11:45:00,887.28,223.61,228.42,230.95,235.88,218.01,222.69,0.0,0.0,26.67,26.72,82.17,80.39,0.8,98.78,True,11,45,30,7,3,767.56,662.95,772.5966666666667,112.24978054915394,1,1,0
2026-07-30 12:00:00,1043.6,265.69,270.95,277.96,283.36,251.73,256.87,0.0,0.0,26.74,26.79,105.33,103.54,0.91,90.66,True,12,0,30,7,3,887.28,767.56,899.4799999999999,138.42380720092842,1,0,1
2026-07-30 12:15:00,574.27,149.1,152.96,162.07,166.18,132.33,135.89,0.0,0.0,26.57,26.52,60.77,58.78,0.98,86.42,True,12,15,30,7,3,1043.6,887.28,835.0499999999998,238.98460598959053,1,0,1
2026-07-30 12:30:00,367.36,92.74,95.57,92.68,95.46,93.55,96.43,0.0,0.0,26.31,26.34,39.64,38.59,1.01,84.65,True,12,30,30,7,3,574.27,1043.6,661.7433333333333,346.50226901613973,1,0,1
2026-07-30 12:45:00,511.23,125.91,129.68,111.14,114.56,148.43,152.61,0.0,0.0,26.47,26.38,56.77,56.18,1.06,82.32,True,12,45,30,7,3,367.36,574.27,484.2866666666667,106.05373370765145,1,0,1
2026-07-30 13:00:00,928.89,228.27,233.21,221.04,225.94,241.08,246.09,0.0,0.0,27.25,27.4,98.61,97.95,1.16,86.37,True,13,0,30,7,3,511.23,367.36,602.4933333333333,291.6774455341608,1,0,1
2026-07-30 13:15:00,697.7,175.89,180.3,178.98,183.4,176.18,180.66,0.0,0.0,27.55,27.67,69.15,68.09,1.23,92.63,True,13,15,30,7,3,928.89,511.23,712.6066666666666,209.22864391218826,1,0,1
2026-07-30 13:30:00,625.69,155.18,159.42,150.69,154.86,163.95,168.35,0.0,0.0,26.63,26.64,63.05,62.14,1.3,90.77,True,13,30,30,7,3,697.7,928.89,750.7599999999999,158.41111924356798,1,0,1
2026-07-30 13:45:00,498.71,125.49,129.25,122.31,126.0,130.1,133.97,0.0,0.0,26.34,26.29,55.93,54.9,1.35,81.46,True,13,45,30,7,3,625.69,697.7,607.3666666666667,100.75248599083477,1,0,1
2026-07-30 14:00:00,331.03,82.7,85.28,80.61,83.13,87.62,90.35,0.0,0.0,26.57,26.66,37.42,36.68,1.38,80.89,True,14,0,30,7,3,498.71,625.69,485.1433333333334,147.7977325040321,1,0,1
2026-07-30 14:15:00,616.39,158.83,163.09,166.65,170.98,145.06,149.14,0.0,0.0,26.4,26.49,60.87,59.4,1.45,92.53,True,14,15,30,7,3,331.03,498.71,482.0433333333333,143.40821361879318,1,0,1
2026-07-30 14:30:00,1459.76,375.19,381.92,389.78,396.7,351.69,358.1,0.0,0.0,27.59,27.43,138.93,136.49,1.6,96.48,True,14,30,30,7,3,616.39,331.03,802.3933333333333,586.9035553081386,1,0,1
2026-07-30 14:45:00,1259.69,310.56,316.37,312.58,318.42,317.39,323.31,0.0,0.0,27.78,27.78,120.1,118.59,1.72,96.38,True,14,45,30,7,3,1459.76,616.39,1111.9466666666667,440.66916006606715,1,0,1
2026-07-30 15:00:00,1216.8,303.5,309.44,317.19,323.29,290.6,296.37,0.0,0.0,28.21,28.25,136.26,133.23,1.86,82.2,True,15,0,30,7,3,1259.69,1459.76,1312.0833333333333,129.67723945755853,1,0,1
2026-07-30 15:15:00,629.02,155.7,160.04,155.39,159.73,163.75,168.19,0.0,0.0,27.57,27.8,67.3,66.19,1.93,85.81,True,15,15,30,7,3,1216.8,1259.69,1035.17,352.3893512863291,1,0,1
2026-07-30 15:30:00,432.42,111.05,114.49,112.96,116.44,108.31,111.66,0.0,0.0,26.85,26.75,50.52,49.04,1.97,78.36,True,15,30,30,7,3,629.02,1216.8,759.4133333333333,408.1235255818187,1,0,1
2026-07-30 15:45:00,774.07,196.11,200.64,197.1,201.62,198.33,202.89,0.0,0.0,27.1,27.09,80.27,78.57,2.05,88.36,True,15,45,30,7,3,432.42,629.02,611.8366666666667,171.47195348899945,1,0,1
2026-07-30 16:00:00,808.36,199.61,204.13,203.34,207.92,199.5,204.0,0.0,0.0,27.49,27.52,75.34,73.26,2.13,98.48,True,16,0,30,7,3,774.07,432.42,671.6166666666667,207.85869005969784,1,0,1
2026-07-30 16:15:00,628.88,158.18,162.29,157.97,162.1,160.78,164.92,0.0,0.0,26.86,26.95,73.23,70.56,2.2,78.62,True,16,15,30,7,3,808.36,774.07,737.1033333333334,95.27942292716442,1,0,1
2026-07-30 16:30:00,605.17,152.76,157.06,156.46,160.8,151.22,155.5,0.0,0.0,26.94,26.96,66.3,63.6,2.26,83.59,True,16,30,30,7,3,628.88,808.36,680.8033333333333,111.10161309960145,1,0,1
2026-07-30 16:45:00,341.55,86.22,88.91,86.71,89.42,89.13,91.91,0.0,0.0,26.87,26.86,38.17,36.31,2.3,81.91,True,16,45,30,7,3,605.17,628.88,525.1999999999999,159.4867797028969,1,0,1
2026-07-30 17:00:00,187.65,48.82,50.39,50.19,51.79,49.13,50.7,0.0,0.0,26.46,26.46,22.79,21.13,2.32,75.25,True,17,0,30,7,3,341.55,605.17,378.1233333333333,211.14910403156787,1,0,1
2026-07-30 17:15:00,177.01,47.34,48.86,49.86,51.45,44.42,45.85,0.0,0.0,26.4,26.51,23.7,22.15,2.34,68.25,True,17,15,30,7,3,187.65,341.55,235.40333333333334,92.07952287742405,1,0,1
2026-07-30 17:30:00,198.79,51.89,53.54,53.15,54.84,51.74,53.39,0.0,0.0,26.16,26.02,24.42,23.22,2.36,74.3,True,17,30,30,7,3,177.01,187.65,187.8166666666667,10.890956493077857,1,0,1
2026-07-30 17:45:00,274.6,70.45,72.66,72.59,74.86,70.33,72.54,0.0,0.0,26.42,26.43,33.91,32.63,2.39,73.99,True,17,45,30,7,3,198.79,177.01,216.80000000000004,51.2271617406308,1,0,1
2026-07-30 18:00:00,131.3,35.43,36.59,38.16,39.4,33.01,34.09,0.0,0.0,26.49,26.47,17.84,16.55,2.4,67.27,True,18,0,30,7,3,274.6,198.79,201.56333333333336,71.69024364119639,0,0,1
2026-07-30 18:15:00,52.3,15.99,16.56,16.12,16.69,15.84,16.4,0.0,0.0,26.1,26.21,10.51,9.41,2.4,45.42,True,18,15,30,7,3,131.3,274.6,152.73333333333335,112.68923344017459,0,0,1
2026-07-30 18:30:00,1.3,2.15,2.27,2.12,2.22,2.32,2.45,0.0,0.0,26.09,26.16,3.22,2.35,2.4,3.68,True,18,30,30,7,3,52.3,131.3,61.63333333333333,65.50063612923367,0,0,1
2026-07-30 18:45:00,0.0,0.09,0.1,0.0,0.0,0.1,0.11,0.0,0.0,26.03,26.05,1.56,0.81,2.4,0.0,True,18,45,30,7,3,1.3,52.3,17.866666666666664,29.827224700503443,0,0,1
2026-07-30 19:00:00,0.0,0.0,0.0,0.0,0.0,0.0,0.0,0.0,0.0,26.08,26.11,0.41,0.42,2.4,0.0,True,19,0,30,7,3,0.0,1.3,0.43333333333333335,0.7505553506197556,0,0,1
2026-07-30 19:15:00,0.0,0.0,0.0,0.0,0.0,0.0,0.0,0.0,0.0,25.98,25.98,0.31,0.42,2.4,0.0,True,19,15,30,7,3,0.0,0.0,0.0,3.179836224905249e-05,0,0,1
2026-07-30 19:30:00,0.0,0.0,0.0,0.0,0.0,0.0,0.0,0.0,0.0,26.12,26.04,0.32,0.42,2.4,0.0,True,19,30,30,7,3,0.0,0.0,0.0,3.179836224905249e-05,0,0,1
2026-07-30 19:45:00,0.0,0.0,0.0,0.0,0.0,0.0,0.0,0.0,0.0,26.32,26.39,0.38,0.48,2.4,0.0,True,19,45,30,7,3,0.0,0.0,0.0,3.179836224905249e-05,0,0,1
2026-07-30 20:00:00,0.0,0.0,0.0,0.0,0.0,0.0,0.0,0.0,0.0,25.97,25.98,0.42,0.44,2.4,0.0,True,20,0,30,7,3,0.0,0.0,0.0,3.179836224905249e-05,0,0,1
2026-07-30 20:15:00,0.0,0.0,0.0,0.0,0.0,0.0,0.0,0.0,0.0,25.52,25.52,0.36,0.45,2.4,0.0,True,20,15,30,7,3,0.0,0.0,0.0,3.179836224905249e-05,0,0,1
2026-07-30 20:30:00,0.0,0.0,0.0,0.0,0.0,0.0,0.0,0.0,0.0,25.71,25.68,0.37,0.44,2.4,0.0,True,20,30,30,7,3,0.0,0.0,0.0,3.179836224905249e-05,0,0,1
2026-07-30 20:45:00,0.0,0.0,0.0,0.0,0.0,0.0,0.0,0.0,0.0,26.26,26.3,0.96,0.47,2.4,0.0,True,20,45,30,7,3,0.0,0.0,0.0,3.179836224905249e-05,0,0,1
2026-07-30 21:00:00,0.0,0.0,0.0,0.0,0.0,0.0,0.0,0.0,0.0,25.88,25.84,1.39,0.65,2.4,0.0,True,21,0,30,7,3,0.0,0.0,0.0,3.179836224905249e-05,0,0,1
2026-07-30 21:15:00,0.0,0.0,0.0,0.0,0.0,0.0,0.0,0.0,0.0,25.92,25.86,1.61,0.88,2.4,0.0,True,21,15,30,7,3,0.0,0.0,0.0,3.179836224905249e-05,0,0,1
2026-07-30 21:30:00,0.0,0.0,0.0,0.0,0.0,0.0,0.0,0.0,0.0,25.66,25.58,1.73,0.83,2.4,0.0,True,21,30,30,7,3,0.0,0.0,0.0,3.179836224905249e-05,0,0,1
2026-07-30 21:45:00,0.0,0.0,0.0,0.0,0.0,0.0,0.0,0.0,0.0,26.12,25.89,1.55,0.66,2.4,0.0,True,21,45,30,7,3,0.0,0.0,0.0,3.179836224905249e-05,0,0,1
2026-07-30 22:00:00,0.0,0.0,0.0,0.0,0.0,0.0,0.0,0.0,0.0,26.37,26.27,1.22,0.41,2.4,0.0,True,22,0,30,7,3,0.0,0.0,0.0,3.179836224905249e-05,0,0,1
2026-07-30 22:15:00,0.0,0.0,0.0,0.0,0.0,0.0,0.0,0.0,0.0,26.17,26.21,0.34,0.44,2.4,0.0,True,22,15,30,7,3,0.0,0.0,0.0,3.179836224905249e-05,0,0,1
2026-07-30 22:30:00,0.0,0.0,0.0,0.0,0.0,0.0,0.0,0.0,0.0,25.96,25.98,0.27,0.4,2.4,0.0,True,22,30,30,7,3,0.0,0.0,0.0,3.179836224905249e-05,0,0,1
2026-07-30 22:45:00,0.0,0.0,0.0,0.0,0.0,0.0,0.0,0.0,0.0,26.06,26.12,0.4,0.44,2.4,0.0,True,22,45,30,7,3,0.0,0.0,0.0,3.179836224905249e-05,0,0,1
2026-07-30 23:00:00,0.0,0.0,0.0,0.0,0.0,0.0,0.0,0.0,0.0,25.72,25.82,0.5,0.43,2.4,0.0,True,23,0,30,7,3,0.0,0.0,0.0,3.179836224905249e-05,0,0,1
2026-07-30 23:15:00,0.0,0.0,0.0,0.0,0.0,0.0,0.0,0.0,0.0,25.62,25.64,0.54,0.42,2.4,0.0,True,23,15,30,7,3,0.0,0.0,0.0,3.179836224905249e-05,0,0,1
2026-07-30 23:30:00,0.0,0.0,0.0,0.0,0.0,0.0,0.0,0.0,0.0,26.02,26.1,0.59,0.46,2.4,0.0,True,23,30,30,7,3,0.0,0.0,0.0,3.179836224905249e-05,0,0,1
2026-07-30 23:45:00,0.0,0.0,0.0,0.0,0.0,0.0,0.0,0.0,0.0,25.96,26.04,1.09,0.64,2.4,0.0,True,23,45,30,7,3,0.0,0.0,0.0,3.179836224905249e-05,0,0,1
2026-07-31 00:15:00,0.0,0.0,0.0,0.0,0.0,0.0,0.0,0.0,0.0,25.74,25.72,0.73,0.47,0.0,0.0,True,0,15,31,7,4,0.0,0.0,0.0,0.0,0,1,0
2026-07-31 00:30:00,0.0,0.0,0.0,0.0,0.0,0.0,0.0,0.0,0.0,25.04,24.94,1.23,0.61,0.0,0.0,True,0,30,31,7,4,0.0,0.0,0.0,0.0,0,1,0
2026-07-31 00:45:00,0.0,0.0,0.0,0.0,0.0,0.0,0.0,0.0,0.0,25.66,25.69,1.19,0.56,0.0,0.0,True,0,45,31,7,4,0.0,0.0,0.0,0.0,0,1,0
2026-07-31 01:00:00,0.0,0.0,0.0,0.0,0.0,0.0,0.0,0.0,0.0,25.58,25.52,0.61,0.45,0.0,0.0,True,1,0,31,7,4,0.0,0.0,0.0,0.0,0,1,0
2026-07-31 01:15:00,0.0,0.0,0.0,0.0,0.0,0.0,0.0,0.0,0.0,25.89,25.92,0.8,0.46,0.0,0.0,True,1,15,31,7,4,0.0,0.0,0.0,0.0,0,1,0
2026-07-31 01:30:00,0.0,0.0,0.0,0.0,0.0,0.0,0.0,0.0,0.0,25.94,25.97,1.4,0.7,0.0,0.0,True,1,30,31,7,4,0.0,0.0,0.0,0.0,0,1,0
2026-07-31 01:45:00,0.0,0.0,0.0,0.0,0.0,0.0,0.0,0.0,0.0,26.18,26.23,1.44,0.58,0.0,0.0,True,1,45,31,7,4,0.0,0.0,0.0,0.0,0,1,0
2026-07-31 02:00:00,0.0,0.0,0.0,0.0,0.0,0.0,0.0,0.0,0.0,25.78,25.75,1.18,0.41,0.0,0.0,True,2,0,31,7,4,0.0,0.0,0.0,0.0,0,1,0
2026-07-31 02:15:00,0.0,0.0,0.0,0.0,0.0,0.0,0.0,0.0,0.0,26.27,26.34,0.42,0.43,0.0,0.0,True,2,15,31,7,4,0.0,0.0,0.0,0.0,0,1,0
2026-07-31 02:30:00,0.0,0.0,0.0,0.0,0.0,0.0,0.0,0.0,0.0,26.23,26.27,0.53,0.42,0.0,0.0,True,2,30,31,7,4,0.0,0.0,0.0,0.0,0,1,0
2026-07-31 02:45:00,0.0,0.0,0.0,0.0,0.0,0.0,0.0,0.0,0.0,26.29,26.38,0.44,0.45,0.0,0.0,True,2,45,31,7,4,0.0,0.0,0.0,0.0,0,1,0
2026-07-31 03:00:00,0.0,0.0,0.0,0.0,0.0,0.0,0.0,0.0,0.0,25.58,25.59,0.34,0.44,0.0,0.0,True,3,0,31,7,4,0.0,0.0,0.0,0.0,0,1,0
2026-07-31 03:15:00,0.0,0.0,0.0,0.0,0.0,0.0,0.0,0.0,0.0,25.85,25.92,0.37,0.46,0.0,0.0,True,3,15,31,7,4,0.0,0.0,0.0,0.0,0,1,0
2026-07-31 03:30:00,0.0,0.0,0.0,0.0,0.0,0.0,0.0,0.0,0.0,26.03,26.05,0.4,0.45,0.0,0.0,True,3,30,31,7,4,0.0,0.0,0.0,0.0,0,1,0
2026-07-31 03:45:00,0.0,0.0,0.0,0.0,0.0,0.0,0.0,0.0,0.0,26.22,26.27,0.4,0.46,0.0,0.0,True,3,45,31,7,4,0.0,0.0,0.0,0.0,0,1,0
2026-07-31 04:00:00,0.0,0.0,0.0,0.0,0.0,0.0,0.0,0.0,0.0,26.1,26.1,0.38,0.45,0.0,0.0,True,4,0,31,7,4,0.0,0.0,0.0,0.0,0,1,0
2026-07-31 04:15:00,0.0,0.0,0.0,0.0,0.0,0.0,0.0,0.0,0.0,26.05,26.04,0.27,0.4,0.0,0.0,True,4,15,31,7,4,0.0,0.0,0.0,0.0,0,1,0
2026-07-31 04:30:00,0.0,0.0,0.0,0.0,0.0,0.0,0.0,0.0,0.0,25.83,25.81,0.36,0.44,0.0,0.0,True,4,30,31,7,4,0.0,0.0,0.0,0.0,0,1,0
2026-07-31 04:45:00,0.0,0.0,0.0,0.0,0.0,0.0,0.0,0.0,0.0,25.84,25.85,0.56,0.42,0.0,0.0,True,4,45,31,7,4,0.0,0.0,0.0,0.0,0,1,0
2026-07-31 05:00:00,0.0,0.0,0.0,0.0,0.0,0.0,0.0,0.0,0.0,25.52,25.46,0.74,0.44,0.0,0.0,True,5,0,31,7,4,0.0,0.0,0.0,0.0,0,1,0
2026-07-31 05:15:00,0.0,0.0,0.0,0.0,0.0,0.0,0.0,0.0,0.0,25.7,25.65,0.6,0.41,0.0,0.0,True,5,15,31,7,4,0.0,0.0,0.0,0.0,0,1,0
2026-07-31 05:30:00,0.0,0.0,0.0,0.0,0.0,0.0,0.0,0.0,0.0,25.82,25.81,0.32,0.41,0.0,0.0,True,5,30,31,7,4,0.0,0.0,0.0,0.0,0,1,0
2026-07-31 05:45:00,0.0,0.0,0.0,0.0,0.0,0.0,0.0,0.0,0.0,26.1,26.15,0.82,0.51,0.0,0.0,True,5,45,31,7,4,0.0,0.0,0.0,0.0,0,1,0
2026-07-31 06:00:00,0.0,0.0,0.0,0.0,0.0,1.2,1.24,0.0,0.0,26.21,26.24,4.07,3.21,0.0,0.0,True,6,0,31,7,4,0.0,0.0,0.0,0.0,0,1,0
2026-07-31 06:15:00,9.81,0.0,0.0,0.0,0.0,12.71,13.13,0.0,0.0,25.89,25.66,7.41,6.66,0.0,12.08,True,6,15,31,7,4,0.0,0.0,3.27,5.663806140750229,0,1,0
2026-07-31 06:30:00,27.53,6.59,6.8,4.63,4.79,14.33,14.81,0.0,0.0,26.29,26.1,8.61,7.94,0.01,29.22,True,6,30,31,7,4,9.81,0.0,12.446666666666667,13.953108375316711,0,1,0
2026-07-31 06:45:00,150.95,39.31,40.51,38.02,39.2,44.27,45.59,0.0,0.0,26.58,26.63,19.28,18.82,0.02,71.59,True,6,45,31,7,4,27.53,9.81,62.76333333333333,76.88410585636886,0,1,0
2026-07-31 07:00:00,622.7,150.94,154.39,157.01,160.52,160.49,164.14,0.0,0.0,27.13,27.24,61.27,61.21,0.08,93.14,True,7,0,31,7,4,150.95,27.53,267.06,314.1145989921513,1,1,0
2026-07-31 07:15:00,760.75,189.14,193.82,190.85,195.54,194.15,198.86,0.0,0.0,28.33,28.5,88.88,87.89,0.16,78.83,True,7,15,31,7,4,622.7,150.95,511.4666666666667,319.75561110531487,1,1,0
2026-07-31 07:30:00,528.43,137.2,141.22,135.36,139.37,147.76,151.94,0.0,0.0,28.18,28.31,66.15,66.04,0.22,73.52,True,7,30,31,7,4,760.75,622.7,637.2933333333334,116.84549470704204,1,1,0
2026-07-31 07:45:00,933.13,229.33,234.2,223.26,228.1,247.3,252.31,0.0,0.0,28.71,29.0,102.62,103.55,0.31,83.87,True,7,45,31,7,4,528.43,760.75,740.77,203.08846052890368,1,1,0
2026-07-31 08:00:00,862.36,216.34,221.21,221.69,226.57,214.93,219.79,0.0,0.0,28.7,28.87,94.67,93.3,0.41,84.02,True,8,0,31,7,4,933.13,528.43,774.64,216.1402815303063,1,1,0
2026-07-31 08:15:00,839.92,211.96,216.76,218.21,223.04,204.21,208.98,0.0,0.0,29.26,29.67,92.0,90.12,0.49,84.4,True,8,15,31,7,4,862.36,933.13,878.4699999999999,48.64848507404997,1,1,0
2026-07-31 08:30:00,520.89,131.97,135.94,136.16,140.22,129.21,133.1,0.0,0.0,28.65,28.99,58.17,57.13,0.55,82.57,True,8,30,31,7,4,839.92,862.36,741.0566666666667,190.9997623907774,1,1,0
2026-07-31 08:45:00,896.91,223.25,228.1,224.38,229.23,230.04,234.96,0.0,0.0,28.44,28.58,89.8,89.24,0.64,92.02,True,8,45,31,7,4,520.89,839.92,752.5733333333333,202.65695209721628,1,1,0
2026-07-31 09:00:00,2819.57,689.05,700.36,682.84,694.04,735.34,747.47,0.0,0.0,31.0,31.34,267.81,268.17,0.93,98.02,True,9,0,31,7,4,896.91,520.89,1412.4566666666667,1233.0140752373159,1,1,0
2026-07-31 09:15:00,3267.13,800.96,813.86,794.05,806.84,849.47,863.24,0.0,0.0,34.67,35.37,357.94,357.25,1.27,86.28,True,9,15,31,7,4,2819.57,896.91,2327.8700000000003,1259.2904270262677,1,1,0
2026-07-31 09:30:00,3276.35,806.07,819.05,806.83,819.83,836.9,850.45,0.0,0.0,34.6,35.27,349.23,350.69,1.61,88.65,True,9,30,31,7,4,3267.13,2819.57,3121.016666666667,261.10117145147353,1,1,0
2026-07-31 09:45:00,4309.39,1083.4,1101.84,1096.73,1115.47,1055.32,1073.15,0.0,0.0,36.09,37.07,451.25,446.29,2.06,90.81,True,9,45,31,7,4,3276.35,3267.13,3617.623333333333,599.1052436202941,1,1,0
2026-07-31 10:00:00,4028.86,1003.86,1020.72,1030.94,1048.4,993.77,1010.39,0.0,0.0,37.62,38.48,440.9,434.9,2.47,87.45,True,10,0,31,7,4,4309.39,3276.35,3871.5333333333333,534.1878606195876,1,1,0
2026-07-31 10:15:00,5911.06,1497.86,1526.36,1577.8,1608.54,1391.38,1417.04,0.0,0.0,39.01,39.78,620.6,618.15,3.09,91.69,True,10,15,31,7,4,4028.86,4309.39,4749.7699999999995,1015.4408492374131,1,1,0
2026-07-31 10:30:00,6497.51,1610.71,1641.94,1583.04,1613.49,1686.15,1719.48,0.0,0.0,43.72,44.73,733.16,725.45,3.74,87.05,True,10,30,31,7,4,5911.06,4028.86,5479.143333333333,1289.7566479120512,1,1,0
2026-07-31 10:45:00,4083.55,1009.68,1026.76,965.61,981.77,1057.39,1075.51,0.0,0.0,41.88,42.43,491.06,484.75,4.17,81.03,True,10,45,31,7,4,6497.51,5911.06,5497.373333333333,1259.0286787970047,1,1,0
2026-07-31 11:00:00,6756.35,1705.79,1739.89,1679.35,1712.89,1692.36,1726.11,0.0,0.0,41.39,41.66,741.08,712.36,4.88,88.66,True,11,0,31,7,4,4083.55,6497.51,5779.136666666666,1474.1133418205432,1,1,0
2026-07-31 11:15:00,6416.43,1586.99,1617.77,1488.04,1516.5,1631.21,1663.38,0.0,0.0,43.51,44.0,699.69,691.4,5.53,89.99,True,11,15,31,7,4,6756.35,4083.55,5752.110000000001,1454.9762048913365,1,1,0
2026-07-31 11:30:00,8828.72,2345.33,2397.72,2341.87,2394.26,2222.36,2271.13,0.0,0.0,49.46,50.5,1088.27,1096.26,6.45,81.71,True,11,30,31,7,4,6416.43,6756.35,7333.833333333333,1305.718580412074,1,1,0
2026-07-31 11:45:00,5930.69,1521.37,1550.75,1623.22,1655.24,1421.83,1448.7,0.0,0.0,47.43,48.28,674.04,666.09,7.06,87.83,True,11,45,31,7,4,8828.72,6416.43,7058.613333333332,1552.0773322980153,1,1,0
2026-07-31 12:00:00,7391.09,1818.03,1855.67,1868.28,1907.45,1759.09,1795.12,0.0,0.0,48.02,48.98,871.07,868.31,7.84,84.92,True,12,0,31,7,4,5930.69,8828.72,7383.499999999999,1449.029908697536,1,0,1
2026-07-31 12:15:00,5968.24,1455.32,1482.68,1512.76,1541.82,1507.81,1536.42,0.0,0.0,44.43,45.04,664.77,660.12,8.46,88.45,True,12,15,31,7,4,7391.09,5930.69,6430.006666666667,832.5343121057094,1,0,1
2026-07-31 12:30:00,6302.84,1627.72,1659.39,1765.91,1801.4,1446.82,1473.84,0.0,0.0,44.81,45.4,675.16,670.09,9.12,92.13,True,12,30,31,7,4,5968.24,7391.09,6554.056666666667,743.9475054285257,1,0,1
2026-07-31 12:45:00,6400.69,1640.23,1672.97,1715.06,1749.71,1587.16,1618.57,0.0,0.0,45.81,46.72,800.02,789.08,9.8,79.3,True,12,45,31,7,4,6302.84,5968.24,6223.923333333333,226.7688930019428,1,0,1
2026-07-31 13:00:00,2997.13,747.88,760.42,778.31,791.38,728.48,740.71,0.0,0.0,40.38,41.62,330.36,327.71,10.13,87.84,True,13,0,31,7,4,6400.69,6302.84,5233.553333333333,1937.417262758162,1,0,1
2026-07-31 13:15:00,1496.68,376.2,382.89,399.16,406.2,357.98,364.4,0.0,0.0,34.71,35.29,152.86,150.4,10.29,92.57,True,13,15,31,7,4,2997.13,6400.69,3631.4999999999995,2512.7967471922593,1,0,1
2026-07-31 13:30:00,1578.14,389.84,396.74,409.9,417.07,383.4,390.22,0.0,0.0,33.22,33.51,156.16,153.8,10.45,94.95,True,13,30,31,7,4,1496.68,2997.13,2023.9833333333336,843.7533757167072,1,0,1
2026-07-31 13:45:00,1659.37,416.18,423.47,445.69,453.4,400.47,407.52,0.0,0.0,33.51,33.84,155.7,153.12,10.62,100.25,True,13,45,31,7,4,1578.14,1496.68,1578.0633333333335,81.345027096558,1,0,1
2026-07-31 14:00:00,2675.24,652.96,663.59,664.32,675.12,694.4,705.7,0.0,0.0,34.93,35.58,251.66,251.39,10.89,100.59,True,14,0,31,7,4,1659.37,1578.14,1970.9166666666667,611.3126014023748,1,0,1
2026-07-31 14:15:00,2511.33,573.73,583.23,546.1,555.19,759.57,772.55,0.0,0.0,37.07,38.4,292.72,297.41,11.16,81.91,True,14,15,31,7,4,2675.24,1659.37,2281.98,545.3888806163952,1,0,1
2026-07-31 14:30:00,1398.29,350.31,356.7,373.09,379.8,343.09,349.35,0.0,0.0,33.26,33.37,144.12,143.02,11.3,91.18,True,14,30,31,7,4,2511.33,2675.24,2194.953333333333,694.7812404155269,1,0,1
2026-07-31 14:45:00,1560.9,383.24,390.15,381.29,388.19,415.3,422.6,0.0,0.0,30.63,30.81,177.58,178.31,11.47,81.71,True,14,45,31,7,4,1398.29,2511.33,1823.506666666667,601.1956473838941,1,0,1
2026-07-31 15:00:00,2214.27,534.86,543.82,525.6,534.44,588.69,598.42,0.0,0.0,29.02,28.95,195.14,193.65,11.7,104.79,True,15,0,31,7,4,1560.9,1398.29,1724.4866666666667,431.88689287050585,1,0,1
2026-07-31 15:15:00,6248.23,1591.49,1623.19,1577.53,1609.15,1545.38,1575.68,0.0,0.0,34.61,35.17,725.13,717.43,12.33,81.43,True,15,15,31,7,4,2214.27,1560.9,3341.133333333333,2538.726326572704,1,0,1
2026-07-31 15:30:00,4043.51,973.21,989.57,1004.7,1021.76,1001.34,1018.27,0.0,0.0,39.27,40.34,442.98,441.47,12.76,87.96,True,15,30,31,7,4,6248.23,2214.27,4168.67,2019.8903657377048,1,0,1
2026-07-31 15:45:00,3894.33,946.87,963.49,1063.47,1082.81,783.42,796.52,0.0,0.0,40.06,41.83,383.5,384.37,13.14,98.19,True,15,45,31,7,4,4043.51,6248.23,4728.69,1318.072466444845,1,0,1
2026-07-31 16:00:00,1533.27,379.9,386.67,404.53,411.59,366.93,373.55,0.0,0.0,35.58,36.73,167.0,164.26,13.31,87.11,True,16,0,31,7,4,3894.33,4043.51,3157.036666666667,1408.2000244756919,1,0,1
2026-07-31 16:15:00,1587.51,390.95,397.85,408.67,415.82,405.25,412.32,0.0,0.0,30.37,30.57,169.48,167.29,13.47,86.98,True,16,15,31,7,4,1533.27,3894.33,2338.37,1347.7737701854894,1,0,1
2026-07-31 16:30:00,1993.23,492.57,500.79,510.96,519.44,493.8,502.05,0.0,0.0,31.55,31.71,208.66,208.28,13.68,89.14,True,16,30,31,7,4,1587.51,1533.27,1704.67,251.36755876606534,1,0,1
2026-07-31 16:45:00,3935.17,944.3,960.91,1014.32,1032.47,949.24,965.94,0.0,0.0,33.48,33.58,383.83,386.47,14.08,96.43,True,16,45,31,7,4,1993.23,1587.51,2505.3033333333333,1254.8072333762434,1,0,1
2026-07-31 17:00:00,2468.6,624.04,634.37,623.88,634.16,624.99,635.34,0.0,0.0,34.85,35.16,265.26,262.0,14.35,88.03,True,17,0,31,7,4,3935.17,1993.23,2799.0,1012.252864110548,1,0,1
2026-07-31 17:15:00,1411.5,349.42,355.78,361.1,367.63,342.75,349.01,0.0,0.0,34.48,35.08,155.21,153.75,14.49,85.89,True,17,15,31,7,4,2468.6,3935.17,2605.09,1267.3593441877517,1,0,1
2026-07-31 17:30:00,1433.49,359.22,365.72,381.15,387.95,340.45,346.7,0.0,0.0,33.43,33.9,144.85,144.26,14.64,93.07,True,17,30,31,7,4,1411.5,2468.6,1771.1966666666667,604.0690747202221,1,0,1
2026-07-31 17:45:00,1230.03,303.98,309.72,316.37,322.29,304.43,310.19,0.0,0.0,33.29,33.79,140.66,140.89,14.77,82.18,True,17,45,31,7,4,1433.49,1411.5,1358.3400000000001,111.66235757861206,1,0,1
2026-07-31 18:00:00,653.75,163.04,167.4,169.04,173.48,162.27,166.59,0.0,0.0,32.31,32.63,84.22,84.19,14.84,72.66,True,18,0,31,7,4,1230.03,1433.49,1105.756666666667,404.4521145121488,1,0,1
2026-07-31 18:15:00,238.91,62.23,64.2,66.02,68.1,59.85,61.75,0.0,0.0,30.61,30.87,30.64,30.37,14.87,72.49,True,18,15,31,7,4,653.75,1230.03,707.5633333333335,497.74654165885494,1,0,1
2026-07-31 18:30:00,162.62,43.44,44.84,45.89,47.36,42.21,43.58,0.0,0.0,29.78,29.97,22.0,21.65,14.89,68.47,True,18,30,31,7,4,238.91,653.75,351.76000000000016,264.2981481206756,1,0,1
2026-07-31 18:45:00,31.71,10.97,11.37,11.42,11.83,11.04,11.46,0.0,0.0,29.21,29.12,7.89,8.11,14.89,37.14,True,18,45,31,7,4,162.62,238.91,144.4133333333335,104.79299610829369,0,0,1
2026-07-31 19:00:00,9.14,2.36,2.44,2.51,2.6,2.17,2.26,0.0,0.0,28.64,28.55,1.86,1.86,14.89,22.67,True,19,0,31,7,4,31.71,162.62,67.82333333333348,82.86831260109746,0,0,1
2026-07-31 19:15:00,0.0,0.0,0.0,0.0,0.0,0.0,0.0,0.0,0.0,28.45,28.45,0.2,0.36,14.89,0.0,True,19,15,31,7,4,9.14,31.71,13.616666666666818,16.322114855417958,0,0,1
2026-07-31 19:30:00,0.0,0.0,0.0,0.0,0.0,0.0,0.0,0.0,0.0,27.72,27.59,0.21,0.31,14.89,0.0,True,19,30,31,7,4,0.0,9.14,3.0466666666668183,5.276981462304363,0,0,1
2026-07-31 19:45:00,0.0,0.0,0.0,0.0,0.0,0.0,0.0,0.0,0.0,27.58,27.51,0.23,0.35,14.89,0.0,True,19,45,31,7,4,0.0,0.0,0.0,0.00014207213141018845,0,0,1
2026-07-31 20:00:00,0.0,0.0,0.0,0.0,0.0,0.0,0.0,0.0,0.0,27.73,27.65,0.25,0.34,14.89,0.0,True,20,0,31,7,4,0.0,0.0,0.0,0.00014207213141018845,0,0,1
2026-07-31 20:15:00,0.0,0.0,0.0,0.0,0.0,0.0,0.0,0.0,0.0,27.5,27.33,0.2,0.34,14.89,0.0,True,20,15,31,7,4,0.0,0.0,0.0,0.00014207213141018845,0,0,1
2026-07-31 20:30:00,0.0,0.0,0.0,0.0,0.0,0.0,0.0,0.0,0.0,27.29,27.23,0.24,0.38,14.89,0.0,True,20,30,31,7,4,0.0,0.0,0.0,0.00014207213141018845,0,0,1
2026-07-31 20:45:00,0.0,0.0,0.0,0.0,0.0,0.0,0.0,0.0,0.0,27.31,27.46,0.27,0.42,14.89,0.0,True,20,45,31,7,4,0.0,0.0,0.0,0.00014207213141018845,0,0,1
2026-07-31 21:00:00,0.0,0.0,0.0,0.0,0.0,0.0,0.0,0.0,0.0,26.73,26.58,0.21,0.41,14.89,0.0,True,21,0,31,7,4,0.0,0.0,0.0,0.00014207213141018845,0,0,1
2026-07-31 21:15:00,0.0,0.0,0.0,0.0,0.0,0.0,0.0,0.0,0.0,26.57,26.57,0.32,0.41,14.89,0.0,True,21,15,31,7,4,0.0,0.0,0.0,0.00014207213141018845,0,0,1
2026-07-31 21:30:00,0.0,0.0,0.0,0.0,0.0,0.0,0.0,0.0,0.0,26.86,26.81,0.45,0.37,14.89,0.0,True,21,30,31,7,4,0.0,0.0,0.0,0.00014207213141018845,0,0,1
2026-07-31 21:45:00,0.0,0.0,0.0,0.0,0.0,0.0,0.0,0.0,0.0,27.16,27.11,0.39,0.43,14.89,0.0,True,21,45,31,7,4,0.0,0.0,0.0,0.00014207213141018845,0,0,1
2026-07-31 22:00:00,0.0,0.0,0.0,0.0,0.0,0.0,0.0,0.0,0.0,26.54,26.42,0.48,0.41,14.89,0.0,True,22,0,31,7,4,0.0,0.0,0.0,0.00014207213141018845,0,0,1
2026-07-31 22:15:00,0.0,0.0,0.0,0.0,0.0,0.0,0.0,0.0,0.0,27.03,26.98,0.67,0.41,14.89,0.0,True,22,15,31,7,4,0.0,0.0,0.0,0.00014207213141018845,0,0,1
2026-07-31 22:30:00,0.0,0.0,0.0,0.0,0.0,0.0,0.0,0.0,0.0,26.26,26.02,0.32,0.41,14.89,0.0,True,22,30,31,7,4,0.0,0.0,0.0,0.00014207213141018845,0,0,1
2026-07-31 22:45:00,0.0,0.0,0.0,0.0,0.0,0.0,0.0,0.0,0.0,26.72,26.59,0.6,0.43,14.89,0.0,True,22,45,31,7,4,0.0,0.0,0.0,0.00014207213141018845,0,0,1
2026-07-31 23:00:00,0.0,0.0,0.0,0.0,0.0,0.0,0.0,0.0,0.0,27.23,27.23,0.26,0.41,14.89,0.0,True,23,0,31,7,4,0.0,0.0,0.0,0.00014207213141018845,0,0,1
2026-07-31 23:15:00,0.0,0.0,0.0,0.0,0.0,0.0,0.0,0.0,0.0,27.14,27.16,0.21,0.37,14.89,0.0,True,23,15,31,7,4,0.0,0.0,0.0,0.00014207213141018845,0,0,1
2026-07-31 23:30:00,0.0,0.0,0.0,0.0,0.0,0.0,0.0,0.0,0.0,26.59,26.56,0.31,0.42,14.89,0.0,True,23,30,31,7,4,0.0,0.0,0.0,0.00014207213141018845,0,0,1
2026-07-31 23:45:00,0.0,0.0,0.0,0.0,0.0,0.0,0.0,0.0,0.0,26.54,26.53,0.29,0.4,14.89,0.0,True,23,45,31,7,4,0.0,0.0,0.0,0.00014207213141018845,0,0,1
2026-08-01 00:15:00,0.0,0.0,0.0,0.0,0.0,0.0,0.0,0.0,0.0,26.05,25.93,0.35,0.35,0.0,0.0,True,0,15,1,8,5,0.0,0.0,0.0,0.0,0,1,0
2026-08-01 00:30:00,0.0,0.0,0.0,0.0,0.0,0.0,0.0,0.0,0.0,26.61,26.55,0.21,0.35,0.0,0.0,True,0,30,1,8,5,0.0,0.0,0.0,0.0,0,1,0
2026-08-01 00:45:00,0.0,0.0,0.0,0.0,0.0,0.0,0.0,0.0,0.0,26.56,26.49,0.49,0.43,0.0,0.0,True,0,45,1,8,5,0.0,0.0,0.0,0.0,0,1,0
2026-08-01 01:00:00,0.0,0.0,0.0,0.0,0.0,0.0,0.0,0.0,0.0,26.43,26.38,0.35,0.38,0.0,0.0,True,1,0,1,8,5,0.0,0.0,0.0,0.0,0,1,0
2026-08-01 01:15:00,0.0,0.0,0.0,0.0,0.0,0.0,0.0,0.0,0.0,26.12,26.08,0.41,0.44,0.0,0.0,True,1,15,1,8,5,0.0,0.0,0.0,0.0,0,1,0
2026-08-01 01:30:00,0.0,0.0,0.0,0.0,0.0,0.0,0.0,0.0,0.0,26.8,26.8,0.46,0.43,0.0,0.0,True,1,30,1,8,5,0.0,0.0,0.0,0.0,0,1,0
2026-08-01 01:45:00,0.0,0.0,0.0,0.0,0.0,0.0,0.0,0.0,0.0,26.52,26.5,0.72,0.4,0.0,0.0,True,1,45,1,8,5,0.0,0.0,0.0,0.0,0,1,0
2026-08-01 02:00:00,0.0,0.0,0.0,0.0,0.0,0.0,0.0,0.0,0.0,26.76,26.76,0.9,0.43,0.0,0.0,True,2,0,1,8,5,0.0,0.0,0.0,0.0,0,1,0
2026-08-01 02:15:00,0.0,0.0,0.0,0.0,0.0,0.0,0.0,0.0,0.0,26.17,26.04,0.71,0.39,0.0,0.0,True,2,15,1,8,5,0.0,0.0,0.0,0.0,0,1,0
2026-08-01 02:30:00,0.0,0.0,0.0,0.0,0.0,0.0,0.0,0.0,0.0,26.14,26.09,0.35,0.44,0.0,0.0,True,2,30,1,8,5,0.0,0.0,0.0,0.0,0,1,0
2026-08-01 02:45:00,0.0,0.0,0.0,0.0,0.0,0.0,0.0,0.0,0.0,26.37,26.32,0.3,0.42,0.0,0.0,True,2,45,1,8,5,0.0,0.0,0.0,0.0,0,1,0
2026-08-01 03:00:00,0.0,0.0,0.0,0.0,0.0,0.0,0.0,0.0,0.0,25.99,25.91,0.27,0.4,0.0,0.0,True,3,0,1,8,5,0.0,0.0,0.0,0.0,0,1,0
2026-08-01 03:15:00,0.0,0.0,0.0,0.0,0.0,0.0,0.0,0.0,0.0,26.1,26.03,0.31,0.43,0.0,0.0,True,3,15,1,8,5,0.0,0.0,0.0,0.0,0,1,0
2026-08-01 03:30:00,0.0,0.0,0.0,0.0,0.0,0.0,0.0,0.0,0.0,25.49,25.33,0.35,0.42,0.0,0.0,True,3,30,1,8,5,0.0,0.0,0.0,0.0,0,1,0
2026-08-01 03:45:00,0.0,0.0,0.0,0.0,0.0,0.0,0.0,0.0,0.0,26.04,25.86,0.21,0.37,0.0,0.0,True,3,45,1,8,5,0.0,0.0,0.0,0.0,0,1,0
2026-08-01 04:00:00,0.0,0.0,0.0,0.0,0.0,0.0,0.0,0.0,0.0,25.59,25.4,0.35,0.42,0.0,0.0,True,4,0,1,8,5,0.0,0.0,0.0,0.0,0,1,0
2026-08-01 04:15:00,0.0,0.0,0.0,0.0,0.0,0.0,0.0,0.0,0.0,25.82,25.66,0.4,0.46,0.0,0.0,True,4,15,1,8,5,0.0,0.0,0.0,0.0,0,1,0
2026-08-01 04:30:00,0.0,0.0,0.0,0.0,0.0,0.0,0.0,0.0,0.0,26.38,26.26,0.37,0.42,0.0,0.0,True,4,30,1,8,5,0.0,0.0,0.0,0.0,0,1,0
2026-08-01 04:45:00,0.0,0.0,0.0,0.0,0.0,0.0,0.0,0.0,0.0,26.77,26.62,0.37,0.45,0.0,0.0,True,4,45,1,8,5,0.0,0.0,0.0,0.0,0,1,0
2026-08-01 05:00:00,0.0,0.0,0.0,0.0,0.0,0.0,0.0,0.0,0.0,26.31,26.23,0.32,0.4,0.0,0.0,True,5,0,1,8,5,0.0,0.0,0.0,0.0,0,1,0
2026-08-01 05:15:00,0.0,0.0,0.0,0.0,0.0,0.0,0.0,0.0,0.0,26.54,26.53,0.36,0.43,0.0,0.0,True,5,15,1,8,5,0.0,0.0,0.0,0.0,0,1,0
2026-08-01 05:30:00,0.0,0.0,0.0,0.0,0.0,0.0,0.0,0.0,0.0,26.91,26.9,0.38,0.44,0.0,0.0,True,5,30,1,8,5,0.0,0.0,0.0,0.0,0,1,0
2026-08-01 05:45:00,0.0,0.0,0.0,0.0,0.0,0.0,0.0,0.0,0.0,26.61,26.71,0.45,0.41,0.0,0.0,True,5,45,1,8,5,0.0,0.0,0.0,0.0,0,1,0
2026-08-01 06:00:00,0.0,0.0,0.0,0.0,0.0,0.0,0.0,0.0,0.0,26.02,25.96,6.4,5.94,0.0,0.0,True,6,0,1,8,5,0.0,0.0,0.0,0.0,0,1,0
2026-08-01 06:15:00,0.0,0.0,0.0,0.0,0.0,0.0,0.0,0.0,0.0,26.57,26.6,24.72,24.27,0.0,0.0,True,6,15,1,8,5,0.0,0.0,0.0,0.0,1,1,0
2026-08-01 06:30:00,99.1,0.0,0.0,0.0,0.0,73.99,75.63,0.0,0.0,27.18,27.28,49.84,51.26,0.0,18.23,True,6,30,1,8,5,0.0,0.0,33.03333333333333,57.21541167669191,1,1,0
2026-08-01 06:45:00,413.48,135.61,138.17,124.33,126.62,167.7,170.96,0.0,0.0,26.99,26.97,89.17,92.22,0.04,42.48,True,6,45,1,8,5,99.1,0.0,170.86,215.8785556742494,1,1,0
2026-08-01 07:00:00,772.97,229.92,234.76,237.44,242.43,248.44,253.5,0.0,0.0,28.79,28.96,124.39,112.38,0.12,57.33,True,7,0,1,8,5,413.48,99.1,428.5166666666667,337.1865510860914,1,1,0
2026-08-01 07:15:00,1289.42,312.51,318.36,320.79,326.77,339.14,345.38,0.0,0.0,28.9,29.12,160.85,101.07,0.26,74.0,True,7,15,1,8,5,772.97,413.48,825.2900000000001,440.30757170414404,1,1,0
2026-08-01 07:30:00,1774.39,428.12,435.52,428.54,435.95,472.59,480.57,0.0,0.0,30.1,30.26,227.09,125.97,0.44,72.48,True,7,30,1,8,5,1289.42,772.97,1278.926666666667,500.79245864263294,1,1,0
2026-08-01 07:45:00,1583.21,388.15,395.0,406.25,413.35,394.45,401.39,0.0,0.0,31.03,31.37,183.69,124.04,0.6,80.25,True,7,45,1,8,5,1774.39,1289.42,1549.006666666667,244.28748685377477,1,1,0
2026-08-01 08:00:00,1337.02,327.82,333.9,342.01,348.29,336.55,342.76,0.0,0.0,30.23,30.51,157.49,132.28,0.74,78.79,True,8,0,1,8,5,1583.21,1774.39,1564.8733333333332,219.26081326432498,1,1,0
2026-08-01 08:15:00,1237.8,20.34,20.73,21.39,21.79,20.23,20.61,0.0,0.0,31.28,31.48,252.34,162.39,0.76,45.72,True,8,15,1,8,5,1337.02,1583.21,1386.01,177.83990581418985,1,1,0
2026-08-01 08:30:00,4447.37,1024.02,1041.44,1059.19,1077.34,1097.41,1116.09,0.0,0.0,36.89,37.37,489.58,451.71,1.17,86.67,True,8,30,1,8,5,1237.8,1337.02,2340.73,1825.0781406011083,1,1,0
2026-08-01 08:45:00,4969.48,1228.05,1249.48,1267.57,1289.9,1242.67,1264.43,0.0,0.0,39.74,40.43,551.31,552.22,1.7,87.04,True,8,45,1,8,5,4447.37,1237.8,3551.5499999999997,2020.7001286435343,1,1,0
2026-08-01 09:00:00,5404.25,1333.61,1357.51,1370.73,1395.54,1353.01,1377.39,0.0,0.0,41.77,42.51,599.22,599.57,2.26,87.84,True,9,0,1,8,5,4969.48,4447.37,4940.366666666666,479.1038752017413,1,1,0
2026-08-01 09:15:00,5325.21,1345.15,1369.64,1388.67,1414.34,1261.41,1284.05,0.0,0.0,43.15,44.04,621.3,608.63,2.81,83.98,True,9,15,1,8,5,5404.25,4969.48,5232.98,231.59451180887544,1,1,0
2026-08-01 09:30:00,5875.33,1481.82,1509.52,1490.3,1518.4,1459.74,1487.02,0.0,0.0,44.27,45.17,656.09,653.93,3.42,88.17,True,9,30,1,8,5,5325.21,5404.25,5534.93,297.4322618681267,1,1,0
2026-08-01 09:45:00,6471.87,1619.97,1651.28,1655.78,1688.1,1531.88,1561.05,0.0,0.0,46.24,47.4,733.67,731.11,4.1,87.6,True,9,45,1,8,5,5875.33,5325.21,5890.803333333333,573.4865795581632,1,1,0
2026-08-01 10:00:00,6824.51,1687.72,1720.92,1752.84,1787.91,1676.98,1709.93,0.0,0.0,47.34,48.76,755.49,755.99,4.81,90.14,True,10,0,1,8,5,6471.87,5875.33,6390.57,479.7842594333269,1,1,0
2026-08-01 10:15:00,7219.78,1786.74,1822.82,1923.8,1963.79,1777.71,1813.6,0.0,0.0,48.56,50.04,827.17,814.51,5.55,87.57,True,10,15,1,8,5,6824.51,6471.87,6838.72,374.15743357573933,1,1,0
2026-08-01 10:30:00,7405.4,1810.34,1847.18,1877.83,1916.57,1871.32,1909.85,0.0,0.0,49.22,50.86,874.63,857.62,6.32,85.19,True,10,30,1,8,5,7219.78,6824.51,7149.8966666666665,296.6834310057028,1,1,0
2026-08-01 10:45:00,7383.73,1819.18,1856.14,1880.45,1919.17,1857.01,1895.06,0.0,0.0,50.67,52.42,844.71,780.27,7.08,88.52,True,10,45,1,8,5,7405.4,7219.78,7336.303333333333,101.49218015844808,1,1,0
2026-08-01 11:00:00,6955.69,1723.55,1757.97,1800.99,1837.47,1725.63,1760.14,0.0,0.0,49.87,51.03,835.45,765.37,7.83,84.01,True,11,0,1,8,5,7383.73,7405.4,7248.2733333333335,253.6161517595346,1,1,0
2026-08-01 11:15:00,6530.15,1624.05,1655.55,1689.07,1722.39,1527.67,1556.82,0.0,0.0,48.43,49.62,731.07,718.06,8.49,89.56,True,11,15,1,8,5,6955.69,7383.73,6956.5233333333335,426.79061017472793,1,1,0
2026-08-01 11:30:00,8295.35,2044.42,2088.07,2117.25,2163.31,2069.85,2114.21,0.0,0.0,50.81,52.11,980.81,969.8,9.34,85.7,True,11,30,1,8,5,6530.15,6955.69,7260.3966666666665,921.2043066189583,1,1,0
2026-08-01 11:45:00,8333.51,2059.62,2103.63,2146.87,2193.55,2110.33,2155.81,0.0,0.0,54.95,56.44,1009.68,991.61,10.23,85.2,True,11,45,1,8,5,8295.35,6530.15,7719.670000000001,1030.3312182012053,1,1,0
2026-08-01 12:00:00,5708.58,786.63,801.35,806.44,821.73,932.57,950.42,0.0,0.0,51.83,53.09,705.71,697.34,10.57,82.34,True,12,0,1,8,5,8333.51,8295.35,7445.813333333333,1504.6091808949311,1,0,1
2026-08-01 12:15:00,5528.92,1368.2,1392.99,1391.16,1416.6,1381.43,1406.52,0.0,0.0,48.18,49.23,607.17,601.21,11.15,91.2,True,12,15,1,8,5,5708.58,8333.51,6523.670000000001,1569.9395045988203,1,0,1
2026-08-01 12:30:00,6198.17,1530.46,1559.42,1579.28,1609.54,1534.42,1563.48,0.0,0.0,48.67,49.99,706.62,699.62,11.8,88.04,True,12,30,1,8,5,5528.92,5708.58,5811.889999999999,346.37928301212634,1,0,1
2026-08-01 12:45:00,4850.09,1178.47,1199.26,1239.2,1261.37,1220.21,1242.03,0.0,0.0,48.32,49.77,497.45,492.16,12.32,97.71,True,12,45,1,8,5,6198.17,5528.92,5525.7266666666665,674.0456732546617,1,0,1
2026-08-01 13:00:00,4172.66,1066.84,1085.89,1122.51,1142.8,971.11,987.64,0.0,0.0,43.01,44.05,446.21,445.63,12.74,91.57,True,13,0,1,8,5,4850.09,6198.17,5073.64,1031.093420549273,1,0,1
2026-08-01 13:15:00,4702.01,1158.31,1178.58,1025.83,1043.13,1273.01,1295.89,0.0,0.0,45.83,47.11,491.5,492.26,13.22,94.83,True,13,15,1,8,5,4172.66,4850.09,4574.92,356.14849754000574,1,0,1
2026-08-01 13:30:00,7313.03,1851.44,1889.34,1909.46,1949.04,1771.59,1807.21,0.0,0.0,50.97,52.85,818.96,816.45,13.98,90.55,True,13,30,1,8,5,4702.01,4172.66,5395.900000000001,1681.2475823923123,1,0,1
2026-08-01 13:45:00,6113.1,1500.22,1528.93,1589.92,1620.83,1538.1,1567.75,0.0,0.0,52.51,54.56,758.2,758.81,14.62,82.32,True,13,45,1,8,5,7313.03,4702.01,6042.713333333333,1306.932313562306,1,0,1
2026-08-01 14:00:00,5558.83,1361.55,1387.04,1378.8,1404.72,1430.16,1457.56,0.0,0.0,51.61,53.33,666.35,673.01,15.21,84.83,True,14,0,1,8,5,6113.1,7313.03,6328.32,896.6850875864872,1,0,1
2026-08-01 14:15:00,4275.86,1074.62,1093.97,1161.11,1182.27,1064.33,1083.83,0.0,0.0,47.87,49.48,469.14,474.18,15.66,91.16,True,14,15,1,8,5,5558.83,6113.1,5315.93,942.3974808434061,1,0,1
2026-08-01 14:30:00,6404.72,1606.52,1637.74,1652.92,1685.35,1582.99,1613.79,0.0,0.0,46.12,47.56,681.61,681.14,16.31,93.26,True,14,30,1,8,5,4275.86,5558.83,5413.136666666666,1071.8820529486113,1,0,1
2026-08-01 14:45:00,7123.02,1752.86,1788.05,1688.89,1722.56,1829.43,1866.69,0.0,0.0,53.15,54.96,858.11,860.28,17.06,85.0,True,14,45,1,8,5,6404.72,4275.86,5934.533333333334,1480.6710109046248,1,0,1
2026-08-01 15:00:00,5301.12,1305.98,1329.71,1360.37,1385.43,1313.1,1336.9,0.0,0.0,53.05,54.87,614.85,617.78,17.61,88.25,True,15,0,1,8,5,7123.02,6404.72,6276.286666666667,917.7152299778612,1,0,1
2026-08-01 15:15:00,5065.31,1285.85,1309.01,1320.94,1345.02,1209.01,1230.3,0.0,0.0,49.69,51.44,563.93,568.37,18.14,90.56,True,15,15,1,8,5,5301.12,7123.02,5829.816666666667,1126.1361973728235,1,0,1
2026-08-01 15:30:00,4742.43,1154.35,1174.71,1202.4,1224.03,1203.44,1224.68,0.0,0.0,46.38,48.1,474.99,475.19,18.62,99.21,True,15,30,1,8,5,5065.31,5301.12,5036.286666666667,280.4735182389436,1,0,1
2026-08-01 15:45:00,4784.11,1168.36,1188.96,1214.81,1236.6,1187.67,1208.64,0.0,0.0,47.46,48.84,590.92,591.7,19.14,80.83,True,15,45,1,8,5,4742.43,5065.31,4863.95,175.62372504875268,1,0,1
2026-08-01 16:00:00,1639.21,385.48,392.35,372.82,379.51,463.6,471.55,0.0,0.0,42.91,44.16,201.12,204.75,19.3,79.78,True,16,0,1,8,5,4784.11,4742.43,3721.9166666666665,1803.7972724597812,1,0,1
2026-08-01 16:15:00,2260.59,557.23,566.49,568.07,577.48,566.17,575.55,0.0,0.0,38.63,40.04,238.03,239.92,19.54,91.28,True,16,15,1,8,5,1639.21,4784.11,2894.6366666666668,1665.5660851894636,1,0,1
2026-08-01 16:30:00,969.61,238.85,244.0,247.24,252.44,241.35,246.55,0.0,0.0,36.06,37.3,104.91,106.98,19.65,87.87,True,16,30,1,8,5,2260.59,1639.21,1623.1366666666665,645.6400732090368,1,0,1
2026-08-01 16:45:00,1450.56,360.16,366.7,368.98,375.59,360.53,367.06,0.0,0.0,34.49,35.39,136.64,136.82,19.79,100.27,True,16,45,1,8,5,969.61,2260.59,1560.2533333333333,652.4429558462342,1,0,1
2026-08-01 17:00:00,1890.79,472.48,480.49,494.73,503.04,451.45,459.16,0.0,0.0,35.49,36.39,220.51,222.09,19.99,81.33,True,17,0,1,8,5,1450.56,969.61,1436.9866666666667,460.7399750763681,1,0,1
2026-08-01 17:15:00,1007.79,251.52,256.64,261.66,266.91,248.05,253.1,0.0,0.0,34.66,35.64,112.17,114.03,20.1,84.92,True,17,15,1,8,5,1890.79,1450.56,1449.7133333333331,441.5006088708964,1,0,1
2026-08-01 17:30:00,1044.39,257.84,263.06,264.83,270.12,265.7,270.98,0.0,0.0,33.46,34.15,104.61,106.77,20.21,93.9,True,17,30,1,8,5,1007.79,1890.79,1314.3233333333335,499.57006849227236,1,0,1
2026-08-01 17:45:00,904.76,225.76,230.75,238.34,243.48,218.53,223.43,0.0,0.0,33.95,34.64,104.74,105.76,20.31,81.41,True,17,45,1,8,5,1044.39,1007.79,985.6466666666666,72.40082619264236,1,0,1
2026-08-01 18:00:00,300.4,76.95,79.35,78.56,81.01,78.43,80.88,0.0,0.0,32.24,32.48,39.75,40.22,20.34,70.72,True,18,0,1,8,5,904.76,1044.39,749.85,395.446723466065,1,0,1
2026-08-01 18:15:00,77.4,22.12,22.87,23.69,24.49,22.24,23.0,0.0,0.0,31.1,31.33,12.4,11.84,20.35,58.12,True,18,15,1,8,5,300.4,904.76,427.52,428.0779872874217,0,0,1
2026-08-01 18:30:00,99.69,28.01,28.94,29.39,30.36,27.5,28.42,0.0,0.0,30.53,30.55,15.99,15.43,20.36,57.94,True,18,30,1,8,5,77.4,300.4,159.16333333333333,122.82124422666553,0,0,1
2026-08-01 18:45:00,28.14,8.45,8.77,8.53,8.85,8.7,9.04,0.0,0.0,29.28,29.17,6.08,5.52,20.36,42.77,True,18,45,1,8,5,99.69,77.4,68.41000000000001,36.612370860869994,0,0,1
2026-08-01 19:00:00,0.0,0.13,0.13,0.09,0.1,0.14,0.16,0.0,0.0,28.81,28.79,0.2,0.27,20.36,0.0,True,19,0,1,8,5,28.14,99.69,42.61,51.39610588414421,0,0,1
2026-08-01 19:15:00,0.0,0.0,0.0,0.0,0.0,0.0,0.0,0.0,0.0,27.85,27.71,0.13,0.29,20.36,0.0,True,19,15,1,8,5,0.0,28.14,9.38,16.246636576674145,0,0,1
2026-08-01 19:30:00,0.0,0.0,0.0,0.0,0.0,0.0,0.0,0.0,0.0,27.27,27.13,0.08,0.28,20.36,0.0,True,19,30,1,8,5,0.0,0.0,0.0,0.00023372755911170489,0,0,1
2026-08-01 19:45:00,0.0,0.0,0.0,0.0,0.0,0.0,0.0,0.0,0.0,26.28,26.12,0.2,0.32,20.36,0.0,True,19,45,1,8,5,0.0,0.0,0.0,0.00023372755911170489,0,0,1
2026-08-01 20:00:00,0.0,0.0,0.0,0.0,0.0,0.0,0.0,0.0,0.0,26.69,26.69,0.21,0.35,20.36,0.0,True,20,0,1,8,5,0.0,0.0,0.0,0.00023372755911170489,0,0,1
2026-08-01 20:15:00,0.0,0.0,0.0,0.0,0.0,0.0,0.0,0.0,0.0,26.24,26.13,0.2,0.33,20.36,0.0,True,20,15,1,8,5,0.0,0.0,0.0,0.00023372755911170489,0,0,1
2026-08-01 20:30:00,0.0,0.0,0.0,0.0,0.0,0.0,0.0,0.0,0.0,26.34,26.2,0.3,0.37,20.36,0.0,True,20,30,1,8,5,0.0,0.0,0.0,0.00023372755911170489,0,0,1
2026-08-01 20:45:00,0.0,0.0,0.0,0.0,0.0,0.0,0.0,0.0,0.0,27.21,27.11,0.28,0.39,20.36,0.0,True,20,45,1,8,5,0.0,0.0,0.0,0.00023372755911170489,0,0,1
2026-08-01 21:00:00,0.0,0.0,0.0,0.0,0.0,0.0,0.0,0.0,0.0,27.16,27.13,0.25,0.38,20.36,0.0,True,21,0,1,8,5,0.0,0.0,0.0,0.00023372755911170489,0,0,1
2026-08-01 21:15:00,0.0,0.0,0.0,0.0,0.0,0.0,0.0,0.0,0.0,27.13,26.93,0.19,0.35,20.36,0.0,True,21,15,1,8,5,0.0,0.0,0.0,0.00023372755911170489,0,0,1
2026-08-01 21:30:00,0.0,0.0,0.0,0.0,0.0,0.0,0.0,0.0,0.0,27.15,27.13,0.31,0.39,20.36,0.0,True,21,30,1,8,5,0.0,0.0,0.0,0.00023372755911170489,0,0,1
2026-08-01 21:45:00,0.0,0.0,0.0,0.0,0.0,0.0,0.0,0.0,0.0,26.87,26.75,0.29,0.38,20.36,0.0,True,21,45,1,8,5,0.0,0.0,0.0,0.00023372755911170489,0,0,1
2026-08-01 22:00:00,0.0,0.0,0.0,0.0,0.0,0.0,0.0,0.0,0.0,26.79,26.71,0.28,0.38,20.36,0.0,True,22,0,1,8,5,0.0,0.0,0.0,0.00023372755911170489,0,0,1
2026-08-01 22:15:00,0.0,0.0,0.0,0.0,0.0,0.0,0.0,0.0,0.0,27.28,27.27,0.34,0.41,20.36,0.0,True,22,15,1,8,5,0.0,0.0,0.0,0.00023372755911170489,0,0,1
2026-08-01 22:30:00,0.0,0.0,0.0,0.0,0.0,0.0,0.0,0.0,0.0,27.5,27.52,0.56,0.39,20.36,0.0,True,22,30,1,8,5,0.0,0.0,0.0,0.00023372755911170489,0,0,1
2026-08-01 22:45:00,0.0,0.0,0.0,0.0,0.0,0.0,0.0,0.0,0.0,27.54,27.49,0.41,0.38,20.36,0.0,True,22,45,1,8,5,0.0,0.0,0.0,0.00023372755911170489,0,0,1
2026-08-01 23:00:00,0.0,0.0,0.0,0.0,0.0,0.0,0.0,0.0,0.0,27.48,27.36,0.26,0.37,20.36,0.0,True,23,0,1,8,5,0.0,0.0,0.0,0.00023372755911170489,0,0,1
2026-08-01 23:15:00,0.0,0.0,0.0,0.0,0.0,0.0,0.0,0.0,0.0,27.6,27.39,0.22,0.37,20.36,0.0,True,23,15,1,8,5,0.0,0.0,0.0,0.00023372755911170489,0,0,1
2026-08-01 23:30:00,0.0,0.0,0.0,0.0,0.0,0.0,0.0,0.0,0.0,27.74,27.49,0.22,0.35,20.36,0.0,True,23,30,1,8,5,0.0,0.0,0.0,0.00023372755911170489,0,0,1
2026-08-01 23:45:00,0.0,0.0,0.0,0.0,0.0,0.0,0.0,0.0,0.0,27.3,26.99,0.24,0.36,20.36,0.0,True,23,45,1,8,5,0.0,0.0,0.0,0.00023372755911170489,0,0,1
2026-08-02 00:15:00,0.0,0.0,0.0,0.0,0.0,0.0,0.0,0.0,0.0,27.89,27.75,0.3,0.45,0.0,0.0,True,0,15,2,8,6,0.0,0.0,0.0,0.0,0,1,0
2026-08-02 00:30:00,0.0,0.0,0.0,0.0,0.0,0.0,0.0,0.0,0.0,27.27,27.14,0.22,0.4,0.0,0.0,True,0,30,2,8,6,0.0,0.0,0.0,0.0,0,1,0
2026-08-02 00:45:00,0.0,0.0,0.0,0.0,0.0,0.0,0.0,0.0,0.0,27.31,27.26,0.27,0.42,0.0,0.0,True,0,45,2,8,6,0.0,0.0,0.0,0.0,0,1,0
2026-08-02 01:00:00,0.0,0.0,0.0,0.0,0.0,0.0,0.0,0.0,0.0,27.13,27.1,0.38,0.4,0.0,0.0,True,1,0,2,8,6,0.0,0.0,0.0,0.0,0,1,0
2026-08-02 01:15:00,0.0,0.0,0.0,0.0,0.0,0.0,0.0,0.0,0.0,27.28,27.09,0.86,0.48,0.0,0.0,True,1,15,2,8,6,0.0,0.0,0.0,0.0,0,1,0
2026-08-02 01:30:00,0.0,0.0,0.0,0.0,0.0,0.0,0.0,0.0,0.0,26.75,26.68,0.29,0.41,0.0,0.0,True,1,30,2,8,6,0.0,0.0,0.0,0.0,0,1,0
2026-08-02 01:45:00,0.0,0.0,0.0,0.0,0.0,0.0,0.0,0.0,0.0,26.27,26.23,0.33,0.43,0.0,0.0,True,1,45,2,8,6,0.0,0.0,0.0,0.0,0,1,0
2026-08-02 02:00:00,0.0,0.0,0.0,0.0,0.0,0.0,0.0,0.0,0.0,26.73,26.76,0.31,0.46,0.0,0.0,True,2,0,2,8,6,0.0,0.0,0.0,0.0,0,1,0
2026-08-02 02:15:00,0.0,0.0,0.0,0.0,0.0,0.0,0.0,0.0,0.0,26.4,26.38,0.22,0.4,0.0,0.0,True,2,15,2,8,6,0.0,0.0,0.0,0.0,0,1,0
2026-08-02 02:30:00,0.0,0.0,0.0,0.0,0.0,0.0,0.0,0.0,0.0,26.27,26.28,0.36,0.48,0.0,0.0,True,2,30,2,8,6,0.0,0.0,0.0,0.0,0,1,0
2026-08-02 02:45:00,0.0,0.0,0.0,0.0,0.0,0.0,0.0,0.0,0.0,26.03,25.91,0.19,0.36,0.0,0.0,True,2,45,2,8,6,0.0,0.0,0.0,0.0,0,1,0
2026-08-02 03:00:00,0.0,0.0,0.0,0.0,0.0,0.0,0.0,0.0,0.0,26.52,26.48,0.26,0.42,0.0,0.0,True,3,0,2,8,6,0.0,0.0,0.0,0.0,0,1,0
2026-08-02 03:15:00,0.0,0.0,0.0,0.0,0.0,0.0,0.0,0.0,0.0,25.49,25.34,0.26,0.38,0.0,0.0,True,3,15,2,8,6,0.0,0.0,0.0,0.0,0,1,0
2026-08-02 03:30:00,0.0,0.0,0.0,0.0,0.0,0.0,0.0,0.0,0.0,25.74,25.64,0.37,0.46,0.0,0.0,True,3,30,2,8,6,0.0,0.0,0.0,0.0,0,1,0
2026-08-02 03:45:00,0.0,0.0,0.0,0.0,0.0,0.0,0.0,0.0,0.0,25.7,25.64,0.36,0.45,0.0,0.0,True,3,45,2,8,6,0.0,0.0,0.0,0.0,0,1,0
2026-08-02 04:00:00,0.0,0.0,0.0,0.0,0.0,0.0,0.0,0.0,0.0,26.21,26.19,0.29,0.43,0.0,0.0,True,4,0,2,8,6,0.0,0.0,0.0,0.0,0,1,0
2026-08-02 04:15:00,0.0,0.0,0.0,0.0,0.0,0.0,0.0,0.0,0.0,26.08,26.03,0.3,0.44,0.0,0.0,True,4,15,2,8,6,0.0,0.0,0.0,0.0,0,1,0
2026-08-02 04:30:00,0.0,0.0,0.0,0.0,0.0,0.0,0.0,0.0,0.0,25.96,25.95,0.27,0.43,0.0,0.0,True,4,30,2,8,6,0.0,0.0,0.0,0.0,0,1,0
2026-08-02 04:45:00,0.0,0.0,0.0,0.0,0.0,0.0,0.0,0.0,0.0,25.77,25.7,0.32,0.43,0.0,0.0,True,4,45,2,8,6,0.0,0.0,0.0,0.0,0,1,0
2026-08-02 05:00:00,0.0,0.0,0.0,0.0,0.0,0.0,0.0,0.0,0.0,25.74,25.69,0.4,0.49,0.0,0.0,True,5,0,2,8,6,0.0,0.0,0.0,0.0,0,1,0
2026-08-02 05:15:00,0.0,0.0,0.0,0.0,0.0,0.0,0.0,0.0,0.0,26.4,26.36,0.35,0.46,0.0,0.0,True,5,15,2,8,6,0.0,0.0,0.0,0.0,0,1,0
2026-08-02 05:30:00,0.0,0.0,0.0,0.0,0.0,0.0,0.0,0.0,0.0,25.8,25.75,0.37,0.47,0.0,0.0,True,5,30,2,8,6,0.0,0.0,0.0,0.0,0,1,0
2026-08-02 05:45:00,0.0,0.0,0.0,0.0,0.0,0.0,0.0,0.0,0.0,26.06,26.02,0.31,0.44,0.0,0.0,True,5,45,2,8,6,0.0,0.0,0.0,0.0,0,1,0
2026-08-02 06:00:00,0.0,0.0,0.0,0.0,0.0,0.0,0.0,0.0,0.0,26.28,26.37,0.46,0.45,0.0,0.0,True,6,0,2,8,6,0.0,0.0,0.0,0.0,0,1,0
2026-08-02 06:15:00,0.0,0.0,0.0,0.0,0.0,0.0,0.0,0.0,0.0,26.39,26.33,2.22,1.54,0.0,0.0,True,6,15,2,8,6,0.0,0.0,0.0,0.0,0,1,0
2026-08-02 06:30:00,3.38,0.0,0.0,0.0,0.0,10.51,10.87,0.0,0.0,26.48,26.43,5.97,5.23,0.0,5.18,True,6,30,2,8,6,0.0,0.0,1.1266666666666667,1.9514439098609349,0,1,0
2026-08-02 06:45:00,65.95,25.42,26.22,23.26,24.0,26.3,27.14,0.0,0.0,26.55,26.67,12.27,11.15,0.0,49.13,True,6,45,2,8,6,3.38,0.0,23.11,37.13899971727833,0,1,0
2026-08-02 07:00:00,156.05,41.54,42.83,42.94,44.28,40.73,42.01,0.0,0.0,26.42,26.37,18.19,16.73,0.02,78.4,True,7,0,2,8,6,65.95,3.38,75.12666666666667,76.74757737761716,0,1,0
2026-08-02 07:15:00,267.79,69.14,71.16,71.55,73.61,67.73,69.72,0.0,0.0,26.81,26.88,28.85,26.25,0.05,84.95,True,7,15,2,8,6,156.05,65.95,163.26333333333335,101.1131570733173,1,1,0
2026-08-02 07:30:00,465.38,118.46,120.96,122.82,125.36,114.63,117.1,0.0,0.0,27.17,27.17,47.32,44.52,0.1,90.15,True,7,30,2,8,6,267.79,156.05,296.4066666666667,156.63795016959756,1,1,0
2026-08-02 07:45:00,725.97,183.17,186.99,189.29,193.25,173.81,177.34,0.0,0.0,27.59,27.73,71.86,68.17,0.17,92.76,True,7,45,2,8,6,465.38,267.79,486.38000000000005,229.8107440917417,1,1,0
2026-08-02 08:00:00,878.45,220.15,225.03,229.28,234.18,215.03,219.9,0.0,0.0,27.48,27.57,89.17,85.41,0.26,90.42,True,8,0,2,8,6,725.97,465.38,689.9333333333334,208.87959984961026,1,1,0
2026-08-02 08:15:00,1095.39,274.79,280.15,287.32,292.81,264.59,269.83,0.0,0.0,28.6,28.84,108.58,104.82,0.38,93.01,True,8,15,2,8,6,878.45,725.97,899.9366666666668,185.6449345749388,1,1,0
2026-08-02 08:30:00,1552.73,387.64,394.55,402.65,409.75,378.31,385.1,0.0,0.0,30.19,30.27,155.08,150.94,0.54,92.91,True,8,30,2,8,6,1095.39,878.45,1175.5233333333333,344.2083568615575,1,1,0
2026-08-02 08:45:00,1866.95,464.89,472.74,480.47,488.5,457.43,465.2,0.0,0.0,32.23,32.86,186.47,182.61,0.73,93.68,True,8,45,2,8,6,1552.73,1095.39,1505.0233333333333,387.98602156950625,1,1,0
2026-08-02 09:00:00,1961.63,488.31,496.44,502.38,510.69,483.1,491.16,0.0,0.0,33.66,34.35,199.37,196.79,0.93,92.61,True,9,0,2,8,6,1866.95,1552.73,1793.7700000000002,214.04739381735095,1,1,0
2026-08-02 09:15:00,2262.18,562.48,571.77,579.03,588.59,556.63,565.81,0.0,0.0,34.36,35.09,227.72,225.89,1.17,93.78,True,9,15,2,8,6,1961.63,1866.95,2030.2533333333333,206.35784364383497,1,1,0
2026-08-02 09:30:00,2573.63,639.59,650.09,657.1,667.84,634.26,644.69,0.0,0.0,35.59,36.26,261.29,255.17,1.43,93.46,True,9,30,2,8,6,2262.18,1961.63,2265.8133333333335,306.0161774046163,1,1,0
2026-08-02 09:45:00,2757.93,684.7,695.8,702.73,714.06,679.93,690.98,0.0,0.0,37.25,38.07,281.66,280.19,1.72,93.56,True,9,45,2,8,6,2573.63,2262.18,2531.2466666666664,250.57788376737037,1,1,0
2026-08-02 10:00:00,2885.17,716.91,728.42,736.83,748.58,710.89,722.32,0.0,0.0,37.54,38.27,293.75,293.06,2.02,93.96,True,10,0,2,8,6,2757.93,2573.63,2738.91,156.63847930824824,1,1,0
2026-08-02 10:15:00,3016.29,749.44,761.37,772.5,784.82,741.58,753.39,0.0,0.0,37.84,38.53,307.37,307.26,2.34,94.0,True,10,15,2,8,6,2885.17,2757.93,2886.463333333333,129.18485566556916,1,1,0
2026-08-02 10:30:00,3275.89,816.66,829.8,847.62,861.35,800.46,813.3,0.0,0.0,38.18,38.74,333.32,331.26,2.67,94.28,True,10,30,2,8,6,3016.29,2885.17,3059.1166666666663,198.84949618576866,1,1,0
2026-08-02 10:45:00,3786.96,943.7,959.28,989.37,1005.85,916.0,931.04,0.0,0.0,39.13,39.58,383.7,379.2,3.06,95.05,True,10,45,2,8,6,3275.89,3016.29,3359.713333333333,392.11328163342614,1,1,0
2026-08-02 11:00:00,4753.64,1170.53,1190.82,1214.01,1235.25,1181.67,1202.28,0.0,0.0,41.42,41.81,494.97,487.12,3.56,93.4,True,11,0,2,8,6,3786.96,3275.89,3938.83,750.4895990618407,1,1,0
2026-08-02 11:15:00,6333.01,1548.33,1577.76,1581.76,1612.07,1637.92,1669.83,0.0,0.0,46.37,47.33,696.18,688.35,4.2,90.39,True,11,15,2,8,6,4753.64,3786.96,4957.87,1285.2529207513996,1,1,0
2026-08-02 11:30:00,6085.44,1514.85,1543.43,1564.35,1594.25,1474.13,1501.71,0.0,0.0,49.31,49.98,709.46,705.85,4.81,86.34,True,11,30,2,8,6,6333.01,4753.64,5724.03,849.4499928188851,1,1,0
2026-08-02 11:45:00,5882.4,1462.35,1489.58,1478.98,1506.63,1440.58,1467.32,0.0,0.0,47.64,48.11,654.43,651.72,5.46,89.81,True,11,45,2,8,6,6085.44,6333.01,6100.283333333333,225.67141253011658,1,1,0
2026-08-02 12:00:00,5265.81,1295.33,1318.4,1337.8,1361.87,1311.58,1335.1,0.0,0.0,46.85,47.32,582.53,575.66,6.01,90.0,True,12,0,2,8,6,5882.4,6085.44,5744.549999999999,426.8492721090242,1,0,1
2026-08-02 12:15:00,4289.48,1061.95,1079.9,1099.54,1118.27,1058.43,1076.31,0.0,0.0,44.07,44.43,441.31,441.73,6.46,95.61,True,12,15,2,8,6,5265.81,5882.4,5145.8966666666665,803.2016790528623,1,0,1
2026-08-02 12:30:00,3895.62,960.65,976.56,995.73,1012.33,967.07,983.1,0.0,0.0,41.78,42.08,393.53,394.37,6.87,96.43,True,12,30,2,8,6,4289.48,5265.81,4483.636666666666,705.4273651009989,1,0,1
2026-08-02 12:45:00,4262.25,1052.56,1070.31,1091.9,1110.45,1053.87,1071.64,0.0,0.0,41.16,41.22,431.59,431.52,7.3,95.94,True,12,45,2,8,6,3895.62,4289.48,4149.116666666666,219.95633256021117,1,0,1
2026-08-02 13:00:00,4143.33,1027.59,1044.84,1074.11,1092.3,1020.31,1037.41,0.0,0.0,42.7,43.39,430.87,429.09,7.74,94.04,True,13,0,2,8,6,4262.25,3895.62,4100.4,187.0471274839712,1,0,1
2026-08-02 13:15:00,3715.0,917.59,932.66,960.05,975.95,909.41,924.32,0.0,0.0,41.88,42.36,387.87,384.08,8.13,93.33,True,13,15,2,8,6,4143.33,4262.25,4040.1933333333327,287.83418774241954,1,0,1
2026-08-02 13:30:00,3654.67,902.08,916.85,956.85,972.69,892.25,906.86,0.0,0.0,40.92,41.09,374.62,369.65,8.51,94.68,True,13,30,2,8,6,3715.0,4143.33,3837.6666666666665,266.425378358254,1,0,1
2026-08-02 13:45:00,4757.76,1180.25,1200.75,1304.5,1327.91,1099.08,1117.83,0.0,0.0,43.16,43.41,478.12,474.27,8.98,97.51,True,13,45,2,8,6,3654.67,3715.0,4042.476666666667,620.1875623013885,1,0,1
2026-08-02 14:00:00,7181.17,1778.95,1815.13,1813.06,1850.2,1807.35,1844.15,0.0,0.0,50.36,51.57,846.9,841.12,9.73,85.75,True,14,0,2,8,6,4757.76,3654.67,5197.866666666666,1803.973661402332,1,0,1
2026-08-02 14:15:00,7772.68,1958.79,1999.97,1956.64,1998.06,1910.36,1950.16,0.0,0.0,56.58,58.34,892.36,888.09,10.55,90.59,True,14,15,2,8,6,7181.17,4757.76,6570.536666666667,1597.5263542218424,1,0,1
2026-08-02 14:30:00,3771.63,861.78,875.96,853.75,867.76,1064.91,1083.56,0.0,0.0,53.53,54.62,494.82,486.65,10.95,78.18,True,14,30,2,8,6,7772.68,7181.17,6241.826666666667,2159.600587847978,1,0,1
2026-08-02 14:45:00,4804.57,1224.25,1247.54,1291.86,1316.82,1133.71,1154.82,0.0,0.0,44.4,44.77,526.96,525.81,11.43,89.82,True,14,45,2,8,6,3771.63,7772.68,5449.626666666666,2077.0589430811383,1,0,1
2026-08-02 15:00:00,5398.03,1372.01,1397.79,1484.09,1512.83,1173.86,1194.55,0.0,0.0,49.19,49.74,617.09,612.14,12.0,88.0,True,15,0,2,8,6,4804.57,3771.63,4658.076666666667,823.0367321896018,1,0,1
2026-08-02 15:15:00,5355.53,1239.23,1261.65,1442.05,1469.51,1322.98,1347.76,0.0,0.0,50.39,51.69,617.92,614.8,12.56,87.66,True,15,15,2,8,6,5398.03,4804.57,5186.043333333332,331.0483205414839,1,0,1
2026-08-02 15:30:00,4251.08,1048.41,1067.98,1059.95,1079.8,1052.91,1072.54,0.0,0.0,45.82,47.1,456.4,460.54,12.98,92.33,True,15,30,2,8,6,5355.53,5398.03,5001.546666666666,650.2705020476765,1,0,1
2026-08-02 15:45:00,5532.26,1380.44,1405.49,1427.41,1453.65,1335.31,1359.34,0.0,0.0,49.37,50.27,628.83,634.23,13.55,88.58,True,15,45,2,8,6,4251.08,5355.53,5046.29,694.3180692593303,1,0,1
2026-08-02 16:00:00,5030.39,1248.15,1270.04,1286.22,1308.98,1232.96,1254.49,0.0,0.0,49.67,50.25,567.44,570.03,14.09,89.38,True,16,0,2,8,6,5532.26,4251.08,4937.91,645.5772307787848,1,0,1
2026-08-02 16:15:00,4501.84,1122.44,1141.63,1149.72,1169.47,1115.37,1134.41,0.0,0.0,48.23,48.71,518.01,521.7,14.56,87.06,True,16,15,2,8,6,5030.39,5532.26,5021.496666666666,515.2675641192038,1,0,1
2026-08-02 16:30:00,3735.45,896.95,912.02,899.8,915.14,985.78,1002.27,0.0,0.0,47.09,48.25,433.57,439.0,14.95,85.87,True,16,30,2,8,6,4501.84,5030.39,4422.56,651.100137997224,1,0,1
2026-08-02 16:45:00,3310.5,807.03,820.33,783.3,796.34,853.59,867.5,0.0,0.0,44.47,45.54,364.7,366.92,15.28,89.45,True,16,45,2,8,6,3735.45,4501.84,3849.263333333333,603.7697036398364,1,0,1
2026-08-02 17:00:00,1990.21,500.8,509.3,542.63,551.76,457.48,465.33,0.0,0.0,41.68,42.37,232.28,238.79,15.5,83.42,True,17,0,2,8,6,3310.5,3735.45,3012.0533333333333,910.0925634424958,1,0,1
2026-08-02 17:15:00,2542.0,636.32,646.72,654.62,665.3,613.16,623.21,0.0,0.0,39.82,40.35,298.19,305.38,15.77,82.34,True,17,15,2,8,6,1990.21,3310.5,2614.236666666666,663.1025735384628,1,0,1
2026-08-02 17:30:00,1757.73,443.14,450.75,449.82,457.51,420.77,428.09,0.0,0.0,38.42,38.76,214.46,221.21,15.95,78.7,True,17,30,2,8,6,2542.0,1990.21,2096.646666666666,402.8230768381213,1,0,1
2026-08-02 17:45:00,1341.15,336.04,342.24,344.44,350.75,324.52,330.55,0.0,0.0,37.31,37.84,166.44,173.47,16.09,77.01,True,17,45,2,8,6,1757.73,2542.0,1880.293333333333,609.7347854873709,1,0,1
2026-08-02 18:00:00,926.27,232.36,237.28,233.67,238.62,227.47,232.37,0.0,0.0,35.84,36.27,120.36,126.48,16.2,73.1,True,18,0,2,8,6,1341.15,1757.73,1341.7166666666665,415.7302896510294,1,0,1
2026-08-02 18:15:00,507.52,128.31,132.0,132.07,135.84,125.84,129.5,0.0,0.0,33.54,33.68,64.17,68.11,16.25,74.41,True,18,15,2,8,6,926.27,1341.15,924.9799999999997,416.81649715431655,1,0,1
2026-08-02 18:30:00,218.85,57.22,59.04,59.15,61.02,57.37,59.19,0.0,0.0,32.01,32.18,27.31,30.29,16.27,74.91,True,18,30,2,8,6,507.52,926.27,550.8799999999997,355.6976683926862,1,0,1
2026-08-02 18:45:00,58.25,16.05,16.62,16.17,16.73,15.99,16.55,0.0,0.0,30.05,30.13,7.27,7.43,16.28,63.95,True,18,45,2,8,6,218.85,507.52,261.5399999999997,227.6570014297661,0,0,1
2026-08-02 19:00:00,0.0,0.56,0.61,0.7,0.73,0.57,0.61,0.0,0.0,28.92,28.94,0.04,0.2,16.28,0.0,True,19,0,2,8,6,58.25,218.85,92.36666666666638,113.34368457627177,0,0,1
2026-08-02 19:15:00,0.0,0.0,0.0,0.0,0.0,0.0,0.0,0.0,0.0,28.23,28.2,0.06,0.23,16.28,0.0,True,19,15,2,8,6,0.0,58.25,19.416666666666362,33.63065318017455,0,0,1
2026-08-02 19:30:00,0.0,0.0,0.0,0.0,0.0,0.0,0.0,0.0,0.0,27.76,27.73,0.1,0.27,16.28,0.0,True,19,30,2,8,6,0.0,0.0,0.0,0.0,0,0,1
2026-08-02 19:45:00,0.0,0.0,0.0,0.0,0.0,0.0,0.0,0.0,0.0,27.49,27.43,0.18,0.32,16.28,0.0,True,19,45,2,8,6,0.0,0.0,0.0,0.0,0,0,1
2026-08-02 20:00:00,0.0,0.0,0.0,0.0,0.0,0.0,0.0,0.0,0.0,27.4,27.48,0.2,0.34,16.28,0.0,True,20,0,2,8,6,0.0,0.0,0.0,0.0,0,0,1
2026-08-02 20:15:00,0.0,0.0,0.0,0.0,0.0,0.0,0.0,0.0,0.0,0.0,0.0,0.0,0.0,16.28,0.0,True,20,15,2,8,6,0.0,0.0,0.0,0.0,0,0,1
2026-08-02 20:30:00,0.0,0.0,0.0,0.0,0.0,0.0,0.0,0.0,0.0,27.01,26.83,0.26,0.38,16.28,0.0,True,20,30,2,8,6,0.0,0.0,0.0,0.0,0,0,1
2026-08-02 20:45:00,0.0,0.0,0.0,0.0,0.0,0.0,0.0,0.0,0.0,0.0,0.0,0.0,0.0,16.28,0.0,True,20,45,2,8,6,0.0,0.0,0.0,0.0,0,0,1
2026-08-02 21:00:00,0.0,0.0,0.0,0.0,0.0,0.0,0.0,0.0,0.0,0.0,0.0,0.0,0.0,16.28,0.0,True,21,0,2,8,6,0.0,0.0,0.0,0.0,0,0,1
2026-08-02 21:15:00,0.0,0.0,0.0,0.0,0.0,0.0,0.0,0.0,0.0,0.0,0.0,0.0,0.0,16.28,0.0,True,21,15,2,8,6,0.0,0.0,0.0,0.0,0,0,1
2026-08-02 21:30:00,0.0,0.0,0.0,0.0,0.0,0.0,0.0,0.0,0.0,0.0,0.0,0.0,0.0,16.28,0.0,True,21,30,2,8,6,0.0,0.0,0.0,0.0,0,0,1
2026-08-02 21:45:00,0.0,0.0,0.0,0.0,0.0,0.0,0.0,0.0,0.0,26.76,26.62,0.27,0.39,16.28,0.0,True,21,45,2,8,6,0.0,0.0,0.0,0.0,0,0,1
2026-08-02 22:00:00,0.0,0.0,0.0,0.0,0.0,0.0,0.0,0.0,0.0,26.73,26.65,0.32,0.41,16.28,0.0,True,22,0,2,8,6,0.0,0.0,0.0,0.0,0,0,1
2026-08-02 22:15:00,0.0,0.0,0.0,0.0,0.0,0.0,0.0,0.0,0.0,26.77,26.77,0.24,0.37,16.28,0.0,True,22,15,2,8,6,0.0,0.0,0.0,0.0,0,0,1
2026-08-02 22:30:00,0.0,0.0,0.0,0.0,0.0,0.0,0.0,0.0,0.0,26.55,26.48,0.25,0.38,16.28,0.0,True,22,30,2,8,6,0.0,0.0,0.0,0.0,0,0,1
2026-08-02 22:45:00,0.0,0.0,0.0,0.0,0.0,0.0,0.0,0.0,0.0,26.59,26.55,0.36,0.43,16.28,0.0,True,22,45,2,8,6,0.0,0.0,0.0,0.0,0,0,1
2026-08-02 23:00:00,0.0,0.0,0.0,0.0,0.0,0.0,0.0,0.0,0.0,26.52,26.44,0.3,0.4,16.28,0.0,True,23,0,2,8,6,0.0,0.0,0.0,0.0,0,0,1
2026-08-02 23:15:00,0.0,0.0,0.0,0.0,0.0,0.0,0.0,0.0,0.0,26.77,26.72,0.35,0.43,16.28,0.0,True,23,15,2,8,6,0.0,0.0,0.0,0.0,0,0,1
2026-08-02 23:30:00,0.0,0.0,0.0,0.0,0.0,0.0,0.0,0.0,0.0,26.46,26.39,0.31,0.42,16.28,0.0,True,23,30,2,8,6,0.0,0.0,0.0,0.0,0,0,1
2026-08-02 23:45:00,0.0,0.0,0.0,0.0,0.0,0.0,0.0,0.0,0.0,26.52,26.46,0.33,0.42,16.28,0.0,True,23,45,2,8,6,0.0,0.0,0.0,0.0,0,0,1
2026-08-03 00:15:00,0.0,0.0,0.0,0.0,0.0,0.0,0.0,0.0,0.0,26.53,26.45,0.29,0.41,0.0,0.0,True,0,15,3,8,0,0.0,0.0,0.0,0.0,0,1,0
2026-08-03 00:30:00,0.0,0.0,0.0,0.0,0.0,0.0,0.0,0.0,0.0,26.54,26.5,0.28,0.4,0.0,0.0,True,0,30,3,8,0,0.0,0.0,0.0,0.0,0,1,0
2026-08-03 00:45:00,0.0,0.0,0.0,0.0,0.0,0.0,0.0,0.0,0.0,26.77,26.71,0.3,0.42,0.0,0.0,True,0,45,3,8,0,0.0,0.0,0.0,0.0,0,1,0
2026-08-03 01:00:00,0.0,0.0,0.0,0.0,0.0,0.0,0.0,0.0,0.0,27.11,27.04,0.25,0.38,0.0,0.0,True,1,0,3,8,0,0.0,0.0,0.0,0.0,0,1,0
2026-08-03 01:15:00,0.0,0.0,0.0,0.0,0.0,0.0,0.0,0.0,0.0,27.02,26.95,0.4,0.43,0.0,0.0,True,1,15,3,8,0,0.0,0.0,0.0,0.0,0,1,0
2026-08-03 01:30:00,0.0,0.0,0.0,0.0,0.0,0.0,0.0,0.0,0.0,27.34,27.33,0.3,0.41,0.0,0.0,True,1,30,3,8,0,0.0,0.0,0.0,0.0,0,1,0
2026-08-03 01:45:00,0.0,0.0,0.0,0.0,0.0,0.0,0.0,0.0,0.0,27.77,27.83,0.24,0.39,0.0,0.0,True,1,45,3,8,0,0.0,0.0,0.0,0.0,0,1,0
2026-08-03 02:00:00,0.0,0.0,0.0,0.0,0.0,0.0,0.0,0.0,0.0,27.39,27.42,0.41,0.41,0.0,0.0,True,2,0,3,8,0,0.0,0.0,0.0,0.0,0,1,0
2026-08-03 02:15:00,0.0,0.0,0.0,0.0,0.0,0.0,0.0,0.0,0.0,27.16,27.27,0.52,0.39,0.0,0.0,True,2,15,3,8,0,0.0,0.0,0.0,0.0,0,1,0
2026-08-03 02:30:00,0.0,0.0,0.0,0.0,0.0,0.0,0.0,0.0,0.0,27.13,27.1,0.46,0.39,0.0,0.0,True,2,30,3,8,0,0.0,0.0,0.0,0.0,0,1,0
2026-08-03 02:45:00,0.0,0.0,0.0,0.0,0.0,0.0,0.0,0.0,0.0,27.13,27.0,0.27,0.37,0.0,0.0,True,2,45,3,8,0,0.0,0.0,0.0,0.0,0,1,0
2026-08-03 03:00:00,0.0,0.0,0.0,0.0,0.0,0.0,0.0,0.0,0.0,26.82,26.72,0.23,0.36,0.0,0.0,True,3,0,3,8,0,0.0,0.0,0.0,0.0,0,1,0
2026-08-03 03:15:00,0.0,0.0,0.0,0.0,0.0,0.0,0.0,0.0,0.0,26.18,26.21,0.44,0.41,0.0,0.0,True,3,15,3,8,0,0.0,0.0,0.0,0.0,0,1,0
2026-08-03 03:30:00,0.0,0.0,0.0,0.0,0.0,0.0,0.0,0.0,0.0,26.37,26.43,0.52,0.45,0.0,0.0,True,3,30,3,8,0,0.0,0.0,0.0,0.0,0,1,0
2026-08-03 03:45:00,0.0,0.0,0.0,0.0,0.0,0.0,0.0,0.0,0.0,25.98,26.01,0.53,0.46,0.0,0.0,True,3,45,3,8,0,0.0,0.0,0.0,0.0,0,1,0
2026-08-03 04:00:00,0.0,0.0,0.0,0.0,0.0,0.0,0.0,0.0,0.0,25.96,26.01,0.56,0.48,0.0,0.0,True,4,0,3,8,0,0.0,0.0,0.0,0.0,0,1,0
2026-08-03 04:15:00,0.0,0.0,0.0,0.0,0.0,0.0,0.0,0.0,0.0,25.35,25.27,0.45,0.42,0.0,0.0,True,4,15,3,8,0,0.0,0.0,0.0,0.0,0,1,0
2026-08-03 04:30:00,0.0,0.0,0.0,0.0,0.0,0.0,0.0,0.0,0.0,25.86,25.94,0.52,0.49,0.0,0.0,True,4,30,3,8,0,0.0,0.0,0.0,0.0,0,1,0
2026-08-03 04:45:00,0.0,0.0,0.0,0.0,0.0,0.0,0.0,0.0,0.0,25.85,25.89,0.54,0.5,0.0,0.0,True,4,45,3,8,0,0.0,0.0,0.0,0.0,0,1,0
2026-08-03 05:00:00,0.0,0.0,0.0,0.0,0.0,0.0,0.0,0.0,0.0,25.89,25.99,0.51,0.48,0.0,0.0,True,5,0,3,8,0,0.0,0.0,0.0,0.0,0,1,0
2026-08-03 05:15:00,0.0,0.0,0.0,0.0,0.0,0.0,0.0,0.0,0.0,25.75,25.53,0.49,0.47,0.0,0.0,True,5,15,3,8,0,0.0,0.0,0.0,0.0,0,1,0
2026-08-03 05:30:00,0.0,0.0,0.0,0.0,0.0,0.0,0.0,0.0,0.0,25.76,25.8,0.4,0.47,0.0,0.0,True,5,30,3,8,0,0.0,0.0,0.0,0.0,0,1,0
2026-08-03 05:45:00,0.0,0.0,0.0,0.0,0.0,0.0,0.0,0.0,0.0,25.9,25.94,0.61,0.51,0.0,0.0,True,5,45,3,8,0,0.0,0.0,0.0,0.0,0,1,0
2026-08-03 06:00:00,0.0,0.0,0.0,0.0,0.0,0.0,0.0,0.0,0.0,25.94,25.93,3.42,2.91,0.0,0.0,True,6,0,3,8,0,0.0,0.0,0.0,0.0,0,1,0
2026-08-03 06:15:00,3.04,0.0,0.0,0.0,0.0,0.0,0.0,0.0,0.0,25.88,25.89,8.54,7.96,0.0,3.25,True,6,15,3,8,0,0.0,0.0,1.0133333333333334,1.7551448183364622,0,1,0
2026-08-03 06:30:00,18.08,0.0,0.0,0.0,0.0,9.53,9.83,0.0,0.0,26.17,26.21,11.5,10.8,0.0,14.36,True,6,30,3,8,0,3.04,0.0,7.039999999999999,9.68099168473974,0,1,0
2026-08-03 06:45:00,149.01,37.53,38.6,32.03,32.91,53.56,55.14,0.0,0.0,26.26,26.26,24.19,23.65,0.02,56.26,True,6,45,3,8,0,18.08,3.04,56.71,80.28709672170241,1,1,0
2026-08-03 07:00:00,433.53,109.89,112.33,112.76,115.21,109.04,111.47,0.0,0.0,26.99,27.1,47.84,47.6,0.06,83.01,True,7,0,3,8,0,149.01,18.08,200.20666666666668,212.4040951425686,1,1,0
2026-08-03 07:15:00,704.74,172.69,176.37,182.93,186.77,178.41,182.13,0.0,0.0,27.12,27.23,74.05,72.55,0.14,87.22,True,7,15,3,8,0,433.53,149.01,429.0933333333333,277.8915638038214,1,1,0
2026-08-03 07:30:00,1068.79,266.06,271.26,279.26,284.63,260.97,266.12,0.0,0.0,28.24,28.21,110.8,107.76,0.24,88.81,True,7,30,3,8,0,704.74,433.53,735.6866666666666,318.75866895401185,1,1,0
2026-08-03 07:45:00,1554.95,387.03,393.92,408.29,415.46,378.02,384.8,0.0,0.0,29.24,29.17,158.76,154.41,0.4,90.54,True,7,45,3,8,0,1068.79,704.74,1109.4933333333333,426.56398351634584,1,1,0
2026-08-03 08:00:00,1812.51,452.53,460.24,482.27,490.37,435.94,443.46,0.0,0.0,31.78,31.69,187.51,182.55,0.6,90.28,True,8,0,3,8,0,1554.95,1068.79,1478.75,377.6700803611534,1,1,0
2026-08-03 08:15:00,1945.4,483.93,492.02,509.65,518.11,471.54,479.47,0.0,0.0,33.33,33.54,205.54,201.05,0.79,88.97,True,8,15,3,8,0,1812.51,1554.95,1770.9533333333331,198.5145285195353,1,1,0
2026-08-03 08:30:00,2215.43,549.29,558.35,570.83,580.25,546.88,555.91,0.0,0.0,34.99,35.46,232.58,227.94,1.02,90.16,True,8,30,3,8,0,1945.4,1812.51,1991.1133333333335,205.31296411413817,1,1,0
2026-08-03 08:45:00,2776.58,695.28,706.59,710.56,722.09,682.89,694.0,0.0,0.0,36.37,36.84,283.5,280.44,1.31,93.24,True,8,45,3,8,0,2215.43,1945.4,2312.47,424.00190954758693,1,1,0
2026-08-03 09:00:00,4958.07,1212.66,1234.29,1385.07,1410.64,1174.08,1194.8,0.0,0.0,39.36,40.21,507.79,503.82,1.81,94.13,True,9,0,3,8,0,2776.58,2215.43,3316.693333333333,1448.8997039247863,1,1,0
2026-08-03 09:15:00,6257.57,1538.94,1568.08,1623.67,1655.08,1543.98,1573.24,0.0,0.0,44.83,45.92,699.4,699.07,2.47,88.31,True,9,15,3,8,0,4958.07,2776.58,4664.073333333333,1759.019151411756,1,1,0
2026-08-03 09:30:00,6624.95,1656.67,1689.0,1702.21,1735.88,1647.51,1679.57,0.0,0.0,47.68,48.77,750.01,749.62,3.15,88.27,True,9,30,3,8,0,6257.57,4958.07,5946.863333333334,875.8003243510104,1,1,0
2026-08-03 09:45:00,6489.66,1582.14,1612.56,1535.6,1565.52,1701.15,1734.71,0.0,0.0,48.58,49.3,741.38,742.28,3.81,87.83,True,9,45,3,8,0,6624.95,6257.57,6457.393333333333,185.8033084563767,1,1,0
2026-08-03 10:00:00,7118.28,1758.52,1793.8,1757.37,1793.16,1821.88,1858.9,0.0,0.0,50.59,51.18,836.11,840.32,4.56,86.18,True,10,0,3,8,0,6489.66,6624.95,6744.296666666666,330.86779268060565,1,1,0
2026-08-03 10:15:00,7258.41,1870.76,1909.28,1893.27,1932.51,1710.05,1744.11,0.0,0.0,51.43,51.53,891.44,890.83,5.32,82.73,True,10,15,3,8,0,7118.28,6489.66,6955.45,409.4256309758879,1,1,0
2026-08-03 10:30:00,6928.99,1616.66,1648.24,1652.77,1685.18,1936.34,1976.97,0.0,0.0,51.24,51.91,850.29,836.86,6.04,82.73,True,10,30,3,8,0,7258.41,7118.28,7101.893333333333,165.3202233041622,1,1,0
2026-08-03 10:45:00,6221.97,1511.76,1540.41,1577.17,1607.57,1588.04,1618.86,0.0,0.0,50.07,50.69,698.17,683.19,6.66,90.01,True,10,45,3,8,0,6928.99,7258.41,6803.123333333333,529.5599887957322,1,1,0
2026-08-03 11:00:00,6231.96,1461.17,1489.24,1545.39,1575.83,1667.45,1701.18,0.0,0.0,51.29,51.76,731.48,683.91,7.34,86.51,True,11,0,3,8,0,6221.97,6928.99,6460.973333333332,405.34510017185846,1,1,0
2026-08-03 11:15:00,6613.0,1641.97,1674.04,1703.58,1737.4,1662.71,1695.57,0.0,0.0,49.56,50.06,773.25,766.35,8.02,86.18,True,11,15,3,8,0,6231.96,6221.97,6355.643333333333,222.9333766696534,1,1,0
2026-08-03 11:30:00,7641.49,2070.59,2115.2,2101.24,2146.74,1912.95,1952.82,0.0,0.0,51.98,52.49,967.42,954.12,8.81,80.46,True,11,30,3,8,0,6613.0,6231.96,6828.816666666666,729.1271016999272,1,1,0
2026-08-03 11:45:00,7980.33,1958.98,2000.03,2078.56,2123.16,1985.65,2027.43,0.0,0.0,57.05,57.41,937.85,933.12,9.64,88.69,True,11,45,3,8,0,7641.49,6613.0,7411.606666666667,712.0622110696081,1,1,0
2026-08-03 12:00:00,8345.22,2088.09,2132.94,2185.01,2232.84,2008.11,2050.55,0.0,0.0,56.02,56.38,1006.46,996.96,10.52,86.02,True,12,0,3,8,0,7980.33,7641.49,7989.013333333333,351.94534864569835,1,0,1
2026-08-03 12:15:00,7535.34,2096.19,2141.39,2180.5,2228.32,2202.34,2250.61,0.0,0.0,59.32,59.93,1046.86,1041.06,11.26,75.81,True,12,15,3,8,0,8345.22,7980.33,7953.63,405.5996438608009,1,0,1
2026-08-03 12:30:00,6470.03,2150.28,2197.05,2080.89,2125.93,2034.68,2078.32,0.0,0.0,64.18,64.53,1005.98,994.8,11.96,69.3,True,12,30,3,8,0,7535.34,8345.22,7450.196666666667,940.4899916710116,1,0,1
2026-08-03 12:45:00,5950.84,1953.39,1995.35,1881.33,1921.5,2045.68,2089.88,0.0,0.0,64.34,64.74,1015.91,997.59,12.58,63.17,True,12,45,3,8,0,6470.03,7535.34,6652.07,807.7833767168046,1,0,1
2026-08-03 13:00:00,4245.75,1486.43,1516.26,1582.36,1615.29,1198.38,1220.75,0.0,0.0,58.61,58.63,629.61,635.73,13.02,70.79,True,13,0,3,8,0,5950.84,6470.03,5555.54,1163.6373778372702,1,0,1
2026-08-03 13:15:00,6637.75,2200.41,2248.66,2249.12,2298.94,2200.3,2248.55,0.0,0.0,60.41,60.03,1059.54,1056.52,13.7,66.32,True,13,15,3,8,0,4245.75,5950.84,5611.446666666667,1231.5871370038465,1,0,1
2026-08-03 13:30:00,2719.81,890.9,906.94,911.48,928.29,884.6,900.11,0.0,0.0,56.24,55.55,435.21,435.06,13.99,64.9,True,13,30,3,8,0,6637.75,4245.75,4534.436666666667,1974.8590973872858,1,0,1
2026-08-03 13:45:00,4934.72,1622.8,1656.0,1551.89,1583.69,1820.24,1858.45,0.0,0.0,52.44,53.52,766.17,764.24,14.49,65.74,True,13,45,3,8,0,2719.81,6637.75,4764.093333333333,1964.5352008638906,1,0,1
2026-08-03 14:00:00,5388.58,1732.2,1768.38,1881.99,1922.42,1803.49,1841.41,0.0,0.0,56.7,56.5,835.46,824.22,15.07,67.12,True,14,0,3,8,0,4934.72,2719.81,4347.703333333334,1427.9442403095875,1,0,1
2026-08-03 14:15:00,3721.92,1226.98,1250.9,1181.32,1204.14,1329.97,1356.07,0.0,0.0,49.69,49.11,567.71,564.8,15.44,66.1,True,14,15,3,8,0,5388.58,4934.72,4681.740000000001,861.6484487306838,1,0,1
2026-08-03 14:30:00,4090.68,1256.46,1280.28,1388.78,1416.67,1428.94,1456.41,0.0,0.0,53.63,53.18,622.39,617.63,15.87,67.45,True,14,30,3,8,0,3721.92,5388.58,4400.3933333333325,875.4316938135864,1,0,1
2026-08-03 14:45:00,3125.53,1088.19,1107.01,1133.67,1153.57,990.31,1007.53,0.0,0.0,49.98,50.0,477.75,479.89,16.2,66.05,True,14,45,3,8,0,4090.68,3721.92,3646.043333333333,487.0283174860771,1,0,1
2026-08-03 15:00:00,6319.57,1608.87,1640.41,1731.07,1765.8,1508.74,1537.65,0.0,0.0,50.8,51.73,654.63,657.66,16.83,97.82,True,15,0,3,8,0,3125.53,4090.68,4511.926666666666,1638.1573325029944,1,0,1
2026-08-03 15:15:00,6013.71,1500.94,1529.28,1530.54,1559.71,1490.8,1518.9,0.0,0.0,51.99,52.86,715.85,723.42,17.47,85.58,True,15,15,3,8,0,6319.57,3125.53,5152.936666666666,1762.4332409862598,1,0,1
2026-08-03 15:30:00,4087.95,1043.78,1061.42,1120.66,1139.84,963.88,980.1,0.0,0.0,49.16,50.39,464.49,467.74,17.89,88.53,True,15,30,3,8,0,6013.71,6319.57,5473.743333333333,1209.8367480504694,1,0,1
2026-08-03 15:45:00,4373.31,1060.24,1078.24,1078.53,1097.01,1137.43,1157.06,0.0,0.0,46.86,48.1,479.74,482.42,18.36,90.77,True,15,45,3,8,0,4087.95,6013.71,4824.990000000001,1039.3021751155895,1,0,1
2026-08-03 16:00:00,3238.86,800.51,813.43,825.39,838.74,810.38,823.48,0.0,0.0,44.59,45.23,354.94,354.63,18.7,89.97,True,16,0,3,8,0,4373.31,4087.95,3900.0399999999995,590.1074704661748,1,0,1
2026-08-03 16:15:00,2558.56,632.9,643.27,657.1,667.82,632.23,642.6,0.0,0.0,42.11,42.65,274.66,275.02,18.97,90.87,True,16,15,3,8,0,3238.86,4373.31,3390.2433333333333,916.7971835871425,1,0,1
2026-08-03 16:30:00,2108.61,520.05,528.66,541.08,550.01,519.73,528.33,0.0,0.0,39.9,40.3,223.88,223.74,19.19,91.01,True,16,30,3,8,0,2558.56,3238.86,2635.343333333333,569.0237480398421,1,0,1
2026-08-03 16:45:00,1779.57,440.21,447.78,458.68,466.46,438.92,446.48,0.0,0.0,38.29,38.44,186.13,184.75,19.38,91.75,True,16,45,3,8,0,2108.61,2558.56,2148.913333333333,391.0557812298716,1,0,1
2026-08-03 17:00:00,1653.39,410.35,417.55,427.43,434.85,408.45,415.62,0.0,0.0,37.46,37.74,174.57,172.92,19.55,90.58,True,17,0,3,8,0,1779.57,2108.61,1847.1899999999998,235.02268060757257,1,0,1
2026-08-03 17:15:00,1293.83,320.58,326.55,333.28,339.44,320.22,326.19,0.0,0.0,36.73,37.01,139.76,138.43,19.69,88.26,True,17,15,3,8,0,1653.39,1779.57,1575.5966666666664,252.0410461280063,1,0,1
2026-08-03 17:30:00,1008.98,250.0,255.02,259.71,264.83,250.6,255.63,0.0,0.0,35.31,35.29,109.04,107.67,19.79,87.7,True,17,30,3,8,0,1293.83,1653.39,1318.7333333333331,322.92598847614806,1,0,1
2026-08-03 17:45:00,769.53,191.47,196.18,198.7,203.46,191.54,196.26,0.0,0.0,34.31,34.38,85.42,84.33,19.87,85.02,True,17,45,3,8,0,1008.98,1293.83,1024.113333333333,262.4774006144042,1,0,1
2026-08-03 18:00:00,478.53,119.88,123.5,123.95,127.66,120.91,124.55,0.0,0.0,32.7,32.57,52.24,51.96,19.93,85.88,True,18,0,3,8,0,769.53,1008.98,752.3466666666664,265.6421480738548,1,0,1
2026-08-03 18:15:00,246.45,63.29,65.29,65.74,67.81,63.37,65.37,0.0,0.0,31.53,31.75,28.14,27.8,19.95,81.71,True,18,15,3,8,0,478.53,769.53,498.1699999999997,262.09248138768874,1,0,1
2026-08-03 18:30:00,80.31,22.99,23.77,23.85,24.66,23.22,24.01,0.0,0.0,30.47,30.55,11.46,11.2,19.96,65.12,True,18,30,3,8,0,246.45,478.53,268.42999999999967,200.01783020509382,0,0,1
2026-08-03 18:45:00,7.03,1.68,1.77,1.46,1.53,1.72,1.81,0.0,0.0,29.64,29.8,1.04,1.15,19.96,27.76,True,18,45,3,8,0,80.31,246.45,111.26333333333302,122.67463361789817,0,0,1
2026-08-03 19:00:00,0.0,0.0,0.0,0.0,0.0,0.0,0.0,0.0,0.0,28.66,28.59,0.13,0.27,19.96,0.0,True,19,0,3,8,0,7.03,80.31,29.11333333333303,44.47672687243027,0,0,1
2026-08-03 19:15:00,0.0,0.0,0.0,0.0,0.0,0.0,0.0,0.0,0.0,28.28,28.23,0.14,0.29,19.96,0.0,True,19,15,3,8,0,0.0,7.03,2.3433333333330304,4.0587723863875595,0,0,1
2026-08-03 19:30:00,0.0,0.0,0.0,0.0,0.0,0.0,0.0,0.0,0.0,28.37,28.25,0.17,0.32,19.96,0.0,True,19,30,3,8,0,0.0,0.0,0.0,0.0,0,0,1
2026-08-03 19:45:00,0.0,0.0,0.0,0.0,0.0,0.0,0.0,0.0,0.0,28.32,28.23,0.17,0.32,19.96,0.0,True,19,45,3,8,0,0.0,0.0,0.0,0.0,0,0,1
2026-08-03 20:00:00,0.0,0.0,0.0,0.0,0.0,0.0,0.0,0.0,0.0,27.86,27.75,0.18,0.33,19.96,0.0,True,20,0,3,8,0,0.0,0.0,0.0,0.0,0,0,1
2026-08-03 20:15:00,0.0,0.0,0.0,0.0,0.0,0.0,0.0,0.0,0.0,27.31,27.16,0.23,0.34,19.96,0.0,True,20,15,3,8,0,0.0,0.0,0.0,0.0,0,0,1
2026-08-03 20:30:00,0.0,0.0,0.0,0.0,0.0,0.0,0.0,0.0,0.0,28.09,28.05,0.24,0.36,19.96,0.0,True,20,30,3,8,0,0.0,0.0,0.0,0.0,0,0,1
2026-08-03 20:45:00,0.0,0.0,0.0,0.0,0.0,0.0,0.0,0.0,0.0,27.92,27.83,0.25,0.37,19.96,0.0,True,20,45,3,8,0,0.0,0.0,0.0,0.0,0,0,1
2026-08-03 21:00:00,0.0,0.0,0.0,0.0,0.0,0.0,0.0,0.0,0.0,28.01,27.96,0.24,0.36,19.96,0.0,True,21,0,3,8,0,0.0,0.0,0.0,0.0,0,0,1
2026-08-03 21:15:00,0.0,0.0,0.0,0.0,0.0,0.0,0.0,0.0,0.0,27.77,27.71,0.24,0.36,19.96,0.0,True,21,15,3,8,0,0.0,0.0,0.0,0.0,0,0,1
2026-08-03 21:30:00,0.0,0.0,0.0,0.0,0.0,0.0,0.0,0.0,0.0,28.14,28.1,0.28,0.37,19.96,0.0,True,21,30,3,8,0,0.0,0.0,0.0,0.0,0,0,1
2026-08-03 21:45:00,0.0,0.0,0.0,0.0,0.0,0.0,0.0,0.0,0.0,28.1,27.99,0.74,0.37,19.96,0.0,True,21,45,3,8,0,0.0,0.0,0.0,0.0,0,0,1
2026-08-03 22:00:00,0.0,0.0,0.0,0.0,0.0,0.0,0.0,0.0,0.0,27.95,27.63,0.32,0.35,19.96,0.0,True,22,0,3,8,0,0.0,0.0,0.0,0.0,0,0,1
2026-08-03 22:15:00,0.0,0.0,0.0,0.0,0.0,0.0,0.0,0.0,0.0,27.71,27.44,0.2,0.35,19.96,0.0,True,22,15,3,8,0,0.0,0.0,0.0,0.0,0,0,1
2026-08-03 22:30:00,0.0,0.0,0.0,0.0,0.0,0.0,0.0,0.0,0.0,27.3,27.11,0.2,0.35,19.96,0.0,True,22,30,3,8,0,0.0,0.0,0.0,0.0,0,0,1
2026-08-03 22:45:00,0.0,0.0,0.0,0.0,0.0,0.0,0.0,0.0,0.0,27.21,27.04,0.27,0.37,19.96,0.0,True,22,45,3,8,0,0.0,0.0,0.0,0.0,0,0,1
2026-08-03 23:00:00,0.0,0.0,0.0,0.0,0.0,0.0,0.0,0.0,0.0,26.99,26.76,0.19,0.34,19.96,0.0,True,23,0,3,8,0,0.0,0.0,0.0,0.0,0,0,1
2026-08-03 23:15:00,0.0,0.0,0.0,0.0,0.0,0.0,0.0,0.0,0.0,26.95,26.78,0.21,0.34,19.96,0.0,True,23,15,3,8,0,0.0,0.0,0.0,0.0,0,0,1
2026-08-03 23:30:00,0.0,0.0,0.0,0.0,0.0,0.0,0.0,0.0,0.0,27.06,26.97,0.22,0.35,19.96,0.0,True,23,30,3,8,0,0.0,0.0,0.0,0.0,0,0,1
2026-08-03 23:45:00,0.0,0.0,0.0,0.0,0.0,0.0,0.0,0.0,0.0,26.97,26.82,0.34,0.37,19.96,0.0,True,23,45,3,8,0,0.0,0.0,0.0,0.0,0,0,1
2026-08-04 00:15:00,0.0,0.0,0.0,0.0,0.0,0.0,0.0,0.0,0.0,27.49,27.32,0.32,0.38,0.0,0.0,True,0,15,4,8,1,0.0,0.0,0.0,0.0,0,1,0
2026-08-04 00:30:00,0.0,0.0,0.0,0.0,0.0,0.0,0.0,0.0,0.0,27.82,27.77,0.16,0.33,0.0,0.0,True,0,30,4,8,1,0.0,0.0,0.0,0.0,0,1,0
2026-08-04 00:45:00,0.0,0.0,0.0,0.0,0.0,0.0,0.0,0.0,0.0,27.59,27.53,0.29,0.35,0.0,0.0,True,0,45,4,8,1,0.0,0.0,0.0,0.0,0,1,0
2026-08-04 01:00:00,0.0,0.0,0.0,0.0,0.0,0.0,0.0,0.0,0.0,27.6,27.59,0.31,0.37,0.0,0.0,True,1,0,4,8,1,0.0,0.0,0.0,0.0,0,1,0
2026-08-04 01:15:00,0.0,0.0,0.0,0.0,0.0,0.0,0.0,0.0,0.0,27.44,27.35,0.29,0.38,0.0,0.0,True,1,15,4,8,1,0.0,0.0,0.0,0.0,0,1,0
2026-08-04 01:30:00,0.0,0.0,0.0,0.0,0.0,0.0,0.0,0.0,0.0,27.44,27.43,0.28,0.38,0.0,0.0,True,1,30,4,8,1,0.0,0.0,0.0,0.0,0,1,0
2026-08-04 01:45:00,0.0,0.0,0.0,0.0,0.0,0.0,0.0,0.0,0.0,27.33,27.3,0.25,0.36,0.0,0.0,True,1,45,4,8,1,0.0,0.0,0.0,0.0,0,1,0
2026-08-04 02:00:00,0.0,0.0,0.0,0.0,0.0,0.0,0.0,0.0,0.0,27.84,27.87,0.34,0.38,0.0,0.0,True,2,0,4,8,1,0.0,0.0,0.0,0.0,0,1,0
2026-08-04 02:15:00,0.0,0.0,0.0,0.0,0.0,0.0,0.0,0.0,0.0,26.73,26.92,0.32,0.41,0.0,0.0,True,2,15,4,8,1,0.0,0.0,0.0,0.0,0,1,0
2026-08-04 02:30:00,0.0,0.0,0.0,0.0,0.0,0.0,0.0,0.0,0.0,26.62,26.61,0.28,0.42,0.0,0.0,True,2,30,4,8,1,0.0,0.0,0.0,0.0,0,1,0
2026-08-04 02:45:00,0.0,0.0,0.0,0.0,0.0,0.0,0.0,0.0,0.0,26.0,25.97,0.34,0.45,0.0,0.0,True,2,45,4,8,1,0.0,0.0,0.0,0.0,0,1,0
2026-08-04 03:00:00,0.0,0.0,0.0,0.0,0.0,0.0,0.0,0.0,0.0,26.14,26.15,0.26,0.41,0.0,0.0,True,3,0,4,8,1,0.0,0.0,0.0,0.0,0,1,0
2026-08-04 03:15:00,0.0,0.0,0.0,0.0,0.0,0.0,0.0,0.0,0.0,25.88,25.83,0.33,0.44,0.0,0.0,True,3,15,4,8,1,0.0,0.0,0.0,0.0,0,1,0
2026-08-04 03:30:00,0.0,0.0,0.0,0.0,0.0,0.0,0.0,0.0,0.0,26.07,26.12,0.31,0.42,0.0,0.0,True,3,30,4,8,1,0.0,0.0,0.0,0.0,0,1,0
2026-08-04 03:45:00,0.0,0.0,0.0,0.0,0.0,0.0,0.0,0.0,0.0,25.14,25.03,0.4,0.42,0.0,0.0,True,3,45,4,8,1,0.0,0.0,0.0,0.0,0,1,0
2026-08-04 04:00:00,0.0,0.0,0.0,0.0,0.0,0.0,0.0,0.0,0.0,26.01,26.04,0.43,0.48,0.0,0.0,True,4,0,4,8,1,0.0,0.0,0.0,0.0,0,1,0
2026-08-04 04:15:00,0.0,0.0,0.0,0.0,0.0,0.0,0.0,0.0,0.0,26.37,26.46,0.4,0.47,0.0,0.0,True,4,15,4,8,1,0.0,0.0,0.0,0.0,0,1,0
2026-08-04 04:30:00,0.0,0.0,0.0,0.0,0.0,0.0,0.0,0.0,0.0,26.17,26.25,0.38,0.49,0.0,0.0,True,4,30,4,8,1,0.0,0.0,0.0,0.0,0,1,0
2026-08-04 04:45:00,0.0,0.0,0.0,0.0,0.0,0.0,0.0,0.0,0.0,25.76,25.77,0.42,0.49,0.0,0.0,True,4,45,4,8,1,0.0,0.0,0.0,0.0,0,1,0
2026-08-04 05:00:00,0.0,0.0,0.0,0.0,0.0,0.0,0.0,0.0,0.0,25.31,25.36,0.4,0.49,0.0,0.0,True,5,0,4,8,1,0.0,0.0,0.0,0.0,0,1,0
2026-08-04 05:15:00,0.0,0.0,0.0,0.0,0.0,0.0,0.0,0.0,0.0,25.22,25.34,0.37,0.47,0.0,0.0,True,5,15,4,8,1,0.0,0.0,0.0,0.0,0,1,0
2026-08-04 05:30:00,0.0,0.0,0.0,0.0,0.0,0.0,0.0,0.0,0.0,25.33,25.51,0.41,0.51,0.0,0.0,True,5,30,4,8,1,0.0,0.0,0.0,0.0,0,1,0
2026-08-04 05:45:00,0.0,0.0,0.0,0.0,0.0,0.0,0.0,0.0,0.0,25.11,25.14,0.37,0.44,0.0,0.0,True,5,45,4,8,1,0.0,0.0,0.0,0.0,0,1,0
2026-08-04 06:00:00,0.0,0.0,0.0,0.0,0.0,0.0,0.0,0.0,0.0,25.12,25.1,0.69,0.47,0.0,0.0,True,6,0,4,8,1,0.0,0.0,0.0,0.0,0,1,0
2026-08-04 06:15:00,0.0,0.0,0.0,0.0,0.0,0.0,0.0,2.25,2.35,25.31,25.33,2.65,2.16,0.0,0.0,True,6,15,4,8,1,0.0,0.0,0.0,0.0,0,1,0
2026-08-04 06:30:00,4.35,0.0,0.0,0.0,0.0,0.0,0.0,10.45,10.8,25.44,25.28,6.23,5.76,0.0,6.36,True,6,30,4,8,1,0.0,0.0,1.45,2.5114736709748717,0,1,0
2026-08-04 06:45:00,35.86,0.0,0.0,0.0,0.0,18.6,19.19,30.06,31.01,25.53,25.45,14.68,14.06,0.01,22.24,True,6,45,4,8,1,4.35,0.0,13.403333333333334,19.56928801293837,0,1,0
2026-08-04 07:00:00,98.0,0.0,0.0,2.21,2.28,42.48,43.8,42.69,44.02,26.23,26.34,19.62,19.23,0.02,45.61,True,7,0,4,8,1,35.86,4.35,46.07,47.6525308876664,0,1,0
2026-08-04 07:15:00,231.73,0.0,0.0,61.63,63.41,62.08,63.94,61.93,63.77,26.49,26.57,26.73,26.15,0.04,79.25,True,7,15,4,8,1,98.0,35.86,121.86333333333334,100.09174907720082,1,1,0
2026-08-04 07:30:00,453.45,0.0,0.0,121.26,123.74,112.84,115.28,115.33,117.77,26.94,27.0,46.58,45.38,0.09,89.15,True,7,30,4,8,1,231.73,98.0,261.06,179.53095081350176,1,1,0
2026-08-04 07:45:00,653.84,0.0,0.0,166.34,169.73,168.19,171.59,171.29,174.72,27.21,27.25,62.94,61.62,0.15,95.24,True,7,45,4,8,1,453.45,231.73,446.34,211.14480126207226,1,1,0
2026-08-04 08:00:00,1034.3,0.0,0.0,257.71,262.83,263.04,268.18,265.52,270.7,27.83,27.62,100.68,99.33,0.26,94.42,True,8,0,4,8,1,653.84,453.45,713.8633333333333,295.0403040829054,1,1,0
2026-08-04 08:15:00,1116.25,0.0,0.0,281.53,286.92,282.33,287.74,283.56,288.98,28.29,28.43,113.43,113.52,0.38,90.61,True,8,15,4,8,1,1034.3,653.84,934.7966666666667,246.74164025014758,1,1,0
2026-08-04 08:30:00,1376.17,0.0,0.0,347.7,354.08,346.77,353.13,348.1,354.48,28.74,28.76,140.49,140.9,0.52,90.36,True,8,30,4,8,1,1116.25,1034.3,1175.5733333333335,178.48870449788473,1,1,0
2026-08-04 08:45:00,1668.7,0.0,0.0,430.35,437.79,412.71,419.93,418.78,426.07,29.45,29.5,158.02,156.38,0.69,97.7,True,8,45,4,8,1,1376.17,1116.25,1387.04,276.38536194957896,1,1,0
2026-08-04 09:00:00,2587.56,0.0,0.0,667.67,678.54,636.62,647.0,649.54,660.12,30.4,30.26,248.46,245.19,0.95,96.72,True,9,0,4,8,1,1668.7,1376.17,1877.4766666666667,632.1053752605911,1,1,0
2026-08-04 09:15:00,3660.13,0.0,0.0,929.93,945.24,908.36,923.25,921.18,936.32,34.05,34.37,376.96,373.89,1.33,91.54,True,9,15,4,8,1,2587.56,1668.7,2638.7966666666666,996.7031946539214,1,1,0
2026-08-04 09:30:00,3574.54,0.0,0.0,913.14,928.12,880.08,894.42,896.34,911.0,37.91,38.41,382.19,379.13,1.71,89.61,True,9,30,4,8,1,3660.13,2587.56,3274.0766666666664,596.0790738092834,1,1,0
2026-08-04 09:45:00,3798.65,0.0,0.0,986.62,1003.05,927.33,942.59,948.82,964.5,38.26,38.57,399.96,395.77,2.11,91.13,True,9,45,4,8,1,3574.54,3660.13,3677.773333333333,113.0919468102542,1,1,0
2026-08-04 10:00:00,6325.33,0.0,0.0,1572.55,1603.25,1572.31,1603.07,1627.22,1659.56,42.93,43.67,753.56,742.24,2.75,82.17,True,10,0,4,8,1,3798.65,3574.54,4566.173333333333,1527.589753969741,1,1,0
2026-08-04 10:15:00,6593.92,0.0,0.0,1582.67,1613.33,1783.63,1819.77,1705.07,1739.06,48.42,49.27,815.95,804.67,3.42,81.02,True,10,15,4,8,1,6325.33,3798.65,5572.633333333334,1542.1730762898615,1,1,0
2026-08-04 10:30:00,3860.53,0.0,0.0,993.4,1010.07,950.11,965.86,970.74,986.93,44.06,44.03,424.19,419.91,3.85,89.52,True,10,30,4,8,1,6593.92,6325.33,5593.259999999999,1506.5855723124398,1,1,0
2026-08-04 10:45:00,4441.69,0.0,0.0,1151.13,1171.11,1075.67,1093.97,1110.63,1129.7,38.63,38.22,450.35,445.92,4.3,94.79,True,10,45,4,8,1,3860.53,6593.92,4965.38,1439.9804287211693,1,1,0
2026-08-04 11:00:00,4609.56,0.0,0.0,1184.1,1204.58,1141.47,1161.06,1160.82,1180.81,40.09,39.67,496.9,491.71,4.79,89.71,True,11,0,4,8,1,4441.69,3860.53,4303.926666666667,393.0592032166861,1,1,0
2026-08-04 11:15:00,5868.15,0.0,0.0,1498.43,1526.83,1477.99,1506.14,1516.55,1545.65,41.25,40.61,638.79,629.35,5.4,89.28,True,11,15,4,8,1,4609.56,4441.69,4973.133333333334,779.6385120254993,1,1,0
2026-08-04 11:30:00,6083.23,0.0,0.0,1541.42,1570.63,1540.35,1569.65,1543.21,1572.52,45.73,45.13,725.57,714.3,6.03,83.07,True,11,30,4,8,1,5868.15,4609.56,5520.313333333333,796.0330252152435,1,1,0
2026-08-04 11:45:00,5418.18,0.0,0.0,1382.06,1407.2,1345.36,1369.64,1356.61,1381.14,45.03,44.61,610.95,600.78,6.6,87.6,True,11,45,4,8,1,6083.23,5868.15,5789.853333333333,339.3680179883366,1,1,0
2026-08-04 12:00:00,5452.19,0.0,0.0,1434.86,1461.44,1365.18,1389.92,1335.49,1359.47,42.51,41.89,575.76,571.18,7.17,92.53,True,12,0,4,8,1,5418.18,6083.23,5651.2,374.53519287244444,1,0,1
2026-08-04 12:15:00,6665.52,0.0,0.0,1753.14,1788.3,1638.91,1670.86,1632.3,1664.15,46.03,46.11,733.4,727.15,7.85,90.17,True,12,15,4,8,1,5452.19,5418.18,5845.296666666666,710.5377593297434,1,0,1
2026-08-04 12:30:00,8171.05,0.0,0.0,2494.88,2551.57,2468.71,2524.48,618.22,632.08,55.18,55.26,1212.97,1200.25,8.7,69.62,True,12,30,4,8,1,6665.52,5452.19,6762.920000000001,1362.0444173741166,1,0,1
2026-08-04 12:45:00,5708.35,0.0,0.0,1595.89,1627.77,1677.86,1711.72,811.85,826.03,60.57,59.78,837.96,833.12,9.3,72.17,True,12,45,4,8,1,8171.05,6665.52,6848.306666666667,1241.4834057019566,1,0,1
2026-08-04 13:00:00,2898.27,0.0,0.0,717.41,729.04,743.11,755.08,729.66,741.4,45.27,44.68,314.89,317.54,9.63,91.02,True,13,0,4,8,1,5708.35,8171.05,5592.556666666667,2638.296477678984,1,0,1
2026-08-04 13:15:00,2083.71,0.0,0.0,531.53,540.48,518.72,527.47,519.94,528.72,38.82,38.6,224.03,226.22,9.85,89.46,True,13,15,4,8,1,2898.27,5708.35,3563.443333333334,1901.6691234106272,1,0,1
2026-08-04 13:30:00,1543.9,0.0,0.0,364.65,371.22,411.16,418.34,403.81,410.9,35.26,35.16,160.24,163.66,10.0,91.3,True,13,30,4,8,1,2083.71,2898.27,2175.2933333333335,681.8138708132515,1,0,1
2026-08-04 13:45:00,2617.89,0.0,0.0,620.82,631.07,690.73,702.06,675.91,687.0,34.67,34.57,253.95,258.0,10.26,97.44,True,13,45,4,8,1,1543.9,2083.71,2081.8333333333335,536.9974594291388,1,0,1
2026-08-04 14:00:00,2503.39,0.0,0.0,583.82,593.72,624.85,635.35,622.29,632.77,37.81,37.92,260.23,264.72,10.53,92.13,True,14,0,4,8,1,2617.89,1543.9,2221.726666666667,589.8002246806531,1,0,1
2026-08-04 14:15:00,2454.14,0.0,0.0,595.3,605.24,638.37,648.9,626.73,637.11,35.7,36.08,249.72,251.48,10.78,93.29,True,14,15,4,8,1,2503.39,2617.89,2525.14,84.01376375341233,1,0,1
2026-08-04 14:30:00,3417.85,0.0,0.0,833.78,847.25,890.26,904.8,867.55,881.66,38.82,39.41,356.33,356.17,11.14,92.26,True,14,30,4,8,1,2454.14,2503.39,2791.793333333333,542.7399036678123,1,0,1
2026-08-04 14:45:00,3680.86,0.0,0.0,941.22,956.76,912.74,927.74,922.12,937.28,41.37,42.35,379.02,377.44,11.52,94.43,True,14,45,4,8,1,3417.85,2454.14,3184.2833333333333,645.8525609094883,1,0,1
2026-08-04 15:00:00,2362.28,0.0,0.0,588.65,598.31,598.3,608.1,596.83,606.61,39.91,40.64,260.16,262.07,11.78,87.74,True,15,0,4,8,1,3680.86,3417.85,3153.6633333333334,697.8604804925868,1,0,1
2026-08-04 15:15:00,2030.89,0.0,0.0,502.15,510.49,526.54,535.23,515.63,524.14,37.04,37.45,212.26,213.1,11.98,91.34,True,15,15,4,8,1,2362.28,3680.86,2691.3433333333332,872.8185712009952,1,0,1
2026-08-04 15:30:00,3207.99,0.0,0.0,832.31,845.9,780.31,792.91,800.33,813.3,37.29,37.8,323.06,320.0,12.31,94.89,True,15,30,4,8,1,2030.89,2362.28,2533.72,606.9883505472028,1,0,1
2026-08-04 15:45:00,5037.13,0.0,0.0,1308.59,1331.97,1214.09,1235.38,1260.05,1282.39,41.88,42.4,525.21,522.94,12.84,93.46,True,15,45,4,8,1,3207.99,2030.89,3425.336666666666,1514.8595362387045,1,0,1
2026-08-04 16:00:00,3464.89,0.0,0.0,495.58,503.73,957.82,973.71,1015.5,1032.62,42.86,43.26,440.81,441.7,13.19,76.92,True,16,0,4,8,1,5037.13,3207.99,3903.3366666666666,990.260013599126,1,0,1
2026-08-04 16:15:00,3043.92,0.0,0.0,150.53,153.03,956.21,972.03,976.32,992.55,42.57,43.38,426.25,429.97,13.51,69.79,True,16,15,4,8,1,3464.89,5037.13,3848.646666666667,1050.5586182756967,1,0,1
2026-08-04 16:30:00,3273.2,0.0,0.0,832.36,845.91,810.9,824.19,823.28,836.73,42.4,43.04,364.59,364.18,13.85,87.68,True,16,30,4,8,1,3043.92,3464.89,3260.67,210.7645271387234,1,0,1
2026-08-04 16:45:00,2587.93,0.0,0.0,667.05,677.9,635.76,646.16,649.58,660.18,39.8,40.13,276.69,276.93,14.13,90.34,True,16,45,4,8,1,3273.2,3043.92,2968.35,348.8292732842393,1,0,1
2026-08-04 17:00:00,2335.53,0.0,0.0,609.19,619.16,573.69,583.18,589.36,599.06,38.69,39.32,257.77,257.52,14.37,87.1,True,17,0,4,8,1,2587.93,3273.2,2732.22,485.20197887066695,1,0,1
2026-08-04 17:15:00,1524.43,0.0,0.0,392.62,399.58,374.52,381.24,381.82,388.64,35.89,35.99,163.62,163.06,14.53,88.52,True,17,15,4,8,1,2335.53,2587.93,2149.2966666666666,555.6709487937504,1,0,1
2026-08-04 17:30:00,1086.27,0.0,0.0,278.91,284.29,269.76,275.03,273.26,278.57,34.07,34.1,119.53,119.18,14.65,85.69,True,17,30,4,8,1,1524.43,2335.53,1648.7433333333336,633.8398776768064,1,0,1
2026-08-04 17:45:00,565.23,0.0,0.0,184.37,189.0,179.7,184.29,89.24,91.2,32.79,33.03,77.62,77.4,14.71,68.3,True,17,45,4,8,1,1086.27,1524.43,1058.6433333333334,480.19640204123874,1,0,1
2026-08-04 18:00:00,404.48,0.0,0.0,141.63,145.78,137.23,141.3,0.0,0.0,31.92,32.11,60.4,59.83,14.75,62.58,True,18,0,4,8,1,565.23,1086.27,685.3266666666667,356.40820421723225,1,0,1
2026-08-04 18:15:00,250.86,0.0,0.0,89.09,91.86,87.09,89.81,0.0,0.0,31.13,31.51,40.57,40.68,14.78,57.6,True,18,15,4,8,1,404.48,565.23,406.85666666666674,157.19847528953107,1,0,1
2026-08-04 18:30:00,74.22,0.0,0.0,30.07,31.06,29.29,30.26,0.0,0.0,29.89,30.01,15.71,15.83,14.79,43.79,True,18,30,4,8,1,250.86,404.48,243.1866666666667,165.2636588405143,0,0,1
2026-08-04 18:45:00,10.9,0.0,0.0,3.66,3.81,3.58,3.74,0.57,0.6,28.82,28.81,2.72,2.7,14.79,25.27,True,18,45,4,8,1,74.22,250.86,111.99333333333334,124.35963546647426,0,0,1
2026-08-04 19:00:00,0.0,0.0,0.0,0.0,0.0,0.0,0.0,0.0,0.0,27.99,28.02,0.15,0.31,14.79,0.0,True,19,0,4,8,1,10.9,74.22,28.373333333333335,40.076678172656244,0,0,1
2026-08-04 19:15:00,0.0,0.0,0.0,0.0,0.0,0.0,0.0,0.0,0.0,27.28,27.23,0.19,0.33,14.79,0.0,True,19,15,4,8,1,0.0,10.9,3.6333333333333333,6.293117935868526,0,0,1
2026-08-04 19:30:00,0.0,0.0,0.0,0.0,0.0,0.0,0.0,0.0,0.0,27.07,27.01,0.26,0.35,14.79,0.0,True,19,30,4,8,1,0.0,0.0,0.0,0.0001463893473338555,0,0,1
2026-08-04 19:45:00,0.0,0.0,0.0,0.0,0.0,0.0,0.0,0.0,0.0,26.94,26.96,0.22,0.35,14.79,0.0,True,19,45,4,8,1,0.0,0.0,0.0,0.0001463893473338555,0,0,1
2026-08-04 20:00:00,0.0,0.0,0.0,0.0,0.0,0.0,0.0,0.0,0.0,26.94,26.91,0.23,0.36,14.79,0.0,True,20,0,4,8,1,0.0,0.0,0.0,0.0001463893473338555,0,0,1
2026-08-04 20:15:00,0.0,0.0,0.0,0.0,0.0,0.0,0.0,0.0,0.0,26.98,26.98,0.2,0.35,14.79,0.0,True,20,15,4,8,1,0.0,0.0,0.0,0.0001463893473338555,0,0,1
2026-08-04 20:30:00,0.0,0.0,0.0,0.0,0.0,0.0,0.0,0.0,0.0,26.81,26.8,0.3,0.39,14.79,0.0,True,20,30,4,8,1,0.0,0.0,0.0,0.0001463893473338555,0,0,1
2026-08-04 20:45:00,0.0,0.0,0.0,0.0,0.0,0.0,0.0,0.0,0.0,26.99,26.96,0.19,0.36,14.79,0.0,True,20,45,4,8,1,0.0,0.0,0.0,0.0001463893473338555,0,0,1
2026-08-04 21:00:00,0.0,0.0,0.0,0.0,0.0,0.0,0.0,0.0,0.0,26.98,26.9,0.3,0.4,14.79,0.0,True,21,0,4,8,1,0.0,0.0,0.0,0.0001463893473338555,0,0,1
2026-08-04 21:15:00,0.0,0.0,0.0,0.0,0.0,0.0,0.0,0.0,0.0,26.83,26.8,0.25,0.38,14.79,0.0,True,21,15,4,8,1,0.0,0.0,0.0,0.0001463893473338555,0,0,1
2026-08-04 21:30:00,0.0,0.0,0.0,0.0,0.0,0.0,0.0,0.0,0.0,26.75,26.72,0.29,0.4,14.79,0.0,True,21,30,4,8,1,0.0,0.0,0.0,0.0001463893473338555,0,0,1
2026-08-04 21:45:00,0.0,0.0,0.0,0.0,0.0,0.0,0.0,0.0,0.0,26.46,26.35,0.35,0.4,14.79,0.0,True,21,45,4,8,1,0.0,0.0,0.0,0.0001463893473338555,0,0,1
2026-08-04 22:00:00,0.0,0.0,0.0,0.0,0.0,0.0,0.0,0.0,0.0,26.31,26.19,0.26,0.38,14.79,0.0,True,22,0,4,8,1,0.0,0.0,0.0,0.0001463893473338555,0,0,1
2026-08-04 22:15:00,0.0,0.0,0.0,0.0,0.0,0.0,0.0,0.0,0.0,26.42,26.29,0.28,0.4,14.79,0.0,True,22,15,4,8,1,0.0,0.0,0.0,0.0001463893473338555,0,0,1
2026-08-04 22:30:00,0.0,0.0,0.0,0.0,0.0,0.0,0.0,0.0,0.0,26.42,26.36,0.21,0.37,14.79,0.0,True,22,30,4,8,1,0.0,0.0,0.0,0.0001463893473338555,0,0,1
2026-08-04 22:45:00,0.0,0.0,0.0,0.0,0.0,0.0,0.0,0.0,0.0,26.83,26.81,0.17,0.37,14.79,0.0,True,22,45,4,8,1,0.0,0.0,0.0,0.0001463893473338555,0,0,1
2026-08-04 23:00:00,0.0,0.0,0.0,0.0,0.0,0.0,0.0,0.0,0.0,26.77,26.73,0.22,0.39,14.79,0.0,True,23,0,4,8,1,0.0,0.0,0.0,0.0001463893473338555,0,0,1
2026-08-04 23:15:00,0.0,0.0,0.0,0.0,0.0,0.0,0.0,0.0,0.0,26.68,26.54,0.38,0.42,14.79,0.0,True,23,15,4,8,1,0.0,0.0,0.0,0.0001463893473338555,0,0,1
2026-08-04 23:30:00,0.0,0.0,0.0,0.0,0.0,0.0,0.0,0.0,0.0,26.83,26.83,0.35,0.41,14.79,0.0,True,23,30,4,8,1,0.0,0.0,0.0,0.0001463893473338555,0,0,1
2026-08-04 23:45:00,0.0,0.0,0.0,0.0,0.0,0.0,0.0,0.0,0.0,26.43,26.19,0.31,0.42,14.79,0.0,True,23,45,4,8,1,0.0,0.0,0.0,0.0001463893473338555,0,0,1
2026-08-05 00:15:00,0.0,0.0,0.0,0.0,0.0,0.0,0.0,0.0,0.0,26.71,26.75,0.33,0.41,0.0,0.0,True,0,15,5,8,2,0.0,0.0,0.0,0.0,0,1,0
2026-08-05 00:30:00,0.0,0.0,0.0,0.0,0.0,0.0,0.0,0.0,0.0,26.78,26.76,0.23,0.38,0.0,0.0,True,0,30,5,8,2,0.0,0.0,0.0,0.0,0,1,0
2026-08-05 00:45:00,0.0,0.0,0.0,0.0,0.0,0.0,0.0,0.0,0.0,26.44,26.39,0.27,0.39,0.0,0.0,True,0,45,5,8,2,0.0,0.0,0.0,0.0,0,1,0
2026-08-05 01:00:00,0.0,0.0,0.0,0.0,0.0,0.0,0.0,0.0,0.0,26.62,26.62,0.25,0.38,0.0,0.0,True,1,0,5,8,2,0.0,0.0,0.0,0.0,0,1,0
2026-08-05 01:15:00,0.0,0.0,0.0,0.0,0.0,0.0,0.0,0.0,0.0,26.83,26.83,0.32,0.39,0.0,0.0,True,1,15,5,8,2,0.0,0.0,0.0,0.0,0,1,0
2026-08-05 01:30:00,0.0,0.0,0.0,0.0,0.0,0.0,0.0,0.0,0.0,26.58,26.5,0.32,0.39,0.0,0.0,True,1,30,5,8,2,0.0,0.0,0.0,0.0,0,1,0
2026-08-05 01:45:00,0.0,0.0,0.0,0.0,0.0,0.0,0.0,0.0,0.0,26.3,26.2,0.28,0.37,0.0,0.0,True,1,45,5,8,2,0.0,0.0,0.0,0.0,0,1,0
2026-08-05 02:00:00,0.0,0.0,0.0,0.0,0.0,0.0,0.0,0.0,0.0,26.39,26.43,0.3,0.39,0.0,0.0,True,2,0,5,8,2,0.0,0.0,0.0,0.0,0,1,0
2026-08-05 02:15:00,0.0,0.0,0.0,0.0,0.0,0.0,0.0,0.0,0.0,26.25,26.17,0.35,0.39,0.0,0.0,True,2,15,5,8,2,0.0,0.0,0.0,0.0,0,1,0
2026-08-05 02:30:00,0.0,0.0,0.0,0.0,0.0,0.0,0.0,0.0,0.0,26.23,26.14,0.35,0.39,0.0,0.0,True,2,30,5,8,2,0.0,0.0,0.0,0.0,0,1,0
2026-08-05 02:45:00,0.0,0.0,0.0,0.0,0.0,0.0,0.0,0.0,0.0,26.5,26.44,0.38,0.41,0.0,0.0,True,2,45,5,8,2,0.0,0.0,0.0,0.0,0,1,0
2026-08-05 03:00:00,0.0,0.0,0.0,0.0,0.0,0.0,0.0,0.0,0.0,26.88,26.75,0.13,0.33,0.0,0.0,True,3,0,5,8,2,0.0,0.0,0.0,0.0,0,1,0
2026-08-05 03:15:00,0.0,0.0,0.0,0.0,0.0,0.0,0.0,0.0,0.0,26.29,26.16,0.32,0.39,0.0,0.0,True,3,15,5,8,2,0.0,0.0,0.0,0.0,0,1,0
2026-08-05 03:30:00,0.0,0.0,0.0,0.0,0.0,0.0,0.0,0.0,0.0,26.42,26.37,0.24,0.37,0.0,0.0,True,3,30,5,8,2,0.0,0.0,0.0,0.0,0,1,0
2026-08-05 03:45:00,0.0,0.0,0.0,0.0,0.0,0.0,0.0,0.0,0.0,25.66,25.6,0.33,0.39,0.0,0.0,True,3,45,5,8,2,0.0,0.0,0.0,0.0,0,1,0
2026-08-05 04:00:00,0.0,0.0,0.0,0.0,0.0,0.0,0.0,0.0,0.0,25.7,25.67,0.27,0.38,0.0,0.0,True,4,0,5,8,2,0.0,0.0,0.0,0.0,0,1,0
2026-08-05 04:15:00,0.0,0.0,0.0,0.0,0.0,0.0,0.0,0.0,0.0,26.3,26.36,0.38,0.42,0.0,0.0,True,4,15,5,8,2,0.0,0.0,0.0,0.0,0,1,0
2026-08-05 04:30:00,0.0,0.0,0.0,0.0,0.0,0.0,0.0,0.0,0.0,26.48,26.42,0.38,0.42,0.0,0.0,True,4,30,5,8,2,0.0,0.0,0.0,0.0,0,1,0
2026-08-05 04:45:00,0.0,0.0,0.0,0.0,0.0,0.0,0.0,0.0,0.0,26.39,26.28,0.38,0.42,0.0,0.0,True,4,45,5,8,2,0.0,0.0,0.0,0.0,0,1,0
2026-08-05 05:00:00,0.0,0.0,0.0,0.0,0.0,0.0,0.0,0.0,0.0,26.8,26.75,0.33,0.4,0.0,0.0,True,5,0,5,8,2,0.0,0.0,0.0,0.0,0,1,0
2026-08-05 05:15:00,0.0,0.0,0.0,0.0,0.0,0.0,0.0,0.0,0.0,26.77,26.65,0.27,0.41,0.0,0.0,True,5,15,5,8,2,0.0,0.0,0.0,0.0,0,1,0
2026-08-05 05:30:00,0.0,0.0,0.0,0.0,0.0,0.0,0.0,0.0,0.0,26.74,26.55,0.29,0.41,0.0,0.0,True,5,30,5,8,2,0.0,0.0,0.0,0.0,0,1,0
2026-08-05 05:45:00,0.0,0.0,0.0,0.0,0.0,0.0,0.0,0.0,0.0,26.66,26.64,0.29,0.4,0.0,0.0,True,5,45,5,8,2,0.0,0.0,0.0,0.0,0,1,0
2026-08-05 06:00:00,0.0,0.0,0.0,0.0,0.0,0.0,0.0,0.0,0.0,25.73,25.59,0.9,0.59,0.0,0.0,True,6,0,5,8,2,0.0,0.0,0.0,0.0,0,1,0
2026-08-05 06:15:00,15.39,0.0,0.0,0.0,0.0,6.65,6.87,7.86,8.12,26.44,26.48,4.99,4.01,0.0,28.17,True,6,15,5,8,2,0.0,0.0,5.13,8.885420642828342,0,1,0
2026-08-05 06:30:00,57.95,0.0,0.0,0.0,0.0,30.51,31.47,30.77,31.74,26.66,26.7,14.02,12.91,0.0,37.82,True,6,30,5,8,2,15.39,0.0,24.44666666666667,30.01779527769042,0,1,0
2026-08-05 06:45:00,300.52,0.0,0.0,90.31,92.62,78.23,80.36,78.71,80.85,26.39,26.37,34.18,32.97,0.04,80.34,True,6,45,5,8,2,57.95,15.39,124.62,153.8130225306037,1,1,0
2026-08-05 07:00:00,462.65,0.0,0.0,123.85,126.35,113.72,116.17,117.59,120.04,26.78,26.78,50.25,48.37,0.08,84.26,True,7,0,5,8,2,300.52,57.95,273.70666666666665,203.67802687902622,1,1,0
2026-08-05 07:15:00,589.6,0.0,0.0,157.82,160.77,143.11,145.85,148.28,151.09,27.86,27.95,61.48,59.54,0.14,88.15,True,7,15,5,8,2,462.65,300.52,450.92333333333335,144.89633409211336,1,1,0
2026-08-05 07:30:00,576.47,0.0,0.0,152.02,154.88,142.57,145.29,145.94,148.71,27.79,27.6,61.29,60.04,0.2,86.43,True,7,30,5,8,2,589.6,462.65,542.9066666666666,69.81367081978522,1,1,0
2026-08-05 07:45:00,931.61,0.0,0.0,236.89,241.67,223.34,227.87,236.39,241.14,28.46,28.46,94.46,94.0,0.3,90.87,True,7,45,5,8,2,576.47,589.6,699.2266666666668,201.35692050022354,1,1,0
2026-08-05 08:00:00,982.23,0.0,0.0,258.9,263.98,239.08,243.98,246.1,251.06,30.38,30.75,104.41,102.74,0.4,87.37,True,8,0,5,8,2,931.61,576.47,830.1033333333334,221.1063023374353,1,1,0
2026-08-05 08:15:00,934.07,0.0,0.0,248.34,253.44,226.14,231.0,233.54,238.48,30.63,31.0,102.42,100.83,0.5,84.78,True,8,15,5,8,2,982.23,931.61,949.3033333333333,28.541845303577276,1,1,0
2026-08-05 08:30:00,565.27,0.0,0.0,151.46,155.75,137.23,141.29,142.3,146.44,29.57,29.78,60.58,59.85,0.56,86.37,True,8,30,5,8,2,934.07,982.23,827.1899999999999,228.10394823413301,1,1,0
2026-08-05 08:45:00,533.89,0.0,0.0,141.31,145.43,138.0,142.01,137.79,141.81,28.88,29.1,56.83,55.66,0.61,86.71,True,8,45,5,8,2,565.27,934.07,677.7433333333333,222.53920134064782,1,1,0
2026-08-05 09:00:00,777.61,0.0,0.0,198.78,203.56,195.94,200.69,196.32,201.07,29.27,29.35,81.81,81.04,0.69,87.87,True,9,0,5,8,2,533.89,565.27,625.59,132.58482718622088,1,1,0
2026-08-05 09:15:00,1084.09,0.0,0.0,273.51,278.91,276.88,282.34,274.84,280.27,29.91,30.15,108.47,107.53,0.81,92.64,True,9,15,5,8,2,777.61,533.89,798.5300000000001,275.6959281527387,1,1,0
2026-08-05 09:30:00,1433.41,0.0,0.0,369.21,375.87,356.12,362.6,359.38,365.91,31.28,31.6,145.77,141.54,0.95,91.65,True,9,30,5,8,2,1084.09,777.61,1098.3700000000001,328.13312664222155,1,1,0
2026-08-05 09:45:00,1950.35,0.0,0.0,506.27,514.71,476.21,484.23,486.04,494.2,32.44,32.73,199.85,153.33,1.16,91.4,True,9,45,5,8,2,1433.41,1084.09,1489.2833333333335,435.82447032415894,1,1,0
2026-08-05 10:00:00,2052.6,0.0,0.0,551.89,561.01,486.26,494.4,504.4,512.76,34.24,34.87,203.17,187.0,1.36,95.33,True,10,0,5,8,2,1950.35,1433.41,1812.12,331.9332970643357,1,1,0
2026-08-05 10:15:00,3884.67,0.0,0.0,997.18,1014.14,961.91,978.06,972.84,989.27,35.17,35.82,380.98,378.19,1.77,96.58,True,10,15,5,8,2,2052.6,1950.35,2629.2066666666665,1088.4644696237606,1,1,0
2026-08-05 10:30:00,5972.16,0.0,0.0,1582.08,1612.79,1441.74,1468.51,1486.32,1514.26,42.22,43.33,665.61,658.23,2.38,87.56,True,10,30,5,8,2,3884.67,2052.6,3969.81,1961.166556695275,1,1,0
2026-08-05 10:45:00,6106.44,0.0,0.0,1590.18,1620.93,1478.67,1506.41,1540.5,1569.91,45.73,46.82,671.4,663.26,3.02,90.12,True,10,45,5,8,2,5972.16,3884.67,5321.09,1245.7867361230012,1,1,0
2026-08-05 11:00:00,5921.56,0.0,0.0,1536.97,1566.23,1460.88,1488.12,1480.46,1508.25,45.96,47.08,643.58,635.43,3.63,91.26,True,11,0,5,8,2,6106.44,5972.16,6000.053333333333,95.54413709555149,1,1,0
2026-08-05 11:15:00,5227.95,0.0,0.0,1388.4,1413.81,1234.66,1256.34,1300.89,1324.15,46.12,47.21,560.0,554.86,4.19,92.66,True,11,15,5,8,2,5921.56,6106.44,5751.983333333334,463.14506845407925,1,1,0
2026-08-05 11:30:00,4937.3,0.0,0.0,1248.29,1270.31,1247.65,1269.72,1236.12,1257.87,43.81,44.74,521.64,519.46,4.7,93.0,True,11,30,5,8,2,5227.95,5921.56,5362.27,505.6909468242447,1,1,0
2026-08-05 11:45:00,5946.25,0.0,0.0,1546.78,1577.2,1432.37,1459.71,1468.95,1497.25,44.3,44.49,636.38,632.61,5.3,92.01,True,11,45,5,8,2,4937.3,5227.95,5370.5,519.3605707983626,1,1,0
2026-08-05 12:00:00,7408.57,0.0,0.0,1809.91,1847.13,1862.09,1900.73,1984.31,2026.45,51.46,51.54,936.01,924.13,6.09,80.44,True,12,0,5,8,2,5946.25,4937.3,6097.373333333333,1242.5467997759015,1,0,1
2026-08-05 12:15:00,6326.78,0.0,0.0,1621.22,1652.86,1527.59,1556.63,1605.89,1636.97,50.23,51.51,694.28,688.16,6.75,92.1,True,12,15,5,8,2,7408.57,5946.25,6560.533333333333,758.6668644624826,1,0,1
2026-08-05 12:30:00,8349.5,0.0,0.0,2111.12,2156.82,1968.58,2010.32,2201.79,2250.27,54.95,55.78,1093.52,1087.79,7.61,78.82,True,12,30,5,8,2,6326.78,7408.57,7361.616666666666,1012.1771145571986,1,0,1
2026-08-05 12:45:00,6736.77,0.0,0.0,1643.57,1675.91,1760.51,1796.13,1741.96,1777.24,56.27,56.51,829.9,814.26,8.31,84.31,True,12,45,5,8,2,8349.5,6326.78,7137.683333333333,1069.2977486338107,1,0,1
2026-08-05 13:00:00,3816.01,0.0,0.0,983.67,1000.59,946.79,962.74,966.72,983.17,48.85,49.39,423.11,420.56,8.72,90.6,True,13,0,5,8,2,6736.77,8349.5,6300.759999999999,2297.9798595940747,1,0,1
2026-08-05 13:15:00,5611.83,0.0,0.0,1467.34,1495.77,1393.52,1419.66,1403.47,1429.93,43.73,43.83,572.22,571.21,9.3,96.33,True,13,15,5,8,2,3816.01,6736.77,5388.203333333334,1473.1654384125825,1,0,1
2026-08-05 13:30:00,6602.98,0.0,0.0,1703.85,1737.69,1583.4,1613.8,1651.66,1683.93,49.25,49.65,728.14,721.89,9.97,91.25,True,13,30,5,8,2,5611.83,3816.01,5343.606666666667,1412.7130857443544,1,0,1
2026-08-05 13:45:00,8401.61,0.0,0.0,2205.48,2254.0,2006.73,2049.42,2084.05,2129.07,54.1,55.46,978.3,967.66,10.85,88.32,True,13,45,5,8,2,6602.98,5611.83,6872.139999999999,1414.2324565996935,1,0,1
2026-08-05 14:00:00,4600.33,0.0,0.0,1267.49,1290.71,1118.67,1138.87,1135.94,1156.38,51.72,52.15,521.55,511.11,11.35,89.74,True,14,0,5,8,2,8401.61,6602.98,6534.973333333332,1901.5522842229022,1,0,1
2026-08-05 14:15:00,4124.41,0.0,0.0,1055.07,1072.88,1005.72,1022.55,1042.1,1059.65,44.32,45.13,438.84,430.82,11.78,92.56,True,14,15,5,8,2,4600.33,8401.61,5708.783333333333,2344.1654280646108,1,0,1
2026-08-05 14:30:00,3607.67,0.0,0.0,992.71,1009.38,813.81,827.26,888.65,903.46,43.23,44.26,379.37,372.29,12.16,93.21,True,14,30,5,8,2,4124.41,4600.33,4110.803333333333,496.46986306657067,1,0,1
2026-08-05 14:45:00,1857.48,0.0,0.0,471.42,479.49,464.01,471.95,466.68,474.69,38.24,38.8,191.81,190.54,12.36,92.92,True,14,45,5,8,2,3607.67,4124.41,3196.52,1188.0766591849233,1,0,1
2026-08-05 15:00:00,2654.65,0.0,0.0,666.88,677.69,673.04,683.9,668.7,679.5,30.87,30.86,258.55,257.89,12.63,95.54,True,15,0,5,8,2,1857.48,3607.67,2706.6,876.2507408841433,1,0,1
2026-08-05 15:15:00,2496.73,0.0,0.0,642.6,653.13,615.13,625.24,622.68,632.91,32.91,32.91,260.07,260.31,12.89,90.09,True,15,15,5,8,2,2654.65,1857.48,2336.286666666667,422.10964172042407,1,0,1
2026-08-05 15:30:00,2130.62,0.0,0.0,530.52,539.28,543.84,552.81,539.33,548.23,34.3,33.98,225.84,227.86,13.11,89.04,True,15,30,5,8,2,2496.73,2654.65,2427.3333333333335,268.8192389568583,1,0,1
2026-08-05 15:45:00,2514.43,0.0,0.0,645.37,655.96,621.14,631.38,630.72,641.1,37.28,37.3,264.14,263.37,13.37,90.97,True,15,45,5,8,2,2130.62,2496.73,2380.5933333333332,216.66407877944286,1,0,1
2026-08-05 16:00:00,2202.0,0.0,0.0,565.81,575.15,544.22,553.2,552.49,561.6,37.42,37.44,233.93,232.62,13.6,90.0,True,16,0,5,8,2,2514.43,2130.62,2282.35,204.1313814679447,1,0,1
2026-08-05 16:15:00,2063.51,0.0,0.0,530.63,539.38,511.05,519.48,517.87,526.4,37.57,38.15,221.17,220.73,13.82,89.27,True,16,15,5,8,2,2202.0,2514.43,2259.98,230.98370483653505,1,0,1
2026-08-05 16:30:00,2010.97,0.0,0.0,515.88,524.4,497.6,505.84,505.97,514.33,37.22,37.9,217.54,218.76,14.03,88.32,True,16,30,5,8,2,2063.51,2202.0,2092.1600000000003,98.68501456661016,1,0,1
2026-08-05 16:45:00,1652.99,0.0,0.0,423.58,430.94,408.18,415.35,414.85,422.1,36.87,37.57,180.22,181.82,14.2,87.5,True,16,45,5,8,2,2010.97,2063.51,1909.1566666666668,223.39680779578256,1,0,1
2026-08-05 17:00:00,1386.56,0.0,0.0,353.16,359.61,346.56,352.91,350.33,356.73,35.66,36.4,154.73,157.3,14.35,85.06,True,17,0,5,8,2,1652.99,2010.97,1683.506666666667,313.321579584532,1,0,1
2026-08-05 17:15:00,1126.33,0.0,0.0,290.74,296.27,279.41,284.77,284.88,290.32,34.56,35.27,123.68,126.16,14.47,86.05,True,17,15,5,8,2,1386.56,1652.99,1388.6266666666663,263.33608228525543,1,0,1
2026-08-05 17:30:00,846.1,0.0,0.0,216.6,221.43,212.7,217.5,215.39,220.21,33.27,33.72,98.67,101.39,14.56,80.58,True,17,30,5,8,2,1126.33,1386.56,1119.6633333333332,270.2916688197164,1,0,1
2026-08-05 17:45:00,621.58,0.0,0.0,150.29,154.42,146.86,150.94,148.83,152.94,32.23,32.69,72.32,74.35,14.62,80.42,True,17,45,5,8,2,846.1,1126.33,864.6700000000001,252.88688044264842,1,0,1
2026-08-05 18:00:00,422.15,0.0,0.0,78.9,80.54,85.3,87.1,86.77,88.58,30.72,31.02,55.56,56.48,14.65,70.66,True,18,0,5,8,2,621.58,846.1,629.9433333333333,212.0987025734672,1,0,1
2026-08-05 18:15:00,321.25,0.0,0.0,84.93,87.17,82.54,84.75,83.87,86.09,30.35,30.78,37.44,37.81,14.68,79.66,True,18,15,5,8,2,422.15,621.58,454.99333333333334,152.8350111504178,1,0,1
2026-08-05 18:30:00,147.01,0.0,0.0,41.48,42.78,40.09,41.34,40.65,41.92,29.02,29.12,18.55,19.04,14.7,73.21,True,18,30,5,8,2,321.25,422.15,296.80333333333334,139.18956330612056,0,0,1
2026-08-05 18:45:00,29.31,0.0,0.0,6.83,7.07,6.64,6.87,6.61,6.84,28.2,28.1,3.02,3.22,14.7,55.73,True,18,45,5,8,2,147.01,321.25,165.85666666666665,146.8796736561895,0,0,1
2026-08-05 19:00:00,0.0,0.0,0.0,0.0,0.0,0.0,0.0,0.0,0.0,28.06,28.13,0.13,0.3,14.7,0.0,True,19,0,5,8,2,29.31,147.01,58.77333333333333,77.80778260141386,0,0,1
2026-08-05 19:15:00,0.0,0.0,0.0,0.0,0.0,0.0,0.0,0.0,0.0,27.17,27.14,0.18,0.31,14.7,0.0,True,19,15,5,8,2,0.0,29.31,9.77,16.922136390409452,0,0,1
2026-08-05 19:30:00,0.0,0.0,0.0,0.0,0.0,0.0,0.0,0.0,0.0,27.21,27.12,0.17,0.34,14.7,0.0,True,19,30,5,8,2,0.0,0.0,0.0,0.0001250359410321736,0,0,1
2026-08-05 19:45:00,0.0,0.0,0.0,0.0,0.0,0.0,0.0,0.0,0.0,27.38,27.28,0.28,0.38,14.7,0.0,True,19,45,5,8,2,0.0,0.0,0.0,0.0001250359410321736,0,0,1
2026-08-05 20:00:00,0.0,0.0,0.0,0.0,0.0,0.0,0.0,0.0,0.0,27.06,27.02,0.23,0.36,14.7,0.0,True,20,0,5,8,2,0.0,0.0,0.0,0.0001250359410321736,0,0,1
2026-08-05 20:15:00,0.0,0.0,0.0,0.0,0.0,0.0,0.0,0.0,0.0,27.08,27.04,0.19,0.35,14.7,0.0,True,20,15,5,8,2,0.0,0.0,0.0,0.0001250359410321736,0,0,1
2026-08-05 20:30:00,0.0,0.0,0.0,0.0,0.0,0.0,0.0,0.0,0.0,26.44,26.3,0.31,0.39,14.7,0.0,True,20,30,5,8,2,0.0,0.0,0.0,0.0001250359410321736,0,0,1
2026-08-05 20:45:00,0.0,0.0,0.0,0.0,0.0,0.0,0.0,0.0,0.0,27.49,27.54,0.17,0.35,14.7,0.0,True,20,45,5,8,2,0.0,0.0,0.0,0.0001250359410321736,0,0,1
2026-08-05 21:00:00,0.0,0.0,0.0,0.0,0.0,0.0,0.0,0.0,0.0,27.4,27.43,0.26,0.39,14.7,0.0,True,21,0,5,8,2,0.0,0.0,0.0,0.0001250359410321736,0,0,1
2026-08-05 21:15:00,0.0,0.0,0.0,0.0,0.0,0.0,0.0,0.0,0.0,27.15,27.19,0.31,0.41,14.7,0.0,True,21,15,5,8,2,0.0,0.0,0.0,0.0001250359410321736,0,0,1
2026-08-05 21:30:00,0.0,0.0,0.0,0.0,0.0,0.0,0.0,0.0,0.0,27.31,27.44,0.28,0.39,14.7,0.0,True,21,30,5,8,2,0.0,0.0,0.0,0.0001250359410321736,0,0,1
2026-08-05 21:45:00,0.0,0.0,0.0,0.0,0.0,0.0,0.0,0.0,0.0,27.59,27.57,0.3,0.4,14.7,0.0,True,21,45,5,8,2,0.0,0.0,0.0,0.0001250359410321736,0,0,1
2026-08-05 22:00:00,0.0,0.0,0.0,0.0,0.0,0.0,0.0,0.0,0.0,27.68,27.68,0.29,0.4,14.7,0.0,True,22,0,5,8,2,0.0,0.0,0.0,0.0001250359410321736,0,0,1
2026-08-05 22:15:00,0.0,0.0,0.0,0.0,0.0,0.0,0.0,0.0,0.0,26.74,26.73,0.24,0.4,14.7,0.0,True,22,15,5,8,2,0.0,0.0,0.0,0.0001250359410321736,0,0,1
2026-08-05 22:30:00,0.0,0.0,0.0,0.0,0.0,0.0,0.0,0.0,0.0,26.79,26.86,0.32,0.44,14.7,0.0,True,22,30,5,8,2,0.0,0.0,0.0,0.0001250359410321736,0,0,1
2026-08-05 22:45:00,0.0,0.0,0.0,0.0,0.0,0.0,0.0,0.0,0.0,26.89,26.94,0.32,0.44,14.7,0.0,True,22,45,5,8,2,0.0,0.0,0.0,0.0001250359410321736,0,0,1
2026-08-05 23:00:00,0.0,0.0,0.0,0.0,0.0,0.0,0.0,0.0,0.0,26.91,26.93,0.3,0.44,14.7,0.0,True,23,0,5,8,2,0.0,0.0,0.0,0.0001250359410321736,0,0,1
2026-08-05 23:15:00,0.0,0.0,0.0,0.0,0.0,0.0,0.0,0.0,0.0,26.73,26.72,0.29,0.43,14.7,0.0,True,23,15,5,8,2,0.0,0.0,0.0,0.0001250359410321736,0,0,1
2026-08-05 23:30:00,0.0,0.0,0.0,0.0,0.0,0.0,0.0,0.0,0.0,26.22,26.0,0.33,0.44,14.7,0.0,True,23,30,5,8,2,0.0,0.0,0.0,0.0001250359410321736,0,0,1
2026-08-05 23:45:00,0.0,0.0,0.0,0.0,0.0,0.0,0.0,0.0,0.0,26.94,26.97,0.29,0.42,14.7,0.0,True,23,45,5,8,2,0.0,0.0,0.0,0.0001250359410321736,0,0,1
2026-08-06 00:15:00,0.0,0.0,0.0,0.0,0.0,0.0,0.0,0.0,0.0,27.01,26.92,0.35,0.42,0.0,0.0,True,0,15,6,8,3,0.0,0.0,0.0,0.0,0,1,0
2026-08-06 00:30:00,0.0,0.0,0.0,0.0,0.0,0.0,0.0,0.0,0.0,27.02,27.12,0.34,0.47,0.0,0.0,True,0,30,6,8,3,0.0,0.0,0.0,0.0,0,1,0
2026-08-06 00:45:00,0.0,0.0,0.0,0.0,0.0,0.0,0.0,0.0,0.0,27.07,26.94,0.21,0.4,0.0,0.0,True,0,45,6,8,3,0.0,0.0,0.0,0.0,0,1,0
2026-08-06 01:00:00,0.0,0.0,0.0,0.0,0.0,0.0,0.0,0.0,0.0,27.14,27.16,0.37,0.46,0.0,0.0,True,1,0,6,8,3,0.0,0.0,0.0,0.0,0,1,0
2026-08-06 01:15:00,0.0,0.0,0.0,0.0,0.0,0.0,0.0,0.0,0.0,27.11,27.17,0.29,0.43,0.0,0.0,True,1,15,6,8,3,0.0,0.0,0.0,0.0,0,1,0
2026-08-06 01:30:00,0.0,0.0,0.0,0.0,0.0,0.0,0.0,0.0,0.0,27.15,27.12,0.35,0.46,0.0,0.0,True,1,30,6,8,3,0.0,0.0,0.0,0.0,0,1,0
2026-08-06 01:45:00,0.0,0.0,0.0,0.0,0.0,0.0,0.0,0.0,0.0,27.11,27.1,0.33,0.44,0.0,0.0,True,1,45,6,8,3,0.0,0.0,0.0,0.0,0,1,0
2026-08-06 02:00:00,0.0,0.0,0.0,0.0,0.0,0.0,0.0,0.0,0.0,27.07,27.08,0.36,0.44,0.0,0.0,True,2,0,6,8,3,0.0,0.0,0.0,0.0,0,1,0
2026-08-06 02:15:00,0.0,0.0,0.0,0.0,0.0,0.0,0.0,0.0,0.0,26.49,26.39,0.59,0.42,0.0,0.0,True,2,15,6,8,3,0.0,0.0,0.0,0.0,0,1,0
2026-08-06 02:30:00,0.0,0.0,0.0,0.0,0.0,0.0,0.0,0.0,0.0,26.51,26.42,0.44,0.4,0.0,0.0,True,2,30,6,8,3,0.0,0.0,0.0,0.0,0,1,0
2026-08-06 02:45:00,0.0,0.0,0.0,0.0,0.0,0.0,0.0,0.0,0.0,26.24,26.18,0.26,0.42,0.0,0.0,True,2,45,6,8,3,0.0,0.0,0.0,0.0,0,1,0
2026-08-06 03:00:00,0.0,0.0,0.0,0.0,0.0,0.0,0.0,0.0,0.0,26.21,26.14,0.3,0.43,0.0,0.0,True,3,0,6,8,3,0.0,0.0,0.0,0.0,0,1,0
2026-08-06 03:15:00,0.0,0.0,0.0,0.0,0.0,0.0,0.0,0.0,0.0,26.67,26.66,0.53,0.44,0.0,0.0,True,3,15,6,8,3,0.0,0.0,0.0,0.0,0,1,0
2026-08-06 03:30:00,0.0,0.0,0.0,0.0,0.0,0.0,0.0,0.0,0.0,26.56,26.53,0.52,0.43,0.0,0.0,True,3,30,6,8,3,0.0,0.0,0.0,0.0,0,1,0
2026-08-06 03:45:00,0.0,0.0,0.0,0.0,0.0,0.0,0.0,0.0,0.0,26.68,26.68,0.41,0.4,0.0,0.0,True,3,45,6,8,3,0.0,0.0,0.0,0.0,0,1,0
2026-08-06 04:00:00,0.0,0.0,0.0,0.0,0.0,0.0,0.0,0.0,0.0,26.73,26.71,0.49,0.41,0.0,0.0,True,4,0,6,8,3,0.0,0.0,0.0,0.0,0,1,0
2026-08-06 04:15:00,0.0,0.0,0.0,0.0,0.0,0.0,0.0,0.0,0.0,26.71,26.65,0.49,0.43,0.0,0.0,True,4,15,6,8,3,0.0,0.0,0.0,0.0,0,1,0
2026-08-06 04:30:00,0.0,0.0,0.0,0.0,0.0,0.0,0.0,0.0,0.0,27.05,27.07,0.62,0.45,0.0,0.0,True,4,30,6,8,3,0.0,0.0,0.0,0.0,0,1,0
2026-08-06 04:45:00,0.0,0.0,0.0,0.0,0.0,0.0,0.0,0.0,0.0,27.08,27.13,0.57,0.42,0.0,0.0,True,4,45,6,8,3,0.0,0.0,0.0,0.0,0,1,0
2026-08-06 05:00:00,0.0,0.0,0.0,0.0,0.0,0.0,0.0,0.0,0.0,26.76,26.76,0.62,0.38,0.0,0.0,True,5,0,6,8,3,0.0,0.0,0.0,0.0,0,1,0
2026-08-06 05:15:00,0.0,0.0,0.0,0.0,0.0,0.0,0.0,0.0,0.0,26.8,26.83,0.53,0.43,0.0,0.0,True,5,15,6,8,3,0.0,0.0,0.0,0.0,0,1,0
2026-08-06 05:30:00,0.0,0.0,0.0,0.0,0.0,0.0,0.0,0.0,0.0,26.73,26.73,0.37,0.41,0.0,0.0,True,5,30,6,8,3,0.0,0.0,0.0,0.0,0,1,0
2026-08-06 05:45:00,0.0,0.0,0.0,0.0,0.0,0.0,0.0,0.0,0.0,26.69,26.66,0.61,0.43,0.0,0.0,True,5,45,6,8,3,0.0,0.0,0.0,0.0,0,1,0
2026-08-06 06:00:00,3.85,0.0,0.0,0.0,0.0,2.51,2.61,0.0,0.0,26.65,26.6,2.79,2.11,0.0,12.62,True,6,0,6,8,3,0.0,0.0,1.2833333333333334,2.222798536380059,0,1,0
2026-08-06 06:15:00,38.65,0.0,0.0,0.0,0.0,25.96,26.79,0.0,0.0,26.75,26.76,13.35,12.53,0.01,26.49,True,6,15,6,8,3,3.85,0.0,14.166666666666666,21.290392982125372,0,1,0
2026-08-06 06:30:00,128.74,0.0,0.0,0.0,0.0,73.42,75.43,0.0,0.0,27.51,27.68,32.81,31.84,0.02,36.02,True,6,30,6,8,3,38.65,3.85,57.080000000000005,64.45251507893234,1,1,0
2026-08-06 06:45:00,367.11,0.0,0.0,113.98,116.27,116.04,118.49,31.6,32.25,28.1,28.17,51.75,50.68,0.06,65.27,True,6,45,6,8,3,128.74,38.65,178.16666666666666,169.71664453828132,1,1,0
2026-08-06 07:00:00,574.96,0.0,0.0,150.43,153.27,144.31,147.06,146.31,149.09,28.22,28.43,63.04,62.03,0.11,83.96,True,7,0,6,8,3,367.11,128.74,356.93666666666667,223.28388798418337,1,1,0
2026-08-06 07:15:00,531.95,0.0,0.0,143.27,146.18,140.07,142.77,141.58,144.29,29.25,29.47,60.64,59.43,0.17,81.08,True,7,15,6,8,3,574.96,367.11,491.34,109.714560109404,1,1,0
2026-08-06 07:30:00,790.96,0.0,0.0,105.24,107.56,122.25,124.83,120.77,123.32,29.78,29.69,105.29,103.59,0.22,69.59,True,7,30,6,8,3,531.95,574.96,632.6233333333333,138.79963988906232,1,1,0
2026-08-06 07:45:00,1454.54,0.0,0.0,379.38,386.18,359.14,365.67,364.37,370.96,31.59,31.64,150.02,147.31,0.37,90.48,True,7,45,6,8,3,790.96,531.95,925.8166666666666,475.8495743754883,1,1,0
2026-08-06 08:00:00,1770.76,0.0,0.0,459.65,467.44,436.48,444.01,443.17,450.78,33.81,34.15,187.21,182.53,0.55,89.09,True,8,0,6,8,3,1454.54,790.96,1338.7533333333333,500.05692089334536,1,1,0
2026-08-06 08:15:00,1850.87,0.0,0.0,475.42,483.4,460.41,468.21,464.74,472.59,34.48,35.14,196.08,195.53,0.75,89.16,True,8,15,6,8,3,1770.76,1454.54,1692.0566666666666,209.5591282510342,1,1,0
2026-08-06 08:30:00,1973.86,0.0,0.0,508.32,516.71,490.08,498.23,495.96,504.18,34.8,35.29,205.33,205.92,0.95,90.92,True,8,30,6,8,3,1850.87,1770.76,1865.1633333333332,102.30164726598187,1,1,0
2026-08-06 08:45:00,2306.59,0.0,0.0,584.91,594.55,575.77,585.26,578.62,588.16,34.75,35.19,238.18,240.1,1.18,91.57,True,8,45,6,8,3,1973.86,1850.87,2043.7733333333333,235.76701472711005,1,1,0
2026-08-06 09:00:00,3042.23,0.0,0.0,786.01,798.65,751.09,763.1,761.6,773.79,36.7,37.28,318.19,318.72,1.5,91.14,True,9,0,6,8,3,2306.59,1973.86,2440.8933333333334,546.7006980362593,1,1,0
2026-08-06 09:15:00,3702.03,0.0,0.0,965.54,981.57,909.4,924.32,915.67,930.71,39.06,39.35,384.78,382.62,1.89,92.63,True,9,15,6,8,3,3042.23,2306.59,3016.9500000000003,698.0633976939341,1,1,0
2026-08-06 09:30:00,4368.13,0.0,0.0,1150.11,1169.95,1081.33,1099.71,1085.6,1104.06,41.58,41.87,461.17,455.55,2.34,92.18,True,9,30,6,8,3,3702.03,3042.23,3704.1299999999997,662.9524945273225,1,1,0
2026-08-06 09:45:00,4544.12,0.0,0.0,1177.09,1198.02,1112.15,1131.6,1121.4,1141.14,42.82,43.02,476.31,473.26,2.79,93.34,True,9,45,6,8,3,4368.13,3702.03,4204.76,444.18037968825166,1,1,0
2026-08-06 10:00:00,7270.57,0.0,0.0,1877.82,1916.62,1740.47,1775.5,1831.78,1869.18,48.15,48.51,847.67,846.28,3.55,85.89,True,10,0,6,8,3,4544.12,4368.13,5394.2733333333335,1627.3014490355904,1,1,0
2026-08-06 10:15:00,6612.54,0.0,0.0,1663.33,1696.22,1659.04,1692.12,1710.35,1744.58,51.52,52.26,869.67,878.14,4.26,77.29,True,10,15,6,8,3,7270.57,4544.12,6142.41,1422.725926979613,1,1,0
2026-08-06 10:30:00,5822.69,0.0,0.0,1488.94,1518.11,1430.65,1458.06,1517.28,1546.91,49.57,50.25,705.03,699.84,4.88,83.22,True,10,30,6,8,3,6612.54,7270.57,6568.599999999999,724.9394225037006,1,1,0
2026-08-06 10:45:00,7173.29,0.0,0.0,1718.4,1753.59,1853.36,1891.69,1867.19,1906.36,51.29,52.16,855.28,847.91,5.62,85.17,True,10,45,6,8,3,5822.69,6612.54,6536.173333333333,678.5307589441561,1,1,0
2026-08-06 11:00:00,6916.27,0.0,0.0,1991.1,2033.58,1525.27,1554.84,1664.14,1697.55,51.83,52.1,804.69,762.88,6.34,87.49,True,11,0,6,8,3,7173.29,5822.69,6637.416666666667,717.1816200470647,1,1,0
2026-08-06 11:15:00,5806.33,0.0,0.0,1406.74,1434.44,1493.29,1522.76,1461.24,1490.13,52.07,52.42,761.87,753.65,6.95,77.66,True,11,15,6,8,3,6916.27,7173.29,6631.963333333333,726.4761668033799,1,1,0
2026-08-06 11:30:00,7173.33,0.0,0.0,1964.04,2007.74,1681.03,1717.22,1729.51,1766.81,46.13,46.4,802.76,799.87,7.68,88.69,True,11,30,6,8,3,5806.33,6916.27,6631.9766666666665,726.4910698235266,1,1,0
2026-08-06 11:45:00,8194.45,0.0,0.0,2109.33,2154.9,2052.31,2096.2,2090.29,2135.31,55.78,56.58,968.08,959.63,8.52,87.71,True,11,45,6,8,3,7173.33,5806.33,7058.036666666667,1198.227314883671,1,1,0
2026-08-06 12:00:00,7031.65,0.0,0.0,1831.49,1869.94,1709.16,1744.17,1769.79,1806.57,55.85,56.19,868.49,847.74,9.26,83.93,True,12,0,6,8,3,8194.45,7173.33,7466.4766666666665,634.4108969219637,1,0,1
2026-08-06 12:15:00,6936.21,0.0,0.0,1916.87,1957.33,1636.59,1669.01,1727.81,1762.66,52.92,53.18,867.91,861.03,10.01,81.75,True,12,15,6,8,3,7031.65,8194.45,7387.436666666667,700.5212977014551,1,0,1
2026-08-06 12:30:00,4305.47,0.0,0.0,1145.45,1165.79,1043.27,1061.35,1063.62,1082.12,49.07,49.13,493.64,485.18,10.47,87.7,True,12,30,6,8,3,6936.21,7031.65,6091.110000000001,1547.1457124653766,1,0,1
2026-08-06 12:45:00,5770.4,0.0,0.0,1537.79,1567.58,1351.3,1375.96,1410.85,1437.2,45.28,45.88,632.3,627.13,11.05,90.25,True,12,45,6,8,3,4305.47,6936.21,5670.693333333334,1318.2011612168046,1,0,1
2026-08-06 13:00:00,5737.55,0.0,0.0,1460.57,1487.97,1458.76,1486.14,1455.61,1482.91,48.67,49.7,652.51,644.07,11.66,88.26,True,13,0,6,8,3,5770.4,4305.47,5271.14,836.4560313011075,1,0,1
2026-08-06 13:15:00,4307.66,0.0,0.0,1036.64,1054.13,1130.35,1149.86,1105.59,1124.57,45.95,46.4,475.53,473.58,12.11,89.84,True,13,15,6,8,3,5737.55,5770.4,5271.87,835.191878372868,1,0,1
2026-08-06 13:30:00,3896.54,0.0,0.0,1033.47,1051.18,955.12,971.03,973.16,989.54,44.36,45.25,425.78,420.55,12.52,90.14,True,13,30,6,8,3,4307.66,5737.55,4647.25,966.34387311143,1,0,1
2026-08-06 13:45:00,4282.15,0.0,0.0,1184.09,1205.5,992.98,1010.06,1066.3,1084.91,41.73,42.74,429.75,423.03,12.96,97.04,True,13,45,6,8,3,3896.54,4307.66,4162.116666666667,230.34954836798084,1,0,1
2026-08-06 14:00:00,6070.25,0.0,0.0,1623.47,1656.25,1433.68,1461.23,1504.92,1534.44,47.57,48.8,693.15,686.22,13.59,87.48,True,14,0,6,8,3,4282.15,3896.54,4749.6466666666665,1159.8140545075892,1,0,1
2026-08-06 14:15:00,4705.43,0.0,0.0,1222.06,1243.45,1161.68,1181.78,1185.67,1206.26,44.92,46.04,500.27,498.77,14.08,92.87,True,14,15,6,8,3,6070.25,4282.15,5019.276666666666,934.4518179838556,1,0,1
2026-08-06 14:30:00,4004.15,0.0,0.0,1017.48,1034.62,1008.34,1025.32,1008.07,1025.02,44.04,45.19,422.4,424.73,14.49,93.24,True,14,30,6,8,3,4705.43,6070.25,4926.610000000001,1050.6582445305417,1,0,1
2026-08-06 14:45:00,3379.32,0.0,0.0,878.52,892.85,827.38,840.81,845.55,859.27,41.52,42.49,355.72,358.07,14.85,92.43,True,14,45,6,8,3,4004.15,4705.43,4029.6333333333337,663.4221757171931,1,0,1
2026-08-06 15:00:00,4230.0,0.0,0.0,994.74,1011.38,1083.82,1102.33,1116.3,1135.48,42.02,42.83,469.84,472.36,15.29,87.78,True,15,0,6,8,3,3379.32,4004.15,3871.156666666667,440.65807110880695,1,0,1
2026-08-06 15:15:00,2503.27,0.0,0.0,603.51,613.47,664.62,675.67,635.68,646.17,40.91,41.65,263.72,264.62,15.55,92.12,True,15,15,6,8,3,4230.0,3379.32,3370.8633333333332,863.3960618588291,1,0,1
2026-08-06 15:30:00,4055.5,0.0,0.0,984.02,1000.62,1053.15,1071.48,1024.95,1042.5,42.12,43.3,444.29,444.76,15.98,89.04,True,15,30,6,8,3,2503.27,4230.0,3596.2566666666667,950.5669111816038,1,0,1
2026-08-06 15:45:00,2438.01,0.0,0.0,624.15,634.43,605.76,615.72,613.61,623.71,39.72,40.63,260.68,257.73,16.23,90.3,True,15,45,6,8,3,4055.5,2503.27,2998.9266666666667,915.6009629927958,1,0,1
2026-08-06 16:00:00,2545.65,0.0,0.0,668.28,679.13,610.73,620.77,635.88,646.26,38.24,38.99,260.93,254.62,16.5,93.61,True,16,0,6,8,3,2438.01,4055.5,3013.0533333333333,904.3881257697576,1,0,1
2026-08-06 16:15:00,2154.95,0.0,0.0,562.88,572.17,523.7,532.4,538.22,547.13,38.71,39.51,230.47,226.6,16.72,89.89,True,16,15,6,8,3,2545.65,2438.01,2379.5366666666664,201.80676533093407,1,0,1
2026-08-06 16:30:00,1587.26,0.0,0.0,416.26,423.53,385.98,392.86,396.72,403.74,37.24,37.88,170.49,167.35,16.89,88.95,True,16,30,6,8,3,2154.95,2545.65,2095.9533333333334,481.9110945323155,1,0,1
2026-08-06 16:45:00,1575.51,0.0,0.0,405.95,413.09,389.56,396.5,395.79,402.81,36.43,36.99,165.25,162.87,17.05,90.79,True,16,45,6,8,3,1587.26,2154.95,1772.573333333333,331.20001816626433,1,0,1
2026-08-06 17:00:00,1419.69,0.0,0.0,367.23,373.87,350.85,357.27,355.98,362.47,35.89,36.41,148.56,145.49,17.21,90.79,True,17,0,6,8,3,1575.51,1587.26,1527.4866666666667,93.53933201244033,1,0,1
2026-08-06 17:15:00,1122.89,0.0,0.0,292.05,297.6,278.43,283.78,282.05,287.46,35.06,35.6,118.14,115.48,17.32,89.99,True,17,15,6,8,3,1419.69,1575.51,1372.6966666666667,229.9402012118223,1,0,1
2026-08-06 17:30:00,841.81,0.0,0.0,219.09,223.95,209.39,214.21,211.87,216.7,33.9,34.27,88.99,87.02,17.41,89.13,True,17,30,6,8,3,1122.89,1419.69,1128.13,288.9756335748739,1,0,1
2026-08-06 17:45:00,618.49,0.0,0.0,162.61,167.01,153.1,157.37,156.18,160.48,33.15,33.58,66.24,64.84,17.48,87.7,True,17,45,6,8,3,841.81,1122.89,861.0633333333334,252.7505848328205,1,0,1
2026-08-06 18:00:00,290.32,0.0,0.0,78.96,81.43,73.52,75.83,74.68,77.02,31.99,32.27,33.07,32.24,17.51,82.07,True,18,0,6,8,3,618.49,841.81,583.54,277.40121106440597,1,0,1
2026-08-06 18:15:00,180.15,0.0,0.0,50.17,51.77,47.45,48.97,47.97,49.5,30.72,30.86,21.94,21.23,17.52,76.35,True,18,15,6,8,3,290.32,618.49,362.9866666666667,228.0259244764336,1,0,1
2026-08-06 18:30:00,56.16,0.0,0.0,18.47,19.11,17.52,18.14,17.75,18.37,30.07,30.19,9.75,9.38,17.53,53.42,True,18,30,6,8,3,180.15,290.32,175.54333333333332,117.1479510419709,0,0,1
2026-08-06 18:45:00,4.5,0.0,0.0,2.42,2.51,2.45,2.56,2.46,2.57,30.01,30.08,2.28,1.89,17.53,13.05,True,18,45,6,8,3,56.16,180.15,80.27,90.27291786576181,0,0,1
2026-08-06 19:00:00,0.0,0.0,0.0,0.0,0.0,0.0,0.0,0.0,0.0,29.75,29.81,0.15,0.29,17.53,0.0,True,19,0,6,8,3,4.5,56.16,20.22,31.206172466332863,0,0,1
2026-08-06 19:15:00,0.0,0.0,0.0,0.0,0.0,0.0,0.0,0.0,0.0,28.95,28.94,0.13,0.28,17.53,0.0,True,19,15,6,8,3,0.0,4.5,1.5,2.598076211062912,0,0,1
2026-08-06 19:30:00,0.0,0.0,0.0,0.0,0.0,0.0,0.0,0.0,0.0,28.28,28.3,0.19,0.3,17.53,0.0,True,19,30,6,8,3,0.0,0.0,0.0,0.0,0,0,1
2026-08-06 19:45:00,0.0,0.0,0.0,0.0,0.0,0.0,0.0,0.0,0.0,28.17,28.16,0.2,0.3,17.53,0.0,True,19,45,6,8,3,0.0,0.0,0.0,0.0,0,0,1
2026-08-06 20:00:00,0.0,0.0,0.0,0.0,0.0,0.0,0.0,0.0,0.0,27.98,27.92,0.17,0.3,17.53,0.0,True,20,0,6,8,3,0.0,0.0,0.0,0.0,0,0,1
2026-08-06 20:15:00,0.0,0.0,0.0,0.0,0.0,0.0,0.0,0.0,0.0,27.69,27.63,0.2,0.32,17.53,0.0,True,20,15,6,8,3,0.0,0.0,0.0,0.0,0,0,1
2026-08-06 20:30:00,0.0,0.0,0.0,0.0,0.0,0.0,0.0,0.0,0.0,27.71,27.74,0.25,0.35,17.53,0.0,True,20,30,6,8,3,0.0,0.0,0.0,0.0,0,0,1
2026-08-06 20:45:00,0.0,0.0,0.0,0.0,0.0,0.0,0.0,0.0,0.0,27.77,27.78,0.24,0.35,17.53,0.0,True,20,45,6,8,3,0.0,0.0,0.0,0.0,0,0,1
2026-08-06 21:00:00,0.0,0.0,0.0,0.0,0.0,0.0,0.0,0.0,0.0,27.83,27.83,0.23,0.34,17.53,0.0,True,21,0,6,8,3,0.0,0.0,0.0,0.0,0,0,1
2026-08-06 21:15:00,0.0,0.0,0.0,0.0,0.0,0.0,0.0,0.0,0.0,27.63,27.61,0.25,0.35,17.53,0.0,True,21,15,6,8,3,0.0,0.0,0.0,0.0,0,0,1
2026-08-06 21:30:00,0.0,0.0,0.0,0.0,0.0,0.0,0.0,0.0,0.0,27.53,27.49,0.31,0.36,17.53,0.0,True,21,30,6,8,3,0.0,0.0,0.0,0.0,0,0,1
2026-08-06 21:45:00,0.0,0.0,0.0,0.0,0.0,0.0,0.0,0.0,0.0,27.69,27.66,0.27,0.37,17.53,0.0,True,21,45,6,8,3,0.0,0.0,0.0,0.0,0,0,1
2026-08-06 22:00:00,0.0,0.0,0.0,0.0,0.0,0.0,0.0,0.0,0.0,27.86,27.85,0.29,0.37,17.53,0.0,True,22,0,6,8,3,0.0,0.0,0.0,0.0,0,0,1
2026-08-06 22:15:00,0.0,0.0,0.0,0.0,0.0,0.0,0.0,0.0,0.0,27.79,27.76,0.29,0.37,17.53,0.0,True,22,15,6,8,3,0.0,0.0,0.0,0.0,0,0,1
2026-08-06 22:30:00,0.0,0.0,0.0,0.0,0.0,0.0,0.0,0.0,0.0,27.69,27.65,0.27,0.37,17.53,0.0,True,22,30,6,8,3,0.0,0.0,0.0,0.0,0,0,1
2026-08-06 22:45:00,0.0,0.0,0.0,0.0,0.0,0.0,0.0,0.0,0.0,27.69,27.68,0.3,0.38,17.53,0.0,True,22,45,6,8,3,0.0,0.0,0.0,0.0,0,0,1
2026-08-06 23:00:00,0.0,0.0,0.0,0.0,0.0,0.0,0.0,0.0,0.0,27.6,27.56,0.26,0.37,17.53,0.0,True,23,0,6,8,3,0.0,0.0,0.0,0.0,0,0,1
2026-08-06 23:15:00,0.0,0.0,0.0,0.0,0.0,0.0,0.0,0.0,0.0,27.68,27.66,0.3,0.38,17.53,0.0,True,23,15,6,8,3,0.0,0.0,0.0,0.0,0,0,1
2026-08-06 23:30:00,0.0,0.0,0.0,0.0,0.0,0.0,0.0,0.0,0.0,27.73,27.7,0.25,0.37,17.53,0.0,True,23,30,6,8,3,0.0,0.0,0.0,0.0,0,0,1
2026-08-06 23:45:00,0.0,0.0,0.0,0.0,0.0,0.0,0.0,0.0,0.0,27.67,27.64,0.28,0.37,17.53,0.0,True,23,45,6,8,3,0.0,0.0,0.0,0.0,0,0,1
