block_hour,horizon_min,kt_now,final_forecast_kw,residual_kw,date
7.0,15.0,1.1394766553317779,405.8838185856972,51.490848080969386,2026-07-01
7.25,30.0,1.1394766553317779,580.5698600837321,-17.075193417065407,2026-07-01
7.5,45.0,1.1394766553317779,772.5485225520752,-34.41052255207501,2026-07-01
7.75,60.0,1.1394766553317779,981.0498419755008,-42.65450864216746,2026-07-01
8.0,75.0,1.1394766553317779,1194.7733064295958,-130.82530642959568,2026-07-01
8.25,90.0,1.1394766553317779,1411.5155995567252,-4.151599556725159,2026-07-01
8.5,105.0,1.1394766553317779,1629.2950602526869,56.10760641397974,2026-07-01
8.75,120.0,1.1394766553317779,1849.6004956639508,158.44283766938247,2026-07-01
9.0,135.0,1.1394766553317779,2069.397079487704,231.23425384562915,2026-07-01
9.25,150.0,1.1394766553317779,2285.979867201652,63.71079946501504,2026-07-01
9.5,165.0,1.1394766553317779,2494.137435023712,-132.31676835704502,2026-07-01
9.75,180.0,1.1394766553317779,2686.154987283149,50.629679383517214,2026-07-01
10.0,195.0,1.1394766553317779,2868.7300490146035,-82.42271568127035,2026-07-01
10.25,210.0,1.1394766553317779,3047.017753982569,212.16291268409805,2026-07-01
10.5,225.0,1.1394766553317779,3218.2593293440323,128.99933732263435,2026-07-01
10.75,240.0,1.1394766553317779,3364.0388651711587,-570.843531837826,2026-07-01
11.0,255.0,1.1394766553317779,3489.526721359864,-1804.6593880265302,2026-07-01
11.25,270.0,1.1394766553317779,3603.205565369181,-1482.5202320358476,2026-07-01
11.5,285.0,1.1394766553317779,3706.668227538771,-1601.4002275387707,2026-07-01
11.75,300.0,1.1394766553317779,3778.456085210083,-1961.5614185434167,2026-07-01
12.0,315.0,1.1394766553317779,3830.720259121244,-2429.966925787911,2026-07-01
12.25,330.0,1.1394766553317779,3875.026168345421,-907.9708350120882,2026-07-01
12.5,345.0,1.1394766553317779,3913.924506433158,-2161.2171730998252,2026-07-01
12.75,360.0,1.1394766553317779,3899.94128795164,-2489.9192879516404,2026-07-01
13.0,375.0,1.1394766553317779,3873.464201916269,-2329.0542019162685,2026-07-01
13.25,390.0,1.1394766553317779,3834.3459903254097,-1920.2139903254094,2026-07-01
13.5,405.0,1.1394766553317779,3786.9323609517255,-1268.5070276183924,2026-07-01
13.75,420.0,1.1394766553317779,3695.175099281956,-1863.6310992819554,2026-07-01
14.0,435.0,1.1394766553317779,3588.9599995924714,-2176.604666259138,2026-07-01
14.25,450.0,1.1394766553317779,3467.705725299872,-2333.5150586332056,2026-07-01
14.5,465.0,1.1394766553317779,3337.490802266537,-2250.8034689332035,2026-07-01
14.75,480.0,1.1394766553317779,3178.9295178959446,-2191.7788512292777,2026-07-01
15.0,495.0,1.1394766553317779,3009.0137602291675,-2101.1837602291675,2026-07-01
15.25,510.0,1.1394766553317779,2829.1442133511764,-1873.62554668451,2026-07-01
15.5,525.0,1.1394766553317779,2636.169708597474,-1934.2217085974735,2026-07-01
15.75,540.0,1.1394766553317779,2433.7614712692903,-1749.0854712692903,2026-07-01
16.0,555.0,1.1394766553317779,2226.852490492616,-1510.1364904926163,2026-07-01
16.25,570.0,1.1394766553317779,2012.9316804739076,-1161.7956804739074,2026-07-01
16.5,585.0,1.1394766553317779,1797.6555557227975,-98.85088905613065,2026-07-01
16.75,600.0,1.1394766553317779,1583.2581701110548,-309.5395034443882,2026-07-01
17.0,615.0,1.1394766553317779,1365.4492779006837,-734.4719445673502,2026-07-01
17.25,630.0,1.1394766553317779,1149.422078706294,-654.550078706294,2026-07-01
17.5,645.0,1.1394766553317779,938.9902488756,-214.0502488755999,2026-07-01
17.75,660.0,1.1394766553317779,739.3198849972114,-19.79721833054475,2026-07-01
18.0,675.0,1.1394766553317779,552.9211339074641,-32.834467240797494,2026-07-01
18.25,690.0,1.1394766553317779,366.7564877752281,-84.5904877752281,2026-07-01
18.5,705.0,1.1394766553317779,209.44427472027527,-91.38427472027527,2026-07-01
18.75,720.0,1.1394766553317779,106.66612616985348,-44.33689540062272,2026-07-01
19.0,735.0,1.1394766553317779,27.88185014354352,21.954816523123146,2026-07-01
8.5,15.0,0.8420278944380544,1300.759336234055,384.6433304326117,2026-07-01
8.75,30.0,0.8420278944380544,1483.7869979445936,524.2563353887397,2026-07-01
9.0,45.0,0.8420278944380544,1664.824793595403,635.8065397379303,2026-07-01
9.25,60.0,0.8420278944380544,1839.8381826186856,509.8524840479813,2026-07-01
9.5,75.0,0.8420278944380544,2011.0846296348063,350.73603703186063,2026-07-01
9.75,90.0,0.8420278944380544,2173.8145791568177,562.9700875098483,2026-07-01
10.0,105.0,0.8420278944380544,2327.026475328952,459.2808580043811,2026-07-01
10.25,120.0,0.8420278944380544,2474.528800572112,784.6518660945553,2026-07-01
10.5,135.0,0.8420278944380544,2617.341241818565,729.9174248481017,2026-07-01
10.75,150.0,0.8420278944380544,2740.068664892915,53.12666844041769,2026-07-01
11.0,165.0,0.8420278944380544,2854.652745788289,-1169.7854124549551,2026-07-01
11.25,180.0,0.8420278944380544,2958.20934770732,-837.5240143739866,2026-07-01
11.5,195.0,0.8420278944380544,3048.51085668603,-943.2428566860294,2026-07-01
11.75,210.0,0.8420278944380544,3111.515281190123,-1294.6206145234567,2026-07-01
12.0,225.0,0.8420278944380544,3161.4120497620297,-1760.6587164286966,2026-07-01
12.25,240.0,0.8420278944380544,3202.661302644828,-235.6059693114953,2026-07-01
12.5,255.0,0.8420278944380544,3227.3287758848974,-1474.6214425515645,2026-07-01
12.75,270.0,0.8420278944380544,3197.646651681177,-1787.6246516811773,2026-07-01
13.0,285.0,0.8420278944380544,3144.846832117726,-1600.436832117726,2026-07-01
13.25,300.0,0.8420278944380544,3094.2232830576136,-1180.0912830576133,2026-07-01
13.5,315.0,0.8420278944380544,3051.626188701732,-533.2008553683991,2026-07-01
13.75,330.0,0.8420278944380544,2972.677506068035,-1141.1335060680344,2026-07-01
14.0,345.0,0.8420278944380544,2884.24929812876,-1471.8939647954269,2026-07-01
14.25,360.0,0.8420278944380544,2790.6127767949456,-1656.422110128279,2026-07-01
14.5,375.0,0.8420278944380544,2690.8184210736267,-1604.1310877402937,2026-07-01
14.75,390.0,0.8420278944380544,2568.373170630999,-1581.2225039643322,2026-07-01
15.0,405.0,0.8420278944380544,2433.049396355424,-1525.2193963554241,2026-07-01
15.25,420.0,0.8420278944380544,2286.3414621756183,-1330.822795508952,2026-07-01
15.5,435.0,0.8420278944380544,2131.668132801536,-1429.7201328015358,2026-07-01
15.75,450.0,0.8420278944380544,1968.327957156436,-1283.651957156436,2026-07-01
16.0,465.0,0.8420278944380544,1801.3466865780194,-1084.6306865780193,2026-07-01
16.25,480.0,0.8420278944380544,1631.555890960334,-780.4198909603339,2026-07-01
16.5,495.0,0.8420278944380544,1457.1448855437802,241.65978112288667,2026-07-01
16.75,510.0,0.8420278944380544,1285.1474967880104,-11.428830121343708,2026-07-01
17.0,525.0,0.8420278944380544,1113.0441392373748,-482.0668059040413,2026-07-01
17.25,540.0,0.8420278944380544,941.735893058824,-446.863893058824,2026-07-01
17.5,555.0,0.8420278944380544,772.2294764445104,-47.28947644451034,2026-07-01
17.75,570.0,0.8420278944380544,611.2346064641262,108.28806020254046,2026-07-01
18.0,585.0,0.8420278944380544,460.2037092602856,59.88295740638097,2026-07-01
18.25,600.0,0.8420278944380544,305.4830002768932,-23.317000276893225,2026-07-01
18.5,615.0,0.8420278944380544,174.3049619309091,-56.244961930909085,2026-07-01
18.75,630.0,0.8420278944380544,88.32976253002731,-26.000531760796548,2026-07-01
19.0,645.0,0.8420278944380544,22.66868354556137,27.167983121105294,2026-07-01
10.0,15.0,0.9711184392289094,2545.7998011030822,240.50753223025094,2026-07-01
10.25,30.0,0.9711184392289094,2702.56203447822,556.618632188447,2026-07-01
10.5,45.0,0.9711184392289094,2853.209222070649,494.04944459601757,2026-07-01
10.75,60.0,0.9711184392289094,2982.5873666384537,-189.392033305121,2026-07-01
11.0,75.0,0.9711184392289094,3098.613040970661,-1413.7457076373273,2026-07-01
11.25,90.0,0.9711184392289094,3206.7094591534337,-1086.0241258201004,2026-07-01
11.5,105.0,0.9711184392289094,3301.5472990327958,-1196.2792990327953,2026-07-01
11.75,120.0,0.9711184392289094,3370.064012896925,-1553.1693462302585,2026-07-01
12.0,135.0,0.9711184392289094,3424.4111059413444,-2023.6577726080113,2026-07-01
12.25,150.0,0.9711184392289094,3473.999733448042,-506.9444001147094,2026-07-01
12.5,165.0,0.9711184392289094,3504.2366712820663,-1751.5293379487334,2026-07-01
12.75,180.0,0.9711184392289094,3480.2400396635603,-2070.2180396635604,2026-07-01
13.0,195.0,0.9711184392289094,3425.8643560824344,-1881.4543560824343,2026-07-01
13.25,210.0,0.9711184392289094,3371.730449327536,-1457.5984493275357,2026-07-01
13.5,225.0,0.9711184392289094,3322.649182348356,-804.223849015023,2026-07-01
13.75,240.0,0.9711184392289094,3240.534073883762,-1408.9900738837614,2026-07-01
14.0,255.0,0.9711184392289094,3146.798273292201,-1734.4429399588678,2026-07-01
14.25,270.0,0.9711184392289094,3045.369885854993,-1911.1792191883262,2026-07-01
14.5,285.0,0.9711184392289094,2937.363204235416,-1850.675870902083,2026-07-01
14.75,300.0,0.9711184392289094,2805.8977832985047,-1818.7471166318378,2026-07-01
15.0,315.0,0.9711184392289094,2656.786998314016,-1748.956998314016,2026-07-01
15.25,330.0,0.9711184392289094,2495.5705801770077,-1540.0519135103414,2026-07-01
15.5,345.0,0.9711184392289094,2325.2568481947064,-1623.3088481947061,2026-07-01
15.75,360.0,0.9711184392289094,2148.8982372474875,-1464.2222372474876,2026-07-01
16.0,375.0,0.9711184392289094,1964.3147326638448,-1247.5987326638447,2026-07-01
16.25,390.0,0.9711184392289094,1774.777284332971,-923.6412843329709,2026-07-01
16.5,405.0,0.9711184392289094,1582.4173252162814,116.38734145038552,2026-07-01
16.75,420.0,0.9711184392289094,1395.287004207902,-121.56833754123545,2026-07-01
17.0,435.0,0.9711184392289094,1206.3667134843802,-575.3893801510467,2026-07-01
17.25,450.0,0.9711184392289094,1018.211667719474,-523.3396677194739,2026-07-01
17.5,465.0,0.9711184392289094,833.8313120525204,-108.89131205252033,2026-07-01
17.75,480.0,0.9711184392289094,659.2440636169173,60.278603049749336,2026-07-01
18.0,495.0,0.9711184392289094,495.1915763223995,24.89509034426709,2026-07-01
18.25,510.0,0.9711184392289094,329.4392315836432,-47.27323158364322,2026-07-01
18.5,525.0,0.9711184392289094,188.2668457742041,-70.20684577420411,2026-07-01
18.75,540.0,0.9711184392289094,95.53768048669068,-33.208449717459914,2026-07-01
19.0,555.0,0.9711184392289094,24.624953762576684,25.211712904089982,2026-07-01
11.5,15.0,0.7490210783640567,2634.814134263967,-529.5461342639665,2026-07-01
11.75,30.0,0.7490210783640567,2719.7758877204,-902.8812210537337,2026-07-01
12.0,45.0,0.7490210783640567,2784.860882708666,-1384.1075493753328,2026-07-01
12.25,60.0,0.7490210783640567,2837.5505462637143,129.5047870696185,2026-07-01
12.5,75.0,0.7490210783640567,2872.73858134624,-1120.0312480129073,2026-07-01
12.75,90.0,0.7490210783640567,2871.2349133152893,-1461.2129133152896,2026-07-01
13.0,105.0,0.7490210783640567,2848.373504301326,-1303.963504301326,2026-07-01
13.25,120.0,0.7490210783640567,2818.9220697030014,-904.7900697030011,2026-07-01
13.5,135.0,0.7490210783640567,2785.1339049777757,-266.7085716444426,2026-07-01
13.75,150.0,0.7490210783640567,2713.3419242133923,-881.7979242133915,2026-07-01
14.0,165.0,0.7490210783640567,2626.520917425621,-1214.1655840922879,2026-07-01
14.25,180.0,0.7490210783640567,2545.741489601636,-1411.5508229349696,2026-07-01
14.5,195.0,0.7490210783640567,2460.389461813916,-1373.702128480583,2026-07-01
14.75,210.0,0.7490210783640567,2353.1064851290994,-1365.9558184624325,2026-07-01
15.0,225.0,0.7490210783640567,2224.301174036086,-1316.4711740360863,2026-07-01
15.25,240.0,0.7490210783640567,2086.8507733973715,-1131.3321067307052,2026-07-01
15.5,255.0,0.7490210783640567,1942.1581007493385,-1240.2101007493384,2026-07-01
15.75,270.0,0.7490210783640567,1793.527434210555,-1108.851434210555,2026-07-01
16.0,285.0,0.7490210783640567,1635.7461130126487,-919.0301130126487,2026-07-01
16.25,300.0,0.7490210783640567,1479.7091497738727,-628.5731497738726,2026-07-01
16.5,315.0,0.7490210783640567,1316.749902858615,382.0547638080518,2026-07-01
16.75,330.0,0.7490210783640567,1151.5249833392536,122.19368332741305,2026-07-01
17.0,345.0,0.7490210783640567,987.4231684013544,-356.44583506802087,2026-07-01
17.25,360.0,0.7490210783640567,835.8655625127168,-340.9935625127168,2026-07-01
17.5,375.0,0.7490210783640567,688.845648941537,36.094351058463076,2026-07-01
17.75,390.0,0.7490210783640567,549.1611056407774,170.36156102588927,2026-07-01
18.0,405.0,0.7490210783640567,416.1202780549985,103.9663886116681,2026-07-01
18.25,420.0,0.7490210783640567,277.7843373347862,4.38166266521381,2026-07-01
18.5,435.0,0.7490210783640567,158.99477792008344,-40.934777920083434,2026-07-01
18.75,450.0,0.7490210783640567,80.93310606401691,-18.60387529478615,2026-07-01
19.0,465.0,0.7490210783640567,20.76667053110995,29.069996135556718,2026-07-01
13.0,15.0,0.4685283978211524,1991.8754013146936,-447.4654013146935,2026-07-01
13.25,30.0,0.4685283978211524,1979.88208611617,-65.75008611616977,2026-07-01
13.5,45.0,0.4685283978211524,1959.2077663406312,559.2175669927019,2026-07-01
13.75,60.0,0.4685283978211524,1924.6997032821369,-93.15570328213607,2026-07-01
14.0,75.0,0.4685283978211524,1884.324606059884,-471.9692727265508,2026-07-01
14.25,90.0,0.4685283978211524,1841.68155152824,-707.4908848615735,2026-07-01
14.5,105.0,0.4685283978211524,1786.1552255842118,-699.4678922508788,2026-07-01
14.75,120.0,0.4685283978211524,1716.3291994744109,-729.1785328077441,2026-07-01
15.0,135.0,0.4685283978211524,1638.6130341588705,-730.7830341588705,2026-07-01
15.25,150.0,0.4685283978211524,1552.8310842026465,-597.3124175359801,2026-07-01
15.5,165.0,0.4685283978211524,1459.8610395576377,-757.9130395576375,2026-07-01
15.75,180.0,0.4685283978211524,1359.17155970613,-674.49555970613,2026-07-01
16.0,195.0,0.4685283978211524,1253.0225903610888,-536.3065903610888,2026-07-01
16.25,210.0,0.4685283978211524,1147.2564238022835,-296.1204238022834,2026-07-01
16.5,225.0,0.4685283978211524,1035.8865197500486,662.9181469166183,2026-07-01
16.75,240.0,0.4685283978211524,914.353355293715,359.3653113729516,2026-07-01
17.0,255.0,0.4685283978211524,790.3990755027497,-159.42174216941623,2026-07-01
17.25,270.0,0.4685283978211524,673.594984526043,-178.72298452604304,2026-07-01
17.5,285.0,0.4685283978211524,559.2028961519468,165.73710384805327,2026-07-01
17.75,300.0,0.4685283978211524,437.3702346061372,282.1524320605294,2026-07-01
18.0,315.0,0.4685283978211524,316.9405756099924,203.1460910566742,2026-07-01
18.25,330.0,0.4685283978211524,209.70573375948237,72.46026624051763,2026-07-01
18.5,345.0,0.4685283978211524,119.49495976631628,-1.4349597663162825,2026-07-01
18.75,360.0,0.4685283978211524,60.72400855706512,1.6052222121656428,2026-07-01
19.0,375.0,0.4685283978211524,15.34421719206756,34.492449474599105,2026-07-01
14.5,15.0,0.43666072264503814,1671.188268542724,-584.500935209391,2026-07-01
14.75,30.0,0.43666072264503814,1615.23869138652,-628.0880247198533,2026-07-01
15.0,45.0,0.43666072264503814,1548.7037593629989,-640.8737593629988,2026-07-01
15.25,60.0,0.43666072264503814,1473.2665137023778,-517.7478470357114,2026-07-01
15.5,75.0,0.43666072264503814,1390.6486691423036,-688.7006691423034,2026-07-01
15.75,90.0,0.43666072264503814,1297.5027073841284,-612.8267073841284,2026-07-01
16.0,105.0,0.43666072264503814,1197.7770195057465,-481.06101950574646,2026-07-01
16.25,120.0,0.43666072264503814,1094.5443136261397,-243.4083136261396,2026-07-01
16.5,135.0,0.43666072264503814,987.45107400153,711.353592665137,2026-07-01
16.75,150.0,0.43666072264503814,872.7249722022864,400.99369446438027,2026-07-01
17.0,165.0,0.43666072264503814,757.7908957329381,-126.81356239960462,2026-07-01
17.25,180.0,0.43666072264503814,647.081799269652,-152.20979926965202,2026-07-01
17.5,195.0,0.43666072264503814,537.5495175165477,187.3904824834524,2026-07-01
17.75,210.0,0.43666072264503814,420.8898366613265,298.6328300053401,2026-07-01
18.0,225.0,0.43666072264503814,304.9353589479484,215.15130771871821,2026-07-01
18.25,240.0,0.43666072264503814,202.01706436876637,80.14893563123363,2026-07-01
18.5,255.0,0.43666072264503814,115.28500823463308,2.77499176536692,2026-07-01
18.75,270.0,0.43666072264503814,58.689712577319455,3.639518191911307,2026-07-01
19.0,285.0,0.43666072264503814,14.808097482687684,35.02856918397898,2026-07-01
16.0,15.0,0.2752876712439963,931.8955166647614,-215.17951666476142,2026-07-01
16.25,30.0,0.2752876712439963,856.0010756343221,-4.865075634322011,2026-07-01
16.5,45.0,0.2752876712439963,776.0333469534869,922.77131971318,2026-07-01
16.75,60.0,0.2752876712439963,690.9085430035462,582.8101236631204,2026-07-01
17.0,75.0,0.2752876712439963,606.8761763072159,24.101157026117562,2026-07-01
17.25,90.0,0.2752876712439963,522.3635661146601,-27.49156611466009,2026-07-01
17.5,105.0,0.2752876712439963,437.5201357324779,287.41986426752214,2026-07-01
17.75,120.0,0.2752876712439963,344.817273224743,374.7053934419236,2026-07-01
18.0,135.0,0.2752876712439963,250.83697263681444,269.24969402985215,2026-07-01
18.25,150.0,0.2752876712439963,166.01163288088034,116.15436711911966,2026-07-01
18.5,165.0,0.2752876712439963,94.8469122747205,23.213087725279507,2026-07-01
18.75,180.0,0.2752876712439963,48.44139372910104,13.887837040129725,2026-07-01
19.0,195.0,0.2752876712439963,12.014915967891897,37.82175069877477,2026-07-01
7.0,15.0,0.28548995822110906,144.7501953853471,26.370471281319567,2026-07-02
7.25,30.0,0.28548995822110906,207.73444868181764,127.8648846515157,2026-07-02
7.5,45.0,0.28548995822110906,276.0424669621514,275.52019970451516,2026-07-02
7.75,60.0,0.28548995822110906,350.9220188946273,408.6559811053726,2026-07-02
8.0,75.0,0.28548995822110906,429.4645272861159,578.5148060472172,2026-07-02
8.25,90.0,0.28548995822110906,509.6783512892586,689.653648710741,2026-07-02
8.5,105.0,0.28548995822110906,589.0778842009944,615.7707824656719,2026-07-02
8.75,120.0,0.28548995822110906,671.4031717940679,568.466828205932,2026-07-02
9.0,135.0,0.28548995822110906,755.0347655891838,747.5239010774827,2026-07-02
9.25,150.0,0.28548995822110906,836.923500612428,856.2464993875723,2026-07-02
9.5,165.0,0.28548995822110906,915.8662147007816,827.7677852992182,2026-07-02
9.75,180.0,0.28548995822110906,992.1982958450236,911.3497041549759,2026-07-02
10.0,195.0,0.28548995822110906,1069.6599644058194,1655.9447022608472,2026-07-02
10.25,210.0,0.28548995822110906,1139.922190813288,2250.550475853379,2026-07-02
10.5,225.0,0.28548995822110906,1200.1977119855535,1351.1736213477795,2026-07-02
10.75,240.0,0.28548995822110906,1255.4970163867526,1438.7509836132474,2026-07-02
11.0,255.0,0.28548995822110906,1310.0192177738943,972.3101155594393,2026-07-02
11.25,270.0,0.28548995822110906,1357.564392999332,876.0462736673344,2026-07-02
11.5,285.0,0.28548995822110906,1399.2076074400818,951.4963925599184,2026-07-02
11.75,300.0,0.28548995822110906,1430.2972979502738,790.9933687163934,2026-07-02
12.0,315.0,0.28548995822110906,1454.9605342274344,647.8294657725655,2026-07-02
12.25,330.0,0.28548995822110906,1471.9779696492767,648.2193636840564,2026-07-02
12.5,345.0,0.28548995822110906,1487.4121149223197,492.27655174434676,2026-07-02
12.75,360.0,0.28548995822110906,1482.955972835126,675.0693604982071,2026-07-02
13.0,375.0,0.28548995822110906,1473.2214473055376,236.0772193611292,2026-07-02
13.25,390.0,0.28548995822110906,1462.1308405961477,-232.50284059614773,2026-07-02
13.5,405.0,0.28548995822110906,1448.7836366724778,360.829696660855,2026-07-02
13.75,420.0,0.28548995822110906,1414.258897046852,1952.954436286482,2026-07-02
14.0,435.0,0.28548995822110906,1375.0607821395583,2211.6098845271094,2026-07-02
14.25,450.0,0.28548995822110906,1333.577751102295,843.0829155643721,2026-07-02
14.5,465.0,0.28548995822110906,1288.940260250612,1626.207739749388,2026-07-02
14.75,480.0,0.28548995822110906,1235.2409577074986,1558.5937089591685,2026-07-02
15.0,495.0,0.28548995822110906,1174.4649687502308,1240.2143645831022,2026-07-02
15.25,510.0,0.28548995822110906,1107.2177433527208,1246.9109233139457,2026-07-02
15.5,525.0,0.28548995822110906,1039.5501739400145,53.46849272665213,2026-07-02
15.75,540.0,0.28548995822110906,970.1673356166092,16.201997716724236,2026-07-02
16.0,555.0,0.28548995822110906,897.5023644017301,179.21496893160338,2026-07-02
16.25,570.0,0.28548995822110906,814.4743491507625,781.1676508492376,2026-07-02
16.5,585.0,0.28548995822110906,726.2894897741842,767.8698435591491,2026-07-02
16.75,600.0,0.28548995822110906,639.6554860368527,547.9085139631474,2026-07-02
17.0,615.0,0.28548995822110906,556.6782609934738,410.55373900652614,2026-07-02
17.25,630.0,0.28548995822110906,471.3164752460788,143.41352475392108,2026-07-02
17.5,645.0,0.28548995822110906,384.7670200892638,304.71164657740286,2026-07-02
17.75,660.0,0.28548995822110906,306.1853318171285,256.0420015162049,2026-07-02
18.0,675.0,0.28548995822110906,232.48501131713064,104.22927439715514,2026-07-02
18.25,690.0,0.28548995822110906,165.5987706945859,49.52922930541408,2026-07-02
18.5,705.0,0.28548995822110906,96.98360192731256,101.83173140602084,2026-07-02
18.75,720.0,0.28548995822110906,49.12788903053657,76.11877763613012,2026-07-02
8.5,15.0,0.5805338408185048,960.8101673387448,244.0384993279215,2026-07-02
8.75,30.0,0.5805338408185048,1088.1426947424447,151.72730525755514,2026-07-02
9.0,45.0,0.5805338408185048,1212.8915344511663,289.66713221550026,2026-07-02
9.25,60.0,0.5805338408185048,1336.7108106277924,356.4591893722079,2026-07-02
9.5,75.0,0.5805338408185048,1456.4993432304343,287.1346567695655,2026-07-02
9.75,90.0,0.5805338408185048,1571.8265391818657,331.7214608181339,2026-07-02
10.0,105.0,0.5805338408185048,1679.536745667463,1046.0679209992036,2026-07-02
10.25,120.0,0.5805338408185048,1776.5506966433113,1613.9219700233552,2026-07-02
10.5,135.0,0.5805338408185048,1861.6775861609656,689.6937471723675,2026-07-02
10.75,150.0,0.5805338408185048,1943.1939645168984,751.0540354831016,2026-07-02
11.0,165.0,0.5805338408185048,2022.6684378007485,259.6608955325851,2026-07-02
11.25,180.0,0.5805338408185048,2092.767370171661,140.8432964950057,2026-07-02
11.5,195.0,0.5805338408185048,2149.671823136156,201.03217686384414,2026-07-02
11.75,210.0,0.5805338408185048,2187.5473905246267,33.743276142040486,2026-07-02
12.0,225.0,0.5805338408185048,2218.4537124418107,-115.66371244181073,2026-07-02
12.25,240.0,0.5805338408185048,2244.587988756863,-124.39065542353,2026-07-02
12.5,255.0,0.5805338408185048,2263.7113186662946,-284.0226519996281,2026-07-02
12.75,270.0,0.5805338408185048,2258.71648994372,-100.69115661038677,2026-07-02
13.0,285.0,0.5805338408185048,2244.0097859957227,-534.7111193290559,2026-07-02
13.25,300.0,0.5805338408185048,2223.68151430708,-994.0535143070799,2026-07-02
13.5,315.0,0.5805338408185048,2197.904588343195,-388.2912550098622,2026-07-02
13.75,330.0,0.5805338408185048,2154.4694231180656,1212.7439102152684,2026-07-02
14.0,345.0,0.5805338408185048,2103.222508554745,1483.4481581119226,2026-07-02
14.25,360.0,0.5805338408185048,2045.0010908194,131.6595758472672,2026-07-02
14.5,375.0,0.5805338408185048,1976.0746568979384,939.0733431020617,2026-07-02
14.75,390.0,0.5805338408185048,1885.0362380921108,908.7984285745563,2026-07-02
15.0,405.0,0.5805338408185048,1787.792687573017,626.886645760316,2026-07-02
15.25,420.0,0.5805338408185048,1685.668950706203,668.4597159604634,2026-07-02
15.5,435.0,0.5805338408185048,1579.165551559042,-486.1468848923753,2026-07-02
15.75,450.0,0.5805338408185048,1467.560960525546,-481.19162719221265,2026-07-02
16.0,465.0,0.5805338408185048,1349.6035846881418,-272.88625135480834,2026-07-02
16.25,480.0,0.5805338408185048,1222.3358413963626,373.3061586036374,2026-07-02
16.5,495.0,0.5805338408185048,1089.6140799215204,404.54525341181284,2026-07-02
16.75,510.0,0.5805338408185048,959.4761279222644,228.0878720777357,2026-07-02
17.0,525.0,0.5805338408185048,829.5329504987369,137.69904950126306,2026-07-02
17.25,540.0,0.5805338408185048,698.4207371169642,-83.69073711696433,2026-07-02
17.5,555.0,0.5805338408185048,567.5840691234598,121.89459754320683,2026-07-02
17.75,570.0,0.5805338408185048,446.9221515663472,115.30518176698615,2026-07-02
18.0,585.0,0.5805338408185048,334.5398231080898,2.1744626061959593,2026-07-02
18.25,600.0,0.5805338408185048,233.0043430139519,-17.876343013951924,2026-07-02
18.5,615.0,0.5805338408185048,135.1858430543403,63.6294902789931,2026-07-02
18.75,630.0,0.5805338408185048,68.47581515524651,56.770851511420176,2026-07-02
10.0,15.0,0.6219550977753205,1722.1647717705398,1003.4398948961268,2026-07-02
10.25,30.0,0.6219550977753205,1824.4242456649577,1566.048421001709,2026-07-02
10.5,45.0,0.6219550977753205,1912.2673617092512,639.1039716240819,2026-07-02
10.75,60.0,0.6219550977753205,1993.3082901514813,700.9397098485188,2026-07-02
11.0,75.0,0.6219550977753205,2071.6090455782496,210.72028775508397,2026-07-02
11.25,90.0,0.6219550977753205,2138.373060531753,95.23760613491368,2026-07-02
11.5,105.0,0.6219550977753205,2194.2917725715274,156.41222742847276,2026-07-02
11.75,120.0,0.6219550977753205,2231.050310877007,-9.759644210339957,2026-07-02
12.0,135.0,0.6219550977753205,2259.808163138018,-157.01816313801783,2026-07-02
12.25,150.0,0.6219550977753205,2283.916989484839,-163.71965615150611,2026-07-02
12.5,165.0,0.6219550977753205,2304.2471137076686,-324.5584470410022,2026-07-02
12.75,180.0,0.6219550977753205,2297.112537955483,-139.08720462214978,2026-07-02
13.0,195.0,0.6219550977753205,2277.624719854899,-568.3260531882322,2026-07-02
13.25,210.0,0.6219550977753205,2258.2021961245937,-1028.5741961245938,2026-07-02
13.5,225.0,0.6219550977753205,2229.936100936813,-420.3227676034803,2026-07-02
13.75,240.0,0.6219550977753205,2176.7537941721803,1190.4595391611538,2026-07-02
14.0,255.0,0.6219550977753205,2116.312522740391,1470.3581439262766,2026-07-02
14.25,270.0,0.6219550977753205,2049.928342485872,126.73232418079533,2026-07-02
14.5,285.0,0.6219550977753205,1980.581209432916,934.5667905670841,2026-07-02
14.75,300.0,0.6219550977753205,1895.9208300707337,897.9138365959334,2026-07-02
15.0,315.0,0.6219550977753205,1804.0176419906352,610.6616913426978,2026-07-02
15.25,330.0,0.6219550977753205,1703.4269139529515,650.701752713715,2026-07-02
15.5,345.0,0.6219550977753205,1599.990860021332,-506.9721933546655,2026-07-02
15.75,360.0,0.6219550977753205,1494.0070406424688,-507.6377073091354,2026-07-02
16.0,375.0,0.6219550977753205,1380.6205926462128,-303.9032593128793,2026-07-02
16.25,390.0,0.6219550977753205,1255.0377838833097,340.6042161166904,2026-07-02
16.5,405.0,0.6219550977753205,1119.5757806403992,374.58355269293406,2026-07-02
16.75,420.0,0.6219550977753205,987.2117921416826,200.35220785831746,2026-07-02
17.0,435.0,0.6219550977753205,856.6089535804164,110.6230464195836,2026-07-02
17.25,450.0,0.6219550977753205,721.8151473469408,-107.08514734694086,2026-07-02
17.5,465.0,0.6219550977753205,587.9604209028575,101.51824576380909,2026-07-02
17.75,480.0,0.6219550977753205,462.6216110896102,99.60572224372316,2026-07-02
18.0,495.0,0.6219550977753205,345.4778111746399,-8.763525460354117,2026-07-02
18.25,510.0,0.6219550977753205,239.68204178072676,-24.554041780726777,2026-07-02
18.5,525.0,0.6219550977753205,139.02113368551463,59.79419964781877,2026-07-02
18.75,540.0,0.6219550977753205,70.33265608648935,54.91401058017733,2026-07-02
11.5,15.0,0.7015910554176497,2383.3911400346624,-32.68714003466221,2026-07-02
11.75,30.0,0.7015910554176497,2429.637949716078,-208.34728304941063,2026-07-02
12.0,45.0,0.7015910554176497,2467.495910502896,-364.70591050289613,2026-07-02
12.25,60.0,0.7015910554176497,2494.4313781753053,-374.23404484197226,2026-07-02
12.5,75.0,0.7015910554176497,2511.2532842113824,-531.5646175447159,2026-07-02
12.75,90.0,0.7015910554176497,2509.492300073613,-351.46696674028,2026-07-02
13.0,105.0,0.7015910554176497,2492.605969897573,-783.307303230906,2026-07-02
13.25,120.0,0.7015910554176497,2465.4260552433107,-1235.7980552433107,2026-07-02
13.5,135.0,0.7015910554176497,2427.961047983348,-618.3477146500154,2026-07-02
13.75,150.0,0.7015910554176497,2375.205469112469,992.007864220865,2026-07-02
14.0,165.0,0.7015910554176497,2316.634821171495,1270.035845495173,2026-07-02
14.25,180.0,0.7015910554176497,2249.439851418034,-72.77918475136676,2026-07-02
14.5,195.0,0.7015910554176497,2170.517424140856,744.6305758591443,2026-07-02
14.75,210.0,0.7015910554176497,2074.699893646669,719.1347730199982,2026-07-02
15.0,225.0,0.7015910554176497,1971.864103753684,442.815229579649,2026-07-02
15.25,240.0,0.7015910554176497,1860.690851834958,493.43781483170847,2026-07-02
15.5,255.0,0.7015910554176497,1749.1196044609726,-656.100937794306,2026-07-02
15.75,270.0,0.7015910554176497,1637.04129902134,-650.6719656880065,2026-07-02
16.0,285.0,0.7015910554176497,1517.1294181400303,-440.41208480669684,2026-07-02
16.25,300.0,0.7015910554176497,1376.2552535693178,219.38674643068225,2026-07-02
16.5,315.0,0.7015910554176497,1224.7580118211804,269.4013215121529,2026-07-02
16.75,330.0,0.7015910554176497,1078.30223369154,109.26176630845998,2026-07-02
17.0,345.0,0.7015910554176497,933.8699655762402,33.362034423759724,2026-07-02
17.25,360.0,0.7015910554176497,785.4329054056357,-170.70290540563576,2026-07-02
17.5,375.0,0.7015910554176497,637.9644554056387,51.51421126102798,2026-07-02
17.75,390.0,0.7015910554176497,502.3880764398282,59.839256893505194,2026-07-02
18.0,405.0,0.7015910554176497,374.8875472543747,-38.1732615400889,2026-07-02
18.25,420.0,0.7015910554176497,259.13599307702407,-44.00799307702408,2026-07-02
18.5,435.0,0.7015910554176497,149.81901164689225,48.99632168644115,2026-07-02
18.75,450.0,0.7015910554176497,75.87141560104892,49.37525106561776,2026-07-02
13.0,15.0,0.5221233882367091,1708.1499153177758,1.1487513488909826,2026-07-02
13.25,30.0,0.5221233882367091,1710.8185364757103,-481.19053647571036,2026-07-02
13.5,45.0,0.5221233882367091,1704.5676148847017,105.04571844863108,2026-07-02
13.75,60.0,0.5221233882367091,1702.9101807944755,1664.3031525388585,2026-07-02
14.0,75.0,0.5221233882367091,1692.995521503718,1893.6751451629498,2026-07-02
14.25,90.0,0.5221233882367091,1678.5538566933633,498.1068099733038,2026-07-02
14.5,105.0,0.5221233882367091,1655.517558378593,1259.630441621407,2026-07-02
14.75,120.0,0.5221233882367091,1617.9830063611496,1175.8516603055175,2026-07-02
15.0,135.0,0.5221233882367091,1575.1653557658892,839.5139775674438,2026-07-02
15.25,150.0,0.5221233882367091,1528.791931205601,825.3367354610655,2026-07-02
15.5,165.0,0.5221233882367091,1476.0226526635972,-383.0039859969306,2026-07-02
15.75,180.0,0.5221233882367091,1399.5853515067508,-413.2160181734174,2026-07-02
16.0,195.0,0.5221233882367091,1320.6474615110385,-243.930128177705,2026-07-02
16.25,210.0,0.5221233882367091,1228.6451089951654,366.99689100483465,2026-07-02
16.5,225.0,0.5221233882367091,1124.9046489387154,369.2546843946179,2026-07-02
16.75,240.0,0.5221233882367091,998.0794377783664,189.48456222163372,2026-07-02
17.0,255.0,0.5221233882367091,871.7088725838283,95.52312741617163,2026-07-02
17.25,270.0,0.5221233882367091,743.9905932883032,-129.2605932883033,2026-07-02
17.5,285.0,0.5221233882367091,616.7849380435357,72.69372862313094,2026-07-02
17.75,300.0,0.5221233882367091,475.7713453913344,86.45598794199896,2026-07-02
18.0,315.0,0.5221233882367091,344.2259916042188,-7.511705889933012,2026-07-02
18.25,330.0,0.5221233882367091,226.83403386100835,-11.706033861008365,2026-07-02
18.5,345.0,0.5221233882367091,129.05895920844736,69.75637412488604,2026-07-02
18.75,360.0,0.5221233882367091,65.37397975375745,59.87268691290923,2026-07-02
14.5,15.0,0.7263424823927093,2037.179899132893,877.9681008671071,2026-07-02
14.75,30.0,0.7263424823927093,1979.795276361213,814.0393903054542,2026-07-02
15.0,45.0,0.7263424823927093,1922.746639619546,491.9326937137871,2026-07-02
15.25,60.0,0.7263424823927093,1858.9890476215403,495.1396190451262,2026-07-02
15.5,75.0,0.7263424823927093,1786.2611677409798,-693.2425010743132,2026-07-02
15.75,90.0,0.7263424823927093,1691.3234845476245,-704.9541512142911,2026-07-02
16.0,105.0,0.7263424823927093,1589.813834966452,-513.0965016331186,2026-07-02
16.25,120.0,0.7263424823927093,1470.5539345182065,125.08806548179359,2026-07-02
16.5,135.0,0.7263424823927093,1339.3711882220773,154.78814511125597,2026-07-02
16.75,150.0,0.7263424823927093,1185.4763714183307,2.087628581669378,2026-07-02
17.0,165.0,0.7263424823927093,1033.4748200382903,-66.24282003829035,2026-07-02
17.25,180.0,0.7263424823927093,879.0332718073845,-264.3032718073846,2026-07-02
17.5,195.0,0.7263424823927093,725.5566239186194,-36.07795725195274,2026-07-02
17.75,210.0,0.7263424823927093,559.8547013034558,2.3726320298775363,2026-07-02
18.0,225.0,0.7263424823927093,404.1604240550806,-67.44613834079485,2026-07-02
18.25,240.0,0.7263424823927093,265.7613353876873,-50.63333538768734,2026-07-02
18.5,255.0,0.7263424823927093,150.79086316097386,48.02447017235954,2026-07-02
18.75,270.0,0.7263424823927093,76.37166299694648,48.8750036697202,2026-07-02
16.0,15.0,0.5898036569539565,1331.442485976474,-254.72515264314052,2026-07-02
16.25,30.0,0.5898036569539565,1243.1446254730809,352.4973745269192,2026-07-02
16.5,45.0,0.5898036569539565,1145.592484103824,348.5668492295092,2026-07-02
16.75,60.0,0.5898036569539565,1018.2537868784356,169.31021312156452,2026-07-02
17.0,75.0,0.5898036569539565,890.169521798428,77.06247820157193,2026-07-02
17.25,90.0,0.5898036569539565,761.5053839182369,-146.77538391823703,2026-07-02
17.5,105.0,0.5898036569539565,632.1003315480266,57.37833511864005,2026-07-02
17.75,120.0,0.5898036569539565,488.5489103476994,73.67842298563397,2026-07-02
18.0,135.0,0.5898036569539565,354.55763859714904,-17.843352882863257,2026-07-02
18.25,150.0,0.5898036569539565,234.1836535156227,-19.05565351562271,2026-07-02
18.5,165.0,0.5898036569539565,133.36149932933176,65.45383400400164,2026-07-02
18.75,180.0,0.5898036569539565,67.69206326053434,57.554603406132344,2026-07-02
7.0,15.0,0.4204351266586797,194.90444082677035,72.68222583989629,2026-07-03
7.25,30.0,0.4204351266586797,282.73620336869595,166.93112996463742,2026-07-03
7.5,45.0,0.4204351266586797,378.6049656395541,171.77303436044593,2026-07-03
7.75,60.0,0.4204351266586797,478.2113800306632,73.59128663600342,2026-07-03
8.0,75.0,0.4204351266586797,580.1247938796467,-83.35346054631339,2026-07-03
8.25,90.0,0.4204351266586797,683.8563399793742,-183.1696733127074,2026-07-03
8.5,105.0,0.4204351266586797,787.179595591701,-153.0755955917009,2026-07-03
8.75,120.0,0.4204351266586797,886.1003621092291,7.892971224104258,2026-07-03
9.0,135.0,0.4204351266586797,982.1341085137772,-19.607441847110522,2026-07-03
9.25,150.0,0.4204351266586797,1081.7536248769431,24.398375123056667,2026-07-03
9.5,165.0,0.4204351266586797,1184.7821931842886,103.62180681571135,2026-07-03
9.75,180.0,0.4204351266586797,1280.2211657719988,705.8835008946676,2026-07-03
10.0,195.0,0.4204351266586797,1355.190824849274,700.6751751507261,2026-07-03
10.25,210.0,0.4204351266586797,1423.8443863750772,-1423.8443863750772,2026-07-03
10.5,225.0,0.4204351266586797,1491.1996379280015,-1491.1996379280015,2026-07-03
10.75,240.0,0.4204351266586797,1566.0552623268588,-1566.0552623268588,2026-07-03
11.75,300.0,0.4204351266586797,1806.5098838311203,-1806.5098838311203,2026-07-03
12.0,315.0,0.4204351266586797,1859.2677326640824,-1859.2677326640824,2026-07-03
12.75,360.0,0.4204351266586797,1929.110036682149,-1929.110036682149,2026-07-03
13.0,375.0,0.4204351266586797,1935.1252509904923,-1935.1252509904923,2026-07-03
13.25,390.0,0.4204351266586797,1947.715468566338,-1947.715468566338,2026-07-03
13.5,405.0,0.4204351266586797,1943.4211713613847,-1943.4211713613847,2026-07-03
13.75,420.0,0.4204351266586797,1877.098426775573,-1877.098426775573,2026-07-03
14.0,435.0,0.4204351266586797,1804.3205895414408,-1547.3125895414407,2026-07-03
14.25,450.0,0.4204351266586797,1728.5546316600623,-953.1752983267289,2026-07-03
14.5,465.0,0.4204351266586797,1644.4700661677248,-796.6940661677248,2026-07-03
14.75,480.0,0.4204351266586797,1534.234180813593,-698.9401808135929,2026-07-03
15.0,495.0,0.4204351266586797,1417.5439007990783,-742.6992341324117,2026-07-03
15.25,510.0,0.4204351266586797,1307.537379105558,-623.2220457722246,2026-07-03
15.5,525.0,0.4204351266586797,1198.9029323436578,-389.0655990103245,2026-07-03
15.75,540.0,0.4204351266586797,1098.3029720101383,-198.0343053434715,2026-07-03
16.0,555.0,0.4204351266586797,981.5842640870007,31.55973591299926,2026-07-03
16.25,570.0,0.4204351266586797,865.8784951029565,-151.31582843628996,2026-07-03
16.5,585.0,0.4204351266586797,753.5369550240689,-301.8702883574022,2026-07-03
16.75,600.0,0.4204351266586797,662.3451551236546,-207.68715512365463,2026-07-03
17.0,615.0,0.4204351266586797,569.001818724246,67.20418127575385,2026-07-03
17.25,630.0,0.4204351266586797,477.7690157846271,134.41765088203965,2026-07-03
17.5,645.0,0.4204351266586797,387.18852580385135,63.15680752948202,2026-07-03
17.75,660.0,0.4204351266586797,306.4874283594285,75.64923830723814,2026-07-03
18.0,675.0,0.4204351266586797,231.72688342008396,110.44044991324947,2026-07-03
18.25,690.0,0.4204351266586797,164.65448131339795,110.21551868660205,2026-07-03
18.5,705.0,0.4204351266586797,107.31240183266787,48.335098167332134,2026-07-03
18.75,720.0,0.4204351266586797,59.05429200429011,32.39570799570989,2026-07-03
8.5,15.0,0.35357259096888927,639.8392198303277,-5.735219830327651,2026-07-03
8.75,30.0,0.35357259096888927,734.151514503756,159.8418188295774,2026-07-03
9.0,45.0,0.35357259096888927,824.3459482993509,138.18071836731576,2026-07-03
9.25,60.0,0.35357259096888927,912.5285145141644,193.62348548583543,2026-07-03
9.5,75.0,0.35357259096888927,1002.1170957604136,286.2869042395864,2026-07-03
9.75,90.0,0.35357259096888927,1086.8501886472995,899.2544780193668,2026-07-03
10.0,105.0,0.35357259096888927,1158.8782861455709,896.9877138544291,2026-07-03
10.25,120.0,0.35357259096888927,1228.696482066821,-1228.696482066821,2026-07-03
10.5,135.0,0.35357259096888927,1298.129792602811,-1298.129792602811,2026-07-03
10.75,150.0,0.35357259096888927,1372.5506454877868,-1372.5506454877868,2026-07-03
11.75,210.0,0.35357259096888927,1616.0752540817025,-1616.0752540817025,2026-07-03
12.0,225.0,0.35357259096888927,1669.9026371865834,-1669.9026371865834,2026-07-03
12.75,270.0,0.35357259096888927,1749.5749820827273,-1749.5749820827273,2026-07-03
13.0,285.0,0.35357259096888927,1754.3386879044097,-1754.3386879044097,2026-07-03
13.25,300.0,0.35357259096888927,1759.1744847258851,-1759.1744847258851,2026-07-03
13.5,315.0,0.35357259096888927,1749.7137614687929,-1749.7137614687929,2026-07-03
13.75,330.0,0.35357259096888927,1685.304603815944,-1685.304603815944,2026-07-03
14.0,345.0,0.35357259096888927,1617.331913372121,-1360.323913372121,2026-07-03
14.25,360.0,0.35357259096888927,1543.495641959277,-768.1163086259436,2026-07-03
14.5,375.0,0.35357259096888927,1464.6851794472122,-616.9091794472123,2026-07-03
14.75,390.0,0.35357259096888927,1370.794883554746,-535.500883554746,2026-07-03
15.0,405.0,0.35357259096888927,1272.3046775146183,-597.4600108479517,2026-07-03
15.25,420.0,0.35357259096888927,1174.0392563335422,-489.72392300020874,2026-07-03
15.5,435.0,0.35357259096888927,1072.1174564268908,-262.28012309355756,2026-07-03
15.75,450.0,0.35357259096888927,979.287254903594,-79.01858823692714,2026-07-03
16.0,465.0,0.35357259096888927,875.3121464884623,137.8318535115377,2026-07-03
16.25,480.0,0.35357259096888927,771.9190920875134,-57.35642542084679,2026-07-03
16.5,495.0,0.35357259096888927,669.5141557104274,-217.84748904376073,2026-07-03
16.75,510.0,0.35357259096888927,589.6909131990491,-135.03291319904906,2026-07-03
17.0,525.0,0.35357259096888927,508.01572792980494,128.19027207019496,2026-07-03
17.25,540.0,0.35357259096888927,427.4408585311267,184.74580813554002,2026-07-03
17.5,555.0,0.35357259096888927,346.8684895926439,103.47684374068945,2026-07-03
17.75,570.0,0.35357259096888927,276.23563464548994,105.90103202117672,2026-07-03
18.0,585.0,0.35357259096888927,210.0554843317237,132.11184900160973,2026-07-03
18.25,600.0,0.35357259096888927,150.26614320973687,124.60385679026314,2026-07-03
18.5,615.0,0.35357259096888927,99.01504356043576,56.63245643956425,2026-07-03
18.75,630.0,0.35357259096888927,54.80079395937125,36.649206040628755,2026-07-03
10.0,15.0,0.4557819760318653,1396.8296519630717,659.0363480369283,2026-07-03
10.25,30.0,0.4557819760318653,1470.4688019865264,-1470.4688019865264,2026-07-03
10.5,45.0,0.4557819760318653,1540.2570449200316,-1540.2570449200316,2026-07-03
10.75,60.0,0.4557819760318653,1614.4054360054467,-1614.4054360054467,2026-07-03
11.75,120.0,0.4557819760318653,1860.8057035958836,-1860.8057035958836,2026-07-03
12.0,135.0,0.4557819760318653,1913.2575179698383,-1913.2575179698383,2026-07-03
12.75,180.0,0.4557819760318653,1984.092790561813,-1984.092790561813,2026-07-03
13.0,195.0,0.4557819760318653,1989.822107472206,-1989.822107472206,2026-07-03
13.25,210.0,0.4557819760318653,1995.5926615709036,-1995.5926615709036,2026-07-03
13.5,225.0,0.4557819760318653,1982.216391384594,-1982.216391384594,2026-07-03
13.75,240.0,0.4557819760318653,1906.706765987232,-1906.706765987232,2026-07-03
14.0,255.0,0.4557819760318653,1827.2486298288063,-1570.2406298288063,2026-07-03
14.25,270.0,0.4557819760318653,1746.9739808063362,-971.5946474730027,2026-07-03
14.5,285.0,0.4557819760318653,1664.8458184085334,-817.0698184085335,2026-07-03
14.75,300.0,0.4557819760318653,1562.2163695003676,-726.9223695003675,2026-07-03
15.0,315.0,0.4557819760318653,1452.59465133853,-777.7499846718633,2026-07-03
15.25,330.0,0.4557819760318653,1344.678935483604,-660.3636021502705,2026-07-03
15.5,345.0,0.4557819760318653,1236.4252258598588,-426.5878925265255,2026-07-03
15.75,360.0,0.4557819760318653,1135.9001383389918,-235.631471672325,2026-07-03
16.0,375.0,0.4557819760318653,1021.4827329043904,-8.33873290439044,2026-07-03
16.25,390.0,0.4557819760318653,903.993351159512,-189.43068449284544,2026-07-03
16.5,405.0,0.4557819760318653,786.1484114489679,-334.4817447823012,2026-07-03
16.75,420.0,0.4557819760318653,690.8378167824926,-236.1798167824926,2026-07-03
17.0,435.0,0.4557819760318653,594.2643964572109,41.94160354278904,2026-07-03
17.25,450.0,0.4557819760318653,498.1110190420532,114.07564762461351,2026-07-03
17.5,465.0,0.4557819760318653,403.0070326872654,47.33830064606798,2026-07-03
17.75,480.0,0.4557819760318653,319.36082006754754,62.77584659911912,2026-07-03
18.0,495.0,0.4557819760318653,240.77501322070125,101.39232011263218,2026-07-03
18.25,510.0,0.4557819760318653,170.00158691084104,104.86841308915896,2026-07-03
18.5,525.0,0.4557819760318653,110.12357911777885,45.52392088222116,2026-07-03
18.75,540.0,0.4557819760318653,60.48870570677239,30.96129429322761,2026-07-03
11.75,30.0,0.5075092341360627,1926.8753423708547,-1926.8753423708547,2026-07-03
12.0,45.0,0.5075092341360627,1987.2575442754144,-1987.2575442754144,2026-07-03
12.75,90.0,0.5075092341360627,2077.5313449682244,-2077.5313449682244,2026-07-03
13.0,105.0,0.5075092341360627,2082.3836865420253,-2082.3836865420253,2026-07-03
13.25,120.0,0.5075092341360627,2084.850955729367,-2084.850955729367,2026-07-03
13.5,135.0,0.5075092341360627,2073.9867245273035,-2073.9867245273035,2026-07-03
13.75,150.0,0.5075092341360627,2005.0976961096296,-2005.0976961096296,2026-07-03
14.0,165.0,0.5075092341360627,1926.83599653092,-1669.82799653092,2026-07-03
14.25,180.0,0.5075092341360627,1844.6577983050893,-1069.278464971756,2026-07-03
14.5,195.0,0.5075092341360627,1757.493341763476,-909.7173417634762,2026-07-03
14.75,210.0,0.5075092341360627,1649.9857488307791,-814.691748830779,2026-07-03
15.0,225.0,0.5075092341360627,1535.9742746912707,-861.1296080246041,2026-07-03
15.25,240.0,0.5075092341360627,1422.2865221741542,-737.9711888408208,2026-07-03
15.5,255.0,0.5075092341360627,1308.2087373966465,-498.3714040633132,2026-07-03
15.75,270.0,0.5075092341360627,1205.6396083128063,-305.3709416461395,2026-07-03
16.0,285.0,0.5075092341360627,1088.7859041598776,-75.64190415987764,2026-07-03
16.25,300.0,0.5075092341360627,963.117894092272,-248.55522742560538,2026-07-03
16.5,315.0,0.5075092341360627,836.6823388617778,-385.0156721951111,2026-07-03
16.75,330.0,0.5075092341360627,735.0741613098837,-280.4161613098837,2026-07-03
17.0,345.0,0.5075092341360627,632.650451283998,3.5555487160019084,2026-07-03
17.25,360.0,0.5075092341360627,529.2477952802699,82.93887138639684,2026-07-03
17.5,375.0,0.5075092341360627,428.2316220036233,22.1137113297101,2026-07-03
17.75,390.0,0.5075092341360627,338.8847655179301,43.25190114873658,2026-07-03
18.0,405.0,0.5075092341360627,255.54243259238572,86.62490074094771,2026-07-03
18.25,420.0,0.5075092341360627,180.02959578010635,94.84040421989366,2026-07-03
18.5,435.0,0.5075092341360627,116.05637472082395,39.591125279176055,2026-07-03
18.75,450.0,0.5075092341360627,63.47922478531843,27.970775214681574,2026-07-03
13.0,15.0,0.1683573012607123,756.765769734316,-756.765769734316,2026-07-03
13.25,30.0,0.1683573012607123,784.8921307438812,-784.8921307438812,2026-07-03
13.5,45.0,0.1683573012607123,796.6749330442735,-796.6749330442735,2026-07-03
13.75,60.0,0.1683573012607123,797.1918580415754,-797.1918580415754,2026-07-03
14.0,75.0,0.1683573012607123,801.5456104187523,-544.5376104187524,2026-07-03
14.25,90.0,0.1683573012607123,800.3978146769404,-25.018481343606936,2026-07-03
14.5,105.0,0.1683573012607123,789.6574249071929,58.11857509280708,2026-07-03
14.75,120.0,0.1683573012607123,771.6198178332567,63.674182166743435,2026-07-03
15.0,135.0,0.1683573012607123,754.9929327749888,-80.14826610832222,2026-07-03
15.25,150.0,0.1683573012607123,747.5932671071466,-63.277933773813174,2026-07-03
15.5,165.0,0.1683573012607123,743.1708990115748,66.66643432175852,2026-07-03
15.75,180.0,0.1683573012607123,719.0407836625765,181.22788300409036,2026-07-03
16.0,195.0,0.1683573012607123,678.1521303322822,334.99186966771776,2026-07-03
16.25,210.0,0.1683573012607123,631.991484818956,82.57118184771059,2026-07-03
16.5,225.0,0.1683573012607123,582.1239094893216,-130.4572428226549,2026-07-03
16.75,240.0,0.1683573012607123,523.2455974112095,-68.58759741120946,2026-07-03
17.0,255.0,0.1683573012607123,463.3550219112824,172.8509780887175,2026-07-03
17.25,270.0,0.1683573012607123,402.4390634716461,209.74760319502064,2026-07-03
17.5,285.0,0.1683573012607123,341.48689538206344,108.85843795126993,2026-07-03
17.75,300.0,0.1683573012607123,279.5793663585196,102.55730030814703,2026-07-03
18.0,315.0,0.1683573012607123,221.0339407134428,121.13339261989063,2026-07-03
18.25,330.0,0.1683573012607123,144.91632980783322,129.95367019216678,2026-07-03
18.5,345.0,0.1683573012607123,82.37536676542354,73.27213323457647,2026-07-03
18.75,360.0,0.1683573012607123,41.81836236712901,49.63163763287099,2026-07-03
14.5,15.0,0.2196682791259618,868.4405655203018,-20.664565520301835,2026-07-03
14.75,30.0,0.2196682791259618,857.2355374395012,-21.941537439501076,2026-07-03
15.0,45.0,0.2196682791259618,837.19479038684,-162.35012372017343,2026-07-03
15.25,60.0,0.2196682791259618,819.8289876986727,-135.51365436533922,2026-07-03
15.5,75.0,0.2196682791259618,812.2155715700088,-2.378238236675543,2026-07-03
15.75,90.0,0.2196682791259618,785.8919152242453,114.37675144242155,2026-07-03
16.0,105.0,0.2196682791259618,738.8858497220456,274.2581502779544,2026-07-03
16.25,120.0,0.2196682791259618,686.0968575869166,28.465809079749988,2026-07-03
16.5,135.0,0.2196682791259618,632.6123685590184,-180.94570189235168,2026-07-03
16.75,150.0,0.2196682791259618,569.423645045314,-114.76564504531393,2026-07-03
17.0,165.0,0.2196682791259618,502.2458138643323,133.96018613566758,2026-07-03
17.25,180.0,0.2196682791259618,434.7969535135449,177.38971315312182,2026-07-03
17.5,195.0,0.2196682791259618,367.2551374653837,83.09019586794966,2026-07-03
17.75,210.0,0.2196682791259618,299.8647647631424,82.27190190352428,2026-07-03
18.0,225.0,0.2196682791259618,236.4539377113152,105.71339562201823,2026-07-03
18.25,240.0,0.2196682791259618,155.36844926103603,119.50155073896397,2026-07-03
18.5,255.0,0.2196682791259618,88.23284764251132,67.41465235748869,2026-07-03
18.75,270.0,0.2196682791259618,44.68251029613986,46.76748970386014,2026-07-03
16.0,15.0,0.2497796120662957,742.1361642901055,271.0078357098945,2026-07-03
16.25,30.0,0.2497796120662957,692.8122573681353,21.75040929853128,2026-07-03
16.5,45.0,0.2497796120662957,641.5660518576587,-189.89938519099206,2026-07-03
16.75,60.0,0.2497796120662957,579.2435723810504,-124.58557238105038,2026-07-03
17.0,75.0,0.2497796120662957,511.4908641822007,124.7151358177992,2026-07-03
17.25,90.0,0.2497796120662957,443.57477756773807,168.61188909892866,2026-07-03
17.5,105.0,0.2497796120662957,375.4713792203647,74.87395411296865,2026-07-03
17.75,120.0,0.2497796120662957,306.43309772302075,75.7035689436459,2026-07-03
18.0,135.0,0.2497796120662957,241.74747613603677,100.41985719729666,2026-07-03
18.25,150.0,0.2497796120662957,159.55518031420277,115.31481968579723,2026-07-03
18.5,165.0,0.2497796120662957,90.67047334793884,64.97702665206117,2026-07-03
18.75,180.0,0.2497796120662957,45.93803020994846,45.511969790051545,2026-07-03
7.0,15.0,0.8507324962091218,287.50540113811184,44.37993219522144,2026-07-04
7.25,30.0,0.8507324962091218,412.88932761878806,-110.9519942854547,2026-07-04
7.5,45.0,0.8507324962091218,548.5368135373259,-66.04148020399259,2026-07-04
7.75,60.0,0.8507324962091218,692.5191591648467,220.93884083515331,2026-07-04
8.0,75.0,0.8507324962091218,841.0863970533167,184.3382696133499,2026-07-04
8.25,90.0,0.8507324962091218,993.8558607978048,172.23147253552838,2026-07-04
8.5,105.0,0.8507324962091218,1146.086562922235,164.23277041109827,2026-07-04
8.75,120.0,0.8507324962091218,1298.4486748818572,183.73665845147593,2026-07-04
9.0,135.0,0.8507324962091218,1450.6410347010965,396.4609652989036,2026-07-04
9.25,150.0,0.8507324962091218,1597.7441859864,-155.42818598639997,2026-07-04
9.5,165.0,0.8507324962091218,1734.811516000981,75.00181733235218,2026-07-04
9.75,180.0,0.8507324962091218,1862.1828663052088,469.8164670281244,2026-07-04
10.0,195.0,0.8507324962091218,1982.2439892891864,478.89201071081357,2026-07-04
10.25,210.0,0.8507324962091218,2094.724410841537,-356.22707750820337,2026-07-04
10.5,225.0,0.8507324962091218,2198.6094029061974,536.6185970938027,2026-07-04
10.75,240.0,0.8507324962091218,2292.476147254291,1360.8711860790418,2026-07-04
11.0,255.0,0.8507324962091218,2373.56544159616,1251.1225584038402,2026-07-04
11.25,270.0,0.8507324962091218,2447.742797823705,1327.4645355096277,2026-07-04
11.5,285.0,0.8507324962091218,2512.594029329508,917.3266373371589,2026-07-04
11.75,300.0,0.8507324962091218,2559.418900160493,1462.2297665061733,2026-07-04
12.0,315.0,0.8507324962091218,2591.6271121725463,1414.2168878274547,2026-07-04
12.25,330.0,0.8507324962091218,2618.5615416340584,740.5171250326084,2026-07-04
12.5,345.0,0.8507324962091218,2644.2997372660247,306.83326273397506,2026-07-04
12.75,360.0,0.8507324962091218,2651.5620115584848,-533.7700115584848,2026-07-04
13.0,375.0,0.8507324962091218,2644.6686388278367,-269.83797216117,2026-07-04
13.25,390.0,0.8507324962091218,2622.641589041255,-37.89758904125483,2026-07-04
13.5,405.0,0.8507324962091218,2588.221205561936,537.638794438064,2026-07-04
13.75,420.0,0.8507324962091218,2537.756034610603,324.65863205606365,2026-07-04
14.0,435.0,0.8507324962091218,2477.2223948883343,481.13493844499953,2026-07-04
14.25,450.0,0.8507324962091218,2407.607700957553,1259.0022990424472,2026-07-04
14.5,465.0,0.8507324962091218,2326.45533088902,470.7200024443132,2026-07-04
14.75,480.0,0.8507324962091218,2233.3478661756967,74.88813382430317,2026-07-04
15.0,495.0,0.8507324962091218,2137.776749553152,507.5405837801809,2026-07-04
15.25,510.0,0.8507324962091218,2030.2586422050647,995.4900244616017,2026-07-04
15.5,525.0,0.8507324962091218,1908.495396778008,789.519269888659,2026-07-04
15.75,540.0,0.8507324962091218,1772.1500710805817,316.5179289194184,2026-07-04
16.0,555.0,0.8507324962091218,1631.6954082317966,634.8845917682033,2026-07-04
16.25,570.0,0.8507324962091218,1486.3188383378094,159.98116166219052,2026-07-04
16.5,585.0,0.8507324962091218,1336.2681240344773,214.9298759655228,2026-07-04
16.75,600.0,0.8507324962091218,1178.99542237571,462.31257762429004,2026-07-04
17.0,615.0,0.8507324962091218,1018.557038857206,-52.792372190539595,2026-07-04
17.25,630.0,0.8507324962091218,860.8110497484255,-285.61571641509215,2026-07-04
17.5,645.0,0.8507324962091218,706.283466274142,-195.43679960747545,2026-07-04
17.75,660.0,0.8507324962091218,551.5121231271538,60.7078768728461,2026-07-04
18.0,675.0,0.8507324962091218,398.9907761430596,123.01122385694049,2026-07-04
18.25,690.0,0.8507324962091218,263.5584344436616,18.490898889671712,2026-07-04
18.5,705.0,0.8507324962091218,150.942175232927,-16.202175232927004,2026-07-04
18.75,720.0,0.8507324962091218,76.24649867526587,11.672834658067458,2026-07-04
19.0,735.0,0.8507324962091218,19.75846625690907,23.683533743090923,2026-07-04
8.5,15.0,0.6421346954566834,949.0289193465009,361.2904139868325,2026-07-04
8.75,30.0,0.6421346954566834,1075.266264067517,406.919069265816,2026-07-04
9.0,45.0,0.6421346954566834,1201.2423594979111,645.859640502089,2026-07-04
9.25,60.0,0.6421346954566834,1323.653503919018,118.66249608098201,2026-07-04
9.5,75.0,0.6421346954566834,1436.4497950336815,373.36353829965174,2026-07-04
9.75,90.0,0.6421346954566834,1538.6424339209325,793.3568994124007,2026-07-04
10.0,105.0,0.6421346954566834,1630.397546784101,830.738453215899,2026-07-04
10.25,120.0,0.6421346954566834,1715.7370570055457,22.760276327788006,2026-07-04
10.5,135.0,0.6421346954566834,1796.1933865386077,939.0346134613924,2026-07-04
10.75,150.0,0.6421346954566834,1865.985316517486,1787.3620168158468,2026-07-04
11.0,165.0,0.6421346954566834,1924.033915197464,1700.654084802536,2026-07-04
11.25,180.0,0.6421346954566834,1978.474285193136,1796.7330481401968,2026-07-04
11.5,195.0,0.6421346954566834,2029.349774778272,1400.570891888395,2026-07-04
11.75,210.0,0.6421346954566834,2065.331562209712,1956.3171044569544,2026-07-04
12.0,225.0,0.6421346954566834,2088.3022838830684,1917.5417161169325,2026-07-04
12.25,240.0,0.6421346954566834,2112.84573335078,1246.2329333158868,2026-07-04
12.5,255.0,0.6421346954566834,2141.4218261371752,809.7111738628246,2026-07-04
12.75,270.0,0.6421346954566834,2153.5205187584424,-35.72851875844253,2026-07-04
13.0,285.0,0.6421346954566834,2147.3645223521894,227.46614431447733,2026-07-04
13.25,300.0,0.6421346954566834,2127.261104635405,457.48289536459515,2026-07-04
13.5,315.0,0.6421346954566834,2102.433144040459,1023.4268559595412,2026-07-04
13.75,330.0,0.6421346954566834,2068.002130593579,794.4125360730877,2026-07-04
14.0,345.0,0.6421346954566834,2023.7317583406968,934.625574992637,2026-07-04
14.25,360.0,0.6421346954566834,1966.7150916009969,1699.8949083990033,2026-07-04
14.5,375.0,0.6421346954566834,1901.8247837281565,895.3505496051766,2026-07-04
14.75,390.0,0.6421346954566834,1831.966864531634,476.2691354683659,2026-07-04
15.0,405.0,0.6421346954566834,1761.584887671438,883.7324456618949,2026-07-04
15.25,420.0,0.6421346954566834,1682.542269735577,1343.2063969310893,2026-07-04
15.5,435.0,0.6421346954566834,1586.596940601342,1111.4177260653248,2026-07-04
15.75,450.0,0.6421346954566834,1471.742540673764,616.925459326236,2026-07-04
16.0,465.0,0.6421346954566834,1352.0891074017052,914.4908925982947,2026-07-04
16.25,480.0,0.6421346954566834,1230.1871681108114,416.11283188918856,2026-07-04
16.5,495.0,0.6421346954566834,1107.7989960203467,443.39900397965334,2026-07-04
16.75,510.0,0.6421346954566834,977.979644255331,663.328355744669,2026-07-04
17.0,525.0,0.6421346954566834,845.7615934861232,120.0030731805432,2026-07-04
17.25,540.0,0.6421346954566834,715.810999220505,-140.61566588717164,2026-07-04
17.5,555.0,0.6421346954566834,588.9145495074932,-78.06788284082666,2026-07-04
17.75,570.0,0.6421346954566834,460.1961387356091,152.0238612643908,2026-07-04
18.0,585.0,0.6421346954566834,332.20028747371947,189.8017125262806,2026-07-04
18.25,600.0,0.6421346954566834,219.4749835957417,62.57434973759163,2026-07-04
18.5,615.0,0.6421346954566834,125.85380806615191,8.886191933848096,2026-07-04
18.75,630.0,0.6421346954566834,63.65948758626339,24.25984574706994,2026-07-04
19.0,645.0,0.6421346954566834,16.313891147406753,27.12810885259324,2026-07-04
10.0,15.0,0.6756106455849853,1732.0563421470442,729.0796578529557,2026-07-04
10.25,30.0,0.6756106455849853,1821.8327990196933,-83.33546568635961,2026-07-04
10.5,45.0,0.6756106455849853,1905.039904511971,830.1880954880291,2026-07-04
10.75,60.0,0.6756106455849853,1980.7008973341024,1672.6464359992303,2026-07-04
11.0,75.0,0.6756106455849853,2047.839087033768,1576.848912966232,2026-07-04
11.25,90.0,0.6756106455849853,2110.237868873112,1664.969464460221,2026-07-04
11.5,105.0,0.6756106455849853,2164.8785303943373,1265.0421362723296,2026-07-04
11.75,120.0,0.6756106455849853,2206.3260923839043,1815.3225742827622,2026-07-04
12.0,135.0,0.6756106455849853,2232.149739085697,1773.6942609143039,2026-07-04
12.25,150.0,0.6756106455849853,2258.084399198913,1100.9942674677536,2026-07-04
12.5,165.0,0.6756106455849853,2281.0096374896107,670.1233625103891,2026-07-04
12.75,180.0,0.6756106455849853,2287.12484673881,-169.33284673881008,2026-07-04
13.0,195.0,0.6756106455849853,2274.858301322435,99.97236534423155,2026-07-04
13.25,210.0,0.6756106455849853,2250.024722300469,334.7192776995312,2026-07-04
13.5,225.0,0.6756106455849853,2222.13112584064,903.7288741593602,2026-07-04
13.75,240.0,0.6756106455849853,2185.431418193147,676.9832484735198,2026-07-04
14.0,255.0,0.6756106455849853,2140.1321452352217,818.2251880981121,2026-07-04
14.25,270.0,0.6756106455849853,2080.7468017045835,1585.8631982954166,2026-07-04
14.5,285.0,0.6756106455849853,2011.0614638241896,786.1138695091436,2026-07-04
14.75,300.0,0.6756106455849853,1935.1292892899771,373.10671071002275,2026-07-04
15.0,315.0,0.6756106455849853,1856.6450639217185,788.6722694116145,2026-07-04
15.25,330.0,0.6756106455849853,1766.618476210468,1259.1301904561983,2026-07-04
15.5,345.0,0.6756106455849853,1663.0276945832034,1034.9869720834636,2026-07-04
15.75,360.0,0.6756106455849853,1546.3071120363486,542.3608879636515,2026-07-04
16.0,375.0,0.6756106455849853,1425.5598811253462,841.0201188746537,2026-07-04
16.25,390.0,0.6756106455849853,1298.4845401198108,347.8154598801891,2026-07-04
16.5,405.0,0.6756106455849853,1168.7446406965105,382.4533593034896,2026-07-04
16.75,420.0,0.6756106455849853,1032.3489295671936,608.9590704328064,2026-07-04
17.0,435.0,0.6756106455849853,893.4348596257479,72.32980704091847,2026-07-04
17.25,450.0,0.6756106455849853,755.8851926713049,-180.6898593379716,2026-07-04
17.5,465.0,0.6756106455849853,621.3398560768265,-110.49318941015997,2026-07-04
17.75,480.0,0.6756106455849853,485.6623365700381,126.55766342996179,2026-07-04
18.0,495.0,0.6756106455849853,350.5878458036062,171.41415419639384,2026-07-04
18.25,510.0,0.6756106455849853,231.52156195129183,50.52777138204149,2026-07-04
18.5,525.0,0.6756106455849853,132.5964835631301,2.143516436869902,2026-07-04
18.75,540.0,0.6756106455849853,66.97278586675456,20.946547466578764,2026-07-04
19.0,555.0,0.6756106455849853,17.21068136316745,26.231318636832544,2026-07-04
11.5,15.0,0.9690710767429997,2940.322812995849,489.59785367081804,2026-07-04
11.75,30.0,0.9690710767429997,2975.149891624089,1046.4987750425776,2026-07-04
12.0,45.0,0.9690710767429997,2989.4742290038143,1016.3697709961866,2026-07-04
12.25,60.0,0.9690710767429997,3001.522007215361,357.5566594513057,2026-07-04
12.5,75.0,0.9690710767429997,3014.918683036417,-63.78568303641714,2026-07-04
12.75,90.0,0.9690710767429997,3012.594320334383,-894.8023203343832,2026-07-04
13.0,105.0,0.9690710767429997,2985.92810777844,-611.0974411117732,2026-07-04
13.25,120.0,0.9690710767429997,2948.0519472361343,-363.30794723613417,2026-07-04
13.5,135.0,0.9690710767429997,2898.127073228952,227.73292677104791,2026-07-04
13.75,150.0,0.9690710767429997,2835.8917268194864,26.52293984718017,2026-07-04
14.0,165.0,0.9690710767429997,2763.752834606831,194.6044987265027,2026-07-04
14.25,180.0,0.9690710767429997,2679.8119814898323,986.7980185101678,2026-07-04
14.5,195.0,0.9690710767429997,2587.729066933185,209.44626640014803,2026-07-04
14.75,210.0,0.9690710767429997,2488.528424474587,-180.29242447458728,2026-07-04
15.0,225.0,0.9690710767429997,2381.317362369109,263.99997096422385,2026-07-04
15.25,240.0,0.9690710767429997,2256.2136064795827,769.5350601870837,2026-07-04
15.5,255.0,0.9690710767429997,2118.0746982742544,579.9399683924125,2026-07-04
15.75,270.0,0.9690710767429997,1966.150113590511,122.51788640948917,2026-07-04
16.0,285.0,0.9690710767429997,1805.5917637126588,460.9882362873411,2026-07-04
16.25,300.0,0.9690710767429997,1641.0111756447934,5.288824355206543,2026-07-04
16.5,315.0,0.9690710767429997,1476.5550214260927,74.64297857390738,2026-07-04
16.75,330.0,0.9690710767429997,1303.9802789377102,337.3277210622898,2026-07-04
17.0,345.0,0.9690710767429997,1126.7240291246433,-160.9593624579769,2026-07-04
17.25,360.0,0.9690710767429997,950.94226355257,-375.7469302192367,2026-07-04
17.5,375.0,0.9690710767429997,779.739849916202,-268.89318324953547,2026-07-04
17.75,390.0,0.9690710767429997,607.365148321974,4.854851678025966,2026-07-04
18.0,405.0,0.9690710767429997,437.8464918224402,84.15550817755985,2026-07-04
18.25,420.0,0.9690710767429997,288.54934733593484,-6.500014002601517,2026-07-04
18.5,435.0,0.9690710767429997,165.10696056331872,-30.366960563318713,2026-07-04
18.75,450.0,0.9690710767429997,83.24975056450687,4.669582768826459,2026-07-04
19.0,465.0,0.9690710767429997,21.555081629579004,21.88691837042099,2026-07-04
13.0,15.0,0.7933207891048416,2486.1733651435998,-111.34269847693304,2026-07-04
13.25,30.0,0.7933207891048416,2467.455249586473,117.28875041352694,2026-07-04
13.5,45.0,0.7933207891048416,2439.591726872044,686.268273127956,2026-07-04
13.75,60.0,0.7933207891048416,2382.583973658828,479.83069300783836,2026-07-04
14.0,75.0,0.7933207891048416,2314.175915686106,644.181417647228,2026-07-04
14.25,90.0,0.7933207891048416,2241.55635382353,1425.05364617647,2026-07-04
14.5,105.0,0.7933207891048416,2159.5702088777543,637.6051244555788,2026-07-04
14.75,120.0,0.7933207891048416,2065.462815080563,242.77318491943697,2026-07-04
15.0,135.0,0.7933207891048416,1965.7556170748749,679.5617162584581,2026-07-04
15.25,150.0,0.7933207891048416,1851.348793047831,1174.3998736188355,2026-07-04
15.5,165.0,0.7933207891048416,1724.22130819178,973.7933584748869,2026-07-04
15.75,180.0,0.7933207891048416,1596.251694982422,492.4163050175782,2026-07-04
16.0,195.0,0.7933207891048416,1459.5903240755115,806.9896759244884,2026-07-04
16.25,210.0,0.7933207891048416,1319.1470461926117,327.15295380738826,2026-07-04
16.5,225.0,0.7933207891048416,1175.9014962533886,375.2965037466115,2026-07-04
16.75,240.0,0.7933207891048416,1035.997568981459,605.3104310185411,2026-07-04
17.0,255.0,0.7933207891048416,893.667209167545,72.09745749912133,2026-07-04
17.25,270.0,0.7933207891048416,753.1012021854201,-177.90586885208677,2026-07-04
17.5,285.0,0.7933207891048416,615.6443022123756,-104.797635545709,2026-07-04
17.75,300.0,0.7933207891048416,484.6178175940785,127.60218240592144,2026-07-04
18.0,315.0,0.7933207891048416,361.8204608783024,160.18153912169765,2026-07-04
18.25,330.0,0.7933207891048416,247.1959510361536,34.853382297179735,2026-07-04
18.5,345.0,0.7933207891048416,141.49726223948863,-6.757262239488625,2026-07-04
18.75,360.0,0.7933207891048416,71.33155706624657,16.587776267086753,2026-07-04
19.0,375.0,0.7933207891048416,18.34097188615144,25.101028113848553,2026-07-04
14.5,15.0,0.8459641123596964,2443.749836994473,353.4254963388603,2026-07-04
14.75,30.0,0.8459641123596964,2318.434198780501,-10.198198780501116,2026-07-04
15.0,45.0,0.8459641123596964,2188.803492742061,456.5138405912721,2026-07-04
15.25,60.0,0.8459641123596964,2052.605925012197,973.1427416544693,2026-07-04
15.5,75.0,0.8459641123596964,1907.5328429362523,790.4818237304146,2026-07-04
15.75,90.0,0.8459641123596964,1760.279699249118,328.3883007508821,2026-07-04
16.0,105.0,0.8459641123596964,1605.361428565678,661.218571434322,2026-07-04
16.25,120.0,0.8459641123596964,1447.4021866979504,198.8978133020496,2026-07-04
16.5,135.0,0.8459641123596964,1290.2472592320603,260.9507407679398,2026-07-04
16.75,150.0,0.8459641123596964,1137.4238299934011,503.8841700065989,2026-07-04
17.0,165.0,0.8459641123596964,980.5444930579156,-14.77982639124923,2026-07-04
17.25,180.0,0.8459641123596964,824.1814073890558,-248.9860740557225,2026-07-04
17.5,195.0,0.8459641123596964,672.0879982509875,-161.24133158432096,2026-07-04
17.75,210.0,0.8459641123596964,528.3994653855704,83.82053461442956,2026-07-04
18.0,225.0,0.8459641123596964,393.8328194911941,128.169180508806,2026-07-04
18.25,240.0,0.8459641123596964,268.0702893372428,13.979043996090525,2026-07-04
18.5,255.0,0.8459641123596964,152.83761032505146,-18.09761032505145,2026-07-04
18.75,270.0,0.8459641123596964,76.97665545288265,10.942677880450674,2026-07-04
19.0,285.0,0.8459641123596964,19.90879617405848,23.533203825941513,2026-07-04
16.0,15.0,0.8953154252316063,1649.8847612565069,616.6952387434931,2026-07-04
16.25,30.0,0.8953154252316063,1492.131515140238,154.16848485976197,2026-07-04
16.5,45.0,0.8953154252316063,1331.4879119568436,219.71008804315647,2026-07-04
16.75,60.0,0.8953154252316063,1173.432295975742,467.8757040242581,2026-07-04
17.0,75.0,0.8953154252316063,1013.0346987096024,-47.27003204293601,2026-07-04
17.25,90.0,0.8953154252316063,854.4106564285714,-279.2153230952381,2026-07-04
17.5,105.0,0.8953154252316063,698.0142470167191,-187.1675803500525,2026-07-04
17.75,120.0,0.8953154252316063,548.7989395309404,63.42106046905951,2026-07-04
18.0,135.0,0.8953154252316063,408.9001947633063,113.10180523669379,2026-07-04
18.25,150.0,0.8953154252316063,278.31630334751986,3.7330299858134595,2026-07-04
18.5,165.0,0.8953154252316063,159.00868101722082,-24.268681017220814,2026-07-04
18.75,180.0,0.8953154252316063,80.07295488238606,7.84637845094727,2026-07-04
19.0,195.0,0.8953154252316063,20.71202526489297,22.729974735107024,2026-07-04
7.0,15.0,0.9055591032151429,303.3077292903985,-77.01439595706523,2026-07-05
7.25,30.0,0.9055591032151429,437.03291237706486,-23.840912377064853,2026-07-05
7.5,45.0,0.9055591032151429,583.1463758208968,-133.14904248756346,2026-07-05
7.75,60.0,0.9055591032151429,742.0579384906861,-271.7779384906861,2026-07-05
8.0,75.0,0.9055591032151429,904.8731579970784,-65.18449133041167,2026-07-05
8.25,90.0,0.9055591032151429,1072.9336741434358,132.36499252323097,2026-07-05
8.5,105.0,0.9055591032151429,1246.5120187659218,134.8066479007448,2026-07-05
8.75,120.0,0.9055591032151429,1426.6151965298857,258.1988034701144,2026-07-05
9.0,135.0,0.9055591032151429,1598.5578987828426,486.57010121715757,2026-07-05
9.25,150.0,0.9055591032151429,1757.5650798129725,576.9069201870277,2026-07-05
9.5,165.0,0.9055591032151429,1908.208628152569,695.532705180764,2026-07-05
9.75,180.0,0.9055591032151429,2050.8439264036847,679.3034069296486,2026-07-05
10.0,195.0,0.9055591032151429,2188.8393261508068,719.0140071825263,2026-07-05
10.25,210.0,0.9055591032151429,2316.766129327613,785.4298706723866,2026-07-05
10.5,225.0,0.9055591032151429,2428.0475686770333,916.6304313229671,2026-07-05
10.75,240.0,0.9055591032151429,2519.166112655491,360.9192206778421,2026-07-05
11.0,255.0,0.9055591032151429,2606.4955013937565,256.0284986062434,2026-07-05
11.25,270.0,0.9055591032151429,2685.516867944528,353.92379872213905,2026-07-05
11.5,285.0,0.9055591032151429,2749.1026672431863,923.6066660901465,2026-07-05
11.75,300.0,0.9055591032151429,2790.6755893378627,632.8397439954706,2026-07-05
12.0,315.0,0.9055591032151429,2831.524419018039,85.69224764862747,2026-07-05
12.25,330.0,0.9055591032151429,2861.689840424402,-72.17850709106824,2026-07-05
12.5,345.0,0.9055591032151429,2874.5671204893038,505.6042128440299,2026-07-05
12.75,360.0,0.9055591032151429,2853.833436857208,1127.4945631427918,2026-07-05
13.0,375.0,0.9055591032151429,2824.357691720043,915.2543082799571,2026-07-05
13.25,390.0,0.9055591032151429,2790.198432946044,1162.14490038729,2026-07-05
13.5,405.0,0.9055591032151429,2747.511424403094,-1556.3014244030942,2026-07-05
13.75,420.0,0.9055591032151429,2680.5296301851945,-2144.5256301851946,2026-07-05
14.0,435.0,0.9055591032151429,2599.756471849065,-2286.620471849065,2026-07-05
14.25,450.0,0.9055591032151429,2513.603180343175,-2148.7885136765085,2026-07-05
14.5,465.0,0.9055591032151429,2427.7065203484262,-1915.3418536817594,2026-07-05
14.75,480.0,0.9055591032151429,2326.561791075634,-1787.176457742301,2026-07-05
15.0,495.0,0.9055591032151429,2207.0408811289,-1714.5155477955666,2026-07-05
15.25,510.0,0.9055591032151429,2067.1857737884943,-1622.8491071218277,2026-07-05
15.5,525.0,0.9055591032151429,1921.1021399198755,-1399.3394732532088,2026-07-05
15.75,540.0,0.9055591032151429,1775.6991819930038,-1492.6591819930038,2026-07-05
16.0,555.0,0.9055591032151429,1628.102527199655,-1099.002527199655,2026-07-05
16.25,570.0,0.9055591032151429,1473.4475009202713,-954.496167586938,2026-07-05
16.5,585.0,0.9055591032151429,1311.6308126537476,-1138.874145987081,2026-07-05
16.75,600.0,0.9055591032151429,1154.5624922963227,-1005.7798256296561,2026-07-05
17.0,615.0,0.9055591032151429,998.6332381335004,-850.0779048001671,2026-07-05
17.25,630.0,0.9055591032151429,844.2890494371621,-734.5763827704955,2026-07-05
17.5,645.0,0.9055591032151429,691.3355417772663,-571.5455417772662,2026-07-05
17.75,660.0,0.9055591032151429,546.6715020035716,-451.5341686702383,2026-07-05
18.0,675.0,0.9055591032151429,411.956881386601,-343.45621471993434,2026-07-05
18.25,690.0,0.9055591032151429,279.6301038024136,-236.34143713574693,2026-07-05
18.5,705.0,0.9055591032151429,159.7402976292064,-135.72029762920639,2026-07-05
18.75,720.0,0.9055591032151429,79.94425656323253,-66.57925656323253,2026-07-05
8.5,15.0,0.5434420107820948,918.7976339369504,462.5210327297161,2026-07-05
8.75,30.0,0.5434420107820948,1053.7866659439237,631.0273340560764,2026-07-05
9.0,45.0,0.5434420107820948,1178.3326742525458,906.7953257474544,2026-07-05
9.25,60.0,0.5434420107820948,1290.0058404562355,1044.4661595437647,2026-07-05
9.5,75.0,0.5434420107820948,1389.7734834633152,1213.9678498700177,2026-07-05
9.75,90.0,0.5434420107820948,1484.529272833904,1245.6180604994292,2026-07-05
10.0,105.0,0.5434420107820948,1579.701904904486,1328.151428428847,2026-07-05
10.25,120.0,0.5434420107820948,1666.4853720391247,1435.7106279608747,2026-07-05
10.5,135.0,0.5434420107820948,1733.7540037267956,1610.9239962732047,2026-07-05
10.75,150.0,0.5434420107820948,1783.561928408291,1096.523404925042,2026-07-05
11.0,165.0,0.5434420107820948,1839.3512934811104,1023.1727065188895,2026-07-05
11.25,180.0,0.5434420107820948,1895.91976117486,1143.5209054918068,2026-07-05
11.5,195.0,0.5434420107820948,1937.3040571991096,1735.4052761342232,2026-07-05
11.75,210.0,0.5434420107820948,1956.6280286853205,1466.8873046480128,2026-07-05
12.0,225.0,0.5434420107820948,1989.1632188606077,928.053447806059,2026-07-05
12.25,240.0,0.5434420107820948,2028.3063795888847,761.2049537444491,2026-07-05
12.5,255.0,0.5434420107820948,2038.259215521046,1341.9121178122878,2026-07-05
12.75,270.0,0.5434420107820948,2007.786997244464,1973.541002755536,2026-07-05
13.0,285.0,0.5434420107820948,1979.7856423984117,1759.8263576015884,2026-07-05
13.25,300.0,0.5434420107820948,1958.0920251136577,1994.251308219676,2026-07-05
13.5,315.0,0.5434420107820948,1927.6525732093587,-736.4425732093587,2026-07-05
13.75,330.0,0.5434420107820948,1874.7628632026365,-1338.7588632026363,2026-07-05
14.0,345.0,0.5434420107820948,1816.3623505348723,-1503.2263505348724,2026-07-05
14.25,360.0,0.5434420107820948,1766.1136862656963,-1401.2990195990296,2026-07-05
14.5,375.0,0.5434420107820948,1721.0347704856977,-1208.6701038190308,2026-07-05
14.75,390.0,0.5434420107820948,1658.5529943601673,-1119.1676610268341,2026-07-05
15.0,405.0,0.5434420107820948,1570.8019524426784,-1078.2766191093451,2026-07-05
15.25,420.0,0.5434420107820948,1465.4559280839887,-1021.119261417322,2026-07-05
15.5,435.0,0.5434420107820948,1354.0955934100748,-832.3329267434082,2026-07-05
15.75,450.0,0.5434420107820948,1245.2958698207635,-962.2558698207636,2026-07-05
16.0,465.0,0.5434420107820948,1139.8934119353985,-610.7934119353985,2026-07-05
16.25,480.0,0.5434420107820948,1029.069077493815,-510.1177441604817,2026-07-05
16.5,495.0,0.5434420107820948,910.564605343859,-737.8079386771923,2026-07-05
16.75,510.0,0.5434420107820948,799.803001524572,-651.0203348579054,2026-07-05
17.0,525.0,0.5434420107820948,694.59171451045,-546.0363811771167,2026-07-05
17.25,540.0,0.5434420107820948,591.6748187013163,-481.96215203464965,2026-07-05
17.5,555.0,0.5434420107820948,487.62852888707096,-367.83852888707094,2026-07-05
17.75,570.0,0.5434420107820948,388.5200248879229,-293.38269155458954,2026-07-05
18.0,585.0,0.5434420107820948,298.17416902670504,-229.67350236003838,2026-07-05
18.25,600.0,0.5434420107820948,205.7516608102792,-162.46299414361252,2026-07-05
18.5,615.0,0.5434420107820948,117.3916208220015,-93.3716208220015,2026-07-05
18.75,630.0,0.5434420107820948,58.469209492830494,-45.10420949283049,2026-07-05
10.0,15.0,0.9940578746910658,2443.723131313496,464.1302020198368,2026-07-05
10.25,30.0,0.9940578746910658,2569.601514677,532.5944853229994,2026-07-05
10.5,45.0,0.9940578746910658,2671.8511131003447,672.8268868996556,2026-07-05
10.75,60.0,0.9940578746910658,2749.49825962818,130.58707370515276,2026-07-05
11.0,75.0,0.9940578746910658,2828.578721280081,33.94527871991886,2026-07-05
11.25,90.0,0.9940578746910658,2905.103340557846,134.3373261088209,2026-07-05
11.5,105.0,0.9940578746910658,2964.6351374963647,708.0741958369681,2026-07-05
11.75,120.0,0.9940578746910658,3001.790558495908,421.72477483742523,2026-07-05
12.0,135.0,0.9940578746910658,3042.59833851674,-125.38167185007342,2026-07-05
12.25,150.0,0.9940578746910658,3083.024914138581,-293.51358080524733,2026-07-05
12.5,165.0,0.9940578746910658,3094.9784537311943,285.1928796021393,2026-07-05
12.75,180.0,0.9940578746910658,3061.178632223959,920.1493677760409,2026-07-05
13.0,195.0,0.9940578746910658,3021.3500806578954,718.2619193421046,2026-07-05
13.25,210.0,0.9940578746910658,2982.815041407616,969.5282919257179,2026-07-05
13.5,225.0,0.9940578746910658,2932.1269557712158,-1740.9169557712157,2026-07-05
13.75,240.0,0.9940578746910658,2855.241373706012,-2319.237373706012,2026-07-05
14.0,255.0,0.9940578746910658,2770.752192890256,-2457.616192890256,2026-07-05
14.25,270.0,0.9940578746910658,2687.396619420592,-2322.581952753925,2026-07-05
14.5,285.0,0.9940578746910658,2607.7254196905715,-2095.3607530239046,2026-07-05
14.75,300.0,0.9940578746910658,2514.0544388641088,-1974.6691055307756,2026-07-05
15.0,315.0,0.9940578746910658,2392.14293938382,-1899.6176060504865,2026-07-05
15.25,330.0,0.9940578746910658,2240.4733551976246,-1796.136688530958,2026-07-05
15.5,345.0,0.9940578746910658,2078.005537949319,-1556.2428712826527,2026-07-05
15.75,360.0,0.9940578746910658,1916.1713603415776,-1633.1313603415776,2026-07-05
16.0,375.0,0.9940578746910658,1754.2822322539866,-1225.1822322539865,2026-07-05
16.25,390.0,0.9940578746910658,1581.1886697460395,-1062.237336412706,2026-07-05
16.5,405.0,0.9940578746910658,1399.7387463462971,-1226.9820796796305,2026-07-05
16.75,420.0,0.9940578746910658,1224.944598410013,-1076.1619317433463,2026-07-05
17.0,435.0,0.9940578746910658,1056.2568423793405,-907.7015090460072,2026-07-05
17.25,450.0,0.9940578746910658,890.3713767197023,-780.6587100530356,2026-07-05
17.5,465.0,0.9940578746910658,727.4851601610393,-607.6951601610392,2026-07-05
17.75,480.0,0.9940578746910658,573.7790396295743,-478.64170629624095,2026-07-05
18.0,495.0,0.9940578746910658,431.18167773540864,-362.681011068742,2026-07-05
18.25,510.0,0.9940578746910658,292.76815328217253,-249.47948661550586,2026-07-05
18.5,525.0,0.9940578746910658,167.32405614033004,-143.30405614033003,2026-07-05
18.75,540.0,0.9940578746910658,83.45156054938988,-70.08656054938989,2026-07-05
11.5,15.0,0.8319071130268115,2649.647703802187,1023.0616295311456,2026-07-05
11.75,30.0,0.8319071130268115,2681.4244697168483,742.090863616485,2026-07-05
12.0,45.0,0.8319071130268115,2714.4866613675927,202.73000529907404,2026-07-05
12.25,60.0,0.8319071130268115,2737.524776892086,51.98655644124801,2026-07-05
12.5,75.0,0.8319071130268115,2741.500524923641,638.6708084096927,2026-07-05
12.75,90.0,0.8319071130268115,2715.142545601678,1266.1854543983218,2026-07-05
13.0,105.0,0.8319071130268115,2680.643673548508,1058.968326451492,2026-07-05
13.25,120.0,0.8319071130268115,2639.0494710861626,1313.293862247171,2026-07-05
13.5,135.0,0.8319071130268115,2590.3043048308905,-1399.0943048308905,2026-07-05
13.75,150.0,0.8319071130268115,2522.699980590249,-1986.6959805902493,2026-07-05
14.0,165.0,0.8319071130268115,2449.836283937705,-2136.700283937705,2026-07-05
14.25,180.0,0.8319071130268115,2374.854143208772,-2010.0394765421051,2026-07-05
14.5,195.0,0.8319071130268115,2303.937646033044,-1791.5729793663772,2026-07-05
14.75,210.0,0.8319071130268115,2220.2607760328838,-1680.8754426995506,2026-07-05
15.0,225.0,0.8319071130268115,2111.068561292616,-1618.5432279592826,2026-07-05
15.25,240.0,0.8319071130268115,1975.1547947838449,-1530.8181281171783,2026-07-05
15.5,255.0,0.8319071130268115,1831.207250988686,-1309.4445843220192,2026-07-05
15.75,270.0,0.8319071130268115,1687.2626543763915,-1404.2226543763916,2026-07-05
16.0,285.0,0.8319071130268115,1542.0365920381578,-1012.9365920381578,2026-07-05
16.25,300.0,0.8319071130268115,1389.0519568776538,-870.1006235443205,2026-07-05
16.5,315.0,0.8319071130268115,1230.6423578115946,-1057.885691144928,2026-07-05
16.75,330.0,0.8319071130268115,1076.8869060702536,-928.104239403587,2026-07-05
17.0,345.0,0.8319071130268115,928.56541517826,-780.0100818449266,2026-07-05
17.25,360.0,0.8319071130268115,781.9433751800485,-672.2307085133818,2026-07-05
17.5,375.0,0.8319071130268115,639.5758804926123,-519.7858804926123,2026-07-05
17.75,390.0,0.8319071130268115,505.7869189116715,-410.64958557833813,2026-07-05
18.0,405.0,0.8319071130268115,381.7283147824502,-313.2276481157835,2026-07-05
18.25,420.0,0.8319071130268115,259.3545101883149,-216.06584352164825,2026-07-05
18.5,435.0,0.8319071130268115,147.90439775848148,-123.88439775848148,2026-07-05
18.75,450.0,0.8319071130268115,73.740427053134,-60.375427053134,2026-07-05
13.0,15.0,0.8969625862542356,2950.1018149603524,789.5101850396477,2026-07-05
13.25,30.0,0.8969625862542356,2893.065936999252,1059.277396334082,2026-07-05
13.5,45.0,0.8969625862542356,2829.1744687950754,-1637.9644687950754,2026-07-05
13.75,60.0,0.8969625862542356,2756.948270394465,-2220.944270394465,2026-07-05
14.0,75.0,0.8969625862542356,2673.4285129370014,-2360.2925129370014,2026-07-05
14.25,90.0,0.8969625862542356,2591.5356672024845,-2226.721000535818,2026-07-05
14.5,105.0,0.8969625862542356,2518.300274309611,-2005.935607642944,2026-07-05
14.75,120.0,0.8969625862542356,2436.00862975532,-1896.6232964219867,2026-07-05
15.0,135.0,0.8969625862542356,2327.732898546952,-1835.2075652136189,2026-07-05
15.25,150.0,0.8969625862542356,2194.129656424668,-1749.7929897580016,2026-07-05
15.5,165.0,0.8969625862542356,2046.423173083556,-1524.6605064168893,2026-07-05
15.75,180.0,0.8969625862542356,1893.850584351157,-1610.810584351157,2026-07-05
16.0,195.0,0.8969625862542356,1744.6062360142766,-1215.5062360142765,2026-07-05
16.25,210.0,0.8969625862542356,1586.074009826998,-1067.1226764936646,2026-07-05
16.5,225.0,0.8969625862542356,1414.438760691009,-1241.6820940243424,2026-07-05
16.75,240.0,0.8969625862542356,1238.2388473188555,-1089.4561806521888,2026-07-05
17.0,255.0,0.8969625862542356,1067.5733843209305,-919.0180509875972,2026-07-05
17.25,270.0,0.8969625862542356,901.7185184713876,-792.0058518047209,2026-07-05
17.5,285.0,0.8969625862542356,740.4962780693259,-620.7062780693259,2026-07-05
17.75,300.0,0.8969625862542356,585.948600955853,-490.8112676225196,2026-07-05
18.0,315.0,0.8969625862542356,426.99947920752993,-358.49881254086324,2026-07-05
18.25,330.0,0.8969625862542356,282.7704637258625,-239.48179705919583,2026-07-05
18.5,345.0,0.8969625862542356,161.71977216602974,-137.69977216602973,2026-07-05
18.75,360.0,0.8969625862542356,80.9161391408526,-67.5511391408526,2026-07-05
14.5,15.0,0.17515710725241088,835.7042065469035,-323.33953988023677,2026-07-05
14.75,30.0,0.17515710725241088,824.2100878643519,-284.8247545310186,2026-07-05
15.0,45.0,0.17515710725241088,801.8407855138,-309.3154521804667,2026-07-05
15.25,60.0,0.17515710725241088,768.7040102761746,-324.3673436095079,2026-07-05
15.5,75.0,0.17515710725241088,736.4136845500072,-214.65101788334061,2026-07-05
15.75,90.0,0.17515710725241088,692.9375801826798,-409.89758018267975,2026-07-05
16.0,105.0,0.17515710725241088,645.8853879271443,-116.78538792714426,2026-07-05
16.25,120.0,0.17515710725241088,595.7753555294597,-76.8240221961264,2026-07-05
16.5,135.0,0.17515710725241088,545.6496771273289,-372.89301046066225,2026-07-05
16.75,150.0,0.17515710725241088,488.0231093145501,-339.24044264788347,2026-07-05
17.0,165.0,0.17515710725241088,429.1964653854966,-280.6411320521633,2026-07-05
17.25,180.0,0.17515710725241088,370.47836536880055,-260.7656987021339,2026-07-05
17.5,195.0,0.17515710725241088,311.6137432904939,-191.8237432904939,2026-07-05
17.75,210.0,0.17515710725241088,255.23242734670376,-160.09509401337039,2026-07-05
18.0,225.0,0.17515710725241088,188.24964917165744,-119.74898250499078,2026-07-05
18.25,240.0,0.17515710725241088,125.39477099281358,-82.1061043261469,2026-07-05
18.5,255.0,0.17515710725241088,71.73521454322015,-47.715214543220156,2026-07-05
18.75,270.0,0.17515710725241088,35.86800857351217,-22.50300857351217,2026-07-05
16.0,15.0,0.12520516000581625,531.7717920862311,-2.6717920862311075,2026-07-05
16.25,30.0,0.12520516000581625,494.3445845526993,24.606748780634007,2026-07-05
16.5,45.0,0.12520516000581625,452.66230396219817,-279.9056372955315,2026-07-05
16.75,60.0,0.12520516000581625,406.091995142228,-257.3093284755613,2026-07-05
17.0,75.0,0.12520516000581625,361.533513315492,-212.97817998215868,2026-07-05
17.25,90.0,0.12520516000581625,315.53169518483423,-205.81902851816756,2026-07-05
17.5,105.0,0.12520516000581625,269.03712623745525,-149.24712623745523,2026-07-05
17.75,120.0,0.12520516000581625,224.50398569508323,-129.36665236174986,2026-07-05
18.0,135.0,0.12520516000581625,166.66677263219952,-98.16610596553286,2026-07-05
18.25,150.0,0.12520516000581625,110.69173645715864,-67.40306979049197,2026-07-05
18.5,165.0,0.12520516000581625,63.07518661088826,-39.055186610888256,2026-07-05
18.75,180.0,0.12520516000581625,31.56737906186855,-18.202379061868548,2026-07-05
7.0,15.0,1.0470786607971596,322.26776382811283,-15.37776382811279,2026-07-06
7.25,30.0,1.0470786607971596,464.2867476511085,-183.16905534341623,2026-07-06
7.5,45.0,1.0470786607971596,619.5510421135169,-269.83237544685034,2026-07-06
7.75,60.0,1.0470786607971596,780.6057771545857,-338.61177715458564,2026-07-06
8.0,75.0,1.0470786607971596,947.271384999736,-631.4193849997359,2026-07-06
8.25,90.0,1.0470786607971596,1117.4446397950542,-862.4593064617209,2026-07-06
8.5,105.0,1.0470786607971596,1288.0755560924088,-912.7522227590755,2026-07-06
8.75,120.0,1.0470786607971596,1449.79250895803,-799.1231756246967,2026-07-06
9.0,135.0,1.0470786607971596,1605.68394809973,-658.34894809973,2026-07-06
9.25,150.0,1.0470786607971596,1757.5613339303318,-795.0073339303318,2026-07-06
9.5,165.0,1.0470786607971596,1907.9739653625973,-932.6519653625973,2026-07-06
9.75,180.0,1.0470786607971596,2051.874363060759,-1010.1550297274259,2026-07-06
10.0,195.0,1.0470786607971596,2183.2976160395347,-1315.6722827062013,2026-07-06
10.25,210.0,1.0470786607971596,2301.4308146936123,-1429.9988146936123,2026-07-06
10.5,225.0,1.0470786607971596,2412.221220084781,-1472.4945534181143,2026-07-06
10.75,240.0,1.0470786607971596,2531.537258820136,-945.8652588201358,2026-07-06
11.0,255.0,1.0470786607971596,2641.3610840868496,-806.8310840868496,2026-07-06
11.25,270.0,1.0470786607971596,2738.5383140799613,-1405.8516474132946,2026-07-06
11.5,285.0,1.0470786607971596,2825.074141827006,-1478.9121418270058,2026-07-06
11.75,300.0,1.0470786607971596,2908.660868911581,-1827.5888689115811,2026-07-06
12.0,315.0,1.0470786607971596,2979.980349428475,-2122.898041736167,2026-07-06
12.25,330.0,1.0470786607971596,3041.4640375372774,-1777.8880375372776,2026-07-06
12.5,345.0,1.0470786607971596,3092.5246113791773,-1159.2646113791773,2026-07-06
12.75,360.0,1.0470786607971596,3112.9265214816146,-1016.7685214816147,2026-07-06
13.0,375.0,1.0470786607971596,3119.9368614328623,-692.8581947661955,2026-07-06
13.25,390.0,1.0470786607971596,3113.895644765916,106.10968856741692,2026-07-06
13.5,405.0,1.0470786607971596,3097.64937215008,-2206.3760388167466,2026-07-06
13.75,420.0,1.0470786607971596,3048.676627822449,-412.0032944891159,2026-07-06
14.0,435.0,1.0470786607971596,2991.79542291946,437.8512437472068,2026-07-06
14.25,450.0,1.0470786607971596,2922.8866011195987,-269.63660111959825,2026-07-06
14.5,465.0,1.0470786607971596,2839.762098486247,160.26123484708614,2026-07-06
14.75,480.0,1.0470786607971596,2726.884726438562,150.2492735614378,2026-07-06
15.0,495.0,1.0470786607971596,2602.8497138261773,242.59161950715634,2026-07-06
15.25,510.0,1.0470786607971596,2470.858860475505,807.9844728578278,2026-07-06
15.5,525.0,1.0470786607971596,2332.5832154802474,503.3187845197526,2026-07-06
15.75,540.0,1.0470786607971596,2169.628073541529,3.782593125137737,2026-07-06
16.0,555.0,1.0470786607971596,1998.2606600499216,-92.30866004992163,2026-07-06
16.25,570.0,1.0470786607971596,1819.190870287549,243.31646304578408,2026-07-06
16.5,585.0,1.0470786607971596,1637.0790871712595,-107.28908717125933,2026-07-06
16.75,600.0,1.0470786607971596,1442.0937967235818,161.27286994308474,2026-07-06
17.0,615.0,1.0470786607971596,1246.9168263302172,-92.17349299688408,2026-07-06
17.25,630.0,1.0470786607971596,1052.5655416113816,-572.9355416113815,2026-07-06
17.5,645.0,1.0470786607971596,851.6479209875556,-544.9825876542222,2026-07-06
17.75,660.0,1.0470786607971596,656.9038615815151,-116.73186158151509,2026-07-06
18.0,675.0,1.0470786607971596,475.89843005109367,73.5835699489063,2026-07-06
18.25,690.0,1.0470786607971596,314.6001673980309,-63.18816739803091,2026-07-06
18.5,705.0,1.0470786607971596,179.91594346876363,0.28472319790304823,2026-07-06
18.75,720.0,1.0470786607971596,89.6986190686232,29.306047598043477,2026-07-06
19.0,735.0,1.0470786607971596,22.9268929529976,22.002440380335724,2026-07-06
8.5,15.0,0.262654256843661,373.55260013003647,1.7707332032968566,2026-07-06
8.75,30.0,0.262654256843661,421.3515114734632,229.3178218598702,2026-07-06
9.0,45.0,0.262654256843661,464.7300972406312,482.6049027593688,2026-07-06
9.25,60.0,0.262654256843661,507.26322504460495,455.290774955395,2026-07-06
9.5,75.0,0.262654256843661,556.8892924022348,418.4327075977652,2026-07-06
9.75,90.0,0.262654256843661,605.7404293941265,435.9789039392067,2026-07-06
10.0,105.0,0.262654256843661,647.019676101799,220.60565723153434,2026-07-06
10.25,120.0,0.262654256843661,683.1308042198895,188.30119578011056,2026-07-06
10.5,135.0,0.262654256843661,721.375805053273,218.35086161339382,2026-07-06
10.75,150.0,0.262654256843661,776.6817046314874,808.9902953685126,2026-07-06
11.0,165.0,0.262654256843661,826.3680670480289,1008.161932951971,2026-07-06
11.25,180.0,0.262654256843661,872.3553216483608,460.3313450183059,2026-07-06
11.5,195.0,0.262654256843661,920.8092151604302,425.35278483956984,2026-07-06
11.75,210.0,0.262654256843661,977.1662602222684,103.90573977773147,2026-07-06
12.0,225.0,0.262654256843661,1033.0203130228083,-175.93800533050057,2026-07-06
12.25,240.0,0.262654256843661,1091.7110991957722,171.86490080422755,2026-07-06
12.5,255.0,0.262654256843661,1149.5796593460757,783.6803406539243,2026-07-06
12.75,270.0,0.262654256843661,1178.392007224253,917.765992775747,2026-07-06
13.0,285.0,0.262654256843661,1193.2565493946902,1233.8221172719766,2026-07-06
13.25,300.0,0.262654256843661,1201.2105638856574,2018.7947694476757,2026-07-06
13.5,315.0,0.262654256843661,1211.5052877510343,-320.2319544177009,2026-07-06
13.75,330.0,0.262654256843661,1196.6638325089843,1440.0095008243488,2026-07-06
14.0,345.0,0.262654256843661,1183.8402202822765,2245.8064463843903,2026-07-06
14.25,360.0,0.262654256843661,1173.541294387452,1479.7087056125486,2026-07-06
14.5,375.0,0.262654256843661,1159.9142858229077,1840.1090475104254,2026-07-06
14.75,390.0,0.262654256843661,1121.2825281841378,1755.8514718158622,2026-07-06
15.0,405.0,0.262654256843661,1075.4681505675358,1769.973182765798,2026-07-06
15.25,420.0,0.262654256843661,1029.7016294343755,2249.1417038989575,2026-07-06
15.5,435.0,0.262654256843661,989.7432068020664,1846.1587931979336,2026-07-06
15.75,450.0,0.262654256843661,926.9345842836424,1246.4760823830243,2026-07-06
16.0,465.0,0.262654256843661,857.5977530273057,1048.3542469726945,2026-07-06
16.25,480.0,0.262654256843661,787.9628660212381,1274.5444673120949,2026-07-06
16.5,495.0,0.262654256843661,719.7888982471383,810.0011017528619,2026-07-06
16.75,510.0,0.262654256843661,638.0485850170363,965.3180816496302,2026-07-06
17.0,525.0,0.262654256843661,556.0533110017715,598.6900223315616,2026-07-06
17.25,540.0,0.262654256843661,475.3182246370383,4.311775362961782,2026-07-06
17.5,555.0,0.262654256843661,386.9386133887031,-80.27328005536981,2026-07-06
17.75,570.0,0.262654256843661,299.24925248444544,240.9227475155546,2026-07-06
18.0,585.0,0.262654256843661,217.23424622475227,332.2477537752477,2026-07-06
18.25,600.0,0.262654256843661,144.1460416818373,107.26595831816272,2026-07-06
18.5,615.0,0.262654256843661,82.91425436568562,97.28641230098106,2026-07-06
18.75,630.0,0.262654256843661,41.425631970030224,77.57903469663646,2026-07-06
19.0,645.0,0.262654256843661,10.009848028416872,34.91948530491645,2026-07-06
10.0,15.0,0.35517723927886613,838.8619963402626,28.763336993070652,2026-07-06
10.25,30.0,0.35517723927886613,877.9633739020647,-6.531373902064729,2026-07-06
10.5,45.0,0.35517723927886613,915.5073640066375,24.219302660029257,2026-07-06
10.75,60.0,0.35517723927886613,969.6650326493328,616.0069673506672,2026-07-06
11.0,75.0,0.35517723927886613,1026.8978886679538,807.6321113320462,2026-07-06
11.25,90.0,0.35517723927886613,1077.3811129838998,255.3055536827669,2026-07-06
11.5,105.0,0.35517723927886613,1124.6490640576358,221.51293594236427,2026-07-06
11.75,120.0,0.35517723927886613,1180.8655661456353,-99.7935661456354,2026-07-06
12.0,135.0,0.35517723927886613,1232.2510327524683,-375.16872506016057,2026-07-06
12.25,150.0,0.35517723927886613,1285.9688497888783,-22.392849788878493,2026-07-06
12.5,165.0,0.35517723927886613,1339.2303577544528,594.0296422455472,2026-07-06
12.75,180.0,0.35517723927886613,1367.0481455970937,729.1098544029062,2026-07-06
13.0,195.0,0.35517723927886613,1384.5063035154644,1042.5723631512024,2026-07-06
13.25,210.0,0.35517723927886613,1395.8116881644128,1824.1936451689203,2026-07-06
13.5,225.0,0.35517723927886613,1403.9416652382356,-512.6683319049022,2026-07-06
13.75,240.0,0.35517723927886613,1384.0371867799497,1252.6361465533835,2026-07-06
14.0,255.0,0.35517723927886613,1369.5356373428028,2060.1110293238644,2026-07-06
14.25,270.0,0.35517723927886613,1357.5262015745802,1295.7237984254202,2026-07-06
14.5,285.0,0.35517723927886613,1343.2197309925436,1656.8036023407894,2026-07-06
14.75,300.0,0.35517723927886613,1297.7124791718472,1579.4215208281528,2026-07-06
15.0,315.0,0.35517723927886613,1244.2744736290565,1601.1668597042772,2026-07-06
15.25,330.0,0.35517723927886613,1190.363323510683,2088.4800098226497,2026-07-06
15.5,345.0,0.35517723927886613,1138.4986385411703,1697.4033614588297,2026-07-06
15.75,360.0,0.35517723927886613,1060.8897024624562,1112.5209642042105,2026-07-06
16.0,375.0,0.35517723927886613,980.20281271726,925.74918728274,2026-07-06
16.25,390.0,0.35517723927886613,897.0430656861998,1165.464267647133,2026-07-06
16.5,405.0,0.35517723927886613,815.8393693910575,713.9506306089427,2026-07-06
16.75,420.0,0.35517723927886613,721.149670083616,882.2169965830506,2026-07-06
17.0,435.0,0.35517723927886613,628.7597290819432,525.9836042513899,2026-07-06
17.25,450.0,0.35517723927886613,535.4400094486083,-55.810009448608184,2026-07-06
17.5,465.0,0.35517723927886613,434.3404260448482,-127.67509271151488,2026-07-06
17.75,480.0,0.35517723927886613,335.8982346506518,204.27376534934825,2026-07-06
18.0,495.0,0.35517723927886613,243.4625589593556,306.0194410406444,2026-07-06
18.25,510.0,0.35517723927886613,161.46106041068705,89.95093958931295,2026-07-06
18.5,525.0,0.35517723927886613,93.06604041187916,87.13462625478752,2026-07-06
18.75,540.0,0.35517723927886613,46.61503334190083,72.38963332476584,2026-07-06
19.0,555.0,0.35517723927886613,11.459603060201138,33.469730273132186,2026-07-06
11.5,15.0,0.37988361286196487,1205.0798562845875,141.08214371541249,2026-07-06
11.75,30.0,0.37988361286196487,1254.7429158959524,-173.67091589595248,2026-07-06
12.0,45.0,0.37988361286196487,1299.337058307024,-442.2547506147164,2026-07-06
12.25,60.0,0.37988361286196487,1344.0346072766156,-80.4586072766158,2026-07-06
12.5,75.0,0.37988361286196487,1387.8309848493072,545.4290151506927,2026-07-06
12.75,90.0,0.37988361286196487,1411.8654502885383,684.2925497114616,2026-07-06
13.0,105.0,0.37988361286196487,1424.9456270878195,1002.1330395788473,2026-07-06
13.25,120.0,0.37988361286196487,1433.010755143358,1786.994578189975,2026-07-06
13.5,135.0,0.37988361286196487,1439.8516495783656,-548.5783162450322,2026-07-06
13.75,150.0,0.37988361286196487,1428.222808983594,1208.4505243497392,2026-07-06
14.0,165.0,0.37988361286196487,1417.949235205671,2011.697431460996,2026-07-06
14.25,180.0,0.37988361286196487,1405.271912367563,1247.9780876324376,2026-07-06
14.5,195.0,0.37988361286196487,1386.9730496614932,1613.05028367184,2026-07-06
14.75,210.0,0.37988361286196487,1342.393583136968,1534.7404168630321,2026-07-06
15.0,225.0,0.37988361286196487,1287.9084218345422,1557.5329114987915,2026-07-06
15.25,240.0,0.37988361286196487,1231.4857811540437,2047.357552179289,2026-07-06
15.5,255.0,0.37988361286196487,1173.2144324449837,1662.6875675550164,2026-07-06
15.75,270.0,0.37988361286196487,1095.3394080674611,1078.0712585992055,2026-07-06
16.0,285.0,0.37988361286196487,1010.990384355309,894.961615644691,2026-07-06
16.25,300.0,0.37988361286196487,924.682809076743,1137.82452425659,2026-07-06
16.5,315.0,0.37988361286196487,841.6584045171434,688.1315954828568,2026-07-06
16.75,330.0,0.37988361286196487,747.9781569645351,855.3885097021315,2026-07-06
17.0,345.0,0.37988361286196487,653.3540417792444,501.3892915540887,2026-07-06
17.25,360.0,0.37988361286196487,556.037937033478,-76.40793703347788,2026-07-06
17.5,375.0,0.37988361286196487,451.17467198033467,-144.50933864700136,2026-07-06
17.75,390.0,0.37988361286196487,348.0131035561297,192.15889644387033,2026-07-06
18.0,405.0,0.37988361286196487,251.5116463512036,297.9703536487964,2026-07-06
18.25,420.0,0.37988361286196487,165.90377736591012,85.50822263408989,2026-07-06
18.5,435.0,0.37988361286196487,95.0457811088173,85.15488555784938,2026-07-06
18.75,450.0,0.37988361286196487,47.372640176423005,71.63202649024367,2026-07-06
19.0,465.0,0.37988361286196487,11.605167415800947,33.324165917532376,2026-07-06
13.0,15.0,0.3830896411457694,1427.8483401260307,999.230326540636,2026-07-06
13.25,30.0,0.3830896411457694,1398.1251851844213,1821.8801481489118,2026-07-06
13.5,45.0,0.3830896411457694,1372.244384272101,-480.97105093876746,2026-07-06
13.75,60.0,0.3830896411457694,1353.1325221894808,1283.5408111438524,2026-07-06
14.0,75.0,0.3830896411457694,1337.3673531782958,2092.2793134883714,2026-07-06
14.25,90.0,0.3830896411457694,1319.8153996909025,1333.434600309098,2026-07-06
14.5,105.0,0.3830896411457694,1301.2514702388398,1698.7718630944933,2026-07-06
14.75,120.0,0.3830896411457694,1270.348557802066,1606.7854421979341,2026-07-06
15.0,135.0,0.3830896411457694,1226.011991718748,1619.4293416145856,2026-07-06
15.25,150.0,0.3830896411457694,1180.2812873635407,2098.562045969792,2026-07-06
15.5,165.0,0.3830896411457694,1135.8325712948056,1700.0694287051945,2026-07-06
15.75,180.0,0.3830896411457694,1066.7775476599409,1106.6331190067258,2026-07-06
16.0,195.0,0.3830896411457694,991.7734730045984,914.1785269954016,2026-07-06
16.25,210.0,0.3830896411457694,912.7109248340976,1149.7964084992354,2026-07-06
16.5,225.0,0.3830896411457694,835.5481378773871,694.241862122613,2026-07-06
16.75,240.0,0.3830896411457694,741.9124900433293,861.4541766233373,2026-07-06
17.0,255.0,0.3830896411457694,647.836218034216,506.9071152991171,2026-07-06
17.25,270.0,0.3830896411457694,552.3280484223976,-72.6980484223975,2026-07-06
17.5,285.0,0.3830896411457694,458.949545641679,-152.28421230834567,2026-07-06
17.75,300.0,0.3830896411457694,354.31385324888583,185.8581467511142,2026-07-06
18.0,315.0,0.3830896411457694,256.8848165024623,292.5971834975377,2026-07-06
18.25,330.0,0.3830896411457694,170.12936893650698,81.28263106349303,2026-07-06
18.5,345.0,0.3830896411457694,97.7884845299893,82.41218213667737,2026-07-06
18.75,360.0,0.3830896411457694,48.7274674160357,70.27719925063099,2026-07-06
19.0,375.0,0.3830896411457694,11.92965944915338,32.99967388417994,2026-07-06
14.5,15.0,0.8506458935032285,2345.5863947782223,654.4369385551108,2026-07-06
14.75,30.0,0.8506458935032285,2257.4710962473114,619.6629037526886,2026-07-06
15.0,45.0,0.8506458935032285,2150.547110087476,694.8942232458576,2026-07-06
15.25,60.0,0.8506458935032285,2041.987879096257,1236.8554542370757,2026-07-06
15.5,75.0,0.8506458935032285,1939.5244637841229,896.3775362158772,2026-07-06
15.75,90.0,0.8506458935032285,1805.7793910594487,367.63127560721796,2026-07-06
16.0,105.0,0.8506458935032285,1656.6884746999551,249.26352530004488,2026-07-06
16.25,120.0,0.8506458935032285,1509.6642827034343,552.8430506298987,2026-07-06
16.5,135.0,0.8506458935032285,1368.143373106226,161.64662689377428,2026-07-06
16.75,150.0,0.8506458935032285,1209.8345492230928,393.5321174435737,2026-07-06
17.0,165.0,0.8506458935032285,1046.4706141623303,108.27271917100279,2026-07-06
17.25,180.0,0.8506458935032285,881.6707521220193,-402.04075212201917,2026-07-06
17.5,195.0,0.8506458935032285,723.8922729252843,-417.22693959195095,2026-07-06
17.75,210.0,0.8506458935032285,557.561188427115,-17.38918842711496,2026-07-06
18.0,225.0,0.8506458935032285,402.21879421547385,147.26320578452612,2026-07-06
18.25,240.0,0.8506458935032285,264.8138970314456,-13.4018970314456,2026-07-06
18.5,255.0,0.8506458935032285,151.75390972183828,28.446756944828394,2026-07-06
18.75,270.0,0.8506458935032285,75.83059436176295,43.17407230490373,2026-07-06
19.0,285.0,0.8506458935032285,19.206410397500623,25.722922935832703,2026-07-06
16.0,15.0,0.9530373813554847,1793.6941940844026,112.25780591559737,2026-07-06
16.25,30.0,0.9530373813554847,1633.9357735319802,428.5715598013528,2026-07-06
16.5,45.0,0.9530373813554847,1476.13204415524,53.65795584476018,2026-07-06
16.75,60.0,0.9530373813554847,1302.693002607515,300.67366405915163,2026-07-06
17.0,75.0,0.9530373813554847,1128.9911610063675,25.752172326965592,2026-07-06
17.25,90.0,0.9530373813554847,952.6736620895076,-473.0436620895075,2026-07-06
17.5,105.0,0.9530373813554847,780.5241885877223,-473.85885525438897,2026-07-06
17.75,120.0,0.9530373813554847,602.027365409886,-61.85536540988596,2026-07-06
18.0,135.0,0.9530373813554847,434.8548849339088,114.62711506609116,2026-07-06
18.25,150.0,0.9530373813554847,285.669026065538,-34.257026065537985,2026-07-06
18.5,165.0,0.9530373813554847,163.15215577131963,17.04851089534705,2026-07-06
18.75,180.0,0.9530373813554847,81.30255112445495,37.70211554221173,2026-07-06
19.0,195.0,0.9530373813554847,20.646439955206496,24.28289337812683,2026-07-06
7.0,15.0,0.7558528223956965,271.04558967984786,181.7104103201521,2026-07-07
7.25,30.0,0.7558528223956965,392.3187547843745,96.35257854895877,2026-07-07
7.5,45.0,0.7558528223956965,523.4954322774853,9.299901055848068,2026-07-07
7.75,60.0,0.7558528223956965,662.2215069624857,409.4291597041812,2026-07-07
8.0,75.0,0.7558528223956965,808.3649858318286,29.524347501504735,2026-07-07
8.25,90.0,0.7558528223956965,957.1341982793922,-401.25286494605893,2026-07-07
8.5,105.0,0.7558528223956965,1102.0757482719084,-455.78641493857504,2026-07-07
8.75,120.0,0.7558528223956965,1243.8488183078216,89.3911816921784,2026-07-07
9.0,135.0,0.7558528223956965,1389.9129196139145,-299.53625294724793,2026-07-07
9.25,150.0,0.7558528223956965,1531.718078285539,-103.00474495220533,2026-07-07
9.5,165.0,0.7558528223956965,1661.2172148787322,-2.6538815453989173,2026-07-07
9.75,180.0,0.7558528223956965,1778.4923698903876,419.9776301096126,2026-07-07
10.0,195.0,0.7558528223956965,1893.5386814692629,341.25665186407014,2026-07-07
10.25,210.0,0.7558528223956965,2005.2604082520688,672.5435917479317,2026-07-07
10.5,225.0,0.7558528223956965,2101.748806928505,1041.8031930714951,2026-07-07
10.75,240.0,0.7558528223956965,2184.263083617819,1329.7609163821808,2026-07-07
11.0,255.0,0.7558528223956965,2272.1564804828618,-497.2024804828616,2026-07-07
11.25,270.0,0.7558528223956965,2357.752579607481,-348.45124627414793,2026-07-07
11.5,285.0,0.7558528223956965,2431.6216079100054,-626.7102745766726,2026-07-07
11.75,300.0,0.7558528223956965,2502.0839812772183,904.018018722782,2026-07-07
12.0,315.0,0.7558528223956965,2573.400627378244,-140.90396071157693,2026-07-07
12.25,330.0,0.7558528223956965,2619.8965995892554,-530.4499329225891,2026-07-07
12.5,345.0,0.7558528223956965,2638.2667015593206,-622.8853682259873,2026-07-07
12.75,360.0,0.7558528223956965,2625.4057865290506,-709.5157865290505,2026-07-07
13.0,375.0,0.7558528223956965,2610.7236905591462,-1994.0256905591461,2026-07-07
13.25,390.0,0.7558528223956965,2593.9658815633434,-2398.7905482300102,2026-07-07
13.5,405.0,0.7558528223956965,2569.620261335628,-2324.668261335628,2026-07-07
13.75,420.0,0.7558528223956965,2504.0299380684623,-2304.323271401796,2026-07-07
14.0,435.0,0.7558528223956965,2434.169369226687,-2033.6887025600206,2026-07-07
14.25,450.0,0.7558528223956965,2355.276114649834,-1996.7854479831676,2026-07-07
14.5,465.0,0.7558528223956965,2262.169622938632,-1374.143622938632,2026-07-07
14.75,480.0,0.7558528223956965,2148.0587920172925,-81.49812535062574,2026-07-07
15.0,495.0,0.7558528223956965,2032.0334941976453,-1434.366160864312,2026-07-07
15.25,510.0,0.7558528223956965,1903.074526180019,-1190.5378595133523,2026-07-07
15.5,525.0,0.7558528223956965,1761.7115546404857,-1268.2182213071524,2026-07-07
15.75,540.0,0.7558528223956965,1616.8617264327395,-861.6317264327395,2026-07-07
16.0,555.0,0.7558528223956965,1473.6216840789707,-44.60568407897085,2026-07-07
16.25,570.0,0.7558528223956965,1328.6010344509257,691.2982988824076,2026-07-07
16.5,585.0,0.7558528223956965,1176.5029654095006,-332.8729654095007,2026-07-07
16.75,600.0,0.7558528223956965,1026.3687466202978,-769.5454132869644,2026-07-07
17.0,615.0,0.7558528223956965,878.9843251087468,-800.8896584420802,2026-07-07
17.25,630.0,0.7558528223956965,733.8204863385054,-653.1224863385054,2026-07-07
17.5,645.0,0.7558528223956965,590.773162399561,-541.5744957328943,2026-07-07
17.75,660.0,0.7558528223956965,463.8568211538494,-450.43215448718274,2026-07-07
18.0,675.0,0.7558528223956965,346.6200839716399,-342.0863339716399,2026-07-07
8.5,15.0,0.6052784408073597,862.8591477773779,-216.56981444404448,2026-07-07
8.75,30.0,0.6052784408073597,988.2047601182294,345.0352398817706,2026-07-07
9.0,45.0,0.6052784408073597,1113.9585389405115,-23.581872273844965,2026-07-07
9.25,60.0,0.6052784408073597,1231.7500152219434,196.9633181113902,2026-07-07
9.5,75.0,0.6052784408073597,1342.0828669885516,316.4804663447817,2026-07-07
9.75,90.0,0.6052784408073597,1446.7265145197518,751.7434854802484,2026-07-07
10.0,105.0,0.6052784408073597,1548.4208624273654,686.3744709059677,2026-07-07
10.25,120.0,0.6052784408073597,1648.7047583036249,1029.0992416963757,2026-07-07
10.5,135.0,0.6052784408073597,1742.0740715758227,1401.4779284241774,2026-07-07
10.75,150.0,0.6052784408073597,1820.253965152124,1693.7700348478759,2026-07-07
11.0,165.0,0.6052784408073597,1894.5258831048195,-119.57188310481934,2026-07-07
11.25,180.0,0.6052784408073597,1971.1711299358983,38.1302033974348,2026-07-07
11.5,195.0,0.6052784408073597,2039.6581870970665,-234.74685376373372,2026-07-07
11.75,210.0,0.6052784408073597,2100.625316228671,1305.4766837713291,2026-07-07
12.0,225.0,0.6052784408073597,2166.882041997903,265.614624668764,2026-07-07
12.25,240.0,0.6052784408073597,2222.2102954813463,-132.76362881468003,2026-07-07
12.5,255.0,0.6052784408073597,2253.1883149513487,-237.80698161801547,2026-07-07
12.75,270.0,0.6052784408073597,2249.862060471893,-333.972060471893,2026-07-07
13.0,285.0,0.6052784408073597,2248.0567401851245,-1631.3587401851244,2026-07-07
13.25,300.0,0.6052784408073597,2237.503687470008,-2042.3283541366748,2026-07-07
13.5,315.0,0.6052784408073597,2216.9895566872865,-1972.0375566872865,2026-07-07
13.75,330.0,0.6052784408073597,2161.621648116157,-1961.9149814494901,2026-07-07
14.0,345.0,0.6052784408073597,2102.799067426259,-1702.3184007595926,2026-07-07
14.25,360.0,0.6052784408073597,2027.789113367921,-1669.2984467012543,2026-07-07
14.5,375.0,0.6052784408073597,1947.0130639418717,-1058.9870639418716,2026-07-07
14.75,390.0,0.6052784408073597,1850.7882113220696,215.77245534459712,2026-07-07
15.0,405.0,0.6052784408073597,1753.9083697667818,-1156.2410364334482,2026-07-07
15.25,420.0,0.6052784408073597,1641.8737561656046,-929.337089498938,2026-07-07
15.5,435.0,0.6052784408073597,1520.3463231843714,-1026.852989851038,2026-07-07
15.75,450.0,0.6052784408073597,1395.9791911962657,-640.7491911962657,2026-07-07
16.0,465.0,0.6052784408073597,1270.2092072270896,158.80679277291028,2026-07-07
16.25,480.0,0.6052784408073597,1144.7665617875875,875.1327715457458,2026-07-07
16.5,495.0,0.6052784408073597,1015.1166145895128,-171.4866145895129,2026-07-07
16.75,510.0,0.6052784408073597,885.0507991075933,-628.2274657742599,2026-07-07
17.0,525.0,0.6052784408073597,756.8284596058497,-678.7337929391831,2026-07-07
17.25,540.0,0.6052784408073597,634.3269968130465,-553.6289968130466,2026-07-07
17.5,555.0,0.6052784408073597,513.5449089381598,-464.3462422714931,2026-07-07
17.75,570.0,0.6052784408073597,402.43280100814354,-389.0081343414769,2026-07-07
18.0,585.0,0.6052784408073597,299.30235576784605,-294.76860576784605,2026-07-07
10.0,15.0,0.6121883430565978,1675.326612197042,559.4687211362909,2026-07-07
10.25,30.0,0.6121883430565978,1777.3334158973264,900.4705841026741,2026-07-07
10.5,45.0,0.6121883430565978,1862.784796188324,1280.7672038116762,2026-07-07
10.75,60.0,0.6121883430565978,1937.551655735913,1576.4723442640868,2026-07-07
11.0,75.0,0.6121883430565978,2009.656238385124,-234.7022383851238,2026-07-07
11.25,90.0,0.6121883430565978,2079.9116987318685,-70.61036539853535,2026-07-07
11.5,105.0,0.6121883430565978,2140.3062549507817,-335.394921617449,2026-07-07
11.75,120.0,0.6121883430565978,2192.135043712003,1213.9669562879972,2026-07-07
12.0,135.0,0.6121883430565978,2252.5216834907624,179.97498317590453,2026-07-07
12.25,150.0,0.6121883430565978,2303.935906531019,-214.48923986435284,2026-07-07
12.5,165.0,0.6121883430565978,2338.165752419537,-322.7844190862038,2026-07-07
12.75,180.0,0.6121883430565978,2345.3762436098555,-429.48624360985536,2026-07-07
13.0,195.0,0.6121883430565978,2341.649766695119,-1724.951766695119,2026-07-07
13.25,210.0,0.6121883430565978,2324.401110892161,-2129.2257775588278,2026-07-07
13.5,225.0,0.6121883430565978,2301.2200223145733,-2056.268022314573,2026-07-07
13.75,240.0,0.6121883430565978,2240.5922395283374,-2040.8855728616707,2026-07-07
14.0,255.0,0.6121883430565978,2169.934819667345,-1769.4541530006784,2026-07-07
14.25,270.0,0.6121883430565978,2092.475377298684,-1733.9847106320176,2026-07-07
14.5,285.0,0.6121883430565978,2011.152109095952,-1123.126109095952,2026-07-07
14.75,300.0,0.6121883430565978,1908.8849548609835,157.67571180568325,2026-07-07
15.0,315.0,0.6121883430565978,1799.2469042983234,-1201.5795709649901,2026-07-07
15.25,330.0,0.6121883430565978,1680.7255650959307,-968.1888984292641,2026-07-07
15.5,345.0,0.6121883430565978,1557.2894595637297,-1063.7961262303963,2026-07-07
15.75,360.0,0.6121883430565978,1436.6792739166851,-681.4492739166851,2026-07-07
16.0,375.0,0.6121883430565978,1313.0938479190047,115.92215208099515,2026-07-07
16.25,390.0,0.6121883430565978,1185.832491021484,834.0668423118493,2026-07-07
16.5,405.0,0.6121883430565978,1051.3751525274931,-207.74515252749325,2026-07-07
16.75,420.0,0.6121883430565978,917.5830421961856,-660.7597088628522,2026-07-07
17.0,435.0,0.6121883430565978,783.8884104581747,-705.7937437915081,2026-07-07
17.25,450.0,0.6121883430565978,654.0566320513963,-573.3586320513963,2026-07-07
17.5,465.0,0.6121883430565978,526.5282382960811,-477.32957162941443,2026-07-07
17.75,480.0,0.6121883430565978,411.4591611326628,-398.03449446599615,2026-07-07
18.0,495.0,0.6121883430565978,305.5979596891941,-301.0642096891941,2026-07-07
11.5,15.0,0.7691536877822391,2439.0735001838143,-634.1621668504815,2026-07-07
11.75,30.0,0.7691536877822391,2508.847075646807,897.2549243531935,2026-07-07
12.0,45.0,0.7691536877822391,2578.998112361335,-146.5014456946683,2026-07-07
12.25,60.0,0.7691536877822391,2631.603583921008,-542.1569172543418,2026-07-07
12.5,75.0,0.7691536877822391,2657.2890528323505,-641.9077194990173,2026-07-07
12.75,90.0,0.7691536877822391,2653.694453993665,-737.8044539936648,2026-07-07
13.0,105.0,0.7691536877822391,2642.34826342725,-2025.65026342725,2026-07-07
13.25,120.0,0.7691536877822391,2622.8066700754466,-2427.6313367421135,2026-07-07
13.5,135.0,0.7691536877822391,2594.953627641005,-2350.0016276410047,2026-07-07
13.75,150.0,0.7691536877822391,2530.291087362874,-2330.5844206962074,2026-07-07
14.0,165.0,0.7691536877822391,2458.184338203296,-2057.7036715366294,2026-07-07
14.25,180.0,0.7691536877822391,2378.402144452791,-2019.9114777861246,2026-07-07
14.5,195.0,0.7691536877822391,2288.7890929797404,-1400.7630929797403,2026-07-07
14.75,210.0,0.7691536877822391,2172.0005093159416,-105.43984264927485,2026-07-07
15.0,225.0,0.7691536877822391,2047.8031142996692,-1450.135780966336,2026-07-07
15.25,240.0,0.7691536877822391,1915.7700976556612,-1203.2334309889945,2026-07-07
15.5,255.0,0.7691536877822391,1779.310229884887,-1285.8168965515536,2026-07-07
15.75,270.0,0.7691536877822391,1642.072137817222,-886.842137817222,2026-07-07
16.0,285.0,0.7691536877822391,1501.1701887439642,-72.15418874396437,2026-07-07
16.25,300.0,0.7691536877822391,1356.9998615200225,662.8994718133108,2026-07-07
16.5,315.0,0.7691536877822391,1203.9820342079122,-360.3520342079123,2026-07-07
16.75,330.0,0.7691536877822391,1049.4642795971106,-792.6409462637772,2026-07-07
17.0,345.0,0.7691536877822391,895.6772114348016,-817.582544768135,2026-07-07
17.25,360.0,0.7691536877822391,745.9477996119122,-665.2497996119122,2026-07-07
17.5,375.0,0.7691536877822391,601.5488103282689,-552.3501436616023,2026-07-07
17.75,390.0,0.7691536877822391,470.8865932177294,-457.46192655106273,2026-07-07
18.0,405.0,0.7691536877822391,350.0048769776664,-345.4711269776664,2026-07-07
13.0,15.0,0.5651129837779165,2042.599843681572,-1425.901843681572,2026-07-07
13.25,30.0,0.5651129837779165,2039.550207045246,-1844.3748737119126,2026-07-07
13.5,45.0,0.5651129837779165,2026.546880074529,-1781.594880074529,2026-07-07
13.75,60.0,0.5651129837779165,1983.062190796352,-1783.3555241296854,2026-07-07
14.0,75.0,0.5651129837779165,1932.585468928776,-1532.1048022621094,2026-07-07
14.25,90.0,0.5651129837779165,1877.5405306412,-1519.0498639745333,2026-07-07
14.5,105.0,0.5651129837779165,1814.999360617516,-926.9733606175159,2026-07-07
14.75,120.0,0.5651129837779165,1730.483467504402,336.07719916226483,2026-07-07
15.0,135.0,0.5651129837779165,1641.2722993570746,-1043.6049660237413,2026-07-07
15.25,150.0,0.5651129837779165,1546.0207897496489,-833.4841230829823,2026-07-07
15.5,165.0,0.5651129837779165,1444.7535655705758,-951.2602322372425,2026-07-07
15.75,180.0,0.5651129837779165,1340.3251332925374,-585.0951332925374,2026-07-07
16.0,195.0,0.5651129837779165,1231.12992514105,197.88607485894977,2026-07-07
16.25,210.0,0.5651129837779165,1119.6927497927347,900.2065835405986,2026-07-07
16.5,225.0,0.5651129837779165,1001.6772606718068,-158.04726067180695,2026-07-07
16.75,240.0,0.5651129837779165,878.9506413669644,-622.127308033631,2026-07-07
17.0,255.0,0.5651129837779165,756.9391516755621,-678.8444850088955,2026-07-07
17.25,270.0,0.5651129837779165,638.2114633387189,-557.5134633387189,2026-07-07
17.5,285.0,0.5651129837779165,523.7250030454092,-474.5263363787425,2026-07-07
17.75,300.0,0.5651129837779165,416.6000560174828,-403.17538935081615,2026-07-07
18.0,315.0,0.5651129837779165,316.0561214600547,-311.5223714600547,2026-07-07
14.5,15.0,0.08709151331306199,714.8936491246483,173.1323508753518,2026-07-07
14.75,30.0,0.08709151331306199,692.0646948147213,1374.4959718519453,2026-07-07
15.0,45.0,0.08709151331306199,660.599334162878,-62.93200082954456,2026-07-07
15.25,60.0,0.08709151331306199,625.4046047407988,87.13206192586779,2026-07-07
15.5,75.0,0.08709151331306199,592.6379654146727,-99.14463208133947,2026-07-07
15.75,90.0,0.08709151331306199,553.1077864514905,202.12221354850954,2026-07-07
16.0,105.0,0.08709151331306199,508.46356924954017,920.5524307504597,2026-07-07
16.25,120.0,0.08709151331306199,467.3126473433153,1552.586685990018,2026-07-07
16.5,135.0,0.08709151331306199,426.3580087780098,417.2719912219901,2026-07-07
16.75,150.0,0.08709151331306199,379.231605096646,-122.4082717633126,2026-07-07
17.0,165.0,0.08709151331306199,329.7702720292652,-251.6756053625985,2026-07-07
17.25,180.0,0.08709151331306199,283.03418227917456,-202.33618227917458,2026-07-07
17.5,195.0,0.08709151331306199,237.6484281372999,-188.44976147063323,2026-07-07
17.75,210.0,0.08709151331306199,197.5923961923202,-184.16772952565353,2026-07-07
18.0,225.0,0.08709151331306199,159.35658120120223,-154.82283120120223,2026-07-07
16.0,15.0,0.2388412920837563,723.4850758211812,705.5309241788186,2026-07-07
16.25,30.0,0.2388412920837563,661.8930679381936,1358.0062653951397,2026-07-07
16.5,45.0,0.2388412920837563,597.3745752676891,246.25542473231076,2026-07-07
16.75,60.0,0.2388412920837563,528.3526682389754,-271.52933490564203,2026-07-07
17.0,75.0,0.2388412920837563,459.2828158043478,-381.18814913768114,2026-07-07
17.25,90.0,0.2388412920837563,392.6286411010524,-311.9306411010524,2026-07-07
17.5,105.0,0.2388412920837563,325.93215278149097,-276.7334861148243,2026-07-07
17.75,120.0,0.2388412920837563,264.5414790314522,-251.11681236478552,2026-07-07
18.0,135.0,0.2388412920837563,206.73220971015928,-202.19845971015928,2026-07-07
7.0,15.0,0.43807754775204183,147.61530180116293,50.33669819883707,2026-07-08
7.25,30.0,0.43807754775204183,213.20859767576096,76.51606899090572,2026-07-08
7.5,45.0,0.43807754775204183,284.9014784487261,84.52985488460723,2026-07-08
7.75,60.0,0.43807754775204183,365.16811789216354,16.86454877450319,2026-07-08
8.0,75.0,0.43807754775204183,449.249843636888,26.442156363111906,2026-07-08
8.25,90.0,0.43807754775204183,535.859447235703,-23.937447235703075,2026-07-08
8.5,105.0,0.43807754775204183,620.134340413068,56.28499292026538,2026-07-08
8.75,120.0,0.43807754775204183,705.7312757853664,218.95739088130017,2026-07-08
9.0,135.0,0.43807754775204183,792.4067261386546,643.1046071946784,2026-07-08
9.25,150.0,0.43807754775204183,880.0812539134299,1198.26874608657,2026-07-08
9.5,165.0,0.43807754775204183,965.090427879533,981.735572120467,2026-07-08
9.75,180.0,0.43807754775204183,1043.879401485361,870.3759318479722,2026-07-08
10.0,195.0,0.43807754775204183,1116.994183855041,1014.2118161449591,2026-07-08
10.25,210.0,0.43807754775204183,1185.32472038067,1464.7479462859965,2026-07-08
10.5,225.0,0.43807754775204183,1249.139324057276,1911.1640092760576,2026-07-08
10.75,240.0,0.43807754775204183,1309.8957768329133,2030.1168898337532,2026-07-08
11.0,255.0,0.43807754775204183,1364.9165524340128,1233.4201142326542,2026-07-08
11.25,270.0,0.43807754775204183,1418.6015779285156,2265.291755404817,2026-07-08
11.5,285.0,0.43807754775204183,1471.4510517655197,2297.32494823448,2026-07-08
11.75,300.0,0.43807754775204183,1511.313139818932,2318.304193514401,2026-07-08
12.0,315.0,0.43807754775204183,1540.096212101169,2261.0677878988304,2026-07-08
12.25,330.0,0.43807754775204183,1563.5260844445188,913.9565822221475,2026-07-08
12.5,345.0,0.43807754775204183,1582.16781875767,1088.43218124233,2026-07-08
12.75,360.0,0.43807754775204183,1578.7537942883162,1440.64287237835,2026-07-08
13.0,375.0,0.43807754775204183,1572.8712961011686,789.2507038988317,2026-07-08
13.25,390.0,0.43807754775204183,1566.5072489847337,2329.3074176819327,2026-07-08
13.5,405.0,0.43807754775204183,1552.086451493367,1700.2542151732996,2026-07-08
13.75,420.0,0.43807754775204183,1512.4555816893658,1920.0404183106343,2026-07-08
14.0,435.0,0.43807754775204183,1468.6178173267556,1975.7855160065776,2026-07-08
14.25,450.0,0.43807754775204183,1417.6783667544314,777.5569665789017,2026-07-08
14.5,465.0,0.43807754775204183,1352.8334630257143,1278.0998703076186,2026-07-08
14.75,480.0,0.43807754775204183,1273.7092037177074,847.314796282292,2026-07-08
15.0,495.0,0.43807754775204183,1194.123935653245,-778.2266023199118,2026-07-08
15.25,510.0,0.43807754775204183,1114.42222825537,-1001.1435615887035,2026-07-08
15.5,525.0,0.43807754775204183,1030.869672512457,-861.151672512457,2026-07-08
15.75,540.0,0.43807754775204183,951.6168599438236,-827.848193277157,2026-07-08
16.0,555.0,0.43807754775204183,866.2682242444075,-643.4588909110741,2026-07-08
16.25,570.0,0.43807754775204183,776.4990477046271,-554.3770477046271,2026-07-08
16.5,585.0,0.43807754775204183,684.4392107355837,-573.1565440689171,2026-07-08
16.75,600.0,0.43807754775204183,605.3535549184547,-589.680888251788,2026-07-08
17.0,615.0,0.43807754775204183,526.357874513965,-526.357874513965,2026-07-08
17.25,630.0,0.43807754775204183,449.68723236848206,-449.68723236848206,2026-07-08
17.5,645.0,0.43807754775204183,372.4424272334736,-372.4424272334736,2026-07-08
17.75,660.0,0.43807754775204183,295.91398166037567,-295.91398166037567,2026-07-08
18.0,675.0,0.43807754775204183,223.4991810417195,-223.4991810417195,2026-07-08
18.25,690.0,0.43807754775204183,159.23965797844488,-159.23965797844488,2026-07-08
18.5,705.0,0.43807754775204183,104.62004148542444,-104.62004148542444,2026-07-08
18.75,720.0,0.43807754775204183,51.56912491509121,-51.56912491509121,2026-07-08
19.0,735.0,0.43807754775204183,12.54184727850331,-12.54184727850331,2026-07-08
8.5,15.0,0.3262672445940624,479.1421591300536,197.2771742032798,2026-07-08
8.75,30.0,0.3262672445940624,548.7072336891423,375.98143297752426,2026-07-08
9.0,45.0,0.3262672445940624,618.3276201346953,817.1837131986376,2026-07-08
9.25,60.0,0.3262672445940624,691.5325471265533,1386.8174528734467,2026-07-08
9.5,75.0,0.3262672445940624,762.3402504676427,1184.4857495323572,2026-07-08
9.75,90.0,0.3262672445940624,833.3288257995033,1080.9265075338299,2026-07-08
10.0,105.0,0.3262672445940624,896.2134904071233,1234.9925095928768,2026-07-08
10.25,120.0,0.3262672445940624,948.7749903236734,1701.297676342993,2026-07-08
10.5,135.0,0.3262672445940624,1001.6498796516718,2158.653453681662,2026-07-08
10.75,150.0,0.3262672445940624,1061.8520531761392,2278.1606134905273,2026-07-08
11.0,165.0,0.3262672445940624,1114.5299392129573,1483.8067274537098,2026-07-08
11.25,180.0,0.3262672445940624,1162.0256241891586,2521.867709144174,2026-07-08
11.5,195.0,0.3262672445940624,1215.7816653383738,2552.994334661626,2026-07-08
11.75,210.0,0.3262672445940624,1260.4548644201336,2569.1624689131995,2026-07-08
12.0,225.0,0.3262672445940624,1289.719272400965,2511.444727599034,2026-07-08
12.25,240.0,0.3262672445940624,1320.5255441335646,1156.9571225331017,2026-07-08
12.5,255.0,0.3262672445940624,1342.9175602108892,1327.6824397891107,2026-07-08
12.75,270.0,0.3262672445940624,1343.3492997368603,1676.0473669298058,2026-07-08
13.0,285.0,0.3262672445940624,1340.956648845383,1021.1653511546174,2026-07-08
13.25,300.0,0.3262672445940624,1334.1350603383908,2561.6796063282754,2026-07-08
13.5,315.0,0.3262672445940624,1315.0111471129962,1937.3295195536703,2026-07-08
13.75,330.0,0.3262672445940624,1276.6181045884246,2155.8778954115755,2026-07-08
14.0,345.0,0.3262672445940624,1241.5210610409636,2202.8822722923696,2026-07-08
14.25,360.0,0.3262672445940624,1198.074050102076,997.1612832312571,2026-07-08
14.5,375.0,0.3262672445940624,1146.085710199676,1484.847623133657,2026-07-08
14.75,390.0,0.3262672445940624,1077.965283904353,1043.0587160956463,2026-07-08
15.0,405.0,0.3262672445940624,1007.1294586766282,-591.2321253432949,2026-07-08
15.25,420.0,0.3262672445940624,939.8383572945576,-826.559690627891,2026-07-08
15.5,435.0,0.3262672445940624,867.8153768497758,-698.0973768497759,2026-07-08
15.75,450.0,0.3262672445940624,800.6202077340863,-676.8515410674197,2026-07-08
16.0,465.0,0.3262672445940624,725.9995445032852,-503.19021116995185,2026-07-08
16.25,480.0,0.3262672445940624,646.5690549945981,-424.4470549945981,2026-07-08
16.5,495.0,0.3262672445940624,567.6798433263785,-456.3971766597119,2026-07-08
16.75,510.0,0.3262672445940624,504.9030763721851,-489.23040970551847,2026-07-08
17.0,525.0,0.3262672445940624,442.4784830814171,-442.4784830814171,2026-07-08
17.25,540.0,0.3262672445940624,379.5111183090183,-379.5111183090183,2026-07-08
17.5,555.0,0.3262672445940624,316.08841839097727,-316.08841839097727,2026-07-08
17.75,570.0,0.3262672445940624,253.36301144829025,-253.36301144829025,2026-07-08
18.0,585.0,0.3262672445940624,192.5512717949664,-192.5512717949664,2026-07-08
18.25,600.0,0.3262672445940624,139.15357060562795,-139.15357060562795,2026-07-08
18.5,615.0,0.3262672445940624,93.12952655373007,-93.12952655373007,2026-07-08
18.75,630.0,0.3262672445940624,45.94659454694069,-45.94659454694069,2026-07-08
19.0,645.0,0.3262672445940624,11.073235049095612,-11.073235049095612,2026-07-08
10.0,15.0,0.7365363581464069,1685.4719013989431,445.734098601057,2026-07-08
10.25,30.0,0.7365363581464069,1771.8751934432546,878.1974732234119,2026-07-08
10.5,45.0,0.7365363581464069,1849.3005889539504,1311.0027443793833,2026-07-08
10.75,60.0,0.7365363581464069,1928.659771114966,1411.3528955517006,2026-07-08
11.0,75.0,0.7365363581464069,2007.2825010740844,591.0541655925826,2026-07-08
11.25,90.0,0.7365363581464069,2085.263035779222,1598.6302975541112,2026-07-08
11.5,105.0,0.7365363581464069,2151.485856990057,1617.2901430099428,2026-07-08
11.75,120.0,0.7365363581464069,2196.909043420957,1632.7082899123761,2026-07-08
12.0,135.0,0.7365363581464069,2220.252507113016,1580.9114928869835,2026-07-08
12.25,150.0,0.7365363581464069,2241.580604539182,235.90206212748444,2026-07-08
12.5,165.0,0.7365363581464069,2264.12709661247,406.4729033875301,2026-07-08
12.75,180.0,0.7365363581464069,2263.02029748491,756.3763691817562,2026-07-08
13.0,195.0,0.7365363581464069,2248.836247725196,113.28575227480451,2026-07-08
13.25,210.0,0.7365363581464069,2229.928345502879,1665.8863211637872,2026-07-08
13.5,225.0,0.7365363581464069,2196.8245964537045,1055.516070212962,2026-07-08
13.75,240.0,0.7365363581464069,2139.4820813170013,1293.0139186829988,2026-07-08
14.0,255.0,0.7365363581464069,2079.93123749152,1364.4720958418134,2026-07-08
14.25,270.0,0.7365363581464069,2014.7478741617776,180.48745917155543,2026-07-08
14.5,285.0,0.7365363581464069,1934.855843187851,696.077490145482,2026-07-08
14.75,300.0,0.7365363581464069,1840.8551754304124,280.16882456958706,2026-07-08
15.0,315.0,0.7365363581464069,1740.3683694246083,-1324.471036091275,2026-07-08
15.25,330.0,0.7365363581464069,1633.3520756891196,-1520.073409022453,2026-07-08
15.5,345.0,0.7365363581464069,1514.8932882938534,-1345.1752882938533,2026-07-08
15.75,360.0,0.7365363581464069,1394.593669150683,-1270.8250024840163,2026-07-08
16.0,375.0,0.7365363581464069,1268.2797915161325,-1045.4704581827991,2026-07-08
16.25,390.0,0.7365363581464069,1136.475890488511,-914.3538904885108,2026-07-08
16.5,405.0,0.7365363581464069,1004.1249025346872,-892.8422358680206,2026-07-08
16.75,420.0,0.7365363581464069,886.230180978317,-870.5575143116503,2026-07-08
17.0,435.0,0.7365363581464069,768.0110978943302,-768.0110978943302,2026-07-08
17.25,450.0,0.7365363581464069,650.9485919766082,-650.9485919766082,2026-07-08
17.5,465.0,0.7365363581464069,533.934176361778,-533.934176361778,2026-07-08
17.75,480.0,0.7365363581464069,420.58656377340526,-420.58656377340526,2026-07-08
18.0,495.0,0.7365363581464069,312.4436284623068,-312.4436284623068,2026-07-08
18.25,510.0,0.7365363581464069,217.07653843383548,-217.07653843383548,2026-07-08
18.5,525.0,0.7365363581464069,137.3748660363459,-137.3748660363459,2026-07-08
18.75,540.0,0.7365363581464069,67.79722113912172,-67.79722113912172,2026-07-08
19.0,555.0,0.7365363581464069,16.771076280719154,-16.771076280719154,2026-07-08
11.5,15.0,0.9430842727933024,2803.698303293459,965.0776967065408,2026-07-08
11.75,30.0,0.9430842727933024,2844.7408381722075,984.8764951611256,2026-07-08
12.0,45.0,0.9430842727933024,2864.2843645795183,936.879635420481,2026-07-08
12.25,60.0,0.9430842727933024,2877.5981278965032,-400.1154612298369,2026-07-08
12.5,75.0,0.9430842727933024,2883.0475496332137,-212.44754963321384,2026-07-08
12.75,90.0,0.9430842727933024,2866.9873071988923,152.4093594677738,2026-07-08
13.0,105.0,0.9430842727933024,2840.2477764196506,-478.12577641965026,2026-07-08
13.25,120.0,0.9430842727933024,2803.25513436486,1092.559532301806,2026-07-08
13.5,135.0,0.9430842727933024,2748.999614164545,503.34105250212133,2026-07-08
13.75,150.0,0.9430842727933024,2668.042841663934,764.4531583360663,2026-07-08
14.0,165.0,0.9430842727933024,2590.819560291752,853.583773041581,2026-07-08
14.25,180.0,0.9430842727933024,2502.8033962694103,-307.56806293607724,2026-07-08
14.5,195.0,0.9430842727933024,2397.8836231293794,233.0497102039535,2026-07-08
14.75,210.0,0.9430842727933024,2272.5604203034486,-151.53642030344918,2026-07-08
15.0,225.0,0.9430842727933024,2138.8272385146515,-1722.9299051813182,2026-07-08
15.25,240.0,0.9430842727933024,2000.8579292653503,-1887.5792625986837,2026-07-08
15.5,255.0,0.9430842727933024,1856.8012076903667,-1687.0832076903666,2026-07-08
15.75,270.0,0.9430842727933024,1713.927020893278,-1590.1583542266114,2026-07-08
16.0,285.0,0.9430842727933024,1561.0040659027547,-1338.1947325694214,2026-07-08
16.25,300.0,0.9430842727933024,1401.2807521196785,-1179.1587521196784,2026-07-08
16.5,315.0,0.9430842727933024,1240.9269237033377,-1129.644257036671,2026-07-08
16.75,330.0,0.9430842727933024,1092.7905648492465,-1077.11789818258,2026-07-08
17.0,345.0,0.9430842727933024,945.962720295722,-945.962720295722,2026-07-08
17.25,360.0,0.9430842727933024,800.040102250981,-800.040102250981,2026-07-08
17.5,375.0,0.9430842727933024,654.9876709439167,-654.9876709439167,2026-07-08
17.75,390.0,0.9430842727933024,512.8842167823836,-512.8842167823836,2026-07-08
18.0,405.0,0.9430842727933024,378.7671063016443,-378.7671063016443,2026-07-08
18.25,420.0,0.9430842727933024,260.33483651405834,-260.33483651405834,2026-07-08
18.5,435.0,0.9430842727933024,161.61688831519731,-161.61688831519731,2026-07-08
18.75,450.0,0.9430842727933024,79.40044448928575,-79.40044448928575,2026-07-08
19.0,465.0,0.9430842727933024,19.762676076799533,-19.762676076799533,2026-07-08
13.0,15.0,0.776621110479436,2396.612885013903,-34.4908850139027,2026-07-08
13.25,30.0,0.776621110479436,2371.105672090863,1524.708994575803,2026-07-08
13.5,45.0,0.776621110479436,2333.7434036802592,918.5972629864073,2026-07-08
13.75,60.0,0.776621110479436,2268.4219801381078,1164.0740198618923,2026-07-08
14.0,75.0,0.776621110479436,2198.1267177392224,1246.2766155941108,2026-07-08
14.25,90.0,0.776621110479436,2123.6518898818304,71.58344345150272,2026-07-08
14.5,105.0,0.776621110479436,2037.8466949982903,593.0866383350426,2026-07-08
14.75,120.0,0.776621110479436,1935.5304294722685,185.49357052773098,2026-07-08
15.0,135.0,0.776621110479436,1823.53066044392,-1407.6333271105866,2026-07-08
15.25,150.0,0.776621110479436,1706.7562036941831,-1593.4775370275165,2026-07-08
15.5,165.0,0.776621110479436,1586.6858275716477,-1416.9678275716476,2026-07-08
15.75,180.0,0.776621110479436,1465.813690475578,-1342.0450238089113,2026-07-08
16.0,195.0,0.776621110479436,1334.2887570472117,-1111.4794237138783,2026-07-08
16.25,210.0,0.776621110479436,1196.0394660553654,-973.9174660553654,2026-07-08
16.5,225.0,0.776621110479436,1056.6928208372776,-945.410154170611,2026-07-08
16.75,240.0,0.776621110479436,929.683093811011,-914.0104271443442,2026-07-08
17.0,255.0,0.776621110479436,805.5837054416284,-805.5837054416284,2026-07-08
17.25,270.0,0.776621110479436,682.4369886413627,-682.4369886413627,2026-07-08
17.5,285.0,0.776621110479436,558.612217287052,-558.612217287052,2026-07-08
17.75,300.0,0.776621110479436,436.5568139373203,-436.5568139373203,2026-07-08
18.0,315.0,0.776621110479436,321.231090367958,-321.231090367958,2026-07-08
18.25,330.0,0.776621110479436,220.00454590416,-220.00454590416,2026-07-08
18.5,345.0,0.776621110479436,136.92138088340786,-136.92138088340786,2026-07-08
18.75,360.0,0.776621110479436,70.87661006060833,-70.87661006060833,2026-07-08
19.0,375.0,0.776621110479436,17.493163903522476,-17.493163903522476,2026-07-08
14.5,15.0,0.8731980458906862,2184.543386757304,446.38994657602916,2026-07-08
14.75,30.0,0.8731980458906862,2079.609165973949,41.41483402605036,2026-07-08
15.0,45.0,0.8731980458906862,1966.7083791687176,-1550.8110458353842,2026-07-08
15.25,60.0,0.8731980458906862,1844.4255318662515,-1731.146865199585,2026-07-08
15.5,75.0,0.8731980458906862,1709.129611441493,-1539.4116114414928,2026-07-08
15.75,90.0,0.8731980458906862,1577.4094180780655,-1453.640751411399,2026-07-08
16.0,105.0,0.8731980458906862,1440.7442894250592,-1217.9349560917258,2026-07-08
16.25,120.0,0.8731980458906862,1298.351574945748,-1076.229574945748,2026-07-08
16.5,135.0,0.8731980458906862,1149.668816289873,-1038.3861496232062,2026-07-08
16.75,150.0,0.8731980458906862,1010.8879896790852,-995.2153230124185,2026-07-08
17.0,165.0,0.8731980458906862,876.5711956381047,-876.5711956381047,2026-07-08
17.25,180.0,0.8731980458906862,741.8964916722682,-741.8964916722682,2026-07-08
17.5,195.0,0.8731980458906862,605.1515785222831,-605.1515785222831,2026-07-08
17.75,210.0,0.8731980458906862,473.24959766464815,-473.24959766464815,2026-07-08
18.0,225.0,0.8731980458906862,347.85377732508016,-347.85377732508016,2026-07-08
18.25,240.0,0.8731980458906862,237.4442283729636,-237.4442283729636,2026-07-08
18.5,255.0,0.8731980458906862,146.40926681546335,-146.40926681546335,2026-07-08
18.75,270.0,0.8731980458906862,75.51215631671462,-75.51215631671462,2026-07-08
19.0,285.0,0.8731980458906862,18.77872729109296,-18.77872729109296,2026-07-08
16.0,15.0,0.07479936036531978,244.7878914614264,-21.978558128093084,2026-07-08
16.25,30.0,0.07479936036531978,223.99340823263088,-1.8714082326308699,2026-07-08
16.5,45.0,0.07479936036531978,198.80475601551385,-87.52208934884719,2026-07-08
16.75,60.0,0.07479936036531978,180.9326988739,-165.26003220723334,2026-07-08
17.0,75.0,0.07479936036531978,167.83805397218146,-167.83805397218146,2026-07-08
17.25,90.0,0.07479936036531978,152.99724739615772,-152.99724739615772,2026-07-08
17.5,105.0,0.07479936036531978,133.08122229084185,-133.08122229084185,2026-07-08
17.75,120.0,0.07479936036531978,110.54317403271982,-110.54317403271982,2026-07-08
18.0,135.0,0.07479936036531978,88.10323058908271,-88.10323058908271,2026-07-08
18.25,150.0,0.07479936036531978,67.46851207890792,-67.46851207890792,2026-07-08
18.5,165.0,0.07479936036531978,50.10737848895471,-50.10737848895471,2026-07-08
18.75,180.0,0.07479936036531978,28.29899472566128,-28.29899472566128,2026-07-08
19.0,195.0,0.07479936036531978,6.419151364399504,-6.419151364399504,2026-07-08
7.0,15.0,0.8779510025941768,271.85664535760185,33.958687975731436,2026-07-09
7.25,30.0,0.8779510025941768,393.9202433447233,175.25442332194325,2026-07-09
7.5,45.0,0.8779510025941768,527.2545260020548,238.4967239979452,2026-07-09
7.75,60.0,0.8779510025941768,675.4130987667511,273.4969012332489,2026-07-09
8.0,75.0,0.8779510025941768,826.4893639268328,273.46263607316746,2026-07-09
8.25,90.0,0.8779510025941768,980.2530449216644,15.306288411668902,2026-07-09
8.5,105.0,0.8779510025941768,1134.9564796365505,481.1775203634493,2026-07-09
8.75,120.0,0.8779510025941768,1297.861968533047,587.5706981336193,2026-07-09
9.0,135.0,0.8779510025941768,1459.00881104366,695.6111889563399,2026-07-09
9.25,150.0,0.8779510025941768,1618.3387708293958,725.2452291706045,2026-07-09
9.5,165.0,0.8779510025941768,1771.674913205355,804.4330867946451,2026-07-09
9.75,180.0,0.8779510025941768,1917.5246091709964,819.9640574956697,2026-07-09
10.0,195.0,0.8779510025941768,2056.371155636719,836.7715110299473,2026-07-09
10.25,210.0,0.8779510025941768,2191.896250627008,336.01508270632485,2026-07-09
10.5,225.0,0.8779510025941768,2319.889480901061,689.2518524322732,2026-07-09
10.75,240.0,0.8779510025941768,2441.029830576509,460.1648360901577,2026-07-09
11.0,255.0,0.8779510025941768,2546.8252688673115,510.64273113268837,2026-07-09
11.25,270.0,0.8779510025941768,2644.2619528403807,-163.8459528403805,2026-07-09
11.5,285.0,0.8779510025941768,2733.673171965276,533.8074947013906,2026-07-09
11.75,300.0,0.8779510025941768,2808.2066237657605,660.398709567573,2026-07-09
12.0,315.0,0.8779510025941768,2869.035566186402,736.921767146931,2026-07-09
12.25,330.0,0.8779510025941768,2920.791499784453,139.4551668822137,2026-07-09
12.5,345.0,0.8779510025941768,2964.03854182346,139.74345817654012,2026-07-09
12.75,360.0,0.8779510025941768,2976.531786023122,393.2048806435446,2026-07-09
13.0,375.0,0.8779510025941768,2975.4343814570834,787.4716185429165,2026-07-09
13.25,390.0,0.8779510025941768,2960.386081371133,521.555251962201,2026-07-09
13.5,405.0,0.8779510025941768,2938.3839775724828,172.20068909418342,2026-07-09
13.75,420.0,0.8779510025941768,2890.1632159068304,-69.15388257349787,2026-07-09
14.0,435.0,0.8779510025941768,2822.1415894967654,-536.5775894967655,2026-07-09
14.25,450.0,0.8779510025941768,2738.532745943512,-535.7254126101789,2026-07-09
14.5,465.0,0.8779510025941768,2645.724075298996,-214.63140863232957,2026-07-09
14.75,480.0,0.8779510025941768,2534.596855023655,-552.7228550236548,2026-07-09
15.0,495.0,0.8779510025941768,2417.2201450463203,79.79918828701284,2026-07-09
15.25,510.0,0.8779510025941768,2291.341408037885,-546.3927413712179,2026-07-09
15.5,525.0,0.8779510025941768,2154.0268390941337,-600.6788390941342,2026-07-09
15.75,540.0,0.8779510025941768,1996.34336065022,-610.6706939835531,2026-07-09
16.0,555.0,0.8779510025941768,1833.266074166389,-785.3714074997224,2026-07-09
16.25,570.0,0.8779510025941768,1669.048638169221,-150.39797150255413,2026-07-09
16.5,585.0,0.8779510025941768,1500.6088372705028,-33.97417060383623,2026-07-09
16.75,600.0,0.8779510025941768,1326.8041070886163,-79.66810708861681,2026-07-09
17.0,615.0,0.8779510025941768,1148.2228742222983,-141.13287422229826,2026-07-09
17.25,630.0,0.8779510025941768,970.2967823585552,-27.180782358555234,2026-07-09
17.5,645.0,0.8779510025941768,784.062876268533,-40.03020960186632,2026-07-09
17.75,660.0,0.8779510025941768,605.5461772682652,23.26448939840145,2026-07-09
18.0,675.0,0.8779510025941768,438.8429747354178,9.163025264582132,2026-07-09
18.25,690.0,0.8779510025941768,289.7246187297587,24.862714603574602,2026-07-09
18.5,705.0,0.8779510025941768,165.15776192211777,37.60757141121553,2026-07-09
18.75,720.0,0.8779510025941768,81.08795972089911,29.06270694576753,2026-07-09
19.0,735.0,0.8779510025941768,19.833609054052783,17.463057612613877,2026-07-09
8.5,15.0,0.7746845150640639,1045.1417590280985,570.9922409719013,2026-07-09
8.75,30.0,0.7746845150640639,1195.5987871522543,689.833879514412,2026-07-09
9.0,45.0,0.7746845150640639,1341.87649598835,812.74350401165,2026-07-09
9.25,60.0,0.7746845150640639,1483.035662604506,860.5483373954944,2026-07-09
9.5,75.0,0.7746845150640639,1616.1296181077118,959.9783818922883,2026-07-09
9.75,90.0,0.7746845150640639,1745.637002483821,991.8516641828451,2026-07-09
10.0,105.0,0.7746845150640639,1867.9524389262244,1025.1902277404417,2026-07-09
10.25,120.0,0.7746845150640639,1988.0488955546523,539.8624377786807,2026-07-09
10.5,135.0,0.7746845150640639,2097.917549202768,911.223784130566,2026-07-09
10.75,150.0,0.7746845150640639,2205.55172108885,695.6429455778166,2026-07-09
11.0,165.0,0.7746845150640639,2310.281488699611,747.1865113003887,2026-07-09
11.25,180.0,0.7746845150640639,2402.878896304052,77.53710369594819,2026-07-09
11.5,195.0,0.7746845150640639,2475.7604621347687,791.7202045318982,2026-07-09
11.75,210.0,0.7746845150640639,2536.1573736013484,932.4479597319851,2026-07-09
12.0,225.0,0.7746845150640639,2591.8026202587253,1014.1547130746076,2026-07-09
12.25,240.0,0.7746845150640639,2643.363146116653,416.88352055001405,2026-07-09
12.5,255.0,0.7746845150640639,2684.952650191759,418.8293498082412,2026-07-09
12.75,270.0,0.7746845150640639,2699.660694743194,670.0759719234725,2026-07-09
13.0,285.0,0.7746845150640639,2703.149565156673,1059.756434843327,2026-07-09
13.25,300.0,0.7746845150640639,2699.902293902475,782.0390394308592,2026-07-09
13.5,315.0,0.7746845150640639,2685.2871651094897,425.2975015571765,2026-07-09
13.75,330.0,0.7746845150640639,2641.615403163274,179.3939301700584,2026-07-09
14.0,345.0,0.7746845150640639,2578.2127535317777,-292.64875353177786,2026-07-09
14.25,360.0,0.7746845150640639,2498.935916841751,-296.1285835084177,2026-07-09
14.5,375.0,0.7746845150640639,2412.018410593045,19.074256073621655,2026-07-09
14.75,390.0,0.7746845150640639,2309.4558820365937,-327.5818820365937,2026-07-09
15.0,405.0,0.7746845150640639,2199.26532813456,297.75400519877303,2026-07-09
15.25,420.0,0.7746845150640639,2084.5080985810328,-339.55943191436586,2026-07-09
15.5,435.0,0.7746845150640639,1958.5256677962752,-405.1776677962757,2026-07-09
15.75,450.0,0.7746845150640639,1811.9354743804824,-426.2628077138156,2026-07-09
16.0,465.0,0.7746845150640639,1661.6734380427176,-613.778771376051,2026-07-09
16.25,480.0,0.7746845150640639,1516.2518431469744,2.3988235196925416,2026-07-09
16.5,495.0,0.7746845150640639,1363.5596877143378,103.07497895232882,2026-07-09
16.75,510.0,0.7746845150640639,1203.6439119859951,43.492088014004366,2026-07-09
17.0,525.0,0.7746845150640639,1045.493648566705,-38.403648566704874,2026-07-09
17.25,540.0,0.7746845150640639,885.9853052513984,57.13069474860163,2026-07-09
17.5,555.0,0.7746845150640639,714.6033874582859,29.429279208380876,2026-07-09
17.75,570.0,0.7746845150640639,551.1095373587673,77.70112930789935,2026-07-09
18.0,585.0,0.7746845150640639,398.7848418314503,49.22115816854961,2026-07-09
18.25,600.0,0.7746845150640639,263.5291711201696,51.058162213163655,2026-07-09
18.5,615.0,0.7746845150640639,150.164166730724,52.60116660260931,2026-07-09
18.75,630.0,0.7746845150640639,73.73990028357294,36.4107663830937,2026-07-09
19.0,645.0,0.7746845150640639,17.90751654784814,19.38915011881852,2026-07-09
10.0,15.0,0.9803992500531362,2389.9445203980085,503.19814626865764,2026-07-09
10.25,30.0,0.9803992500531362,2538.933112310879,-11.021778977546091,2026-07-09
10.5,45.0,0.9803992500531362,2671.624896605625,337.5164367277089,2026-07-09
10.75,60.0,0.9803992500531362,2798.388014649195,102.8066520174716,2026-07-09
11.0,75.0,0.9803992500531362,2914.7792731916597,142.6887268083401,2026-07-09
11.25,90.0,0.9803992500531362,3012.66271583794,-532.24671583794,2026-07-09
11.5,105.0,0.9803992500531362,3095.4173135619053,172.06335310476152,2026-07-09
11.75,120.0,0.9803992500531362,3164.4820924030414,304.123240930292,2026-07-09
12.0,135.0,0.9803992500531362,3219.253078074124,386.7042552592088,2026-07-09
12.25,150.0,0.9803992500531362,3263.595109200231,-203.34844253356414,2026-07-09
12.5,165.0,0.9803992500531362,3300.001571682115,-196.21957168211475,2026-07-09
12.75,180.0,0.9803992500531362,3303.656879444345,66.07978722232156,2026-07-09
13.0,195.0,0.9803992500531362,3290.006008767202,472.89999123279813,2026-07-09
13.25,210.0,0.9803992500531362,3265.57929547053,216.3620378628043,2026-07-09
13.5,225.0,0.9803992500531362,3234.988376643985,-124.40370997731861,2026-07-09
13.75,240.0,0.9803992500531362,3178.120560224823,-357.11122689149033,2026-07-09
14.0,255.0,0.9803992500531362,3101.435862557832,-815.8718625578322,2026-07-09
14.25,270.0,0.9803992500531362,3006.5247550523823,-803.7174217190491,2026-07-09
14.5,285.0,0.9803992500531362,2904.740860731128,-473.6481940644617,2026-07-09
14.75,300.0,0.9803992500531362,2785.362323185246,-803.4883231852461,2026-07-09
15.0,315.0,0.9803992500531362,2655.5209811799373,-158.5016478466041,2026-07-09
15.25,330.0,0.9803992500531362,2511.55554527948,-766.6068786128133,2026-07-09
15.5,345.0,0.9803992500531362,2353.562466125677,-800.2144661256775,2026-07-09
15.75,360.0,0.9803992500531362,2180.9750103903134,-795.3023437236466,2026-07-09
16.0,375.0,0.9803992500531362,2003.635463561513,-955.7407968948464,2026-07-09
16.25,390.0,0.9803992500531362,1820.775138379637,-302.12447171297003,2026-07-09
16.5,405.0,0.9803992500531362,1631.2330310730233,-164.59836440635672,2026-07-09
16.75,420.0,0.9803992500531362,1439.34015454131,-192.20415454131057,2026-07-09
17.0,435.0,0.9803992500531362,1248.1290350556767,-241.03903505567666,2026-07-09
17.25,450.0,0.9803992500531362,1053.3722813862908,-110.25628138629077,2026-07-09
17.5,465.0,0.9803992500531362,848.6783709771237,-104.64570431045695,2026-07-09
17.75,480.0,0.9803992500531362,653.6560564212947,-24.84538975462806,2026-07-09
18.0,495.0,0.9803992500531362,473.0720741364638,-25.066074136463897,2026-07-09
18.25,510.0,0.9803992500531362,312.299859689662,2.2874736436712624,2026-07-09
18.5,525.0,0.9803992500531362,177.997920388934,24.767412944399297,2026-07-09
18.75,540.0,0.9803992500531362,87.15145020393622,22.999216462730416,2026-07-09
19.0,555.0,0.9803992500531362,21.297469509655752,15.999197157010908,2026-07-09
11.5,15.0,0.8544068084488694,2736.7361897332626,530.7444769334043,2026-07-09
11.75,30.0,0.8544068084488694,2806.7082221051214,661.897111228212,2026-07-09
12.0,45.0,0.8544068084488694,2968.5588502738838,637.3984830594491,2026-07-09
12.25,60.0,0.8544068084488694,3104.986833781523,-44.74016711485592,2026-07-09
12.5,75.0,0.8544068084488694,3125.3280045111096,-21.54600451110946,2026-07-09
12.75,90.0,0.8544068084488694,3124.548110504685,245.18855616198152,2026-07-09
13.0,105.0,0.8544068084488694,3110.877088143817,652.0289118561827,2026-07-09
13.25,120.0,0.8544068084488694,3084.984297260922,396.95703607241194,2026-07-09
13.5,135.0,0.8544068084488694,2914.6270248576307,195.95764180903552,2026-07-09
13.75,150.0,0.8544068084488694,2863.4866430298257,-42.477309696493194,2026-07-09
14.0,165.0,0.8544068084488694,2800.598767991056,-515.034767991056,2026-07-09
14.25,180.0,0.8544068084488694,2721.1274723165407,-518.3201389832075,2026-07-09
14.5,195.0,0.8544068084488694,2632.3151594357014,-201.22249276903494,2026-07-09
14.75,210.0,0.8544068084488694,2522.237143437193,-540.363143437193,2026-07-09
15.0,225.0,0.8544068084488694,2402.52288635776,94.49644697557324,2026-07-09
15.25,240.0,0.8544068084488694,2275.353718200788,-530.4050515341212,2026-07-09
15.5,255.0,0.8544068084488694,2134.121155921275,-580.7731559212757,2026-07-09
15.75,270.0,0.8544068084488694,1975.6176678525287,-589.9450011858619,2026-07-09
16.0,285.0,0.8544068084488694,1812.5039915490568,-764.6093248823902,2026-07-09
16.25,300.0,0.8544068084488694,1649.432663782541,-130.78199711587422,2026-07-09
16.5,315.0,0.8544068084488694,1485.30964129581,-18.674974629143435,2026-07-09
16.75,330.0,0.8544068084488694,1312.944962560872,-65.80896256087249,2026-07-09
17.0,345.0,0.8544068084488694,1139.0456395724957,-131.95563957249567,2026-07-09
17.25,360.0,0.8544068084488694,959.2548058003574,-16.13880580035743,2026-07-09
17.5,375.0,0.8544068084488694,770.7465615669279,-26.713894900261153,2026-07-09
17.75,390.0,0.8544068084488694,592.4392742074905,36.37139245917615,2026-07-09
18.0,405.0,0.8544068084488694,427.984283316228,20.0217166837719,2026-07-09
18.25,420.0,0.8544068084488694,281.7762413863038,32.81109194702947,2026-07-09
18.5,435.0,0.8544068084488694,160.24771799055904,42.51761534277426,2026-07-09
18.75,450.0,0.8544068084488694,78.53335212897,31.617314537696643,2026-07-09
19.0,465.0,0.8544068084488694,19.145868094847525,18.150798571819134,2026-07-09
13.0,15.0,0.8489508893670856,2982.0189695255963,780.8870304744037,2026-07-09
13.25,30.0,0.8489508893670856,2958.9105738613985,523.0307594719357,2026-07-09
13.5,45.0,0.8489508893670856,2928.7514622822,181.83320438446617,2026-07-09
13.75,60.0,0.8489508893670856,2874.347197384916,-53.33786405158344,2026-07-09
14.0,75.0,0.8489508893670856,2880.227524279293,-594.6635242792931,2026-07-09
14.25,90.0,0.8489508893670856,2861.240257719854,-658.4329243865209,2026-07-09
14.5,105.0,0.8489508893670856,2758.010043935553,-326.9173772688864,2026-07-09
14.75,120.0,0.8489508893670856,2637.7067211695467,-655.8327211695466,2026-07-09
15.0,135.0,0.8489508893670856,2503.6073108841606,-6.587977550827418,2026-07-09
15.25,150.0,0.8489508893670856,2361.7159738843825,-616.7673072177156,2026-07-09
15.5,165.0,0.8489508893670856,2212.930361989618,-659.5823619896187,2026-07-09
15.75,180.0,0.8489508893670856,2044.750026199809,-659.0773595331423,2026-07-09
16.0,195.0,0.8489508893670856,1873.703695011868,-825.8090283452013,2026-07-09
16.25,210.0,0.8489508893670856,1702.0934261751904,-183.44275950852352,2026-07-09
16.5,225.0,0.8489508893670856,1531.0259370596946,-64.39127039302798,2026-07-09
16.75,240.0,0.8489508893670856,1350.602589390976,-103.46658939097642,2026-07-09
17.0,255.0,0.8489508893670856,1170.160444102592,-163.07044410259198,2026-07-09
17.25,270.0,0.8489508893670856,988.972432355577,-45.856432355577,2026-07-09
17.5,285.0,0.8489508893670856,806.3671671773957,-62.33450051072896,2026-07-09
17.75,300.0,0.8489508893670856,621.376594890562,7.434071776104588,2026-07-09
18.0,315.0,0.8489508893670856,449.9344872970311,-1.9284872970312108,2026-07-09
18.25,330.0,0.8489508893670856,296.0301314677104,18.557201865622858,2026-07-09
18.5,345.0,0.8489508893670856,168.27528577651083,34.490047556822475,2026-07-09
18.75,360.0,0.8489508893670856,82.45173098119844,27.6989356854682,2026-07-09
19.0,375.0,0.8489508893670856,20.105553343322235,17.191113323344425,2026-07-09
14.5,15.0,0.68640124583386,2345.4545530261257,85.63811364054072,2026-07-09
14.75,30.0,0.68640124583386,2321.7434799359157,-339.8694799359157,2026-07-09
15.0,45.0,0.68640124583386,2211.83903254126,285.180300792073,2026-07-09
15.25,60.0,0.68640124583386,2095.090136829648,-350.14147016298125,2026-07-09
15.5,75.0,0.68640124583386,1963.6486265697847,-410.3006265697852,2026-07-09
15.75,90.0,0.68640124583386,1812.08969841244,-426.4170317457731,2026-07-09
16.0,105.0,0.68640124583386,1662.1249129808689,-614.2302463142023,2026-07-09
16.25,120.0,0.68640124583386,1513.3529530747,5.29771359196684,2026-07-09
16.5,135.0,0.68640124583386,1314.3254706875905,152.3091959790761,2026-07-09
16.75,150.0,0.68640124583386,1163.1200903658698,84.01590963412968,2026-07-09
17.0,165.0,0.68640124583386,1009.6911539705712,-2.601153970571204,2026-07-09
17.25,180.0,0.68640124583386,856.3173496440585,86.7986503559415,2026-07-09
17.5,195.0,0.68640124583386,701.0855761338556,42.9470905328111,2026-07-09
17.75,210.0,0.68640124583386,541.8965180497031,86.91414861696353,2026-07-09
18.0,225.0,0.68640124583386,392.0086367701904,55.99736322980954,2026-07-09
18.25,240.0,0.68640124583386,258.25674792131844,56.33058541201484,2026-07-09
18.5,255.0,0.68640124583386,147.13035682848624,55.63497650484706,2026-07-09
18.75,270.0,0.68640124583386,72.23501721305358,37.91564945361306,2026-07-09
19.0,285.0,0.68640124583386,17.510721624975904,19.785945041690756,2026-07-09
16.0,15.0,0.5945494714639188,1403.0952054095926,-355.200538742926,2026-07-09
16.25,30.0,0.5945494714639188,1287.27315330765,231.3775133590168,2026-07-09
16.5,45.0,0.5945494714639188,1168.0551853539566,298.57948131270996,2026-07-09
16.75,60.0,0.5945494714639188,1039.9935341996122,207.1424658003873,2026-07-09
17.0,75.0,0.5945494714639188,908.3574426299532,98.73255737004683,2026-07-09
17.25,90.0,0.5945494714639188,771.7456962011321,171.3703037988679,2026-07-09
17.5,105.0,0.5945494714639188,634.8778991238572,109.15476754280951,2026-07-09
17.75,120.0,0.5945494714639188,491.4429222184931,137.36774444817354,2026-07-09
18.0,135.0,0.5945494714639188,357.1908295756495,90.81517042435041,2026-07-09
18.25,150.0,0.5945494714639188,235.1930847094277,79.39424862390558,2026-07-09
18.5,165.0,0.5945494714639188,133.98024208955894,68.78509124377436,2026-07-09
18.75,180.0,0.5945494714639188,65.95492901394492,44.19573765272172,2026-07-09
19.0,195.0,0.5945494714639188,15.93075231176906,21.365914354897598,2026-07-09
7.0,15.0,1.2,398.1466952815644,105.86730471843566,2026-07-10
7.25,30.0,1.2,576.2508072857755,49.41052604755782,2026-07-10
7.5,45.0,1.2,770.6951843264397,-13.293184326439814,2026-07-10
7.75,60.0,1.2,980.3675001969872,46.75449980301266,2026-07-10
8.0,75.0,1.2,1197.517273492518,-190.06660682585107,2026-07-10
8.25,90.0,1.2,1418.911982989015,-188.69998298901533,2026-07-10
8.5,105.0,1.2,1640.7566639440065,-456.18199727733986,2026-07-10
8.75,120.0,1.2,1859.779833524007,-444.3065001906739,2026-07-10
9.0,135.0,1.2,2069.110939032209,-682.9762723655426,2026-07-10
9.25,150.0,1.2,2272.0257675364724,-742.944434203139,2026-07-10
9.5,165.0,1.2,2466.4058708644075,-694.032537531074,2026-07-10
9.75,180.0,1.2,2651.766027208368,-640.7533605417018,2026-07-10
10.0,195.0,1.2,2831.2580998790786,-603.314766545745,2026-07-10
10.25,210.0,1.2,2995.0442232325863,-940.7095565659201,2026-07-10
10.5,225.0,1.2,3136.998577239232,-1160.0912439058989,2026-07-10
10.75,240.0,1.2,3262.3831296736453,-847.347796340312,2026-07-10
11.0,255.0,1.2,3379.429896116308,-1240.0652294496413,2026-07-10
11.25,270.0,1.2,3484.353806669808,-1048.4618066698076,2026-07-10
11.5,285.0,1.2,3566.501881206028,-1179.1092145393618,2026-07-10
11.75,300.0,1.2,3628.5076245204223,-585.3136245204223,2026-07-10
12.0,315.0,1.2,3683.0595751687215,-427.8862418353883,2026-07-10
12.25,330.0,1.2,3725.333771290029,-128.60377129002973,2026-07-10
12.5,345.0,1.2,3747.032228656736,-178.44622865673637,2026-07-10
12.75,360.0,1.2,3736.590789823017,-719.7314564896842,2026-07-10
13.0,375.0,1.2,3710.574591860902,-367.32992519423533,2026-07-10
13.25,390.0,1.2,3665.790559517624,-326.68855951762407,2026-07-10
13.5,405.0,1.2,3605.7590418256746,-671.2377084923414,2026-07-10
13.75,420.0,1.2,3521.781351319521,-103.6353513195204,2026-07-10
14.0,435.0,1.2,3424.953447876048,-453.0221145427149,2026-07-10
14.25,450.0,1.2,3319.309885357713,-869.8258853577131,2026-07-10
14.5,465.0,1.2,3208.5497222274644,-474.23772222746493,2026-07-10
14.75,480.0,1.2,3068.9932451291315,-215.38191179579826,2026-07-10
15.0,495.0,1.2,2911.6434776040105,-699.724810937344,2026-07-10
15.25,510.0,1.2,2744.5342687714096,-194.66580723294737,2026-07-10
15.5,525.0,1.2,2567.8895269966097,-292.8461936632766,2026-07-10
15.75,540.0,1.2,2380.0350290084216,-502.7450290084216,2026-07-10
16.0,555.0,1.2,2191.664464364529,-513.1657976978624,2026-07-10
16.25,570.0,1.2,1995.7498937709877,-264.1698937709871,2026-07-10
16.5,585.0,1.2,1792.5586044987615,-527.8939378320947,2026-07-10
16.75,600.0,1.2,1569.1802554972653,-303.0222554972654,2026-07-10
17.0,615.0,1.2,1347.936593750163,-437.8092604168296,2026-07-10
17.25,630.0,1.2,1127.2737661959911,-193.83509952932434,2026-07-10
17.5,645.0,1.2,909.47931091847,-287.1339775851367,2026-07-10
17.75,660.0,1.2,701.9835359622398,-21.804202628906296,2026-07-10
18.0,675.0,1.2,509.1349815033876,-23.390314836720904,2026-07-10
18.25,690.0,1.2,336.7325824665448,20.242750866788583,2026-07-10
18.5,705.0,1.2,191.9802426943081,53.28642397235862,2026-07-10
18.75,720.0,1.2,93.45819150098376,41.25980849901623,2026-07-10
19.0,735.0,1.2,22.628060240820368,16.19927309251296,2026-07-10
8.5,15.0,0.8527410240260345,1255.084660901007,-70.50999423434041,2026-07-10
8.75,30.0,0.8527410240260345,1427.8517338798536,-12.378400546520425,2026-07-10
9.0,45.0,0.8527410240260345,1590.4671074257335,-204.33244075906714,2026-07-10
9.25,60.0,0.8527410240260345,1749.634926024771,-220.55359269143764,2026-07-10
9.5,75.0,0.8527410240260345,1905.6199256059183,-133.24659227258485,2026-07-10
9.75,90.0,0.8527410240260345,2045.7974788510123,-34.78481218434604,2026-07-10
10.0,105.0,0.8527410240260345,2184.218549895877,43.72478343745661,2026-07-10
10.25,120.0,0.8527410240260345,2318.6850378254308,-264.3503711587646,2026-07-10
10.5,135.0,0.8527410240260345,2436.9579693640803,-460.0506360307472,2026-07-10
10.75,150.0,0.8527410240260345,2531.252082603426,-116.2167492700928,2026-07-10
11.0,165.0,0.8527410240260345,2625.1445690994883,-485.7799024328215,2026-07-10
11.25,180.0,0.8527410240260345,2716.6958088905008,-280.8038088905005,2026-07-10
11.5,195.0,0.8527410240260345,2790.318150252784,-402.92548358611793,2026-07-10
11.75,210.0,0.8527410240260345,2841.3318143971637,201.86218560283623,2026-07-10
12.0,225.0,0.8527410240260345,2886.557800016224,368.6155333171091,2026-07-10
12.25,240.0,0.8527410240260345,2929.746600815058,666.9833991849409,2026-07-10
12.5,255.0,0.8527410240260345,2956.053945282912,612.5320547170877,2026-07-10
12.75,270.0,0.8527410240260345,2951.8943671479897,64.9649661853432,2026-07-10
13.0,285.0,0.8527410240260345,2934.9431255357003,408.30154113096614,2026-07-10
13.25,300.0,0.8527410240260345,2898.3962910349933,440.7057089650066,2026-07-10
13.5,315.0,0.8527410240260345,2853.323607035213,81.19772629811996,2026-07-10
13.75,330.0,0.8527410240260345,2785.0398480243502,633.1061519756504,2026-07-10
14.0,345.0,0.8527410240260345,2705.074147238553,266.85718609478,2026-07-10
14.25,360.0,0.8527410240260345,2622.0327217292,-172.54872172920022,2026-07-10
14.5,375.0,0.8527410240260345,2540.0450902443968,194.26690975560268,2026-07-10
14.75,390.0,0.8527410240260345,2440.350288580486,413.2610447528473,2026-07-10
15.0,405.0,0.8527410240260345,2317.597502758076,-105.67883609140972,2026-07-10
15.25,420.0,0.8527410240260345,2186.754992059866,363.11346947859647,2026-07-10
15.5,435.0,0.8527410240260345,2054.6235237710853,220.4198095622478,2026-07-10
15.75,450.0,0.8527410240260345,1901.143173551792,-23.853173551791997,2026-07-10
16.0,465.0,0.8527410240260345,1753.315010164923,-74.8163434982564,2026-07-10
16.25,480.0,0.8527410240260345,1603.737044665458,127.8429553345427,2026-07-10
16.5,495.0,0.8527410240260345,1446.4456403622462,-181.7809736955794,2026-07-10
16.75,510.0,0.8527410240260345,1262.136016049115,4.021983950884987,2026-07-10
17.0,525.0,0.8527410240260345,1080.3688497274532,-170.2415163941198,2026-07-10
17.25,540.0,0.8527410240260345,906.0464042919124,27.39226237475441,2026-07-10
17.5,555.0,0.8527410240260345,733.5463664563378,-111.20103312300444,2026-07-10
17.75,570.0,0.8527410240260345,566.0905751967407,114.08875813659279,2026-07-10
18.0,585.0,0.8527410240260345,410.6738888890522,75.07077777761452,2026-07-10
18.25,600.0,0.8527410240260345,271.7349804409724,85.24035289236099,2026-07-10
18.5,615.0,0.8527410240260345,154.71196718182895,90.55469948483776,2026-07-10
18.75,630.0,0.8527410240260345,75.24036762999836,59.47763237000163,2026-07-10
19.0,645.0,0.8527410240260345,18.030368475911278,20.79696485742205,2026-07-10
10.0,15.0,0.6318723724362174,1809.9718033629429,417.97152997039075,2026-07-10
10.25,30.0,0.6318723724362174,1930.8215586596984,123.51310800696774,2026-07-10
10.5,45.0,0.6318723724362174,2029.690135972305,-52.782802638971816,2026-07-10
10.75,60.0,0.6318723724362174,2114.436911009913,300.59842232342044,2026-07-10
11.0,75.0,0.6318723724362174,2196.9886480583723,-57.623981391705456,2026-07-10
11.25,90.0,0.6318723724362174,2273.7824133177714,162.10958668222884,2026-07-10
11.5,105.0,0.6318723724362174,2338.180251313059,49.21241535360696,2026-07-10
11.75,120.0,0.6318723724362174,2382.712648432212,660.4813515677879,2026-07-10
12.0,135.0,0.6318723724362174,2430.526227345729,824.6471059876044,2026-07-10
12.25,150.0,0.6318723724362174,2468.987107269917,1127.742892730082,2026-07-10
12.5,165.0,0.6318723724362174,2488.485081306712,1080.100918693288,2026-07-10
12.75,180.0,0.6318723724362174,2480.7760763159367,536.0832570173961,2026-07-10
13.0,195.0,0.6318723724362174,2457.821593125388,885.4230735412784,2026-07-10
13.25,210.0,0.6318723724362174,2426.484853699408,912.6171463005917,2026-07-10
13.5,225.0,0.6318723724362174,2369.506821312546,565.0145120207872,2026-07-10
13.75,240.0,0.6318723724362174,2302.812138611388,1115.3338613886126,2026-07-10
14.0,255.0,0.6318723724362174,2222.837435970881,749.093897362452,2026-07-10
14.25,270.0,0.6318723724362174,2147.2491669319515,302.2348330680484,2026-07-10
14.5,285.0,0.6318723724362174,2073.751041647048,660.5609583529513,2026-07-10
14.75,300.0,0.6318723724362174,1977.7113666616524,875.8999666716809,2026-07-10
15.0,315.0,0.6318723724362174,1870.7753972895905,341.14326937707597,2026-07-10
15.25,330.0,0.6318723724362174,1753.7342122875802,796.134249250882,2026-07-10
15.5,345.0,0.6318723724362174,1641.8742530035322,633.1690803298009,2026-07-10
15.75,360.0,0.6318723724362174,1521.466587711775,355.823412288225,2026-07-10
16.0,375.0,0.6318723724362174,1402.7392989526934,275.75936771397323,2026-07-10
16.25,390.0,0.6318723724362174,1284.332948809477,447.2470511905235,2026-07-10
16.5,405.0,0.6318723724362174,1157.979007556839,106.68565910982784,2026-07-10
16.75,420.0,0.6318723724362174,1013.2514869065736,252.90651309342627,2026-07-10
17.0,435.0,0.6318723724362174,867.8814742036923,42.245859129641076,2026-07-10
17.25,450.0,0.6318723724362174,726.124371147565,207.31429551910185,2026-07-10
17.5,465.0,0.6318723724362174,586.0060183098808,36.339315023452514,2026-07-10
17.75,480.0,0.6318723724362174,451.0031271612437,229.1762061720898,2026-07-10
18.0,495.0,0.6318723724362174,327.09283072456554,158.65183594210117,2026-07-10
18.25,510.0,0.6318723724362174,216.24544424230268,140.72988909103069,2026-07-10
18.5,525.0,0.6318723724362174,123.45968021763814,121.80698644902857,2026-07-10
18.75,540.0,0.6318723724362174,60.19039299519911,74.52760700480087,2026-07-10
19.0,555.0,0.6318723724362174,14.22898549458938,24.598347838743948,2026-07-10
11.5,15.0,0.6261902864007164,2268.583875199831,118.80879146683537,2026-07-10
11.75,30.0,0.6261902864007164,2318.173957867443,725.0200421325571,2026-07-10
12.0,45.0,0.6261902864007164,2364.606876414768,890.5664569185651,2026-07-10
12.25,60.0,0.6261902864007164,2402.5040909366376,1194.2259090633615,2026-07-10
12.5,75.0,0.6261902864007164,2424.2023340545666,1144.3836659454332,2026-07-10
12.75,90.0,0.6261902864007164,2420.1521158104165,596.7072175229164,2026-07-10
13.0,105.0,0.6261902864007164,2408.8462976486603,934.3983690180062,2026-07-10
13.25,120.0,0.6261902864007164,2387.8261726367505,951.2758273632494,2026-07-10
13.5,135.0,0.6261902864007164,2355.8195775920026,578.7017557413305,2026-07-10
13.75,150.0,0.6261902864007164,2302.713199193897,1115.4328008061038,2026-07-10
14.0,165.0,0.6261902864007164,2245.695475447013,726.23585788632,2026-07-10
14.25,180.0,0.6261902864007164,2181.918787537381,267.565212462619,2026-07-10
14.5,195.0,0.6261902864007164,2110.259999118696,624.0520008813032,2026-07-10
14.75,210.0,0.6261902864007164,2018.908892570468,834.7024407628653,2026-07-10
15.0,225.0,0.6261902864007164,1915.3827494348743,296.53591723179215,2026-07-10
15.25,240.0,0.6261902864007164,1809.10016915377,740.7682923846924,2026-07-10
15.5,255.0,0.6261902864007164,1700.983284638266,574.060048695067,2026-07-10
15.75,270.0,0.6261902864007164,1579.6620923856713,297.6279076143287,2026-07-10
16.0,285.0,0.6261902864007164,1457.4968826909674,221.00178397569925,2026-07-10
16.25,300.0,0.6261902864007164,1331.261635501721,400.3183644982796,2026-07-10
16.5,315.0,0.6261902864007164,1201.240111687944,63.42455497872288,2026-07-10
16.75,330.0,0.6261902864007164,1050.0991575852252,216.05884241477474,2026-07-10
17.0,345.0,0.6261902864007164,900.3406347189004,9.786698614432908,2026-07-10
17.25,360.0,0.6261902864007164,752.5703984375132,180.8682682291536,2026-07-10
17.5,375.0,0.6261902864007164,607.0814852876418,15.263848045691475,2026-07-10
17.75,390.0,0.6261902864007164,469.0134586392104,211.1658746941231,2026-07-10
18.0,405.0,0.6261902864007164,340.4003930961371,145.3442735705296,2026-07-10
18.25,420.0,0.6261902864007164,224.60346436961532,132.37186896371804,2026-07-10
18.5,435.0,0.6261902864007164,127.49144487910424,117.77522178756247,2026-07-10
18.75,450.0,0.6261902864007164,61.915059329986136,72.80294067001385,2026-07-10
19.0,465.0,0.6261902864007164,14.677109868086031,24.150223465247297,2026-07-10
13.0,15.0,0.8632646850352437,3050.914332170262,292.3303344964047,2026-07-10
13.25,30.0,0.8632646850352437,3027.784602760617,311.3173972393829,2026-07-10
13.5,45.0,0.8632646850352437,2979.3564297303237,-44.83509639699059,2026-07-10
13.75,60.0,0.8632646850352437,2903.643723291868,514.5022767081327,2026-07-10
14.0,75.0,0.8632646850352437,2824.5111685457387,147.42016478759433,2026-07-10
14.25,90.0,0.8632646850352437,2742.7660658393493,-293.28206583934934,2026-07-10
14.5,105.0,0.8632646850352437,2650.621198469219,83.69080153078039,2026-07-10
14.75,120.0,0.8632646850352437,2534.142158836568,319.4691744967654,2026-07-10
15.0,135.0,0.8632646850352437,2400.851645950962,-188.93297928429547,2026-07-10
15.25,150.0,0.8632646850352437,2253.206564595253,296.6618969432093,2026-07-10
15.5,165.0,0.8632646850352437,2105.713803386122,169.32952994721109,2026-07-10
15.75,180.0,0.8632646850352437,1947.979484052132,-70.689484052132,2026-07-10
16.0,195.0,0.8632646850352437,1786.1851655696223,-107.68649890295569,2026-07-10
16.25,210.0,0.8632646850352437,1625.4671440647942,106.11285593520643,2026-07-10
16.5,225.0,0.8632646850352437,1457.02604689279,-192.36138022612317,2026-07-10
16.75,240.0,0.8632646850352437,1274.04838859681,-7.8903885968099985,2026-07-10
17.0,255.0,0.8632646850352437,1089.9487352763065,-179.82140194297313,2026-07-10
17.25,270.0,0.8632646850352437,910.302976733884,23.13568993278284,2026-07-10
17.5,285.0,0.8632646850352437,734.4860667517677,-112.14073341843437,2026-07-10
17.75,300.0,0.8632646850352437,565.9299762798166,114.24935705351686,2026-07-10
18.0,315.0,0.8632646850352437,409.7988182888898,75.94584837777694,2026-07-10
18.25,330.0,0.8632646850352437,270.15975241735214,86.81558091598123,2026-07-10
18.5,345.0,0.8632646850352437,153.2567061894,92.0099604772667,2026-07-10
18.75,360.0,0.8632646850352437,74.26898367638128,60.44901632361871,2026-07-10
19.0,375.0,0.8632646850352437,17.74309743962339,21.084235893709938,2026-07-10
14.5,15.0,0.8225339114928789,2575.8351910966658,158.47680890333368,2026-07-10
14.75,30.0,0.8225339114928789,2462.546437446065,391.06489588726845,2026-07-10
15.0,45.0,0.8225339114928789,2329.049549083358,-117.13088241669175,2026-07-10
15.25,60.0,0.8225339114928789,2181.4371508485933,368.43131068986895,2026-07-10
15.5,75.0,0.8225339114928789,2037.812220780716,237.2311125526171,2026-07-10
15.75,90.0,0.8225339114928789,1887.61891944734,-10.328919447340013,2026-07-10
16.0,105.0,0.8225339114928789,1729.0036182760568,-50.50495160939022,2026-07-10
16.25,120.0,0.8225339114928789,1567.5828104676314,163.99718953236925,2026-07-10
16.5,135.0,0.8225339114928789,1408.2947546141286,-143.6300879474618,2026-07-10
16.75,150.0,0.8225339114928789,1227.6317944326536,38.526205567346324,2026-07-10
17.0,165.0,0.8225339114928789,1049.4732124945565,-139.34587916122314,2026-07-10
17.25,180.0,0.8225339114928789,876.3609451507737,57.07772151589313,2026-07-10
17.5,195.0,0.8225339114928789,706.4418945687613,-84.096561235428,2026-07-10
17.75,210.0,0.8225339114928789,545.6439956672685,134.53533766606495,2026-07-10
18.0,225.0,0.8225339114928789,395.6244204393756,90.12024622729109,2026-07-10
18.25,240.0,0.8225339114928789,261.14226707918914,95.83306625414423,2026-07-10
18.5,255.0,0.8225339114928789,148.04182278441013,97.22484388225658,2026-07-10
18.75,270.0,0.8225339114928789,72.00080386834517,62.717196131654816,2026-07-10
19.0,285.0,0.8225339114928789,17.21258114531419,21.61475218801914,2026-07-10
16.0,15.0,0.7799484699747573,1771.3096908161683,-92.81102414950169,2026-07-10
16.25,30.0,0.7799484699747573,1618.1013944207702,113.47860557923036,2026-07-10
16.5,45.0,0.7799484699747573,1457.077255101496,-192.4125884348291,2026-07-10
16.75,60.0,0.7799484699747573,1275.3604327907751,-9.20243279077522,2026-07-10
17.0,75.0,0.7799484699747573,1092.5585874338294,-182.43125410049606,2026-07-10
17.25,90.0,0.7799484699747573,913.1591305779486,20.279536088718146,2026-07-10
17.5,105.0,0.7799484699747573,737.9729020276072,-115.62756869427392,2026-07-10
17.75,120.0,0.7799484699747573,570.5305476937675,109.64878563956597,2026-07-10
18.0,135.0,0.7799484699747573,414.0082817248089,71.7363849418578,2026-07-10
18.25,150.0,0.7799484699747573,273.3656787845198,83.60965454881358,2026-07-10
18.5,165.0,0.7799484699747573,155.3001726699508,89.96649399671591,2026-07-10
18.75,180.0,0.7799484699747573,75.50143056655799,59.216569433442004,2026-07-10
19.0,195.0,0.7799484699747573,18.078431826335496,20.748901506997832,2026-07-10
7.0,15.0,0.8384232948833572,280.8677080307484,57.206291969251595,2026-07-11
7.25,30.0,0.8384232948833572,409.7495449333009,219.94112173336583,2026-07-11
7.5,45.0,0.8384232948833572,549.7119207859199,118.34941254741352,2026-07-11
7.75,60.0,0.8384232948833572,702.230832650207,83.22850068312607,2026-07-11
8.0,75.0,0.8384232948833572,860.2175432531876,74.09979008014602,2026-07-11
8.25,90.0,0.8384232948833572,1021.1711097744763,-29.019109774476306,2026-07-11
8.5,105.0,0.8384232948833572,1180.965442303582,-262.2361089702488,2026-07-11
8.75,120.0,0.8384232948833572,1347.2482426352851,-116.83424263528514,2026-07-11
9.0,135.0,0.8384232948833572,1512.5523952116291,22.950271455037864,2026-07-11
9.25,150.0,0.8384232948833572,1673.2339629714356,191.66403702856428,2026-07-11
9.5,165.0,0.8384232948833572,1825.2453399087613,297.4633267579052,2026-07-11
9.75,180.0,0.8384232948833572,1970.178061891979,239.83860477468784,2026-07-11
10.0,195.0,0.8384232948833572,2108.5811251122723,-168.96579177893955,2026-07-11
10.25,210.0,0.8384232948833572,2239.0422878760714,-458.5549545427382,2026-07-11
10.5,225.0,0.8384232948833572,2362.976393012796,-352.41839301279606,2026-07-11
10.75,240.0,0.8384232948833572,2474.723045436479,-57.55237876981255,2026-07-11
11.0,255.0,0.8384232948833572,2580.1582378179087,93.03909551542529,2026-07-11
11.25,270.0,0.8384232948833572,2681.1342187856085,140.72111454772494,2026-07-11
11.5,285.0,0.8384232948833572,2775.457684879689,479.5536484536442,2026-07-11
11.75,300.0,0.8384232948833572,2852.7462651783385,416.61373482166164,2026-07-11
12.0,315.0,0.8384232948833572,2913.983767437434,-494.1624341041006,2026-07-11
12.25,330.0,0.8384232948833572,2954.0511893749035,-11.231856041570154,2026-07-11
12.5,345.0,0.8384232948833572,2966.2193330005075,-678.2833330005074,2026-07-11
12.75,360.0,0.8384232948833572,2945.3226998868104,-625.4620332201439,2026-07-11
13.0,375.0,0.8384232948833572,2926.910004594849,393.73199540515134,2026-07-11
13.25,390.0,0.8384232948833572,2905.0876235080905,-829.3596235080904,2026-07-11
13.5,405.0,0.8384232948833572,2866.2720773513315,635.5079226486687,2026-07-11
13.75,420.0,0.8384232948833572,2798.915763423087,293.20090324358034,2026-07-11
14.0,435.0,0.8384232948833572,2728.3085456638705,634.1581210027962,2026-07-11
14.25,450.0,0.8384232948833572,2646.1993958951234,121.74927077154325,2026-07-11
14.5,465.0,0.8384232948833572,2551.6999760428725,121.13469062379454,2026-07-11
14.75,480.0,0.8384232948833572,2441.7854696234176,-400.28613629008487,2026-07-11
15.0,495.0,0.8384232948833572,2325.413635380243,104.63036461975753,2026-07-11
15.25,510.0,0.8384232948833572,2201.655365312207,14.734634687793005,2026-07-11
15.5,525.0,0.8384232948833572,2064.688782656553,-24.050115989886535,2026-07-11
15.75,540.0,0.8384232948833572,1914.1674821007607,47.70518456590571,2026-07-11
16.0,555.0,0.8384232948833572,1758.401972188135,157.5413611451977,2026-07-11
16.25,570.0,0.8384232948833572,1599.0741112034268,-202.00077787009354,2026-07-11
16.5,585.0,0.8384232948833572,1438.2391157996185,313.0655508670484,2026-07-11
16.75,600.0,0.8384232948833572,1270.6000238466563,466.6213094866771,2026-07-11
17.0,615.0,0.8384232948833572,1101.3317878321095,153.77154550122418,2026-07-11
17.25,630.0,0.8384232948833572,935.3650902413528,-28.553090241352834,2026-07-11
17.5,645.0,0.8384232948833572,771.0774755156588,-224.19947551565872,2026-07-11
17.75,660.0,0.8384232948833572,598.767608412409,-167.6996084124089,2026-07-11
18.0,675.0,0.8384232948833572,435.2544261150927,-47.80642611509279,2026-07-11
18.25,690.0,0.8384232948833572,287.2831943084427,-0.9651943084426762,2026-07-11
18.5,705.0,0.8384232948833572,162.56516134965693,27.413505317009736,2026-07-11
18.75,720.0,0.8384232948833572,78.11030976072009,40.53569023927993,2026-07-11
19.0,735.0,0.8384232948833572,18.41379339088875,18.306873275777924,2026-07-11
8.5,15.0,0.6746628617504196,1012.5746716803976,-93.8453383470644,2026-07-11
8.75,30.0,0.6746628617504196,1157.0152058353065,73.39879416469353,2026-07-11
9.0,45.0,0.6746628617504196,1299.5813727486327,235.92129391803428,2026-07-11
9.25,60.0,0.6746628617504196,1439.1344484063818,425.7635515936181,2026-07-11
9.5,75.0,0.6746628617504196,1572.5132504878752,550.1954161787912,2026-07-11
9.75,90.0,0.6746628617504196,1697.3048221446113,512.7118445220556,2026-07-11
10.0,105.0,0.6746628617504196,1812.4434412979365,127.17189203539624,2026-07-11
10.25,120.0,0.6746628617504196,1926.4304338304955,-145.94310049716228,2026-07-11
10.5,135.0,0.6746628617504196,2034.1205114671168,-23.562511467116792,2026-07-11
10.75,150.0,0.6746628617504196,2131.8910427903543,285.27962387631214,2026-07-11
11.0,165.0,0.6746628617504196,2219.906476917706,453.2908564156278,2026-07-11
11.25,180.0,0.6746628617504196,2315.2251832988786,506.6301500344548,2026-07-11
11.5,195.0,0.6746628617504196,2413.5091220506383,841.502211282695,2026-07-11
11.75,210.0,0.6746628617504196,2489.9770654651948,779.3829345348054,2026-07-11
12.0,225.0,0.6746628617504196,2541.3000870822702,-121.47875374893692,2026-07-11
12.25,240.0,0.6746628617504196,2577.002188874786,365.8171444585473,2026-07-11
12.5,255.0,0.6746628617504196,2587.412885696042,-299.4768856960418,2026-07-11
12.75,270.0,0.6746628617504196,2566.281853000273,-246.42118633360633,2026-07-11
13.0,285.0,0.6746628617504196,2546.1959514000982,774.446048599902,2026-07-11
13.25,300.0,0.6746628617504196,2528.7482840781067,-453.02028407810667,2026-07-11
13.5,315.0,0.6746628617504196,2490.579450785934,1011.2005492140661,2026-07-11
13.75,330.0,0.6746628617504196,2428.002356283557,664.11431038311,2026-07-11
14.0,345.0,0.6746628617504196,2361.8093784543503,1000.6572882123164,2026-07-11
14.25,360.0,0.6746628617504196,2287.8803183848463,480.06834828182036,2026-07-11
14.5,375.0,0.6746628617504196,2203.1516695634687,469.68299710319843,2026-07-11
14.75,390.0,0.6746628617504196,2105.3928292412347,-63.89349590790198,2026-07-11
15.0,405.0,0.6746628617504196,2002.3245772465807,427.7194227534196,2026-07-11
15.25,420.0,0.6746628617504196,1894.617887388016,321.77211261198386,2026-07-11
15.5,435.0,0.6746628617504196,1778.510553998101,262.12811266856556,2026-07-11
15.75,450.0,0.6746628617504196,1648.433690611752,313.4389760549145,2026-07-11
16.0,465.0,0.6746628617504196,1511.7197918854129,404.22354144791984,2026-07-11
16.25,480.0,0.6746628617504196,1375.3397479981795,21.733585335153748,2026-07-11
16.5,495.0,0.6746628617504196,1235.9125699393596,515.3920967273073,2026-07-11
16.75,510.0,0.6746628617504196,1093.982351457654,643.2389818756794,2026-07-11
17.0,525.0,0.6746628617504196,950.2920842552348,304.81124907809885,2026-07-11
17.25,540.0,0.6746628617504196,812.002498161586,94.80950183841401,2026-07-11
17.5,555.0,0.6746628617504196,674.8268675436257,-127.94886754362562,2026-07-11
17.75,570.0,0.6746628617504196,525.9874738521843,-94.91947385218418,2026-07-11
18.0,585.0,0.6746628617504196,382.6850821246885,4.762917875311416,2026-07-11
18.25,600.0,0.6746628617504196,252.7500915008465,33.56790849915353,2026-07-11
18.5,615.0,0.6746628617504196,142.8295269625451,47.14913970412158,2026-07-11
18.75,630.0,0.6746628617504196,68.48552890194841,50.1604710980516,2026-07-11
19.0,645.0,0.6746628617504196,15.983539823550265,20.737126843116407,2026-07-11
10.0,15.0,0.7515891540640066,2009.8604209994169,-70.24508766608415,2026-07-11
10.25,30.0,0.7515891540640066,2131.0110426837928,-350.5237093504595,2026-07-11
10.5,45.0,0.7515891540640066,2247.54536079878,-236.98736079878017,2026-07-11
10.75,60.0,0.7515891540640066,2354.7523458541164,62.418320812550064,2026-07-11
11.0,75.0,0.7515891540640066,2448.5036282253827,224.69370510795125,2026-07-11
11.25,90.0,0.7515891540640066,2539.604913066601,282.25042026673236,2026-07-11
11.5,105.0,0.7515891540640066,2630.476527232624,624.5348061007094,2026-07-11
11.75,120.0,0.7515891540640066,2707.819406396815,561.5405936031852,2026-07-11
12.0,135.0,0.7515891540640066,2759.501754806872,-339.6804214735389,2026-07-11
12.25,150.0,0.7515891540640066,2797.0081703976216,145.81116293571176,2026-07-11
12.5,165.0,0.7515891540640066,2806.212616840736,-518.2766168407356,2026-07-11
12.75,180.0,0.7515891540640066,2785.277751282948,-465.4170846162815,2026-07-11
13.0,195.0,0.7515891540640066,2764.248439342939,556.3935606570612,2026-07-11
13.25,210.0,0.7515891540640066,2741.064082017337,-665.336082017337,2026-07-11
13.5,225.0,0.7515891540640066,2694.186036974672,807.5939630253283,2026-07-11
13.75,240.0,0.7515891540640066,2624.9388909511727,467.1777757154946,2026-07-11
14.0,255.0,0.7515891540640066,2554.944145281575,807.5225213850917,2026-07-11
14.25,270.0,0.7515891540640066,2476.3875474610104,291.56111920565627,2026-07-11
14.5,285.0,0.7515891540640066,2383.970433582373,288.864233084294,2026-07-11
14.75,300.0,0.7515891540640066,2280.710377464798,-239.21104413146531,2026-07-11
15.0,315.0,0.7515891540640066,2172.644917511646,257.39908248835445,2026-07-11
15.25,330.0,0.7515891540640066,2059.7810392900715,156.6089607099284,2026-07-11
15.5,345.0,0.7515891540640066,1933.0261190745764,107.6125475920901,2026-07-11
15.75,360.0,0.7515891540640066,1793.371895134863,168.50077153180337,2026-07-11
16.0,375.0,0.7515891540640066,1643.650097961934,272.2932353713986,2026-07-11
16.25,390.0,0.7515891540640066,1492.978071237543,-95.9047379042097,2026-07-11
16.5,405.0,0.7515891540640066,1340.329859095864,410.9748075708028,2026-07-11
16.75,420.0,0.7515891540640066,1185.717405517487,551.5039278158465,2026-07-11
17.0,435.0,0.7515891540640066,1028.8627581293338,226.24057520399992,2026-07-11
17.25,450.0,0.7515891540640066,874.1428059086172,32.66919409138279,2026-07-11
17.5,465.0,0.7515891540640066,721.3106126993843,-174.4326126993842,2026-07-11
17.75,480.0,0.7515891540640066,560.6277859142648,-129.5597859142647,2026-07-11
18.0,495.0,0.7515891540640066,406.8584026692809,-19.410402669280984,2026-07-11
18.25,510.0,0.7515891540640066,268.89875215155894,17.419247848441103,2026-07-11
18.5,525.0,0.7515891540640066,152.3175887419015,37.66107792476518,2026-07-11
18.75,540.0,0.7515891540640066,73.26485313254719,45.38114686745283,2026-07-11
19.0,555.0,0.7515891540640066,17.187052944327505,19.53361372233917,2026-07-11
11.5,15.0,0.7502417147901939,2651.393132361086,603.6182009722475,2026-07-11
11.75,30.0,0.7502417147901939,2732.689985096977,536.670014903023,2026-07-11
12.0,45.0,0.7502417147901939,2790.67042385228,-370.84909051894647,2026-07-11
12.25,60.0,0.7502417147901939,2828.003570143685,114.81576318964835,2026-07-11
12.5,75.0,0.7502417147901939,2837.374691785958,-549.4386917859579,2026-07-11
12.75,90.0,0.7502417147901939,2813.9535309706425,-494.09286430397606,2026-07-11
13.0,105.0,0.7502417147901939,2795.642380384132,524.9996196158681,2026-07-11
13.25,120.0,0.7502417147901939,2779.819974620719,-704.0919746207192,2026-07-11
13.5,135.0,0.7502417147901939,2732.370542995397,769.4094570046032,2026-07-11
13.75,150.0,0.7502417147901939,2657.879843311064,434.23682335560306,2026-07-11
14.0,165.0,0.7502417147901939,2584.2641292026483,778.2025374640184,2026-07-11
14.25,180.0,0.7502417147901939,2501.532961474241,266.4157051924258,2026-07-11
14.5,195.0,0.7502417147901939,2408.209044170746,264.6256224959211,2026-07-11
14.75,210.0,0.7502417147901939,2302.799508853159,-261.3001755198261,2026-07-11
15.0,225.0,0.7502417147901939,2192.4320842962925,237.61191570370784,2026-07-11
15.25,240.0,0.7502417147901939,2075.6686842167837,140.72131578321614,2026-07-11
15.5,255.0,0.7502417147901939,1952.278535419996,88.36013124667056,2026-07-11
15.75,270.0,0.7502417147901939,1810.794621112644,151.0780455540223,2026-07-11
16.0,285.0,0.7502417147901939,1657.9845512204904,257.9587821128423,2026-07-11
16.25,300.0,0.7502417147901939,1505.9544772041363,-108.88114387080304,2026-07-11
16.5,315.0,0.7502417147901939,1355.315217427941,395.9894492387259,2026-07-11
16.75,330.0,0.7502417147901939,1201.123176574621,536.0981567587123,2026-07-11
17.0,345.0,0.7502417147901939,1042.9187377519636,212.1845955813701,2026-07-11
17.25,360.0,0.7502417147901939,886.766511384399,20.045488615601016,2026-07-11
17.5,375.0,0.7502417147901939,732.7460364063763,-185.8680364063763,2026-07-11
17.75,390.0,0.7502417147901939,570.4230320485982,-139.3550320485981,2026-07-11
18.0,405.0,0.7502417147901939,414.65679091498953,-27.208790914989606,2026-07-11
18.25,420.0,0.7502417147901939,273.58702660302487,12.730973396975173,2026-07-11
18.5,435.0,0.7502417147901939,154.700731456493,35.277935210173666,2026-07-11
18.75,450.0,0.7502417147901939,74.17771670248662,44.468283297513395,2026-07-11
19.0,465.0,0.7502417147901939,17.412063804301106,19.308602862365568,2026-07-11
13.0,15.0,0.6553857316568045,2311.4466784336964,1009.1953215663038,2026-07-11
13.25,30.0,0.6553857316568045,2298.810350615239,-223.08235061523874,2026-07-11
13.5,45.0,0.6553857316568045,2257.919739535625,1243.8602604643752,2026-07-11
13.75,60.0,0.6553857316568045,2205.9955648173072,886.12110184936,2026-07-11
14.0,75.0,0.6553857316568045,2154.6991099125867,1207.76755675408,2026-07-11
14.25,90.0,0.6553857316568045,2094.0383524121467,673.91031425452,2026-07-11
14.5,105.0,0.6553857316568045,2021.1506226142576,651.6840440524095,2026-07-11
14.75,120.0,0.6553857316568045,1944.766736276792,96.73259705654073,2026-07-11
15.0,135.0,0.6553857316568045,1863.5539189597448,566.4900810402555,2026-07-11
15.25,150.0,0.6553857316568045,1773.9228166135924,442.46718338640744,2026-07-11
15.5,165.0,0.6553857316568045,1672.3303384573742,368.3083282092923,2026-07-11
15.75,180.0,0.6553857316568045,1556.9861312168823,404.8865354497841,2026-07-11
16.0,195.0,0.6553857316568045,1431.6597296976774,484.28360363565525,2026-07-11
16.25,210.0,0.6553857316568045,1306.9881507969574,90.0851825363759,2026-07-11
16.5,225.0,0.6553857316568045,1182.4632266940357,568.8414399726312,2026-07-11
16.75,240.0,0.6553857316568045,1051.25704745864,685.9642858746934,2026-07-11
17.0,255.0,0.6553857316568045,919.2007180547306,335.9026152786031,2026-07-11
17.25,270.0,0.6553857316568045,788.4051254573486,118.4068745426514,2026-07-11
17.5,285.0,0.6553857316568045,658.2644034344177,-111.38640343441762,2026-07-11
17.75,300.0,0.6553857316568045,525.9682861924839,-94.9002861924838,2026-07-11
18.0,315.0,0.6553857316568045,381.7777219122179,5.670278087782037,2026-07-11
18.25,330.0,0.6553857316568045,251.8122329191486,34.50576708085143,2026-07-11
18.5,345.0,0.6553857316568045,142.07199544827102,47.906671218395644,2026-07-11
18.75,360.0,0.6553857316568045,68.15012996245174,50.49587003754827,2026-07-11
19.0,375.0,0.6553857316568045,15.915426664807525,20.805240001859147,2026-07-11
14.5,15.0,0.8769006239685041,2562.8187083078533,110.0159583588138,2026-07-11
14.75,30.0,0.8769006239685041,2452.1109566090154,-410.61162327568263,2026-07-11
15.0,45.0,0.8769006239685041,2335.708637445588,94.33536255441231,2026-07-11
15.25,60.0,0.8769006239685041,2211.7322551189136,4.657744881086273,2026-07-11
15.5,75.0,0.8769006239685041,2077.327023354224,-36.688356687557416,2026-07-11
15.75,90.0,0.8769006239685041,1929.219640124956,32.65302654171046,2026-07-11
16.0,105.0,0.8769006239685041,1771.4894387149295,144.45389461840318,2026-07-11
16.25,120.0,0.8769006239685041,1612.2643296020535,-215.19099626872026,2026-07-11
16.5,135.0,0.8769006239685041,1451.1345663197728,300.17010034689406,2026-07-11
16.75,150.0,0.8769006239685041,1283.428375652957,453.7929576803765,2026-07-11
17.0,165.0,0.8769006239685041,1113.6617152674585,141.44161806587522,2026-07-11
17.25,180.0,0.8769006239685041,947.6742761168576,-40.86227611685763,2026-07-11
17.5,195.0,0.8769006239685041,786.0917024021754,-239.2137024021754,2026-07-11
17.75,210.0,0.8769006239685041,623.6631339977159,-192.59513399771583,2026-07-11
18.0,225.0,0.8769006239685041,451.9396937254998,-64.49169372549989,2026-07-11
18.25,240.0,0.8769006239685041,297.6432232586687,-11.325223258668643,2026-07-11
18.5,255.0,0.8769006239685041,168.49726866507086,21.481398001595807,2026-07-11
18.75,270.0,0.8769006239685041,81.15211027298521,37.4938897270148,2026-07-11
19.0,285.0,0.8769006239685041,19.173497958305862,17.54716870836081,2026-07-11
16.0,15.0,0.7503353526128702,1606.0945269856695,309.8488063476632,2026-07-11
16.25,30.0,0.7503353526128702,1462.714915153037,-65.64158181970379,2026-07-11
16.5,45.0,0.7503353526128702,1320.57381495726,430.7308517094068,2026-07-11
16.75,60.0,0.7503353526128702,1169.6367365967765,567.5845967365569,2026-07-11
17.0,75.0,0.7503353526128702,1018.124354714036,236.97897861929766,2026-07-11
17.25,90.0,0.7503353526128702,868.59072484812,38.221275151880036,2026-07-11
17.5,105.0,0.7503353526128702,722.2288851343301,-175.35088513433004,2026-07-11
17.75,120.0,0.7503353526128702,575.0278848182796,-143.95988481827953,2026-07-11
18.0,135.0,0.7503353526128702,417.00336191765007,-29.555361917650146,2026-07-11
18.25,150.0,0.7503353526128702,274.88743984575154,11.430560154248496,2026-07-11
18.5,165.0,0.7503353526128702,155.35518523871858,34.62348142794809,2026-07-11
18.75,180.0,0.7503353526128702,74.68162117352178,43.96437882647824,2026-07-11
19.0,195.0,0.7503353526128702,17.580668519414722,19.13999814725195,2026-07-11
7.0,15.0,0.26834547854830365,130.3157371219624,13.448929544704242,2026-07-12
7.25,30.0,0.26834547854830365,192.08708460165383,25.82599232142306,2026-07-12
7.5,45.0,0.26834547854830365,259.9541148081603,127.86988519183973,2026-07-12
7.75,60.0,0.26834547854830365,333.1666264339776,297.18537356602246,2026-07-12
8.0,75.0,0.26834547854830365,407.4684709517755,441.60686238155785,2026-07-12
8.25,90.0,0.26834547854830365,484.09166408744494,472.8003359125551,2026-07-12
8.5,105.0,0.26834547854830365,561.8348226735139,644.6405106598194,2026-07-12
8.75,120.0,0.26834547854830365,640.7905315721936,729.5988017611397,2026-07-12
9.0,135.0,0.26834547854830365,719.1486961394124,973.8866371939208,2026-07-12
9.25,150.0,0.26834547854830365,794.5576456584716,902.0450210081952,2026-07-12
9.5,165.0,0.26834547854830365,866.0680163915674,929.0466502750987,2026-07-12
9.75,180.0,0.26834547854830365,935.8254172128734,880.1739161204603,2026-07-12
10.0,195.0,0.26834547854830365,1006.4729538707054,387.5830461292951,2026-07-12
10.25,210.0,0.26834547854830365,1077.6426070247246,1353.8540596419418,2026-07-12
10.5,225.0,0.26834547854830365,1140.7245588975688,1539.824774435765,2026-07-12
10.75,240.0,0.26834547854830365,1195.282574533554,1636.983425466446,2026-07-12
11.0,255.0,0.26834547854830365,1248.753250639957,1623.8627493600434,2026-07-12
11.25,270.0,0.26834547854830365,1299.3873060038934,1292.7993606627736,2026-07-12
11.5,285.0,0.26834547854830365,1341.035032421613,1309.9049675783874,2026-07-12
11.75,300.0,0.26834547854830365,1371.2897065015975,1234.9096268317355,2026-07-12
12.0,315.0,0.26834547854830365,1394.220630038853,1508.69670329448,2026-07-12
12.25,330.0,0.26834547854830365,1408.0542101559834,1008.5491231773497,2026-07-12
12.5,345.0,0.26834547854830365,1417.5598703922317,591.383462941101,2026-07-12
12.75,360.0,0.26834547854830365,1418.0363147002138,1508.07101863312,2026-07-12
13.0,375.0,0.26834547854830365,1416.264891795004,1533.345774871663,2026-07-12
13.25,390.0,0.26834547854830365,1413.522578539933,2350.482088126735,2026-07-12
13.5,405.0,0.26834547854830365,1402.8789525866746,1384.9917140799917,2026-07-12
13.75,420.0,0.26834547854830365,1375.4614514727575,1669.5885485272427,2026-07-12
14.0,435.0,0.26834547854830365,1341.5988416365644,653.5958250301019,2026-07-12
14.25,450.0,0.26834547854830365,1307.4228508775216,1623.2491491224785,2026-07-12
14.5,465.0,0.26834547854830365,1270.5549341515805,1699.0217325150863,2026-07-12
14.75,480.0,0.26834547854830365,1223.734837858347,1310.636495474986,2026-07-12
15.0,495.0,0.26834547854830365,1172.6021590975863,1156.157174235747,2026-07-12
15.25,510.0,0.26834547854830365,1116.1568649644064,1034.1758017022603,2026-07-12
15.5,525.0,0.26834547854830365,1054.641301766792,526.2146982332083,2026-07-12
15.75,540.0,0.26834547854830365,985.3271579722278,1181.1761753611058,2026-07-12
16.0,555.0,0.26834547854830365,916.2097646466452,1170.5569020200217,2026-07-12
16.25,570.0,0.26834547854830365,846.9548076139054,1256.674525719428,2026-07-12
16.5,585.0,0.26834547854830365,772.6718825427713,597.388784123895,2026-07-12
16.75,600.0,0.26834547854830365,689.8125626536565,376.98477067967667,2026-07-12
17.0,615.0,0.26834547854830365,606.6300766992151,426.1379233007847,2026-07-12
17.25,630.0,0.26834547854830365,524.0235732463692,432.7024267536308,2026-07-12
17.5,645.0,0.26834547854830365,439.515855863448,374.1441441365521,2026-07-12
17.75,660.0,0.26834547854830365,339.16730651852635,234.02669348147361,2026-07-12
18.0,675.0,0.26834547854830365,244.83428858575957,133.3543780809071,2026-07-12
18.25,690.0,0.26834547854830365,160.49312786862333,70.4415387980433,2026-07-12
18.5,705.0,0.26834547854830365,90.6312973599746,67.86403597335872,2026-07-12
18.75,720.0,0.26834547854830365,43.45185322103367,64.45314677896633,2026-07-12
19.0,735.0,0.26834547854830365,9.74087101326582,29.92162898673418,2026-07-12
8.5,15.0,0.5388110412989029,839.1626995715822,367.31263376175116,2026-07-12
8.75,30.0,0.5388110412989029,959.6659695386096,410.7233637947237,2026-07-12
9.0,45.0,0.5388110412989029,1076.571973116573,616.4633602167603,2026-07-12
9.25,60.0,0.5388110412989029,1190.027362264259,506.57530440240794,2026-07-12
9.5,75.0,0.5388110412989029,1297.337748481047,497.77691818561925,2026-07-12
9.75,90.0,0.5388110412989029,1400.8248304708743,415.17450286245935,2026-07-12
10.0,105.0,0.5388110412989029,1501.2398227989215,-107.18382279892103,2026-07-12
10.25,120.0,0.5388110412989029,1599.827387079159,831.6692795875074,2026-07-12
10.5,135.0,0.5388110412989029,1690.838582631332,989.7107507020019,2026-07-12
10.75,150.0,0.5388110412989029,1770.235869219781,1062.030130780219,2026-07-12
11.0,165.0,0.5388110412989029,1843.7171663938072,1028.8988336061932,2026-07-12
11.25,180.0,0.5388110412989029,1911.6287507041636,680.5579159625033,2026-07-12
11.5,195.0,0.5388110412989029,1964.61343296822,686.3265670317805,2026-07-12
11.75,210.0,0.5388110412989029,2005.984672277304,600.214661056029,2026-07-12
12.0,225.0,0.5388110412989029,2036.1892588431947,866.7280744901382,2026-07-12
12.25,240.0,0.5388110412989029,2059.9905079397577,356.61282539357535,2026-07-12
12.5,255.0,0.5388110412989029,2070.6184290876417,-61.67509575430904,2026-07-12
12.75,270.0,0.5388110412989029,2070.8899207699856,855.2174125633483,2026-07-12
13.0,285.0,0.5388110412989029,2063.8722767388103,885.7383899278566,2026-07-12
13.25,300.0,0.5388110412989029,2052.4025713265182,1711.6020953401498,2026-07-12
13.5,315.0,0.5388110412989029,2030.4027621126045,757.4679045540618,2026-07-12
13.75,330.0,0.5388110412989029,1993.2919599653071,1051.758040034693,2026-07-12
14.0,345.0,0.5388110412989029,1950.6433599508057,44.55130671586062,2026-07-12
14.25,360.0,0.5388110412989029,1901.331989732399,1029.340010267601,2026-07-12
14.5,375.0,0.5388110412989029,1843.708280698356,1125.8683859683108,2026-07-12
14.75,390.0,0.5388110412989029,1774.4843446433283,759.8869886900047,2026-07-12
15.0,405.0,0.5388110412989029,1695.8955965682571,632.8637367650763,2026-07-12
15.25,420.0,0.5388110412989029,1610.8707544466697,539.461912219997,2026-07-12
15.5,435.0,0.5388110412989029,1517.0039379247462,63.852062075254025,2026-07-12
15.75,450.0,0.5388110412989029,1413.6517022347175,752.851631098616,2026-07-12
16.0,465.0,0.5388110412989029,1307.1378933567248,779.6287733099421,2026-07-12
16.25,480.0,0.5388110412989029,1199.189557523223,904.4397758101104,2026-07-12
16.5,495.0,0.5388110412989029,1086.3212768070666,283.73938985959967,2026-07-12
16.75,510.0,0.5388110412989029,963.8511412531982,102.946192080135,2026-07-12
17.0,525.0,0.5388110412989029,840.8847458096906,191.88325419030923,2026-07-12
17.25,540.0,0.5388110412989029,719.5330002550273,237.19299974497267,2026-07-12
17.5,555.0,0.5388110412989029,597.4663969031877,216.19360309681235,2026-07-12
17.75,570.0,0.5388110412989029,460.84566529998034,112.34833470001962,2026-07-12
18.0,585.0,0.5388110412989029,332.29863288356006,45.89003378310662,2026-07-12
18.25,600.0,0.5388110412989029,218.04349877553827,12.891167891128362,2026-07-12
18.5,615.0,0.5388110412989029,123.05973788869422,35.435595444639105,2026-07-12
18.75,630.0,0.5388110412989029,58.97867618299935,48.92632381700065,2026-07-12
19.0,645.0,0.5388110412989029,13.536511076890363,26.125988923109638,2026-07-12
10.0,15.0,0.6914682141236378,1735.5399301380414,-341.48393013804093,2026-07-12
10.25,30.0,0.6914682141236378,1853.2646134900483,578.2320531766181,2026-07-12
10.5,45.0,0.6914682141236378,1961.3724460609792,719.1768872723546,2026-07-12
10.75,60.0,0.6914682141236378,2058.569328701293,773.6966712987069,2026-07-12
11.0,75.0,0.6914682141236378,2146.702183784861,725.9138162151394,2026-07-12
11.25,90.0,0.6914682141236378,2227.7503085822955,364.4363580843715,2026-07-12
11.5,105.0,0.6914682141236378,2294.3217108686517,356.6182891313488,2026-07-12
11.75,120.0,0.6914682141236378,2344.8181275236343,261.3812058096987,2026-07-12
12.0,135.0,0.6914682141236378,2377.845109431931,525.0722239014017,2026-07-12
12.25,150.0,0.6914682141236378,2395.307606395188,21.29572693814498,2026-07-12
12.5,165.0,0.6914682141236378,2401.255225435517,-392.3118921021842,2026-07-12
12.75,180.0,0.6914682141236378,2401.224146264293,524.883187069041,2026-07-12
13.0,195.0,0.6914682141236378,2391.902570402767,557.7080962638997,2026-07-12
13.25,210.0,0.6914682141236378,2374.958568423556,1389.0460982431123,2026-07-12
13.5,225.0,0.6914682141236378,2347.787342471992,440.08332419467433,2026-07-12
13.75,240.0,0.6914682141236378,2304.86457497642,740.1854250235801,2026-07-12
14.0,255.0,0.6914682141236378,2252.679159261957,-257.4844925952907,2026-07-12
14.25,270.0,0.6914682141236378,2195.809081336489,734.8629186635112,2026-07-12
14.5,285.0,0.6914682141236378,2128.78168316544,840.7949835012269,2026-07-12
14.75,300.0,0.6914682141236378,2046.2562534695603,488.11507986377273,2026-07-12
15.0,315.0,0.6914682141236378,1952.916511706875,375.8428216264583,2026-07-12
15.25,330.0,0.6914682141236378,1851.571522743972,298.7611439226946,2026-07-12
15.5,345.0,0.6914682141236378,1740.1994222596304,-159.3434222596302,2026-07-12
15.75,360.0,0.6914682141236378,1618.2454466572062,548.2578866761273,2026-07-12
16.0,375.0,0.6914682141236378,1495.8991576422256,590.8675090244412,2026-07-12
16.25,390.0,0.6914682141236378,1372.0097934877058,731.6195398456275,2026-07-12
16.5,405.0,0.6914682141236378,1241.3497531675876,128.71091349907874,2026-07-12
16.75,420.0,0.6914682141236378,1101.356619133392,-34.55928580005889,2026-07-12
17.0,435.0,0.6914682141236378,959.6698462562427,73.09815374375705,2026-07-12
17.25,450.0,0.6914682141236378,819.6431449774069,137.0828550225931,2026-07-12
17.5,465.0,0.6914682141236378,679.3105899673134,134.3494100326867,2026-07-12
17.75,480.0,0.6914682141236378,524.7708841847807,48.42311581521926,2026-07-12
18.0,495.0,0.6914682141236378,378.5912953516756,-0.4026286850089491,2026-07-12
18.25,510.0,0.6914682141236378,248.00710996178805,-17.072443295121417,2026-07-12
18.5,525.0,0.6914682141236378,139.83405862802428,18.66127470530904,2026-07-12
18.75,540.0,0.6914682141236378,67.0202285746144,40.884771425385594,2026-07-12
19.0,555.0,0.6914682141236378,15.50366208902998,24.15883791097002,2026-07-12
11.5,15.0,0.7916819314980428,2550.3234489052747,100.61655109472576,2026-07-12
11.75,30.0,0.7916819314980428,2596.5938168356724,9.605516497660574,2026-07-12
12.0,45.0,0.7916819314980428,2625.539685358111,277.37764797522186,2026-07-12
12.25,60.0,0.7916819314980428,2639.8575450216954,-223.25421168836237,2026-07-12
12.5,75.0,0.7916819314980428,2644.6002794334904,-635.6569461001577,2026-07-12
12.75,90.0,0.7916819314980428,2640.898016257144,285.20931707619,2026-07-12
13.0,105.0,0.7916819314980428,2626.497377402838,323.11328926382885,2026-07-12
13.25,120.0,0.7916819314980428,2602.974630474332,1161.030036192336,2026-07-12
13.5,135.0,0.7916819314980428,2569.509702352091,218.36096431457509,2026-07-12
13.75,150.0,0.7916819314980428,2520.923225647253,524.1267743527474,2026-07-12
14.0,165.0,0.7916819314980428,2462.362008083148,-467.1673414164816,2026-07-12
14.25,180.0,0.7916819314980428,2396.7228739685784,533.9491260314217,2026-07-12
14.5,195.0,0.7916819314980428,2321.935117725231,647.6415489414358,2026-07-12
14.75,210.0,0.7916819314980428,2231.246846338113,303.1244869952202,2026-07-12
15.0,225.0,0.7916819314980428,2129.155265269909,199.60406806342462,2026-07-12
15.25,240.0,0.7916819314980428,2017.9173234581117,132.415343208555,2026-07-12
15.5,255.0,0.7916819314980428,1896.2189517610443,-315.3629517610441,2026-07-12
15.75,270.0,0.7916819314980428,1763.6811993430024,402.82213399033117,2026-07-12
16.0,285.0,0.7916819314980428,1630.311012471714,456.4556541949528,2026-07-12
16.25,300.0,0.7916819314980428,1495.629065859663,608.0002674736704,2026-07-12
16.5,315.0,0.7916819314980428,1352.9954556183432,17.065211048323135,2026-07-12
16.75,330.0,0.7916819314980428,1200.6299604422966,-133.83262710896338,2026-07-12
17.0,345.0,0.7916819314980428,1047.640754647627,-14.87275464762729,2026-07-12
17.25,360.0,0.7916819314980428,894.4477101969753,62.27828980302468,2026-07-12
17.5,375.0,0.7916819314980428,740.1107162151465,73.54928378485363,2026-07-12
17.75,390.0,0.7916819314980428,571.2191216627915,1.9748783372084517,2026-07-12
18.0,405.0,0.7916819314980428,411.8228129173028,-33.63414625063615,2026-07-12
18.25,420.0,0.7916819314980428,269.43739451695546,-38.502727850288835,2026-07-12
18.5,435.0,0.7916819314980428,151.85574383105492,6.6395895022783975,2026-07-12
18.75,450.0,0.7916819314980428,72.74123139872985,35.16376860127015,2026-07-12
19.0,465.0,0.7916819314980428,16.904688708964454,22.757811291035548,2026-07-12
13.0,15.0,0.664249235839779,2308.3456360511213,641.2650306155456,2026-07-12
13.25,30.0,0.664249235839779,2297.801822434937,1466.202844231731,2026-07-12
13.5,45.0,0.664249235839779,2273.3603970192007,514.5102696474655,2026-07-12
13.75,60.0,0.664249235839779,2237.533148716014,807.5168512839864,2026-07-12
14.0,75.0,0.664249235839779,2191.1509253957583,-195.95625872909204,2026-07-12
14.25,90.0,0.664249235839779,2140.719180531644,789.9528194683562,2026-07-12
14.5,105.0,0.664249235839779,2081.768596779913,887.8080698867539,2026-07-12
14.75,120.0,0.664249235839779,2008.848738980092,525.522594353241,2026-07-12
15.0,135.0,0.664249235839779,1924.317349168915,404.4419841644185,2026-07-12
15.25,150.0,0.664249235839779,1832.026754239782,318.3059124268848,2026-07-12
15.5,165.0,0.664249235839779,1731.6957999744757,-150.83979997447545,2026-07-12
15.75,180.0,0.664249235839779,1613.7181038620918,552.7852294712418,2026-07-12
16.0,195.0,0.664249235839779,1493.4263920827789,593.340274583888,2026-07-12
16.25,210.0,0.664249235839779,1371.1479644338438,732.4813688994896,2026-07-12
16.5,225.0,0.664249235839779,1240.540830115665,129.5198365510014,2026-07-12
16.75,240.0,0.664249235839779,1094.7141118075135,-27.91677847418032,2026-07-12
17.0,255.0,0.664249235839779,948.9264666736666,83.8415333263332,2026-07-12
17.25,270.0,0.664249235839779,805.1074376351838,151.61856236481617,2026-07-12
17.5,285.0,0.664249235839779,662.4173868677176,151.2426131322825,2026-07-12
17.75,300.0,0.664249235839779,511.1872317544179,62.006768245582066,2026-07-12
18.0,315.0,0.664249235839779,369.1682860887017,9.020380577965,2026-07-12
18.25,330.0,0.664249235839779,242.28301948381204,-11.348352817145411,2026-07-12
18.5,345.0,0.664249235839779,137.0635652373943,21.43176809593902,2026-07-12
18.75,360.0,0.664249235839779,65.82178930661328,42.08321069338672,2026-07-12
19.0,375.0,0.664249235839779,15.25764209287972,24.40485790712028,2026-07-12
14.5,15.0,0.7489744641758576,2266.853552656097,702.72311401057,2026-07-12
14.75,30.0,0.7489744641758576,2173.5368601590926,360.83447317424043,2026-07-12
15.0,45.0,0.7489744641758576,2073.799581617816,254.95975171551754,2026-07-12
15.25,60.0,0.7489744641758576,1971.5389964639849,178.79367020268182,2026-07-12
15.5,75.0,0.7489744641758576,1859.90893997411,-279.0529399741097,2026-07-12
15.75,90.0,0.7489744641758576,1732.7861872024778,433.7171461308558,2026-07-12
16.0,105.0,0.7489744641758576,1603.1457591863568,483.62090748031005,2026-07-12
16.25,120.0,0.7489744641758576,1471.433980119246,632.1953532140874,2026-07-12
16.5,135.0,0.7489744641758576,1331.1093278393837,38.9513388272826,2026-07-12
16.75,150.0,0.7489744641758576,1175.6356432143637,-108.83830988103045,2026-07-12
17.0,165.0,0.7489744641758576,1019.5749895274656,13.193010472534183,2026-07-12
17.25,180.0,0.7489744641758576,864.8220167567102,91.90398324328976,2026-07-12
17.5,195.0,0.7489744641758576,710.9498530741533,102.71014692584674,2026-07-12
17.75,210.0,0.7489744641758576,548.8428563313429,24.351143668657073,2026-07-12
18.0,225.0,0.7489744641758576,396.45870379133726,-18.27003712467058,2026-07-12
18.25,240.0,0.7489744641758576,260.2841886476504,-29.34952198098378,2026-07-12
18.5,255.0,0.7489744641758576,147.08373788870156,11.411595444631757,2026-07-12
18.75,270.0,0.7489744641758576,70.58673911956669,37.318260880433314,2026-07-12
19.0,285.0,0.7489744641758576,16.4005676420034,23.261932357996603,2026-07-12
16.0,15.0,0.7189998725739597,1581.6574217862935,505.10924488037335,2026-07-12
16.25,30.0,0.7189998725739597,1447.1771202569985,656.4522130763348,2026-07-12
16.5,45.0,0.7189998725739597,1306.633296455155,63.42737021151129,2026-07-12
16.75,60.0,0.7189998725739597,1153.2775255662036,-86.48019223287042,2026-07-12
17.0,75.0,0.7189998725739597,1000.2084922429846,32.55950775701524,2026-07-12
17.25,90.0,0.7189998725739597,848.0192368983363,108.70676310166368,2026-07-12
17.5,105.0,0.7189998725739597,696.8352332234659,116.82476677653415,2026-07-12
17.75,120.0,0.7189998725739597,537.7574829786856,35.43651702131433,2026-07-12
18.0,135.0,0.7189998725739597,388.22751563797823,-10.038848971311552,2026-07-12
18.25,150.0,0.7189998725739597,254.49372835349985,-23.559061686833218,2026-07-12
18.5,165.0,0.7189998725739597,143.78645539445566,14.708877938877663,2026-07-12
18.75,180.0,0.7189998725739597,69.02913412139729,38.87586587860271,2026-07-12
19.0,195.0,0.7189998725739597,16.013728495435434,23.648771504564568,2026-07-12
7.0,15.0,1.2,373.41555377679646,72.4591128898702,2026-07-13
7.25,30.0,1.2,538.7076212868942,28.863045379772416,2026-07-13
7.5,45.0,1.2,719.9188710036435,20.486462329689857,2026-07-13
7.75,60.0,1.2,919.4000256872076,-121.5133590205412,2026-07-13
8.0,75.0,1.2,1125.573947491022,-139.81861415768878,2026-07-13
8.25,90.0,1.2,1338.0992359891738,-115.17390265584027,2026-07-13
8.5,105.0,1.2,1547.4691881095544,-282.2231881095547,2026-07-13
8.75,120.0,1.2,1756.8973580791314,-285.5986914124651,2026-07-13
9.0,135.0,1.2,1960.8441636495693,-843.1434969829024,2026-07-13
9.25,150.0,1.2,2165.686689955137,-848.8593566218035,2026-07-13
9.5,165.0,1.2,2362.9693325105386,-578.9246658438722,2026-07-13
9.75,180.0,1.2,2553.1785894209934,-576.4539227543266,2026-07-13
10.0,195.0,1.2,2729.6217414495745,-418.4804081162415,2026-07-13
10.25,210.0,1.2,2898.9677947180694,-929.0497947180695,2026-07-13
10.5,225.0,1.2,3057.688799227558,-722.9994658942242,2026-07-13
10.75,240.0,1.2,3193.2527508713,-698.5600842046333,2026-07-13
11.0,255.0,1.2,3309.567570692782,-566.2835706927817,2026-07-13
11.25,270.0,1.2,3417.3591602267784,-1009.2444935601116,2026-07-13
11.5,285.0,1.2,3506.374646820504,-855.5826468205046,2026-07-13
11.75,300.0,1.2,3570.797007647818,-737.7790076478177,2026-07-13
12.0,315.0,1.2,3627.254076920336,-874.1027435870024,2026-07-13
12.25,330.0,1.2,3690.814271159993,-837.6022711599935,2026-07-13
12.5,345.0,1.2,3734.168222423343,-1397.48088909001,2026-07-13
12.75,360.0,1.2,3741.831452009054,-442.94611867572075,2026-07-13
13.0,375.0,1.2,3722.382024831394,-1470.1526914980604,2026-07-13
13.25,390.0,1.2,3689.479423226387,-787.1314232263871,2026-07-13
13.5,405.0,1.2,3639.805218119739,-1668.9278847864055,2026-07-13
13.75,420.0,1.2,3571.90628425051,-321.3562842505098,2026-07-13
14.0,435.0,1.2,3488.913594997745,-184.45826166441157,2026-07-13
14.25,450.0,1.2,3397.0593853600026,-280.8120520266698,2026-07-13
14.5,465.0,1.2,3285.4050258004845,-983.5278829433414,2026-07-13
14.75,480.0,1.2,3149.2599070131814,-735.0305736798477,2026-07-13
15.0,495.0,1.2,3001.4270931576834,-556.9617598243503,2026-07-13
15.25,510.0,1.2,2853.654807769237,-280.56026231469104,2026-07-13
15.5,525.0,1.2,2692.506690700709,-593.073690700709,2026-07-13
15.75,540.0,1.2,2508.004452265895,-348.2877855992283,2026-07-13
16.0,555.0,1.2,2308.7467305115106,-528.9387305115104,2026-07-13
16.25,570.0,1.2,2105.9484648400776,-675.0864648400775,2026-07-13
16.5,585.0,1.2,1900.8338112734448,-448.929811273445,2026-07-13
16.75,600.0,1.2,1680.2736857585344,-271.6745190918675,2026-07-13
17.0,615.0,1.2,1441.0028947911064,-262.0712281244398,2026-07-13
17.25,630.0,1.2,1204.3035915701057,-228.23425823677246,2026-07-13
17.5,645.0,1.2,970.6777525537368,-216.54908588707008,2026-07-13
17.75,660.0,1.2,747.2338196376486,-136.27781963764858,2026-07-13
18.0,675.0,1.2,540.3721595982684,-71.88082626493497,2026-07-13
18.25,690.0,1.2,357.1046950121408,-29.27336167880742,2026-07-13
18.5,705.0,1.2,202.64104951068407,19.41761715598261,2026-07-13
18.75,720.0,1.2,96.63582764481252,34.808172355187494,2026-07-13
19.0,735.0,1.2,22.231013483685928,17.674319849647404,2026-07-13
8.5,15.0,0.7883259694126578,1161.7803505252657,103.46564947473394,2026-07-13
8.75,30.0,0.7883259694126578,1321.2024240188855,150.09624264778085,2026-07-13
9.0,45.0,0.7883259694126578,1474.3855402648935,-356.68487359822666,2026-07-13
9.25,60.0,0.7883259694126578,1627.9149695144497,-311.0876361811163,2026-07-13
9.5,75.0,0.7883259694126578,1777.6058095998644,6.438857066802029,2026-07-13
9.75,90.0,0.7883259694126578,1920.4727347016135,56.251931965053245,2026-07-13
10.0,105.0,0.7883259694126578,2052.3362362176304,258.80509711570267,2026-07-13
10.25,120.0,0.7883259694126578,2182.919711343804,-213.00171134380412,2026-07-13
10.5,135.0,0.7883259694126578,2303.438261895264,31.25107143806963,2026-07-13
10.75,150.0,0.7883259694126578,2407.630311418657,87.06235524800968,2026-07-13
11.0,165.0,0.7883259694126578,2498.678213429976,244.60578657002407,2026-07-13
11.25,180.0,0.7883259694126578,2583.8188424421032,-175.7041757754364,2026-07-13
11.5,195.0,0.7883259694126578,2656.3281375350894,-5.5361375350898925,2026-07-13
11.75,210.0,0.7883259694126578,2712.595033078707,120.42296692129366,2026-07-13
12.0,225.0,0.7883259694126578,2755.8055879616923,-2.654254628358558,2026-07-13
12.25,240.0,0.7883259694126578,2800.7643912468448,52.44760875315478,2026-07-13
12.5,255.0,0.7883259694126578,2836.1398173835328,-499.4524840501995,2026-07-13
12.75,270.0,0.7883259694126578,2842.990588031053,455.89474530228017,2026-07-13
13.0,285.0,0.7883259694126578,2826.441614892683,-574.2122815593493,2026-07-13
13.25,300.0,0.7883259694126578,2804.475620608933,97.87237939106717,2026-07-13
13.5,315.0,0.7883259694126578,2770.548111446932,-799.6707781135985,2026-07-13
13.75,330.0,0.7883259694126578,2726.802507882462,523.7474921175381,2026-07-13
14.0,345.0,0.7883259694126578,2674.4516201214647,630.0037132118687,2026-07-13
14.25,360.0,0.7883259694126578,2611.543989977943,504.70334335538973,2026-07-13
14.5,375.0,0.7883259694126578,2532.9588353624854,-231.0816925053423,2026-07-13
14.75,390.0,0.7883259694126578,2435.4900602609164,-21.26072692758271,2026-07-13
15.0,405.0,0.7883259694126578,2324.4165800242627,120.04875330907043,2026-07-13
15.25,420.0,0.7883259694126578,2211.240365382654,361.85418007189173,2026-07-13
15.5,435.0,0.7883259694126578,2090.906344730599,8.52665526940109,2026-07-13
15.75,450.0,0.7883259694126578,1948.709155834889,211.0075108317776,2026-07-13
16.0,465.0,0.7883259694126578,1796.2459649395228,-16.437964939522544,2026-07-13
16.25,480.0,0.7883259694126578,1644.1141716330212,-213.25217163302113,2026-07-13
16.5,495.0,0.7883259694126578,1487.0738698897555,-35.16986988975577,2026-07-13
16.75,510.0,0.7883259694126578,1317.459956779468,91.13920988719883,2026-07-13
17.0,525.0,0.7883259694126578,1130.5337959708902,48.39787069577642,2026-07-13
17.25,540.0,0.7883259694126578,945.1561560912712,30.913177242062034,2026-07-13
17.5,555.0,0.7883259694126578,761.8591624379677,-7.73049577130098,2026-07-13
17.75,570.0,0.7883259694126578,587.2710638009246,23.684936199075423,2026-07-13
18.0,585.0,0.7883259694126578,424.545515885004,43.945817448329365,2026-07-13
18.25,600.0,0.7883259694126578,280.16890770203275,47.66242563130061,2026-07-13
18.5,615.0,0.7883259694126578,158.96971165043317,63.08895501623351,2026-07-13
18.75,630.0,0.7883259694126578,75.69414299597481,55.7498570040252,2026-07-13
19.0,645.0,0.7883259694126578,17.163610949287065,22.741722384046266,2026-07-13
10.0,15.0,0.6291541766452423,1793.1187051420432,518.0226281912899,2026-07-13
10.25,30.0,0.6291541766452423,1911.3101809283428,58.607819071657104,2026-07-13
10.5,45.0,0.6291541766452423,2022.0333226672624,312.6560106660713,2026-07-13
10.75,60.0,0.6291541766452423,2118.8664712978234,375.8261953688434,2026-07-13
11.0,75.0,0.6291541766452423,2203.15154449844,540.1324555015599,2026-07-13
11.25,90.0,0.6291541766452423,2281.486828502842,126.62783816382489,2026-07-13
11.5,105.0,0.6291541766452423,2344.960049570795,305.8319504292044,2026-07-13
11.75,120.0,0.6291541766452423,2393.521394709866,439.49660529013454,2026-07-13
12.0,135.0,0.6291541766452423,2435.823702086331,317.3276312470025,2026-07-13
12.25,150.0,0.6291541766452423,2481.0841472827005,372.127852717299,2026-07-13
12.5,165.0,0.6291541766452423,2512.465767521124,-175.77843418779048,2026-07-13
12.75,180.0,0.6291541766452423,2518.0038498074173,780.8814835259159,2026-07-13
13.0,195.0,0.6291541766452423,2502.6842986100096,-250.45496527667592,2026-07-13
13.25,210.0,0.6291541766452423,2481.946119777436,420.40188022256416,2026-07-13
13.5,225.0,0.6291541766452423,2451.8005680271767,-480.92323469384314,2026-07-13
13.75,240.0,0.6291541766452423,2412.994956030296,837.555043969704,2026-07-13
14.0,255.0,0.6291541766452423,2367.28396071732,937.1713726160133,2026-07-13
14.25,270.0,0.6291541766452423,2314.9836688962764,801.2636644370564,2026-07-13
14.5,285.0,0.6291541766452423,2245.0968266965506,56.78031616059252,2026-07-13
14.75,300.0,0.6291541766452423,2153.782547504617,260.44678582871666,2026-07-13
15.0,315.0,0.6291541766452423,2054.8240143507983,389.6413189825348,2026-07-13
15.25,330.0,0.6291541766452423,1960.1448320858656,612.9497133686802,2026-07-13
15.5,345.0,0.6291541766452423,1857.814520701496,241.6184792985041,2026-07-13
15.75,360.0,0.6291541766452423,1733.9183447658302,425.7983219008365,2026-07-13
16.0,375.0,0.6291541766452423,1603.5884490746687,176.21955092533153,2026-07-13
16.25,390.0,0.6291541766452423,1473.8919315618564,-43.0299315618563,2026-07-13
16.5,405.0,0.6291541766452423,1337.872935826102,114.03106417389768,2026-07-13
16.75,420.0,0.6291541766452423,1187.4636267763744,221.13553989029242,2026-07-13
17.0,435.0,0.6291541766452423,1019.9181016404514,159.01356502621525,2026-07-13
17.25,450.0,0.6291541766452423,853.1518511048047,122.91748222852857,2026-07-13
17.5,465.0,0.6291541766452423,687.5586186137039,66.57004805296287,2026-07-13
17.75,480.0,0.6291541766452423,529.2972994895292,81.6587005104708,2026-07-13
18.0,495.0,0.6291541766452423,382.58549866309016,85.90583467024322,2026-07-13
18.25,510.0,0.6291541766452423,252.54297700705203,75.28835632628133,2026-07-13
18.5,525.0,0.6291541766452423,143.05788693281656,79.00077973385012,2026-07-13
18.75,540.0,0.6291541766452423,68.06543843303109,63.378561566968926,2026-07-13
19.0,555.0,0.6291541766452423,15.326243807695542,24.57908952563779,2026-07-13
11.5,15.0,0.7248825333696233,2482.6974229710727,168.09457702892678,2026-07-13
11.75,30.0,0.7248825333696233,2533.996484596136,299.02151540386467,2026-07-13
12.0,45.0,0.7248825333696233,2580.394823902123,172.75650943121082,2026-07-13
12.25,60.0,0.7248825333696233,2643.664700541497,209.5472994585025,2026-07-13
12.5,75.0,0.7248825333696233,2682.160125568704,-345.4727922353709,2026-07-13
12.75,90.0,0.7248825333696233,2700.344317867611,598.541015465722,2026-07-13
13.0,105.0,0.7248825333696233,2688.2948284788044,-436.0654951454708,2026-07-13
13.25,120.0,0.7248825333696233,2665.7615761429165,236.58642385708345,2026-07-13
13.5,135.0,0.7248825333696233,2632.608625789143,-661.7312924558094,2026-07-13
13.75,150.0,0.7248825333696233,2588.372821348999,662.1771786510012,2026-07-13
14.0,165.0,0.7248825333696233,2536.035123968819,768.4202093645144,2026-07-13
14.25,180.0,0.7248825333696233,2475.179388372405,641.0679449609279,2026-07-13
14.5,195.0,0.7248825333696233,2394.508312929531,-92.6311700723877,2026-07-13
14.75,210.0,0.7248825333696233,2294.1611040265766,120.06822930675708,2026-07-13
15.0,225.0,0.7248825333696233,2184.945248467283,259.5200848660502,2026-07-13
15.25,240.0,0.7248825333696233,2080.6632644625515,492.4312809919943,2026-07-13
15.5,255.0,0.7248825333696233,1973.6647344365488,125.76826556345122,2026-07-13
15.75,270.0,0.7248825333696233,1843.178736372609,316.5379302940578,2026-07-13
16.0,285.0,0.7248825333696233,1696.956871590215,82.85112840978513,2026-07-13
16.25,300.0,0.7248825333696233,1551.2801306611786,-120.41813066117857,2026-07-13
16.5,315.0,0.7248825333696233,1406.533776889659,45.3702231103407,2026-07-13
16.75,330.0,0.7248825333696233,1249.3934055522866,159.20576111438027,2026-07-13
17.0,345.0,0.7248825333696233,1072.477404963223,106.45426170344354,2026-07-13
17.25,360.0,0.7248825333696233,894.4236992683408,81.64563406499246,2026-07-13
17.5,375.0,0.7248825333696233,718.6641729170346,35.464493749632084,2026-07-13
17.75,390.0,0.7248825333696233,552.1523879536841,58.80361204631595,2026-07-13
18.0,405.0,0.7248825333696233,398.8138714596786,69.6774618736548,2026-07-13
18.25,420.0,0.7248825333696233,265.8540241688306,61.97730916450274,2026-07-13
18.5,435.0,0.7248825333696233,151.4347901470712,70.62387651959548,2026-07-13
18.75,450.0,0.7248825333696233,71.82912415662669,59.614875843373326,2026-07-13
19.0,465.0,0.7248825333696233,16.197440753793714,23.707892579539617,2026-07-13
13.0,15.0,0.7491728650092802,2784.723173376316,-532.4938400429824,2026-07-13
13.25,30.0,0.7491728650092802,2764.5643616550838,137.7836383449162,2026-07-13
13.5,45.0,0.7491728650092802,2736.021696510442,-765.1443631771083,2026-07-13
13.75,60.0,0.7491728650092802,2687.03158621957,563.5184137804304,2026-07-13
14.0,75.0,0.7491728650092802,2623.4387617071234,681.01657162621,2026-07-13
14.25,90.0,0.7491728650092802,2553.711311938356,562.5360213949766,2026-07-13
14.5,105.0,0.7491728650092802,2471.929223436957,-170.05208057981372,2026-07-13
14.75,120.0,0.7491728650092802,2369.48440687031,44.7449264630236,2026-07-13
15.0,135.0,0.7491728650092802,2252.972852924884,191.49248040844896,2026-07-13
15.25,150.0,0.7491728650092802,2130.7455899590104,442.3489554955354,2026-07-13
15.5,165.0,0.7491728650092802,2000.1290208773755,99.30397912262447,2026-07-13
15.75,180.0,0.7491728650092802,1858.902598386536,300.81406828013064,2026-07-13
16.0,195.0,0.7491728650092802,1709.040460115271,70.76753988472933,2026-07-13
16.25,210.0,0.7491728650092802,1556.6520436725232,-125.7900436725231,2026-07-13
16.5,225.0,0.7491728650092802,1398.7936309009767,53.110369099023046,2026-07-13
16.75,240.0,0.7491728650092802,1237.4739250320374,171.12524163462945,2026-07-13
17.0,255.0,0.7491728650092802,1073.916911517889,105.01475514877757,2026-07-13
17.25,270.0,0.7491728650092802,907.4299798130284,68.6393535203049,2026-07-13
17.5,285.0,0.7491728650092802,731.1545185709651,22.974148095701594,2026-07-13
17.75,300.0,0.7491728650092802,563.873209180576,47.08279081942396,2026-07-13
18.0,315.0,0.7491728650092802,407.3830080792378,61.108325254095575,2026-07-13
18.25,330.0,0.7491728650092802,268.22402208129427,59.607311252039096,2026-07-13
18.5,345.0,0.7491728650092802,151.88956935694455,70.16909730972213,2026-07-13
18.75,360.0,0.7491728650092802,72.38885138531039,59.05514861468963,2026-07-13
19.0,375.0,0.7491728650092802,16.404214300578985,23.501119032754346,2026-07-13
14.5,15.0,0.8352694513289418,2652.360636515368,-350.4834936582247,2026-07-13
14.75,30.0,0.8352694513289418,2529.5225080905834,-115.29317475724974,2026-07-13
15.0,45.0,0.8352694513289418,2398.08568858885,46.3796447444829,2026-07-13
15.25,60.0,0.8352694513289418,2267.3251429015154,305.76940255303043,2026-07-13
15.5,75.0,0.8352694513289418,2130.154597595871,-30.721597595871117,2026-07-13
15.75,90.0,0.8352694513289418,1981.433796333656,178.2828703330108,2026-07-13
16.0,105.0,0.8352694513289418,1823.0920349793375,-43.28403497933732,2026-07-13
16.25,120.0,0.8352694513289418,1661.667426580441,-230.805426580441,2026-07-13
16.5,135.0,0.8352694513289418,1495.9081664835692,-44.004166483569406,2026-07-13
16.75,150.0,0.8352694513289418,1323.4277606699368,85.17140599673007,2026-07-13
17.0,165.0,0.8352694513289418,1148.268742039214,30.66292462745264,2026-07-13
17.25,180.0,0.8352694513289418,970.1930893802606,5.876243953072617,2026-07-13
17.5,195.0,0.8352694513289418,781.7927704690653,-27.664103802398586,2026-07-13
17.75,210.0,0.8352694513289418,602.0151654698917,8.940834530108305,2026-07-13
18.0,225.0,0.8352694513289418,434.9445288199971,33.54680451333627,2026-07-13
18.25,240.0,0.8352694513289418,286.94865268775425,40.882680645579114,2026-07-13
18.5,255.0,0.8352694513289418,162.55758906685017,59.50107759981651,2026-07-13
18.75,270.0,0.8352694513289418,77.41792758783896,54.02607241216106,2026-07-13
19.0,285.0,0.8352694513289418,17.58232960539783,22.3230037279355,2026-07-13
16.0,15.0,0.8263078799499134,1816.5868942639731,-36.778894263972916,2026-07-13
16.25,30.0,0.8263078799499134,1652.4793842430088,-221.6173842430087,2026-07-13
16.5,45.0,0.8263078799499134,1483.265966215167,-31.361966215167286,2026-07-13
16.75,60.0,0.8263078799499134,1311.309402071472,97.28976459519481,2026-07-13
17.0,75.0,0.8263078799499134,1137.4255451535778,41.50612151308883,2026-07-13
17.25,90.0,0.8263078799499134,960.7895708437796,15.279762489553605,2026-07-13
17.5,105.0,0.8263078799499134,774.6441231265215,-20.515456459854818,2026-07-13
17.75,120.0,0.8263078799499134,597.9135950202696,13.042404979730463,2026-07-13
18.0,135.0,0.8263078799499134,432.3837309320041,36.1076024013293,2026-07-13
18.25,150.0,0.8263078799499134,284.4300186474553,43.40131468587805,2026-07-13
18.5,165.0,0.8263078799499134,160.89545130321883,61.16321536344785,2026-07-13
18.75,180.0,0.8263078799499134,76.68391594534016,54.760084054659856,2026-07-13
19.0,195.0,0.8263078799499134,17.456883382838644,22.448449950494687,2026-07-13
7.0,15.0,1.2,374.0479025307935,83.08143080253978,2026-07-14
7.25,30.0,1.2,541.6520371265744,72.62129620675876,2026-07-14
7.5,45.0,1.2,725.7531080416372,41.803558625029495,2026-07-14
7.75,60.0,1.2,928.5513115088208,18.08802182451234,2026-07-14
8.0,75.0,1.2,1137.2402037576885,-50.46087042435511,2026-07-14
8.25,90.0,1.2,1350.7190677896858,-82.4250677896855,2026-07-14
8.5,105.0,1.2,1564.2961519041185,-42.714818570785155,2026-07-14
8.75,120.0,1.2,1780.9168856161668,-166.16955228283314,2026-07-14
9.0,135.0,1.2,1993.7855357213384,-355.9822023880049,2026-07-14
9.25,150.0,1.2,2201.2129675470683,-444.2129675470683,2026-07-14
9.5,165.0,1.2,2399.1497084620623,-272.80837512872904,2026-07-14
9.75,180.0,1.2,2585.1334122296776,-160.79007889634477,2026-07-14
10.0,195.0,1.2,2761.8211009981346,-660.5124343314683,2026-07-14
10.25,210.0,1.2,2931.2936193177097,1.4497140156236128,2026-07-14
10.5,225.0,1.2,3085.94316638953,-314.8571663895291,2026-07-14
10.75,240.0,1.2,3211.0522653944545,-107.23093206112117,2026-07-14
11.0,255.0,1.2,3320.2440896938037,-114.55342302713689,2026-07-14
11.25,270.0,1.2,3420.382013699703,-438.8306803663695,2026-07-14
11.5,285.0,1.2,3501.1021428018994,-706.7881428018995,2026-07-14
11.75,300.0,1.2,3551.836929124229,-305.7322624575618,2026-07-14
12.0,315.0,1.2,3591.053103701283,-138.39043703461675,2026-07-14
12.25,330.0,1.2,3614.307789695844,-867.117123029177,2026-07-14
12.5,345.0,1.2,3615.7397113995594,-1001.4557113995593,2026-07-14
12.75,360.0,1.2,3599.6090678312653,-1144.5797344979314,2026-07-14
13.0,375.0,1.2,3571.8958965805973,-656.4785632472644,2026-07-14
13.25,390.0,1.2,3536.1936165402294,-895.0936165402295,2026-07-14
13.5,405.0,1.2,3481.863878022221,-996.1312113555537,2026-07-14
13.75,420.0,1.2,3421.1135465477905,-918.0708798811238,2026-07-14
14.0,435.0,1.2,3342.817617673665,-384.558951006999,2026-07-14
14.25,450.0,1.2,3252.652246380905,-751.9589130475715,2026-07-14
14.5,465.0,1.2,3145.4793324782563,-245.27066581158988,2026-07-14
14.75,480.0,1.2,3026.063179170684,-785.9471791706842,2026-07-14
15.0,495.0,1.2,2895.5144812097387,-173.34381454307186,2026-07-14
15.25,510.0,1.2,2752.0274033017595,-476.8194033017594,2026-07-14
15.5,525.0,1.2,2594.385503512427,-618.7255035124267,2026-07-14
15.75,540.0,1.2,2416.606607256608,-697.884607256608,2026-07-14
16.0,555.0,1.2,2229.097318167874,-579.0546515012077,2026-07-14
16.25,570.0,1.2,2036.121490994832,-608.157490994832,2026-07-14
16.5,585.0,1.2,1835.9883275056184,-473.04832750561854,2026-07-14
16.75,600.0,1.2,1621.0741037557525,-646.0907704224193,2026-07-14
17.0,615.0,1.2,1402.465646648301,-287.6169799816346,2026-07-14
17.25,630.0,1.2,1186.4958647176834,-187.3311980510166,2026-07-14
17.5,645.0,1.2,973.172581390267,-294.1759147236005,2026-07-14
17.75,660.0,1.2,758.2115166020704,-242.13484993540385,2026-07-14
18.0,675.0,1.2,548.858565284889,-129.93656528488896,2026-07-14
18.25,690.0,1.2,361.23568185622,44.3326514771133,2026-07-14
18.5,705.0,1.2,203.94508633027164,84.94758033639505,2026-07-14
18.75,720.0,1.2,96.24868642210711,78.39006357789287,2026-07-14
19.0,735.0,1.2,21.744247403695866,59.27120714175868,2026-07-14
8.5,15.0,0.9246161302661593,1289.3129648899378,232.2683684433955,2026-07-14
8.75,30.0,0.9246161302661593,1473.5407590782002,141.20657425513355,2026-07-14
9.0,45.0,0.9246161302661593,1655.2856685750428,-17.48233524170928,2026-07-14
9.25,60.0,0.9246161302661593,1832.4789246098308,-75.47892460983076,2026-07-14
9.5,75.0,0.9246161302661593,1999.8371279067528,126.50420542658048,2026-07-14
9.75,90.0,0.9246161302661593,2155.2573757032897,269.08595763004314,2026-07-14
10.0,105.0,0.9246161302661593,2304.032743368622,-202.7240767019557,2026-07-14
10.25,120.0,0.9246161302661593,2447.5171390706364,485.22619426269694,2026-07-14
10.5,135.0,0.9246161302661593,2580.4963343778486,190.5896656221521,2026-07-14
10.75,150.0,0.9246161302661593,2681.982951178551,421.83838215478227,2026-07-14
11.0,165.0,0.9246161302661593,2773.1203029255776,432.5703637410893,2026-07-14
11.25,180.0,0.9246161302661593,2856.066129819123,125.4852035142103,2026-07-14
11.5,195.0,0.9246161302661593,2921.766450291661,-127.45245029166108,2026-07-14
11.75,210.0,0.9246161302661593,2963.991065131177,282.11360153549003,2026-07-14
12.0,225.0,0.9246161302661593,2995.698145829291,456.96452083737495,2026-07-14
12.25,240.0,0.9246161302661593,3018.70179901706,-271.5111323503929,2026-07-14
12.5,255.0,0.9246161302661593,3023.1851461537663,-408.90114615376615,2026-07-14
12.75,270.0,0.9246161302661593,3011.4802734909567,-556.4509401576229,2026-07-14
13.0,285.0,0.9246161302661593,2985.503165646845,-70.08583231351213,2026-07-14
13.25,300.0,0.9246161302661593,2954.1459540171536,-313.0459540171537,2026-07-14
13.5,315.0,0.9246161302661593,2908.1165279404845,-422.3838612738173,2026-07-14
13.75,330.0,0.9246161302661593,2855.175715606335,-352.13304893966824,2026-07-14
14.0,345.0,0.9246161302661593,2788.760457109097,169.49820955756923,2026-07-14
14.25,360.0,0.9246161302661593,2715.2148021990693,-214.52146886573564,2026-07-14
14.5,375.0,0.9246161302661593,2628.0964967566083,272.1121699100581,2026-07-14
14.75,390.0,0.9246161302661593,2533.459961541337,-293.3439615413372,2026-07-14
15.0,405.0,0.9246161302661593,2427.031647652577,295.1390190140901,2026-07-14
15.25,420.0,0.9246161302661593,2311.6949611574955,-36.48696115749544,2026-07-14
15.5,435.0,0.9246161302661593,2184.261086022647,-208.60108602264654,2026-07-14
15.75,450.0,0.9246161302661593,2036.7888627928176,-318.06686279281735,2026-07-14
16.0,465.0,0.9246161302661593,1881.4387793493536,-231.3961126826871,2026-07-14
16.25,480.0,0.9246161302661593,1722.0965069741471,-294.1325069741472,2026-07-14
16.5,495.0,0.9246161302661593,1557.4842863299318,-194.544286329932,2026-07-14
16.75,510.0,0.9246161302661593,1375.5481230705443,-400.5647897372111,2026-07-14
17.0,525.0,0.9246161302661593,1192.473312805827,-77.62464613916063,2026-07-14
17.25,540.0,0.9246161302661593,1012.1007322273656,-12.936065560698808,2026-07-14
17.5,555.0,0.9246161302661593,833.2455300165758,-154.24886334990924,2026-07-14
17.75,570.0,0.9246161302661593,650.8842032644969,-134.80753659783034,2026-07-14
18.0,585.0,0.9246161302661593,470.6737978303786,-51.751797830378564,2026-07-14
18.25,600.0,0.9246161302661593,309.82130215605133,95.747031177282,2026-07-14
18.5,615.0,0.9246161302661593,175.05390284472412,113.83876382194256,2026-07-14
18.75,630.0,0.9246161302661593,82.63894833605512,91.99980166394487,2026-07-14
19.0,645.0,0.9246161302661593,18.53077416555759,62.48468037989696,2026-07-14
10.0,15.0,0.8486950994256481,2173.7380972664864,-72.42943059982008,2026-07-14
10.25,30.0,0.8486950994256481,2309.5559954702862,623.1873378630471,2026-07-14
10.5,45.0,0.8486950994256481,2432.954948036964,338.1310519630365,2026-07-14
10.75,60.0,0.8486950994256481,2528.6488882200306,575.1724451133027,2026-07-14
11.0,75.0,0.8486950994256481,2615.535499210807,590.15516745586,2026-07-14
11.25,90.0,0.8486950994256481,2694.295086024277,287.2562473090561,2026-07-14
11.5,105.0,0.8486950994256481,2759.7034191420794,34.61058085792047,2026-07-14
11.75,120.0,0.8486950994256481,2800.72146026728,445.3832063993873,2026-07-14
12.0,135.0,0.8486950994256481,2834.3638521444923,618.2988145221739,2026-07-14
12.25,150.0,0.8486950994256481,2854.876628806929,-107.68596214026229,2026-07-14
12.5,165.0,0.8486950994256481,2856.5313143096937,-242.2473143096936,2026-07-14
12.75,180.0,0.8486950994256481,2844.8005963200503,-389.77126298671647,2026-07-14
13.0,195.0,0.8486950994256481,2821.220623409264,94.19670992406873,2026-07-14
13.25,210.0,0.8486950994256481,2789.3980779961216,-148.29807799612172,2026-07-14
13.5,225.0,0.8486950994256481,2741.2224382270097,-255.48977156034243,2026-07-14
13.75,240.0,0.8486950994256481,2692.193317090992,-189.15065042432525,2026-07-14
14.0,255.0,0.8486950994256481,2628.676139190043,329.582527476623,2026-07-14
14.25,270.0,0.8486950994256481,2559.650593096506,-58.95725976317226,2026-07-14
14.5,285.0,0.8486950994256481,2480.3930068716013,419.81565979506513,2026-07-14
14.75,300.0,0.8486950994256481,2390.7845835528974,-150.66858355289742,2026-07-14
15.0,315.0,0.8486950994256481,2290.6479407145166,431.52272595215027,2026-07-14
15.25,330.0,0.8486950994256481,2181.819433093244,93.3885669067563,2026-07-14
15.5,345.0,0.8486950994256481,2062.361472689898,-86.70147268989786,2026-07-14
15.75,360.0,0.8486950994256481,1921.616308874996,-202.8943088749959,2026-07-14
16.0,375.0,0.8486950994256481,1775.6573052883068,-125.61463862164032,2026-07-14
16.25,390.0,0.8486950994256481,1627.8561298488985,-199.89212984889855,2026-07-14
16.5,405.0,0.8486950994256481,1472.9525967444406,-110.01259674444077,2026-07-14
16.75,420.0,0.8486950994256481,1302.568967385362,-327.5856340520287,2026-07-14
17.0,435.0,0.8486950994256481,1130.3212761925354,-15.472609525869075,2026-07-14
17.25,450.0,0.8486950994256481,959.465812064346,39.69885460232081,2026-07-14
17.5,465.0,0.8486950994256481,790.8350659277113,-111.83839926104474,2026-07-14
17.75,480.0,0.8486950994256481,618.6904702047376,-102.61380353807101,2026-07-14
18.0,495.0,0.8486950994256481,448.5658010653145,-29.64380106531445,2026-07-14
18.25,510.0,0.8486950994256481,295.43681504023886,110.13151829309447,2026-07-14
18.5,525.0,0.8486950994256481,166.87202332682625,122.02064333984043,2026-07-14
18.75,540.0,0.8486950994256481,78.8242533873669,95.81449661263309,2026-07-14
19.0,555.0,0.8486950994256481,17.657730516568524,63.357724028886025,2026-07-14
11.5,15.0,0.9336852362354952,2949.8329787574903,-155.51897875749046,2026-07-14
11.75,30.0,0.9336852362354952,2988.720843777219,257.38382288944786,2026-07-14
12.0,45.0,0.9336852362354952,3016.595055214077,436.06761145258906,2026-07-14
12.25,60.0,0.9336852362354952,3035.699346273192,-288.5086796065252,2026-07-14
12.5,75.0,0.9336852362354952,3037.237158352957,-422.95315835295696,2026-07-14
12.75,90.0,0.9336852362354952,3027.6346298020203,-572.6052964686864,2026-07-14
13.0,105.0,0.9336852362354952,3006.114938366144,-90.69760503281123,2026-07-14
13.25,120.0,0.9336852362354952,2974.413113924053,-333.31311392405314,2026-07-14
13.5,135.0,0.9336852362354952,2926.074239460387,-440.34157279371993,2026-07-14
13.75,150.0,0.9336852362354952,2874.122492027896,-371.07982536122927,2026-07-14
14.0,165.0,0.9336852362354952,2810.060259303816,148.19840736285005,2026-07-14
14.25,180.0,0.9336852362354952,2736.5447332004887,-235.85139986715512,2026-07-14
14.5,195.0,0.9336852362354952,2649.4852760651406,250.7233906015258,2026-07-14
14.75,210.0,0.9336852362354952,2551.7287615310597,-311.61276153105973,2026-07-14
15.0,225.0,0.9336852362354952,2441.888859387024,280.2818072796431,2026-07-14
15.25,240.0,0.9336852362354952,2324.6357245388376,-49.42772453883754,2026-07-14
15.5,255.0,0.9336852362354952,2196.546207632573,-220.88620763257268,2026-07-14
15.75,270.0,0.9336852362354952,2049.5496070348863,-330.8276070348861,2026-07-14
16.0,285.0,0.9336852362354952,1892.9519386068016,-242.9092719401351,2026-07-14
16.25,300.0,0.9336852362354952,1732.6915713055794,-304.72757130557943,2026-07-14
16.5,315.0,0.9336852362354952,1566.9474147023911,-204.00741470239132,2026-07-14
16.75,330.0,0.9336852362354952,1384.545084642304,-409.56175130897066,2026-07-14
17.0,345.0,0.9336852362354952,1200.0170095887645,-85.16834292209819,2026-07-14
17.25,360.0,0.9336852362354952,1016.7206745568968,-17.556007890230035,2026-07-14
17.5,375.0,0.9336852362354952,836.8848331161951,-157.8881664495285,2026-07-14
17.75,390.0,0.9336852362354952,653.5123953741613,-137.43572870749472,2026-07-14
18.0,405.0,0.9336852362354952,472.6491709829374,-53.727170982937366,2026-07-14
18.25,420.0,0.9336852362354952,311.125293938066,94.4430393952673,2026-07-14
18.5,435.0,0.9336852362354952,175.82670987611343,113.06595679055326,2026-07-14
18.75,450.0,0.9336852362354952,83.09854101838062,91.54020898161937,2026-07-14
19.0,465.0,0.9336852362354952,18.667103182532703,62.348351362921846,2026-07-14
13.0,15.0,0.7723216620478187,2630.368983518778,285.04834981455497,2026-07-14
13.25,30.0,0.7723216620478187,2630.811528068798,10.288471931201912,2026-07-14
13.5,45.0,0.7723216620478187,2609.812877722868,-124.08021105620082,2026-07-14
13.75,60.0,0.7723216620478187,2568.749925322582,-65.70725865591521,2026-07-14
14.0,75.0,0.7723216620478187,2510.9786106537204,447.2800560129458,2026-07-14
14.25,90.0,0.7723216620478187,2444.7020430524326,55.99129028090101,2026-07-14
14.5,105.0,0.7723216620478187,2366.854236356022,533.3544303106446,2026-07-14
14.75,120.0,0.7723216620478187,2275.2593475949698,-35.14334759496978,2026-07-14
15.0,135.0,0.7723216620478187,2174.995159849097,547.1755068175698,2026-07-14
15.25,150.0,0.7723216620478187,2065.9269418574136,209.28105814258652,2026-07-14
15.5,165.0,0.7723216620478187,1948.1699647157848,27.490035284215537,2026-07-14
15.75,180.0,0.7723216620478187,1813.299864438541,-94.5778644385407,2026-07-14
16.0,195.0,0.7723216620478187,1670.8332816852044,-20.790615018537892,2026-07-14
16.25,210.0,0.7723216620478187,1526.8525874272038,-98.8885874272039,2026-07-14
16.5,225.0,0.7723216620478187,1377.36783739511,-14.427837395110146,2026-07-14
16.75,240.0,0.7723216620478187,1217.588752095819,-242.60541876248578,2026-07-14
17.0,255.0,0.7723216620478187,1055.7705456968906,59.07812096977568,2026-07-14
17.25,270.0,0.7723216620478187,894.9466232791862,104.21804338748063,2026-07-14
17.5,285.0,0.7723216620478187,736.0865343177464,-57.089867651079885,2026-07-14
17.75,300.0,0.7723216620478187,577.7807482101384,-61.70408154347183,2026-07-14
18.0,315.0,0.7723216620478187,417.8190962317129,1.102903768287149,2026-07-14
18.25,330.0,0.7723216620478187,274.87157797355195,130.69675535978138,2026-07-14
18.5,345.0,0.7723216620478187,155.39856446264764,133.49410220401904,2026-07-14
18.75,360.0,0.7723216620478187,73.39566973982845,101.24308026017154,2026-07-14
19.0,375.0,0.7723216620478187,16.38155259361133,64.63390195184321,2026-07-14
14.5,15.0,0.7683572101637077,2307.3366758828856,592.8719907837808,2026-07-14
14.75,30.0,0.7683572101637077,2225.9390976836808,14.176902316319229,2026-07-14
15.0,45.0,0.7683572101637077,2130.0331513042306,592.1375153624363,2026-07-14
15.25,60.0,0.7683572101637077,2023.1067350327364,252.10126496726366,2026-07-14
15.5,75.0,0.7683572101637077,1906.563967690333,69.09603230966741,2026-07-14
15.75,90.0,0.7683572101637077,1775.193973001078,-56.471973001077686,2026-07-14
16.0,105.0,0.7683572101637077,1636.8939469212692,13.14871974539733,2026-07-14
16.25,120.0,0.7683572101637077,1494.6349351316985,-66.67093513169857,2026-07-14
16.5,135.0,0.7683572101637077,1348.6737839745676,14.266216025432186,2026-07-14
16.75,150.0,0.7683572101637077,1192.2148572248896,-217.23152389155632,2026-07-14
17.0,165.0,0.7683572101637077,1034.4727836472175,80.37588301944879,2026-07-14
17.25,180.0,0.7683572101637077,876.9381983073494,122.22646835931744,2026-07-14
17.5,195.0,0.7683572101637077,721.488167098993,-42.49150043232646,2026-07-14
17.75,210.0,0.7683572101637077,566.4282527171542,-50.35158605048764,2026-07-14
18.0,225.0,0.7683572101637077,409.2763558273597,9.645644172640345,2026-07-14
18.25,240.0,0.7683572101637077,269.19400224631727,136.37433108701606,2026-07-14
18.5,255.0,0.7683572101637077,152.06539669212577,136.8272699745409,2026-07-14
18.75,270.0,0.7683572101637077,71.89197536922097,102.74677463077902,2026-07-14
19.0,285.0,0.7683572101637077,16.030629772359596,64.98482477309494,2026-07-14
16.0,15.0,0.8052589566836525,1665.3865448461422,-15.343878179475723,2026-07-14
16.25,30.0,0.8052589566836525,1528.0420414615023,-100.07804146150238,2026-07-14
16.5,45.0,0.8052589566836525,1381.9468412559438,-19.006841255943982,2026-07-14
16.75,60.0,0.8052589566836525,1222.2422432425767,-247.25890990924347,2026-07-14
17.0,75.0,0.8052589566836525,1060.1908914344772,54.657775232189124,2026-07-14
17.25,90.0,0.8052589566836525,899.3512372852085,99.81342938145826,2026-07-14
17.5,105.0,0.8052589566836525,740.2581284032963,-61.26146173662971,2026-07-14
17.75,120.0,0.8052589566836525,580.8505453077597,-64.77387864109312,2026-07-14
18.0,135.0,0.8052589566836525,419.8828012431812,-0.9608012431811517,2026-07-14
18.25,150.0,0.8052589566836525,276.1229116577364,129.44542167559695,2026-07-14
18.5,165.0,0.8052589566836525,156.07127981161491,132.82138685505177,2026-07-14
18.75,180.0,0.8052589566836525,73.78450683544506,100.85424316455493,2026-07-14
19.0,195.0,0.8052589566836525,16.47083548954397,64.54461905591057,2026-07-14
7.0,15.0,1.2,376.5740607592251,85.0472725741082,2026-07-15
7.25,30.0,1.2,549.4391814307799,58.33815190255348,2026-07-15
7.5,45.0,1.2,737.5033915501741,30.284608449825896,2026-07-15
7.75,60.0,1.2,943.2845344040652,14.494798929268427,2026-07-15
8.0,75.0,1.2,1155.8870504854676,-2.2043838188008067,2026-07-15
8.25,90.0,1.2,1372.417799783802,-58.09713311713517,2026-07-15
8.5,105.0,1.2,1588.8872200086194,-13.217220008619051,2026-07-15
8.75,120.0,1.2,1809.1521838114863,-16.064183811486146,2026-07-15
9.0,135.0,1.2,2026.231283109308,-52.613283109307986,2026-07-15
9.25,150.0,1.2,2240.2694790159485,-550.7508123492821,2026-07-15
9.5,165.0,1.2,2448.141228625334,-599.0258952920012,2026-07-15
9.75,180.0,1.2,2641.87557736537,-771.4289106987032,2026-07-15
10.0,195.0,1.2,2822.777957005484,-970.8306236721508,2026-07-15
10.25,210.0,1.2,2994.0934993947885,-1053.7028327281216,2026-07-15
10.5,225.0,1.2,3155.2562783171693,-722.1569449838353,2026-07-15
10.75,240.0,1.2,3290.822144173921,-1040.5641441739212,2026-07-15
11.0,255.0,1.2,3411.572548150889,-1587.6338814842225,2026-07-15
11.25,270.0,1.2,3527.761919754564,-1291.391253087897,2026-07-15
11.5,285.0,1.2,3633.4133354810665,-1625.3153354810656,2026-07-15
11.75,300.0,1.2,3706.211651948907,-678.2496519489068,2026-07-15
12.0,315.0,1.2,3752.4145134047712,-946.3251800714384,2026-07-15
12.25,330.0,1.2,3779.409062215581,-436.87706221558074,2026-07-15
12.5,345.0,1.2,3796.86437163341,-703.9770383000769,2026-07-15
12.75,360.0,1.2,3796.898986916108,-448.943653582774,2026-07-15
13.0,375.0,1.2,3779.914300894352,-324.46496756101897,2026-07-15
13.25,390.0,1.2,3739.685135181481,-314.50646851481497,2026-07-15
13.5,405.0,1.2,3680.275536432215,-1553.144203098882,2026-07-15
13.75,420.0,1.2,3600.8188392167813,-755.0215058834478,2026-07-15
14.0,435.0,1.2,3509.275203034445,-647.4905363677785,2026-07-15
14.25,450.0,1.2,3411.204642045356,-484.790642045356,2026-07-15
14.5,465.0,1.2,3301.732339909816,-474.79767324314935,2026-07-15
14.75,480.0,1.2,3166.353828461074,-895.3904951277405,2026-07-15
15.0,495.0,1.2,3013.802486646048,-681.7671533127141,2026-07-15
15.25,510.0,1.2,2852.4641228430687,-463.2614561764017,2026-07-15
15.5,525.0,1.2,2680.548734404355,-285.6614010710218,2026-07-15
15.75,540.0,1.2,2487.3748265503905,-256.246159883724,2026-07-15
16.0,555.0,1.2,2285.2543971272275,-348.87373046056064,2026-07-15
16.25,570.0,1.2,2080.977609698836,-374.85627636550316,2026-07-15
16.5,585.0,1.2,1873.9847265647827,-277.4593932314492,2026-07-15
16.75,600.0,1.2,1652.8763122133316,-298.05764554666507,2026-07-15
17.0,615.0,1.2,1418.3256788669285,-286.2896788669284,2026-07-15
17.25,630.0,1.2,1186.5229847112455,-235.9216513779121,2026-07-15
17.5,645.0,1.2,961.2211169646029,-210.98111696460296,2026-07-15
17.75,660.0,1.2,744.0032335094828,-169.04590017614953,2026-07-15
18.0,675.0,1.2,538.1514409890822,-111.60344098908212,2026-07-15
18.25,690.0,1.2,353.0271706012013,-53.05183726786794,2026-07-15
18.5,705.0,1.2,198.57190535948467,-8.129905359484724,2026-07-15
18.75,720.0,1.2,92.88653059157984,46.273469408420155,2026-07-15
8.5,15.0,0.9906679425662253,1399.2645876279475,176.40541237205275,2026-07-15
8.75,30.0,0.9906679425662253,1592.8601919589132,200.22780804108697,2026-07-15
9.0,45.0,0.9906679425662253,1781.420089261097,192.19791073890292,2026-07-15
9.25,60.0,0.9906679425662253,1967.143678363744,-277.6250116970775,2026-07-15
9.5,75.0,0.9906679425662253,2148.7406710819077,-299.625337748575,2026-07-15
9.75,90.0,0.9906679425662253,2322.9071939246887,-452.4605272580218,2026-07-15
10.0,105.0,0.9906679425662253,2483.370375226035,-631.4230418927016,2026-07-15
10.25,120.0,0.9906679425662253,2633.8846110620125,-693.4939443953456,2026-07-15
10.5,135.0,0.9906679425662253,2777.5789443133604,-344.47961098002634,2026-07-15
10.75,150.0,0.9906679425662253,2897.897915339498,-647.6399153394982,2026-07-15
11.0,165.0,0.9906679425662253,3004.8448435299606,-1180.9061768632941,2026-07-15
11.25,180.0,0.9906679425662253,3107.4962711882367,-871.1256045215696,2026-07-15
11.5,195.0,0.9906679425662253,3203.436921995264,-1195.3389219952633,2026-07-15
11.75,210.0,0.9906679425662253,3272.9613911347565,-244.99939113475648,2026-07-15
12.0,225.0,0.9906679425662253,3314.3716343725537,-508.2823010392208,2026-07-15
12.25,240.0,0.9906679425662253,3339.463539756805,3.0684602431952044,2026-07-15
12.5,255.0,0.9906679425662253,3353.8344258346865,-260.9470925013534,2026-07-15
12.75,270.0,0.9906679425662253,3355.8637477334696,-7.908414400135825,2026-07-15
13.0,285.0,0.9906679425662253,3340.106759577608,115.34257375572497,2026-07-15
13.25,300.0,0.9906679425662253,3302.6428548128188,122.53581185384746,2026-07-15
13.5,315.0,0.9906679425662253,3246.4996460522107,-1119.3683127188774,2026-07-15
13.75,330.0,0.9906679425662253,3174.2183869565883,-328.4210536232549,2026-07-15
14.0,345.0,0.9906679425662253,3094.473665375141,-232.68899870847463,2026-07-15
14.25,360.0,0.9906679425662253,3006.803076724216,-80.38907672421601,2026-07-15
14.5,375.0,0.9906679425662253,2909.8652947645423,-82.9306280978758,2026-07-15
14.75,390.0,0.9906679425662253,2793.4341280135723,-522.4707946802387,2026-07-15
15.0,405.0,0.9906679425662253,2659.0673639380498,-327.03203060471606,2026-07-15
15.25,420.0,0.9906679425662253,2514.1731518287324,-124.97048516206542,2026-07-15
15.5,435.0,0.9906679425662253,2362.3091075995385,32.578225733794625,2026-07-15
15.75,450.0,0.9906679425662253,2195.4960586362345,35.63260803043204,2026-07-15
16.0,465.0,0.9906679425662253,2017.8891579777471,-81.5084913110802,2026-07-15
16.25,480.0,0.9906679425662253,1836.5357639052493,-130.41443057191623,2026-07-15
16.5,495.0,0.9906679425662253,1654.9613615456706,-58.43602821233708,2026-07-15
16.75,510.0,0.9906679425662253,1460.999556496542,-106.18088982987547,2026-07-15
17.0,525.0,0.9906679425662253,1254.0393468163388,-122.00334681633876,2026-07-15
17.25,540.0,0.9906679425662253,1049.7216101615686,-99.1202768282352,2026-07-15
17.5,555.0,0.9906679425662253,851.5526132217066,-101.31261322170667,2026-07-15
17.75,570.0,0.9906679425662253,659.9239819363806,-84.96664860304736,2026-07-15
18.0,585.0,0.9906679425662253,477.7140184262816,-51.16601842628154,2026-07-15
18.25,600.0,0.9906679425662253,313.7860582130751,-13.810724879741713,2026-07-15
18.5,615.0,0.9906679425662253,176.64429155117074,13.797708448829212,2026-07-15
18.75,630.0,0.9906679425662253,82.72870774156775,56.43129225843225,2026-07-15
10.0,15.0,0.796127800815754,2075.502378393807,-223.5550450604735,2026-07-15
10.25,30.0,0.796127800815754,2217.9067787166714,-277.5161120500045,2026-07-15
10.5,45.0,0.796127800815754,2352.31701424747,80.78231908586395,2026-07-15
10.75,60.0,0.796127800815754,2459.041718413172,-208.7837184131722,2026-07-15
11.0,75.0,0.796127800815754,2550.863988690799,-726.9253220241326,2026-07-15
11.25,90.0,0.796127800815754,2645.6895558044243,-409.3188891377572,2026-07-15
11.5,105.0,0.796127800815754,2733.5898100054646,-725.4918100054638,2026-07-15
11.75,120.0,0.796127800815754,2796.135637837918,231.8263621620822,2026-07-15
12.0,135.0,0.796127800815754,2835.924775435804,-29.835442102471006,2026-07-15
12.25,150.0,0.796127800815754,2861.588945736565,480.943054263435,2026-07-15
12.5,165.0,0.796127800815754,2876.909203893841,215.97812943949202,2026-07-15
12.75,180.0,0.796127800815754,2875.449503266127,472.5058300672067,2026-07-15
13.0,195.0,0.796127800815754,2859.148991050321,596.300342283012,2026-07-15
13.25,210.0,0.796127800815754,2831.163218470992,594.0154481956743,2026-07-15
13.5,225.0,0.796127800815754,2787.069435035888,-659.9381017025548,2026-07-15
13.75,240.0,0.796127800815754,2728.3321667312503,117.46516660208317,2026-07-15
14.0,255.0,0.796127800815754,2660.047080209237,201.73758645742964,2026-07-15
14.25,270.0,0.796127800815754,2587.5732001177007,338.8407998822995,2026-07-15
14.5,285.0,0.796127800815754,2505.434960312666,321.4997063540004,2026-07-15
14.75,300.0,0.796127800815754,2405.0960422758967,-134.1327089425631,2026-07-15
15.0,315.0,0.796127800815754,2286.309834832846,45.7254985004879,2026-07-15
15.25,330.0,0.796127800815754,2160.676218354936,228.5264483117312,2026-07-15
15.5,345.0,0.796127800815754,2034.8372733039016,360.0500600294315,2026-07-15
15.75,360.0,0.796127800815754,1891.9932840134147,339.1353826532518,2026-07-15
16.0,375.0,0.796127800815754,1739.386177466202,196.99448920046484,2026-07-15
16.25,390.0,0.796127800815754,1586.1424067178568,119.97892661547621,2026-07-15
16.5,405.0,0.796127800815754,1430.5859322020087,165.93940113132476,2026-07-15
16.75,420.0,0.796127800815754,1262.9708304375629,91.84783622910368,2026-07-15
17.0,435.0,0.796127800815754,1083.7751896422326,48.26081035776747,2026-07-15
17.25,450.0,0.796127800815754,908.611505635012,41.98982769832139,2026-07-15
17.5,465.0,0.796127800815754,737.5400632486504,12.699936751349469,2026-07-15
17.75,480.0,0.796127800815754,571.7132781340764,3.244055199256877,2026-07-15
18.0,495.0,0.796127800815754,413.67458663859264,12.873413361407415,2026-07-15
18.25,510.0,0.796127800815754,271.5829474223537,28.39238591097967,2026-07-15
18.5,525.0,0.796127800815754,152.91506978219277,37.52693021780718,2026-07-15
18.75,540.0,0.796127800815754,71.5677185300527,67.5922814699473,2026-07-15
11.5,15.0,0.6558553034849435,2365.210450610853,-357.1124506108522,2026-07-15
11.75,30.0,0.6558553034849435,2438.1320067518736,589.8299932481264,2026-07-15
12.0,45.0,0.6558553034849435,2482.869546038518,323.219787294815,2026-07-15
12.25,60.0,0.6558553034849435,2510.190713186857,832.3412868131431,2026-07-15
12.5,75.0,0.6558553034849435,2527.612714316745,565.2746190165881,2026-07-15
12.75,90.0,0.6558553034849435,2531.249917773284,816.7054155600499,2026-07-15
13.0,105.0,0.6558553034849435,2523.107090594232,932.342242739101,2026-07-15
13.25,120.0,0.6558553034849435,2500.756859594837,924.4218070718293,2026-07-15
13.5,135.0,0.6558553034849435,2465.724027398682,-338.59269406534895,2026-07-15
13.75,150.0,0.6558553034849435,2415.3433570402617,430.4539762930717,2026-07-15
14.0,165.0,0.6558553034849435,2355.9015403984517,505.8831262682147,2026-07-15
14.25,180.0,0.6558553034849435,2292.170037098964,634.2439629010364,2026-07-15
14.5,195.0,0.6558553034849435,2224.072369389557,602.8622972771095,2026-07-15
14.75,210.0,0.6558553034849435,2140.0522475845514,130.91108574878217,2026-07-15
15.0,225.0,0.6558553034849435,2036.2749172652825,295.7604160680512,2026-07-15
15.25,240.0,0.6558553034849435,1926.058167902697,463.14449876397,2026-07-15
15.5,255.0,0.6558553034849435,1814.8466439946517,580.0406893386814,2026-07-15
15.75,270.0,0.6558553034849435,1689.9581389832488,541.1705276834177,2026-07-15
16.0,285.0,0.6558553034849435,1555.8183406645337,380.5623260021332,2026-07-15
16.25,300.0,0.6558553034849435,1418.7642392062698,287.3570941270632,2026-07-15
16.5,315.0,0.6558553034849435,1280.9842737383628,315.54105959497065,2026-07-15
16.75,330.0,0.6558553034849435,1133.925926865424,220.89273980124267,2026-07-15
17.0,345.0,0.6558553034849435,974.9021857836568,157.13381421634324,2026-07-15
17.25,360.0,0.6558553034849435,816.6922019536023,133.9091313797311,2026-07-15
17.5,375.0,0.6558553034849435,663.4421894436605,86.79781055633941,2026-07-15
17.75,390.0,0.6558553034849435,515.2159161685768,59.74141716475651,2026-07-15
18.0,405.0,0.6558553034849435,372.3996505962203,54.148349403779775,2026-07-15
18.25,420.0,0.6558553034849435,244.14622931643925,55.82910401689412,2026-07-15
18.5,435.0,0.6558553034849435,137.45653330956404,52.98546669043591,2026-07-15
18.75,450.0,0.6558553034849435,64.34600541997878,74.81399458002122,2026-07-15
13.0,15.0,0.898356638889575,3108.9087054013007,346.5406279320323,2026-07-15
13.25,30.0,0.898356638889575,3056.656958616526,368.5217080501402,2026-07-15
13.5,45.0,0.898356638889575,2989.9891973975377,-862.8578640642045,2026-07-15
13.75,60.0,0.898356638889575,2917.2696283407827,-71.47229500744925,2026-07-15
14.0,75.0,0.898356638889575,2838.886611566641,22.89805510002543,2026-07-15
14.25,90.0,0.898356638889575,2755.7335314047427,170.68046859525748,2026-07-15
14.5,105.0,0.898356638889575,2663.560060801937,163.37460586472935,2026-07-15
14.75,120.0,0.898356638889575,2554.425879620298,-283.4625462869644,2026-07-15
15.0,135.0,0.898356638889575,2427.666598752128,-95.6312654187941,2026-07-15
15.25,150.0,0.898356638889575,2293.4997661949974,95.70290047166964,2026-07-15
15.5,165.0,0.898356638889575,2157.0942876240238,237.79304570930935,2026-07-15
15.75,180.0,0.898356638889575,2006.9536684980555,224.17499816861095,2026-07-15
16.0,195.0,0.898356638889575,1846.2253346081168,90.15533205855013,2026-07-15
16.25,210.0,0.898356638889575,1681.5320543388602,24.589278994472807,2026-07-15
16.5,225.0,0.898356638889575,1513.92836036552,82.5969729678136,2026-07-15
16.75,240.0,0.898356638889575,1336.6538923992257,18.164774267440862,2026-07-15
17.0,255.0,0.898356638889575,1156.0469614216754,-24.010961421675347,2026-07-15
17.25,270.0,0.898356638889575,971.449440612772,-20.848107279438636,2026-07-15
17.5,285.0,0.898356638889575,787.914333506538,-37.67433350653812,2026-07-15
17.75,300.0,0.898356638889575,612.8709871550902,-37.91365382175695,2026-07-15
18.0,315.0,0.898356638889575,443.59709994994506,-17.049099949945003,2026-07-15
18.25,330.0,0.898356638889575,291.0427475870529,8.932585746280495,2026-07-15
18.5,345.0,0.898356638889575,163.81957063254066,26.62242936745929,2026-07-15
18.75,360.0,0.898356638889575,76.67634449267362,62.483655507326375,2026-07-15
14.5,15.0,0.8166260860346162,2571.904945092469,255.02972157419754,2026-07-15
14.75,30.0,0.8166260860346162,2452.671031781857,-181.7076984485234,2026-07-15
15.0,45.0,0.8166260860346162,2321.4844378540733,10.550895479260362,2026-07-15
15.25,60.0,0.8166260860346162,2192.0745927659173,197.12807390074977,2026-07-15
15.5,75.0,0.8166260860346162,2059.1292954469905,335.75803788634266,2026-07-15
15.75,90.0,0.8166260860346162,1912.7840536191547,318.34461304751176,2026-07-15
16.0,105.0,0.8166260860346162,1757.7098983970693,178.6707682695976,2026-07-15
16.25,120.0,0.8166260860346162,1601.26474460417,104.85658872916315,2026-07-15
16.5,135.0,0.8166260860346162,1442.1349950143515,154.390338318982,2026-07-15
16.75,150.0,0.8166260860346162,1273.773927086048,81.04473958061863,2026-07-15
17.0,165.0,0.8166260860346162,1103.6575803810374,28.378419618962653,2026-07-15
17.25,180.0,0.8166260860346162,927.5255703489288,23.075762984404605,2026-07-15
17.5,195.0,0.8166260860346162,750.7869161247525,-0.5469161247525562,2026-07-15
17.75,210.0,0.8166260860346162,580.9471392108153,-5.989805877482013,2026-07-15
18.0,225.0,0.8166260860346162,419.8074107237301,6.740589276269986,2026-07-15
18.25,240.0,0.8166260860346162,275.63855797922736,24.33677535410601,2026-07-15
18.5,255.0,0.8166260860346162,155.1416897852933,35.300310214706656,2026-07-15
18.75,270.0,0.8166260860346162,72.69226423352116,66.46773576647884,2026-07-15
16.0,15.0,0.8919176494321606,1894.300377931736,42.080288734930946,2026-07-15
16.25,30.0,0.8919176494321606,1717.024386872699,-10.903053539366056,2026-07-15
16.5,45.0,0.8919176494321606,1540.4236629703478,56.101670362985715,2026-07-15
16.75,60.0,0.8919176494321606,1357.6915266673811,-2.8728600007145815,2026-07-15
17.0,75.0,0.8919176494321606,1174.3943256687303,-42.35832566873023,2026-07-15
17.25,90.0,0.8919176494321606,986.439175390508,-35.83784205717461,2026-07-15
17.5,105.0,0.8919176494321606,798.1663256149409,-47.92632561494099,2026-07-15
17.75,120.0,0.8919176494321606,617.8542798481906,-42.89694651485729,2026-07-15
18.0,135.0,0.8919176494321606,446.5832271545585,-20.035227154558413,2026-07-15
18.25,150.0,0.8919176494321606,293.24736986736764,6.727963465965729,2026-07-15
18.5,165.0,0.8919176494321606,165.17134339677358,25.27065660322637,2026-07-15
18.75,180.0,0.8919176494321606,77.3311839067983,61.828816093201695,2026-07-15
7.0,15.0,1.0647870389019436,340.2985905951353,68.49674273819807,2026-07-16
7.25,30.0,1.0647870389019436,502.9299516882615,108.31938164507181,2026-07-16
7.5,45.0,1.0647870389019436,681.5753501556305,97.61198317770265,2026-07-16
7.75,60.0,1.0647870389019436,876.3445879450388,42.31941205496116,2026-07-16
8.0,75.0,1.0647870389019436,1077.2279535201048,110.8947131465618,2026-07-16
8.25,90.0,1.0647870389019436,1281.129686520607,239.42031347939292,2026-07-16
8.5,105.0,1.0647870389019436,1483.9684436387795,275.7002230278872,2026-07-16
8.75,120.0,1.0647870389019436,1687.897075493766,172.5889245062342,2026-07-16
9.0,135.0,1.0647870389019436,1887.73623012902,205.54710320431377,2026-07-16
9.25,150.0,1.0647870389019436,2081.094491799924,178.18217486674212,2026-07-16
9.5,165.0,1.0647870389019436,2267.5964509946857,183.6908823386475,2026-07-16
9.75,180.0,1.0647870389019436,2443.061709317401,-36.47170931740084,2026-07-16
10.0,195.0,1.0647870389019436,2607.676771980076,133.74922801992352,2026-07-16
10.25,210.0,1.0647870389019436,2764.5447844275373,155.5085489057965,2026-07-16
10.5,225.0,1.0647870389019436,2913.1044220469994,109.52824461966748,2026-07-16
10.75,240.0,1.0647870389019436,3040.6016633243576,92.25033667564276,2026-07-16
11.0,255.0,1.0647870389019436,3157.2667543053904,66.84391236127613,2026-07-16
11.25,270.0,1.0647870389019436,3262.046025055495,-12.790025055495335,2026-07-16
11.5,285.0,1.0647870389019436,3351.908666255032,33.922000411635054,2026-07-16
11.75,300.0,1.0647870389019436,3413.920416936529,-234.27375026986238,2026-07-16
12.0,315.0,1.0647870389019436,3465.528186245629,-151.7461862456289,2026-07-16
12.25,330.0,1.0647870389019436,3506.5997691436305,-226.13843581029732,2026-07-16
12.5,345.0,1.0647870389019436,3533.162883081602,223.56111691839806,2026-07-16
12.75,360.0,1.0647870389019436,3528.3655471828592,7.354452817141009,2026-07-16
13.0,375.0,1.0647870389019436,3508.697131649581,-188.3951316495809,2026-07-16
13.25,390.0,1.0647870389019436,3478.564522928841,-1263.3071895955081,2026-07-16
13.5,405.0,1.0647870389019436,3433.5946331850714,-333.9232998517382,2026-07-16
13.75,420.0,1.0647870389019436,3363.226122452801,-866.0721224528006,2026-07-16
14.0,435.0,1.0647870389019436,3281.526150808711,-765.8728174753774,2026-07-16
14.25,450.0,1.0647870389019436,3189.3814313830626,-11.867431383062467,2026-07-16
14.5,465.0,1.0647870389019436,3082.968849555657,148.7004837776758,2026-07-16
14.75,480.0,1.0647870389019436,2953.184208072661,-9.205541405994609,2026-07-16
15.0,495.0,1.0647870389019436,2812.0877952769515,1.2135380563809122,2026-07-16
15.25,510.0,1.0647870389019436,2659.248357474865,-445.1596908081988,2026-07-16
15.5,525.0,1.0647870389019436,2497.569461373664,84.93520529300258,2026-07-16
15.75,540.0,1.0647870389019436,2319.3531951116142,40.74413822171891,2026-07-16
16.0,555.0,1.0647870389019436,2133.731583952361,-346.25958395236125,2026-07-16
16.25,570.0,1.0647870389019436,1942.2065170934611,-130.71251709346075,2026-07-16
16.5,585.0,1.0647870389019436,1745.8130346876446,-523.4803680209782,2026-07-16
16.75,600.0,1.0647870389019436,1540.077046247865,-207.18037958119817,2026-07-16
17.0,615.0,1.0647870389019436,1325.1095694028136,-105.16556940281362,2026-07-16
17.25,630.0,1.0647870389019436,1107.3546859127418,-218.27601924607518,2026-07-16
17.5,645.0,1.0647870389019436,893.5551714318644,-101.81250476519767,2026-07-16
17.75,660.0,1.0647870389019436,688.4439767090848,-94.98731004241813,2026-07-16
18.0,675.0,1.0647870389019436,497.46810080113937,-66.68476746780601,2026-07-16
18.25,690.0,1.0647870389019436,326.6368957365969,-19.180467165168295,2026-07-16
18.5,705.0,1.0647870389019436,183.7130981496516,12.932235183681712,2026-07-16
18.75,720.0,1.0647870389019436,85.28620825612747,31.53629174387254,2026-07-16
19.0,735.0,1.0647870389019436,18.312317444167576,19.585682555832427,2026-07-16
8.5,15.0,1.0268327744212784,1456.614975014941,303.0536916517258,2026-07-16
8.75,30.0,1.0268327744212784,1650.2659879167618,210.22001208323832,2026-07-16
9.0,45.0,1.0268327744212784,1838.3631632507957,254.9201700825381,2026-07-16
9.25,60.0,1.0268327744212784,2023.4320384614437,235.84462820522253,2026-07-16
9.5,75.0,1.0268327744212784,2202.2925972445346,248.99473608879862,2026-07-16
9.75,90.0,1.0268327744212784,2369.1537929341744,37.43620706582578,2026-07-16
10.0,105.0,1.0268327744212784,2523.3405361100968,218.0854638899027,2026-07-16
10.25,120.0,1.0268327744212784,2670.747197578016,249.30613575531788,2026-07-16
10.5,135.0,1.0268327744212784,2809.203649296811,213.42901736985596,2026-07-16
10.75,150.0,1.0268327744212784,2929.708324507879,203.14367549212147,2026-07-16
11.0,165.0,1.0268327744212784,3041.712826224668,182.3978404419986,2026-07-16
11.25,180.0,1.0268327744212784,3145.129262518347,104.12673748165298,2026-07-16
11.5,195.0,1.0268327744212784,3234.197937105121,151.63272956154606,2026-07-16
11.75,210.0,1.0268327744212784,3298.0098751686733,-118.36320850200673,2026-07-16
12.0,225.0,1.0268327744212784,3348.882932769608,-35.10093276960788,2026-07-16
12.25,240.0,1.0268327744212784,3390.6613329917864,-110.19999965845318,2026-07-16
12.5,255.0,1.0268327744212784,3416.0959970072454,340.6280029927548,2026-07-16
12.75,270.0,1.0268327744212784,3411.0153721429047,124.7046278570956,2026-07-16
13.0,285.0,1.0268327744212784,3392.5188427525063,-72.21684275250618,2026-07-16
13.25,300.0,1.0268327744212784,3364.177083862067,-1148.9197505287339,2026-07-16
13.5,315.0,1.0268327744212784,3319.6753027301056,-220.0039693967724,2026-07-16
13.75,330.0,1.0268327744212784,3252.1665093131987,-755.0125093131983,2026-07-16
14.0,345.0,1.0268327744212784,3174.7885762815185,-659.1352429481849,2026-07-16
14.25,360.0,1.0268327744212784,3084.304163776786,93.2098362232141,2026-07-16
14.5,375.0,1.0268327744212784,2978.638898537378,253.030434795955,2026-07-16
14.75,390.0,1.0268327744212784,2853.2697145521483,90.70895211451807,2026-07-16
15.0,405.0,1.0268327744212784,2716.879332160352,96.42200117298034,2026-07-16
15.25,420.0,1.0268327744212784,2571.468456505724,-357.37978983905805,2026-07-16
15.5,435.0,1.0268327744212784,2415.7191787593038,166.78548790736295,2026-07-16
15.75,450.0,1.0268327744212784,2244.544971976949,115.55236135638415,2026-07-16
16.0,465.0,1.0268327744212784,2065.5403316052816,-278.0683316052821,2026-07-16
16.25,480.0,1.0268327744212784,1880.6303432820496,-69.13634328204921,2026-07-16
16.5,495.0,1.0268327744212784,1689.501138328251,-467.1684716615846,2026-07-16
16.75,510.0,1.0268327744212784,1490.7376802735876,-157.8410136069208,2026-07-16
17.0,525.0,1.0268327744212784,1283.886730577525,-63.942730577525026,2026-07-16
17.25,540.0,1.0268327744212784,1073.2238976784613,-184.14523101179464,2026-07-16
17.5,555.0,1.0268327744212784,865.617524420826,-73.87485775415928,2026-07-16
17.75,570.0,1.0268327744212784,667.2608445799561,-73.80417791328944,2026-07-16
18.0,585.0,1.0268327744212784,482.4523392117151,-51.66900587838177,2026-07-16
18.25,600.0,1.0268327744212784,316.9938847848285,-9.537456213399878,2026-07-16
18.5,615.0,1.0268327744212784,178.21217293480046,18.433160398532834,2026-07-16
18.75,630.0,1.0268327744212784,82.74168306722149,34.08081693277852,2026-07-16
19.0,645.0,1.0268327744212784,17.771549113942218,20.126450886057786,2026-07-16
10.0,15.0,1.0201796363760942,2530.66845509562,210.7575449043793,2026-07-16
10.25,30.0,1.0201796363760942,2683.076238500618,236.97709483271592,2026-07-16
10.5,45.0,1.0201796363760942,2824.9473893128848,197.6852773537821,2026-07-16
10.75,60.0,1.0201796363760942,2944.7951867670345,188.05681323296585,2026-07-16
11.0,75.0,1.0201796363760942,3052.668663380826,171.44200328584066,2026-07-16
11.25,90.0,1.0201796363760942,3151.8769938124383,97.37900618756157,2026-07-16
11.5,105.0,1.0201796363760942,3239.7469345267,146.0837321399672,2026-07-16
11.75,120.0,1.0201796363760942,3301.084188207447,-121.43752154078038,2026-07-16
12.0,135.0,1.0201796363760942,3350.2621930794,-36.48019307939967,2026-07-16
12.25,150.0,1.0201796363760942,3388.3002655006103,-107.83893216727711,2026-07-16
12.5,165.0,1.0201796363760942,3413.9818133927847,342.74218660721544,2026-07-16
12.75,180.0,1.0201796363760942,3413.1777779805275,122.54222201947277,2026-07-16
13.0,195.0,1.0201796363760942,3394.803175533745,-74.50117553374503,2026-07-16
13.25,210.0,1.0201796363760942,3364.7112129759025,-1149.4538796425695,2026-07-16
13.5,225.0,1.0201796363760942,3320.647736431894,-220.9764030985607,2026-07-16
13.75,240.0,1.0201796363760942,3255.302872849442,-758.1488728494414,2026-07-16
14.0,255.0,1.0201796363760942,3176.88382557299,-661.2304922396565,2026-07-16
14.25,270.0,1.0201796363760942,3086.342849444586,91.17115055541399,2026-07-16
14.5,285.0,1.0201796363760942,2982.242058944135,249.42727438919792,2026-07-16
14.75,300.0,1.0201796363760942,2857.267020615863,86.71164605080321,2026-07-16
15.0,315.0,1.0201796363760942,2721.262880886815,92.03845244651757,2026-07-16
15.25,330.0,1.0201796363760942,2573.5954801021794,-359.5068134355133,2026-07-16
15.5,345.0,1.0201796363760942,2416.4050970198077,166.09956964685898,2026-07-16
15.75,360.0,1.0201796363760942,2242.895428874897,117.20190445843627,2026-07-16
16.0,375.0,1.0201796363760942,2063.262938300252,-275.79093830025226,2026-07-16
16.25,390.0,1.0201796363760942,1878.423422041775,-66.92942204177461,2026-07-16
16.5,405.0,1.0201796363760942,1688.24007080381,-465.90740413714366,2026-07-16
16.75,420.0,1.0201796363760942,1489.8906787365302,-156.9940120698634,2026-07-16
17.0,435.0,1.0201796363760942,1282.5300245422775,-62.58602454227753,2026-07-16
17.25,450.0,1.0201796363760942,1071.172981166649,-182.09431449998226,2026-07-16
17.5,465.0,1.0201796363760942,863.905263679773,-72.16259701310628,2026-07-16
17.75,480.0,1.0201796363760942,665.5403500588391,-72.08368339217236,2026-07-16
18.0,495.0,1.0201796363760942,481.1269834282066,-50.343650094873226,2026-07-16
18.25,510.0,1.0201796363760942,315.9878946759242,-8.531466104495621,2026-07-16
18.5,525.0,1.0201796363760942,177.8322081351405,18.813125198192807,2026-07-16
18.75,540.0,1.0201796363760942,82.66585680581562,34.15664319418438,2026-07-16
19.0,555.0,1.0201796363760942,17.760947278011283,20.13705272198872,2026-07-16
11.5,15.0,1.0178114929039022,3312.217227838524,73.61343882814299,2026-07-16
11.75,30.0,1.0178114929039022,3371.907674000208,-192.26100733354133,2026-07-16
12.0,45.0,1.0178114929039022,3420.4098921136074,-106.62789211360723,2026-07-16
12.25,60.0,1.0178114929039022,3459.137635750965,-178.67630241763163,2026-07-16
12.5,75.0,1.0178114929039022,3484.020184717935,272.7038152820651,2026-07-16
12.75,90.0,1.0178114929039022,3482.012290522812,53.70770947718847,2026-07-16
13.0,105.0,1.0178114929039022,3465.727613797564,-145.42561379756398,2026-07-16
13.25,120.0,1.0178114929039022,3435.2797706508404,-1220.0224373175074,2026-07-16
13.5,135.0,1.0178114929039022,3391.255425805376,-291.5840924720428,2026-07-16
13.75,150.0,1.0178114929039022,3322.191505952604,-825.0375059526036,2026-07-16
14.0,165.0,1.0178114929039022,3241.127466638487,-725.4741333051534,2026-07-16
14.25,180.0,1.0178114929039022,3147.2826970682613,30.23130293173881,2026-07-16
14.5,195.0,1.0178114929039022,3039.839485028869,191.82984830446367,2026-07-16
14.75,210.0,1.0178114929039022,2909.8956330045803,34.08303366208611,2026-07-16
15.0,225.0,1.0178114929039022,2768.9659561952863,44.33537713804617,2026-07-16
15.25,240.0,1.0178114929039022,2618.4861352272155,-404.39746856054944,2026-07-16
15.5,255.0,1.0178114929039022,2457.799362642724,124.70530402394252,2026-07-16
15.75,270.0,1.0178114929039022,2280.8974635400014,79.1998697933318,2026-07-16
16.0,285.0,1.0178114929039022,2097.5496391642573,-310.0776391642578,2026-07-16
16.25,300.0,1.0178114929039022,1908.2480284685544,-96.754028468554,2026-07-16
16.5,315.0,1.0178114929039022,1714.9314952373793,-492.59882857071284,2026-07-16
16.75,330.0,1.0178114929039022,1512.536100063608,-179.63943339694129,2026-07-16
17.0,345.0,1.0178114929039022,1301.4150922754752,-81.47109227547526,2026-07-16
17.25,360.0,1.0178114929039022,1086.0478986750286,-196.96923200836193,2026-07-16
17.5,375.0,1.0178114929039022,875.6045004117633,-83.86183374509653,2026-07-16
17.75,390.0,1.0178114929039022,674.6370576244125,-81.18039095774577,2026-07-16
18.0,405.0,1.0178114929039022,487.26581498997086,-56.4824816566375,2026-07-16
18.25,420.0,1.0178114929039022,319.71561798043786,-12.259189409009252,2026-07-16
18.5,435.0,1.0178114929039022,179.7362869021019,16.90904643123139,2026-07-16
18.75,450.0,1.0178114929039022,83.49464619612647,33.32785380387354,2026-07-16
19.0,465.0,1.0178114929039022,17.92623389269404,19.971766107305964,2026-07-16
13.0,15.0,1.0107083178501894,3427.022681258251,-106.7206812582508,2026-07-16
13.25,30.0,1.0107083178501894,3394.5598911443344,-1179.3025578110014,2026-07-16
13.5,45.0,1.0107083178501894,3347.9715572989744,-248.30022396564118,2026-07-16
13.75,60.0,1.0107083178501894,3279.573254387477,-782.4192543874765,2026-07-16
14.0,75.0,1.0107083178501894,3197.50025487299,-681.8469215396563,2026-07-16
14.25,90.0,1.0107083178501894,3106.92206023082,70.59193976918004,2026-07-16
14.5,105.0,1.0107083178501894,3005.8411182386544,225.8282150946784,2026-07-16
14.75,120.0,1.0107083178501894,2880.706537001172,63.272129665494504,2026-07-16
15.0,135.0,1.0107083178501894,2745.1037138376832,68.19761949564918,2026-07-16
15.25,150.0,1.0107083178501894,2599.169559142399,-385.080892475733,2026-07-16
15.5,165.0,1.0107083178501894,2444.1151029775056,138.38956368916115,2026-07-16
15.75,180.0,1.0107083178501894,2269.0299161546955,91.0674171786377,2026-07-16
16.0,195.0,1.0107083178501894,2087.9606539262795,-300.48865392628,2026-07-16
16.25,210.0,1.0107083178501894,1901.9495731553463,-90.45557315534597,2026-07-16
16.5,225.0,1.0107083178501894,1710.642088339721,-488.30942167305466,2026-07-16
16.75,240.0,1.0107083178501894,1509.0793308517918,-176.18266418512508,2026-07-16
17.0,255.0,1.0107083178501894,1300.1141515299162,-80.17015152991621,2026-07-16
17.25,270.0,1.0107083178501894,1086.46367695623,-197.3850102895634,2026-07-16
17.5,285.0,1.0107083178501894,876.3591275854329,-84.61646091876617,2026-07-16
17.75,300.0,1.0107083178501894,675.157607339101,-81.70094067243429,2026-07-16
18.0,315.0,1.0107083178501894,488.0852456600414,-57.30191232670802,2026-07-16
18.25,330.0,1.0107083178501894,320.3294424386499,-12.873013867221289,2026-07-16
18.5,345.0,1.0107083178501894,179.96193529285858,16.683398040474714,2026-07-16
18.75,360.0,1.0107083178501894,83.47122496177315,33.35127503822686,2026-07-16
19.0,375.0,1.0107083178501894,17.90859116065702,19.989408839342982,2026-07-16
14.5,15.0,0.7740079576292094,2478.211123260556,753.4582100727766,2026-07-16
14.75,30.0,0.7740079576292094,2386.0697052079613,557.9089614587051,2026-07-16
15.0,45.0,0.7740079576292094,2281.697261754881,531.6040715784516,2026-07-16
15.25,60.0,0.7740079576292094,2163.3928587399687,50.6958079266974,2026-07-16
15.5,75.0,0.7740079576292094,2035.4021314573356,547.1025352093311,2026-07-16
15.75,90.0,0.7740079576292094,1892.3783894380808,467.7189438952523,2026-07-16
16.0,105.0,0.7740079576292094,1745.775854835084,41.696145164915606,2026-07-16
16.25,120.0,0.7740079576292094,1591.9883047932497,219.50569520675072,2026-07-16
16.5,135.0,0.7740079576292094,1434.2696571280896,-211.9369904614232,2026-07-16
16.75,150.0,0.7740079576292094,1265.995187528183,66.90147913848386,2026-07-16
17.0,165.0,0.7740079576292094,1093.1770532600922,126.76694673990778,2026-07-16
17.25,180.0,0.7740079576292094,915.0942690709172,-26.015602404250558,2026-07-16
17.5,195.0,0.7740079576292094,738.9482184124328,52.794448254234,2026-07-16
17.75,210.0,0.7740079576292094,569.8902763529917,23.566390313675015,2026-07-16
18.0,225.0,0.7740079576292094,412.2292493972798,18.554083936053587,2026-07-16
18.25,240.0,0.7740079576292094,270.93436528952503,36.52206328190357,2026-07-16
18.5,255.0,0.7740079576292094,152.49767124446367,44.14766208886962,2026-07-16
18.75,270.0,0.7740079576292094,70.80457181868782,46.017928181312186,2026-07-16
19.0,285.0,0.7740079576292094,15.07074859889007,22.827251401109933,2026-07-16
16.0,15.0,0.9890277680442023,2064.3499486554783,-276.8779486554788,2026-07-16
16.25,30.0,0.9890277680442023,1876.1698790490905,-64.6758790490901,2026-07-16
16.5,45.0,0.9890277680442023,1685.219785164238,-462.88711849757146,2026-07-16
16.75,60.0,0.9890277680442023,1484.985744433905,-152.08907776723822,2026-07-16
17.0,75.0,0.9890277680442023,1278.371270450597,-58.42727045059701,2026-07-16
17.25,90.0,0.9890277680442023,1067.547216800439,-178.46855013377228,2026-07-16
17.5,105.0,0.9890277680442023,861.1265206652549,-69.38385399858817,2026-07-16
17.75,120.0,0.9890277680442023,663.1495270256123,-69.69286035894561,2026-07-16
18.0,135.0,0.9890277680442023,479.43525044838873,-48.65191711505537,2026-07-16
18.25,150.0,0.9890277680442023,314.7082336580807,-7.251805086652098,2026-07-16
18.5,165.0,0.9890277680442023,176.89894006704145,19.746393266291847,2026-07-16
18.75,180.0,0.9890277680442023,82.0698251267222,34.75267487327781,2026-07-16
19.0,195.0,0.9890277680442023,17.59914867089197,20.298851329108032,2026-07-16
7.0,15.0,1.2,377.5570576160733,29.733609050593373,2026-07-17
7.25,30.0,1.2,557.1007327822394,4.175933884427195,2026-07-17
7.5,45.0,1.2,754.9909008131558,-122.14628542854041,2026-07-17
7.75,60.0,1.2,971.630558893009,-0.7085588930090125,2026-07-17
8.0,75.0,1.2,1196.123176239037,-140.89650957237063,2026-07-17
8.25,90.0,1.2,1423.658458714614,-326.75345871461377,2026-07-17
8.5,105.0,1.2,1652.1959791491793,-298.112645815846,2026-07-17
8.75,120.0,1.2,1883.0235826222563,-389.2962492889228,2026-07-17
9.0,135.0,1.2,2110.0305864677243,-208.499919801058,2026-07-17
9.25,150.0,1.2,2330.1508160309,-217.87814936423365,2026-07-17
9.5,165.0,1.2,2543.8447570222047,-263.1687570222048,2026-07-17
9.75,180.0,1.2,2744.469952932785,-428.47061959945177,2026-07-17
10.0,195.0,1.2,2935.228444442312,-388.5971111089789,2026-07-17
10.25,210.0,1.2,3114.805571643981,-738.610904977314,2026-07-17
10.5,225.0,1.2,3284.2248802068343,-754.3388802068348,2026-07-17
10.75,240.0,1.2,3432.168888321921,-1313.5662216552541,2026-07-17
11.0,255.0,1.2,3567.6444199023595,-1213.2170865690264,2026-07-17
11.25,270.0,1.2,3687.616173349567,-793.5321733495671,2026-07-17
11.5,285.0,1.2,3792.640019323613,-1216.6233526569454,2026-07-17
11.75,300.0,1.2,3870.3355549500834,-862.4648882834167,2026-07-17
12.0,315.0,1.2,3934.2522180425062,-613.3928847091729,2026-07-17
12.25,330.0,1.2,3979.403197433614,-964.1625307669474,2026-07-17
12.5,345.0,1.2,4009.2466106853512,-1391.6132773520176,2026-07-17
12.75,360.0,1.2,4002.1565709166166,-895.4959042499495,2026-07-17
13.0,375.0,1.2,3980.580829838257,-1607.2341631715908,2026-07-17
13.25,390.0,1.2,3941.222236648432,-1250.247950934146,2026-07-17
13.5,405.0,1.2,3887.647647616431,-2477.753647616431,2026-07-17
13.75,420.0,1.2,3792.096113285661,-1365.1074466189948,2026-07-17
14.0,435.0,1.2,3683.608013061291,-1518.038679727958,2026-07-17
14.25,450.0,1.2,3559.0850409104946,-1870.8157075771614,2026-07-17
14.5,465.0,1.2,3420.4215384086783,-2303.210205075345,2026-07-17
14.75,480.0,1.2,3252.966137026025,-1854.9894703593586,2026-07-17
15.0,495.0,1.2,3074.235635404796,-1719.247635404796,2026-07-17
15.25,510.0,1.2,2883.3810095646654,-1644.2436762313323,2026-07-17
15.5,525.0,1.2,2682.228441163753,-1465.6644411637528,2026-07-17
15.75,540.0,1.2,2477.2070380347272,-1225.0110380347273,2026-07-17
16.0,555.0,1.2,2265.658988482355,-989.3996551490222,2026-07-17
16.25,570.0,1.2,2047.9249735627216,-895.2543068960549,2026-07-17
16.5,585.0,1.2,1825.9256834515568,-892.8823501182236,2026-07-17
16.75,600.0,1.2,1609.7039745608936,-757.0079745608934,2026-07-17
17.0,615.0,1.2,1391.9174699529583,-657.3934699529582,2026-07-17
17.25,630.0,1.2,1174.8809554538295,-564.2736221204963,2026-07-17
17.5,645.0,1.2,962.1229941107276,-497.9260710338046,2026-07-17
17.75,660.0,1.2,759.1760640633472,-398.37006406334723,2026-07-17
18.0,675.0,1.2,564.377090460105,-242.52242379343835,2026-07-17
18.25,690.0,1.2,369.1961419719146,-117.27214197191458,2026-07-17
18.5,705.0,1.2,206.7451455337604,-46.36647886709375,2026-07-17
18.75,720.0,1.2,95.04701563842482,3.4143176949085188,2026-07-17
19.0,735.0,1.2,19.913870304994703,39.24382200269762,2026-07-17
8.5,15.0,0.8915461748393012,1298.82229166019,55.261041673143154,2026-07-17
8.75,30.0,0.8915461748393012,1490.845312057121,2.8820212762125266,2026-07-17
9.0,45.0,0.8915461748393012,1679.0071847435584,222.52348192310797,2026-07-17
9.25,60.0,0.8915461748393012,1858.758378173604,253.5142884930624,2026-07-17
9.5,75.0,0.8915461748393012,2032.975611595041,247.70038840495886,2026-07-17
9.75,90.0,0.8915461748393012,2196.734302125632,119.26503120770121,2026-07-17
10.0,105.0,0.8915461748393012,2351.995746575974,194.6355867573593,2026-07-17
10.25,120.0,0.8915461748393012,2498.146071910659,-121.95140524399221,2026-07-17
10.5,135.0,0.8915461748393012,2639.4361174867227,-109.55011748672314,2026-07-17
10.75,150.0,0.8915461748393012,2763.519256301009,-644.9165896343425,2026-07-17
11.0,165.0,0.8915461748393012,2880.716340556469,-526.2890072231357,2026-07-17
11.25,180.0,0.8915461748393012,2983.3541536147955,-89.27015361479562,2026-07-17
11.5,195.0,0.8915461748393012,3071.42456925278,-495.4079025861124,2026-07-17
11.75,210.0,0.8915461748393012,3138.174096142046,-130.3034294753793,2026-07-17
12.0,225.0,0.8915461748393012,3191.7833639433143,129.07596939001905,2026-07-17
12.25,240.0,0.8915461748393012,3228.1838553404064,-212.94318867373977,2026-07-17
12.5,255.0,0.8915461748393012,3250.9294940019813,-633.2961606686476,2026-07-17
12.75,270.0,0.8915461748393012,3242.351682507332,-135.69101584066493,2026-07-17
13.0,285.0,0.8915461748393012,3223.079193789381,-849.7325271227146,2026-07-17
13.25,300.0,0.8915461748393012,3187.622211101361,-496.6479253870748,2026-07-17
13.5,315.0,0.8915461748393012,3139.6580454875784,-1729.7640454875782,2026-07-17
13.75,330.0,0.8915461748393012,3056.587597717261,-629.5989310505947,2026-07-17
14.0,345.0,0.8915461748393012,2968.922419166302,-803.3530858329691,2026-07-17
14.25,360.0,0.8915461748393012,2864.778195141824,-1176.508861808491,2026-07-17
14.5,375.0,0.8915461748393012,2749.806350985279,-1632.595017651946,2026-07-17
14.75,390.0,0.8915461748393012,2612.9145379236143,-1214.9378712569478,2026-07-17
15.0,405.0,0.8915461748393012,2466.252829728362,-1111.264829728362,2026-07-17
15.25,420.0,0.8915461748393012,2309.108322478888,-1069.970989145555,2026-07-17
15.5,435.0,0.8915461748393012,2145.959883722024,-929.3958837220241,2026-07-17
15.75,450.0,0.8915461748393012,1981.279254491268,-729.083254491268,2026-07-17
16.0,465.0,0.8915461748393012,1810.948031076162,-534.6886977428289,2026-07-17
16.25,480.0,0.8915461748393012,1637.209705794709,-484.5390391280423,2026-07-17
16.5,495.0,0.8915461748393012,1460.0907386379135,-527.0474053045804,2026-07-17
16.75,510.0,0.8915461748393012,1289.783659905753,-437.08765990575284,2026-07-17
17.0,525.0,0.8915461748393012,1119.6229845789635,-385.0989845789634,2026-07-17
17.25,540.0,0.8915461748393012,949.0719423107892,-338.4646089774559,2026-07-17
17.5,555.0,0.8915461748393012,780.8145987489677,-316.61767567204464,2026-07-17
17.75,570.0,0.8915461748393012,620.2362680967757,-259.4302680967757,2026-07-17
18.0,585.0,0.8915461748393012,464.4275134124628,-142.57284674579614,2026-07-17
18.25,600.0,0.8915461748393012,303.87520272550626,-51.95120272550625,2026-07-17
18.5,615.0,0.8915461748393012,170.1849446777712,-9.806278011104553,2026-07-17
18.75,630.0,0.8915461748393012,78.23707552024054,20.224257813092805,2026-07-17
19.0,645.0,0.8915461748393012,16.23168310201763,42.92600920567469,2026-07-17
10.0,15.0,0.9728367529259809,2491.02863452716,55.602698806173066,2026-07-17
10.25,30.0,0.9728367529259809,2643.9708545560834,-267.77618788941663,2026-07-17
10.5,45.0,0.9728367529259809,2791.549042919216,-261.6630429192164,2026-07-17
10.75,60.0,0.9728367529259809,2920.290660118834,-801.6879934521671,2026-07-17
11.0,75.0,0.9728367529259809,3040.124690485968,-685.697357152635,2026-07-17
11.25,90.0,0.9728367529259809,3149.267178478732,-255.18317847873232,2026-07-17
11.5,105.0,0.9728367529259809,3248.162457321353,-672.1457906546852,2026-07-17
11.75,120.0,0.9728367529259809,3321.88672131907,-314.01605465240345,2026-07-17
12.0,135.0,0.9728367529259809,3378.191003081952,-57.33166974861888,2026-07-17
12.25,150.0,0.9728367529259809,3415.246660093568,-400.00599342690157,2026-07-17
12.5,165.0,0.9728367529259809,3438.6703521607687,-821.0370188274351,2026-07-17
12.75,180.0,0.9728367529259809,3426.0594219631853,-319.3987552965182,2026-07-17
13.0,195.0,0.9728367529259809,3401.996545327452,-1028.6498786607858,2026-07-17
13.25,210.0,0.9728367529259809,3363.379341544276,-672.40505582999,2026-07-17
13.5,225.0,0.9728367529259809,3314.029931401371,-1904.1359314013707,2026-07-17
13.75,240.0,0.9728367529259809,3226.560735855448,-799.5720691887818,2026-07-17
14.0,255.0,0.9728367529259809,3132.121987598119,-966.5526542647863,2026-07-17
14.25,270.0,0.9728367529259809,3024.804514094885,-1336.5351807615516,2026-07-17
14.5,285.0,0.9728367529259809,2905.487733661063,-1788.2764003277298,2026-07-17
14.75,300.0,0.9728367529259809,2761.166018332761,-1363.1893516660944,2026-07-17
15.0,315.0,0.9728367529259809,2607.5321005651813,-1252.5441005651812,2026-07-17
15.25,330.0,0.9728367529259809,2443.58424614976,-1204.446912816427,2026-07-17
15.5,345.0,0.9728367529259809,2272.834822759324,-1056.2708227593241,2026-07-17
15.75,360.0,0.9728367529259809,2097.516991204316,-845.3209912043162,2026-07-17
16.0,375.0,0.9728367529259809,1916.8587003478544,-640.5993670145215,2026-07-17
16.25,390.0,0.9728367529259809,1731.5153435797656,-578.844676913099,2026-07-17
16.5,405.0,0.9728367529259809,1544.4668435263893,-611.4235101930561,2026-07-17
16.75,420.0,0.9728367529259809,1363.8270367627258,-511.13103676272567,2026-07-17
17.0,435.0,0.9728367529259809,1182.5494874649164,-448.0254874649163,2026-07-17
17.25,450.0,0.9728367529259809,1001.7452985391436,-391.13796520581036,2026-07-17
17.5,465.0,0.9728367529259809,823.9655488728436,-359.7686257959205,2026-07-17
17.75,480.0,0.9728367529259809,653.875906872181,-293.069906872181,2026-07-17
18.0,495.0,0.9728367529259809,488.4512694285745,-166.59660276190783,2026-07-17
18.25,510.0,0.9728367529259809,319.5138780667612,-67.5898780667612,2026-07-17
18.5,525.0,0.9728367529259809,178.86046329683273,-18.481796630166087,2026-07-17
18.75,540.0,0.9728367529259809,82.12501888336064,16.336314449972704,2026-07-17
19.0,555.0,0.9728367529259809,17.061636193993248,42.09605611369908,2026-07-17
11.5,15.0,0.7513974795158617,2760.8687773335364,-184.8521106668686,2026-07-17
11.75,30.0,0.7513974795158617,2820.765221677903,187.1054449887638,2026-07-17
12.0,45.0,0.7513974795158617,2869.3123364953058,451.54699683802755,2026-07-17
12.25,60.0,0.7513974795158617,2902.350885485478,112.88978118118848,2026-07-17
12.5,75.0,0.7513974795158617,2925.5404735962447,-307.90714026291107,2026-07-17
12.75,90.0,0.7513974795158617,2918.750694023506,187.90997264316093,2026-07-17
13.0,105.0,0.7513974795158617,2901.9251841397445,-528.5785174730781,2026-07-17
13.25,120.0,0.7513974795158617,2872.241423912048,-181.26713819776205,2026-07-17
13.5,135.0,0.7513974795158617,2831.1174318872686,-1421.2234318872684,2026-07-17
13.75,150.0,0.7513974795158617,2753.919627121929,-326.9309604552627,2026-07-17
14.0,165.0,0.7513974795158617,2670.549712416142,-504.9803790828091,2026-07-17
14.25,180.0,0.7513974795158617,2575.5891766701448,-887.3198433368116,2026-07-17
14.5,195.0,0.7513974795158617,2472.8540108521465,-1355.6426775188133,2026-07-17
14.75,210.0,0.7513974795158617,2346.947152164905,-948.9704854982388,2026-07-17
15.0,225.0,0.7513974795158617,2213.62023272558,-858.63223272558,2026-07-17
15.25,240.0,0.7513974795158617,2071.478281684459,-832.3409483511259,2026-07-17
15.5,255.0,0.7513974795158617,1924.271626584348,-707.707626584348,2026-07-17
15.75,270.0,0.7513974795158617,1775.3046522172324,-523.1086522172325,2026-07-17
16.0,285.0,0.7513974795158617,1621.4589637590443,-345.19963042571135,2026-07-17
16.25,300.0,0.7513974795158617,1464.8907638365613,-312.22009716989464,2026-07-17
16.5,315.0,0.7513974795158617,1306.261863545634,-373.21853021230083,2026-07-17
16.75,330.0,0.7513974795158617,1154.8096069195806,-302.11360691958043,2026-07-17
17.0,345.0,0.7513974795158617,1003.20594640664,-268.6819464066399,2026-07-17
17.25,360.0,0.7513974795158617,850.903378013659,-240.29604468032574,2026-07-17
17.5,375.0,0.7513974795158617,701.7504982146637,-237.55357513774067,2026-07-17
17.75,390.0,0.7513974795158617,559.3962198837147,-198.59021988371472,2026-07-17
18.0,405.0,0.7513974795158617,420.70521332976506,-98.85054666309838,2026-07-17
18.25,420.0,0.7513974795158617,275.3609086241884,-23.43690862418842,2026-07-17
18.5,435.0,0.7513974795158617,154.36863696366416,6.010029703002488,2026-07-17
18.75,450.0,0.7513974795158617,71.02956837395152,27.431764959381823,2026-07-17
19.0,465.0,0.7513974795158617,14.66680115000278,44.490891157689546,2026-07-17
13.0,15.0,0.8854472822586406,3169.3917651176007,-796.0450984509343,2026-07-17
13.25,30.0,0.8854472822586406,3137.243077248822,-446.2687915345359,2026-07-17
13.5,45.0,0.8854472822586406,3095.072703659407,-1685.178703659407,2026-07-17
13.75,60.0,0.8854472822586406,3023.1821667644685,-596.1935000978024,2026-07-17
14.0,75.0,0.8854472822586406,2940.2058288120843,-774.6364954787514,2026-07-17
14.25,90.0,0.8854472822586406,2845.860301979932,-1157.5909686465989,2026-07-17
14.5,105.0,0.8854472822586406,2743.222370220024,-1626.0110368866908,2026-07-17
14.75,120.0,0.8854472822586406,2615.908499802937,-1217.9318331362706,2026-07-17
15.0,135.0,0.8854472822586406,2479.6183568187057,-1124.6303568187056,2026-07-17
15.25,150.0,0.8854472822586406,2333.6695794813254,-1094.5322461479923,2026-07-17
15.5,165.0,0.8854472822586406,2181.50878472997,-964.94478472997,2026-07-17
15.75,180.0,0.8854472822586406,2017.7178581288576,-765.5218581288577,2026-07-17
16.0,195.0,0.8854472822586406,1849.349240725436,-573.089907392103,2026-07-17
16.25,210.0,0.8854472822586406,1678.230446853784,-525.5597801871174,2026-07-17
16.5,225.0,0.8854472822586406,1503.0079229234188,-569.9645895900857,2026-07-17
16.75,240.0,0.8854472822586406,1326.749833149479,-474.0538331494788,2026-07-17
17.0,255.0,0.8854472822586406,1150.5723332487958,-416.04833324879564,2026-07-17
17.25,270.0,0.8854472822586406,974.9360672681968,-364.3287339348635,2026-07-17
17.5,285.0,0.8854472822586406,801.6964523041199,-337.4995292271969,2026-07-17
17.75,300.0,0.8854472822586406,636.6378623588712,-275.8318623588712,2026-07-17
18.0,315.0,0.8854472822586406,461.6736784106867,-139.81901174402003,2026-07-17
18.25,330.0,0.8854472822586406,301.5952719039955,-49.67127190399552,2026-07-17
18.5,345.0,0.8854472822586406,168.69455049789622,-8.31588383122957,2026-07-17
18.75,360.0,0.8854472822586406,77.49698911266945,20.96434422066389,2026-07-17
19.0,375.0,0.8854472822586406,16.051083007129034,43.10660930056329,2026-07-17
14.5,15.0,0.6087489100140661,2137.2845999924048,-1020.0732666590716,2026-07-17
14.75,30.0,0.6087489100140661,2056.9179699756087,-658.9413033089422,2026-07-17
15.0,45.0,0.6087489100140661,1963.8976708299508,-608.9096708299508,2026-07-17
15.25,60.0,0.6087489100140661,1853.2887495727132,-614.1514162393801,2026-07-17
15.5,75.0,0.6087489100140661,1731.729860962984,-515.165860962984,2026-07-17
15.75,90.0,0.6087489100140661,1604.1359127276066,-351.9399127276067,2026-07-17
16.0,105.0,0.6087489100140661,1473.0080146310972,-196.74868129776428,2026-07-17
16.25,120.0,0.6087489100140661,1336.7406885873982,-184.0700219207315,2026-07-17
16.5,135.0,0.6087489100140661,1197.9991766761932,-264.95584334286,2026-07-17
16.75,150.0,0.6087489100140661,1057.9406227797376,-205.24462277973748,2026-07-17
17.0,165.0,0.6087489100140661,918.7093943804553,-184.18539438045514,2026-07-17
17.25,180.0,0.6087489100140661,780.5323301325649,-169.92499679923162,2026-07-17
17.5,195.0,0.6087489100140661,644.0209197739958,-179.8239966970728,2026-07-17
17.75,210.0,0.6087489100140661,514.5594985654184,-153.7534985654184,2026-07-17
18.0,225.0,0.6087489100140661,373.5415879905416,-51.68692132387491,2026-07-17
18.25,240.0,0.6087489100140661,244.87710430775635,7.046895692243652,2026-07-17
18.5,255.0,0.6087489100140661,137.4509700741886,22.927696592478043,2026-07-17
18.75,270.0,0.6087489100140661,63.33232961171303,35.129003721620315,2026-07-17
19.0,285.0,0.6087489100140661,13.004155949515496,46.15353635817682,2026-07-17
16.0,15.0,0.46987319711314846,1210.850547194225,65.40878613910786,2026-07-17
16.25,30.0,0.46987319711314846,1109.4573260708803,43.21334059578635,2026-07-17
16.5,45.0,0.46987319711314846,1002.5239763864116,-69.48064305307844,2026-07-17
16.75,60.0,0.46987319711314846,891.6351730186823,-38.93917301868214,2026-07-17
17.0,75.0,0.46987319711314846,779.1019514418629,-44.57795144186275,2026-07-17
17.25,90.0,0.46987319711314846,666.2860508559196,-55.67871752258634,2026-07-17
17.5,105.0,0.46987319711314846,554.1890859568919,-89.99216287996882,2026-07-17
17.75,120.0,0.46987319711314846,446.780082001265,-85.974082001265,2026-07-17
18.0,135.0,0.46987319711314846,325.475498337968,-3.620831671301346,2026-07-17
18.25,150.0,0.46987319711314846,213.2675416419103,38.65645835808971,2026-07-17
18.5,165.0,0.46987319711314846,119.65669114171746,40.72197552494919,2026-07-17
18.75,180.0,0.46987319711314846,55.1483697988483,43.31296353448504,2026-07-17
19.0,195.0,0.46987319711314846,11.204221763653,47.95347054403932,2026-07-17
7.0,15.0,1.2,367.6471266766365,63.392873323363574,2026-07-18
7.25,30.0,1.2,543.7228675629672,40.349799103699524,2026-07-18
7.5,45.0,1.2,736.8689999390717,19.58554551547377,2026-07-18
7.75,60.0,1.2,947.4084443465352,14.60488898679796,2026-07-18
8.0,75.0,1.2,1166.15613229192,-1.7747989585866435,2026-07-18
8.25,90.0,1.2,1389.7156837274329,-18.05768372743296,2026-07-18
8.5,105.0,1.2,1611.9045501370986,-43.253883470431674,2026-07-18
8.75,120.0,1.2,1836.2412031822507,49.714130151082145,2026-07-18
9.0,135.0,1.2,2058.071427285527,-10.924760618860319,2026-07-18
9.25,150.0,1.2,2277.0027501170807,-86.40808345041432,2026-07-18
9.5,165.0,1.2,2486.23465370762,-134.05198704095346,2026-07-18
9.75,180.0,1.2,2682.103550892775,-652.8702175594419,2026-07-18
10.0,195.0,1.2,2868.096968227539,-573.0449682275384,2026-07-18
10.25,210.0,1.2,3043.163502643061,-228.27016930972786,2026-07-18
10.5,225.0,1.2,3205.648213743351,-452.88421374335076,2026-07-18
10.75,240.0,1.2,3345.589293183704,-210.76572175513184,2026-07-18
11.0,255.0,1.2,3475.975227507756,-1553.9002275077557,2026-07-18
11.25,270.0,1.2,3598.045671038975,-1391.3690043723082,2026-07-18
11.5,285.0,1.2,3700.930017687661,-256.5100176876608,2026-07-18
11.75,300.0,1.2,3768.904284819328,-974.5769514859949,2026-07-18
12.0,315.0,1.2,3823.146870762784,-1298.298870762785,2026-07-18
12.25,330.0,1.2,3867.8757847430015,-1362.644451409668,2026-07-18
12.5,345.0,1.2,3893.733145553779,-1722.5645741252074,2026-07-18
12.75,360.0,1.2,3883.5276574765567,-1200.8623241432238,2026-07-18
13.0,375.0,1.2,3861.009445956153,-703.6901126228186,2026-07-18
13.25,390.0,1.2,3826.81514777343,-1102.6124811067634,2026-07-18
13.5,405.0,1.2,3773.426755161032,-1413.7614218276985,2026-07-18
13.75,420.0,1.2,3682.484654400193,-2213.3839877335263,2026-07-18
14.0,435.0,1.2,3578.2382412498064,-2301.6409079164728,2026-07-18
14.25,450.0,1.2,3465.1920612233653,-1057.8807278900317,2026-07-18
14.5,465.0,1.2,3338.183747292708,-2138.2297472927085,2026-07-18
14.75,480.0,1.2,3185.590055954026,-1716.096055954026,2026-07-18
15.0,495.0,1.2,3023.07079971473,-1904.05279971473,2026-07-18
15.25,510.0,1.2,2852.04084969886,-1279.4872782702887,2026-07-18
15.5,525.0,1.2,2666.778760474632,-1489.9807604746318,2026-07-18
15.75,540.0,1.2,2467.0632423354946,-1524.6152423354947,2026-07-18
16.0,555.0,1.2,2261.195018300601,-1002.6363516339345,2026-07-18
16.25,570.0,1.2,2050.751670973635,-520.1430043069684,2026-07-18
16.5,585.0,1.2,1837.068476609346,-651.894309942679,2026-07-18
16.75,600.0,1.2,1619.6997830680325,62.10888359863429,2026-07-18
17.0,615.0,1.2,1399.8640699671903,-431.7614033005235,2026-07-18
17.25,630.0,1.2,1181.5206082724733,-358.3652236570887,2026-07-18
17.5,645.0,1.2,965.7506999686784,-244.78403330201172,2026-07-18
17.75,660.0,1.2,754.214624089503,-59.97729075616974,2026-07-18
18.0,675.0,1.2,543.7741879210773,-57.30752125441063,2026-07-18
18.25,690.0,1.2,355.6540019193645,-172.0166685860312,2026-07-18
18.5,705.0,1.2,198.4189021829717,-38.61156884963836,2026-07-18
18.75,720.0,1.2,90.2889481533472,14.95248041808135,2026-07-18
19.0,735.0,1.2,18.447461115650825,52.98753888434918,2026-07-18
8.5,15.0,1.0817982891658704,1489.1710970086142,79.4795696580527,2026-07-18
8.75,30.0,1.0817982891658704,1694.3730049438925,191.58232838944036,2026-07-18
9.0,45.0,1.0817982891658704,1897.6244412356348,149.52222543103198,2026-07-18
9.25,60.0,1.0817982891658704,2096.947055080885,93.6476115857813,2026-07-18
9.5,75.0,1.0817982891658704,2288.8646627358185,63.318003930848135,2026-07-18
9.75,90.0,1.0817982891658704,2470.7120304993364,-441.4786971660035,2026-07-18
10.0,105.0,1.0817982891658704,2644.063961246838,-349.0119612468375,2026-07-18
10.25,120.0,1.0817982891658704,2807.092504470338,7.8008288629948765,2026-07-18
10.5,135.0,1.0817982891658704,2959.89241195722,-207.12841195721967,2026-07-18
10.75,150.0,1.0817982891658704,3095.379802690116,39.44376873845613,2026-07-18
11.0,165.0,1.0817982891658704,3223.392460019781,-1301.317460019781,2026-07-18
11.25,180.0,1.0817982891658704,3338.816328038439,-1132.1396613717725,2026-07-18
11.5,195.0,1.0817982891658704,3438.434845617462,5.985154382537985,2026-07-18
11.75,210.0,1.0817982891658704,3501.762657484001,-707.4353241506678,2026-07-18
12.0,225.0,1.0817982891658704,3551.4914481255414,-1026.6434481255424,2026-07-18
12.25,240.0,1.0817982891658704,3588.7768274867512,-1083.5454941534176,2026-07-18
12.5,255.0,1.0817982891658704,3612.1232001148583,-1440.9546286862865,2026-07-18
12.75,270.0,1.0817982891658704,3601.5306366532386,-918.8653033199057,2026-07-18
13.0,285.0,1.0817982891658704,3578.438940111292,-421.11960677795787,2026-07-18
13.25,300.0,1.0817982891658704,3546.3377610938323,-822.1350944271658,2026-07-18
13.5,315.0,1.0817982891658704,3498.5448198951967,-1138.8794865618634,2026-07-18
13.75,330.0,1.0817982891658704,3413.293008562569,-1944.1923418959022,2026-07-18
14.0,345.0,1.0817982891658704,3315.850938134993,-2039.2536048016595,2026-07-18
14.25,360.0,1.0817982891658704,3210.048269525033,-802.7369361916994,2026-07-18
14.5,375.0,1.0817982891658704,3092.20407489794,-1892.2500748979398,2026-07-18
14.75,390.0,1.0817982891658704,2945.655931528174,-1476.161931528174,2026-07-18
15.0,405.0,1.0817982891658704,2793.0605755786382,-1674.0425755786382,2026-07-18
15.25,420.0,1.0817982891658704,2631.092283078325,-1058.538711649754,2026-07-18
15.5,435.0,1.0817982891658704,2459.994639946467,-1283.196639946467,2026-07-18
15.75,450.0,1.0817982891658704,2278.850301351561,-1336.4023013515612,2026-07-18
16.0,465.0,1.0817982891658704,2091.095648223867,-832.5369815572005,2026-07-18
16.25,480.0,1.0817982891658704,1896.4335115568365,-365.82484489016974,2026-07-18
16.5,495.0,1.0817982891658704,1698.3890055541326,-513.2148388874657,2026-07-18
16.75,510.0,1.0817982891658704,1500.3735704994722,181.43509616719462,2026-07-18
17.0,525.0,1.0817982891658704,1300.7690999569245,-332.6664332902577,2026-07-18
17.25,540.0,1.0817982891658704,1099.3396311915385,-276.1842465761539,2026-07-18
17.5,555.0,1.0817982891658704,899.8856212075976,-178.91895454093094,2026-07-18
17.75,570.0,1.0817982891658704,702.7037990418302,-8.466465708496912,2026-07-18
18.0,585.0,1.0817982891658704,505.9459906291248,-19.479323962458125,2026-07-18
18.25,600.0,1.0817982891658704,330.27759310360153,-146.64025977026824,2026-07-18
18.5,615.0,1.0817982891658704,184.14001223632772,-24.332678902994388,2026-07-18
18.75,630.0,1.0817982891658704,83.77196978083028,21.46945879059828,2026-07-18
19.0,645.0,1.0817982891658704,17.054503924149614,54.38049607585039,2026-07-18
10.0,15.0,0.9878835495057797,2457.0747308752857,-162.0227308752851,2026-07-18
10.25,30.0,0.9878835495057797,2615.1129514484974,199.7803818848356,2026-07-18
10.5,45.0,0.9878835495057797,2765.52513851683,-12.76113851682976,2026-07-18
10.75,60.0,0.9878835495057797,2898.557899025223,236.26567240334907,2026-07-18
11.0,75.0,0.9878835495057797,3021.8325349087486,-1099.7575349087485,2026-07-18
11.25,90.0,0.9878835495057797,3135.6662890768966,-928.9896224102299,2026-07-18
11.5,105.0,0.9878835495057797,3232.188942883167,212.2310571168332,2026-07-18
11.75,120.0,0.9878835495057797,3293.681647803761,-499.35431447042765,2026-07-18
12.0,135.0,0.9878835495057797,3338.500850670948,-813.6528506709487,2026-07-18
12.25,150.0,0.9878835495057797,3374.222730500724,-868.9913971673905,2026-07-18
12.5,165.0,0.9878835495057797,3393.800506053726,-1222.6319346251544,2026-07-18
12.75,180.0,0.9878835495057797,3382.5779279393264,-699.9125946059935,2026-07-18
13.0,195.0,0.9878835495057797,3360.2515866766444,-202.9322533433101,2026-07-18
13.25,210.0,0.9878835495057797,3332.127550811808,-607.9248841451413,2026-07-18
13.5,225.0,0.9878835495057797,3286.9796550605606,-927.3143217272273,2026-07-18
13.75,240.0,0.9878835495057797,3206.768870308351,-1737.6682036416842,2026-07-18
14.0,255.0,0.9878835495057797,3115.9053315445303,-1839.3079982111967,2026-07-18
14.25,270.0,0.9878835495057797,3017.7344752170866,-610.423141883753,2026-07-18
14.5,285.0,0.9878835495057797,2907.6891049978885,-1707.7351049978886,2026-07-18
14.75,300.0,0.9878835495057797,2774.437343182238,-1304.9433431822379,2026-07-18
15.0,315.0,0.9878835495057797,2628.3542975735027,-1509.3362975735026,2026-07-18
15.25,330.0,0.9878835495057797,2473.61971620791,-901.0661447793391,2026-07-18
15.5,345.0,0.9878835495057797,2310.750965884584,-1133.9529658845838,2026-07-18
15.75,360.0,0.9878835495057797,2141.616802984898,-1199.1688029848983,2026-07-18
16.0,375.0,0.9878835495057797,1965.6329238731,-707.0742572064335,2026-07-18
16.25,390.0,0.9878835495057797,1784.1062507305978,-253.49758406393107,2026-07-18
16.5,405.0,0.9878835495057797,1599.4379522112094,-414.26378554454254,2026-07-18
16.75,420.0,0.9878835495057797,1413.9676923654451,267.84097430122165,2026-07-18
17.0,435.0,0.9878835495057797,1226.4423624053918,-258.339695738725,2026-07-18
17.25,450.0,0.9878835495057797,1038.3086606435288,-215.1532760281442,2026-07-18
17.5,465.0,0.9878835495057797,850.5201029013909,-129.55343623472424,2026-07-18
17.75,480.0,0.9878835495057797,664.6636574446954,29.57367588863781,2026-07-18
18.0,495.0,0.9878835495057797,478.1045075694372,8.362159097229494,2026-07-18
18.25,510.0,0.9878835495057797,312.1792089273244,-128.5418755939911,2026-07-18
18.5,525.0,0.9878835495057797,173.88511999072745,-14.077786657394114,2026-07-18
18.75,540.0,0.9878835495057797,78.99083582426957,26.25059274715899,2026-07-18
19.0,555.0,0.9878835495057797,16.02011447447438,55.41488552552562,2026-07-18
11.5,15.0,0.8379950645844636,2819.2823651672384,625.1376348327617,2026-07-18
11.75,30.0,0.8379950645844636,2884.045485263332,-89.71815192999884,2026-07-18
12.0,45.0,0.8379950645844636,2932.819667411968,-407.97166741196907,2026-07-18
12.25,60.0,0.8379950645844636,2969.209078516292,-463.9777451829582,2026-07-18
12.5,75.0,0.8379950645844636,2993.7457386664573,-822.5771672378855,2026-07-18
12.75,90.0,0.8379950645844636,2993.031885828767,-310.366552495434,2026-07-18
13.0,105.0,0.8379950645844636,2980.5423606105846,176.77697272274963,2026-07-18
13.25,120.0,0.8379950645844636,2958.524607015076,-234.3219403484095,2026-07-18
13.5,135.0,0.8379950645844636,2924.123349530659,-564.4580161973258,2026-07-18
13.75,150.0,0.8379950645844636,2856.7742445393446,-1387.673577872678,2026-07-18
14.0,165.0,0.8379950645844636,2778.749915863106,-1502.1525825297722,2026-07-18
14.25,180.0,0.8379950645844636,2694.600933165391,-287.2895998320573,2026-07-18
14.5,195.0,0.8379950645844636,2596.738069112915,-1396.7840691129152,2026-07-18
14.75,210.0,0.8379950645844636,2479.5677729105923,-1010.0737729105924,2026-07-18
15.0,225.0,0.8379950645844636,2351.69847151498,-1232.6804715149801,2026-07-18
15.25,240.0,0.8379950645844636,2217.766976257107,-645.2134048285361,2026-07-18
15.5,255.0,0.8379950645844636,2075.5163413539526,-898.7183413539526,2026-07-18
15.75,270.0,0.8379950645844636,1922.0586061583813,-979.6106061583813,2026-07-18
16.0,285.0,0.8379950645844636,1762.6289205678702,-504.0702539012036,2026-07-18
16.25,300.0,0.8379950645844636,1599.9811174707756,-69.3724508041089,2026-07-18
16.5,315.0,0.8379950645844636,1432.8067614603067,-247.63259479363978,2026-07-18
16.75,330.0,0.8379950645844636,1263.753157675579,418.0555089910879,2026-07-18
17.0,345.0,0.8379950645844636,1093.8213312641135,-125.71866459744672,2026-07-18
17.25,360.0,0.8379950645844636,924.5917810713756,-101.43639645599103,2026-07-18
17.5,375.0,0.8379950645844636,757.3510580022121,-36.38439133554539,2026-07-18
17.75,390.0,0.8379950645844636,594.476130673807,99.76120265952625,2026-07-18
18.0,405.0,0.8379950645844636,428.4853896804639,57.98127698620277,2026-07-18
18.25,420.0,0.8379950645844636,280.11918751111733,-96.48185417778404,2026-07-18
18.5,435.0,0.8379950645844636,156.3717189318136,3.4356144015197287,2026-07-18
18.75,450.0,0.8379950645844636,71.30087955319492,33.94054901823364,2026-07-18
19.0,465.0,0.8379950645844636,14.429569149474412,57.00543085052559,2026-07-18
13.0,15.0,0.7397809760476923,2656.847208841194,500.4721244921402,2026-07-18
13.25,30.0,0.7397809760476923,2643.2979282009846,80.90473846568193,2026-07-18
13.5,45.0,0.7397809760476923,2617.0423946791298,-257.3770613457964,2026-07-18
13.75,60.0,0.7397809760476923,2565.8445327881536,-1096.743866121487,2026-07-18
14.0,75.0,0.7397809760476923,2503.763091298856,-1227.1657579655225,2026-07-18
14.25,90.0,0.7397809760476923,2435.468623483971,-28.157290150637436,2026-07-18
14.5,105.0,0.7397809760476923,2355.6986659832373,-1155.7446659832374,2026-07-18
14.75,120.0,0.7397809760476923,2255.005055733958,-785.5110557339583,2026-07-18
15.0,135.0,0.7397809760476923,2148.3078134346647,-1029.2898134346647,2026-07-18
15.25,150.0,0.7397809760476923,2031.9857240493425,-459.4321526207714,2026-07-18
15.5,165.0,0.7397809760476923,1907.901870236955,-731.1038702369549,2026-07-18
15.75,180.0,0.7397809760476923,1773.3795584379857,-830.9315584379857,2026-07-18
16.0,195.0,0.7397809760476923,1633.917996345332,-375.3593296786655,2026-07-18
16.25,210.0,0.7397809760476923,1490.5186835662191,40.089983100447625,2026-07-18
16.5,225.0,0.7397809760476923,1343.9083499471467,-158.73418328047978,2026-07-18
16.75,240.0,0.7397809760476923,1188.12970277905,493.6789638876169,2026-07-18
17.0,255.0,0.7397809760476923,1032.5816444141512,-64.47897774748446,2026-07-18
17.25,270.0,0.7397809760476923,877.558746754491,-54.403362139106434,2026-07-18
17.5,285.0,0.7397809760476923,721.9990735093282,-1.032406842661544,2026-07-18
17.75,300.0,0.7397809760476923,563.8889764135795,130.34835691975377,2026-07-18
18.0,315.0,0.7397809760476923,405.80879010028696,80.65787656637974,2026-07-18
18.25,330.0,0.7397809760476923,264.7168895005016,-81.07955616716833,2026-07-18
18.5,345.0,0.7397809760476923,147.2583755958986,12.548957737434733,2026-07-18
18.75,360.0,0.7397809760476923,66.94167298296671,38.29975558846185,2026-07-18
19.0,375.0,0.7397809760476923,13.471676467531143,57.96332353246886,2026-07-18
14.5,15.0,0.5763123814630742,2015.2282309342968,-815.2742309342968,2026-07-18
14.75,30.0,0.5763123814630742,1928.120535502768,-458.6265355027681,2026-07-18
15.0,45.0,0.5763123814630742,1834.515489989056,-715.497489989056,2026-07-18
15.25,60.0,0.5763123814630742,1738.3987917844795,-165.8452203559084,2026-07-18
15.5,75.0,0.5763123814630742,1636.847504664823,-460.04950466482296,2026-07-18
15.75,90.0,0.5763123814630742,1522.3701818321574,-579.9221818321574,2026-07-18
16.0,105.0,0.5763123814630742,1403.441563040555,-144.88289637388834,2026-07-18
16.25,120.0,0.5763123814630742,1280.6839137857485,249.92475288091828,2026-07-18
16.5,135.0,0.5763123814630742,1155.342903752058,29.831262914608942,2026-07-18
16.75,150.0,0.5763123814630742,1021.1590059064464,660.6496607602204,2026-07-18
17.0,165.0,0.5763123814630742,886.9252243382638,81.177442328403,2026-07-18
17.25,180.0,0.5763123814630742,754.1473845328825,69.00800008250212,2026-07-18
17.5,195.0,0.5763123814630742,621.9117629478611,99.05490371880558,2026-07-18
17.75,210.0,0.5763123814630742,488.0426139400951,206.19471939323813,2026-07-18
18.0,225.0,0.5763123814630742,352.2488639541488,134.21780271251788,2026-07-18
18.25,240.0,0.5763123814630742,230.72871031943583,-47.091376986102546,2026-07-18
18.5,255.0,0.5763123814630742,128.87213131133902,30.935202021994314,2026-07-18
18.75,270.0,0.5763123814630742,58.76242041734528,46.479008154083274,2026-07-18
19.0,285.0,0.5763123814630742,11.757823653163284,59.67717634683672,2026-07-18
16.0,15.0,0.4858436506761317,1208.7106900734736,49.847976593192925,2026-07-18
16.25,30.0,0.4858436506761317,1110.6836285142788,419.92503815238797,2026-07-18
16.5,45.0,0.4858436506761317,1005.9077877402948,179.2663789263721,2026-07-18
16.75,60.0,0.4858436506761317,891.775612414704,790.0330542519628,2026-07-18
17.0,75.0,0.4858436506761317,776.8964815749927,191.20618509167412,2026-07-18
17.25,90.0,0.4858436506761317,663.3528954620715,159.8024891533131,2026-07-18
17.5,105.0,0.4858436506761317,549.8347599695421,171.13190669712458,2026-07-18
17.75,120.0,0.4858436506761317,433.90236788966206,260.3349654436712,2026-07-18
18.0,135.0,0.4858436506761317,314.68502998999605,171.78163667667064,2026-07-18
18.25,150.0,0.4858436506761317,207.3991413397528,-23.7618080064195,2026-07-18
18.5,165.0,0.4858436506761317,116.58052873778983,43.2268045955435,2026-07-18
18.75,180.0,0.4858436506761317,53.43543935510808,51.80598921632048,2026-07-18
19.0,195.0,0.4858436506761317,10.665909648993122,60.76909035100688,2026-07-18
7.0,15.0,1.2,364.19202119256096,137.00264547410563,2026-07-19
7.25,30.0,1.2,539.8037371421326,8.39092952453393,2026-07-19
7.5,45.0,1.2,732.9688027828812,-160.28413611621454,2026-07-19
7.75,60.0,1.2,933.5776327523334,-311.16296608566677,2026-07-19
8.0,75.0,1.2,1140.4051689055862,-495.5998355722528,2026-07-19
8.25,90.0,1.2,1349.889361358997,-610.0873613589969,2026-07-19
8.5,105.0,1.2,1559.3965972078724,-728.4819305412055,2026-07-19
8.75,120.0,1.2,1753.9169712877144,-741.6889712877143,2026-07-19
9.0,135.0,1.2,1939.6966289513289,-846.3852956179958,2026-07-19
9.25,150.0,1.2,2119.85313037856,-952.33913037856,2026-07-19
9.5,165.0,1.2,2295.2788585783555,-968.0495252450221,2026-07-19
9.75,180.0,1.2,2457.833178123698,-871.7178447903646,2026-07-19
10.0,195.0,1.2,2606.614462475384,-1187.0791291420505,2026-07-19
10.25,210.0,1.2,2740.122553466116,-1386.751220132783,2026-07-19
10.5,225.0,1.2,2861.153314584763,-1672.1339812514295,2026-07-19
10.75,240.0,1.2,2978.165285015594,-1804.1119516822605,2026-07-19
11.0,255.0,1.2,3083.4946337325946,-2058.6173003992612,2026-07-19
11.25,270.0,1.2,3173.152903679138,-2303.008903679138,2026-07-19
11.5,285.0,1.2,3242.949425595444,-2122.059425595444,2026-07-19
11.75,300.0,1.2,3302.344809134624,-1872.8674758012908,2026-07-19
12.0,315.0,1.2,3349.3177782875346,-2160.7891116208675,2026-07-19
12.25,330.0,1.2,3383.2667547400383,-2123.2794214067053,2026-07-19
12.5,345.0,1.2,3400.6295056950303,-1806.62350569503,2026-07-19
12.75,360.0,1.2,3404.78725622163,-1602.4232562216298,2026-07-19
13.0,375.0,1.2,3392.875464219562,-1690.0127975528953,2026-07-19
13.25,390.0,1.2,3360.991413871191,-1558.259413871191,2026-07-19
13.5,405.0,1.2,3312.8209176479168,-1627.7669176479167,2026-07-19
13.75,420.0,1.2,3258.1892528577387,-1912.085919524405,2026-07-19
14.0,435.0,1.2,3188.6568078227665,-2162.3361411560995,2026-07-19
14.25,450.0,1.2,3104.170702567895,-2251.539369234562,2026-07-19
14.5,465.0,1.2,3008.0881902603005,-2162.5495235936337,2026-07-19
14.75,480.0,1.2,2898.9934720424044,-1917.6634720424045,2026-07-19
15.0,495.0,1.2,2775.7590943872906,-1618.2244277206237,2026-07-19
15.25,510.0,1.2,2641.511425481813,-1366.8407588151465,2026-07-19
15.5,525.0,1.2,2498.4585360386877,-1130.2552027053541,2026-07-19
15.75,540.0,1.2,2329.581263645911,-1092.3125969792443,2026-07-19
16.0,555.0,1.2,2152.441412161349,-1012.8480788280158,2026-07-19
16.25,570.0,1.2,1967.2270662034543,-814.7443995367876,2026-07-19
16.5,585.0,1.2,1776.6568683242945,-616.7015349909609,2026-07-19
16.75,600.0,1.2,1565.7246892801277,-203.45602261346085,2026-07-19
17.0,615.0,1.2,1353.4370747879325,-412.74374145459933,2026-07-19
17.25,630.0,1.2,1141.6678816596193,-486.30988165961924,2026-07-19
17.5,645.0,1.2,931.2730057441514,-390.58300574415136,2026-07-19
17.75,660.0,1.2,728.1992261449634,-295.9192261449635,2026-07-19
18.0,675.0,1.2,537.5820984690853,-140.94276513575193,2026-07-19
18.25,690.0,1.2,351.6144633199985,5.12553668000146,2026-07-19
18.5,705.0,1.2,195.7799505500172,39.69433516426852,2026-07-19
18.75,720.0,1.2,88.4284710377568,55.36419562890987,2026-07-19
19.0,735.0,1.2,17.569440963993667,32.82472570267301,2026-07-19
8.5,15.0,0.5767970701145242,839.1931064557795,-8.278439789112554,2026-07-19
8.75,30.0,0.5767970701145242,949.9000381240032,62.32796187599695,2026-07-19
9.0,45.0,0.5767970701145242,1054.6452762276149,38.66605710571821,2026-07-19
9.25,60.0,0.5767970701145242,1157.5208093485862,9.99319065141367,2026-07-19
9.5,75.0,0.5767970701145242,1263.4418136546797,63.78751967865378,2026-07-19
9.75,90.0,0.5767970701145242,1360.5216943937955,225.59363893953787,2026-07-19
10.0,105.0,0.5767970701145242,1447.2796905666962,-27.744357233362962,2026-07-19
10.25,120.0,0.5767970701145242,1524.9630906969048,-171.59175736357156,2026-07-19
10.5,135.0,0.5767970701145242,1590.816067435086,-401.7967341017527,2026-07-19
10.75,150.0,0.5767970701145242,1668.6295991729098,-494.57626583957654,2026-07-19
11.0,165.0,0.5767970701145242,1750.2554103284845,-725.3780769951511,2026-07-19
11.25,180.0,0.5767970701145242,1820.7058874241472,-950.5618874241471,2026-07-19
11.5,195.0,0.5767970701145242,1863.9688433778456,-743.0788433778455,2026-07-19
11.75,210.0,0.5767970701145242,1901.9848426723893,-472.507509339056,2026-07-19
12.0,225.0,0.5767970701145242,1938.6491569447212,-750.1204902780544,2026-07-19
12.25,240.0,0.5767970701145242,1972.514718746105,-712.5273854127718,2026-07-19
12.5,255.0,0.5767970701145242,1994.7433509344523,-400.737350934452,2026-07-19
12.75,270.0,0.5767970701145242,1998.7010820711223,-196.33708207112227,2026-07-19
13.0,285.0,0.5767970701145242,1981.5359060199792,-278.6732393533123,2026-07-19
13.25,300.0,0.5767970701145242,1947.5937327042525,-144.86173270425252,2026-07-19
13.5,315.0,0.5767970701145242,1905.240354943585,-220.186354943585,2026-07-19
13.75,330.0,0.5767970701145242,1871.4382582010091,-525.3349248676755,2026-07-19
14.0,345.0,0.5767970701145242,1831.0778936534648,-804.7572269867978,2026-07-19
14.25,360.0,0.5767970701145242,1787.9487131651383,-935.317379831805,2026-07-19
14.5,375.0,0.5767970701145242,1746.0923299591675,-900.5536632925007,2026-07-19
14.75,390.0,0.5767970701145242,1701.4088111054436,-720.0788111054436,2026-07-19
15.0,405.0,0.5767970701145242,1644.7158537340983,-487.18118706743144,2026-07-19
15.25,420.0,0.5767970701145242,1584.1778831784322,-309.5072165117656,2026-07-19
15.5,435.0,0.5767970701145242,1520.4026118435772,-152.19927851024363,2026-07-19
15.75,450.0,0.5767970701145242,1430.1464366954183,-192.87777002875168,2026-07-19
16.0,465.0,0.5767970701145242,1330.3979408756632,-190.8046075423299,2026-07-19
16.25,480.0,0.5767970701145242,1225.934577076512,-73.45191040984514,2026-07-19
16.5,495.0,0.5767970701145242,1114.0389422162434,45.91639111709014,2026-07-19
16.75,510.0,0.5767970701145242,988.1155888140806,374.1530778525862,2026-07-19
17.0,525.0,0.5767970701145242,863.2480046894415,77.44532864389168,2026-07-19
17.25,540.0,0.5767970701145242,734.4674781356766,-79.10947813567657,2026-07-19
17.5,555.0,0.5767970701145242,601.8631456070044,-61.17314560700436,2026-07-19
17.75,570.0,0.5767970701145242,474.1883569199063,-41.908356919906396,2026-07-19
18.0,585.0,0.5767970701145242,354.67910871529887,41.96022461803449,2026-07-19
18.25,600.0,0.5767970701145242,232.35047406144676,124.38952593855319,2026-07-19
18.5,615.0,0.5767970701145242,129.2268802540936,106.24740546019211,2026-07-19
18.75,630.0,0.5767970701145242,58.17617703423585,85.61648963243081,2026-07-19
19.0,645.0,0.5767970701145242,11.220536339122305,39.173630327544366,2026-07-19
10.0,15.0,0.5437518125979208,1349.1456781997235,70.38965513360972,2026-07-19
10.25,30.0,0.5437518125979208,1427.4813328703613,-74.10999953702799,2026-07-19
10.5,45.0,0.5437518125979208,1497.5544218097673,-308.5350884764339,2026-07-19
10.75,60.0,0.5437518125979208,1569.8571438937706,-395.80381056043734,2026-07-19
11.0,75.0,0.5437518125979208,1645.6650869340176,-620.7877536006843,2026-07-19
11.25,90.0,0.5437518125979208,1716.5790479040854,-846.4350479040853,2026-07-19
11.5,105.0,0.5437518125979208,1768.9919636986451,-648.101963698645,2026-07-19
11.75,120.0,0.5437518125979208,1812.2042504576843,-382.7269171243511,2026-07-19
12.0,135.0,0.5437518125979208,1849.9651448223528,-661.436478155686,2026-07-19
12.25,150.0,0.5437518125979208,1883.671120722094,-623.6837873887607,2026-07-19
12.5,165.0,0.5437518125979208,1906.630854394053,-312.6248543940526,2026-07-19
12.75,180.0,0.5437518125979208,1912.562949625976,-110.19894962597596,2026-07-19
13.0,195.0,0.5437518125979208,1892.042427184056,-189.179760517389,2026-07-19
13.25,210.0,0.5437518125979208,1857.061641440712,-54.32964144071207,2026-07-19
13.5,225.0,0.5437518125979208,1820.5077080707972,-135.45370807079712,2026-07-19
13.75,240.0,0.5437518125979208,1788.1634402095417,-442.060106876208,2026-07-19
14.0,255.0,0.5437518125979208,1749.7558527971796,-723.4351861305126,2026-07-19
14.25,270.0,0.5437518125979208,1709.54581975692,-856.9144864235868,2026-07-19
14.5,285.0,0.5437518125979208,1673.1356605563444,-827.5969938896776,2026-07-19
14.75,300.0,0.5437518125979208,1628.1422619073617,-646.8122619073616,2026-07-19
15.0,315.0,0.5437518125979208,1571.0188797765272,-413.4842131098603,2026-07-19
15.25,330.0,0.5437518125979208,1510.7208048306325,-236.0501381639658,2026-07-19
15.5,345.0,0.5437518125979208,1448.2598034647488,-80.05647013141515,2026-07-19
15.75,360.0,0.5437518125979208,1360.228694497272,-122.96002783060544,2026-07-19
16.0,375.0,0.5437518125979208,1266.990739403031,-127.39740606969781,2026-07-19
16.25,390.0,0.5437518125979208,1172.300423725109,-19.81775705844234,2026-07-19
16.5,405.0,0.5437518125979208,1070.2029966424943,89.75233669083923,2026-07-19
16.75,420.0,0.5437518125979208,947.9441893042816,414.3244773623852,2026-07-19
17.0,435.0,0.5437518125979208,827.7178740612044,112.97545927212877,2026-07-19
17.25,450.0,0.5437518125979208,705.9631676470682,-50.60516764706813,2026-07-19
17.5,465.0,0.5437518125979208,580.8676808355325,-40.17768083553244,2026-07-19
17.75,480.0,0.5437518125979208,458.75581145480817,-26.47581145480825,2026-07-19
18.0,495.0,0.5437518125979208,343.54032728294175,53.09900605039161,2026-07-19
18.25,510.0,0.5437518125979208,225.19430330848917,131.54569669151078,2026-07-19
18.5,525.0,0.5437518125979208,125.58228843718,109.89199727710572,2026-07-19
18.75,540.0,0.5437518125979208,56.56950636425907,87.22316030240759,2026-07-19
19.0,555.0,0.5437518125979208,10.871717949379605,39.52244871728706,2026-07-19
11.5,15.0,0.31340940970012676,1033.1433360828844,87.74666391711571,2026-07-19
11.75,30.0,0.31340940970012676,1078.2438119488602,351.2335213844731,2026-07-19
12.0,45.0,0.31340940970012676,1111.9549318046818,76.57373486198503,2026-07-19
12.25,60.0,0.31340940970012676,1139.535433390846,120.45189994248722,2026-07-19
12.5,75.0,0.31340940970012676,1163.561680798158,430.4443192018423,2026-07-19
12.75,90.0,0.31340940970012676,1183.129046650441,619.234953349559,2026-07-19
13.0,105.0,0.31340940970012676,1184.0953460130884,518.7673206535785,2026-07-19
13.25,120.0,0.31340940970012676,1174.8374418697135,627.8945581302864,2026-07-19
13.5,135.0,0.31340940970012676,1163.003672542225,522.050327457775,2026-07-19
13.75,150.0,0.31340940970012676,1160.8995052409923,185.20382809234138,2026-07-19
14.0,165.0,0.31340940970012676,1148.667914418465,-122.34724775179802,2026-07-19
14.25,180.0,0.31340940970012676,1133.183606921163,-280.55227358782963,2026-07-19
14.5,195.0,0.31340940970012676,1115.1569445091477,-269.6182778424809,2026-07-19
14.75,210.0,0.31340940970012676,1093.623373474014,-112.29337347401395,2026-07-19
15.0,225.0,0.31340940970012676,1067.042154770755,90.492511895912,2026-07-19
15.25,240.0,0.31340940970012676,1039.203440694584,235.4672259720826,2026-07-19
15.5,255.0,0.31340940970012676,1007.5273391191732,360.67599421416037,2026-07-19
15.75,270.0,0.31340940970012676,953.8460173238584,283.4226493428082,2026-07-19
16.0,285.0,0.31340940970012676,895.6163415981752,243.9769917351581,2026-07-19
16.25,300.0,0.31340940970012676,833.5327473691749,318.9499192974919,2026-07-19
16.5,315.0,0.31340940970012676,764.0688676340706,395.886465699263,2026-07-19
16.75,330.0,0.31340940970012676,677.8146282211839,684.454038445483,2026-07-19
17.0,345.0,0.31340940970012676,593.2090055493726,347.48432778396057,2026-07-19
17.25,360.0,0.31340940970012676,507.1236115457018,148.23438845429826,2026-07-19
17.5,375.0,0.31340940970012676,421.69771889801103,118.99228110198902,2026-07-19
17.75,390.0,0.31340940970012676,338.26657229770404,94.01342770229587,2026-07-19
18.0,405.0,0.31340940970012676,257.39045453210883,139.24887880122452,2026-07-19
18.25,420.0,0.31340940970012676,168.98612940914262,187.75387059085733,2026-07-19
18.5,435.0,0.31340940970012676,94.47340241437782,141.0008832999079,2026-07-19
18.75,450.0,0.31340940970012676,42.820145098653896,100.97252156801277,2026-07-19
19.0,465.0,0.31340940970012676,8.114633151803286,42.27953351486339,2026-07-19
13.0,15.0,0.39527215126260373,1361.123088240974,341.7395784256928,2026-07-19
13.25,30.0,0.39527215126260373,1327.652394691518,475.07960530848186,2026-07-19
13.5,45.0,0.39527215126260373,1287.983003832939,397.07099616706114,2026-07-19
13.75,60.0,0.39527215126260373,1272.1384193524618,73.96491398087187,2026-07-19
14.0,75.0,0.39527215126260373,1251.336680294508,-225.01601362784095,2026-07-19
14.25,90.0,0.39527215126260373,1219.5500794796517,-366.9187461463184,2026-07-19
14.5,105.0,0.39527215126260373,1183.1359369834868,-337.59727031681996,2026-07-19
14.75,120.0,0.39527215126260373,1149.4230007911465,-168.09300079114644,2026-07-19
15.0,135.0,0.39527215126260373,1109.2311827869316,48.30348387973527,2026-07-19
15.25,150.0,0.39527215126260373,1069.975211521406,204.69545514526067,2026-07-19
15.5,165.0,0.39527215126260373,1023.0277141589078,345.17561917442583,2026-07-19
15.75,180.0,0.39527215126260373,957.501877850328,279.7667888163386,2026-07-19
16.0,195.0,0.39527215126260373,889.8595595190021,249.73377381433113,2026-07-19
16.25,210.0,0.39527215126260373,819.7975439349169,332.68512273174986,2026-07-19
16.5,225.0,0.39527215126260373,744.7604736273017,415.1948597060318,2026-07-19
16.75,240.0,0.39527215126260373,658.8073152254404,703.4613514412264,2026-07-19
17.0,255.0,0.39527215126260373,570.6834423876325,370.0098909457007,2026-07-19
17.25,270.0,0.39527215126260373,482.53893799907,172.81906200093005,2026-07-19
17.5,285.0,0.39527215126260373,396.3119707863904,144.37802921360964,2026-07-19
17.75,300.0,0.39527215126260373,313.3533269179617,118.92667308203823,2026-07-19
18.0,315.0,0.39527215126260373,233.22415996853056,163.4151733648028,2026-07-19
18.25,330.0,0.39527215126260373,160.6190300006985,196.12096999930145,2026-07-19
18.5,345.0,0.39527215126260373,98.32727567903903,137.1470100352467,2026-07-19
18.75,360.0,0.39527215126260373,47.30325615496543,96.48941051170124,2026-07-19
19.0,375.0,0.39527215126260373,9.039984786300533,41.35418188036614,2026-07-19
14.5,15.0,0.3521526415535066,1022.3098236192792,-176.7711569526124,2026-07-19
14.75,30.0,0.3521526415535066,997.012171571427,-15.68217157142692,2026-07-19
15.0,45.0,0.3521526415535066,961.8764725758714,195.65819409079552,2026-07-19
15.25,60.0,0.3521526415535066,929.690653648002,344.98001301866464,2026-07-19
15.5,75.0,0.3521526415535066,897.6680233171144,470.5353100162192,2026-07-19
15.75,90.0,0.3521526415535066,846.551509215792,390.71715745087465,2026-07-19
16.0,105.0,0.3521526415535066,788.0817223606492,351.511610972684,2026-07-19
16.25,120.0,0.3521526415535066,727.1662446810035,425.3164219856633,2026-07-19
16.5,135.0,0.3521526415535066,664.1044923734675,495.8508409598661,2026-07-19
16.75,150.0,0.3521526415535066,589.1193242301078,773.149342436559,2026-07-19
17.0,165.0,0.3521526415535066,512.383642832467,428.30969050086617,2026-07-19
17.25,180.0,0.3521526415535066,434.3637683108584,220.99423168914166,2026-07-19
17.5,195.0,0.3521526415535066,358.3072473821952,182.38275261780484,2026-07-19
17.75,210.0,0.3521526415535066,285.45980215120704,146.82019784879287,2026-07-19
18.0,225.0,0.3521526415535066,213.92628243930585,182.7130508940275,2026-07-19
18.25,240.0,0.3521526415535066,148.59347398319116,208.1465260168088,2026-07-19
18.5,255.0,0.3521526415535066,91.84377913423866,143.63050658004704,2026-07-19
18.75,270.0,0.3521526415535066,44.56325725838784,99.22940940827883,2026-07-19
19.0,285.0,0.3521526415535066,8.489568528279841,41.90459813838683,2026-07-19
16.0,15.0,0.455697520417196,961.8543687931452,177.73896454018802,2026-07-19
16.25,30.0,0.455697520417196,883.4488292109118,269.033837455755,2026-07-19
16.5,45.0,0.455697520417196,799.4238532559272,360.5314800774064,2026-07-19
16.75,60.0,0.455697520417196,706.8525011330885,655.4161655335784,2026-07-19
17.0,75.0,0.455697520417196,615.2249702183075,325.4683631150257,2026-07-19
17.25,90.0,0.455697520417196,522.4687448780414,132.88925512195863,2026-07-19
17.5,105.0,0.455697520417196,429.2080304800348,111.48196951996528,2026-07-19
17.75,120.0,0.455697520417196,339.7818454857773,92.49815451422262,2026-07-19
18.0,135.0,0.455697520417196,252.5316841202668,144.10764921306657,2026-07-19
18.25,150.0,0.455697520417196,173.06241343919248,183.67758656080747,2026-07-19
18.5,165.0,0.455697520417196,105.21876292481684,130.25552278946887,2026-07-19
18.75,180.0,0.455697520417196,50.51261857835191,93.28004808831474,2026-07-19
19.0,195.0,0.455697520417196,9.700918702720545,40.69324796394613,2026-07-19
7.0,15.0,1.1603761494664626,320.5649303218708,45.78706967812917,2026-07-20
7.25,30.0,1.1603761494664626,477.14215513388,-23.20615513388003,2026-07-20
7.5,45.0,1.1603761494664626,648.192407545494,-107.58307421216068,2026-07-20
7.75,60.0,1.1603761494664626,832.7854423378255,-200.70010900449222,2026-07-20
8.0,75.0,1.1603761494664626,1024.4969719109326,-281.6909719109326,2026-07-20
8.25,90.0,1.1603761494664626,1219.6983492544384,-433.96634925443834,2026-07-20
8.5,105.0,1.1603761494664626,1413.2651403391228,-459.3244736724564,2026-07-20
8.75,120.0,1.1603761494664626,1610.043591034963,-171.98359103496273,2026-07-20
9.0,135.0,1.1603761494664626,1801.1173511210295,-39.6413511210294,2026-07-20
9.25,150.0,1.1603761494664626,1986.1927393897315,617.9959272769363,2026-07-20
9.5,165.0,1.1603761494664626,2161.119733256571,-239.00506658990435,2026-07-20
9.75,180.0,1.1603761494664626,2329.851459519493,-975.2161261861595,2026-07-20
10.0,195.0,1.1603761494664626,2485.9141349507663,-1321.6794682840996,2026-07-20
10.25,210.0,1.1603761494664626,2633.7844663009128,-1381.1211329675793,2026-07-20
10.5,225.0,1.1603761494664626,2770.6760228170933,-1164.15868948376,2026-07-20
10.75,240.0,1.1603761494664626,2902.100446056113,-1571.33111272278,2026-07-20
11.0,255.0,1.1603761494664626,3022.2846675918054,-1825.864667591805,2026-07-20
11.25,270.0,1.1603761494664626,3128.68289885736,-1964.27889885736,2026-07-20
11.5,285.0,1.1603761494664626,3223.827058671533,-1782.2230586715332,2026-07-20
11.75,300.0,1.1603761494664626,3313.048921132753,-1921.1175877994197,2026-07-20
12.0,315.0,1.1603761494664626,3386.5776141847487,-2308.7422808514157,2026-07-20
12.25,330.0,1.1603761494664626,3441.4753284789595,-2061.9993284789593,2026-07-20
12.5,345.0,1.1603761494664626,3466.432636139931,-2120.315969473265,2026-07-20
12.75,360.0,1.1603761494664626,3463.376916815441,-2149.9055834821074,2026-07-20
13.0,375.0,1.1603761494664626,3448.537254685993,-2121.5059213526597,2026-07-20
13.25,390.0,1.1603761494664626,3428.7936997903794,-2342.7856997903796,2026-07-20
13.5,405.0,1.1603761494664626,3389.612094452385,-1962.6394277857187,2026-07-20
13.75,420.0,1.1603761494664626,3330.93501816691,-1464.7063515002437,2026-07-20
14.0,435.0,1.1603761494664626,3266.004874266528,-980.8642075998614,2026-07-20
14.25,450.0,1.1603761494664626,3188.593051784749,-568.1990517847494,2026-07-20
14.5,465.0,1.1603761494664626,3096.823830615443,-1054.689830615443,2026-07-20
14.75,480.0,1.1603761494664626,2987.573161190593,-951.602494523926,2026-07-20
15.0,495.0,1.1603761494664626,2864.27794078447,-1030.4532741178036,2026-07-20
15.25,510.0,1.1603761494664626,2727.660068832234,-1191.6320688322346,2026-07-20
15.5,525.0,1.1603761494664626,2574.7603229754777,-1302.1529896421441,2026-07-20
15.75,540.0,1.1603761494664626,2397.3825813361477,-1320.1879146694814,2026-07-20
16.0,555.0,1.1603761494664626,2208.6596293631424,-888.4716293631423,2026-07-20
16.25,570.0,1.1603761494664626,2015.6777077193312,-425.1837077193313,2026-07-20
16.5,585.0,1.1603761494664626,1818.8989664808707,-838.6249664808707,2026-07-20
16.75,600.0,1.1603761494664626,1606.3293388738005,-636.278005540467,2026-07-20
17.0,615.0,1.1603761494664626,1389.0731350674262,-412.32813506742616,2026-07-20
17.25,630.0,1.1603761494664626,1171.1803082278868,-196.41830822788688,2026-07-20
17.5,645.0,1.1603761494664626,955.2845076779838,-377.7078410113172,2026-07-20
17.75,660.0,1.1603761494664626,735.2310837485545,-347.21575041522124,2026-07-20
18.0,675.0,1.1603761494664626,528.9040816147626,-256.3527482814293,2026-07-20
18.25,690.0,1.1603761494664626,344.0512490122638,-143.8419156789305,2026-07-20
18.5,705.0,1.1603761494664626,189.5426250975748,-83.76262509757481,2026-07-20
18.75,720.0,1.1603761494664626,84.01982642665719,-18.489159759990514,2026-07-20
19.0,735.0,1.1603761494664626,16.002045881250037,16.407954118749966,2026-07-20
8.5,15.0,0.5978273459700544,794.085404865195,159.85526180147144,2026-07-20
8.75,30.0,0.5978273459700544,912.6191118300655,525.4408881699346,2026-07-20
9.0,45.0,0.5978273459700544,1031.14384332871,730.33215667129,2026-07-20
9.25,60.0,0.5978273459700544,1143.966649145716,1460.2220175209518,2026-07-20
9.5,75.0,0.5978273459700544,1245.7083290804103,676.4063375862565,2026-07-20
9.75,90.0,0.5978273459700544,1342.0990085191922,12.536324814141153,2026-07-20
10.0,105.0,0.5978273459700544,1430.1458975814144,-265.91123091474765,2026-07-20
10.25,120.0,0.5978273459700544,1520.349702791948,-267.68636945861454,2026-07-20
10.5,135.0,0.5978273459700544,1601.8868187335506,4.6305145997826,2026-07-20
10.75,150.0,0.5978273459700544,1685.1746313988665,-354.40529806553354,2026-07-20
11.0,165.0,0.5978273459700544,1767.6019339184966,-571.1819339184963,2026-07-20
11.25,180.0,0.5978273459700544,1845.5618279924945,-681.1578279924943,2026-07-20
11.5,195.0,0.5978273459700544,1921.0595123633384,-479.4555123633386,2026-07-20
11.75,210.0,0.5978273459700544,1999.9827957541172,-608.0514624207838,2026-07-20
12.0,225.0,0.5978273459700544,2067.210868500061,-989.375535166728,2026-07-20
12.25,240.0,0.5978273459700544,2117.3009790040524,-737.8249790040522,2026-07-20
12.5,255.0,0.5978273459700544,2139.053734167193,-792.9370675005266,2026-07-20
12.75,270.0,0.5978273459700544,2124.2146398482937,-810.7433065149601,2026-07-20
13.0,285.0,0.5978273459700544,2099.539048468822,-772.5077151354885,2026-07-20
13.25,300.0,0.5978273459700544,2083.966394553645,-997.9583945536451,2026-07-20
13.5,315.0,0.5978273459700544,2060.5883569630146,-633.6156902963482,2026-07-20
13.75,330.0,0.5978273459700544,2022.0544324521916,-155.82576578552516,2026-07-20
14.0,345.0,0.5978273459700544,1989.640745150959,295.4999215157077,2026-07-20
14.25,360.0,0.5978273459700544,1955.230123134048,665.1638768659518,2026-07-20
14.5,375.0,0.5978273459700544,1916.798769145464,125.33523085453612,2026-07-20
14.75,390.0,0.5978273459700544,1865.2449919788228,170.72567468784428,2026-07-20
15.0,405.0,0.5978273459700544,1808.7716656333769,25.053001033289547,2026-07-20
15.25,420.0,0.5978273459700544,1739.4277182430644,-203.39971824306485,2026-07-20
15.5,435.0,0.5978273459700544,1654.1639518830448,-381.5566185497112,2026-07-20
15.75,450.0,0.5978273459700544,1542.3960657701052,-465.2013991034389,2026-07-20
16.0,465.0,0.5978273459700544,1423.8839372324903,-103.69593723249022,2026-07-20
16.25,480.0,0.5978273459700544,1308.8961999026867,281.5978000973132,2026-07-20
16.5,495.0,0.5978273459700544,1189.9242716988492,-209.65027169884922,2026-07-20
16.75,510.0,0.5978273459700544,1056.2123563794191,-86.16102304608569,2026-07-20
17.0,525.0,0.5978273459700544,919.9655396473725,56.77946035262755,2026-07-20
17.25,540.0,0.5978273459700544,782.3095672168575,192.4524327831424,2026-07-20
17.5,555.0,0.5978273459700544,646.1714083068631,-68.5947416401965,2026-07-20
17.75,570.0,0.5978273459700544,501.4364612046434,-113.42112787131015,2026-07-20
18.0,585.0,0.5978273459700544,363.3469923022954,-90.79565896896207,2026-07-20
18.25,600.0,0.5978273459700544,236.8838864916272,-36.67455315829392,2026-07-20
18.5,615.0,0.5978273459700544,130.02384570418425,-24.243845704184253,2026-07-20
18.75,630.0,0.5978273459700544,57.04848898899809,8.482177677668588,2026-07-20
19.0,645.0,0.5978273459700544,10.510511443768529,21.899488556231475,2026-07-20
10.0,15.0,0.8276688631730041,1789.7331381202985,-625.4984714536317,2026-07-20
10.25,30.0,0.8276688631730041,1910.6377533767932,-657.9744200434598,2026-07-20
10.5,45.0,0.8276688631730041,2026.291713275344,-419.7743799420107,2026-07-20
10.75,60.0,0.8276688631730041,2136.9208768914914,-806.1515435581584,2026-07-20
11.0,75.0,0.8276688631730041,2234.7200270088924,-1038.3000270088921,2026-07-20
11.25,90.0,0.8276688631730041,2329.894510657588,-1165.4905106575877,2026-07-20
11.5,105.0,0.8276688631730041,2421.5142113749357,-979.9102113749359,2026-07-20
11.75,120.0,0.8276688631730041,2514.785643044199,-1122.8543097108654,2026-07-20
12.0,135.0,0.8276688631730041,2591.051370528716,-1513.2160371953826,2026-07-20
12.25,150.0,0.8276688631730041,2648.7363888844725,-1269.2603888844724,2026-07-20
12.5,165.0,0.8276688631730041,2664.750902168253,-1318.6342355015868,2026-07-20
12.75,180.0,0.8276688631730041,2648.841457819472,-1335.3701244861384,2026-07-20
13.0,195.0,0.8276688631730041,2616.471499930503,-1289.4401665971695,2026-07-20
13.25,210.0,0.8276688631730041,2583.521021140614,-1497.513021140614,2026-07-20
13.5,225.0,0.8276688631730041,2549.651111803661,-1122.6784451369947,2026-07-20
13.75,240.0,0.8276688631730041,2504.563830966709,-638.3351643000424,2026-07-20
14.0,255.0,0.8276688631730041,2462.456928817552,-177.31626215088545,2026-07-20
14.25,270.0,0.8276688631730041,2413.031895133943,207.3621048660566,2026-07-20
14.5,285.0,0.8276688631730041,2356.749604282289,-314.61560428228904,2026-07-20
14.75,300.0,0.8276688631730041,2291.0717526049675,-255.10108593830046,2026-07-20
15.0,315.0,0.8276688631730041,2215.329755232952,-381.5050885662854,2026-07-20
15.25,330.0,0.8276688631730041,2122.6991052454878,-586.6711052454882,2026-07-20
15.5,345.0,0.8276688631730041,2004.5031238012489,-731.8957904679153,2026-07-20
15.75,360.0,0.8276688631730041,1865.128123203301,-787.9334565366346,2026-07-20
16.0,375.0,0.8276688631730041,1721.276688633075,-401.088688633075,2026-07-20
16.25,390.0,0.8276688631730041,1576.547141336899,13.946858663101011,2026-07-20
16.5,405.0,0.8276688631730041,1428.8172662149548,-448.54326621495477,2026-07-20
16.75,420.0,0.8276688631730041,1265.2411174966685,-295.18978416333505,2026-07-20
17.0,435.0,0.8276688631730041,1097.1859066122604,-120.44090661226039,2026-07-20
17.25,450.0,0.8276688631730041,928.9473656219176,45.81463437808236,2026-07-20
17.5,465.0,0.8276688631730041,762.9064918814956,-185.32982521482904,2026-07-20
17.75,480.0,0.8276688631730041,590.5071541775185,-202.4918208441852,2026-07-20
18.0,495.0,0.8276688631730041,426.84841538449695,-154.2970820511636,2026-07-20
18.25,510.0,0.8276688631730041,278.61163917177294,-78.40230583843964,2026-07-20
18.5,525.0,0.8276688631730041,153.08492640713,-47.30492640713001,2026-07-20
18.75,540.0,0.8276688631730041,67.4030476402317,-1.8723809735650292,2026-07-20
19.0,555.0,0.8276688631730041,12.581869526453142,19.828130473546864,2026-07-20
11.5,15.0,0.3916476795267303,1364.3841813425634,77.21981865743646,2026-07-20
11.75,30.0,0.3916476795267303,1446.310591166763,-54.37925783342962,2026-07-20
12.0,45.0,0.3916476795267303,1521.3575372977905,-443.5222039644573,2026-07-20
12.25,60.0,0.3916476795267303,1575.4927251395095,-196.0167251395094,2026-07-20
12.5,75.0,0.3916476795267303,1599.841266587107,-253.7245999204406,2026-07-20
12.75,90.0,0.3916476795267303,1599.185055556705,-285.7137222233714,2026-07-20
13.0,105.0,0.3916476795267303,1585.7127053288998,-258.68137199556645,2026-07-20
13.25,120.0,0.3916476795267303,1575.678007441396,-489.67000744139614,2026-07-20
13.5,135.0,0.3916476795267303,1566.1617895124589,-139.18912284579255,2026-07-20
13.75,150.0,0.3916476795267303,1547.4545321533303,318.7741345133361,2026-07-20
14.0,165.0,0.3916476795267303,1525.4063742989326,759.734292367734,2026-07-20
14.25,180.0,0.3916476795267303,1507.3398800629832,1113.0541199370166,2026-07-20
14.5,195.0,0.3916476795267303,1490.472922409619,551.661077590381,2026-07-20
14.75,210.0,0.3916476795267303,1466.2095194493445,569.7611472173226,2026-07-20
15.0,225.0,0.3916476795267303,1430.1647443804309,403.65992228623554,2026-07-20
15.25,240.0,0.3916476795267303,1380.229781176599,155.79821882340048,2026-07-20
15.5,255.0,0.3916476795267303,1314.3842960766408,-41.776962743307195,2026-07-20
15.75,270.0,0.3916476795267303,1226.010668588836,-148.8160019221698,2026-07-20
16.0,285.0,0.3916476795267303,1134.6937882655443,185.4942117344558,2026-07-20
16.25,300.0,0.3916476795267303,1046.5729974920066,543.9210025079933,2026-07-20
16.5,315.0,0.3916476795267303,954.7254570999016,25.54854290009837,2026-07-20
16.75,330.0,0.3916476795267303,849.1137817497454,120.93755158358806,2026-07-20
17.0,345.0,0.3916476795267303,740.9647906589342,235.78020934106576,2026-07-20
17.25,360.0,0.3916476795267303,632.7666543495754,341.9953456504245,2026-07-20
17.5,375.0,0.3916476795267303,525.1662619059447,52.41040476072192,2026-07-20
17.75,390.0,0.3916476795267303,409.3500976966135,-21.334764363280215,2026-07-20
18.0,405.0,0.3916476795267303,298.2946623238817,-25.743328990548378,2026-07-20
18.25,420.0,0.3916476795267303,195.2656316640727,4.943701669260577,2026-07-20
18.5,435.0,0.3916476795267303,107.32755782130528,-1.5475578213052756,2026-07-20
18.75,450.0,0.3916476795267303,47.122690595662064,18.40797607100461,2026-07-20
19.0,465.0,0.3916476795267303,8.565619446446483,23.84438055355352,2026-07-20
13.0,15.0,0.3445016202021372,1214.082443561015,112.94888977231835,2026-07-20
13.25,30.0,0.3445016202021372,1214.41302219726,-128.40502219726022,2026-07-20
13.5,45.0,0.3445016202021372,1210.5706260399788,216.4020406266875,2026-07-20
13.75,60.0,0.3445016202021372,1208.2070155607692,658.0216511058973,2026-07-20
14.0,75.0,0.3445016202021372,1209.2531819228689,1075.8874847437978,2026-07-20
14.25,90.0,0.3445016202021372,1208.257314117102,1412.1366858828978,2026-07-20
14.5,105.0,0.3445016202021372,1201.9879547137648,840.1460452862352,2026-07-20
14.75,120.0,0.3445016202021372,1197.8775021841425,838.0931644825246,2026-07-20
15.0,135.0,0.3445016202021372,1180.50541511722,653.3192515494463,2026-07-20
15.25,150.0,0.3445016202021372,1151.7922164713202,384.23578352867935,2026-07-20
15.5,165.0,0.3445016202021372,1108.217021732598,164.39031160073569,2026-07-20
15.75,180.0,0.3445016202021372,1047.4761166494222,29.71855001724407,2026-07-20
16.0,195.0,0.3445016202021372,980.7944779437828,339.3935220562173,2026-07-20
16.25,210.0,0.3445016202021372,916.3585410442342,674.1354589557657,2026-07-20
16.5,225.0,0.3445016202021372,845.7697284533692,134.50427154663078,2026-07-20
16.75,240.0,0.3445016202021372,758.0586867582883,211.99264657504511,2026-07-20
17.0,255.0,0.3445016202021372,669.7792075357743,306.96579246422573,2026-07-20
17.25,270.0,0.3445016202021372,580.8473721214225,393.91462787857745,2026-07-20
17.5,285.0,0.3445016202021372,491.01475909878513,86.56190756788146,2026-07-20
17.75,300.0,0.3445016202021372,397.6024893752476,-9.58715604191434,2026-07-20
18.0,315.0,0.3445016202021372,289.69969639395634,-17.148363060623012,2026-07-20
18.25,330.0,0.3445016202021372,189.44843419036184,10.760899142971454,2026-07-20
18.5,345.0,0.3445016202021372,103.8069975929194,1.9730024070805996,2026-07-20
18.75,360.0,0.3445016202021372,45.38848797413988,20.142178692526798,2026-07-20
19.0,375.0,0.3445016202021372,8.180695764059811,24.22930423594019,2026-07-20
14.5,15.0,0.5858526269871948,1839.9227400338807,202.21125996611931,2026-07-20
14.75,30.0,0.5858526269871948,1790.5951701884585,245.37549647820856,2026-07-20
15.0,45.0,0.5858526269871948,1733.5415650272585,100.28310163940796,2026-07-20
15.25,60.0,0.5858526269871948,1663.8861168697513,-127.85811686975171,2026-07-20
15.5,75.0,0.5858526269871948,1577.9883300106428,-305.3809966773092,2026-07-20
15.75,90.0,0.5858526269871948,1471.477100229247,-394.28243356258076,2026-07-20
16.0,105.0,0.5858526269871948,1358.445062287403,-38.25706228740296,2026-07-20
16.25,120.0,0.5858526269871948,1250.9010955594567,339.5929044405432,2026-07-20
16.5,135.0,0.5858526269871948,1139.7095196007615,-159.4355196007615,2026-07-20
16.75,150.0,0.5858526269871948,1012.1429715968434,-42.091638263509935,2026-07-20
17.0,165.0,0.5858526269871948,882.6227324398601,94.1222675601399,2026-07-20
17.25,180.0,0.5858526269871948,754.5374549479113,220.22454505208862,2026-07-20
17.5,195.0,0.5858526269871948,626.2286537282309,-48.65198706156434,2026-07-20
17.75,210.0,0.5858526269871948,495.45615472009854,-107.44082138676526,2026-07-20
18.0,225.0,0.5858526269871948,356.49859633423864,-83.94726300090531,2026-07-20
18.25,240.0,0.5858526269871948,232.29735479221347,-32.08802145888018,2026-07-20
18.5,255.0,0.5858526269871948,127.83146730087688,-22.05146730087688,2026-07-20
18.75,270.0,0.5858526269871948,56.36320756107912,9.167459105587554,2026-07-20
19.0,285.0,0.5858526269871948,10.43073592281829,21.979264077181714,2026-07-20
16.0,15.0,0.5162224789195113,1152.4310460538109,167.75695394618924,2026-07-20
16.25,30.0,0.5162224789195113,1071.0192080321392,519.4747919678607,2026-07-20
16.5,45.0,0.5162224789195113,986.3064252120348,-6.032425212034809,2026-07-20
16.75,60.0,0.5162224789195113,882.8498710660846,87.20146226724887,2026-07-20
17.0,75.0,0.5162224789195113,778.026771358937,198.71822864106298,2026-07-20
17.25,90.0,0.5162224789195113,672.1135251001522,302.64847489984777,2026-07-20
17.5,105.0,0.5162224789195113,562.2411132226699,15.335553443996673,2026-07-20
17.75,120.0,0.5162224789195113,447.66159043647787,-59.64625710314459,2026-07-20
18.0,135.0,0.5162224789195113,322.9956863354657,-50.444353002132345,2026-07-20
18.25,150.0,0.5162224789195113,210.91922855129877,-10.709895217965482,2026-07-20
18.5,165.0,0.5162224789195113,116.2380907164582,-10.458090716458202,2026-07-20
18.75,180.0,0.5162224789195113,51.37691550769894,14.153751158967737,2026-07-20
19.0,195.0,0.5162224789195113,9.483743269191413,22.92625673080859,2026-07-20
7.0,15.0,0.6457927986957186,197.75950224850712,-32.75283558184046,2026-07-21
7.25,30.0,0.6457927986957186,295.3570317992313,-78.29303179923133,2026-07-21
7.5,45.0,0.6457927986957186,403.773320687244,-127.73132068724397,2026-07-21
7.75,60.0,0.6457927986957186,515.4276328310781,-206.4129661644114,2026-07-21
8.0,75.0,0.6457927986957186,630.4336779240227,-356.4556779240227,2026-07-21
8.25,90.0,0.6457927986957186,750.5401168032182,-484.5934501365516,2026-07-21
8.5,105.0,0.6457927986957186,871.2294528070014,-540.6067861403346,2026-07-21
8.75,120.0,0.6457927986957186,979.6927395025738,-697.242072835907,2026-07-21
9.0,135.0,0.6457927986957186,1079.3575957893208,-726.1782624559876,2026-07-21
9.25,150.0,0.6457927986957186,1172.805523283006,-693.1775232830062,2026-07-21
9.5,165.0,0.6457927986957186,1260.4272014356864,-739.4025347690197,2026-07-21
9.75,180.0,0.6457927986957186,1347.9004881888395,-737.8171548555061,2026-07-21
10.0,195.0,0.6457927986957186,1428.233057644269,-598.9703909776023,2026-07-21
10.25,210.0,0.6457927986957186,1503.760440037125,-551.9637733704581,2026-07-21
10.5,225.0,0.6457927986957186,1576.259810769353,-724.7071441026861,2026-07-21
10.75,240.0,0.6457927986957186,1658.8093166964843,-814.7666500298178,2026-07-21
11.0,255.0,0.6457927986957186,1734.682178332462,-820.604178332462,2026-07-21
11.25,270.0,0.6457927986957186,1807.7280227863264,-884.56735611966,2026-07-21
11.5,285.0,0.6457927986957186,1871.8615564504944,-1021.6088897838277,2026-07-21
11.75,300.0,0.6457927986957186,1930.9707848942533,-984.0741182275866,2026-07-21
12.0,315.0,0.6457927986957186,1975.186459254744,-1194.0211259214107,2026-07-21
12.25,330.0,0.6457927986957186,2011.240856200472,-1142.5955228671387,2026-07-21
12.5,345.0,0.6457927986957186,2032.5854277846731,-1269.743427784673,2026-07-21
12.75,360.0,0.6457927986957186,2035.7585786078591,-1482.787245274526,2026-07-21
13.0,375.0,0.6457927986957186,2034.9779156219452,-1313.4459156219452,2026-07-21
13.25,390.0,0.6457927986957186,2034.935858383016,-1273.5405250496829,2026-07-21
13.5,405.0,0.6457927986957186,2030.524651668661,-1333.140651668661,2026-07-21
13.75,420.0,0.6457927986957186,2001.2365059978915,-1250.9406726645584,2026-07-21
14.0,435.0,0.6457927986957186,1961.9165027558768,-1209.6251694225434,2026-07-21
14.25,450.0,0.6457927986957186,1921.6872455899588,-1271.836578923292,2026-07-21
14.5,465.0,0.6457927986957186,1871.4110155104568,-1248.1936821771233,2026-07-21
14.75,480.0,0.6457927986957186,1798.118932988389,-1303.1815996550556,2026-07-21
15.0,495.0,0.6457927986957186,1709.235448999376,-1286.563448999376,2026-07-21
15.25,510.0,0.6457927986957186,1613.7696823316585,-1193.9076823316586,2026-07-21
15.5,525.0,0.6457927986957186,1511.0513860229898,-1223.4007193563232,2026-07-21
15.75,540.0,0.6457927986957186,1404.0861906274251,-1185.2735239607584,2026-07-21
16.0,555.0,0.6457927986957186,1289.3615430660418,-1116.3295430660419,2026-07-21
16.25,570.0,0.6457927986957186,1170.3315678257943,-1030.240234492461,2026-07-21
16.5,585.0,0.6457927986957186,1050.350557345634,-943.4885573456339,2026-07-21
16.75,600.0,0.6457927986957186,928.25675383766,-824.9174205043266,2026-07-21
17.0,615.0,0.6457927986957186,804.6272392439141,-729.5979059105807,2026-07-21
17.25,630.0,0.6457927986957186,682.4087726950514,-602.4721060283848,2026-07-21
17.5,645.0,0.6457927986957186,559.9009811202083,-482.9843144535416,2026-07-21
18.0,675.0,0.6457927986957186,326.02096196669703,-274.12096196669705,2026-07-21
18.25,690.0,0.6457927986957186,223.30188554212648,-112.2454569706979,2026-07-21
8.5,15.0,0.25897493175339836,420.0725722161026,-89.44990554943593,2026-07-21
8.75,30.0,0.25897493175339836,474.0723080769134,-191.6216414102467,2026-07-21
9.0,45.0,0.25897493175339836,518.7554884927673,-165.576155159434,2026-07-21
9.25,60.0,0.25897493175339836,559.5058833794615,-79.87788337946154,2026-07-21
9.5,75.0,0.25897493175339836,599.658057639247,-78.63339097258029,2026-07-21
9.75,90.0,0.25897493175339836,638.6352055366586,-28.551872203325274,2026-07-21
10.0,105.0,0.25897493175339836,673.8805204979193,155.38214616874734,2026-07-21
10.25,120.0,0.25897493175339836,711.1195022123777,240.67716445428914,2026-07-21
10.5,135.0,0.25897493175339836,743.18729067258,108.36537599408678,2026-07-21
10.75,150.0,0.25897493175339836,790.2486335223194,53.794033144347054,2026-07-21
11.0,165.0,0.25897493175339836,835.3332401348817,78.74475986511823,2026-07-21
11.25,180.0,0.25897493175339836,883.6813364121616,39.479330254504816,2026-07-21
11.5,195.0,0.25897493175339836,930.4577464503612,-80.2050797836946,2026-07-21
11.75,210.0,0.25897493175339836,979.293959381358,-32.39729271469139,2026-07-21
12.0,225.0,0.25897493175339836,1011.5312606848264,-230.36592735149316,2026-07-21
12.25,240.0,0.25897493175339836,1034.7039888262125,-166.0586554928791,2026-07-21
12.5,255.0,0.25897493175339836,1050.0958482972137,-287.2538482972136,2026-07-21
12.75,270.0,0.25897493175339836,1053.525524411638,-500.5541910783046,2026-07-21
13.0,285.0,0.25897493175339836,1054.057265336976,-332.52526533697596,2026-07-21
13.25,300.0,0.25897493175339836,1061.9284743814878,-300.5331410481547,2026-07-21
13.5,315.0,0.25897493175339836,1070.993369615502,-373.6093696155019,2026-07-21
13.75,330.0,0.25897493175339836,1062.2543946514882,-311.9585613181549,2026-07-21
14.0,345.0,0.25897493175339836,1050.1711693301388,-297.8798359968056,2026-07-21
14.25,360.0,0.25897493175339836,1045.2690848464645,-395.41841817979764,2026-07-21
14.5,375.0,0.25897493175339836,1039.9463655203224,-416.729032186989,2026-07-21
14.75,390.0,0.25897493175339836,1012.1881507696332,-517.2508174362999,2026-07-21
15.0,405.0,0.25897493175339836,967.628060078446,-544.956060078446,2026-07-21
15.25,420.0,0.25897493175339836,920.3034634364368,-500.4414634364369,2026-07-21
15.5,435.0,0.25897493175339836,872.7291669813726,-585.0785003147059,2026-07-21
15.75,450.0,0.25897493175339836,817.8156352917766,-599.0029686251099,2026-07-21
16.0,465.0,0.25897493175339836,756.2197776460139,-583.187777646014,2026-07-21
16.25,480.0,0.25897493175339836,691.7911416234322,-551.6998082900989,2026-07-21
16.5,495.0,0.25897493175339836,622.8853294061614,-516.0233294061615,2026-07-21
16.75,510.0,0.25897493175339836,555.7503942697541,-452.41106093642077,2026-07-21
17.0,525.0,0.25897493175339836,490.4466330974385,-415.41729976410517,2026-07-21
17.25,540.0,0.25897493175339836,425.1109011402962,-345.17423447362955,2026-07-21
17.5,555.0,0.25897493175339836,355.58616583239063,-278.66949916572395,2026-07-21
18.0,585.0,0.25897493175339836,214.6016378892307,-162.70163788923068,2026-07-21
18.25,600.0,0.25897493175339836,149.85800365098115,-38.80157507955256,2026-07-21
10.0,15.0,0.19325321759647868,551.6133776241007,277.6492890425659,2026-07-21
10.25,30.0,0.19325321759647868,578.7246338482802,373.0720328183867,2026-07-21
10.5,45.0,0.19325321759647868,605.0554107113285,246.49725595533835,2026-07-21
10.75,60.0,0.19325321759647868,648.3158462467321,195.72682041993437,2026-07-21
11.0,75.0,0.19325321759647868,692.3594362263461,221.71856377365384,2026-07-21
11.25,90.0,0.19325321759647868,738.5838879222114,184.57677874445505,2026-07-21
11.5,105.0,0.19325321759647868,778.6378657107682,71.61480095589843,2026-07-21
11.75,120.0,0.19325321759647868,820.6211146992255,126.27555196744117,2026-07-21
12.0,135.0,0.19325321759647868,854.0912963658847,-72.92596303255141,2026-07-21
12.25,150.0,0.19325321759647868,882.5193339955185,-13.874000662185153,2026-07-21
12.5,165.0,0.19325321759647868,900.7399840004962,-137.89798400049608,2026-07-21
12.75,180.0,0.19325321759647868,908.2230433501786,-355.2517100168453,2026-07-21
13.0,195.0,0.19325321759647868,908.9860837093328,-187.45408370933285,2026-07-21
13.25,210.0,0.19325321759647868,916.0566677504456,-154.66133441711247,2026-07-21
13.5,225.0,0.19325321759647868,928.3223265315102,-230.93832653151014,2026-07-21
13.75,240.0,0.19325321759647868,921.5111328480012,-171.215299514668,2026-07-21
14.0,255.0,0.19325321759647868,905.0589849896955,-152.76765165636232,2026-07-21
14.25,270.0,0.19325321759647868,894.4437709876421,-244.59310432097527,2026-07-21
14.5,285.0,0.19325321759647868,885.6360944767641,-262.41876114343074,2026-07-21
14.75,300.0,0.19325321759647868,858.5373952908043,-363.600061957471,2026-07-21
15.0,315.0,0.19325321759647868,818.8607093169685,-396.18870931696847,2026-07-21
15.25,330.0,0.19325321759647868,779.0155430626717,-359.15354306267176,2026-07-21
15.5,345.0,0.19325321759647868,738.6263360019341,-450.9756693352674,2026-07-21
15.75,360.0,0.19325321759647868,691.5634190935921,-472.7507524269254,2026-07-21
16.0,375.0,0.19325321759647868,639.2984911696083,-466.2664911696083,2026-07-21
16.25,390.0,0.19325321759647868,583.4201789557488,-443.32884562241554,2026-07-21
16.5,405.0,0.19325321759647868,527.203616662197,-420.341616662197,2026-07-21
16.75,420.0,0.19325321759647868,471.8705206653514,-368.5311873320181,2026-07-21
17.0,435.0,0.19325321759647868,416.0002908599204,-340.9709575265871,2026-07-21
17.25,450.0,0.19325321759647868,360.04992415762865,-280.113257490962,2026-07-21
17.5,465.0,0.19325321759647868,301.2219633065286,-224.30529663986192,2026-07-21
18.0,495.0,0.19325321759647868,183.42255539789963,-131.52255539789962,2026-07-21
18.25,510.0,0.19325321759647868,130.49133404608995,-19.434905474661363,2026-07-21
11.5,15.0,0.2430604463845137,859.5080520386216,-9.255385371954958,2026-07-21
11.75,30.0,0.2430604463845137,907.4004865118276,39.49618015483907,2026-07-21
12.0,45.0,0.2430604463845137,947.1679991937096,-166.0026658603764,2026-07-21
12.25,60.0,0.2430604463845137,980.8420604088832,-112.1967270755498,2026-07-21
12.5,75.0,0.2430604463845137,1003.0321758079727,-240.19017580797265,2026-07-21
12.75,90.0,0.2430604463845137,1014.3798523024684,-461.4085189691351,2026-07-21
13.0,105.0,0.2430604463845137,1020.8517688019956,-299.3197688019957,2026-07-21
13.25,120.0,0.2430604463845137,1034.1600113893076,-272.7646780559744,2026-07-21
13.5,135.0,0.2430604463845137,1045.974139642384,-348.590139642384,2026-07-21
13.75,150.0,0.2430604463845137,1038.666354139794,-288.37052080646083,2026-07-21
14.0,165.0,0.2430604463845137,1020.6668079657422,-268.375474632409,2026-07-21
14.25,180.0,0.2430604463845137,1005.5763177648709,-355.725651098204,2026-07-21
14.5,195.0,0.2430604463845137,990.997115801316,-367.7797824679826,2026-07-21
14.75,210.0,0.2430604463845137,957.2672433425336,-462.32991000920026,2026-07-21
15.0,225.0,0.2430604463845137,912.2117928255016,-489.53979282550154,2026-07-21
15.25,240.0,0.2430604463845137,867.8935692148198,-448.03156921481985,2026-07-21
15.5,255.0,0.2430604463845137,821.1365605336616,-533.485893866995,2026-07-21
15.75,270.0,0.2430604463845137,770.5840735343695,-551.7714068677028,2026-07-21
16.0,285.0,0.2430604463845137,713.7892616761592,-540.7572616761593,2026-07-21
16.25,300.0,0.2430604463845137,652.8185675157422,-512.7272341824089,2026-07-21
16.5,315.0,0.2430604463845137,587.3490585964233,-480.48705859642337,2026-07-21
16.75,330.0,0.2430604463845137,523.0088157920677,-419.66948245873436,2026-07-21
17.0,345.0,0.2430604463845137,461.2633354930322,-386.23400215969883,2026-07-21
17.25,360.0,0.2430604463845137,398.1046200565544,-318.1679533898877,2026-07-21
17.5,375.0,0.2430604463845137,332.14327851836174,-255.22661185169505,2026-07-21
18.0,405.0,0.2430604463845137,201.0022153230802,-149.1022153230802,2026-07-21
18.25,420.0,0.2430604463845137,141.87619472349976,-30.819766152071182,2026-07-21
13.0,15.0,0.1856479361714792,754.4909322688824,-32.95893226888245,2026-07-21
13.25,30.0,0.1856479361714792,752.37944703399,9.015886299343151,2026-07-21
13.5,45.0,0.1856479361714792,751.2241674261359,-53.84016742613585,2026-07-21
13.75,60.0,0.1856479361714792,746.7784264954153,3.5174068379179744,2026-07-21
14.0,75.0,0.1856479361714792,736.9076693495108,15.38366398382243,2026-07-21
14.25,90.0,0.1856479361714792,728.7871481209213,-78.93648145425448,2026-07-21
14.5,105.0,0.1856479361714792,717.2268387125654,-94.009505379232,2026-07-21
14.75,120.0,0.1856479361714792,695.6652003740245,-200.7278670406912,2026-07-21
15.0,135.0,0.1856479361714792,664.5589942662257,-241.88699426622566,2026-07-21
15.25,150.0,0.1856479361714792,638.6700959533542,-218.80809595335433,2026-07-21
15.5,165.0,0.1856479361714792,604.9984339258746,-317.3477672592079,2026-07-21
15.75,180.0,0.1856479361714792,568.5945012622053,-349.7818345955386,2026-07-21
16.0,195.0,0.1856479361714792,529.6230490803919,-356.5910490803919,2026-07-21
16.25,210.0,0.1856479361714792,488.4271051307447,-348.3357717974113,2026-07-21
16.5,225.0,0.1856479361714792,442.6204725353745,-335.7584725353745,2026-07-21
16.75,240.0,0.1856479361714792,399.7585396765689,-296.41920634323554,2026-07-21
17.0,255.0,0.1856479361714792,358.27558604360775,-283.2462527102744,2026-07-21
17.25,270.0,0.1856479361714792,313.7297559031046,-233.79308923643794,2026-07-21
17.5,285.0,0.1856479361714792,263.8197864199832,-186.9031197533165,2026-07-21
18.0,315.0,0.1856479361714792,160.80846056320524,-108.90846056320524,2026-07-21
18.25,330.0,0.1856479361714792,113.53256709090616,-2.4761385194775727,2026-07-21
14.5,15.0,0.187045609471147,696.8058922873646,-73.58855895403121,2026-07-21
14.75,30.0,0.187045609471147,680.1208223831067,-185.18348904977336,2026-07-21
15.0,45.0,0.187045609471147,647.2070366184932,-224.53503661849322,2026-07-21
15.25,60.0,0.187045609471147,618.2853970107545,-198.42339701075463,2026-07-21
15.5,75.0,0.187045609471147,594.2550989703751,-306.60443230370845,2026-07-21
15.75,90.0,0.187045609471147,562.9791825190774,-344.1665158524107,2026-07-21
16.0,105.0,0.187045609471147,522.4280491231945,-349.3960491231945,2026-07-21
16.25,120.0,0.187045609471147,482.15976850202514,-342.06843516869185,2026-07-21
16.5,135.0,0.187045609471147,436.7636810244652,-329.90168102446523,2026-07-21
16.75,150.0,0.187045609471147,390.618042361161,-287.27870902782763,2026-07-21
17.0,165.0,0.187045609471147,347.1802304355638,-272.15089710223043,2026-07-21
17.25,180.0,0.187045609471147,304.4968969745468,-224.56023030788015,2026-07-21
17.5,195.0,0.187045609471147,256.01223654237253,-179.09556987570585,2026-07-21
18.0,225.0,0.187045609471147,155.74347731453287,-103.84347731453286,2026-07-21
18.25,240.0,0.187045609471147,110.78894450971734,0.2674840617112437,2026-07-21
16.0,15.0,0.11234128340939648,355.1572891344972,-182.12528913449722,2026-07-21
16.25,30.0,0.11234128340939648,328.5498692543514,-188.45853592101807,2026-07-21
16.5,45.0,0.11234128340939648,299.5657712730374,-192.7037712730374,2026-07-21
16.75,60.0,0.11234128340939648,269.2404058081498,-165.90107247481643,2026-07-21
17.0,75.0,0.11234128340939648,240.8342760090747,-165.80494267574136,2026-07-21
17.25,90.0,0.11234128340939648,211.6732726967916,-131.73660603012493,2026-07-21
17.5,105.0,0.11234128340939648,178.6707298714941,-101.75406320482743,2026-07-21
18.0,135.0,0.11234128340939648,114.19820536669933,-62.29820536669933,2026-07-21
18.25,150.0,0.11234128340939648,84.47931359445118,26.5771149769774,2026-07-21
7.0,15.0,0.42321855519631957,124.23594178854776,-106.49177512188109,2026-07-22
7.25,30.0,0.42321855519631957,186.5188954662412,-112.18889546624118,2026-07-22
7.5,45.0,0.42321855519631957,255.06989818919723,-46.01923152253053,2026-07-22
7.75,60.0,0.42321855519631957,335.38138780734687,37.23394552598643,2026-07-22
8.0,75.0,0.42321855519631957,421.0038083881089,186.74552494522453,2026-07-22
8.25,90.0,0.42321855519631957,508.485532994434,140.78780033889933,2026-07-22
8.5,105.0,0.42321855519631957,592.4446120593946,216.12738794060544,2026-07-22
8.75,120.0,0.42321855519631957,682.8280541838371,147.31594581616287,2026-07-22
9.0,135.0,0.42321855519631957,773.3715573419283,-284.72222400859494,2026-07-22
9.25,150.0,0.42321855519631957,863.9586981105816,177.91130188941827,2026-07-22
9.5,165.0,0.42321855519631957,950.270844824526,207.7444885088073,2026-07-22
9.75,180.0,0.42321855519631957,1031.8650257151965,192.8296409514703,2026-07-22
10.0,195.0,0.42321855519631957,1109.0347009310035,755.1179657356629,2026-07-22
10.25,210.0,0.42321855519631957,1184.7258584324588,925.6688082342077,2026-07-22
10.5,225.0,0.42321855519631957,1260.6647063089738,630.3572936910266,2026-07-22
10.75,240.0,0.42321855519631957,1317.4789712632194,250.8550287367807,2026-07-22
11.0,255.0,0.42321855519631957,1365.5324813057505,706.514852027583,2026-07-22
11.25,270.0,0.42321855519631957,1408.68164011833,1406.5870265483359,2026-07-22
11.5,285.0,0.42321855519631957,1445.7936383221904,-402.92697165552386,2026-07-22
11.75,300.0,0.42321855519631957,1459.126277764272,-941.1736110976053,2026-07-22
12.0,315.0,0.42321855519631957,1458.566892368461,-679.9928923684607,2026-07-22
12.25,330.0,0.42321855519631957,1448.2133652650575,-671.7820319317241,2026-07-22
12.5,345.0,0.42321855519631957,1433.193701182783,-527.4550345161163,2026-07-22
12.75,360.0,0.42321855519631957,1418.5108323478985,195.30783431876807,2026-07-22
13.0,375.0,0.42321855519631957,1402.0632019716231,-150.20720197162314,2026-07-22
13.25,390.0,0.42321855519631957,1383.9581703612216,69.05849630544526,2026-07-22
13.5,405.0,0.42321855519631957,1358.9127672742293,136.93389939243752,2026-07-22
13.75,420.0,0.42321855519631957,1342.3548538862103,1262.9531461137897,2026-07-22
14.0,435.0,0.42321855519631957,1321.1802709563124,508.71372904368764,2026-07-22
14.25,450.0,0.42321855519631957,1290.4583983326493,776.0289350006838,2026-07-22
14.5,465.0,0.42321855519631957,1248.1019566850125,62.04070998165412,2026-07-22
14.75,480.0,0.42321855519631957,1205.9511341675457,333.50953249912095,2026-07-22
15.0,495.0,0.42321855519631957,1161.4905047405211,-280.4258380738544,2026-07-22
15.25,510.0,0.42321855519631957,1111.6722634915743,-283.86359682490786,2026-07-22
15.5,525.0,0.42321855519631957,1055.0934915052237,-560.2048248385572,2026-07-22
15.75,540.0,0.42321855519631957,986.5745346338352,-898.7538679671686,2026-07-22
16.0,555.0,0.42321855519631957,917.2878711104124,-816.1758711104125,2026-07-22
16.25,570.0,0.42321855519631957,845.9285166569541,-652.0518499902875,2026-07-22
16.5,585.0,0.42321855519631957,772.2455585571354,-479.0108918904687,2026-07-22
16.75,600.0,0.42321855519631957,687.1859029295142,-249.68523626284764,2026-07-22
17.0,615.0,0.42321855519631957,600.4621249417428,-134.9754582750761,2026-07-22
17.25,630.0,0.42321855519631957,513.0127797926323,-113.22411312596569,2026-07-22
17.5,645.0,0.42321855519631957,423.9532786846188,266.0133879820479,2026-07-22
17.75,660.0,0.42321855519631957,336.4486111251566,246.15338887484336,2026-07-22
18.0,675.0,0.42321855519631957,253.7880366168611,104.80741792859354,2026-07-22
18.25,690.0,0.42321855519631957,170.73141261409538,-37.77741261409537,2026-07-22
18.5,705.0,0.42321855519631957,93.1930943404673,-53.376171263544215,2026-07-22
18.75,720.0,0.42321855519631957,40.46910701591855,-21.93160701591855,2026-07-22
8.5,15.0,0.35123890788420703,551.4409841596035,257.13101584039646,2026-07-22
8.75,30.0,0.35123890788420703,626.4499550467874,203.6940449532126,2026-07-22
9.0,45.0,0.35123890788420703,703.2533469174567,-214.60401358412332,2026-07-22
9.25,60.0,0.35123890788420703,781.8506918872495,260.0193081127504,2026-07-22
9.5,75.0,0.35123890788420703,855.0194537740487,302.9958795592846,2026-07-22
9.75,90.0,0.35123890788420703,923.7397115927664,300.95495507390035,2026-07-22
10.0,105.0,0.35123890788420703,994.424075294976,869.7285913716904,2026-07-22
10.25,120.0,0.35123890788420703,1066.1574797724695,1044.237186894197,2026-07-22
10.5,135.0,0.35123890788420703,1132.8552650979818,758.1667349020186,2026-07-22
10.75,150.0,0.35123890788420703,1181.7826301804896,386.55136981951046,2026-07-22
11.0,165.0,0.35123890788420703,1228.6108003793356,843.4365329539978,2026-07-22
11.25,180.0,0.35123890788420703,1266.503033337379,1548.7656333292869,2026-07-22
11.5,195.0,0.35123890788420703,1295.4531107893772,-252.58644412271065,2026-07-22
11.75,210.0,0.35123890788420703,1303.0957932503609,-785.1431265836943,2026-07-22
12.0,225.0,0.35123890788420703,1295.577335068108,-517.0033350681077,2026-07-22
12.25,240.0,0.35123890788420703,1280.7085899095166,-504.27725657618316,2026-07-22
12.5,255.0,0.35123890788420703,1265.609028382461,-359.8703617157944,2026-07-22
12.75,270.0,0.35123890788420703,1257.5173681167046,356.301298549962,2026-07-22
13.0,285.0,0.35123890788420703,1252.544249954127,-0.688249954127059,2026-07-22
13.25,300.0,0.35123890788420703,1247.4915871054727,205.52507956119416,2026-07-22
13.5,315.0,0.35123890788420703,1231.3359082710056,264.51075839566124,2026-07-22
13.75,330.0,0.35123890788420703,1226.7919887473606,1378.5160112526394,2026-07-22
14.0,345.0,0.35123890788420703,1217.652198201467,612.2418017985331,2026-07-22
14.25,360.0,0.35123890788420703,1192.8963033715208,873.5910299618122,2026-07-22
14.5,375.0,0.35123890788420703,1149.451494015345,160.69117265132172,2026-07-22
14.75,390.0,0.35123890788420703,1104.6125903494813,434.84807631718536,2026-07-22
15.0,405.0,0.35123890788420703,1066.0585593375654,-184.99389267089862,2026-07-22
15.25,420.0,0.35123890788420703,1027.9418930915533,-200.13322642488686,2026-07-22
15.5,435.0,0.35123890788420703,976.68273103334,-481.79406436667347,2026-07-22
15.75,450.0,0.35123890788420703,908.9150687756884,-821.0944021090218,2026-07-22
16.0,465.0,0.35123890788420703,846.2039527641226,-745.0919527641227,2026-07-22
16.25,480.0,0.35123890788420703,784.8054206277045,-590.9287539610378,2026-07-22
16.5,495.0,0.35123890788420703,719.4912661758934,-426.25659950922676,2026-07-22
16.75,510.0,0.35123890788420703,643.8373134668042,-206.3366468001376,2026-07-22
17.0,525.0,0.35123890788420703,567.1568849026124,-101.67021823594575,2026-07-22
17.25,540.0,0.35123890788420703,485.98103095237553,-86.19236428570895,2026-07-22
17.5,555.0,0.35123890788420703,401.648991006664,288.3176756600027,2026-07-22
17.75,570.0,0.35123890788420703,318.23777418877063,264.36422581122935,2026-07-22
18.0,585.0,0.35123890788420703,238.69497084569787,119.90048369975676,2026-07-22
18.25,600.0,0.35123890788420703,159.10910912448918,-26.155109124489172,2026-07-22
18.5,615.0,0.35123890788420703,85.96414856106588,-46.1472254841428,2026-07-22
18.75,630.0,0.35123890788420703,37.11059582395707,-18.57309582395707,2026-07-22
10.0,15.0,0.367728891864681,1079.3144119810524,784.838254685614,2026-07-22
10.25,30.0,0.367728891864681,1151.0464721981225,959.3481944685441,2026-07-22
10.5,45.0,0.367728891864681,1216.8414348994356,674.1805651005648,2026-07-22
10.75,60.0,0.367728891864681,1265.7889404503603,302.54505954963975,2026-07-22
11.0,75.0,0.367728891864681,1314.6248676587672,757.4224656745662,2026-07-22
11.25,90.0,0.367728891864681,1358.7683091049607,1456.5003575617052,2026-07-22
11.5,105.0,0.367728891864681,1393.9891153005117,-351.1224486338451,2026-07-22
11.75,120.0,0.367728891864681,1401.3342550839477,-883.3815884172811,2026-07-22
12.0,135.0,0.367728891864681,1389.858300412462,-611.2843004124619,2026-07-22
12.25,150.0,0.367728891864681,1374.797249082293,-598.3659157489597,2026-07-22
12.5,165.0,0.367728891864681,1361.3634407752556,-455.624774108589,2026-07-22
12.75,180.0,0.367728891864681,1351.3708228250075,262.44784384165905,2026-07-22
13.0,195.0,0.367728891864681,1336.930079321579,-85.07407932157889,2026-07-22
13.25,210.0,0.367728891864681,1326.5321913770078,126.48447528965903,2026-07-22
13.5,225.0,0.367728891864681,1309.5127502549951,186.33391641167168,2026-07-22
13.75,240.0,0.367728891864681,1304.0191343336332,1301.2888656663667,2026-07-22
14.0,255.0,0.367728891864681,1289.5260688760543,540.3679311239457,2026-07-22
14.25,270.0,0.367728891864681,1264.311101131249,802.1762322020841,2026-07-22
14.5,285.0,0.367728891864681,1226.4451561447695,83.69751052189713,2026-07-22
14.75,300.0,0.367728891864681,1183.7087980599667,355.7518686066999,2026-07-22
15.0,315.0,0.367728891864681,1137.8262017839606,-256.7615351172939,2026-07-22
15.25,330.0,0.367728891864681,1092.2838934694526,-264.4752268027861,2026-07-22
15.5,345.0,0.367728891864681,1036.892127515262,-542.0034608485955,2026-07-22
15.75,360.0,0.367728891864681,967.2182680248465,-879.3976013581798,2026-07-22
16.0,375.0,0.367728891864681,900.4248090531127,-799.3128090531127,2026-07-22
16.25,390.0,0.367728891864681,833.3637396938267,-639.48707302716,2026-07-22
16.5,405.0,0.367728891864681,760.5960689147544,-467.3614022480877,2026-07-22
16.75,420.0,0.367728891864681,680.0125127291294,-242.51184606246284,2026-07-22
17.0,435.0,0.367728891864681,598.3589096627046,-132.87224299603793,2026-07-22
17.25,450.0,0.367728891864681,510.871936631268,-111.08326996460141,2026-07-22
17.5,465.0,0.367728891864681,421.0017272978431,268.9649393688236,2026-07-22
17.75,480.0,0.367728891864681,331.34982658290323,251.25217341709674,2026-07-22
18.0,495.0,0.367728891864681,246.90991720167165,111.68553734378298,2026-07-22
18.25,510.0,0.367728891864681,163.9878472158525,-31.03384721585249,2026-07-22
18.5,525.0,0.367728891864681,88.71580170373178,-48.8988786268087,2026-07-22
18.75,540.0,0.367728891864681,38.34905990042939,-19.811559900429387,2026-07-22
11.5,15.0,0.6080134808134487,2100.7126453124506,-1057.845978645784,2026-07-22
11.75,30.0,0.6080134808134487,2101.5527186079216,-1583.600051941255,2026-07-22
12.0,45.0,0.6080134808134487,2083.4915209433498,-1304.9175209433497,2026-07-22
12.25,60.0,0.6080134808134487,2055.719282116409,-1279.2879487830755,2026-07-22
12.5,75.0,0.6080134808134487,2022.167658579829,-1116.4289919131625,2026-07-22
12.75,90.0,0.6080134808134487,1996.7668471108689,-382.9481804442023,2026-07-22
13.0,105.0,0.6080134808134487,1970.0894591161948,-718.2334591161948,2026-07-22
13.25,120.0,0.6080134808134487,1937.5061370369533,-484.4894703702864,2026-07-22
13.5,135.0,0.6080134808134487,1900.3892449449477,-404.54257827828087,2026-07-22
13.75,150.0,0.6080134808134487,1875.344232114048,729.9637678859519,2026-07-22
14.0,165.0,0.6080134808134487,1842.2179944135405,-12.323994413540504,2026-07-22
14.25,180.0,0.6080134808134487,1792.6648459162986,273.8224874170344,2026-07-22
14.5,195.0,0.6080134808134487,1723.8243707250265,-413.68170405835986,2026-07-22
14.75,210.0,0.6080134808134487,1650.435516720208,-110.97485005354133,2026-07-22
15.0,225.0,0.6080134808134487,1580.2595077867618,-699.194841120095,2026-07-22
15.25,240.0,0.6080134808134487,1511.73805248373,-683.9293858170635,2026-07-22
15.5,255.0,0.6080134808134487,1429.619563425486,-934.7308967588194,2026-07-22
15.75,270.0,0.6080134808134487,1331.7710288551923,-1243.9503621885256,2026-07-22
16.0,285.0,0.6080134808134487,1236.9222840892598,-1135.8102840892598,2026-07-22
16.25,300.0,0.6080134808134487,1139.8596717219946,-945.9830050553279,2026-07-22
16.5,315.0,0.6080134808134487,1035.2957792635584,-742.0611125968917,2026-07-22
16.75,330.0,0.6080134808134487,919.325088493095,-481.8244218264284,2026-07-22
17.0,345.0,0.6080134808134487,804.2831477967974,-338.7964811301307,2026-07-22
17.25,360.0,0.6080134808134487,685.5530816380501,-285.76441497138353,2026-07-22
17.5,375.0,0.6080134808134487,562.3385885549791,127.62807811168761,2026-07-22
17.75,390.0,0.6080134808134487,440.0702300419855,142.53176995801448,2026-07-22
18.0,405.0,0.6080134808134487,325.3141766510953,33.281277894359334,2026-07-22
18.25,420.0,0.6080134808134487,215.3063027172432,-82.35230271724319,2026-07-22
18.5,435.0,0.6080134808134487,117.04569065797472,-77.22876758105164,2026-07-22
18.75,450.0,0.6080134808134487,50.70157026429733,-32.16407026429733,2026-07-22
13.0,15.0,0.25488955119727774,1159.578711598063,92.27728840193708,2026-07-22
13.25,30.0,0.25488955119727774,1155.5988701046124,297.4177965620545,2026-07-22
13.5,45.0,0.25488955119727774,1144.500721275448,351.3459453912187,2026-07-22
13.75,60.0,0.25488955119727774,1126.8970941944312,1478.4109058055687,2026-07-22
14.0,75.0,0.25488955119727774,1105.907121780782,723.9868782192179,2026-07-22
14.25,90.0,0.25488955119727774,1081.880090533488,984.6072427998449,2026-07-22
14.5,105.0,0.25488955119727774,1046.9164985617044,263.2261681049622,2026-07-22
14.75,120.0,0.25488955119727774,1007.9377658886862,531.5229007779805,2026-07-22
15.0,135.0,0.25488955119727774,965.4152542696576,-84.3505876029908,2026-07-22
15.25,150.0,0.25488955119727774,925.4805923327802,-97.6719256661138,2026-07-22
15.5,165.0,0.25488955119727774,879.8379598780438,-384.9492932113772,2026-07-22
15.75,180.0,0.25488955119727774,820.8727389948816,-733.052072328215,2026-07-22
16.0,195.0,0.25488955119727774,762.8069776905745,-661.6949776905745,2026-07-22
16.25,210.0,0.25488955119727774,708.9389326889068,-515.0622660222401,2026-07-22
16.5,225.0,0.25488955119727774,646.9841062713834,-353.74943960471677,2026-07-22
16.75,240.0,0.25488955119727774,578.4913734854176,-140.99070681875105,2026-07-22
17.0,255.0,0.25488955119727774,510.91062010601513,-45.42395343934845,2026-07-22
17.25,270.0,0.25488955119727774,441.1223395766797,-41.33367291001309,2026-07-22
17.5,285.0,0.25488955119727774,365.53557653568015,324.43109013098655,2026-07-22
17.75,300.0,0.25488955119727774,291.4786113986416,291.1233886013584,2026-07-22
18.0,315.0,0.25488955119727774,219.44770892765771,139.14774561779691,2026-07-22
18.25,330.0,0.25488955119727774,143.57953890341798,-10.625538903417976,2026-07-22
18.5,345.0,0.25488955119727774,77.69075525058817,-37.873832173665086,2026-07-22
18.75,360.0,0.25488955119727774,33.541208067680806,-15.003708067680805,2026-07-22
14.5,15.0,0.5429850105827381,1669.4665880556308,-359.3239213889642,2026-07-22
14.75,30.0,0.5429850105827381,1597.333047822569,-57.8723811559023,2026-07-22
15.0,45.0,0.5429850105827381,1520.2213928521644,-639.1567261854976,2026-07-22
15.25,60.0,0.5429850105827381,1441.8152317861675,-614.006565119501,2026-07-22
15.5,75.0,0.5429850105827381,1356.1036720891864,-861.2150054225199,2026-07-22
15.75,90.0,0.5429850105827381,1261.2659806278784,-1173.4453139612117,2026-07-22
16.0,105.0,0.5429850105827381,1166.5272872187152,-1065.415287218715,2026-07-22
16.25,120.0,0.5429850105827381,1069.9430059876026,-876.066339320936,2026-07-22
16.5,135.0,0.5429850105827381,967.1632545423925,-673.9285878757257,2026-07-22
16.75,150.0,0.5429850105827381,856.7016673097835,-419.2010006431169,2026-07-22
17.0,165.0,0.5429850105827381,748.7544543384093,-283.26778767174267,2026-07-22
17.25,180.0,0.5429850105827381,637.5631651487195,-237.77449848205288,2026-07-22
17.5,195.0,0.5429850105827381,519.4389171609963,170.52774950567039,2026-07-22
17.75,210.0,0.5429850105827381,406.4637514416424,176.1382485583576,2026-07-22
18.0,225.0,0.5429850105827381,301.8718268143866,56.72362773106801,2026-07-22
18.25,240.0,0.5429850105827381,197.80119164755075,-64.84719164755074,2026-07-22
18.5,255.0,0.5429850105827381,107.56228485121984,-67.74536177429675,2026-07-22
18.75,270.0,0.5429850105827381,46.66895085906928,-28.131450859069275,2026-07-22
16.0,15.0,0.20466992204986553,585.0687701654056,-483.9567701654056,2026-07-22
16.25,30.0,0.20466992204986553,549.4321305333506,-355.5554638666839,2026-07-22
16.5,45.0,0.20466992204986553,506.9244417075294,-213.68977504086274,2026-07-22
16.75,60.0,0.20466992204986553,457.1478725515887,-19.64720588492213,2026-07-22
17.0,75.0,0.20466992204986553,410.0066438879327,55.480022778733996,2026-07-22
17.25,90.0,0.20466992204986553,357.83037299370807,41.95829367295852,2026-07-22
17.5,105.0,0.20466992204986553,299.0156682657764,390.9509984008903,2026-07-22
17.75,120.0,0.20466992204986553,241.28506864987563,341.3169313501244,2026-07-22
18.0,135.0,0.20466992204986553,187.5124864315621,171.08296811389252,2026-07-22
18.25,150.0,0.20466992204986553,125.38226395821712,7.571736041782884,2026-07-22
18.5,165.0,0.20466992204986553,68.23307622740631,-28.416153150483233,2026-07-22
18.75,180.0,0.20466992204986553,29.67446471607344,-11.13696471607344,2026-07-22
7.0,15.0,1.12842900798274,312.90669641966,-30.010696419660007,2026-07-23
7.25,30.0,1.12842900798274,468.7341697547381,9.653830245261815,2026-07-23
7.5,45.0,1.12842900798274,640.0300498895243,61.65328344380896,2026-07-23
7.75,60.0,1.12842900798274,823.6773028075643,50.12136385910253,2026-07-23
8.0,75.0,1.12842900798274,1011.2074507437832,-31.31278407711659,2026-07-23
8.25,90.0,1.12842900798274,1200.287376125592,328.5061953029797,2026-07-23
8.5,105.0,1.12842900798274,1388.374957271539,-160.5989572715389,2026-07-23
8.75,120.0,1.12842900798274,1577.1213277295954,731.0720056037383,2026-07-23
9.0,135.0,1.12842900798274,1761.5429741973526,280.75969246931413,2026-07-23
9.25,150.0,1.12842900798274,1940.2393007654323,-962.5619674320991,2026-07-23
9.5,165.0,1.12842900798274,2113.3792344332346,-197.48923443323451,2026-07-23
9.75,180.0,1.12842900798274,2276.436147784753,-1306.9308144514193,2026-07-23
10.0,195.0,1.12842900798274,2431.004653857216,-522.628653857216,2026-07-23
10.25,210.0,1.12842900798274,2578.51126499938,-320.17926499937994,2026-07-23
10.5,225.0,1.12842900798274,2713.635261258875,-1001.443261258875,2026-07-23
10.75,240.0,1.12842900798274,2840.9138433905964,-1570.6478433905963,2026-07-23
11.0,255.0,1.12842900798274,2953.865098824356,-2424.9350988243564,2026-07-23
11.25,270.0,1.12842900798274,3050.2419251541446,-2495.5679251541446,2026-07-23
11.5,285.0,1.12842900798274,3131.141189599793,-2551.8631895997933,2026-07-23
11.75,300.0,1.12842900798274,3200.9572519540675,-2215.5999186207346,2026-07-23
12.0,315.0,1.12842900798274,3259.880865833843,-2063.9415325005098,2026-07-23
12.25,330.0,1.12842900798274,3307.2829689231257,-2282.9096355897927,2026-07-23
12.5,345.0,1.12842900798274,3339.554414404556,-1451.7944144045562,2026-07-23
12.75,360.0,1.12842900798274,3340.919593352892,-855.7315933528921,2026-07-23
13.0,375.0,1.12842900798274,3328.3503036717784,338.51036299488806,2026-07-23
13.25,390.0,1.12842900798274,3304.081642227541,-1305.0003088942078,2026-07-23
13.5,405.0,1.12842900798274,3260.976396390514,-501.7683963905138,2026-07-23
13.75,420.0,1.12842900798274,3181.909896703041,-618.1425633697072,2026-07-23
14.0,435.0,1.12842900798274,3088.018718300749,-1630.6320516340825,2026-07-23
14.25,450.0,1.12842900798274,2978.3041198705987,-705.9754532039324,2026-07-23
14.5,465.0,1.12842900798274,2859.260978355311,-1245.1609783553113,2026-07-23
14.75,480.0,1.12842900798274,2724.114315058549,-1348.4576483918822,2026-07-23
15.0,495.0,1.12842900798274,2574.954252241641,-442.8292522416409,2026-07-23
15.25,510.0,1.12842900798274,2412.778152159596,-252.8534854929294,2026-07-23
15.5,525.0,1.12842900798274,2245.3554436216223,-1398.438110288289,2026-07-23
15.75,540.0,1.12842900798274,2075.2961960619277,-1129.2961960619277,2026-07-23
16.0,555.0,1.12842900798274,1898.4509041273968,-1080.8215707940635,2026-07-23
16.25,570.0,1.12842900798274,1714.1992554884682,-1087.3259221551348,2026-07-23
16.5,585.0,1.12842900798274,1523.9125228653422,-940.2371895320089,2026-07-23
16.75,600.0,1.12842900798274,1337.1075523546162,-704.5968856879496,2026-07-23
17.0,615.0,1.12842900798274,1149.0113851138049,-385.4127184471382,2026-07-23
17.25,630.0,1.12842900798274,960.9864712113622,-483.4831378780289,2026-07-23
17.5,645.0,1.12842900798274,774.2269293595854,-547.9469293595853,2026-07-23
17.75,660.0,1.12842900798274,598.7880575830909,-462.88672424975755,2026-07-23
18.0,675.0,1.12842900798274,434.2378394741381,-320.7338394741381,2026-07-23
18.25,690.0,1.12842900798274,287.4334192416245,-159.91675257495783,2026-07-23
18.5,705.0,1.12842900798274,164.79128132397005,-70.69794799063673,2026-07-23
18.75,720.0,1.12842900798274,72.7824101565059,-48.64041015650591,2026-07-23
8.5,15.0,0.8621737992877587,1176.3544175936609,51.42158240633921,2026-07-23
8.75,30.0,0.8621737992877587,1326.6115444024224,981.5817889309112,2026-07-23
9.0,45.0,0.8621737992877587,1470.7919712759845,571.5106953906823,2026-07-23
9.25,60.0,0.8621737992877587,1608.7263193104718,-631.0489859771386,2026-07-23
9.5,75.0,0.8621737992877587,1740.4007186151234,175.48928138487668,2026-07-23
9.75,90.0,0.8621737992877587,1869.9232361717072,-900.4179028383738,2026-07-23
10.0,105.0,0.8621737992877587,1986.0930655381349,-77.71706553813488,2026-07-23
10.25,120.0,0.8621737992877587,2098.356130075978,159.97586992402194,2026-07-23
10.5,135.0,0.8621737992877587,2199.5034134962148,-487.311413496215,2026-07-23
10.75,150.0,0.8621737992877587,2296.012426031185,-1025.746426031185,2026-07-23
11.0,165.0,0.8621737992877587,2386.598804853669,-1857.6688048536694,2026-07-23
11.25,180.0,0.8621737992877587,2465.0036253870558,-1910.3296253870558,2026-07-23
11.5,195.0,0.8621737992877587,2525.1348729027736,-1945.8568729027738,2026-07-23
11.75,210.0,0.8621737992877587,2574.4541575952453,-1589.0968242619122,2026-07-23
12.0,225.0,0.8621737992877587,2614.032766427299,-1418.0934330939658,2026-07-23
12.25,240.0,0.8621737992877587,2651.708385357548,-1627.335052024215,2026-07-23
12.5,255.0,0.8621737992877587,2685.8805494400626,-798.1205494400626,2026-07-23
12.75,270.0,0.8621737992877587,2692.879881886225,-207.69188188622502,2026-07-23
13.0,285.0,0.8621737992877587,2678.0057536505296,988.8549130161368,2026-07-23
13.25,300.0,0.8621737992877587,2656.323058403796,-657.2417250704627,2026-07-23
13.5,315.0,0.8621737992877587,2623.158112486005,136.04988751399515,2026-07-23
13.75,330.0,0.8621737992877587,2556.7699551751025,6.997378158231186,2026-07-23
14.0,345.0,0.8621737992877587,2474.9534160774365,-1017.5667494107702,2026-07-23
14.25,360.0,0.8621737992877587,2384.1084523958584,-111.7797857291921,2026-07-23
14.5,375.0,0.8621737992877587,2285.865675163025,-671.7656751630252,2026-07-23
14.75,390.0,0.8621737992877587,2172.300061095217,-796.6433944285504,2026-07-23
15.0,405.0,0.8621737992877587,2046.8041902383088,85.32080976169118,2026-07-23
15.25,420.0,0.8621737992877587,1914.1647450120263,245.7599216546405,2026-07-23
15.5,435.0,0.8621737992877587,1777.9489776697014,-931.0316443363681,2026-07-23
15.75,450.0,0.8621737992877587,1639.696912780081,-693.696912780081,2026-07-23
16.0,465.0,0.8621737992877587,1495.1345408355717,-677.5052075022385,2026-07-23
16.25,480.0,0.8621737992877587,1353.322301104017,-726.4489677706837,2026-07-23
16.5,495.0,0.8621737992877587,1204.1393570708146,-620.4640237374813,2026-07-23
16.75,510.0,0.8621737992877587,1054.903683605461,-422.3930169387944,2026-07-23
17.0,525.0,0.8621737992877587,907.0280418648664,-143.42937519819975,2026-07-23
17.25,540.0,0.8621737992877587,761.2964464697628,-283.79311313642955,2026-07-23
17.5,555.0,0.8621737992877587,614.1302489282334,-387.8502489282334,2026-07-23
17.75,570.0,0.8621737992877587,475.542875701135,-339.64154236780166,2026-07-23
18.0,585.0,0.8621737992877587,345.445311606192,-231.94131160619196,2026-07-23
18.25,600.0,0.8621737992877587,229.8151466899089,-102.2984800232422,2026-07-23
18.5,615.0,0.8621737992877587,133.30714519699407,-39.21381186366075,2026-07-23
18.75,630.0,0.8621737992877587,59.33204266045074,-35.19004266045074,2026-07-23
10.0,15.0,0.6163389823246342,1481.5859480280635,426.79005197193646,2026-07-23
10.25,30.0,0.6163389823246342,1570.6034592439664,687.7285407560335,2026-07-23
10.5,45.0,0.6163389823246342,1655.2317595487325,56.96024045126728,2026-07-23
10.75,60.0,0.6163389823246342,1733.1868557769749,-462.9208557769748,2026-07-23
11.0,75.0,0.6163389823246342,1804.0817051299152,-1275.1517051299152,2026-07-23
11.25,90.0,0.6163389823246342,1872.7525629125728,-1318.0785629125726,2026-07-23
11.5,105.0,0.6163389823246342,1927.1329423681016,-1347.8549423681015,2026-07-23
11.75,120.0,0.6163389823246342,1968.0150828228689,-982.6577494895357,2026-07-23
12.0,135.0,0.6163389823246342,2003.1230076483448,-807.1836743150116,2026-07-23
12.25,150.0,0.6163389823246342,2039.980817912478,-1015.6074845791447,2026-07-23
12.5,165.0,0.6163389823246342,2067.8983855713013,-180.13838557130134,2026-07-23
12.75,180.0,0.6163389823246342,2068.375990135956,416.8120098640443,2026-07-23
13.0,195.0,0.6163389823246342,2060.003580162881,1606.8570865037855,2026-07-23
13.25,210.0,0.6163389823246342,2051.479247606373,-52.39791427303976,2026-07-23
13.5,225.0,0.6163389823246342,2028.4285997754248,730.7794002245753,2026-07-23
13.75,240.0,0.6163389823246342,1975.2395926943043,588.5277406390294,2026-07-23
14.0,255.0,0.6163389823246342,1912.02325539132,-454.6365887246536,2026-07-23
14.25,270.0,0.6163389823246342,1839.191732030511,433.1369346361553,2026-07-23
14.5,285.0,0.6163389823246342,1763.9004438770544,-149.80044387705448,2026-07-23
14.75,300.0,0.6163389823246342,1680.4357286289112,-304.77906196224444,2026-07-23
15.0,315.0,0.6163389823246342,1582.515040897705,549.6099591022951,2026-07-23
15.25,330.0,0.6163389823246342,1476.295075406921,683.6295912597459,2026-07-23
15.5,345.0,0.6163389823246342,1369.460768373263,-522.5434350399296,2026-07-23
15.75,360.0,0.6163389823246342,1262.6533894982708,-316.6533894982708,2026-07-23
16.0,375.0,0.6163389823246342,1151.7580974516482,-334.12876411831496,2026-07-23
16.25,390.0,0.6163389823246342,1038.8915253291211,-412.0181919957878,2026-07-23
16.5,405.0,0.6163389823246342,924.28290863215,-340.60757529881664,2026-07-23
16.75,420.0,0.6163389823246342,811.7462109162183,-179.2355442495516,2026-07-23
17.0,435.0,0.6163389823246342,698.3340571227534,65.26460954391325,2026-07-23
17.25,450.0,0.6163389823246342,585.7492447290905,-108.24591139575722,2026-07-23
17.5,465.0,0.6163389823246342,473.3589008876485,-247.07890088764844,2026-07-23
17.75,480.0,0.6163389823246342,368.6178561749163,-232.716522841583,2026-07-23
18.0,495.0,0.6163389823246342,269.37160278307795,-155.86760278307793,2026-07-23
18.25,510.0,0.6163389823246342,180.90091617736653,-53.384249510699846,2026-07-23
18.5,525.0,0.6163389823246342,106.70216147353813,-12.608828140204807,2026-07-23
18.75,540.0,0.6163389823246342,47.86576919529583,-23.723769195295834,2026-07-23
11.5,15.0,0.30894270710181615,1191.776783690732,-612.498783690732,2026-07-23
11.75,30.0,0.30894270710181615,1231.3288301608195,-245.97149682748636,2026-07-23
12.0,45.0,0.30894270710181615,1264.9775871688623,-69.03825383552908,2026-07-23
12.25,60.0,0.30894270710181615,1295.7074134341758,-271.3340801008426,2026-07-23
12.5,75.0,0.30894270710181615,1329.011650871302,558.748349128698,2026-07-23
12.75,90.0,0.30894270710181615,1345.2213644612757,1139.9666355387244,2026-07-23
13.0,105.0,0.30894270710181615,1345.1455965196988,2321.7150701469677,2026-07-23
13.25,120.0,0.30894270710181615,1340.3345866212444,658.7467467120889,2026-07-23
13.5,135.0,0.30894270710181615,1335.438668865224,1423.7693311347762,2026-07-23
13.75,150.0,0.30894270710181615,1302.1905231197184,1261.5768102136153,2026-07-23
14.0,165.0,0.30894270710181615,1254.806278182807,202.58038848385922,2026-07-23
14.25,180.0,0.30894270710181615,1207.501327948484,1064.8273387181823,2026-07-23
14.5,195.0,0.30894270710181615,1157.3292531218392,456.7707468781607,2026-07-23
14.75,210.0,0.30894270710181615,1098.0296807818836,277.62698588478315,2026-07-23
15.0,225.0,0.30894270710181615,1030.6317659012184,1101.4932340987816,2026-07-23
15.25,240.0,0.30894270710181615,958.8710529459602,1201.0536137207066,2026-07-23
15.5,255.0,0.30894270710181615,886.8869775840225,-39.96964425068916,2026-07-23
15.75,270.0,0.30894270710181615,816.5384675346099,129.46153246539006,2026-07-23
16.0,285.0,0.30894270710181615,743.0667788437325,74.56255448960064,2026-07-23
16.25,300.0,0.30894270710181615,669.7862412585886,-42.91290792525524,2026-07-23
16.5,315.0,0.30894270710181615,595.2351268632711,-11.559793529937792,2026-07-23
16.75,330.0,0.30894270710181615,524.0816432553,108.42902341136664,2026-07-23
17.0,345.0,0.30894270710181615,450.8181615448811,312.78050512178555,2026-07-23
17.25,360.0,0.30894270710181615,377.48059104257305,100.02274229076022,2026-07-23
17.5,375.0,0.30894270710181615,304.3176391604014,-78.0376391604014,2026-07-23
17.75,390.0,0.30894270710181615,239.63395599814825,-103.73262266481493,2026-07-23
18.0,405.0,0.30894270710181615,177.404209969036,-63.900209969036,2026-07-23
18.25,420.0,0.30894270710181615,121.435451887818,6.0812147788486755,2026-07-23
18.5,435.0,0.30894270710181615,74.3765147157381,19.716818617595223,2026-07-23
18.75,450.0,0.30894270710181615,34.02228725848871,-9.88028725848871,2026-07-23
13.0,15.0,0.4175372154524266,1662.3082624865249,2004.5524041801416,2026-07-23
13.25,30.0,0.4175372154524266,1642.0267016249925,357.0546317083408,2026-07-23
13.5,45.0,0.4175372154524266,1611.205488328795,1148.0025116712052,2026-07-23
13.75,60.0,0.4175372154524266,1554.8126610979102,1008.9546722354235,2026-07-23
14.0,75.0,0.4175372154524266,1488.415090855731,-31.028424189064708,2026-07-23
14.25,90.0,0.4175372154524266,1427.178365785231,845.1503008814352,2026-07-23
14.5,105.0,0.4175372154524266,1358.305209575074,255.79479042492585,2026-07-23
14.75,120.0,0.4175372154524266,1283.618133463132,92.03853320353483,2026-07-23
15.0,135.0,0.4175372154524266,1201.133749086084,930.991250913916,2026-07-23
15.25,150.0,0.4175372154524266,1120.0546421902611,1039.8700244764057,2026-07-23
15.5,165.0,0.4175372154524266,1039.4965460279311,-192.5792126945978,2026-07-23
15.75,180.0,0.4175372154524266,958.7169878084864,-12.716987808486351,2026-07-23
16.0,195.0,0.4175372154524266,876.060570727974,-58.43123739464079,2026-07-23
16.25,210.0,0.4175372154524266,794.6971956657244,-167.82386233239106,2026-07-23
16.5,225.0,0.4175372154524266,710.34527743086,-126.6699440975267,2026-07-23
16.75,240.0,0.4175372154524266,630.3855137678418,2.125152898824922,2026-07-23
17.0,255.0,0.4175372154524266,549.0919955713433,214.50667109532333,2026-07-23
17.25,270.0,0.4175372154524266,467.1380222617073,10.365311071625968,2026-07-23
17.5,285.0,0.4175372154524266,384.44403364215214,-158.1640336421521,2026-07-23
17.75,300.0,0.4175372154524266,305.5749437011208,-169.67361036778746,2026-07-23
18.0,315.0,0.4175372154524266,230.465849946292,-116.96184994629199,2026-07-23
18.25,330.0,0.4175372154524266,163.5751894104491,-36.05852274378242,2026-07-23
18.5,345.0,0.4175372154524266,92.33442621895048,1.7589071143828363,2026-07-23
18.75,360.0,0.4175372154524266,39.70681028672335,-15.564810286723354,2026-07-23
14.5,15.0,0.6712791064969904,1901.6629696748396,-287.5629696748397,2026-07-23
14.75,30.0,0.6712791064969904,1801.6705235763309,-426.0138569096641,2026-07-23
15.0,45.0,0.6712791064969904,1692.6972965319835,439.4277034680165,2026-07-23
15.25,60.0,0.6712791064969904,1579.8219193676753,580.1027472989915,2026-07-23
15.5,75.0,0.6712791064969904,1467.0952284199009,-620.1778950865676,2026-07-23
15.75,90.0,0.6712791064969904,1356.210459104578,-410.2104591045779,2026-07-23
16.0,105.0,0.6712791064969904,1239.1387000797774,-421.50936674644424,2026-07-23
16.25,120.0,0.6712791064969904,1118.4753664114749,-491.6020330781415,2026-07-23
16.5,135.0,0.6712791064969904,996.2989321539188,-412.62359882058547,2026-07-23
16.75,150.0,0.6712791064969904,879.3737385895647,-246.86307192289803,2026-07-23
17.0,165.0,0.6712791064969904,761.7263045649519,1.8723621017147707,2026-07-23
17.25,180.0,0.6712791064969904,644.5665851405153,-167.06325180718198,2026-07-23
17.5,195.0,0.6712791064969904,526.0378699281418,-299.7578699281418,2026-07-23
17.75,210.0,0.6712791064969904,412.5623928643452,-276.6610595310119,2026-07-23
18.0,225.0,0.6712791064969904,306.4467818303659,-192.9427818303659,2026-07-23
18.25,240.0,0.6712791064969904,212.74555916341336,-85.22889249674668,2026-07-23
18.5,255.0,0.6712791064969904,119.24825349280992,-25.154920159476603,2026-07-23
18.75,270.0,0.6712791064969904,51.28320391550818,-27.141203915508182,2026-07-23
16.0,15.0,0.5162377918229448,995.1650447317425,-177.53571139840926,2026-07-23
16.25,30.0,0.5162377918229448,899.839115102798,-272.9657817694647,2026-07-23
16.5,45.0,0.5162377918229448,803.3598165420742,-219.68448320874086,2026-07-23
16.75,60.0,0.5162377918229448,710.4641283055574,-77.95346163889076,2026-07-23
17.0,75.0,0.5162377918229448,617.0665848669157,146.53208179975093,2026-07-23
17.25,90.0,0.5162377918229448,524.4880894234594,-46.984756090126155,2026-07-23
17.5,105.0,0.5162377918229448,430.4201312803016,-204.14013128030155,2026-07-23
17.75,120.0,0.5162377918229448,339.6440191856112,-203.7426858522779,2026-07-23
18.0,135.0,0.5162377918229448,255.58087238120248,-142.07687238120246,2026-07-23
18.25,150.0,0.5162377918229448,180.67363166405357,-53.15696499738689,2026-07-23
18.5,165.0,0.5162377918229448,101.89417484161692,-7.800841508283597,2026-07-23
18.75,180.0,0.5162377918229448,43.91452280123727,-19.77252280123727,2026-07-23
7.0,15.0,0.48532969717891605,143.5004765650362,97.10619010163049,2026-07-24
7.25,30.0,0.48532969717891605,214.6979323456772,72.85473432098945,2026-07-24
7.5,45.0,0.48532969717891605,292.5921514457027,74.27384855429727,2026-07-24
7.75,60.0,0.48532969717891605,378.7124585959559,141.47154140404405,2026-07-24
8.0,75.0,0.48532969717891605,466.93701595532326,130.00565071134343,2026-07-24
8.25,90.0,0.48532969717891605,557.3737922153692,63.03887445129749,2026-07-24
8.5,105.0,0.48532969717891605,647.131612877011,551.0770537896555,2026-07-24
8.75,120.0,0.48532969717891605,739.7088050359483,761.2825282973853,2026-07-24
9.0,135.0,0.48532969717891605,828.755012005535,62.88232132779831,2026-07-24
9.25,150.0,0.48532969717891605,916.9324457822016,-148.23377911553484,2026-07-24
9.5,165.0,0.48532969717891605,1004.533602679182,-53.909602679181944,2026-07-24
9.75,180.0,0.48532969717891605,1092.21370272922,-111.1430360625535,2026-07-24
10.0,195.0,0.48532969717891605,1175.5229661540843,1017.4530338459158,2026-07-24
10.25,210.0,0.48532969717891605,1255.371737185577,608.179596147756,2026-07-24
10.5,225.0,0.48532969717891605,1327.6268912609871,89.54377540567953,2026-07-24
10.75,240.0,0.48532969717891605,1396.3682138457475,486.1551194875858,2026-07-24
11.0,255.0,0.48532969717891605,1460.2371850515106,-816.7298517181772,2026-07-24
11.25,270.0,0.48532969717891605,1521.3919856312857,-610.7086522979525,2026-07-24
11.5,285.0,0.48532969717891605,1577.1148911121625,124.92444222117092,2026-07-24
11.75,300.0,0.48532969717891605,1630.1614483009162,131.04521836575032,2026-07-24
12.0,315.0,0.48532969717891605,1682.3140408662937,234.82529246703962,2026-07-24
12.25,330.0,0.48532969717891605,1727.2903356857958,1256.3269976475383,2026-07-24
12.5,345.0,0.48532969717891605,1762.7935622383236,-581.4188955716572,2026-07-24
12.75,360.0,0.48532969717891605,1773.5059868036317,-995.4233201369651,2026-07-24
13.0,375.0,0.48532969717891605,1774.8254701297765,-863.2021367964433,2026-07-24
13.25,390.0,0.48532969717891605,1766.085495323341,-889.3768286566744,2026-07-24
13.5,405.0,0.48532969717891605,1750.4173441798132,-941.7960108464799,2026-07-24
13.75,420.0,0.48532969717891605,1701.401318764248,-876.6966520975811,2026-07-24
14.0,435.0,0.48532969717891605,1645.4283255007033,-1172.94699216737,2026-07-24
14.25,450.0,0.48532969717891605,1583.8034293461903,-1040.082096012857,2026-07-24
14.5,465.0,0.48532969717891605,1517.7853934582768,-635.0953934582767,2026-07-24
14.75,480.0,0.48532969717891605,1436.8326955525672,-582.2906955525672,2026-07-24
15.0,495.0,0.48532969717891605,1348.645851639553,-512.6191849728864,2026-07-24
15.25,510.0,0.48532969717891605,1255.8826654452264,-393.56266544522634,2026-07-24
15.5,525.0,0.48532969717891605,1162.3997136867836,-245.97771368678355,2026-07-24
15.75,540.0,0.48532969717891605,1074.9982646358849,-389.9735979692182,2026-07-24
16.0,555.0,0.48532969717891605,984.2927687972244,-640.8434354638912,2026-07-24
16.25,570.0,0.48532969717891605,889.5999063950281,-499.22657306169486,2026-07-24
16.5,585.0,0.48532969717891605,791.543113684443,-432.9497803511097,2026-07-24
16.75,600.0,0.48532969717891605,701.2627710653718,-442.73343773203845,2026-07-24
17.0,615.0,0.48532969717891605,609.5777575861529,-403.64375758615284,2026-07-24
17.25,630.0,0.48532969717891605,517.4042475981314,-332.4375809314647,2026-07-24
17.5,645.0,0.48532969717891605,425.3163385392638,-246.27300520593045,2026-07-24
17.75,660.0,0.48532969717891605,338.51392501712456,-173.83892501712458,2026-07-24
18.0,675.0,0.48532969717891605,258.2329241465696,-131.99736859101404,2026-07-24
8.5,15.0,0.4319083542159753,594.1976799814842,604.0109866851823,2026-07-24
8.75,30.0,0.4319083542159753,679.9345245926264,821.0568087407072,2026-07-24
9.0,45.0,0.4319083542159753,764.2881057304172,127.34922760291613,2026-07-24
9.25,60.0,0.4319083542159753,847.0370129182464,-78.33834625157965,2026-07-24
9.5,75.0,0.4319083542159753,928.1008075343624,22.523192465637635,2026-07-24
9.75,90.0,0.4319083542159753,1008.7564232284624,-27.685756561795984,2026-07-24
10.0,105.0,0.4319083542159753,1081.549888771127,1111.4261112288732,2026-07-24
10.25,120.0,0.4319083542159753,1147.3787858192302,716.1725475141029,2026-07-24
10.5,135.0,0.4319083542159753,1206.0761037411137,211.09456292555296,2026-07-24
10.75,150.0,0.4319083542159753,1263.364989705503,619.1583436278304,2026-07-24
11.0,165.0,0.4319083542159753,1319.361818467249,-675.8544851339155,2026-07-24
11.25,180.0,0.4319083542159753,1376.7638356249531,-466.08050229161995,2026-07-24
11.5,195.0,0.4319083542159753,1431.6979357387115,270.34139759462187,2026-07-24
11.75,210.0,0.4319083542159753,1488.413818617286,272.7928480493804,2026-07-24
12.0,225.0,0.4319083542159753,1547.1457571080805,369.9935762252528,2026-07-24
12.25,240.0,0.4319083542159753,1596.5478738247948,1387.0694595085392,2026-07-24
12.5,255.0,0.4319083542159753,1641.220823545725,-459.8461568790585,2026-07-24
12.75,270.0,0.4319083542159753,1661.1020181967394,-883.0193515300729,2026-07-24
13.0,285.0,0.4319083542159753,1666.0763951659728,-754.4530618326396,2026-07-24
13.25,300.0,0.4319083542159753,1650.2941962580703,-773.5855295914037,2026-07-24
13.5,315.0,0.4319083542159753,1629.0220786331502,-820.4007452998169,2026-07-24
13.75,330.0,0.4319083542159753,1578.3550027075291,-753.6503360408624,2026-07-24
14.0,345.0,0.4319083542159753,1520.6436459028837,-1048.1623125695505,2026-07-24
14.25,360.0,0.4319083542159753,1457.2852174765346,-913.5638841432012,2026-07-24
14.5,375.0,0.4319083542159753,1391.9367739183422,-509.2467739183421,2026-07-24
14.75,390.0,0.4319083542159753,1313.384217432376,-458.84221743237606,2026-07-24
15.0,405.0,0.4319083542159753,1234.6736923106484,-398.6470256439818,2026-07-24
15.25,420.0,0.4319083542159753,1152.1110085699947,-289.7910085699947,2026-07-24
15.5,435.0,0.4319083542159753,1069.984994154716,-153.56299415471608,2026-07-24
15.75,450.0,0.4319083542159753,991.3871128603864,-306.36244619371973,2026-07-24
16.0,465.0,0.4319083542159753,909.1798605797484,-565.730527246415,2026-07-24
16.25,480.0,0.4319083542159753,823.0365455626569,-432.6632122293236,2026-07-24
16.5,495.0,0.4319083542159753,735.1913701555228,-376.5980368221895,2026-07-24
16.75,510.0,0.4319083542159753,654.0020253409541,-395.47269200762076,2026-07-24
17.0,525.0,0.4319083542159753,570.0506511568949,-364.1166511568949,2026-07-24
17.25,540.0,0.4319083542159753,483.3137947073225,-298.3471280406558,2026-07-24
17.5,555.0,0.4319083542159753,397.18132167943895,-218.13798834610557,2026-07-24
17.75,570.0,0.4319083542159753,318.25663232540967,-153.5816323254097,2026-07-24
18.0,585.0,0.4319083542159753,245.175926757221,-118.94037120166543,2026-07-24
10.0,15.0,0.3520555210000141,948.8091162531662,1244.166883746834,2026-07-24
10.25,30.0,0.3520555210000141,1010.4752813970722,853.0760519362609,2026-07-24
10.5,45.0,0.3520555210000141,1063.628137788515,353.54252887815164,2026-07-24
10.75,60.0,0.3520555210000141,1114.6867817740938,767.8365515592395,2026-07-24
11.0,75.0,0.3520555210000141,1162.6877497468688,-519.1804164135355,2026-07-24
11.25,90.0,0.3520555210000141,1211.6463703896088,-300.96303705627565,2026-07-24
11.5,105.0,0.3520555210000141,1263.2972112501698,438.7421220831636,2026-07-24
11.75,120.0,0.3520555210000141,1316.0102925073656,445.19637415930083,2026-07-24
12.0,135.0,0.3520555210000141,1371.2958136051184,545.8435197282149,2026-07-24
12.25,150.0,0.3520555210000141,1422.3566136793945,1561.2607196539395,2026-07-24
12.5,165.0,0.3520555210000141,1464.3924509122596,-283.01778424559325,2026-07-24
12.75,180.0,0.3520555210000141,1480.9468936110056,-702.8642269443391,2026-07-24
13.0,195.0,0.3520555210000141,1484.710374970428,-573.0870416370947,2026-07-24
13.25,210.0,0.3520555210000141,1474.150789817702,-597.4421231510353,2026-07-24
13.5,225.0,0.3520555210000141,1456.4052172247857,-647.7838838914524,2026-07-24
13.75,240.0,0.3520555210000141,1412.7557649564783,-588.0510982898115,2026-07-24
14.0,255.0,0.3520555210000141,1360.9278498237588,-888.4465164904256,2026-07-24
14.25,270.0,0.3520555210000141,1308.6391192029796,-764.9177858696462,2026-07-24
14.5,285.0,0.3520555210000141,1258.2644753272937,-375.5744753272936,2026-07-24
14.75,300.0,0.3520555210000141,1187.481187160428,-332.9391871604279,2026-07-24
15.0,315.0,0.3520555210000141,1108.3609353422833,-272.3342686756166,2026-07-24
15.25,330.0,0.3520555210000141,1028.0116546885406,-165.69165468854055,2026-07-24
15.5,345.0,0.3520555210000141,950.002669875326,-33.58066987532595,2026-07-24
15.75,360.0,0.3520555210000141,876.8008782671562,-191.77621160048955,2026-07-24
16.0,375.0,0.3520555210000141,802.4505962424801,-459.00126290914676,2026-07-24
16.25,390.0,0.3520555210000141,726.3567739595456,-335.98344062621237,2026-07-24
16.5,405.0,0.3520555210000141,646.1134490257285,-287.5201156923952,2026-07-24
16.75,420.0,0.3520555210000141,572.8113680498512,-314.2820347165179,2026-07-24
17.0,435.0,0.3520555210000141,497.18088735996,-291.24688735996,2026-07-24
17.25,450.0,0.3520555210000141,421.32118684253646,-236.3545201758698,2026-07-24
17.5,465.0,0.3520555210000141,349.26649249559495,-170.22315916226157,2026-07-24
17.75,480.0,0.3520555210000141,282.3752076501452,-117.70020765014524,2026-07-24
18.0,495.0,0.3520555210000141,219.394803058645,-93.15924750308945,2026-07-24
11.5,15.0,0.35012250946035844,1265.7947039337555,436.2446293995779,2026-07-24
11.75,30.0,0.35012250946035844,1321.2357153283735,439.97095133829293,2026-07-24
12.0,45.0,0.35012250946035844,1379.1979891088183,537.941344224515,2026-07-24
12.25,60.0,0.35012250946035844,1429.0291869212697,1554.5881464120644,2026-07-24
12.5,75.0,0.35012250946035844,1469.0495789634504,-287.674912296784,2026-07-24
12.75,90.0,0.35012250946035844,1488.363280895412,-710.2806142287453,2026-07-24
13.0,105.0,0.35012250946035844,1494.8311823758345,-583.2078490425013,2026-07-24
13.25,120.0,0.35012250946035844,1485.8284520110385,-609.1197853443718,2026-07-24
13.5,135.0,0.35012250946035844,1469.2242519557735,-660.6029186224403,2026-07-24
13.75,150.0,0.35012250946035844,1425.7648796212252,-601.0602129545584,2026-07-24
14.0,165.0,0.35012250946035844,1375.7752050173433,-903.29387168401,2026-07-24
14.25,180.0,0.35012250946035844,1324.0220655057344,-780.300732172401,2026-07-24
14.5,195.0,0.35012250946035844,1270.422983785572,-387.73298378557183,2026-07-24
14.75,210.0,0.35012250946035844,1198.5605330075414,-344.01853300754135,2026-07-24
15.0,225.0,0.35012250946035844,1122.557161352702,-286.53049468603535,2026-07-24
15.25,240.0,0.35012250946035844,1043.8931687599702,-181.57316875997014,2026-07-24
15.5,255.0,0.35012250946035844,965.1215380852076,-48.699538085207564,2026-07-24
15.75,270.0,0.35012250946035844,891.3794371846332,-206.35477051796647,2026-07-24
16.0,285.0,0.35012250946035844,817.5307528062489,-474.08141947291557,2026-07-24
16.25,300.0,0.35012250946035844,737.9400867147689,-347.5667533814356,2026-07-24
16.5,315.0,0.35012250946035844,651.90074418578,-293.3074108524467,2026-07-24
16.75,330.0,0.35012250946035844,575.7782787763783,-317.248945443045,2026-07-24
17.0,345.0,0.35012250946035844,499.8955601357948,-293.9615601357948,2026-07-24
17.25,360.0,0.35012250946035844,423.79370856142873,-238.82704189476206,2026-07-24
17.5,375.0,0.35012250946035844,350.41449577048587,-171.3711624371525,2026-07-24
17.75,390.0,0.35012250946035844,283.20370611595627,-118.52870611595628,2026-07-24
18.0,405.0,0.35012250946035844,219.8332984491916,-93.59774289363604,2026-07-24
13.0,15.0,0.44248275277925664,1628.600866364592,-716.9775330312589,2026-07-24
13.25,30.0,0.44248275277925664,1639.544100213274,-762.8354335466074,2026-07-24
13.5,45.0,0.44248275277925664,1638.942712349114,-830.3213790157806,2026-07-24
13.75,60.0,0.44248275277925664,1604.7856315509662,-780.0809648842994,2026-07-24
14.0,75.0,0.44248275277925664,1557.424049964006,-1084.9427166306727,2026-07-24
14.25,90.0,0.44248275277925664,1509.143267269918,-965.4219339365845,2026-07-24
14.5,105.0,0.44248275277925664,1457.149806862378,-574.459806862378,2026-07-24
14.75,120.0,0.44248275277925664,1381.602749160416,-527.0607491604159,2026-07-24
15.0,135.0,0.44248275277925664,1306.8127930131493,-470.78612634648266,2026-07-24
15.25,150.0,0.44248275277925664,1232.934577257132,-370.61457725713205,2026-07-24
15.5,165.0,0.44248275277925664,1155.3705751804791,-238.9485751804791,2026-07-24
15.75,180.0,0.44248275277925664,1071.3619374762336,-386.3372708095669,2026-07-24
16.0,195.0,0.44248275277925664,989.4740417782558,-646.0247084449225,2026-07-24
16.25,210.0,0.44248275277925664,906.368224826654,-515.9948914933207,2026-07-24
16.5,225.0,0.44248275277925664,815.2897568499536,-456.6964235166203,2026-07-24
16.75,240.0,0.44248275277925664,721.5592464869732,-463.0299131536398,2026-07-24
17.0,255.0,0.44248275277925664,623.1946726283132,-417.2606726283132,2026-07-24
17.25,270.0,0.44248275277925664,523.5361839791311,-338.5695173124644,2026-07-24
17.5,285.0,0.44248275277925664,427.0945482595212,-248.05121492618784,2026-07-24
17.75,300.0,0.44248275277925664,339.52308168410866,-174.84808168410868,2026-07-24
18.0,315.0,0.44248275277925664,256.84558267133804,-130.6100271157825,2026-07-24
14.5,15.0,0.1686506319607795,877.2381026827264,5.45189731727362,2026-07-24
14.75,30.0,0.1686506319607795,839.7066217571795,14.835378242820525,2026-07-24
15.0,45.0,0.1686506319607795,794.961965570797,41.06470109586962,2026-07-24
15.25,60.0,0.1686506319607795,751.4558070616815,110.86419293831852,2026-07-24
15.5,75.0,0.1686506319607795,712.073928187539,204.34807181246106,2026-07-24
15.75,90.0,0.1686506319607795,664.1919665713538,20.83270009531293,2026-07-24
16.0,105.0,0.1686506319607795,612.3727686952084,-268.9234353618751,2026-07-24
16.25,120.0,0.1686506319607795,560.890848148804,-170.51751481547075,2026-07-24
16.5,135.0,0.1686506319607795,510.0072256574915,-151.4138923241582,2026-07-24
16.75,150.0,0.1686506319607795,456.04371555780506,-197.51438222447172,2026-07-24
17.0,165.0,0.1686506319607795,397.0847266408791,-191.1507266408791,2026-07-24
17.25,180.0,0.1686506319607795,336.32941807578555,-151.36275140911889,2026-07-24
17.5,195.0,0.1686506319607795,275.3485516725887,-96.30521833925533,2026-07-24
17.75,210.0,0.1686506319607795,221.9852956631542,-57.31029566315422,2026-07-24
18.0,225.0,0.1686506319607795,171.67222201906864,-45.43666646351308,2026-07-24
16.0,15.0,0.27318612383079577,763.3031464161206,-419.8538130827873,2026-07-24
16.25,30.0,0.27318612383079577,696.4940308931915,-306.12069755985823,2026-07-24
16.5,45.0,0.27318612383079577,626.1010322679006,-267.50769893456726,2026-07-24
16.75,60.0,0.27318612383079577,552.0478938942048,-293.51856056087144,2026-07-24
17.0,75.0,0.27318612383079577,475.6584365776155,-269.72443657761545,2026-07-24
17.25,90.0,0.27318612383079577,401.08135046994647,-216.1146838032798,2026-07-24
17.5,105.0,0.27318612383079577,328.2700352884869,-149.22670195515352,2026-07-24
17.75,120.0,0.27318612383079577,262.9978236269368,-98.32282362693681,2026-07-24
18.0,135.0,0.27318612383079577,201.7208112522576,-75.48525569670203,2026-07-24
7.0,15.0,0.531157363697057,137.50971680817443,14.486283191825606,2026-07-25
7.25,30.0,0.531157363697057,208.03851805605916,122.90614861060749,2026-07-25
7.5,45.0,0.531157363697057,285.8048849980532,88.8351150019468,2026-07-25
7.75,60.0,0.531157363697057,376.34920577325136,-16.907872439918037,2026-07-25
8.0,75.0,0.531157363697057,471.1541730517191,166.82982694828104,2026-07-25
8.25,90.0,0.531157363697057,566.0738873660791,117.71211263392081,2026-07-25
8.5,105.0,0.531157363697057,659.9194251713344,-53.72809183800098,2026-07-25
8.75,120.0,0.531157363697057,764.0412506069999,78.08541605966661,2026-07-25
9.0,135.0,0.531157363697057,866.780870850659,-36.778204183992216,2026-07-25
9.25,150.0,0.531157363697057,966.545656191,-291.92498952433357,2026-07-25
9.5,165.0,0.531157363697057,1063.9153025233777,-176.30330252337774,2026-07-25
9.75,180.0,0.531157363697057,1153.43810654617,334.57989345383,2026-07-25
10.0,195.0,0.531157363697057,1230.673411482147,351.59925518451973,2026-07-25
10.25,210.0,0.531157363697057,1302.652343718765,548.2409896145678,2026-07-25
10.5,225.0,0.531157363697057,1374.5028918005758,280.10844153275775,2026-07-25
10.75,240.0,0.531157363697057,1435.4471368756465,-564.1431368756464,2026-07-25
11.0,255.0,0.531157363697057,1496.4804019698122,318.72426469685456,2026-07-25
11.25,270.0,0.531157363697057,1557.1850226279505,-304.49368929461707,2026-07-25
11.5,285.0,0.531157363697057,1616.2587763556694,-447.6494430223363,2026-07-25
11.75,300.0,0.531157363697057,1657.1787775384232,-321.6521108717568,2026-07-25
12.0,315.0,0.531157363697057,1689.2194114622005,-943.0260781288672,2026-07-25
12.25,330.0,0.531157363697057,1710.1726748958192,-1035.745341562486,2026-07-25
12.5,345.0,0.531157363697057,1715.1039876593688,-664.1146543260354,2026-07-25
12.75,360.0,0.531157363697057,1700.8252474885771,-599.7445808219106,2026-07-25
13.0,375.0,0.531157363697057,1679.1714593806018,-230.46345938060176,2026-07-25
13.25,390.0,0.531157363697057,1651.2124385662453,-246.2951052329122,2026-07-25
13.5,405.0,0.531157363697057,1613.0473479183431,-256.2266812516766,2026-07-25
13.75,420.0,0.531157363697057,1575.833929258282,-1148.5719292582821,2026-07-25
14.0,435.0,0.531157363697057,1536.74001912901,-700.0033524623433,2026-07-25
14.25,450.0,0.531157363697057,1485.6375436850556,-623.3722103517223,2026-07-25
14.5,465.0,0.531157363697057,1429.081128268512,-484.57779493517853,2026-07-25
14.75,480.0,0.531157363697057,1367.8965752675983,-551.2425752675983,2026-07-25
15.0,495.0,0.531157363697057,1301.9551631759873,-422.2351631759873,2026-07-25
15.25,510.0,0.531157363697057,1228.9484774887226,-729.853810822056,2026-07-25
15.5,525.0,0.531157363697057,1152.3400174723904,-864.0833508057237,2026-07-25
15.75,540.0,0.531157363697057,1065.5924250602818,-758.9650917269486,2026-07-25
16.0,555.0,0.531157363697057,972.2897685230912,-799.4511018564245,2026-07-25
16.25,570.0,0.531157363697057,876.0606130398854,-619.2212797065521,2026-07-25
16.5,585.0,0.531157363697057,779.8692289330044,-460.06322893300444,2026-07-25
16.75,600.0,0.531157363697057,682.2916485982007,-185.0043152648674,2026-07-25
17.0,615.0,0.531157363697057,587.0155912892272,-303.2669246225606,2026-07-25
17.25,630.0,0.531157363697057,492.6642928945506,-307.9142928945506,2026-07-25
17.5,645.0,0.531157363697057,399.5556726938518,-224.75700602718516,2026-07-25
17.75,660.0,0.531157363697057,311.9144536666231,-36.79112033328977,2026-07-25
18.0,675.0,0.531157363697057,228.35775371456216,88.43224628543786,2026-07-25
8.5,15.0,0.41232108767832615,540.3909131434082,65.80042018992526,2026-07-25
8.75,30.0,0.41232108767832615,627.5536848105918,214.57298185607476,2026-07-25
9.0,45.0,0.41232108767832615,715.9917492713047,114.01091739536207,2026-07-25
9.25,60.0,0.41232108767832615,802.0511947078861,-127.43052804121965,2026-07-25
9.5,75.0,0.41232108767832615,882.6283056079915,4.983694392008488,2026-07-25
9.75,90.0,0.41232108767832615,951.8778832628814,536.1401167371187,2026-07-25
10.0,105.0,0.41232108767832615,1003.8866300839678,578.3860365826989,2026-07-25
10.25,120.0,0.41232108767832615,1053.1630918394344,797.7302414938983,2026-07-25
10.5,135.0,0.41232108767832615,1107.558994748944,547.0523385843894,2026-07-25
10.75,150.0,0.41232108767832615,1160.6580309933413,-289.3540309933412,2026-07-25
11.0,165.0,0.41232108767832615,1217.4083072023382,597.7963594643286,2026-07-25
11.25,180.0,0.41232108767832615,1277.7729144454322,-25.081581112098775,2026-07-25
11.5,195.0,0.41232108767832615,1336.5705249283828,-167.96119159504974,2026-07-25
11.75,210.0,0.41232108767832615,1372.513886164798,-36.98721949813148,2026-07-25
12.0,225.0,0.41232108767832615,1397.1083079041368,-650.9149745708036,2026-07-25
12.25,240.0,0.41232108767832615,1414.1226640782188,-739.6953307448855,2026-07-25
12.5,255.0,0.41232108767832615,1416.321012931097,-365.33167959776347,2026-07-25
12.75,270.0,0.41232108767832615,1396.4889019122763,-295.40823524560983,2026-07-25
13.0,285.0,0.41232108767832615,1370.0066320040953,78.70136799590477,2026-07-25
13.25,300.0,0.41232108767832615,1337.863030069919,67.05430326341411,2026-07-25
13.5,315.0,0.41232108767832615,1294.245540413066,62.5751262536005,2026-07-25
13.75,330.0,0.41232108767832615,1261.1639974980374,-833.9019974980374,2026-07-25
14.0,345.0,0.41232108767832615,1235.7628948684885,-399.0262282018217,2026-07-25
14.25,360.0,0.41232108767832615,1196.437265991551,-334.17193265821766,2026-07-25
14.5,375.0,0.41232108767832615,1150.266624864375,-205.76329153104155,2026-07-25
14.75,390.0,0.41232108767832615,1102.4346752901974,-285.78067529019745,2026-07-25
15.0,405.0,0.41232108767832615,1051.8219272808594,-172.1019272808594,2026-07-25
15.25,420.0,0.41232108767832615,993.3316286650138,-494.23696199834717,2026-07-25
15.5,435.0,0.41232108767832615,932.1798257227748,-643.9231590561083,2026-07-25
15.75,450.0,0.41232108767832615,862.1236479151014,-555.4963145817682,2026-07-25
16.0,465.0,0.41232108767832615,784.6578979543193,-611.8192312876527,2026-07-25
16.25,480.0,0.41232108767832615,705.9933442059275,-449.1540108725942,2026-07-25
16.5,495.0,0.41232108767832615,626.4350078364366,-306.6290078364367,2026-07-25
16.75,510.0,0.41232108767832615,547.5973031158901,-50.30996978255678,2026-07-25
17.0,525.0,0.41232108767832615,472.3425594128744,-188.59389274620776,2026-07-25
17.25,540.0,0.41232108767832615,400.7507053861325,-216.0007053861325,2026-07-25
17.5,555.0,0.41232108767832615,329.882157878416,-155.08349121174936,2026-07-25
17.75,570.0,0.41232108767832615,260.6125520057802,14.510781327553161,2026-07-25
18.0,585.0,0.41232108767832615,193.2053853949554,123.5846146050446,2026-07-25
10.0,15.0,0.3629489130277978,938.0011026328089,644.2715640338579,2026-07-25
10.25,30.0,0.3629489130277978,980.0611867094196,870.8321466239131,2026-07-25
10.5,45.0,0.3629489130277978,1023.7612499811884,630.8500833521451,2026-07-25
10.75,60.0,0.3629489130277978,1070.4109001364025,-199.10690013640237,2026-07-25
11.0,75.0,0.3629489130277978,1127.4089485887498,687.795718077917,2026-07-25
11.25,90.0,0.3629489130277978,1188.2328438473503,64.45848948598314,2026-07-25
11.5,105.0,0.3629489130277978,1244.359259091458,-75.74992575812485,2026-07-25
11.75,120.0,0.3629489130277978,1276.8033988681468,58.7232677985196,2026-07-25
12.0,135.0,0.3629489130277978,1293.4472323909154,-547.2538990575821,2026-07-25
12.25,150.0,0.3629489130277978,1297.1977959991395,-622.7704626658062,2026-07-25
12.5,165.0,0.3629489130277978,1291.1708855906406,-240.1815522573072,2026-07-25
12.75,180.0,0.3629489130277978,1269.8945618449404,-168.81389517827392,2026-07-25
13.0,195.0,0.3629489130277978,1243.417173076974,205.2908269230261,2026-07-25
13.25,210.0,0.3629489130277978,1214.978341917931,189.93899141540214,2026-07-25
13.5,225.0,0.3629489130277978,1172.37267425621,184.44799241045644,2026-07-25
13.75,240.0,0.3629489130277978,1141.2661227377637,-714.0041227377637,2026-07-25
14.0,255.0,0.3629489130277978,1116.0232228546288,-279.286556187962,2026-07-25
14.25,270.0,0.3629489130277978,1080.7482628021662,-218.48292946883294,2026-07-25
14.5,285.0,0.3629489130277978,1038.0304264325116,-93.52709309917816,2026-07-25
14.75,300.0,0.3629489130277978,995.9874310996364,-179.3334310996364,2026-07-25
15.0,315.0,0.3629489130277978,949.2035118046144,-69.48351180461441,2026-07-25
15.25,330.0,0.3629489130277978,893.508826894136,-394.4141602274693,2026-07-25
15.5,345.0,0.3629489130277978,837.2039521709405,-548.9472855042739,2026-07-25
15.75,360.0,0.3629489130277978,777.7529250133141,-471.12559167998086,2026-07-25
16.0,375.0,0.3629489130277978,711.2453687229818,-538.4067020563151,2026-07-25
16.25,390.0,0.3629489130277978,642.7188477090623,-385.87951437572895,2026-07-25
16.5,405.0,0.3629489130277978,571.672232720453,-251.86623272045313,2026-07-25
16.75,420.0,0.3629489130277978,500.0227714365219,-2.735438103188585,2026-07-25
17.0,435.0,0.3629489130277978,431.2865440173054,-147.53787735063878,2026-07-25
17.25,450.0,0.3629489130277978,365.1936057365962,-180.44360573659623,2026-07-25
17.5,465.0,0.3629489130277978,300.431515267408,-125.63284860074131,2026-07-25
17.75,480.0,0.3629489130277978,238.7366545187432,36.38667881459014,2026-07-25
18.0,495.0,0.3629489130277978,178.13959414525013,138.6504058547499,2026-07-25
11.5,15.0,0.39591553097685406,1329.2867997908754,-160.67746645754232,2026-07-25
11.75,30.0,0.39591553097685406,1371.1514045268634,-35.624737860197,2026-07-25
12.0,45.0,0.39591553097685406,1402.1629635512916,-655.9696302179583,2026-07-25
12.25,60.0,0.39591553097685406,1422.3109083586587,-747.8835750253254,2026-07-25
12.5,75.0,0.39591553097685406,1422.6839121697676,-371.6945788364342,2026-07-25
12.75,90.0,0.39591553097685406,1404.885133222337,-303.8044665556704,2026-07-25
13.0,105.0,0.39591553097685406,1378.0548284913425,70.65317150865758,2026-07-25
13.25,120.0,0.39591553097685406,1347.8719029518595,57.04543038147358,2026-07-25
13.5,135.0,0.39591553097685406,1307.223586893401,49.59707977326548,2026-07-25
13.75,150.0,0.39591553097685406,1272.8279935584808,-845.5659935584808,2026-07-25
14.0,165.0,0.39591553097685406,1240.2636833376594,-403.52701667099257,2026-07-25
14.25,180.0,0.39591553097685406,1192.9003659535515,-330.6350326202182,2026-07-25
14.5,195.0,0.39591553097685406,1140.2197773277016,-195.7164439943682,2026-07-25
14.75,210.0,0.39591553097685406,1091.8316314059473,-275.1776314059473,2026-07-25
15.0,225.0,0.39591553097685406,1040.089738525051,-160.36973852505093,2026-07-25
15.25,240.0,0.39591553097685406,984.5896455815492,-485.4949789148826,2026-07-25
15.5,255.0,0.39591553097685406,926.3459104984064,-638.0892438317399,2026-07-25
15.75,270.0,0.39591553097685406,861.4001428733819,-554.7728095400487,2026-07-25
16.0,285.0,0.39591553097685406,787.4839449492175,-614.6452782825509,2026-07-25
16.25,300.0,0.39591553097685406,707.7939645242877,-450.9546311909544,2026-07-25
16.5,315.0,0.39591553097685406,626.5038666103007,-306.6978666103008,2026-07-25
16.75,330.0,0.39591553097685406,546.3891552078643,-49.10182187453097,2026-07-25
17.0,345.0,0.39591553097685406,471.5648015030903,-187.81613483642366,2026-07-25
17.25,360.0,0.39591553097685406,398.3768895593185,-213.6268895593185,2026-07-25
17.5,375.0,0.39591553097685406,326.66220711573453,-151.86354044906787,2026-07-25
17.75,390.0,0.39591553097685406,258.02761829218707,17.095715041146264,2026-07-25
18.0,405.0,0.39591553097685406,190.42659588795564,126.36340411204438,2026-07-25
13.0,15.0,0.21920534113439477,987.8241181897864,460.88388181021367,2026-07-25
13.25,30.0,0.21920534113439477,986.4655898932616,418.4517434400715,2026-07-25
13.5,45.0,0.21920534113439477,978.7722680075424,378.04839865912413,2026-07-25
13.75,60.0,0.21920534113439477,970.0909309436352,-542.8289309436352,2026-07-25
14.0,75.0,0.21920534113439477,966.122324994728,-129.38565832806125,2026-07-25
14.25,90.0,0.21920534113439477,950.2629212818854,-87.99758794855211,2026-07-25
14.5,105.0,0.21920534113439477,928.9430618157368,15.560271517596675,2026-07-25
14.75,120.0,0.21920534113439477,901.5118608234976,-84.85786082349762,2026-07-25
15.0,135.0,0.21920534113439477,872.4892805209917,7.230719479008371,2026-07-25
15.25,150.0,0.21920534113439477,838.01815769958,-338.9234910329134,2026-07-25
15.5,165.0,0.21920534113439477,800.3239181946221,-512.0672515279555,2026-07-25
15.75,180.0,0.21920534113439477,750.9252787446692,-444.29794541133595,2026-07-25
16.0,195.0,0.21920534113439477,697.3637474547353,-524.5250807880686,2026-07-25
16.25,210.0,0.21920534113439477,641.2938271031281,-384.4544937697948,2026-07-25
16.5,225.0,0.21920534113439477,586.0661292508644,-266.26012925086445,2026-07-25
16.75,240.0,0.21920534113439477,522.5352652662792,-25.247931932945903,2026-07-25
17.0,255.0,0.21920534113439477,461.11389226123424,-177.36522559456762,2026-07-25
17.25,270.0,0.21920534113439477,399.1782240010077,-214.42822400100772,2026-07-25
17.5,285.0,0.21920534113439477,338.78043523003225,-163.9817685633656,2026-07-25
17.75,300.0,0.21920534113439477,263.3758566728581,11.747476660475229,2026-07-25
18.0,315.0,0.21920534113439477,190.5296577096497,126.26034229035031,2026-07-25
14.5,15.0,0.2327385931406567,946.6109957903122,-2.107662456978801,2026-07-25
14.75,30.0,0.2327385931406567,922.251321715844,-105.59732171584403,2026-07-25
15.0,45.0,0.2327385931406567,894.1469226080394,-14.426922608039376,2026-07-25
15.25,60.0,0.2327385931406567,862.1389398945349,-363.0442732278683,2026-07-25
15.5,75.0,0.2327385931406567,827.276778686677,-539.0201120200104,2026-07-25
15.75,90.0,0.2327385931406567,779.5084946419554,-472.88116130862215,2026-07-25
16.0,105.0,0.2327385931406567,725.6461674338148,-552.8075007671481,2026-07-25
16.25,120.0,0.2327385931406567,666.6554474853691,-409.81611415203577,2026-07-25
16.5,135.0,0.2327385931406567,607.0927914874899,-287.28679148748995,2026-07-25
16.75,150.0,0.2327385931406567,540.7139691285594,-43.42663579522605,2026-07-25
17.0,165.0,0.2327385931406567,475.38375063901503,-191.6350839723484,2026-07-25
17.25,180.0,0.2327385931406567,409.85881596534415,-225.10881596534415,2026-07-25
17.5,195.0,0.2327385931406567,346.3619964438737,-171.56332977720703,2026-07-25
17.75,210.0,0.2327385931406567,268.63906964848843,6.484263684844905,2026-07-25
18.0,225.0,0.2327385931406567,193.81044064384292,122.9795593561571,2026-07-25
16.0,15.0,0.1646411993677173,597.659274671293,-424.82060800462637,2026-07-25
16.25,30.0,0.1646411993677173,557.5259632207138,-300.6866298873805,2026-07-25
16.5,45.0,0.1646411993677173,512.7760087798533,-192.9700087798534,2026-07-25
16.75,60.0,0.1646411993677173,459.49316843167696,37.79416490165636,2026-07-25
17.0,75.0,0.1646411993677173,409.4905157881026,-125.74184912143596,2026-07-25
17.25,90.0,0.1646411993677173,356.712830139996,-171.96283013999602,2026-07-25
17.5,105.0,0.1646411993677173,302.8430572413347,-128.04439057466803,2026-07-25
17.75,120.0,0.1646411993677173,235.4240742215517,39.69925911178163,2026-07-25
18.0,135.0,0.1646411993677173,171.202766555576,145.58723344442402,2026-07-25
7.0,15.0,0.7778189285981633,201.09297728725736,-52.28297728725735,2026-07-26
7.25,30.0,0.7778189285981633,305.01912724551414,-98.36046057884747,2026-07-26
7.5,45.0,0.7778189285981633,421.3994569268175,-202.06279026015085,2026-07-26
7.75,60.0,0.7778189285981633,545.597988522259,-267.625988522259,2026-07-26
8.0,75.0,0.7778189285981633,670.2235315806435,-330.7381982473102,2026-07-26
8.25,90.0,0.7778189285981633,796.896493081168,-449.644493081168,2026-07-26
8.5,105.0,0.7778189285981633,924.744847723208,-400.0561810565413,2026-07-26
8.75,120.0,0.7778189285981633,1055.2423705630645,-407.4903705630644,2026-07-26
9.0,135.0,0.7778189285981633,1185.4210238844737,-648.8016905511404,2026-07-26
9.25,150.0,0.7778189285981633,1312.3779479327743,-781.5312812661077,2026-07-26
9.5,165.0,0.7778189285981633,1430.2932015874203,-962.065868254087,2026-07-26
9.75,180.0,0.7778189285981633,1538.921137801403,-1152.4291378014027,2026-07-26
10.0,195.0,0.7778189285981633,1639.518940778623,-852.7816074452895,2026-07-26
10.25,210.0,0.7778189285981633,1741.765560302322,-1163.8182269689887,2026-07-26
10.5,225.0,0.7778189285981633,1847.7048498981085,-1345.402183231442,2026-07-26
10.75,240.0,0.7778189285981633,1962.243726425488,-1303.067726425488,2026-07-26
11.0,255.0,0.7778189285981633,2072.8409731562283,-1172.7689731562282,2026-07-26
11.25,270.0,0.7778189285981633,2170.6727339813947,-1348.5634006480614,2026-07-26
11.5,285.0,0.7778189285981633,2244.962217301085,-1528.9142173010846,2026-07-26
11.75,300.0,0.7778189285981633,2303.901940169844,-1397.7466068365104,2026-07-26
12.0,315.0,0.7778189285981633,2352.0408798976587,-843.7722132309916,2026-07-26
12.25,330.0,0.7778189285981633,2392.5522791254443,-738.0709457921109,2026-07-26
12.5,345.0,0.7778189285981633,2423.418838167285,-346.45617150061753,2026-07-26
12.75,360.0,0.7778189285981633,2428.586141170341,325.19785882965925,2026-07-26
13.0,375.0,0.7778189285981633,2416.8027711805457,-582.2787711805458,2026-07-26
13.25,390.0,0.7778189285981633,2401.780543669621,-680.4592103362877,2026-07-26
13.5,405.0,0.7778189285981633,2385.273714808239,425.78628519176027,2026-07-26
13.75,420.0,0.7778189285981633,2334.1874288210847,870.2112378455822,2026-07-26
14.0,435.0,0.7778189285981633,2272.081004283992,734.3609957160083,2026-07-26
14.25,450.0,0.7778189285981633,2207.490957105952,-261.54962377261927,2026-07-26
14.5,465.0,0.7778189285981633,2135.130324490469,-543.0503244904687,2026-07-26
14.75,480.0,0.7778189285981633,2039.504496905272,-126.76783023860548,2026-07-26
15.0,495.0,0.7778189285981633,1935.7670986867888,-421.7724320201221,2026-07-26
15.25,510.0,0.7778189285981633,1828.902986322646,-413.0723196559795,2026-07-26
15.5,525.0,0.7778189285981633,1717.93843591618,-749.3717692495131,2026-07-26
15.75,540.0,0.7778189285981633,1594.547249395782,52.27475060421784,2026-07-26
16.0,555.0,0.7778189285981633,1467.4456768349714,-232.4950101683046,2026-07-26
16.25,570.0,0.7778189285981633,1340.4621908893623,-132.6455242226957,2026-07-26
16.5,585.0,0.7778189285981633,1210.7241038060224,-347.26077047268905,2026-07-26
16.75,600.0,0.7778189285981633,1074.2681256610213,198.08654100564559,2026-07-26
17.0,615.0,0.7778189285981633,940.3197517327712,447.60758160056207,2026-07-26
17.25,630.0,0.7778189285981633,805.5307993566342,155.5532006433657,2026-07-26
17.5,645.0,0.7778189285981633,664.4433337503442,-109.27400041701094,2026-07-26
17.75,660.0,0.7778189285981633,514.8029175627023,-81.51091756270233,2026-07-26
18.0,675.0,0.7778189285981633,370.8799884490277,32.208678217638976,2026-07-26
18.25,690.0,0.7778189285981633,236.6954227201514,28.29991061318188,2026-07-26
18.5,705.0,0.7778189285981633,125.18281736499138,6.930515968341936,2026-07-26
18.75,720.0,0.7778189285981633,51.12001977542401,46.50398022457598,2026-07-26
19.0,735.0,0.7778189285981633,7.366147707558633,27.493852292441368,2026-07-26
8.5,15.0,0.2520806329169555,370.1927339126366,154.4959327540301,2026-07-26
8.75,30.0,0.2520806329169555,425.7516831806535,222.00031681934655,2026-07-26
9.0,45.0,0.2520806329169555,482.2823738524398,54.33695948089354,2026-07-26
9.25,60.0,0.2520806329169555,536.6075485592488,-5.760881892582233,2026-07-26
9.5,75.0,0.2520806329169555,586.6088526506906,-118.38151931735723,2026-07-26
9.75,90.0,0.2520806329169555,635.7765963239206,-249.28459632392048,2026-07-26
10.0,105.0,0.2520806329169555,681.4240115733111,105.31332176002229,2026-07-26
10.25,120.0,0.2520806329169555,730.6245238541014,-152.67719052076814,2026-07-26
10.5,135.0,0.2520806329169555,786.1835846756147,-283.88091800894813,2026-07-26
10.75,150.0,0.2520806329169555,855.1493663381015,-195.97336633810153,2026-07-26
11.0,165.0,0.2520806329169555,932.4313107235478,-32.35931072354765,2026-07-26
11.25,180.0,0.2520806329169555,1001.6405621761204,-179.53122884278707,2026-07-26
11.5,195.0,0.2520806329169555,1051.381350852472,-335.3333508524719,2026-07-26
11.75,210.0,0.2520806329169555,1097.1871540835896,-191.0318207502562,2026-07-26
12.0,225.0,0.2520806329169555,1138.2760966777928,369.99256998887427,2026-07-26
12.25,240.0,0.2520806329169555,1169.1578312364113,485.3235020969221,2026-07-26
12.5,255.0,0.2520806329169555,1195.718645452111,881.2440212145561,2026-07-26
12.75,270.0,0.2520806329169555,1203.1859916932433,1550.5980083067568,2026-07-26
13.0,285.0,0.2520806329169555,1198.981881102822,635.5421188971779,2026-07-26
13.25,300.0,0.2520806329169555,1195.6180311726764,525.7033021606567,2026-07-26
13.5,315.0,0.2520806329169555,1199.3405899183947,1611.7194100816048,2026-07-26
13.75,330.0,0.2520806329169555,1173.921686415284,2030.4769802513829,2026-07-26
14.0,345.0,0.2520806329169555,1142.876452708237,1863.5655472917636,2026-07-26
14.25,360.0,0.2520806329169555,1113.0589814944758,832.882351838857,2026-07-26
14.5,375.0,0.2520806329169555,1085.741036368669,506.3389636313311,2026-07-26
14.75,390.0,0.2520806329169555,1038.7851512775646,873.9515153891018,2026-07-26
15.0,405.0,0.2520806329169555,985.6903590879282,528.3043075787385,2026-07-26
15.25,420.0,0.2520806329169555,927.171566548805,488.6591001178615,2026-07-26
15.5,435.0,0.2520806329169555,870.4015674486342,98.16509921803265,2026-07-26
15.75,450.0,0.2520806329169555,809.6963336078292,837.1256663921707,2026-07-26
16.0,465.0,0.2520806329169555,750.330424881843,484.62024178482386,2026-07-26
16.25,480.0,0.2520806329169555,693.7457575629589,514.0709091037077,2026-07-26
16.5,495.0,0.2520806329169555,636.4249211954232,227.0384121379102,2026-07-26
16.75,510.0,0.2520806329169555,572.1790965780481,700.1755700886188,2026-07-26
17.0,525.0,0.2520806329169555,509.8779264249966,878.0494069083368,2026-07-26
17.25,540.0,0.2520806329169555,445.520556802512,515.5634431974879,2026-07-26
17.5,555.0,0.2520806329169555,372.6426583212447,182.52667501208856,2026-07-26
17.75,570.0,0.2520806329169555,288.6649866153351,144.62701338466485,2026-07-26
18.0,585.0,0.2520806329169555,207.63537648145584,195.45329018521082,2026-07-26
18.25,600.0,0.2520806329169555,132.56365682782962,132.43167650550367,2026-07-26
18.5,615.0,0.2520806329169555,70.24658980406946,61.86674352926386,2026-07-26
18.75,630.0,0.2520806329169555,28.45972520337648,69.16427479662352,2026-07-26
19.0,645.0,0.2520806329169555,3.897412314038084,30.962587685961914,2026-07-26
10.0,15.0,0.19161677196854604,548.8488997243683,237.8884336089651,2026-07-26
10.25,30.0,0.19161677196854604,595.875348037748,-17.92801470441475,2026-07-26
10.5,45.0,0.19161677196854604,647.7394533783055,-145.4367867116389,2026-07-26
10.75,60.0,0.19161677196854604,706.0890762026769,-46.91307620267696,2026-07-26
11.0,75.0,0.19161677196854604,779.8797160958782,120.19228390412195,2026-07-26
11.25,90.0,0.19161677196854604,859.3117754060393,-37.202442072705935,2026-07-26
11.5,105.0,0.19161677196854604,923.3285724850264,-207.28057248502625,2026-07-26
11.75,120.0,0.19161677196854604,979.4797082337344,-73.32437490040104,2026-07-26
12.0,135.0,0.19161677196854604,1029.654906081004,478.61376058566316,2026-07-26
12.25,150.0,0.19161677196854604,1062.5277651991782,591.9535681341551,2026-07-26
12.5,165.0,0.19161677196854604,1076.6144829365746,1000.3481837300926,2026-07-26
12.75,180.0,0.19161677196854604,1073.3143047547865,1680.4696952452136,2026-07-26
13.0,195.0,0.19161677196854604,1064.1031998724638,770.420800127536,2026-07-26
13.25,210.0,0.19161677196854604,1061.1651748601582,660.1561584731749,2026-07-26
13.5,225.0,0.19161677196854604,1071.3114781328045,1739.748521867195,2026-07-26
13.75,240.0,0.19161677196854604,1051.0405303841198,2153.358136282547,2026-07-26
14.0,255.0,0.19161677196854604,1022.3248348361284,1984.117165163872,2026-07-26
14.25,270.0,0.19161677196854604,993.8962049616516,952.0451283716811,2026-07-26
14.5,285.0,0.19161677196854604,967.9287033037324,624.1512966962678,2026-07-26
14.75,300.0,0.19161677196854604,924.1840822520612,988.5525844146052,2026-07-26
15.0,315.0,0.19161677196854604,877.2508380169334,636.7438286497334,2026-07-26
15.25,330.0,0.19161677196854604,827.5854045339792,588.2452621326873,2026-07-26
15.5,345.0,0.19161677196854604,778.1119418321019,190.4547248345649,2026-07-26
15.75,360.0,0.19161677196854604,724.5503024022107,922.2716975977892,2026-07-26
16.0,375.0,0.19161677196854604,669.8073150520602,565.1433516146067,2026-07-26
16.25,390.0,0.19161677196854604,615.6395008562689,592.1771658103977,2026-07-26
16.5,405.0,0.19161677196854604,564.9605433140728,298.5027900192606,2026-07-26
16.75,420.0,0.19161677196854604,509.98157863316624,762.3730880335006,2026-07-26
17.0,435.0,0.19161677196854604,458.2819172695807,929.6454160637527,2026-07-26
17.25,450.0,0.19161677196854604,405.5567880137039,555.527211986296,2026-07-26
17.5,465.0,0.19161677196854604,342.7672156685076,212.40211766482565,2026-07-26
17.75,480.0,0.19161677196854604,267.9002567740857,165.3917432259143,2026-07-26
18.0,495.0,0.19161677196854604,192.77046613709564,210.31820052957102,2026-07-26
18.25,510.0,0.19161677196854604,122.56858240744803,142.42675092588524,2026-07-26
18.5,525.0,0.19161677196854604,64.73060141789689,67.38273191543642,2026-07-26
18.75,540.0,0.19161677196854604,26.212220790521965,71.41177920947803,2026-07-26
19.0,555.0,0.19161677196854604,3.567033642588948,31.29296635741105,2026-07-26
11.5,15.0,0.19983409175985695,864.9068730669036,-148.85887306690347,2026-07-26
11.75,30.0,0.19983409175985695,922.0687630393428,-15.913429706009424,2026-07-26
12.0,45.0,0.19983409175985695,974.9070178345798,533.3616488320872,2026-07-26
12.25,60.0,0.19983409175985695,1014.443664146527,640.0376691868064,2026-07-26
12.5,75.0,0.19983409175985695,1042.4728001100298,1034.4898665566375,2026-07-26
12.75,90.0,0.19983409175985695,1053.2594423697044,1700.5245576302957,2026-07-26
13.0,105.0,0.19983409175985695,1052.5870302654223,781.9369697345776,2026-07-26
13.25,120.0,0.19983409175985695,1055.0379049850203,666.2834283483128,2026-07-26
13.5,135.0,0.19983409175985695,1065.4950801440866,1745.5649198559129,2026-07-26
13.75,150.0,0.19983409175985695,1050.9649289373167,2153.4337377293505,2026-07-26
14.0,165.0,0.19983409175985695,1025.1582242528766,1981.2837757471239,2026-07-26
14.25,180.0,0.19983409175985695,1001.8101179801708,944.1312153531619,2026-07-26
14.5,195.0,0.19983409175985695,975.2967656221016,616.7832343778986,2026-07-26
14.75,210.0,0.19983409175985695,926.2427018127822,986.4939648538842,2026-07-26
15.0,225.0,0.19983409175985695,879.9943896976578,634.000276969009,2026-07-26
15.25,240.0,0.19983409175985695,832.2065021841922,583.6241644824743,2026-07-26
15.5,255.0,0.19983409175985695,783.5414070623661,185.0252596043007,2026-07-26
15.75,270.0,0.19983409175985695,730.3219608223833,916.5000391776166,2026-07-26
16.0,285.0,0.19983409175985695,675.992205900135,558.9584607665319,2026-07-26
16.25,300.0,0.19983409175985695,621.6562832839709,586.1603833826957,2026-07-26
16.5,315.0,0.19983409175985695,569.3742659551557,294.0890673781777,2026-07-26
16.75,330.0,0.19983409175985695,514.2292486133241,758.1254180533427,2026-07-26
17.0,345.0,0.19983409175985695,459.7601027001433,928.16723063319,2026-07-26
17.25,360.0,0.19983409175985695,403.5605804585027,557.5234195414972,2026-07-26
17.5,375.0,0.19983409175985695,340.37093707737364,214.79839625595963,2026-07-26
17.75,390.0,0.19983409175985695,266.76019895505567,166.5318010449443,2026-07-26
18.0,405.0,0.19983409175985695,192.82578023146803,210.26288643519862,2026-07-26
18.25,420.0,0.19983409175985695,122.54804575468977,142.4472875786435,2026-07-26
18.5,435.0,0.19983409175985695,64.67346754036959,67.43986579296373,2026-07-26
18.75,450.0,0.19983409175985695,26.282436291971283,71.34156370802872,2026-07-26
19.0,465.0,0.19983409175985695,3.5846088722075664,31.27539112779243,2026-07-26
13.0,15.0,0.5228979140718744,1968.46355229364,-133.9395522936402,2026-07-26
13.25,30.0,0.5228979140718744,1908.42567469667,-187.10434136333697,2026-07-26
13.5,45.0,0.5228979140718744,1870.463429177487,940.5965708225126,2026-07-26
13.75,60.0,0.5228979140718744,1812.1030900265505,1392.2955766401165,2026-07-26
14.0,75.0,0.5228979140718744,1747.8177782334362,1258.6242217665642,2026-07-26
14.25,90.0,0.5228979140718744,1690.7284838606884,255.2128494726444,2026-07-26
14.5,105.0,0.5228979140718744,1632.213419969287,-40.13341996928693,2026-07-26
14.75,120.0,0.5228979140718744,1550.670112604572,362.0665540620944,2026-07-26
15.0,135.0,0.5228979140718744,1466.38114420212,47.613522464546804,2026-07-26
15.25,150.0,0.5228979140718744,1380.8662765039796,34.96439016268687,2026-07-26
15.5,165.0,0.5228979140718744,1290.873159622286,-322.3064929556192,2026-07-26
15.75,180.0,0.5228979140718744,1195.3064898375142,451.5155101624857,2026-07-26
16.0,195.0,0.5228979140718744,1098.963290596544,135.98737607012276,2026-07-26
16.25,210.0,0.5228979140718744,1001.0129301768068,206.80373648985983,2026-07-26
16.5,225.0,0.5228979140718744,905.4431562456076,-41.979822912274244,2026-07-26
16.75,240.0,0.5228979140718744,808.8117426694515,463.5429239972153,2026-07-26
17.0,255.0,0.5228979140718744,713.1378293657888,674.7895039675445,2026-07-26
17.25,270.0,0.5228979140718744,613.1920467711914,347.8919532288086,2026-07-26
17.5,285.0,0.5228979140718744,510.08423572618807,45.0850976071452,2026-07-26
17.75,300.0,0.5228979140718744,395.01179628748514,38.28020371251483,2026-07-26
18.0,315.0,0.5228979140718744,285.8926655899472,117.19600107671943,2026-07-26
18.25,330.0,0.5228979140718744,182.75265541071715,82.24267792261614,2026-07-26
18.5,345.0,0.5228979140718744,97.01687813925058,35.096455194082736,2026-07-26
18.75,360.0,0.5228979140718744,39.60982226141339,58.0141777385866,2026-07-26
19.0,375.0,0.5228979140718744,5.613789454328649,29.24621054567135,2026-07-26
14.5,15.0,0.8157560334136608,2274.5070092664264,-682.4270092664262,2026-07-26
14.75,30.0,0.8157560334136608,2160.015505354,-247.27883868733375,2026-07-26
15.0,45.0,0.8157560334136608,2040.9866420003227,-526.991975333656,2026-07-26
15.25,60.0,0.8157560334136608,1914.9989676332225,-499.168300966556,2026-07-26
15.5,75.0,0.8157560334136608,1783.15987456275,-814.5932078960832,2026-07-26
15.75,90.0,0.8157560334136608,1644.709870502845,2.1121294971549105,2026-07-26
16.0,105.0,0.8157560334136608,1503.0373301615552,-268.0866634948884,2026-07-26
16.25,120.0,0.8157560334136608,1363.356925813198,-155.5402591465313,2026-07-26
16.5,135.0,0.8157560334136608,1229.0377993089205,-365.57446597558715,2026-07-26
16.75,150.0,0.8157560334136608,1092.951424610331,179.40324205633578,2026-07-26
17.0,165.0,0.8157560334136608,956.6646176808604,431.26271565247293,2026-07-26
17.25,180.0,0.8157560334136608,816.0155944362489,145.06840556375107,2026-07-26
17.5,195.0,0.8157560334136608,670.8914849854372,-115.72215165210389,2026-07-26
17.75,210.0,0.8157560334136608,515.1847075448675,-81.8927075448675,2026-07-26
18.0,225.0,0.8157560334136608,368.2835680189876,34.805098647679074,2026-07-26
18.25,240.0,0.8157560334136608,235.6823090987577,29.31302423457558,2026-07-26
18.5,255.0,0.8157560334136608,126.026523551211,6.086809782122316,2026-07-26
18.75,270.0,0.8157560334136608,51.617594447414206,46.00640555258579,2026-07-26
19.0,285.0,0.8157560334136608,7.442828379238505,27.417171620761494,2026-07-26
16.0,15.0,0.4943946514512354,1168.7215940917454,66.22907257492147,2026-07-26
16.25,30.0,0.4943946514512354,1054.4723123199733,153.3443543466933,2026-07-26
16.5,45.0,0.4943946514512354,946.1415921265552,-82.67825879322186,2026-07-26
16.75,60.0,0.4943946514512354,840.1049981559859,432.249668510681,2026-07-26
17.0,75.0,0.4943946514512354,738.0946935894534,649.8326397438799,2026-07-26
17.25,90.0,0.4943946514512354,632.1375766074278,328.9464233925721,2026-07-26
17.5,105.0,0.4943946514512354,520.7724193560056,34.3969139773277,2026-07-26
17.75,120.0,0.4943946514512354,397.6768966018843,35.61510339811565,2026-07-26
18.0,135.0,0.4943946514512354,283.99230453228233,119.09636213438432,2026-07-26
18.25,150.0,0.4943946514512354,181.37988510246268,83.61544823087061,2026-07-26
18.5,165.0,0.4943946514512354,96.82234619675263,35.29098713658068,2026-07-26
18.75,180.0,0.4943946514512354,39.58626850047148,58.03773149952851,2026-07-26
19.0,195.0,0.4943946514512354,5.613996407792999,29.246003592207,2026-07-26
7.0,15.0,1.0501926026814932,264.861715054341,23.566618278992337,2026-07-27
7.25,30.0,1.0501926026814932,404.3298289121704,-104.68268605502749,2026-07-27
7.5,45.0,1.0501926026814932,557.7638330756905,-111.7681187899762,2026-07-27
7.75,60.0,1.0501926026814932,730.4309370814791,-349.9856037481458,2026-07-27
8.0,75.0,1.0501926026814932,909.2963288667488,-595.6129955334154,2026-07-27
8.25,90.0,1.0501926026814932,1091.2542391132931,-199.1975724466265,2026-07-27
8.5,105.0,1.0501926026814932,1272.7719735372507,-337.3593068705841,2026-07-27
8.75,120.0,1.0501926026814932,1465.6161845649722,-453.8915178983053,2026-07-27
9.0,135.0,1.0501926026814932,1653.332652444887,-657.0541909064254,2026-07-27
9.25,150.0,1.0501926026814932,1836.0054625416165,-1204.4354625416165,2026-07-27
9.5,165.0,1.0501926026814932,2012.438034849315,-1243.784957926238,2026-07-27
9.75,180.0,1.0501926026814932,2185.322346114886,-1814.7623461148858,2026-07-27
10.0,195.0,1.0501926026814932,2352.192140099327,-1752.5661400993267,2026-07-27
10.25,210.0,1.0501926026814932,2512.261884886578,-1760.2392182199117,2026-07-27
10.5,225.0,1.0501926026814932,2660.9129162001773,-1534.634249533511,2026-07-27
10.75,240.0,1.0501926026814932,2786.39396402732,-1461.540630693987,2026-07-27
11.0,255.0,1.0501926026814932,2897.0012926094287,-1221.334625942762,2026-07-27
11.25,270.0,1.0501926026814932,2999.2219692772296,-1821.3826359438965,2026-07-27
11.5,285.0,1.0501926026814932,3090.653650310873,-2226.83431697754,2026-07-27
11.75,300.0,1.0501926026814932,3158.340337921676,-1742.0236712550093,2026-07-27
12.0,315.0,1.0501926026814932,3213.5450161294875,-2266.3330161294875,2026-07-27
12.25,330.0,1.0501926026814932,3255.2972041655744,-2033.041870832241,2026-07-27
12.5,345.0,1.0501926026814932,3276.1404617558733,-2582.7664617558735,2026-07-27
12.75,360.0,1.0501926026814932,3271.059407751303,-1907.2287410846359,2026-07-27
13.0,375.0,1.0501926026814932,3262.608086467192,-1992.9994198005259,2026-07-27
13.25,390.0,1.0501926026814932,3238.5959311566003,-2078.7772644899337,2026-07-27
13.5,405.0,1.0501926026814932,3190.8962629922967,-1919.3535963256302,2026-07-27
13.75,420.0,1.0501926026814932,3118.313554587809,-2150.551554587809,2026-07-27
14.0,435.0,1.0501926026814932,3033.872926586851,-2009.6255932535173,2026-07-27
14.25,450.0,1.0501926026814932,2933.2991413555837,-1831.9844746889169,2026-07-27
14.5,465.0,1.0501926026814932,2820.2284987917683,-1749.197832125102,2026-07-27
14.75,480.0,1.0501926026814932,2690.7041468584484,-1471.2741468584484,2026-07-27
15.0,495.0,1.0501926026814932,2550.334936039736,-1282.3116027064025,2026-07-27
15.25,510.0,1.0501926026814932,2400.8983138491863,-1060.8236471825194,2026-07-27
15.5,525.0,1.0501926026814932,2243.264465339461,-838.8851320061276,2026-07-27
15.75,540.0,1.0501926026814932,2078.7334087597105,-828.1125754263774,2026-07-27
16.0,555.0,1.0501926026814932,1908.4440429767,-606.4353763100337,2026-07-27
16.25,570.0,1.0501926026814932,1731.7239696515471,-448.1213029848807,2026-07-27
16.5,585.0,1.0501926026814932,1550.871130515697,-268.24979718236364,2026-07-27
16.75,600.0,1.0501926026814932,1367.2776526118844,-218.82165261188402,2026-07-27
17.0,615.0,1.0501926026814932,1180.8963621724372,-191.80502883910378,2026-07-27
17.25,630.0,1.0501926026814932,995.2706435723184,-323.7159769056516,2026-07-27
17.5,645.0,1.0501926026814932,809.7946014593826,-340.94326812604936,2026-07-27
17.75,660.0,1.0501926026814932,630.4478031016574,-203.61513643499086,2026-07-27
18.0,675.0,1.0501926026814932,451.8841239010183,-83.52745723435163,2026-07-27
18.25,690.0,1.0501926026814932,287.47790103362325,-84.99723436695658,2026-07-27
18.5,705.0,1.0501926026814932,152.3300538530858,2.4839461469142066,2026-07-27
18.75,720.0,1.0501926026814932,61.24500448802509,64.12999551197491,2026-07-27
8.5,15.0,0.42434373674608394,598.4338368680149,336.97882979865176,2026-07-27
8.75,30.0,0.42434373674608394,688.5477438549162,323.1769228117506,2026-07-27
9.0,45.0,0.42434373674608394,776.3966360940907,219.88182544437075,2026-07-27
9.25,60.0,0.42434373674608394,863.7740621752607,-232.2040621752608,2026-07-27
9.5,75.0,0.42434373674608394,946.8667367783744,-178.21365985529735,2026-07-27
9.75,90.0,0.42434373674608394,1035.1000757151446,-664.5400757151444,2026-07-27
10.0,105.0,0.42434373674608394,1123.4532480253906,-523.8272480253905,2026-07-27
10.25,120.0,0.42434373674608394,1208.9504358864017,-456.9277692197352,2026-07-27
10.5,135.0,0.42434373674608394,1292.876358175493,-166.59769150882653,2026-07-27
10.75,150.0,0.42434373674608394,1362.0338870697428,-37.18055373640959,2026-07-27
11.0,165.0,0.42434373674608394,1422.41525039951,253.25141626715686,2026-07-27
11.25,180.0,0.42434373674608394,1478.0321572334303,-300.1928239000972,2026-07-27
11.5,195.0,0.42434373674608394,1540.035436575476,-676.2161032421427,2026-07-27
11.75,210.0,0.42434373674608394,1595.148117059119,-178.8314503924521,2026-07-27
12.0,225.0,0.42434373674608394,1635.1671919795886,-687.9551919795886,2026-07-27
12.25,240.0,0.42434373674608394,1664.1793660017993,-441.924032668466,2026-07-27
12.5,255.0,0.42434373674608394,1676.8419249895103,-983.4679249895104,2026-07-27
12.75,270.0,0.42434373674608394,1677.8308027917576,-314.00013612509065,2026-07-27
13.0,285.0,0.42434373674608394,1686.5670595831657,-416.9583929164994,2026-07-27
13.25,300.0,0.42434373674608394,1685.5525485133655,-525.733881846699,2026-07-27
13.5,315.0,0.42434373674608394,1663.7112989137831,-392.16863224711665,2026-07-27
13.75,330.0,0.42434373674608394,1617.5861985850588,-649.8241985850586,2026-07-27
14.0,345.0,0.42434373674608394,1565.6585955282856,-541.4112621949519,2026-07-27
14.25,360.0,0.42434373674608394,1505.311530971372,-403.996864304705,2026-07-27
14.5,375.0,0.42434373674608394,1438.942390356507,-367.91172368984076,2026-07-27
14.75,390.0,0.42434373674608394,1366.4572063310031,-147.02720633100307,2026-07-27
15.0,405.0,0.42434373674608394,1296.0415717056385,-28.01823837230495,2026-07-27
15.25,420.0,0.42434373674608394,1224.655460419556,115.41920624711088,2026-07-27
15.5,435.0,0.42434373674608394,1143.8932230005305,260.4861103328028,2026-07-27
15.75,450.0,0.42434373674608394,1057.9464527460052,192.67438058732796,2026-07-27
16.0,465.0,0.42434373674608394,972.8381052725908,329.17056139407555,2026-07-27
16.25,480.0,0.42434373674608394,889.7148237129583,393.8878429537082,2026-07-27
16.5,495.0,0.42434373674608394,807.7095955743276,474.91173775900563,2026-07-27
16.75,510.0,0.42434373674608394,723.3452367467403,425.1107632532601,2026-07-27
17.0,525.0,0.42434373674608394,636.0358633796883,353.0554699536451,2026-07-27
17.25,540.0,0.42434373674608394,549.5406834636681,122.0139832029987,2026-07-27
17.5,555.0,0.42434373674608394,457.2869008609681,11.564432472365183,2026-07-27
17.75,570.0,0.42434373674608394,360.5219395782499,66.31072708841668,2026-07-27
18.0,585.0,0.42434373674608394,260.07281754255024,108.28384912411644,2026-07-27
18.25,600.0,0.42434373674608394,164.8927466273676,37.58792003929909,2026-07-27
18.5,615.0,0.42434373674608394,86.55645257415264,68.25754742584735,2026-07-27
18.75,630.0,0.42434373674608394,34.58482272817548,90.79017727182452,2026-07-27
10.0,15.0,0.2810026238458521,820.9929658059599,-221.3669658059598,2026-07-27
10.25,30.0,0.2810026238458521,894.3532301985194,-142.33056353185293,2026-07-27
10.5,45.0,0.2810026238458521,963.2599372320444,163.01872943462195,2026-07-27
10.75,60.0,0.2810026238458521,1021.3889414917368,303.46439184159647,2026-07-27
11.0,75.0,0.2810026238458521,1076.9595889171192,598.7070777495476,2026-07-27
11.25,90.0,0.2810026238458521,1132.2552623010097,45.584071032323436,2026-07-27
11.5,105.0,0.2810026238458521,1189.8261970306503,-326.00686369731693,2026-07-27
11.75,120.0,0.2810026238458521,1237.5036846058508,178.812982060816,2026-07-27
12.0,135.0,0.2810026238458521,1284.7059520489422,-337.4939520489422,2026-07-27
12.25,150.0,0.2810026238458521,1322.3083024587293,-100.05296912539598,2026-07-27
12.5,165.0,0.2810026238458521,1333.8738389774774,-640.4998389774775,2026-07-27
12.75,180.0,0.2810026238458521,1338.169890414349,25.660776252317874,2026-07-27
13.0,195.0,0.2810026238458521,1361.1448650367677,-91.53619837010137,2026-07-27
13.25,210.0,0.2810026238458521,1378.381663996721,-218.5629973300545,2026-07-27
13.5,225.0,0.2810026238458521,1351.0795788247458,-79.5369121580793,2026-07-27
13.75,240.0,0.2810026238458521,1300.8452419397256,-333.08324193972544,2026-07-27
14.0,255.0,0.2810026238458521,1254.060697860265,-229.8133645269313,2026-07-27
14.25,270.0,0.2810026238458521,1205.7672960738632,-104.45262940719635,2026-07-27
14.5,285.0,0.2810026238458521,1157.6323694859457,-86.60170281927935,2026-07-27
14.75,300.0,0.2810026238458521,1100.8583319250686,118.5716680749315,2026-07-27
15.0,315.0,0.2810026238458521,1040.4078283648428,227.61550496849077,2026-07-27
15.25,330.0,0.2810026238458521,978.8530829671428,361.2215836995241,2026-07-27
15.5,345.0,0.2810026238458521,913.2848293971527,491.09450393618056,2026-07-27
15.75,360.0,0.2810026238458521,846.8880430976594,403.73279023567375,2026-07-27
16.0,375.0,0.2810026238458521,780.7917027780362,521.2169638886302,2026-07-27
16.25,390.0,0.2810026238458521,715.3289560031764,568.2737106634901,2026-07-27
16.5,405.0,0.2810026238458521,648.3639771138371,634.2573562194962,2026-07-27
16.75,420.0,0.2810026238458521,583.3636732358585,565.0923267641418,2026-07-27
17.0,435.0,0.2810026238458521,517.7233817014231,471.3679516319103,2026-07-27
17.25,450.0,0.2810026238458521,450.3247732413907,221.2298934252761,2026-07-27
17.5,465.0,0.2810026238458521,376.8413195240291,92.01001380930421,2026-07-27
17.75,480.0,0.2810026238458521,301.203140136707,125.62952652995955,2026-07-27
18.0,495.0,0.2810026238458521,218.9896272003796,149.36703946628708,2026-07-27
18.25,510.0,0.2810026238458521,139.37799911585736,63.102667550809315,2026-07-27
18.5,525.0,0.2810026238458521,73.08612246322011,81.72787753677989,2026-07-27
18.75,540.0,0.2810026238458521,29.13309240251512,96.24190759748488,2026-07-27
11.5,15.0,0.37745810847318706,1432.09640574857,-568.2770724152367,2026-07-27
11.75,30.0,0.37745810847318706,1479.848885284946,-63.5322186182791,2026-07-27
12.0,45.0,0.37745810847318706,1524.54391903141,-577.33191903141,2026-07-27
12.25,60.0,0.37745810847318706,1557.943996959398,-335.6886636260647,2026-07-27
12.5,75.0,0.37745810847318706,1572.1507423543858,-878.7767423543859,2026-07-27
12.75,90.0,0.37745810847318706,1574.36638050302,-210.53571383635312,2026-07-27
13.0,105.0,0.37745810847318706,1583.574564779003,-313.9658981123366,2026-07-27
13.25,120.0,0.37745810847318706,1585.506387882671,-425.68772121600455,2026-07-27
13.5,135.0,0.37745810847318706,1563.3898595855208,-291.84719291885426,2026-07-27
13.75,150.0,0.37745810847318706,1512.7402213999146,-544.9782213999144,2026-07-27
14.0,165.0,0.37745810847318706,1458.74134916954,-434.49401583620624,2026-07-27
14.25,180.0,0.37745810847318706,1402.476759298467,-301.1620926318001,2026-07-27
14.5,195.0,0.37745810847318706,1341.1203398358796,-270.08967316921326,2026-07-27
14.75,210.0,0.37745810847318706,1270.8585285762915,-51.428528576291455,2026-07-27
15.0,225.0,0.37745810847318706,1202.9819416970972,65.04139163623631,2026-07-27
15.25,240.0,0.37745810847318706,1136.620408341971,203.45425832469596,2026-07-27
15.5,255.0,0.37745810847318706,1064.0947621510256,340.2845711823077,2026-07-27
15.75,270.0,0.37745810847318706,986.244564727348,264.37626860598516,2026-07-27
16.0,285.0,0.37745810847318706,911.077694992591,390.9309716740754,2026-07-27
16.25,300.0,0.37745810847318706,837.2212823486982,446.38138431796824,2026-07-27
16.5,315.0,0.37745810847318706,761.0358524612886,521.5854808720446,2026-07-27
16.75,330.0,0.37745810847318706,683.7370107844087,464.7189892155917,2026-07-27
17.0,345.0,0.37745810847318706,604.0908424678014,385.000490865532,2026-07-27
17.25,360.0,0.37745810847318706,522.427869148176,149.12679751849078,2026-07-27
17.5,375.0,0.37745810847318706,435.5948606661156,33.25647266721768,2026-07-27
17.75,390.0,0.37745810847318706,343.3415871362479,83.49107953041869,2026-07-27
18.0,405.0,0.37745810847318706,247.7259360066243,120.63073066004239,2026-07-27
18.25,420.0,0.37745810847318706,157.2868923744938,45.19377429217289,2026-07-27
18.5,435.0,0.37745810847318706,82.79430466156603,72.01969533843396,2026-07-27
18.75,450.0,0.37745810847318706,33.00303866312128,92.37196133687871,2026-07-27
13.0,15.0,0.25999900838384526,1143.7650079992743,125.84365866739199,2026-07-27
13.25,30.0,0.25999900838384526,1138.269979845104,21.54868682156257,2026-07-27
13.5,45.0,0.25999900838384526,1119.3828262872785,152.15984037938802,2026-07-27
13.75,60.0,0.25999900838384526,1087.5582413384425,-119.79624133844231,2026-07-27
14.0,75.0,0.25999900838384526,1050.3197579969426,-26.0724246636089,2026-07-27
14.25,90.0,0.25999900838384526,1011.5341605577704,89.78050610889647,2026-07-27
14.5,105.0,0.25999900838384526,967.1493159384684,103.88135072819796,2026-07-27
14.75,120.0,0.25999900838384526,918.1184989118138,301.3115010881862,2026-07-27
15.0,135.0,0.25999900838384526,874.5015398613524,393.52179347198114,2026-07-27
15.25,150.0,0.25999900838384526,834.7045130643922,505.3701536022746,2026-07-27
15.5,165.0,0.25999900838384526,785.7446866180547,618.6346467152786,2026-07-27
15.75,180.0,0.25999900838384526,732.3810271737723,518.2398061595609,2026-07-27
16.0,195.0,0.25999900838384526,680.17066370076,621.8380029659064,2026-07-27
16.25,210.0,0.25999900838384526,629.5173735007237,654.0852931659427,2026-07-27
16.5,225.0,0.25999900838384526,576.7624504288067,705.8588829045266,2026-07-27
16.75,240.0,0.25999900838384526,523.6496565261215,624.8063434738789,2026-07-27
17.0,255.0,0.25999900838384526,469.3463480410162,519.7449852923172,2026-07-27
17.25,270.0,0.25999900838384526,414.9643424530046,256.5903242136622,2026-07-27
17.5,285.0,0.25999900838384526,348.6789976589943,120.17233567433897,2026-07-27
17.75,300.0,0.25999900838384526,280.1298456954973,146.70282097116927,2026-07-27
18.0,315.0,0.25999900838384526,212.54112740770225,155.81553925896444,2026-07-27
18.25,330.0,0.25999900838384526,135.6650689535162,66.81559771315048,2026-07-27
18.5,345.0,0.25999900838384526,71.4255253331928,83.3884746668072,2026-07-27
18.75,360.0,0.25999900838384526,28.3193860927332,97.0556139072668,2026-07-27
14.5,15.0,0.29199939526704227,1022.1560867597668,48.8745799068995,2026-07-27
14.75,30.0,0.29199939526704227,974.6272739346578,244.8027260653423,2026-07-27
15.0,45.0,0.29199939526704227,924.1366992990344,343.88663403429916,2026-07-27
15.25,60.0,0.29199939526704227,876.1703472572274,463.9043194094395,2026-07-27
15.5,75.0,0.29199939526704227,825.744439268604,578.6348940647293,2026-07-27
15.75,90.0,0.29199939526704227,770.3250151818476,480.2958181514856,2026-07-27
16.0,105.0,0.29199939526704227,712.9515656063896,589.0571010602768,2026-07-27
16.25,120.0,0.29199939526704227,657.3778346590332,626.2248320076333,2026-07-27
16.5,135.0,0.29199939526704227,603.2653491330482,679.3559842002851,2026-07-27
16.75,150.0,0.29199939526704227,546.9583613022487,601.4976386977517,2026-07-27
17.0,165.0,0.29199939526704227,486.99490938744987,502.09642394588354,2026-07-27
17.25,180.0,0.29199939526704227,424.1804899266578,247.37417674000898,2026-07-27
17.5,195.0,0.29199939526704227,356.5142742703793,112.33705906295398,2026-07-27
17.75,210.0,0.29199939526704227,284.75220077912945,142.08046588753712,2026-07-27
18.0,225.0,0.29199939526704227,216.1204026111011,152.23626405556558,2026-07-27
18.25,240.0,0.29199939526704227,138.17369267726997,64.30697398939671,2026-07-27
18.5,255.0,0.29199939526704227,72.99062710637168,81.82337289362832,2026-07-27
18.75,270.0,0.29199939526704227,29.229720563377324,96.14527943662267,2026-07-27
16.0,15.0,0.4702965131638144,1012.7871414872142,289.2215251794522,2026-07-27
16.25,30.0,0.4702965131638144,925.8058229174604,357.796843749206,2026-07-27
16.5,45.0,0.4702965131638144,838.2960416280756,444.32529170525765,2026-07-27
16.75,60.0,0.4702965131638144,748.1665040550439,400.28949594495646,2026-07-27
17.0,75.0,0.4702965131638144,655.7719204108645,333.3194129224689,2026-07-27
17.25,90.0,0.4702965131638144,561.8241283928215,109.73053827384524,2026-07-27
17.5,105.0,0.4702965131638144,464.13085685013306,4.72047648320023,2026-07-27
17.75,120.0,0.4702965131638144,366.9954924755392,59.83717419112736,2026-07-27
18.0,135.0,0.4702965131638144,274.9989307017157,93.35773596495096,2026-07-27
18.25,150.0,0.4702965131638144,175.43607561635744,27.044591050309236,2026-07-27
18.5,165.0,0.4702965131638144,92.33306069176552,62.48093930823447,2026-07-27
18.75,180.0,0.4702965131638144,36.88410975227687,88.49089024772313,2026-07-27
7.0,15.0,1.2,306.85291815504155,79.27574851162512,2026-07-28
7.25,30.0,1.2,465.2005852784778,-39.60258527847776,2026-07-28
7.5,45.0,1.2,638.6286739640401,-176.68000729737338,2026-07-28
7.75,60.0,1.2,827.2539734902816,-183.83597349028162,2026-07-28
8.0,75.0,1.2,1022.7508573916806,-529.6081907250139,2026-07-28
8.25,90.0,1.2,1220.5267669023958,-799.5992669023958,2026-07-28
8.5,105.0,1.2,1415.5030712902771,-783.4124046236105,2026-07-28
8.75,120.0,1.2,1612.0188634224085,-507.96686342240855,2026-07-28
9.0,135.0,1.2,1804.8671295850163,-259.3144629183498,2026-07-28
9.25,150.0,1.2,1991.075014723726,-38.89168139039339,2026-07-28
9.5,165.0,1.2,2171.9936009029648,-719.4676009029645,2026-07-28
9.75,180.0,1.2,2343.088171805251,-638.2095051385843,2026-07-28
10.0,195.0,1.2,2507.0877623209158,-1331.8077623209163,2026-07-28
10.25,210.0,1.2,2665.444311012173,-1444.9116443455061,2026-07-28
10.5,225.0,1.2,2811.710137882449,-2335.190137882449,2026-07-28
10.75,240.0,1.2,2937.7971686413,-2602.7618353079665,2026-07-28
11.0,255.0,1.2,3049.598674722013,-2590.9373413886797,2026-07-28
11.25,270.0,1.2,3152.9380463272973,-2275.041379660631,2026-07-28
11.5,285.0,1.2,3242.055013819609,-2906.4643471529425,2026-07-28
11.75,300.0,1.2,3304.535521141471,-3042.7101878081376,2026-07-28
12.0,315.0,1.2,3347.3232235133905,-2290.688556846724,2026-07-28
12.25,330.0,1.2,3373.4945387071098,-341.7538720404432,2026-07-28
12.5,345.0,1.2,3391.7791989226293,1008.317467744037,2026-07-28
12.75,360.0,1.2,3390.0988540101503,-1548.977520676817,2026-07-28
13.0,375.0,1.2,3371.148584006126,-1316.0905840061264,2026-07-28
13.25,390.0,1.2,3328.5006165329946,-1479.4312831996617,2026-07-28
13.5,405.0,1.2,3268.1807168628693,-113.82671686286903,2026-07-28
13.75,420.0,1.2,3193.2854050838578,-323.7000717505248,2026-07-28
14.0,435.0,1.2,3108.5906246844397,-844.7559580177735,2026-07-28
14.25,450.0,1.2,3006.3845010838386,-1813.1411677505055,2026-07-28
14.5,465.0,1.2,2888.6176679753694,-2067.4750013087028,2026-07-28
14.75,480.0,1.2,2758.137904766511,-2338.4739047665107,2026-07-28
15.0,495.0,1.2,2617.683218423551,-2321.1098850902176,2026-07-28
15.25,510.0,1.2,2464.2486271689004,-2195.4666271689002,2026-07-28
15.5,525.0,1.2,2302.636353235557,-2147.8636865688904,2026-07-28
15.75,540.0,1.2,2133.799401740764,-2048.4167350740972,2026-07-28
16.0,555.0,1.2,1957.470888251083,-1899.6922215844163,2026-07-28
16.25,570.0,1.2,1774.0358988861883,-1726.258565552855,2026-07-28
16.5,585.0,1.2,1585.1836763787835,-1547.8830097121167,2026-07-28
16.75,600.0,1.2,1394.2203309343583,-1358.5883309343583,2026-07-28
17.0,615.0,1.2,1199.4989697282792,-1162.7649697282793,2026-07-28
17.25,630.0,1.2,1006.1153064680052,-971.1813064680052,2026-07-28
17.5,645.0,1.2,814.671700884307,-764.4923675509737,2026-07-28
17.75,660.0,1.2,629.6142648708374,-585.2942648708373,2026-07-28
8.5,15.0,0.46242287126526305,607.9817491361382,24.1089175305284,2026-07-28
8.75,30.0,0.46242287126526305,696.60370718503,407.44829281496993,2026-07-28
9.0,45.0,0.46242287126526305,784.3939162561664,761.1587504105,2026-07-28
9.25,60.0,0.46242287126526305,869.5209743583531,1082.6623589749797,2026-07-28
9.5,75.0,0.46242287126526305,952.6302247578478,499.89577524215247,2026-07-28
9.75,90.0,0.46242287126526305,1034.4297720480013,670.4488946186655,2026-07-28
10.0,105.0,0.46242287126526305,1111.7537369571485,63.52626304285104,2026-07-28
10.25,120.0,0.46242287126526305,1188.120309240388,32.41235742627873,2026-07-28
10.5,135.0,0.46242287126526305,1263.0716705722411,-786.5516705722412,2026-07-28
10.75,150.0,0.46242287126526305,1324.784815520674,-989.7494821873408,2026-07-28
11.0,165.0,0.46242287126526305,1378.3537566894972,-919.692423356164,2026-07-28
11.25,180.0,0.46242287126526305,1429.4170541255787,-551.5203874589121,2026-07-28
11.5,195.0,0.46242287126526305,1481.4242998039456,-1145.8336331372789,2026-07-28
11.75,210.0,0.46242287126526305,1521.084397719298,-1259.2590643859648,2026-07-28
12.0,225.0,0.46242287126526305,1547.656449173603,-491.02178250693646,2026-07-28
12.25,240.0,0.46242287126526305,1563.445392432761,1468.2952742339055,2026-07-28
12.5,255.0,0.46242287126526305,1575.2735636448408,2824.823103021826,2026-07-28
12.75,270.0,0.46242287126526305,1582.048200522642,259.0731328106913,2026-07-28
13.0,285.0,0.46242287126526305,1576.8620911102655,478.195908889734,2026-07-28
13.25,300.0,0.46242287126526305,1555.265652161228,293.8036811721049,2026-07-28
13.5,315.0,0.46242287126526305,1524.4291472523298,1629.9248527476705,2026-07-28
13.75,330.0,0.46242287126526305,1485.5134530338207,1384.0718802995123,2026-07-28
14.0,345.0,0.46242287126526305,1442.6121770572354,821.2224896094308,2026-07-28
14.25,360.0,0.46242287126526305,1389.6310949115805,-196.38776157824736,2026-07-28
14.5,375.0,0.46242287126526305,1335.144855217383,-514.0021885507165,2026-07-28
14.75,390.0,0.46242287126526305,1277.4261036160628,-857.7621036160629,2026-07-28
15.0,405.0,0.46242287126526305,1218.4969466357145,-921.923613302381,2026-07-28
15.25,420.0,0.46242287126526305,1153.267506831547,-884.4855068315471,2026-07-28
15.5,435.0,0.46242287126526305,1080.6999943784413,-925.9273277117745,2026-07-28
15.75,450.0,0.46242287126526305,1005.9497872288256,-920.567120562159,2026-07-28
16.0,465.0,0.46242287126526305,927.4569326163002,-869.6782659496334,2026-07-28
16.25,480.0,0.46242287126526305,846.4386354392828,-798.6613021059495,2026-07-28
16.5,495.0,0.46242287126526305,761.2297228052428,-723.9290561385761,2026-07-28
16.75,510.0,0.46242287126526305,674.7196981495407,-639.0876981495408,2026-07-28
17.0,525.0,0.46242287126526305,585.3443447301818,-548.6103447301817,2026-07-28
17.25,540.0,0.46242287126526305,496.1042507263459,-461.1702507263459,2026-07-28
17.5,555.0,0.46242287126526305,406.612694339596,-356.43336100626266,2026-07-28
17.75,570.0,0.46242287126526305,318.80678257938547,-274.4867825793855,2026-07-28
10.0,15.0,0.699748555437078,1647.413070572063,-472.1330705720634,2026-07-28
10.25,30.0,0.699748555437078,1753.8714277320155,-533.3387610653488,2026-07-28
10.5,45.0,0.699748555437078,1850.6437085123896,-1374.1237085123896,2026-07-28
10.75,60.0,0.699748555437078,1931.0461855354376,-1596.0108522021044,2026-07-28
11.0,75.0,0.699748555437078,2005.4792057268328,-1546.8178723934996,2026-07-28
11.25,90.0,0.699748555437078,2076.0626980334987,-1198.1660313668322,2026-07-28
11.5,105.0,0.699748555437078,2135.1022032326664,-1799.5115365659997,2026-07-28
11.75,120.0,0.699748555437078,2174.0737457505825,-1912.2484124172493,2026-07-28
12.0,135.0,0.699748555437078,2203.038034557349,-1146.4033678906824,2026-07-28
12.25,150.0,0.699748555437078,2219.6988409696105,812.0418256970561,2026-07-28
12.5,165.0,0.699748555437078,2226.78998832686,2173.3066783398062,2026-07-28
12.75,180.0,0.699748555437078,2221.5488419227354,-380.4275085894021,2026-07-28
13.0,195.0,0.699748555437078,2197.9239403610018,-142.86594036100223,2026-07-28
13.25,210.0,0.699748555437078,2156.800195297665,-307.73086196433223,2026-07-28
13.5,225.0,0.699748555437078,2109.457826424194,1044.8961735758062,2026-07-28
13.75,240.0,0.699748555437078,2056.358367945797,813.226965387536,2026-07-28
14.0,255.0,0.699748555437078,1996.377018800087,267.45764786657924,2026-07-28
14.25,270.0,0.699748555437078,1927.8525922522188,-734.6092589188856,2026-07-28
14.5,285.0,0.699748555437078,1854.876156104618,-1033.7334894379514,2026-07-28
14.75,300.0,0.699748555437078,1771.9875193575244,-1352.3235193575244,2026-07-28
15.0,315.0,0.699748555437078,1682.8974026073884,-1386.3240692740549,2026-07-28
15.25,330.0,0.699748555437078,1586.0577079285615,-1317.2757079285616,2026-07-28
15.5,345.0,0.699748555437078,1481.802470254383,-1327.0298035877163,2026-07-28
15.75,360.0,0.699748555437078,1372.9493427451405,-1287.5666760784738,2026-07-28
16.0,375.0,0.699748555437078,1261.959961161677,-1204.1812944950104,2026-07-28
16.25,390.0,0.699748555437078,1146.1964500576405,-1098.419116724307,2026-07-28
16.5,405.0,0.699748555437078,1023.3465636619784,-986.0458969953118,2026-07-28
16.75,420.0,0.699748555437078,900.6954318813006,-865.0634318813006,2026-07-28
17.0,435.0,0.699748555437078,779.4994498027055,-742.7654498027055,2026-07-28
17.25,450.0,0.699748555437078,658.5508722898495,-623.6168722898495,2026-07-28
17.5,465.0,0.699748555437078,537.1615949785817,-486.98226164524834,2026-07-28
17.75,480.0,0.699748555437078,417.4760475505808,-373.1560475505808,2026-07-28
11.5,15.0,0.1505184839177033,762.9046960394124,-427.3140293727457,2026-07-28
11.75,30.0,0.1505184839177033,785.9884832293027,-524.1631498959694,2026-07-28
12.0,45.0,0.1505184839177033,802.977564404583,253.65710226208364,2026-07-28
12.25,60.0,0.1505184839177033,816.0718424481547,2215.668824218512,2026-07-28
12.5,75.0,0.1505184839177033,828.4888931122508,3571.6077735544154,2026-07-28
12.75,90.0,0.1505184839177033,835.1335300713725,1005.9878032619607,2026-07-28
13.0,105.0,0.1505184839177033,833.5862469665545,1221.471753033445,2026-07-28
13.25,120.0,0.1505184839177033,823.4401580309276,1025.6291753024052,2026-07-28
13.5,135.0,0.1505184839177033,810.5028003074603,2343.85119969254,2026-07-28
13.75,150.0,0.1505184839177033,790.8603207058544,2078.7250126274785,2026-07-28
14.0,165.0,0.1505184839177033,765.9455895637899,1497.8890771028764,2026-07-28
14.25,180.0,0.1505184839177033,739.0637081240496,454.1796252092835,2026-07-28
14.5,195.0,0.1505184839177033,713.745061106021,107.39760556064562,2026-07-28
14.75,210.0,0.1505184839177033,686.9659818868032,-267.3019818868032,2026-07-28
15.0,225.0,0.1505184839177033,655.3892433364366,-358.81591000310317,2026-07-28
15.25,240.0,0.1505184839177033,621.3051047574141,-352.52310475741416,2026-07-28
15.5,255.0,0.1505184839177033,582.7589469971489,-427.9862803304822,2026-07-28
15.75,270.0,0.1505184839177033,545.2495945879486,-459.86692792128196,2026-07-28
16.0,285.0,0.1505184839177033,507.4158444616276,-449.63717779496096,2026-07-28
16.25,300.0,0.1505184839177033,467.35477764286713,-419.5774443095338,2026-07-28
16.5,315.0,0.1505184839177033,422.22510896318846,-384.9244422965218,2026-07-28
16.75,330.0,0.1505184839177033,378.32096292561766,-342.68896292561766,2026-07-28
17.0,345.0,0.1505184839177033,333.486910800603,-296.75291080060305,2026-07-28
17.25,360.0,0.1505184839177033,286.28823124233537,-251.35423124233537,2026-07-28
17.5,375.0,0.1505184839177033,238.12890239870688,-187.94956906537354,2026-07-28
17.75,390.0,0.1505184839177033,190.6416358094252,-146.32163580942517,2026-07-28
13.0,15.0,0.6773302827206704,1957.0164457137705,98.04155428622903,2026-07-28
13.25,30.0,0.6773302827206704,1920.2947985846167,-71.22546525128382,2026-07-28
13.5,45.0,0.6773302827206704,1877.4255973869645,1276.9284026130358,2026-07-28
13.75,60.0,0.6773302827206704,1835.1923783220836,1034.3929550112493,2026-07-28
14.0,75.0,0.6773302827206704,1787.8618637242828,475.9728029423834,2026-07-28
14.25,90.0,0.6773302827206704,1734.10173259188,-540.8583992585468,2026-07-28
14.5,105.0,0.6773302827206704,1671.1673481904495,-850.0246815237829,2026-07-28
14.75,120.0,0.6773302827206704,1603.0512954526955,-1183.3872954526955,2026-07-28
15.0,135.0,0.6773302827206704,1533.554136784869,-1236.9808034515354,2026-07-28
15.25,150.0,0.6773302827206704,1456.4542363233877,-1187.6722363233878,2026-07-28
15.5,165.0,0.6773302827206704,1366.7373494247738,-1211.964682758107,2026-07-28
15.75,180.0,0.6773302827206704,1269.6826327013655,-1184.2999660346989,2026-07-28
16.0,195.0,0.6773302827206704,1171.7250646777552,-1113.9463980110886,2026-07-28
16.25,210.0,0.6773302827206704,1071.494767687158,-1023.7174343538246,2026-07-28
16.5,225.0,0.6773302827206704,962.52002041438,-925.2193537477134,2026-07-28
16.75,240.0,0.6773302827206704,851.0418501713448,-815.4098501713448,2026-07-28
17.0,255.0,0.6773302827206704,737.5981637558664,-700.8641637558663,2026-07-28
17.25,270.0,0.6773302827206704,623.9275837652655,-588.9935837652655,2026-07-28
17.5,285.0,0.6773302827206704,509.50233417161,-459.3230008382767,2026-07-28
17.75,300.0,0.6773302827206704,397.2791516350811,-352.9591516350811,2026-07-28
14.5,15.0,0.6354963294790384,1585.1840732550847,-764.0414065884181,2026-07-28
14.75,30.0,0.6354963294790384,1524.1662376086629,-1104.5022376086629,2026-07-28
15.0,45.0,0.6354963294790384,1458.7620267700354,-1162.188693436702,2026-07-28
15.25,60.0,0.6354963294790384,1383.1852961345114,-1114.4032961345115,2026-07-28
15.5,75.0,0.6354963294790384,1302.7206900373387,-1147.948023370672,2026-07-28
15.75,90.0,0.6354963294790384,1216.7679037209973,-1131.3852370543307,2026-07-28
16.0,105.0,0.6354963294790384,1124.8204691422422,-1067.0418024755757,2026-07-28
16.25,120.0,0.6354963294790384,1029.044082381082,-981.2667490477487,2026-07-28
16.5,135.0,0.6354963294790384,927.9630909958036,-890.6624243291369,2026-07-28
16.75,150.0,0.6354963294790384,820.0336111189234,-784.4016111189235,2026-07-28
17.0,165.0,0.6354963294790384,710.515915097304,-673.7819150973039,2026-07-28
17.25,180.0,0.6354963294790384,601.8480963977955,-566.9140963977956,2026-07-28
17.5,195.0,0.6354963294790384,491.38458451778814,-441.2052511844548,2026-07-28
17.75,210.0,0.6354963294790384,382.96404036909695,-338.64404036909696,2026-07-28
16.0,15.0,0.0652296485356056,271.96335512953766,-214.184688462871,2026-07-28
16.25,30.0,0.0652296485356056,257.35178982341233,-209.574456490079,2026-07-28
16.5,45.0,0.0652296485356056,238.5507978998836,-201.25013123321693,2026-07-28
16.75,60.0,0.0652296485356056,217.088184240318,-181.456184240318,2026-07-28
17.0,75.0,0.0652296485356056,197.6821283859544,-160.9481283859544,2026-07-28
17.25,90.0,0.0652296485356056,175.60906880049018,-140.67506880049018,2026-07-28
17.5,105.0,0.0652296485356056,149.94905010378068,-99.76971677044733,2026-07-28
17.75,120.0,0.0652296485356056,123.6820437723157,-79.36204377231569,2026-07-28
7.0,15.0,1.2,318.8833410457147,118.26999228761866,2026-07-29
7.25,30.0,1.2,481.3649147001996,138.499751966467,2026-07-29
7.5,45.0,1.2,659.3256223278715,29.9897110054618,2026-07-29
7.75,60.0,1.2,853.451896491085,8.007436842248353,2026-07-29
8.0,75.0,1.2,1053.2649525141867,-28.417619180853308,2026-07-29
8.25,90.0,1.2,1255.78276471067,-174.94409804400334,2026-07-29
8.5,105.0,1.2,1456.1761458453263,-368.9854791786597,2026-07-29
8.75,120.0,1.2,1655.5111742085655,-473.6305075418986,2026-07-29
9.0,135.0,1.2,1852.746324644767,-489.6936579781004,2026-07-29
9.25,150.0,1.2,2047.4563094051557,-442.1276427384887,2026-07-29
9.5,165.0,1.2,2238.1981803750937,-534.9824660893792,2026-07-29
9.75,180.0,1.2,2409.284255065259,-539.7309217319257,2026-07-29
10.0,195.0,1.2,2570.9567217457025,-524.7580550790356,2026-07-29
10.25,210.0,1.2,2725.1425313937148,-1486.135198060381,2026-07-29
10.5,225.0,1.2,2870.9831251281826,-1868.4237917948494,2026-07-29
10.75,240.0,1.2,2991.631232368201,-983.4998990348679,2026-07-29
11.0,255.0,1.2,3096.118557784685,-1293.2358911180181,2026-07-29
11.25,270.0,1.2,3186.547949866033,-1799.6679498660328,2026-07-29
11.5,285.0,1.2,3268.809629841519,-1463.1562965081862,2026-07-29
11.75,300.0,1.2,3328.7229638928857,-1475.0442972262192,2026-07-29
12.0,315.0,1.2,3374.8311457709983,-1439.4871457709983,2026-07-29
12.25,330.0,1.2,3408.899503252824,-1945.255503252824,2026-07-29
12.5,345.0,1.2,3438.888452907848,-1911.6204529078477,2026-07-29
12.75,360.0,1.2,3442.9169984374585,-335.5996651041255,2026-07-29
13.0,375.0,1.2,3419.704828296063,-871.1694949627299,2026-07-29
13.25,390.0,1.2,3369.834457757004,-1613.7497910903376,2026-07-29
13.5,405.0,1.2,3303.1885389714453,-570.0158723047789,2026-07-29
13.75,420.0,1.2,3219.202322744869,-219.5523227448689,2026-07-29
14.0,435.0,1.2,3123.024525027164,-782.4305250271641,2026-07-29
14.25,450.0,1.2,3009.1082535984724,-1163.122920265139,2026-07-29
14.5,465.0,1.2,2882.938061480146,-653.3473948134797,2026-07-29
14.75,480.0,1.2,2745.105350997001,-760.2200176636684,2026-07-29
15.0,495.0,1.2,2598.374000659158,-674.0573339924915,2026-07-29
15.25,510.0,1.2,2441.113607169371,-775.7856071693705,2026-07-29
15.5,525.0,1.2,2278.384310485016,-851.0509771516829,2026-07-29
15.75,540.0,1.2,2107.7509183097577,-768.1162516430913,2026-07-29
16.0,555.0,1.2,1930.9882113018125,-567.9255446351456,2026-07-29
16.25,570.0,1.2,1744.931126538602,-656.3151265386023,2026-07-29
16.5,585.0,1.2,1555.094994684135,-689.5123280174683,2026-07-29
16.75,600.0,1.2,1365.5064470265606,-668.0191136932274,2026-07-29
17.0,615.0,1.2,1174.737544304665,-577.4008776379984,2026-07-29
17.25,630.0,1.2,983.4442290816362,-499.3088957483028,2026-07-29
17.5,645.0,1.2,795.4152644766154,-530.5319311432821,2026-07-29
17.75,660.0,1.2,615.6620983564121,-510.2807650230788,2026-07-29
18.0,675.0,1.2,448.17859285760073,-399.51859285760077,2026-07-29
8.5,15.0,0.7618248136329137,1018.9228489526936,68.26781771397305,2026-07-29
8.75,30.0,0.7618248136329137,1152.0094101142697,29.8712565523972,2026-07-29
9.0,45.0,0.7618248136329137,1280.7896021137733,82.26306455289318,2026-07-29
9.25,60.0,0.7618248136329137,1407.149179715044,198.17948695162295,2026-07-29
9.5,75.0,0.7618248136329137,1531.147504246402,172.0682100393126,2026-07-29
9.75,90.0,0.7618248136329137,1645.391417903973,224.1619154293603,2026-07-29
10.0,105.0,0.7618248136329137,1747.3139418054766,298.8847248611903,2026-07-29
10.25,120.0,0.7618248136329137,1845.994315322488,-606.9869819891544,2026-07-29
10.5,135.0,0.7618248136329137,1947.0501431270943,-944.4908097937611,2026-07-29
10.75,150.0,0.7618248136329137,2026.7369582359013,-18.605624902568252,2026-07-29
11.0,165.0,0.7618248136329137,2091.992044560447,-289.1093778937802,2026-07-29
11.25,180.0,0.7618248136329137,2145.365310104917,-758.4853101049171,2026-07-29
11.5,195.0,0.7618248136329137,2198.165785573743,-392.5124522404103,2026-07-29
11.75,210.0,0.7618248136329137,2238.9210171142518,-385.2423504475853,2026-07-29
12.0,225.0,0.7618248136329137,2280.529680546725,-345.18568054672505,2026-07-29
12.25,240.0,0.7618248136329137,2325.8757092267883,-862.2317092267881,2026-07-29
12.5,255.0,0.7618248136329137,2369.7820226757744,-842.514022675774,2026-07-29
12.75,270.0,0.7618248136329137,2394.1723926038208,713.1449407295122,2026-07-29
13.0,285.0,0.7618248136329137,2382.2456780343878,166.2896552989455,2026-07-29
13.25,300.0,0.7618248136329137,2327.525778055804,-571.4411113891374,2026-07-29
13.5,315.0,0.7618248136329137,2260.0635170427577,473.1091496239087,2026-07-29
13.75,330.0,0.7618248136329137,2190.4234792359543,809.2265207640457,2026-07-29
14.0,345.0,0.7618248136329137,2120.810511079362,219.78348892063786,2026-07-29
14.25,360.0,0.7618248136329137,2034.693243904948,-188.70791057161478,2026-07-29
14.5,375.0,0.7618248136329137,1933.718121740913,295.8725449257536,2026-07-29
14.75,390.0,0.7618248136329137,1822.5600834508407,162.32524988249202,2026-07-29
15.0,405.0,0.7618248136329137,1714.2857283917522,210.0309382749142,2026-07-29
15.25,420.0,0.7618248136329137,1606.3407437672645,58.987256232735945,2026-07-29
15.5,435.0,0.7618248136329137,1496.6694368799338,-69.3361035466005,2026-07-29
15.75,450.0,0.7618248136329137,1379.7974669583532,-40.162800291686835,2026-07-29
16.0,465.0,0.7618248136329137,1257.744610942744,105.31805572392295,2026-07-29
16.25,480.0,0.7618248136329137,1139.8718758644711,-51.25587586447136,2026-07-29
16.5,495.0,0.7618248136329137,1021.4587032704356,-155.87603660376908,2026-07-29
16.75,510.0,0.7618248136329137,898.3508272874091,-200.8634939540758,2026-07-29
17.0,525.0,0.7618248136329137,772.9348312473822,-175.59816458071555,2026-07-29
17.25,540.0,0.7618248136329137,649.9855590816157,-165.85022574828236,2026-07-29
17.5,555.0,0.7618248136329137,531.3965300251477,-266.5131966918144,2026-07-29
17.75,570.0,0.7618248136329137,416.46839010573234,-311.087056772399,2026-07-29
18.0,585.0,0.7618248136329137,308.98069362435626,-260.3206936243563,2026-07-29
10.0,15.0,0.6385712961793036,1660.233698683133,385.9649679835338,2026-07-29
10.25,30.0,0.6385712961793036,1750.9193418176158,-511.91200848428207,2026-07-29
10.5,45.0,0.6385712961793036,1837.0194345702375,-834.4601012369043,2026-07-29
10.75,60.0,0.6385712961793036,1898.0133798373884,110.11795349594468,2026-07-29
11.0,75.0,0.6385712961793036,1949.670628779849,-146.78796211318218,2026-07-29
11.25,90.0,0.6385712961793036,1995.623746475237,-608.743746475237,2026-07-29
11.5,105.0,0.6385712961793036,2038.271222753929,-232.61788942059616,2026-07-29
11.75,120.0,0.6385712961793036,2062.61931494624,-208.94064827957368,2026-07-29
12.0,135.0,0.6385712961793036,2089.100759281961,-153.75675928196097,2026-07-29
12.25,150.0,0.6385712961793036,2125.06342718549,-661.4194271854899,2026-07-29
12.5,165.0,0.6385712961793036,2173.803834668108,-646.5358346681073,2026-07-29
12.75,180.0,0.6385712961793036,2198.110080392978,909.2072529403549,2026-07-29
13.0,195.0,0.6385712961793036,2183.127709663322,365.40762367001116,2026-07-29
13.25,210.0,0.6385712961793036,2138.9919768400314,-382.90731017336475,2026-07-29
13.5,225.0,0.6385712961793036,2079.920506362996,653.2521603036703,2026-07-29
13.75,240.0,0.6385712961793036,2010.0255701950607,989.6244298049394,2026-07-29
14.0,255.0,0.6385712961793036,1940.325764464119,400.2682355358811,2026-07-29
14.25,270.0,0.6385712961793036,1862.637859586464,-16.652526253130645,2026-07-29
14.5,285.0,0.6385712961793036,1775.535680571438,454.0549860952285,2026-07-29
14.75,300.0,0.6385712961793036,1678.6563261871345,306.2290071461982,2026-07-29
15.0,315.0,0.6385712961793036,1583.1278766855485,341.1887899811179,2026-07-29
15.25,330.0,0.6385712961793036,1487.280151387777,178.04784861222333,2026-07-29
15.5,345.0,0.6385712961793036,1391.919873869667,35.413459463666186,2026-07-29
15.75,360.0,0.6385712961793036,1288.5045115068235,51.13015515984284,2026-07-29
16.0,375.0,0.6385712961793036,1176.369386450854,186.69328021581282,2026-07-29
16.25,390.0,0.6385712961793036,1060.6152451910975,28.00075480890223,2026-07-29
16.5,405.0,0.6385712961793036,944.8014685143092,-79.21880184764268,2026-07-29
16.75,420.0,0.6385712961793036,830.2550180089438,-132.76768467561055,2026-07-29
17.0,435.0,0.6385712961793036,714.145397922703,-116.80873125603625,2026-07-29
17.25,450.0,0.6385712961793036,597.6522855672874,-113.51695223395404,2026-07-29
17.5,465.0,0.6385712961793036,486.2979663898627,-221.4146330565294,2026-07-29
17.75,480.0,0.6385712961793036,381.5935475029781,-276.21221416964477,2026-07-29
18.0,495.0,0.6385712961793036,283.8091455931553,-235.14914559315528,2026-07-29
11.5,15.0,0.43335986478916366,1547.3145284123366,258.33880492099615,2026-07-29
11.75,30.0,0.43335986478916366,1565.8964074928404,287.7822591738261,2026-07-29
12.0,45.0,0.43335986478916366,1589.9672871923524,345.37671280764766,2026-07-29
12.25,60.0,0.43335986478916366,1616.8513573817854,-153.2073573817852,2026-07-29
12.5,75.0,0.43335986478916366,1646.6507266653944,-119.38272666539388,2026-07-29
12.75,90.0,0.43335986478916366,1660.493872697035,1446.823460636298,2026-07-29
13.0,105.0,0.43335986478916366,1650.088266219901,898.4470671134322,2026-07-29
13.25,120.0,0.43335986478916366,1619.5695504466055,136.51511622006115,2026-07-29
13.5,135.0,0.43335986478916366,1573.933730188742,1159.2389364779244,2026-07-29
13.75,150.0,0.43335986478916366,1518.1243109420975,1481.5256890579026,2026-07-29
14.0,165.0,0.43335986478916366,1462.8758656972998,877.7181343027003,2026-07-29
14.25,180.0,0.43335986478916366,1406.8707278156012,439.1146055177321,2026-07-29
14.5,195.0,0.43335986478916366,1337.805221333241,891.7854453334255,2026-07-29
14.75,210.0,0.43335986478916366,1260.4732848916249,724.4120484417078,2026-07-29
15.0,225.0,0.43335986478916366,1186.6873990195395,737.6292676471269,2026-07-29
15.25,240.0,0.43335986478916366,1112.8831553262407,552.4448446737597,2026-07-29
15.5,255.0,0.43335986478916366,1042.617676521989,384.71565681134416,2026-07-29
15.75,270.0,0.43335986478916366,967.9910740072607,371.6435926594056,2026-07-29
16.0,285.0,0.43335986478916366,885.4738652892634,477.58880137740357,2026-07-29
16.25,300.0,0.43335986478916366,798.2743411581812,290.34165884181857,2026-07-29
16.5,315.0,0.43335986478916366,713.027862353099,152.55480431356762,2026-07-29
16.75,330.0,0.43335986478916366,631.356834967295,66.1304983660383,2026-07-29
17.0,345.0,0.43335986478916366,547.152294549884,50.1843721167827,2026-07-29
17.25,360.0,0.43335986478916366,460.66635050190416,23.46898283142923,2026-07-29
17.5,375.0,0.43335986478916366,376.8321010534655,-111.9487677201322,2026-07-29
17.75,390.0,0.43335986478916366,297.7875230461344,-192.4061897128011,2026-07-29
18.0,405.0,0.43335986478916366,224.59431626977695,-175.93431626977696,2026-07-29
13.0,15.0,0.5090184497037222,1909.7113617228144,638.8239716105188,2026-07-29
13.25,30.0,0.5090184497037222,1862.6784467425755,-106.59378007590885,2026-07-29
13.5,45.0,0.5090184497037222,1800.305730399415,932.8669362672513,2026-07-29
13.75,60.0,0.5090184497037222,1739.9265150345009,1259.7234849654992,2026-07-29
14.0,75.0,0.5090184497037222,1679.9569471684908,660.6370528315092,2026-07-29
14.25,90.0,0.5090184497037222,1618.366647086391,227.6186862469424,2026-07-29
14.5,105.0,0.5090184497037222,1547.865140823794,681.7255258428725,2026-07-29
14.75,120.0,0.5090184497037222,1468.918965648493,515.9663676848397,2026-07-29
15.0,135.0,0.5090184497037222,1391.911441423103,532.4052252435633,2026-07-29
15.25,150.0,0.5090184497037222,1317.849940277963,347.4780597220374,2026-07-29
15.5,165.0,0.5090184497037222,1244.702746971458,182.6305863618752,2026-07-29
15.75,180.0,0.5090184497037222,1157.1241681712238,182.51049849544256,2026-07-29
16.0,195.0,0.5090184497037222,1065.0141480209577,298.04851864570924,2026-07-29
16.25,210.0,0.5090184497037222,971.986390619741,116.62960938025878,2026-07-29
16.5,225.0,0.5090184497037222,878.7057150673007,-13.123048400634161,2026-07-29
16.75,240.0,0.5090184497037222,777.6500470150597,-80.16271368172647,2026-07-29
17.0,255.0,0.5090184497037222,675.2428163360919,-77.90614966942519,2026-07-29
17.25,270.0,0.5090184497037222,571.2830108759948,-87.14767754266143,2026-07-29
17.5,285.0,0.5090184497037222,471.2792887179734,-206.39595538464005,2026-07-29
17.75,300.0,0.5090184497037222,371.5048764215714,-266.1235430882381,2026-07-29
18.0,315.0,0.5090184497037222,264.23616960980297,-215.57616960980297,2026-07-29
14.5,15.0,0.6643358517001472,1805.768838567301,423.8218280993656,2026-07-29
14.75,30.0,0.6643358517001472,1733.7165931336988,251.16874019963393,2026-07-29
15.0,45.0,0.6643358517001472,1656.988084334108,267.3285823325584,2026-07-29
15.25,60.0,0.6643358517001472,1575.7538140858758,89.57418591412466,2026-07-29
15.5,75.0,0.6643358517001472,1487.9143932075056,-60.5810598741723,2026-07-29
15.75,90.0,0.6643358517001472,1386.1650054427896,-46.530338776123244,2026-07-29
16.0,105.0,0.6643358517001472,1277.8221329682228,85.2405336984441,2026-07-29
16.25,120.0,0.6643358517001472,1165.9477041880036,-77.33170418800387,2026-07-29
16.5,135.0,0.6643358517001472,1053.0941056677875,-187.51143900112095,2026-07-29
16.75,150.0,0.6643358517001472,931.0649116198113,-233.577578286478,2026-07-29
17.0,165.0,0.6643358517001472,807.2615702887264,-209.92490362205967,2026-07-29
17.25,180.0,0.6643358517001472,682.0255993645562,-197.89026603122284,2026-07-29
17.5,195.0,0.6643358517001472,559.8416282994369,-294.9582949661036,2026-07-29
17.75,210.0,0.6643358517001472,438.9258162454676,-333.5444829121343,2026-07-29
18.0,225.0,0.6643358517001472,311.14474454966825,-262.4847445496682,2026-07-29
16.0,15.0,0.5214853911327041,1088.099956907008,274.962709759659,2026-07-29
16.25,30.0,0.5214853911327041,996.4938209073208,92.12217909267895,2026-07-29
16.5,45.0,0.5214853911327041,903.6275557008714,-38.04488903420486,2026-07-29
16.75,60.0,0.5214853911327041,802.1078406348576,-104.6205073015243,2026-07-29
17.0,75.0,0.5214853911327041,696.6227829501344,-99.28611628346766,2026-07-29
17.25,90.0,0.5214853911327041,588.9919623008146,-104.85662896748124,2026-07-29
17.5,105.0,0.5214853911327041,484.70213542556536,-219.81880209223203,2026-07-29
17.75,120.0,0.5214853911327041,381.3518372170921,-275.9705038837588,2026-07-29
18.0,135.0,0.5214853911327041,271.2420746836732,-222.5820746836732,2026-07-29
7.0,15.0,1.2,309.26111207260027,89.38888792739971,2026-07-30
7.25,30.0,1.2,474.1452973123896,-17.761963979056304,2026-07-30
7.5,45.0,1.2,653.2516017229053,-538.2791017229054,2026-07-30
7.75,60.0,1.2,850.7166806943717,-53.20395342164443,2026-07-30
8.0,75.0,1.2,1054.9040067786148,-201.52000677861474,2026-07-30
8.25,90.0,1.2,1261.8562980627644,-563.7687980627643,2026-07-30
8.5,105.0,1.2,1468.0837024865746,-318.7787024865745,2026-07-30
8.75,120.0,1.2,1682.93917241428,-599.2778390809467,2026-07-30
9.0,135.0,1.2,1894.511854922208,78.75014507779201,2026-07-30
9.25,150.0,1.2,2102.045316357317,-923.7286496906504,2026-07-30
9.5,165.0,1.2,2304.191770829756,-143.99577082975566,2026-07-30
9.75,180.0,1.2,2496.710033159239,-465.53203315923906,2026-07-30
10.0,195.0,1.2,2678.900755174551,248.76257815878216,2026-07-30
10.25,210.0,1.2,2844.3353558561607,-82.19268918949456,2026-07-30
10.5,225.0,1.2,2992.830247266944,-1345.1082472669436,2026-07-30
10.75,240.0,1.2,3121.0146417944343,-658.0639751277677,2026-07-30
11.0,255.0,1.2,3242.297645832843,-817.6303124995102,2026-07-30
11.25,270.0,1.2,3344.808654055468,-933.8333207221349,2026-07-30
11.5,285.0,1.2,3433.949346741297,-1685.508013407964,2026-07-30
11.75,300.0,1.2,3502.2395844905404,-1056.320917823874,2026-07-30
12.0,315.0,1.2,3555.497378664394,-1345.008711997728,2026-07-30
12.25,330.0,1.2,3593.140679639911,-858.2446796399108,2026-07-30
12.5,345.0,1.2,3626.56128184452,-1382.9546151778536,2026-07-30
12.75,360.0,1.2,3654.367874124324,23.158792542342326,2026-07-30
13.0,375.0,1.2,3664.223199350176,-2088.6978660168425,2026-07-30
13.25,390.0,1.2,3636.650338052888,-1327.1296713862216,2026-07-30
13.5,405.0,1.2,3573.099863770007,-1239.4518637700066,2026-07-30
13.75,420.0,1.2,3485.7437799591025,-1250.6544466257687,2026-07-30
14.0,435.0,1.2,3392.9049974680865,158.3423358652476,2026-07-30
14.25,450.0,1.2,3284.9612429831814,-1093.0845763165153,2026-07-30
14.5,465.0,1.2,3163.962996292052,-680.2276629587191,2026-07-30
14.75,480.0,1.2,3019.1799614213774,-444.76929475471115,2026-07-30
15.0,495.0,1.2,2863.44003331208,284.16596668792045,2026-07-30
15.25,510.0,1.2,2697.6559868718086,-705.7559868718085,2026-07-30
15.5,525.0,1.2,2523.460250524976,-1157.2702505249754,2026-07-30
15.75,540.0,1.2,2334.754350380586,-1448.7510170472524,2026-07-30
16.0,555.0,1.2,2140.5405714987323,-1799.5236484218094,2026-07-30
16.25,570.0,1.2,1935.8853394464556,-1755.9300061131223,2026-07-30
16.5,585.0,1.2,1724.1462484751823,-1109.610915141849,2026-07-30
16.75,600.0,1.2,1507.3464800691531,-452.8384800691531,2026-07-30
17.0,615.0,1.2,1292.4887633596418,8.711236640358266,2026-07-30
17.25,630.0,1.2,1077.408133856525,162.76119947680854,2026-07-30
17.5,645.0,1.2,866.113591997571,261.55240800242916,2026-07-30
17.75,660.0,1.2,667.9573096748945,26.659053961469112,2026-07-30
18.0,675.0,1.2,474.727018564291,-37.96835189762436,2026-07-30
18.25,690.0,1.2,299.0316341887113,-33.72763418871125,2026-07-30
18.5,705.0,1.2,156.244549778883,22.398116887783658,2026-07-30
18.75,720.0,1.2,59.94651390817602,39.448152758490615,2026-07-30
19.0,735.0,1.2,6.704131686748084,16.800868313251918,2026-07-30
8.5,15.0,0.6330591356097766,833.195953632992,316.1090463670081,2026-07-30
8.75,30.0,0.6330591356097766,961.658031233729,122.00330209960418,2026-07-30
9.0,45.0,0.6330591356097766,1087.2853657684077,885.9766342315922,2026-07-30
9.25,60.0,0.6330591356097766,1214.041461796698,-35.72479513003145,2026-07-30
9.5,75.0,0.6330591356097766,1340.151296111654,820.0447038883465,2026-07-30
9.75,90.0,0.6330591356097766,1463.76489863365,567.41310136635,2026-07-30
10.0,105.0,0.6330591356097766,1579.522359758609,1348.140973574724,2026-07-30
10.25,120.0,0.6330591356097766,1677.6416513980314,1084.5010152686348,2026-07-30
10.5,135.0,0.6330591356097766,1756.9291269744874,-109.20712697448721,2026-07-30
10.75,150.0,0.6330591356097766,1826.0870008507995,636.8636658158671,2026-07-30
11.0,165.0,0.6330591356097766,1899.048381205926,525.6189521274068,2026-07-30
11.25,180.0,0.6330591356097766,1954.5134194429677,456.4619138903656,2026-07-30
11.5,195.0,0.6330591356097766,2000.8488320439276,-252.40749871059438,2026-07-30
11.75,210.0,0.6330591356097766,2037.429163765095,408.48950290157154,2026-07-30
12.0,225.0,0.6330591356097766,2064.7270947963534,145.76157187031276,2026-07-30
12.25,240.0,0.6330591356097766,2091.621207535768,643.2747924642322,2026-07-30
12.5,255.0,0.6330591356097766,2132.0280072714486,111.57865939521798,2026-07-30
12.75,270.0,0.6330591356097766,2181.824078178936,1495.7025884877303,2026-07-30
13.0,285.0,0.6330591356097766,2248.051648332881,-672.5263149995476,2026-07-30
13.25,300.0,0.6330591356097766,2225.904815090504,83.61585157616219,2026-07-30
13.5,315.0,0.6330591356097766,2172.9808335141115,160.66716648588863,2026-07-30
13.75,330.0,0.6330591356097766,2108.6348427405624,126.45449059277144,2026-07-30
14.0,345.0,0.6330591356097766,2053.360841421355,1497.8864919119792,2026-07-30
14.25,360.0,0.6330591356097766,1986.3457501480875,205.53091651857858,2026-07-30
14.5,375.0,0.6330591356097766,1902.8301853946173,580.9051479387158,2026-07-30
14.75,390.0,0.6330591356097766,1805.328017730708,769.0826489359581,2026-07-30
15.0,405.0,0.6330591356097766,1701.6540841725616,1445.9519158274386,2026-07-30
15.25,420.0,0.6330591356097766,1602.1289282243215,389.7710717756786,2026-07-30
15.5,435.0,0.6330591356097766,1500.295334736109,-134.1053347361085,2026-07-30
15.75,450.0,0.6330591356097766,1385.7108090025908,-499.7074756692574,2026-07-30
16.0,465.0,0.6330591356097766,1270.2705994838466,-929.2536764069235,2026-07-30
16.25,480.0,0.6330591356097766,1150.0353647428249,-970.0800314094915,2026-07-30
16.5,495.0,0.6330591356097766,1022.2094129349904,-407.6740796016571,2026-07-30
16.75,510.0,0.6330591356097766,892.8441878294975,161.66381217050252,2026-07-30
17.0,525.0,0.6330591356097766,767.7564656041965,533.4435343958036,2026-07-30
17.25,540.0,0.6330591356097766,641.6413934800272,598.5279398533063,2026-07-30
17.5,555.0,0.6330591356097766,518.0801521831771,609.585847816823,2026-07-30
17.75,570.0,0.6330591356097766,403.6929755189588,290.92338811740484,2026-07-30
18.0,585.0,0.6330591356097766,287.97789549244806,148.78077117421856,2026-07-30
18.25,600.0,0.6330591356097766,182.32968484367427,82.97431515632576,2026-07-30
18.5,615.0,0.6330591356097766,96.9583453977181,81.68432126894855,2026-07-30
18.75,630.0,0.6330591356097766,38.167616499710896,61.22705016695574,2026-07-30
19.0,645.0,0.6330591356097766,4.338386068065487,19.166613931934513,2026-07-30
10.0,15.0,0.6916392785862012,1756.150733152711,1171.512600180622,2026-07-30
10.25,30.0,0.6916392785862012,1855.8337187813784,906.3089478852878,2026-07-30
10.5,45.0,0.6916392785862012,1942.002192031068,-294.2801920310678,2026-07-30
10.75,60.0,0.6916392785862012,2012.6805788707388,450.2700877959278,2026-07-30
11.0,75.0,0.6916392785862012,2082.8513463003605,341.8159870329723,2026-07-30
11.25,90.0,0.6916392785862012,2139.1365279407496,271.8388053925837,2026-07-30
11.5,105.0,0.6916392785862012,2178.9998151370423,-430.5584818037091,2026-07-30
11.75,120.0,0.6916392785862012,2203.3109895701173,242.6076770965492,2026-07-30
12.0,135.0,0.6916392785862012,2233.661402683069,-23.172736016402723,2026-07-30
12.25,150.0,0.6916392785862012,2268.2827151018137,466.6132848981865,2026-07-30
12.5,165.0,0.6916392785862012,2314.470242032597,-70.8635753659305,2026-07-30
12.75,180.0,0.6916392785862012,2363.147974423604,1314.3786922430622,2026-07-30
13.0,195.0,0.6916392785862012,2410.6501496202145,-835.124816286881,2026-07-30
13.25,210.0,0.6916392785862012,2395.984761850624,-86.46409518395785,2026-07-30
13.5,225.0,0.6916392785862012,2334.4765307034954,-0.8285307034952893,2026-07-30
13.75,240.0,0.6916392785862012,2254.824843628116,-19.735510294782216,2026-07-30
14.0,255.0,0.6916392785862012,2189.600576848981,1361.6467564843533,2026-07-30
14.25,270.0,0.6916392785862012,2118.0968699390287,73.7797967276374,2026-07-30
14.5,285.0,0.6916392785862012,2037.4486421621605,446.2866911711726,2026-07-30
14.75,300.0,0.6916392785862012,1937.1098342490236,637.3008324176426,2026-07-30
15.0,315.0,0.6916392785862012,1831.3628915723189,1316.2431084276814,2026-07-30
15.25,330.0,0.6916392785862012,1725.5678724237791,266.33212757622096,2026-07-30
15.5,345.0,0.6916392785862012,1618.1756678430256,-251.9856678430251,2026-07-30
15.75,360.0,0.6916392785862012,1493.2679683276226,-607.2646349942892,2026-07-30
16.0,375.0,0.6916392785862012,1365.7244810843742,-1024.707558007451,2026-07-30
16.25,390.0,0.6916392785862012,1234.1841428954212,-1054.228809562088,2026-07-30
16.5,405.0,0.6916392785862012,1098.149929216376,-483.61459588304274,2026-07-30
16.75,420.0,0.6916392785862012,958.3338328935909,96.17416710640919,2026-07-30
17.0,435.0,0.6916392785862012,822.2021502158735,478.9978497841265,2026-07-30
17.25,450.0,0.6916392785862012,684.8436761452668,555.3256571880667,2026-07-30
17.5,465.0,0.6916392785862012,550.2464893000471,577.4195106999531,2026-07-30
17.75,480.0,0.6916392785862012,427.616838615942,266.99952502042163,2026-07-30
18.0,495.0,0.6916392785862012,305.744377449926,131.01428921674062,2026-07-30
18.25,510.0,0.6916392785862012,193.3954052522992,71.90859474770082,2026-07-30
18.5,525.0,0.6916392785862012,101.93753019693392,76.70513646973274,2026-07-30
18.75,540.0,0.6916392785862012,39.63256637657459,59.76210029009205,2026-07-30
19.0,555.0,0.6916392785862012,4.428407841615518,19.076592158384486,2026-07-30
11.5,15.0,0.6277181011798415,2192.7826670039444,-444.3413336706112,2026-07-30
11.75,30.0,0.6277181011798415,2214.2183238295843,231.7003428370822,2026-07-30
12.0,45.0,0.6277181011798415,2232.791740424509,-22.303073757842867,2026-07-30
12.25,60.0,0.6277181011798415,2249.55223564816,485.34376435184004,2026-07-30
12.5,75.0,0.6277181011798415,2276.731468693621,-33.12480202695451,2026-07-30
12.75,90.0,0.6277181011798415,2307.73868691174,1369.7879797549263,2026-07-30
13.0,105.0,0.6277181011798415,2340.8407042758013,-765.3153709424678,2026-07-30
13.25,120.0,0.6277181011798415,2323.145719961628,-13.625053294961617,2026-07-30
13.5,135.0,0.6277181011798415,2268.029760427325,65.61823957267507,2026-07-30
13.75,150.0,0.6277181011798415,2198.745776455124,36.34355687820971,2026-07-30
14.0,165.0,0.6277181011798415,2128.5543738632496,1422.6929594700846,2026-07-30
14.25,180.0,0.6277181011798415,2048.434868180951,143.44179848571503,2026-07-30
14.5,195.0,0.6277181011798415,1964.3363660538523,519.3989672794808,2026-07-30
14.75,210.0,0.6277181011798415,1867.9648663386688,706.4458003279974,2026-07-30
15.0,225.0,0.6277181011798415,1768.4624333564625,1379.1435666435377,2026-07-30
15.25,240.0,0.6277181011798415,1663.8175913432808,328.0824086567193,2026-07-30
15.5,255.0,0.6277181011798415,1560.758017863926,-194.56801786392543,2026-07-30
15.75,270.0,0.6277181011798415,1445.1490292283454,-559.145695895012,2026-07-30
16.0,285.0,0.6277181011798415,1325.6652172680422,-984.6482941911191,2026-07-30
16.25,300.0,0.6277181011798415,1197.317564113143,-1017.3622307798096,2026-07-30
16.5,315.0,0.6277181011798415,1062.3162734694972,-447.78094013616396,2026-07-30
16.75,330.0,0.6277181011798415,929.0072737319726,125.50072626802739,2026-07-30
17.0,345.0,0.6277181011798415,798.1865344172991,503.013465582701,2026-07-30
17.25,360.0,0.6277181011798415,665.5670513662312,574.6022819671023,2026-07-30
17.5,375.0,0.6277181011798415,534.543581283693,593.1224187163072,2026-07-30
17.75,390.0,0.6277181011798415,415.1765218751496,279.43984176121404,2026-07-30
18.0,405.0,0.6277181011798415,296.7134157551739,140.0452509114927,2026-07-30
18.25,420.0,0.6277181011798415,187.41904997715815,77.88495002284188,2026-07-30
18.5,435.0,0.6277181011798415,98.55395507270389,80.08871159396277,2026-07-30
18.75,450.0,0.6277181011798415,38.16950833954363,61.225158327123005,2026-07-30
19.0,465.0,0.6277181011798415,4.246029050240446,19.258970949759558,2026-07-30
13.0,15.0,0.7025597309351798,2645.7582078981586,-1070.2328745648251,2026-07-30
13.25,30.0,0.7025597309351798,2596.108336532984,-286.5876698663178,2026-07-30
13.5,45.0,0.7025597309351798,2516.9532759859567,-183.30527598595654,2026-07-30
13.75,60.0,0.7025597309351798,2432.901727401931,-197.8123940685973,2026-07-30
14.0,75.0,0.7025597309351798,2352.5455984864234,1198.7017348469108,2026-07-30
14.25,90.0,0.7025597309351798,2265.602117736467,-73.72545106980078,2026-07-30
14.5,105.0,0.7025597309351798,2171.875995396711,311.85933793662207,2026-07-30
14.75,120.0,0.7025597309351798,2070.50439536125,503.90627130541634,2026-07-30
15.0,135.0,0.7025597309351798,1965.4314054775975,1182.1745945224027,2026-07-30
15.25,150.0,0.7025597309351798,1854.724206679682,137.175793320318,2026-07-30
15.5,165.0,0.7025597309351798,1738.88833423078,-372.69833423077944,2026-07-30
15.75,180.0,0.7025597309351798,1607.255545664988,-721.2522123316545,2026-07-30
16.0,195.0,0.7025597309351798,1475.55204302199,-1134.535119945067,2026-07-30
16.25,210.0,0.7025597309351798,1336.9685079937296,-1157.0131746603963,2026-07-30
16.5,225.0,0.7025597309351798,1194.1302274768402,-579.594894143507,2026-07-30
16.75,240.0,0.7025597309351798,1046.6746581200246,7.833341879975478,2026-07-30
17.0,255.0,0.7025597309351798,903.35413283455,397.84586716545004,2026-07-30
17.25,270.0,0.7025597309351798,750.9481324027322,489.2212009306013,2026-07-30
17.5,285.0,0.7025597309351798,596.9413681881927,530.7246318118075,2026-07-30
17.75,300.0,0.7025597309351798,451.0072150795074,243.60914855685627,2026-07-30
18.0,315.0,0.7025597309351798,317.8588645504562,118.89980211621042,2026-07-30
18.25,330.0,0.7025597309351798,201.37280291269477,63.931197087305264,2026-07-30
18.5,345.0,0.7025597309351798,106.2499513371949,72.39271532947176,2026-07-30
18.75,360.0,0.7025597309351798,41.33831289551405,58.05635377115259,2026-07-30
19.0,375.0,0.7025597309351798,4.612845724467033,18.89215427553297,2026-07-30
14.5,15.0,0.6640175043019384,2088.7345664955487,395.00076683778434,2026-07-30
14.75,30.0,0.6640175043019384,1985.502071947513,588.9085947191531,2026-07-30
15.0,45.0,0.6640175043019384,1877.5864395518397,1270.0195604481605,2026-07-30
15.25,60.0,0.6640175043019384,1769.7052204814572,222.19477951854287,2026-07-30
15.5,75.0,0.6640175043019384,1658.6930584046193,-292.50305840461874,2026-07-30
15.75,90.0,0.6640175043019384,1537.1708439029271,-651.1675105695937,2026-07-30
16.0,105.0,0.6640175043019384,1413.044910784212,-1072.027987707289,2026-07-30
16.25,120.0,0.6640175043019384,1281.9197671109164,-1101.964433777583,2026-07-30
16.5,135.0,0.6640175043019384,1142.8339986231697,-528.2986652898364,2026-07-30
16.75,150.0,0.6640175043019384,1001.3338285547936,53.17417144520641,2026-07-30
17.0,165.0,0.6640175043019384,863.1738961459192,438.0261038540808,2026-07-30
17.25,180.0,0.6640175043019384,716.2741266405641,523.8952066927694,2026-07-30
17.5,195.0,0.6640175043019384,568.6024844179673,559.0635155820329,2026-07-30
17.75,210.0,0.6640175043019384,428.9578358889016,265.658527747462,2026-07-30
18.0,225.0,0.6640175043019384,302.09620587973734,134.66246078692927,2026-07-30
18.25,240.0,0.6640175043019384,191.33143654942376,73.97256345057627,2026-07-30
18.5,255.0,0.6640175043019384,101.82859169822774,76.81407496843892,2026-07-30
18.75,270.0,0.6640175043019384,40.44031371141603,58.954352955250606,2026-07-30
19.0,285.0,0.6640175043019384,4.513679600727718,18.991320399272283,2026-07-30
16.0,15.0,0.6128521613840162,1312.635193876739,-971.6182707998161,2026-07-30
16.25,30.0,0.6128521613840162,1194.9003084293572,-1014.9449750960239,2026-07-30
16.5,45.0,0.6128521613840162,1070.0556811247598,-455.5203477914265,2026-07-30
16.75,60.0,0.6128521613840162,939.8487533285648,114.6592466714352,2026-07-30
17.0,75.0,0.6128521613840162,811.9755189478362,489.2244810521638,2026-07-30
17.25,90.0,0.6128521613840162,676.2716671860461,563.8976661472874,2026-07-30
17.5,105.0,0.6128521613840162,539.353834306801,588.3121656931992,2026-07-30
17.75,120.0,0.6128521613840162,407.6465987342815,286.96976490208215,2026-07-30
18.0,135.0,0.6128521613840162,287.75224776328423,149.00641890338238,2026-07-30
18.25,150.0,0.6128521613840162,183.0192619596133,82.28473804038674,2026-07-30
18.5,165.0,0.6128521613840162,97.1753552392439,81.46731142742276,2026-07-30
18.75,180.0,0.6128521613840162,38.03337895075522,61.361287715911416,2026-07-30
19.0,195.0,0.6128521613840162,4.222962812332344,19.282037187667658,2026-07-30
7.0,15.0,1.1507793520399434,314.3385830209847,49.28725031234859,2026-07-31
7.25,30.0,1.1507793520399434,480.6674888066773,203.04517785998928,2026-07-31
7.5,45.0,1.1507793520399434,663.9553824261683,57.990002189216284,2026-07-31
7.75,60.0,1.1507793520399434,864.7418085262517,-68.00247519291838,2026-07-31
8.0,75.0,1.1507793520399434,1069.7821375481124,-469.8921375481124,2026-07-31
8.25,90.0,1.1507793520399434,1278.9106803796114,-1047.6166803796114,2026-07-31
8.5,105.0,1.1507793520399434,1487.9561186429464,-690.3287853096131,2026-07-31
8.75,120.0,1.1507793520399434,1700.1551455584697,-559.3711455584696,2026-07-31
9.0,135.0,1.1507793520399434,1910.8682125545904,-381.0215458879236,2026-07-31
9.25,150.0,1.1507793520399434,2121.662235765036,493.5430975682975,2026-07-31
9.5,165.0,1.1507793520399434,2327.02091303746,-97.31624637079358,2026-07-31
9.75,180.0,1.1507793520399434,2518.288937517216,-379.3809375172159,2026-07-31
10.0,195.0,1.1507793520399434,2688.3916437859893,-32.38097711932278,2026-07-31
10.25,210.0,1.1507793520399434,2839.5101137600905,180.47055290657636,2026-07-31
10.5,225.0,1.1507793520399434,2989.88906230044,483.39960436622687,2026-07-31
10.75,240.0,1.1507793520399434,3124.9598604509883,-309.26852711765514,2026-07-31
11.0,255.0,1.1507793520399434,3238.112373956205,560.4636260437951,2026-07-31
11.25,270.0,1.1507793520399434,3339.3913258698904,-663.9153258698902,2026-07-31
11.5,285.0,1.1507793520399434,3429.3288878024127,-978.6642211357462,2026-07-31
11.75,300.0,1.1507793520399434,3493.892878463893,561.5904548694411,2026-07-31
12.0,315.0,1.1507793520399434,3546.4151355467275,-1110.9811355467273,2026-07-31
12.25,330.0,1.1507793520399434,3589.496967684494,-1487.0303010178277,2026-07-31
12.5,345.0,1.1507793520399434,3648.898975411347,-610.6689754113463,2026-07-31
12.75,360.0,1.1507793520399434,3662.909184590169,22.970815409831175,2026-07-31
13.0,375.0,1.1507793520399434,3651.880640245924,-1651.7559735792572,2026-07-31
13.25,390.0,1.1507793520399434,3613.479861267991,370.5701387320091,2026-07-31
13.5,405.0,1.1507793520399434,3564.732521440326,320.420145226341,2026-07-31
13.75,420.0,1.1507793520399434,3493.126629609622,286.4827037237119,2026-07-31
14.0,435.0,1.1507793520399434,3398.04567753846,167.48832246154006,2026-07-31
14.25,450.0,1.1507793520399434,3287.077142943704,-553.0858096103711,2026-07-31
14.5,465.0,1.1507793520399434,3160.3501898888844,-926.3695232222176,2026-07-31
14.75,480.0,1.1507793520399434,3008.8790605747963,-1465.095727241463,2026-07-31
15.0,495.0,1.1507793520399434,2848.0515979672846,-731.5135979672846,2026-07-31
15.25,510.0,1.1507793520399434,2678.930752828413,397.4552471715874,2026-07-31
15.5,525.0,1.1507793520399434,2500.3836632024377,408.6096701308952,2026-07-31
15.75,540.0,1.1507793520399434,2312.1404836413867,333.7001830252807,2026-07-31
16.0,555.0,1.1507793520399434,2118.3130249775136,239.52764168915292,2026-07-31
16.25,570.0,1.1507793520399434,1915.8185425597053,201.82145744029458,2026-07-31
16.5,585.0,1.1507793520399434,1714.777622347175,49.29437765282478,2026-07-31
16.75,600.0,1.1507793520399434,1508.1029369929904,14.033063007009105,2026-07-31
17.0,615.0,1.1507793520399434,1295.57326156233,87.98340510433673,2026-07-31
17.25,630.0,1.1507793520399434,1085.346864896649,-277.7928648966491,2026-07-31
17.5,645.0,1.1507793520399434,874.6469417043523,-105.18960837101895,2026-07-31
17.75,660.0,1.1507793520399434,661.8874379475725,16.240562052427435,2026-07-31
18.0,675.0,1.1507793520399434,467.31980566783744,97.49152766549588,2026-07-31
18.25,690.0,1.1507793520399434,296.8051344217509,-89.1304677550842,2026-07-31
18.5,705.0,1.1507793520399434,155.87287765534083,-26.554210988674157,2026-07-31
18.75,720.0,1.1507793520399434,58.05788867569334,80.66711132430666,2026-07-31
8.5,15.0,0.6590475155668405,932.3519675408232,-134.72463420748988,2026-07-31
8.75,30.0,0.6590475155668405,1074.7144031922585,66.06959680774162,2026-07-31
9.0,45.0,0.6590475155668405,1216.66981568125,313.1768509854169,2026-07-31
9.25,60.0,0.6590475155668405,1363.2309693902928,1251.9743639430405,2026-07-31
9.5,75.0,0.6590475155668405,1515.1904017934328,714.5142648732337,2026-07-31
9.75,90.0,0.6590475155668405,1651.6923510560505,487.2156489439494,2026-07-31
10.0,105.0,0.6590475155668405,1759.199042634003,896.8116240326635,2026-07-31
10.25,120.0,0.6590475155668405,1851.0824795506053,1168.8981871160615,2026-07-31
10.5,135.0,0.6590475155668405,1947.2996383261725,1525.9890283404943,2026-07-31
10.75,150.0,0.6590475155668405,2029.4488651739105,786.2424681594227,2026-07-31
11.0,165.0,0.6590475155668405,2093.3615299594435,1705.2144700405565,2026-07-31
11.25,180.0,0.6590475155668405,2155.612354048112,519.863645951888,2026-07-31
11.5,195.0,0.6590475155668405,2221.2729356520217,229.39173101464485,2026-07-31
11.75,210.0,0.6590475155668405,2272.9102203302546,1782.5731130030795,2026-07-31
12.0,225.0,0.6590475155668405,2309.621404361101,125.81259563889898,2026-07-31
12.25,240.0,0.6590475155668405,2344.65184920232,-242.1851825356539,2026-07-31
12.5,255.0,0.6590475155668405,2423.5834020217044,614.6465979782961,2026-07-31
12.75,270.0,0.6590475155668405,2453.687180126808,1232.192819873192,2026-07-31
13.0,285.0,0.6590475155668405,2456.5628795423067,-456.4382128756399,2026-07-31
13.25,300.0,0.6590475155668405,2424.538086959337,1559.5119130406633,2026-07-31
13.5,315.0,0.6590475155668405,2385.347081855945,1499.805584810722,2026-07-31
13.75,330.0,0.6590475155668405,2340.876105173804,1438.73322815953,2026-07-31
14.0,345.0,0.6590475155668405,2280.4592029397963,1285.0747970602038,2026-07-31
14.25,360.0,0.6590475155668405,2197.8022254148223,536.1891079185107,2026-07-31
14.5,375.0,0.6590475155668405,2097.083353385652,136.8973132810147,2026-07-31
14.75,390.0,0.6590475155668405,1982.3177273722008,-438.5343940388675,2026-07-31
15.0,405.0,0.6590475155668405,1856.390154981896,260.1478450181039,2026-07-31
15.25,420.0,0.6590475155668405,1734.6518172849703,1341.73418271503,2026-07-31
15.5,435.0,0.6590475155668405,1617.1940038783205,1291.7993294550124,2026-07-31
15.75,450.0,0.6590475155668405,1491.2808991622437,1154.5597675044237,2026-07-31
16.0,465.0,0.6590475155668405,1362.6892099588713,995.1514567077952,2026-07-31
16.25,480.0,0.6590475155668405,1238.3154268607786,879.3245731392212,2026-07-31
16.5,495.0,0.6590475155668405,1117.9091650486444,646.1628349513555,2026-07-31
16.75,510.0,0.6590475155668405,988.38812600104,533.7478739989596,2026-07-31
17.0,525.0,0.6590475155668405,851.9860598151397,531.5706068515269,2026-07-31
17.25,540.0,0.6590475155668405,718.4457537961002,89.10824620389974,2026-07-31
17.5,555.0,0.6590475155668405,584.1867387186713,185.27059461466206,2026-07-31
17.75,570.0,0.6590475155668405,444.2934748718994,233.83452512810055,2026-07-31
18.0,585.0,0.6590475155668405,315.8907388209733,248.92059451236003,2026-07-31
18.25,600.0,0.6590475155668405,204.0597763658115,3.614890300855194,2026-07-31
18.5,615.0,0.6590475155668405,110.24043319755108,19.078233469115588,2026-07-31
18.75,630.0,0.6590475155668405,41.58969515550783,97.13530484449217,2026-07-31
10.0,15.0,0.8601179079421766,2123.8978021558864,532.1128645107801,2026-07-31
10.25,30.0,0.8601179079421766,2237.046362499784,782.9343041668826,2026-07-31
10.5,45.0,0.8601179079421766,2351.778159685235,1121.5105069814317,2026-07-31
10.75,60.0,0.8601179079421766,2448.750449684603,366.94088364873005,2026-07-31
11.0,75.0,0.8601179079421766,2520.813916416343,1277.762083583657,2026-07-31
11.25,90.0,0.8601179079421766,2583.859008471012,91.61699152898791,2026-07-31
11.5,105.0,0.8601179079421766,2648.0143908868904,-197.34972422022383,2026-07-31
11.75,120.0,0.8601179079421766,2702.066755424902,1353.416577908432,2026-07-31
12.0,135.0,0.8601179079421766,2758.4081909830256,-322.97419098302544,2026-07-31
12.25,150.0,0.8601179079421766,2813.037734361352,-710.5710676946856,2026-07-31
12.5,165.0,0.8601179079421766,2881.4020892804656,156.82791071953488,2026-07-31
12.75,180.0,0.8601179079421766,2918.5374197587857,767.3425802412144,2026-07-31
13.0,195.0,0.8601179079421766,2919.922072467968,-919.7974058013012,2026-07-31
13.25,210.0,0.8601179079421766,2887.086205056784,1096.9637949432163,2026-07-31
13.5,225.0,0.8601179079421766,2844.3187230483577,1040.8339436183091,2026-07-31
13.75,240.0,0.8601179079421766,2784.1447722855955,995.4645610477382,2026-07-31
14.0,255.0,0.8601179079421766,2708.845080548541,856.6889194514592,2026-07-31
14.25,270.0,0.8601179079421766,2611.8072097591958,122.18412357413717,2026-07-31
14.5,285.0,0.8601179079421766,2496.6249315263185,-262.6442648596517,2026-07-31
14.75,300.0,0.8601179079421766,2351.430921835989,-807.6475885026557,2026-07-31
15.0,315.0,0.8601179079421766,2201.573009085156,-85.03500908515616,2026-07-31
15.25,330.0,0.8601179079421766,2052.577324924026,1023.8086750759744,2026-07-31
15.5,345.0,0.8601179079421766,1907.656439962383,1001.3368933709498,2026-07-31
15.75,360.0,0.8601179079421766,1763.7727818265887,882.0678848400787,2026-07-31
16.0,375.0,0.8601179079421766,1615.4730116568385,742.367655009828,2026-07-31
16.25,390.0,0.8601179079421766,1464.0037062757842,653.6362937242156,2026-07-31
16.5,405.0,0.8601179079421766,1315.4375228377558,448.63447716224414,2026-07-31
16.75,420.0,0.8601179079421766,1163.1381731476656,358.9978268523339,2026-07-31
17.0,435.0,0.8601179079421766,1002.0363897365576,381.52027693010905,2026-07-31
17.25,450.0,0.8601179079421766,838.686202217986,-31.13220221798599,2026-07-31
17.5,465.0,0.8601179079421766,678.4173234010004,91.04000993233296,2026-07-31
17.75,480.0,0.8601179079421766,516.8768731850681,161.2511268149318,2026-07-31
18.0,495.0,0.8601179079421766,368.0030933214461,196.80824001188722,2026-07-31
18.25,510.0,0.8601179079421766,237.36632058744496,-29.691653920778265,2026-07-31
18.5,525.0,0.8601179079421766,128.4446146585783,0.8740520080883698,2026-07-31
18.75,540.0,0.8601179079421766,48.499971542004985,90.22502845799501,2026-07-31
11.5,15.0,0.9272077680856239,2914.184829225356,-463.52016255868966,2026-07-31
11.75,30.0,0.9272077680856239,2960.0897864557724,1095.3935468775617,2026-07-31
12.0,45.0,0.9272077680856239,3004.386437470691,-568.9524374706907,2026-07-31
12.25,60.0,0.9272077680856239,3056.938653467129,-954.4719868004627,2026-07-31
12.5,75.0,0.9272077680856239,3126.303958566844,-88.07395856684343,2026-07-31
12.75,90.0,0.9272077680856239,3157.674289795902,528.2057102040981,2026-07-31
13.0,105.0,0.9272077680856239,3152.2510635685526,-1152.1263969018858,2026-07-31
13.25,120.0,0.9272077680856239,3114.7043757940432,869.3456242059569,2026-07-31
13.5,135.0,0.9272077680856239,3062.563024151023,822.5896425156438,2026-07-31
13.75,150.0,0.9272077680856239,2993.0836408581317,786.525692475202,2026-07-31
14.0,165.0,0.9272077680856239,2907.272623884512,658.261376115488,2026-07-31
14.25,180.0,0.9272077680856239,2809.8030859239493,-75.81175259061638,2026-07-31
14.5,195.0,0.9272077680856239,2698.504353031576,-464.5236863649093,2026-07-31
14.75,210.0,0.9272077680856239,2567.4107287266406,-1023.6273953933073,2026-07-31
15.0,225.0,0.9272077680856239,2425.840550306033,-309.302550306033,2026-07-31
15.25,240.0,0.9272077680856239,2276.111436306684,800.2745636933164,2026-07-31
15.5,255.0,0.9272077680856239,2118.7863738672954,790.2069594660375,2026-07-31
15.75,270.0,0.9272077680856239,1954.372273669996,691.4683929966714,2026-07-31
16.0,285.0,0.9272077680856239,1787.3646719134006,570.4759947532659,2026-07-31
16.25,300.0,0.9272077680856239,1618.251900893196,499.3880991068038,2026-07-31
16.5,315.0,0.9272077680856239,1449.9288062587157,314.1431937412842,2026-07-31
16.75,330.0,0.9272077680856239,1280.3322227582064,241.8037772417931,2026-07-31
17.0,345.0,0.9272077680856239,1103.57431482958,279.9823518370865,2026-07-31
17.25,360.0,0.9272077680856239,921.6950788984248,-114.14107889842478,2026-07-31
17.5,375.0,0.9272077680856239,741.255349598792,28.201983734541386,2026-07-31
17.75,390.0,0.9272077680856239,560.6258446989384,117.50215530106152,2026-07-31
18.0,405.0,0.9272077680856239,396.9244814835144,167.88685184981892,2026-07-31
18.25,420.0,0.9272077680856239,255.013674456976,-47.339007790309296,2026-07-31
18.5,435.0,0.9272077680856239,135.62705313557515,-6.3083864689084805,2026-07-31
18.75,450.0,0.9272077680856239,50.9677270049455,87.75727299505449,2026-07-31
13.0,15.0,0.7412073066602904,2774.6862364990466,-774.5615698323797,2026-07-31
13.25,30.0,0.7412073066602904,2726.1706607418787,1257.8793392581215,2026-07-31
13.5,45.0,0.7412073066602904,2676.409567477805,1208.7430991888618,2026-07-31
13.75,60.0,0.7412073066602904,2609.052411100974,1170.5569222323597,2026-07-31
14.0,75.0,0.7412073066602904,2532.499542368872,1033.0344576311281,2026-07-31
14.25,90.0,0.7412073066602904,2445.452842146439,288.53849118689413,2026-07-31
14.5,105.0,0.7412073066602904,2348.6921754393534,-114.71150877268656,2026-07-31
14.75,120.0,0.7412073066602904,2227.4348459128464,-683.6515125795131,2026-07-31
15.0,135.0,0.7412073066602904,2090.6309622709005,25.907037729099557,2026-07-31
15.25,150.0,0.7412073066602904,1945.1366579908783,1131.249342009122,2026-07-31
15.5,165.0,0.7412073066602904,1799.78014448261,1109.2131888507229,2026-07-31
15.75,180.0,0.7412073066602904,1654.6563451426607,991.1843215240067,2026-07-31
16.0,195.0,0.7412073066602904,1517.2379743132617,840.6026923534048,2026-07-31
16.25,210.0,0.7412073066602904,1382.8863966167842,734.7536033832157,2026-07-31
16.5,225.0,0.7412073066602904,1247.995133323008,516.0768666769918,2026-07-31
16.75,240.0,0.7412073066602904,1110.220627622597,411.9153723774025,2026-07-31
17.0,255.0,0.7412073066602904,969.8654986762645,413.69116799040216,2026-07-31
17.25,270.0,0.7412073066602904,818.3860537077661,-10.832053707766136,2026-07-31
17.5,285.0,0.7412073066602904,652.3094254022951,117.14790793103828,2026-07-31
17.75,300.0,0.7412073066602904,492.89310617096,185.23489382903995,2026-07-31
18.0,315.0,0.7412073066602904,349.6600188355707,215.1513144977626,2026-07-31
18.25,330.0,0.7412073066602904,225.64280109146165,-17.968134424794954,2026-07-31
18.5,345.0,0.7412073066602904,119.5932448947252,9.72542177194147,2026-07-31
18.75,360.0,0.7412073066602904,44.71633569060782,94.00866430939217,2026-07-31
14.5,15.0,0.9504110857903089,2799.819817268844,-565.8391506021771,2026-07-31
14.75,30.0,0.9504110857903089,2655.1911815352432,-1111.40784820191,2026-07-31
15.0,45.0,0.9504110857903089,2497.53496652232,-380.9969665223198,2026-07-31
15.25,60.0,0.9504110857903089,2334.5998192618204,741.7861807381801,2026-07-31
15.5,75.0,0.9504110857903089,2164.7145555013744,744.2787778319585,2026-07-31
15.75,90.0,0.9504110857903089,1992.616992461561,653.2236742051064,2026-07-31
16.0,105.0,0.9504110857903089,1822.1815943210615,535.659072345605,2026-07-31
16.25,120.0,0.9504110857903089,1654.1662371758146,463.4737628241853,2026-07-31
16.5,135.0,0.9504110857903089,1489.2409927375152,274.8310072624847,2026-07-31
16.75,150.0,0.9504110857903089,1319.701599565599,202.43440043440046,2026-07-31
17.0,165.0,0.9504110857903089,1141.2222479507805,242.33441871588616,2026-07-31
17.25,180.0,0.9504110857903089,957.848076515599,-150.29407651559904,2026-07-31
17.5,195.0,0.9504110857903089,764.8787395192229,4.578593814110491,2026-07-31
17.75,210.0,0.9504110857903089,580.0850896583074,98.0429103416925,2026-07-31
18.0,225.0,0.9504110857903089,410.7091146409225,154.10221869241082,2026-07-31
18.25,240.0,0.9504110857903089,261.7481125858549,-54.07344591918823,2026-07-31
18.5,255.0,0.9504110857903089,137.26203237345257,-7.943365706785897,2026-07-31
18.75,270.0,0.9504110857903089,51.29422116414564,87.43077883585435,2026-07-31
16.0,15.0,0.9350820266230462,1915.0056745352756,442.8349921313909,2026-07-31
16.25,30.0,0.9350820266230462,1718.8011319895695,398.83886801043036,2026-07-31
16.5,45.0,0.9350820266230462,1528.037782967769,236.0342170322308,2026-07-31
16.75,60.0,0.9350820266230462,1339.69292833029,182.44307166970952,2026-07-31
17.0,75.0,0.9350820266230462,1150.3674894680496,233.18917719861702,2026-07-31
17.25,90.0,0.9350820266230462,964.7073093133572,-157.15330931335723,2026-07-31
17.5,105.0,0.9350820266230462,769.9245838491591,-0.4672505158257536,2026-07-31
17.75,120.0,0.9350820266230462,583.4179040322942,94.71009596770568,2026-07-31
18.0,135.0,0.9350820266230462,411.2988813530063,153.512451980327,2026-07-31
18.25,150.0,0.9350820266230462,261.5670931404665,-53.892426473799816,2026-07-31
18.5,165.0,0.9350820266230462,136.6263731298529,-7.307706463186236,2026-07-31
18.75,180.0,0.9350820266230462,51.19661242146116,87.52838757853883,2026-07-31
7.0,15.0,0.6069546083877435,187.9212990731519,-105.61263240648525,2026-08-01
7.25,30.0,0.6069546083877435,291.8903771752803,-146.07771050861365,2026-08-01
7.5,45.0,0.6069546083877435,408.5161919236644,-90.48285859033103,2026-08-01
7.75,60.0,0.6069546083877435,537.5244976900283,14.520168976638274,2026-08-01
8.0,75.0,0.6069546083877435,671.2012668712131,83.81739979545341,2026-08-01
8.5,105.0,0.6069546083877435,945.8624168924238,3.1745061844992506,2026-08-01
8.75,120.0,0.6069546083877435,1084.1735420510054,13.67779128232769,2026-08-01
9.0,135.0,0.6069546083877435,1223.0793241472948,66.55600918603841,2026-08-01
9.25,150.0,0.6069546083877435,1357.5272242374522,475.6641090958815,2026-08-01
9.5,165.0,0.6069546083877435,1488.9774536915386,462.41254630846174,2026-08-01
9.75,180.0,0.6069546083877435,1613.2223347387478,-200.09433473874788,2026-08-01
10.0,195.0,0.6069546083877435,1731.1197393497748,-800.8777393497749,2026-08-01
10.25,210.0,0.6069546083877435,1843.8128060911224,-944.6661394244557,2026-08-01
10.5,225.0,0.6069546083877435,1948.4820691589323,-944.6387358255987,2026-08-01
10.75,240.0,0.6069546083877435,2035.8175911617004,-820.1842578283674,2026-08-01
11.0,255.0,0.6069546083877435,2115.4727671528503,293.14923284714996,2026-08-01
11.25,270.0,0.6069546083877435,2191.0141591105034,1684.4611742228294,2026-08-01
11.5,285.0,0.6069546083877435,2260.603383452642,-323.7247167859755,2026-08-01
11.75,300.0,0.6069546083877435,2306.067763712326,462.3942362876742,2026-08-01
12.0,315.0,0.6069546083877435,2341.8681865846565,-325.1475199179897,2026-08-01
12.25,330.0,0.6069546083877435,2372.154217456778,-884.2875507901115,2026-08-01
12.5,345.0,0.6069546083877435,2395.614175476782,569.8424911898851,2026-08-01
12.75,360.0,0.6069546083877435,2386.2978724090262,472.1894609243068,2026-08-01
13.0,375.0,0.6069546083877435,2368.921870538605,-951.5232038719384,2026-08-01
13.25,390.0,0.6069546083877435,2350.0996962674485,-834.384362934115,2026-08-01
13.5,405.0,0.6069546083877435,2320.633838554687,668.4488281119802,2026-08-01
13.75,420.0,0.6069546083877435,2258.28061694178,578.7767163915532,2026-08-01
14.0,435.0,0.6069546083877435,2186.912071207334,-487.5487378740004,2026-08-01
14.25,450.0,0.6069546083877435,2109.836562565062,-997.2458958983955,2026-08-01
14.5,465.0,0.6069546083877435,2026.23248690284,-522.6191535695064,2026-08-01
14.75,480.0,0.6069546083877435,1925.1215062956885,-550.0975062956886,2026-08-01
15.0,495.0,0.6069546083877435,1819.0706795577337,-198.67867955773363,2026-08-01
15.25,510.0,0.6069546083877435,1704.8926738659688,346.36465946736416,2026-08-01
15.5,525.0,0.6069546083877435,1584.1572726470974,-707.0492726470976,2026-08-01
15.75,540.0,0.6069546083877435,1461.5822383275672,-1215.6742383275673,2026-08-01
16.0,555.0,0.6069546083877435,1333.454008891811,-1022.8206755584778,2026-08-01
16.25,570.0,0.6069546083877435,1202.340631113551,-724.2179644468843,2026-08-01
16.5,585.0,0.6069546083877435,1067.9107637281925,-390.2274303948592,2026-08-01
16.75,600.0,0.6069546083877435,938.289461468194,-131.0767948015275,2026-08-01
17.0,615.0,0.6069546083877435,807.566010072252,-139.86201007225202,2026-08-01
17.25,630.0,0.6069546083877435,677.914720690262,-265.91605402359534,2026-08-01
17.5,645.0,0.6069546083877435,550.8064335121637,-380.2457668454971,2026-08-01
17.75,660.0,0.6069546083877435,430.0155049262509,-114.18550492625087,2026-08-01
18.0,675.0,0.6069546083877435,317.1098113358751,22.73818866412489,2026-08-01
18.25,690.0,0.6069546083877435,207.1702886508852,41.91504468244807,2026-08-01
18.5,705.0,0.6069546083877435,105.71593292541009,-3.8805995920767486,2026-08-01
18.75,720.0,0.6069546083877435,38.21489389781184,36.37010610218817,2026-08-01
8.5,15.0,0.4853627462643425,789.485733233108,159.551189843815,2026-08-01
8.75,30.0,0.4853627462643425,915.4760133977315,182.3753199356015,2026-08-01
9.0,45.0,0.4853627462643425,1041.0870270897171,248.54830624361603,2026-08-01
9.25,60.0,0.4853627462643425,1161.7783759920017,671.412957341332,2026-08-01
9.5,75.0,0.4853627462643425,1277.349427279374,674.0405727206264,2026-08-01
9.75,90.0,0.4853627462643425,1386.021211442118,27.106788557881828,2026-08-01
10.0,105.0,0.4853627462643425,1490.8032539195087,-560.5612539195088,2026-08-01
10.25,120.0,0.4853627462643425,1589.949343449421,-690.8026767827541,2026-08-01
10.5,135.0,0.4853627462643425,1684.9525832941022,-681.1092499607686,2026-08-01
10.75,150.0,0.4853627462643425,1761.7415896555883,-546.1082563222553,2026-08-01
11.0,165.0,0.4853627462643425,1831.7008638020168,576.9211361979835,2026-08-01
11.25,180.0,0.4853627462643425,1895.8907686974635,1979.5845646358694,2026-08-01
11.5,195.0,0.4853627462643425,1956.7474826861087,-19.868816019442193,2026-08-01
11.75,210.0,0.4853627462643425,1996.1607435233252,772.3012564766748,2026-08-01
12.0,225.0,0.4853627462643425,2026.3650864990632,-9.644419832396352,2026-08-01
12.25,240.0,0.4853627462643425,2054.260502878919,-566.3938362122524,2026-08-01
12.5,255.0,0.4853627462643425,2073.304103986444,892.1525626802231,2026-08-01
12.75,270.0,0.4853627462643425,2062.2832361413784,796.2040971919546,2026-08-01
13.0,285.0,0.4853627462643425,2044.801584224972,-627.4029175583053,2026-08-01
13.25,300.0,0.4853627462643425,2025.925298254121,-510.20996492078734,2026-08-01
13.5,315.0,0.4853627462643425,2001.5387224443728,987.5439442222944,2026-08-01
13.75,330.0,0.4853627462643425,1945.4717344057512,891.5855989275819,2026-08-01
14.0,345.0,0.4853627462643425,1883.986950080215,-184.62361674688123,2026-08-01
14.25,360.0,0.4853627462643425,1812.5897577266653,-699.9990910599986,2026-08-01
14.5,375.0,0.4853627462643425,1737.6993258900009,-234.08599255666718,2026-08-01
14.75,390.0,0.4853627462643425,1650.3493011814203,-275.3253011814204,2026-08-01
15.0,405.0,0.4853627462643425,1558.931810930191,61.460189069809076,2026-08-01
15.25,420.0,0.4853627462643425,1460.0389888154102,591.2183445179228,2026-08-01
15.5,435.0,0.4853627462643425,1354.9654321604232,-477.8574321604234,2026-08-01
15.75,450.0,0.4853627462643425,1248.4541698017283,-1002.5461698017283,2026-08-01
16.0,465.0,0.4853627462643425,1138.86438550934,-828.2310521760068,2026-08-01
16.25,480.0,0.4853627462643425,1026.4435787758723,-548.3209121092057,2026-08-01
16.5,495.0,0.4853627462643425,912.1658348357756,-234.48250150244235,2026-08-01
16.75,510.0,0.4853627462643425,803.0280570404009,4.184609626265569,2026-08-01
17.0,525.0,0.4853627462643425,693.1492308521633,-25.445230852163377,2026-08-01
17.25,540.0,0.4853627462643425,583.3908993915777,-171.39223272491103,2026-08-01
17.5,555.0,0.4853627462643425,475.7983970148037,-305.237730348137,2026-08-01
17.75,570.0,0.4853627462643425,373.15864187947017,-57.328641879470126,2026-08-01
18.0,585.0,0.4853627462643425,277.05510795072,62.79289204928,2026-08-01
18.25,600.0,0.4853627462643425,182.19586207735375,66.88947125597952,2026-08-01
18.5,615.0,0.4853627462643425,92.94174810090144,8.893585232431903,2026-08-01
18.75,630.0,0.4853627462643425,33.56722619738802,41.01777380261199,2026-08-01
10.0,15.0,0.6480227506663114,1681.8966295097644,-751.6546295097644,2026-08-01
10.25,30.0,0.6480227506663114,1814.3632578379145,-915.2165911712477,2026-08-01
10.5,45.0,0.6480227506663114,1938.4449421803447,-934.6016088470111,2026-08-01
10.75,60.0,0.6480227506663114,2037.4429740922255,-821.8096407588926,2026-08-01
11.0,75.0,0.6480227506663114,2123.8091701709927,284.81282982900757,2026-08-01
11.25,90.0,0.6480227506663114,2202.071972374845,1673.403360958488,2026-08-01
11.5,105.0,0.6480227506663114,2272.588522157212,-335.7098554905456,2026-08-01
11.75,120.0,0.6480227506663114,2319.710665855917,448.7513341440831,2026-08-01
12.0,135.0,0.6480227506663114,2361.7724004262377,-345.0517337595709,2026-08-01
12.25,150.0,0.6480227506663114,2393.745836662647,-905.8791699959804,2026-08-01
12.5,165.0,0.6480227506663114,2416.1595895021183,549.2970771645487,2026-08-01
12.75,180.0,0.6480227506663114,2407.2317892531405,451.2555440801925,2026-08-01
13.0,195.0,0.6480227506663114,2387.891378302136,-970.4927116354695,2026-08-01
13.25,210.0,0.6480227506663114,2365.608340524813,-849.8930071914792,2026-08-01
13.5,225.0,0.6480227506663114,2332.84563603107,656.237030635597,2026-08-01
13.75,240.0,0.6480227506663114,2272.852887305429,564.2044460279044,2026-08-01
14.0,255.0,0.6480227506663114,2204.957049109426,-505.59371577609227,2026-08-01
14.25,270.0,0.6480227506663114,2129.224650953051,-1016.6339842863842,2026-08-01
14.5,285.0,0.6480227506663114,2044.517398579661,-540.9040652463273,2026-08-01
14.75,300.0,0.6480227506663114,1940.171026922988,-565.1470269229881,2026-08-01
15.0,315.0,0.6480227506663114,1833.1493172922176,-212.75731729221752,2026-08-01
15.25,330.0,0.6480227506663114,1720.256650733454,331.0006825998789,2026-08-01
15.5,345.0,0.6480227506663114,1600.19802676729,-723.0900267672902,2026-08-01
15.75,360.0,0.6480227506663114,1471.116437184467,-1225.2084371844671,2026-08-01
16.0,375.0,0.6480227506663114,1339.2389138442404,-1028.6055805109072,2026-08-01
16.25,390.0,0.6480227506663114,1209.0535031022434,-730.9308364355768,2026-08-01
16.5,405.0,0.6480227506663114,1074.7212909111154,-397.0379575777821,2026-08-01
16.75,420.0,0.6480227506663114,943.7738001083892,-136.56113344172275,2026-08-01
17.0,435.0,0.6480227506663114,812.6264208105816,-144.92242081058168,2026-08-01
17.25,450.0,0.6480227506663114,682.6288040625208,-270.6301373958541,2026-08-01
17.5,465.0,0.6480227506663114,554.8761595687934,-384.3154929021267,2026-08-01
17.75,480.0,0.6480227506663114,432.5879457991986,-116.75794579919858,2026-08-01
18.0,495.0,0.6480227506663114,318.9129482311362,20.935051768863786,2026-08-01
18.25,510.0,0.6480227506663114,208.31315483114705,40.77217850218622,2026-08-01
18.5,525.0,0.6480227506663114,106.31753447157725,-4.482201138243909,2026-08-01
18.75,540.0,0.6480227506663114,38.4288507825076,36.156149217492406,2026-08-01
11.5,15.0,0.5768218830670268,2317.3920463500403,-380.51337968337384,2026-08-01
11.75,30.0,0.5768218830670268,2292.216946220156,476.24505377984406,2026-08-01
12.0,45.0,0.5768218830670268,2285.955619372751,-269.23495270608396,2026-08-01
12.25,60.0,0.5768218830670268,2296.437618403023,-808.5709517363564,2026-08-01
12.5,75.0,0.5768218830670268,2301.939512304624,663.5171543620431,2026-08-01
12.75,90.0,0.5768218830670268,2281.0367972295053,577.4505361038277,2026-08-01
13.0,105.0,0.5768218830670268,2256.3607815533123,-838.9621148866456,2026-08-01
13.25,120.0,0.5768218830670268,2229.8404720344897,-714.1251387011562,2026-08-01
13.5,135.0,0.5768218830670268,2195.8240080410005,793.2586586256666,2026-08-01
13.75,150.0,0.5768218830670268,2133.787533366774,703.2697999665593,2026-08-01
14.0,165.0,0.5768218830670268,2065.82187932044,-366.4585459871064,2026-08-01
14.25,180.0,0.5768218830670268,1989.6359684972504,-877.0453018305836,2026-08-01
14.5,195.0,0.5768218830670268,1909.8040887000277,-406.190755366694,2026-08-01
14.75,210.0,0.5768218830670268,1810.595174346398,-435.57117434639804,2026-08-01
15.0,225.0,0.5768218830670268,1706.480043181888,-86.088043181888,2026-08-01
15.25,240.0,0.5768218830670268,1597.660371512858,453.5969618204749,2026-08-01
15.5,255.0,0.5768218830670268,1483.0669741237318,-605.958974123732,2026-08-01
15.75,270.0,0.5768218830670268,1363.926664621269,-1118.0186646212692,2026-08-01
16.0,285.0,0.5768218830670268,1242.609732770521,-931.9763994371878,2026-08-01
16.25,300.0,0.5768218830670268,1119.0884153860873,-640.9657487194206,2026-08-01
16.5,315.0,0.5768218830670268,995.297107782225,-317.6137744488917,2026-08-01
16.75,330.0,0.5768218830670268,874.4652783823203,-67.25261171565387,2026-08-01
17.0,345.0,0.5768218830670268,753.9067762064074,-86.2027762064074,2026-08-01
17.25,360.0,0.5768218830670268,633.8245958714247,-221.82592920475798,2026-08-01
17.5,375.0,0.5768218830670268,516.0956733213185,-345.53500665465185,2026-08-01
17.75,390.0,0.5768218830670268,403.1317625731211,-87.30176257312104,2026-08-01
18.0,405.0,0.5768218830670268,298.0769915763726,41.77100842362739,2026-08-01
18.25,420.0,0.5768218830670268,195.17404010257104,53.911293230762226,2026-08-01
18.5,435.0,0.5768218830670268,99.60026453230684,2.2350688010265003,2026-08-01
18.75,450.0,0.5768218830670268,35.955771063537526,38.62922893646248,2026-08-01
13.0,15.0,0.5567491802866466,2199.539164565182,-782.1404978985154,2026-08-01
13.25,30.0,0.5567491802866466,2180.875869148033,-665.1605358146994,2026-08-01
13.5,45.0,0.5567491802866466,2152.55724702978,836.5254196368874,2026-08-01
13.75,60.0,0.5567491802866466,2091.1443131434044,745.9130201899288,2026-08-01
14.0,75.0,0.5567491802866466,2023.2543847671827,-323.89105143384904,2026-08-01
14.25,90.0,0.5567491802866466,1952.5122600957368,-839.9215934290701,2026-08-01
14.5,105.0,0.5567491802866466,1877.7518754783575,-374.13854214502385,2026-08-01
14.75,120.0,0.5567491802866466,1785.214341009829,-410.1903410098291,2026-08-01
15.0,135.0,0.5567491802866466,1686.9558102074468,-66.56381020744675,2026-08-01
15.25,150.0,0.5567491802866466,1579.958601108141,471.298732225192,2026-08-01
15.5,165.0,0.5567491802866466,1467.837735286719,-590.7297352867191,2026-08-01
15.75,180.0,0.5567491802866466,1352.1118731293725,-1106.2038731293726,2026-08-01
16.0,195.0,0.5567491802866466,1232.406398687591,-921.7730653542577,2026-08-01
16.25,210.0,0.5567491802866466,1110.2707428244678,-632.1480761578011,2026-08-01
16.5,225.0,0.5567491802866466,987.5036948213448,-309.8203614880115,2026-08-01
16.75,240.0,0.5567491802866466,869.4172673438806,-62.2046006772141,2026-08-01
17.0,255.0,0.5567491802866466,750.9074888528895,-83.20348885288956,2026-08-01
17.25,270.0,0.5567491802866466,632.7092956389424,-220.71062897227574,2026-08-01
17.5,285.0,0.5567491802866466,516.0596611900656,-345.498994523399,2026-08-01
17.75,300.0,0.5567491802866466,405.80003824327497,-89.97003824327493,2026-08-01
18.0,315.0,0.5567491802866466,303.13347588743426,36.714524112565755,2026-08-01
18.25,330.0,0.5567491802866466,190.72184731331,58.36348602002326,2026-08-01
18.5,345.0,0.5567491802866466,97.2892192091724,4.546114124160937,2026-08-01
18.75,360.0,0.5567491802866466,35.07526951202156,39.509730487978445,2026-08-01
14.5,15.0,0.5413349843555632,1745.1853321090498,-241.5719987757161,2026-08-01
14.75,30.0,0.5413349843555632,1676.8543514781206,-301.83035147812075,2026-08-01
15.0,45.0,0.5413349843555632,1601.3453823193809,19.046617680619192,2026-08-01
15.25,60.0,0.5413349843555632,1508.805971269361,542.451362063972,2026-08-01
15.5,75.0,0.5413349843555632,1405.1567261584723,-528.0487261584725,2026-08-01
15.75,90.0,0.5413349843555632,1297.7775802747385,-1051.8695802747386,2026-08-01
16.0,105.0,0.5413349843555632,1184.2399511105807,-873.6066177772474,2026-08-01
16.25,120.0,0.5413349843555632,1067.8625879928609,-589.7399213261942,2026-08-01
16.5,135.0,0.5413349843555632,951.5844643717396,-273.90113103840633,2026-08-01
16.75,150.0,0.5413349843555632,837.3713952845634,-30.15872861789694,2026-08-01
17.0,165.0,0.5413349843555632,723.5490298194187,-55.845029819418755,2026-08-01
17.25,180.0,0.5413349843555632,611.4163576968034,-199.41769103013672,2026-08-01
17.5,195.0,0.5413349843555632,499.6145045104074,-329.0538378437408,2026-08-01
17.75,210.0,0.5413349843555632,393.742552776981,-77.91255277698093,2026-08-01
18.0,225.0,0.5413349843555632,294.4740975644535,45.37390243554654,2026-08-01
18.25,240.0,0.5413349843555632,185.4267933843834,63.65853994894988,2026-08-01
18.5,255.0,0.5413349843555632,94.69629080851844,7.139042524814897,2026-08-01
18.75,270.0,0.5413349843555632,34.196066684600595,40.38893331539941,2026-08-01
16.0,15.0,0.36483995365487265,866.2354060713113,-555.602072737978,2026-08-01
16.25,30.0,0.36483995365487265,809.8409933163122,-331.71832664964546,2026-08-01
16.5,45.0,0.36483995365487265,739.3462238014173,-61.662890468084015,2026-08-01
16.75,60.0,0.36483995365487265,658.7331786942865,148.47948797237996,2026-08-01
17.0,75.0,0.36483995365487265,573.3310686340454,94.37293136595451,2026-08-01
17.25,90.0,0.36483995365487265,488.3816628846571,-76.38299621799041,2026-08-01
17.5,105.0,0.36483995365487265,402.4062156816459,-231.84554901497924,2026-08-01
17.75,120.0,0.36483995365487265,320.2269377332577,-4.396937733257687,2026-08-01
18.0,135.0,0.36483995365487265,242.7929101440347,97.05508985596532,2026-08-01
18.25,150.0,0.36483995365487265,153.0145841426196,96.07074919071366,2026-08-01
18.5,165.0,0.36483995365487265,78.25027087224562,23.585062461087716,2026-08-01
18.75,180.0,0.36483995365487265,28.337653169114933,46.24734683088508,2026-08-01
7.0,15.0,0.2724048441108319,92.9934999642894,-43.68483329762273,2026-08-02
7.25,30.0,0.2724048441108319,144.98765807859735,-32.89099141193067,2026-08-02
7.5,45.0,0.2724048441108319,202.7440411852604,-78.60137451859373,2026-08-02
7.75,60.0,0.2724048441108319,265.0326346995644,-11.785968032897728,2026-08-02
8.0,75.0,0.2724048441108319,330.0642865194022,127.03171348059789,2026-08-02
8.25,90.0,0.2724048441108319,396.8957760856845,-5.085109419017897,2026-08-02
8.5,105.0,0.2724048441108319,462.42535348726216,10.627313179404496,2026-08-02
8.75,120.0,0.2724048441108319,526.9509427050285,23.333723961638043,2026-08-02
9.0,135.0,0.2724048441108319,593.9380613326991,-37.582727999365716,2026-08-02
9.25,150.0,0.2724048441108319,657.0509549566552,87.82504504334474,2026-08-02
9.5,165.0,0.2724048441108319,714.7959263990459,189.1654069342875,2026-08-02
9.75,180.0,0.2724048441108319,773.0463290945411,-43.136329094541225,2026-08-02
10.0,195.0,0.2724048441108319,831.1475706071743,-205.67890394050744,2026-08-02
10.25,210.0,0.2724048441108319,885.6067155621288,-5.734048895462138,2026-08-02
10.5,225.0,0.2724048441108319,939.2055385595332,45.134461440466794,2026-08-02
10.75,240.0,0.2724048441108319,1000.8351408218072,191.14552584485966,2026-08-02
11.0,255.0,0.2724048441108319,1057.189662052226,429.1263379477741,2026-08-02
11.25,270.0,0.2724048441108319,1105.5722435176444,-76.82091018431129,2026-08-02
11.5,285.0,0.2724048441108319,1150.5257943615925,280.4155389717407,2026-08-02
11.75,300.0,0.2724048441108319,1195.255179191279,243.9288208087214,2026-08-02
12.0,315.0,0.2724048441108319,1236.749761412128,401.10623858787176,2026-08-02
12.25,330.0,0.2724048441108319,1267.7544505870026,261.0742160796642,2026-08-02
12.5,345.0,0.2724048441108319,1296.1796743019206,-390.7110076352536,2026-08-02
12.75,360.0,0.2724048441108319,1304.8617388545424,-238.79307218787585,2026-08-02
13.0,375.0,0.2724048441108319,1316.7436400856834,-687.43630675235,2026-08-02
13.25,390.0,0.2724048441108319,1325.2521801298458,-564.1881801298458,2026-08-02
13.5,405.0,0.2724048441108319,1326.1775708891353,-238.5902375558021,2026-08-02
13.75,420.0,0.2724048441108319,1297.67053114745,-821.1745311474499,2026-08-02
14.0,435.0,0.2724048441108319,1271.014635475656,281.8213645243443,2026-08-02
14.25,450.0,0.2724048441108319,1244.0223245144684,440.1096754855314,2026-08-02
14.5,465.0,0.2724048441108319,1212.400425969546,102.09157403045401,2026-08-02
14.75,480.0,0.2724048441108319,1162.072139522674,836.1351938106593,2026-08-02
15.0,495.0,0.2724048441108319,1111.1525656038598,673.704101062807,2026-08-02
15.25,510.0,0.2724048441108319,1052.3001491040468,37.97118422928679,2026-08-02
15.5,525.0,0.2724048441108319,986.456375659312,274.9049576740215,2026-08-02
15.75,540.0,0.2724048441108319,912.4852819166568,718.396718083343,2026-08-02
16.0,555.0,0.2724048441108319,842.6071153789571,336.0735512877095,2026-08-02
16.25,570.0,0.2724048441108319,770.2791708903997,487.26416244293364,2026-08-02
16.5,585.0,0.2724048441108319,694.8516185532816,332.831048113385,2026-08-02
16.75,600.0,0.2724048441108319,613.5494429068593,285.5165570931407,2026-08-02
17.0,615.0,0.2724048441108319,532.2100367099254,172.3879632900747,2026-08-02
17.25,630.0,0.2724048441108319,451.3868278834399,-70.14949455010651,2026-08-02
17.5,645.0,0.2724048441108319,372.4493588419291,-266.9860255085958,2026-08-02
17.75,660.0,0.2724048441108319,292.1119837747586,-204.96598377475857,2026-08-02
18.0,675.0,0.2724048441108319,204.41216634628927,-129.79016634628925,2026-08-02
18.25,690.0,0.2724048441108319,126.29295170435007,-82.29895170435007,2026-08-02
18.5,705.0,0.2724048441108319,63.38222603211631,-56.76489269878297,2026-08-02
18.75,720.0,0.2724048441108319,22.29197776557088,-22.29197776557088,2026-08-02
19.0,735.0,0.2724048441108319,1.750358008967587,-1.750358008967587,2026-08-02
8.5,15.0,0.23498110771239883,403.1629705434653,69.88969612320136,2026-08-02
8.75,30.0,0.23498110771239883,466.6290068338527,83.65565983281385,2026-08-02
9.0,45.0,0.23498110771239883,528.6871281305181,27.66820520281533,2026-08-02
9.25,60.0,0.23498110771239883,585.7927358719445,159.08326412805548,2026-08-02
9.5,75.0,0.23498110771239883,640.1978621695862,263.7634711637472,2026-08-02
9.75,90.0,0.23498110771239883,694.0229959473381,35.88700405266172,2026-08-02
10.0,105.0,0.23498110771239883,746.1084697245037,-120.63980305783684,2026-08-02
10.25,120.0,0.23498110771239883,796.4884366657824,83.38423000088426,2026-08-02
10.5,135.0,0.23498110771239883,849.8686044111121,134.47139558888796,2026-08-02
10.75,150.0,0.23498110771239883,904.4112872480388,287.56937941862805,2026-08-02
11.0,165.0,0.23498110771239883,954.5929499314556,531.7230500685445,2026-08-02
11.25,180.0,0.23498110771239883,997.8977132506036,30.85362008272955,2026-08-02
11.5,195.0,0.23498110771239883,1041.4204607906431,389.5208725426901,2026-08-02
11.75,210.0,0.23498110771239883,1084.7199461419343,354.4640538580661,2026-08-02
12.0,225.0,0.23498110771239883,1121.795896033682,516.0601039663177,2026-08-02
12.25,240.0,0.23498110771239883,1156.9031989218756,371.92546774479115,2026-08-02
12.5,255.0,0.23498110771239883,1181.7101134584266,-276.2414467917596,2026-08-02
12.75,270.0,0.23498110771239883,1186.5300926853913,-120.46142601872475,2026-08-02
13.0,285.0,0.23498110771239883,1192.585344690154,-563.2780113568206,2026-08-02
13.25,300.0,0.23498110771239883,1200.66527143186,-439.60127143186,2026-08-02
13.5,315.0,0.23498110771239883,1206.6329640042964,-119.04563067096319,2026-08-02
13.75,330.0,0.23498110771239883,1185.092392001024,-708.596392001024,2026-08-02
14.0,345.0,0.23498110771239883,1166.695993449538,386.1400065504622,2026-08-02
14.25,360.0,0.23498110771239883,1137.8105021369902,546.3214978630097,2026-08-02
14.5,375.0,0.23498110771239883,1106.5971649732812,207.89483502671874,2026-08-02
14.75,390.0,0.23498110771239883,1061.0144374511651,937.1928958821682,2026-08-02
15.0,405.0,0.23498110771239883,1015.2918309204924,769.5648357461744,2026-08-02
15.25,420.0,0.23498110771239883,963.2490118502114,127.02232148312214,2026-08-02
15.5,435.0,0.23498110771239883,907.5440015928938,353.8173317404397,2026-08-02
15.75,450.0,0.23498110771239883,841.415488364554,789.4665116354458,2026-08-02
16.0,465.0,0.23498110771239883,775.328723859742,403.3519428069246,2026-08-02
16.25,480.0,0.23498110771239883,708.301083045492,549.2422502878413,2026-08-02
16.5,495.0,0.23498110771239883,641.1414472767993,386.54121938986725,2026-08-02
16.75,510.0,0.23498110771239883,566.3502591148192,332.7157408851808,2026-08-02
17.0,525.0,0.23498110771239883,492.5993747195113,211.9986252804888,2026-08-02
17.25,540.0,0.23498110771239883,419.2782289130744,-38.040895579741004,2026-08-02
17.5,555.0,0.23498110771239883,348.78104623101547,-243.31771289768216,2026-08-02
17.75,570.0,0.23498110771239883,274.07119872799444,-186.92519872799443,2026-08-02
18.0,585.0,0.23498110771239883,190.97859555146,-116.35659555145998,2026-08-02
18.25,600.0,0.23498110771239883,117.94964417144024,-73.95564417144024,2026-08-02
18.5,615.0,0.23498110771239883,59.34765117359297,-52.73031784025964,2026-08-02
18.75,630.0,0.23498110771239883,20.84140818342681,-20.84140818342681,2026-08-02
19.0,645.0,0.23498110771239883,1.618885813919627,-1.618885813919627,2026-08-02
10.0,15.0,0.26492069842438415,778.1280993383615,-152.65943267169462,2026-08-02
10.25,30.0,0.26492069842438415,839.9752752640776,39.89739140258905,2026-08-02
10.5,45.0,0.26492069842438415,898.2168824441204,86.12311755587962,2026-08-02
10.75,60.0,0.26492069842438415,956.8632741846924,235.11739248197443,2026-08-02
11.0,75.0,0.26492069842438415,1015.8157233226268,470.5002766773732,2026-08-02
11.25,90.0,0.26492069842438415,1067.9025442400734,-39.15121090674029,2026-08-02
11.5,105.0,0.26492069842438415,1116.6404290057626,314.3009043275706,2026-08-02
11.75,120.0,0.26492069842438415,1163.1560021331077,276.02799786689275,2026-08-02
12.0,135.0,0.26492069842438415,1205.7767181298957,432.07928187010407,2026-08-02
12.25,150.0,0.26492069842438415,1234.3336604318156,294.4950062348512,2026-08-02
12.5,165.0,0.26492069842438415,1256.1069321752243,-350.6382655085573,2026-08-02
12.75,180.0,0.26492069842438415,1260.7162355456248,-194.64756887895828,2026-08-02
13.0,195.0,0.26492069842438415,1269.5926059603803,-640.2852726270469,2026-08-02
13.25,210.0,0.26492069842438415,1276.0019455710244,-514.9379455710244,2026-08-02
13.5,225.0,0.26492069842438415,1276.4386341859306,-188.85130085259743,2026-08-02
13.75,240.0,0.26492069842438415,1252.4070490184797,-775.9110490184796,2026-08-02
14.0,255.0,0.26492069842438415,1228.538864161284,324.29713583871626,2026-08-02
14.25,270.0,0.26492069842438415,1201.599569731035,482.53243026896484,2026-08-02
14.5,285.0,0.26492069842438415,1173.244982280009,141.24701771999094,2026-08-02
14.75,300.0,0.26492069842438415,1128.6207882158449,869.5865451174884,2026-08-02
15.0,315.0,0.26492069842438415,1079.7943860194298,705.062280647237,2026-08-02
15.25,330.0,0.26492069842438415,1018.7380297699484,71.53330356338518,2026-08-02
15.5,345.0,0.26492069842438415,957.7833088925308,303.57802444080266,2026-08-02
15.75,360.0,0.26492069842438415,888.9344296076968,741.9475703923031,2026-08-02
16.0,375.0,0.26492069842438415,823.3171700079519,355.3634966587148,2026-08-02
16.25,390.0,0.26492069842438415,754.3203641571785,503.22296917615483,2026-08-02
16.5,405.0,0.26492069842438415,684.3679781259353,343.31468854073125,2026-08-02
16.75,420.0,0.26492069842438415,606.6956063020679,292.3703936979322,2026-08-02
17.0,435.0,0.26492069842438415,528.6430656218322,175.95493437816788,2026-08-02
17.25,450.0,0.26492069842438415,449.1796392116262,-67.94230587829281,2026-08-02
17.5,465.0,0.26492069842438415,371.79861421591767,-266.33528088258436,2026-08-02
17.75,480.0,0.26492069842438415,291.8653299194292,-204.71932991942919,2026-08-02
18.0,495.0,0.26492069842438415,204.20449569001983,-129.5824956900198,2026-08-02
18.25,510.0,0.26492069842438415,125.7753346846389,-81.7813346846389,2026-08-02
18.5,525.0,0.26492069842438415,62.84943895999968,-56.232105626666346,2026-08-02
18.75,540.0,0.26492069842438415,21.982673073910483,-21.982673073910483,2026-08-02
19.0,555.0,0.26492069842438415,1.723057429636906,-1.723057429636906,2026-08-02
11.5,15.0,0.30017401648951214,1169.1578693690708,261.7834639642624,2026-08-02
11.75,30.0,0.30017401648951214,1218.7653596467703,220.4186403532301,2026-08-02
12.0,45.0,0.30017401648951214,1260.5504356863387,377.3055643136611,2026-08-02
12.25,60.0,0.30017401648951214,1294.4933319828551,234.33533468381165,2026-08-02
12.5,75.0,0.30017401648951214,1323.0895747169668,-417.6209080502998,2026-08-02
12.75,90.0,0.30017401648951214,1330.0436626572678,-263.9749959906012,2026-08-02
13.0,105.0,0.30017401648951214,1336.5693145702874,-707.2619812369539,2026-08-02
13.25,120.0,0.30017401648951214,1344.886649770487,-583.8226497704871,2026-08-02
13.5,135.0,0.30017401648951214,1348.237829293385,-260.6504959600518,2026-08-02
13.75,150.0,0.30017401648951214,1324.5210190011608,-848.0250190011607,2026-08-02
14.0,165.0,0.30017401648951214,1299.1582927711693,253.67770722883097,2026-08-02
14.25,180.0,0.30017401648951214,1269.4732257793626,414.65877422063727,2026-08-02
14.5,195.0,0.30017401648951214,1237.8484170052986,76.64358299470132,2026-08-02
14.75,210.0,0.30017401648951214,1187.1894461885067,811.0178871448265,2026-08-02
15.0,225.0,0.30017401648951214,1133.1564590891817,651.7002075774851,2026-08-02
15.25,240.0,0.30017401648951214,1071.5998887843614,18.671444548972204,2026-08-02
15.5,255.0,0.30017401648951214,1006.8674226774236,254.49391065590987,2026-08-02
15.75,270.0,0.30017401648951214,934.271141726632,696.6108582733679,2026-08-02
16.0,285.0,0.30017401648951214,864.1822615453457,314.49840512132096,2026-08-02
16.25,300.0,0.30017401648951214,792.2047862520511,465.3385470812822,2026-08-02
16.5,315.0,0.30017401648951214,718.3766138134827,309.3060528531839,2026-08-02
16.75,330.0,0.30017401648951214,635.9326745718053,263.1333254281948,2026-08-02
17.0,345.0,0.30017401648951214,551.8701481475324,152.72785185246767,2026-08-02
17.25,360.0,0.30017401648951214,466.9452929403282,-85.70795960699485,2026-08-02
17.5,375.0,0.30017401648951214,386.1238186619093,-280.660485328576,2026-08-02
17.75,390.0,0.30017401648951214,302.74676341522223,-215.60076341522222,2026-08-02
18.0,405.0,0.30017401648951214,211.99782243839064,-137.37582243839063,2026-08-02
18.25,420.0,0.30017401648951214,131.05443514692593,-87.06043514692593,2026-08-02
18.5,435.0,0.30017401648951214,65.70092836283972,-59.083595029506384,2026-08-02
18.75,450.0,0.30017401648951214,22.933747209323464,-22.933747209323464,2026-08-02
19.0,465.0,0.30017401648951214,1.79585604071948,-1.79585604071948,2026-08-02
13.0,15.0,0.29783306319792396,1270.10030775467,-640.7929744213366,2026-08-02
13.25,30.0,0.29783306319792396,1262.0032492957357,-500.93924929573575,2026-08-02
13.5,45.0,0.29783306319792396,1247.208485016187,-159.6211516828539,2026-08-02
13.75,60.0,0.29783306319792396,1224.598457947176,-748.1024579471759,2026-08-02
14.0,75.0,0.29783306319792396,1205.6620714017051,347.1739285982951,2026-08-02
14.25,90.0,0.29783306319792396,1179.5892734828622,504.5427265171377,2026-08-02
14.5,105.0,0.29783306319792396,1148.6517000072329,165.8402999927671,2026-08-02
14.75,120.0,0.29783306319792396,1109.617351041246,888.5899822920874,2026-08-02
15.0,135.0,0.29783306319792396,1064.1785287004489,720.678137966218,2026-08-02
15.25,150.0,0.29783306319792396,1012.770888236742,77.50044509659153,2026-08-02
15.5,165.0,0.29783306319792396,958.7713272927768,302.59000604055666,2026-08-02
15.75,180.0,0.29783306319792396,894.0391238527557,736.8428761472442,2026-08-02
16.0,195.0,0.29783306319792396,827.80646795285,350.87419871381667,2026-08-02
16.25,210.0,0.29783306319792396,759.8003569256965,497.7429764076368,2026-08-02
16.5,225.0,0.29783306319792396,692.754186043551,334.92848062311555,2026-08-02
16.75,240.0,0.29783306319792396,616.6312782807822,282.4347217192178,2026-08-02
17.0,255.0,0.29783306319792396,539.1809247585732,165.41707524142691,2026-08-02
17.25,270.0,0.29783306319792396,460.0841414637798,-78.84680813044645,2026-08-02
17.5,285.0,0.29783306319792396,383.2449516844628,-277.7816183511295,2026-08-02
17.75,300.0,0.29783306319792396,299.1515722581049,-212.0055722581049,2026-08-02
18.0,315.0,0.29783306319792396,209.50951526565845,-134.88751526565844,2026-08-02
18.25,330.0,0.29783306319792396,129.10541021149885,-85.11141021149885,2026-08-02
18.5,345.0,0.29783306319792396,64.55895426924062,-57.94162093590728,2026-08-02
18.75,360.0,0.29783306319792396,22.597289509612366,-22.597289509612366,2026-08-02
19.0,375.0,0.29783306319792396,1.7715014122163957,-1.7715014122163957,2026-08-02
14.5,15.0,0.30335138194033645,1211.9320194452544,102.55998055474561,2026-08-02
14.75,30.0,0.30335138194033645,1156.270663745522,841.9366695878114,2026-08-02
15.0,45.0,0.30335138194033645,1101.409947742231,683.4467189244358,2026-08-02
15.25,60.0,0.30335138194033645,1044.6840998833538,45.58723344997975,2026-08-02
15.5,75.0,0.30335138194033645,988.1887211532515,273.17261218008196,2026-08-02
15.75,90.0,0.30335138194033645,919.183661971422,711.6983380285778,2026-08-02
16.0,105.0,0.30335138194033645,849.8913290617302,328.78933760493646,2026-08-02
16.25,120.0,0.30335138194033645,782.3735384414373,475.169794891896,2026-08-02
16.5,135.0,0.30335138194033645,715.2318718772117,312.4507947894549,2026-08-02
16.75,150.0,0.30335138194033645,636.7340046282443,262.33199537175574,2026-08-02
17.0,165.0,0.30335138194033645,555.3607258022006,149.23727419779948,2026-08-02
17.25,180.0,0.30335138194033645,473.00428851354224,-91.76695518020887,2026-08-02
17.5,195.0,0.30335138194033645,394.1876651789041,-288.7243318455708,2026-08-02
17.75,210.0,0.30335138194033645,306.8810644008291,-219.73506440082906,2026-08-02
18.0,225.0,0.30335138194033645,214.2330505209259,-139.6110505209259,2026-08-02
18.25,240.0,0.30335138194033645,132.20411534807272,-88.21011534807272,2026-08-02
18.5,255.0,0.30335138194033645,66.11340479585873,-59.49607146252539,2026-08-02
18.75,270.0,0.30335138194033645,23.05123754661933,-23.05123754661933,2026-08-02
19.0,285.0,0.30335138194033645,1.804805839626336,-1.804805839626336,2026-08-02
16.0,15.0,0.47885561484256883,1143.7976127815125,34.88305388515414,2026-08-02
16.25,30.0,0.47885561484256883,1033.4578872576517,224.0854460756816,2026-08-02
16.5,45.0,0.47885561484256883,927.6085595829194,100.07410708374721,2026-08-02
16.75,60.0,0.47885561484256883,817.2168674681935,81.8491325318065,2026-08-02
17.0,75.0,0.47885561484256883,707.7671191323535,-3.169119132353444,2026-08-02
17.25,90.0,0.47885561484256883,599.4833061882073,-218.2459728548739,2026-08-02
17.5,105.0,0.47885561484256883,493.4910445422185,-388.0277112088852,2026-08-02
17.75,120.0,0.47885561484256883,381.2017520063179,-294.0557520063179,2026-08-02
18.0,135.0,0.47885561484256883,265.70886754025423,-191.08686754025422,2026-08-02
18.25,150.0,0.47885561484256883,163.6770513599976,-119.68305135999759,2026-08-02
18.5,165.0,0.47885561484256883,81.86359535773074,-75.24626202439741,2026-08-02
18.75,180.0,0.47885561484256883,28.621872497943368,-28.621872497943368,2026-08-02
19.0,195.0,0.47885561484256883,2.2853043513992706,-2.2853043513992706,2026-08-02
7.0,15.0,1.009880060256955,255.2323043196138,35.52236234705285,2026-08-03
7.25,30.0,1.009880060256955,385.1081928755488,-108.56819287554879,2026-08-03
7.5,45.0,1.009880060256955,530.8917173485504,-44.91238401521713,2026-08-03
7.75,60.0,1.009880060256955,692.7791042344992,257.500229098834,2026-08-03
8.0,75.0,1.009880060256955,861.3169900282545,172.48900997174553,2026-08-03
8.25,90.0,1.009880060256955,1033.9559384799802,217.8287281866867,2026-08-03
8.5,105.0,1.009880060256955,1207.821333268094,-125.5321666014272,2026-08-03
8.75,120.0,1.009880060256955,1375.1839970393942,-304.5193303727276,2026-08-03
9.0,135.0,1.009880060256955,1537.8260829660285,-307.9194162993622,2026-08-03
9.25,150.0,1.009880060256955,1697.4807823556514,-536.8781156889845,2026-08-03
9.5,165.0,1.009880060256955,1852.940826691239,-727.7428266912389,2026-08-03
9.75,180.0,1.009880060256955,2003.633696691366,-612.3210300246994,2026-08-03
10.0,195.0,1.009880060256955,2143.243444608198,-444.605444608198,2026-08-03
10.25,210.0,1.009880060256955,2271.028056487737,47.57261017892915,2026-08-03
10.5,225.0,1.009880060256955,2387.5772937470856,498.9353729195818,2026-08-03
10.75,240.0,1.009880060256955,2501.0100000033663,894.3973333299678,2026-08-03
11.0,255.0,1.009880060256955,2607.6072049484683,-190.13520494846807,2026-08-03
11.25,270.0,1.009880060256955,2698.4788990879388,-305.11423242127194,2026-08-03
11.5,285.0,1.009880060256955,2774.728928882483,-656.4615955491495,2026-08-03
11.75,300.0,1.009880060256955,2849.5168183003493,292.5885150329841,2026-08-03
12.0,315.0,1.009880060256955,2917.5542482367914,1057.6924184298755,2026-08-03
12.25,330.0,1.009880060256955,2957.6142072649864,-323.8795405983201,2026-08-03
12.5,345.0,1.009880060256955,2983.085673499061,-829.4790068323941,2026-08-03
12.75,360.0,1.009880060256955,3003.9886877835934,1052.9626455497405,2026-08-03
13.0,375.0,1.009880060256955,3005.7650349566693,729.9529650433306,2026-08-03
13.25,390.0,1.009880060256955,2991.959548490895,127.16645150910517,2026-08-03
13.5,405.0,1.009880060256955,2968.141729774445,-472.84372977444536,2026-08-03
13.75,420.0,1.009880060256955,2915.498844170866,-780.1955108375332,2026-08-03
14.0,435.0,1.009880060256955,2847.5989107179407,-399.13491071794033,2026-08-03
14.25,450.0,1.009880060256955,2771.2359359332954,-69.72726926662881,2026-08-03
14.5,465.0,1.009880060256955,2693.966414079411,325.7815859205889,2026-08-03
14.75,480.0,1.009880060256955,2592.691823362112,271.94684330455493,2026-08-03
15.0,495.0,1.009880060256955,2473.14257552612,499.3643475508029,2026-08-03
15.25,510.0,1.009880060256955,2337.5722851882683,692.9970481450655,2026-08-03
15.5,525.0,1.009880060256955,2192.687599504964,-59.424266171630734,2026-08-03
15.75,540.0,1.009880060256955,2033.024111686912,-361.38344502024506,2026-08-03
16.0,555.0,1.009880060256955,1864.7457462261048,317.23892044056197,2026-08-03
16.25,570.0,1.009880060256955,1693.8550588876572,60.28160777900962,2026-08-03
16.5,585.0,1.009880060256955,1521.2094533346535,56.149879998680035,2026-08-03
16.75,600.0,1.009880060256955,1336.8780241699144,-25.327357503248095,2026-08-03
17.0,615.0,1.009880060256955,1149.760866602502,182.9831333974978,2026-08-03
17.25,630.0,1.009880060256955,960.85575517401,173.93024482599003,2026-08-03
17.5,645.0,1.009880060256955,761.0395234270637,66.7324765729361,2026-08-03
17.75,660.0,1.009880060256955,572.5614093620757,248.33359063792432,2026-08-03
8.5,15.0,0.807062149152357,1105.6265445212202,-23.33737785455355,2026-08-03
8.75,30.0,0.807062149152357,1246.3221945157889,-175.6575278491223,2026-08-03
9.0,45.0,0.807062149152357,1383.9424024563298,-154.03573578966348,2026-08-03
9.25,60.0,0.807062149152357,1519.3883702740088,-358.78570360734193,2026-08-03
9.5,75.0,0.807062149152357,1649.2488229904673,-524.0508229904672,2026-08-03
9.75,90.0,0.807062149152357,1777.128407459717,-385.8157407930505,2026-08-03
10.0,105.0,0.807062149152357,1895.2934097132556,-196.65540971325572,2026-08-03
10.25,120.0,0.807062149152357,2006.9030177381087,311.69764892855756,2026-08-03
10.5,135.0,0.807062149152357,2108.2210783813016,778.2915882853658,2026-08-03
10.75,150.0,0.807062149152357,2209.362938220658,1186.0443951126758,2026-08-03
11.0,165.0,0.807062149152357,2302.618208521141,114.85379147885942,2026-08-03
11.25,180.0,0.807062149152357,2385.06153623454,8.303130432126636,2026-08-03
11.5,195.0,0.807062149152357,2457.9658882104386,-339.6985548771049,2026-08-03
11.75,210.0,0.807062149152357,2522.0326214818565,620.0727118514769,2026-08-03
12.0,225.0,0.807062149152357,2576.447218992065,1398.799447674602,2026-08-03
12.25,240.0,0.807062149152357,2616.22156264418,17.51310402248646,2026-08-03
12.5,255.0,0.807062149152357,2648.1463859706164,-494.53971930394937,2026-08-03
12.75,270.0,0.807062149152357,2669.621765483293,1387.3295678500408,2026-08-03
13.0,285.0,0.807062149152357,2673.76919387763,1061.9488061223697,2026-08-03
13.25,300.0,0.807062149152357,2662.415927357328,456.710072642672,2026-08-03
13.5,315.0,0.807062149152357,2647.105272420377,-151.8072724203771,2026-08-03
13.75,330.0,0.807062149152357,2607.6296898951477,-472.3263565618149,2026-08-03
14.0,345.0,0.807062149152357,2551.006029373236,-102.54202937323544,2026-08-03
14.25,360.0,0.807062149152357,2481.24558149592,220.26308517074676,2026-08-03
14.5,375.0,0.807062149152357,2406.6509158849926,613.0970841150074,2026-08-03
14.75,390.0,0.807062149152357,2307.465685818628,557.1729808480386,2026-08-03
15.0,405.0,0.807062149152357,2198.467338233961,774.0395848429616,2026-08-03
15.25,420.0,0.807062149152357,2079.293170708341,951.2761626249926,2026-08-03
15.5,435.0,0.807062149152357,1952.4675211501904,180.79581218314297,2026-08-03
15.75,450.0,0.807062149152357,1811.5100070851165,-139.8693404184496,2026-08-03
16.0,465.0,0.807062149152357,1664.1082567443311,517.8764099223356,2026-08-03
16.25,480.0,0.807062149152357,1512.2721790722856,241.86448759438122,2026-08-03
16.5,495.0,0.807062149152357,1357.5372828718755,219.82205046145805,2026-08-03
16.75,510.0,0.807062149152357,1193.0692804271162,118.48138623955015,2026-08-03
17.0,525.0,0.807062149152357,1026.2729795167934,306.4710204832063,2026-08-03
17.25,540.0,0.807062149152357,859.775414026759,275.01058597324106,2026-08-03
17.5,555.0,0.807062149152357,683.3259094656343,144.44609053436557,2026-08-03
17.75,570.0,0.807062149152357,514.8716821632446,306.0233178367554,2026-08-03
10.0,15.0,0.45496328117609985,1255.1277750872227,443.5102249127772,2026-08-03
10.25,30.0,0.45496328117609985,1332.421582610669,986.1790840559972,2026-08-03
10.5,45.0,0.45496328117609985,1405.0447535884318,1481.4679130782356,2026-08-03
10.75,60.0,0.45496328117609985,1484.9923016337025,1910.4150316996315,2026-08-03
11.0,75.0,0.45496328117609985,1557.582974153434,859.8890258465663,2026-08-03
11.25,90.0,0.45496328117609985,1618.669634793936,774.6950318727309,2026-08-03
11.5,105.0,0.45496328117609985,1672.0106144256888,446.2567189076449,2026-08-03
11.75,120.0,0.45496328117609985,1729.5039634542643,1412.6013698790691,2026-08-03
12.0,135.0,0.45496328117609985,1773.3084111767914,2201.9382554898757,2026-08-03
12.25,150.0,0.45496328117609985,1802.228766487488,831.5059001791783,2026-08-03
12.5,165.0,0.45496328117609985,1827.427559156076,326.17910751059094,2026-08-03
12.75,180.0,0.45496328117609985,1851.9466835744165,2205.0046497589174,2026-08-03
13.0,195.0,0.45496328117609985,1862.0448264921388,1873.673173507861,2026-08-03
13.25,210.0,0.45496328117609985,1856.9033438631216,1262.2226561368786,2026-08-03
13.5,225.0,0.45496328117609985,1847.7764477900112,647.5215522099886,2026-08-03
13.75,240.0,0.45496328117609985,1822.7707390365736,312.53259429675927,2026-08-03
14.0,255.0,0.45496328117609985,1787.7301288189426,660.7338711810578,2026-08-03
14.25,270.0,0.45496328117609985,1741.351462274942,960.1572043917247,2026-08-03
14.5,285.0,0.45496328117609985,1695.1949335303098,1324.5530664696903,2026-08-03
14.75,300.0,0.45496328117609985,1637.3051744449044,1227.3334922217623,2026-08-03
15.0,315.0,0.45496328117609985,1564.7043038505003,1407.8026192264224,2026-08-03
15.25,330.0,0.45496328117609985,1478.3787272714842,1552.1906060618496,2026-08-03
15.5,345.0,0.45496328117609985,1386.8147632746245,746.4485700587088,2026-08-03
15.75,360.0,0.45496328117609985,1287.75925624405,383.8814104226169,2026-08-03
16.0,375.0,0.45496328117609985,1185.408151050484,996.5765156161826,2026-08-03
16.25,390.0,0.45496328117609985,1081.4941052134964,672.6425614531704,2026-08-03
16.5,405.0,0.45496328117609985,976.860176076939,600.4991572563946,2026-08-03
16.75,420.0,0.45496328117609985,864.6456983027299,446.9049683639364,2026-08-03
17.0,435.0,0.45496328117609985,748.2165942860637,584.527405713936,2026-08-03
17.25,450.0,0.45496328117609985,628.4177330337441,506.368266966256,2026-08-03
17.5,465.0,0.45496328117609985,498.55354251583753,329.2184574841623,2026-08-03
17.75,480.0,0.45496328117609985,377.0403034262849,443.8546965737151,2026-08-03
11.5,15.0,0.8160424561508256,2510.702104946012,-392.4347716126781,2026-08-03
11.75,30.0,0.8160424561508256,2576.6380641852465,565.4672691480869,2026-08-03
12.0,45.0,0.8160424561508256,2633.666771152129,1341.5798955145378,2026-08-03
12.25,60.0,0.8160424561508256,2673.914809578564,-40.18014291189775,2026-08-03
12.5,75.0,0.8160424561508256,2695.5922990793338,-541.9856324126667,2026-08-03
12.75,90.0,0.8160424561508256,2707.153011742944,1349.79832159039,2026-08-03
13.0,105.0,0.8160424561508256,2709.773278259432,1025.9447217405677,2026-08-03
13.25,120.0,0.8160424561508256,2700.413694917608,418.71230508239205,2026-08-03
13.5,135.0,0.8160424561508256,2676.721388899882,-181.4233888998824,2026-08-03
13.75,150.0,0.8160424561508256,2630.3181612042004,-495.0148278708675,2026-08-03
14.0,165.0,0.8160424561508256,2571.1515229590977,-122.68752295909735,2026-08-03
14.25,180.0,0.8160424561508256,2506.883078243635,194.6255884230318,2026-08-03
14.5,195.0,0.8160424561508256,2437.427192207589,582.320807792411,2026-08-03
14.75,210.0,0.8160424561508256,2348.6877103062097,515.950956360457,2026-08-03
15.0,225.0,0.8160424561508256,2237.302690947206,735.2042321297167,2026-08-03
15.25,240.0,0.8160424561508256,2110.4572657347894,920.1120675985444,2026-08-03
15.5,255.0,0.8160424561508256,1980.4630189263387,152.80031440699463,2026-08-03
15.75,270.0,0.8160424561508256,1841.079677381656,-169.43901071498908,2026-08-03
16.0,285.0,0.8160424561508256,1694.703007456414,487.28165921025266,2026-08-03
16.25,300.0,0.8160424561508256,1545.1448070442675,208.99185962239926,2026-08-03
16.5,315.0,0.8160424561508256,1390.4323446857093,186.92698864762428,2026-08-03
16.75,330.0,0.8160424561508256,1223.2340333754237,88.31663329124262,2026-08-03
17.0,345.0,0.8160424561508256,1050.7692850603055,281.9747149396942,2026-08-03
17.25,360.0,0.8160424561508256,877.9867039424869,256.7992960575132,2026-08-03
17.5,375.0,0.8160424561508256,696.8100644922304,130.96193550776945,2026-08-03
17.75,390.0,0.8160424561508256,525.7215283549951,295.17347164500484,2026-08-03
13.0,15.0,0.8386068622134806,2905.0151601948223,830.7028398051775,2026-08-03
13.25,30.0,0.8386068622134806,2863.584576371828,255.5414236281722,2026-08-03
13.5,45.0,0.8386068622134806,2817.9381248083155,-322.6401248083157,2026-08-03
13.75,60.0,0.8386068622134806,2758.279267744984,-622.975934411651,2026-08-03
14.0,75.0,0.8386068622134806,2688.9891635623108,-240.52516356231035,2026-08-03
14.25,90.0,0.8386068622134806,2615.2793628157638,86.22930385090285,2026-08-03
14.5,105.0,0.8386068622134806,2542.835050314978,476.9129496850219,2026-08-03
14.75,120.0,0.8386068622134806,2451.0629876516746,413.57567901499215,2026-08-03
15.0,135.0,0.8386068622134806,2334.9669881106943,637.5399349662284,2026-08-03
15.25,150.0,0.8386068622134806,2203.1461526078056,827.4231807255283,2026-08-03
15.5,165.0,0.8386068622134806,2065.3225093413253,67.94082399200806,2026-08-03
15.75,180.0,0.8386068622134806,1916.9418092337291,-245.30114256706224,2026-08-03
16.0,195.0,0.8386068622134806,1764.410765760843,417.5739009058236,2026-08-03
16.25,210.0,0.8386068622134806,1607.1123976712208,147.02426899544594,2026-08-03
16.5,225.0,0.8386068622134806,1443.715884775777,133.64344855755644,2026-08-03
16.75,240.0,0.8386068622134806,1268.1005104670205,43.45015619964579,2026-08-03
17.0,255.0,0.8386068622134806,1090.6754915365157,242.06850846348402,2026-08-03
17.25,270.0,0.8386068622134806,910.416760579322,224.369239420678,2026-08-03
17.5,285.0,0.8386068622134806,722.60543249949,105.16656750050981,2026-08-03
17.75,300.0,0.8386068622134806,545.5214656471991,275.3735343528009,2026-08-03
14.5,15.0,0.68169840035311,2231.1129040146743,788.6350959853257,2026-08-03
14.75,30.0,0.68169840035311,2153.563337844778,711.0753288218889,2026-08-03
15.0,45.0,0.68169840035311,2054.5689040276548,917.938019049268,2026-08-03
15.25,60.0,0.68169840035311,1940.3581550820195,1090.2111782513143,2026-08-03
15.5,75.0,0.68169840035311,1824.5367725258989,308.72656080743445,2026-08-03
15.75,90.0,0.68169840035311,1698.7798624286645,-27.1391957619976,2026-08-03
16.0,105.0,0.68169840035311,1563.4219320835352,618.5627345831315,2026-08-03
16.25,120.0,0.68169840035311,1423.4308570723688,330.705809594298,2026-08-03
16.5,135.0,0.68169840035311,1280.106824898165,297.25250843516847,2026-08-03
16.75,150.0,0.68169840035311,1125.5498363587944,186.00083030787187,2026-08-03
17.0,165.0,0.68169840035311,968.7094135425592,364.03458645744047,2026-08-03
17.25,180.0,0.68169840035311,810.2186358072881,324.5673641927119,2026-08-03
17.5,195.0,0.68169840035311,642.5920439476824,185.17995605231738,2026-08-03
17.75,210.0,0.68169840035311,484.8586099292247,336.03639007077527,2026-08-03
16.0,15.0,0.8671515127562226,1780.4693813571057,401.515285309561,2026-08-03
16.25,30.0,0.8671515127562226,1629.4835079778795,124.65315868878724,2026-08-03
16.5,45.0,0.8671515127562226,1468.3202070207476,109.03912631258595,2026-08-03
16.75,60.0,0.8671515127562226,1292.3395661844402,19.21110048222613,2026-08-03
17.0,75.0,0.8671515127562226,1111.4937257836148,221.25027421638492,2026-08-03
17.25,90.0,0.8671515127562226,929.060751931604,205.725248068396,2026-08-03
17.5,105.0,0.8671515127562226,737.6724785113605,90.09952148863931,2026-08-03
17.75,120.0,0.8671515127562226,557.0263042650673,263.86869573493266,2026-08-03
7.0,15.0,0.42763685703271037,141.78024127871615,-18.954241278716154,2026-08-04
7.25,30.0,0.42763685703271037,220.0709454315452,-16.323612098211868,2026-08-04
7.5,45.0,0.42763685703271037,307.1250177683808,-26.693684435047487,2026-08-04
7.75,60.0,0.42763685703271037,407.3322297223356,-12.851563055669033,2026-08-04
8.0,75.0,0.42763685703271037,512.2301278477875,133.8965388188792,2026-08-04
8.25,90.0,0.42763685703271037,620.5952180413783,117.42011529195509,2026-08-04
8.5,105.0,0.42763685703271037,730.3371715674591,166.97749509920743,2026-08-04
8.75,120.0,0.42763685703271037,846.1343780158757,74.6376219841244,2026-08-04
9.0,135.0,0.42763685703271037,962.6366918567686,63.49864147656456,2026-08-04
9.25,150.0,0.42763685703271037,1072.958986065264,31.855013934736007,2026-08-04
9.5,165.0,0.42763685703271037,1180.1383743389315,-332.6917076722649,2026-08-04
9.75,180.0,0.42763685703271037,1280.332716239775,-394.31538290644176,2026-08-04
10.0,195.0,0.42763685703271037,1368.7092099790766,-3.6832099790763095,2026-08-04
10.25,210.0,0.42763685703271037,1440.5427865986978,-436.1701199320312,2026-08-04
10.5,225.0,0.42763685703271037,1517.2796789108315,-636.8816789108315,2026-08-04
10.75,240.0,0.42763685703271037,1592.5893776176144,199.27995571571864,2026-08-04
11.0,255.0,0.42763685703271037,1665.7904722182338,-681.8498055515671,2026-08-04
11.25,270.0,0.42763685703271037,1734.1394794805224,-1222.0061461471892,2026-08-04
11.5,285.0,0.42763685703271037,1795.9170490623071,-1315.6077157289737,2026-08-04
11.75,300.0,0.42763685703271037,1826.6643994115,-1140.5630660781667,2026-08-04
12.0,315.0,0.42763685703271037,1844.8132195249336,-231.68255285826672,2026-08-04
12.25,330.0,0.42763685703271037,1868.3575799077728,-939.6335799077726,2026-08-04
12.5,345.0,0.42763685703271037,1893.9030536906027,-821.3543870239362,2026-08-04
12.75,360.0,0.42763685703271037,1887.214343586612,-986.7776769199452,2026-08-04
13.0,375.0,0.42763685703271037,1869.3338274273217,-620.5604940939882,2026-08-04
13.25,390.0,0.42763685703271037,1838.2945291139304,434.11813755273624,2026-08-04
13.5,405.0,0.42763685703271037,1806.890867185683,676.005799480984,2026-08-04
13.75,420.0,0.42763685703271037,1768.3306761972171,566.7300380884972,2026-08-04
14.0,435.0,0.42763685703271037,1733.492306104564,-45.01697277123094,2026-08-04
14.25,450.0,0.42763685703271037,1693.993931030028,-177.20593103002807,2026-08-04
14.5,465.0,0.42763685703271037,1644.6901773113364,-254.45951064466976,2026-08-04
14.75,480.0,0.42763685703271037,1576.6678726660612,-140.13987266606136,2026-08-04
15.0,495.0,0.42763685703271037,1502.431596491645,151.7070701750215,2026-08-04
15.25,510.0,0.42763685703271037,1422.595558192138,839.6731084745284,2026-08-04
15.5,525.0,0.42763685703271037,1338.859159884336,459.6715067823309,2026-08-04
15.75,540.0,0.42763685703271037,1242.9651679927867,252.28416534054668,2026-08-04
16.0,555.0,0.42763685703271037,1138.2139123215102,352.97542101182285,2026-08-04
16.25,570.0,0.42763685703271037,1026.5115983644782,528.099734968855,2026-08-04
16.5,585.0,0.42763685703271037,919.8354846497292,839.472515350271,2026-08-04
16.75,600.0,0.42763685703271037,810.7639443029697,547.3733890303635,2026-08-04
17.0,615.0,0.42763685703271037,700.4598636871608,218.06213631283924,2026-08-04
17.25,630.0,0.42763685703271037,592.3746307005415,219.6980359661252,2026-08-04
17.5,645.0,0.42763685703271037,487.1836567261155,190.9430099405513,2026-08-04
17.75,660.0,0.42763685703271037,370.7849195845628,164.94374708210387,2026-08-04
18.0,675.0,0.42763685703271037,256.8148638038737,276.98980286279294,2026-08-04
18.25,690.0,0.42763685703271037,157.17360830879122,144.01439169120877,2026-08-04
18.5,705.0,0.42763685703271037,77.488725716973,103.65581973757244,2026-08-04
8.5,15.0,0.39134464069102004,639.1193107946239,258.1953558720427,2026-08-04
8.75,30.0,0.39134464069102004,747.0509694887273,173.72103051127272,2026-08-04
9.0,45.0,0.39134464069102004,852.1478274016653,173.9875059316679,2026-08-04
9.25,60.0,0.39134464069102004,954.1168300018644,150.69716999813568,2026-08-04
9.5,75.0,0.39134464069102004,1053.36709133885,-205.92042467218346,2026-08-04
9.75,90.0,0.39134464069102004,1147.9135543873165,-261.89622105398325,2026-08-04
10.0,105.0,0.39134464069102004,1225.4012422122894,139.6247577877109,2026-08-04
10.25,120.0,0.39134464069102004,1288.6375105799364,-284.2648439132697,2026-08-04
10.5,135.0,0.39134464069102004,1356.2697285247468,-475.8717285247468,2026-08-04
10.75,150.0,0.39134464069102004,1424.468211969141,367.401121364192,2026-08-04
11.0,165.0,0.39134464069102004,1493.9921520757991,-510.0514854091324,2026-08-04
11.25,180.0,0.39134464069102004,1564.9682072107098,-1052.8348738773766,2026-08-04
11.5,195.0,0.39134464069102004,1633.91045162236,-1153.6011182890265,2026-08-04
11.75,210.0,0.39134464069102004,1671.7085583604596,-985.6072250271262,2026-08-04
12.0,225.0,0.39134464069102004,1690.2860713965529,-77.15540472988596,2026-08-04
12.25,240.0,0.39134464069102004,1713.0775778859222,-784.353577885922,2026-08-04
12.5,255.0,0.39134464069102004,1724.0952550513814,-651.5465883847148,2026-08-04
12.75,270.0,0.39134464069102004,1705.667642487558,-805.2309758208912,2026-08-04
13.0,285.0,0.39134464069102004,1675.3751399744203,-426.6018066410868,2026-08-04
13.25,300.0,0.39134464069102004,1644.467810962985,627.9448557036817,2026-08-04
13.5,315.0,0.39134464069102004,1617.5565195397053,865.3401471269617,2026-08-04
13.75,330.0,0.39134464069102004,1583.201963581045,751.8587507046693,2026-08-04
14.0,345.0,0.39134464069102004,1552.8623014063528,135.61303192698028,2026-08-04
14.25,360.0,0.39134464069102004,1519.965956916684,-3.1779569166840247,2026-08-04
14.5,375.0,0.39134464069102004,1484.8157367255794,-94.58507005891283,2026-08-04
14.75,390.0,0.39134464069102004,1434.3280188969022,2.1999811030975707,2026-08-04
15.0,405.0,0.39134464069102004,1374.7086830209882,279.42998364567825,2026-08-04
15.25,420.0,0.39134464069102004,1308.6891941921413,953.5794724745251,2026-08-04
15.5,435.0,0.39134464069102004,1238.0241514017505,560.5065152649163,2026-08-04
15.75,450.0,0.39134464069102004,1151.8341888423288,343.41514449100464,2026-08-04
16.0,465.0,0.39134464069102004,1051.9083980705536,439.2809352627794,2026-08-04
16.25,480.0,0.39134464069102004,946.1809662412352,608.4303670920981,2026-08-04
16.5,495.0,0.39134464069102004,846.4453958675873,912.8626041324129,2026-08-04
16.75,510.0,0.39134464069102004,746.8556553543277,611.2816779790054,2026-08-04
17.0,525.0,0.39134464069102004,649.2489697426087,269.2730302573914,2026-08-04
17.25,540.0,0.39134464069102004,553.0403564400413,259.03231022662544,2026-08-04
17.5,555.0,0.39134464069102004,457.1246316151932,221.00203505147357,2026-08-04
17.75,570.0,0.39134464069102004,347.6489862794876,188.07968038717905,2026-08-04
18.0,585.0,0.39134464069102004,240.38017880438852,293.42448786227817,2026-08-04
18.25,600.0,0.39134464069102004,147.30823808774616,153.87976191225383,2026-08-04
18.5,615.0,0.39134464069102004,72.34075149223656,108.80379396230887,2026-08-04
10.0,15.0,0.35343599399874365,1077.9536335177584,287.07236648224193,2026-08-04
10.25,30.0,0.35343599399874365,1151.9923638642745,-147.61969719760782,2026-08-04
10.5,45.0,0.35343599399874365,1225.6584534736596,-345.2604534736596,2026-08-04
10.75,60.0,0.35343599399874365,1289.1207978243808,502.7485355089523,2026-08-04
11.0,75.0,0.35343599399874365,1352.5115792214954,-368.5709125548286,2026-08-04
11.25,90.0,0.35343599399874365,1414.237142262312,-902.1038089289788,2026-08-04
11.5,105.0,0.35343599399874365,1468.674674101622,-988.3653407682887,2026-08-04
11.75,120.0,0.35343599399874365,1502.374088108574,-816.2727547752405,2026-08-04
12.0,135.0,0.35343599399874365,1526.3063450308614,86.82432163580552,2026-08-04
12.25,150.0,0.35343599399874365,1554.054883344334,-625.3308833443339,2026-08-04
12.5,165.0,0.35343599399874365,1573.9278031302183,-501.37913646355173,2026-08-04
12.75,180.0,0.35343599399874365,1566.7353050228935,-666.2986383562268,2026-08-04
13.0,195.0,0.35343599399874365,1546.7256510847772,-297.9523177514436,2026-08-04
13.25,210.0,0.35343599399874365,1520.5162783315989,751.8963883350677,2026-08-04
13.5,225.0,0.35343599399874365,1497.575137384788,985.3215292818791,2026-08-04
13.75,240.0,0.35343599399874365,1470.783193866358,864.2775204193563,2026-08-04
14.0,255.0,0.35343599399874365,1446.8844102471303,241.5909230862028,2026-08-04
14.25,270.0,0.35343599399874365,1412.0075061814302,104.78049381856977,2026-08-04
14.5,285.0,0.35343599399874365,1370.9629062056458,19.26776046102077,2026-08-04
14.75,300.0,0.35343599399874365,1320.596331198247,115.93166880175272,2026-08-04
15.0,315.0,0.35343599399874365,1265.3560229392176,388.7826437274489,2026-08-04
15.25,330.0,0.35343599399874365,1202.4402072617183,1059.828459404948,2026-08-04
15.5,345.0,0.35343599399874365,1134.8350600459205,663.6956066207463,2026-08-04
15.75,360.0,0.35343599399874365,1053.2136926794312,442.0356406539022,2026-08-04
16.0,375.0,0.35343599399874365,966.0403668313462,525.1489665019868,2026-08-04
16.25,390.0,0.35343599399874365,875.605716275021,679.0056170583123,2026-08-04
16.5,405.0,0.35343599399874365,788.2984353381382,971.009564661862,2026-08-04
16.75,420.0,0.35343599399874365,696.3438188773824,661.7935144559507,2026-08-04
17.0,435.0,0.35343599399874365,605.869319032217,312.652680967783,2026-08-04
17.25,450.0,0.35343599399874365,516.3075580987202,295.7651085679465,2026-08-04
17.5,465.0,0.35343599399874365,426.3208666606793,251.80580000598746,2026-08-04
17.75,480.0,0.35343599399874365,324.4481452363907,211.28052143027594,2026-08-04
18.0,495.0,0.35343599399874365,224.6493373807677,309.155329285899,2026-08-04
18.25,510.0,0.35343599399874365,137.9480549453544,163.2399450546456,2026-08-04
18.5,525.0,0.35343599399874365,68.11651009602494,113.0280353585205,2026-08-04
11.5,15.0,0.27421940962909885,1217.037449318449,-736.7281159851157,2026-08-04
11.75,30.0,0.27421940962909885,1258.9246530046426,-572.8233196713092,2026-08-04
12.0,45.0,0.27421940962909885,1284.3132644607565,328.8174022059104,2026-08-04
12.25,60.0,0.27421940962909885,1308.1321208253437,-379.40812082534353,2026-08-04
12.5,75.0,0.27421940962909885,1330.5413139539692,-257.9926472873026,2026-08-04
12.75,90.0,0.27421940962909885,1330.488259771633,-430.0515931049663,2026-08-04
13.0,105.0,0.27421940962909885,1317.1806598144187,-68.40732648108519,2026-08-04
13.25,120.0,0.27421940962909885,1299.7126779721784,972.6999886944882,2026-08-04
13.5,135.0,0.27421940962909885,1284.0374745880845,1198.8591920785825,2026-08-04
13.75,150.0,0.27421940962909885,1264.884019697514,1070.1766945882002,2026-08-04
14.0,165.0,0.27421940962909885,1243.5787936132892,444.89653972004385,2026-08-04
14.25,180.0,0.27421940962909885,1217.4324551948089,299.35554480519113,2026-08-04
14.5,195.0,0.27421940962909885,1187.502520181096,202.7281464855705,2026-08-04
14.75,210.0,0.27421940962909885,1147.2828322540706,289.24516774592917,2026-08-04
15.0,225.0,0.27421940962909885,1097.3020569212829,556.8366097453836,2026-08-04
15.25,240.0,0.27421940962909885,1041.9483794527578,1220.3202872139086,2026-08-04
15.5,255.0,0.27421940962909885,984.2044624559226,814.3262042107442,2026-08-04
15.75,270.0,0.27421940962909885,916.1654147397188,579.0839185936146,2026-08-04
16.0,285.0,0.27421940962909885,840.8801630911505,650.3091702421825,2026-08-04
16.25,300.0,0.27421940962909885,761.6436755439371,792.9676577893962,2026-08-04
16.5,315.0,0.27421940962909885,686.2424145525752,1073.065585447425,2026-08-04
16.75,330.0,0.27421940962909885,607.3987955240475,750.7385378092856,2026-08-04
17.0,345.0,0.27421940962909885,527.7638925659479,390.75810743405214,2026-08-04
17.25,360.0,0.27421940962909885,450.0294112613197,362.043255405347,2026-08-04
17.5,375.0,0.27421940962909885,373.7297307558287,304.39693591083807,2026-08-04
17.75,390.0,0.27421940962909885,285.82284318046425,249.9058234862024,2026-08-04
18.0,405.0,0.27421940962909885,197.87222537472613,335.93244129194056,2026-08-04
18.25,420.0,0.27421940962909885,121.44534533336862,179.74265466663138,2026-08-04
18.5,435.0,0.27421940962909885,60.09642980038585,121.04811565415959,2026-08-04
13.0,15.0,0.2619813220180382,1239.286161234103,9.48717209923052,2026-08-04
13.25,30.0,0.2619813220180382,1229.9382340027798,1042.4744326638868,2026-08-04
13.5,45.0,0.2619813220180382,1217.01977424369,1265.8768924229769,2026-08-04
13.75,60.0,0.2619813220180382,1186.19213719917,1148.8685770865443,2026-08-04
14.0,75.0,0.2619813220180382,1161.4051425870098,527.0701907463233,2026-08-04
14.25,90.0,0.2619813220180382,1129.2876619510123,387.5003380489877,2026-08-04
14.5,105.0,0.2619813220180382,1090.1744036748532,300.05626299181336,2026-08-04
14.75,120.0,0.2619813220180382,1040.4600867012034,396.0679132987964,2026-08-04
15.0,135.0,0.2619813220180382,985.854654801258,668.2840118654085,2026-08-04
15.25,150.0,0.2619813220180382,923.0369553991312,1339.231711267535,2026-08-04
15.5,165.0,0.2619813220180382,857.5687308916247,940.9619357750421,2026-08-04
15.75,180.0,0.2619813220180382,789.9907982764964,705.258535056837,2026-08-04
16.0,195.0,0.2619813220180382,717.4918228481237,773.6975104852094,2026-08-04
16.25,210.0,0.2619813220180382,641.8403102510395,912.7710230822938,2026-08-04
16.5,225.0,0.2619813220180382,569.979422336653,1189.3285776633472,2026-08-04
16.75,240.0,0.2619813220180382,503.6052436073604,854.5320897259727,2026-08-04
17.0,255.0,0.2619813220180382,436.34893065094286,482.1730693490572,2026-08-04
17.25,270.0,0.2619813220180382,369.1113262328241,442.96134043384257,2026-08-04
17.5,285.0,0.2619813220180382,303.66727691853805,374.45938974812873,2026-08-04
17.75,300.0,0.2619813220180382,242.1823116443025,293.54635502236414,2026-08-04
18.0,315.0,0.2619813220180382,183.70265821404277,350.10200845262386,2026-08-04
18.25,330.0,0.2619813220180382,118.0289966095749,183.15900339042508,2026-08-04
18.5,345.0,0.2619813220180382,58.28858311195383,122.85596234259161,2026-08-04
14.5,15.0,0.5030636596663907,1605.896712311072,-215.66604564440536,2026-08-04
14.75,30.0,0.5030636596663907,1528.828506798575,-92.30050679857527,2026-08-04
15.0,45.0,0.5030636596663907,1446.0788149573982,208.0598517092683,2026-08-04
15.25,60.0,0.5030636596663907,1355.2534930201102,907.0151736465561,2026-08-04
15.5,75.0,0.5030636596663907,1259.4104637132884,539.1202029533783,2026-08-04
15.75,90.0,0.5030636596663907,1160.7366899126632,334.5126434206702,2026-08-04
16.0,105.0,0.5030636596663907,1053.2019645403905,437.98736879294256,2026-08-04
16.25,120.0,0.5030636596663907,941.7091779611158,612.9021553722175,2026-08-04
16.5,135.0,0.5030636596663907,834.7179447573905,924.5900552426098,2026-08-04
16.75,150.0,0.5030636596663907,734.9823256642592,623.1550076690739,2026-08-04
17.0,165.0,0.5030636596663907,633.6555378923521,284.866462107648,2026-08-04
17.25,180.0,0.5030636596663907,532.7635768855151,279.30908978115156,2026-08-04
17.5,195.0,0.5030636596663907,434.78864547917175,243.33802118749503,2026-08-04
17.75,210.0,0.5030636596663907,341.12797110819474,194.6006955584719,2026-08-04
18.0,225.0,0.5030636596663907,252.40179135668785,281.4028753099788,2026-08-04
18.25,240.0,0.5030636596663907,160.23527549879063,140.95272450120936,2026-08-04
18.5,255.0,0.5030636596663907,78.9922102602824,102.15233519426303,2026-08-04
16.0,15.0,0.601198773809055,1220.354584108985,270.8347492243481,2026-08-04
16.25,30.0,0.601198773809055,1086.6233595070978,467.9879738262355,2026-08-04
16.5,45.0,0.601198773809055,958.512112045421,800.7958879545793,2026-08-04
16.75,60.0,0.601198773809055,840.9151101487612,517.2222231845719,2026-08-04
17.0,75.0,0.601198773809055,723.8199827011695,194.70201729883058,2026-08-04
17.25,90.0,0.601198773809055,608.1362550338715,203.93641163279517,2026-08-04
17.5,105.0,0.601198773809055,494.2896200233157,183.83704664335107,2026-08-04
17.75,120.0,0.601198773809055,384.7160858470064,151.01258081966023,2026-08-04
18.0,135.0,0.601198773809055,281.9195631290287,251.88510353763797,2026-08-04
18.25,150.0,0.601198773809055,178.21712266679404,122.97087733320595,2026-08-04
18.5,165.0,0.601198773809055,87.8536214180375,93.29092403650793,2026-08-04
7.0,15.0,1.1807565303815604,292.4262518434013,154.96974815659877,2026-08-05
7.25,30.0,1.1807565303815604,454.10654504183736,127.94412162482928,2026-08-05
7.5,45.0,1.1807565303815604,634.2725384466855,-95.3318717800189,2026-08-05
7.75,60.0,1.1807565303815604,832.1835784570203,-251.50557845702042,2026-08-05
8.0,75.0,1.1807565303815604,1036.0220225511284,-79.2293558844616,2026-08-05
8.25,90.0,1.1807565303815604,1245.07926751191,134.32073248809002,2026-08-05
8.5,105.0,1.1807565303815604,1456.173856433671,-202.6865231003378,2026-08-05
8.75,120.0,1.1807565303815604,1669.4875363037584,-308.49086963709146,2026-08-05
9.0,135.0,1.1807565303815604,1877.460735356816,-277.74673535681654,2026-08-05
9.25,150.0,1.1807565303815604,2078.895366724855,-413.2320333915218,2026-08-05
9.5,165.0,1.1807565303815604,2273.558890113076,-549.5115567797425,2026-08-05
9.75,180.0,1.1807565303815604,2455.2275468450566,-649.3528801783903,2026-08-05
10.0,195.0,1.1807565303815604,2631.7842251832194,-588.7048918498865,2026-08-05
10.25,210.0,1.1807565303815604,2797.677784606394,-582.2064512730608,2026-08-05
10.5,225.0,1.1807565303815604,2953.4028794953206,209.29178717134664,2026-08-05
10.75,240.0,1.1807565303815604,3087.1651189833483,-227.5137856500146,2026-08-05
11.0,255.0,1.1807565303815604,3209.196187063937,590.8284796027301,2026-08-05
11.25,270.0,1.1807565303815604,3316.013263372669,-292.1752633726687,2026-08-05
11.5,285.0,1.1807565303815604,3405.8511363395664,5.447530327099685,2026-08-05
11.75,300.0,1.1807565303815604,3467.039765335647,-1489.206432002314,2026-08-05
12.0,315.0,1.1807565303815604,3517.209844550298,-1726.225844550298,2026-08-05
12.25,330.0,1.1807565303815604,3552.614487556891,-913.9491542235573,2026-08-05
12.5,345.0,1.1807565303815604,3577.6657368099795,-746.2750701433124,2026-08-05
12.75,360.0,1.1807565303815604,3574.6074187275904,-35.208752060923416,2026-08-05
13.0,375.0,1.1807565303815604,3549.8043947563,-862.067728089633,2026-08-05
13.25,390.0,1.1807565303815604,3508.175801412459,-1068.896468079126,2026-08-05
13.5,405.0,1.1807565303815604,3461.241820507369,-703.745820507369,2026-08-05
13.75,420.0,1.1807565303815604,3392.0910778818925,29.469588784774714,2026-08-05
14.0,435.0,1.1807565303815604,3301.415041023057,469.79495897694414,2026-08-05
14.25,450.0,1.1807565303815604,3194.9407924387688,719.1025408945648,2026-08-05
14.5,465.0,1.1807565303815604,3083.298536006296,-169.00386933962955,2026-08-05
14.75,480.0,1.1807565303815604,2952.523458337166,641.564541662834,2026-08-05
15.0,495.0,1.1807565303815604,2810.003081807392,806.5902515259418,2026-08-05
15.25,510.0,1.1807565303815604,2653.028627822597,454.5073721774029,2026-08-05
15.5,525.0,1.1807565303815604,2485.6763695621166,289.22229710455076,2026-08-05
15.75,540.0,1.1807565303815604,2298.4218202256484,166.9161797743518,2026-08-05
16.0,555.0,1.1807565303815604,2104.6864764957872,-175.18914316245446,2026-08-05
16.25,570.0,1.1807565303815604,1903.610258968536,130.21574103146395,2026-08-05
16.5,585.0,1.1807565303815604,1699.204800092833,-47.3248000928329,2026-08-05
16.75,600.0,1.1807565303815604,1485.8061459124922,-559.8201459124922,2026-08-05
17.0,615.0,1.1807565303815604,1271.0020784199908,-538.3720784199909,2026-08-05
17.25,630.0,1.1807565303815604,1058.6746609050845,-282.4093275717512,2026-08-05
17.5,645.0,1.1807565303815604,838.5893899955462,-61.26672332887949,2026-08-05
17.75,660.0,1.1807565303815604,627.9290539645793,-63.14172063124613,2026-08-05
18.0,675.0,1.1807565303815604,433.7222993482993,56.8557006517006,2026-08-05
18.25,690.0,1.1807565303815604,263.5256066518938,110.26972668143958,2026-08-05
18.5,705.0,1.1807565303815604,127.8414263165942,85.54524035007243,2026-08-05
18.75,720.0,1.1807565303815604,40.830260930631376,46.819739069368616,2026-08-05
19.0,735.0,1.1807565303815604,2.315038881069652,27.674961118930348,2026-08-05
8.5,15.0,0.6953259932948375,1004.1663619932932,249.32097134004005,2026-08-05
8.75,30.0,0.6953259932948375,1155.8422266462428,205.1544400204241,2026-08-05
9.0,45.0,0.6953259932948375,1301.520399995601,298.1936000043984,2026-08-05
9.25,60.0,0.6953259932948375,1439.5560041495628,226.10732918377062,2026-08-05
9.5,75.0,0.6953259932948375,1575.768814539713,148.27851879362038,2026-08-05
9.75,90.0,0.6953259932948375,1707.5316583632075,98.34300830345887,2026-08-05
10.0,105.0,0.6953259932948375,1829.4448538559764,213.63447947735654,2026-08-05
10.25,120.0,0.6953259932948375,1942.4480844343632,273.0232488989702,2026-08-05
10.5,135.0,0.6953259932948375,2051.604010850428,1111.0906558162392,2026-08-05
10.75,150.0,0.6953259932948375,2145.721232832538,713.9301005007956,2026-08-05
11.0,165.0,0.6953259932948375,2232.990036071955,1567.0346305947123,2026-08-05
11.25,180.0,0.6953259932948375,2309.7319456832697,714.1060543167305,2026-08-05
11.5,195.0,0.6953259932948375,2380.2779078080694,1031.0207588585968,2026-08-05
11.75,210.0,0.6953259932948375,2428.000391168669,-450.16705783533575,2026-08-05
12.0,225.0,0.6953259932948375,2464.319946620149,-673.3359466201491,2026-08-05
12.25,240.0,0.6953259932948375,2489.4742365693032,149.1910967640306,2026-08-05
12.5,255.0,0.6953259932948375,2508.728313704401,322.66235296226614,2026-08-05
12.75,270.0,0.6953259932948375,2501.980460910884,1037.4182057557828,2026-08-05
13.0,285.0,0.6953259932948375,2479.116942747973,208.61972391869404,2026-08-05
13.25,300.0,0.6953259932948375,2453.536897335618,-14.257564002285108,2026-08-05
13.5,315.0,0.6953259932948375,2428.6810038463423,328.81499615365783,2026-08-05
13.75,330.0,0.6953259932948375,2379.148033077545,1042.4126335891224,2026-08-05
14.0,345.0,0.6953259932948375,2314.661473310564,1456.548526689437,2026-08-05
14.25,360.0,0.6953259932948375,2238.9122680169617,1675.1310653163719,2026-08-05
14.5,375.0,0.6953259932948375,2162.7364237871325,751.5582428795342,2026-08-05
14.75,390.0,0.6953259932948375,2075.532206154076,1518.5557938459242,2026-08-05
15.0,405.0,0.6953259932948375,1982.7898696047423,1633.8034637285914,2026-08-05
15.25,420.0,0.6953259932948375,1875.7805156057032,1231.755484394297,2026-08-05
15.5,435.0,0.6953259932948375,1760.915885204667,1013.9827814620005,2026-08-05
15.75,450.0,0.6953259932948375,1629.4246980518053,835.9133019481949,2026-08-05
16.0,465.0,0.6953259932948375,1490.4872835195488,439.010049813784,2026-08-05
16.25,480.0,0.6953259932948375,1346.360620996938,687.465379003062,2026-08-05
16.5,495.0,0.6953259932948375,1203.2353342059196,448.64466579408054,2026-08-05
16.75,510.0,0.6953259932948375,1055.5079983050075,-129.52199830500751,2026-08-05
17.0,525.0,0.6953259932948375,907.227257861348,-174.5972578613481,2026-08-05
17.25,540.0,0.6953259932948375,758.1139833148343,18.151350018498988,2026-08-05
17.5,555.0,0.6953259932948375,600.9635590245573,176.3591076421094,2026-08-05
17.75,570.0,0.6953259932948375,450.0847586601202,114.70257467321301,2026-08-05
18.0,585.0,0.6953259932948375,310.93009683473707,179.64790316526285,2026-08-05
18.25,600.0,0.6953259932948375,189.0257666137589,184.76956671957447,2026-08-05
18.5,615.0,0.6953259932948375,91.7984907786522,121.58817588801443,2026-08-05
18.75,630.0,0.6953259932948375,29.301860574904925,58.34813942509507,2026-08-05
19.0,645.0,0.6953259932948375,1.6330621450836484,28.35693785491635,2026-08-05
10.0,15.0,0.6665439636358356,1712.1279593447557,330.9513739885772,2026-08-05
10.25,30.0,0.6665439636358356,1825.4406932752308,390.03064005810256,2026-08-05
10.5,45.0,0.6665439636358356,1932.5897294709396,1230.1049371957276,2026-08-05
10.75,60.0,0.6665439636358356,2022.411670377502,837.2396629558316,2026-08-05
11.0,75.0,0.6665439636358356,2108.087420739749,1691.937245926918,2026-08-05
11.25,90.0,0.6665439636358356,2183.6217669794205,840.2162330205797,2026-08-05
11.5,105.0,0.6665439636358356,2245.6668308325666,1165.6318358340995,2026-08-05
11.75,120.0,0.6665439636358356,2290.480212636905,-312.6468793035717,2026-08-05
12.0,135.0,0.6665439636358356,2328.5218892243115,-537.5378892243116,2026-08-05
12.25,150.0,0.6665439636358356,2353.4282103595315,285.23712297380234,2026-08-05
12.5,165.0,0.6665439636358356,2371.360561887022,460.03010477964517,2026-08-05
12.75,180.0,0.6665439636358356,2366.170311806321,1173.228354860346,2026-08-05
13.0,195.0,0.6665439636358356,2347.83155108435,339.9051155823172,2026-08-05
13.25,210.0,0.6665439636358356,2322.190342856325,117.08899047700788,2026-08-05
13.5,225.0,0.6665439636358356,2296.055767632004,461.44023236799603,2026-08-05
13.75,240.0,0.6665439636358356,2248.4882708369983,1173.072395829669,2026-08-05
14.0,255.0,0.6665439636358356,2190.2599636961654,1580.9500363038355,2026-08-05
14.25,270.0,0.6665439636358356,2123.6537257217656,1790.389607611568,2026-08-05
14.5,285.0,0.6665439636358356,2051.6293289429063,862.6653377237603,2026-08-05
14.75,300.0,0.6665439636358356,1967.188186906386,1626.8998130936143,2026-08-05
15.0,315.0,0.6665439636358356,1878.579268038012,1738.0140652953216,2026-08-05
15.25,330.0,0.6665439636358356,1777.0059528758047,1330.5300471241953,2026-08-05
15.5,345.0,0.6665439636358356,1667.0414290152478,1107.8572376514196,2026-08-05
15.75,360.0,0.6665439636358356,1540.5028707988808,924.8351292011193,2026-08-05
16.0,375.0,0.6665439636358356,1411.8470355082466,517.6502978250862,2026-08-05
16.25,390.0,0.6665439636358356,1278.74419762222,755.0818023777799,2026-08-05
16.5,405.0,0.6665439636358356,1144.312770932313,507.5672290676871,2026-08-05
16.75,420.0,0.6665439636358356,1001.9034722419116,-75.91747224191158,2026-08-05
17.0,435.0,0.6665439636358356,860.8657579057656,-128.2357579057657,2026-08-05
17.25,450.0,0.6665439636358356,720.3031822540897,55.96215107924354,2026-08-05
17.5,465.0,0.6665439636358356,571.2633626030077,206.05930406365894,2026-08-05
17.75,480.0,0.6665439636358356,428.2055520933158,136.5817812400174,2026-08-05
18.0,495.0,0.6665439636358356,296.11872101773287,194.45927898226705,2026-08-05
18.25,510.0,0.6665439636358356,180.09061573766232,193.70471759567104,2026-08-05
18.5,525.0,0.6665439636358356,87.50011844618935,125.88654822047728,2026-08-05
18.75,540.0,0.6665439636358356,27.946323533075223,59.70367646692477,2026-08-05
19.0,555.0,0.6665439636358356,1.5584329211575718,28.431567078842427,2026-08-05
11.5,15.0,0.9027160073909966,2831.452135905338,579.8465307613283,2026-08-05
11.75,30.0,0.9027160073909966,2887.2912057397584,-909.4578724064252,2026-08-05
12.0,45.0,0.9027160073909966,2927.9502665433583,-1136.9662665433584,2026-08-05
12.25,60.0,0.9027160073909966,2957.0343072080677,-318.3689738747339,2026-08-05
12.5,75.0,0.9027160073909966,2980.295020066139,-148.9043533994718,2026-08-05
12.75,90.0,0.9027160073909966,2975.2455610830525,564.1531055836144,2026-08-05
13.0,105.0,0.9027160073909966,2954.2267760896325,-266.49010942296536,2026-08-05
13.25,120.0,0.9027160073909966,2922.574752746434,-483.2954194131012,2026-08-05
13.5,135.0,0.9027160073909966,2886.8216405844564,-129.32564058445632,2026-08-05
13.75,150.0,0.9027160073909966,2823.671483022133,597.8891836445341,2026-08-05
14.0,165.0,0.9027160073909966,2749.1046125225885,1022.1053874774125,2026-08-05
14.25,180.0,0.9027160073909966,2662.661915946547,1251.3814173867863,2026-08-05
14.5,195.0,0.9027160073909966,2573.025527914657,341.2691387520099,2026-08-05
14.75,210.0,0.9027160073909966,2465.849460488891,1128.2385395111091,2026-08-05
15.0,225.0,0.9027160073909966,2350.7754679280533,1265.8178654052804,2026-08-05
15.25,240.0,0.9027160073909966,2221.283136472101,886.2528635278991,2026-08-05
15.5,255.0,0.9027160073909966,2079.190334470577,695.7083321960904,2026-08-05
15.75,270.0,0.9027160073909966,1922.72566303228,542.6123369677202,2026-08-05
16.0,285.0,0.9027160073909966,1762.4431357931455,167.05419754018726,2026-08-05
16.25,300.0,0.9027160073909966,1594.834458804237,438.9915411957629,2026-08-05
16.5,315.0,0.9027160073909966,1426.6329029037593,225.24709709624085,2026-08-05
16.75,330.0,0.9027160073909966,1250.6380791610616,-324.6520791610616,2026-08-05
17.0,345.0,0.9027160073909966,1073.3718857667386,-340.74188576673873,2026-08-05
17.25,360.0,0.9027160073909966,894.2013456631922,-117.93601232985895,2026-08-05
17.5,375.0,0.9027160073909966,709.0549441822567,68.26772248441,2026-08-05
17.75,390.0,0.9027160073909966,531.0878594518406,33.69947388149262,2026-08-05
18.0,405.0,0.9027160073909966,366.6902420661857,123.88775793381421,2026-08-05
18.25,420.0,0.9027160073909966,223.05714846275723,150.73818487057613,2026-08-05
18.5,435.0,0.9027160073909966,108.57121284229429,104.81545382437234,2026-08-05
18.75,450.0,0.9027160073909966,34.69626987190571,52.95373012809428,2026-08-05
19.0,465.0,0.9027160073909966,1.9562216686238765,28.033778331376123,2026-08-05
13.0,15.0,0.6300326950254093,2236.795492046572,450.94117462009535,2026-08-05
13.25,30.0,0.6300326950254093,2199.962708133051,239.31662520028203,2026-08-05
13.5,45.0,0.6300326950254093,2157.5244265256083,599.9715734743918,2026-08-05
13.75,60.0,0.6300326950254093,2111.588459924858,1309.9722067418093,2026-08-05
14.0,75.0,0.6300326950254093,2065.138075001472,1706.071924998529,2026-08-05
14.25,90.0,0.6300326950254093,2006.6104850598228,1907.4328482735107,2026-08-05
14.5,105.0,0.6300326950254093,1941.549909155361,972.7447575113056,2026-08-05
14.75,120.0,0.6300326950254093,1870.83811235176,1723.2498876482402,2026-08-05
15.0,135.0,0.6300326950254093,1797.1080238062873,1819.4853095270464,2026-08-05
15.25,150.0,0.6300326950254093,1709.324637888521,1398.211362111479,2026-08-05
15.5,165.0,0.6300326950254093,1612.875071815667,1162.0235948510003,2026-08-05
15.75,180.0,0.6300326950254093,1497.672530935288,967.6654690647122,2026-08-05
16.0,195.0,0.6300326950254093,1380.4042946272675,549.0930387060653,2026-08-05
16.25,210.0,0.6300326950254093,1257.3485245621314,776.4774754378686,2026-08-05
16.5,225.0,0.6300326950254093,1135.657191760988,516.222808239012,2026-08-05
16.75,240.0,0.6300326950254093,998.0130226324892,-72.0270226324892,2026-08-05
17.0,255.0,0.6300326950254093,858.8896961771293,-126.2596961771294,2026-08-05
17.25,270.0,0.6300326950254093,719.327491116986,56.937842216347235,2026-08-05
17.5,285.0,0.6300326950254093,575.9788308873924,201.3438357792743,2026-08-05
17.75,300.0,0.6300326950254093,431.1172636606636,133.67006967266963,2026-08-05
18.0,315.0,0.6300326950254093,297.88379297810553,192.69420702189439,2026-08-05
18.25,330.0,0.6300326950254093,181.30042212331213,192.49491121002123,2026-08-05
18.5,345.0,0.6300326950254093,88.26779352091411,125.11887314575252,2026-08-05
18.75,360.0,0.6300326950254093,28.174091179566947,59.47590882043305,2026-08-05
19.0,375.0,0.6300326950254093,1.5737409872906116,28.416259012709386,2026-08-05
14.5,15.0,0.92722173719911,2608.5413685148906,305.7532981517761,2026-08-05
14.75,30.0,0.92722173719911,2501.70020633804,1092.3877936619601,2026-08-05
15.0,45.0,0.92722173719911,2385.09227414763,1231.5010591857035,2026-08-05
15.25,60.0,0.92722173719911,2256.578889410363,850.9571105896371,2026-08-05
15.5,75.0,0.92722173719911,2122.528273515022,652.3703931516452,2026-08-05
15.75,90.0,0.92722173719911,1967.163082984088,498.1749170159121,2026-08-05
16.0,105.0,0.92722173719911,1803.8752861104024,125.6220472229304,2026-08-05
16.25,120.0,0.92722173719911,1638.3694572898746,395.4565427101254,2026-08-05
16.5,135.0,0.92722173719911,1471.43205883284,180.44794116716002,2026-08-05
16.75,150.0,0.92722173719911,1288.088105896556,-362.10210589655605,2026-08-05
17.0,165.0,0.92722173719911,1103.1594290213543,-370.5294290213544,2026-08-05
17.25,180.0,0.92722173719911,919.6457930701984,-143.38045973686508,2026-08-05
17.5,195.0,0.92722173719911,733.2959994213552,44.0266672453115,2026-08-05
17.75,210.0,0.92722173719911,548.1149096209404,16.672423712392856,2026-08-05
18.0,225.0,0.92722173719911,377.59897891499696,112.97902108500296,2026-08-05
18.25,240.0,0.92722173719911,229.1708505618369,144.62448277149647,2026-08-05
18.5,255.0,0.92722173719911,110.89609033037316,102.49057633629347,2026-08-05
18.75,270.0,0.92722173719911,35.180395614087146,52.469604385912845,2026-08-05
19.0,285.0,0.92722173719911,1.9701312677976088,28.01986873220239,2026-08-05
16.0,15.0,1.0644807448111318,2000.2738069587788,-70.77647362544599,2026-08-05
16.25,30.0,1.0644807448111318,1814.0623944434856,219.76360555651445,2026-08-05
16.5,45.0,1.0644807448111318,1623.3086619016938,28.57133809830634,2026-08-05
16.75,60.0,1.0644807448111318,1418.8371031165818,-492.85110311658184,2026-08-05
17.0,75.0,1.0644807448111318,1215.4318509528998,-482.80185095289994,2026-08-05
17.25,90.0,1.0644807448111318,1011.2479930049398,-234.98265967160648,2026-08-05
17.5,105.0,1.0644807448111318,804.5842878796846,-27.26162121301786,2026-08-05
17.75,120.0,1.0644807448111318,603.019260561803,-38.23192722846977,2026-08-05
18.0,135.0,1.0644807448111318,416.7202498948076,73.85775010519234,2026-08-05
18.25,150.0,1.0644807448111318,253.0974530037816,120.69788032955177,2026-08-05
18.5,165.0,1.0644807448111318,122.4802162818458,90.90645038482083,2026-08-05
18.75,180.0,1.0644807448111318,38.66402901926708,48.98597098073291,2026-08-05
19.0,195.0,1.0644807448111318,2.1628535322304767,27.827146467769523,2026-08-05
