block_hour,horizon_min,kt_now,final_forecast_kw,residual_kw,date
7.0,15,,203.2767991681168,85.15153416521648,2026-07-27
7.25,30,,311.5493672054716,-11.902224348328716,2026-07-27
7.5,45,,473.444543055728,-27.4488287700137,2026-07-27
7.75,60,,793.0323957593339,-412.5870624260006,2026-07-27
8.0,75,,1214.2364611029705,-900.5531277696371,2026-07-27
8.25,90,,1584.4797138346678,-692.4230471680012,2026-07-27
8.5,105,,1844.810443049555,-909.3977763828885,2026-07-27
8.75,120,,2102.305237094789,-1090.5805704281222,2026-07-27
9.0,135,,2354.1841761412497,-1357.9057146027883,2026-07-27
9.25,150,,2598.0690207454304,-1966.4990207454305,2026-07-27
9.5,165,,2831.8959145901176,-2063.2428376670405,2026-07-27
9.75,180,,3053.855015787703,-2683.295015787703,2026-07-27
10.0,195,,3262.3485984931413,-2662.722598493141,2026-07-27
10.25,210,,3455.9619189466653,-2703.939252279999,2026-07-27
10.5,225,,3633.442760476282,-2507.1640938096157,2026-07-27
10.75,240,,3793.687107240852,-2468.8337739075187,2026-07-27
11.0,255,,3935.729182421962,-2260.062515755295,2026-07-27
11.25,270,,4058.7344451936992,-2880.895111860366,2026-07-27
11.5,285,,4161.99475693562,-3298.1754236022866,2026-07-27
11.75,300,,4244.925139116683,-2828.608472450016,2026-07-27
12.0,315,,4307.061632347148,-3359.849632347148,2026-07-27
12.25,330,,4348.060186417293,-3125.8048530839606,2026-07-27
12.5,345,,4367.696722447738,-3674.3227224477378,2026-07-27
12.75,360,,4365.866436321794,-3002.0357696551273,2026-07-27
13.0,375,,4342.577845821684,-3072.9691791550167,2026-07-27
13.25,390,,4297.953880202371,-3138.1352135357047,2026-07-27
13.5,405,,4232.237230166783,-2960.6945635001166,2026-07-27
13.75,420,,4145.790500304517,-3178.028500304517,2026-07-27
14.0,435,,4039.0963549091275,-3014.8490215757943,2026-07-27
14.25,450,,3912.758821996455,-2811.444155329788,2026-07-27
14.5,465,,3767.5056296547014,-2696.474962988035,2026-07-27
14.75,480,,3604.1916965371456,-2384.7616965371453,2026-07-27
15.0,495,,3423.8043081077312,-2155.780974774398,2026-07-27
15.25,510,,3227.4705990179737,-1887.3959323513068,2026-07-27
15.5,525,,3016.468191069381,-1612.088857736048,2026-07-27
15.75,540,,2792.240483563554,-1541.6196502302207,2026-07-27
16.0,555,,2556.4184924850692,-1254.4098258184026,2026-07-27
16.25,570,,2310.851989937785,-1027.2493232711186,2026-07-27
16.5,585,,2057.6543384504125,-775.0330051170793,2026-07-27
16.75,600,,1799.2671938601031,-650.8111938601027,2026-07-27
17.0,615,,1538.5542330518888,-549.4628997185555,2026-07-27
17.25,630,,1140.3860364686398,-468.83136980197304,2026-07-27
17.5,645,,725.7552347208107,-256.90390138747745,2026-07-27
17.75,660,,422.9024602154936,3.9302064511729795,2026-07-27
18.0,675,,290.9053967972734,77.45126986939322,2026-07-27
18.25,690,,185.2639003225752,17.21676634409139,2026-07-27
18.5,705,,25.0122400092194,129.8017599907805,2026-07-27
8.5,15,,845.5381197310462,89.87454693562036,2026-07-27
8.75,30,,1016.1141979291477,-4.389531262480872,2026-07-27
9.0,45,,1177.0920880706249,-180.81362653216337,2026-07-27
9.25,60,,1342.3356607184724,-710.7656607184724,2026-07-27
9.5,75,,1533.9436204029805,-765.2905434799036,2026-07-27
9.75,90,,1730.5178422796987,-1359.9578422796985,2026-07-27
10.0,105,,1903.036682454332,-1303.4106824543321,2026-07-27
10.25,120,,2073.5771513679992,-1321.5544847013327,2026-07-27
10.5,135,,2270.9017252976764,-1144.62305863101,2026-07-27
10.75,150,,2434.2825604795466,-1109.4292271462136,2026-07-27
11.0,165,,2558.2239685742757,-882.5573019076091,2026-07-27
11.25,180,,2701.0974347019614,-1523.2581013686283,2026-07-27
11.5,195,,2798.023325082954,-1934.2039917496209,2026-07-27
11.75,210,,2879.163319474519,-1462.846652807852,2026-07-27
12.0,225,,2944.040460797066,-1996.828460797066,2026-07-27
12.25,240,,2992.316799715715,-1770.061466382382,2026-07-27
12.5,255,,3023.7838603807995,-2330.4098603807993,2026-07-27
12.75,270,,3038.35381546918,-1674.523148802513,2026-07-27
13.0,285,,3036.048115454823,-1766.4394487881564,2026-07-27
13.25,300,,2972.7514338066403,-1812.9327671399735,2026-07-27
13.5,315,,2892.028773947302,-1620.4861072806357,2026-07-27
13.75,330,,2763.8603335363446,-1796.0983335363446,2026-07-27
14.0,345,,2625.4126306909334,-1601.1652973576001,2026-07-27
14.25,360,,2478.0805872644214,-1376.7659205977545,2026-07-27
14.5,375,,2323.2951382870656,-1252.2644716203995,2026-07-27
14.75,390,,2162.5150179222883,-943.0850179222881,2026-07-27
15.0,405,,1997.2191797295095,-729.1958463961761,2026-07-27
15.25,420,,1828.9000061101847,-488.8253394435178,2026-07-27
15.5,435,,1633.9202701625816,-229.54093682924847,2026-07-27
15.75,450,,1442.6575831745029,-192.0367498411697,2026-07-27
16.0,465,,1278.2092462425348,23.799420424131633,2026-07-27
16.25,480,,1116.911795136596,166.69087153007035,2026-07-27
16.5,495,,943.0915717897724,339.5297615435607,2026-07-27
16.75,510,,779.6824506727114,368.773549327289,2026-07-27
17.0,525,,641.0642637716204,348.027069561713,2026-07-27
17.25,540,,511.5750443971468,159.9796222695199,2026-07-27
17.5,555,,384.2233595580762,84.6279737752571,2026-07-27
17.75,570,,273.2600512161651,153.5726154505015,2026-07-27
18.0,585,,184.6679653836795,183.68870128298713,2026-07-27
18.25,600,,102.9055129940563,99.57515367261028,2026-07-27
18.5,615,,46.897950017286405,107.91604998271349,2026-07-27
10.0,15,,951.518341227166,-351.89234122716596,2026-07-27
10.25,30,,1151.987306315555,-399.9646396488885,2026-07-27
10.5,45,,1362.5410351786059,-236.26236851193937,2026-07-27
10.75,60,,1560.178820110141,-235.32548677680776,2026-07-27
11.0,75,,1703.3841463049796,-27.71747963831306,2026-07-27
11.25,90,,1833.785979743588,-655.946646410255,2026-07-27
11.5,105,,1950.270765533806,-1086.4514322004725,2026-07-27
11.75,120,,2051.984277089176,-635.6676104225091,2026-07-27
12.0,135,,2138.300494569331,-1191.088494569331,2026-07-27
12.25,150,,2208.7941579766857,-986.5388246433524,2026-07-27
12.5,165,,2263.2170884832644,-1569.8430884832644,2026-07-27
12.75,180,,2301.4771730766006,-937.6465064099335,2026-07-27
13.0,195,,2279.8533690563836,-1010.2447023897174,2026-07-27
13.25,210,,2148.9769401011854,-989.1582734345191,2026-07-27
13.5,225,,2045.5813279139452,-774.0386612472787,2026-07-27
13.75,240,,1900.153979306237,-932.391979306237,2026-07-27
14.0,255,,1750.275087127289,-726.0277537939554,2026-07-27
14.25,270,,1565.103528798582,-463.78886213191504,2026-07-27
14.5,285,,1412.814611120513,-341.78394445384686,2026-07-27
14.75,300,,1261.4670937880012,-42.03709378800124,2026-07-27
15.0,315,,1084.2046975674482,183.81863576588532,2026-07-27
15.25,330,,941.3455913802425,398.7290752864245,2026-07-27
15.5,345,,804.3915176185017,599.9878157148315,2026-07-27
15.75,360,,693.5342569305831,557.08657640275,2026-07-27
16.0,375,,636.8984721213816,665.1101945452848,2026-07-27
16.25,390,,577.2643401350905,706.338326531576,2026-07-27
16.5,405,,515.2286018506057,767.3927314827274,2026-07-27
16.75,420,,451.4666867168906,696.9893132831097,2026-07-27
17.0,435,,386.7566234993405,602.334709833993,2026-07-27
17.25,450,,322.0138877956198,349.54077887104694,2026-07-27
17.5,465,,258.3418764294931,210.5094569038402,2026-07-27
17.75,480,,197.1034599072135,229.72920675945306,2026-07-27
18.0,495,,23.0834956729599,345.2731709937067,2026-07-27
18.25,510,,5.8803150282317,196.6003516384349,2026-07-27
18.5,525,,0.0,154.8139999999999,2026-07-27
11.5,15,,1832.8084464996143,-968.989113166281,2026-07-27
11.75,30,,1913.566765596036,-497.25009892936913,2026-07-27
12.0,45,,1981.1889909563206,-1033.9769909563206,2026-07-27
12.25,60,,2035.3377714800472,-813.0824381467139,2026-07-27
12.5,75,,2075.8136561346746,-1382.4396561346748,2026-07-27
12.75,90,,2102.5402255318604,-738.7095588651937,2026-07-27
13.0,105,,2115.548630287474,-845.9399636208078,2026-07-27
13.25,120,,2114.9672420031725,-955.1485753365062,2026-07-27
13.5,135,,2101.0151417755187,-829.4724751088522,2026-07-27
13.75,150,,2073.9946255969153,-1106.2326255969156,2026-07-27
14.0,165,,2034.284988276528,-1010.0376549431946,2026-07-27
14.25,180,,1982.3380175482928,-881.0233508816259,2026-07-27
14.5,195,,1918.6750087994,-847.6443421327338,2026-07-27
14.75,210,,1843.885237564276,-624.455237564276,2026-07-27
15.0,225,,1758.62604659193,-490.6027132585964,2026-07-27
15.25,240,,1663.6247661388597,-323.5500994721927,2026-07-27
15.5,255,,1559.6828190753056,-155.3034857419724,2026-07-27
15.75,270,,1447.682712568311,-197.06187923497788,2026-07-27
16.0,285,,1328.5988436648868,-26.590176998220414,2026-07-27
16.25,300,,1203.5135072411924,80.08915942547401,2026-07-27
16.5,315,,1073.640369305942,208.9809640273912,2026-07-27
16.75,330,,940.3586200447894,208.09737995521093,2026-07-27
17.0,345,,805.2626043435641,183.82872898976933,2026-07-27
17.25,360,,670.2341376292569,1.3205290374098677,2026-07-27
17.5,375,,452.5297345906232,16.32159874271011,2026-07-27
17.75,390,,266.7538595205421,160.0788071461245,2026-07-27
18.0,405,,133.8842749031676,234.47239176349902,2026-07-27
18.25,420,,52.9228352540861,149.5578314125805,2026-07-27
18.5,435,,15.6326500057621,139.1813499942378,2026-07-27
13.0,15,,1158.0207588857825,111.5879077808839,2026-07-27
13.25,30,,1146.1210347206322,13.697631946034239,2026-07-27
13.5,45,,1128.5965947111424,142.946071955524,2026-07-27
13.75,60,,1105.544133414538,-137.78213341453792,2026-07-27
14.0,75,,1043.4332250181917,-19.18589168485818,2026-07-27
14.25,90,,1010.796029015751,90.51863765091595,2026-07-27
14.5,105,,973.2722876607979,97.75837900586825,2026-07-27
14.75,120,,901.0479241342866,318.38207586571343,2026-07-27
15.0,135,,855.9510770269328,412.0722563064007,2026-07-27
15.25,150,,806.8676497544934,533.2070169121736,2026-07-27
15.5,165,,728.9798128417672,675.399520491566,2026-07-27
15.75,180,,674.7914501945255,575.8293831388077,2026-07-27
16.0,195,,596.4976482465163,705.5110184201501,2026-07-27
16.25,210,,539.19879765215,744.4038690145165,2026-07-27
16.5,225,,462.9722261513428,819.6491071819903,2026-07-27
16.75,240,,404.8351186185232,743.620881381477,2026-07-27
17.0,255,,320.5321318858102,668.5592014475233,2026-07-27
17.25,270,,266.4453356235139,405.10933104315285,2026-07-27
17.5,285,,202.57628409632562,266.2750492370077,2026-07-27
17.75,300,,155.0952391150906,271.737427551576,2026-07-27
18.0,315,,92.33398269183971,276.02268397482686,2026-07-27
18.25,330,,52.9228352540861,149.5578314125805,2026-07-27
18.5,345,,23.448975008643203,131.36502499135668,2026-07-27
14.5,15,,1004.6681679079204,66.36249875874589,2026-07-27
14.75,30,,901.0479241342866,318.38207586571343,2026-07-27
15.0,45,,884.4827795944973,383.5405537388362,2026-07-27
15.25,60,,887.5544147299428,452.5202519367242,2026-07-27
15.5,75,,754.1170477673453,650.2622855659879,2026-07-27
15.75,90,,744.5974622836145,506.0233710497186,2026-07-27
16.0,105,,617.8011356838917,684.2075309827746,2026-07-27
16.25,120,,596.9700974005945,686.632569266072,2026-07-27
16.5,135,,480.1193456384296,802.5019876949035,2026-07-27
16.75,150,,449.8167984650257,698.6392015349747,2026-07-27
17.0,165,,346.174702436675,642.9166308966585,2026-07-27
17.25,180,,309.0765893232762,362.47807734339057,2026-07-27
17.5,195,,221.9957188557774,246.8556144775559,2026-07-27
17.75,210,,162.65479239057439,264.1778742760922,2026-07-27
18.0,225,,101.5673809610237,266.7892857056429,2026-07-27
18.25,240,,58.803150282317894,143.6775163843487,2026-07-27
18.5,255,,23.448975008643203,131.36502499135668,2026-07-27
16.0,15,,1065.174371868779,236.83429479788742,2026-07-27
16.25,30,,962.8549958074104,320.74767085925606,2026-07-27
16.5,45,,857.3559743543385,425.26535897899464,2026-07-27
16.75,60,,734.7007708262088,413.7552291737916,2026-07-27
17.0,75,,628.2429784961879,360.8483548371455,2026-07-27
17.25,90,,511.5750443971468,159.9796222695199,2026-07-27
17.5,105,,401.29995331621285,67.55138001712041,2026-07-27
17.75,120,,292.77862630303406,134.0540403636325,2026-07-27
18.0,135,,193.9013636528634,174.45530301380322,2026-07-27
18.25,150,,117.60630056463579,84.87436610203079,2026-07-27
18.5,165,,54.7142750201675,100.0997249798324,2026-07-27
7.0,15,,230.4495983289171,155.67906833774958,2026-07-28
7.25,30,,354.2936537257335,71.30434627426646,2026-07-28
7.5,45,,560.9783543981778,-99.0296877315111,2026-07-28
7.75,60,,951.685812862472,-308.26781286247194,2026-07-28
8.0,75,,1323.2187974823291,-830.0761308156623,2026-07-28
8.25,90,,1583.6407357729624,-1162.7132357729627,2026-07-28
8.5,105,,1844.536688223982,-1212.4460215573154,2026-07-28
8.75,120,,2102.5857308612667,-998.5337308612667,2026-07-28
9.0,135,,2354.999733808976,-809.4470671423095,2026-07-28
9.25,150,,2599.3948206747173,-647.2114873413846,2026-07-28
9.5,165,,2833.7031171197204,-1381.1771171197202,2026-07-28
9.75,180,,3056.111805761287,-1351.2331390946201,2026-07-28
10.0,195,,3265.0208760677137,-2089.7408760677145,2026-07-28
10.25,210,,3459.0137741319018,-2238.4811074652353,2026-07-28
10.5,225,,3636.836813566303,-3160.316813566303,2026-07-28
10.75,240,,3797.384766448428,-3462.3494331150946,2026-07-28
11.0,255,,3939.690850209071,-3481.0295168757375,2026-07-28
11.25,270,,4062.919693636834,-3185.0230269701674,2026-07-28
11.5,285,,4166.362485074579,-3830.7718184079126,2026-07-28
11.75,300,,4249.433721384206,-3987.608388050873,2026-07-28
12.0,315,,4311.669064558599,-3255.0343978919323,2026-07-28
12.25,330,,4352.724227318863,-1320.9835606521963,2026-07-28
12.5,345,,4372.374962582291,27.721704084375354,2026-07-28
12.75,360,,4370.516226083172,-2529.3948927498395,2026-07-28
13.0,375,,4347.156702284848,-2292.0987022848476,2026-07-28
13.25,390,,4302.419797311071,-2453.3504639777384,2026-07-28
13.5,405,,4236.548611991732,-1082.1946119917318,2026-07-28
13.75,420,,4149.906253549574,-1280.3209202162411,2026-07-28
14.0,435,,4042.9760344119854,-1779.1413677453197,2026-07-28
14.25,450,,3916.3627808009373,-2723.119447467604,2026-07-28
14.5,465,,3770.795175022548,-2949.6525083558813,2026-07-28
14.75,480,,3607.1292592931477,-3187.465259293148,2026-07-28
15.0,495,,3426.353636575936,-3129.7803032426027,2026-07-28
15.25,510,,3229.596993269917,-2960.8149932699175,2026-07-28
15.5,525,,3018.138802013465,-2863.3661353467983,2026-07-28
15.75,540,,2793.4247156421266,-2708.04204897546,2026-07-28
16.0,555,,2557.0885715484155,-2499.309904881749,2026-07-28
16.25,570,,2310.983795055048,-2263.2064617217147,2026-07-28
16.5,585,,2057.228660234543,-2019.9279935678765,2026-07-28
16.75,600,,1798.2716864839647,-1762.6396864839649,2026-07-28
17.0,615,,1536.986509376394,-1500.2525093763938,2026-07-28
17.25,630,,1276.810238844486,-1241.8762388444861,2026-07-28
17.5,645,,1021.9443042526892,-971.7649709193558,2026-07-28
17.75,660,,777.6400247888831,-733.3200247888832,2026-07-28
8.5,15,,707.0723971525265,-74.98173048585987,2026-07-28
8.75,30,,928.6420311303928,175.409968869607,2026-07-28
9.0,45,,1197.1248646862293,348.4278019804372,2026-07-28
9.25,60,,1516.3136453935851,435.8696879397477,2026-07-28
9.5,75,,1841.9070261278184,-389.38102612781813,2026-07-28
9.75,90,,2104.991013340896,-400.1123466742291,2026-07-28
10.0,105,,2314.8488845164434,-1139.5688845164439,2026-07-28
10.25,120,,2514.059843415015,-1293.5271767483484,2026-07-28
10.5,135,,2700.5283541895737,-2224.008354189574,2026-07-28
10.75,150,,2872.472554103125,-2537.4372207697916,2026-07-28
11.0,165,,3028.395258926225,-2569.733925592892,2026-07-28
11.25,180,,3167.057216084864,-2289.1605494181977,2026-07-28
11.5,195,,3287.452949492499,-2951.862282825832,2026-07-28
11.75,210,,3388.789294989786,-3126.9639616564527,2026-07-28
12.0,225,,3470.466521929841,-2413.831855263174,2026-07-28
12.25,240,,3532.062090044384,-500.3214233777178,2026-07-28
12.5,255,,3573.317113361559,826.7795533051072,2026-07-28
12.75,270,,3594.123890610452,-1753.002557277119,2026-07-28
13.0,285,,3594.511193970656,-1539.453193970657,2026-07-28
13.25,300,,3574.6362797333604,-1725.5669464000275,2026-07-28
13.5,315,,3534.7816116335093,-380.42761163350923,2026-07-28
13.75,330,,3475.3489827394856,-605.7636494061529,2026-07-28
14.0,345,,3396.854585308604,-1133.0199186419381,2026-07-28
14.25,360,,3299.92592708857,-2106.6825937552367,2026-07-28
14.5,375,,3185.3004269261,-2364.157760259434,2026-07-28
14.75,390,,3053.825696431864,-2634.161696431864,2026-07-28
15.0,405,,2906.461867767912,-2609.8885344345786,2026-07-28
15.25,420,,2744.286416613224,-2475.5044166132243,2026-07-28
15.5,435,,2568.502139759337,-2413.7294730926706,2026-07-28
15.75,450,,2380.4495148824485,-2295.0668482157826,2026-07-28
16.0,465,,2181.625032823567,-2123.8463661569003,2026-07-28
16.25,480,,1973.7078481141,-1925.9305147807665,2026-07-28
16.5,495,,1645.782928187634,-1608.4822615209675,2026-07-28
16.75,510,,1288.761375313508,-1253.1293753135083,2026-07-28
17.0,525,,973.4247892717163,-936.6907892717163,2026-07-28
17.25,540,,691.6055460407634,-656.6715460407634,2026-07-28
17.5,555,,459.8749369137102,-409.6956035803769,2026-07-28
17.75,570,,285.80701377805576,-241.4870137780558,2026-07-28
10.0,15,,2665.475915083666,-1490.195915083667,2026-07-28
10.25,30,,2818.722615229165,-1598.1899485624983,2026-07-28
10.5,45,,2958.8748757090866,-2482.354875709087,2026-07-28
10.75,60,,3085.1133566071753,-2750.0780232738416,2026-07-28
11.0,75,,3196.716244380644,-2738.0549110473107,2026-07-28
11.25,90,,3293.055317349148,-2415.1586506824815,2026-07-28
11.5,105,,3373.5937058840723,-3038.0030392174053,2026-07-28
11.75,120,,3437.884830172522,-3176.059496839189,2026-07-28
12.0,135,,3485.5720926172257,-2428.9374259505594,2026-07-28
12.25,150,,3516.3892519391175,-484.64858527245093,2026-07-28
12.5,165,,3530.16153856526,869.9351281014062,2026-07-28
12.75,180,,3526.8059576903056,-1685.684624356973,2026-07-28
13.0,195,,3506.327720173748,-1451.2697201737485,2026-07-28
13.25,210,,3468.821775401337,-1619.7524420680043,2026-07-28
13.5,225,,3414.4774363113247,-260.1234363113245,2026-07-28
13.75,240,,3343.5791405726063,-473.99380723927374,2026-07-28
14.0,255,,3256.507034207009,-992.6723675403429,2026-07-28
14.25,270,,3153.7383731684813,-1960.495039835148,2026-07-28
14.5,285,,3035.8496901756557,-2214.707023508989,2026-07-28
14.75,300,,2903.5198381297364,-2483.8558381297366,2026-07-28
15.0,315,,2757.534348890943,-2460.9610155576097,2026-07-28
15.25,330,,2598.791617014745,-2330.009617014745,2026-07-28
15.5,345,,2428.3116048766747,-2273.5389382100084,2026-07-28
15.75,360,,2247.24828977721,-2161.8656231105433,2026-07-28
16.0,375,,2056.907400772424,-1999.1287341057573,2026-07-28
16.25,390,,1858.7716911497528,-1810.9943578164193,2026-07-28
16.5,405,,1654.53733426921,-1617.2366676025433,2026-07-28
16.75,420,,1393.6605570250729,-1358.028557025073,2026-07-28
17.0,435,,1011.8494520061263,-975.1154520061262,2026-07-28
17.25,450,,702.2456313644674,-667.3116313644674,2026-07-28
17.5,465,,451.35873437827115,-401.1794010449379,2026-07-28
17.75,480,,267.96195445784684,-223.64195445784682,2026-07-28
11.5,15,,731.6336588225238,-396.042992155857,2026-07-28
11.75,30,,979.8197460687376,-717.9944127354044,2026-07-28
12.0,45,,1203.3387757394148,-146.7041090727481,2026-07-28
12.25,60,,1401.1454777185247,1630.5951889481416,2026-07-28
12.5,75,,1572.6656166722994,2827.4310499943667,2026-07-28
12.75,90,,1717.7187679961019,123.40256533723081,2026-07-28
13.0,105,,1836.4495278544396,218.6084721455599,2026-07-28
13.25,120,,1929.270427022445,-80.20109368911199,2026-07-28
13.5,135,,1996.8158053238376,1157.5381946761624,2026-07-28
13.75,150,,2039.9018944357704,829.6834388975625,2026-07-28
14.0,165,,2059.493649610868,204.34101705579798,2026-07-28
14.25,180,,2056.6781126052283,-863.4347792718953,2026-07-28
14.5,195,,2032.643593345027,-1211.5009266783604,2026-07-28
14.75,210,,1988.6640784546298,-1569.0000784546298,2026-07-28
15.0,225,,1926.0885530790329,-1629.5152197456994,2026-07-28
15.25,240,,1846.3350587095613,-1577.5530587095614,2026-07-28
15.5,255,,1750.8895218285877,-1596.1168551619212,2026-07-28
15.75,270,,1641.309848903023,-1555.9271822363564,2026-07-28
16.0,285,,1519.2361205257243,-1461.4574538590578,2026-07-28
16.25,300,,1386.4083233907286,-1338.6309900573951,2026-07-28
16.5,315,,1234.3371961407256,-1197.036529474059,2026-07-28
16.75,330,,1048.991817115646,-1013.3598171156461,2026-07-28
17.0,345,,870.9590219799568,-834.2250219799568,2026-07-28
17.25,360,,691.6055460407634,-656.6715460407634,2026-07-28
17.5,375,,510.9721521263446,-460.7928187930113,2026-07-28
17.75,390,,356.4183446949048,-312.0983446949048,2026-07-28
13.0,15,,2535.841409666161,-480.7834096661616,2026-07-28
13.25,30,,2689.0123733194196,-839.943039986087,2026-07-28
13.5,45,,2824.3657413278215,329.9882586721785,2026-07-28
13.75,60,,2766.6041690330494,102.98116430028337,2026-07-28
14.0,75,,2526.860021507491,-263.025354840825,2026-07-28
14.25,90,,2284.544955467213,-1091.30162213388,2026-07-28
14.5,105,,2042.514053137213,-1221.3713864705464,2026-07-28
14.75,120,,1953.8616821171224,-1534.1976821171224,2026-07-28
15.0,135,,1713.176818287968,-1416.6034849546347,2026-07-28
15.25,150,,1614.7984966349588,-1346.0164966349591,2026-07-28
15.5,165,,1383.313617589505,-1228.5409509228382,2026-07-28
15.75,180,,1280.3196613359748,-1194.9369946693082,2026-07-28
16.0,195,,1065.4535714785065,-1007.6749048118398,2026-07-28
16.25,210,,962.9099146062701,-915.1325812729368,2026-07-28
16.5,225,,771.4607475879536,-734.160080921287,2026-07-28
16.75,240,,674.3518824314868,-638.7198824314869,2026-07-28
17.0,255,,512.3288364587982,-475.5948364587981,2026-07-28
17.25,270,,372.4029863296418,-337.4689863296418,2026-07-28
17.5,285,,280.9315759404189,-230.7522426070856,2026-07-28
17.75,300,,213.0860716563592,-168.7660716563592,2026-07-28
14.5,15,,1571.164656259395,-750.0219895927285,2026-07-28
14.75,30,,1502.9705247054783,-1083.3065247054783,2026-07-28
15.0,45,,1427.6473485733065,-1131.0740152399733,2026-07-28
15.25,60,,1345.6654138624656,-1076.8834138624657,2026-07-28
15.5,75,,1257.5578341722771,-1102.7851675056104,2026-07-28
15.75,90,,1163.9269648508862,-1078.5442981842195,2026-07-28
16.0,105,,1065.4535714785065,-1007.6749048118398,2026-07-28
16.25,120,,962.9099146062701,-915.1325812729368,2026-07-28
16.5,135,,771.4607475879536,-734.160080921287,2026-07-28
16.75,150,,674.3518824314868,-638.7198824314869,2026-07-28
17.0,165,,512.3288364587982,-475.5948364587981,2026-07-28
17.25,180,,425.60341294816203,-390.669412948162,2026-07-28
17.5,195,,298.0670887403677,-247.8877554070344,2026-07-28
17.75,210,,218.278344113681,-173.958344113681,2026-07-28
16.0,15,,85.2362857182805,-27.457619051613896,2026-07-28
16.25,30,,77.0327931685016,-29.255459835168306,2026-07-28
16.5,45,,159.8980563782449,-122.5973897115783,2026-07-28
16.75,60,,173.33061451545882,-137.6986145154589,2026-07-28
17.0,75,,173.4593860501065,-136.72538605010647,2026-07-28
17.25,90,,162.6542108168653,-127.7202108168653,2026-07-28
17.5,105,,59.6134177480735,-9.434084414740203,2026-07-28
17.75,120,,45.3623347793515,-1.042334779351499,2026-07-28
7.0,15,,228.6461748747608,208.5071584585725,2026-07-29
7.25,30,,352.62754718832974,267.23711947833687,2026-07-29
7.5,45,,559.3606938305388,129.95463950279463,2026-07-29
7.75,60,,950.0286502031724,-88.56931686983904,2026-07-29
8.0,75,,1321.9181885095577,-297.0708551762242,2026-07-29
8.25,90,,1582.916250804138,-502.07758413747115,2026-07-29
8.5,105,,1844.387325688587,-757.1966590219204,2026-07-29
8.75,120,,2102.998207959199,-921.1175412925323,2026-07-29
9.0,135,,2355.952687316445,-992.9000206497784,2026-07-29
9.25,150,,2600.8613843727885,-995.5327177061213,2026-07-29
9.5,165,,2717.50034560438,-1014.2846313186656,2026-07-29
9.75,180,,2803.634591387391,-934.0812580540585,2026-07-29
10.0,195,,2859.3538614323447,-813.1551947656778,2026-07-29
10.25,210,,2885.168195496377,-1646.1608621630432,2026-07-29
10.5,225,,3033.634959771581,-2031.0756264382474,2026-07-29
10.75,240,,3167.672487268,-1159.5411539346671,2026-07-29
11.0,255,,3286.4743587363387,-1483.5916920696716,2026-07-29
11.25,270,,3389.343808367872,-2002.463808367872,2026-07-29
11.5,285,,3475.689666427014,-1670.0363330936812,2026-07-29
11.75,300,,3545.023643217849,-1691.3449765511823,2026-07-29
12.0,315,,3596.958541110216,-1661.6145411102161,2026-07-29
12.25,330,,3631.207321131861,-2167.563321131861,2026-07-29
12.5,345,,3647.58303357786,-2120.3150335778596,2026-07-29
12.75,360,,3645.998018607748,-538.6806852744148,2026-07-29
13.0,375,,3626.4597149563288,-1077.9243816229957,2026-07-29
13.25,390,,3589.071419023696,-1832.9867523570292,2026-07-29
13.5,405,,3534.03613131758,-800.8634646509134,2026-07-29
13.75,420,,3461.6569325618757,-462.0069325618759,2026-07-29
14.0,435,,3372.337195374124,-1031.743195374124,2026-07-29
14.25,450,,3266.581680419377,-1420.5963470860436,2026-07-29
14.5,465,,3144.9984939832393,-915.4078273165732,2026-07-29
14.75,480,,3008.302020153602,-1023.4166868202692,2026-07-29
15.0,495,,2857.3172765373397,-933.0006098706733,2026-07-29
15.25,510,,2692.986218978363,-1027.6582189783626,2026-07-29
15.5,525,,2516.3767178517637,-1089.0433845184305,2026-07-29
15.75,540,,2328.695477769538,-989.0608111028716,2026-07-29
16.0,555,,2131.306520045684,-768.2438533790172,2026-07-29
16.25,570,,1925.7575848254417,-837.1415848254418,2026-07-29
16.5,585,,1713.8182232580218,-848.2355565913552,2026-07-29
16.75,600,,1497.5349057186902,-800.047572385357,2026-07-29
17.0,615,,1279.3110865856077,-681.974419918941,2026-07-29
17.25,630,,1062.0241771011931,-577.8888437678597,2026-07-29
17.5,645,,849.1957190466449,-584.3123857133114,2026-07-29
17.75,660,,645.2340212592251,-539.8526879258917,2026-07-29
18.0,675,,455.7595242018933,-407.0995242018934,2026-07-29
8.5,15,,1106.6323954131522,-19.44172874648542,2026-07-29
8.75,30,,1296.848894908173,-114.9682282415061,2026-07-29
9.0,45,,1492.1033686337487,-129.05070196708212,2026-07-29
9.25,60,,1690.5598998423125,-85.23123317564529,2026-07-29
9.5,75,,1890.435023029134,-187.21930874341953,2026-07-29
9.75,90,,2089.9821499433274,-220.4288166099948,2026-07-29
10.0,105,,2260.251147608424,-214.05248094175766,2026-07-29
10.25,120,,2452.3929661719203,-1213.3856328385866,2026-07-29
10.5,135,,2578.589715805844,-1576.030382472511,2026-07-29
10.75,150,,2692.5216141778,-684.3902808444668,2026-07-29
11.0,165,,2793.503204925888,-990.6205382592212,2026-07-29
11.25,180,,2880.942237112691,-1494.062237112691,2026-07-29
11.5,195,,2954.336216462962,-1148.6828831296289,2026-07-29
11.75,210,,3013.270096735172,-1159.5914300685058,2026-07-29
12.0,225,,3057.414759943684,-1122.0707599436842,2026-07-29
12.25,240,,3086.526222962082,-1622.882222962082,2026-07-29
12.5,255,,3100.4455785411806,-1573.17757854118,2026-07-29
12.75,270,,3099.098315816586,8.21901751674714,2026-07-29
13.0,285,,3082.49075771288,-533.9554243795468,2026-07-29
13.25,300,,3050.710706170141,-1294.6260395034744,2026-07-29
13.5,315,,2968.590350306767,-235.4176836401005,2026-07-29
13.75,330,,2907.791823351976,91.85817664802398,2026-07-29
14.0,345,,2799.0398721605225,-458.4458721605227,2026-07-29
14.25,360,,2711.2627947480823,-865.2774614147494,2026-07-29
14.5,375,,2578.898765066256,-349.30809839959,2026-07-29
14.75,390,,2436.724636324418,-451.8393029910852,2026-07-29
15.0,405,,2285.853821229872,-361.53715456320555,2026-07-29
15.25,420,,2127.4591129929067,-462.1311129929062,2026-07-29
15.5,435,,1962.773839924376,-535.4405065910428,2026-07-29
15.75,450,,1769.8085631048489,-430.1738964381825,2026-07-29
16.0,465,,1598.479890034263,-235.41722336759597,2026-07-29
16.25,480,,1425.0606127708268,-336.44461277082695,2026-07-29
16.5,495,,1233.9491207457759,-368.3664540791092,2026-07-29
16.75,510,,1048.2744340030831,-350.7871006697499,2026-07-29
17.0,525,,869.9315388782132,-272.59487221154654,2026-07-29
17.25,540,,690.3157151157756,-206.1803817824422,2026-07-29
17.5,555,,509.5174314279869,-244.63409809465358,2026-07-29
17.75,570,,376.10291865148207,-270.7215853181488,2026-07-29
18.0,585,,265.72610711688236,-217.06610711688248,2026-07-29
10.0,15,,2434.535068706865,-388.33640204019827,2026-07-29
10.25,30,,2666.593323852874,-1427.5859905195402,2026-07-29
10.5,45,,2884.775825544937,-1882.2164922116037,2026-07-29
10.75,60,,3086.8429766227505,-1078.7116432894175,2026-07-29
11.0,75,,3270.922941820073,-1468.0402751534064,2026-07-29
11.25,90,,3435.475503868674,-2048.5955038686743,2026-07-29
11.5,105,,3579.259046129202,-1773.6057127958693,2026-07-29
11.75,120,,3701.3009480300807,-1847.6222813634145,2026-07-29
12.0,135,,3800.8713694346593,-1865.5273694346592,2026-07-29
12.25,150,,3877.4605040777146,-2413.8165040777144,2026-07-29
12.5,165,,3930.7593255062397,-2403.4913255062397,2026-07-29
12.75,180,,3960.642014603369,-853.3246812700357,2026-07-29
13.0,195,,3967.146931410966,-1418.6115980776326,2026-07-29
13.25,210,,3950.4649661986778,-2194.380299532011,2026-07-29
13.5,225,,3910.933274952963,-1177.7606082862965,2026-07-29
13.75,240,,3849.0269910115326,-849.3769910115327,2026-07-29
14.0,255,,3765.352236277991,-1424.758236277991,2026-07-29
14.25,270,,3660.6414168187353,-1814.656083485402,2026-07-29
14.5,285,,3535.7506293791403,-1306.1599627124738,2026-07-29
14.75,300,,3391.6591624848415,-1406.7738291515086,2026-07-29
15.0,315,,3229.471466133132,-1305.1547994664654,2026-07-29
15.25,330,,3050.422069284802,-1385.0940692848017,2026-07-29
15.5,345,,2855.884164756076,-1428.550831422743,2026-07-29
15.75,360,,2647.3832223390114,-1307.748555672345,2026-07-29
16.0,375,,2426.617407281034,-1063.5547406143671,2026-07-29
16.25,390,,2195.487440529584,-1106.871440529584,2026-07-29
16.5,405,,1936.6145922815647,-1071.0319256148982,2026-07-29
16.75,420,,1482.5595566615034,-785.07222332817,2026-07-29
17.0,435,,1074.6213127319104,-477.2846460652437,2026-07-29
17.25,450,,743.4169239708351,-259.2815906375017,2026-07-29
17.5,465,,475.54960266612113,-210.6662693327878,2026-07-29
17.75,480,,316.9106113348712,-211.5292780015379,2026-07-29
18.0,495,,223.97165737305062,-175.3116573730507,2026-07-29
11.5,15,,1564.0603498921564,241.59298344117653,2026-07-29
11.75,30,,1701.6113487445677,152.06731792209882,2026-07-29
12.0,45,,1870.4184413773123,64.92555862268756,2026-07-29
12.25,60,,1997.1640266225238,-533.5200266225237,2026-07-29
12.5,75,,2115.5981594751584,-588.330159475158,2026-07-29
12.75,90,,2187.598811164649,919.7185221686843,2026-07-29
13.0,105,,2248.405023272924,300.13031006040916,2026-07-29
13.25,120,,2261.1149939849283,-505.03032731826147,2026-07-29
13.5,135,,2226.442762730075,506.7299039365913,2026-07-29
13.75,150,,2146.2272981883634,853.4227018116364,2026-07-29
14.0,165,,2023.4023172244742,317.1916827755257,2026-07-29
14.25,180,,1894.6173746432385,-48.63204130990528,2026-07-29
14.5,195,,1761.1991566306142,468.39151003605207,2026-07-29
14.75,210,,1624.4830908829451,360.40224245038763,2026-07-29
15.0,225,,1485.8049837994167,438.5116828672497,2026-07-29
15.25,240,,1346.4931094891815,318.8348905108189,2026-07-29
15.5,255,,1207.8608245688465,219.47250876448666,2026-07-29
15.75,270,,1047.9129649962922,291.72170167037416,2026-07-29
16.0,285,,895.1487384191872,467.9139282474798,2026-07-29
16.25,300,,796.2861739234019,292.32982607659795,2026-07-29
16.5,315,,711.8204662775098,153.7622003891568,2026-07-29
16.75,330,,624.4331198286716,73.05421350466167,2026-07-29
17.0,345,,535.2821160134089,62.05455065325782,2026-07-29
17.25,360,,445.7160981948869,38.41923513844653,2026-07-29
17.5,375,,357.34767155244504,-92.46433821911171,2026-07-29
17.75,390,,272.15786173145017,-166.77652839811688,2026-07-29
18.0,405,,192.6362205144205,-143.97622051442062,2026-07-29
13.0,15,,2584.3088628281025,-35.77352949476919,2026-07-29
13.25,30,,2650.5503686485745,-894.4657019819076,2026-07-29
13.5,45,,2544.5060145486573,188.66665211800938,2026-07-29
13.75,60,,2423.1598527933133,576.4901472066865,2026-07-29
14.0,75,,2293.1892928544044,47.40470714559564,2026-07-29
14.25,90,,2123.2780922725947,-277.2927589392618,2026-07-29
14.5,105,,1981.3490512094409,248.24161545722535,2026-07-29
14.75,120,,1804.9812120921608,179.90412124117182,2026-07-29
15.0,135,,1657.244020391657,267.0726462750095,2026-07-29
15.25,150,,1508.0722826278834,157.25571737211698,2026-07-29
15.5,165,,1358.8434276399523,68.48990569338076,2026-07-29
15.75,180,,1210.9216484401597,128.7130182265066,2026-07-29
16.0,195,,1065.653260022842,297.40940664382487,2026-07-29
16.25,210,,924.363640716212,164.2523592837878,2026-07-29
16.5,225,,771.21820046611,94.3644662005566,2026-07-29
16.75,240,,628.9646604018499,68.5226729314834,2026-07-29
17.0,255,,495.1307985720475,102.20586809461923,2026-07-29
17.25,270,,412.6285781830395,71.50675515029393,2026-07-29
17.5,285,,331.063189256552,-66.17985592321868,2026-07-29
17.75,300,,252.30200170344918,-146.9206683701159,2026-07-29
18.0,315,,178.6831134429615,-130.0231134429616,2026-07-29
14.5,15,,1824.0991265102784,405.4915401563879,2026-07-29
14.75,30,,1804.9812120921608,179.90412124117182,2026-07-29
15.0,45,,1771.5367114531507,152.77995521351585,2026-07-29
15.25,60,,1615.7917313870175,49.53626861298277,2026-07-29
15.5,75,,1459.4984963540228,-32.16516302068961,2026-07-29
15.75,90,,1397.2172866617227,-57.582619995056426,2026-07-29
16.0,105,,1321.410042428324,41.65262423834304,2026-07-29
16.25,120,,1155.454550895265,-66.83855089526514,2026-07-29
16.5,135,,994.0145694896528,-128.43190282298622,2026-07-29
16.75,150,,823.6441981452797,-126.15686481194643,2026-07-29
17.0,165,,665.241765024516,-67.9050983578493,2026-07-29
17.25,180,,531.0120885505966,-46.876755217263145,2026-07-29
17.5,195,,382.1380735709901,-117.2547402376568,2026-07-29
17.75,210,,258.09360850369,-152.71227517035672,2026-07-29
18.0,225,,180.1475950624513,-131.4875950624514,2026-07-29
16.0,15,,1065.653260022842,297.40940664382487,2026-07-29
16.25,30,,962.8787924127208,125.73720758727902,2026-07-29
16.5,45,,856.909111629011,8.673555037655545,2026-07-29
16.75,60,,748.7674528593451,-51.28011952601186,2026-07-29
17.0,75,,626.8624324269477,-29.525765760280986,2026-07-29
17.25,90,,520.3918467795846,-36.25651344625119,2026-07-29
17.5,105,,407.6139451423895,-142.73061180905623,2026-07-29
17.75,120,,309.712330204428,-204.3309968710947,2026-07-29
18.0,135,,205.091785890852,-156.4317858908521,2026-07-29
7.0,15,,226.86317094023912,171.7868290597609,2026-07-30
7.25,30,,350.9923576120262,105.39097572130702,2026-07-30
7.5,45,,557.7905749603214,-442.81807496032144,2026-07-30
7.75,60,,948.4483107066908,-150.93558343396353,2026-07-30
8.0,75,,1320.718087112029,-467.33408711202895,2026-07-30
8.25,90,,1582.3041741463494,-884.2166741463494,2026-07-30
8.5,105,,1844.359839998429,-695.0548399984289,2026-07-30
8.75,120,,2103.5397083871394,-1019.878375053806,2026-07-30
9.0,135,,2357.039627756232,-383.77762775623216,2026-07-30
9.25,150,,2602.464857332163,-1424.148190665496,2026-07-30
9.5,165,,2837.739876184203,-677.5438761842025,2026-07-30
9.75,180,,3061.046276065305,-1029.8682760653048,2026-07-30
10.0,195,,3270.779807919219,-343.1164745858859,2026-07-30
10.25,210,,3465.52060301398,-703.3779363473136,2026-07-30
10.5,225,,3644.012320708208,-1996.2903207082081,2026-07-30
10.75,240,,3805.147577893704,-1342.1969112270374,2026-07-30
11.0,255,,3947.9578381821357,-1523.290504848803,2026-07-30
11.25,270,,4071.606319180404,-1660.6309858470709,2026-07-30
11.5,285,,4175.38310762362,-2426.9417742902874,2026-07-30
11.75,300,,4258.701892660303,-1812.7832259936367,2026-07-30
12.0,315,,4321.097818281505,-2110.6091516148385,2026-07-30
12.25,330,,4362.226356470094,-1627.330356470094,2026-07-30
12.5,345,,4381.863151450684,-2138.2564847840176,2026-07-30
12.75,360,,4379.902956496171,-702.3762898295045,2026-07-30
13.0,375,,4356.355016510192,-2780.829683176859,2026-07-30
13.25,390,,4311.343909044128,-2001.8232423774616,2026-07-30
13.5,405,,4245.1138231797395,-1911.4658231797393,2026-07-30
13.75,420,,4158.029132056292,-1922.9397987229584,2026-07-30
14.0,435,,4050.57470357412,-499.3273702407857,2026-07-30
14.25,450,,3923.357224462886,-1731.4805577962197,2026-07-30
14.5,465,,3777.107557556744,-1293.3722242234107,2026-07-30
14.75,480,,3612.684276159951,-1038.273609493285,2026-07-30
15.0,495,,3431.078918701105,-283.47291870110513,2026-07-30
15.25,510,,3233.4235999348202,-1241.5235999348201,2026-07-30
15.5,525,,3021.0018552075044,-1654.8118552075039,2026-07-30
15.75,540,,2795.26425992898,-1909.2609265956467,2026-07-30
16.0,555,,2557.8507929385723,-2216.8338698616494,2026-07-30
16.25,570,,2310.6228130455443,-2130.667479712211,2026-07-30
16.5,585,,2055.7092445019825,-1441.1739111686493,2026-07-30
16.75,600,,1795.5734797057341,-741.0654797057341,2026-07-30
17.0,615,,1533.1107303974347,-231.9107303974348,2026-07-30
17.25,630,,1271.790516453307,-31.621183119973306,2026-07-30
17.5,645,,863.4847646464923,264.1812353535078,2026-07-30
17.75,660,,494.508895207598,200.1074684287657,2026-07-30
18.0,675,,325.798028468234,110.96063819843255,2026-07-30
18.25,690,,204.9597958795073,60.344204120492684,2026-07-30
18.5,705,,26.597918840973,152.04474782569358,2026-07-30
8.5,15,,1362.1869870732567,-212.88198707325657,2026-07-30
8.75,30,,1617.9837248923272,-534.3223915589941,2026-07-30
9.0,45,,1876.6253431507369,96.63665684926315,2026-07-30
9.25,60,,2134.0538587759347,-955.7371921092677,2026-07-30
9.5,75,,2386.668739543817,-226.47273954381663,2026-07-30
9.75,90,,2631.2976161828815,-600.1196161828815,2026-07-30
10.0,105,,2865.163352685914,62.49998064741868,2026-07-30
10.25,120,,3085.8508318732997,-323.70816520663357,2026-07-30
10.5,135,,3291.2750731838255,-1643.5530731838255,2026-07-30
10.75,150,,3479.6516765178567,-1016.7010098511904,2026-07-30
11.0,165,,3649.470052073084,-1224.8027187397513,2026-07-30
11.25,180,,3799.4694196213254,-1388.4940862879923,2026-07-30
11.5,195,,3928.617606306481,-2180.1762729731477,2026-07-30
11.75,210,,4036.0925406338774,-1590.1738739672107,2026-07-30
12.0,225,,4121.266203077828,-1910.7775364111626,2026-07-30
12.25,240,,4183.6910291845425,-1448.7950291845425,2026-07-30
12.5,255,,4223.088723876851,-1979.4820572101842,2026-07-30
12.75,270,,4239.339620530983,-561.8129538643162,2026-07-30
13.0,285,,4232.469883232534,-2656.944549899201,2026-07-30
13.25,300,,4202.645150189625,-1893.1244835229593,2026-07-30
13.5,315,,4150.1686675284745,-1816.520667528474,2026-07-30
13.75,330,,4075.47683981753,-1840.3875064841966,2026-07-30
14.0,345,,3979.135379141708,-427.8880458083738,2026-07-30
14.25,360,,3861.8371964005078,-1669.960529733842,2026-07-30
14.5,375,,3724.401968526348,-1240.6666351930146,2026-07-30
14.75,390,,3567.777440833917,-993.3667741672507,2026-07-30
15.0,405,,3393.0429249751232,-245.43692497512293,2026-07-30
15.25,420,,3201.415555779169,-1209.5155557791693,2026-07-30
15.5,435,,2994.260118003778,-1628.0701180037775,2026-07-30
15.75,450,,2773.103924063386,-1887.1005907300523,2026-07-30
16.0,465,,2539.658659225159,-2198.641736148236,2026-07-30
16.25,480,,2295.852016250653,-2115.896682917319,2026-07-30
16.5,495,,2043.8736695754742,-1429.338336242141,2026-07-30
16.75,510,,1786.242056376942,-731.7340563769419,2026-07-30
17.0,525,,1525.9016550354447,-224.70165503544482,2026-07-30
17.25,540,,1081.0219389853112,159.1473943480226,2026-07-30
17.5,555,,694.1740264805134,433.49197351948663,2026-07-30
17.75,570,,391.75380009952573,302.86256353683797,2026-07-30
18.0,585,,231.95877076668307,204.79989589998348,2026-07-30
18.25,600,,76.8599234548152,188.4440765451848,2026-07-30
18.5,615,,20.6872702096457,157.9553964570209,2026-07-30
10.0,15,,1962.467884751531,965.1954485818018,2026-07-30
10.25,30,,2108.191700166837,653.9509664998291,2026-07-30
10.5,45,,2247.1409311033954,-599.4189311033953,2026-07-30
10.75,60,,2378.2172361835646,84.733430483102,2026-07-30
11.0,75,,2467.473648863834,-42.80631553050141,2026-07-30
11.25,90,,2544.7539494877524,-133.77861615441944,2026-07-30
11.5,105,,2609.6144422647626,-861.1731089314294,2026-07-30
11.75,120,,2661.6886829126897,-215.7700162460232,2026-07-30
12.0,135,,2700.6861364259403,-490.1974697592744,2026-07-30
12.25,150,,2726.391472793809,8.504527206190993,2026-07-30
12.5,165,,2738.6644696566773,-495.05780299001054,2026-07-30
12.75,180,,2737.4393478101065,940.0873188565595,2026-07-30
13.0,195,,2686.4189268479518,-1110.8935935146185,2026-07-30
13.25,210,,2658.662077243879,-349.1414105772126,2026-07-30
13.5,225,,2582.4442424343415,-248.7962424343415,2026-07-30
13.75,240,,2494.817479233775,-259.72814590044146,2026-07-30
14.0,255,,2396.590032948021,1154.6573003853134,2026-07-30
14.25,270,,2288.6250476033497,-96.74838093668382,2026-07-30
14.5,285,,2171.836845595128,311.8984877382052,2026-07-30
14.75,300,,2047.187756490639,527.2229101760271,2026-07-30
15.0,315,,1915.6857296081168,1231.9202703918832,2026-07-30
15.25,330,,1751.4377832980276,240.46221670197232,2026-07-30
15.5,345,,1586.02597398394,-219.8359739839395,2026-07-30
15.75,360,,1397.6321299644899,-511.6287966311563,2026-07-30
16.0,375,,1236.29454992031,-895.277626843387,2026-07-30
16.25,390,,1059.0354559792077,-879.0801226458744,2026-07-30
16.5,405,,890.8073392841924,-276.27200595085924,2026-07-30
16.75,420,,718.2293918822935,336.2786081177065,2026-07-30
17.0,435,,590.0037627943227,711.1962372056771,2026-07-30
17.25,450,,489.6186215539038,750.5507117794299,2026-07-30
17.5,465,,391.2192417925242,736.4467582074758,2026-07-30
17.75,480,,296.8755656386739,397.7407979976898,2026-07-30
18.0,495,,209.2269563286954,227.5317103379712,2026-07-30
18.25,510,,56.9332766331964,208.37072336680356,2026-07-30
18.5,525,,22.1649323674775,156.4777342991891,2026-07-30
11.5,15,,3057.790815351865,-1309.3494820185322,2026-07-30
11.75,30,,3196.9368520068065,-751.0181853401399,2026-07-30
12.0,45,,3313.734821906047,-1103.2461552393809,2026-07-30
12.25,60,,3407.6008868905124,-672.7048868905125,2026-07-30
12.5,75,,3478.1902033189976,-1234.5835366523313,2026-07-30
12.75,90,,3525.370242640775,152.15642402589145,2026-07-30
13.0,105,,3549.1946990635042,-1973.669365730171,2026-07-30
13.25,120,,3549.8849015661694,-1240.364234899503,2026-07-30
13.5,135,,3527.8171172021284,-1194.169117202128,2026-07-30
13.75,150,,3483.509568930917,-1248.420235597583,2026-07-30
14.0,165,,3417.611531655921,133.6358016774133,2026-07-30
14.25,180,,3330.895289479136,-1139.01862281247,2026-07-30
14.5,195,,3224.250740411122,-740.5154070777886,2026-07-30
14.75,210,,3098.6825492675293,-524.2718826008633,2026-07-30
15.0,225,,2955.310110557185,192.29588944281505,2026-07-30
15.25,240,,2795.3706922743118,-803.4706922743118,2026-07-30
15.5,255,,2620.226365725136,-1254.0363657251357,2026-07-30
15.75,270,,2431.3759315311,-1545.3725981977664,2026-07-30
16.0,285,,2230.4734559073486,-1889.4565328304257,2026-07-30
16.25,300,,2019.3558470021494,-1839.400513668816,2026-07-30
16.5,315,,1800.0834439766104,-1185.5481106432771,2026-07-30
16.75,330,,1526.2374577498738,-471.72945774987386,2026-07-30
17.0,345,,1111.5052795381403,189.69472046185976,2026-07-30
17.25,360,,763.0743098719843,477.09502346134946,2026-07-30
17.5,375,,491.0011406813387,636.6648593186613,2026-07-30
17.75,390,,291.1808312688574,403.4355323675063,2026-07-30
18.0,405,,205.348836649967,231.40983001669957,2026-07-30
18.25,420,,54.0866128015366,211.2173871984634,2026-07-30
18.5,435,,14.7766215783183,163.8660450883483,2026-07-30
13.0,15,,3448.7810547372355,-1873.255721403902,2026-07-30
13.25,30,,3413.147261326601,-1103.6265946599349,2026-07-30
13.5,45,,3325.339161490796,-991.6911614907957,2026-07-30
13.75,60,,3222.4725773436267,-987.3832440102927,2026-07-30
14.0,75,,3105.4406060734923,445.8067272598418,2026-07-30
14.25,90,,3007.9072054215458,-816.0305387548799,2026-07-30
14.5,105,,2864.3065644805306,-380.5712311471976,2026-07-30
14.75,120,,2709.513207119963,-135.10254045329705,2026-07-30
15.0,135,,2573.3091890258293,574.2968109741709,2026-07-30
15.25,150,,2398.122503284992,-406.22250328499223,2026-07-30
15.5,165,,2240.576375945566,-874.3863759455652,2026-07-30
15.75,180,,2049.8604572812524,-1163.8571239479188,2026-07-30
16.0,195,,1875.7572481549528,-1534.7403250780296,2026-07-30
16.25,210,,1675.201539458019,-1495.2462061246856,2026-07-30
16.5,225,,1490.389202263937,-875.8538689306039,2026-07-30
16.75,240,,1286.827660455776,-232.31966045577602,2026-07-30
17.0,255,,1085.9534340315163,215.24656596848368,2026-07-30
17.25,270,,900.8516158210924,339.31771751224125,2026-07-30
17.5,285,,711.1051002971112,416.5608997028888,2026-07-30
17.75,300,,539.4642493173797,155.15211431898402,2026-07-30
18.0,315,,375.572727261992,61.18593940467459,2026-07-30
18.25,330,,233.4264341961055,31.877565803894477,2026-07-30
18.5,345,,118.212972626547,60.42969404011959,2026-07-30
14.5,15,,2045.933260343236,437.8020729900971,2026-07-30
14.75,30,,1956.87064958664,617.5400170800262,2026-07-30
15.0,45,,1858.501080963099,1289.1049190369013,2026-07-30
15.25,60,,1751.4377832980276,240.46221670197232,2026-07-30
15.5,75,,1611.2009894440025,-245.010989444002,2026-07-30
15.75,90,,1490.807605295456,-604.8042719621225,2026-07-30
16.0,105,,1342.8716662927504,-1001.8547432158274,2026-07-30
16.25,120,,1193.8217867401977,-1013.8664534068645,2026-07-30
16.5,135,,1027.8546222509913,-413.319288917658,2026-07-30
16.75,150,,867.8605151911047,186.64748480889526,2026-07-30
17.0,165,,702.6757514321577,598.5242485678423,2026-07-30
17.25,180,,529.912715188878,710.2566181444557,2026-07-30
17.5,195,,380.9491608734525,746.7168391265475,2026-07-30
17.75,210,,269.66635468718306,424.9500089491806,2026-07-30
18.0,225,,190.2826339096373,246.4760327570293,2026-07-30
18.25,240,,42.699957474897296,222.6040425251027,2026-07-30
18.5,255,,7.3883107891591004,171.2543558775075,2026-07-30
16.0,15,,783.7921934751118,-442.77527039818887,2026-07-30
16.25,30,,731.6972241310888,-551.7418907977553,2026-07-30
16.5,45,,685.2364148339942,-70.70108150066102,2026-07-30
16.75,60,,628.4507178970069,426.0572821029931,2026-07-30
17.0,75,,574.916523899038,726.2834761009619,2026-07-30
17.25,90,,508.71620658132275,731.4531267520109,2026-07-30
17.5,105,,423.2768454149472,704.3891545850529,2026-07-30
17.75,120,,321.109672212726,373.5066914236377,2026-07-30
18.0,135,,203.6237677926463,233.13489887402028,2026-07-30
18.25,150,,113.8665532663929,151.4374467336071,2026-07-30
18.5,165,,44.3298647349551,134.3128019317115,2026-07-30
7.0,15,,215.8671930386883,147.75864029464492,2026-07-31
7.25,30,,335.0566017379576,348.65606492870893,2026-07-31
7.5,45,,508.78091666722156,213.164467948163,2026-07-31
7.75,60,,858.4439910668661,-61.70465773353284,2026-07-31
8.0,75,,1319.6165186027895,-719.7265186027895,2026-07-31
8.25,90,,1581.80211761457,-1350.5081176145702,2026-07-31
8.5,105,,1844.4514079531928,-1046.8240746198596,2026-07-31
8.75,120,,2104.206963548242,-963.4229635482421,2026-07-31
9.0,135,,2358.256839872832,-828.4101732061653,2026-07-31
9.25,150,,2604.2010836671657,11.004249666167532,2026-07-31
9.5,165,,2839.960557416027,-610.25589074936,2026-07-31
9.75,180,,3063.714247041114,-924.806247041114,2026-07-31
10.0,195,,3273.8559576782864,-617.8452910116197,2026-07-31
10.25,210,,3468.9643224397446,-448.98365577307817,2026-07-31
10.5,225,,3647.781821447433,-174.493154780766,2026-07-31
10.75,240,,3809.2001332767536,-993.5087999434206,2026-07-31
11.0,255,,3952.2499772870187,-153.67397728701837,2026-07-31
11.25,270,,4076.0939935639353,-1400.6179935639352,2026-07-31
11.5,285,,4180.021843002071,-1729.3571763354053,2026-07-31
11.75,300,,4263.446933785056,-207.96360045172156,2026-07-31
12.0,315,,4325.904272171486,-1890.4702721714855,2026-07-31
12.25,330,,4367.049327517688,-2264.5826608510215,2026-07-31
12.5,345,,4386.657805130384,-1348.4278051303838,2026-07-31
12.75,360,,4384.624495820119,-698.7444958201188,2026-07-31
13.0,375,,4360.959040124272,-2360.8343734576056,2026-07-31
13.25,390,,4315.78670942747,-331.7367094274699,2026-07-31
13.5,405,,4249.352368869532,-364.19970220286535,2026-07-31
13.75,420,,4162.02115397962,-382.41182064628674,2026-07-31
14.0,435,,4054.278838599936,-488.7448385999362,2026-07-31
14.25,450,,3926.733169859922,-1192.7418365265887,2026-07-31
14.5,465,,3780.1162346083943,-1546.1355679417275,2026-07-31
14.75,480,,3615.2880107856313,-2071.504677452298,2026-07-31
15.0,495,,3433.2416515578743,-1316.7036515578748,2026-07-31
15.25,510,,3235.1111446515893,-158.72514465158895,2026-07-31
15.5,525,,3022.1822333174364,-113.1888999841033,2026-07-31
15.75,540,,2795.9081580356533,-150.06749136898588,2026-07-31
16.0,555,,2557.932213668304,-200.09154700163734,2026-07-31
16.25,570,,2310.120036111424,-192.48003611142383,2026-07-31
16.5,585,,2054.6062873030523,-290.5342873030521,2026-07-31
16.75,600,,1793.8623720947805,-271.72637209478114,2026-07-31
17.0,615,,1530.7951315996763,-147.23846493301008,2026-07-31
17.25,630,,1237.169280723529,-429.61528072352905,2026-07-31
17.5,645,,776.1966189089957,-6.739285575662279,2026-07-31
17.75,660,,447.2913964516016,230.83660354839836,2026-07-31
18.0,675,,310.0400762155609,254.77125711777242,2026-07-31
18.25,690,,194.1500728455225,13.52459382114421,2026-07-31
18.5,705,,21.695480646376698,107.62318602028992,2026-07-31
8.5,15,,691.6692779824474,105.95805535088599,2026-07-31
8.75,30,,876.7529014784343,264.0310985215657,2026-07-31
9.0,45,,1080.867718275048,448.97894839161887,2026-07-31
9.25,60,,1302.1005418335828,1313.1047914997505,2026-07-31
9.5,75,,1538.3119686003479,691.3926980663188,2026-07-31
9.75,90,,1787.1666441073162,351.7413558926836,2026-07-31
10.0,105,,2046.159973548929,609.8506931177377,2026-07-31
10.25,120,,2254.826809585834,765.1538570808323,2026-07-31
10.5,135,,2431.854547631622,1041.4341190350447,2026-07-31
10.75,150,,2602.953424405781,212.73790892755207,2026-07-31
11.0,165,,2799.510400578305,999.0655994216953,2026-07-31
11.25,180,,2887.2332454411207,-211.75724544112074,2026-07-31
11.5,195,,2960.848805459801,-510.18413879313454,2026-07-31
11.75,210,,3019.941578097748,1035.541755235586,2026-07-31
12.0,225,,3064.182192788136,-628.7481927881355,2026-07-31
12.25,240,,3093.3266069916945,-990.8599403250284,2026-07-31
12.5,255,,3107.215945300689,-68.98594530068847,2026-07-31
12.75,270,,3105.775684539251,580.104315460749,2026-07-31
13.0,285,,3089.01265342136,-1088.8879867546932,2026-07-31
13.25,300,,3057.015585844458,927.0344141555418,2026-07-31
13.5,315,,2903.7241187275135,981.4285479391533,2026-07-31
13.75,330,,2774.680769319747,1004.9285640135865,2026-07-31
14.0,345,,2635.281245089959,930.252754910041,2026-07-31
14.25,360,,2454.2082311624517,279.7831021708812,2026-07-31
14.5,375,,2268.0697407650364,-34.08907409836992,2026-07-31
14.75,390,,2108.918006291618,-565.1346729582847,2026-07-31
15.0,405,,1945.5036025494624,171.0343974505375,2026-07-31
15.25,420,,1752.351870019611,1324.0341299803893,2026-07-31
15.5,435,,1561.4608205473419,1347.5325127859912,2026-07-31
15.75,450,,1397.9540790178266,1247.8865876488408,2026-07-31
16.0,465,,1236.3339032730137,1121.506763393653,2026-07-31
16.25,480,,1058.8050165510692,1058.834983448931,2026-07-31
16.5,495,,890.3293911646556,873.7426088353445,2026-07-31
16.75,510,,771.7771490865044,750.3588509134951,2026-07-31
17.0,525,,658.8947892907521,724.6618773759143,2026-07-31
17.25,540,,546.3822593234902,261.17174067650984,2026-07-31
17.5,555,,436.1038546863414,333.3534786469921,2026-07-31
17.75,570,,330.3948034986989,347.73319650130105,2026-07-31
18.0,585,,232.2384168437871,332.57291648954623,2026-07-31
18.25,600,,28.118635789644,179.55603087702272,2026-07-31
18.5,615,,0.0,129.31866666666662,2026-07-31
10.0,15,,3273.8559576782864,-617.8452910116197,2026-07-31
10.25,30,,3455.7172195242033,-435.736552857537,2026-07-31
10.5,45,,3610.385365836197,-137.09669916952993,2026-07-31
10.75,60,,3748.5233353773847,-932.8320020440515,2026-07-31
11.0,75,,3869.4933994236308,-70.91739942363074,2026-07-31
11.25,90,,3972.7222277997193,-1297.246227799719,2026-07-31
11.5,105,,4057.7045394954484,-1607.039872828782,2026-07-31
11.75,120,,4124.00773574812,-68.52440241478597,2026-07-31
12.0,135,,4171.276912542046,-1735.8429125420457,2026-07-31
12.25,150,,4199.240101571116,-2096.7734349044495,2026-07-31
12.5,165,,4207.713634907443,-1169.4836349074417,2026-07-31
12.75,180,,4196.605906386857,-510.725906386857,2026-07-31
13.0,195,,4165.917530212752,-2165.7928635460853,2026-07-31
13.25,210,,4115.745712676193,-131.6957126761933,2026-07-31
13.5,225,,4046.2910835791026,-161.1384169124359,2026-07-31
13.75,240,,3957.860874646455,-178.25154131312138,2026-07-31
14.0,255,,3850.8713707916795,-285.3373707916793,2026-07-31
14.25,270,,3725.850901887101,-991.8595685537679,2026-07-31
14.5,285,,3583.443480018911,-1349.4628133522447,2026-07-31
14.75,300,,3424.4132695764283,-1880.629936243095,2026-07-31
15.0,315,,3249.650447479742,-1133.1124474797423,2026-07-31
15.25,330,,3060.1790949436677,16.206905056332488,2026-07-31
15.5,345,,2857.16798797343,51.82534535990291,2026-07-31
15.75,360,,2641.9457845104153,3.894882156252333,2026-07-31
16.0,375,,2416.0225115280505,-58.18184486138378,2026-07-31
16.25,390,,2181.120117970494,-63.48011797049358,2026-07-31
16.5,405,,1939.2165097717568,-175.14450977175676,2026-07-31
16.75,420,,1674.2715472884622,-152.13554728846267,2026-07-31
17.0,435,,1224.636105279741,158.92056138692533,2026-07-31
17.25,450,,845.9277133152336,-38.37371331523365,2026-07-31
17.5,465,,531.525945557247,237.93138777608635,2026-07-31
17.75,480,,309.7989593924907,368.3290406075093,2026-07-31
18.0,495,,217.6668391362821,347.14449419705124,2026-07-31
18.25,510,,59.0491351582525,148.6255315084142,2026-07-31
18.5,525,,15.910019140676201,113.4086475259904,2026-07-31
11.5,15,,2960.848805459801,-510.18413879313454,2026-07-31
11.75,30,,2913.355404753121,1142.1279285802132,2026-07-31
12.0,45,,2883.936181447657,-448.5021814476569,2026-07-31
12.25,60,,2984.1503738037522,-881.683707137086,2026-07-31
12.5,75,,3107.215945300689,-68.98594530068847,2026-07-31
12.75,90,,3215.391296934754,470.48870306524606,2026-07-31
13.0,105,,3089.01265342136,-1088.8879867546932,2026-07-31
13.25,120,,2949.1209181087715,1034.9290818912284,2026-07-31
13.5,135,,2832.9015792463556,1052.2510874203115,2026-07-31
13.75,150,,2844.0477885527403,935.5615447805934,2026-07-31
14.0,165,,2871.7808440082886,693.7531559917117,2026-07-31
14.25,180,,2683.2676660709462,50.723667262386755,2026-07-31
14.5,195,,2520.077489738929,-286.09682307226245,2026-07-31
14.75,210,,2349.93720701066,-806.153873677327,2026-07-31
15.0,225,,2288.8277677052492,-172.2897677052493,2026-07-31
15.25,240,,2210.659282178586,865.7267178214144,2026-07-31
15.5,255,,2014.7881555449576,894.2051777883755,2026-07-31
15.75,270,,1817.3403027231748,828.5003639434927,2026-07-31
16.0,285,,1598.70763354269,759.1330331239767,2026-07-31
16.25,300,,1501.5780234724255,616.0619765275748,2026-07-31
16.5,315,,1284.128929564407,479.94307043559314,2026-07-31
16.75,330,,1076.3174232568683,445.8185767431311,2026-07-31
17.0,345,,892.9638267664778,490.59283990018855,2026-07-31
17.25,360,,719.0385563179485,88.51544368205144,2026-07-31
17.5,375,,548.399785098747,221.05754823458645,2026-07-31
17.75,390,,383.3926255299442,294.7353744700558,2026-07-31
18.0,405,,246.9660258448335,317.8453074884998,2026-07-31
18.25,420,,140.5931789482202,67.0814877184465,2026-07-31
18.5,435,,57.8546150570047,71.46405160966191,2026-07-31
13.0,15,,3771.103822017417,-1770.97915535075,2026-07-31
13.25,30,,3782.3270005623526,201.72299943764705,2026-07-31
13.5,45,,3767.7981466883175,117.35451997834944,2026-07-31
13.75,60,,3728.130814592996,51.478518740337705,2026-07-31
14.0,75,,3664.087218342568,-98.55321834256792,2026-07-31
14.25,90,,3576.567090290869,-842.5757569575363,2026-07-31
14.5,105,,3466.5998658671842,-1232.6191992005176,2026-07-31
14.75,120,,3335.340035674092,-1791.5567023407589,2026-07-31
15.0,135,,3184.0658951892256,-1067.527895189226,2026-07-31
15.25,150,,3014.18204923538,62.20395076462015,2026-07-31
15.5,165,,2827.2262915432584,81.76704179007466,2026-07-31
15.75,180,,2624.882146481556,20.95852018511124,2026-07-31
16.0,195,,2408.9988135710996,-51.158146904433096,2026-07-31
16.25,210,,2181.621162416664,-63.981162416663736,2026-07-31
16.5,225,,1945.034129213831,-180.96212921383082,2026-07-31
16.75,240,,1701.827783448498,-179.69178344849834,2026-07-31
17.0,255,,1454.9925369755908,-71.43587030892462,2026-07-31
17.25,270,,1067.9837380604824,-260.4297380604824,2026-07-31
17.5,285,,674.9535816599963,94.50375167333713,2026-07-31
17.75,300,,389.78250262211003,288.34549737788996,2026-07-31
18.0,315,,220.71338143627239,344.09795189706097,2026-07-31
18.25,330,,75.92031663203889,131.75435003462783,2026-07-31
18.5,345,,18.8027498935265,110.51591677314012,2026-07-31
14.5,15,,2677.582332847612,-443.60166618094564,2026-07-31
14.75,30,,2560.8290076398216,-1017.0456743064884,2026-07-31
15.0,45,,2403.269156090512,-286.7311560905121,2026-07-31
15.25,60,,2237.618541717349,838.7674582826512,2026-07-31
15.5,75,,2065.1578594335815,843.8354738997518,2026-07-31
15.75,90,,1863.938772023769,781.9018946428984,2026-07-31
16.0,105,,1662.6559388843978,695.184727782269,2026-07-31
16.25,120,,1463.0760228705678,654.5639771294323,2026-07-31
16.5,135,,1267.0072105035479,497.06478949645214,2026-07-31
16.75,150,,1076.3174232568683,445.8185767431311,2026-07-31
17.0,165,,892.9638267664778,490.59283990018855,2026-07-31
17.25,180,,719.0385563179485,88.51544368205144,2026-07-31
17.5,195,,548.399785098747,221.05754823458645,2026-07-31
17.75,210,,383.3926255299442,294.7353744700558,2026-07-31
18.0,225,,246.9660258448335,317.8453074884998,2026-07-31
18.25,240,,140.5931789482202,67.0814877184465,2026-07-31
18.5,255,,65.0864419391303,64.23222472753632,2026-07-31
16.0,15,,2131.61017805692,226.2304886097466,2026-07-31
16.25,30,,1886.5980294909962,231.0419705090041,2026-07-31
16.5,45,,1626.5633107815822,137.50868921841786,2026-07-31
16.75,60,,1375.2944852726653,146.8415147273343,2026-07-31
17.0,75,,1148.0963486997573,235.46031796690903,2026-07-31
17.25,90,,930.5204846467569,-122.96648464675697,2026-07-31
17.5,105,,717.138180513746,52.31915281958743,2026-07-31
17.75,120,,523.9699215575905,154.15807844240948,2026-07-31
18.0,135,,359.2233103197579,205.58802301357542,2026-07-31
18.25,150,,210.8897684223304,-3.2151017556636963,2026-07-31
18.5,165,,101.2455763497582,28.073090316908413,2026-07-31
7.0,15,,62.043515506629696,20.265151160036904,2026-08-01
7.25,30,,175.92187723235082,-30.10921056568422,2026-08-01
7.5,45,,270.62894638570964,47.404386947623664,2026-08-01
7.75,60,,441.8281153748297,110.21655129183682,2026-08-01
8.0,75,,659.3056110059638,95.71305566070276,2026-08-01
8.5,105,,1076.0510292506904,-127.0141061737674,2026-08-01
8.75,120,,1315.6227530735189,-217.77141974018588,2026-08-01
9.0,135,,1573.0668737737965,-283.43154044046327,2026-08-01
9.25,150,,1737.3770764185128,95.81425691482082,2026-08-01
9.5,165,,1894.8731385667456,56.51686143325474,2026-08-01
9.75,180,,2171.4371370696867,-758.3091370696868,2026-08-01
10.0,195,,2320.528125526209,-1390.286125526209,2026-08-01
10.25,210,,2458.9439647796853,-1559.7972981130183,2026-08-01
10.5,225,,2585.7934249622735,-1581.9500916289398,2026-08-01
10.75,240,,2700.2910917047843,-1484.6577583714513,2026-08-01
11.0,255,,2801.750141397332,-393.12814139733155,2026-08-01
11.25,270,,2889.577280896237,985.8980524370958,2026-08-01
11.5,285,,2963.269267867005,-1026.3906012003386,2026-08-01
11.75,300,,3022.4105886012444,-253.94858860124447,2026-08-01
12.0,315,,3066.67193491298,-1049.9512682463128,2026-08-01
12.25,330,,3095.809394036343,-1607.9427273696758,2026-08-01
12.5,345,,3109.664238189004,-144.20757152233722,2026-08-01
12.75,360,,3108.1620591344386,-249.67472580110518,2026-08-01
13.0,375,,3091.3100186979777,-1673.9113520313113,2026-08-01
13.25,390,,3059.1973653021128,-1543.4820319687792,2026-08-01
13.5,405,,3011.998031186875,-22.915364520208037,2026-08-01
13.75,420,,2949.97117409929,-112.91384076595668,2026-08-01
14.0,435,,2873.4614784290607,-1174.0981450957267,2026-08-01
14.25,450,,2782.900109505792,-1670.3094428391255,2026-08-01
14.5,465,,2678.806396654126,-1175.1930633207921,2026-08-01
14.75,480,,2411.8446189698802,-1036.8206189698803,2026-08-01
15.0,495,,2290.175005274309,-669.7830052743091,2026-08-01
15.25,510,,2157.759984699519,-106.50265136618575,2026-08-01
15.5,525,,1889.4921262260932,-1012.3841262260935,2026-08-01
15.75,540,,1747.725513015164,-1501.8175130151642,2026-08-01
16.0,555,,1492.0540865102678,-1181.4207531769346,2026-08-01
16.25,570,,1347.1477094533195,-869.0250427866529,2026-08-01
16.5,585,,1112.187211597058,-434.50387826372463,2026-08-01
16.75,600,,895.9523419338414,-88.73967526717486,2026-08-01
17.0,615,,700.4355736314984,-32.73157363149848,2026-08-01
17.25,630,,527.3871742678648,-115.38850760119807,2026-08-01
17.5,645,,336.2434324238024,-165.68276575713577,2026-08-01
17.75,660,,231.4455246179957,84.3844753820043,2026-08-01
18.0,675,,162.186009938344,177.66199006165598,2026-08-01
18.25,690,,27.7525565282241,221.3327768051091,2026-08-01
18.5,705,,0.0,101.83533333333331,2026-08-01
8.5,15,,860.8408234005526,88.19609967637044,2026-08-01
8.75,30,,999.8732923358745,97.97804099745866,2026-08-01
9.0,45,,1140.4734834860021,149.16184984733104,2026-08-01
9.25,60,,1281.315593858653,551.8757394746805,2026-08-01
9.5,75,,1421.1548539250593,530.2351460749411,2026-08-01
9.75,90,,1533.2545515372365,-120.12655153723651,2026-08-01
10.0,105,,1638.5278899828672,-708.2858899828673,2026-08-01
10.25,120,,1736.2634918647777,-837.116825198111,2026-08-01
10.5,135,,1825.8320586285658,-821.9887252952323,2026-08-01
10.75,150,,1906.6790081793388,-691.0456748460059,2026-08-01
11.0,165,,1978.3193734839824,430.30262651601794,2026-08-01
11.25,180,,2040.3342294917018,1835.141103841631,2026-08-01
11.5,195,,2092.368236143734,-155.4895694770675,2026-08-01
11.75,210,,2134.127998676885,634.3340013231149,2026-08-01
12.0,225,,2165.3809921580673,-148.66032549140007,2026-08-01
12.25,240,,2185.9549894700103,-698.0883228033437,2026-08-01
12.5,255,,2195.7379127217396,769.718753944927,2026-08-01
12.75,270,,2194.677222161871,663.810111171462,2026-08-01
13.0,285,,2182.777974764472,-765.3793080978053,2026-08-01
13.25,300,,2160.1031889552946,-644.3878556219613,2026-08-01
13.5,315,,2126.77567851243,862.3069881542369,2026-08-01
13.75,330,,2048.262127803022,788.7952055303114,2026-08-01
14.0,345,,1961.3230126477229,-261.959679314389,2026-08-01
14.25,360,,1866.758874666184,-754.1682079995173,2026-08-01
14.5,375,,1765.4080615813116,-261.794728247978,2026-08-01
14.75,390,,1658.1431755417925,-283.1191755417928,2026-08-01
15.0,405,,1545.868128560159,74.52387143984107,2026-08-01
15.25,420,,1429.515989863431,621.741343469902,2026-08-01
15.5,435,,1310.0478741834252,-432.9398741834253,2026-08-01
15.75,450,,1165.1503420101096,-919.2423420101097,2026-08-01
16.0,465,,1023.1228021784693,-712.489468845136,2026-08-01
16.25,480,,866.0235275057056,-387.90086083903884,2026-08-01
16.5,495,,718.6440444165605,-40.96071108322719,2026-08-01
16.75,510,,567.4364832247662,239.7761834419002,2026-08-01
17.0,525,,432.9965364267445,234.70746357325544,2026-08-01
17.25,540,,295.3368175900043,116.66184907666238,2026-08-01
17.5,555,,227.09660520608278,-56.535938539416186,2026-08-01
17.75,570,,171.67752946455968,144.1524705354403,2026-08-01
18.0,585,,35.6283666459912,304.2196333540088,2026-08-01
18.25,600,,8.3257669584672,240.75956637486598,2026-08-01
18.5,615,,0.0,101.83533333333331,2026-08-01
10.0,15,,1501.9838991509619,-571.7418991509618,2026-08-01
10.25,30,,1678.3880421359518,-779.2413754692851,2026-08-01
10.5,45,,1825.8320586285658,-821.9887252952323,2026-08-01
10.75,60,,1970.23497511865,-754.6016417853172,2026-08-01
11.0,75,,2143.179321274314,265.44267872568605,2026-08-01
11.25,90,,2210.362081949344,1665.1132513839887,2026-08-01
11.5,105,,2371.350667629565,-434.4720009628986,2026-08-01
11.75,120,,2489.8159984563663,278.6460015436338,2026-08-01
12.0,135,,2526.277824184412,-509.5571575177451,2026-08-01
12.25,150,,2623.1459873640124,-1135.2793206973454,2026-08-01
12.5,165,,2634.8854952660868,330.5711714005799,2026-08-01
12.75,180,,2560.45675918885,298.0305741444833,2026-08-01
13.0,195,,2546.574303891884,-1129.1756372252175,2026-08-01
13.25,210,,2448.116947482668,-932.4016141493346,2026-08-01
13.5,225,,2410.3457689807547,578.7368976859124,2026-08-01
13.75,240,,2256.559971308414,580.4973620249192,2026-08-01
14.0,255,,2198.0344107258957,-498.671077392562,2026-08-01
14.25,270,,2030.509653145673,-917.9189864790063,2026-08-01
14.5,285,,1954.5589253221665,-450.94559198883275,2026-08-01
14.75,300,,1808.8834642274096,-433.85946422740983,2026-08-01
15.0,315,,1717.6312539557318,-97.23925395573185,2026-08-01
15.25,330,,1564.3759889071512,486.8813444261819,2026-08-01
15.5,345,,1385.627559232469,-508.5195592324691,2026-08-01
15.75,360,,1281.6653762111202,-1035.7573762111203,2026-08-01
16.0,375,,1108.383035693342,-797.7497023600087,2026-08-01
16.25,390,,962.2483638952284,-484.1256972285617,2026-08-01
16.5,405,,821.307479333212,-143.62414599987872,2026-08-01
16.75,420,,671.9642564503811,135.2484102162854,2026-08-01
17.0,435,,534.8780744095078,132.82592559049212,2026-08-01
17.25,450,,421.9097394142918,-9.911072747625093,2026-08-01
17.5,465,,294.2130033708271,-123.6523367041605,2026-08-01
17.75,480,,198.1135074567205,117.71649254327951,2026-08-01
18.0,495,,111.3386457687224,228.50935423127757,2026-08-01
18.25,510,,55.5051130564483,193.5802202768849,2026-08-01
18.5,525,,21.2060079630659,80.6293253702674,2026-08-01
11.5,15,,2816.155500764811,-879.2768340981447,2026-08-01
11.75,30,,2829.6993197552465,-61.23731975524649,2026-08-01
12.0,45,,2832.9386474460152,-816.2179807793484,2026-08-01
12.25,60,,2825.8237515688397,-1337.957084902173,2026-08-01
12.5,75,,2808.3031447497765,157.15352191689024,2026-08-01
12.75,90,,2780.3369703366416,78.15036299669175,2026-08-01
13.0,105,,2741.906808848676,-1324.5081421820096,2026-08-01
13.25,120,,2693.02668394149,-1177.3113506081563,2026-08-01
13.5,135,,2633.754231189202,355.32843547746484,2026-08-01
13.75,150,,2564.198550867454,272.8587824658795,2026-08-01
14.0,165,,2484.526586604244,-785.1632532709103,2026-08-01
14.25,180,,2394.968967150964,-1282.3783004842974,2026-08-01
14.5,195,,2295.8255053494945,-792.2121720161608,2026-08-01
14.75,210,,2187.470575579531,-812.4465755795316,2026-08-01
15.0,225,,2003.9031296150208,-383.51112961502065,2026-08-01
15.25,240,,1834.0959869945912,217.16134633874185,2026-08-01
15.5,255,,1637.5598427292816,-760.4518427292818,2026-08-01
15.75,270,,1444.7864240925358,-1198.8784240925356,2026-08-01
16.0,285,,1278.9035027230866,-968.2701693897533,2026-08-01
16.25,300,,1116.208102118465,-638.0854354517982,2026-08-01
16.5,315,,941.081486735972,-263.39815340263874,2026-08-01
16.75,330,,776.4920296759958,30.720636990670624,2026-08-01
17.0,345,,636.7596123922713,30.944387607728665,2026-08-01
17.25,360,,474.6484568410782,-62.64979017441152,2026-08-01
17.5,375,,336.2434324238024,-165.68276575713577,2026-08-01
17.75,390,,222.4381980048309,93.3918019951691,2026-08-01
18.0,405,,133.60637492246698,206.241625077533,2026-08-01
18.25,420,,55.5051130564483,193.5802202768849,2026-08-01
18.5,435,,14.1373386420439,87.6979946912894,2026-08-01
13.0,15,,2835.6063124616885,-1418.2076457950216,2026-08-01
13.25,30,,2783.974837041167,-1268.2595037078338,2026-08-01
13.5,45,,2721.754308158997,267.3283585076702,2026-08-01
13.75,60,,2649.051154296981,188.00617903635208,2026-08-01
14.0,75,,2566.0306691783558,-866.6673358450221,2026-08-01
14.25,90,,2472.92331790322,-1360.3326512365531,2026-08-01
14.5,105,,2370.030636142137,-866.4173028088034,2026-08-01
14.75,120,,2257.7309575159243,-882.7069575159245,2026-08-01
15.0,135,,2136.4854357897425,-516.0934357897424,2026-08-01
15.25,150,,2006.8448708571784,44.4124624761546,2026-08-01
15.5,165,,1869.4579854291371,-992.3499854291372,2026-08-01
15.75,180,,1725.0822027009883,-1479.1742027009882,2026-08-01
16.0,195,,1574.5982315606873,-1263.9648982273538,2026-08-01
16.25,210,,1419.0303232261251,-940.9076565594585,2026-08-01
16.5,225,,1259.5751419080468,-581.8918085747134,2026-08-01
16.75,240,,1097.6434032900333,-290.43073662336684,2026-08-01
17.0,255,,934.9204930727268,-267.2164930727269,2026-08-01
17.25,270,,738.3420439750106,-326.3433773083439,2026-08-01
17.5,285,,462.3347195827283,-291.77405291606175,2026-08-01
17.75,300,,254.2150834340925,61.61491656590751,2026-08-01
18.0,315,,111.3386457687224,228.50935423127757,2026-08-01
18.25,330,,41.6288347923362,207.456498540997,2026-08-01
18.5,345,,11.3098709136351,90.5254624196982,2026-08-01
14.5,15,,1576.2571978404567,-72.64386450712301,2026-08-01
14.75,30,,1507.4028868561747,-132.37888685617506,2026-08-01
15.0,45,,1374.1050031645857,246.28699683541444,2026-08-01
15.25,60,,1294.6559908197112,756.6013425136217,2026-08-01
15.5,75,,1133.6952757356564,-256.58727573565653,2026-08-01
15.75,90,,1048.6353078090985,-802.7273078090986,2026-08-01
16.0,105,,895.2324519061607,-584.5991185728275,2026-08-01
16.25,120,,808.2886256719918,-330.1659590053251,2026-08-01
16.5,135,,684.4228994443434,-6.73956611101012,2026-08-01
16.75,150,,597.3015612892276,209.91110537743884,2026-08-01
17.0,165,,483.9373054181262,183.7666945818738,2026-08-01
17.25,180,,369.1710219875053,42.827644679161395,2026-08-01
17.5,195,,294.2130033708271,-123.6523367041605,2026-08-01
17.75,210,,197.2028353774146,118.62716462258541,2026-08-01
18.0,225,,111.3386457687224,228.50935423127757,2026-08-01
18.25,240,,55.5051130564483,193.5802202768849,2026-08-01
18.5,255,,21.2060079630659,80.6293253702674,2026-08-01
16.0,15,,466.5950946625452,-155.96176132921187,2026-08-01
16.25,30,,438.2354195810817,39.887247085584995,2026-08-01
16.5,45,,427.7643121527146,249.9190211806187,2026-08-01
16.75,60,,447.9761709669206,359.2364956997459,2026-08-01
17.0,75,,445.7317286745899,221.97227132541008,2026-08-01
17.25,90,,421.9097394142918,-9.911072747625093,2026-08-01
17.5,105,,294.2130033708271,-123.6523367041605,2026-08-01
17.75,120,,190.6613125755694,125.1686874244306,2026-08-01
18.0,135,,111.3386457687224,228.50935423127757,2026-08-01
18.25,150,,55.5051130564483,193.5802202768849,2026-08-01
18.5,165,,21.2060079630659,80.6293253702674,2026-08-01
7.0,15,,61.5644430460274,-12.255776379360803,2026-08-02
7.25,30,,120.2311767547191,-8.134510088052508,2026-08-02
7.5,45,,202.44731718799238,-78.3046505213258,2026-08-02
7.75,60,,308.8350328377506,-55.588366171083926,2026-08-02
8.0,75,,418.7724055656547,38.323594434345296,2026-08-02
8.25,90,,502.4879402845428,-110.67727361787621,2026-08-02
8.5,105,,586.3447361624477,-113.29206949578108,2026-08-02
8.75,120,,669.2682541455339,-118.98358747886739,2026-08-02
9.0,135,,750.3600413347089,-194.0047080013755,2026-08-02
9.25,150,,828.8542165417841,-83.97821654178416,2026-08-02
9.5,165,,904.0878595066032,-0.1265261732698031,2026-08-02
9.75,180,,975.4807130855728,-245.57071308557298,2026-08-02
10.0,195,,1042.5211985582494,-417.05253189158253,2026-08-02
10.25,210,,1104.7567512439005,-224.88408457723386,2026-08-02
10.5,225,,1161.7870726630583,-177.44707266305838,2026-08-02
10.75,240,,1213.25942732207,-21.27876065540324,2026-08-02
11.0,255,,1258.8653863960308,227.45061360396912,2026-08-02
11.25,270,,1298.338548744495,-269.5872154111618,2026-08-02
11.5,285,,1331.4529751646864,99.48835816864676,2026-08-02
11.75,300,,1358.0221444534454,81.16185554655497,2026-08-02
12.0,315,,1377.8982694056347,259.957730594365,2026-08-02
12.25,330,,1390.9719300019951,137.8567366646717,2026-08-02
12.5,345,,1397.1719573155663,-491.70329064889927,2026-08-02
12.75,360,,1396.4650268489697,-330.3963601823032,2026-08-02
13.0,375,,1388.8545281516967,-759.5471948183634,2026-08-02
13.25,390,,1374.3807823752911,-613.3167823752912,2026-08-02
13.5,405,,1353.1221206577366,-265.5347873244034,2026-08-02
13.75,420,,1325.1951508018628,-848.6991508018629,2026-08-02
14.0,435,,1290.754910436534,262.08108956346643,2026-08-02
14.25,450,,1249.9952999211862,434.1367000788134,2026-08-02
14.5,465,,1203.149841383232,111.34215861676799,2026-08-02
14.75,480,,1150.4928193071905,847.7145140261422,2026-08-02
15.0,495,,1092.340980229927,692.5156864367397,2026-08-02
15.25,510,,1029.0560000480762,61.215333285257415,2026-08-02
15.5,525,,961.0480073673831,300.3133259659505,2026-08-02
15.75,540,,888.7806699702728,742.1013300297271,2026-08-02
16.0,555,,812.7784965580491,365.9021701086176,2026-08-02
16.25,570,,733.6373097943998,523.9060235389335,2026-08-02
16.5,585,,652.039425433556,375.6432412331103,2026-08-02
16.75,600,,568.7757314524682,330.29026854753187,2026-08-02
17.0,615,,484.77797509276087,219.82002490723917,2026-08-02
17.25,630,,401.1662978095537,-19.928964476220333,2026-08-02
17.5,645,,753.5715117071048,-648.1081783737715,2026-08-02
17.75,660,,537.0879056625604,-449.9419056625604,2026-08-02
18.0,675,,331.1049356798327,-256.48293567983274,2026-08-02
18.25,690,,164.21102803999509,-120.2170280399951,2026-08-02
18.5,705,,55.1920702498059,-48.5747369164726,2026-08-02
8.5,15,,491.9943858467488,-18.94171918008214,2026-08-02
8.75,30,,575.7545934214183,-25.469926754751793,2026-08-02
9.0,45,,643.9646680432403,-87.60933470990683,2026-08-02
9.25,60,,709.8168870032159,35.0591129967841,2026-08-02
9.5,75,,772.7901962503906,131.1711370829428,2026-08-02
9.75,90,,832.4289759357962,-102.51897593579639,2026-08-02
10.0,105,,888.3310128320334,-262.86234616536655,2026-08-02
10.25,120,,940.1394449203384,-60.266778253671774,2026-08-02
10.5,135,,987.5373499387914,-3.197349938791394,2026-08-02
10.75,150,,1030.2441533385588,161.7365133281079,2026-08-02
11.0,165,,1068.0132958464196,418.3027041535803,2026-08-02
11.25,180,,1100.6307300248238,-71.8793966914908,2026-08-02
11.5,195,,1127.9140027905216,303.0273305428115,2026-08-02
11.75,210,,1149.7117507350467,289.47224926495375,2026-08-02
12.0,225,,1165.9034655803184,471.95253441968134,2026-08-02
12.25,240,,1176.3994914876419,352.4291751790249,2026-08-02
12.5,255,,1181.1411979620734,-275.6725312954064,2026-08-02
12.75,270,,1180.1008722909792,-114.0322056243126,2026-08-02
13.0,285,,1173.2809687762092,-543.9736354428757,2026-08-02
13.25,300,,1160.7144682250103,-399.6504682250104,2026-08-02
13.5,315,,1142.4659366852934,-54.87860335196015,2026-08-02
13.75,330,,1118.631873626651,-642.1358736266509,2026-08-02
14.0,345,,1089.3409431715183,463.4950568284819,2026-08-02
14.25,360,,1054.75442303659,629.3775769634095,2026-08-02
14.5,375,,1015.0669125000005,299.4250874999995,2026-08-02
14.75,390,,970.5073481864774,1027.6999851468554,2026-08-02
15.0,405,,921.3404793103084,863.5161873563584,2026-08-02
15.25,420,,867.8689798556205,222.4023534777131,2026-08-02
15.5,435,,810.4364423341927,450.9248909991408,2026-08-02
15.75,450,,749.4316818866043,881.4503181133956,2026-08-02
16.0,465,,685.2949015212362,493.3857651454305,2026-08-02
16.25,480,,615.5857048003859,641.9576285329474,2026-08-02
16.5,495,,512.9230887121379,514.7595779545284,2026-08-02
16.75,510,,417.5959009165443,481.47009908345575,2026-08-02
17.0,525,,317.7898536821081,386.80814631789195,2026-08-02
17.25,540,,231.42179586779548,149.8155374655379,2026-08-02
17.5,555,,167.4603359349121,-61.997002601578814,2026-08-02
17.75,570,,113.736262375601,-26.590262375600997,2026-08-02
18.0,585,,66.2209871359665,8.401012864033497,2026-08-02
18.25,600,,32.842205607999,11.151794392001001,2026-08-02
18.5,615,,13.7980175624514,-7.180684229118101,2026-08-02
10.0,15,,765.4204549564358,-139.95178828976896,2026-08-02
10.25,30,,811.1138807754934,68.75878589117323,2026-08-02
10.5,45,,852.9856188536562,131.3543811463438,2026-08-02
10.75,60,,890.7766903208507,301.2039763458162,2026-08-02
11.0,75,,924.2606463223124,562.0553536776875,2026-08-02
11.25,90,,953.241894785283,75.50943854805014,2026-08-02
11.5,105,,977.5545508456271,453.3867824877061,2026-08-02
11.75,120,,997.0616703871203,442.1223296128801,2026-08-02
12.0,135,,1011.6547478465669,626.2012521534328,2026-08-02
12.25,150,,1021.253446899834,507.57521976683284,2026-08-02
12.5,165,,1025.8055152257916,-120.33684855912463,2026-08-02
12.75,180,,1025.2864859340002,40.78218073266626,2026-08-02
13.0,195,,1019.6988476362201,-390.39151430288666,2026-08-02
13.25,210,,1009.072204175712,-248.0082041757121,2026-08-02
13.5,225,,993.4640663784961,94.12326695483708,2026-08-02
13.75,240,,972.9600478489936,-496.4640478489935,2026-08-02
14.0,255,,947.6739774211737,605.1620225788265,2026-08-02
14.25,270,,917.7482169976444,766.3837830023551,2026-08-02
14.5,285,,883.3542188359272,431.13778116407275,2026-08-02
14.75,300,,844.6933629705176,1153.5139703628151,2026-08-02
15.0,315,,744.712619050584,1040.1440476160828,2026-08-02
15.25,330,,701.5675533698379,388.7037799634957,2026-08-02
15.5,345,,655.2025343306811,606.1587990026525,2026-08-02
15.75,360,,582.6285301251442,1048.2534698748557,2026-08-02
16.0,375,,532.8063005496953,645.8743661169715,2026-08-02
16.25,390,,480.92633187530146,776.6170014580318,2026-08-02
16.5,405,,410.3384709697102,617.344195696956,2026-08-02
16.75,420,,357.9393436427522,541.1266563572478,2026-08-02
17.0,435,,292.3666653875394,412.2313346124606,2026-08-02
17.25,450,,241.9409684072407,139.29636492609268,2026-08-02
17.5,465,,167.4603359349121,-61.997002601578814,2026-08-02
17.75,480,,113.736262375601,-26.590262375600997,2026-08-02
18.0,495,,66.2209871359665,8.401012864033497,2026-08-02
18.25,510,,27.3685046733325,16.625495326667497,2026-08-02
18.5,525,,6.8990087812257,-0.28167544789240057,2026-08-02
11.5,15,,1467.182379324664,-36.241045991330935,2026-08-02
11.75,30,,1468.4753259534612,-29.29132595346062,2026-08-02
12.0,45,,1464.9101781419172,172.9458218580826,2026-08-02
12.25,60,,1456.486105678353,72.34256098831393,2026-08-02
12.5,75,,1443.1900870382337,-537.7214203715666,2026-08-02
12.75,90,,1425.0058027373564,-358.9371360706899,2026-08-02
13.0,105,,1401.9205436144937,-772.6132102811603,2026-08-02
13.25,120,,1373.9323577960458,-612.8683577960459,2026-08-02
13.5,135,,1341.0569638456204,-253.4696305122872,2026-08-02
13.75,150,,1303.3328652736045,-826.8368652736044,2026-08-02
14.0,165,,1260.8255204417417,292.01047955825874,2026-08-02
14.25,180,,1213.6310610310663,470.5009389689332,2026-08-02
14.5,195,,1161.8796897361194,152.61231026388054,2026-08-02
14.75,210,,1105.738891004204,892.4684423291287,2026-08-02
15.0,225,,1045.4166988956329,739.4399677710339,2026-08-02
15.25,240,,981.1652852490979,109.10604808423562,2026-08-02
15.5,255,,913.2851979178615,348.076135415472,2026-08-02
15.75,270,,842.1307765468288,788.7512234531712,2026-08-02
16.0,285,,768.1173988102373,410.5632678564294,2026-08-02
16.25,300,,691.7314860459788,565.8118472873543,2026-08-02
16.5,315,,613.5447303153152,414.1379363513511,2026-08-02
16.75,330,,534.2346094004705,364.8313905995295,2026-08-02
17.0,345,,454.61428537850543,249.98371462149467,2026-08-02
17.25,360,,315.57517618335737,65.66215714997597,2026-08-02
17.5,375,,200.9524031218945,-95.4890697885612,2026-08-02
17.75,390,,113.736262375601,-26.590262375600997,2026-08-02
18.0,405,,52.976789708773204,21.64521029122679,2026-08-02
18.25,420,,21.894803738666,22.099196261333997,2026-08-02
18.5,435,,5.5192070249805,1.0981263083527995,2026-08-02
13.0,15,,1165.3701115842514,-536.062778250918,2026-08-02
13.25,30,,1153.2253762008131,-392.16137620081315,2026-08-02
13.5,45,,1170.8683639460846,-83.28103061275138,2026-08-02
13.75,60,,1146.7029135363136,-670.2069135363136,2026-08-02
14.0,75,,1150.7469725828541,402.08902741714627,2026-08-02
14.25,90,,1114.4085492114252,569.7234507885743,2026-08-02
14.5,105,,1104.192773544909,210.29922645509114,2026-08-02
14.75,120,,1055.8667037131468,942.340629620186,2026-08-02
15.0,135,,1031.1405494546545,753.7161172120121,2026-08-02
15.25,150,,971.4012277428524,118.87010559048117,2026-08-02
15.5,165,,932.4036065475076,328.9577267858259,2026-08-02
15.75,180,,862.2902245852133,768.5917754147866,2026-08-02
16.0,195,,809.8655768355367,368.81508983112997,2026-08-02
16.25,210,,731.0080244504583,526.5353088828749,2026-08-02
16.5,225,,650.7761598962215,376.9065067704448,2026-08-02
16.75,240,,566.3344172668819,332.7315827331181,2026-08-02
17.0,255,,481.689770965475,222.90822903452505,2026-08-02
17.25,270,,397.8750160370189,-16.63768270368554,2026-08-02
17.5,285,,334.92067186982433,-229.45733853649102,2026-08-02
17.75,300,,252.7472497235578,-165.60124972355777,2026-08-02
18.0,315,,176.5892990292441,-101.96729902924412,2026-08-02
18.25,330,,109.4740186933301,-65.4800186933301,2026-08-02
18.5,345,,55.1920702498059,-48.5747369164726,2026-08-02
14.5,15,,1339.8336151335243,-25.3416151335244,2026-08-02
14.75,30,,1261.8406611929204,736.3666721404123,2026-08-02
15.0,45,,1174.35451465669,610.5021520099767,2026-08-02
15.25,60,,1052.351330054757,37.9200032785767,2026-08-02
15.5,75,,932.4036065475076,328.9577267858259,2026-08-02
15.75,90,,815.6799421752017,815.2020578247982,2026-08-02
16.0,105,,703.3043167255978,475.3763499410689,2026-08-02
16.25,120,,596.3486515253738,661.1946818079593,2026-08-02
16.5,135,,495.8256524217332,531.857014244933,2026-08-02
16.75,150,,402.6817615980964,496.38423840190364,2026-08-02
17.0,165,,317.7898536821081,386.80814631789195,2026-08-02
17.25,180,,241.9409684072407,139.29636492609268,2026-08-02
17.5,195,,167.4603359349121,-61.997002601578814,2026-08-02
17.75,210,,113.736262375601,-26.590262375600997,2026-08-02
18.0,225,,66.2209871359665,8.401012864033497,2026-08-02
18.25,240,,32.842205607999,11.151794392001001,2026-08-02
18.5,255,,13.7980175624514,-7.180684229118101,2026-08-02
16.0,15,,1278.7351213192685,-100.05445465260188,2026-08-02
16.25,30,,1115.7490899506995,141.7942433826338,2026-08-02
16.5,45,,940.3589959722528,87.3236706944135,2026-08-02
16.75,60,,775.5352445592966,123.53075544070336,2026-08-02
17.0,75,,610.1565190696475,94.44148093035254,2026-08-02
17.25,90,,473.3627642750362,-92.12543094170283,2026-08-02
17.5,105,,334.92067186982433,-229.45733853649102,2026-08-02
17.75,120,,221.15384350811308,-134.0078435081131,2026-08-02
18.0,135,,132.441974271933,-57.819974271933,2026-08-02
18.25,150,,68.42126168333131,-24.427261683331306,2026-08-02
18.5,165,,27.596035124902897,-20.9787017915696,2026-08-02
7.0,15,,305.4520809814935,-14.697414314826906,2026-08-03
7.25,30,,478.8155118925295,-202.27551189252952,2026-08-03
7.5,45,,673.1290389286282,-187.149705595295,2026-08-03
7.75,60,,881.1806225497749,69.09871078355845,2026-08-03
8.0,75,,1097.3993162652762,-63.5933162652762,2026-08-03
8.25,90,,1317.4399792442246,-65.65531257755764,2026-08-03
8.5,105,,1537.8399340622564,-455.5507673955896,2026-08-03
8.75,120,,1755.7718936035885,-685.1072269369218,2026-08-03
9.0,135,,1968.8739001751144,-738.9672335084479,2026-08-03
9.25,150,,2175.1337623517243,-1014.5310956850573,2026-08-03
9.5,165,,2372.8105675197053,-1247.6125675197054,2026-08-03
9.75,180,,2560.3809658813843,-1169.068299214718,2026-08-03
10.0,195,,2736.502210457566,-1037.8642104575656,2026-08-03
10.25,210,,2899.986643828807,-581.3859771621405,2026-08-03
10.5,225,,3049.7839022334665,-163.2712355667989,2026-08-03
10.75,240,,3184.9685228614676,210.43881047186642,2026-08-03
11.0,255,,3304.731370433117,-887.2593704331168,2026-08-03
11.25,270,,3408.3736420518476,-1015.008975385181,2026-08-03
11.5,285,,3495.3027515632984,-1377.0354182299648,2026-08-03
11.75,300,,3565.0295884990724,-422.9242551657388,2026-08-03
12.0,315,,3617.1667234442175,358.0799432224495,2026-08-03
12.25,330,,3651.4274369519017,-1017.6927702852354,2026-08-03
12.5,345,,3667.6253602997335,-1514.0186936330667,2026-08-03
12.75,360,,3665.673372217879,391.2779611154549,2026-08-03
13.0,375,,3645.580885465455,90.13711453454488,2026-08-03
13.25,390,,3607.454384456509,-488.32838445650896,2026-08-03
13.5,405,,3551.5000408773312,-1056.2020408773312,2026-08-03
13.75,420,,3478.024464010576,-1342.7211306772433,2026-08-03
14.0,435,,3387.435148668674,-938.9711486686738,2026-08-03
14.25,450,,3280.241623794077,-578.7329571274103,2026-08-03
14.5,465,,3157.0574533758413,-137.30945337584143,2026-08-03
14.75,480,,3018.6032444076004,-153.96457774093398,2026-08-03
15.0,495,,2865.7111327078137,106.7957903691088,2026-08-03
15.25,510,,2699.331299091876,331.23803424145757,2026-08-03
15.5,525,,2520.541282466211,-387.2779491328777,2026-08-03
15.75,540,,2330.559435005918,-658.918768339251,2026-08-03
16.0,555,,2130.764255510698,51.22041115596865,2026-08-03
16.25,570,,1922.722150087889,-168.58548342122214,2026-08-03
16.5,585,,1708.2277165559644,-130.86838322263094,2026-08-03
16.75,600,,1489.3624270111068,-177.81176034444047,2026-08-03
17.0,615,,1268.580592325037,64.16340767496264,2026-08-03
17.25,630,,1048.8361873157005,85.94981268429969,2026-08-03
17.5,645,,833.7695876806888,-5.997587680688921,2026-08-03
17.75,660,,627.977895355592,192.9171046444079,2026-08-03
8.5,15,,1737.5853631312448,-655.2961964645781,2026-08-03
8.75,30,,1975.107996882241,-904.4433302155743,2026-08-03
9.0,45,,2206.206045459599,-976.2993787929327,2026-08-03
9.25,60,,2428.919706604593,-1268.3170399379262,2026-08-03
9.5,75,,2641.5651369262137,-1516.367136926214,2026-08-03
9.75,90,,2842.6715301860563,-1451.3588635193896,2026-08-03
10.0,105,,3030.9395707937965,-1332.3015707937966,2026-08-03
10.25,120,,3205.214187046726,-886.6135203800595,2026-08-03
10.5,135,,3364.466735653271,-477.95406898660354,2026-08-03
10.75,150,,3507.78359916819,-112.37626583485616,2026-08-03
11.0,165,,3634.359160714744,-1216.887160714744,2026-08-03
11.25,180,,3743.491611761885,-1350.126945095218,2026-08-03
11.5,195,,3834.580718964217,-1716.3133856308832,2026-08-03
11.75,210,,3907.126935130271,-765.0216017969376,2026-08-03
12.0,225,,3960.731353947187,14.515312719479923,2026-08-03
12.25,240,,3995.096362344677,-1361.3616956780104,2026-08-03
12.5,255,,4010.0267588680695,-1856.4200922014024,2026-08-03
12.75,270,,4005.429864419762,51.52146891357212,2026-08-03
13.0,285,,3981.313697100884,-245.5956971008839,2026-08-03
13.25,300,,3937.788538044587,-818.6625380445869,2026-08-03
13.5,315,,3875.0706111119644,-1379.7726111119641,2026-08-03
13.75,330,,3793.483587308692,-1658.1802539753592,2026-08-03
14.0,345,,3693.4596414325038,-1244.9956414325034,2026-08-03
14.25,360,,3575.541170137548,-874.0325034708811,2026-08-03
14.5,375,,3440.3833489352537,-420.6353489352539,2026-08-03
14.75,390,,3288.7577081136064,-424.1190414469398,2026-08-03
15.0,405,,3121.5572509106746,-149.05032783375205,2026-08-03
15.25,420,,2939.8037247459138,90.76560858741978,2026-08-03
15.5,435,,2744.657888100635,-611.3945547673017,2026-08-03
15.75,450,,2537.4342442458,-865.7935775791332,2026-08-03
16.0,465,,2319.6221369443106,-137.63747027764373,2026-08-03
16.25,480,,2092.915986783758,-338.779320117091,2026-08-03
16.5,495,,1859.2591291981773,-281.8997958648437,2026-08-03
16.75,510,,1620.9076482388982,-309.3569815722319,2026-08-03
17.0,525,,1293.952204171538,38.791795828461815,2026-08-03
17.25,540,,881.0223973451883,253.7636026548118,2026-08-03
17.5,555,,550.2879278692546,277.48407213074523,2026-08-03
17.75,570,,313.988947677796,506.906052322204,2026-08-03
10.0,15,,1231.4259947059047,467.2120052940953,2026-08-03
10.25,30,,1333.9938561612512,984.6068105054151,2026-08-03
10.5,45,,1463.8962730720634,1422.616393594604,2026-08-03
10.75,60,,1592.4842614307336,1802.9230719026004,2026-08-03
11.0,75,,1718.460312625221,699.0116873747792,2026-08-03
11.25,90,,1840.5217667079976,552.8428999586692,2026-08-03
11.5,105,,1922.4165133598144,195.85081997351938,2026-08-03
11.75,120,,2032.0668654444703,1110.0384678888631,2026-08-03
12.0,135,,2097.9566995976465,1877.2899670690206,2026-08-03
12.25,150,,2190.856462171141,442.87820449552527,2026-08-03
12.5,165,,2200.57521617984,-46.96854951317286,2026-08-03
12.75,180,,2199.404023330727,1857.547310002607,2026-08-03
13.0,195,,2187.348531279273,1548.3694687207267,2026-08-03
13.25,210,,2128.39808682934,990.7279131706601,2026-08-03
13.5,225,,2059.870023708852,435.4279762911482,2026-08-03
13.75,240,,1982.473944486028,152.8293888473049,2026-08-03
14.0,255,,1896.9636832544577,551.5003167455428,2026-08-03
14.25,270,,1804.1328930867423,897.3757735799244,2026-08-03
14.5,285,,1704.8110248229543,1314.9369751770455,2026-08-03
14.75,300,,1599.8597195360285,1264.778947130638,2026-08-03
15.0,315,,1490.1697890080632,1482.3371340688593,2026-08-03
15.25,330,,1349.6656495459379,1680.903683787396,2026-08-03
15.5,345,,1209.8598155837813,923.4035177495521,2026-08-03
15.75,360,,1072.0573401027223,599.5833265639448,2026-08-03
16.0,375,,958.843914979814,1223.1407516868526,2026-08-03
16.25,390,,826.7705245377923,927.3661421288746,2026-08-03
16.5,405,,683.2910866223858,894.0682467109477,2026-08-03
16.75,420,,567.5202956736139,744.0303709930524,2026-08-03
17.0,435,,483.9623250288467,848.7816749711529,2026-08-03
17.25,450,,400.54648187755834,734.2395181224417,2026-08-03
17.5,465,,318.7055315069121,509.06646849308765,2026-08-03
17.75,480,,240.2365582993297,580.6584417006703,2026-08-03
11.5,15,,3993.2416193270333,-1874.9742859936998,2026-08-03
11.75,30,,3991.4748654805408,-849.3695321472075,2026-08-03
12.0,45,,3976.9387529294895,-1.6920862628224675,2026-08-03
12.25,60,,3949.654976465979,-1315.9203097993127,2026-08-03
12.5,75,,3909.6015136383403,-1755.994846971673,2026-08-03
12.75,90,,3856.738606455588,200.21272687774604,2026-08-03
13.0,105,,3791.029409256072,-55.31140925607225,2026-08-03
13.25,120,,3712.4607292098044,-593.3347292098041,2026-08-03
13.5,135,,3621.0627212476174,-1125.7647212476174,2026-08-03
13.75,150,,3516.923793378949,-1381.620460045616,2026-08-03
14.0,165,,3400.202773991264,-951.7387739912638,2026-08-03
14.25,180,,3271.1396678228803,-569.6310011562135,2026-08-03
14.5,195,,3130.0654037827603,-110.31740378276034,2026-08-03
14.75,210,,2977.410962503789,-112.77229583712244,2026-08-03
15.0,225,,2813.7165620299133,158.79036104700938,2026-08-03
15.25,240,,2639.641629452951,390.92770388038286,2026-08-03
15.5,255,,2455.9764675303268,-322.71313419699334,2026-08-03
15.75,270,,2263.65705958216,-592.0163929154929,2026-08-03
16.0,285,,2063.784800502267,118.19986616439948,2026-08-03
16.25,300,,1857.653696438934,-103.51702977226718,2026-08-03
16.5,315,,1646.78903347509,-69.42970014175654,2026-08-03
16.75,330,,1433.0031832922,-121.45251662553358,2026-08-03
17.0,345,,1218.477058198245,114.26694180175478,2026-08-03
17.25,360,,985.9060160767584,148.87998392324164,2026-08-03
17.5,375,,616.9894948837097,210.78250511629017,2026-08-03
17.75,390,,351.6676213991315,469.22737860086846,2026-08-03
13.0,15,,4280.092806227878,-544.3748062278781,2026-08-03
13.25,30,,4153.313175879065,-1034.1871758790649,2026-08-03
13.5,45,,4017.634869023742,-1522.3368690237419,2026-08-03
13.75,60,,3872.9322727001318,-1737.628939366799,2026-08-03
14.0,75,,3719.1255383111006,-1270.6615383111002,2026-08-03
14.25,90,,3556.202078920679,-854.6934122540124,2026-08-03
14.5,105,,3384.235075038625,-364.4870750386251,2026-08-03
14.75,120,,3203.399648874337,-338.7609822076705,2026-08-03
15.0,135,,3013.987657669702,-41.480734592779456,2026-08-03
15.25,150,,2816.422077771024,214.14725556230962,2026-08-03
15.5,165,,2611.2721151869328,-478.00878185359966,2026-08-03
15.75,180,,2399.270715626265,-727.630048959598,2026-08-03
16.0,195,,2181.3364753462106,0.6481913204559042,2026-08-03
16.25,210,,1958.602717426852,-204.4660507601852,2026-08-03
16.5,225,,1732.4579960072354,-155.0986626739017,2026-08-03
16.75,240,,1504.6039964165745,-193.0533297499082,2026-08-03
17.0,255,,1277.139731673245,55.60426832675458,2026-08-03
17.25,270,,943.9525685841304,190.8334314158697,2026-08-03
17.5,285,,591.976407253289,235.7955927467108,2026-08-03
17.75,300,,339.1080634920197,481.7869365079802,2026-08-03
14.5,15,,2462.5048136331566,557.2431863668435,2026-08-03
14.75,30,,2384.6965630820046,479.94210358466205,2026-08-03
15.0,45,,2292.568906166251,679.9380169106714,2026-08-03
15.25,60,,2159.4650392735,871.1042940598333,2026-08-03
15.5,75,,1991.2276131483068,142.0357201850264,2026-08-03
15.75,90,,1794.530764954557,-122.89009828789,2026-08-03
16.0,105,,1598.0731916330235,583.9114750336431,2026-08-03
16.25,120,,1384.35994806328,369.7767186033869,2026-08-03
16.5,135,,1195.7594015891748,381.59993174415877,2026-08-03
16.75,150,,997.8728260974416,313.67784056922477,2026-08-03
17.0,165,,824.5773850112741,508.1666149887256,2026-08-03
17.25,180,,650.2784361357342,484.5075638642659,2026-08-03
17.5,195,,500.2617526084132,327.51024739158663,2026-08-03
17.75,210,,345.3878424455756,475.50715755442434,2026-08-03
16.0,15,,1448.9196937472748,733.0649729193918,2026-08-03
16.25,30,,1307.4510620597646,446.6856046069023,2026-08-03
16.5,45,,1144.5125700924962,432.8467632408375,2026-08-03
16.75,60,,982.9792018273306,328.57146483933576,2026-08-03
17.0,75,,824.5773850112741,508.1666149887256,2026-08-03
17.25,90,,681.7435217552053,453.04247824479484,2026-08-03
17.5,105,,533.6125361156409,294.15946388435896,2026-08-03
17.75,120,,395.6260740740229,425.26892592597704,2026-08-03
7.0,15,,136.3977765455408,-13.571776545540912,2026-08-04
7.25,30,,238.3718222404802,-34.6244889071469,2026-08-04
7.5,45,,369.3165524855052,-88.8852191521719,2026-08-04
7.75,60,,526.8717575414821,-132.3910908748155,2026-08-04
8.0,75,,656.638400174595,-10.511733507928334,2026-08-04
8.25,90,,788.6947741228531,-50.6794407895198,2026-08-04
8.5,105,,920.958349045843,-23.643682379176354,2026-08-04
8.75,120,,1051.7307324883768,-130.95873248837685,2026-08-04
9.0,135,,1179.5942895082283,-153.45895617489512,2026-08-04
9.25,150,,1303.3420675715001,-198.5280675715,2026-08-04
9.5,165,,1421.9302976887445,-574.4836310220779,2026-08-04
9.75,180,,1534.4459397089183,-648.4286063755851,2026-08-04
10.0,195,,1640.0843817539483,-275.058381753948,2026-08-04
10.25,210,,1738.1340639481957,-733.7613972815291,2026-08-04
10.5,225,,1827.9657641879905,-947.5677641879905,2026-08-04
10.75,240,,1909.025143774377,-117.15581044104395,2026-08-04
11.0,255,,1980.8275946804904,-996.8869280138235,2026-08-04
11.25,270,,2042.9546392734915,-1530.821305940158,2026-08-04
11.5,285,,2095.051461014415,-1614.7421276810817,2026-08-04
11.75,300,,2136.8252615109895,-1450.7239281776563,2026-08-04
12.0,315,,2168.04418551564,-554.9135188489729,2026-08-04
12.25,330,,2188.5367335872934,-1259.8127335872932,2026-08-04
12.5,345,,2198.19151554006,-1125.6428488733939,2026-08-04
12.75,360,,2196.9565737398907,-1296.519907073224,2026-08-04
13.0,375,,2184.8378968295137,-936.0645634961802,2026-08-04
13.25,390,,2161.8997242140567,110.51294245260968,2026-08-04
13.5,405,,2128.265994679463,354.63067198720387,2026-08-04
13.75,420,,2084.1208204776526,250.93989380806204,2026-08-04
14.0,435,,2029.708782468131,-341.2334491347979,2026-08-04
14.25,450,,1965.3356265821126,-448.5476265821127,2026-08-04
14.5,465,,1891.3694686855565,-501.1388020188898,2026-08-04
14.75,480,,1808.242606368688,-371.71460636868824,2026-08-04
15.0,495,,1716.4542226321182,-62.31555596545179,2026-08-04
15.25,510,,1616.5743164666615,645.694350200005,2026-08-04
15.5,525,,1509.2493249700915,289.28134169657517,2026-08-04
15.75,540,,1395.2102526805998,100.03908065273359,2026-08-04
16.0,555,,1275.284363567236,215.90496976609708,2026-08-04
16.25,570,,1150.4119884981192,404.19934483521394,2026-08-04
16.5,585,,1021.6709459437787,737.6370540562216,2026-08-04
16.75,600,,890.3121697733402,467.8251635599929,2026-08-04
17.0,615,,757.8119950472087,160.7100049527912,2026-08-04
17.25,630,,625.9494624172892,186.12320424937744,2026-08-04
17.5,645,,496.92044045332466,181.2062262133421,2026-08-04
17.75,660,,373.5033794330698,162.22528723359682,2026-08-04
18.0,675,,433.0897771965798,100.71488947008689,2026-08-04
18.25,690,,265.4703358872731,35.71766411272692,2026-08-04
18.5,705,,130.8193352333235,50.32521022122188,2026-08-04
8.5,15,,769.1425345562349,128.17213211043176,2026-08-04
8.75,30,,931.0591435764493,-10.287143576449221,2026-08-04
9.0,45,,1070.7502002851604,-44.614866951827146,2026-08-04
9.25,60,,1179.0863725438849,-74.27237254388474,2026-08-04
9.5,75,,1282.5243280467091,-435.07766138004257,2026-08-04
9.75,90,,1380.347697294127,-494.3303639607939,2026-08-04
10.0,105,,1471.9238175201128,-106.89781752011251,2026-08-04
10.25,120,,1556.6904199267678,-552.3177532601013,2026-08-04
10.5,135,,1634.1469206311851,-753.7489206311851,2026-08-04
10.75,150,,1703.8488400985136,88.02049323481941,2026-08-04
11.0,165,,1765.4043572802939,-781.4636906136273,2026-08-04
11.25,180,,1818.4722454848647,-1306.3389121515315,2026-08-04
11.5,195,,1862.7607642676885,-1382.4514309343551,2026-08-04
11.75,210,,1898.0272075958,-1211.9258742624666,2026-08-04
12.0,225,,1924.077864060613,-310.94719739394594,2026-08-04
12.25,240,,1940.76831248688,-1012.0443124868799,2026-08-04
12.5,255,,1948.0039228025496,-875.455256135883,2026-08-04
12.75,270,,1945.7398832888173,-1045.3032166221506,2026-08-04
13.0,285,,1933.9804266841015,-685.2070933507681,2026-08-04
13.25,300,,1912.779565177254,359.6331014894125,2026-08-04
13.5,315,,1882.242764337226,600.653902329441,2026-08-04
13.75,330,,1842.5276887392097,492.5330255465048,2026-08-04
14.0,345,,1793.8447331771965,-105.36939984386339,2026-08-04
14.25,360,,1736.4578597144464,-219.6698597144464,2026-08-04
14.5,375,,1670.685841044495,-280.4551743778283,2026-08-04
14.75,390,,1596.904002615659,-160.3760026156591,2026-08-04
15.0,405,,1515.5467201212427,138.59194654542372,2026-08-04
15.25,420,,1427.1109724160265,835.15769425064,2026-08-04
15.5,435,,1332.161363719298,466.3693029473688,2026-08-04
15.75,450,,1231.3373381289416,263.9119952043918,2026-08-04
16.0,465,,1107.6618900712324,383.5274432621005,2026-08-04
16.25,480,,960.7717803243204,593.8395530090127,2026-08-04
16.5,495,,819.1229911682859,940.1850088317144,2026-08-04
16.75,510,,669.1934152762398,688.9439180570934,2026-08-04
17.0,525,,531.6276994729967,386.8943005270032,2026-08-04
17.25,540,,397.3010407692974,414.7716258973693,2026-08-04
17.5,555,,282.2036417374951,395.9230249291716,2026-08-04
17.75,570,,187.1598229518871,348.5688437147795,2026-08-04
18.0,585,,108.2724442991449,425.5322223675218,2026-08-04
18.25,600,,53.094067177454605,248.0939328225454,2026-08-04
18.5,615,,19.6229002849985,161.5216451695469,2026-08-04
10.0,15,,876.6232936898457,488.4027063101546,2026-08-04
10.25,30,,958.0629513603384,46.309715306328215,2026-08-04
10.5,45,,1038.1110407829328,-157.7130407829328,2026-08-04
10.75,60,,1116.031693935793,675.8376393975401,2026-08-04
11.0,75,,1191.0939359574274,-207.15326929076073,2026-08-04
11.25,90,,1262.5752837118273,-750.4419503784941,2026-08-04
11.5,105,,1329.7657013903902,-849.4563680570568,2026-08-04
11.75,120,,1356.280261128304,-670.1789277949704,2026-08-04
12.0,135,,1376.0954566727587,237.03520999390815,2026-08-04
12.25,150,,1352.5471071180366,-423.8231071180366,2026-08-04
12.5,165,,1358.51390091211,-285.9652342454435,2026-08-04
12.75,180,,1321.054724586205,-420.61805791953844,2026-08-04
13.0,195,,1313.767627708849,-64.99429437551552,2026-08-04
13.25,210,,1263.8642394010783,1008.548427265588,2026-08-04
13.5,225,,1208.65306674989,1274.243599916777,2026-08-04
13.75,240,,1183.5827981299835,1151.477916155731,2026-08-04
14.0,255,,1118.779515842556,569.6958174907771,2026-08-04
14.25,270,,1050.4697254283578,466.3182745716421,2026-08-04
14.5,285,,979.3431801006436,410.88748656602303,2026-08-04
14.75,300,,906.0971993766598,530.43080062334,2026-08-04
15.0,315,,831.4326185493928,822.7060481172736,2026-08-04
15.25,330,,756.0500410014979,1506.2186256651687,2026-08-04
15.5,345,,680.646459457397,1117.8842072092698,2026-08-04
15.75,360,,605.9124026299867,889.3369307033468,2026-08-04
16.0,375,,532.5297548419386,958.6595784913944,2026-08-04
16.25,390,,461.1704545556737,1093.4408787776595,2026-08-04
16.5,405,,392.49643326813697,1366.8115667318634,2026-08-04
16.75,420,,339.23267436395537,1018.9046589693778,2026-08-04
17.0,435,,288.83118440898954,629.6908155910104,2026-08-04
17.25,450,,238.63499637553028,573.4376702911363,2026-08-04
17.5,465,,189.4875880997754,488.6390785668914,2026-08-04
17.75,480,,74.8639291807548,460.86473748591186,2026-08-04
18.0,495,,43.3089777196579,490.4956889470088,2026-08-04
18.25,510,,13.2735167943636,287.9144832056364,2026-08-04
18.5,525,,0.0,181.14454545454538,2026-08-04
11.5,15,,1224.7841986490432,-744.4748653157101,2026-08-04
11.75,30,,1356.280261128304,-670.1789277949704,2026-08-04
12.0,45,,1448.5215333397462,164.60913332692084,2026-08-04
12.25,60,,1533.7882781942358,-605.0642781942358,2026-08-04
12.5,75,,1574.380223137794,-501.8315564711273,2026-08-04
12.75,90,,1603.3299561111276,-702.8932894444608,2026-08-04
13.0,105,,1620.6691684866664,-371.8958351533328,2026-08-04
13.25,120,,1626.5182424779593,645.894424188707,2026-08-04
13.5,135,,1621.0773362273544,861.8193304393125,2026-08-04
13.75,150,,1566.5066445838015,768.5540697019129,2026-08-04
14.0,165,,1457.8036115524212,230.671721780912,2026-08-04
14.25,180,,1313.087156785448,203.70084321455195,2026-08-04
14.5,195,,1200.4851885104665,189.74547815620002,2026-08-04
14.75,210,,1057.1133992727698,379.4146007272301,2026-08-04
15.0,225,,946.1129797286196,708.0256869380468,2026-08-04
15.25,240,,810.0536153587476,1452.2150513079189,2026-08-04
15.5,255,,705.8555875854488,1092.675079081218,2026-08-04
15.75,270,,605.9124026299867,889.3369307033468,2026-08-04
16.0,285,,532.5297548419386,958.6595784913944,2026-08-04
16.25,300,,441.9550189491874,1112.6563143841456,2026-08-04
16.5,315,,357.3564792717731,1401.9515207282273,2026-08-04
16.75,330,,312.1115123279669,1046.0258210053662,2026-08-04
17.0,345,,266.1884507278985,652.3335492721014,2026-08-04
17.25,360,,220.2544865762431,591.8181800904235,2026-08-04
17.5,375,,175.12170564095518,503.00496102571157,2026-08-04
17.75,390,,49.909286120503204,485.8193805461634,2026-08-04
18.0,405,,21.6544888598289,512.1501778068377,2026-08-04
18.25,420,,7.964110076618101,293.2238899233819,2026-08-04
18.5,435,,0.0,181.14454545454538,2026-08-04
13.0,15,,802.8579947109633,445.9153386223702,2026-08-04
13.25,30,,830.5393573207087,1441.8733093459578,2026-08-04
13.5,45,,853.1668706469811,1629.7297960196859,2026-08-04
13.75,60,,800.6589516761653,1534.4017626095492,2026-08-04
14.0,75,,745.853010561704,942.6223227716291,2026-08-04
14.25,90,,722.1979362319962,794.5900637680038,2026-08-04
14.5,105,,663.4260252294683,726.8046414371983,2026-08-04
14.75,120,,634.2680395636619,802.2599604363379,2026-08-04
15.0,135,,573.401805896133,1080.7368607705334,2026-08-04
15.25,150,,540.0357435724985,1722.232923094168,2026-08-04
15.5,165,,478.973434432983,1319.5572322336836,2026-08-04
15.75,180,,442.7821403834518,1052.4671929498816,2026-08-04
16.0,195,,395.5362218042276,1095.6531115291054,2026-08-04
16.25,210,,358.6545227919021,1195.9568105414312,2026-08-04
16.5,225,,319.9664332204446,1439.3415667795557,2026-08-04
16.75,240,,279.9414576998896,1078.1958756334436,2026-08-04
17.0,255,,239.1160589143582,679.4059410856418,2026-08-04
17.25,270,,198.1187587158445,613.9539079508222,2026-08-04
17.5,285,,157.7071866336205,520.4194800330463,2026-08-04
17.75,300,,87.3412507108806,448.387415955786,2026-08-04
18.0,315,,51.9707732635895,481.8338934030772,2026-08-04
18.25,330,,26.547033588727302,274.6409664112727,2026-08-04
18.5,345,,6.5409667616661,174.6035786928793,2026-08-04
14.5,15,,1516.402343381642,-126.1716767149752,2026-08-04
14.75,30,,1449.7555190026555,-13.227519002655841,2026-08-04
15.0,45,,1347.4942438559124,306.6444228107541,2026-08-04
15.25,60,,1242.0822102167465,1020.1864564499199,2026-08-04
15.5,75,,1134.4107657623283,664.1199009043384,2026-08-04
15.75,90,,1025.3902198353621,469.8591134979713,2026-08-04
16.0,105,,915.9511783281345,575.2381550051986,2026-08-04
16.25,120,,807.0482954724291,747.563037860904,2026-08-04
16.5,135,,699.6675549562442,1059.640445043756,2026-08-04
16.75,150,,594.8385913566575,763.2987419766756,2026-08-04
17.0,165,,480.996489999378,437.525510000622,2026-08-04
17.25,180,,376.39045967617653,435.68220699049016,2026-08-04
17.5,195,,273.9035346275688,404.223132039098,2026-08-04
17.75,210,,187.1598229518871,348.5688437147795,2026-08-04
18.0,225,,108.2724442991449,425.5322223675218,2026-08-04
18.25,240,,53.094067177454605,248.0939328225454,2026-08-04
18.5,255,,19.6229002849985,161.5216451695469,2026-08-04
16.0,15,,1792.8749195157368,-301.6855861824037,2026-08-04
16.25,30,,1547.580233130881,7.031100202452123,2026-08-04
16.5,45,,1319.7337711646192,439.57422883538123,2026-08-04
16.75,60,,1108.0178983812973,250.1194349520357,2026-08-04
17.0,75,,911.5432333317356,6.978766668264358,2026-08-04
17.25,90,,637.772723340188,174.29994332647868,2026-08-04
17.5,105,,398.4051412764636,279.72152539020317,2026-08-04
17.75,120,,224.5917875422645,311.1368791244021,2026-08-04
18.0,135,,108.2724442991449,425.5322223675218,2026-08-04
18.25,150,,39.820550383090904,261.3674496169091,2026-08-04
18.5,165,,10.4655468186658,170.6789986358796,2026-08-04
7.0,15,,213.0912462376574,234.3047537623426,2026-08-05
7.25,30,,336.3085720136329,245.74209465303372,2026-08-05
7.5,45,,522.5138252823334,16.426841384333258,2026-08-05
7.75,60,,896.5370758403877,-315.85907584038785,2026-08-05
8.0,75,,1315.4999058801468,-358.70723921348,2026-08-05
8.25,90,,1580.8402932608874,-201.4402932608872,2026-08-05
8.5,105,,1846.5776346352345,-593.0903013019014,2026-08-05
8.75,120,,2109.29642815267,-748.2997614860034,2026-08-05
9.0,135,,2366.14827889704,-766.4342788970406,2026-08-05
9.25,150,,2614.7096364664135,-949.0463031330798,2026-08-05
9.5,165,,2852.885560825829,-1128.8382274924952,2026-08-05
9.75,180,,3078.8440779522693,-1272.969411285603,2026-08-05
10.0,195,,3290.971136316935,-1247.891802983602,2026-08-05
10.25,210,,3487.839585740268,-1272.3682524069345,2026-08-05
10.5,225,,3668.187584444737,-505.49291777806894,2026-08-05
10.75,240,,3830.903589901141,-971.2522565678072,2026-08-05
11.0,255,,3975.015992549559,-174.9913258828917,2026-08-05
11.25,270,,4099.68587913375,-1075.8478791337498,2026-08-05
11.5,285,,4204.202073687205,-792.9034070205381,2026-08-05
11.75,300,,4287.977841412814,-2310.144508079481,2026-08-05
12.0,315,,4350.54873295941,-2559.5647329594094,2026-08-05
12.25,330,,4391.571394523958,-1752.9060611906236,2026-08-05
12.5,345,,4410.823013600015,-1579.432346933348,2026-08-05
12.75,360,,4408.199940943653,-868.8012742769864,2026-08-05
13.0,375,,4383.714966410981,-1695.978299744313,2026-08-05
13.25,390,,4337.497898205989,-1898.2185648726565,2026-08-05
13.5,405,,4269.79824971292,-1512.3022497129193,2026-08-05
13.75,420,,4180.986229534157,-759.4255628674897,2026-08-05
14.0,435,,4071.5533852439576,-300.34338524395656,2026-08-05
14.25,450,,3942.1140183413113,-28.07068500797838,2026-08-05
14.5,465,,3793.4076144145715,-879.1129477479047,2026-08-05
14.75,480,,3626.3024975557023,-32.21449755570216,2026-08-05
15.0,495,,3441.8012878900017,174.79204544333183,2026-08-05
15.25,510,,3241.0488412755503,-133.5128412755502,2026-08-05
15.5,525,,3025.3436155571153,-250.44494889044788,2026-08-05
15.75,540,,2796.154119463577,-330.8161194635768,2026-08-05
16.0,555,,2555.1425934924787,-625.645260159146,2026-08-05
16.25,570,,2304.199091289965,-270.37309128996515,2026-08-05
16.5,585,,2045.4910635924546,-393.61106359245457,2026-08-05
16.75,600,,1781.5358095481201,-855.5498095481203,2026-08-05
17.0,615,,1515.3070028608947,-782.677002860895,2026-08-05
17.25,630,,1167.033036262811,-390.7677029294777,2026-08-05
17.5,645,,735.1609099344764,42.16175673219025,2026-08-05
17.75,660,,438.9097254542761,125.87760787905711,2026-08-05
18.0,675,,303.6346928427752,186.9433071572247,2026-08-05
18.25,690,,184.97696575129117,188.81836758204213,2026-08-05
18.5,705,,17.7884892974532,195.59817736921343,2026-08-05
8.5,15,,1497.9689993319053,-244.48166599857203,2026-08-05
8.75,30,,1757.8955994489265,-396.89893278225964,2026-08-05
9.0,45,,2018.2924870617685,-418.578487061769,2026-08-05
9.25,60,,2275.4985327062814,-609.8351993729481,2026-08-05
9.5,75,,2526.2848894028625,-802.2375560695288,2026-08-05
9.75,90,,2767.8136038140615,-961.938937147395,2026-08-05
10.0,105,,2997.5997458194274,-954.5204124860942,2026-08-05
10.25,120,,3213.477562324496,-998.0062289911626,2026-08-05
10.5,135,,3413.570469958275,-250.87580329160764,2026-08-05
10.75,150,,3596.264756356069,-736.6134230227352,2026-08-05
11.0,165,,3760.186738503119,39.83792816354814,2026-08-05
11.25,180,,3904.182912052408,-880.3449120524078,2026-08-05
11.5,195,,4027.3028517491857,-616.0041850825193,2026-08-05
11.75,210,,4128.784600124109,-2150.951266790776,2026-08-05
12.0,225,,4208.042206615428,-2417.058206615428,2026-08-05
12.25,240,,4264.655308340349,-1625.9899750070153,2026-08-05
12.5,255,,4298.360429269028,-1466.969762602361,2026-08-05
12.75,270,,4309.042525365239,-769.6438586985721,2026-08-05
13.0,285,,4296.72616997055,-1608.9895033038815,2026-08-05
13.25,300,,4261.570845888201,-1822.2915125548682,2026-08-05
13.5,315,,4203.869138793798,-1446.3731387937978,2026-08-05
13.75,330,,4124.044011057713,-702.4833443910454,2026-08-05
14.0,345,,4022.646372302809,-251.43637230280814,2026-08-05
14.25,360,,3900.353966393016,13.689366940317083,2026-08-05
14.5,375,,3757.9717491999268,-843.6770825332602,2026-08-05
14.75,390,,3596.4339026271555,-2.345902627155283,2026-08-05
15.0,405,,3416.808002992284,199.78533034104996,2026-08-05
15.25,420,,3220.3019694584373,-112.76596945843708,2026-08-05
15.5,435,,3008.2746892553737,-233.37602258870626,2026-08-05
15.75,450,,2782.2519319056337,-316.91393190563355,2026-08-05
16.0,465,,2543.9496647740925,-614.45233144076,2026-08-05
16.25,480,,2295.3079056740617,-261.4819056740618,2026-08-05
16.5,495,,2038.5401842803903,-386.6601842803903,2026-08-05
16.75,510,,1776.2059516390527,-850.2199516390527,2026-08-05
17.0,525,,1511.3171220556685,-778.6871220556686,2026-08-05
17.25,540,,1073.253595848835,-296.9882625155017,2026-08-05
17.5,555,,677.3392653328883,99.98340133377836,2026-08-05
17.75,570,,377.9143930721972,186.872940261136,2026-08-05
18.0,585,,220.06982707623808,270.50817292376183,2026-08-05
18.25,600,,65.274875680593,308.52045765274033,2026-08-05
18.5,615,,16.5178829190637,196.86878374760292,2026-08-05
10.0,15,,1727.759846566391,315.31948676694196,2026-08-05
10.25,30,,1860.1811123948091,355.29022093852427,2026-08-05
10.5,45,,1986.9349415742329,1175.759725092435,2026-08-05
10.75,60,,2106.9969744456275,752.6543588877064,2026-08-05
11.0,75,,2219.383929173504,1580.6407374931632,2026-08-05
11.25,90,,2323.155331509125,700.6826684908751,2026-08-05
11.5,105,,2417.416192370142,993.882474296524,2026-08-05
11.75,120,,2501.320407490808,-523.4870741574748,2026-08-05
12.0,135,,2574.0746670009844,-783.0906670009842,2026-08-05
12.25,150,,2598.3464084266743,40.31892490665933,2026-08-05
12.5,165,,2646.493808160009,184.89685850665794,2026-08-05
12.75,180,,2644.919964566192,894.478702100475,2026-08-05
13.0,195,,2593.698021793164,94.03864487350377,2026-08-05
13.25,210,,2530.207107286827,-90.92777395349394,2026-08-05
13.5,225,,2490.71564566587,266.78035433413027,2026-08-05
13.75,240,,2404.0670819821403,1017.493584684527,2026-08-05
14.0,255,,2307.213584971576,1463.9964150284247,2026-08-05
14.25,270,,2201.013660240566,1713.029673092767,2026-08-05
14.5,285,,2117.985918048136,796.3087486185306,2026-08-05
14.75,300,,1994.4663736556365,1599.6216263443637,2026-08-05
15.0,315,,1864.309030940418,1752.2843023929158,2026-08-05
15.25,330,,1755.5681223575896,1351.9678776424105,2026-08-05
15.5,345,,1613.516594963795,1161.3820717028727,2026-08-05
15.75,360,,1467.9809127183778,997.3570872816222,2026-08-05
16.0,375,,1341.4498615835514,588.0474717497813,2026-08-05
16.25,390,,1190.5028638331487,843.3231361668512,2026-08-05
16.5,405,,1056.837049522768,595.0429504772321,2026-08-05
16.75,420,,905.6140365202943,20.371963479705602,2026-08-05
17.0,435,,770.2810597876216,-37.65105978762173,2026-08-05
17.25,450,,625.1962694265058,151.0690639068275,2026-08-05
17.5,465,,495.6140965850403,281.7085700816264,2026-08-05
17.75,480,,365.5237572337645,199.2635760995687,2026-08-05
18.0,495,,248.5809130522734,241.9970869477265,2026-08-05
18.25,510,,148.826716551752,224.96861678158132,2026-08-05
18.5,525,,69.8833508114235,143.50331585524313,2026-08-05
11.5,15,,2977.9764688617693,433.3221978048969,2026-08-05
11.75,30,,2930.1181916320893,-952.2848582987559,2026-08-05
12.0,45,,2900.36582197294,-1109.3818219729399,2026-08-05
12.25,60,,2854.5214064405723,-215.85607310723853,2026-08-05
12.5,75,,2867.03495884001,-35.64429217334286,2026-08-05
12.75,90,,2828.594962105511,710.8037045611559,2026-08-05
13.0,105,,2776.352812060288,-88.61614539362029,2026-08-05
13.25,120,,2710.936186378744,-271.65685304541086,2026-08-05
13.5,135,,2668.6239060705752,88.87209392942496,2026-08-05
13.75,150,,2578.2748415460637,843.2858251206032,2026-08-05
14.0,165,,2476.861642690074,1294.3483573099268,2026-08-05
14.25,180,,2365.268411004787,1548.774922328546,2026-08-05
14.5,195,,2244.4328385286212,669.8618281380453,2026-08-05
14.75,210,,2115.3431235741596,1478.7448764258406,2026-08-05
15.0,225,,1950.354063137668,1666.2392701956658,2026-08-05
15.25,240,,1809.5856030455154,1297.9503969544846,2026-08-05
15.5,255,,1638.727791760104,1136.1708749065633,2026-08-05
15.75,270,,1467.9809127183778,997.3570872816222,2026-08-05
16.0,285,,1277.5712967462393,651.9260365870933,2026-08-05
16.25,300,,1113.6962274568164,920.1297725431837,2026-08-05
16.5,315,,937.5167374798751,714.3632625201249,2026-08-05
16.75,330,,771.9988508041854,153.98714919581457,2026-08-05
17.0,345,,606.1228011443579,126.50719885564199,2026-08-05
17.25,360,,498.5109024778799,277.7544308554534,2026-08-05
17.5,375,,394.8195339608344,382.5031327058323,2026-08-05
17.75,390,,295.8786341423978,268.9086991909354,2026-08-05
18.0,405,,204.53855505415288,286.039444945847,2026-08-05
18.25,420,,52.219900544474406,321.5754327888589,2026-08-05
18.5,435,,12.7060637838951,200.6806028827715,2026-08-05
13.0,15,,3105.131434541112,-417.3947678744443,2026-08-05
13.25,30,,2963.956897107426,-524.6775637740928,2026-08-05
13.5,45,,2846.53216647528,-89.0361664752799,2026-08-05
13.75,60,,2717.6410491972024,703.9196174694648,2026-08-05
14.0,75,,2544.7208657774736,1226.4891342225274,2026-08-05
14.25,90,,2562.3741119218525,1351.6692214114805,2026-08-05
14.5,105,,2528.9384096097147,385.35625705695196,2026-08-05
14.75,120,,2266.4390609723146,1327.6489390276859,2026-08-05
15.0,135,,2065.080772734001,1551.5125605993326,2026-08-05
15.25,150,,1890.611824077404,1216.924175922596,2026-08-05
15.5,165,,1714.3613821490321,1060.5372845176353,2026-08-05
15.75,180,,1514.5834813761044,950.7545186238957,2026-08-05
16.0,195,,1320.1570066377808,609.340326695552,2026-08-05
16.25,210,,1152.0995456449828,881.7264543550172,2026-08-05
16.5,225,,988.6540140696865,663.2259859303135,2026-08-05
16.75,240,,816.5372460428885,109.4487539571115,2026-08-05
17.0,255,,631.3779178587063,101.25208214129367,2026-08-05
17.25,270,,468.89720206987926,307.36813126345396,2026-08-05
17.5,285,,372.6425015904649,404.68016507620183,2026-08-05
17.75,300,,280.1153009089786,284.6720324243546,2026-08-05
18.0,315,,194.16462141927042,296.41337858072944,2026-08-05
18.25,330,,65.274875680593,308.52045765274033,2026-08-05
18.5,345,,25.4121275677903,187.9745390988763,2026-08-05
14.5,15,,3635.348963813964,-721.0542971472976,2026-08-05
14.75,30,,3444.9873726779174,149.10062732208297,2026-08-05
15.0,45,,3212.3478686973363,404.2454646359976,2026-08-05
15.25,60,,2970.961437835921,136.57456216407883,2026-08-05
15.5,75,,2722.809254001404,52.089412665263346,2026-08-05
15.75,90,,2469.936138859493,-4.598138859492895,2026-08-05
16.0,105,,2235.749769305919,-306.25243597258645,2026-08-05
16.25,120,,1996.9725457846368,36.85345421536312,2026-08-05
16.5,135,,1755.713162916857,-103.83316291685696,2026-08-05
16.75,150,,1514.3054381159022,-588.3194381159022,2026-08-05
17.0,165,,1275.383394074587,-542.753394074587,2026-08-05
17.25,180,,1041.9937823775097,-265.7284490441764,2026-08-05
17.5,195,,826.0234943084005,-48.70082764173378,2026-08-05
17.75,210,,619.5317919216347,-54.74445858830157,2026-08-05
18.0,225,,428.58778112460936,61.990218875390525,2026-08-05
18.25,240,,261.099502722372,112.69583061096134,2026-08-05
18.5,255,,127.0606378389519,86.32602882771471,2026-08-05
16.0,15,,2555.1425934924787,-625.645260159146,2026-08-05
16.25,30,,2304.199091289965,-270.37309128996515,2026-08-05
16.5,45,,2045.4910635924546,-393.61106359245457,2026-08-05
16.75,60,,1781.5358095481201,-855.5498095481203,2026-08-05
17.0,75,,1515.3070028608947,-782.677002860895,2026-08-05
17.25,90,,1083.67353367261,-307.40820033927673,2026-08-05
17.5,105,,685.5995002759723,91.72316639069433,2026-08-05
17.75,120,,384.1097109914135,180.6776223419197,2026-08-05
18.0,135,,234.5673452942294,256.0106547057705,2026-08-05
18.25,150,,67.8858707078167,305.9094626255166,2026-08-05
18.5,165,,16.5178829190637,196.86878374760292,2026-08-05
7.0,15,,214.9078695593959,147.30346377393738,2026-08-06
7.25,30,,340.34874140855106,154.0454252581155,2026-08-06
7.5,45,,514.6233908472457,172.82860915275432,2026-08-06
7.75,60,,886.715772993523,-225.73843966018958,2026-08-06
8.0,75,,1314.9354514543295,-533.0161657400438,2026-08-06
8.25,90,,1580.935092679472,-517.629092679472,2026-08-06
8.5,105,,1847.3108163474312,-526.7488163474314,2026-08-06
8.75,120,,2110.6360065745175,-528.1346732411843,2026-08-06
9.0,135,,2368.055535777436,-824.7095357774359,2026-08-06
9.25,150,,2617.141670581271,-874.9836705812705,2026-08-06
9.5,165,,2855.796801002302,-888.5074676689684,2026-08-06
9.75,180,,3082.1872022705866,-1354.0392022705867,2026-08-06
10.0,195,,3294.6976483390363,-1523.0663150057028,2026-08-06
10.25,210,,3491.900191869456,-1494.3275252027893,2026-08-06
10.5,225,,3672.532456507385,-1553.7624565073852,2026-08-06
10.75,240,,3835.48256183476,-995.2018951680927,2026-08-06
11.0,255,,3979.778720943978,-2231.5200542773114,2026-08-06
11.25,270,,4104.581984787963,-2016.7686514546297,2026-08-06
11.5,285,,4209.181274718317,-2393.5912747183165,2026-08-06
11.75,300,,4292.990084063496,-1718.1480840634958,2026-08-06
12.0,315,,4355.544321512705,-1822.3556548460388,2026-08-06
12.25,330,,4396.501107946873,-2603.51577461354,2026-08-06
12.5,345,,4415.638165514191,-3439.6854988475243,2026-08-06
12.75,360,,4412.852427417098,-2941.424427417097,2026-08-06
13.0,375,,4388.1575480648335,-3861.5275480648334,2026-08-06
13.25,390,,4341.684454324817,-3870.6964543248164,2026-08-06
13.5,405,,4273.683833175978,-3752.455833175978,2026-08-06
13.75,420,,4184.527152729381,-3312.1144860627132,2026-08-06
14.0,435,,4074.7073560196477,-2568.255356019648,2026-08-06
14.25,450,,3944.840296221254,-1974.4595269904848,2026-08-06
14.5,465,,3795.66718290126,-1864.558516234593,2026-08-06
14.75,480,,3628.0582609289672,-1929.0275942623002,2026-08-06
15.0,495,,3443.018307877023,-1468.2036412103564,2026-08-06
15.25,510,,3241.694637915524,-1099.8499712488567,2026-08-06
15.5,525,,3025.3885697740575,-1159.1432364407246,2026-08-06
15.75,540,,2795.572037282142,-775.8400372821424,2026-08-06
16.0,555,,2553.9115268560167,-689.563526856017,2026-08-06
16.25,570,,2302.3025700267267,-246.126570026727,2026-08-06
16.5,585,,2042.919992312196,-357.8926589788627,2026-08-06
16.75,600,,1778.2914551466604,-854.1874551466603,2026-08-06
17.0,615,,1511.4057936614429,-370.20779366144274,2026-08-06
17.25,630,,1235.491632876687,-250.49963287668697,2026-08-06
17.5,645,,772.4979881925797,106.26334514075386,2026-08-06
17.75,660,,442.78141709311643,69.10458290688354,2026-08-06
18.0,675,,305.19303097772473,85.5296356889419,2026-08-06
18.25,690,,184.7200464179191,161.9099535820809,2026-08-06
8.5,15,,1108.3864898084587,212.175510191541,2026-08-06
8.75,30,,1301.5588707209524,280.94246261238067,2026-08-06
9.0,45,,1499.768505992376,43.57749400762434,2026-08-06
9.25,60,,1701.1420858778258,41.0159141221742,2026-08-06
9.5,75,,1903.8645340015348,63.424799331798894,2026-08-06
9.75,90,,2106.1612548849007,-378.0132548849009,2026-08-06
10.0,105,,2306.2883538373258,-534.657020503992,2026-08-06
10.25,120,,2502.5284708397767,-504.9558041731099,2026-08-06
10.5,135,,2693.190468105416,-574.4204681054161,2026-08-06
10.75,150,,2876.61192137607,-36.33125470940257,2026-08-06
11.0,165,,3051.16368605705,-1302.9050193903838,2026-08-06
11.25,180,,3215.255888083904,-1127.4425547505712,2026-08-06
11.5,195,,3332.268509152001,-1516.678509152001,2026-08-06
11.75,210,,3398.617149883601,-823.775149883601,2026-08-06
12.0,225,,3448.1392545308922,-914.9505878642254,2026-08-06
12.25,240,,3480.563377124608,-1687.5780437912747,2026-08-06
12.5,255,,3495.7135476987346,-2519.760881032068,2026-08-06
12.75,270,,3493.508171705202,-2022.080171705202,2026-08-06
13.0,285,,3437.3900793174525,-2910.760079317453,2026-08-06
13.25,300,,3364.805452101733,-2893.8174521017327,2026-08-06
13.5,315,,3276.49093876825,-2755.26293876825,2026-08-06
13.75,330,,3173.266424153113,-2300.853757486446,2026-08-06
14.0,345,,3056.0305170147362,-1549.5785170147362,2026-08-06
14.25,360,,2925.7565530307643,-955.375783799995,2026-08-06
14.5,375,,2783.489267460924,-852.3806007942571,2026-08-06
14.75,390,,2630.3422391735007,-931.311572506834,2026-08-06
15.0,405,,2467.4964539785333,-492.68178731186674,2026-08-06
15.25,420,,2296.200368523496,-154.3557018568289,2026-08-06
15.5,435,,2117.7719988418407,-251.52666550850756,2026-08-06
15.75,450,,1933.6039924534816,86.12800754651828,2026-08-06
16.0,465,,1745.1728766849449,119.17512331505509,2026-08-06
16.25,480,,1554.054234768041,502.12176523195893,2026-08-06
16.5,495,,1361.9466615414642,323.08067179186907,2026-08-06
16.75,510,,1170.708541304885,-246.60454130488495,2026-08-06
17.0,525,,982.413765879938,158.78423412006214,2026-08-06
17.25,540,,799.4357624496212,185.55623755037885,2026-08-06
17.5,555,,624.5728415174049,254.18849181592861,2026-08-06
17.75,570,,461.2306428053296,50.655357194670344,2026-08-06
18.0,585,,313.6706151715505,77.05205149511613,2026-08-06
18.25,600,,184.7200464179191,161.9099535820809,2026-08-06
10.0,15,,1784.6278928503114,-12.996559516977868,2026-08-06
10.25,30,,1891.445937262622,106.12672940404488,2026-08-06
10.5,45,,2019.892851079062,98.87714892093813,2026-08-06
10.75,60,,2109.5154090091182,730.765257657549,2026-08-06
11.0,75,,2222.0431191937214,-473.7844525270549,2026-08-06
11.25,90,,2291.7249415066126,-203.91160817327946,2026-08-06
11.5,105,,2385.20272234038,-569.61272234038,2026-08-06
11.75,120,,2432.694380969315,142.1476190306854,2026-08-06
12.0,135,,2468.1417821905334,65.04688447613339,2026-08-06
12.25,150,,2491.350627836562,-698.3652945032286,2026-08-06
12.5,165,,2502.194960458042,-1526.242293791375,2026-08-06
12.75,180,,2500.6163755363564,-1029.188375536356,2026-08-06
13.0,195,,2450.054631002866,-1923.4246310028657,2026-08-06
13.25,210,,2424.1071536646896,-1953.1191536646897,2026-08-06
13.5,225,,2350.5261082467878,-1829.298108246788,2026-08-06
13.75,240,,2301.4899340011593,-1429.0772673344923,2026-08-06
14.0,255,,2207.133151177309,-700.6811511773092,2026-08-06
14.25,270,,2136.788493786513,-166.40772455574358,2026-08-06
14.5,285,,2024.355830880672,-93.24716421400537,2026-08-06
14.75,300,,1934.9644058287824,-235.93373916211567,2026-08-06
15.0,315,,1807.584611635437,167.23005503122934,2026-08-06
15.25,330,,1701.8896849056503,439.9549817610169,2026-08-06
15.5,345,,1563.1174277165965,303.12790561673665,2026-08-06
15.75,360,,1444.378885929107,575.353114070893,2026-08-06
16.0,375,,1298.2383594851422,566.1096405148578,2026-08-06
16.25,390,,1151.1512850133633,905.0247149866364,2026-08-06
16.5,405,,1021.459996156098,663.5673371772352,2026-08-06
16.75,420,,874.3266321137747,49.777367886225335,2026-08-06
17.0,435,,730.5128002696973,410.6851997303028,2026-08-06
17.25,450,,591.7901098653037,393.2018901346962,2026-08-06
17.5,465,,451.9935037297009,426.7678296036326,2026-08-06
17.75,480,,325.9363209157663,185.94967908423365,2026-08-06
18.0,495,,211.9396048456422,178.7830618210244,2026-08-06
18.25,510,,115.4500290111994,231.17997098880062,2026-08-06
11.5,15,,3111.6437163085384,-1296.0537163085382,2026-08-06
11.75,30,,3216.3314723316967,-641.4894723316964,2026-08-06
12.0,45,,3301.4577673455083,-768.2691006788414,2026-08-06
12.25,60,,3366.584705610423,-1573.5993722770895,2026-08-06
12.5,75,,3411.4470327076906,-2435.494366041024,2026-08-06
12.75,90,,3435.9367156620483,-1964.508715662048,2026-08-06
13.0,105,,3440.0885987417855,-2913.4585987417854,2026-08-06
13.25,120,,3424.0702028918363,-2953.082202891836,2026-08-06
13.5,135,,3388.1747250733015,-2866.9467250733014,2026-08-06
13.75,150,,3332.814385076157,-2460.40171840949,2026-08-06
14.0,165,,3258.5148002823817,-1752.0628002823817,2026-08-06
14.25,180,,3165.9110725215296,-1195.5303032907605,2026-08-06
14.5,195,,3055.745667069542,-1124.637000402875,2026-08-06
14.75,210,,2928.8681377154703,-1229.8374710488033,2026-08-06
15.0,225,,2786.237057911709,-811.4223912450427,2026-08-06
15.25,240,,2628.9246171791265,-487.07995051245945,2026-08-06
15.5,255,,2458.124575575039,-591.8792422417063,2026-08-06
15.75,270,,2275.164870565764,-255.43287056576423,2026-08-06
16.0,285,,2081.5266011936064,-217.17860119360677,2026-08-06
16.25,300,,1878.8719828220844,177.30401717791545,2026-08-06
16.5,315,,1668.3846603882937,16.642672945039514,2026-08-06
16.75,330,,1259.6231140622178,-335.5191140622178,2026-08-06
17.0,345,,906.8434761968658,234.35452380313438,2026-08-06
17.25,360,,622.9369577529515,362.05504224704856,2026-08-06
17.5,375,,386.24899409628983,492.5123392370437,2026-08-06
17.75,390,,259.419721795484,252.46627820451596,2026-08-06
18.0,405,,178.9038616890723,211.8188049775943,2026-08-06
18.25,420,,38.4833430037331,308.14665699626687,2026-08-06
13.0,15,,1462.719182688278,-936.0891826882779,2026-08-06
13.25,30,,1519.589559013686,-1048.601559013686,2026-08-06
13.5,45,,1602.6314374409917,-1081.4034374409919,2026-08-06
13.75,60,,1673.810861091752,-801.3981944250851,2026-08-06
14.0,75,,1697.7947316748532,-191.34273167485327,2026-08-06
14.25,90,,1709.4307950292102,260.94997420155886,2026-08-06
14.5,105,,1739.6807921630777,191.42787450358912,2026-08-06
14.75,120,,1662.8600362591098,36.17063040755686,2026-08-06
15.0,135,,1491.974600080043,482.84006658662327,2026-08-06
15.25,150,,1350.7060991314684,791.1385675351987,2026-08-06
15.5,165,,1210.155427909623,656.08990542371,2026-08-06
15.75,180,,1048.3395139808033,971.3924860191964,2026-08-06
16.0,195,,893.8690343996059,970.4789656003941,2026-08-06
16.25,210,,767.434190008909,1288.7418099910908,2026-08-06
16.5,225,,646.9246642321954,1038.102669101138,2026-08-06
16.75,240,,544.8177499794359,379.2862500205641,2026-08-06
17.0,255,,466.1747162798906,675.0232837201096,2026-08-06
17.25,270,,386.54656801721524,598.4454319827847,2026-08-06
17.5,285,,307.5567668910038,571.2045664423298,2026-08-06
17.75,300,,231.1989541498572,280.68704585014274,2026-08-06
18.0,315,,159.9944847154134,230.72818195125322,2026-08-06
18.25,330,,38.4833430037331,308.14665699626687,2026-08-06
14.5,15,,1400.4367612337783,530.6719054328886,2026-08-06
14.75,30,,1465.4467721940084,233.58389447265847,2026-08-06
15.0,45,,1496.9410029509472,477.87366371571926,2026-08-06
15.25,60,,1497.6809732287018,644.1636934379653,2026-08-06
15.5,75,,1470.4470438598805,395.79828947345266,2026-08-06
15.75,90,,1351.1931513530353,668.5388486469645,2026-08-06
16.0,105,,1170.5427831423412,693.8052168576587,2026-08-06
16.25,120,,997.6644470115816,1058.511552988418,2026-08-06
16.5,135,,817.1679969248784,867.8593364084549,2026-08-06
16.75,150,,666.8592956799977,257.24470432000237,2026-08-06
17.0,165,,503.801931220481,637.3960687795192,2026-08-06
17.25,180,,363.379892022555,621.612107977445,2026-08-06
17.5,195,,253.63617812259594,625.1251552107375,2026-08-06
17.75,210,,192.26842691238198,319.617573087618,2026-08-06
18.0,225,,84.77584193825689,305.94682472840975,2026-08-06
18.25,240,,38.4833430037331,308.14665699626687,2026-08-06
7.0,15,,213.2574184194053,97.07791491392811,2026-08-07
7.25,30,,338.9166147508112,94.61124239204588,2026-08-07
7.5,45,,513.4674208880898,156.3272457785767,2026-08-07
7.75,60,,885.7420289733653,-45.07202897336538,2026-08-07
8.0,75,,1314.4508496447925,-411.4558496447924,2026-08-07
8.25,90,,1581.1180776155948,-499.0800776155948,2026-08-07
8.5,105,,1848.1379902520505,-752.2126569187171,2026-08-07
8.75,120,,2112.0730471474567,-427.31638048079026,2026-08-07
9.0,135,,2370.0615920365726,-915.1242587032389,2026-08-07
9.25,150,,2619.6719017514965,-519.1419017514964,2026-08-07
9.5,165,,2858.8038712019593,-460.17987120195914,2026-08-07
9.75,180,,3085.622180993146,-833.7508476598119,2026-08-07
10.0,195,,3298.510569967638,-536.8792366343044,2026-08-07
10.25,210,,3496.0404195506503,-1332.3477528839835,2026-08-07
10.5,225,,3676.9489334511245,-1837.7662667844584,2026-08-07
10.75,240,,3840.1239994843877,-1979.4866661510546,2026-08-07
11.0,255,,3984.5937527825295,-2065.976419449197,2026-08-07
11.25,270,,4109.519302735791,-1327.3606360691242,2026-08-07
11.5,285,,4214.189758241455,-1070.4277582414545,2026-08-07
11.75,300,,4298.01892774455,-1805.813594411216,2026-08-07
12.0,315,,4360.543161798117,-2193.1711617981173,2026-08-07
12.25,330,,4401.4201363099855,-1745.1628029766523,2026-08-07
12.5,345,,4420.428188337481,-1351.938855004148,2026-08-07
12.75,360,,4417.464922306356,-1329.6775889730234,2026-08-07
13.0,375,,4392.544935200348,-2251.7342685336816,2026-08-07
13.25,390,,4345.800342444874,-1515.4736757782082,2026-08-07
13.5,405,,4277.483082875554,-1709.2764162088874,2026-08-07
13.75,420,,4187.965963135312,-2147.115963135312,2026-08-07
14.0,435,,4077.743399257545,-2621.6060659242116,2026-08-07
14.25,450,,3947.4328729794597,-3031.0095396461265,2026-08-07
14.5,465,,3797.777395496528,-2591.7413954965277,2026-08-07
14.75,480,,3629.649211917489,-2407.411878584156,2026-08-07
15.0,495,,3444.0553404162224,-2772.6533404162224,2026-08-07
15.25,510,,3242.1456430846283,-2759.410976417962,2026-08-07
15.5,525,,3025.224400019845,-2566.637733353178,2026-08-07
15.75,540,,2794.7670882354932,-2418.04175490216,2026-08-07
16.0,555,,2552.444587487218,-2214.374587487218,2026-08-07
16.25,570,,2300.1581016767063,-2073.2266731052778,2026-08-07
16.5,585,,2040.0901038728696,-1814.179437206203,2026-08-07
16.75,600,,1774.7790202536662,-1428.593020253666,2026-08-07
17.0,615,,1507.2294694473871,-944.4294694473871,2026-08-07
17.25,630,,1199.7071592655736,-677.1498259322402,2026-08-07
17.5,645,,751.9691007927339,-396.8924341260672,2026-08-07
17.75,660,,439.3184972073218,-112.59049720732189,2026-08-07
18.0,675,,301.6405716158418,11.129428384158313,2026-08-07
18.25,690,,181.3171705466393,50.0014961200273,2026-08-07
18.5,705,,15.497586019554,124.11641398044598,2026-08-07
8.5,15,,1078.080494313696,17.844839019637515,2026-08-07
8.75,30,,1232.0426108360164,452.7140558306502,2026-08-07
9.0,45,,1422.0369552219433,32.900378111390125,2026-08-07
9.25,60,,1571.803141050898,528.726858949102,2026-08-07
9.5,75,,1739.1056883145254,659.5183116854748,2026-08-07
9.75,90,,1877.0868267708304,374.7845065625033,2026-08-07
10.0,105,,2034.08151814671,727.5498151866233,2026-08-07
10.25,120,,2155.891592056235,7.801074610432224,2026-08-07
10.5,135,,2298.093083406953,-458.9104167402867,2026-08-07
10.75,150,,2400.0774996777427,-539.4401663444095,2026-08-07
11.0,165,,2490.371095489081,-571.7537621557485,2026-08-07
11.25,180,,2602.695558399334,179.4631082673326,2026-08-07
11.5,195,,2668.9868468862546,474.77515311374543,2026-08-07
11.75,210,,2722.0786542382148,-229.87332090488133,2026-08-07
12.0,225,,2798.015195487125,-630.6431954871252,2026-08-07
12.25,240,,2824.2445874655737,-167.9872541322407,2026-08-07
12.5,255,,2836.4414208498843,232.04791248344893,2026-08-07
12.75,270,,2834.539991813245,253.2473415200882,2026-08-07
13.0,285,,2781.945125626887,-641.1344589602206,2026-08-07
13.25,300,,2752.3402168817543,77.98644978491254,2026-08-07
13.5,315,,2709.0726191545177,-140.8659524878515,2026-08-07
13.75,330,,2617.47872695957,-576.6287269595703,2026-08-07
14.0,345,,2548.589624535966,-1092.4522912026328,2026-08-07
14.25,360,,2434.250271670668,-1517.826938337335,2026-08-07
14.5,375,,2341.9627272228586,-1135.9267272228583,2026-08-07
14.75,390,,2208.036603916473,-985.7992705831396,2026-08-07
15.0,405,,2066.433204249733,-1395.031204249733,2026-08-07
15.25,420,,1945.2873858507771,-1462.5527191841106,2026-08-07
15.5,435,,1789.9244366784083,-1331.3377700117414,2026-08-07
15.75,450,,1630.2808014707043,-1253.5554681373712,2026-08-07
16.0,465,,1467.6556378051503,-1129.58563780515,2026-08-07
16.25,480,,1303.4229242834672,-1076.4914957120386,2026-08-07
16.5,495,,1139.0503079956854,-913.1396413290189,2026-08-07
16.75,510,,961.3386359707359,-615.152635970736,2026-08-07
17.0,525,,803.8557170386067,-241.05571703860662,2026-08-07
17.25,540,,641.2227920212549,-118.66545868792144,2026-08-07
17.5,555,,490.4146309517829,-135.3379642851162,2026-08-07
17.75,570,,353.9115971155099,-27.183597115509993,2026-08-07
18.0,585,,230.43039045511148,82.33960954488862,2026-08-07
18.25,600,,125.9204446882648,105.39822197840179,2026-08-07
18.5,615,,53.645490067687106,85.9685099323129,2026-08-07
10.0,15,,2968.8113199711156,-207.17998663778215,2026-08-07
10.25,30,,3156.8698188702047,-993.1771522035375,2026-08-07
10.5,45,,3329.761974095105,-1490.5793074284386,2026-08-07
10.75,60,,3486.3172898219264,-1625.6799564885928,2026-08-07
11.0,75,,3625.5232757315807,-1706.9059423982483,2026-08-07
11.25,90,,3746.515146214993,-964.3564795483263,2026-08-07
11.5,105,,3848.567783507274,-704.8057835072736,2026-08-07
11.75,120,,3931.0894862632586,-1438.884152929925,2026-08-07
12.0,135,,3993.6170624852416,-1826.2450624852415,2026-08-07
12.25,150,,4035.812098147306,-1379.5547648139732,2026-08-07
12.5,165,,4057.4580441081034,-988.9687107747704,2026-08-07
12.75,180,,4058.4569296261666,-970.6695962928338,2026-08-07
13.0,195,,4038.825537229636,-1898.0148705629697,2026-08-07
13.25,210,,3998.694399841152,-1168.3677331744855,2026-08-07
13.5,225,,3938.3086685842322,-1370.1020019175658,2026-08-07
13.75,240,,3858.028030671046,-1817.1780306710464,2026-08-07
14.0,255,,3758.326528736895,-2302.189195403562,2026-08-07
14.25,270,,3639.793195596106,-2723.3698622627726,2026-08-07
14.5,285,,3503.1337551119323,-2297.097755111932,2026-08-07
14.75,300,,3349.173586892535,-2126.9362535592018,2026-08-07
15.0,315,,3178.862487113863,-2507.460487113863,2026-08-07
15.25,330,,2993.2818551652667,-2510.5471884986,2026-08-07
15.5,345,,2793.6551913801636,-2335.0685247134966,2026-08-07
15.75,360,,2581.363467504812,-2204.6381341714787,2026-08-07
16.0,375,,2357.9674149668126,-2019.8974149668127,2026-08-07
16.25,390,,2125.2397638150883,-1898.3083352436597,2026-08-07
16.5,405,,1885.2123338744573,-1659.3016672077906,2026-08-07
16.75,420,,1640.245107790283,-1294.0591077902832,2026-08-07
17.0,435,,1230.9040667153663,-668.1040667153662,2026-08-07
17.25,450,,827.3842477693612,-304.8269144360277,2026-08-07
17.5,465,,523.1089396819019,-168.03227301523515,2026-08-07
17.75,480,,292.8923562335254,33.83564376647452,2026-08-07
18.0,495,,199.2199471194774,113.5500528805227,2026-08-07
18.25,510,,50.368177875305896,180.9504887913607,2026-08-07
18.5,525,,10.7290980135374,128.88490198646258,2026-08-07
11.5,15,,2458.277358974182,685.4846410258184,2026-08-07
11.75,30,,2578.81135664673,-86.60602331339629,2026-08-07
12.0,45,,2725.3394761238233,-557.9674761238235,2026-08-07
12.25,60,,2640.8520817859912,15.405251547341958,2026-08-07
12.5,75,,2578.583109863531,489.90622346980217,2026-08-07
12.75,90,,2503.2301226402687,584.5572106930641,2026-08-07
13.0,105,,2379.2951732335223,-238.4845065668557,2026-08-07
13.25,120,,2353.9751854909737,476.3514811756928,2026-08-07
13.5,135,,2423.9070802961483,144.29958637051809,2026-08-07
13.75,150,,2442.9801451622648,-402.13014516226497,2026-08-07
14.0,165,,2446.6460395545273,-990.508706221194,2026-08-07
14.25,180,,2302.6691759046853,-1386.245842571352,2026-08-07
14.5,195,,2152.0738574480324,-946.0378574480321,2026-08-07
14.75,210,,1966.05998978864,-743.8226564553067,2026-08-07
15.0,225,,1865.529976058788,-1194.127976058788,2026-08-07
15.25,240,,1837.215864414623,-1354.4811977479565,2026-08-07
15.5,255,,1764.7142333449094,-1306.1275666782428,2026-08-07
15.75,270,,1676.860252941296,-1300.1349196079627,2026-08-07
16.0,285,,1488.9260093675437,-1150.8560093675437,2026-08-07
16.25,300,,1303.4229242834672,-1076.4914957120386,2026-08-07
16.5,315,,1105.0488062644713,-879.1381395978046,2026-08-07
16.75,330,,916.9691604643943,-570.7831604643943,2026-08-07
17.0,345,,753.6147347236937,-190.8147347236936,2026-08-07
17.25,360,,599.8535796327867,-77.29624629945332,2026-08-07
17.5,375,,449.5467450391344,-94.47007837246768,2026-08-07
17.75,390,,305.0962044099223,21.63179559007761,2026-08-07
18.0,405,,188.5339558269093,124.2360441730908,2026-08-07
18.25,420,,100.7363557506119,130.5823109160547,2026-08-07
18.5,435,,41.7242700526455,97.88972994735448,2026-08-07
13.0,15,,3001.572372386904,-860.761705720238,2026-08-07
13.25,30,,2969.630234003997,-139.3035673373304,2026-08-07
13.5,45,,2922.9467732982953,-354.7401066316289,2026-08-07
13.75,60,,2826.8770251163364,-786.0270251163364,2026-08-07
14.0,75,,2718.4955995050304,-1262.3582661716973,2026-08-07
14.25,90,,2598.726641378145,-1682.3033080448115,2026-08-07
14.5,105,,2468.5553070727433,-1262.519307072743,2026-08-07
14.75,120,,2329.024910980389,-1106.7875776470557,2026-08-07
15.0,135,,2181.235048930274,-1509.8330489302741,2026-08-07
15.25,150,,2026.3410269278932,-1543.6063602612267,2026-08-07
15.5,165,,1865.5550466789043,-1406.9683800122377,2026-08-07
15.75,180,,1700.149978676592,-1323.4246453432588,2026-08-07
16.0,195,,1531.466752492331,-1193.396752492331,2026-08-07
16.25,210,,1341.7588926447456,-1114.827464073317,2026-08-07
16.5,225,,1156.0510588612929,-930.1403921946263,2026-08-07
16.75,240,,961.3386359707359,-615.152635970736,2026-08-07
17.0,255,,778.7352258811502,-215.9352258811501,2026-08-07
17.25,270,,599.8535796327867,-77.29624629945332,2026-08-07
17.5,285,,449.5467450391344,-94.47007837246768,2026-08-07
17.75,300,,305.0962044099223,21.63179559007761,2026-08-07
18.0,315,,188.5339558269093,124.2360441730908,2026-08-07
18.25,330,,100.7363557506119,130.5823109160547,2026-08-07
18.5,345,,41.7242700526455,97.88972994735448,2026-08-07
14.5,15,,1107.6850736864872,98.35092631351294,2026-08-07
14.75,30,,1209.8830706391632,12.354262694169948,2026-08-07
15.0,45,,1291.5207526560837,-620.1187526560836,2026-08-07
15.25,60,,1350.8940179519286,-868.1593512852621,2026-08-07
15.5,75,,1386.561183342429,-927.9745166757625,2026-08-07
15.75,90,,1397.3835441177469,-1020.6582107844138,2026-08-07
16.0,105,,1382.5741515555765,-1044.5041515555763,2026-08-07
16.25,120,,1303.4229242834672,-1076.4914957120386,2026-08-07
16.5,135,,1190.0525605925072,-964.1418939258406,2026-08-07
16.75,150,,1064.8674121521997,-718.6814121521998,2026-08-07
17.0,165,,942.0184184046173,-379.2184184046171,2026-08-07
17.25,180,,775.672732283776,-253.11539895044254,2026-08-07
17.5,195,,572.1504027770801,-217.07373611041336,2026-08-07
17.75,210,,396.6250657328991,-69.89706573289916,2026-08-07
18.0,225,,230.43039045511148,82.33960954488862,2026-08-07
18.25,240,,113.3284002194384,117.9902664472282,2026-08-07
18.5,255,,35.763660045124695,103.8503399548753,2026-08-07
16.0,15,,319.0555734359022,19.014426564097796,2026-08-07
16.25,30,,287.5197627095883,-60.58833413815978,2026-08-07
16.5,45,,272.0120138497159,-46.10134718304931,2026-08-07
16.75,60,,262.5664569677158,83.6195430322842,2026-08-07
17.0,75,,250.8236167316243,311.9763832683758,2026-08-07
17.25,90,,226.76184725473132,295.7954860786021,2026-08-07
17.5,105,,193.3201716861958,161.7564949804709,2026-08-07
17.75,120,,153.617120535672,173.1108794643279,2026-08-07
18.0,135,,62.844651942303095,249.925348057697,2026-08-07
18.25,150,,30.2209067251835,201.0977599414831,2026-08-07
18.5,165,,11.9212200150415,127.69277998495848,2026-08-07
