tree
version=v4
num_class=1
num_tree_per_iteration=1
label_index=0
max_feature_idx=3
objective=regression_l1
feature_names=block_hour horizon_min kt_now final_forecast_kw
feature_infos=[7:19] [15:735] [0.074799360365319784:1.2] [2.7229674077739521:4236.4154308600564]
tree_sizes=716 740 737 739 741 740 726 740 739 741 747 746 736 749 747 746 742 747 740 748 745 740 746 733 744 742 745 746 744 745 748 742 744 742 744 747 741 736 736 739 740 739 736 737 747 739 737 736 751 748 743 746 746 744 747 742 739 747 743 741 742 740 731 743 739 748 739 751 750 744 741 747 746 750 740 742 749 742 742 750 743 745 746 743 743 753 734 751 750 741 732 743 741 750 747 739 746 745 743 740 744 746 744 750 744 747 756 747 751 745 743 743 739 739 745 744 745 744 742 734 741 746 741 745 757 744 742 743 737 745 753 751 747 750 747 740 751 741 742 746 751 744 749 751 752 744 747 736 743 733 744 741 746 746 738 748 749 741 741 737 751 746 745 726 746 751 743 748 751 749 745 744 746 746 748 750 751 744 748 747 746 751 748 742 748 748 736 736 747 743 750 742 748 743 754 758 736 735 734 750 749 755 748 744 743 748 744 739 735 748 747 746 742 755 747 755 751 750 754 739 749 744 748 748 739 742 739 740 749 750 742 748 738 747 739 738 737 744 747 748 747 738 747 742 755 752 752 737 747 749 747 752 739 748 746 748 745 742 746 750 744 745 741 748 750 750 748 752 746 754 744 745 736 743 744 751 757 751 746 747 743 751 755 747 736 754 741 756 755 744 741 750 743 743 745 739 744 747 750 739

Tree=0
num_leaves=7
num_cat=0
split_feature=2 3 2 2 2 2
split_gain=534.861 125.153 33.3693 56.0308 75.0789 29.0953
threshold=0.88169914242640879 182.15762737038935 0.73070944575801522 0.61918931472865724 0.55196201253840982 0.25074777446370872
decision_type=2 2 2 2 2 2
left_child=2 -2 3 4 5 -1
right_child=1 -3 -4 -5 -6 -7
leaf_value=14.235578918457032 16.904462909698488 -2.8703869819641135 18.037297058105469 32.179905223846433 6.9263884544372551 44.499079418182376
leaf_weight=41 64 784 896 289 138 308
leaf_count=41 64 784 896 289 138 308
internal_value=16.0969 16.0645 16.1133 16.1209 16.1105 16.1228
internal_weight=2520 848 1672 776 487 349
internal_count=2520 848 1672 776 487 349
is_linear=0
shrinkage=1


Tree=1
num_leaves=7
num_cat=0
split_feature=2 3 2 2 2 2
split_gain=461.105 114.039 28.0121 38.1558 29.5381 53.0664
threshold=0.88169914242640879 282.27567118242388 0.75086641606436599 0.77073767491502909 0.61918931472865724 0.55196201253840982
decision_type=2 2 2 2 2 2
left_child=2 -2 4 -4 5 -1
right_child=1 -3 3 -5 -6 -7
leaf_value=22.941161892414097 0.73194927692413336 -18.444208006858826 -6.8653025054931653 2.3581224060058594 11.886118111610413 -5.6582853651046756
leaf_weight=352 74 775 150 588 416 136
leaf_count=352 74 775 150 588 416 136
internal_value=0.000299065 -0.0296137 0.0157694 0.00852865 0.0216735 0.0133067
internal_weight=2491 849 1642 738 904 488
internal_count=2491 849 1642 738 904 488
is_linear=0
shrinkage=0.05


Tree=2
num_leaves=7
num_cat=0
split_feature=2 3 2 0 2 2
split_gain=362.94 114.16 28.6259 24.1957 19.2732 24.4791
threshold=0.88169914242640879 451.61916479468124 1.0732926640339071 10.875000000000002 0.25074777446370872 0.73070944575801522
decision_type=2 2 2 2 2 2
left_child=4 -2 3 -3 -1 -6
right_child=1 2 -4 -5 5 -7
leaf_value=-3.862608822464944 0.58666414046287552 -0.13293548798561083 -32.062279283761981 -12.765236437082292 12.300418926000596 1.558649856567383
leaf_weight=41 111 75 265 393 737 894
leaf_count=41 111 75 265 393 737 894
internal_value=-0.000276221 -0.0270051 -0.0341631 -0.026693 0.0132139 0.0140672
internal_weight=2516 844 733 468 1672 1631
internal_count=2516 844 733 468 1672 1631
is_linear=0
shrinkage=0.05


Tree=3
num_leaves=7
num_cat=0
split_feature=2 3 1 3 0 2
split_gain=345.724 103.331 31.4577 31.0378 19.2958 21.6996
threshold=0.91148638457786724 465.45462320887708 52.500000000000007 2437.884018966517 15.125000000000002 0.61918931472865724
decision_type=2 2 2 2 2 2
left_child=3 -2 -3 4 -1 -6
right_child=1 2 -4 -5 5 -7
leaf_value=21.469600269579889 0.51192382894754418 0.11327625833749799 -19.694561132562161 -3.3439389320373536 -0.85634682408571339 1.7365077016592025
leaf_weight=530 88 51 636 267 255 706
leaf_count=530 88 51 636 267 255 706
internal_value=-0.000491493 -0.0283125 -0.0348494 0.0117712 0.0145832 0.0103475
internal_weight=2533 775 687 1758 1491 961
internal_count=2533 775 687 1758 1491 961
is_linear=0
shrinkage=0.05


Tree=4
num_leaves=7
num_cat=0
split_feature=2 3 2 3 2 2
split_gain=303.174 117.524 38.6083 31.9578 23.9009 46.0019
threshold=0.88169914242640879 666.81655560866739 1.0732926640339071 53.702064395766463 0.73070944575801522 0.61918931472865724
decision_type=2 2 2 2 2 2
left_child=3 -2 -3 -1 5 -5
right_child=1 2 -4 4 -6 -7
leaf_value=-0.83426655868709154 0.50284507042825266 -10.941179969244599 -31.498793342047335 9.2749310578900577 1.4877853159058096 15.028098351453544
leaf_weight=76 141 461 266 458 858 284
leaf_count=76 141 461 266 458 858 284
internal_value=-0.000430408 -0.0244154 -0.0325196 0.0119891 0.013496 0.0200714
internal_weight=2544 868 727 1676 1600 742
internal_count=2544 868 727 1676 1600 742
is_linear=0
shrinkage=0.05


Tree=5
num_leaves=7
num_cat=0
split_feature=2 3 2 3 3 1
split_gain=283.479 80.8568 32.7949 32.4791 21.675 18.2582
threshold=0.92915068325082728 666.81655560866739 1.0732926640339071 2437.884018966517 62.087199622040437 172.50000000000003
decision_type=2 2 2 2 2 2
left_child=3 -2 5 4 -1 -3
right_child=1 2 -4 -5 -6 -7
leaf_value=-0.39452372673669456 0.23417650240984536 -5.2385736380186971 -32.02393607240591 -4.5351818964824373 4.114055897370041 -11.065878478106589
leaf_weight=94 115 129 262 281 1427 234
leaf_count=94 115 129 262 281 1427 234
internal_value=0.000116046 -0.0259357 -0.0330267 0.0108179 0.0137039 -0.0232581
internal_weight=2542 740 625 1802 1521 363
internal_count=2542 740 625 1802 1521 363
is_linear=0
shrinkage=0.05


Tree=6
num_leaves=7
num_cat=0
split_feature=2 3 1 2 3 3
split_gain=259.583 85.1284 38.2243 34.0047 17.7847 15.8271
threshold=0.88169914242640879 666.81655560866739 82.500000000000014 1.0732926640339071 2490.131367834726 2437.884018966517
decision_type=2 2 2 2 2 2
left_child=5 -2 4 -4 -3 -1
right_child=1 2 3 -5 -6 -7
leaf_value=3.349199285861161 0.42428606358837762 1.3104922661722769 -12.25920320654501 -32.524494029527794 -14.859716784006253 0.72027849361775975
leaf_weight=1418 141 57 382 236 43 237
leaf_count=1418 141 57 382 236 43 237
internal_value=0.000594646 -0.0217029 -0.0286798 -0.0333199 0 0.0121715
internal_weight=2514 859 718 618 100 1655
internal_count=2514 859 718 618 100 1655
is_linear=0
shrinkage=0.05


Tree=7
num_leaves=7
num_cat=0
split_feature=2 3 3 2 3 1
split_gain=221.177 81.1766 43.1854 41.6119 21.1126 19.8456
threshold=0.88169914242640879 1184.020320825862 39.192230753442303 1.1408991445829353 3435.6212496546791 202.50000000000003
decision_type=2 2 2 2 2 2
left_child=2 -2 -1 4 5 -3
right_child=1 3 -4 -5 -6 -7
leaf_value=-0.93409365696335489 0.21202954033845281 -1.9426097881134332 3.7168900229121165 -30.334550150805313 -20.839346073561508 -14.520606669360001
leaf_weight=67 218 168 1590 204 73 203
leaf_count=67 218 168 1590 204 73 203
internal_value=-0.000414173 -0.0208925 0.010286 -0.0297716 -0.0211551 -0.0162894
internal_weight=2523 866 1657 648 444 371
internal_count=2523 866 1657 648 444 371
is_linear=0
shrinkage=0.05


Tree=8
num_leaves=7
num_cat=0
split_feature=2 3 2 3 2 2
split_gain=207.662 79.077 38.8588 31.5841 32.1794 35.9128
threshold=0.88169914242640879 1184.020320825862 1.0732926640339071 39.192230753442303 0.73070944575801522 0.61918931472865724
decision_type=2 2 2 2 2 2
left_child=3 -2 -3 -1 5 -5
right_child=1 2 -4 4 -6 -7
leaf_value=-1.3402023606746729 0.26271190376727277 -11.075803730603972 -30.995413585647864 8.5766393723739363 0.91116474118885094 13.523377701894013
leaf_weight=65 221 410 234 472 873 287
leaf_count=65 221 410 234 472 873 287
internal_value=0.000232231 -0.0197029 -0.0285592 0.0103971 0.0117609 0.0192926
internal_weight=2562 865 644 1697 1632 759
internal_count=2562 865 644 1697 1632 759
is_linear=0
shrinkage=0.05


Tree=9
num_leaves=7
num_cat=0
split_feature=3 2 3 2 3 2
split_gain=167.332 54.999 31.3134 23.8448 46.9215 21.4747
threshold=3069.8742533426043 0.86823136546296509 62.087199622040437 0.73070944575801522 434.46442059282452 0.61918931472865724
decision_type=2 2 2 2 2 2
left_child=1 2 -1 4 -4 -6
right_child=-2 -3 3 -5 5 -7
leaf_value=-1.3072659292406705 -30.320727737709959 -0.9173081032126742 -1.6599577939986674 0.97072755341434347 23.756561649997586 19.069806355151325
leaf_weight=83 298 654 145 770 348 234
leaf_count=83 298 654 145 770 348 234
internal_value=0.000313969 0.00501097 0.0100595 0.0117193 0.0182162 0.0245576
internal_weight=2532 2234 1580 1497 727 582
internal_count=2532 2234 1580 1497 727 582
is_linear=0
shrinkage=0.05


Tree=10
num_leaves=7
num_cat=0
split_feature=3 2 3 3 1 2
split_gain=152.603 48.6067 37.9282 33.0152 26.4793 24.3471
threshold=3069.8742533426043 0.83663225795670282 483.60758748111328 131.60643939923895 82.500000000000014 1.0732926640339071
decision_type=2 2 2 2 2 2
left_child=1 3 -3 -1 -4 -6
right_child=-2 2 4 -5 5 -7
leaf_value=-1.2248657894787713 -30.010748182077624 0.42588211918884267 1.5666189199616292 5.8530968903747072 -2.7536817316665436 -10.622153752425536
leaf_weight=134 294 166 129 1219 466 116
leaf_count=134 294 166 129 1219 466 116
internal_value=0.00122618 0.00569257 -0.00347167 0.0116362 -0.00850091 -0.0130476
internal_weight=2524 2230 877 1353 711 582
internal_count=2524 2230 877 1353 711 582
is_linear=0
shrinkage=0.05


Tree=11
num_leaves=7
num_cat=0
split_feature=2 3 2 3 3 2
split_gain=134.667 40.7526 36.9232 87.0251 25.3056 13.8011
threshold=1.0369557176092192 2041.766783541897 0.75028853370153215 434.46442059282452 492.25344267419933 0.88169914242640879
decision_type=2 2 2 2 2 2
left_child=2 -2 3 -1 -4 -6
right_child=1 -3 4 -5 5 -7
leaf_value=-1.4176502265209603 -0.2095267471773056 -32.206508990747182 0.42292620269504283 16.05972534082424 0.36962644213210061 -6.7591009690044785
leaf_weight=223 149 244 214 698 608 389
leaf_count=223 149 244 214 698 608 389
internal_value=0.000572255 -0.0263165 0.0055321 0.0130768 -0.000202295 -0.00355531
internal_weight=2525 393 2132 921 1211 997
internal_count=2525 393 2132 921 1211 997
is_linear=0
shrinkage=0.05


Tree=12
num_leaves=7
num_cat=0
split_feature=3 2 3 3 2 2
split_gain=138.774 36.2939 23.6354 23.5604 22.1997 18.3944
threshold=3069.8742533426043 0.86823136546296509 62.087199622040437 1466.3337512716319 1.0732926640339071 0.7052340433487988
decision_type=2 2 2 2 2 2
left_child=1 2 -1 -3 -2 -4
right_child=4 3 5 -5 -6 -7
leaf_value=-1.3367373054055784 -11.876885260678058 0.16406188223880111 10.120535273223986 -7.4895836828938513 -41.657700875194195 1.0209463141438775
leaf_weight=79 163 298 687 354 131 814
leaf_count=79 163 298 687 354 131 814
internal_value=0 0.00425384 0.00835074 -0.00566631 -0.0322849 0.00975618
internal_weight=2526 2232 1580 652 294 1501
internal_count=2526 2232 1580 652 294 1501
is_linear=0
shrinkage=0.05


Tree=13
num_leaves=7
num_cat=0
split_feature=3 2 0 2 2 2
split_gain=123.087 33.8113 30.8492 45.6749 42.7389 28.2138
threshold=3069.8742533426043 0.86823136546296509 17.375000000000004 0.77073767491502909 0.75086641606436599 1.0732926640339071
decision_type=2 2 2 2 2 2
left_child=1 2 4 -4 -1 -2
right_child=5 -3 3 -5 -6 -7
leaf_value=16.5762776482566 -10.832441706131519 -0.64180585144973534 -1.3476269444375728 0.65653044225132828 0.23679083256371103 -38.186925206434488
leaf_weight=695 178 655 249 131 504 129
leaf_count=695 178 655 249 131 504 129
internal_value=-9.64149e-05 0.00398147 0.0079444 -0.00445935 0.0118797 -0.0297786
internal_weight=2541 2234 1579 380 1199 307
internal_count=2541 2234 1579 380 1199 307
is_linear=0
shrinkage=0.05


Tree=14
num_leaves=7
num_cat=0
split_feature=3 2 0 2 3 0
split_gain=109.941 53.9207 43.1817 26.4428 15.8525 19.4251
threshold=2629.8496565304495 1.0732926640339071 15.125000000000002 0.7381586670970498 1582.9903931156014 16.375000000000004
decision_type=2 2 2 2 2 2
left_child=2 -2 3 -1 5 -4
right_child=1 -3 4 -5 -6 -7
leaf_value=25.135216852407002 -7.5746293479095783 -32.316891690253385 14.671705528424013 1.3512661334297946 -7.6093076346904214 -0.0074979111789772908
leaf_weight=390 389 155 142 340 227 857
leaf_count=390 389 155 142 340 227 857
internal_value=3.79985e-05 -0.0198401 0.00556976 0.0151965 -0.000159041 0.00254729
internal_weight=2500 544 1956 730 1226 999
internal_count=2500 544 1956 730 1226 999
is_linear=0
shrinkage=0.05


Tree=15
num_leaves=7
num_cat=0
split_feature=3 2 0 2 3 2
split_gain=124.962 32.3475 47.578 38.9997 31.3171 24.7965
threshold=3069.8742533426043 0.83663225795670282 17.375000000000004 0.77073767491502909 906.41858661600861 1.0732926640339071
decision_type=2 2 2 2 2 2
left_child=1 2 -1 -4 -3 -2
right_child=5 4 3 -5 -6 -7
leaf_value=7.8999025755044832 -9.960977116043999 0.38643181854620096 -1.3077582573539202 0.65856073236421653 -4.5152590934829702 -35.355679674100088
leaf_weight=1017 171 262 243 83 620 132
leaf_count=1017 171 262 243 83 620 132
internal_value=0.00027491 0.00437958 0.00926588 -0.00734437 -0.00305521 -0.0298416
internal_weight=2528 2225 1343 326 882 303
internal_count=2528 2225 1343 326 882 303
is_linear=0
shrinkage=0.05


Tree=16
num_leaves=7
num_cat=0
split_feature=3 2 3 3 0 3
split_gain=113.143 35.0503 30.6207 18.2631 49.5253 16.6106
threshold=3419.9474463806891 1.1408991445829353 1814.2996046852859 2437.884018966517 15.375000000000002 2007.5247544960755
decision_type=2 2 2 2 2 2
left_child=1 3 -3 4 -1 -6
right_child=-2 2 -4 -5 5 -7
leaf_value=13.663091423821825 -29.194340157693876 0.35646363110598539 -18.9530798150805 -4.8620484994898661 0.10506123360795101 -11.720836553166505
leaf_weight=615 176 88 87 456 1043 44
leaf_count=615 176 88 87 456 1043 44
internal_value=5.77896e-05 0.00297673 -0.0185323 0.00472406 0.00710593 0.00068531
internal_weight=2509 2333 175 2158 1702 1087
internal_count=2509 2333 175 2158 1702 1087
is_linear=0
shrinkage=0.05


Tree=17
num_leaves=7
num_cat=0
split_feature=3 2 0 2 3 1
split_gain=99.772 33.315 45.4276 28.9989 21.2832 23.7235
threshold=3419.9474463806891 0.83663225795670282 17.375000000000004 0.77073767491502909 492.25344267419933 52.500000000000007
decision_type=2 2 2 2 2 2
left_child=1 2 -1 -4 -3 -6
right_child=-2 4 3 -5 5 -7
leaf_value=7.1877566330865452 -30.546079414324307 0.39151541643433507 -1.2272123554714376 0.51022666707666564 2.5244646166704596 -4.3502397562124893
leaf_weight=1030 168 170 246 81 89 761
leaf_count=1030 168 170 246 81 89 761
internal_value=0.000371302 0.00300576 0.00813868 -0.00808621 -0.00381825 -0.00705211
internal_weight=2545 2377 1357 327 1020 850
internal_count=2545 2377 1357 327 1020 850
is_linear=0
shrinkage=0.05


Tree=18
num_leaves=7
num_cat=0
split_feature=3 2 0 2 2 2
split_gain=78.8425 35.4599 30.7887 16.8626 24.772 17.0313
threshold=2629.8496565304495 1.0732926640339071 14.625000000000002 0.55196201253840982 0.61918931472865724 0.7381586670970498
decision_type=2 2 2 2 2 2
left_child=2 -2 3 -1 -5 -6
right_child=1 -3 -4 4 5 -7
leaf_value=38.69252778074204 -5.7147377834897917 -27.894525366127311 0.037689306909809699 -24.448092450528762 21.275967918754812 1.8061629487518731
leaf_weight=164 382 153 1344 50 142 278
leaf_count=164 382 153 1344 50 142 278
internal_value=0.000495404 -0.0165296 0.00510338 0.0141855 0.00934907 0.0133183
internal_weight=2513 535 1978 634 470 420
internal_count=2513 535 1978 634 470 420
is_linear=0
shrinkage=0.05


Tree=19
num_leaves=7
num_cat=0
split_feature=3 2 3 2 2 3
split_gain=83.2458 19.8517 79.0147 23.893 20.1892 16.9184
threshold=3069.8742533426043 0.75028853370153215 492.25344267419933 0.77073767491502909 0.83078866563942777 1481.3087538177085
decision_type=2 2 2 2 2 2
left_child=1 2 -1 -3 -5 -6
right_child=-2 3 -4 4 5 -7
leaf_value=-1.3060296789507484 -19.483703594560822 -9.1807616021124101 12.094379507872066 1.7797016316919683 0.3034084323305109 -4.7942285114511467
leaf_weight=241 292 156 671 269 396 484
leaf_count=241 292 156 671 269 396 484
internal_value=0.000456339 0.00376393 0.00942331 -0.000187725 0.0023018 -0.0013578
internal_weight=2509 2217 912 1305 1149 880
internal_count=2509 2217 912 1305 1149 880
is_linear=0
shrinkage=0.05


Tree=20
num_leaves=7
num_cat=0
split_feature=3 0 2 2 0 3
split_gain=79.7573 37.87 27.2262 15.8081 22.3505 21.3073
threshold=2629.8496565304495 14.625000000000002 1.0732926640339071 0.86823136546296509 17.375000000000004 906.41858661600861
decision_type=2 2 2 2 2 2
left_child=1 -1 -2 4 -3 -5
right_child=2 3 -4 5 -6 -7
leaf_value=7.313363541184092 -5.5057805942959419 3.2891551375129766 -26.814053789887595 0.12973803526961447 -0.26122061177559441 -5.2657438273242763
leaf_weight=638 392 571 155 175 386 225
leaf_count=638 392 571 155 175 386 225
internal_value=0.000194721 0.00483434 -0.0167154 0.000106845 0.00359941 -0.00823544
internal_weight=2542 1995 547 1357 957 400
internal_count=2542 1995 547 1357 957 400
is_linear=0
shrinkage=0.05


Tree=21
num_leaves=7
num_cat=0
split_feature=2 3 2 3 2 2
split_gain=69.6711 26.701 19.0076 58.3274 24.1903 67.6859
threshold=1.0369557176092192 1674.4748397928513 0.68053205379213988 236.62008434069205 0.61918931472865724 0.55196201253840982
decision_type=2 2 2 2 2 2
left_child=2 -2 3 -1 5 -5
right_child=1 -3 -4 4 -6 -7
leaf_value=-1.5080743488269091 0.11308328488109681 -18.671533264210598 0.063072314803435781 29.519021050953938 15.58083070566658 -18.73299986955799
leaf_weight=122 125 268 1447 280 184 116
leaf_count=122 125 268 1447 280 184 116
internal_value=0.000666772 -0.0186848 0.00420874 0.01096 0.0175746 0.0105908
internal_weight=2542 393 2149 702 580 396
internal_count=2542 393 2149 702 580 396
is_linear=0
shrinkage=0.05


Tree=22
num_leaves=7
num_cat=0
split_feature=3 2 0 2 2 2
split_gain=65.6279 19.0704 25.3379 21.6287 21.1365 29.3124
threshold=3069.8742533426043 0.86823136546296509 17.375000000000004 0.7381586670970498 0.68053205379213988 0.61918931472865724
decision_type=2 2 2 2 2 2
left_child=1 2 4 -4 5 -1
right_child=-2 -3 3 -5 -6 -7
leaf_value=11.33561639000914 -16.736324658125181 -0.25361164265038666 -1.1522634469730855 0.35732094106941337 1.4553475784877288 17.981881704119171
leaf_weight=370 297 652 191 188 655 167
leaf_count=370 297 652 191 188 655 167
internal_value=0.000712273 0.0036638 0.00664821 -0.00460301 0.0102298 0.0175852
internal_weight=2520 2223 1571 379 1192 537
internal_count=2520 2223 1571 379 1192 537
is_linear=0
shrinkage=0.05


Tree=23
num_leaves=7
num_cat=0
split_feature=3 0 3 3 0 2
split_gain=58.1497 21.1263 34.9258 20.2585 15.3822 18.665
threshold=3069.8742533426043 15.375000000000002 2437.884018966517 1466.3337512716319 16.375000000000004 0.57071268262049546
decision_type=2 2 2 2 2 2
left_child=1 2 -1 4 -3 -6
right_child=-2 3 -4 -5 5 -7
leaf_value=7.7004114089771223 -16.66805296150596 18.681872091569467 -3.2984928241510945 -5.368451696166483 -1.9400975385809767 0.13194446136605437
leaf_weight=674 306 89 359 238 141 715
leaf_count=674 306 89 359 238 141 715
internal_value=0.000513461 0.00333694 0.00856161 -0.00122137 0.00205798 0
internal_weight=2522 2216 1033 1183 945 856
internal_count=2522 2216 1033 1183 945 856
is_linear=0
shrinkage=0.05


Tree=24
num_leaves=7
num_cat=0
split_feature=2 3 2 0 0 2
split_gain=56.8588 32.8217 12.7713 20.8856 21.6347 23.0825
threshold=1.0732926640339071 1229.3559146256314 0.86823136546296509 17.375000000000004 8.8750000000000018 0.55196201253840982
decision_type=2 2 2 2 2 2
left_child=2 -2 3 4 -1 -6
right_child=1 -3 -4 -5 5 -7
leaf_value=-5.605504938599033 0.69599528901574814 -15.766755576704419 -0.24072069147444833 -0.26150411101543458 31.423804231885363 2.193385548874399
leaf_weight=45 61 233 634 373 257 917
leaf_count=45 61 233 634 373 257 917
internal_value=0.000275783 -0.0203842 0.0030075 0.00539853 0.0085678 0.00987565
internal_weight=2520 294 2226 1592 1219 1174
internal_count=2520 294 2226 1592 1219 1174
is_linear=0
shrinkage=0.05


Tree=25
num_leaves=7
num_cat=0
split_feature=2 3 2 3 1 2
split_gain=41.5804 27.213 15.0852 47.8155 18.0557 17.6404
threshold=1.0732926640339071 1934.7770472951813 0.75086641606436599 465.45462320887708 142.50000000000003 0.55196201253840982
decision_type=2 2 2 2 2 2
left_child=2 -2 3 -1 -5 -6
right_child=1 -3 -4 4 5 -7
leaf_value=-1.0613068484157731 0.08364182506999214 -18.93607394605316 -0.046633557231658254 1.9175743541358061 39.919165474225302 4.6503691186725717
leaf_weight=240 103 191 1287 255 160 271
leaf_count=240 103 191 1287 255 160 271
internal_value=0.000337043 -0.017324 0.00268628 0.00755318 0.0142763 0.0205173
internal_weight=2507 294 2213 926 686 431
internal_count=2507 294 2213 926 686 431
is_linear=0
shrinkage=0.05


Tree=26
num_leaves=7
num_cat=0
split_feature=3 0 2 2 2 2
split_gain=42.5112 28.5672 26.4877 24.0051 33.7095 24.4753
threshold=2629.8496565304495 15.375000000000002 1.0732926640339071 0.55196201253840982 0.61918931472865724 0.75086641606436599
decision_type=2 2 2 2 2 2
left_child=1 3 -2 -1 -5 -6
right_child=2 -3 -4 4 5 -7
leaf_value=34.438140960375357 -3.9397576007525061 -0.06136091943965543 -21.278119837871227 -29.900388470673626 14.15681990873383 0.40359744541733494
leaf_weight=181 379 1192 155 57 196 349
leaf_count=181 379 1192 155 57 196 349
internal_value=-1.79347e-05 0.00336439 -0.0125351 0.0107841 0.00597077 0.00980554
internal_weight=2509 1975 534 783 602 545
internal_count=2509 1975 534 783 602 545
is_linear=0
shrinkage=0.05


Tree=27
num_leaves=7
num_cat=0
split_feature=2 3 2 3 2 2
split_gain=41.5939 32.8116 12.1976 40.8923 21.7455 69.1242
threshold=1.0732926640339071 1229.3559146256314 0.68053205379213988 554.54292919848342 0.61918931472865724 0.55196201253840982
decision_type=2 2 2 2 2 2
left_child=2 -2 3 -1 5 -5
right_child=1 -3 -4 4 -6 -7
leaf_value=-0.94673550099586523 0.79733049698022396 -13.238421403424418 0.080246965323220829 33.066841212161279 16.786558502018909 -19.414330476387022
leaf_weight=212 67 230 1522 208 161 104
leaf_count=212 67 230 1522 208 161 104
internal_value=0.000916497 -0.0166442 0.00328259 0.00882353 0.0170049 0.00927587
internal_weight=2504 297 2207 685 473 312
internal_count=2504 297 2207 685 473 312
is_linear=0
shrinkage=0.05


Tree=28
num_leaves=7
num_cat=0
split_feature=2 3 0 2 1 3
split_gain=40.3923 21.5391 10.0847 29.632 28.2777 17.3454
threshold=1.0732926640339071 1934.7770472951813 16.375000000000004 0.75028853370153215 112.50000000000001 1286.8836431717621
decision_type=2 2 2 2 2 2
left_child=2 -2 3 4 -1 -6
right_child=1 -3 -4 -5 5 -7
leaf_value=-0.49655635909439583 0.03773214511994212 -16.517553996771586 -0.050547308653985823 -0.19830153951662891 47.112734211268581 11.66399353631884
leaf_weight=193 107 196 822 832 131 241
leaf_count=193 107 196 822 832 131 241
internal_value=0.000473812 -0.0166447 0.0028142 0.00540047 0.0142364 0.0222924
internal_weight=2522 303 2219 1397 565 372
internal_count=2522 303 2219 1397 565 372
is_linear=0
shrinkage=0.05


Tree=29
num_leaves=7
num_cat=0
split_feature=3 2 2 1 3 2
split_gain=33.0724 13.533 26.0465 13.1732 11.2791 11.0576
threshold=3654.3744261660072 0.25074777446370872 0.41058359444890563 157.50000000000003 451.61916479468124 0.61918931472865724
decision_type=2 2 2 2 2 2
left_child=1 -1 3 -3 -5 -4
right_child=-2 2 5 4 -6 -7
leaf_value=-4.7067427580492698 -24.422100115274255 -0.69548171911649781 -3.8207199421044544 0.19277514556854386 47.641343275950724 0.078904698012357249
leaf_weight=41 88 53 250 45 99 1973
leaf_count=41 88 53 250 45 99 1973
internal_value=-0.000488408 0.000587136 0.00107227 0.0184932 0.0263359 -0.000470064
internal_weight=2549 2461 2420 197 144 2223
internal_count=2549 2461 2420 197 144 2223
is_linear=0
shrinkage=0.05


Tree=30
num_leaves=7
num_cat=0
split_feature=2 1 2 0 1 2
split_gain=34.3488 13.9693 13.1553 32.5597 28.7823 12.3482
threshold=1.0369557176092192 82.500000000000014 0.68053205379213988 16.875000000000004 112.50000000000001 0.98984785530521391
decision_type=2 2 2 2 2 2
left_child=2 -2 3 4 -1 -4
right_child=1 -3 5 -5 -6 -7
leaf_value=-1.0442650579487747 0.85216195509737747 -5.4166335738016729 -0.093151237192295969 -0.78140407533288436 21.126967655490191 1.2179447235846455
leaf_weight=153 40 350 1275 201 337 159
leaf_count=153 40 350 1275 201 337 159
internal_value=0.00057453 -0.0130608 0.00307986 0.00874693 0.0157009 0.000345164
internal_weight=2515 390 2125 691 490 1434
internal_count=2515 390 2125 691 490 1434
is_linear=0
shrinkage=0.05


Tree=31
num_leaves=7
num_cat=0
split_feature=2 3 0 2 1 2
split_gain=30.7027 28.0311 18.071 23.9366 29.9858 29.623
threshold=0.86823136546296509 954.62240744568055 16.875000000000004 0.55196201253840982 112.50000000000001 0.61918931472865724
decision_type=2 2 2 2 2 2
left_child=2 -2 3 4 -1 -5
right_child=1 -3 -4 5 -6 -7
leaf_value=-3.1224927933491702 0.3345649752660167 -5.2236107695589711 -0.17558557949538384 -18.740286272090231 35.039459134966428 3.9442187894684011
leaf_weight=71 213 743 487 93 179 760
leaf_count=71 213 743 487 93 179 760
internal_value=-0.000233691 -0.00731618 0.00402176 0.00756504 0.0211715 0.00356934
internal_weight=2546 956 1590 1103 250 853
internal_count=2546 956 1590 1103 250 853
is_linear=0
shrinkage=0.05


Tree=32
num_leaves=7
num_cat=0
split_feature=3 0 2 1 3 3
split_gain=27.926 12.5658 21.6402 25.3537 14.3975 9.10509
threshold=3041.0845404724837 15.875000000000002 0.75086641606436599 127.50000000000001 1952.3074160865901 1674.4748397928513
decision_type=2 2 2 2 2 2
left_child=1 2 3 -1 -5 -3
right_child=-2 5 -4 4 -6 -7
leaf_value=-0.37406790734029588 -11.252065239759396 -0.0742992635527326 -0.43322028847413352 23.842073520709747 6.9596017693574259 -7.2110932868677073
leaf_weight=204 317 985 667 204 95 73
leaf_count=204 317 985 667 204 95 73
internal_value=-0.000764214 0.00120955 0.00478164 0.0126118 0.0218823 -0.00273604
internal_weight=2545 2228 1170 503 299 1058
internal_count=2545 2228 1170 503 299 1058
is_linear=0
shrinkage=0.05


Tree=33
num_leaves=7
num_cat=0
split_feature=3 3 0 1 3 3
split_gain=27.3425 13.9246 21.2528 16.1015 20.5458 14.7053
threshold=3654.3744261660072 2437.884018966517 15.375000000000002 142.50000000000003 1920.7731077206975 2007.5247544960755
decision_type=2 2 2 2 2 2
left_child=1 2 3 -1 -5 -4
right_child=-2 -3 5 4 -6 -7
leaf_value=0.9148871375386739 -22.106379630354542 -3.5378744705467806 0.041330338277960982 25.738158693192045 4.2462656471181361 -9.2652303025451115
leaf_weight=362 88 583 1113 150 173 52
leaf_count=362 88 583 1113 150 173 52
internal_value=0.00017651 0.00116929 0.00329442 0.0102832 0.0183999 -0.000811089
internal_weight=2521 2433 1850 685 323 1165
internal_count=2521 2433 1850 685 323 1165
is_linear=0
shrinkage=0.05


Tree=34
num_leaves=7
num_cat=0
split_feature=3 3 0 1 3 3
split_gain=26.5627 12.2485 25.5278 14.2895 23.0074 12.2625
threshold=3654.3744261660072 2455.4105634451057 15.375000000000002 142.50000000000003 1920.7731077206975 2007.5247544960755
decision_type=2 2 2 2 2 2
left_child=1 2 3 -1 -5 -4
right_child=-2 -3 5 4 -6 -7
leaf_value=0.90323447423965286 -21.001060648836813 -3.1480265769356981 -0.0032519488155768883 25.412093866101859 5.4509763681103109 -8.801968787417854
leaf_weight=362 92 578 1127 155 170 52
leaf_count=362 92 578 1127 155 170 52
internal_value=0.000352904 0.00134814 0.00331976 0.0109809 0.0185943 -0.0011407
internal_weight=2536 2444 1866 687 325 1179
internal_count=2536 2444 1866 687 325 1179
is_linear=0
shrinkage=0.05


Tree=35
num_leaves=7
num_cat=0
split_feature=3 2 2 2 2 0
split_gain=23.5257 14.3664 14.7508 17.1358 32.1076 22.4549
threshold=3069.8742533426043 0.25074777446370872 0.41058359444890563 0.61918931472865724 0.6600522696623613 12.125000000000002
decision_type=2 2 2 2 2 2
left_child=1 -1 -3 5 -5 -4
right_child=-2 2 3 4 -6 -7
leaf_value=-3.9756636937832734 -10.962522111018911 15.941072865658914 7.768571504374691 6.0595187452054322 0.14732655828772376 -7.6173502076887081
leaf_weight=40 304 209 55 145 1604 188
leaf_count=40 304 209 55 145 1604 188
internal_value=0.000567758 0.00234037 0.00288265 0.00155364 0.00328455 -0.0108803
internal_weight=2545 2241 2201 1992 1749 243
internal_count=2545 2241 2201 1992 1749 243
is_linear=0
shrinkage=0.05


Tree=36
num_leaves=7
num_cat=0
split_feature=3 0 2 1 3 0
split_gain=24.1175 25.4855 18.283 16.7139 21.4128 13.4015
threshold=2437.884018966517 15.375000000000002 1.0732926640339071 142.50000000000003 1920.7731077206975 13.375000000000002
decision_type=2 2 2 2 2 2
left_child=1 3 5 -1 -5 -2
right_child=2 -3 -4 4 -6 -7
leaf_value=0.832670984791686 1.3463019104253307 -0.054046395410319997 -15.675345500101844 24.091039630696105 5.1830035898121025 -11.585221709759425
leaf_weight=353 299 1164 175 151 169 194
leaf_count=353 299 1164 175 151 169 194
internal_value=5.78819e-05 0.00301834 -0.00807514 0.0107636 0.0190409 -0.00313324
internal_weight=2505 1837 668 673 320 493
internal_count=2505 1837 668 673 320 493
is_linear=0
shrinkage=0.05


Tree=37
num_leaves=7
num_cat=0
split_feature=2 3 2 2 3 0
split_gain=20.2636 17.2851 16.6133 12.6375 17.4058 20.4892
threshold=1.0732926640339071 1229.3559146256314 0.25074777446370872 0.41058359444890563 451.61916479468124 13.625000000000002
decision_type=2 2 2 2 2 2
left_child=2 -2 -1 4 -4 -6
right_child=1 -3 3 -5 5 -7
leaf_value=-5.1800036717056619 0.69380822503287731 -9.9286548095302045 -0.83028925513038776 0.1904373286796954 7.6667437385933912 39.816101171319644
leaf_weight=40 72 231 53 1983 77 78
leaf_count=40 72 231 53 1983 77 78
internal_value=0.000432106 -0.0116958 0.00208193 0.00266761 0.0143921 0.0228562
internal_weight=2534 303 2231 2191 208 155
internal_count=2534 303 2231 2191 208 155
is_linear=0
shrinkage=0.05


Tree=38
num_leaves=7
num_cat=0
split_feature=2 2 3 2 3 0
split_gain=25.0992 15.1602 14.8669 14.4411 16.8637 25.3317
threshold=1.0732926640339071 0.25074777446370872 1814.2996046852859 0.41058359444890563 451.61916479468124 12.625000000000002
decision_type=2 2 2 2 2 2
left_child=1 -1 -2 4 -3 -6
right_child=2 3 -4 -5 5 -7
leaf_value=-3.9612594056559125 0.18828954079471885 -0.64755584400961086 -12.03066477671377 0.19018762446826187 -4.0569035527091843 37.18533258742562
leaf_weight=41 103 55 203 1987 52 96
leaf_count=41 103 55 203 1987 52 96
internal_value=0.000372473 0.0022164 -0.0130513 0.00278298 0.015485 0.0242741
internal_weight=2537 2231 306 2190 203 148
internal_count=2537 2231 306 2190 203 148
is_linear=0
shrinkage=0.05


Tree=39
num_leaves=7
num_cat=0
split_feature=2 3 2 2 3 0
split_gain=22.6584 18.8419 10.3247 18.3075 16.8706 15.7721
threshold=1.0732926640339071 1934.7770472951813 0.25074777446370872 0.41058359444890563 451.61916479468124 12.625000000000002
decision_type=2 2 2 2 2 2
left_child=2 -2 -1 4 -4 -6
right_child=1 -3 3 -5 5 -7
leaf_value=-3.7631964353731164 0.24151043506913858 -12.152584413753301 -0.75651449284916916 0.17140608102229749 7.7660883686978996 37.022396751578292
leaf_weight=43 108 199 52 1971 57 97
leaf_count=43 108 199 52 1971 57 97
internal_value=0.000532231 -0.0121947 0.00229494 0.00277663 0.0169578 0.0252758
internal_weight=2527 307 2220 2177 206 154
internal_count=2527 307 2220 2177 206 154
is_linear=0
shrinkage=0.05


Tree=40
num_leaves=7
num_cat=0
split_feature=3 3 0 1 3 2
split_gain=20.2526 9.46863 20.3752 15.3791 17.8603 8.23779
threshold=3737.7087903685265 2437.884018966517 15.375000000000002 142.50000000000003 1952.3074160865901 0.59991395613563936
decision_type=2 2 2 2 2 2
left_child=1 2 3 5 -5 -1
right_child=-2 -3 -4 4 -6 -7
leaf_value=-6.8516995947351633 -17.872726189159387 -2.481968783367833 -0.059312442716448914 22.164238929257394 5.0381630714116321 1.3359021696996956
leaf_weight=80 73 604 1166 169 156 277
leaf_count=80 73 604 1166 169 156 277
internal_value=0.000691062 0.00146609 0.00324387 0.0101085 0.0179791 0.00292635
internal_weight=2525 2452 1848 682 325 357
internal_count=2525 2452 1848 682 325 357
is_linear=0
shrinkage=0.05


Tree=41
num_leaves=7
num_cat=0
split_feature=2 0 0 3 2 1
split_gain=12.1352 11.5104 12.6463 20.1756 12.6614 12.1723
threshold=1.0369557176092192 14.625000000000002 8.8750000000000018 2416.9597723815764 1.014259905377046 142.50000000000003
decision_type=2 2 2 2 2 2
left_child=1 2 -1 5 -5 -4
right_child=-2 -3 3 4 -6 -7
leaf_value=-4.9124559193516903 -1.7955236450119743 -0.069427848117771876 4.7824860327281584 -2.4474880421145802 6.2127219595747905 20.755472627562995
leaf_weight=57 391 1268 178 378 50 218
leaf_count=57 391 1268 178 378 50 218
internal_value=0.00031298 0.00178912 0.00617978 0.00775998 0.000221911 0.0158925
internal_weight=2540 2149 881 824 428 396
internal_count=2540 2149 881 824 428 396
is_linear=0
shrinkage=0.05


Tree=42
num_leaves=7
num_cat=0
split_feature=3 0 2 2 0 1
split_gain=15.2073 16.9322 15.754 33.6786 19.7103 18.1543
threshold=2529.6356703945689 15.875000000000002 0.55196201253840982 0.61918931472865724 12.625000000000002 112.50000000000001
decision_type=2 2 2 2 2 2
left_child=1 2 4 -4 5 -1
right_child=-2 -3 3 -5 -6 -7
leaf_value=-5.6831643593958923 -4.7745634576494496 -0.075701337542100691 -26.719810266680003 2.5709003629676057 37.95515791070882 19.135349173970795
leaf_weight=45 608 1040 70 584 97 60
leaf_count=45 608 1040 70 584 97 60
internal_value=0.000636955 0.00284531 0.00805397 0.00427305 0.0202622 0.00518554
internal_weight=2504 1896 856 654 202 105
internal_count=2504 1896 856 654 202 105
is_linear=0
shrinkage=0.05


Tree=43
num_leaves=7
num_cat=0
split_feature=2 3 0 3 0 3
split_gain=15.6134 12.1289 7.55295 10.5261 19.4141 12.5659
threshold=1.0732926640339071 1934.7770472951813 14.625000000000002 2437.884018966517 9.1250000000000018 1294.062638726786
decision_type=2 2 2 2 2 2
left_child=2 -2 3 4 -1 -6
right_child=1 -3 -4 -5 5 -7
leaf_value=-2.6598297952852512 0.26461424474325668 -10.242035380192091 -0.048455108347605517 -0.18555512247677655 34.568814483059384 8.92653164774174
leaf_weight=93 111 200 1286 435 85 309
leaf_count=93 111 200 1286 435 85 309
internal_value=0.000375134 -0.0101093 0.00185454 0.00530853 0.0103572 0.0152119
internal_weight=2519 311 2208 922 487 394
internal_count=2519 311 2208 922 487 394
is_linear=0
shrinkage=0.05


Tree=44
num_leaves=7
num_cat=0
split_feature=2 3 2 2 0 2
split_gain=14.2249 12.8742 12.3523 8.79885 14.6385 14.9698
threshold=1.0369557176092192 554.54292919848342 1.0189955646399984 0.83663225795670282 16.375000000000004 0.74907366459256897
decision_type=2 2 2 2 2 2
left_child=2 -2 3 4 -1 -6
right_child=1 -3 -4 -5 5 -7
leaf_value=5.0229031432347462 0.89023572650097949 -4.5526978768166888 3.5843450868104152 -0.26867088219127738 -1.0063500458752681 0.44399821357045166
leaf_weight=838 47 340 72 709 309 210
leaf_count=838 47 340 72 709 309 210
internal_value=0.000176231 -0.00864118 0.00177494 0.00106239 0.00342274 -0.00316895
internal_weight=2525 387 2138 2066 1357 519
internal_count=2525 387 2138 2066 1357 519
is_linear=0
shrinkage=0.05


Tree=45
num_leaves=7
num_cat=0
split_feature=3 2 2 3 0 2
split_gain=11.0639 10.9848 19.2682 14.7251 22.9095 11.9251
threshold=3737.7087903685265 0.25074777446370872 0.41058359444890563 451.61916479468124 12.875000000000002 0.61918931472865724
decision_type=2 2 2 2 2 2
left_child=1 -1 3 -3 -5 -4
right_child=-2 2 5 4 -6 -7
leaf_value=-4.092096285571202 -13.128344589256972 -0.51438998803671232 -3.8997279071432445 1.0812511277296097 36.878196582745709 0.1924859340898884
leaf_weight=40 66 53 244 63 91 1971
leaf_count=40 66 53 244 63 91 1971
internal_value=0.000591353 0.00113521 0.00156682 0.0161516 0.0239779 0.000200894
internal_weight=2528 2462 2422 207 154 2215
internal_count=2528 2462 2422 207 154 2215
is_linear=0
shrinkage=0.05


Tree=46
num_leaves=7
num_cat=0
split_feature=3 0 1 2 0 1
split_gain=9.87075 26.4006 26.3292 14.8908 10.0895 9.95846
threshold=1286.8836431717621 16.625000000000004 142.50000000000003 0.74907366459256897 15.875000000000002 187.50000000000003
decision_type=2 2 2 2 2 2
left_child=1 2 -1 -3 -2 -5
right_child=4 3 -4 5 -6 -7
leaf_value=0.08696065314463404 0.026411228719257454 -0.90786626718574814 23.240862227676089 1.0414866693851894 -3.5193319489570025 0.11260702747087725
leaf_weight=130 1275 288 148 78 198 408
leaf_count=130 1275 288 148 78 198 408
internal_value=0.00104748 0.00474765 0.0179612 0 -0.00159188 0.00533841
internal_weight=2525 1052 278 774 1473 486
internal_count=2525 1052 278 774 1473 486
is_linear=0
shrinkage=0.05


Tree=47
num_leaves=7
num_cat=0
split_feature=2 2 3 2 1 0
split_gain=12.2102 24.269 10.4738 5.53246 19.0356 11.1475
threshold=0.26549986769598238 0.29730636157118312 3737.7087903685265 0.41058359444890563 367.50000000000006 13.625000000000002
decision_type=2 2 2 2 2 2
left_child=-1 -2 3 4 5 -3
right_child=1 2 -4 -5 -6 -7
leaf_value=-4.8270375625966402 20.556050101845194 3.2095877296482969 -14.830044185878524 0.047144334494436183 -2.8937947670029334 28.230599966338719
leaf_weight=68 43 40 68 2211 40 46
leaf_count=68 43 40 68 2211 40 46
internal_value=0.000395453 0.00097831 0.000309758 0.000875016 0.0110626 0.0243322
internal_weight=2516 2448 2405 2337 126 86
internal_count=2516 2448 2405 2337 126 86
is_linear=0
shrinkage=0.05


Tree=48
num_leaves=7
num_cat=0
split_feature=3 0 2 2 0 3
split_gain=10.3431 19.7954 9.97533 14.7043 9.57389 9.20158
threshold=2437.884018966517 15.375000000000002 1.0732926640339071 1.0006881302082076 13.375000000000002 1582.9903931156014
decision_type=2 2 2 2 2 2
left_child=1 -1 3 4 -2 -3
right_child=2 5 -4 -5 -6 -7
leaf_value=3.5376160119518802 -0.1475944712734247 0.0065661524459406095 -12.147151633523613 6.7903536979225168 -12.577168597656357 -6.4833414106957976
leaf_weight=676 247 1012 162 112 151 178
leaf_count=676 247 1012 162 112 151 178
internal_value=0.000116229 0.00203365 -0.00520012 -0.00175456 -0.00626727 -0.00184438
internal_weight=2538 1866 672 510 398 1190
internal_count=2538 1866 672 510 398 1190
is_linear=0
shrinkage=0.05


Tree=49
num_leaves=7
num_cat=0
split_feature=3 0 0 3 0 2
split_gain=10.7499 14.2904 18.3555 11.0515 15.7556 13.2307
threshold=2437.884018966517 14.625000000000002 12.625000000000002 1582.9903931156014 16.375000000000004 0.7381586670970498
decision_type=2 2 2 2 2 2
left_child=1 2 -1 4 -3 -6
right_child=-2 3 -4 -5 5 -7
leaf_value=0.55923370543075923 -4.0184986208570193 10.714010199779631 19.989472581927473 -3.7348049070519895 -0.9166032532006132 0.21127044185189608
leaf_weight=353 665 158 185 298 308 561
leaf_count=353 665 158 185 298 308 561
internal_value=0.00027491 0.00222479 0.00909682 -0.000562222 0.00189368 -0.000742147
internal_weight=2528 1863 538 1325 1027 869
internal_count=2528 1863 538 1325 1027 869
is_linear=0
shrinkage=0.05


Tree=50
num_leaves=7
num_cat=0
split_feature=3 0 1 0 3 2
split_gain=12.1653 11.9526 14.1307 11.7734 10.5346 10.3478
threshold=2629.8496565304495 14.625000000000002 187.50000000000003 13.375000000000002 1920.7731077206975 1.0369557176092192
decision_type=2 2 2 2 2 2
left_child=1 2 -1 5 -4 -2
right_child=3 -3 4 -5 -6 -7
leaf_value=0.64823491878259853 2.5163720618551251 -0.039614757013407512 33.351966816641429 -13.485710421503837 13.11145009485268 -8.6265391312052895
leaf_weight=430 222 1356 78 192 127 129
leaf_count=430 222 1356 78 192 127 129
internal_value=0.000471568 0.00228266 0.00794363 -0.00615909 0.018747 -0.000697807
internal_weight=2534 1991 635 543 205 351
internal_count=2534 1991 635 543 205 351
is_linear=0
shrinkage=0.05


Tree=51
num_leaves=7
num_cat=0
split_feature=3 0 3 0 2 3
split_gain=14.0619 5.57492 11.8564 13.4708 10.1384 9.94659
threshold=3737.7087903685265 14.625000000000002 2629.8496565304495 8.8750000000000018 0.87742581328134051 1582.9903931156014
decision_type=2 2 2 2 2 2
left_child=1 2 3 4 -1 -3
right_child=-2 5 -4 -5 -6 -7
leaf_value=-5.7363963395974746 -16.314703112166086 0.10394655518724392 -2.0171134105789195 8.8074397442237746 0.38578194921216991 -3.773847590728447
leaf_weight=45 70 1040 418 513 73 367
leaf_count=45 70 1040 418 513 73 367
internal_value=0.000750168 0.00138227 0.00414165 0.00846934 -0.00673158 -0.000671594
internal_weight=2526 2456 1049 631 118 1407
internal_count=2526 2456 1049 631 118 1407
is_linear=0
shrinkage=0.05


Tree=52
num_leaves=7
num_cat=0
split_feature=2 2 2 2 2 2
split_gain=12.7716 11.6764 12.5998 13.2094 13.9092 16.653
threshold=1.0732926640339071 1.0559328498495517 1.0369557176092192 0.98984785530521391 0.92915068325082728 0.891731912135731
decision_type=2 2 2 2 2 2
left_child=1 2 3 4 5 -1
right_child=-2 -3 -4 -5 -6 -7
leaf_value=0.21648050267809396 -2.2069741495103532 2.7381269588734876 -25.225942979786183 1.1042228190136627 -3.5851552111920242 2.2985533307910289
leaf_weight=1710 297 47 47 165 177 76
leaf_count=1710 297 47 47 165 177 76
internal_value=0.000494224 0.00179785 0.00126201 0.00183027 0.000685141 0.00201277
internal_weight=2519 2222 2175 2128 1963 1786
internal_count=2519 2222 2175 2128 1963 1786
is_linear=0
shrinkage=0.05


Tree=53
num_leaves=7
num_cat=0
split_feature=3 2 2 3 0 2
split_gain=9.69994 5.39135 9.39228 22.4643 17.6014 14.5697
threshold=3737.7087903685265 0.25074777446370872 0.41058359444890563 451.61916479468124 12.875000000000002 0.61918931472865724
decision_type=2 2 2 2 2 2
left_child=1 -1 3 -3 -5 -4
right_child=-2 2 5 4 -6 -7
leaf_value=-1.9796994872993317 -13.871559043396179 -0.96653021399289551 -4.0837458418227452 -0.036232840100952048 29.161091556990307 0.25317467876946703
leaf_weight=42 71 55 250 56 91 1960
leaf_count=42 71 55 250 56 91 1960
internal_value=0.000691062 0.00122041 0.00153186 0.0118506 0.0220598 0.000585946
internal_weight=2525 2454 2412 202 147 2210
internal_count=2525 2454 2412 202 147 2210
is_linear=0
shrinkage=0.05


Tree=54
num_leaves=7
num_cat=0
split_feature=3 0 3 2 3 1
split_gain=7.84221 6.95939 11.9997 10.2677 9.09006 17.1767
threshold=3737.7087903685265 14.625000000000002 2022.5910242573368 1.0006881302082076 2416.9597723815764 142.50000000000003
decision_type=2 2 2 2 2 2
left_child=1 4 -3 -4 5 -1
right_child=-2 2 3 -5 -6 -7
leaf_value=0.25185155396613651 -10.803562684239177 0.027043391127216411 -10.734693871223994 0.75433486650371151 -0.4999113138379791 16.174917883947408
leaf_weight=307 73 1205 126 75 534 214
leaf_count=307 73 1205 126 75 534 214
internal_value=0.000471568 0.000952826 -0.0013477 -0.0126554 0.00402332 0.00872193
internal_weight=2534 2461 1406 201 1055 521
internal_count=2534 2461 1406 201 1055 521
is_linear=0
shrinkage=0.05


Tree=55
num_leaves=7
num_cat=0
split_feature=3 0 1 3 2 0
split_gain=10.9479 8.21092 12.5516 17.3663 8.84279 9.42545
threshold=3190.2043078639786 14.625000000000002 202.50000000000003 1946.0554674024836 0.85357391623745205 8.8750000000000018
decision_type=2 2 2 2 2 2
left_child=1 2 4 -4 5 -1
right_child=-2 -3 3 -5 -6 -7
leaf_value=-6.4297666055071154 -7.519287095836086 -0.094856719020056171 29.986238212739266 6.0342118838122545 1.2379694647902604 -0.72027466478493674
leaf_weight=44 254 1385 70 173 206 377
leaf_count=44 254 1385 70 173 206 377
internal_value=1.79347e-05 0.00112855 0.00493621 0.0145825 0.00118801 -0.00295654
internal_weight=2509 2255 870 243 627 421
internal_count=2509 2255 870 243 627 421
is_linear=0
shrinkage=0.05


Tree=56
num_leaves=7
num_cat=0
split_feature=3 2 2 2 3 3
split_gain=8.0984 6.21444 24.8446 30.721 21.2772 14.0699
threshold=3737.7087903685265 0.68053205379213988 0.61918931472865724 0.59991395613563936 434.46442059282452 1294.062638726786
decision_type=2 2 2 2 2 2
left_child=1 2 3 4 -1 -6
right_child=-2 -3 -4 -5 5 -7
leaf_value=-1.1151964071537532 -9.1819780315415134 -0.04109756097810973 5.5063970218504119 -19.783478299561839 12.099450324029428 -3.0081205183471553
leaf_weight=132 68 1778 204 86 195 74
leaf_count=132 68 1778 204 86 195 74
internal_value=0.000924284 0.00139525 0.0054189 -0.000708273 0.00509848 0.0131735
internal_weight=2537 2469 691 487 401 269
internal_count=2537 2469 691 487 401 269
is_linear=0
shrinkage=0.05


Tree=57
num_leaves=7
num_cat=0
split_feature=3 3 3 3 0 3
split_gain=8.69148 5.37947 4.19709 10.1128 6.94851 11.4451
threshold=3788.2528992066591 3563.9105482432801 2629.8496565304495 2703.7315466815685 15.875000000000002 1674.4748397928513
decision_type=2 2 2 2 2 2
left_child=1 2 4 -4 -1 -6
right_child=-2 -3 3 -5 5 -7
leaf_value=1.9172757310356148 -10.279737309283338 3.9282642750842403 -10.254927564207412 -2.0660686374563668 -0.0090824934121753742 -5.8850194344930946
leaf_weight=926 63 56 52 374 990 72
leaf_count=926 63 56 52 374 990 72
internal_value=0.000175674 0.000645723 0.000287892 -0.00421263 0.00125497 -0.00150174
internal_weight=2533 2470 2414 426 1988 1062
internal_count=2533 2470 2414 426 1988 1062
is_linear=0
shrinkage=0.05


Tree=58
num_leaves=7
num_cat=0
split_feature=3 0 1 2 0 2
split_gain=9.75991 5.58717 9.20912 10.9194 8.14285 12.0649
threshold=3788.2528992066591 18.625000000000004 352.50000000000006 0.87742581328134051 16.375000000000004 0.41058359444890563
decision_type=2 2 2 2 2 2
left_child=1 4 -3 -4 5 -1
right_child=-2 2 3 -5 -6 -7
leaf_value=19.785023028806734 -9.3400424360066729 0.73970086234122823 -0.22048581010728549 0.51703945696056641 -0.30030710458211607 0.54821016955167046
leaf_weight=164 56 45 65 41 738 1435
leaf_count=164 56 45 65 41 738 1435
internal_value=0.00109862 0.00156545 0.0108868 0.0027804 0.000960592 0.00296729
internal_weight=2544 2488 151 106 2337 1599
internal_count=2544 2488 151 106 2337 1599
is_linear=0
shrinkage=0.05


Tree=59
num_leaves=7
num_cat=0
split_feature=3 2 3 0 2 2
split_gain=5.10427 4.40382 22.3818 21.1988 17.4958 17.2338
threshold=3737.7087903685265 0.41058359444890563 434.46442059282452 13.625000000000002 0.61918931472865724 0.6600522696623613
decision_type=2 2 2 2 2 2
left_child=1 2 -1 -4 -3 -6
right_child=-2 4 3 -5 5 -7
leaf_value=-1.521442282279702 -8.4473323063938448 -3.6373530967073977 -0.14832679187280604 25.43306624112968 4.546017046648247 0.081954503042476298
leaf_weight=90 65 241 74 79 144 1825
leaf_count=90 65 241 74 79 144 1825
internal_value=0.000831976 0.00120052 0.00758947 0.0192358 0.000495453 0.00205424
internal_weight=2518 2453 243 153 2210 1969
internal_count=2518 2453 243 153 2210 1969
is_linear=0
shrinkage=0.05


Tree=60
num_leaves=7
num_cat=0
split_feature=3 0 1 2 3 2
split_gain=7.40613 4.91827 10.0896 8.02738 6.68001 8.49096
threshold=3737.7087903685265 18.625000000000004 352.50000000000006 0.79390486615689848 131.60643939923895 0.41058359444890563
decision_type=2 2 2 2 2 2
left_child=1 4 -3 -4 -1 -6
right_child=-2 2 3 -5 5 -7
leaf_value=-0.62879085237906518 -8.8763817066991475 0.79099015989039145 -0.44302277337257934 0.55877418042857041 8.3349051721384271 0.027796237799563528
leaf_weight=47 67 45 51 52 202 2061
leaf_count=47 67 45 51 52 202 2061
internal_value=0.000809869 0.0012591 0.0100945 0.0014064 0.000690446 0.00108038
internal_weight=2525 2458 148 103 2310 2263
internal_count=2525 2458 148 103 2310 2263
is_linear=0
shrinkage=0.05


Tree=61
num_leaves=7
num_cat=0
split_feature=3 0 3 0 2 0
split_gain=7.6601 5.70212 10.6742 14.318 12.0625 8.74526
threshold=3737.7087903685265 14.625000000000002 1605.3203302987283 16.125000000000004 0.61918931472865724 14.875000000000002
decision_type=2 2 2 2 2 2
left_child=1 -1 3 4 -3 -4
right_child=-2 2 5 -5 -6 -7
leaf_value=1.2782329767184379 -8.4437907284340508 8.1767347337995258 -8.2123617011992103 -0.033282091773167724 12.410066920503155 -2.646548470590659
leaf_weight=1056 68 65 62 917 41 298
leaf_count=1056 68 65 62 917 41 298
internal_value=0.000456703 0.000920421 -0.00118936 0.00141237 0.018803 -0.00859483
internal_weight=2507 2439 1383 1023 106 360
internal_count=2507 2439 1383 1023 106 360
is_linear=0
shrinkage=0.05


Tree=62
num_leaves=7
num_cat=0
split_feature=3 2 3 0 3 2
split_gain=8.17802 4.87188 25.007 13.8176 12.7476 10.9581
threshold=3737.7087903685265 0.41058359444890563 182.15762737038935 13.125000000000002 507.88500359698179 0.61918931472865724
decision_type=2 2 2 2 2 2
left_child=1 2 -1 -4 -5 -3
right_child=-2 5 3 4 -6 -7
leaf_value=-1.502452654266242 -10.73818818580096 -3.1314880095979123 -2.1772902469314093 4.6836140478214414 25.558151608829256 0.2087943895299077
leaf_weight=50 69 253 69 40 84 1975
leaf_count=50 69 253 69 40 84 1975
internal_value=0.000391717 0.000868034 0.00758947 0.015769 0.0257454 0.0001324
internal_weight=2540 2471 243 193 124 2228
internal_count=2540 2471 243 193 124 2228
is_linear=0
shrinkage=0.05


Tree=63
num_leaves=7
num_cat=0
split_feature=2 2 2 0 0 3
split_gain=5.78239 7.8113 10.5156 8.12045 10.0236 9.23923
threshold=1.0732926640339071 0.9884556587749912 0.96293706714073291 9.1250000000000018 14.625000000000002 2041.766783541897
decision_type=2 2 2 2 2 2
left_child=1 2 3 -1 -5 -6
right_child=-2 -3 -4 4 5 -7
leaf_value=-3.0161878088195757 -1.4693981463773711 0.82626308561033557 -6.9309994534297203 5.1077173376122547 -0.017341527769202347 -6.4528939243580457
leaf_weight=68 302 269 102 688 998 100
leaf_count=68 302 269 102 688 998 100
internal_value=0.000215662 0.00109883 0 0.000860256 0.00150887 -0.00145251
internal_weight=2527 2225 1956 1854 1786 1098
internal_count=2527 2225 1956 1854 1786 1098
is_linear=0
shrinkage=0.05


Tree=64
num_leaves=7
num_cat=0
split_feature=3 0 0 1 3 0
split_gain=5.1289 10.7885 7.39513 12.4331 8.31926 7.77278
threshold=2629.8496565304495 13.375000000000002 14.625000000000002 202.50000000000003 1946.0554674024836 12.625000000000002
decision_type=2 2 2 2 2 2
left_child=2 -2 3 5 -5 -1
right_child=1 -3 -4 4 -6 -7
leaf_value=-0.59409556681996278 0.5502608581145495 -11.002837776956932 -0.084459664741068974 26.072348304335947 10.960288540285298 9.0866493471111625
leaf_weight=347 346 189 1342 71 102 115
leaf_count=347 346 189 1342 71 102 115
internal_value=-3.7817e-05 -0.00438236 0.0011355 0.0055818 0.0170133 0.0012876
internal_weight=2512 535 1977 635 173 462
internal_count=2512 535 1977 635 173 462
is_linear=0
shrinkage=0.05


Tree=65
num_leaves=7
num_cat=0
split_feature=3 0 3 2 0 2
split_gain=6.25688 4.49354 10.5782 10.3821 11.2663 6.73334
threshold=3737.7087903685265 15.875000000000002 1466.3337512716319 0.74437772011177505 16.625000000000004 0.75086641606436599
decision_type=2 2 2 2 2 2
left_child=1 5 3 4 -3 -1
right_child=-2 2 -4 -5 -6 -7
leaf_value=5.3554110350776796 -6.4682996579189762 2.6361155254749722 -4.5054057395598957 0.24453866440171659 -0.96894060468261367 0.19541098816822375
leaf_weight=505 72 81 128 556 285 895
leaf_count=505 72 81 128 556 285 895
internal_value=0.000711708 0.00114077 -0.00132844 0.000536818 -0.00599563 0.00299621
internal_weight=2522 2450 1050 922 366 1400
internal_count=2522 2450 1050 922 366 1400
is_linear=0
shrinkage=0.05


Tree=66
num_leaves=7
num_cat=0
split_feature=3 1 0 1 3 3
split_gain=6.19375 7.60318 4.35261 13.1842 10.5315 9.0267
threshold=3262.5275323142173 217.50000000000003 14.625000000000002 202.50000000000003 1946.0554674024836 2022.5910242573368
decision_type=2 2 2 2 2 2
left_child=2 -2 3 -1 -5 -4
right_child=1 -3 5 4 -6 -7
leaf_value=0.23373938296540758 1.2456428191897233 -9.7793679419697366 0.13853359792184322 23.323645486956242 5.744017238258488 -5.7381313197869455
leaf_weight=637 71 151 1209 71 191 198
leaf_count=637 71 151 1209 71 191 198
internal_value=0.00078913 -0.00718145 0.00155891 0.0042765 0.0137161 -0.000174117
internal_weight=2528 222 2306 899 262 1407
internal_count=2528 222 2306 899 262 1407
is_linear=0
shrinkage=0.05


Tree=67
num_leaves=7
num_cat=0
split_feature=3 3 2 2 0 1
split_gain=6.2918 3.87085 16.6718 20.3428 13.7038 27.4003
threshold=3737.7087903685265 1294.062638726786 0.61918931472865724 0.68053205379213988 16.625000000000004 112.50000000000001
decision_type=2 2 2 2 2 2
left_child=1 4 -3 -4 5 -1
right_child=-2 2 3 -5 -6 -7
leaf_value=-0.73003812890445552 -6.6151234312448537 -20.3915845874028 10.119497281498917 -0.19303066854097645 -0.054489863944412777 14.588211375637076
leaf_weight=122 73 122 123 1137 781 164
leaf_count=122 73 122 123 1137 781 164
internal_value=0.000156616 0.000590013 -0.00115404 0.000551544 0.00285353 0.012216
internal_weight=2522 2449 1382 1260 1067 286
internal_count=2522 2449 1382 1260 1067 286
is_linear=0
shrinkage=0.05


Tree=68
num_leaves=7
num_cat=0
split_feature=0 3 0 2 1 2
split_gain=3.89155 9.51128 8.31745 12.4019 9.81516 9.27719
threshold=14.625000000000002 1582.9903931156014 16.375000000000004 0.74907366459256897 187.50000000000003 0.6600522696623613
decision_type=2 2 2 2 2 2
left_child=-1 2 -2 5 -5 -4
right_child=1 -3 3 4 -6 -7
leaf_value=0.72156686745383714 7.3875060929154159 -4.4606182451491696 -0.41605898177894435 0.95225263522869463 0.033654819319311004 -1.1022569003761085
leaf_weight=1120 162 377 230 89 459 86
leaf_count=1120 162 377 230 89 459 86
internal_value=-5.7469e-05 -0.00181384 0.000677322 -0.00126721 0.00327495 -0.00915849
internal_weight=2523 1403 1026 864 548 316
internal_count=2523 1403 1026 864 548 316
is_linear=0
shrinkage=0.05


Tree=69
num_leaves=7
num_cat=0
split_feature=3 0 2 0 3 1
split_gain=4.33281 3.6053 9.51383 3.8782 15.4411 15.7047
threshold=3737.7087903685265 9.1250000000000018 0.87742581328134051 15.875000000000002 1605.3203302987283 202.50000000000003
decision_type=2 2 2 2 2 2
left_child=1 2 -1 4 5 -3
right_child=-2 3 -4 -5 -6 -7
leaf_value=-6.112940458762866 -5.4690295874303052 0.60798151788426658 0.26674198743135469 -0.072317159464449082 0.33123588173715179 21.141602133450078
leaf_weight=56 71 86 82 1032 1065 108
leaf_count=56 71 86 82 1032 1065 108
internal_value=0.000277989 0.000636038 -0.00720492 0.00111082 0.00297435 0.0159454
internal_weight=2500 2429 138 2291 1259 194
internal_count=2500 2429 138 2291 1259 194
is_linear=0
shrinkage=0.05


Tree=70
num_leaves=7
num_cat=0
split_feature=3 2 3 2 1 2
split_gain=5.17829 9.14109 8.12416 7.52898 6.58606 5.39998
threshold=2437.884018966517 0.7743462363466368 2298.5857036208931 0.83078866563942777 67.500000000000014 0.98984785530521391
decision_type=2 2 2 2 2 2
left_child=2 -2 -1 -3 -5 -6
right_child=1 3 -4 4 5 -7
leaf_value=0.1551540043146484 -11.624293380938395 10.370889183744074 5.4465864525554784 3.6427961610547075 -7.662039915561329 -0.49101389802001166
leaf_weight=1747 78 59 112 55 191 284
leaf_count=1747 78 59 112 55 191 284
internal_value=0.000710582 -0.00306551 0.00206821 -0.00092514 -0.00282022 -0.00472532
internal_weight=2526 667 1859 589 530 475
internal_count=2526 667 1859 589 530 475
is_linear=0
shrinkage=0.05


Tree=71
num_leaves=7
num_cat=0
split_feature=0 2 1 3 2 2
split_gain=3.96338 9.90415 7.93991 5.57175 14.2843 12.7624
threshold=18.625000000000004 0.88169914242640879 367.50000000000006 182.15762737038935 0.57071268262049546 0.41058359444890563
decision_type=2 2 2 2 2 2
left_child=3 2 -2 4 -1 -5
right_child=1 -3 -4 5 -6 -7
leaf_value=-4.2831757075094785 0.70503197045683719 0.73822486588175296 -0.32934134365471979 9.3721759980464689 0.22457668673547673 -0.17336799707281544
leaf_weight=43 46 48 59 202 61 2080
leaf_count=43 46 48 59 202 61 2080
internal_value=0.000332795 0.00813194 -0.000428164 -0.000165542 -0.0114793 0.000348363
internal_weight=2539 153 105 2386 104 2282
internal_count=2539 153 105 2386 104 2282
is_linear=0
shrinkage=0.05


Tree=72
num_leaves=7
num_cat=0
split_feature=2 2 2 1 2 2
split_gain=5.08809 7.39249 10.3545 14.091 9.19683 24.3849
threshold=1.0732926640339071 0.98984785530521391 0.93838475451439896 202.50000000000003 0.891731912135731 0.88169914242640879
decision_type=2 2 2 2 2 2
left_child=1 2 4 -4 5 -1
right_child=-2 -3 3 -5 -6 -7
leaf_value=0.18992262354262657 -1.421293351597221 1.0106396430700642 0.48663191226431812 -17.348920616236736 1.6605761296896455 -18.034861345589764
leaf_weight=1675 307 255 70 84 100 59
leaf_count=1675 307 255 70 84 100 59
internal_value=0.000350967 0.00117917 0.000148383 -0.0122972 0.00119677 0.000343117
internal_weight=2550 2243 1988 154 1834 1734
internal_count=2550 2243 1988 154 1834 1734
is_linear=0
shrinkage=0.05


Tree=73
num_leaves=7
num_cat=0
split_feature=0 1 2 2 2 2
split_gain=5.42071 10.5068 7.72542 7.427 19.8053 10.087
threshold=18.375000000000004 277.50000000000006 0.88169914242640879 0.26549986769598238 0.41058359444890563 0.61918931472865724
decision_type=2 2 2 2 2 2
left_child=3 -2 -3 -1 -5 -6
right_child=1 2 -4 4 5 -7
leaf_value=-6.2755888902389279 0.71072963257719945 -0.11167050239277287 0.80209315138855786 10.515625939726156 -6.4159455283667519 -0.038236985019442754
leaf_weight=67 58 119 66 155 219 1852
leaf_count=67 58 119 66 155 219 1852
internal_value=7.68897e-05 0.00717812 0.00132361 -0.00067376 -0.00017744 -0.00147023
internal_weight=2536 243 185 2293 2226 2071
internal_count=2536 243 185 2293 2226 2071
is_linear=0
shrinkage=0.05


Tree=74
num_leaves=7
num_cat=0
split_feature=3 0 0 3 0 3
split_gain=3.78232 9.04548 7.452 10.3506 9.78474 9.8563
threshold=2437.884018966517 13.375000000000002 15.375000000000002 2007.5247544960755 12.875000000000002 1631.0985629017321
decision_type=2 2 2 2 2 2
left_child=2 -2 4 -4 -1 -6
right_child=1 -3 3 -5 5 -7
leaf_value=0.074032272798414178 0.38697248399541878 -9.1339691003577013 0.0015512854473108463 -6.3013028801600059 24.52462927961658 2.5218101031601527
leaf_weight=372 411 263 1125 49 77 231
leaf_count=372 411 263 1125 49 77 231
internal_value=0.000393576 -0.00281116 0.0015614 -0.000847458 0.0057271 0.0123174
internal_weight=2528 674 1854 1174 680 308
internal_count=2528 674 1854 1174 680 308
is_linear=0
shrinkage=0.05


Tree=75
num_leaves=7
num_cat=0
split_feature=0 2 1 2 2 1
split_gain=3.45429 8.81818 9.60557 4.51941 11.422 6.58295
threshold=18.625000000000004 0.88169914242640879 352.50000000000006 0.26549986769598238 0.29730636157118312 337.50000000000006
decision_type=2 2 2 2 2 2
left_child=3 2 -2 -1 -5 -6
right_child=1 -3 -4 4 5 -7
leaf_value=-4.4019612022843946 0.7620338839337869 1.1837096775751648 -0.25496031531235241 17.407966295332866 0.32623373525780225 -0.3946233856559655
leaf_weight=73 40 47 67 43 1566 743
leaf_count=73 40 47 67 43 1566 743
internal_value=0.00114187 0.00840363 0.000420168 0.000678323 0.00106075 0.000582478
internal_weight=2579 154 107 2425 2352 2309
internal_count=2579 154 107 2425 2352 2309
is_linear=0
shrinkage=0.05


Tree=76
num_leaves=7
num_cat=0
split_feature=3 3 3 0 3 1
split_gain=3.85249 4.60868 4.25431 5.18834 9.3171 20.3454
threshold=3737.7087903685265 3563.9105482432801 3262.5275323142173 16.375000000000004 1582.9903931156014 142.50000000000003
decision_type=2 2 2 2 2 2
left_child=1 2 3 4 5 -1
right_child=-2 -3 -4 -5 -6 -7
leaf_value=-0.48381850609514498 -7.3515944805600952 3.7410157026774016 -9.2192031999536432 -0.14340775356779076 0.040640380424626699 13.110541760985726
leaf_weight=186 70 52 113 885 1036 199
leaf_count=186 70 52 113 885 1036 199
internal_value=0.000214474 0.000544292 0.00022529 0.000691644 0.00256491 0.0092054
internal_weight=2541 2471 2419 2306 1421 385
internal_count=2541 2471 2419 2306 1421 385
is_linear=0
shrinkage=0.05


Tree=77
num_leaves=7
num_cat=0
split_feature=0 0 0 0 3 0
split_gain=3.30702 7.75568 5.90967 5.56468 5.19723 14.937
threshold=14.625000000000002 14.875000000000002 15.125000000000002 14.375000000000002 1229.3559146256314 16.625000000000004
decision_type=2 2 2 2 2 2
left_child=3 -2 -3 -1 5 -4
right_child=1 2 4 -5 -6 -7
leaf_value=0.45300670286410993 -5.0022287813843525 3.340384509201674 7.6235920917039124 9.4069851448648425 -1.754265863432346 -0.06545294632388661
leaf_weight=1056 71 69 88 68 409 771
leaf_count=1056 71 69 88 68 409 771
internal_value=0.00019549 -0.0014168 -0.000557176 0.00221955 -0.00133665 0.000867187
internal_weight=2532 1408 1337 1124 1268 859
internal_count=2532 1408 1337 1124 1268 859
is_linear=0
shrinkage=0.05


Tree=78
num_leaves=7
num_cat=0
split_feature=3 0 3 2 2 2
split_gain=4.79446 5.10883 8.7167 9.99589 7.1511 6.80832
threshold=3737.7087903685265 14.625000000000002 2022.5910242573368 1.0006881302082076 0.85357391623745205 0.74437772011177505
decision_type=2 2 2 2 2 2
left_child=1 -1 5 4 -4 -3
right_child=-2 2 3 -5 -6 -7
leaf_value=1.4560608579803387 -5.6539856483159161 -0.52345957983149738 -2.5734685580241905 2.7491511117216194 -23.726664761663987 0.25447825232625959
leaf_weight=1037 73 494 60 78 63 712
leaf_count=1037 73 494 60 78 63 712
internal_value=0.00105081 0.00142997 -0.000529458 -0.0101691 -0.0190496 0.00107371
internal_weight=2517 2444 1407 201 123 1206
internal_count=2517 2444 1407 201 123 1206
is_linear=0
shrinkage=0.05


Tree=79
num_leaves=7
num_cat=0
split_feature=2 3 2 2 2 2
split_gain=4.58757 7.40426 6.95431 12.4049 8.6721 8.11167
threshold=1.0732926640339071 1934.7770472951813 0.9884556587749912 0.93838475451439896 0.97661800148955868 0.891731912135731
decision_type=2 2 2 2 2 2
left_child=2 -2 3 5 -5 -1
right_child=1 -3 -4 4 -6 -7
leaf_value=0.052699240291349807 0.26383320561417778 -5.3546139910939026 0.76966266744901857 -16.864532934284124 -0.62884495527629458 1.8101301439615289
leaf_weight=1716 107 201 268 75 70 100
leaf_count=1716 107 201 268 75 70 100
internal_value=0.000214812 -0.00550146 0.00100713 -2.29463e-05 -0.0140937 0.00109851
internal_weight=2537 308 2229 1961 145 1816
internal_count=2537 308 2229 1961 145 1816
is_linear=0
shrinkage=0.05


Tree=80
num_leaves=7
num_cat=0
split_feature=0 0 3 0 3 3
split_gain=2.86206 12.0105 4.90927 12.9781 9.02286 7.57471
threshold=11.625000000000002 11.875000000000002 2629.8496565304495 14.625000000000002 2763.9953434917811 1328.8361734483499
decision_type=2 2 2 2 2 2
left_child=-1 -2 3 5 -4 -3
right_child=1 2 4 -5 -6 -7
leaf_value=-0.49664649967356245 12.346407165490103 24.324090298359909 -10.46725898617451 0.058098129693052059 -0.23225922479295349 7.0518905968320666
leaf_weight=465 50 40 63 1367 320 235
leaf_count=465 50 40 63 1367 320 235
internal_value=0.000864139 0.00166016 0.00105921 0.00225017 -0.00403289 0.0121592
internal_weight=2540 2075 2025 1642 383 275
internal_count=2540 2075 2025 1642 383 275
is_linear=0
shrinkage=0.05


Tree=81
num_leaves=7
num_cat=0
split_feature=0 2 3 2 3 1
split_gain=4.01245 10.4074 12.8819 11.5977 9.08447 30.6681
threshold=16.125000000000004 0.891731912135731 1286.8836431717621 0.93838475451439896 1757.0106196507074 202.50000000000003
decision_type=2 2 2 2 2 2
left_child=4 2 -2 -3 5 -1
right_child=1 3 -4 -5 -6 -7
leaf_value=-0.47181417468988229 -0.21192048554226872 2.367948105870668 -4.8718003894592137 0.16055171223327741 -0.023128563843027906 14.515868404267099
leaf_weight=253 654 42 61 217 1143 158
leaf_count=253 654 42 61 217 1143 158
internal_value=0.000670464 -0.00184273 -0.00495735 0.00673485 0.00224889 0.00862321
internal_weight=2528 974 715 259 1554 411
internal_count=2528 974 715 259 1554 411
is_linear=0
shrinkage=0.05


Tree=82
num_leaves=7
num_cat=0
split_feature=2 0 2 3 0 0
split_gain=4.35784 7.34955 6.45033 9.04139 7.40008 5.99884
threshold=1.0732926640339071 8.6250000000000018 0.98984785530521391 3069.8742533426043 17.125000000000004 14.125000000000002
decision_type=2 2 2 2 2 2
left_child=1 -1 3 5 -4 -3
right_child=-2 2 4 -5 -6 -7
leaf_value=-5.0754094046919409 -0.84782301303916374 3.7202750152690642 3.7845872659579984 -11.568071170083849 -0.060495820082865852 0.006016070370079874
leaf_weight=54 307 553 184 83 53 1284
leaf_count=54 307 553 184 83 53 1284
internal_value=0.000871689 0.0016485 0.002107 0.00114317 0.00989034 0.00187524
internal_weight=2518 2211 2157 1920 237 1837
internal_count=2518 2211 2157 1920 237 1837
is_linear=0
shrinkage=0.05


Tree=83
num_leaves=7
num_cat=0
split_feature=3 1 3 2 0 2
split_gain=4.34456 4.27626 2.99926 9.23827 6.14156 7.47673
threshold=3737.7087903685265 637.50000000000011 2437.884018966517 0.77073767491502909 13.375000000000002 0.98984785530521391
decision_type=2 2 2 2 2 2
left_child=1 2 -1 -4 -5 -6
right_child=-2 -3 3 4 5 -7
leaf_value=0.22934924345297081 -9.5470188588106222 -0.20080245752103237 -16.43980174631012 1.6381620647293229 -9.6501265585904292 1.6439263873840404
leaf_weight=1762 71 88 71 298 121 108
leaf_count=1762 71 88 71 298 121 108
internal_value=0.000295741 0.000651526 0.00105716 -0.00199799 0.00027509 -0.0058708
internal_weight=2519 2448 2360 598 527 229
internal_count=2519 2448 2360 598 527 229
is_linear=0
shrinkage=0.05


Tree=84
num_leaves=7
num_cat=0
split_feature=0 2 1 0 2 2
split_gain=3.49208 8.43944 6.54105 4.3948 3.8079 13.0755
threshold=10.125000000000002 0.87742581328134051 52.500000000000007 8.8750000000000018 0.86823136546296509 0.891731912135731
decision_type=2 2 2 2 2 2
left_child=1 3 -3 -1 -2 -6
right_child=4 2 -4 -5 5 -7
leaf_value=-6.8016212510726026 0.22966142933100003 0.68040653535255768 -0.79427807554482766 -1.1657364610252476 -9.1660422322993238 0.061543045772134521
leaf_weight=40 1489 44 92 60 125 682
leaf_count=40 1489 44 92 60 125 682
internal_value=-0.000116504 -0.00590851 0.00216752 -0.0169331 0.000476896 -0.00228596
internal_weight=2532 236 136 100 2296 807
internal_count=2532 236 136 100 2296 807
is_linear=0
shrinkage=0.05


Tree=85
num_leaves=7
num_cat=0
split_feature=0 3 2 2 2 0
split_gain=5.12783 10.7666 9.46785 12.2719 16.0104 12.7453
threshold=18.375000000000004 199.4915906113516 0.41058359444890563 0.61918931472865724 0.6600522696623613 12.125000000000002
decision_type=2 2 2 2 2 2
left_child=1 -1 -3 5 -5 -4
right_child=-2 2 3 4 -6 -7
leaf_value=-3.1238981763470797 0.22849331458857211 8.0562700109507741 3.0443542228959433 5.0270987115249621 -0.13804759561705257 -13.069718571990212
leaf_weight=41 232 188 52 130 1721 161
leaf_count=41 232 188 52 130 1721 161
internal_value=0.000651459 -6.32332e-05 0.000397407 -0.000578945 0.000726595 -0.0119427
internal_weight=2525 2293 2252 2064 1851 213
internal_count=2525 2293 2252 2064 1851 213
is_linear=0
shrinkage=0.05


Tree=86
num_leaves=7
num_cat=0
split_feature=0 1 2 3 2 0
split_gain=3.28408 9.78838 9.09494 7.49627 6.44145 10.8755
threshold=18.375000000000004 277.50000000000006 0.7381586670970498 226.54901988683466 0.41058359444890563 13.125000000000002
decision_type=2 2 2 2 2 2
left_child=3 -2 -3 -1 5 -5
right_child=1 2 -4 4 -6 -7
leaf_value=-1.9418492784682009 0.74116944668275719 -0.93077523671288565 0.29445606542008546 -5.0909685301650587 -0.054046688912603717 11.243329057465884
leaf_weight=54 58 52 121 76 2059 111
leaf_count=54 58 52 121 76 2059 111
internal_value=0.000570898 0.0062527 0.000259965 0 0.00044299 0.00932656
internal_weight=2531 231 173 2300 2246 187
internal_count=2531 231 173 2300 2246 187
is_linear=0
shrinkage=0.05


Tree=87
num_leaves=7
num_cat=0
split_feature=2 2 2 2 2 2
split_gain=5.41761 6.02551 8.14786 11.728 12.4267 9.58507
threshold=1.0732926640339071 0.98984785530521391 0.92915068325082728 0.891731912135731 0.88169914242640879 0.87504933492959525
decision_type=2 2 2 2 2 2
left_child=1 2 3 4 5 -1
right_child=-2 -3 -4 -5 -6 -7
leaf_value=0.075889866345281123 -1.1211344181377016 0.83463142051320893 -2.9782687362824398 2.8255369583069077 -12.507696641215867 3.0307169524823325
leaf_weight=1606 304 253 173 70 63 59
leaf_count=1606 304 253 173 70 63 59
internal_value=0.000354021 0.00121173 0.000276495 0.00127635 0.000460043 0.00128821
internal_weight=2528 2224 1971 1798 1728 1665
internal_count=2528 2224 1971 1798 1728 1665
is_linear=0
shrinkage=0.05


Tree=88
num_leaves=7
num_cat=0
split_feature=0 3 2 3 2 2
split_gain=3.85615 8.04427 9.82675 13.8479 12.5018 13.4564
threshold=18.375000000000004 206.13352086145071 0.41058359444890563 1184.020320825862 0.61918931472865724 0.59991395613563936
decision_type=2 2 2 2 2 2
left_child=1 -1 3 -3 5 -4
right_child=-2 2 4 -5 -6 -7
leaf_value=-2.8744052969235803 0.27100039857863328 11.411373190326259 -0.68650730738070687 -9.3245339736939066 0.098306155011683938 -18.29905206783658
leaf_weight=45 242 151 134 40 1870 82
leaf_count=45 242 151 134 40 1870 82
internal_value=0.000583051 -4.09112e-05 0.000371086 0.0112245 -0.000620776 -0.0120083
internal_weight=2564 2322 2277 191 2086 216
internal_count=2564 2322 2277 191 2086 216
is_linear=0
shrinkage=0.05


Tree=89
num_leaves=7
num_cat=0
split_feature=2 2 1 1 2 2
split_gain=3.10516 10.44 5.95747 4.35313 12.2719 9.47465
threshold=0.26549986769598238 0.29730636157118312 157.50000000000003 337.50000000000006 0.61918931472865724 0.41058359444890563
decision_type=2 2 2 2 2 2
left_child=2 -2 -1 5 -5 -3
right_child=1 3 -4 4 -6 -7
leaf_value=-6.0147439263563598 12.389629685087398 11.185616139941809 0.60064642271919133 -4.7618474258047758 0.034407360812545563 0.184915964487808
leaf_weight=40 42 76 40 123 707 1509
leaf_count=40 42 76 40 123 707 1509
internal_value=0.00100311 0.00132066 -0.00867665 0.000888162 -0.00204192 0.00242571
internal_weight=2537 2457 80 2415 830 1585
internal_count=2537 2457 80 2415 830 1585
is_linear=0
shrinkage=0.05


Tree=90
num_leaves=7
num_cat=0
split_feature=0 0 3 1 2 2
split_gain=3.90864 6.36966 6.78905 11.1705 12.389 9.63899
threshold=18.125000000000004 16.375000000000004 2007.5247544960755 202.50000000000003 0.73070944575801522 0.7731648098385141
decision_type=2 2 2 2 2 2
left_child=1 2 3 5 -5 -1
right_child=-2 -3 -4 4 -6 -7
leaf_value=-3.0681696589703962 0.2182381521705124 -0.47272744539666256 -0.3834842167500867 11.464414570317196 -1.6027756477194957 0.80383604222472516
leaf_weight=215 314 565 998 182 84 145
leaf_count=215 314 565 998 182 84 145
internal_value=0.000816987 6.62373e-05 0.00165938 0.00574189 0.01351 0
internal_weight=2503 2189 1624 626 266 360
internal_count=2503 2189 1624 626 266 360
is_linear=0
shrinkage=0.05


Tree=91
num_leaves=7
num_cat=0
split_feature=2 2 2 3 3 2
split_gain=3.71983 30.5791 12.5121 10.4067 8.92234 18.8591
threshold=0.77073767491502909 0.75372098822985167 0.77565281277175002 563.93061851163225 1229.3559146256314 0.41058359444890563
decision_type=2 2 2 2 2 2
left_child=1 3 -2 -1 5 -5
right_child=2 -3 -4 4 -6 -7
leaf_value=-0.69680678733122259 3.7175210657675741 -19.592691034253875 0.18713608023378223 17.0577105172693 0.26443187747469921 0.14662056966913184
leaf_weight=277 74 93 1400 112 448 154
leaf_count=277 74 93 1400 112 448 154
internal_value=0.00120988 -0.00101005 0.0028458 0.00155887 0.00475424 0.0120068
internal_weight=2558 1084 1474 991 714 266
internal_count=2558 1084 1474 991 714 266
is_linear=0
shrinkage=0.05


Tree=92
num_leaves=7
num_cat=0
split_feature=2 1 2 3 0 2
split_gain=3.97482 6.33518 6.66985 5.3509 3.4133 4.87616
threshold=1.0732926640339071 637.50000000000011 1.0559328498495517 1229.3559146256314 8.6250000000000018 0.55196201253840982
decision_type=2 2 2 2 2 2
left_child=1 2 4 -2 -1 -6
right_child=3 -3 -4 -5 5 -7
leaf_value=-4.1699456562195891 0.45262602638595983 -0.4387123626424006 6.3891118159366602 -3.7693738646376689 1.0624384415118255 0.1333517198079571
leaf_weight=47 77 50 40 234 326 1796
leaf_count=47 77 50 40 234 326 1796
internal_value=0.000970779 0.00170201 0.00210267 -0.00432337 0.00172652 0.00202394
internal_weight=2570 2259 2209 311 2169 2122
internal_count=2570 2259 2209 311 2169 2122
is_linear=0
shrinkage=0.05


Tree=93
num_leaves=7
num_cat=0
split_feature=0 0 3 1 2 2
split_gain=4.67143 7.15284 9.89527 18.4632 9.00921 12.5195
threshold=18.125000000000004 16.375000000000004 1184.020320825862 112.50000000000001 0.61918931472865724 0.55196201253840982
decision_type=2 2 2 2 2 2
left_child=1 2 3 -1 5 -4
right_child=-2 -3 4 -5 -6 -7
leaf_value=-0.98492282593607428 0.23929444042523595 -0.48147060660202307 1.4481929517944481 16.101040837884934 0.31986615694382015 -21.659399499462097
leaf_weight=101 307 572 82 103 1269 78
leaf_count=101 307 572 82 103 1269 78
internal_value=0.000555312 -0.000247154 0.00143592 0.0117344 -3.14883e-05 -0.0112117
internal_weight=2512 2205 1633 204 1429 160
internal_count=2512 2205 1633 204 1429 160
is_linear=0
shrinkage=0.05


Tree=94
num_leaves=7
num_cat=0
split_feature=3 0 0 3 2 2
split_gain=3.4155 2.79967 5.79851 9.21452 5.96246 8.94629
threshold=3788.2528992066591 15.875000000000002 17.625000000000004 518.68612931788414 0.81957999876374765 0.643629052046511
decision_type=2 2 2 2 2 2
left_child=1 -1 3 -3 5 -4
right_child=-2 2 4 -5 -6 -7
leaf_value=0.55655763632788791 -8.8314265166060419 -6.5184529047447999 0.42780260216966681 -0.47026474244775757 0.43328296081588236 -0.2792361036234709
leaf_weight=1402 53 49 120 535 204 157
leaf_count=1402 53 49 120 535 204 157
internal_value=0.000394826 0.000666775 -0.00126279 -0.00461394 0.00279568 -0.0019668
internal_weight=2520 2467 1065 584 481 277
internal_count=2520 2467 1065 584 481 277
is_linear=0
shrinkage=0.05


Tree=95
num_leaves=7
num_cat=0
split_feature=0 3 2 2 0 1
split_gain=3.60986 5.63725 6.25376 27.8311 17.623 11.2895
threshold=15.875000000000002 2455.4105634451057 0.61918931472865724 0.55196201253840982 13.125000000000002 187.50000000000003
decision_type=2 2 2 2 2 2
left_child=1 2 3 4 5 -1
right_child=-2 -3 -4 -5 -6 -7
leaf_value=-4.0063087666418937 -0.12723662068799033 -0.98118366703116922 2.118189923357082 -27.870833064203641 16.139138423027578 10.540628133731373
leaf_weight=73 1062 670 541 68 87 41
leaf_count=73 1062 670 541 68 87 41
internal_value=0.000155383 0.00175326 0.00456117 -0.00165366 0.00768274 -0.00521472
internal_weight=2542 1480 810 269 201 114
internal_count=2542 1480 810 269 201 114
is_linear=0
shrinkage=0.05


Tree=96
num_leaves=7
num_cat=0
split_feature=1 2 0 2 0 1
split_gain=2.45107 3.07013 10.3222 14.9608 8.89156 8.6667
threshold=637.50000000000011 0.86823136546296509 13.125000000000002 0.891731912135731 11.625000000000002 202.50000000000003
decision_type=2 2 2 2 2 2
left_child=1 4 -3 -4 -1 -5
right_child=-2 2 3 5 -6 -7
leaf_value=-1.7917839171789354 -0.18364206111434209 0.87863924580597352 -14.806789435662177 0.80984266945280303 0.4843255672716209 -0.50682338391959803
leaf_weight=232 94 346 93 72 1342 368
leaf_count=232 94 346 93 72 1342 368
internal_value=0.000528052 0.000833639 -0.00152997 -0.00589946 0.00215679 -0.00203363
internal_weight=2547 2453 879 533 1574 440
internal_count=2547 2453 879 533 1574 440
is_linear=0
shrinkage=0.05


Tree=97
num_leaves=7
num_cat=0
split_feature=2 2 1 2 1 1
split_gain=4.06033 20.4954 18.0564 14.5584 8.46572 8.30052
threshold=0.61918931472865724 0.59991395613563936 112.50000000000001 0.6600522696623613 112.50000000000001 532.50000000000011
decision_type=2 2 2 2 2 2
left_child=1 2 -1 -2 -5 -4
right_child=3 -3 5 4 -6 -7
leaf_value=-6.4129522340701532 3.8273575043117547 -15.003681564940713 2.0976653556788762 0.94035923496067153 -0.13967260654551908 -1.5854200555480491
leaf_weight=102 141 91 256 429 1477 49
leaf_count=102 141 91 256 429 1477 49
internal_value=0.000842796 -0.00320217 0.00158438 0.00182942 0.000679398 0.007686
internal_weight=2545 498 407 2047 1906 305
internal_count=2545 498 407 2047 1906 305
is_linear=0
shrinkage=0.05


Tree=98
num_leaves=7
num_cat=0
split_feature=2 2 0 2 3 1
split_gain=4.00808 12.1815 6.83033 6.58333 12.8919 12.9847
threshold=1.0369557176092192 0.98984785530521391 16.375000000000004 0.92915068325082728 795.21163244005413 202.50000000000003
decision_type=2 2 2 2 2 2
left_child=1 3 -3 -1 -5 -6
right_child=-2 2 -4 4 5 -7
leaf_value=0.15188739887069291 -0.41587542111317344 4.7177835715640413 -0.03336521904493104 0.6446313601659881 -0.57038843804762607 -19.680221890077853
leaf_weight=1786 399 112 49 41 72 67
leaf_count=1786 399 112 49 41 72 67
internal_value=0.000473061 0.0013375 0.0145562 0.000251767 -0.00885619 -0.0161395
internal_weight=2526 2127 161 1966 180 139
internal_count=2526 2127 161 1966 180 139
is_linear=0
shrinkage=0.05


Tree=99
num_leaves=7
num_cat=0
split_feature=3 0 2 3 2 2
split_gain=3.88601 9.85667 7.76237 12.4489 9.22202 6.48913
threshold=2437.884018966517 15.875000000000002 0.74907366459256897 358.26429662394236 0.65562051757087414 0.98414139977945803
decision_type=2 2 2 2 2 2
left_child=1 -1 4 5 -3 -4
right_child=-2 2 3 -5 -6 -7
leaf_value=1.4443073555252028 -1.9234879897603692 -0.18454440002404873 0.87869481433216645 -0.34549760368380567 -1.0575788176156635 -0.068242926353251396
leaf_weight=800 678 270 144 460 115 57
leaf_count=800 678 270 144 460 115 57
internal_value=0 0.00118899 -0.00200268 0.00127817 -0.00764736 0.0116609
internal_weight=2524 1846 1046 661 385 201
internal_count=2524 1846 1046 661 385 201
is_linear=0
shrinkage=0.05


Tree=100
num_leaves=7
num_cat=0
split_feature=2 3 2 2 1 0
split_gain=3.78301 17.6165 9.83914 8.00895 10.9071 6.70382
threshold=0.61918931472865724 1781.7803795711718 0.6600522696623613 0.59991395613563936 97.500000000000014 16.625000000000004
decision_type=2 2 2 2 2 2
left_child=1 3 -2 4 -1 -6
right_child=2 -3 -4 -5 5 -7
leaf_value=-5.3849583414925268 3.5023974171292647 -32.861793849541449 0.081260294730011562 -5.7214665233374191 10.802316385983193 -0.22856329907060982
leaf_weight=76 146 49 1895 51 181 131
leaf_count=76 146 49 1895 51 181 131
internal_value=0.000887668 -0.0030629 0.00183479 0.000102482 0.00256377 0.00671259
internal_weight=2529 488 2041 439 388 312
internal_count=2529 488 2041 439 388 312
is_linear=0
shrinkage=0.05


Tree=101
num_leaves=7
num_cat=0
split_feature=0 2 1 2 2 2
split_gain=3.86487 7.21933 4.63583 10.5779 9.33971 8.35593
threshold=10.125000000000002 0.51232734598751739 202.50000000000003 0.38148662700386721 0.38148662700386721 1.0006881302082076
decision_type=2 2 2 2 2 2
left_child=1 -1 3 -2 -4 -5
right_child=2 -3 4 5 -6 -7
leaf_value=-6.1376834186994049 -4.8818269039213984 -0.10751748695169 3.2136900242890878 0.69033544253772894 -0.14860731480906128 8.4809693674451552
leaf_weight=40 68 211 121 692 1308 44
leaf_count=40 68 211 121 692 1308 44
internal_value=0.000521316 -0.00535643 0.00118445 0.00422211 -0.000521307 0.00597066
internal_weight=2484 251 2233 804 1429 736
internal_count=2484 251 2233 804 1429 736
is_linear=0
shrinkage=0.05


Tree=102
num_leaves=7
num_cat=0
split_feature=3 0 2 2 3 1
split_gain=3.62403 11.0406 5.95669 16.2687 10.5911 6.86076
threshold=3262.5275323142173 13.125000000000002 0.77073767491502909 0.75372098822985167 675.3756875867972 292.50000000000006
decision_type=2 2 2 2 2 2
left_child=2 -2 3 4 -1 -5
right_child=1 -3 -4 5 -6 -7
leaf_value=-0.6951735065845015 0.67779521126709463 -13.693162493457903 0.30103657812542972 -5.401529082929212 1.8265445644232685 -30.920804677253091
leaf_weight=321 156 74 1228 55 664 40
leaf_count=321 156 74 1228 55 664 40
internal_value=0.000352626 -0.00562799 0.000950999 -0.00175447 0.000147193 -0.0215037
internal_weight=2538 230 2308 1080 985 95
internal_count=2538 230 2308 1080 985 95
is_linear=0
shrinkage=0.05


Tree=103
num_leaves=7
num_cat=0
split_feature=3 0 2 2 3 0
split_gain=4.88767 6.18617 4.9536 18.5466 7.62095 7.40279
threshold=3262.5275323142173 13.125000000000002 0.77073767491502909 0.75372098822985167 554.54292919848342 17.625000000000004
decision_type=2 2 2 2 2 2
left_child=2 -2 3 4 5 -1
right_child=1 -3 -4 -5 -6 -7
leaf_value=-5.3369772588225057 -0.056841523859449697 -13.008504368785006 0.26511575510420649 -22.678791910312697 1.2455400025578272 -0.12925348076288276
leaf_weight=74 157 76 1264 90 705 192
leaf_count=74 157 76 1264 90 705 192
internal_value=0.000271686 -0.00662806 0.00096555 -0.00155028 0.000458243 -0.00674558
internal_weight=2558 233 2325 1061 971 266
internal_count=2558 233 2325 1061 971 266
is_linear=0
shrinkage=0.05


Tree=104
num_leaves=7
num_cat=0
split_feature=0 2 1 2 2 1
split_gain=5.05832 7.38209 4.92211 4.56098 19.0259 17.919
threshold=18.625000000000004 0.88169914242640879 367.50000000000006 0.61918931472865724 0.59991395613563936 97.500000000000014
decision_type=2 2 2 2 2 2
left_child=3 2 -2 4 5 -1
right_child=1 -3 -4 -5 -6 -7
leaf_value=-5.9494702231133036 0.5808981401365596 1.0572454762307311 -0.23596365184346713 0.038427446409938074 -14.652471032360229 1.1902570676547357
leaf_weight=83 44 48 56 1911 80 289
leaf_count=83 44 48 56 1911 80 289
internal_value=-0.000217036 0.00874409 0.000949051 -0.000780754 -0.0052975 -0.000524053
internal_weight=2511 148 100 2363 452 372
internal_count=2511 148 100 2363 452 372
is_linear=0
shrinkage=0.05


Tree=105
num_leaves=7
num_cat=0
split_feature=2 2 1 1 2 1
split_gain=3.01313 11.2967 14.0703 8.68285 5.22254 5.21911
threshold=0.61918931472865724 0.59991395613563936 112.50000000000001 502.50000000000006 0.6600522696623613 112.50000000000001
decision_type=2 2 2 2 2 2
left_child=1 2 -1 -4 -2 -6
right_child=4 -3 3 -5 5 -7
leaf_value=-5.5285247516856009 2.8223249081794282 -9.8485476670572325 1.8481960035950991 -1.4836689404292165 0.94854796794817886 -0.09960639015544076
leaf_weight=98 146 86 250 60 421 1479
leaf_count=98 146 86 250 60 421 1479
internal_value=0.000273611 -0.00322809 0.000232786 0.00546598 0.00112165 0.000418399
internal_weight=2540 494 408 310 2046 1900
internal_count=2540 494 408 310 2046 1900
is_linear=0
shrinkage=0.05


Tree=106
num_leaves=7
num_cat=0
split_feature=0 3 1 2 2 2
split_gain=3.35312 6.58606 4.85347 9.92909 22.159 7.60007
threshold=18.375000000000004 206.13352086145071 142.50000000000003 0.55196201253840982 0.61918931472865724 0.47785842389464012
decision_type=2 2 2 2 2 2
left_child=1 -1 5 -4 -5 -3
right_child=-2 2 3 4 -6 -7
leaf_value=-2.6199538916717957 0.30917556297107185 -4.8019924227673503 3.3671902002973639 -21.384998997994014 -0.25126808354580915 0.82706828030050306
leaf_weight=46 230 74 185 69 1236 642
leaf_count=46 230 74 185 69 1236 642
internal_value=-0.000118851 -0.000708228 -0.000315036 -0.00194282 -0.00348249 0.00306521
internal_weight=2482 2252 2206 1490 1305 716
internal_count=2482 2252 2206 1490 1305 716
is_linear=0
shrinkage=0.05


Tree=107
num_leaves=7
num_cat=0
split_feature=0 2 1 0 3 2
split_gain=4.20633 4.38849 4.84284 3.36268 6.78683 7.82071
threshold=18.625000000000004 0.88169914242640879 367.50000000000006 15.875000000000002 1674.4748397928513 0.74907366459256897
decision_type=2 2 2 2 2 2
left_child=3 2 -2 -1 5 -5
right_child=1 -3 -4 4 -6 -7
leaf_value=0.1837328951105576 0.41595539672618254 0.99390474377841298 -0.23055591344515883 -0.80339203669342185 -4.8302139323223336 0.070957675382182811
leaf_weight=1493 45 50 61 326 72 494
leaf_count=1493 45 50 61 326 72 494
internal_value=-0.00029318 0.00765535 0.00183789 -0.000815479 -0.00324515 -0.00194488
internal_weight=2541 156 106 2385 892 820
internal_count=2541 156 106 2385 892 820
is_linear=0
shrinkage=0.05


Tree=108
num_leaves=7
num_cat=0
split_feature=0 2 2 3 3 2
split_gain=3.92603 5.65247 5.89593 4.80202 7.41274 10.3706
threshold=18.125000000000004 0.80069337874970337 1.0006881302082076 732.63116553462442 1071.8540939696552 0.41058359444890563
decision_type=2 2 2 2 2 2
left_child=3 -2 -3 -1 5 -5
right_child=1 2 -4 4 -6 -7
leaf_value=-0.44408265664209595 -0.084260494361521235 0.76180524494243118 -0.10080232190346342 18.570210260202966 -0.23273075855883577 0.19332302690375658
leaf_weight=352 166 98 48 57 1634 168
leaf_count=352 166 98 48 57 1634 168
internal_value=-0.000136737 0.00511054 0.0122861 -0.000879653 0.000131784 0.0086406
internal_weight=2523 312 146 2211 1859 225
internal_count=2523 312 146 2211 1859 225
is_linear=0
shrinkage=0.05


Tree=109
num_leaves=7
num_cat=0
split_feature=2 2 3 3 1 2
split_gain=3.80182 5.38571 4.50809 7.71205 6.43478 6.71473
threshold=1.0369557176092192 1.0189955646399984 2437.884018966517 2354.1477753621161 37.500000000000007 0.77073767491502909
decision_type=2 2 2 2 2 2
left_child=1 2 3 -1 -4 -6
right_child=-2 -3 4 -5 5 -7
leaf_value=0.090598629500043493 -0.50549431624824093 3.4686694074550388 7.1564174596316894 8.9256334839024198 -18.72549476440529 -2.7567704154902177
leaf_weight=1589 378 73 53 54 63 309
leaf_count=1589 378 73 53 54 63 309
internal_value=0.000136954 0.000955117 0.000481118 0.00167062 -0.00410492 -0.00643644
internal_weight=2519 2141 2068 1643 425 372
internal_count=2519 2141 2068 1643 425 372
is_linear=0
shrinkage=0.05


Tree=110
num_leaves=7
num_cat=0
split_feature=0 2 2 2 2 1
split_gain=2.77543 3.74011 8.48109 2.63154 4.57828 4.65755
threshold=10.125000000000002 0.87742581328134051 1.0369557176092192 0.25074777446370872 0.29730636157118312 187.50000000000003
decision_type=2 2 2 2 2 2
left_child=1 -1 -3 -2 -5 -6
right_child=3 2 -4 4 5 -7
leaf_value=-2.6125243405613952 -2.1390200841342231 3.1767689171533062 -0.48021960043582884 6.5688881714161544 0.54324732724240765 -0.1285914590732963
leaf_weight=104 40 42 102 66 712 1476
leaf_count=104 40 42 102 66 712 1476
internal_value=-0.000194721 -0.00521967 0 0.000346541 0.000574509 0.000180522
internal_weight=2542 248 144 2294 2254 2188
internal_count=2542 248 144 2294 2254 2188
is_linear=0
shrinkage=0.05


Tree=111
num_leaves=7
num_cat=0
split_feature=2 2 3 2 1 3
split_gain=3.33228 6.34629 10.367 5.97315 8.79746 12.9894
threshold=1.0732926640339071 0.9884556587749912 1205.705709046151 0.93838475451439896 202.50000000000003 1631.0985629017321
decision_type=2 2 2 2 2 2
left_child=1 3 -3 -1 -5 -6
right_child=-2 2 -4 4 5 -7
leaf_value=0.11144256548653325 -0.45620862041403765 -0.21489095867617075 3.5409075202708822 0.95978445329734541 -0.0094590018675543078 -23.76330623562513
leaf_weight=1834 308 67 190 60 40 41
leaf_count=1834 308 67 190 60 40 41
internal_value=0.000667297 0.00134179 0.00873201 0.000377196 -0.00953225 -0.0202836
internal_weight=2540 2232 257 1975 141 81
internal_count=2540 2232 257 1975 141 81
is_linear=0
shrinkage=0.05


Tree=112
num_leaves=7
num_cat=0
split_feature=0 0 1 2 0 2
split_gain=3.80164 3.21115 6.05683 6.23301 3.33762 10.2193
threshold=8.3750000000000018 18.625000000000004 352.50000000000006 0.88169914242640879 16.375000000000004 0.74907366459256897
decision_type=2 2 2 2 2 2
left_child=-1 4 -3 -4 -2 -6
right_child=1 2 3 -5 5 -7
leaf_value=-0.75275826029231219 0.43324894424730476 0.43801622721691036 -0.23247379451541478 1.0127924640499826 -0.88056553565067341 0.080657640197433225
leaf_weight=70 1557 42 69 42 271 468
leaf_count=70 1557 42 69 42 271 468
internal_value=0.000136954 0.000467519 0.00747877 0.00130513 0 -0.00276688
internal_weight=2519 2449 153 111 2296 739
internal_count=2519 2449 153 111 2296 739
is_linear=0
shrinkage=0.05


Tree=113
num_leaves=7
num_cat=0
split_feature=0 0 3 2 3 2
split_gain=3.39015 3.96028 9.45568 9.49707 9.89091 14.7352
threshold=10.125000000000002 14.625000000000002 1184.020320825862 0.41058359444890563 1881.1053083850345 0.61918931472865724
decision_type=2 2 2 2 2 2
left_child=-1 2 -2 -4 -5 -6
right_child=1 -3 3 4 5 -7
leaf_value=-0.67139953727871671 17.720703563889003 -0.11819108642405284 -13.862845302363082 15.9722472310225 -18.897474066477127 1.6226372010253216
leaf_weight=257 45 1420 42 40 43 704
leaf_count=257 45 1420 42 40 43 704
internal_value=-0.000174435 0.000433721 0.00308317 0.00186347 0.00310634 0.00180029
internal_weight=2551 2294 874 829 787 747
internal_count=2551 2294 874 829 787 747
is_linear=0
shrinkage=0.05


Tree=114
num_leaves=7
num_cat=0
split_feature=2 2 0 2 2 2
split_gain=2.74769 4.446 11.0392 5.36004 4.03473 5.64826
threshold=1.0369557176092192 0.98984785530521391 16.375000000000004 0.98414139977945803 1.0559328498495517 1.0732926640339071
decision_type=2 2 2 2 2 2
left_child=1 3 -3 -1 -2 -6
right_child=4 2 -4 -5 5 -7
leaf_value=0.062273562926305814 -21.833699515199971 4.2521245139685755 -0.29099222281639642 -3.9519447044386298 1.793840866598676 -0.48324184896653932
leaf_weight=1927 44 116 51 43 43 294
leaf_count=1927 44 116 51 43 43 294
internal_value=0.000117152 0.000816527 0.00864752 0.000149739 -0.00379166 -0.00191338
internal_weight=2518 2137 167 1970 381 337
internal_count=2518 2137 167 1970 381 337
is_linear=0
shrinkage=0.05


Tree=115
num_leaves=7
num_cat=0
split_feature=2 1 0 2 2 2
split_gain=2.48684 3.57776 4.65832 9.10676 10.7094 4.53986
threshold=0.26549986769598238 187.50000000000003 15.125000000000002 0.74907366459256897 0.60701367541071305 0.85357391623745205
decision_type=2 2 2 2 2 2
left_child=-1 2 5 4 -4 -2
right_child=1 -3 3 -5 -6 -7
leaf_value=-2.1022728475963746 -0.87020492988751319 -0.095294395596194903 2.0022100991575758 1.6722560790819216 -2.8792259172089931 0.62471166329659134
leaf_weight=77 417 1511 48 167 43 273
leaf_count=77 417 1511 48 167 43 273
internal_value=0.000471196 0.000750274 0.00315895 0.0088919 -0.00378705 0.0010071
internal_weight=2536 2459 948 258 91 690
internal_count=2536 2459 948 258 91 690
is_linear=0
shrinkage=0.05


Tree=116
num_leaves=7
num_cat=0
split_feature=0 3 2 2 1 2
split_gain=3.24394 4.96789 9.40245 4.75336 14.8237 4.09239
threshold=18.625000000000004 182.15762737038935 0.51232734598751739 0.29730636157118312 292.50000000000006 0.88169914242640879
decision_type=2 2 2 2 2 2
left_child=1 2 -1 4 -3 -2
right_child=5 3 -4 -5 -6 -7
leaf_value=-2.2300723167245495 0.0095332192315198405 -4.4781312007277512 0.14367980475041331 -0.12826140686979884 14.067280091563067 1.1775626603834111
leaf_weight=41 104 44 68 2179 41 48
leaf_count=41 104 44 68 2179 41 48
internal_value=-0.000532652 -0.000988159 -0.0114115 -0.000483636 0.0111046 0.00654175
internal_weight=2525 2373 109 2264 85 152
internal_count=2525 2373 109 2264 85 152
is_linear=0
shrinkage=0.05


Tree=117
num_leaves=7
num_cat=0
split_feature=0 2 0 2 3 3
split_gain=3.90313 11.6852 7.15877 9.73901 5.54451 6.35335
threshold=16.375000000000004 0.74907366459256897 17.625000000000004 0.643629052046511 358.26429662394236 609.32710870259382
decision_type=2 2 2 2 2 2
left_child=-1 2 -2 -4 -3 -6
right_child=1 4 3 -5 5 -7
leaf_value=0.26758050248659487 -2.852277202286873 0.43021677944145087 0.29944457412769004 -1.111401646723613 -0.65952772243245861 0.081652133154476489
leaf_weight=1648 140 204 114 53 80 274
leaf_count=1648 140 204 114 53 80 274
internal_value=-0.000336238 -0.00305745 -0.0108922 -0.00385996 0.0012453 -0.00252753
internal_weight=2513 865 307 167 558 354
internal_count=2513 865 307 167 558 354
is_linear=0
shrinkage=0.05


Tree=118
num_leaves=7
num_cat=0
split_feature=3 2 3 1 2 3
split_gain=4.04656 6.80826 6.42177 4.49931 5.41478 4.73951
threshold=2437.884018966517 0.77073767491502909 2298.5857036208931 52.500000000000007 0.83663225795670282 2690.2225493378955
decision_type=2 2 2 2 2 2
left_child=2 -2 -1 -3 -5 -6
right_child=1 3 -4 4 5 -7
leaf_value=0.050494539613032879 -15.096407285276351 3.5988392852616595 5.5405246778579418 10.222369690599528 -6.6286554719010953 -1.4571479789763224
leaf_weight=1737 74 60 111 51 74 418
leaf_count=1737 74 60 111 51 74 418
internal_value=0.000136628 -0.00316792 0.00135004 -0.00140109 -0.00284478 -0.00446048
internal_weight=2525 677 1848 603 543 492
internal_count=2525 677 1848 603 543 492
is_linear=0
shrinkage=0.05


Tree=119
num_leaves=7
num_cat=0
split_feature=1 2 2 1 2 0
split_gain=2.85094 10.6026 6.15419 7.10643 4.18019 3.46345
threshold=142.50000000000003 0.47785842389464012 0.29730636157118312 352.50000000000006 0.34072224193646433 16.625000000000004
decision_type=2 2 2 2 2 2
left_child=1 4 3 -2 -1 -3
right_child=2 5 -4 -5 -6 -7
leaf_value=-1.7455664562466364 -0.4889152621369931 0.61552975703602364 -0.18116855788523767 10.76536888130603 -7.3547854926778804 1.5496665100734148
leaf_weight=45 40 594 1708 40 41 52
leaf_count=45 40 594 1708 40 41 52
internal_value=-3.76969e-05 0.00258844 -0.00111571 0.012422 -0.0138792 0.00479028
internal_weight=2520 732 1788 80 86 646
internal_count=2520 732 1788 80 86 646
is_linear=0
shrinkage=0.05


Tree=120
num_leaves=7
num_cat=0
split_feature=2 2 0 0 2 1
split_gain=3.12332 4.63158 7.63458 4.93366 4.92262 3.79184
threshold=1.0369557176092192 0.98984785530521391 16.375000000000004 14.125000000000002 0.98414139977945803 427.50000000000006
decision_type=2 2 2 2 2 2
left_child=1 4 3 -3 -1 -2
right_child=5 2 -4 -5 -6 -7
leaf_value=0.06779860531544131 -1.8094137250075564 2.1211810935222846 -0.19219523464337307 10.2297283603762 -2.9772394763175627 0.35811402148350135
leaf_weight=1927 234 67 53 41 47 164
leaf_count=1927 234 67 53 41 47 164
internal_value=5.72421e-05 0.000817292 0.00896958 0.016605 0.000149435 -0.00400653
internal_weight=2533 2135 161 108 1974 398
internal_count=2533 2135 161 108 1974 398
is_linear=0
shrinkage=0.05


Tree=121
num_leaves=7
num_cat=0
split_feature=2 2 0 2 2 1
split_gain=2.33569 12.6655 8.385 10.5404 8.24011 6.96864
threshold=0.77073767491502909 0.75372098822985167 16.375000000000004 0.74907366459256897 0.77565281277175002 52.500000000000007
decision_type=2 2 2 2 2 2
left_child=1 2 5 -4 -2 -1
right_child=4 -3 3 -5 -6 -7
leaf_value=-2.9249102703218544 3.7426112574252275 -16.363195367420257 -0.67172756656268717 1.1547407222000268 0.033681697641496554 2.9461676864079664
leaf_weight=89 81 90 321 47 1373 501
leaf_count=89 81 90 321 47 1373 501
internal_value=-0.000197834 -0.00199886 -0.000307901 -0.00623472 0.0010969 0.00338078
internal_weight=2502 1048 958 368 1454 590
internal_count=2502 1048 958 368 1454 590
is_linear=0
shrinkage=0.05


Tree=122
num_leaves=7
num_cat=0
split_feature=3 0 0 3 3 2
split_gain=3.66116 7.22428 7.58315 5.82766 4.40634 14.8356
threshold=2437.884018966517 13.125000000000002 12.625000000000002 2354.1477753621161 3262.5275323142173 0.98984785530521391
decision_type=2 2 2 2 2 2
left_child=3 2 -2 -1 5 -3
right_child=1 4 -4 -5 -6 -7
leaf_value=0.083691029636742797 -0.83896569245376618 -7.0687159048105173 6.5936857125371198 3.7373718342909203 -13.131142054819202 9.5801724189773836
leaf_weight=1820 291 160 72 63 77 66
leaf_count=1820 291 160 72 63 77 66
internal_value=0.000488408 -0.00269479 0.00205178 0.00161701 -0.00839657 -0.00484299
internal_weight=2549 666 363 1883 303 226
internal_count=2549 666 363 1883 303 226
is_linear=0
shrinkage=0.05


Tree=123
num_leaves=7
num_cat=0
split_feature=3 0 2 3 2 2
split_gain=3.72367 6.28499 5.65292 10.1856 4.94901 11.2081
threshold=2529.6356703945689 13.375000000000002 0.98984785530521391 3262.5275323142173 0.61918931472865724 0.59991395613563936
decision_type=2 2 2 2 2 2
left_child=4 -2 -3 -4 5 -1
right_child=1 2 3 -5 -6 -7
leaf_value=0.2338762764534387 0.41301224039073364 -10.355898328052227 8.3216373746752694 -12.84443974229875 0.30071050363218871 -8.6568854137942797
leaf_weight=405 366 117 56 56 1437 91
leaf_count=405 366 117 56 56 1437 91
internal_value=0.00102646 -0.00242816 -0.00892623 -0.000847458 0.00209249 -0.00220722
internal_weight=2528 595 229 112 1933 496
internal_count=2528 595 229 112 1933 496
is_linear=0
shrinkage=0.05


Tree=124
num_leaves=7
num_cat=0
split_feature=0 2 3 0 3 0
split_gain=2.50604 4.42102 4.37755 3.98564 10.2162 10.2434
threshold=10.125000000000002 0.87742581328134051 2320.3167624120106 13.375000000000002 2529.6356703945689 14.625000000000002
decision_type=2 2 2 2 2 2
left_child=1 -1 -3 -2 5 -5
right_child=3 2 -4 4 -6 -7
leaf_value=-1.9294542519817961 2.2817228227487107 0.29905752335496633 -4.1219859977228968 9.8377676609644897 -6.4399661244143118 -0.061766563172625591
leaf_weight=105 583 101 43 142 225 1325
leaf_count=105 583 101 43 142 225 1325
internal_value=-0.000235728 -0.00499799 0.000659264 0.000283504 -0.000942616 0.000575966
internal_weight=2524 249 144 2275 1692 1467
internal_count=2524 249 144 2275 1692 1467
is_linear=0
shrinkage=0.05


Tree=125
num_leaves=7
num_cat=0
split_feature=0 2 2 3 2 0
split_gain=3.06831 4.47092 4.41206 3.52791 3.76479 8.42423
threshold=18.625000000000004 0.88169914242640879 0.6600522696623613 131.60643939923895 0.41058359444890563 13.125000000000002
decision_type=2 2 2 2 2 2
left_child=3 2 -2 -1 5 -5
right_child=1 -3 -4 4 -6 -7
leaf_value=-1.0171392801630923 0.47201890444415223 0.92359379316338497 -0.17992506859276702 -3.455706528741294 -0.22145380423669112 4.129560485094709
leaf_weight=46 41 43 64 72 2119 130
leaf_count=46 41 43 64 72 2119 130
internal_value=-0.000932368 0.00604321 0.000428164 -0.00137088 -0.00109646 0.00541811
internal_weight=2515 148 105 2367 2321 202
internal_count=2515 148 105 2367 2321 202
is_linear=0
shrinkage=0.05


Tree=126
num_leaves=7
num_cat=0
split_feature=2 2 0 0 2 0
split_gain=2.26541 18.1182 9.05051 14.9731 8.58742 14.3441
threshold=0.47785842389464012 0.55196201253840982 16.375000000000004 13.125000000000002 0.61918931472865724 16.125000000000004
decision_type=2 2 2 2 2 2
left_child=2 -2 3 -1 5 -3
right_child=1 4 -4 -5 -6 -7
leaf_value=-3.691002295087364 2.2284078732920194 -15.418279129052173 -1.5900247585096654 12.138720317674183 0.085006410628460219 1.1599635113782314
leaf_weight=98 51 74 105 96 2042 63
leaf_count=98 51 74 105 96 2042 63
internal_value=0.000255031 0.000804897 -0.00382815 0.00255023 0.000112432 -0.0119985
internal_weight=2529 2230 299 194 2179 137
internal_count=2529 2230 299 194 2179 137
is_linear=0
shrinkage=0.05


Tree=127
num_leaves=7
num_cat=0
split_feature=0 3 1 2 1 3
split_gain=3.76086 6.81807 4.7477 5.23497 4.02522 3.63175
threshold=18.375000000000004 226.54901988683466 277.50000000000006 0.7381586670970498 517.50000000000011 317.94588293715344
decision_type=2 2 2 2 2 2
left_child=1 -1 -2 -4 -5 -3
right_child=2 5 3 4 -6 -7
leaf_value=-1.6511239306276051 0.52791919714742763 0.52884248536930889 -0.59676862581705503 -0.12335735198557743 1.0337399969592194 -0.091269660025351487
leaf_weight=56 55 83 62 54 66 2167
leaf_count=56 55 83 62 54 66 2167
internal_value=9.63391e-05 -0.000518191 0.00609447 0.00216914 0.00828476 -8.66628e-05
internal_weight=2543 2306 237 182 120 2250
internal_count=2543 2306 237 182 120 2250
is_linear=0
shrinkage=0.05


Tree=128
num_leaves=7
num_cat=0
split_feature=3 3 1 2 0 2
split_gain=2.96173 10.0376 6.6504 3.88723 3.53214 7.65581
threshold=2629.8496565304495 2795.5283883513198 142.50000000000003 0.97661800148955868 15.875000000000002 0.47785842389464012
decision_type=2 2 2 2 2 2
left_child=4 -2 3 -3 -1 -6
right_child=1 2 -4 -5 5 -7
leaf_value=0.80025034899820013 -7.7009142554747205 1.3364522946746966 -1.4234984051563431 5.1821587639706506 -1.2359307363637455 0.019347858329864211
leaf_weight=918 104 70 330 46 126 923
leaf_count=918 104 70 330 46 126 923
internal_value=-1.78777e-05 -0.00326304 0 0.0102929 0.000887093 -0.00109141
internal_weight=2517 550 446 116 1967 1049
internal_count=2517 550 446 116 1967 1049
is_linear=0
shrinkage=0.05


Tree=129
num_leaves=7
num_cat=0
split_feature=3 3 1 3 3 3
split_gain=3.23921 4.53947 3.85521 3.67783 3.05218 5.12389
threshold=3262.5275323142173 3563.9105482432801 202.50000000000003 3737.7087903685265 2932.2741163335172 2629.8496565304495
decision_type=2 2 2 2 2 2
left_child=4 2 -2 -3 5 -1
right_child=1 3 -4 -5 -6 -7
leaf_value=0.04626323964663679 -1.1013577602029601 2.0461540410177292 -10.825270718095812 -4.8903406383076007 5.0566678335981239 -4.1478414227481712
leaf_weight=1970 42 51 58 72 141 182
leaf_count=1970 42 51 58 72 141 182
internal_value=-0.000276221 -0.00602869 -0.0139361 0.000365556 0.000281279 -0.000183542
internal_weight=2516 223 100 123 2293 2152
internal_count=2516 223 100 123 2293 2152
is_linear=0
shrinkage=0.05


Tree=130
num_leaves=7
num_cat=0
split_feature=0 3 2 0 2 2
split_gain=3.0484 3.42017 12.2715 10.4491 9.75662 9.399
threshold=10.375000000000002 1229.3559146256314 0.61918931472865724 16.375000000000004 0.47785842389464012 0.68053205379213988
decision_type=2 2 2 2 2 2
left_child=-1 3 -3 -2 -5 -4
right_child=1 2 5 4 -6 -7
leaf_value=-0.56196387763290279 10.950528007958781 -11.636403575720813 6.4808504729475125 -1.4726979472788841 0.19202653552469773 -0.12778478154976378
leaf_weight=283 128 128 115 106 681 1090
leaf_count=283 128 128 115 106 681 1090
internal_value=0.000136304 0.00075397 -0.0008589 0.00310895 0.000946513 0.000701187
internal_weight=2531 2248 1333 915 787 1205
internal_count=2531 2248 1333 915 787 1205
is_linear=0
shrinkage=0.05


Tree=131
num_leaves=7
num_cat=0
split_feature=1 2 0 2 2 3
split_gain=2.18029 8.56791 3.01687 3.50955 10.0681 5.73409
threshold=82.500000000000014 0.61046862653533196 10.125000000000002 0.59991395613563936 0.61918931472865724 1193.1190519076297
decision_type=2 2 2 2 2 2
left_child=1 -1 -2 5 -5 -4
right_child=2 -3 3 4 -6 -7
leaf_value=-4.6014019041458019 -1.2424030359588718 1.3805292245425489 1.0461312347228635 -7.901913655528614 -0.01565689725718904 -1.2119107907897844
leaf_weight=78 118 321 234 77 1618 71
leaf_count=78 118 321 234 77 1618 71
internal_value=-1.78777e-05 0.00337008 -0.000658609 -0.00019749 -0.00108843 0.00473615
internal_weight=2517 399 2118 2000 1695 305
internal_count=2517 399 2118 2000 1695 305
is_linear=0
shrinkage=0.05


Tree=132
num_leaves=7
num_cat=0
split_feature=0 1 2 1 0 3
split_gain=2.1837 5.00446 4.08546 4.73653 2.76547 4.10741
threshold=18.375000000000004 277.50000000000006 0.7381586670970498 457.50000000000006 15.875000000000002 1881.1053083850345
decision_type=2 2 2 2 2 2
left_child=4 -2 -3 -4 5 -1
right_child=1 2 3 -5 -6 -7
leaf_value=0.90958288136094445 0.52858447651420448 -0.69336143102325209 -0.23621622166693729 0.91552535505770871 -0.22900674053084347 -0.15550199394844386
leaf_weight=429 51 60 50 75 817 1049
leaf_count=429 51 60 50 75 817 1049
internal_value=5.72873e-05 0.00463787 0.00078336 0.00595524 -0.000411747 0.000876125
internal_weight=2531 236 185 125 2295 1478
internal_count=2531 236 185 125 2295 1478
is_linear=0
shrinkage=0.05


Tree=133
num_leaves=7
num_cat=0
split_feature=2 0 2 3 2 3
split_gain=2.68528 3.62074 2.50397 6.26653 5.68757 12.6613
threshold=1.1408991445829353 11.625000000000002 0.9884556587749912 539.11800026238484 0.88169914242640879 451.61916479468124
decision_type=2 2 2 2 2 2
left_child=2 -2 4 -4 -1 -6
right_child=1 -3 3 -5 5 -7
leaf_value=0.099622497765751036 -1.7888906317483588 0.1144656848539528 -0.25221097368204187 1.0294475492488722 0.70454562698353307 -4.2865110543150937
leaf_weight=1686 103 156 41 258 40 267
leaf_count=1686 103 156 41 258 40 267
internal_value=1.76394e-05 -0.00480509 0.000564984 0.00483116 -7.2751e-05 -0.00633344
internal_weight=2551 259 2292 299 1993 307
internal_count=2551 259 2292 299 1993 307
is_linear=0
shrinkage=0.05


Tree=134
num_leaves=7
num_cat=0
split_feature=3 0 3 3 3 0
split_gain=3.94622 4.05175 2.92905 4.82341 4.40113 5.21806
threshold=3262.5275323142173 13.625000000000002 2932.2741163335172 3069.8742533426043 2629.8496565304495 13.875000000000002
decision_type=2 2 2 2 2 2
left_child=2 -2 4 -4 -1 -6
right_child=1 -3 3 -5 5 -7
leaf_value=0.090681121922109975 -1.1759480430862426 -13.949455416281438 7.5773648623759557 -0.16916386377332204 -0.88432191750451816 -5.5987422377631617
leaf_weight=2011 180 46 70 72 121 59
leaf_count=2011 180 46 70 72 121 59
internal_value=0.000134813 -0.00616984 0.000747932 0.00770584 0.000294373 -0.00719045
internal_weight=2559 226 2333 142 2191 180
internal_count=2559 226 2333 142 2191 180
is_linear=0
shrinkage=0.05


Tree=135
num_leaves=7
num_cat=0
split_feature=0 2 2 0 0 3
split_gain=1.53692 5.21424 8.47216 1.84346 1.79361 8.68936
threshold=10.125000000000002 0.87742581328134051 1.0369557176092192 8.8750000000000018 14.625000000000002 1184.020320825862
decision_type=2 2 2 2 2 2
left_child=1 3 -3 -1 5 -2
right_child=4 2 -4 -5 -6 -7
leaf_value=-3.8743322146730272 12.711199087713386 2.4231986588173831 -0.40403332633561395 -0.33716360521573852 -0.089079658544295628 0.3159346364252173
leaf_weight=41 48 42 99 65 1402 831
leaf_count=41 48 42 99 65 1402 831
internal_value=-7.7133e-05 -0.00382436 0.00244507 -0.0122055 0.000326597 0.00209874
internal_weight=2528 247 141 106 2281 879
internal_count=2528 247 141 106 2281 879
is_linear=0
shrinkage=0.05


Tree=136
num_leaves=7
num_cat=0
split_feature=0 3 2 2 1 1
split_gain=2.48719 9.22221 4.76533 10.3713 8.67024 8.38985
threshold=17.875000000000004 434.46442059282452 0.55196201253840982 0.61918931472865724 202.50000000000003 217.50000000000003
decision_type=2 2 2 2 2 2
left_child=1 -1 4 5 -3 -4
right_child=-2 2 3 -5 -6 -7
leaf_value=-3.4649176998318469 0.12326585181572627 -0.32030542495494957 -1.7578885309265411 0.043699271369061425 9.3105661830390769 -34.896816085664362
leaf_weight=82 400 97 71 1715 137 42
leaf_count=82 400 97 71 1715 137 42
internal_value=0.000115955 -0.000557343 9.45638e-05 -0.000763087 0.00681333 -0.0154288
internal_weight=2544 2144 2062 1828 234 113
internal_count=2544 2144 2062 1828 234 113
is_linear=0
shrinkage=0.05


Tree=137
num_leaves=7
num_cat=0
split_feature=1 3 2 3 3 2
split_gain=2.30296 2.40826 2.92104 2.6047 2.22122 3.06971
threshold=637.50000000000011 80.402624251402059 0.63051327454072992 22.519724857612918 182.15762737038935 0.74970728989973712
decision_type=2 2 2 2 2 2
left_child=1 2 -1 -4 5 -3
right_child=-2 4 3 -5 -6 -7
leaf_value=0.54468123328003804 -0.33834961762829635 -1.3616962224275335 -0.38856123327919401 0.32410305220241042 0.050370359851310553 0.061885599994230489
leaf_weight=41 90 43 40 43 2249 49
leaf_count=41 90 43 40 43 2249 49
internal_value=0.000135024 0.000423918 0.00721193 0.00174489 6.19367e-05 -0.00754615
internal_weight=2555 2465 124 83 2341 92
internal_count=2555 2465 124 83 2341 92
is_linear=0
shrinkage=0.05


Tree=138
num_leaves=7
num_cat=0
split_feature=3 3 2 3 0 3
split_gain=3.2558 5.84101 4.54722 3.96097 2.90204 2.45124
threshold=3069.8742533426043 2932.2741163335172 0.97661800148955868 3419.9474463806891 13.125000000000002 2629.8496565304495
decision_type=2 2 2 2 2 2
left_child=1 5 -2 -4 -5 -1
right_child=2 -3 3 4 -6 -7
leaf_value=0.09684092353702152 -7.6274027270001001 7.0691208657302624 5.6720224136694073 -0.12994494280046923 -11.721965095343364 -2.7320931483306921
leaf_weight=2010 53 67 76 113 55 178
leaf_count=2010 53 67 76 113 55 178
internal_value=0.000389875 0.00103987 -0.0045271 -0.00161819 -0.0059191 0.000591838
internal_weight=2552 2255 297 244 168 2188
internal_count=2552 2255 297 244 168 2188
is_linear=0
shrinkage=0.05


Tree=139
num_leaves=7
num_cat=0
split_feature=2 2 0 2 2 0
split_gain=2.27153 13.2528 5.56827 9.30963 8.24032 5.85014
threshold=0.77073767491502909 0.75372098822985167 16.375000000000004 0.74907366459256897 0.68893472997874905 17.625000000000004
decision_type=2 2 2 2 2 2
left_child=1 2 -1 4 5 -4
right_child=-2 -3 3 -5 -6 -7
leaf_value=1.771700453338481 0.19025722029749981 -15.512600683094764 -1.9407049531706606 1.3378533990871895 -1.1747376368788718 0.13372418168403258
leaf_weight=600 1459 92 123 43 56 143
leaf_count=600 1459 92 123 43 56 143
internal_value=0.000395453 -0.00136695 0.000357476 -0.00450561 -0.00743558 -0.0037392
internal_weight=2516 1057 965 365 322 266
internal_count=2516 1057 965 365 322 266
is_linear=0
shrinkage=0.05


Tree=140
num_leaves=7
num_cat=0
split_feature=1 2 2 2 2 1
split_gain=2.68607 9.96358 8.45059 5.81832 12.8221 8.38674
threshold=322.50000000000006 0.29730636157118312 0.26549986769598238 0.77073767491502909 0.88849672854897099 517.50000000000011
decision_type=2 2 2 2 2 2
left_child=2 -2 -1 5 -5 -3
right_child=1 3 -4 4 -6 -7
leaf_value=-3.4062666449222294 7.2745851678580697 -0.45446750604999764 0.18312742705862028 0.98274766731458085 -0.3820239314772314 -4.0833985166424869
leaf_weight=59 42 235 1549 188 398 76
leaf_count=59 42 235 1549 188 398 76
internal_value=-0.00037101 -0.00249707 0.000867483 -0.00361721 -0.000673946 -0.00914497
internal_weight=2547 939 1608 897 586 311
internal_count=2547 939 1608 897 586 311
is_linear=0
shrinkage=0.05


Tree=141
num_leaves=7
num_cat=0
split_feature=2 3 2 1 0 1
split_gain=3.15277 11.4588 7.65344 7.20775 6.37941 5.27354
threshold=0.61918931472865724 1781.7803795711718 0.68053205379213988 487.50000000000006 12.375000000000002 187.50000000000003
decision_type=2 2 2 2 2 2
left_child=1 3 4 5 -2 -1
right_child=2 -3 -4 -5 -6 -7
leaf_value=-0.38347569074209958 -2.875945661108176 -13.286203423526025 0.016310183895556475 -3.1145435307011478 2.8658737962227079 1.2404492904167761
leaf_weight=173 42 53 1824 81 162 174
leaf_count=173 42 53 1824 81 162 174
internal_value=0.000217209 -0.00341925 0.00108229 -0.000689091 0.0102646 0.00243446
internal_weight=2509 481 2028 428 204 347
internal_count=2509 481 2028 428 204 347
is_linear=0
shrinkage=0.05


Tree=142
num_leaves=7
num_cat=0
split_feature=0 2 1 1 2 2
split_gain=2.64358 3.02754 3.13044 2.99434 13.6191 3.71682
threshold=18.625000000000004 0.88169914242640879 367.50000000000006 82.500000000000014 0.47785842389464012 0.75028853370153215
decision_type=2 2 2 2 2 2
left_child=3 2 -2 4 -1 -5
right_child=1 -3 -4 5 -6 -7
leaf_value=-5.4951805850199724 0.38977137409710799 0.71516969987552426 -0.30219659323041309 0.13081059752816132 1.0450200330247978 -0.40254876665713513
leaf_weight=52 46 50 60 698 364 1281
leaf_count=52 46 50 60 698 364 1281
internal_value=-0.000566422 0.0057335 0.000895382 -0.000979082 0.00287191 -0.00179122
internal_weight=2551 156 106 2395 416 1979
internal_count=2551 156 106 2395 416 1979
is_linear=0
shrinkage=0.05


Tree=143
num_leaves=7
num_cat=0
split_feature=2 3 1 1 2 1
split_gain=3.14317 7.60409 4.54953 5.98145 4.06649 5.27887
threshold=0.61918931472865724 1910.5553609209248 97.500000000000014 487.50000000000006 0.65562051757087414 112.50000000000001
decision_type=2 2 2 2 2 2
left_child=1 2 -1 -4 -2 -6
right_child=4 -3 3 -5 5 -7
leaf_value=-4.9077317241325549 2.3880956640549131 -11.950283177764314 0.70466423223686869 -1.9048749654320933 0.63108719436152849 -0.14454274179255719
leaf_weight=99 112 40 282 74 432 1513
leaf_count=99 112 40 282 74 432 1513
internal_value=-0.000350692 -0.0039285 -0.00207647 0.000547599 0.000507997 -2.31351e-05
internal_weight=2552 495 455 356 2057 1945
internal_count=2552 495 455 356 2057 1945
is_linear=0
shrinkage=0.05


Tree=144
num_leaves=7
num_cat=0
split_feature=0 0 2 3 3 1
split_gain=2.28463 3.15251 5.45945 8.82734 5.42086 14.5231
threshold=18.625000000000004 15.875000000000002 0.77828479022709673 1466.3337512716319 1881.1053083850345 202.50000000000003
decision_type=2 2 2 2 2 2
left_child=1 4 -3 -4 5 -1
right_child=-2 2 3 -5 -6 -7
leaf_value=-0.17511958656433535 0.2900808873963035 -0.58188954971859352 0.27050296062625545 -3.0964438341489515 -0.22673779859234458 9.3983295990226452
leaf_weight=263 149 459 338 114 1057 155
leaf_count=263 149 459 338 114 1057 155
internal_value=0.00033332 -3.98139e-05 -0.0023543 0.00153727 0.00138635 0.00620665
internal_weight=2535 2386 911 452 1475 418
internal_count=2535 2386 911 452 1475 418
is_linear=0
shrinkage=0.05


Tree=145
num_leaves=7
num_cat=0
split_feature=2 2 1 1 2 3
split_gain=2.91183 11.9302 8.03953 10.8884 6.38833 10.117
threshold=0.47785842389464012 0.55196201253840982 142.50000000000003 427.50000000000006 0.61918931472865724 1380.5434502377357
decision_type=2 2 2 2 2 2
left_child=2 -2 -1 -4 5 -3
right_child=1 4 3 -5 -6 -7
leaf_value=-4.4071369257368449 2.1273715346122457 0.28959191610547458 1.1418120730972696 -3.0097544276535655 0.097436352537310714 -18.898046942558562
leaf_weight=88 49 76 144 76 2049 66
leaf_count=88 49 76 144 76 2049 66
internal_value=0.000351242 0.000979867 -0.00420318 0.000885961 0.00043129 -0.00981703
internal_weight=2548 2240 308 220 2191 142
internal_count=2548 2240 308 220 2191 142
is_linear=0
shrinkage=0.05


Tree=146
num_leaves=7
num_cat=0
split_feature=3 0 3 1 2 2
split_gain=2.07364 2.97949 4.79661 6.03403 5.73601 9.0723
threshold=80.402624251402059 15.875000000000002 1466.3337512716319 277.50000000000006 0.47785842389464012 0.59991395613563936
decision_type=2 2 2 2 2 2
left_child=-1 -2 4 -4 -3 -6
right_child=1 2 3 -5 5 -7
leaf_value=0.2104255151478075 0.16980895100342439 -2.4471825889086141 0.12879442135377275 -4.7058304972490488 4.5713707002866499 -0.039246084607008652
leaf_weight=145 1495 103 45 85 49 617
leaf_count=145 1495 103 45 85 49 617
internal_value=1.77228e-05 -0.000332066 -0.00260816 -0.0114912 -0.00109869 0.000593004
internal_weight=2539 2394 899 130 769 666
internal_count=2539 2394 899 130 769 666
is_linear=0
shrinkage=0.05


Tree=147
num_leaves=7
num_cat=0
split_feature=3 2 2 0 3 2
split_gain=2.99089 4.88158 10.8752 8.84076 6.81905 9.28629
threshold=2437.884018966517 1.0006881302082076 1.0369557176092192 14.125000000000002 3041.0845404724837 0.84355919715450278
decision_type=2 2 2 2 2 2
left_child=-1 3 -3 4 5 -2
right_child=1 2 -4 -5 -6 -7
leaf_value=0.094526839140795724 -2.6796326069044012 6.72150928105623 -3.8558984277521859 -8.3887783502186721 -7.707468658455717 7.3214231772296401
leaf_weight=1873 133 67 213 77 96 82
leaf_count=1873 133 67 213 77 96 82
internal_value=0.000332533 -0.00253705 0.00248126 -0.00617109 -0.00239473 0.00253371
internal_weight=2541 668 280 388 311 215
internal_count=2541 668 280 388 311 215
is_linear=0
shrinkage=0.05


Tree=148
num_leaves=7
num_cat=0
split_feature=0 3 0 2 2 1
split_gain=2.87256 8.14995 4.98156 2.95511 11.3044 5.12179
threshold=17.625000000000004 397.30640937066545 17.375000000000004 0.7381586670970498 0.643629052046511 517.50000000000011
decision_type=2 2 2 2 2 2
left_child=1 -1 -3 4 5 -2
right_child=3 2 -4 -5 -6 -7
leaf_value=-4.4464491018180778 0.62955635870814963 0.11125290020211338 -1.1360062316283184 0.27751793566029265 -1.0371140017565441 -0.66269285938453792
leaf_weight=43 74 1925 75 308 47 42
leaf_count=43 74 1925 75 308 47 42
internal_value=0.000395768 -0.000413587 4.74976e-05 0.00391637 -0.00150215 0.00684755
internal_weight=2514 2043 2000 471 163 116
internal_count=2514 2043 2000 471 163 116
is_linear=0
shrinkage=0.05


Tree=149
num_leaves=7
num_cat=0
split_feature=0 0 1 2 3 3
split_gain=3.2862 6.93584 4.36692 5.45346 3.97052 4.84689
threshold=17.625000000000004 17.375000000000004 277.50000000000006 0.68053205379213988 369.25597066116217 492.25344267419933
decision_type=2 2 2 2 2 2
left_child=1 -1 3 -2 -4 -6
right_child=2 -3 4 -5 5 -7
leaf_value=0.011550346457360661 1.151334788267921 -1.3518444931777986 0.2491943016872071 0.10858050494991787 -0.56650471507295319 0.478281979797751
leaf_weight=1945 40 87 277 89 41 43
leaf_count=1945 40 87 277 89 41 43
internal_value=0.000394513 -0.000489641 0.0040706 0.0119675 0.00123235 -0.00826397
internal_weight=2522 2032 490 129 361 84
internal_count=2522 2032 490 129 361 84
is_linear=0
shrinkage=0.05


Tree=150
num_leaves=7
num_cat=0
split_feature=0 0 2 2 0 0
split_gain=2.2308 6.66964 5.32366 9.85018 4.78671 4.49698
threshold=12.125000000000002 11.625000000000002 1.1408991445829353 1.014259905377046 12.625000000000002 13.375000000000002
decision_type=2 2 2 2 2 2
left_child=1 2 3 -1 -2 -6
right_child=4 -3 -4 -5 5 -7
leaf_value=-0.0017901183725957282 -6.5526187534886731 9.8507866949601013 -1.8120869107488695 4.617969803968089 4.902338880300654 -0.049560325178737236
leaf_weight=302 91 93 103 61 165 1719
leaf_count=302 91 93 103 61 165 1719
internal_value=0.00051103 0.00329995 0.000847458 0.00370421 -0.000275935 0.000262725
internal_weight=2534 559 466 363 1975 1884
internal_count=2534 559 466 363 1975 1884
is_linear=0
shrinkage=0.05


Tree=151
num_leaves=7
num_cat=0
split_feature=3 3 1 2 2 0
split_gain=2.668 5.40873 4.97834 4.76285 14.1408 7.98839
threshold=2174.6314497912895 2260.5535107314813 37.500000000000007 1.0006881302082076 1.0732926640339071 14.125000000000002
decision_type=2 2 2 2 2 2
left_child=-1 -2 -3 5 -5 -4
right_child=1 2 3 4 -6 -7
leaf_value=0.10759075412807562 -7.3785631918759238 7.6613400270495893 -0.19233779618680524 6.055832259010332 -3.7585072667845907 -7.0543220848792281
leaf_weight=1649 67 62 352 110 180 109
leaf_count=1649 67 62 352 110 180 109
internal_value=0.000294571 -0.00192592 -0.00079326 -0.00192385 0.00308514 -0.00508566
internal_weight=2529 880 813 751 290 461
internal_count=2529 880 813 751 290 461
is_linear=0
shrinkage=0.05


Tree=152
num_leaves=7
num_cat=0
split_feature=3 0 1 2 2 2
split_gain=2.15778 5.52094 5.74145 5.79815 5.66866 13.4852
threshold=2437.884018966517 15.875000000000002 52.500000000000007 0.68893472997874905 0.47785842389464012 0.59991395613563936
decision_type=2 2 2 2 2 2
left_child=1 2 3 -1 -3 -6
right_child=-2 4 -4 -5 5 -7
leaf_value=-6.5531747195969308 -1.3305076651922008 -1.1980565119542106 2.055674174549158 0.15814010201228684 2.8229635758194576 -0.066193122847899133
leaf_weight=62 659 130 658 77 55 847
leaf_count=62 659 130 658 77 55 847
internal_value=0.000560669 0.00144607 0.00457283 -0.00463695 -0.000964054 0.000437867
internal_weight=2488 1829 797 139 1032 902
internal_count=2488 1829 797 139 1032 902
is_linear=0
shrinkage=0.05


Tree=153
num_leaves=7
num_cat=0
split_feature=1 2 2 1 2 2
split_gain=2.25847 8.64814 7.80333 3.51069 13.4124 13.8438
threshold=247.50000000000003 0.29730636157118312 0.26549986769598238 487.50000000000006 0.7743462363466368 1.0189955646399984
decision_type=2 2 2 2 2 2
left_child=2 -2 -1 -3 -5 -6
right_child=1 3 -4 4 5 -7
leaf_value=-2.2951623125161045 4.1503872087831954 -0.38257628154041384 0.27029069825458996 -3.103502886464407 1.3623797470348984 -0.22426407180977892
leaf_weight=54 59 823 1226 92 107 149
leaf_count=54 59 823 1226 92 107 149
internal_value=0.000555755 -0.000971466 0.00202719 -0.001917 0.00228383 0.0081804
internal_weight=2510 1230 1280 1171 348 256
internal_count=2510 1230 1280 1171 348 256
is_linear=0
shrinkage=0.05


Tree=154
num_leaves=7
num_cat=0
split_feature=3 2 2 2 2 1
split_gain=1.67408 5.25003 7.00353 4.30051 8.12422 4.09644
threshold=2629.8496565304495 0.85169345876463154 0.88169914242640879 1.0006881302082076 1.0369557176092192 247.50000000000003
decision_type=2 2 2 2 2 2
left_child=-1 -2 -3 5 -5 -4
right_child=1 2 3 4 -6 -7
leaf_value=0.097883444920149831 -4.8661421949283428 11.550019378911673 -2.784400827390896 4.0570151607640854 -2.2404757316474333 -10.599884650464436
leaf_weight=1949 96 43 104 65 191 45
leaf_count=1949 96 43 104 65 191 45
internal_value=0.00061971 -0.00182871 0.000435171 -0.0015922 0.00232331 -0.0083501
internal_weight=2493 544 448 405 256 149
internal_count=2493 544 448 405 256 149
is_linear=0
shrinkage=0.05


Tree=155
num_leaves=7
num_cat=0
split_feature=0 0 3 2 0 3
split_gain=2.4662 2.18529 4.98518 6.92447 4.94483 10.3613
threshold=8.3750000000000018 15.875000000000002 2437.884018966517 0.7743462363466368 17.625000000000004 518.68612931788414
decision_type=2 2 2 2 2 2
left_child=-1 2 -2 -4 5 -3
right_child=1 4 3 -5 -6 -7
leaf_value=-0.54810768888259032 1.7958426456851548 -4.497707219984469 -8.4387314366204773 0.074734905473144417 0.088704417302914437 -0.27493063544328822
leaf_weight=69 722 45 69 582 480 532
leaf_count=69 722 45 69 582 480 532
internal_value=-1.80065e-05 0.000244846 0.00156216 -0.00160498 -0.00146155 -0.00458326
internal_weight=2499 2430 1373 651 1057 577
internal_count=2499 2430 1373 651 1057 577
is_linear=0
shrinkage=0.05


Tree=156
num_leaves=7
num_cat=0
split_feature=0 2 2 0 3 2
split_gain=2.67218 3.15608 5.80205 3.05713 5.08479 4.45827
threshold=10.375000000000002 0.87742581328134051 1.0369557176092192 13.375000000000002 3288.290418205514 0.98984785530521391
decision_type=2 2 2 2 2 2
left_child=1 -1 -3 -2 5 -5
right_child=3 2 -4 4 -6 -7
leaf_value=-1.9892523629300307 1.6495994870062316 1.946772659577652 -0.5912611877068491 -0.015450963926675955 -12.32664168838993 0.79394750591684338
leaf_weight=122 541 49 106 1405 54 232
leaf_count=122 541 49 106 1405 54 232
internal_value=0.000854888 -0.0037712 0.000934881 0.00143139 0.000381409 0.000882658
internal_weight=2509 277 155 2232 1691 1637
internal_count=2509 277 155 2232 1691 1637
is_linear=0
shrinkage=0.05


Tree=157
num_leaves=7
num_cat=0
split_feature=2 2 1 1 2 3
split_gain=1.69529 9.68622 5.35904 7.5127 5.88268 7.75441
threshold=0.47785842389464012 0.55196201253840982 67.500000000000014 487.50000000000006 0.26549986769598238 807.95851512306081
decision_type=2 2 2 2 2 2
left_child=2 -2 -1 4 -4 -6
right_child=1 -3 3 -5 5 -7
leaf_value=-4.7499433632233448 1.8406236876026725 0.054530138392365757 -2.2031036274766498 -2.2458299138983264 -0.5732342009091681 11.029770665366437
leaf_weight=40 54 2173 51 52 55 103
leaf_count=40 54 2173 51 52 55 103
internal_value=0.000710019 0.00118764 -0.00280638 -0.000172348 0.00404113 0.00882353
internal_weight=2528 2227 301 261 209 158
internal_count=2528 2227 301 261 209 158
is_linear=0
shrinkage=0.05


Tree=158
num_leaves=7
num_cat=0
split_feature=3 2 0 2 3 0
split_gain=1.72356 4.84682 4.13534 5.15055 8.61249 4.67224
threshold=2437.884018966517 0.77073767491502909 13.375000000000002 0.98984785530521391 3288.290418205514 11.625000000000002
decision_type=2 2 2 2 2 2
left_child=-1 -2 5 -4 -5 -3
right_child=1 2 3 4 -6 -7
leaf_value=0.11586133672409425 -11.000814653356953 -2.7332344887503868 -5.3472281473040857 7.4306533524872016 -10.407876835528658 2.9523795904912902
leaf_weight=1852 72 156 129 63 51 204
leaf_count=1852 72 156 129 63 51 204
internal_value=0.000611373 -0.00154792 -7.46145e-05 -0.00512135 0.00258545 0.00331852
internal_weight=2527 675 603 243 114 360
internal_count=2527 675 603 243 114 360
is_linear=0
shrinkage=0.05


Tree=159
num_leaves=7
num_cat=0
split_feature=3 3 3 2 2 0
split_gain=2.99532 3.37771 5.2768 3.52096 6.97853 3.16571
threshold=3262.5275323142173 2795.5283883513198 2629.8496565304495 1.0006881302082076 0.88169914242640879 13.375000000000002
decision_type=2 2 2 2 2 2
left_child=1 2 -1 4 -3 -2
right_child=5 3 -4 -5 -6 -7
leaf_value=0.10619330709803024 -0.70725754552372 8.0922908557832081 -3.790029741913072 6.9699823392050959 -5.7012140566012794 -11.192642269113623
leaf_weight=1974 168 66 108 59 77 62
leaf_count=1974 168 66 108 59 77 62
internal_value=0.000674198 0.00122368 0.000621968 0.00739733 0.00310971 -0.0047588
internal_weight=2514 2284 2082 202 143 230
internal_count=2514 2284 2082 202 143 230
is_linear=0
shrinkage=0.05


Tree=160
num_leaves=7
num_cat=0
split_feature=3 0 2 2 2 3
split_gain=2.17842 2.22385 4.27028 9.87268 7.99331 4.09033
threshold=3531.4530167779817 15.875000000000002 0.47785842389464012 0.29730636157118312 0.59991395613563936 1582.9903931156014
decision_type=2 2 2 2 2 2
left_child=1 -1 3 -3 -4 -6
right_child=-2 2 4 -5 5 -7
leaf_value=0.41215448778673436 -1.690185683619629 0.25320294886885686 1.7385738920894696 -2.5436556530962067 -0.0067069297168968591 -3.5292683380070984
leaf_weight=1336 126 58 59 67 772 93
leaf_count=1336 126 58 59 67 772 93
internal_value=9.75668e-05 0.000438137 -0.00128205 -0.00995204 -0.000102803 -0.00132355
internal_weight=2511 2385 1049 125 924 865
internal_count=2511 2385 1049 125 924 865
is_linear=0
shrinkage=0.05


Tree=161
num_leaves=7
num_cat=0
split_feature=3 2 2 0 3 1
split_gain=1.36835 7.35502 7.36709 3.13324 3.12172 5.11813
threshold=2629.8496565304495 0.85169345876463154 0.88169914242640879 15.875000000000002 282.27567118242388 97.500000000000014
decision_type=2 2 2 2 2 2
left_child=3 -2 -3 -1 -5 -6
right_child=1 2 -4 4 5 -7
leaf_value=0.66351744506311361 -4.5192703696920828 10.802341190344489 -1.4128882642762222 0.17204415167366804 2.6181425799070528 -0.33501389519045349
leaf_weight=922 98 44 410 333 66 649
leaf_count=922 98 44 410 333 66 649
internal_value=0.000394513 -0.00180221 0.000869852 0.00101264 -0.000853926 -0.0027199
internal_weight=2522 552 454 1970 1048 715
internal_count=2522 552 454 1970 1048 715
is_linear=0
shrinkage=0.05


Tree=162
num_leaves=7
num_cat=0
split_feature=0 2 0 3 2 1
split_gain=3.99422 2.80884 1.82872 5.34698 8.93959 5.967
threshold=8.8750000000000018 1.0559328498495517 14.625000000000002 2022.5910242573368 0.98984785530521391 157.50000000000003
decision_type=2 2 2 2 2 2
left_child=1 -1 -2 -4 5 -5
right_child=2 -3 3 4 -6 -7
leaf_value=-4.275187903587752 0.86834054890175028 -0.021740316715283384 0.057820962172943885 -1.2070137926360929 3.6396129376538768 -19.082986490489603
leaf_weight=60 1006 55 1201 49 74 74
leaf_count=60 1006 55 1201 49 74 74
internal_value=1.78635e-05 -0.00907906 0.000455472 -0.00071168 -0.00834602 -0.0166125
internal_weight=2519 115 2404 1398 197 123
internal_count=2519 115 2404 1398 197 123
is_linear=0
shrinkage=0.05


Tree=163
num_leaves=7
num_cat=0
split_feature=3 0 0 3 3 2
split_gain=2.36752 4.06434 2.28206 2.19458 3.19919 3.8545
threshold=3262.5275323142173 13.125000000000002 11.875000000000002 2932.2741163335172 3041.0845404724837 0.98414139977945803
decision_type=2 2 2 2 2 2
left_child=3 2 -2 -1 -5 -6
right_child=1 -3 -4 4 5 -7
leaf_value=0.019843110097784236 -2.0174946119396426 -9.3212312189171538 0.57479134042708324 5.0310037781555863 -5.6743474380000558 8.8426798470211612
leaf_weight=2175 70 71 89 63 41 41
leaf_count=2175 70 71 89 63 41 41
internal_value=7.64676e-05 -0.0047588 -0.000282841 0.000558166 0.00651275 0
internal_weight=2550 230 159 2320 145 82
internal_count=2550 230 159 2320 145 82
is_linear=0
shrinkage=0.05


Tree=164
num_leaves=7
num_cat=0
split_feature=0 2 2 1 1 1
split_gain=3.21141 2.46881 14.3738 5.61581 5.5515 5.53829
threshold=8.8750000000000018 0.77073767491502909 0.75372098822985167 502.50000000000006 277.50000000000006 202.50000000000003
decision_type=2 2 2 2 2 2
left_child=-1 2 3 5 -4 -2
right_child=1 -3 4 -5 -6 -7
leaf_value=-0.44821344001172786 -0.46322336496937172 0.22448698923554958 -3.5400188539293498 -1.2697722898994812 -23.541527002751348 0.78812438370244997
leaf_weight=121 414 1373 41 93 40 429
leaf_count=121 414 1373 41 93 40 429
internal_value=0.00013739 0.000541818 -0.00132239 0.000421963 -0.0215166 0.00171391
internal_weight=2511 2390 1017 936 81 843
internal_count=2511 2390 1017 936 81 843
is_linear=0
shrinkage=0.05


Tree=165
num_leaves=7
num_cat=0
split_feature=1 2 2 2 2 2
split_gain=2.68623 5.10044 3.52752 14.0475 10.6874 8.56521
threshold=142.50000000000003 0.47785842389464012 0.75086641606436599 0.74437772011177505 0.73070944575801522 0.77073767491502909
decision_type=2 2 2 2 2 2
left_child=1 -1 3 4 -2 -4
right_child=2 -3 5 -5 -6 -7
leaf_value=-2.4167754821348155 0.25208767363219453 0.53229615731850399 -9.1733406039199217 2.383746346320804 -7.5652130683640211 -0.077178711812214834
leaf_weight=85 537 645 111 44 40 1045
leaf_count=85 537 645 111 44 40 1045
internal_value=0.000177496 0.0027325 -0.000869394 0.00216551 7.79761e-05 -0.00250411
internal_weight=2507 730 1777 621 577 1156
internal_count=2507 730 1777 621 577 1156
is_linear=0
shrinkage=0.05


Tree=166
num_leaves=7
num_cat=0
split_feature=2 3 3 3 0 0
split_gain=1.77444 3.07265 7.90034 6.29357 6.65676 3.39979
threshold=1.1408991445829353 2795.5283883513198 2677.1391508758352 3041.0845404724837 13.125000000000002 13.625000000000002
decision_type=2 2 2 2 2 2
left_child=1 2 -1 5 -5 -3
right_child=-2 3 -4 4 -6 -7
leaf_value=0.070696700513972394 -0.56286135634079815 6.8751830361745405 -10.676282999637975 1.9993711274934611 -8.0747558390655207 3.4111802638456825
leaf_weight=1873 267 75 72 120 70 40
leaf_count=1873 267 75 72 120 70 40
internal_value=-5.7606e-05 0.00039776 -0.000331602 0.00506391 -0.000499737 0.0142919
internal_weight=2517 2250 1945 305 190 115
internal_count=2517 2250 1945 305 190 115
is_linear=0
shrinkage=0.05


Tree=167
num_leaves=7
num_cat=0
split_feature=3 2 2 2 2 2
split_gain=3.61039 3.78862 10.0855 7.0868 5.22261 4.8428
threshold=3262.5275323142173 0.77073767491502909 0.75372098822985167 0.74907366459256897 0.77565281277175002 0.75028853370153215
decision_type=2 2 2 2 2 2
left_child=1 2 3 -1 -3 -5
right_child=-2 4 -4 5 -6 -7
leaf_value=-0.27455206152948719 -1.8850216879477131 3.0023629041533226 -16.237259521445839 3.1255995033218564 0.14462217148412046 1.0020184716610117
leaf_weight=836 231 84 88 46 1156 70
leaf_count=836 231 84 88 46 1156 70
internal_value=-0.000296683 0.000304811 -0.00191808 -0.000414872 0.00217321 0.0111542
internal_weight=2511 2280 1040 952 1240 116
internal_count=2511 2280 1040 952 1240 116
is_linear=0
shrinkage=0.05


Tree=168
num_leaves=7
num_cat=0
split_feature=0 1 3 2 3 3
split_gain=2.94486 4.23496 6.8374 6.81481 3.38744 5.24434
threshold=15.875000000000002 187.50000000000003 1466.3337512716319 0.97661800148955868 282.27567118242388 563.93061851163225
decision_type=2 2 2 2 2 2
left_child=-1 -2 4 -4 -3 -6
right_child=1 2 3 -5 5 -7
leaf_value=0.30467350790297587 0.28428817852188643 0.097052628150991013 -6.5322879631316288 -0.52957009463936655 -0.55943983058499835 -0.13022304027491458
leaf_weight=1483 217 280 46 62 145 320
leaf_count=1483 217 280 46 62 145 320
internal_value=-0.00033097 -0.00233156 -0.00392099 -0.0156799 -0.00220776 -0.00482692
internal_weight=2553 1070 853 108 745 465
internal_count=2553 1070 853 108 745 465
is_linear=0
shrinkage=0.05


Tree=169
num_leaves=7
num_cat=0
split_feature=1 3 2 3 0 2
split_gain=2.01024 3.28058 3.95429 2.72038 2.6901 3.83365
threshold=637.50000000000011 80.402624251402059 0.62767223152297946 282.27567118242388 16.375000000000004 0.47785842389464012
decision_type=2 2 2 2 2 2
left_child=1 2 -1 -2 -3 -6
right_child=3 4 -4 -5 5 -7
leaf_value=0.64095217402614824 -0.065293021200870438 0.14503100332814042 0.047616860613598183 -0.92307163324645325 -2.6690562698948295 -0.04767340825576305
leaf_weight=41 52 1633 87 40 70 602
leaf_count=41 52 1633 87 40 70 602
internal_value=-0.000295038 -1.84949e-05 0.00776737 -0.00754615 -0.000453343 -0.0031171
internal_weight=2525 2433 128 92 2305 672
internal_count=2525 2433 128 92 2305 672
is_linear=0
shrinkage=0.05


Tree=170
num_leaves=7
num_cat=0
split_feature=0 3 2 2 1 2
split_gain=1.92616 4.05618 5.38913 5.15054 11.7282 4.26966
threshold=15.875000000000002 1674.4748397928513 0.77828479022709673 1.0006881302082076 502.50000000000006 0.29730636157118312
decision_type=2 2 2 2 2 2
left_child=-1 2 5 4 -4 -2
right_child=1 -3 3 -5 -6 -7
leaf_value=0.38067420222236309 0.42728734446471428 -3.8899921262976225 0.10105987437229558 -0.2268717385149536 1.2064692118451446 -0.3486237410903229
leaf_weight=1477 59 74 266 114 83 467
leaf_count=1477 59 74 266 114 83 467
internal_value=0.000824771 -0.000794845 4.54959e-05 0.00398402 0.00700372 -0.0034119
internal_weight=2540 1063 989 463 349 526
internal_count=2540 1063 989 463 349 526
is_linear=0
shrinkage=0.05


Tree=171
num_leaves=7
num_cat=0
split_feature=2 3 0 1 2 1
split_gain=2.24091 4.04564 4.02306 3.46269 2.91103 3.58903
threshold=1.1408991445829353 838.20318676925024 11.625000000000002 637.50000000000011 1.0559328498495517 487.50000000000006
decision_type=2 2 2 2 2 2
left_child=3 -2 -3 4 5 -1
right_child=1 2 -4 -5 -6 -7
leaf_value=0.035097669174081858 0.29212522196504626 -4.4565093823721513 -0.27835905760494911 -0.25488509935679388 1.8819032627669232 0.49958849800373301
leaf_weight=1904 45 93 128 50 77 215
leaf_count=1904 45 93 128 50 77 215
internal_value=0.00059512 -0.0037392 -0.0065355 0.00111081 0.00140932 0.00105941
internal_weight=2512 266 221 2246 2196 2119
internal_count=2512 266 221 2246 2196 2119
is_linear=0
shrinkage=0.05


Tree=172
num_leaves=7
num_cat=0
split_feature=0 2 0 2 2 2
split_gain=3.49296 4.09786 8.66566 8.33683 5.00525 5.25536
threshold=16.375000000000004 0.47785842389464012 17.625000000000004 0.59991395613563936 0.74907366459256897 0.68053205379213988
decision_type=2 2 2 2 2 2
left_child=-1 2 -2 -3 5 -5
right_child=1 3 -4 4 -6 -7
leaf_value=0.28127815315487087 -4.9589114373677328 1.7247680299599155 0.042676135745326076 -0.23620262018515634 -0.018544551024776545 -0.66124337906844277
leaf_weight=1642 46 53 59 93 549 69
leaf_count=1642 46 53 59 93 549 69
internal_value=-1.79204e-05 -0.00258313 -0.0118459 -0.00130219 -0.0027352 -0.0104565
internal_weight=2511 869 105 764 711 162
internal_count=2511 869 105 764 711 162
is_linear=0
shrinkage=0.05


Tree=173
num_leaves=7
num_cat=0
split_feature=2 3 2 2 0 2
split_gain=1.88653 8.12039 4.39336 4.52708 14.6593 5.99239
threshold=0.61918931472865724 1781.7803795711718 0.68053205379213988 0.74437772011177505 14.375000000000002 0.75028853370153215
decision_type=2 2 2 2 2 2
left_child=1 -1 -2 4 -4 -5
right_child=2 -3 3 5 -6 -7
leaf_value=0.15727604333706113 2.318561268273541 -11.022841806366969 5.4745796820084172 1.8971184814055395 -1.5099877679839295 0.10554419991814862
leaf_weight=442 204 56 51 66 101 1623
leaf_count=442 204 56 51 66 101 1623
internal_value=0.00115804 -0.00159607 0.00183121 0.00105643 -0.00719921 0.00180274
internal_weight=2543 498 2045 1841 152 1689
internal_count=2543 498 2045 1841 152 1689
is_linear=0
shrinkage=0.05


Tree=174
num_leaves=7
num_cat=0
split_feature=1 1 2 2 0 3
split_gain=2.10281 3.50257 4.68359 8.37672 2.56047 5.00764
threshold=637.50000000000011 532.50000000000011 0.7743462363466368 0.98984785530521391 16.375000000000004 1946.0554674024836
decision_type=2 2 2 2 2 2
left_child=1 4 -3 -4 5 -1
right_child=-2 2 3 -5 -6 -7
leaf_value=0.64546675532020004 -0.24644519365491924 -0.40033226522727683 1.4139471410914943 0.35577727272816112 -0.17320085983939287 -0.50890302551708833
leaf_weight=583 91 61 54 70 645 1025
leaf_count=583 91 61 54 70 645 1025
internal_value=0.000373651 0.000654198 0.00726634 0.0128525 0.000108739 0.00117841
internal_weight=2529 2438 185 124 2253 1608
internal_count=2529 2438 185 124 2253 1608
is_linear=0
shrinkage=0.05


Tree=175
num_leaves=7
num_cat=0
split_feature=3 0 0 1 3 0
split_gain=2.05241 3.48278 2.80561 4.8049 6.09904 6.44151
threshold=3262.5275323142173 13.125000000000002 16.375000000000004 52.500000000000007 1081.2219412700356 10.375000000000002
decision_type=2 2 2 2 2 2
left_child=2 -2 3 -1 5 -5
right_child=1 -3 -4 4 -6 -7
leaf_value=-0.50587753264290891 0.0019836746630318204 -7.6139367482240319 -0.074109864997414926 -0.12505590991812454 0.58206236112958931 11.246381303592456
leaf_weight=217 154 76 894 41 1082 69
leaf_count=217 154 76 894 41 1082 69
internal_value=0.000175674 -0.00432421 0.000627415 0.00201902 0.00326734 0.0144868
internal_weight=2533 230 2303 1409 1192 110
internal_count=2533 230 2303 1409 1192 110
is_linear=0
shrinkage=0.05


Tree=176
num_leaves=7
num_cat=0
split_feature=0 2 2 2 1 1
split_gain=3.43974 5.2413 6.1228 13.3079 5.81952 12.4968
threshold=14.625000000000002 0.26549986769598238 0.77828479022709673 0.80069337874970337 457.50000000000006 187.50000000000003
decision_type=2 2 2 2 2 2
left_child=-1 -2 -3 -4 5 -5
right_child=1 2 3 4 -6 -7
leaf_value=0.34858975095118727 0.59597043336434796 -0.45240864556227223 1.9863868636156707 0.42434490960926508 0.41794330438388738 -0.78797286297547275
leaf_weight=1114 55 629 63 133 268 242
leaf_count=1114 55 629 63 133 268 242
internal_value=7.78723e-05 -0.00157902 -0.00220583 0.00098428 -0.00115845 -0.00518528
internal_weight=2504 1390 1335 706 643 375
internal_count=2504 1390 1335 706 643 375
is_linear=0
shrinkage=0.05


Tree=177
num_leaves=7
num_cat=0
split_feature=0 3 2 0 3 1
split_gain=3.25274 2.27513 2.25853 2.08042 4.94683 7.09735
threshold=8.8750000000000018 3531.4530167779817 0.87742581328134051 15.875000000000002 1757.0106196507074 202.50000000000003
decision_type=2 2 2 2 2 2
left_child=2 3 -1 4 5 -2
right_child=1 -3 -4 -5 -6 -7
leaf_value=-4.1351069457299801 -0.1701250618125105 -1.5924687502870343 -0.043774628335736671 -0.057053945151012635 0.12754627362944149 8.3450299545422073
leaf_weight=43 128 134 72 1050 952 129
leaf_count=43 128 134 72 1050 952 129
internal_value=0 0.000394885 -0.00821025 0.000772431 0.00218758 0.00834306
internal_weight=2508 2393 115 2259 1209 257
internal_count=2508 2393 115 2259 1209 257
is_linear=0
shrinkage=0.05


Tree=178
num_leaves=7
num_cat=0
split_feature=3 0 2 2 1 2
split_gain=2.21713 4.10057 2.56381 8.12565 5.96808 4.79474
threshold=3262.5275323142173 13.125000000000002 0.77073767491502909 0.75372098822985167 247.50000000000003 0.77565281277175002
decision_type=2 2 2 2 2 2
left_child=2 -2 3 -1 -5 -4
right_child=1 -3 5 4 -6 -7
leaf_value=0.01582349495562747 0.048863305744998801 -7.1778718098787921 2.7859196350110533 -0.73465148959438487 -19.77594498477292 0.11483980058010759
leaf_weight=972 155 75 81 42 43 1170
leaf_count=972 155 75 81 42 43 1170
internal_value=0.000352626 -0.00432421 0.000821022 -0.000988554 -0.0158049 0.00235393
internal_weight=2538 230 2308 1057 85 1251
internal_count=2538 230 2308 1057 85 1251
is_linear=0
shrinkage=0.05


Tree=179
num_leaves=7
num_cat=0
split_feature=2 0 2 2 0 2
split_gain=3.25359 2.74963 4.54726 9.57011 6.86595 6.91398
threshold=1.1408991445829353 15.875000000000002 0.98984785530521391 0.96293706714073291 14.125000000000002 1.0559328498495517
decision_type=2 2 2 2 2 2
left_child=1 2 3 -1 5 -4
right_child=-2 -3 4 -5 -6 -7
leaf_value=0.83448681660186075 -0.5349341383524524 -0.061249392328261369 -1.5152884780599323 -14.826822225699637 7.9560296829536448 2.8426323830787457
leaf_weight=1033 259 991 94 65 52 46
leaf_count=1033 259 991 94 65 52 46
internal_value=0.000116137 0.000721143 0.00224401 0.000997177 0.00934409 0.00353319
internal_weight=2540 2281 1290 1098 192 140
internal_count=2540 2281 1290 1098 192 140
is_linear=0
shrinkage=0.05


Tree=180
num_leaves=7
num_cat=0
split_feature=0 2 2 3 2 2
split_gain=2.21931 5.82511 5.89889 4.13735 3.58011 7.94652
threshold=18.125000000000004 1.0006881302082076 0.87504933492959525 652.15829989541987 0.61046862653533196 0.74907366459256897
decision_type=2 2 2 2 2 2
left_child=3 2 4 -1 -2 -6
right_child=1 -3 -4 -5 5 -7
leaf_value=-0.35754756974015439 0.39140860501815383 -0.37093280412753027 0.52611082761655126 0.1299608320454638 -0.60785035417251843 0.38602453215089982
leaf_weight=290 68 45 54 1923 49 103
leaf_count=290 68 45 54 1923 49 103
internal_value=0.000629912 0.00452836 0.00727837 6.5519e-05 0.00361199 -0.000624589
internal_weight=2532 319 274 2213 220 152
internal_count=2532 319 274 2213 220 152
is_linear=0
shrinkage=0.05


Tree=181
num_leaves=7
num_cat=0
split_feature=3 0 2 2 2 2
split_gain=1.73912 2.40406 3.39688 15.9571 9.78895 8.26825
threshold=3531.4530167779817 14.625000000000002 0.891731912135731 0.93838475451439896 0.86823136546296509 0.97661800148955868
decision_type=2 2 2 2 2 2
left_child=1 -1 4 -4 -3 -5
right_child=-2 2 3 5 -6 -7
leaf_value=0.37370976456628324 -1.6990224058123886 -0.064684964314122337 2.5017252498133251 -11.56970465650916 -10.331618405492518 0.074021920609019007
leaf_weight=979 129 945 60 43 79 269
leaf_count=979 129 945 60 43 79 269
internal_value=-0.000117807 0.000187361 -0.00114247 0.00294276 -0.00263158 -0.00158603
internal_weight=2504 2375 1396 372 1024 312
internal_count=2504 2375 1396 372 1024 312
is_linear=0
shrinkage=0.05


Tree=182
num_leaves=7
num_cat=0
split_feature=2 0 0 2 3 2
split_gain=3.07132 4.93199 4.44729 12.0395 3.55305 5.59546
threshold=1.1408991445829353 11.625000000000002 13.375000000000002 1.0559328498495517 2529.6356703945689 0.98984785530521391
decision_type=2 2 2 2 2 2
left_child=2 -2 3 -1 -4 -6
right_child=1 -3 4 -5 5 -7
leaf_value=0.58552837159386595 -2.1083239637225231 0.35115724273296539 0.00010409735416700984 5.416167839965957 -7.4723248316540127 4.5126077053068325
leaf_weight=636 95 155 1415 41 114 56
leaf_count=636 95 155 1415 41 114 56
internal_value=7.76243e-05 -0.00517793 0.00066089 0.00405405 -0.000785439 -0.00761317
internal_weight=2512 250 2262 677 1585 170
internal_count=2512 250 2262 677 1585 170
is_linear=0
shrinkage=0.05


Tree=183
num_leaves=7
num_cat=0
split_feature=3 0 2 1 2 2
split_gain=2.60782 7.41607 7.19792 4.08113 4.15158 4.801
threshold=317.94588293715344 16.375000000000004 0.47785842389464012 127.50000000000001 0.78413721969370764 0.84355919715450278
decision_type=2 2 2 2 2 2
left_child=-1 -2 -3 -4 -5 -6
right_child=1 2 3 4 5 -7
leaf_value=0.2039423509885685 0.26117628037523988 -5.300218925546325 0.95074187940696919 -0.73187559489128629 1.0279773988817993 -0.26143703795438
leaf_weight=366 1610 41 50 182 51 213
leaf_count=366 1610 41 50 182 51 213
internal_value=0.000455613 -0.000207256 -0.00529697 -0.00361822 -0.00514459 -0.001117
internal_weight=2513 2147 537 496 446 264
internal_count=2513 2147 537 496 446 264
is_linear=0
shrinkage=0.05


Tree=184
num_leaves=7
num_cat=0
split_feature=0 3 2 2 1 2
split_gain=3.20742 4.24033 4.54455 6.40898 4.58229 3.95783
threshold=15.875000000000002 282.27567118242388 0.98414139977945803 0.74907366459256897 457.50000000000006 0.47785842389464012
decision_type=2 2 2 2 2 2
left_child=-1 2 3 -2 -5 -3
right_child=1 5 -4 4 -6 -7
leaf_value=0.22218532895486978 -0.056660524005346602 -3.0522391843436938 -0.36542161517990479 0.17763203942661221 0.79259023629189018 -0.19576803022079356
leaf_weight=1470 150 58 41 93 45 647
leaf_count=1470 150 58 41 93 45 647
internal_value=-0.000277545 -0.00241273 0.00226375 0.00449497 0.0122737 -0.00460218
internal_weight=2504 1034 329 288 138 705
internal_count=2504 1034 329 288 138 705
is_linear=0
shrinkage=0.05


Tree=185
num_leaves=7
num_cat=0
split_feature=1 1 3 3 2 2
split_gain=1.79736 3.78588 2.29906 1.59063 4.71698 7.30917
threshold=637.50000000000011 592.50000000000011 282.27567118242388 2629.8496565304495 0.84882299439636699 0.88169914242640879
decision_type=2 2 2 2 2 2
left_child=1 3 -2 -1 -5 -6
right_child=2 -3 -4 4 5 -7
leaf_value=0.045216131772013494 0.084954948544194719 0.56018613855644617 -0.48972866202638843 -5.2693853109557596 9.2543696116075278 -1.4145154745147892
leaf_weight=1820 54 66 41 87 52 402
leaf_count=1820 54 66 41 87 52 402
internal_value=-3.7667e-05 0.000224548 -0.00678233 -0.000103765 -0.00248568 -0.000429421
internal_weight=2522 2427 95 2361 541 454
internal_count=2522 2427 95 2361 541 454
is_linear=0
shrinkage=0.05


Tree=186
num_leaves=7
num_cat=0
split_feature=2 3 0 1 1 0
split_gain=3.49011 9.47817 14.5228 6.28604 5.73902 7.98816
threshold=0.61918931472865724 1252.1193030836951 12.125000000000002 487.50000000000006 67.500000000000014 16.375000000000004
decision_type=2 2 2 2 2 2
left_child=1 3 -3 4 -1 -6
right_child=-2 2 -4 -5 5 -7
leaf_value=-2.9421561316401039 0.10916258471646288 13.322835865084494 -23.48202552575885 -2.192060247287118 10.567091439780757 -0.02560369867294341
leaf_weight=47 2025 42 92 83 122 109
leaf_count=47 2025 42 92 83 122 109
internal_value=0.000236102 -0.00352454 -0.014877 0.000678482 0.00429702 0.00755084
internal_weight=2520 495 134 361 278 231
internal_count=2520 495 134 361 278 231
is_linear=0
shrinkage=0.05


Tree=187
num_leaves=7
num_cat=0
split_feature=2 0 2 0 2 0
split_gain=2.02256 4.39974 5.40018 12.046 9.14468 9.0491
threshold=1.0732926640339071 8.3750000000000018 0.98984785530521391 17.125000000000004 0.98414139977945803 14.125000000000002
decision_type=2 2 2 2 2 2
left_child=1 -1 4 5 -3 -4
right_child=-2 2 3 -5 -6 -7
leaf_value=-0.970247132006681 -0.44326284275095695 0.062648945705264289 0.77654219358551024 -0.28514353866982084 -3.6369639517536698 5.0932228482685211
leaf_weight=41 293 1922 110 52 44 78
leaf_count=41 293 1922 110 52 44 78
internal_value=0 0.000509546 0.000813653 0.00789254 -4.8319e-05 0.0137959
internal_weight=2540 2247 2206 240 1966 188
internal_count=2540 2247 2206 240 1966 188
is_linear=0
shrinkage=0.05


Tree=188
num_leaves=7
num_cat=0
split_feature=0 1 1 2 0 3
split_gain=3.52215 3.78093 7.97374 5.61988 4.71373 4.4038
threshold=15.875000000000002 382.50000000000006 247.50000000000003 0.891731912135731 17.875000000000004 317.94588293715344
decision_type=2 2 2 2 2 2
left_child=-1 2 3 4 -2 -3
right_child=1 5 -4 -5 -6 -7
leaf_value=0.36645493487962921 -0.40060229942144976 0.28108751315995023 -0.71088313892265698 0.83518856132535846 0.38927851490961651 -0.19272332966360539
leaf_weight=1500 214 189 227 45 62 310
leaf_count=1500 214 189 227 45 62 310
internal_value=0.000174708 -0.00204851 -0.00491699 0.000140143 -0.0025172 0.00109197
internal_weight=2547 1047 548 321 276 499
internal_count=2547 1047 548 321 276 499
is_linear=0
shrinkage=0.05


Tree=189
num_leaves=7
num_cat=0
split_feature=0 3 2 2 2 1
split_gain=2.04484 5.39893 3.22329 3.75233 3.46503 6.14755
threshold=17.875000000000004 434.46442059282452 0.98984785530521391 0.85169345876463154 0.61046862653533196 307.50000000000006
decision_type=2 2 2 2 2 2
left_child=1 -1 3 4 5 -2
right_child=2 -3 -4 -5 -6 -7
leaf_value=-2.4296621474508027 0.9312274356219773 -0.016818802110145727 -0.31825004769626236 0.53780659076464976 -0.056009629290833113 -0.41054622464590768
leaf_weight=77 40 2033 63 82 178 44
leaf_count=77 40 2033 63 82 178 44
internal_value=5.7606e-05 -0.000566324 0.00330386 0.00521651 0.00227013 0.0106421
internal_weight=2517 2110 407 344 262 84
internal_count=2517 2110 407 344 262 84
is_linear=0
shrinkage=0.05


Tree=190
num_leaves=7
num_cat=0
split_feature=3 0 2 2 2 3
split_gain=3.02601 4.63787 4.5037 9.96511 7.0691 5.47439
threshold=317.94588293715344 16.375000000000004 0.88169914242640879 0.891731912135731 0.84979839143515712 1081.2219412700356
decision_type=2 2 2 2 2 2
left_child=-1 2 4 -4 5 -2
right_child=1 -3 3 -5 -6 -7
leaf_value=0.17396359896401492 5.3700498118748676 -0.25195469935175224 -15.89795421322941 -0.18541574466255215 4.7433706880867774 -0.33753998714997241
leaf_weight=373 121 554 45 569 108 781
leaf_count=373 121 554 45 569 108 781
internal_value=-1.76394e-05 -0.00073229 0.000612647 -0.00276014 0.00266805 0.00121383
internal_weight=2551 2178 1624 614 1010 902
internal_count=2551 2178 1624 614 1010 902
is_linear=0
shrinkage=0.05


Tree=191
num_leaves=7
num_cat=0
split_feature=2 3 2 0 3 2
split_gain=1.45527 10.0001 4.60439 6.91415 8.55897 4.37955
threshold=0.61918931472865724 1781.7803795711718 0.68053205379213988 12.625000000000002 782.2251574765429 0.72194120297179165
decision_type=2 2 2 2 2 2
left_child=1 -1 3 -2 -5 -4
right_child=2 -3 5 4 -6 -7
leaf_value=0.1157036327209406 -5.0893011206478738 -10.38510703299432 -0.768767822536219 -0.21133255688612637 7.3262821769923399 0.071614995723784866
leaf_weight=450 46 54 64 48 108 1776
leaf_count=450 46 54 64 48 108 1776
internal_value=0.000626448 -0.00177544 0.00122178 0.00838694 0.0134209 0.000432042
internal_weight=2546 504 2042 202 156 1840
internal_count=2546 504 2042 202 156 1840
is_linear=0
shrinkage=0.05


Tree=192
num_leaves=7
num_cat=0
split_feature=1 2 2 0 0 3
split_gain=2.46585 4.60795 8.68485 2.16919 3.5258 9.12514
threshold=532.50000000000011 0.7743462363466368 0.98984785530521391 15.625000000000002 10.375000000000002 1071.8540939696552
decision_type=2 2 2 2 2 2
left_child=3 -2 -3 4 -1 -6
right_child=1 2 -4 -5 5 -7
leaf_value=-0.7399712632986204 -0.9981257508562742 1.0981375770976574 0.065973767937510711 -0.15249009144962652 11.945684761407689 0.52577486018206021
leaf_weight=274 79 70 126 836 46 1070
leaf_count=274 79 70 126 836 46 1070
internal_value=5.79745e-05 0.00452563 0.00864355 -0.000491892 0.000715776 0.00196667
internal_weight=2501 275 196 2226 1390 1116
internal_count=2501 275 196 2226 1390 1116
is_linear=0
shrinkage=0.05


Tree=193
num_leaves=7
num_cat=0
split_feature=2 2 2 2 1 1
split_gain=3.21733 4.88862 4.20232 5.00009 4.33031 3.67626
threshold=1.0369557176092192 1.0189955646399984 1.0559328498495517 1.0732926640339071 112.50000000000001 577.50000000000011
decision_type=2 2 2 2 2 2
left_child=1 5 -2 -4 -5 -1
right_child=2 -3 3 4 -6 -7
leaf_value=0.0086712477050689078 -22.048836379971394 1.8210321241204532 2.5545990029861851 0.26319892519003679 -1.1575027970920606 0.42694184512672817
leaf_weight=1986 47 72 42 41 265 91
leaf_count=1986 47 72 42 41 265 91
internal_value=0.000233874 0.000998092 -0.0039104 -0.00199655 -0.00423064 0.000551249
internal_weight=2544 2149 395 348 306 2077
internal_count=2544 2149 395 348 306 2077
is_linear=0
shrinkage=0.05


Tree=194
num_leaves=7
num_cat=0
split_feature=2 2 2 1 2 1
split_gain=1.33885 6.81082 5.29339 5.4385 4.60982 10.903
threshold=0.7731648098385141 0.76875544897297354 0.83663225795670282 67.500000000000014 0.84979839143515712 367.50000000000006
decision_type=2 2 2 2 2 2
left_child=1 -1 -2 -4 5 -5
right_child=2 -3 3 4 -6 -7
leaf_value=-0.031830914038852944 0.61213290129489062 -4.9174384533101234 0.63808611678000071 -5.0454144843905802 -0.03722453369536112 2.0608579926420463
leaf_weight=1046 269 49 133 73 938 42
leaf_count=1046 269 49 133 73 938 42
internal_value=0.000272538 -0.00104557 0.00126795 -0.000164404 -0.00137214 -0.0108167
internal_weight=2550 1095 1455 1186 1053 115
internal_count=2550 1095 1455 1186 1053 115
is_linear=0
shrinkage=0.05


Tree=195
num_leaves=7
num_cat=0
split_feature=0 3 0 3 1 1
split_gain=1.89761 4.75452 2.72554 4.39938 3.58966 4.43076
threshold=17.875000000000004 652.15829989541987 15.625000000000002 875.54484167391536 202.50000000000003 427.50000000000006
decision_type=2 2 2 2 2 2
left_child=1 -1 -3 -4 -5 -6
right_child=-2 2 3 4 5 -7
leaf_value=-0.49668957588983864 0.11574140500820583 0.50077894098105957 0.48257923089693122 0.17359705295430708 -2.4789633075095781 -0.085372697444557138
leaf_weight=204 410 1364 125 126 154 144
leaf_count=204 410 1364 125 126 154 144
internal_value=0.000532231 -6.84899e-05 0.000703047 -0.00226735 -0.00470408 -0.00769876
internal_weight=2527 2117 1913 549 424 298
internal_count=2527 2117 1913 549 424 298
is_linear=0
shrinkage=0.05


Tree=196
num_leaves=7
num_cat=0
split_feature=2 3 0 2 0 3
split_gain=2.80474 3.92421 3.56326 4.70284 6.48727 5.8282
threshold=1.0732926640339071 2376.5831980116131 8.6250000000000018 1.0189955646399984 16.375000000000004 3313.0561815332571
decision_type=2 2 2 2 2 2
left_child=2 -2 -1 -4 5 -5
right_child=1 -3 3 4 -6 -7
leaf_value=-2.2471252291892574 0.2089960268717925 -4.231284298068454 0.06411466737999634 5.545950431260156 -0.34807115405237243 0.79835904358594689
leaf_weight=57 136 167 1988 63 40 49
leaf_count=57 136 167 1988 63 40 49
internal_value=0.000397984 -0.00410756 0.0010218 0.00135274 0.00982906 0.0160125
internal_weight=2500 303 2197 2140 152 112
internal_count=2500 303 2197 2140 152 112
is_linear=0
shrinkage=0.05


Tree=197
num_leaves=7
num_cat=0
split_feature=3 2 1 2 3 2
split_gain=2.32471 3.89852 4.58741 6.06404 2.893 2.86256
threshold=317.94588293715344 0.51232734598751739 532.50000000000011 0.7731648098385141 434.46442059282452 0.7052340433487988
decision_type=2 2 2 2 2 2
left_child=1 -1 3 5 -2 -3
right_child=4 2 -4 -5 -6 -7
leaf_value=-0.35400097524208829 -0.68767151484184685 0.39948635051429132 0.55105728944498644 -0.33457024715350986 0.084430797563979365 1.2720738640130334
leaf_weight=94 96 48 88 93 2075 40
leaf_count=94 96 48 88 93 2075 40
internal_value=0.000826723 0.00453043 0.00759941 0.00300939 0.000204965 0.0124291
internal_weight=2534 363 269 181 2171 88
internal_count=2534 363 269 181 2171 88
is_linear=0
shrinkage=0.05


Tree=198
num_leaves=7
num_cat=0
split_feature=0 0 3 2 2 2
split_gain=2.66079 2.42581 10.643 9.6656 10.5759 11.4061
threshold=10.375000000000002 15.875000000000002 1071.8540939696552 0.61918931472865724 0.55196201253840982 0.38148662700386721
decision_type=2 2 2 2 2 2
left_child=-1 2 -2 4 5 -4
right_child=1 -3 3 -5 -6 -7
leaf_value=-0.73527191085786969 8.1322805719404077 -0.079847955838665288 -13.83736864543746 1.364895757837006 -30.375432862033524 11.861257770616739
leaf_weight=288 57 1039 51 991 60 49
leaf_count=288 57 1039 51 991 60 49
internal_value=0.000372766 0.000954564 0.0024791 0.00142907 -0.00996252 0
internal_weight=2535 2247 1208 1151 160 100
internal_count=2535 2247 1208 1151 160 100
is_linear=0
shrinkage=0.05


Tree=199
num_leaves=7
num_cat=0
split_feature=0 0 3 2 2 1
split_gain=2.24313 4.86305 4.22332 5.58027 5.62337 4.34112
threshold=18.125000000000004 15.875000000000002 2437.884018966517 0.7743462363466368 0.83078866563942777 52.500000000000007
decision_type=2 2 2 2 2 2
left_child=1 2 5 -4 -5 -1
right_child=-2 -3 3 4 -6 -7
leaf_value=-0.3862339421529013 0.10126416834867946 -0.31230119054302641 -7.9200100151618278 9.7548743285536474 -0.92986225378493403 1.9022792580305041
leaf_weight=135 320 738 79 59 535 663
leaf_count=135 320 738 79 59 535 663
internal_value=-0.000175952 -0.000744647 0.000914282 -0.00199822 -0.000328228 0.00337677
internal_weight=2529 2209 1471 673 594 798
internal_count=2529 2209 1471 673 594 798
is_linear=0
shrinkage=0.05


Tree=200
num_leaves=7
num_cat=0
split_feature=0 2 2 2 0 3
split_gain=1.94752 3.16861 4.61111 2.46666 2.37035 4.56489
threshold=10.375000000000002 0.51232734598751739 0.78413721969370764 1.0559328498495517 14.625000000000002 2022.5910242573368
decision_type=2 2 2 2 2 2
left_child=1 -1 -3 -4 -2 -6
right_child=4 2 3 -5 5 -7
leaf_value=-3.2352228475096583 1.6112043911812941 5.1242492743126462 -2.6733067094419867 0.059645738582063151 0.025751226938879591 -4.1935483718366084
leaf_weight=42 853 50 97 97 1205 201
leaf_count=42 853 50 97 97 1205 201
internal_value=5.69722e-05 -0.00382733 -0.00161819 -0.00512622 0.000551104 -0.000707631
internal_weight=2545 286 244 194 2259 1406
internal_count=2545 286 244 194 2259 1406
is_linear=0
shrinkage=0.05


Tree=201
num_leaves=7
num_cat=0
split_feature=2 2 2 2 2 0
split_gain=1.69932 5.0037 11.7625 7.96488 7.64433 4.75133
threshold=1.0369557176092192 0.891731912135731 0.88169914242640879 0.87504933492959525 0.92915068325082728 10.125000000000002
decision_type=2 2 2 2 2 2
left_child=1 2 3 5 -3 -1
right_child=-2 4 -4 -5 -6 -7
leaf_value=-2.1942351529270354 -0.37745267920653308 3.0253135534462769 -12.424165812792459 2.3239766529703609 0.18792086071570965 0.0068061514117559348
leaf_weight=105 395 71 64 62 333 1519
leaf_count=105 395 71 64 62 333 1519
internal_value=-0.000135342 0.000415487 -0.000739958 5.6343e-05 0.00543182 -0.000612647
internal_weight=2549 2154 1750 1686 404 1624
internal_count=2549 2154 1750 1686 404 1624
is_linear=0
shrinkage=0.05


Tree=202
num_leaves=7
num_cat=0
split_feature=3 2 2 2 2 0
split_gain=2.23485 3.90748 6.81078 4.48444 3.93715 3.32003
threshold=317.94588293715344 0.74907366459256897 0.643629052046511 0.34072224193646433 0.98414139977945803 17.375000000000004
decision_type=2 2 2 2 2 2
left_child=1 2 3 -1 -3 -2
right_child=5 4 -4 -5 -6 -7
leaf_value=-0.89964162016334681 0.019151750153194771 0.39819478122393231 -0.60630069143311938 0.61512498978876984 -0.27297267757625859 -0.2789844611856282
leaf_weight=64 1949 147 40 76 44 216
leaf_count=64 1949 147 40 76 44 216
internal_value=3.74591e-05 0.00362436 -0.00163798 0.00353319 0.00860806 -0.000575031
internal_weight=2536 371 180 140 191 2165
internal_count=2536 371 180 140 191 2165
is_linear=0
shrinkage=0.05


Tree=203
num_leaves=7
num_cat=0
split_feature=2 2 2 0 1 1
split_gain=1.69015 8.27712 7.17735 4.7963 4.5841 3.70896
threshold=0.77073767491502909 0.75372098822985167 0.77565281277175002 15.625000000000002 247.50000000000003 382.50000000000006
decision_type=2 2 2 2 2 2
left_child=1 -1 3 -2 -3 -4
right_child=2 4 5 -5 -6 -7
leaf_value=-0.079361095541213456 17.310633677153248 -0.43236338111383477 -0.21759058590718328 0.24159216099551861 -22.004048310779332 0.37953288098599708
leaf_weight=987 43 44 976 40 48 424
leaf_count=987 43 44 976 40 48 424
internal_value=-0.000388353 -0.0018951 0.000704605 0.0149819 -0.0162324 -0.000139276
internal_weight=2562 1079 1483 83 92 1400
internal_count=2562 1079 1483 83 92 1400
is_linear=0
shrinkage=0.05


Tree=204
num_leaves=7
num_cat=0
split_feature=1 2 2 2 2 2
split_gain=2.40134 5.11151 9.50769 5.34741 6.45383 5.28261
threshold=142.50000000000003 0.58543092646349659 0.62767223152297946 0.83820917973391051 0.78413721969370764 0.73070944575801522
decision_type=2 2 2 2 2 2
left_child=1 -1 -3 4 5 -4
right_child=-2 2 3 -5 -6 -7
leaf_value=-1.6405535148852957 -0.054817540275936244 14.613448553751965 -1.9857939215416467 0.58441909197690656 -1.611067837473005 4.4859478100596313
leaf_weight=118 1798 41 82 291 76 127
leaf_count=118 1798 41 82 291 76 127
internal_value=0.000373061 0.00278193 0.00461027 0.0029422 -0.00191161 0.00260641
internal_weight=2533 735 617 576 285 209
internal_count=2533 735 617 576 285 209
is_linear=0
shrinkage=0.05


Tree=205
num_leaves=7
num_cat=0
split_feature=1 2 1 3 3 2
split_gain=2.22957 6.32928 3.74365 2.88929 4.41979 3.22889
threshold=142.50000000000003 0.47785842389464012 67.500000000000014 369.25597066116217 465.45462320887708 1.0006881302082076
decision_type=2 2 2 2 2 2
left_child=1 2 -1 5 -5 -2
right_child=3 -3 -4 4 -6 -7
leaf_value=-3.7566810212093444 0.19352717774012052 0.68192859629819447 -0.3958070651322988 -0.67359828755070306 -0.097855191473856004 -0.42220967513146213
leaf_weight=41 313 658 48 50 1352 46
leaf_count=41 313 658 48 50 1352 46
internal_value=0.000715681 0.00300495 -0.00948373 -0.000252683 -0.00128022 0.00374547
internal_weight=2508 747 89 1761 1402 359
internal_count=2508 747 89 1761 1402 359
is_linear=0
shrinkage=0.05


Tree=206
num_leaves=7
num_cat=0
split_feature=0 2 0 3 2 3
split_gain=1.8947 2.4799 2.13287 6.04587 5.02299 6.21583
threshold=10.375000000000002 0.51232734598751739 14.625000000000002 2629.8496565304495 0.643629052046511 1832.0944738168205
decision_type=2 2 2 2 2 2
left_child=1 -1 3 4 5 -2
right_child=2 -3 -4 -5 -6 -7
leaf_value=-3.7168748275805954 6.4420168881467248 -0.18189095761002108 -0.0062341519712550315 -0.14442143176537919 10.36314462840442 -4.9622016812474286
leaf_weight=40 101 247 1403 462 196 90
leaf_count=40 101 247 1403 462 196 90
internal_value=0.000529715 -0.00329154 0.00101905 0.00299729 0.00760785 0.00180534
internal_weight=2539 287 2252 849 387 191
internal_count=2539 287 2252 849 387 191
is_linear=0
shrinkage=0.05


Tree=207
num_leaves=7
num_cat=0
split_feature=2 2 3 3 3 3
split_gain=1.59896 4.06316 2.93853 2.2804 2.45222 3.0108
threshold=1.0369557176092192 1.0189955646399984 539.11800026238484 3069.8742533426043 2932.2741163335172 2660.5179706839012
decision_type=2 2 2 2 2 2
left_child=1 3 -2 4 5 -1
right_child=2 -3 -4 -5 -6 -7
leaf_value=0.04925410639941355 0.55729295088534447 1.475073757548657 -0.86681288626160224 -2.5252540275736552 3.2403926800788385 -3.2667481991395095
leaf_weight=1783 44 69 349 114 56 127
leaf_count=1783 44 69 349 114 56 127
internal_value=-0.000234058 0.000300126 -0.00316713 -9.37455e-05 0.00030263 0
internal_weight=2542 2149 393 2080 1966 1910
internal_count=2542 2149 393 2080 1966 1910
is_linear=0
shrinkage=0.05


Tree=208
num_leaves=7
num_cat=0
split_feature=1 2 2 3 2 0
split_gain=2.58488 5.39923 7.04224 9.71992 6.56387 5.28271
threshold=382.50000000000006 0.29730636157118312 0.78413721969370764 369.25597066116217 0.87742581328134051 17.375000000000004
decision_type=2 2 2 2 2 2
left_child=-1 -2 3 -3 5 -4
right_child=1 2 4 -5 -6 -7
leaf_value=-0.060056323616982793 3.9952050599206475 0.3061916673987426 5.9260920952727938 -5.4356754867369599 0.18209962086804837 0.1845485917712491
leaf_weight=1836 41 96 45 142 339 45
leaf_count=1836 41 96 45 142 339 45
internal_value=0.000391101 0.00295862 0.00186629 -0.0050189 0.00569797 0.0177026
internal_weight=2544 708 667 238 429 90
internal_count=2544 708 667 238 429 90
is_linear=0
shrinkage=0.05


Tree=209
num_leaves=7
num_cat=0
split_feature=0 2 2 3 2 2
split_gain=2.08527 5.19021 8.94991 5.06867 4.24064 4.69618
threshold=17.625000000000004 0.643629052046511 0.74907366459256897 412.8615734119881 0.7731648098385141 0.81957999876374765
decision_type=2 2 2 2 2 2
left_child=3 -2 -3 -1 -4 -6
right_child=1 2 4 -5 5 -7
leaf_value=-3.4668414776066947 0.44025193063573714 -0.74760746152961843 1.3045542404427557 -0.044505391169263935 -0.69714892346264934 0.078186902573304462
leaf_weight=46 116 57 46 2007 49 209
leaf_count=46 116 57 46 2007 49 209
internal_value=-0.00015612 0.00281912 -0.000124619 -0.000849934 0.00327195 0.000755521
internal_weight=2530 477 361 2053 304 258
internal_count=2530 477 361 2053 304 258
is_linear=0
shrinkage=0.05


Tree=210
num_leaves=7
num_cat=0
split_feature=0 2 1 2 3 1
split_gain=1.60986 2.46301 6.43336 3.57509 10.2415 15.521
threshold=10.625000000000002 0.29730636157118312 232.50000000000003 0.61918931472865724 1349.6117476519123 337.50000000000006
decision_type=2 2 2 2 2 2
left_child=-1 2 -2 4 5 -3
right_child=1 3 -4 -5 -6 -7
leaf_value=-0.58780076670505677 -1.4453180578944869 2.309925235497464 3.333366294368409 0.079837660749666028 -9.1217240506939401 -4.2719542043677903
leaf_weight=313 44 127 63 1790 105 101
leaf_count=313 44 127 63 1790 105 101
internal_value=1.76949e-05 0.000491009 0.00788982 0.000115397 -0.00463825 0.00129329
internal_weight=2543 2230 107 2123 333 228
internal_count=2543 2230 107 2123 333 228
is_linear=0
shrinkage=0.05


Tree=211
num_leaves=7
num_cat=0
split_feature=2 3 3 1 2 0
split_gain=1.75072 7.53141 4.73691 5.8914 4.41679 5.58131
threshold=0.61918931472865724 1781.7803795711718 62.087199622040437 487.50000000000006 0.68053205379213988 12.625000000000002
decision_type=2 2 2 2 2 2
left_child=1 2 -1 -4 5 -2
right_child=4 -3 3 -5 -6 -7
leaf_value=0.57221085880689981 -4.3898299897098694 -8.2763370135557306 0.16385435817026633 -5.5204266054185398 -0.0026240830782228389 2.2109738856068901
leaf_weight=41 45 54 335 60 1831 154
leaf_count=41 45 54 335 60 1831 154
internal_value=3.76969e-05 -0.00264232 -0.000447145 -0.0021387 0.000687158 0.00775992
internal_weight=2520 490 436 395 2030 199
internal_count=2520 490 436 395 2030 199
is_linear=0
shrinkage=0.05


Tree=212
num_leaves=7
num_cat=0
split_feature=3 3 3 1 3 2
split_gain=1.29756 2.76199 1.93782 4.43754 2.328 4.92378
threshold=3737.7087903685265 3563.9105482432801 3262.5275323142173 202.50000000000003 2795.5283883513198 0.85169345876463154
decision_type=2 2 2 2 2 2
left_child=1 2 4 -4 -1 -6
right_child=-2 -3 3 -5 5 -7
leaf_value=0.0095932049277639223 -4.0911857847886726 2.2310315367407485 4.0933170904679628 -5.7196575274065538 -5.3764205673732155 3.576083848486471
leaf_weight=2112 69 48 51 63 40 159
leaf_count=2112 69 48 51 63 40 159
internal_value=0.000312734 0.000503417 0.000265968 -0.00609115 0.000581974 0.00575088
internal_weight=2542 2473 2425 114 2311 199
internal_count=2542 2473 2425 114 2311 199
is_linear=0
shrinkage=0.05


Tree=213
num_leaves=7
num_cat=0
split_feature=3 2 2 2 2 1
split_gain=1.35335 3.33377 2.40374 13.4633 6.88582 5.69282
threshold=3262.5275323142173 1.0189955646399984 0.891731912135731 0.88169914242640879 0.87504933492959525 247.50000000000003
decision_type=2 2 2 2 2 2
left_child=2 -2 3 4 -1 -4
right_child=1 -3 5 -5 -6 -7
leaf_value=-0.0021324664740180132 -5.7142958832804993 0.0080197771158395884 0.73592977915026825 -11.747732862921751 2.2108593495690232 -0.027634801987728608
leaf_weight=1598 58 159 239 63 61 327
leaf_count=1598 58 159 239 63 61 327
internal_value=0.000337312 -0.0034316 0.000697085 -0.000229371 0.00062986 0.00352411
internal_weight=2505 217 2288 1722 1659 566
internal_count=2505 217 2288 1722 1659 566
is_linear=0
shrinkage=0.05


Tree=214
num_leaves=7
num_cat=0
split_feature=2 2 3 1 2 2
split_gain=1.89356 6.53041 4.36048 4.20099 5.02885 4.59832
threshold=0.77073767491502909 0.77565281277175002 2416.9597723815764 352.50000000000006 0.84355919715450278 0.79000395045535032
decision_type=2 2 2 2 2 2
left_child=2 -2 -1 5 -5 -3
right_child=1 3 -4 4 -6 -7
leaf_value=-0.07139878519880849 4.1836201398686299 -5.5789418548526024 -13.06386284278631 1.9037477677584314 0.19179426515718845 -0.053134227246037828
leaf_weight=995 78 53 76 74 425 824
leaf_count=995 78 53 76 74 425 824
internal_value=5.74235e-05 0.00123444 -0.0015358 0.000432381 0.00409738 -0.00164747
internal_weight=2525 1454 1071 1376 499 877
internal_count=2525 1454 1071 1376 499 877
is_linear=0
shrinkage=0.05


Tree=215
num_leaves=7
num_cat=0
split_feature=0 0 3 0 2 2
split_gain=1.38579 3.16487 4.99418 6.29412 5.33653 4.63414
threshold=10.125000000000002 13.375000000000002 2437.884018966517 15.375000000000002 0.89513714416086787 0.61918931472865724
decision_type=2 2 2 2 2 2
left_child=-1 -2 3 5 -4 -3
right_child=1 2 4 -5 -6 -7
leaf_value=-0.53862259421061565 1.5203925824296196 -2.7023390323983678 -10.295824922477678 -0.067828845938868024 -0.74779042969695131 2.8272369536832063
leaf_weight=241 584 92 94 1193 158 180
leaf_count=241 584 92 94 1193 158 180
internal_value=-0.000312734 6.30133e-05 -0.00101625 9.89694e-05 -0.00751686 0.00696435
internal_weight=2542 2301 1717 1465 252 272
internal_count=2542 2301 1717 1465 252 272
is_linear=0
shrinkage=0.05


Tree=216
num_leaves=7
num_cat=0
split_feature=0 0 3 2 3 0
split_gain=1.40122 4.72066 4.09866 6.03473 5.79768 5.03517
threshold=13.375000000000002 12.625000000000002 2529.6356703945689 0.98984785530521391 3288.290418205514 14.125000000000002
decision_type=2 2 2 2 2 2
left_child=1 -1 5 -4 -5 -2
right_child=2 -3 3 4 -6 -7
leaf_value=-0.094193665773643437 13.133863395250499 5.0276015452779239 -11.348870653116222 4.7512923111428584 -12.039852940598662 -0.042753137994633053
leaf_weight=647 75 164 113 62 52 1418
leaf_count=647 75 164 113 62 52 1418
internal_value=-0.000175813 0.00153495 -0.000985408 -0.00724351 0.000832603 -3.01386e-05
internal_weight=2531 811 1720 227 114 1493
internal_count=2531 811 1720 227 114 1493
is_linear=0
shrinkage=0.05


Tree=217
num_leaves=7
num_cat=0
split_feature=1 0 1 2 2 2
split_gain=2.74994 4.11566 6.23751 6.15043 5.65795 4.7866
threshold=382.50000000000006 14.625000000000002 262.50000000000006 0.891731912135731 0.93838475451439896 0.68053205379213988
decision_type=2 2 2 2 2 2
left_child=1 -1 3 5 -4 -3
right_child=-2 2 4 -5 -6 -7
leaf_value=0.27342222864947346 0.27457316160693424 0.46917704051810283 -0.51695370088442338 1.6845436366113924 -13.336876498156109 -0.74713498674693257
leaf_weight=1055 693 144 229 64 43 293
leaf_count=1055 693 144 229 64 43 293
internal_value=-1.78494e-05 -0.0010366 -0.00380934 -0.000488924 -0.00990445 -0.00261954
internal_weight=2521 1828 773 501 272 437
internal_count=2521 1828 773 501 272 437
is_linear=0
shrinkage=0.05


Tree=218
num_leaves=7
num_cat=0
split_feature=0 0 2 2 2 2
split_gain=2.20351 2.44788 3.69674 3.75045 6.93367 6.69238
threshold=8.3750000000000018 14.625000000000002 0.29730636157118312 0.74907366459256897 0.75086641606436599 0.73070944575801522
decision_type=2 2 2 2 2 2
left_child=-1 -2 -3 5 -5 -4
right_child=1 2 3 4 -6 -7
leaf_value=-0.46175365718364392 0.87875263876674126 0.84411562949515584 -0.26679451931406389 1.5715927483034862 -0.026025209486478573 -4.524410737967429
leaf_weight=72 1035 73 387 41 850 48
leaf_count=72 1035 73 387 41 850 48
internal_value=0.000357129 0.00061419 -0.000746909 -0.00135359 0.000499383 -0.00515973
internal_weight=2506 2434 1399 1326 891 435
internal_count=2506 2434 1399 1326 891 435
is_linear=0
shrinkage=0.05


Tree=219
num_leaves=7
num_cat=0
split_feature=0 0 0 2 2 1
split_gain=2.00263 6.33785 3.7681 3.66299 2.82522 6.88017
threshold=12.625000000000002 12.125000000000002 11.625000000000002 0.85169345876463154 0.29730636157118312 337.50000000000006
decision_type=2 2 2 2 2 2
left_child=1 2 -1 -3 5 -2
right_child=4 3 -4 -5 -6 -7
leaf_value=-0.51834697022653675 -0.69602972391664442 -7.983579917947873 3.5447490456726842 -0.38991749410138826 0.027968936894538745 4.6780845076948481
leaf_weight=468 46 50 90 41 1805 45
leaf_count=468 46 50 90 41 1805 45
internal_value=-0.000135555 -0.00253428 -0.000528579 -0.014764 0.000682981 0.00927552
internal_weight=2545 649 558 91 1896 91
internal_count=2545 649 558 91 1896 91
is_linear=0
shrinkage=0.05


Tree=220
num_leaves=7
num_cat=0
split_feature=0 2 2 2 2 2
split_gain=1.84859 3.97851 6.96236 6.21533 5.11419 4.24713
threshold=14.625000000000002 0.77828479022709673 0.80069337874970337 0.76875544897297354 0.75149331678993425 0.29730636157118312
decision_type=2 2 2 2 2 2
left_child=-1 3 -3 4 5 -2
right_child=1 2 -4 -5 -6 -7
leaf_value=0.30875614858750888 0.5364329152046895 1.4713643906043146 -0.020733630393079142 -2.6460935236690468 4.2727559633769445 -0.33079593721357803
leaf_weight=1123 69 59 667 82 49 486
leaf_count=1123 69 59 667 82 49 486
internal_value=-0.000136089 -0.00134197 0.00123261 -0.00407375 -0.00230922 -0.00368402
internal_weight=2535 1412 726 686 604 555
internal_count=2535 1412 726 686 604 555
is_linear=0
shrinkage=0.05


Tree=221
num_leaves=7
num_cat=0
split_feature=0 2 1 2 2 2
split_gain=1.94099 1.74569 1.64681 8.96295 4.60109 4.04265
threshold=8.6250000000000018 1.0559328498495517 82.500000000000014 0.84355919715450278 0.78413721969370764 0.68893472997874905
decision_type=2 2 2 2 2 2
left_child=1 -1 3 4 5 -2
right_child=2 -3 -4 -5 -6 -7
leaf_value=-4.0841194601567521 -1.010730210649939 -0.052402032339955086 -0.014337381138498518 2.8891505569385245 -4.5803514079915306 5.9266944967854434
leaf_weight=47 109 46 2112 110 40 82
leaf_count=47 109 46 2112 110 40 82
internal_value=0.000155139 -0.00692803 0.000425992 0.00364996 -0.00192557 0.00128205
internal_weight=2546 93 2453 341 231 191
internal_count=2546 93 2453 341 231 191
is_linear=0
shrinkage=0.05


Tree=222
num_leaves=7
num_cat=0
split_feature=3 0 1 0 2 3
split_gain=1.72202 3.74963 6.76819 3.90281 5.73333 3.77935
threshold=2629.8496565304495 14.625000000000002 172.50000000000003 12.625000000000002 0.51232734598751739 1946.0554674024836
decision_type=2 2 2 2 2 2
left_child=1 2 3 4 -1 -6
right_child=-2 -3 -4 -5 5 -7
leaf_value=-4.2449259216562352 -0.49460503260243205 -0.022368076847952525 6.9480899172983248 10.048764589484172 0.32021215127138164 -2.6729380067051061
leaf_weight=52 547 1369 220 83 153 126
leaf_count=52 547 1369 220 83 153 126
internal_value=0.000390181 0.00107084 0.00425012 0.000470901 -0.00194805 0.000877822
internal_weight=2550 2003 634 414 331 279
internal_count=2550 2003 634 414 331 279
is_linear=0
shrinkage=0.05


Tree=223
num_leaves=7
num_cat=0
split_feature=2 2 1 1 0 2
split_gain=1.82972 8.81466 5.37817 8.97872 5.95204 5.21621
threshold=0.47785842389464012 0.55196201253840982 487.50000000000006 187.50000000000003 12.875000000000002 0.61918931472865724
decision_type=2 2 2 2 2 2
left_child=2 -2 3 4 -1 -3
right_child=1 5 -4 -5 -6 -7
leaf_value=-5.9771879970574622 2.3150351956999189 -3.6341887552894336 -3.7784270092980581 2.1698861824527911 0.20421477611361924 0.082726214017811384
leaf_weight=57 52 144 58 129 59 2039
leaf_count=57 52 144 58 129 59 2039
internal_value=0.000195028 0.000691244 -0.00344771 -0.000183599 -0.0102929 0.000203839
internal_weight=2538 2235 303 245 116 2183
internal_count=2538 2235 303 245 116 2183
is_linear=0
shrinkage=0.05


Tree=224
num_leaves=7
num_cat=0
split_feature=2 1 0 3 3 2
split_gain=1.47436 3.92456 6.4684 5.57049 2.9932 2.81928
threshold=0.57071268262049546 202.50000000000003 16.375000000000004 1147.4301807763102 169.35652773373965 0.7731648098385141
decision_type=2 2 2 2 2 2
left_child=1 3 -3 -1 5 -2
right_child=4 2 -4 -5 -6 -7
leaf_value=-0.3567697716635147 0.89705904486143384 5.225002492180244 -0.79295214075674958 -15.224450490044161 0.069855781402042544 0.18616172550706267
leaf_weight=112 67 116 96 50 1978 114
leaf_count=112 67 116 96 50 1978 114
internal_value=0.000767834 -0.0021251 0.0023338 -0.0079889 0.00127136 0.00742684
internal_weight=2533 374 212 162 2159 181
internal_count=2533 374 212 162 2159 181
is_linear=0
shrinkage=0.05


Tree=225
num_leaves=7
num_cat=0
split_feature=1 3 1 2 2 2
split_gain=1.64763 2.04506 1.98724 2.21335 7.22247 5.56885
threshold=637.50000000000011 182.15762737038935 382.50000000000006 0.59991395613563936 0.76875544897297354 0.87742581328134051
decision_type=2 2 2 2 2 2
left_child=2 -2 -1 -4 -5 -6
right_child=1 -3 3 4 5 -7
leaf_value=0.056408773013200533 0.37061649047329309 -0.28934427901955212 1.2962689596503201 -0.3009318715750926 1.7601620369652609 0.24492854096641406
leaf_weight=1837 42 46 97 132 103 266
leaf_count=1837 42 46 97 132 103 266
internal_value=0.00108795 -0.00561862 0.00133259 0.00383715 0.00248453 0.00608236
internal_weight=2523 88 2435 598 501 369
internal_count=2523 88 2435 598 501 369
is_linear=0
shrinkage=0.05


Tree=226
num_leaves=7
num_cat=0
split_feature=0 0 2 3 3 2
split_gain=1.74545 3.68929 5.44228 14.9495 7.72757 3.23343
threshold=14.625000000000002 11.625000000000002 0.61918931472865724 2313.8124685618345 1757.0106196507074 1.1408991445829353
decision_type=2 2 2 2 2 2
left_child=1 5 4 -4 -3 -1
right_child=-2 2 3 -5 -6 -7
leaf_value=0.082273145422269781 -0.052692363946708558 1.2497782464090108 11.019391190567672 1.1397205949549745 -39.172126061937576 -1.9234937994663686
leaf_weight=358 1414 76 63 469 41 97
leaf_count=358 1414 76 63 469 41 97
internal_value=0.000315714 0.0018069 0.00422893 0.00638038 -0.00550811 -0.001637
internal_weight=2518 1104 649 532 117 455
internal_count=2518 1104 649 532 117 455
is_linear=0
shrinkage=0.05


Tree=227
num_leaves=7
num_cat=0
split_feature=0 2 1 3 2 0
split_gain=1.7962 4.52976 5.4537 3.8658 2.55982 7.33331
threshold=18.375000000000004 0.7731648098385141 517.50000000000011 206.13352086145071 0.29730636157118312 13.625000000000002
decision_type=2 2 2 2 2 2
left_child=3 -2 -3 -1 5 -5
right_child=1 2 -4 4 -6 -7
leaf_value=-0.94850054711776444 0.25673312367560402 -0.60269806626055178 0.26393765857275969 -2.5193584348917741 0.057983421512564352 5.2506865618092666
leaf_weight=47 105 67 64 41 2163 45
leaf_count=47 105 67 64 41 2163 45
internal_value=0.000906362 0.00506141 -0.00110603 0.000476896 0.000775866 0.00923345
internal_weight=2532 236 131 2296 2249 86
internal_count=2532 236 131 2296 2249 86
is_linear=0
shrinkage=0.05


Tree=228
num_leaves=7
num_cat=0
split_feature=2 2 2 2 2 1
split_gain=1.48582 7.73451 4.07028 6.271 5.8458 5.25965
threshold=0.77073767491502909 0.75372098822985167 0.74437772011177505 0.75028853370153215 0.68053205379213988 52.500000000000007
decision_type=2 2 2 2 2 2
left_child=1 2 4 -4 5 -1
right_child=-2 -3 3 -5 -6 -7
leaf_value=-3.3855795928284849 0.097853700921550421 -14.736851655907646 2.2576177197581617 -0.14446672453753087 -0.87544516572415221 0.19882004925400915
leaf_weight=70 1494 88 67 70 141 623
leaf_count=70 1494 88 67 70 141 623
internal_value=-0.000213466 -0.00164763 -0.000355267 0.00762217 -0.00167246 0.000209205
internal_weight=2553 1059 971 137 834 693
internal_count=2553 1059 971 137 834 693
is_linear=0
shrinkage=0.05


Tree=229
num_leaves=7
num_cat=0
split_feature=3 3 3 1 2 2
split_gain=1.8079 4.33944 4.09398 3.18318 2.05479 9.48387
threshold=317.94588293715344 246.82400753178288 434.46442059282452 352.50000000000006 0.98984785530521391 0.96293706714073291
decision_type=2 2 2 2 2 2
left_child=1 -1 3 -2 5 -4
right_child=2 -3 4 -5 -6 -7
leaf_value=0.031852472546699317 -0.32158501553624419 0.62184873018438891 0.054258897696238866 -1.2138932886380425 0.36187954398046468 -8.0788085210598393
leaf_weight=301 43 59 1489 44 492 92
leaf_count=301 43 59 1489 44 492 92
internal_value=0.000315464 0.00359622 -0.000229156 -0.0108496 0.000214654 -0.000660932
internal_weight=2520 360 2160 87 2073 1581
internal_count=2520 360 2160 87 2073 1581
is_linear=0
shrinkage=0.05


Tree=230
num_leaves=7
num_cat=0
split_feature=3 1 3 1 3 3
split_gain=2.3031 1.23197 2.628 1.44791 2.19705 1.93737
threshold=16.09606679930722 637.50000000000011 206.13352086145071 532.50000000000011 295.77424142764033 199.4915906113516
decision_type=2 2 2 2 2 2
left_child=-1 3 -3 5 -5 -2
right_child=1 2 -4 4 -6 -7
leaf_value=0.44789274044193039 -0.32360470004854636 0.46426000431130332 -0.56131505749114052 0.20302070363378313 0.31042062137560367 0.11789141794852043
leaf_weight=45 151 43 42 55 128 2026
leaf_count=45 151 43 42 55 128 2026
internal_value=0.000881491 0.000672774 -0.00522914 0.000887674 0.00516111 0.000525929
internal_weight=2490 2445 85 2360 183 2177
internal_count=2490 2445 85 2360 183 2177
is_linear=0
shrinkage=0.05


Tree=231
num_leaves=7
num_cat=0
split_feature=0 3 2 2 3 0
split_gain=1.9912 5.13541 9.18746 4.07693 11.3481 9.14893
threshold=13.375000000000002 2529.6356703945689 1.014259905377046 0.61918931472865724 1380.5434502377357 14.125000000000002
decision_type=2 2 2 2 2 2
left_child=-1 3 -3 4 -2 -5
right_child=1 2 -4 5 -6 -7
leaf_value=0.40497493821091057 -0.18421601735530119 -10.104963871809421 4.2701343714676137 17.723331726565817 -30.819456665809994 0.045651381914001025
leaf_weight=826 282 131 88 43 51 1113
leaf_count=826 282 131 88 43 51 1113
internal_value=0.000155874 -0.000816697 -0.0079644 0.000231684 -0.00463825 0.00163913
internal_weight=2534 1708 219 1489 333 1156
internal_count=2534 1708 219 1489 333 1156
is_linear=0
shrinkage=0.05


Tree=232
num_leaves=7
num_cat=0
split_feature=3 0 1 2 2 3
split_gain=2.4075 2.88379 3.08087 5.3061 6.26454 8.31293
threshold=3419.9474463806891 14.625000000000002 232.50000000000003 0.88849672854897099 0.79390486615689848 1946.0554674024836
decision_type=2 2 2 2 2 2
left_child=1 2 -1 4 5 -4
right_child=-2 -3 3 -5 -6 -7
leaf_value=0.10617129746898507 -2.0517536333586208 -0.088644457693747208 6.4445986566553763 -1.8959493674958283 15.062727223884886 -8.8306570345508444
leaf_weight=729 168 1391 65 55 45 74
leaf_count=729 168 1391 65 55 45 74
internal_value=-0.00013652 0.000273409 0.00237062 0.0072982 0.0113797 0.00607477
internal_weight=2527 2359 968 239 184 139
internal_count=2527 2359 968 239 184 139
is_linear=0
shrinkage=0.05


Tree=233
num_leaves=7
num_cat=0
split_feature=3 3 2 2 2 0
split_gain=2.35161 4.29323 3.1854 7.57075 4.94401 4.46743
threshold=317.94588293715344 652.15829989541987 0.55196201253840982 0.61918931472865724 0.36753042607041558 13.125000000000002
decision_type=2 2 2 2 2 2
left_child=-1 -2 4 -4 5 -3
right_child=1 2 3 -5 -6 -7
leaf_value=0.12827135719882748 -0.30179648946281179 -10.194162506058607 -6.7556431716644472 0.10163124148124325 6.0910195233760085 3.263225905549723
leaf_weight=367 236 52 97 1629 96 43
leaf_count=367 236 52 97 1629 96 43
internal_value=0.000236102 -0.000392457 0.000388608 -0.000286774 0.00651491 -0.00152471
internal_weight=2520 2153 1917 1726 191 95
internal_count=2520 2153 1917 1726 191 95
is_linear=0
shrinkage=0.05


Tree=234
num_leaves=7
num_cat=0
split_feature=3 1 0 2 0 0
split_gain=1.45766 4.42727 4.13762 4.65025 3.53347 7.37333
threshold=2007.5247544960755 67.500000000000014 15.125000000000002 0.98984785530521391 11.625000000000002 12.375000000000002
decision_type=2 2 2 2 2 2
left_child=-1 -2 4 -4 -3 -6
right_child=1 2 3 -5 5 -7
leaf_value=0.088868105429702388 2.7487137353772852 -3.9997338341293016 -22.50871696374805 -3.5487795222053991 4.8264871326370269 -0.75510796228787957
leaf_weight=1527 159 189 46 52 89 450
leaf_count=1527 159 189 46 52 89 450
internal_value=0.00043589 -0.00106081 -0.00253601 -0.0121814 -0.00122923 0.00082545
internal_weight=2512 985 826 98 728 539
internal_count=2512 985 826 98 728 539
is_linear=0
shrinkage=0.05


Tree=235
num_leaves=7
num_cat=0
split_feature=2 2 0 0 2 1
split_gain=2.20453 7.55975 5.87267 4.64105 3.81794 5.33009
threshold=0.47785842389464012 0.55196201253840982 16.625000000000004 17.625000000000004 0.34072224193646433 202.50000000000003
decision_type=2 2 2 2 2 2
left_child=2 -2 4 -4 -1 -6
right_child=1 -3 3 -5 5 -7
leaf_value=2.590102303283436 2.0958219500440523 0.068852655861924947 -4.9823908651677771 -0.30341189122545059 -4.2337347725035048 7.5688734578771575
leaf_weight=105 48 2178 42 59 49 44
leaf_count=105 48 2178 42 59 49 44
internal_value=0.000532652 0.00107587 -0.00349381 -0.0133037 0.00148915 -0.00585392
internal_weight=2525 2226 299 101 198 93
internal_count=2525 2226 299 101 198 93
is_linear=0
shrinkage=0.05


Tree=236
num_leaves=7
num_cat=0
split_feature=1 3 1 2 2 2
split_gain=2.11677 1.6859 1.67157 2.69484 2.52433 5.85273
threshold=637.50000000000011 206.13352086145071 412.50000000000006 0.41058359444890563 0.76875544897297354 0.85357391623745205
decision_type=2 2 2 2 2 2
left_child=2 -2 -1 -4 -5 -6
right_child=1 -3 3 4 5 -7
leaf_value=-0.10833799478576883 -0.042253130664988883 -0.54138552304808807 1.1330767419097243 -0.29602146484373443 1.7125477191612519 -0.028002983317230702
leaf_weight=1938 45 43 52 136 81 237
leaf_count=1938 45 43 52 136 81 237
internal_value=-0.000274476 -0.00788876 0 0.00255878 0.00131028 0.00375668
internal_weight=2532 88 2444 506 454 318
internal_count=2532 88 2444 506 454 318
is_linear=0
shrinkage=0.05


Tree=237
num_leaves=7
num_cat=0
split_feature=2 0 2 1 2 3
split_gain=2.00484 3.42968 8.35913 5.66812 7.44924 4.41903
threshold=0.77828479022709673 12.125000000000002 0.75372098822985167 187.50000000000003 0.51232734598751739 1946.0554674024836
decision_type=2 2 2 2 2 2
left_child=1 3 -3 4 -1 -6
right_child=-2 2 -4 -5 5 -7
leaf_value=-3.0183214310617501 0.25360810407549206 0.019640039018014477 -1.9170674324688208 18.947284689098343 5.8093649380599279 -0.57443018270827229
leaf_weight=51 1364 779 154 40 57 65
leaf_count=51 1364 779 154 40 57 65
internal_value=0.00119318 -0.000344647 -0.00165577 0.00537306 0.00141537 0.00814906
internal_weight=2510 1146 933 213 173 122
internal_count=2510 1146 933 213 173 122
is_linear=0
shrinkage=0.05


Tree=238
num_leaves=7
num_cat=0
split_feature=3 2 2 0 2 3
split_gain=2.17628 4.5254 5.63423 3.83731 4.08799 4.17798
threshold=282.27567118242388 0.34072224193646433 0.7731648098385141 17.375000000000004 0.97661800148955868 590.80152544433793
decision_type=2 2 2 2 2 2
left_child=1 -1 -3 -2 5 -5
right_child=3 2 -4 4 -6 -7
leaf_value=-0.75009098291103415 0.038576442776121316 0.46411488271443774 -0.011075521361649621 -0.4187952536274917 0.31820005517525551 -1.604250890127126
leaf_weight=50 1948 133 147 135 60 48
leaf_count=50 1948 133 147 135 60 48
internal_value=0.000136845 0.00392305 0.00640843 -0.00043129 -0.00635541 -0.0100765
internal_weight=2521 330 280 2191 243 183
internal_count=2521 330 280 2191 243 183
is_linear=0
shrinkage=0.05


Tree=239
num_leaves=7
num_cat=0
split_feature=3 0 3 2 2 2
split_gain=1.73452 2.26195 3.50794 7.22692 14.343 12.7347
threshold=3262.5275323142173 16.375000000000004 1757.0106196507074 0.98984785530521391 0.96293706714073291 1.0732926640339071
decision_type=2 2 2 2 2 2
left_child=1 2 -1 4 -4 -5
right_child=-2 -3 3 5 -6 -7
leaf_value=0.91399134412024141 -1.9572110060761476 -0.037178109048674204 -0.020368800207750584 4.3977636000864981 -15.929178533590878 -3.4587269694667047
leaf_weight=486 227 904 715 96 47 88
leaf_count=486 227 904 715 96 47 88
internal_value=0.000446725 0.000853987 0.00209133 0.000311806 -0.00183047 0.00920695
internal_weight=2563 2336 1432 946 762 184
internal_count=2563 2336 1432 946 762 184
is_linear=0
shrinkage=0.05


Tree=240
num_leaves=7
num_cat=0
split_feature=0 0 1 2 2 2
split_gain=1.39057 4.67535 2.69888 9.30983 5.08171 4.9756
threshold=14.625000000000002 14.375000000000002 232.50000000000003 0.88849672854897099 0.59991395613563936 1.0559328498495517
decision_type=2 2 2 2 2 2
left_child=1 2 4 -4 -1 -5
right_child=-2 -3 3 5 -6 -7
leaf_value=-2.3686744250897505 -0.024224164390771821 3.4533429330798877 7.2435735293315933 -9.851545800420709 0.20152609643028807 1.051338103703978
leaf_weight=103 1407 70 156 58 633 104
leaf_count=103 1407 70 156 58 633 104
internal_value=0.000373355 0.00168579 0.000849066 0.00469978 -0.000808314 -0.00367057
internal_weight=2531 1124 1054 318 736 162
internal_count=2531 1124 1054 318 736 162
is_linear=0
shrinkage=0.05


Tree=241
num_leaves=7
num_cat=0
split_feature=2 0 3 3 2 3
split_gain=1.81713 4.33119 2.33922 2.03416 3.88041 11.4147
threshold=1.1408991445829353 11.625000000000002 2088.290031839605 3531.4530167779817 0.98984785530521391 1205.705709046151
decision_type=2 2 2 2 2 2
left_child=3 2 -2 4 -1 -6
right_child=1 -3 -4 -5 5 -7
leaf_value=0.036868988030936835 -0.39354232810722822 0.46303273102294878 -7.5535878740978433 -1.9232000109269465 -0.2534873969290658 3.1652744298489015
leaf_weight=1973 40 167 57 49 66 177
leaf_count=1973 40 167 57 49 66 177
internal_value=0.00053181 -0.00338887 -0.011792 0.000991126 0.0012161 0.00717812
internal_weight=2529 264 97 2265 2216 243
internal_count=2529 264 97 2265 2216 243
is_linear=0
shrinkage=0.05


Tree=242
num_leaves=7
num_cat=0
split_feature=2 2 2 2 3 3
split_gain=2.34497 7.03618 6.53767 4.01192 3.15953 3.63152
threshold=0.47785842389464012 0.55196201253840982 0.41058359444890563 0.58543092646349659 1184.020320825862 897.23385281497428
decision_type=2 2 2 2 2 2
left_child=2 -2 4 -3 5 -1
right_child=1 3 -4 -5 -6 -7
leaf_value=-0.20776703545253561 1.8030653439948563 -8.4592746067882114 -3.5942043513477637 0.036020257608454641 -20.781674801837525 12.696209007072293
leaf_weight=154 54 43 56 2141 41 52
leaf_count=154 54 43 56 2141 41 52
internal_value=1.77089e-05 0.000578616 -0.00410756 0.000135067 -0.000586807 0.00191655
internal_weight=2541 2238 303 2184 247 206
internal_count=2541 2238 303 2184 247 206
is_linear=0
shrinkage=0.05


Tree=243
num_leaves=7
num_cat=0
split_feature=0 2 2 2 2 2
split_gain=2.0878 3.52526 3.10282 6.59662 10.5182 10.0334
threshold=13.375000000000002 0.29730636157118312 1.0369557176092192 0.85357391623745205 0.91148638457786724 0.78413721969370764
decision_type=2 2 2 2 2 2
left_child=1 -1 3 5 -5 -3
right_child=-2 2 -4 4 -6 -7
leaf_value=-3.3043811040072626 -0.045148543218611219 4.0549524525648284 -0.42611573651844525 11.082108349347148 1.207500495635017 -4.5180914386423643
leaf_weight=42 1710 285 207 54 129 103
leaf_count=42 1710 285 207 54 129 103
internal_value=0.000235169 0.00231069 0.00307801 0.00498161 0.0128072 0.00127544
internal_weight=2530 820 778 571 183 388
internal_count=2530 820 778 571 183 388
is_linear=0
shrinkage=0.05


Tree=244
num_leaves=7
num_cat=0
split_feature=2 2 1 1 1 1
split_gain=1.346 5.79393 4.33709 3.7935 2.36124 2.95422
threshold=0.83820917973391051 0.82442089572139621 37.500000000000007 22.500000000000004 472.50000000000006 142.50000000000003
decision_type=2 2 2 2 2 2
left_child=1 3 -2 -1 5 -4
right_child=2 -3 4 -5 -6 -7
leaf_value=-2.2507489379618968 1.5582773439155539 -1.2569545149770684 0.30555728695810985 -0.028293127759985028 0.39925797075909275 -0.42094040642529795
leaf_weight=46 63 58 238 1272 251 601
leaf_count=46 63 58 238 1272 251 601
internal_value=-0.000610889 -0.00166776 0.000646084 -0.000982475 -8.7148e-05 -0.00136456
internal_weight=2529 1376 1153 1318 1090 839
internal_count=2529 1376 1153 1318 1090 839
is_linear=0
shrinkage=0.05


Tree=245
num_leaves=7
num_cat=0
split_feature=3 2 2 1 2 2
split_gain=2.04811 1.65337 4.00962 11.1874 6.44125 7.56804
threshold=3531.4530167779817 0.9884556587749912 0.93838475451439896 217.50000000000003 0.891731912135731 0.88169914242640879
decision_type=2 2 2 2 2 2
left_child=1 2 4 -4 5 -1
right_child=-2 -3 3 -5 -6 -7
leaf_value=0.055134314012428833 -2.1012471071948995 0.27164764912228778 2.7379103424261331 -10.977039711893248 1.1681724911745306 -10.819974800905834
leaf_weight=1647 120 430 60 78 103 61
leaf_count=1647 120 430 60 78 103 61
internal_value=0.000578208 0.000901601 0.000279616 -0.00792904 0.000908288 0.000172707
internal_weight=2499 2379 1949 138 1811 1708
internal_count=2499 2379 1949 138 1811 1708
is_linear=0
shrinkage=0.05


Tree=246
num_leaves=7
num_cat=0
split_feature=2 2 2 2 2 0
split_gain=1.76377 6.12934 5.34021 5.62512 3.95575 3.66021
threshold=0.97661800148955868 0.93838475451439896 0.891731912135731 0.88169914242640879 0.87504933492959525 14.875000000000002
decision_type=2 2 2 2 2 2
left_child=1 2 3 4 -1 -4
right_child=-2 -3 5 -5 -6 -7
leaf_value=-0.05530342639644701 0.23240972621362321 -11.039673436674249 -0.033508029033732532 -8.9998592538147388 1.0167600846204983 1.8715926209177729
leaf_weight=1631 615 67 42 59 61 56
leaf_count=1631 615 67 42 59 61 56
internal_value=1.77788e-05 -0.000728041 -0.000186577 -0.000825196 -0.000292536 0.0111621
internal_weight=2531 1916 1849 1751 1692 98
internal_count=2531 1916 1849 1751 1692 98
is_linear=0
shrinkage=0.05


Tree=247
num_leaves=7
num_cat=0
split_feature=3 0 2 0 2 0
split_gain=2.71355 3.39179 2.40345 4.02193 1.562 3.86194
threshold=3262.5275323142173 13.125000000000002 1.0369557176092192 11.625000000000002 0.57071268262049546 10.125000000000002
decision_type=2 2 2 2 2 2
left_child=4 2 -2 -4 5 -1
right_child=1 -3 3 -5 -6 -7
leaf_value=-1.3536354555895713 1.751565755923278 -7.8581958242725989 -9.8307538078548546 0.86930737413182735 0.16460110486442225 -0.040155779246154925
leaf_weight=44 61 74 40 48 1916 328
leaf_count=44 61 74 40 48 1916 328
internal_value=0.000575445 -0.004684 -0.000301811 -0.00561862 0.00109042 -0.00186778
internal_weight=2511 223 149 88 2288 372
internal_count=2511 223 149 88 2288 372
is_linear=0
shrinkage=0.05


Tree=248
num_leaves=7
num_cat=0
split_feature=2 1 0 2 3 1
split_gain=3.72027 5.31375 4.52333 3.44803 3.71827 4.09539
threshold=0.77828479022709673 22.500000000000004 10.375000000000002 0.80069337874970337 169.35652773373965 517.50000000000011
decision_type=2 2 2 2 2 2
left_child=-1 -2 -3 -4 5 -5
right_child=1 2 3 4 -6 -7
leaf_value=-0.2994638211933115 1.7753636593025679 -0.773578195092544 1.5134736127050403 0.072248250889823853 0.015002181912058177 0.99099058835960252
leaf_weight=1153 42 167 102 51 957 43
leaf_count=1153 42 167 102 51 957 43
internal_value=-0.000375731 0.00139123 0.000829483 0.00194693 0.00108933 0.0105739
internal_weight=2515 1362 1320 1153 1051 94
internal_count=2515 1362 1320 1153 1051 94
is_linear=0
shrinkage=0.05


Tree=249
num_leaves=7
num_cat=0
split_feature=0 0 1 2 0 3
split_gain=3.21847 4.45732 4.19635 5.66888 3.00514 4.45334
threshold=14.625000000000002 14.375000000000002 232.50000000000003 0.59991395613563936 17.625000000000004 563.93061851163225
decision_type=2 2 2 2 2 2
left_child=1 2 3 -1 5 -2
right_child=4 -3 -4 -5 -6 -7
leaf_value=-2.7586797282119657 -2.6805226327162188 2.6079907760974153 2.9292984714449748 0.23052299481450866 0.097260533834619883 -0.22891113042514491
leaf_weight=101 59 71 309 622 483 865
leaf_count=101 59 71 309 622 483 865
internal_value=0.000555755 0.0025791 0.00173917 -0.000338819 -0.00102693 -0.00269992
internal_weight=2510 1103 1032 723 1407 924
internal_count=2510 1103 1032 723 1407 924
is_linear=0
shrinkage=0.05


Tree=250
num_leaves=7
num_cat=0
split_feature=0 0 0 2 2 0
split_gain=1.41178 1.78507 1.10155 2.34089 4.80333 4.49075
threshold=8.3750000000000018 9.3750000000000018 18.375000000000004 0.61918931472865724 0.88169914242640879 18.625000000000004
decision_type=2 2 2 2 2 2
left_child=-1 -2 -3 -4 5 -5
right_child=1 2 3 4 -6 -7
leaf_value=-0.42636797803654292 0.68727712596117607 0.0081133216916359895 0.35502256627572121 0.26366486778321196 0.40443398862900698 -0.48408781213684837
leaf_weight=67 92 2128 54 42 63 64
leaf_count=67 92 2128 54 42 63 64
internal_value=0.000515916 0.000714256 0.000444473 0.00378754 0.000857481 -0.00560792
internal_weight=2510 2443 2351 223 169 106
internal_count=2510 2443 2351 223 169 106
is_linear=0
shrinkage=0.05


Tree=251
num_leaves=7
num_cat=0
split_feature=0 1 2 2 0 1
split_gain=3.41007 3.1035 2.34894 8.35438 6.93536 8.00645
threshold=18.375000000000004 637.50000000000011 0.9884556587749912 0.96293706714073291 14.125000000000002 562.50000000000011
decision_type=2 2 2 2 2 2
left_child=1 2 3 -1 -4 -6
right_child=-2 -3 4 -5 5 -7
leaf_value=0.021435066656060542 0.16537570241040941 -0.43268238809005555 -0.36678655811027694 -8.2083814005656652 2.2952785554393218 -0.49748705025593554
leaf_weight=1661 242 46 297 90 146 45
leaf_count=1661 242 46 297 90 146 45
internal_value=0.000532231 -6.34546e-05 0.000198741 -0.000653875 0.00326777 0.0107012
internal_weight=2527 2285 2239 1751 488 191
internal_count=2527 2285 2239 1751 488 191
is_linear=0
shrinkage=0.05


Tree=252
num_leaves=7
num_cat=0
split_feature=0 0 2 3 3 0
split_gain=1.66543 3.11645 2.87534 6.31344 4.19715 4.9
threshold=18.375000000000004 16.375000000000004 0.47785842389464012 282.27567118242388 906.41858661600861 17.375000000000004
decision_type=2 2 2 2 2 2
left_child=1 -1 3 -3 5 -4
right_child=-2 2 4 -5 -6 -7
leaf_value=0.26679354331686794 0.11789014726751219 0.49997757124649989 1.434376435783129 -7.7064976970861965 -0.64639689689113033 -0.043322398491782634
leaf_weight=1621 229 40 76 41 223 271
leaf_count=1621 229 40 76 41 223 271
internal_value=0.000497781 8.58237e-05 -0.00283367 -0.0116523 -0.0015699 0.00185825
internal_weight=2501 2272 651 81 570 347
internal_count=2501 2272 651 81 570 347
is_linear=0
shrinkage=0.05


Tree=253
num_leaves=7
num_cat=0
split_feature=3 0 2 3 1 3
split_gain=1.25591 3.28466 6.77564 4.05917 2.73963 3.06386
threshold=282.27567118242388 16.375000000000004 0.47785842389464012 753.18300726870154 112.50000000000001 1229.3559146256314
decision_type=2 2 2 2 2 2
left_child=-1 3 -3 -2 -4 -6
right_child=1 2 4 -5 5 -7
leaf_value=0.099957531005350653 0.7902019401819147 -7.321172812231886 1.8188586381223886 0.079388376395462507 -0.067207746397044965 -1.3122599605471756
leaf_weight=333 70 41 45 1524 395 86
leaf_count=333 70 41 45 1524 395 86
internal_value=0.000278658 -0.000159641 -0.00342973 0.00100056 -0.00189128 -0.00300353
internal_weight=2494 2161 567 1594 526 481
internal_count=2494 2161 567 1594 526 481
is_linear=0
shrinkage=0.05


Tree=254
num_leaves=7
num_cat=0
split_feature=3 0 2 0 2 1
split_gain=1.37891 4.29882 3.51897 7.2065 5.20876 6.07584
threshold=1946.0554674024836 15.625000000000002 1.0006881302082076 14.125000000000002 0.98414139977945803 337.50000000000006
decision_type=2 2 2 2 2 2
left_child=-1 2 4 -4 5 -2
right_child=1 -3 3 -5 -6 -7
leaf_value=0.090524527333542978 0.22254906274972017 -5.8750012318144886 -0.021451174354390902 5.4118577897277751 -12.124681844173745 -14.455063846244526
leaf_weight=1469 587 47 223 72 45 62
leaf_count=1469 587 47 223 72 45 62
internal_value=0.000337312 -0.00105685 -0.000348802 0.00421891 -0.00229794 -0.00114774
internal_weight=2505 1036 989 295 694 649
internal_count=2505 1036 989 295 694 649
is_linear=0
shrinkage=0.05


Tree=255
num_leaves=7
num_cat=0
split_feature=2 2 2 3 2 2
split_gain=1.49021 5.87184 5.98956 5.24865 3.93969 5.32853
threshold=0.891731912135731 0.93838475451439896 0.97661800148955868 397.30640937066545 0.88169914242640879 0.87504933492959525
decision_type=2 2 2 2 2 2
left_child=4 -2 -3 -4 5 -1
right_child=1 2 3 -5 -6 -7
leaf_value=-0.061407959115250321 1.553658754227726 -9.8002018229594796 -0.59188085362808462 0.24495822096457476 -8.5177243125612243 1.2721754907232423
leaf_weight=1607 102 72 57 581 63 61
leaf_count=1607 102 72 57 581 63 61
internal_value=-0.00029295 0.00147149 -0.000133784 0.0014026 -0.00112356 -0.000656435
internal_weight=2543 812 710 638 1731 1668
internal_count=2543 812 710 638 1731 1668
is_linear=0
shrinkage=0.05


Tree=256
num_leaves=7
num_cat=0
split_feature=0 0 0 0 1 2
split_gain=2.83595 1.58926 3.65513 3.74096 3.59488 6.16775
threshold=8.6250000000000018 13.375000000000002 12.625000000000002 12.125000000000002 202.50000000000003 0.98984785530521391
decision_type=2 2 2 2 2 2
left_child=-1 2 3 4 -2 -6
right_child=1 -3 -4 -5 5 -7
leaf_value=-0.67978192750502286 -0.061830639306764114 -0.028268046406279269 4.9911952529179358 -3.8578765497995025 13.053945595250799 -0.5803655330995241
leaf_weight=92 357 1706 163 86 54 65
leaf_count=92 357 1706 163 86 54 65
internal_value=-1.78352e-05 0.000306446 0.00226865 0.000346913 0.0020899 0.00961377
internal_weight=2523 2431 725 562 476 119
internal_count=2523 2431 725 562 476 119
is_linear=0
shrinkage=0.05


Tree=257
num_leaves=7
num_cat=0
split_feature=1 2 0 3 2 0
split_gain=1.85594 4.16459 3.45291 3.87605 5.50471 2.7191
threshold=157.50000000000003 1.0559328498495517 11.625000000000002 3069.8742533426043 0.84355919715450278 17.125000000000004
decision_type=2 2 2 2 2 2
left_child=1 2 -1 4 5 -4
right_child=-2 -3 3 -5 -6 -7
leaf_value=-0.76916035216071743 -0.052563520505144373 0.38482417740976094 0.92849549812701859 -2.3682067325090608 2.6494462955430333 -0.32535245897247622
leaf_weight=262 1709 69 304 50 98 49
leaf_count=262 1709 69 304 50 98 49
internal_value=-1.77089e-05 0.00191684 0.000845237 0.00328278 0.00475504 0.00182668
internal_weight=2541 832 763 501 451 353
internal_count=2541 832 763 501 451 353
is_linear=0
shrinkage=0.05


Tree=258
num_leaves=7
num_cat=0
split_feature=0 2 2 2 3 1
split_gain=1.90439 3.34045 6.79989 3.39577 2.57284 2.6786
threshold=18.375000000000004 0.7731648098385141 0.88169914242640879 0.57071268262049546 206.13352086145071 637.50000000000011
decision_type=2 2 2 2 2 2
left_child=4 3 -3 -2 -1 -6
right_child=1 2 -4 -5 5 -7
leaf_value=-0.68248228204627281 -0.06236437332920524 -0.60212041353661627 0.56623321415074157 1.2886555842034104 0.013397617822079334 -0.26481632712132636
leaf_weight=45 40 62 70 61 2198 45
leaf_count=45 40 62 70 61 2198 45
internal_value=0.00017651 0.00448305 -0.000719152 0.0113254 -0.000260041 -2.00615e-05
internal_weight=2521 233 132 101 2288 2243
internal_count=2521 233 132 101 2288 2243
is_linear=0
shrinkage=0.05


Tree=259
num_leaves=7
num_cat=0
split_feature=2 2 2 2 2 0
split_gain=2.24255 7.79184 8.50395 5.59769 3.96806 4.8988
threshold=0.891731912135731 0.88169914242640879 0.87504933492959525 0.93838475451439896 0.97661800148955868 11.375000000000002
decision_type=2 2 2 2 2 2
left_child=1 2 -1 -2 -5 -6
right_child=3 -3 -4 4 5 -7
leaf_value=-0.041037193178179089 2.3577238998257384 -9.6677126994025144 2.0506601420239603 -11.292685410553615 -0.77808649327090951 0.38093339315565661
leaf_weight=1592 101 63 60 71 174 455
leaf_count=1592 101 63 60 71 174 455
internal_value=0.000117245 -0.000900822 -0.00023909 0.00230308 0.000707042 0.00197902
internal_weight=2516 1715 1652 801 700 629
internal_count=2516 1715 1652 801 700 629
is_linear=0
shrinkage=0.05


Tree=260
num_leaves=7
num_cat=0
split_feature=0 3 0 1 2 2
split_gain=2.093 3.27804 2.43366 2.42602 2.35287 8.30518
threshold=16.375000000000004 1229.3559146256314 16.625000000000004 382.50000000000006 0.47785842389464012 0.59991395613563936
decision_type=2 2 2 2 2 2
left_child=3 4 -3 -1 -2 -6
right_child=1 2 -4 -5 5 -7
leaf_value=0.1099054564906254 -0.45422436888372086 -3.0053724944071147 -0.38919456372780775 2.5004707936078066 1.6729473952371798 -0.016062926942717583
leaf_weight=1387 110 50 48 246 48 627
leaf_count=1387 110 50 48 246 48 627
internal_value=0.000435197 -0.00152304 -0.0101427 0.00149715 -0.000439434 0.000659162
internal_weight=2516 883 98 1633 785 675
internal_count=2516 883 98 1633 785 675
is_linear=0
shrinkage=0.05


Tree=261
num_leaves=7
num_cat=0
split_feature=0 3 3 2 2 2
split_gain=1.51568 2.994 3.31381 2.55596 2.34111 2.29964
threshold=16.375000000000004 317.94588293715344 434.46442059282452 0.59991395613563936 0.66945604879509946 0.75028853370153215
decision_type=2 2 2 2 2 2
left_child=-1 -2 -3 -4 -5 -6
right_child=1 2 3 4 5 -7
leaf_value=0.16701335443822699 0.088555510917681171 -0.8935633837267013 1.0424473525002824 -0.60594578967712787 0.30824912492218176 -0.17849188610726544
leaf_weight=1629 352 77 42 45 54 327
leaf_count=1629 352 77 42 45 54 327
internal_value=3.76074e-05 -0.00161075 -0.00393506 -0.00233924 -0.00350857 -0.00221727
internal_weight=2526 897 545 468 426 381
internal_count=2526 897 545 468 426 381
is_linear=0
shrinkage=0.05


Tree=262
num_leaves=7
num_cat=0
split_feature=1 2 3 2 2 1
split_gain=2.97942 2.6603 9.73066 6.68379 4.4536 3.77112
threshold=637.50000000000011 0.98984785530521391 666.81655560866739 1.0369557176092192 0.98414139977945803 247.50000000000003
decision_type=2 2 2 2 2 2
left_child=1 4 -3 5 -1 -4
right_child=-2 2 3 -5 -6 -7
leaf_value=0.0077115707589364042 -0.60281131461434434 -0.4550506988048329 0.65804900262131683 0.19813791411720949 -1.9923419809069813 2.6547463472759683
leaf_weight=1907 92 40 72 322 49 68
leaf_count=1907 92 40 72 322 49 68
internal_value=0.00019411 0.00052683 0.00377415 0.00583207 -0.000304177 0.0149536
internal_weight=2550 2458 502 462 1956 140
internal_count=2550 2458 502 462 1956 140
is_linear=0
shrinkage=0.05


Tree=263
num_leaves=7
num_cat=0
split_feature=0 3 2 2 2 3
split_gain=1.21431 3.80627 3.08341 9.00872 4.47953 2.46229
threshold=15.625000000000002 1934.7770472951813 0.94806082707439365 1.014259905377046 1.1408991445829353 282.27567118242388
decision_type=2 2 2 2 2 2
left_child=-1 2 5 -4 -5 -2
right_child=1 -3 3 4 -6 -7
leaf_value=0.15827710817836885 0.082745693755547481 -5.8752855782414093 1.3282615263828035 -0.53084733950456409 0.66631799956659676 -0.21529530203345432
leaf_weight=1389 287 51 74 64 60 586
leaf_count=1389 287 51 74 64 60 586
internal_value=-1.79204e-05 -0.0012432 -0.000602185 0.00502272 -0.00318292 -0.00188409
internal_weight=2511 1122 1071 198 124 873
internal_count=2511 1122 1071 198 124 873
is_linear=0
shrinkage=0.05


Tree=264
num_leaves=7
num_cat=0
split_feature=3 1 3 2 3 0
split_gain=1.8708 3.65229 2.90481 2.00113 2.93189 3.16564
threshold=3531.4530167779817 277.50000000000006 3379.6715780934851 0.97661800148955868 3069.8742533426043 14.625000000000002
decision_type=2 2 2 2 2 2
left_child=2 -2 3 4 5 -1
right_child=1 -3 -4 -5 -6 -7
leaf_value=1.1556655676847569 -2.285381447118215 0.18540959695800441 5.2592534864254308 0.22798943228196081 -5.5103077054799021 -0.050215695600043603
leaf_weight=697 43 85 44 454 48 1140
leaf_count=697 43 85 44 454 48 1140
internal_value=0.000455975 -0.00542545 0.000774202 0.000532256 -0.000183014 0.000133362
internal_weight=2511 128 2383 2339 1885 1837
internal_count=2511 128 2383 2339 1885 1837
is_linear=0
shrinkage=0.05


Tree=265
num_leaves=7
num_cat=0
split_feature=0 0 0 2 2 2
split_gain=1.74922 2.29431 2.51549 4.51662 9.07399 11.4693
threshold=8.3750000000000018 15.625000000000002 11.625000000000002 1.1408991445829353 0.87742581328134051 0.78413721969370764
decision_type=2 2 2 2 2 2
left_child=-1 2 3 4 5 -2
right_child=1 -3 -4 -5 -6 -7
leaf_value=-0.5504901072030175 0.029976803613078574 -0.055205154812903778 0.84636164227043276 -5.8309636055567982 3.2119405778836652 -10.108650609302117
leaf_weight=67 157 1102 940 71 122 51
leaf_count=67 157 1102 940 71 122 51
internal_value=-0.000157364 5.93508e-05 0.0014503 -0.00185739 0.00059073 -0.00574243
internal_weight=2510 2443 1341 401 330 208
internal_count=2510 2443 1341 401 330 208
is_linear=0
shrinkage=0.05


Tree=266
num_leaves=7
num_cat=0
split_feature=2 3 3 2 2 2
split_gain=2.16384 6.69159 7.85707 6.08021 6.6135 2.95079
threshold=0.41058359444890563 1184.020320825862 182.15762737038935 0.47785842389464012 0.55196201253840982 0.61918931472865724
decision_type=2 2 2 2 2 2
left_child=1 2 -1 -2 -5 -6
right_child=3 -3 -4 4 5 -7
leaf_value=-0.36218915302663962 -2.6295019031544449 -15.938345420605003 5.1052217979111791 1.7648492876732833 -2.7860095880390534 0.069731697306568918
leaf_weight=54 56 43 151 51 141 2056
leaf_count=54 56 43 151 51 141 2056
internal_value=0.000781709 0.00521967 0.00899561 0.000301636 0.000709488 0.000293569
internal_weight=2552 248 205 2304 2248 2197
internal_count=2552 248 205 2304 2248 2197
is_linear=0
shrinkage=0.05


Tree=267
num_leaves=7
num_cat=0
split_feature=2 2 2 2 2 0
split_gain=2.37602 3.56843 2.21643 5.34838 5.15975 2.99123
threshold=0.97661800148955868 0.93838475451439896 0.89513714416086787 0.88169914242640879 0.87504933492959525 14.875000000000002
decision_type=2 2 2 2 2 2
left_child=1 2 3 4 -1 -4
right_child=-2 -3 5 -5 -6 -7
leaf_value=-0.087363145772394193 0.15923642650390663 -9.2751074603786208 -1.1847878750378873 -4.519903199400864 1.8528395204835619 2.2403303483185821
leaf_weight=1604 639 67 42 78 63 42
leaf_count=1604 639 67 42 78 63 42
internal_value=-0.000372766 -0.00126312 -0.000844678 -0.00122916 -0.000626837 0.00707491
internal_weight=2535 1896 1829 1745 1667 84
internal_count=2535 1896 1829 1745 1667 84
is_linear=0
shrinkage=0.05


Tree=268
num_leaves=7
num_cat=0
split_feature=3 3 2 2 2 1
split_gain=2.05674 4.37589 4.06728 2.71976 9.37118 8.72668
threshold=317.94588293715344 246.82400753178288 0.51232734598751739 0.7731648098385141 0.76875544897297354 487.50000000000006
decision_type=2 2 2 2 2 2
left_child=1 2 -1 4 5 -2
right_child=3 -3 -4 -5 -6 -7
leaf_value=-0.43707616934784144 0.043575976700542189 0.58348571980930142 0.11184939515523347 0.15192663317945243 -8.0536353482537013 -13.617255462857338
leaf_weight=73 789 57 234 1284 44 57
leaf_count=73 789 57 234 1284 44 57
internal_value=0.000352626 0.00383137 0.00144904 -0.00022768 -0.00235367 -0.00117598
internal_weight=2538 364 307 2174 890 846
internal_count=2538 364 307 2174 890 846
is_linear=0
shrinkage=0.05


Tree=269
num_leaves=7
num_cat=0
split_feature=2 1 3 2 2 2
split_gain=2.33099 4.64003 4.58519 4.04368 3.52294 3.17663
threshold=0.77073767491502909 22.500000000000004 2529.6356703945689 0.77565281277175002 0.79000395045535032 0.82442089572139621
decision_type=2 2 2 2 2 2
left_child=2 -2 -1 -3 -5 -6
right_child=1 3 -4 4 5 -7
leaf_value=-0.065415059136721965 1.5551560711675512 2.8977853858704026 -15.332230092587857 -1.8740264529461825 1.3406121699148434 0.029973620106510879
leaf_weight=1029 46 77 48 73 106 1172
leaf_count=1029 46 77 48 73 106 1172
internal_value=0.00033123 0.00162472 -0.00143441 0.00111687 0.000477389 0.00109146
internal_weight=2551 1474 1077 1428 1351 1278
internal_count=2551 1474 1077 1428 1351 1278
is_linear=0
shrinkage=0.05


Tree=270
num_leaves=7
num_cat=0
split_feature=2 0 2 1 2 0
split_gain=1.57881 9.79185 5.35211 9.29189 5.68655 6.06565
threshold=0.61918931472865724 17.625000000000004 0.55196201253840982 217.50000000000003 0.47785842389464012 16.625000000000004
decision_type=2 2 2 2 2 2
left_child=1 2 4 -4 5 -1
right_child=-2 -3 3 -5 -6 -7
leaf_value=-0.25352212841797023 0.04647735181273021 0.52043603063688282 -1.131957541356132 -31.322448463815078 2.5756313985740888 -3.6987624827142724
leaf_weight=206 2014 103 68 40 40 41
leaf_count=206 2014 103 68 40 40 41
internal_value=-7.76243e-05 -0.00259988 -0.00618831 -0.0156799 -0.00259491 -0.00544314
internal_weight=2512 498 395 108 287 247
internal_count=2512 498 395 108 287 247
is_linear=0
shrinkage=0.05


Tree=271
num_leaves=7
num_cat=0
split_feature=2 2 2 2 3 1
split_gain=2.08304 4.52117 2.71642 4.43665 2.56309 2.68242
threshold=0.891731912135731 0.92915068325082728 0.88169914242640879 0.87504933492959525 169.35652773373965 37.500000000000007
decision_type=2 2 2 2 2 2
left_child=2 -2 3 -1 -3 -6
right_child=1 4 -4 -5 5 -7
leaf_value=-0.12192886437297262 2.5010417955878022 0.32988581082646767 -6.2012928291513578 1.4393368488109233 0.45797431649040021 -0.129151302884942
leaf_weight=1599 67 45 65 61 40 665
leaf_count=1599 67 45 65 61 40 665
internal_value=-0.000430746 0.00164607 -0.00141731 -0.00102102 0.000526596 -0.000205645
internal_weight=2542 817 1725 1660 750 705
internal_count=2542 817 1725 1660 750 705
is_linear=0
shrinkage=0.05


Tree=272
num_leaves=7
num_cat=0
split_feature=1 2 0 2 2 2
split_gain=2.00446 2.65763 1.45973 5.83162 3.44322 2.27876
threshold=622.50000000000011 0.88849672854897099 18.375000000000004 0.61918931472865724 0.75028853370153215 0.84979839143515712
decision_type=2 2 2 2 2 2
left_child=2 -2 -1 -4 -5 -6
right_child=1 -3 3 4 5 -7
leaf_value=0.012910311318832869 -0.92896144421746973 0.013381581425828772 0.52534857735687113 -0.40812188295263357 0.69916345280246939 -0.075504034238443485
leaf_weight=2247 44 68 42 40 44 54
leaf_count=2247 44 68 42 40 44 54
internal_value=0.000332795 -0.00619982 0.000636562 0.00496946 0 0.00504587
internal_weight=2539 112 2427 180 138 98
internal_count=2539 112 2427 180 138 98
is_linear=0
shrinkage=0.05


Tree=273
num_leaves=7
num_cat=0
split_feature=2 2 2 1 0 3
split_gain=1.44179 5.70769 3.90804 2.1659 3.29141 3.11651
threshold=0.891731912135731 0.88169914242640879 0.87504933492959525 37.500000000000007 10.125000000000002 2041.766783541897
decision_type=2 2 2 2 2 2
left_child=1 2 -1 -2 5 -5
right_child=3 -3 -4 4 -6 -7
leaf_value=-0.082715180059023119 0.94340401122265782 -8.5333665648175483 1.4380784981835395 0.006799265648486142 0.14566777450208407 -6.4269135658665961
leaf_weight=1589 45 62 56 47 661 46
leaf_count=1589 45 62 56 47 661 46
internal_value=-0.000317226 -0.00113936 -0.000574433 0.00143286 0.00078902 -0.00800215
internal_weight=2506 1707 1645 799 754 93
internal_count=2506 1707 1645 799 754 93
is_linear=0
shrinkage=0.05


Tree=274
num_leaves=7
num_cat=0
split_feature=0 3 2 2 3 2
split_gain=2.32459 3.82217 3.92044 7.57849 5.1795 3.30882
threshold=16.375000000000004 1444.0881257699 0.47785842389464012 0.59991395613563936 282.27567118242388 0.74907366459256897
decision_type=2 2 2 2 2 2
left_child=-1 2 4 -4 -2 -5
right_child=1 -3 3 5 -6 -7
leaf_value=0.18925104832615036 -0.046911265705533195 -1.3649176660399087 1.6200782901656092 -0.34705812561692384 -3.4286043237375532 0.042978680927940618
leaf_weight=1619 70 42 49 164 42 521
leaf_count=1619 70 42 49 164 42 521
internal_value=0.000257269 -0.00179597 -0.00105779 0.000265631 -0.00976806 -0.00108743
internal_weight=2507 888 846 734 112 685
internal_count=2507 888 846 734 112 685
is_linear=0
shrinkage=0.05


Tree=275
num_leaves=7
num_cat=0
split_feature=0 2 1 1 2 1
split_gain=1.12477 1.27208 3.07819 4.27991 2.53835 8.28418
threshold=8.3750000000000018 0.97661800148955868 637.50000000000011 577.50000000000011 0.83663225795670282 67.500000000000014
decision_type=2 2 2 2 2 2
left_child=-1 2 3 4 -2 -6
right_child=1 -3 -4 -5 5 -7
leaf_value=-0.2727047809657388 0.10413498200085131 0.21199903167581413 -0.97847322328683972 0.30419208848457163 3.8121251035346932 -0.92775656847941557
leaf_weight=74 1252 597 41 56 64 447
leaf_count=74 1252 597 41 56 64 447
internal_value=0.000728932 0.000913679 0.000266115 0.00057446 0.00013896 -0.00282724
internal_weight=2531 2457 1860 1819 1763 511
internal_count=2531 2457 1860 1819 1763 511
is_linear=0
shrinkage=0.05


Tree=276
num_leaves=7
num_cat=0
split_feature=2 3 2 1 2 2
split_gain=2.08247 5.67773 5.42837 3.13169 4.31029 4.03145
threshold=0.77073767491502909 2529.6356703945689 0.77565281277175002 517.50000000000011 0.98984785530521391 0.79000395045535032
decision_type=2 2 2 2 2 2
left_child=1 -1 -2 5 -5 -4
right_child=2 -3 3 4 -6 -7
leaf_value=-0.060536320149516959 3.2625596619709563 -16.031644882532362 -3.0712687369896861 0.99277901100867538 0.023793461038283684 0.04217869430908508
leaf_weight=1004 81 45 64 74 135 1099
leaf_count=1004 81 45 64 74 135 1099
internal_value=0.000317733 -0.00137737 0.00154497 0.000798047 0.00643233 -0.000210644
internal_weight=2502 1049 1453 1372 209 1163
internal_count=2502 1049 1453 1372 209 1163
is_linear=0
shrinkage=0.05


Tree=277
num_leaves=7
num_cat=0
split_feature=0 3 2 1 2 2
split_gain=1.49754 5.58623 4.18869 6.92653 5.66244 7.57197
threshold=14.625000000000002 1571.5643885801585 0.74907366459256897 112.50000000000001 0.98984785530521391 0.83078866563942777
decision_type=2 2 2 2 2 2
left_child=-1 -2 -3 -4 5 -5
right_child=1 2 3 4 -6 -7
leaf_value=0.32380802746982024 0.045191922626166205 -7.2327170663237501 3.9410721774293154 0.019002860663535515 2.0658584136983507 -11.203235297962136
leaf_weight=1124 1018 57 56 62 103 111
leaf_count=1124 1018 57 56 62 103 111
internal_value=0.000412864 -0.000671594 -0.00576973 -0.00359831 -0.00686346 -0.0123917
internal_weight=2531 1407 389 332 276 173
internal_count=2531 1407 389 332 276 173
is_linear=0
shrinkage=0.05


Tree=278
num_leaves=7
num_cat=0
split_feature=0 2 2 1 0 2
split_gain=1.44151 1.59909 4.62552 3.21298 6.84442 4.93431
threshold=8.6250000000000018 0.891731912135731 0.88169914242640879 217.50000000000003 13.375000000000002 0.97661800148955868
decision_type=2 2 2 2 2 2
left_child=-1 2 -2 4 -3 -5
right_child=1 3 -4 5 -6 -7
leaf_value=-0.39614164452976941 0.048830695598313059 0.33915579611245622 -6.6401852980935816 -1.1544700769609908 2.4630792459862327 0.31514424170242389
leaf_weight=90 1628 174 65 88 69 418
leaf_count=90 1628 174 65 88 69 418
internal_value=0.000708898 0.000939765 8.56417e-05 0.00286344 0.00758947 0.000582889
internal_weight=2532 2442 1693 749 243 506
internal_count=2532 2442 1693 749 243 506
is_linear=0
shrinkage=0.05


Tree=279
num_leaves=7
num_cat=0
split_feature=0 2 2 2 0 2
split_gain=1.19146 6.47026 6.12477 5.40047 3.70651 4.15466
threshold=17.625000000000004 0.643629052046511 0.7381586670970498 0.45397537243259517 17.375000000000004 0.61918931472865724
decision_type=2 2 2 2 2 2
left_child=4 3 -3 -2 5 -1
right_child=1 2 -4 -5 -6 -7
leaf_value=-0.85541053770173225 0.040628955298583951 -0.83097475177463309 0.063338642826771971 1.3662486630807789 -0.7685082722454446 0.14984865684849424
leaf_weight=373 55 42 311 65 84 1606
leaf_count=373 55 42 311 65 84 1606
internal_value=0.000155751 0.00242021 -0.00097706 0.012448 -0.000361107 7.32656e-05
internal_weight=2536 473 353 120 2063 1979
internal_count=2536 473 353 120 2063 1979
is_linear=0
shrinkage=0.05


Tree=280
num_leaves=7
num_cat=0
split_feature=0 3 2 0 3 2
split_gain=1.29318 4.2631 6.53326 3.37656 4.19463 4.53727
threshold=14.625000000000002 2022.5910242573368 0.98984785530521391 15.875000000000002 1605.3203302987283 0.74907366459256897
decision_type=2 2 2 2 2 2
left_child=-1 3 -3 4 -2 -6
right_child=1 2 -4 -5 5 -7
leaf_value=0.32913099920446032 6.5250464653164872 -7.0143071975621005 2.6598632731154654 -0.007321682844379041 -4.0670766087648191 4.6233614314977016
leaf_weight=1113 64 122 78 1015 46 49
leaf_count=1113 64 122 78 1015 46 49
internal_value=0.000299546 -0.00072411 -0.00747126 0.0004216 0.00719673 0.000473186
internal_weight=2487 1374 200 1174 159 95
internal_count=2487 1374 200 1174 159 95
is_linear=0
shrinkage=0.05


Tree=281
num_leaves=7
num_cat=0
split_feature=0 0 3 2 2 3
split_gain=1.87009 2.51787 3.44401 3.18514 2.01134 5.61726
threshold=8.3750000000000018 15.125000000000002 2022.5910242573368 0.98984785530521391 0.74907366459256897 1431.847056046882
decision_type=2 2 2 2 2 2
left_child=-1 -2 4 -4 5 -3
right_child=1 2 3 -5 -6 -7
leaf_value=-0.3751520652421732 0.3429296305913212 -0.092986672668361345 -16.752543512621401 -3.169536098965307 0.024575398986745618 -13.033803421341364
leaf_weight=66 1180 411 50 50 696 42
leaf_count=66 1180 411 50 50 696 42
internal_value=-0.000699371 -0.000471368 -0.00203747 -0.0109391 -0.00125751 -0.00385125
internal_weight=2495 2429 1249 100 1149 453
internal_count=2495 2429 1249 100 1149 453
is_linear=0
shrinkage=0.05


Tree=282
num_leaves=7
num_cat=0
split_feature=1 2 0 0 0 0
split_gain=1.67183 3.47023 0.956824 7.17928 3.45622 2.82599
threshold=622.50000000000011 1.0732926640339071 11.625000000000002 12.125000000000002 12.625000000000002 13.375000000000002
decision_type=2 2 2 2 2 2
left_child=2 -2 -1 -4 -5 -6
right_child=1 -3 3 4 5 -7
leaf_value=-0.32401152082326878 -0.48300578739041083 0.35238978007826027 10.281147145237597 -3.3247199825767129 2.9980499559554041 -0.0080288596385404542
leaf_weight=460 66 48 90 96 164 1589
leaf_count=460 66 48 90 96 164 1589
internal_value=-0.000177072 -0.00609115 0.000102122 0.00059048 -7.84165e-05 0.000424961
internal_weight=2513 114 2399 1939 1849 1753
internal_count=2513 114 2399 1939 1849 1753
is_linear=0
shrinkage=0.05


Tree=283
num_leaves=7
num_cat=0
split_feature=1 2 2 2 3 0
split_gain=1.27466 2.93831 7.41076 5.88081 3.17268 3.9807
threshold=157.50000000000003 0.75086641606436599 0.77828479022709673 0.81094252135913447 492.25344267419933 14.375000000000002
decision_type=2 2 2 2 2 2
left_child=-1 -2 4 -4 -3 -6
right_child=1 2 3 -5 5 -7
leaf_value=0.33663809111999154 0.14103166259917543 0.023881554666368758 1.4529291710402306 -0.088516484193488773 -9.9697299420156682 -12.134986222327585
leaf_weight=822 601 41 79 872 44 92
leaf_count=822 601 41 79 872 44 92
internal_value=0.000684019 -8.38587e-05 -0.00159117 0.000152455 -0.0109825 -0.0146583
internal_weight=2551 1729 1128 951 177 136
internal_count=2551 1729 1128 951 177 136
is_linear=0
shrinkage=0.05


Tree=284
num_leaves=7
num_cat=0
split_feature=0 2 1 2 2 2
split_gain=1.77638 2.3694 2.19317 3.37354 3.73562 3.5694
threshold=8.6250000000000018 1.0732926640339071 157.50000000000003 1.0189955646399984 0.98414139977945803 0.88849672854897099
decision_type=2 2 2 2 2 2
left_child=1 -1 3 4 5 -2
right_child=2 -3 -4 -5 -6 -7
leaf_value=-1.8582207803968709 0.46829229546362472 0.092450492379354279 -0.029965264650840595 1.526568345691365 -2.6386790231308255 3.5411190111549389
leaf_weight=55 542 40 1719 49 43 80
leaf_count=55 542 40 1719 49 43 80
internal_value=-7.7133e-05 -0.00678233 0.000182894 0.00251365 0.00157119 0.0025639
internal_weight=2528 95 2433 714 665 622
internal_count=2528 95 2433 714 665 622
is_linear=0
shrinkage=0.05


Tree=285
num_leaves=7
num_cat=0
split_feature=3 2 1 2 2 2
split_gain=2.93301 2.63293 2.98066 4.51976 5.92667 5.61539
threshold=39.192230753442303 0.26549986769598238 322.50000000000006 0.61918931472865724 0.73070944575801522 0.77073767491502909
decision_type=2 2 2 2 2 2
left_child=-1 -2 -3 -4 -5 -6
right_child=1 2 3 4 5 -7
leaf_value=0.32233247387845482 -1.9915831411873239 0.13225109055556175 -3.6532993428967324 0.81267722708023804 -7.2901096482811516 -0.043219386976650669
leaf_weight=79 70 1550 140 88 80 544
leaf_count=79 70 1550 140 88 80 544
internal_value=-5.68382e-05 -0.00036204 -8.1179e-05 -0.00245863 -0.000835557 -0.00255568
internal_weight=2551 2472 2402 852 712 624
internal_count=2551 2472 2402 852 712 624
is_linear=0
shrinkage=0.05


Tree=286
num_leaves=7
num_cat=0
split_feature=0 2 2 3 2 0
split_gain=3.33486 3.23242 2.47643 2.56769 3.42405 1.50323
threshold=10.375000000000002 0.59991395613563936 1.1408991445829353 1349.6117476519123 0.87742581328134051 13.375000000000002
decision_type=2 2 2 2 2 2
left_child=1 -1 3 -3 -5 -2
right_child=5 2 -4 4 -6 -7
leaf_value=-2.0176395633567554 1.8524212346084441 -0.74585592254311028 -0.86071009041268387 -1.4847182119431666 1.3862735649520745 0.026509833201720314
leaf_weight=48 536 42 77 51 69 1733
leaf_count=48 536 42 77 51 69 1733
internal_value=0.000389265 -0.00468478 -0.00227938 0.00120296 0.0049542 0.00103345
internal_weight=2556 287 239 162 120 2269
internal_count=2556 287 239 162 120 2269
is_linear=0
shrinkage=0.05


Tree=287
num_leaves=7
num_cat=0
split_feature=1 0 2 0 3 2
split_gain=2.52976 1.72154 6.05387 4.62621 3.25262 2.70968
threshold=637.50000000000011 13.375000000000002 0.29730636157118312 12.625000000000002 3288.290418205514 0.98984785530521391
decision_type=2 2 2 2 2 2
left_child=1 3 -3 -1 5 -4
right_child=-2 2 4 -5 -6 -7
leaf_value=0.036288159860607919 -0.40780740792921349 0.83098635035532764 -0.080047314710309792 4.77638157516202 -9.9514892919686826 0.54028811320002446
leaf_weight=648 90 77 1313 168 54 192
leaf_count=648 90 77 1313 168 54 192
internal_value=0.000509421 0.000813588 -0.000119186 0.00268962 -0.000798538 -0.000362102
internal_weight=2542 2452 1636 816 1559 1505
internal_count=2542 2452 1636 816 1559 1505
is_linear=0
shrinkage=0.05


Tree=288
num_leaves=7
num_cat=0
split_feature=3 0 1 2 2 1
split_gain=1.60952 1.43198 3.45501 2.90558 3.72076 7.87889
threshold=3788.2528992066591 14.625000000000002 217.50000000000003 0.26549986769598238 0.47785842389464012 442.50000000000006
decision_type=2 2 2 2 2 2
left_child=1 2 -1 -3 5 -5
right_child=-2 3 -4 4 -6 -7
leaf_value=0.012401672324401682 -4.5724083834082991 0.75958520845967803 2.3820894521773823 0.12831541010321246 -0.0018300641183669698 -5.9577795994186777
leaf_weight=735 57 54 317 54 1231 53
leaf_count=735 57 54 317 54 1231 53
internal_value=0.000497781 0.000693507 0.0020863 -0.000355578 -0.000818324 -0.00975724
internal_weight=2501 2444 1052 1392 1338 107
internal_count=2501 2444 1052 1392 1338 107
is_linear=0
shrinkage=0.05


Tree=289
num_leaves=7
num_cat=0
split_feature=3 1 3 3 1 2
split_gain=2.37931 2.23525 1.15459 0.921803 7.81616 5.77084
threshold=3531.4530167779817 277.50000000000006 3379.6715780934851 2437.884018966517 37.500000000000007 0.7743462363466368
decision_type=2 2 2 2 2 2
left_child=2 -2 3 -1 -5 -6
right_child=1 -3 -4 4 5 -7
leaf_value=0.035682960844843591 -2.7135161694109429 -0.085032907185802753 4.5386174092360987 7.4714676464045571 -13.311170710774327 -0.58480410621767687
leaf_weight=1873 44 83 50 49 60 386
leaf_count=1873 44 83 50 49 60 386
internal_value=1.7681e-05 -0.00664831 0.000370125 0.000209028 -0.00170673 -0.0037996
internal_weight=2545 127 2418 2368 495 446
internal_count=2545 127 2418 2368 495 446
is_linear=0
shrinkage=0.05


Tree=290
num_leaves=7
num_cat=0
split_feature=0 2 3 2 2 2
split_gain=1.32595 5.43661 3.57687 3.97619 6.86331 3.23255
threshold=17.875000000000004 0.98984785530521391 74.663188603035834 0.81957999876374765 0.643629052046511 0.61918931472865724
decision_type=2 2 2 2 2 2
left_child=-1 2 5 4 -4 -2
right_child=1 -3 3 -5 -6 -7
leaf_value=-0.078515976919359437 0.29719213141368783 -0.3725322798945998 0.78234893907618785 0.61651194530711884 -0.33913134871270867 -0.30327080238969195
leaf_weight=2105 45 66 51 71 80 92
leaf_count=2105 45 66 51 71 80 92
internal_value=-3.78471e-05 0.00257961 0.00514597 0.00937655 0.00415713 -0.00105762
internal_weight=2510 405 339 202 131 137
internal_count=2510 405 339 202 131 137
is_linear=0
shrinkage=0.05


Tree=291
num_leaves=7
num_cat=0
split_feature=3 0 3 2 3 1
split_gain=1.59716 2.38313 1.91421 6.74182 4.17838 4.05849
threshold=3419.9474463806891 13.125000000000002 2795.5283883513198 0.85357391623745205 2718.7954062251524 352.50000000000006
decision_type=2 2 2 2 2 2
left_child=2 -2 4 -4 -1 -5
right_child=1 -3 3 5 -6 -7
leaf_value=0.0054083823078891593 -0.041841749697908881 -9.3909794098842045 -5.3387753238729871 0.70027011327126043 -8.4227352241964812 5.2803328368606461
leaf_weight=2062 118 50 44 181 46 40
leaf_count=2062 118 50 44 181 46 40
internal_value=-1.77089e-05 -0.00472933 0.000313935 0.00431912 -0.000187373 0.00789236
internal_weight=2541 168 2373 265 2108 221
internal_count=2541 168 2373 265 2108 221
is_linear=0
shrinkage=0.05


Tree=292
num_leaves=7
num_cat=0
split_feature=3 3 2 2 2 3
split_gain=1.69453 3.62856 6.15044 4.54701 4.98204 3.47869
threshold=3341.2768561615062 2795.5283883513198 1.0006881302082076 0.96293706714073291 0.85169345876463154 2738.6110726798324
decision_type=2 2 2 2 2 2
left_child=1 5 3 4 -3 -1
right_child=-2 2 -4 -5 -6 -7
leaf_value=0.015059780025389369 -0.78057823415204552 -3.7378417153488486 3.9904866167716833 -14.291459816060735 6.0418273877557853 -8.0015984629866583
leaf_weight=2068 194 41 76 41 86 42
leaf_count=2068 194 41 76 41 86 42
internal_value=0.000390487 0.000762499 0.00653421 0.00116002 0.00586153 9.24127e-05
internal_weight=2548 2354 244 168 127 2110
internal_count=2548 2354 244 168 127 2110
is_linear=0
shrinkage=0.05


Tree=293
num_leaves=7
num_cat=0
split_feature=1 2 3 2 1 2
split_gain=1.96606 3.31203 2.31618 2.9288 6.06104 5.20482
threshold=172.50000000000003 0.26549986769598238 3190.2043078639786 0.83820917973391051 52.500000000000007 0.66945604879509946
decision_type=2 2 2 2 2 2
left_child=1 -1 3 4 -3 -6
right_child=-2 2 -4 -5 5 -7
leaf_value=-1.3941958448518024 0.00083892117725454802 -1.7194365861799961 -2.4427961840940102 0.73411211128075982 4.5259477604627065 0.066544488487024017
leaf_weight=41 1631 145 59 282 148 221
leaf_count=41 1631 145 59 282 148 221
internal_value=0.0011258 0.00300748 0.00367793 0.00439015 0.00212994 0.0055405
internal_weight=2527 896 855 796 514 369
internal_count=2527 896 855 796 514 369
is_linear=0
shrinkage=0.05


Tree=294
num_leaves=7
num_cat=0
split_feature=0 2 0 0 2 3
split_gain=1.77115 5.23252 3.73312 3.3548 3.15602 4.98468
threshold=10.125000000000002 0.59991395613563936 13.375000000000002 13.625000000000002 0.38148662700386721 1975.5693473018612
decision_type=2 2 2 2 2 2
left_child=1 -1 4 -4 -2 -6
right_child=2 -3 3 -5 5 -7
leaf_value=-1.9328268631214571 -12.174445094921793 -0.022207362661009311 -9.002072222596075 -0.00968291627061575 12.534069087552929 1.8090598275723737
leaf_weight=43 54 210 63 1660 40 482
leaf_count=43 54 210 63 1660 40 482
internal_value=0.000233141 -0.0037337 0.000672002 -0.000490395 0.00415726 0.00535338
internal_weight=2552 253 2299 1723 576 522
internal_count=2552 253 2299 1723 576 522
is_linear=0
shrinkage=0.05


Tree=295
num_leaves=7
num_cat=0
split_feature=2 2 3 0 2 1
split_gain=2.63156 5.65321 4.37073 5.89696 10.441 4.99512
threshold=0.98414139977945803 0.98984785530521391 1166.6067700751598 14.125000000000002 1.0732926640339071 652.50000000000011
decision_type=2 2 2 2 2 2
left_child=-1 -2 5 -4 -5 -3
right_child=1 2 3 4 -6 -7
leaf_value=0.11529922479734687 -1.8379632310924827 -0.53568049610212387 -0.36368738207813184 3.3567112625515723 -0.64476365700398475 0.35121298247940341
leaf_weight=1943 46 86 269 76 76 44
leaf_count=1943 46 86 269 76 76 44
internal_value=0.00031298 -0.00258751 -0.00117039 0.00129423 0.0091716 -0.00918524
internal_weight=2540 597 551 421 152 130
internal_count=2540 597 551 421 152 130
is_linear=0
shrinkage=0.05


Tree=296
num_leaves=7
num_cat=0
split_feature=1 2 2 3 2 2
split_gain=1.78393 3.91843 6.24754 5.34421 3.05627 7.58444
threshold=157.50000000000003 0.58543092646349659 0.62767223152297946 1184.020320825862 0.81094252135913447 0.78413721969370764
decision_type=2 2 2 2 2 2
left_child=1 3 -3 -1 5 -2
right_child=4 2 -4 -5 -6 -7
leaf_value=0.10900177982705302 0.0038976617853783146 11.668810331223298 0.23224115323529118 -19.132004678031446 -0.19313722420980037 2.9000729497874391
leaf_weight=94 762 46 638 41 848 68
leaf_count=94 762 46 638 41 848 68
internal_value=0.000338393 0.00225247 0.00379331 -0.00551443 -0.000592932 0.00156005
internal_weight=2497 819 684 135 1678 830
internal_count=2497 819 684 135 1678 830
is_linear=0
shrinkage=0.05


Tree=297
num_leaves=7
num_cat=0
split_feature=0 0 2 2 2 2
split_gain=1.69265 4.47785 3.06818 3.82398 2.8319 6.67269
threshold=17.625000000000004 16.875000000000004 1.014259905377046 0.92915068325082728 0.7731648098385141 0.81957999876374765
decision_type=2 2 2 2 2 2
left_child=1 -1 3 4 -2 -6
right_child=2 -3 -4 -5 5 -7
leaf_value=0.0077628374429993046 0.17375156465407945 -0.43045725281284108 -0.22703399557476286 0.65902685407867168 -1.1362487179505647 0.23262628296540591
leaf_weight=1782 218 243 66 49 50 97
leaf_count=1782 218 243 66 49 50 97
internal_value=-0.000177638 -0.000812306 0.00248906 0.00409321 0.00231443 -0.00302515
internal_weight=2505 2025 480 414 365 147
internal_count=2505 2025 480 414 365 147
is_linear=0
shrinkage=0.05


Tree=298
num_leaves=7
num_cat=0
split_feature=1 2 2 3 1 1
split_gain=1.82804 1.65275 7.53893 3.85717 2.86461 2.77342
threshold=637.50000000000011 0.77565281277175002 0.77073767491502909 2416.9597723815764 37.500000000000007 517.50000000000011
decision_type=2 2 2 2 2 2
left_child=1 2 3 4 -1 -3
right_child=-2 5 -4 -5 -6 -7
leaf_value=-1.6361110882389938 -0.24149913121040925 -0.10312065531703229 3.253238691005111 -11.091539639099802 0.16640005771682562 0.59390320736549784
leaf_weight=67 92 1186 79 75 913 133
leaf_count=67 92 1186 79 75 913 133
internal_value=0.000449884 0.000711345 0.00211181 0.000990427 0.00183145 -0.00048897
internal_weight=2545 2453 1134 1055 980 1319
internal_count=2545 2453 1134 1055 980 1319
is_linear=0
shrinkage=0.05


Tree=299
num_leaves=7
num_cat=0
split_feature=0 1 2 2 3 2
split_gain=1.82314 2.93932 4.18992 4.91356 5.04783 3.60919
threshold=14.625000000000002 232.50000000000003 0.88849672854897099 0.7743462363466368 1946.0554674024836 1.0559328498495517
decision_type=2 2 2 2 2 2
left_child=1 -1 3 4 -3 -4
right_child=-2 2 5 -5 -6 -7
leaf_value=0.0059636232584333818 -0.03931693700558192 5.0283717848750378 -6.0913620136779958 11.65067056860169 -10.536962657144812 1.9572691893612273
leaf_weight=773 1402 57 66 62 49 113
leaf_count=773 1402 57 66 62 49 113
internal_value=0.000275564 0.00178109 0.00560357 0.0112731 0.00466541 0.000251256
internal_weight=2522 1120 347 168 106 179
internal_count=2522 1120 347 168 106 179
is_linear=0
shrinkage=0.05


end of trees

feature_importances:
kt_now=779
final_forecast_kw=426
block_hour=367
horizon_min=228

parameters:
[boosting: gbdt]
[objective: regression_l1]
[metric: l1]
[tree_learner: serial]
[device_type: cpu]
[data_sample_strategy: bagging]
[data: ]
[valid: ]
[num_iterations: 300]
[learning_rate: 0.05]
[num_leaves: 7]
[num_threads: 0]
[seed: 42]
[deterministic: 0]
[force_col_wise: 0]
[force_row_wise: 0]
[histogram_pool_size: -1]
[max_depth: -1]
[min_data_in_leaf: 40]
[min_sum_hessian_in_leaf: 0.001]
[bagging_fraction: 0.9]
[pos_bagging_fraction: 1]
[neg_bagging_fraction: 1]
[bagging_freq: 1]
[bagging_seed: 400]
[bagging_by_query: 0]
[feature_fraction: 0.9]
[feature_fraction_bynode: 1]
[feature_fraction_seed: 30056]
[extra_trees: 0]
[extra_seed: 12879]
[early_stopping_round: 0]
[early_stopping_min_delta: 0]
[first_metric_only: 0]
[max_delta_step: 0]
[lambda_l1: 0.1]
[lambda_l2: 0.1]
[linear_lambda: 0]
[min_gain_to_split: 0]
[drop_rate: 0.1]
[max_drop: 50]
[skip_drop: 0.5]
[xgboost_dart_mode: 0]
[uniform_drop: 0]
[drop_seed: 17869]
[top_rate: 0.2]
[other_rate: 0.1]
[min_data_per_group: 100]
[max_cat_threshold: 32]
[cat_l2: 10]
[cat_smooth: 10]
[max_cat_to_onehot: 4]
[top_k: 20]
[monotone_constraints: ]
[monotone_constraints_method: basic]
[monotone_penalty: 0]
[feature_contri: ]
[forcedsplits_filename: ]
[refit_decay_rate: 0.9]
[cegb_tradeoff: 1]
[cegb_penalty_split: 0]
[cegb_penalty_feature_lazy: ]
[cegb_penalty_feature_coupled: ]
[path_smooth: 0]
[interaction_constraints: ]
[verbosity: -1]
[saved_feature_importance_type: 0]
[use_quantized_grad: 0]
[num_grad_quant_bins: 4]
[quant_train_renew_leaf: 0]
[stochastic_rounding: 1]
[linear_tree: 0]
[max_bin: 255]
[max_bin_by_feature: ]
[min_data_in_bin: 3]
[bin_construct_sample_cnt: 200000]
[data_random_seed: 175]
[is_enable_sparse: 1]
[enable_bundle: 1]
[use_missing: 1]
[zero_as_missing: 0]
[feature_pre_filter: 1]
[pre_partition: 0]
[two_round: 0]
[header: 0]
[label_column: ]
[weight_column: ]
[group_column: ]
[ignore_column: ]
[categorical_feature: ]
[forcedbins_filename: ]
[precise_float_parser: 0]
[parser_config_file: ]
[objective_seed: 16083]
[num_class: 1]
[is_unbalance: 0]
[scale_pos_weight: 1]
[sigmoid: 1]
[boost_from_average: 1]
[reg_sqrt: 0]
[alpha: 0.9]
[fair_c: 1]
[poisson_max_delta_step: 0.7]
[tweedie_variance_power: 1.5]
[lambdarank_truncation_level: 30]
[lambdarank_norm: 1]
[label_gain: ]
[lambdarank_position_bias_regularization: 0]
[eval_at: ]
[multi_error_top_k: 1]
[auc_mu_weights: ]
[num_machines: 1]
[local_listen_port: 12400]
[time_out: 120]
[machine_list_filename: ]
[machines: ]
[gpu_platform_id: -1]
[gpu_device_id: -1]
[gpu_device_id_list: ]
[gpu_use_dp: 0]
[num_gpu: 1]

end of parameters

pandas_categorical:[]
